SEASON_ID,TEAM_ID,TEAM_ABBREVIATION,TEAM_NAME,GAME_ID,GAME_DATE,MATCHUP,WL,MIN,PTS,FGM,FGA,FG_PCT,FG3M,FG3A,FG3_PCT,FTM,FTA,FT_PCT,OREB,DREB,REB,AST,STL,BLK,TOV,PF,PLUS_MINUS,SEASON
22000,1610612764,WAS,Washington Wizards,0020001182,2001-04-18,WAS vs. TOR,L,240,92,35,80,0.438,6,11,0.545,16,26,0.615,8,34,42,16,5,4,15,17,-6.0,2000-01
22000,1610612764,WAS,Washington Wizards,0020001172,2001-04-17,WAS @ ATL,L,241,119,43,86,0.5,3,10,0.3,30,36,0.833,11,32,43,21,10,2,17,24,-3.0,2000-01
22000,1610612764,WAS,Washington Wizards,0020001156,2001-04-15,WAS vs. CLE,L,239,98,36,77,0.468,0,6,0.0,26,29,0.897,10,26,36,20,9,4,15,22,-8.0,2000-01
22000,1610612764,WAS,Washington Wizards,0020001140,2001-04-13,WAS vs. ORL,W,240,113,38,72,0.528,0,3,0.0,37,48,0.771,10,30,40,27,8,5,16,25,3.0,2000-01
22000,1610612764,WAS,Washington Wizards,0020001126,2001-04-11,WAS vs. CHI,L,241,109,45,71,0.634,2,6,0.333,17,23,0.739,8,25,33,27,9,4,23,16,-4.0,2000-01
22000,1610612764,WAS,Washington Wizards,0020001114,2001-04-09,WAS @ IND,L,241,78,31,87,0.356,2,7,0.286,14,19,0.737,17,27,44,18,7,4,21,27,-22.0,2000-01
22000,1610612764,WAS,Washington Wizards,0020001097,2001-04-07,WAS vs. BOS,L,240,100,36,75,0.48,2,9,0.222,26,35,0.743,13,33,46,16,9,4,17,20,-2.0,2000-01
22000,1610612764,WAS,Washington Wizards,0020001082,2001-04-05,WAS @ NYK,L,240,80,31,66,0.47,4,11,0.364,14,20,0.7,5,23,28,17,8,2,17,19,-13.0,2000-01
22000,1610612764,WAS,Washington Wizards,0020001074,2001-04-04,WAS vs. MIA,L,240,84,31,79,0.392,0,5,0.0,22,31,0.71,17,28,45,15,8,3,15,10,-2.0,2000-01
22000,1610612764,WAS,Washington Wizards,0020001048,2001-03-31,WAS vs. HOU,L,240,86,31,81,0.383,2,7,0.286,22,37,0.595,20,29,49,15,10,4,11,21,-10.0,2000-01
22000,1610612764,WAS,Washington Wizards,0020001031,2001-03-29,WAS vs. GSW,W,240,116,45,78,0.577,2,6,0.333,24,33,0.727,14,38,52,24,8,4,22,17,16.0,2000-01
22000,1610612764,WAS,Washington Wizards,0020001018,2001-03-27,WAS vs. IND,L,240,102,40,79,0.506,2,5,0.4,20,27,0.741,10,26,36,19,12,3,15,19,-8.0,2000-01
22000,1610612764,WAS,Washington Wizards,0020001001,2001-03-24,WAS @ UTA,L,240,93,33,74,0.446,2,6,0.333,25,30,0.833,12,19,31,12,6,4,19,26,-26.0,2000-01
22000,1610612764,WAS,Washington Wizards,0020000998,2001-03-23,WAS @ LAL,L,239,91,35,78,0.449,3,10,0.3,18,22,0.818,7,23,30,24,6,3,10,20,-13.0,2000-01
22000,1610612764,WAS,Washington Wizards,0020000983,2001-03-21,WAS @ GSW,W,241,99,37,78,0.474,6,8,0.75,19,26,0.731,11,28,39,19,12,2,16,18,5.0,2000-01
22000,1610612764,WAS,Washington Wizards,0020000974,2001-03-20,WAS @ PHX,L,239,91,32,65,0.492,1,3,0.333,26,42,0.619,10,32,42,21,11,3,23,23,-14.0,2000-01
22000,1610612764,WAS,Washington Wizards,0020000953,2001-03-17,WAS @ CHH,L,238,93,34,72,0.472,3,9,0.333,22,31,0.71,10,28,38,22,8,1,15,27,-2.0,2000-01
22000,1610612764,WAS,Washington Wizards,0020000942,2001-03-16,WAS vs. LAL,L,239,89,34,81,0.42,2,8,0.25,19,24,0.792,17,30,47,23,8,8,19,22,-12.0,2000-01
22000,1610612764,WAS,Washington Wizards,0020000926,2001-03-14,WAS vs. DET,W,241,103,38,72,0.528,5,9,0.556,22,29,0.759,13,40,53,23,5,6,22,28,7.0,2000-01
22000,1610612764,WAS,Washington Wizards,0020000900,2001-03-10,WAS vs. NJN,W,239,107,36,82,0.439,1,12,0.083,34,41,0.829,16,28,44,19,6,7,10,20,6.0,2000-01
22000,1610612764,WAS,Washington Wizards,0020000888,2001-03-09,WAS @ BOS,L,240,72,24,85,0.282,4,14,0.286,20,29,0.69,16,31,47,18,8,4,14,23,-32.0,2000-01
22000,1610612764,WAS,Washington Wizards,0020000880,2001-03-07,WAS @ CLE,W,240,88,33,69,0.478,2,8,0.25,20,22,0.909,11,29,40,21,7,2,18,15,5.0,2000-01
22000,1610612764,WAS,Washington Wizards,0020000854,2001-03-04,WAS vs. UTA,L,241,98,31,88,0.352,4,12,0.333,32,44,0.727,24,25,49,19,7,0,12,18,-20.0,2000-01
22000,1610612764,WAS,Washington Wizards,0020000838,2001-03-02,WAS @ PHI,L,241,102,39,81,0.481,4,9,0.444,20,21,0.952,9,31,40,21,8,2,18,30,-5.0,2000-01
22000,1610612764,WAS,Washington Wizards,0020000817,2001-02-27,WAS @ MIA,L,240,95,37,78,0.474,2,12,0.167,19,24,0.792,8,26,34,14,5,3,8,24,-8.0,2000-01
22000,1610612764,WAS,Washington Wizards,0020000802,2001-02-25,WAS @ NJN,L,240,91,31,90,0.344,4,11,0.364,25,29,0.862,21,26,47,19,7,5,13,22,-10.0,2000-01
22000,1610612764,WAS,Washington Wizards,0020000794,2001-02-24,WAS vs. TOR,L,240,99,35,82,0.427,1,7,0.143,28,33,0.848,14,29,43,21,8,3,15,19,-7.0,2000-01
22000,1610612764,WAS,Washington Wizards,0020000779,2001-02-22,WAS vs. SAC,L,242,110,41,94,0.436,7,19,0.368,21,27,0.778,20,21,41,25,7,5,9,27,-5.0,2000-01
22000,1610612764,WAS,Washington Wizards,0020000763,2001-02-20,WAS vs. VAN,L,240,104,34,83,0.41,8,22,0.364,28,31,0.903,12,25,37,26,12,4,16,30,-12.0,2000-01
22000,1610612764,WAS,Washington Wizards,0020000755,2001-02-18,WAS @ DEN,W,239,101,38,81,0.469,5,10,0.5,20,24,0.833,14,28,42,20,6,4,13,20,3.0,2000-01
22000,1610612764,WAS,Washington Wizards,0020000745,2001-02-17,WAS @ DAL,L,239,105,39,78,0.5,3,17,0.176,24,32,0.75,18,25,43,19,7,4,17,29,-7.0,2000-01
22000,1610612764,WAS,Washington Wizards,0020000732,2001-02-15,WAS @ SAS,L,239,78,31,86,0.36,2,12,0.167,14,20,0.7,16,30,46,17,4,2,10,16,-24.0,2000-01
22000,1610612764,WAS,Washington Wizards,0020000716,2001-02-13,WAS @ HOU,L,239,89,32,90,0.356,1,10,0.1,24,29,0.828,17,27,44,16,10,4,16,26,-10.0,2000-01
22000,1610612764,WAS,Washington Wizards,0020000699,2001-02-07,WAS @ ORL,L,241,98,34,77,0.442,4,8,0.5,26,32,0.813,13,24,37,17,13,5,18,26,-9.0,2000-01
22000,1610612764,WAS,Washington Wizards,0020000668,2001-02-03,WAS vs. DEN,L,240,100,42,102,0.412,8,17,0.471,8,14,0.571,21,31,52,19,6,6,7,25,-5.0,2000-01
22000,1610612764,WAS,Washington Wizards,0020000647,2001-01-31,WAS vs. ORL,L,239,96,35,85,0.412,6,19,0.316,20,25,0.8,20,28,48,18,7,11,14,24,-4.0,2000-01
22000,1610612764,WAS,Washington Wizards,0020000632,2001-01-29,WAS vs. CLE,W,239,95,33,72,0.458,3,12,0.25,26,33,0.788,10,34,44,15,11,10,17,20,6.0,2000-01
22000,1610612764,WAS,Washington Wizards,0020000618,2001-01-27,WAS vs. PHX,W,240,89,34,72,0.472,3,14,0.214,18,25,0.72,10,32,42,25,10,5,21,25,7.0,2000-01
22000,1610612764,WAS,Washington Wizards,0020000614,2001-01-26,WAS @ ATL,W,241,106,41,76,0.539,10,15,0.667,14,16,0.875,11,21,32,23,7,6,14,16,7.0,2000-01
22000,1610612764,WAS,Washington Wizards,0020000589,2001-01-23,WAS vs. CHH,W,239,97,37,72,0.514,0,3,0.0,23,31,0.742,8,30,38,18,7,7,16,23,2.0,2000-01
22000,1610612764,WAS,Washington Wizards,0020000580,2001-01-21,WAS vs. ATL,W,240,94,37,81,0.457,4,12,0.333,16,21,0.762,11,31,42,22,3,8,14,16,4.0,2000-01
22000,1610612764,WAS,Washington Wizards,0020000567,2001-01-19,WAS @ TOR,L,240,79,30,78,0.385,5,14,0.357,14,16,0.875,11,22,33,15,11,2,21,19,-22.0,2000-01
22000,1610612764,WAS,Washington Wizards,0020000551,2001-01-17,WAS @ NJN,L,240,89,34,76,0.447,4,10,0.4,17,25,0.68,11,30,41,18,1,3,18,28,-19.0,2000-01
22000,1610612764,WAS,Washington Wizards,0020000537,2001-01-15,WAS vs. MIL,L,241,95,30,77,0.39,4,21,0.19,31,33,0.939,13,29,42,19,10,9,12,22,-6.0,2000-01
22000,1610612764,WAS,Washington Wizards,0020000514,2001-01-12,WAS vs. PHI,L,242,82,35,78,0.449,5,16,0.313,7,11,0.636,11,31,42,14,7,8,16,22,-4.0,2000-01
22000,1610612764,WAS,Washington Wizards,0020000502,2001-01-10,WAS vs. SEA,L,240,101,39,87,0.448,9,22,0.409,14,21,0.667,13,31,44,25,6,2,17,26,-3.0,2000-01
22000,1610612764,WAS,Washington Wizards,0020000497,2001-01-09,WAS @ MIL,L,241,95,37,86,0.43,3,15,0.2,18,24,0.75,13,29,42,26,12,6,13,14,-4.0,2000-01
22000,1610612764,WAS,Washington Wizards,0020000480,2001-01-07,WAS @ NYK,L,241,87,37,75,0.493,6,12,0.5,7,10,0.7,8,23,31,27,5,5,20,28,-16.0,2000-01
22000,1610612764,WAS,Washington Wizards,0020000474,2001-01-06,WAS vs. DAL,L,240,85,34,95,0.358,5,11,0.455,12,12,1.0,15,29,44,18,6,1,12,21,-18.0,2000-01
22000,1610612764,WAS,Washington Wizards,0020000462,2001-01-04,WAS @ CHI,L,242,96,38,82,0.463,5,9,0.556,15,26,0.577,19,19,38,24,11,2,11,23,-2.0,2000-01
22000,1610612764,WAS,Washington Wizards,0020000442,2001-01-02,WAS vs. MIN,W,241,115,38,66,0.576,5,11,0.455,34,40,0.85,6,29,35,26,7,6,10,18,7.0,2000-01
22000,1610612764,WAS,Washington Wizards,0020000438,2000-12-31,WAS vs. DET,W,240,110,34,75,0.453,5,9,0.556,37,47,0.787,14,36,50,18,5,3,17,32,14.0,2000-01
22000,1610612764,WAS,Washington Wizards,0020000423,2000-12-29,WAS @ MIA,L,241,91,36,76,0.474,5,12,0.417,14,16,0.875,11,30,41,17,3,5,13,26,-7.0,2000-01
22000,1610612764,WAS,Washington Wizards,0020000408,2000-12-27,WAS vs. NYK,L,240,82,23,61,0.377,4,13,0.308,32,39,0.821,11,28,39,14,9,4,23,25,-7.0,2000-01
22000,1610612764,WAS,Washington Wizards,0020000395,2000-12-23,WAS @ POR,L,240,70,27,65,0.415,2,7,0.286,14,23,0.609,7,25,32,22,10,4,23,17,-17.0,2000-01
22000,1610612764,WAS,Washington Wizards,0020000382,2000-12-22,WAS @ SEA,L,239,87,29,78,0.372,3,14,0.214,26,37,0.703,13,28,41,18,6,6,13,29,-20.0,2000-01
22000,1610612764,WAS,Washington Wizards,0020000369,2000-12-20,WAS @ VAN,L,240,104,42,81,0.519,3,8,0.375,17,25,0.68,14,22,36,24,11,4,19,25,-14.0,2000-01
22000,1610612764,WAS,Washington Wizards,0020000359,2000-12-19,WAS @ SAC,L,240,72,30,82,0.366,2,5,0.4,10,23,0.435,18,41,59,14,7,4,23,20,-34.0,2000-01
22000,1610612764,WAS,Washington Wizards,0020000349,2000-12-17,WAS @ LAC,W,240,103,39,89,0.438,1,7,0.143,24,31,0.774,17,29,46,25,7,7,8,24,9.0,2000-01
22000,1610612764,WAS,Washington Wizards,0020000328,2000-12-15,WAS vs. CHH,L,242,89,35,82,0.427,4,10,0.4,15,20,0.75,11,29,40,24,6,4,17,23,-14.0,2000-01
22000,1610612764,WAS,Washington Wizards,0020000313,2000-12-13,WAS vs. PHI,L,241,82,35,88,0.398,2,12,0.167,10,16,0.625,15,32,47,28,9,6,23,35,-20.0,2000-01
22000,1610612764,WAS,Washington Wizards,0020000287,2000-12-09,WAS @ MIL,L,239,91,30,80,0.375,2,6,0.333,29,35,0.829,12,31,43,24,6,3,17,27,-8.0,2000-01
22000,1610612764,WAS,Washington Wizards,0020000272,2000-12-07,WAS @ MIN,L,240,88,37,83,0.446,2,10,0.2,12,13,0.923,6,23,29,25,7,4,18,17,-17.0,2000-01
22000,1610612764,WAS,Washington Wizards,0020000262,2000-12-06,WAS vs. LAC,L,240,88,32,73,0.438,2,8,0.25,22,27,0.815,11,34,45,21,7,4,21,28,-5.0,2000-01
22000,1610612764,WAS,Washington Wizards,0020000243,2000-12-03,WAS @ DET,L,240,87,33,81,0.407,2,13,0.154,19,24,0.792,13,31,44,20,7,8,17,28,-6.0,2000-01
22000,1610612764,WAS,Washington Wizards,0020000235,2000-12-02,WAS vs. MIA,L,240,90,32,74,0.432,3,8,0.375,23,28,0.821,13,29,42,22,4,7,11,26,-3.0,2000-01
22000,1610612764,WAS,Washington Wizards,0020000209,2000-11-29,WAS @ PHI,L,240,87,37,83,0.446,3,13,0.231,10,16,0.625,14,33,47,23,9,1,23,29,-6.0,2000-01
22000,1610612764,WAS,Washington Wizards,0020000200,2000-11-28,WAS vs. ATL,L,239,75,27,82,0.329,2,8,0.25,19,22,0.864,10,28,38,14,13,6,15,26,-27.0,2000-01
22000,1610612764,WAS,Washington Wizards,0020000183,2000-11-25,WAS vs. MIL,W,240,107,35,82,0.427,3,11,0.273,34,40,0.85,16,30,46,22,6,7,17,25,7.0,2000-01
22000,1610612764,WAS,Washington Wizards,0020000175,2000-11-24,WAS @ IND,L,240,87,31,82,0.378,2,17,0.118,23,32,0.719,12,30,42,18,9,1,14,23,-12.0,2000-01
22000,1610612764,WAS,Washington Wizards,0020000153,2000-11-21,WAS vs. POR,L,240,94,35,78,0.449,2,8,0.25,22,26,0.846,11,22,33,13,8,5,14,27,-10.0,2000-01
22000,1610612764,WAS,Washington Wizards,0020000135,2000-11-18,WAS vs. BOS,W,242,109,42,77,0.545,5,11,0.455,20,23,0.87,5,34,39,26,14,9,13,22,20.0,2000-01
22000,1610612764,WAS,Washington Wizards,0020000119,2000-11-16,WAS vs. SAS,L,240,95,36,83,0.434,6,9,0.667,17,19,0.895,10,32,42,19,7,6,15,26,-4.0,2000-01
22000,1610612764,WAS,Washington Wizards,0020000111,2000-11-15,WAS @ BOS,L,240,109,40,78,0.513,7,14,0.5,22,35,0.629,9,27,36,23,8,4,12,25,-7.0,2000-01
22000,1610612764,WAS,Washington Wizards,0020000089,2000-11-11,WAS @ CLE,L,240,73,26,65,0.4,1,4,0.25,20,29,0.69,12,29,41,14,5,5,25,26,-13.0,2000-01
22000,1610612764,WAS,Washington Wizards,0020000080,2000-11-10,WAS vs. IND,L,239,74,27,65,0.415,0,6,0.0,20,28,0.714,5,32,37,16,5,12,22,25,-12.0,2000-01
22000,1610612764,WAS,Washington Wizards,0020000063,2000-11-08,WAS vs. NJN,L,242,86,31,71,0.437,4,10,0.4,20,32,0.625,9,29,38,18,10,5,23,24,-16.0,2000-01
22000,1610612764,WAS,Washington Wizards,0020000056,2000-11-07,WAS @ CHI,W,239,88,26,83,0.313,1,8,0.125,35,52,0.673,22,33,55,15,9,10,9,28,5.0,2000-01
22000,1610612764,WAS,Washington Wizards,0020000037,2000-11-04,WAS @ TOR,L,239,96,39,87,0.448,3,7,0.429,15,27,0.556,10,27,37,23,6,5,11,32,-7.0,2000-01
22000,1610612764,WAS,Washington Wizards,0020000029,2000-11-03,WAS vs. NYK,L,240,76,30,77,0.39,2,10,0.2,14,19,0.737,9,34,43,20,5,7,13,21,-4.0,2000-01
22000,1610612764,WAS,Washington Wizards,0020000017,2000-11-01,WAS @ CHH,W,239,95,33,65,0.508,4,8,0.5,25,28,0.893,4,32,36,24,5,5,18,28,18.0,2000-01
22000,1610612764,WAS,Washington Wizards,0020000003,2000-10-31,WAS @ ORL,L,241,86,33,72,0.458,4,7,0.571,16,24,0.667,9,35,44,20,6,1,26,28,-11.0,2000-01
22001,1610612764,WAS,Washington Wizards,0020101165,2002-04-16,WAS vs. NYK,W,239,116,44,88,0.5,4,12,0.333,24,33,0.727,17,31,48,28,5,4,10,21,4.0,2001-02
22001,1610612764,WAS,Washington Wizards,0020101155,2002-04-14,WAS vs. IND,L,239,80,32,79,0.405,2,6,0.333,14,20,0.7,15,26,41,14,11,4,13,21,-6.0,2001-02
22001,1610612764,WAS,Washington Wizards,0020101137,2002-04-12,WAS @ PHI,L,239,91,33,72,0.458,3,6,0.5,22,26,0.846,9,24,33,20,10,5,15,21,-9.0,2001-02
22001,1610612764,WAS,Washington Wizards,0020101124,2002-04-10,WAS vs. PHI,W,242,90,32,75,0.427,3,8,0.375,23,32,0.719,16,32,48,18,6,12,12,24,13.0,2001-02
22001,1610612764,WAS,Washington Wizards,0020101115,2002-04-09,WAS @ NJN,L,240,88,30,71,0.423,5,8,0.625,23,34,0.676,11,27,38,11,9,8,18,24,-13.0,2001-02
22001,1610612764,WAS,Washington Wizards,0020101094,2002-04-06,WAS vs. MEM,W,241,88,36,95,0.379,2,9,0.222,14,20,0.7,19,39,58,24,9,2,8,25,3.0,2001-02
22001,1610612764,WAS,Washington Wizards,0020101087,2002-04-05,WAS @ CHH,L,241,91,35,80,0.438,4,8,0.5,17,34,0.5,16,23,39,16,11,0,17,28,-6.0,2001-02
22001,1610612764,WAS,Washington Wizards,0020101072,2002-04-03,WAS @ MIL,L,239,90,35,73,0.479,3,5,0.6,17,26,0.654,13,24,37,21,4,1,17,23,-15.0,2001-02
22001,1610612764,WAS,Washington Wizards,0020101057,2002-04-02,WAS vs. LAL,L,239,93,37,82,0.451,3,12,0.25,16,22,0.727,9,26,35,20,10,4,13,24,-20.0,2001-02
22001,1610612764,WAS,Washington Wizards,0020101051,2002-03-31,WAS vs. DAL,L,241,103,43,89,0.483,4,9,0.444,13,13,1.0,12,26,38,27,6,3,8,21,-7.0,2001-02
22001,1610612764,WAS,Washington Wizards,0020101031,2002-03-29,WAS vs. MIL,W,239,107,43,89,0.483,0,6,0.0,21,29,0.724,13,29,42,28,8,2,9,21,9.0,2001-02
22001,1610612764,WAS,Washington Wizards,0020101008,2002-03-26,WAS vs. DEN,W,239,103,40,84,0.476,3,8,0.375,20,26,0.769,12,28,40,26,10,7,14,26,16.0,2001-02
22001,1610612764,WAS,Washington Wizards,0020100998,2002-03-24,WAS @ TOR,L,243,91,36,81,0.444,3,10,0.3,16,17,0.941,12,27,39,17,13,5,18,21,-1.0,2001-02
22001,1610612764,WAS,Washington Wizards,0020100975,2002-03-21,WAS @ UTA,L,241,79,26,77,0.338,4,11,0.364,23,32,0.719,16,31,47,15,6,4,13,28,-15.0,2001-02
22001,1610612764,WAS,Washington Wizards,0020100971,2002-03-20,WAS @ DEN,W,240,107,39,87,0.448,5,10,0.5,24,25,0.96,10,31,41,32,11,5,9,22,32.0,2001-02
22001,1610612764,WAS,Washington Wizards,0020100955,2002-03-18,WAS @ GSW,W,239,99,37,79,0.468,3,9,0.333,22,29,0.759,14,24,38,25,11,3,7,27,3.0,2001-02
22001,1610612764,WAS,Washington Wizards,0020100941,2002-03-16,WAS @ POR,L,240,80,29,66,0.439,3,5,0.6,19,24,0.792,7,17,24,17,11,3,19,21,-15.0,2001-02
22001,1610612764,WAS,Washington Wizards,0020100933,2002-03-15,WAS @ SEA,W,240,103,40,86,0.465,7,13,0.538,16,19,0.842,16,25,41,21,5,4,10,28,5.0,2001-02
22001,1610612764,WAS,Washington Wizards,0020100921,2002-03-13,WAS @ LAC,L,239,75,33,78,0.423,0,5,0.0,9,13,0.692,10,23,33,15,3,7,11,25,-21.0,2001-02
22001,1610612764,WAS,Washington Wizards,0020100900,2002-03-11,WAS vs. BOS,L,241,99,37,73,0.507,3,7,0.429,22,31,0.71,13,25,38,23,8,6,21,23,-5.0,2001-02
22001,1610612764,WAS,Washington Wizards,0020100893,2002-03-10,WAS @ BOS,L,241,91,33,74,0.446,3,7,0.429,22,30,0.733,11,33,44,22,6,3,18,29,-7.0,2001-02
22001,1610612764,WAS,Washington Wizards,0020100877,2002-03-08,WAS @ ORL,L,241,96,38,82,0.463,1,4,0.25,19,21,0.905,11,36,47,27,4,2,14,23,-3.0,2001-02
22001,1610612764,WAS,Washington Wizards,0020100869,2002-03-07,WAS vs. DET,L,240,92,37,80,0.463,4,7,0.571,14,19,0.737,15,22,37,26,4,4,12,21,-3.0,2001-02
22001,1610612764,WAS,Washington Wizards,0020100852,2002-03-05,WAS vs. CHI,W,240,115,45,79,0.57,3,6,0.5,22,31,0.71,11,36,47,27,6,1,9,21,25.0,2001-02
22001,1610612764,WAS,Washington Wizards,0020100840,2002-03-03,WAS vs. ORL,W,263,107,44,88,0.5,3,7,0.429,16,20,0.8,13,33,46,28,5,4,13,25,5.0,2001-02
22001,1610612764,WAS,Washington Wizards,0020100828,2002-03-01,WAS @ CHI,L,240,81,30,82,0.366,1,7,0.143,20,23,0.87,12,28,40,22,11,6,13,22,-9.0,2001-02
22001,1610612764,WAS,Washington Wizards,0020100811,2002-02-27,WAS vs. POR,L,240,101,41,84,0.488,6,15,0.4,13,16,0.813,8,29,37,31,6,7,14,23,-4.0,2001-02
22001,1610612764,WAS,Washington Wizards,0020100795,2002-02-24,WAS @ MIA,L,240,80,35,80,0.438,6,13,0.462,4,8,0.5,11,25,36,17,10,4,15,20,-12.0,2001-02
22001,1610612764,WAS,Washington Wizards,0020100784,2002-02-23,WAS vs. MIA,L,241,95,38,78,0.487,3,9,0.333,16,22,0.727,11,27,38,21,5,9,11,18,-2.0,2001-02
22001,1610612764,WAS,Washington Wizards,0020100767,2002-02-21,WAS vs. NJN,L,240,82,33,79,0.418,4,10,0.4,12,13,0.923,12,29,41,16,9,2,15,18,-11.0,2001-02
22001,1610612764,WAS,Washington Wizards,0020100761,2002-02-20,WAS @ DET,L,240,90,32,81,0.395,7,18,0.389,19,25,0.76,15,29,44,20,3,3,8,31,-7.0,2001-02
22001,1610612764,WAS,Washington Wizards,0020100746,2002-02-18,WAS vs. HOU,L,238,89,37,88,0.42,2,13,0.154,13,15,0.867,14,24,38,23,4,6,5,16,-13.0,2001-02
22001,1610612764,WAS,Washington Wizards,0020100728,2002-02-15,WAS @ PHX,W,240,97,39,80,0.488,2,5,0.4,17,22,0.773,8,33,41,22,6,7,13,22,1.0,2001-02
22001,1610612764,WAS,Washington Wizards,0020100719,2002-02-14,WAS @ SAC,L,238,93,37,86,0.43,4,8,0.5,15,20,0.75,7,36,43,24,6,2,12,20,-16.0,2001-02
22001,1610612764,WAS,Washington Wizards,0020100707,2002-02-12,WAS @ LAL,L,240,94,33,77,0.429,5,16,0.313,23,27,0.852,8,29,37,20,3,3,9,18,-9.0,2001-02
22001,1610612764,WAS,Washington Wizards,0020100692,2002-02-07,WAS vs. SAC,W,240,108,47,98,0.48,4,12,0.333,10,13,0.769,17,34,51,29,4,5,9,25,7.0,2001-02
22001,1610612764,WAS,Washington Wizards,0020100676,2002-02-05,WAS vs. TOR,W,239,99,39,86,0.453,4,5,0.8,17,22,0.773,22,28,50,19,5,3,6,16,5.0,2001-02
22001,1610612764,WAS,Washington Wizards,0020100664,2002-02-03,WAS vs. IND,W,240,109,44,84,0.524,6,8,0.75,15,20,0.75,16,27,43,23,2,5,7,22,20.0,2001-02
22001,1610612764,WAS,Washington Wizards,0020100648,2002-02-01,WAS vs. ATL,W,240,97,37,82,0.451,1,8,0.125,22,28,0.786,13,27,40,21,13,7,5,14,7.0,2001-02
22001,1610612764,WAS,Washington Wizards,0020100642,2002-01-31,WAS @ CLE,W,240,93,38,77,0.494,4,8,0.5,13,19,0.684,12,26,38,26,4,3,15,17,1.0,2001-02
22001,1610612764,WAS,Washington Wizards,0020100625,2002-01-29,WAS vs. DET,L,239,86,34,80,0.425,2,8,0.25,16,22,0.727,15,30,45,17,8,3,11,17,-3.0,2001-02
22001,1610612764,WAS,Washington Wizards,0020100614,2002-01-26,WAS vs. PHX,W,239,112,39,76,0.513,1,6,0.167,33,42,0.786,14,28,42,24,11,4,14,28,10.0,2001-02
22001,1610612764,WAS,Washington Wizards,0020100597,2002-01-24,WAS vs. CLE,W,241,94,38,84,0.452,4,11,0.364,14,20,0.7,14,28,42,24,4,3,9,19,9.0,2001-02
22001,1610612764,WAS,Washington Wizards,0020100582,2002-01-22,WAS vs. PHI,L,241,84,33,78,0.423,7,17,0.412,11,14,0.786,15,23,38,19,13,8,19,20,-7.0,2001-02
22001,1610612764,WAS,Washington Wizards,0020100577,2002-01-21,WAS @ MIN,L,240,101,38,88,0.432,7,15,0.467,18,22,0.818,16,23,39,21,2,1,8,21,-4.0,2001-02
22001,1610612764,WAS,Washington Wizards,0020100564,2002-01-19,WAS @ CHI,W,239,77,24,65,0.369,4,10,0.4,25,34,0.735,15,34,49,16,10,6,22,25,8.0,2001-02
22001,1610612764,WAS,Washington Wizards,0020100537,2002-01-16,WAS @ NJN,L,240,67,27,90,0.3,3,8,0.375,10,14,0.714,21,28,49,9,7,5,18,17,-44.0,2001-02
22001,1610612764,WAS,Washington Wizards,0020100527,2002-01-15,WAS vs. SAS,L,239,91,31,81,0.383,5,14,0.357,24,33,0.727,21,31,52,13,7,3,13,23,-5.0,2001-02
22001,1610612764,WAS,Washington Wizards,0020100509,2002-01-12,WAS vs. MIN,L,240,100,37,87,0.425,5,15,0.333,21,28,0.75,17,26,43,17,6,3,9,18,-8.0,2001-02
22001,1610612764,WAS,Washington Wizards,0020100507,2002-01-11,WAS @ MIL,L,240,86,33,86,0.384,8,18,0.444,12,22,0.545,19,25,44,22,7,6,12,14,-19.0,2001-02
22001,1610612764,WAS,Washington Wizards,0020100479,2002-01-08,WAS vs. LAC,W,240,96,38,79,0.481,5,12,0.417,15,18,0.833,9,32,41,22,2,2,13,17,8.0,2001-02
22001,1610612764,WAS,Washington Wizards,0020100447,2002-01-04,WAS vs. CHI,W,240,89,32,73,0.438,5,14,0.357,20,27,0.741,8,38,46,22,5,6,11,20,6.0,2001-02
22001,1610612764,WAS,Washington Wizards,0020100432,2001-12-31,WAS vs. NJN,W,234,98,37,88,0.42,7,17,0.412,17,19,0.895,20,42,62,17,3,3,13,19,22.0,2001-02
22001,1610612764,WAS,Washington Wizards,0020100416,2001-12-29,WAS vs. CHH,W,240,107,42,82,0.512,6,12,0.5,17,19,0.895,12,34,46,23,6,4,9,24,17.0,2001-02
22001,1610612764,WAS,Washington Wizards,0020100400,2001-12-27,WAS @ IND,L,240,81,31,83,0.373,6,13,0.462,13,22,0.591,15,33,48,14,3,4,13,20,-27.0,2001-02
22001,1610612764,WAS,Washington Wizards,0020100388,2001-12-26,WAS @ CHH,L,241,93,35,78,0.449,9,20,0.45,14,17,0.824,4,18,22,26,10,1,9,23,-6.0,2001-02
22001,1610612764,WAS,Washington Wizards,0020100372,2001-12-22,WAS @ NYK,W,240,87,28,75,0.373,5,13,0.385,26,32,0.813,10,24,34,14,13,4,10,20,1.0,2001-02
22001,1610612764,WAS,Washington Wizards,0020100364,2001-12-21,WAS @ ORL,W,240,93,36,79,0.456,7,15,0.467,14,20,0.7,17,32,49,25,5,5,13,19,18.0,2001-02
22001,1610612764,WAS,Washington Wizards,0020100350,2001-12-19,WAS vs. ATL,W,239,103,45,82,0.549,3,7,0.429,10,16,0.625,14,35,49,34,8,9,12,18,27.0,2001-02
22001,1610612764,WAS,Washington Wizards,0020100331,2001-12-16,WAS @ TOR,W,240,93,32,80,0.4,5,8,0.625,24,31,0.774,15,30,45,18,10,3,13,18,5.0,2001-02
22001,1610612764,WAS,Washington Wizards,0020100314,2001-12-14,WAS vs. NYK,W,239,96,38,82,0.463,5,10,0.5,15,21,0.714,12,37,49,27,6,10,10,28,16.0,2001-02
22001,1610612764,WAS,Washington Wizards,0020100302,2001-12-12,WAS vs. MIA,W,239,82,33,71,0.465,2,5,0.4,14,19,0.737,10,25,35,20,8,5,13,17,2.0,2001-02
22001,1610612764,WAS,Washington Wizards,0020100295,2001-12-11,WAS @ MEM,W,240,91,39,83,0.47,1,5,0.2,12,17,0.706,8,39,47,26,8,6,11,15,10.0,2001-02
22001,1610612764,WAS,Washington Wizards,0020100282,2001-12-08,WAS @ DAL,W,240,102,38,73,0.521,2,6,0.333,24,33,0.727,14,33,47,20,9,2,15,20,7.0,2001-02
22001,1610612764,WAS,Washington Wizards,0020100262,2001-12-06,WAS @ HOU,W,240,85,38,85,0.447,1,6,0.167,8,11,0.727,14,32,46,17,2,8,10,22,3.0,2001-02
22001,1610612764,WAS,Washington Wizards,0020100251,2001-12-04,WAS @ SAS,L,240,88,35,76,0.461,2,6,0.333,16,19,0.842,6,32,38,17,5,7,12,22,-15.0,2001-02
22001,1610612764,WAS,Washington Wizards,0020100228,2001-12-01,WAS vs. ORL,L,240,87,32,85,0.376,1,4,0.25,22,28,0.786,17,30,47,15,5,6,13,21,-9.0,2001-02
22001,1610612764,WAS,Washington Wizards,0020100218,2001-11-30,WAS @ MIA,W,240,84,33,74,0.446,5,10,0.5,13,17,0.765,10,35,45,13,4,4,10,17,9.0,2001-02
22001,1610612764,WAS,Washington Wizards,0020100207,2001-11-28,WAS @ PHI,W,239,94,37,82,0.451,4,9,0.444,16,18,0.889,9,27,36,24,12,4,10,26,7.0,2001-02
22001,1610612764,WAS,Washington Wizards,0020100197,2001-11-27,WAS @ CLE,L,240,75,30,89,0.337,2,9,0.222,13,17,0.765,14,25,39,20,6,2,9,13,-19.0,2001-02
22001,1610612764,WAS,Washington Wizards,0020100180,2001-11-24,WAS vs. BOS,W,266,88,36,90,0.4,0,8,0.0,16,16,1.0,10,44,54,27,7,5,16,20,4.0,2001-02
22001,1610612764,WAS,Washington Wizards,0020100165,2001-11-22,WAS @ IND,L,240,103,43,100,0.43,7,14,0.5,10,14,0.714,17,30,47,27,6,3,9,20,-7.0,2001-02
22001,1610612764,WAS,Washington Wizards,0020100146,2001-11-20,WAS vs. CHH,L,240,88,33,77,0.429,5,9,0.556,17,19,0.895,12,29,41,19,4,2,17,23,-7.0,2001-02
22001,1610612764,WAS,Washington Wizards,0020100122,2001-11-16,WAS vs. UTA,L,240,92,32,89,0.36,4,9,0.444,24,28,0.857,20,22,42,15,8,5,7,25,-9.0,2001-02
22001,1610612764,WAS,Washington Wizards,0020100110,2001-11-14,WAS vs. MIL,L,237,98,38,77,0.494,1,5,0.2,21,24,0.875,10,26,36,21,5,2,14,27,-9.0,2001-02
22001,1610612764,WAS,Washington Wizards,0020100094,2001-11-11,WAS vs. SEA,L,241,84,29,78,0.372,3,8,0.375,23,30,0.767,14,30,44,15,6,7,17,20,-15.0,2001-02
22001,1610612764,WAS,Washington Wizards,0020100078,2001-11-09,WAS vs. GSW,L,241,100,34,79,0.43,1,9,0.111,31,39,0.795,7,20,27,19,9,1,13,26,-9.0,2001-02
22001,1610612764,WAS,Washington Wizards,0020100063,2001-11-07,WAS @ BOS,L,241,95,37,78,0.474,3,12,0.25,18,20,0.9,9,29,38,18,5,2,11,20,-9.0,2001-02
22001,1610612764,WAS,Washington Wizards,0020100047,2001-11-04,WAS @ DET,L,241,78,34,89,0.382,2,7,0.286,8,9,0.889,8,37,45,16,4,3,9,19,-22.0,2001-02
22001,1610612764,WAS,Washington Wizards,0020100034,2001-11-03,WAS vs. PHI,W,242,90,30,74,0.405,3,6,0.5,27,34,0.794,11,29,40,17,11,6,9,19,14.0,2001-02
22001,1610612764,WAS,Washington Wizards,0020100018,2001-11-01,WAS @ ATL,W,239,98,39,88,0.443,4,10,0.4,16,24,0.667,16,29,45,20,6,2,14,21,10.0,2001-02
22001,1610612764,WAS,Washington Wizards,0020100002,2001-10-30,WAS @ NYK,L,241,91,36,82,0.439,6,13,0.462,13,18,0.722,9,30,39,23,11,4,14,27,-2.0,2001-02
22002,1610612764,WAS,Washington Wizards,0020201178,2003-04-16,WAS @ PHI,L,239,87,34,79,0.43,3,10,0.3,16,19,0.842,15,27,42,22,5,3,18,28,-20.0,2002-03
22002,1610612764,WAS,Washington Wizards,0020201164,2003-04-14,WAS vs. NYK,L,241,79,32,80,0.4,5,11,0.455,10,13,0.769,9,30,39,21,6,2,12,12,-14.0,2002-03
22002,1610612764,WAS,Washington Wizards,0020201150,2003-04-12,WAS vs. ATL,L,240,100,41,92,0.446,0,5,0.0,18,23,0.783,16,32,48,27,8,5,6,14,-1.0,2002-03
22002,1610612764,WAS,Washington Wizards,0020201140,2003-04-11,WAS @ MIA,W,241,91,38,82,0.463,1,5,0.2,14,19,0.737,11,26,37,19,8,2,11,14,4.0,2002-03
22002,1610612764,WAS,Washington Wizards,0020201125,2003-04-09,WAS vs. BOS,L,241,83,30,71,0.423,4,13,0.308,19,21,0.905,9,34,43,18,7,3,10,20,-4.0,2002-03
22002,1610612764,WAS,Washington Wizards,0020201115,2003-04-08,WAS @ CLE,W,241,100,35,80,0.438,3,9,0.333,27,28,0.964,11,24,35,25,12,3,12,17,9.0,2002-03
22002,1610612764,WAS,Washington Wizards,0020201104,2003-04-06,WAS @ BOS,W,265,99,41,87,0.471,3,5,0.6,14,16,0.875,13,35,48,27,10,0,13,19,1.0,2002-03
22002,1610612764,WAS,Washington Wizards,0020201085,2003-04-03,WAS @ ATL,L,240,89,38,87,0.437,1,8,0.125,12,15,0.8,14,27,41,18,9,5,12,20,-2.0,2002-03
22002,1610612764,WAS,Washington Wizards,0020201079,2003-04-02,WAS vs. SAC,L,240,99,37,82,0.451,2,6,0.333,23,31,0.742,9,30,39,24,5,3,12,18,-6.0,2002-03
22002,1610612764,WAS,Washington Wizards,0020201060,2003-03-30,WAS @ DEN,L,241,72,26,75,0.347,1,10,0.1,19,25,0.76,14,25,39,13,7,2,13,15,-16.0,2002-03
22002,1610612764,WAS,Washington Wizards,0020201046,2003-03-28,WAS @ LAL,L,240,94,39,87,0.448,3,9,0.333,13,17,0.765,10,24,34,21,5,5,9,23,-14.0,2002-03
22002,1610612764,WAS,Washington Wizards,0020201032,2003-03-26,WAS @ SEA,W,241,80,31,74,0.419,4,10,0.4,14,20,0.7,12,29,41,19,5,7,11,16,6.0,2002-03
22002,1610612764,WAS,Washington Wizards,0020201020,2003-03-25,WAS @ POR,W,241,95,41,80,0.513,3,7,0.429,10,12,0.833,10,26,36,25,8,7,8,20,4.0,2002-03
22002,1610612764,WAS,Washington Wizards,0020201008,2003-03-23,WAS @ GSW,L,240,107,46,95,0.484,3,8,0.375,12,16,0.75,17,30,47,26,10,6,12,21,-6.0,2002-03
22002,1610612764,WAS,Washington Wizards,0020200991,2003-03-21,WAS @ PHX,L,240,83,32,79,0.405,3,13,0.231,16,23,0.696,10,22,32,20,11,4,14,12,-26.0,2002-03
22002,1610612764,WAS,Washington Wizards,0020200962,2003-03-18,WAS vs. DET,L,265,90,37,89,0.416,1,7,0.143,15,17,0.882,13,34,47,20,6,3,10,16,-4.0,2002-03
22002,1610612764,WAS,Washington Wizards,0020200943,2003-03-15,WAS vs. MIA,W,239,89,31,73,0.425,2,9,0.222,25,33,0.758,10,31,41,14,11,9,8,16,7.0,2002-03
22002,1610612764,WAS,Washington Wizards,0020200937,2003-03-14,WAS @ DET,L,240,80,31,79,0.392,0,4,0.0,18,25,0.72,10,25,35,16,10,4,10,22,-10.0,2002-03
22002,1610612764,WAS,Washington Wizards,0020200912,2003-03-11,WAS vs. ORL,W,240,106,38,72,0.528,0,2,0.0,30,32,0.938,7,25,32,27,9,2,16,15,1.0,2002-03
22002,1610612764,WAS,Washington Wizards,0020200900,2003-03-09,WAS @ NYK,L,241,96,33,74,0.446,1,8,0.125,29,39,0.744,14,29,43,14,9,3,11,23,-1.0,2002-03
22002,1610612764,WAS,Washington Wizards,0020200884,2003-03-07,WAS vs. MIL,L,241,82,29,71,0.408,3,8,0.375,21,27,0.778,7,34,41,23,8,5,16,17,-3.0,2002-03
22002,1610612764,WAS,Washington Wizards,0020200872,2003-03-05,WAS vs. LAC,W,239,99,33,74,0.446,0,2,0.0,33,40,0.825,16,36,52,19,6,2,16,20,19.0,2002-03
22002,1610612764,WAS,Washington Wizards,0020200758,2003-03-04,WAS vs. TOR,L,240,86,30,72,0.417,0,11,0.0,26,30,0.867,12,31,43,16,7,6,18,17,-3.0,2002-03
22002,1610612764,WAS,Washington Wizards,0020200856,2003-03-02,WAS @ MIA,L,239,83,28,76,0.368,4,13,0.308,23,25,0.92,12,27,39,15,6,3,10,21,-10.0,2002-03
22002,1610612764,WAS,Washington Wizards,0020200845,2003-03-01,WAS vs. CHI,W,239,101,32,70,0.457,5,12,0.417,32,42,0.762,9,32,41,19,9,5,13,18,8.0,2002-03
22002,1610612764,WAS,Washington Wizards,0020200831,2003-02-27,WAS vs. HOU,W,266,100,43,73,0.589,2,6,0.333,12,17,0.706,4,32,36,23,3,7,16,26,2.0,2002-03
22002,1610612764,WAS,Washington Wizards,0020200815,2003-02-25,WAS @ IND,W,241,83,32,79,0.405,4,12,0.333,15,24,0.625,14,29,43,19,4,6,3,18,5.0,2002-03
22002,1610612764,WAS,Washington Wizards,0020200800,2003-02-23,WAS vs. DAL,L,264,101,40,90,0.444,7,25,0.28,14,18,0.778,10,28,38,21,11,5,9,21,-5.0,2002-03
22002,1610612764,WAS,Washington Wizards,0020200783,2003-02-21,WAS vs. NJN,W,241,89,33,71,0.465,3,11,0.273,20,26,0.769,10,33,43,12,6,6,10,24,3.0,2002-03
22002,1610612764,WAS,Washington Wizards,0020200772,2003-02-19,WAS @ NOH,L,240,75,29,76,0.382,0,9,0.0,17,26,0.654,10,25,35,16,7,4,10,15,-12.0,2002-03
22002,1610612764,WAS,Washington Wizards,0020200740,2003-02-14,WAS @ UTA,L,241,77,26,72,0.361,2,7,0.286,23,26,0.885,12,21,33,11,8,7,13,24,-32.0,2002-03
22002,1610612764,WAS,Washington Wizards,0020200729,2003-02-12,WAS @ LAC,W,241,108,39,79,0.494,9,13,0.692,21,29,0.724,12,29,41,23,7,7,10,22,4.0,2002-03
22002,1610612764,WAS,Washington Wizards,0020200716,2003-02-11,WAS @ SAC,L,240,80,29,97,0.299,2,6,0.333,20,25,0.8,16,35,51,15,4,4,8,16,-19.0,2002-03
22002,1610612764,WAS,Washington Wizards,0020200689,2003-02-04,WAS vs. CLE,W,241,93,36,81,0.444,6,12,0.5,15,20,0.75,9,27,36,23,11,7,10,16,9.0,2002-03
22002,1610612764,WAS,Washington Wizards,0020200668,2003-02-01,WAS vs. NOH,W,239,109,41,84,0.488,4,11,0.364,23,28,0.821,10,20,30,20,13,2,10,24,5.0,2002-03
22002,1610612764,WAS,Washington Wizards,0020200654,2003-01-30,WAS @ MIL,L,241,90,36,82,0.439,3,11,0.273,15,24,0.625,17,29,46,21,6,1,12,21,-7.0,2002-03
22002,1610612764,WAS,Washington Wizards,0020200646,2003-01-29,WAS @ NJN,L,239,78,29,77,0.377,3,12,0.25,17,19,0.895,7,35,42,18,1,5,12,18,-8.0,2002-03
22002,1610612764,WAS,Washington Wizards,0020200630,2003-01-27,WAS vs. PHX,W,241,98,37,78,0.474,2,11,0.182,22,27,0.815,6,30,36,21,11,5,12,22,5.0,2002-03
22002,1610612764,WAS,Washington Wizards,0020200618,2003-01-25,WAS vs. MIN,L,240,89,35,78,0.449,4,11,0.364,15,20,0.75,11,23,34,16,7,3,14,15,-8.0,2002-03
22002,1610612764,WAS,Washington Wizards,0020200613,2003-01-24,WAS @ CHI,L,240,97,35,85,0.412,2,12,0.167,25,35,0.714,16,25,41,21,6,8,9,19,-7.0,2002-03
22002,1610612764,WAS,Washington Wizards,0020200600,2003-01-22,WAS @ NOH,L,239,94,38,76,0.5,4,7,0.571,14,19,0.737,6,26,32,20,11,5,16,20,-9.0,2002-03
22002,1610612764,WAS,Washington Wizards,0020200577,2003-01-20,WAS vs. DEN,W,240,89,33,71,0.465,2,10,0.2,21,27,0.778,10,28,38,19,8,9,14,20,15.0,2002-03
22002,1610612764,WAS,Washington Wizards,0020200566,2003-01-18,WAS vs. PHI,L,241,80,32,77,0.416,5,12,0.417,11,20,0.55,14,29,43,24,6,10,18,24,-8.0,2002-03
22002,1610612764,WAS,Washington Wizards,0020200553,2003-01-16,WAS vs. ORL,W,240,108,43,84,0.512,2,10,0.2,20,25,0.8,19,24,43,26,8,1,9,23,15.0,2002-03
22002,1610612764,WAS,Washington Wizards,0020200537,2003-01-14,WAS vs. TOR,L,241,75,29,85,0.341,3,9,0.333,14,18,0.778,16,28,44,12,8,9,11,14,-9.0,2002-03
22002,1610612764,WAS,Washington Wizards,0020200520,2003-01-11,WAS @ NYK,W,241,89,30,82,0.366,3,6,0.5,26,30,0.867,16,31,47,14,9,5,10,17,5.0,2002-03
22002,1610612764,WAS,Washington Wizards,0020200505,2003-01-10,WAS vs. GSW,L,240,99,40,80,0.5,2,4,0.5,17,20,0.85,10,24,34,20,5,11,13,18,-5.0,2002-03
22002,1610612764,WAS,Washington Wizards,0020200492,2003-01-08,WAS vs. CHI,W,239,101,37,84,0.44,1,10,0.1,26,34,0.765,16,36,52,16,7,4,14,22,3.0,2002-03
22002,1610612764,WAS,Washington Wizards,0020200477,2003-01-06,WAS @ BOS,W,241,100,34,73,0.466,5,14,0.357,27,41,0.659,6,31,37,22,10,3,11,17,5.0,2002-03
22002,1610612764,WAS,Washington Wizards,0020200464,2003-01-04,WAS vs. IND,W,291,107,39,89,0.438,7,21,0.333,22,28,0.786,15,33,48,25,13,6,19,27,3.0,2002-03
22002,1610612764,WAS,Washington Wizards,0020200450,2003-01-02,WAS @ CHI,W,240,107,38,72,0.528,1,5,0.2,30,34,0.882,11,42,53,23,6,6,18,21,25.0,2002-03
22002,1610612764,WAS,Washington Wizards,0020200444,2002-12-31,WAS vs. SAS,W,240,105,35,72,0.486,2,8,0.25,33,40,0.825,9,29,38,18,8,5,13,22,2.0,2002-03
22002,1610612764,WAS,Washington Wizards,0020200432,2002-12-30,WAS @ ORL,L,240,95,32,66,0.485,4,9,0.444,27,33,0.818,5,22,27,22,4,3,18,27,-17.0,2002-03
22002,1610612764,WAS,Washington Wizards,0020200418,2002-12-28,WAS vs. ATL,W,241,84,28,70,0.4,7,19,0.368,21,27,0.778,7,33,40,20,6,8,8,15,8.0,2002-03
22002,1610612764,WAS,Washington Wizards,0020200405,2002-12-26,WAS vs. DET,L,240,82,27,65,0.415,3,11,0.273,25,32,0.781,12,32,44,12,3,5,12,24,-5.0,2002-03
22002,1610612764,WAS,Washington Wizards,0020200398,2002-12-23,WAS @ DAL,L,239,86,29,74,0.392,7,16,0.438,21,27,0.778,6,34,40,17,6,3,13,26,-6.0,2002-03
22002,1610612764,WAS,Washington Wizards,0020200387,2002-12-21,WAS @ SAS,L,239,81,33,77,0.429,3,11,0.273,12,14,0.857,7,21,28,19,5,5,8,23,-11.0,2002-03
22002,1610612764,WAS,Washington Wizards,0020200358,2002-12-18,WAS vs. MEM,W,240,118,47,76,0.618,6,13,0.462,18,19,0.947,8,29,37,32,8,6,13,16,18.0,2002-03
22002,1610612764,WAS,Washington Wizards,0020200350,2002-12-17,WAS @ ATL,W,240,109,40,72,0.556,6,11,0.545,23,32,0.719,9,29,38,21,6,5,12,26,10.0,2002-03
22002,1610612764,WAS,Washington Wizards,0020200337,2002-12-15,WAS @ TOR,W,239,95,38,79,0.481,4,7,0.571,15,23,0.652,15,30,45,26,9,3,9,14,13.0,2002-03
22002,1610612764,WAS,Washington Wizards,0020200321,2002-12-13,WAS @ NJN,L,239,65,26,71,0.366,2,7,0.286,11,15,0.733,8,29,37,14,9,4,19,25,-14.0,2002-03
22002,1610612764,WAS,Washington Wizards,0020200298,2002-12-10,WAS vs. POR,L,241,79,34,77,0.442,0,12,0.0,11,15,0.733,11,25,36,21,7,7,16,18,-19.0,2002-03
22002,1610612764,WAS,Washington Wizards,0020200281,2002-12-07,WAS vs. NYK,W,240,100,37,71,0.521,3,6,0.5,23,28,0.821,8,35,43,26,8,2,16,16,3.0,2002-03
22002,1610612764,WAS,Washington Wizards,0020200269,2002-12-06,WAS @ ORL,L,239,78,29,82,0.354,3,9,0.333,17,23,0.739,11,29,40,16,4,1,13,15,-10.0,2002-03
22002,1610612764,WAS,Washington Wizards,0020200259,2002-12-04,WAS @ DET,W,240,88,31,72,0.431,3,6,0.5,23,34,0.676,11,34,45,18,10,3,13,19,5.0,2002-03
22002,1610612764,WAS,Washington Wizards,0020200249,2002-12-03,WAS vs. MIL,W,241,103,38,82,0.463,3,9,0.333,24,33,0.727,14,40,54,25,4,8,13,20,25.0,2002-03
22002,1610612764,WAS,Washington Wizards,0020200230,2002-11-30,WAS vs. PHI,L,240,94,37,77,0.481,5,15,0.333,15,22,0.682,17,20,37,12,5,4,14,25,-1.0,2002-03
22002,1610612764,WAS,Washington Wizards,0020200222,2002-11-29,WAS @ IND,L,239,84,31,75,0.413,1,9,0.111,21,31,0.677,14,30,44,18,6,9,19,31,-16.0,2002-03
22002,1610612764,WAS,Washington Wizards,0020200197,2002-11-26,WAS vs. IND,L,240,84,29,79,0.367,4,15,0.267,22,26,0.846,11,28,39,18,14,7,13,18,-4.0,2002-03
22002,1610612764,WAS,Washington Wizards,0020200184,2002-11-23,WAS @ MEM,L,240,74,32,83,0.386,2,13,0.154,8,10,0.8,17,24,41,19,9,1,14,25,-11.0,2002-03
22002,1610612764,WAS,Washington Wizards,0020200174,2002-11-22,WAS @ HOU,L,239,86,35,83,0.422,9,17,0.529,7,8,0.875,10,26,36,21,5,5,7,19,-7.0,2002-03
22002,1610612764,WAS,Washington Wizards,0020200140,2002-11-17,WAS @ PHI,L,240,84,30,64,0.469,6,12,0.5,18,24,0.75,5,23,28,17,7,7,23,28,-16.0,2002-03
22002,1610612764,WAS,Washington Wizards,0020200129,2002-11-16,WAS vs. MIA,W,239,95,35,67,0.522,4,9,0.444,21,30,0.7,9,36,45,20,9,3,14,21,30.0,2002-03
22002,1610612764,WAS,Washington Wizards,0020200114,2002-11-14,WAS vs. UTA,W,240,105,32,71,0.451,5,12,0.417,36,39,0.923,7,22,29,16,7,3,16,25,3.0,2002-03
22002,1610612764,WAS,Washington Wizards,0020200099,2002-11-12,WAS vs. SEA,L,241,95,42,82,0.512,2,9,0.222,9,15,0.6,10,24,34,26,6,4,13,16,-6.0,2002-03
22002,1610612764,WAS,Washington Wizards,0020200083,2002-11-09,WAS @ CLE,W,241,93,34,78,0.436,3,9,0.333,22,29,0.759,10,36,46,16,12,8,13,21,14.0,2002-03
22002,1610612764,WAS,Washington Wizards,0020200076,2002-11-08,WAS vs. LAL,W,241,100,36,79,0.456,0,3,0.0,28,36,0.778,11,30,41,14,5,2,8,22,1.0,2002-03
22002,1610612764,WAS,Washington Wizards,0020200061,2002-11-06,WAS vs. CLE,W,240,107,35,68,0.515,3,9,0.333,34,43,0.791,9,29,38,21,12,4,21,21,7.0,2002-03
22002,1610612764,WAS,Washington Wizards,0020200055,2002-11-05,WAS @ MIN,L,242,86,30,81,0.37,2,8,0.25,24,27,0.889,12,32,44,21,7,5,12,19,-4.0,2002-03
22002,1610612764,WAS,Washington Wizards,0020200031,2002-11-02,WAS vs. NJN,L,240,79,31,83,0.373,2,15,0.133,15,21,0.714,12,27,39,16,11,2,14,25,-8.0,2002-03
22002,1610612764,WAS,Washington Wizards,0020200018,2002-10-31,WAS vs. BOS,W,241,114,43,82,0.524,4,13,0.308,24,28,0.857,15,44,59,27,8,7,14,19,45.0,2002-03
22002,1610612764,WAS,Washington Wizards,0020200006,2002-10-30,WAS @ TOR,L,239,68,24,81,0.296,2,7,0.286,18,25,0.72,14,35,49,14,8,6,12,25,-6.0,2002-03
22003,1610612764,WAS,Washington Wizards,0020301177,2004-04-14,WAS vs. NOH,L,240,78,27,72,0.375,4,19,0.211,20,28,0.714,9,30,39,13,8,2,14,18,-16.0,2003-04
22003,1610612764,WAS,Washington Wizards,0020301165,2004-04-12,WAS @ DET,L,240,79,29,77,0.377,6,20,0.3,15,19,0.789,8,20,28,21,14,6,24,19,-22.0,2003-04
22003,1610612764,WAS,Washington Wizards,0020301148,2004-04-10,WAS vs. NYK,L,265,98,36,83,0.434,8,23,0.348,18,28,0.643,14,33,47,20,9,3,18,22,-4.0,2003-04
22003,1610612764,WAS,Washington Wizards,0020301136,2004-04-09,WAS @ PHI,W,240,83,31,78,0.397,9,21,0.429,12,19,0.632,17,28,45,20,5,6,14,14,3.0,2003-04
22003,1610612764,WAS,Washington Wizards,0020301127,2004-04-07,WAS @ MIL,L,240,107,34,84,0.405,12,26,0.462,27,38,0.711,18,23,41,21,7,3,13,31,-9.0,2003-04
22003,1610612764,WAS,Washington Wizards,0020301108,2004-04-04,WAS vs. BOS,W,240,112,40,72,0.556,10,20,0.5,22,31,0.71,12,27,39,25,11,6,21,17,10.0,2003-04
22003,1610612764,WAS,Washington Wizards,0020301094,2004-04-02,WAS @ MIN,L,240,73,26,79,0.329,4,18,0.222,17,22,0.773,19,28,47,15,4,6,17,15,-18.0,2003-04
22003,1610612764,WAS,Washington Wizards,0020301077,2004-03-31,WAS vs. NJN,L,265,99,29,85,0.341,9,22,0.409,32,41,0.78,12,34,46,12,12,3,22,25,-4.0,2003-04
22003,1610612764,WAS,Washington Wizards,0020301070,2004-03-29,WAS @ PHX,L,240,95,33,83,0.398,3,15,0.2,26,43,0.605,14,26,40,11,8,3,13,25,-6.0,2003-04
22003,1610612764,WAS,Washington Wizards,0020301062,2004-03-28,WAS @ SAC,L,240,92,31,83,0.373,2,15,0.133,28,39,0.718,21,36,57,16,9,8,19,20,-8.0,2003-04
22003,1610612764,WAS,Washington Wizards,0020301047,2004-03-26,WAS @ GSW,L,240,78,25,75,0.333,1,8,0.125,27,35,0.771,14,29,43,10,4,4,15,20,-21.0,2003-04
22003,1610612764,WAS,Washington Wizards,0020301037,2004-03-25,WAS @ LAC,W,240,103,35,82,0.427,11,26,0.423,22,30,0.733,13,34,47,24,8,8,11,29,9.0,2003-04
22003,1610612764,WAS,Washington Wizards,0020301023,2004-03-23,WAS @ UTA,L,240,77,23,65,0.354,7,17,0.412,24,41,0.585,14,30,44,10,12,4,24,24,-8.0,2003-04
22003,1610612764,WAS,Washington Wizards,0020301007,2004-03-21,WAS vs. MIA,L,240,81,30,76,0.395,7,19,0.368,14,20,0.7,12,35,47,16,3,7,21,18,-20.0,2003-04
22003,1610612764,WAS,Washington Wizards,0020300986,2004-03-19,WAS vs. ATL,W,240,94,33,75,0.44,6,21,0.286,22,28,0.786,12,39,51,19,6,4,16,17,10.0,2003-04
22003,1610612764,WAS,Washington Wizards,0020300976,2004-03-17,WAS vs. SAC,W,240,114,46,94,0.489,8,15,0.533,14,18,0.778,18,24,42,29,14,2,12,18,6.0,2003-04
22003,1610612764,WAS,Washington Wizards,0020300968,2004-03-16,WAS @ NYK,L,265,110,40,81,0.494,4,11,0.364,26,35,0.743,11,35,46,19,4,3,21,30,-4.0,2003-04
22003,1610612764,WAS,Washington Wizards,0020300949,2004-03-13,WAS vs. BOS,L,240,102,39,82,0.476,3,18,0.167,21,30,0.7,10,29,39,21,12,5,18,24,-9.0,2003-04
22003,1610612764,WAS,Washington Wizards,0020300942,2004-03-12,WAS @ ATL,L,240,124,45,82,0.549,12,22,0.545,22,29,0.759,10,23,33,32,3,6,20,25,-14.0,2003-04
22003,1610612764,WAS,Washington Wizards,0020300927,2004-03-10,WAS @ ORL,L,240,99,37,93,0.398,2,11,0.182,23,33,0.697,22,29,51,9,7,10,14,29,-9.0,2003-04
22003,1610612764,WAS,Washington Wizards,0020300917,2004-03-09,WAS vs. DEN,L,240,87,31,79,0.392,4,19,0.211,21,33,0.636,15,21,36,20,3,3,17,20,-30.0,2003-04
22003,1610612764,WAS,Washington Wizards,0020300905,2004-03-07,WAS vs. NYK,L,240,86,33,75,0.44,6,12,0.5,14,18,0.778,10,24,34,16,7,3,18,18,-13.0,2003-04
22003,1610612764,WAS,Washington Wizards,0020300889,2004-03-05,WAS @ BOS,L,240,90,32,82,0.39,9,26,0.346,17,26,0.654,18,30,48,18,7,6,22,25,-4.0,2003-04
22003,1610612764,WAS,Washington Wizards,0020300874,2004-03-03,WAS vs. TOR,W,240,84,28,68,0.412,3,11,0.273,25,32,0.781,14,47,61,13,2,7,19,11,14.0,2003-04
22003,1610612764,WAS,Washington Wizards,0020300864,2004-03-01,WAS vs. NOH,W,265,111,43,83,0.518,10,21,0.476,15,26,0.577,9,35,44,27,9,3,20,24,5.0,2003-04
22003,1610612764,WAS,Washington Wizards,0020300848,2004-02-28,WAS vs. LAL,L,240,110,40,89,0.449,11,16,0.688,19,26,0.731,20,25,45,17,4,3,15,19,-12.0,2003-04
22003,1610612764,WAS,Washington Wizards,0020300834,2004-02-26,WAS vs. CHI,W,240,95,37,82,0.451,4,9,0.444,17,25,0.68,12,40,52,24,6,6,18,17,8.0,2003-04
22003,1610612764,WAS,Washington Wizards,0020300825,2004-02-25,WAS @ TOR,W,240,76,32,66,0.485,0,3,0.0,12,17,0.706,9,31,40,15,10,5,20,14,2.0,2003-04
22003,1610612764,WAS,Washington Wizards,0020300806,2004-02-22,WAS vs. MIL,L,240,85,33,86,0.384,5,15,0.333,14,17,0.824,17,21,38,17,11,4,19,24,-28.0,2003-04
22003,1610612764,WAS,Washington Wizards,0020300784,2004-02-20,WAS vs. IND,L,240,87,31,75,0.413,4,12,0.333,21,26,0.808,10,23,33,21,13,10,13,25,-9.0,2003-04
22003,1610612764,WAS,Washington Wizards,0020300778,2004-02-18,WAS @ NOH,L,240,98,39,88,0.443,6,14,0.429,14,18,0.778,15,25,40,21,6,2,15,16,-19.0,2003-04
22003,1610612764,WAS,Washington Wizards,0020300769,2004-02-17,WAS @ HOU,L,240,81,29,71,0.408,6,13,0.462,17,21,0.81,12,22,34,16,7,6,23,16,-26.0,2003-04
22003,1610612764,WAS,Washington Wizards,0020300750,2004-02-11,WAS @ PHI,L,240,88,31,67,0.463,2,15,0.133,24,34,0.706,9,26,35,15,6,2,17,22,-25.0,2003-04
22003,1610612764,WAS,Washington Wizards,0020300725,2004-02-07,WAS @ CLE,W,240,106,38,79,0.481,7,14,0.5,23,33,0.697,15,39,54,22,6,5,15,15,18.0,2003-04
22003,1610612764,WAS,Washington Wizards,0020300710,2004-02-06,WAS vs. LAC,W,240,112,39,75,0.52,4,8,0.5,30,38,0.789,14,25,39,18,9,6,14,28,12.0,2003-04
22003,1610612764,WAS,Washington Wizards,0020300699,2004-02-04,WAS vs. MEM,L,240,101,36,85,0.424,4,16,0.25,25,32,0.781,17,28,45,22,11,4,17,18,-2.0,2003-04
22003,1610612764,WAS,Washington Wizards,0020300680,2004-02-01,WAS vs. CLE,L,240,100,37,86,0.43,5,15,0.333,21,29,0.724,9,24,33,20,15,4,13,23,-4.0,2003-04
22003,1610612764,WAS,Washington Wizards,0020300661,2004-01-30,WAS vs. PHX,W,239,105,35,81,0.432,7,20,0.35,28,47,0.596,21,38,59,22,11,6,24,23,5.0,2003-04
22003,1610612764,WAS,Washington Wizards,0020300646,2004-01-28,WAS vs. ORL,L,240,100,37,88,0.42,6,16,0.375,20,24,0.833,18,24,42,16,8,5,13,19,-4.0,2003-04
22003,1610612764,WAS,Washington Wizards,0020300634,2004-01-26,WAS vs. POR,L,240,83,33,82,0.402,3,15,0.2,14,18,0.778,10,29,39,14,11,3,13,14,-11.0,2003-04
22003,1610612764,WAS,Washington Wizards,0020300621,2004-01-24,WAS vs. IND,W,240,107,35,70,0.5,3,6,0.5,34,41,0.829,6,25,31,22,5,5,6,24,11.0,2003-04
22003,1610612764,WAS,Washington Wizards,0020300609,2004-01-23,WAS @ BOS,L,240,89,31,73,0.425,9,22,0.409,18,29,0.621,6,29,35,22,11,5,24,22,-11.0,2003-04
22003,1610612764,WAS,Washington Wizards,0020300580,2004-01-19,WAS vs. CHI,W,240,93,34,89,0.382,5,11,0.455,20,28,0.714,16,35,51,14,12,7,9,17,10.0,2003-04
22003,1610612764,WAS,Washington Wizards,0020300567,2004-01-17,WAS vs. SEA,W,240,99,41,80,0.513,2,10,0.2,15,22,0.682,10,36,46,27,10,4,18,18,15.0,2003-04
22003,1610612764,WAS,Washington Wizards,0020300560,2004-01-16,WAS @ DET,L,240,77,30,78,0.385,4,13,0.308,13,17,0.765,12,22,34,13,13,5,13,19,-21.0,2003-04
22003,1610612764,WAS,Washington Wizards,0020300546,2004-01-14,WAS @ NJN,L,240,103,38,82,0.463,4,12,0.333,23,28,0.821,14,25,39,20,12,4,19,19,-12.0,2003-04
22003,1610612764,WAS,Washington Wizards,0020300533,2004-01-13,WAS vs. HOU,L,240,80,29,74,0.392,5,12,0.417,17,23,0.739,10,21,31,20,12,4,11,18,-13.0,2003-04
22003,1610612764,WAS,Washington Wizards,0020300517,2004-01-10,WAS vs. PHI,W,240,94,34,75,0.453,3,11,0.273,23,29,0.793,12,33,45,16,16,7,22,23,7.0,2003-04
22003,1610612764,WAS,Washington Wizards,0020300506,2004-01-09,WAS @ ORL,L,240,92,33,79,0.418,4,15,0.267,22,35,0.629,18,22,40,15,12,2,13,24,-11.0,2003-04
22003,1610612764,WAS,Washington Wizards,0020300497,2004-01-07,WAS @ NOH,L,240,87,32,83,0.386,5,17,0.294,18,30,0.6,17,32,49,21,10,5,17,19,-10.0,2003-04
22003,1610612764,WAS,Washington Wizards,0020300489,2004-01-06,WAS @ SAS,L,240,72,26,79,0.329,3,13,0.231,17,31,0.548,12,26,38,13,9,1,13,17,-22.0,2003-04
22003,1610612764,WAS,Washington Wizards,0020300473,2004-01-04,WAS vs. MIL,L,240,94,35,79,0.443,4,12,0.333,20,31,0.645,16,32,48,21,6,8,19,31,-6.0,2003-04
22003,1610612764,WAS,Washington Wizards,0020300451,2004-01-02,WAS vs. GSW,W,240,97,41,92,0.446,4,10,0.4,11,18,0.611,24,34,58,30,14,6,18,15,18.0,2003-04
22003,1610612764,WAS,Washington Wizards,0020300439,2003-12-30,WAS vs. ATL,L,240,73,26,76,0.342,4,15,0.267,17,25,0.68,12,35,47,18,5,9,19,15,-10.0,2003-04
22003,1610612764,WAS,Washington Wizards,0020300420,2003-12-27,WAS @ CHI,L,239,86,35,82,0.427,2,12,0.167,14,21,0.667,14,35,49,22,7,3,20,16,-14.0,2003-04
22003,1610612764,WAS,Washington Wizards,0020300404,2003-12-26,WAS vs. MIA,L,240,84,30,75,0.4,4,16,0.25,20,25,0.8,15,27,42,21,10,4,15,20,-8.0,2003-04
22003,1610612764,WAS,Washington Wizards,0020300392,2003-12-23,WAS @ MIA,L,240,72,29,79,0.367,5,15,0.333,9,11,0.818,10,31,41,16,6,5,16,17,-7.0,2003-04
22003,1610612764,WAS,Washington Wizards,0020300364,2003-12-19,WAS @ NJN,L,240,87,30,78,0.385,11,23,0.478,16,20,0.8,9,31,40,23,14,4,24,18,-10.0,2003-04
22003,1610612764,WAS,Washington Wizards,0020300338,2003-12-16,WAS vs. UTA,W,240,91,32,78,0.41,6,13,0.462,21,27,0.778,10,22,32,21,7,4,11,21,4.0,2003-04
22003,1610612764,WAS,Washington Wizards,0020300331,2003-12-14,WAS @ NYK,L,240,87,32,74,0.432,2,9,0.222,21,31,0.677,10,34,44,18,12,3,18,28,-2.0,2003-04
22003,1610612764,WAS,Washington Wizards,0020300310,2003-12-12,WAS vs. MIN,L,240,91,35,85,0.412,7,20,0.35,14,18,0.778,14,26,40,23,8,3,14,16,-19.0,2003-04
22003,1610612764,WAS,Washington Wizards,0020300300,2003-12-10,WAS vs. ORL,L,241,91,33,81,0.407,3,13,0.231,22,23,0.957,16,37,53,16,8,6,20,19,-4.0,2003-04
22003,1610612764,WAS,Washington Wizards,0020300290,2003-12-09,WAS @ IND,L,240,79,32,66,0.485,0,7,0.0,15,20,0.75,3,28,31,17,10,6,18,19,-14.0,2003-04
22003,1610612764,WAS,Washington Wizards,0020300275,2003-12-06,WAS @ MIL,W,267,114,43,91,0.473,5,15,0.333,23,38,0.605,15,27,42,25,11,3,10,33,5.0,2003-04
22003,1610612764,WAS,Washington Wizards,0020300265,2003-12-05,WAS @ MEM,L,240,77,28,81,0.346,6,17,0.353,15,22,0.682,18,32,50,18,8,8,22,19,-15.0,2003-04
22003,1610612764,WAS,Washington Wizards,0020300244,2003-12-02,WAS @ DAL,L,241,72,26,81,0.321,4,25,0.16,16,25,0.64,15,29,44,12,9,12,16,14,-25.0,2003-04
22003,1610612764,WAS,Washington Wizards,0020300225,2003-11-29,WAS vs. DET,L,239,69,28,74,0.378,3,11,0.273,10,18,0.556,12,26,38,11,9,4,14,28,-11.0,2003-04
22003,1610612764,WAS,Washington Wizards,0020300208,2003-11-26,WAS @ LAL,L,241,99,39,93,0.419,4,19,0.211,17,20,0.85,18,19,37,24,13,2,20,24,-21.0,2003-04
22003,1610612764,WAS,Washington Wizards,0020300198,2003-11-25,WAS @ POR,W,239,81,30,70,0.429,6,10,0.6,15,17,0.882,7,21,28,17,15,2,15,19,1.0,2003-04
22003,1610612764,WAS,Washington Wizards,0020300186,2003-11-23,WAS @ SEA,L,241,85,32,83,0.386,7,20,0.35,14,21,0.667,19,28,47,12,6,4,19,23,-3.0,2003-04
22003,1610612764,WAS,Washington Wizards,0020300169,2003-11-21,WAS @ DEN,L,240,87,29,71,0.408,4,14,0.286,25,38,0.658,13,31,44,17,6,4,19,21,-21.0,2003-04
22003,1610612764,WAS,Washington Wizards,0020300153,2003-11-19,WAS vs. CLE,W,240,106,37,95,0.389,8,19,0.421,24,31,0.774,23,23,46,18,9,5,12,17,11.0,2003-04
22003,1610612764,WAS,Washington Wizards,0020300141,2003-11-17,WAS @ ATL,W,240,106,32,82,0.39,6,16,0.375,36,48,0.75,18,26,44,19,14,3,15,28,9.0,2003-04
22003,1610612764,WAS,Washington Wizards,0020300127,2003-11-15,WAS vs. SAS,L,240,71,28,83,0.337,5,13,0.385,10,18,0.556,10,30,40,13,7,10,13,22,-24.0,2003-04
22003,1610612764,WAS,Washington Wizards,0020300117,2003-11-14,WAS @ MIA,L,265,101,39,87,0.448,4,14,0.286,19,28,0.679,11,32,43,16,11,6,15,23,-4.0,2003-04
22003,1610612764,WAS,Washington Wizards,0020300095,2003-11-11,WAS vs. PHI,L,240,105,40,87,0.46,7,19,0.368,18,27,0.667,20,30,50,20,8,8,20,25,-7.0,2003-04
22003,1610612764,WAS,Washington Wizards,0020300078,2003-11-08,WAS @ CLE,L,239,98,40,89,0.449,4,16,0.25,14,21,0.667,13,25,38,22,5,5,12,23,-13.0,2003-04
22003,1610612764,WAS,Washington Wizards,0020300065,2003-11-07,WAS vs. TOR,W,240,86,31,78,0.397,5,14,0.357,19,26,0.731,15,33,48,18,12,1,15,18,26.0,2003-04
22003,1610612764,WAS,Washington Wizards,0020300053,2003-11-05,WAS vs. DAL,W,240,100,38,89,0.427,13,30,0.433,11,12,0.917,11,37,48,29,9,9,13,26,10.0,2003-04
22003,1610612764,WAS,Washington Wizards,0020300027,2003-11-01,WAS vs. NJN,L,240,85,34,81,0.42,3,14,0.214,14,20,0.7,19,29,48,18,8,6,22,23,-13.0,2003-04
22003,1610612764,WAS,Washington Wizards,0020300019,2003-10-31,WAS @ TOR,L,240,79,31,70,0.443,1,7,0.143,16,21,0.762,7,30,37,17,10,7,12,18,-3.0,2003-04
22003,1610612764,WAS,Washington Wizards,0020300010,2003-10-29,WAS @ CHI,W,240,99,37,76,0.487,5,12,0.417,20,30,0.667,11,37,48,25,12,5,18,22,25.0,2003-04
22004,1610612764,WAS,Washington Wizards,0020401222,2005-04-20,WAS @ NYK,L,240,105,42,87,0.483,8,24,0.333,13,28,0.464,8,29,37,14,7,2,7,20,-8.0,2004-05
22004,1610612764,WAS,Washington Wizards,0020401210,2005-04-19,WAS @ NJN,L,240,101,37,79,0.468,7,17,0.412,20,27,0.741,15,27,42,22,4,4,16,23,-8.0,2004-05
22004,1610612764,WAS,Washington Wizards,0020401192,2005-04-17,WAS vs. CHA,W,240,106,41,88,0.466,7,24,0.292,17,24,0.708,15,29,44,24,15,5,18,16,2.0,2004-05
22004,1610612764,WAS,Washington Wizards,0020401174,2005-04-15,WAS vs. CLE,W,240,119,46,78,0.59,5,13,0.385,22,29,0.759,10,30,40,16,6,5,12,24,8.0,2004-05
22004,1610612764,WAS,Washington Wizards,0020401160,2005-04-13,WAS vs. CHI,W,240,93,36,87,0.414,6,16,0.375,15,26,0.577,14,50,64,16,7,10,18,19,11.0,2004-05
22004,1610612764,WAS,Washington Wizards,0020401147,2005-04-11,WAS vs. MIL,W,240,119,45,84,0.536,6,16,0.375,23,29,0.793,19,24,43,29,5,1,13,21,7.0,2004-05
22004,1610612764,WAS,Washington Wizards,0020401132,2005-04-09,WAS vs. PHI,L,240,106,37,82,0.451,9,27,0.333,23,30,0.767,13,30,43,23,3,5,13,18,-6.0,2004-05
22004,1610612764,WAS,Washington Wizards,0020401123,2005-04-08,WAS @ IND,L,240,83,31,79,0.392,4,13,0.308,17,23,0.739,17,25,42,11,5,4,15,23,-10.0,2004-05
22004,1610612764,WAS,Washington Wizards,0020401111,2005-04-06,WAS @ DET,L,240,93,36,81,0.444,3,12,0.25,18,23,0.783,8,23,31,20,13,4,9,20,-12.0,2004-05
22004,1610612764,WAS,Washington Wizards,0020401094,2005-04-05,WAS vs. BOS,L,240,108,31,82,0.378,8,24,0.333,38,48,0.792,17,29,46,20,9,7,12,22,-8.0,2004-05
22004,1610612764,WAS,Washington Wizards,0020401084,2005-04-03,WAS vs. IND,L,240,76,26,73,0.356,3,12,0.25,21,31,0.677,12,32,44,14,9,5,12,19,-3.0,2004-05
22004,1610612764,WAS,Washington Wizards,0020401068,2005-04-01,WAS @ ORL,W,240,111,38,83,0.458,9,22,0.409,26,36,0.722,18,31,49,17,9,3,20,26,9.0,2004-05
22004,1610612764,WAS,Washington Wizards,0020401053,2005-03-30,WAS vs. ATL,W,239,102,34,69,0.493,5,15,0.333,29,36,0.806,6,24,30,17,12,4,17,20,3.0,2004-05
22004,1610612764,WAS,Washington Wizards,0020401046,2005-03-28,WAS @ POR,W,240,114,41,86,0.477,2,11,0.182,30,41,0.732,18,27,45,22,15,5,12,21,8.0,2004-05
22004,1610612764,WAS,Washington Wizards,0020401036,2005-03-27,WAS @ SEA,W,240,95,36,82,0.439,8,19,0.421,15,21,0.714,12,28,40,23,9,3,14,28,1.0,2004-05
22004,1610612764,WAS,Washington Wizards,0020401019,2005-03-25,WAS @ LAC,L,240,94,37,83,0.446,6,26,0.231,14,21,0.667,9,30,39,20,11,3,18,26,-4.0,2004-05
22004,1610612764,WAS,Washington Wizards,0020401010,2005-03-24,WAS @ UTA,W,240,85,26,66,0.394,7,14,0.5,26,37,0.703,8,31,39,13,11,5,16,20,1.0,2004-05
22004,1610612764,WAS,Washington Wizards,0020400993,2005-03-22,WAS @ DEN,L,240,98,31,78,0.397,6,19,0.316,30,46,0.652,14,26,40,15,8,6,20,27,-29.0,2004-05
22004,1610612764,WAS,Washington Wizards,0020400971,2005-03-19,WAS vs. UTA,W,240,96,31,71,0.437,9,18,0.5,25,32,0.781,15,24,39,15,5,3,20,26,1.0,2004-05
22004,1610612764,WAS,Washington Wizards,0020400964,2005-03-18,WAS @ MIL,L,240,90,34,86,0.395,6,22,0.273,16,23,0.696,17,26,43,16,9,3,11,20,-9.0,2004-05
22004,1610612764,WAS,Washington Wizards,0020400946,2005-03-16,WAS @ ATL,W,241,122,43,72,0.597,8,12,0.667,28,39,0.718,8,26,34,17,10,5,12,18,29.0,2004-05
22004,1610612764,WAS,Washington Wizards,0020400930,2005-03-14,WAS vs. LAL,W,240,95,32,72,0.444,5,17,0.294,26,36,0.722,13,30,43,21,11,5,16,19,14.0,2004-05
22004,1610612764,WAS,Washington Wizards,0020400923,2005-03-13,WAS @ BOS,L,240,101,35,81,0.432,4,17,0.235,27,41,0.659,18,30,48,13,7,2,14,18,-4.0,2004-05
22004,1610612764,WAS,Washington Wizards,0020400888,2005-03-08,WAS @ NYK,L,240,83,26,80,0.325,3,16,0.188,28,37,0.757,16,36,52,10,9,5,13,20,-10.0,2004-05
22004,1610612764,WAS,Washington Wizards,0020400867,2005-03-05,WAS @ CHA,W,240,86,28,75,0.373,1,10,0.1,29,36,0.806,16,28,44,9,6,6,11,18,2.0,2004-05
22004,1610612764,WAS,Washington Wizards,0020400855,2005-03-04,WAS vs. GSW,L,240,90,31,76,0.408,7,20,0.35,21,36,0.583,16,33,49,16,8,2,19,21,-13.0,2004-05
22004,1610612764,WAS,Washington Wizards,0020400842,2005-03-02,WAS vs. HOU,W,240,101,34,77,0.442,7,23,0.304,26,33,0.788,12,35,47,17,11,5,12,24,3.0,2004-05
22004,1610612764,WAS,Washington Wizards,0020400823,2005-02-27,WAS vs. SAC,L,240,108,40,86,0.465,10,24,0.417,18,33,0.545,12,33,45,23,8,3,14,20,-2.0,2004-05
22004,1610612764,WAS,Washington Wizards,0020400807,2005-02-25,WAS @ CHI,L,240,90,36,92,0.391,3,19,0.158,15,22,0.682,21,29,50,15,10,6,18,24,-7.0,2004-05
22004,1610612764,WAS,Washington Wizards,0020400790,2005-02-23,WAS vs. MEM,W,240,93,29,68,0.426,3,9,0.333,32,38,0.842,9,33,42,18,8,4,14,24,10.0,2004-05
22004,1610612764,WAS,Washington Wizards,0020400766,2005-02-15,WAS @ HOU,L,240,93,35,84,0.417,6,22,0.273,17,21,0.81,11,23,34,22,9,5,13,15,-30.0,2004-05
22004,1610612764,WAS,Washington Wizards,0020400760,2005-02-14,WAS @ NOH,L,240,96,35,82,0.427,5,22,0.227,21,24,0.875,17,31,48,11,6,6,14,22,-2.0,2004-05
22004,1610612764,WAS,Washington Wizards,0020400743,2005-02-12,WAS @ DET,L,240,86,33,91,0.363,8,20,0.4,12,18,0.667,19,27,46,19,6,4,17,22,-21.0,2004-05
22004,1610612764,WAS,Washington Wizards,0020400731,2005-02-11,WAS vs. LAC,W,240,94,33,77,0.429,7,21,0.333,21,29,0.724,12,27,39,16,8,6,15,21,3.0,2004-05
22004,1610612764,WAS,Washington Wizards,0020400720,2005-02-09,WAS vs. SAS,W,240,95,36,84,0.429,5,11,0.455,18,25,0.72,16,31,47,13,5,10,11,18,8.0,2004-05
22004,1610612764,WAS,Washington Wizards,0020400703,2005-02-07,WAS vs. IND,W,239,108,40,81,0.494,6,11,0.545,22,37,0.595,12,27,39,17,6,5,8,18,4.0,2004-05
22004,1610612764,WAS,Washington Wizards,0020400690,2005-02-05,WAS vs. MIL,W,240,112,42,85,0.494,4,13,0.308,24,32,0.75,13,27,40,24,13,2,12,25,18.0,2004-05
22004,1610612764,WAS,Washington Wizards,0020400680,2005-02-04,WAS @ TOR,L,240,100,40,76,0.526,6,13,0.462,14,22,0.636,4,36,40,28,2,4,14,20,-3.0,2004-05
22004,1610612764,WAS,Washington Wizards,0020400659,2005-02-01,WAS vs. DET,L,240,96,36,84,0.429,8,21,0.381,16,22,0.727,12,27,39,22,8,6,15,27,-9.0,2004-05
22004,1610612764,WAS,Washington Wizards,0020400639,2005-01-29,WAS vs. ORL,L,240,97,30,82,0.366,6,17,0.353,31,45,0.689,15,27,42,19,11,1,12,24,-6.0,2004-05
22004,1610612764,WAS,Washington Wizards,0020400629,2005-01-28,WAS @ ORL,L,240,101,36,87,0.414,6,19,0.316,23,34,0.676,14,25,39,20,9,0,12,24,-7.0,2004-05
22004,1610612764,WAS,Washington Wizards,0020400614,2005-01-26,WAS vs. PHI,W,240,117,41,89,0.461,10,25,0.4,25,33,0.758,17,28,45,26,14,4,14,27,10.0,2004-05
22004,1610612764,WAS,Washington Wizards,0020400599,2005-01-24,WAS @ CLE,W,240,106,30,72,0.417,7,20,0.35,39,49,0.796,8,28,36,14,6,7,13,21,9.0,2004-05
22004,1610612764,WAS,Washington Wizards,0020400587,2005-01-22,WAS @ IND,W,240,95,33,75,0.44,9,19,0.474,20,31,0.645,11,28,39,14,3,7,10,26,2.0,2004-05
22004,1610612764,WAS,Washington Wizards,0020400573,2005-01-21,WAS vs. TOR,W,240,118,40,82,0.488,7,23,0.304,31,41,0.756,12,34,46,23,5,7,14,23,9.0,2004-05
22004,1610612764,WAS,Washington Wizards,0020400557,2005-01-18,WAS @ DAL,L,240,120,39,92,0.424,9,23,0.391,33,46,0.717,20,22,42,19,12,1,14,27,-17.0,2004-05
22004,1610612764,WAS,Washington Wizards,0020400550,2005-01-17,WAS @ SAS,L,240,73,27,85,0.318,7,19,0.368,12,17,0.706,16,21,37,16,6,3,6,11,-28.0,2004-05
22004,1610612764,WAS,Washington Wizards,0020400531,2005-01-15,WAS vs. PHX,W,240,108,38,89,0.427,8,26,0.308,24,29,0.828,15,33,48,18,9,5,14,19,5.0,2004-05
22004,1610612764,WAS,Washington Wizards,0020400526,2005-01-14,WAS @ MIL,W,240,105,35,72,0.486,6,18,0.333,29,41,0.707,7,21,28,21,14,4,14,24,2.0,2004-05
22004,1610612764,WAS,Washington Wizards,0020400506,2005-01-12,WAS vs. POR,W,240,104,42,86,0.488,6,18,0.333,14,30,0.467,17,27,44,21,10,5,9,20,4.0,2004-05
22004,1610612764,WAS,Washington Wizards,0020400481,2005-01-08,WAS vs. MIN,W,240,117,40,88,0.455,8,21,0.381,29,36,0.806,18,29,47,17,4,0,10,21,3.0,2004-05
22004,1610612764,WAS,Washington Wizards,0020400465,2005-01-06,WAS vs. SEA,W,240,107,34,83,0.41,8,19,0.421,31,35,0.886,12,31,43,14,8,1,9,21,11.0,2004-05
22004,1610612764,WAS,Washington Wizards,0020400448,2005-01-04,WAS vs. NJN,W,240,112,40,83,0.482,14,27,0.519,18,27,0.667,9,28,37,21,14,3,11,13,24.0,2004-05
22004,1610612764,WAS,Washington Wizards,0020400432,2005-01-02,WAS vs. ATL,W,239,104,37,86,0.43,6,17,0.353,24,34,0.706,11,31,42,20,8,5,19,22,3.0,2004-05
22004,1610612764,WAS,Washington Wizards,0020400421,2004-12-31,WAS @ BOS,L,240,103,42,94,0.447,10,18,0.556,9,10,0.9,14,30,44,25,7,2,13,21,-5.0,2004-05
22004,1610612764,WAS,Washington Wizards,0020400408,2004-12-29,WAS vs. DET,L,240,105,40,82,0.488,7,19,0.368,18,20,0.9,13,20,33,18,13,3,12,24,-2.0,2004-05
22004,1610612764,WAS,Washington Wizards,0020400392,2004-12-27,WAS vs. CHA,W,240,106,40,73,0.548,4,12,0.333,22,30,0.733,10,28,38,18,9,4,13,18,19.0,2004-05
22004,1610612764,WAS,Washington Wizards,0020400387,2004-12-26,WAS @ MIN,L,239,74,30,78,0.385,4,17,0.235,10,14,0.714,10,28,38,17,2,3,20,18,-35.0,2004-05
22004,1610612764,WAS,Washington Wizards,0020400364,2004-12-21,WAS @ SAC,L,240,93,37,80,0.463,8,20,0.4,11,17,0.647,14,24,38,21,9,6,20,16,-11.0,2004-05
22004,1610612764,WAS,Washington Wizards,0020400359,2004-12-20,WAS @ GSW,W,240,103,34,83,0.41,4,10,0.4,31,45,0.689,23,27,50,19,6,2,21,27,2.0,2004-05
22004,1610612764,WAS,Washington Wizards,0020400348,2004-12-18,WAS @ PHX,L,240,96,40,87,0.46,9,25,0.36,7,10,0.7,12,35,47,21,8,2,19,17,-14.0,2004-05
22004,1610612764,WAS,Washington Wizards,0020400338,2004-12-17,WAS @ LAL,W,265,120,48,94,0.511,3,11,0.273,21,27,0.778,9,29,38,28,9,5,6,21,4.0,2004-05
22004,1610612764,WAS,Washington Wizards,0020400318,2004-12-15,WAS vs. MIA,L,240,93,36,92,0.391,2,17,0.118,19,29,0.655,18,37,55,16,9,4,12,21,-5.0,2004-05
22004,1610612764,WAS,Washington Wizards,0020400302,2004-12-13,WAS @ MIA,L,240,83,31,86,0.36,4,17,0.235,17,25,0.68,10,30,40,19,5,3,12,27,-23.0,2004-05
22004,1610612764,WAS,Washington Wizards,0020400297,2004-12-12,WAS vs. NOH,W,240,88,35,88,0.398,3,18,0.167,15,20,0.75,16,33,49,17,20,3,20,24,19.0,2004-05
22004,1610612764,WAS,Washington Wizards,0020400277,2004-12-10,WAS vs. NYK,W,240,106,41,94,0.436,5,19,0.263,19,30,0.633,27,22,49,28,12,7,12,14,2.0,2004-05
22004,1610612764,WAS,Washington Wizards,0020400264,2004-12-08,WAS vs. DEN,L,240,105,42,90,0.467,7,19,0.368,14,19,0.737,14,30,44,19,5,7,12,23,-6.0,2004-05
22004,1610612764,WAS,Washington Wizards,0020400237,2004-12-04,WAS vs. CHI,W,240,95,30,85,0.353,5,13,0.385,30,44,0.682,14,21,35,13,17,3,8,23,7.0,2004-05
22004,1610612764,WAS,Washington Wizards,0020400226,2004-12-03,WAS @ ATL,W,240,114,40,83,0.482,11,25,0.44,23,31,0.742,12,29,41,24,18,2,11,27,24.0,2004-05
22004,1610612764,WAS,Washington Wizards,0020400212,2004-12-01,WAS vs. NJN,W,240,95,34,83,0.41,5,18,0.278,22,35,0.629,13,39,52,24,6,5,8,30,27.0,2004-05
22004,1610612764,WAS,Washington Wizards,0020400192,2004-11-28,WAS @ TOR,W,265,114,43,87,0.494,5,17,0.294,23,30,0.767,9,33,42,26,5,4,13,15,5.0,2004-05
22004,1610612764,WAS,Washington Wizards,0020400173,2004-11-26,WAS @ PHI,L,265,114,43,98,0.439,11,32,0.344,17,25,0.68,19,45,64,23,2,1,17,27,-2.0,2004-05
22004,1610612764,WAS,Washington Wizards,0020400150,2004-11-23,WAS vs. TOR,W,240,102,39,101,0.386,11,26,0.423,13,20,0.65,25,39,64,19,6,2,15,29,16.0,2004-05
22004,1610612764,WAS,Washington Wizards,0020400132,2004-11-20,WAS @ NJN,W,240,97,31,71,0.437,6,14,0.429,29,37,0.784,11,23,34,15,10,3,10,22,11.0,2004-05
22004,1610612764,WAS,Washington Wizards,0020400106,2004-11-17,WAS vs. BOS,W,265,110,34,91,0.374,6,18,0.333,36,43,0.837,21,29,50,23,11,8,17,32,5.0,2004-05
22004,1610612764,WAS,Washington Wizards,0020400091,2004-11-14,WAS vs. DAL,L,240,113,42,89,0.472,6,17,0.353,23,29,0.793,18,25,43,29,12,5,16,24,-9.0,2004-05
22004,1610612764,WAS,Washington Wizards,0020400081,2004-11-13,WAS @ CLE,L,240,74,29,87,0.333,5,9,0.556,11,14,0.786,9,23,32,15,7,9,13,19,-31.0,2004-05
22004,1610612764,WAS,Washington Wizards,0020400061,2004-11-10,WAS vs. ORL,W,240,106,36,84,0.429,2,19,0.105,32,36,0.889,14,29,43,20,12,5,14,24,10.0,2004-05
22004,1610612764,WAS,Washington Wizards,0020400052,2004-11-09,WAS @ MIA,L,240,93,38,88,0.432,7,15,0.467,10,18,0.556,16,28,44,23,6,1,19,24,-10.0,2004-05
22004,1610612764,WAS,Washington Wizards,0020400030,2004-11-06,WAS vs. MIA,L,240,106,37,85,0.435,7,27,0.259,25,32,0.781,10,28,38,19,9,3,15,33,-12.0,2004-05
22004,1610612764,WAS,Washington Wizards,0020400017,2004-11-04,WAS @ CHA,W,240,103,36,83,0.434,5,15,0.333,26,31,0.839,11,24,35,21,14,5,12,25,7.0,2004-05
22004,1610612764,WAS,Washington Wizards,0020400009,2004-11-03,WAS @ MEM,W,240,103,36,80,0.45,5,15,0.333,26,35,0.743,17,29,46,22,11,9,18,26,12.0,2004-05
42004,1610612764,WAS,Washington Wizards,0040400204,2005-05-14,WAS vs. MIA,L,241,95,30,82,0.366,6,20,0.3,29,39,0.744,13,28,41,12,8,8,10,25,-4.0,2004-05
42004,1610612764,WAS,Washington Wizards,0040400203,2005-05-12,WAS vs. MIA,L,240,95,38,83,0.458,8,24,0.333,11,16,0.688,10,19,29,23,4,3,11,17,-7.0,2004-05
42004,1610612764,WAS,Washington Wizards,0040400202,2005-05-10,WAS @ MIA,L,240,102,37,90,0.411,7,22,0.318,21,31,0.677,18,24,42,13,11,3,12,31,-6.0,2004-05
42004,1610612764,WAS,Washington Wizards,0040400201,2005-05-08,WAS @ MIA,L,241,86,28,76,0.368,4,16,0.25,26,36,0.722,11,30,41,9,11,5,17,23,-19.0,2004-05
42004,1610612764,WAS,Washington Wizards,0040400136,2005-05-06,WAS vs. CHI,W,240,94,34,85,0.4,7,17,0.412,19,29,0.655,10,30,40,17,7,5,11,21,3.0,2004-05
42004,1610612764,WAS,Washington Wizards,0040400135,2005-05-04,WAS @ CHI,W,240,112,46,82,0.561,2,12,0.167,18,30,0.6,11,38,49,24,9,8,16,26,2.0,2004-05
42004,1610612764,WAS,Washington Wizards,0040400134,2005-05-02,WAS vs. CHI,W,240,106,34,76,0.447,5,13,0.385,33,39,0.846,14,35,49,18,8,6,17,31,7.0,2004-05
42004,1610612764,WAS,Washington Wizards,0040400133,2005-04-30,WAS vs. CHI,W,241,117,37,86,0.43,4,20,0.2,39,49,0.796,21,28,49,21,9,4,10,29,18.0,2004-05
42004,1610612764,WAS,Washington Wizards,0040400132,2005-04-27,WAS @ CHI,L,240,103,34,80,0.425,8,25,0.32,27,36,0.75,12,32,44,19,11,8,18,29,-10.0,2004-05
42004,1610612764,WAS,Washington Wizards,0040400131,2005-04-24,WAS @ CHI,L,239,94,33,86,0.384,5,19,0.263,23,33,0.697,9,35,44,16,4,8,12,22,-9.0,2004-05
22005,1610612764,WAS,Washington Wizards,0020501222,2006-04-19,WAS @ DET,W,240,96,37,91,0.407,6,25,0.24,16,22,0.727,15,29,44,18,8,2,12,13,16.0,2005-06
22005,1610612764,WAS,Washington Wizards,0020501213,2006-04-18,WAS vs. MIL,W,240,116,39,80,0.488,7,21,0.333,31,41,0.756,17,25,42,21,10,0,9,22,13.0,2005-06
22005,1610612764,WAS,Washington Wizards,0020501197,2006-04-16,WAS vs. CLE,W,240,104,41,89,0.461,6,15,0.4,16,22,0.727,13,25,38,16,9,5,11,19,12.0,2005-06
22005,1610612764,WAS,Washington Wizards,0020501184,2006-04-14,WAS @ CHI,L,239,101,39,87,0.448,5,19,0.263,18,28,0.643,13,31,44,16,10,10,11,17,-2.0,2005-06
22005,1610612764,WAS,Washington Wizards,0020501168,2006-04-12,WAS @ MIL,L,240,97,34,78,0.436,8,22,0.364,21,32,0.656,14,29,43,18,9,5,19,27,-3.0,2005-06
22005,1610612764,WAS,Washington Wizards,0020501149,2006-04-10,WAS @ PHI,L,240,97,30,76,0.395,6,19,0.316,31,39,0.795,8,31,39,17,9,2,13,21,-8.0,2005-06
22005,1610612764,WAS,Washington Wizards,0020501134,2006-04-08,WAS vs. MIA,L,240,86,27,68,0.397,6,21,0.286,26,34,0.765,7,26,33,10,8,3,19,23,-13.0,2005-06
22005,1610612764,WAS,Washington Wizards,0020501122,2006-04-07,WAS @ ATL,L,240,101,36,93,0.387,11,27,0.407,18,24,0.75,21,25,46,19,5,1,16,29,-13.0,2005-06
22005,1610612764,WAS,Washington Wizards,0020501108,2006-04-05,WAS @ BOS,W,240,108,45,85,0.529,6,19,0.316,12,16,0.75,9,29,38,21,12,5,14,19,17.0,2005-06
22005,1610612764,WAS,Washington Wizards,0020501096,2006-04-04,WAS vs. NYK,W,240,105,36,73,0.493,5,21,0.238,28,37,0.757,10,22,32,23,16,4,16,24,15.0,2005-06
22005,1610612764,WAS,Washington Wizards,0020501082,2006-04-01,WAS @ SAS,L,240,99,37,73,0.507,7,15,0.467,18,29,0.621,4,26,30,18,8,5,13,26,-7.0,2005-06
22005,1610612764,WAS,Washington Wizards,0020501074,2006-03-31,WAS @ HOU,L,240,103,39,86,0.453,9,28,0.321,16,21,0.762,11,26,37,23,8,4,10,21,-2.0,2005-06
22005,1610612764,WAS,Washington Wizards,0020501052,2006-03-28,WAS @ SAC,W,240,97,35,81,0.432,4,14,0.286,23,25,0.92,11,31,42,14,9,7,15,23,13.0,2005-06
22005,1610612764,WAS,Washington Wizards,0020501046,2006-03-27,WAS @ GSW,W,240,116,42,87,0.483,12,26,0.462,20,24,0.833,14,30,44,26,15,8,9,22,18.0,2005-06
22005,1610612764,WAS,Washington Wizards,0020501027,2006-03-25,WAS @ LAC,L,240,101,39,95,0.411,5,24,0.208,18,28,0.643,19,26,45,23,6,3,13,28,-15.0,2005-06
22005,1610612764,WAS,Washington Wizards,0020501015,2006-03-23,WAS @ UTA,W,240,109,37,77,0.481,16,25,0.64,19,29,0.655,11,28,39,16,5,3,14,28,12.0,2005-06
22005,1610612764,WAS,Washington Wizards,0020500992,2006-03-21,WAS vs. NJN,L,240,100,36,81,0.444,4,18,0.222,24,26,0.923,15,27,42,16,5,3,15,22,-12.0,2005-06
22005,1610612764,WAS,Washington Wizards,0020500980,2006-03-19,WAS vs. CHI,W,240,113,38,81,0.469,7,18,0.389,30,35,0.857,10,31,41,17,9,4,16,23,9.0,2005-06
22005,1610612764,WAS,Washington Wizards,0020500964,2006-03-17,WAS vs. DAL,L,240,94,39,88,0.443,5,13,0.385,11,15,0.733,17,18,35,18,5,5,12,18,-10.0,2005-06
22005,1610612764,WAS,Washington Wizards,0020500951,2006-03-15,WAS vs. CHA,W,239,107,35,74,0.473,7,15,0.467,30,36,0.833,15,40,55,19,8,4,21,23,8.0,2005-06
22005,1610612764,WAS,Washington Wizards,0020500942,2006-03-14,WAS @ CHA,W,240,119,40,77,0.519,6,20,0.3,33,39,0.846,7,31,38,20,6,4,18,29,5.0,2005-06
22005,1610612764,WAS,Washington Wizards,0020500919,2006-03-11,WAS vs. DET,W,240,110,41,74,0.554,12,24,0.5,16,25,0.64,6,24,30,20,8,3,11,16,18.0,2005-06
22005,1610612764,WAS,Washington Wizards,0020500900,2006-03-08,WAS @ MIA,L,240,112,39,83,0.47,7,19,0.368,27,33,0.818,14,24,38,15,8,2,13,31,-6.0,2005-06
22005,1610612764,WAS,Washington Wizards,0020500889,2006-03-07,WAS vs. BOS,L,265,115,41,87,0.471,6,13,0.462,27,32,0.844,11,25,36,17,9,6,18,25,-1.0,2005-06
22005,1610612764,WAS,Washington Wizards,0020500876,2006-03-05,WAS vs. SAC,W,240,117,40,83,0.482,8,19,0.421,29,35,0.829,14,29,43,22,7,1,11,25,10.0,2005-06
22005,1610612764,WAS,Washington Wizards,0020500857,2006-03-03,WAS @ PHI,L,240,113,40,93,0.43,7,16,0.438,26,34,0.765,19,29,48,17,11,1,13,22,-6.0,2005-06
22005,1610612764,WAS,Washington Wizards,0020500843,2006-03-01,WAS vs. IND,L,238,93,36,86,0.419,2,14,0.143,19,31,0.613,18,26,44,19,10,5,12,20,-6.0,2005-06
22005,1610612764,WAS,Washington Wizards,0020500831,2006-02-27,WAS @ MEM,L,240,98,34,74,0.459,10,20,0.5,20,25,0.8,8,16,24,19,8,3,14,20,-10.0,2005-06
22005,1610612764,WAS,Washington Wizards,0020500816,2006-02-25,WAS vs. NYK,W,240,110,35,69,0.507,11,17,0.647,29,33,0.879,8,26,34,19,11,7,15,27,21.0,2005-06
22005,1610612764,WAS,Washington Wizards,0020500805,2006-02-24,WAS @ CLE,W,240,102,40,82,0.488,10,18,0.556,12,23,0.522,12,34,46,22,10,3,10,27,8.0,2005-06
22005,1610612764,WAS,Washington Wizards,0020500779,2006-02-21,WAS vs. MIN,W,239,90,30,65,0.462,3,14,0.214,27,37,0.73,12,30,42,19,8,5,15,17,12.0,2005-06
22005,1610612764,WAS,Washington Wizards,0020500773,2006-02-15,WAS @ DAL,L,240,97,36,83,0.434,4,11,0.364,21,27,0.778,18,29,47,15,5,9,15,21,-6.0,2005-06
22005,1610612764,WAS,Washington Wizards,0020500753,2006-02-13,WAS @ NOK,L,240,96,34,74,0.459,3,9,0.333,25,28,0.893,12,28,40,10,6,1,15,18,-1.0,2005-06
22005,1610612764,WAS,Washington Wizards,0020500743,2006-02-12,WAS vs. PHI,W,240,107,33,82,0.402,5,17,0.294,36,43,0.837,14,30,44,22,10,6,15,24,10.0,2005-06
22005,1610612764,WAS,Washington Wizards,0020500725,2006-02-10,WAS vs. CLE,W,240,101,37,75,0.493,6,13,0.462,21,26,0.808,9,35,44,20,3,5,11,16,12.0,2005-06
22005,1610612764,WAS,Washington Wizards,0020500712,2006-02-08,WAS vs. GSW,W,240,129,39,78,0.5,3,15,0.2,48,55,0.873,14,25,39,22,7,1,16,25,5.0,2005-06
22005,1610612764,WAS,Washington Wizards,0020500699,2006-02-06,WAS vs. ORL,W,240,94,33,79,0.418,4,11,0.364,24,29,0.828,11,29,40,12,13,4,6,15,12.0,2005-06
22005,1610612764,WAS,Washington Wizards,0020500685,2006-02-04,WAS vs. ATL,W,240,98,33,80,0.413,4,10,0.4,28,31,0.903,11,29,40,16,5,4,13,30,13.0,2005-06
22005,1610612764,WAS,Washington Wizards,0020500661,2006-02-01,WAS @ TOR,L,240,112,42,81,0.519,9,17,0.529,19,27,0.704,10,23,33,26,8,5,11,21,-5.0,2005-06
22005,1610612764,WAS,Washington Wizards,0020500656,2006-01-31,WAS vs. IND,W,240,84,33,70,0.471,3,9,0.333,15,28,0.536,10,36,46,18,8,0,17,16,5.0,2005-06
22005,1610612764,WAS,Washington Wizards,0020500632,2006-01-28,WAS vs. CHA,W,240,107,36,77,0.468,7,16,0.438,28,39,0.718,11,36,47,19,2,4,12,22,10.0,2005-06
22005,1610612764,WAS,Washington Wizards,0020500626,2006-01-27,WAS @ CHI,L,240,79,31,86,0.36,4,19,0.211,13,20,0.65,22,31,53,13,7,5,16,26,-10.0,2005-06
22005,1610612764,WAS,Washington Wizards,0020500606,2006-01-25,WAS @ BOS,W,240,89,33,83,0.398,4,11,0.364,19,26,0.731,15,25,40,16,9,4,15,21,2.0,2005-06
22005,1610612764,WAS,Washington Wizards,0020500584,2006-01-22,WAS vs. MEM,L,240,82,29,74,0.392,6,14,0.429,18,26,0.692,12,28,40,18,7,5,12,18,-11.0,2005-06
22005,1610612764,WAS,Washington Wizards,0020500565,2006-01-20,WAS vs. NOK,W,240,110,43,83,0.518,5,10,0.5,19,24,0.792,13,32,45,22,5,3,14,16,11.0,2005-06
22005,1610612764,WAS,Washington Wizards,0020500552,2006-01-18,WAS @ ORL,L,240,98,30,75,0.4,7,21,0.333,31,41,0.756,9,25,34,16,7,7,9,24,-8.0,2005-06
22005,1610612764,WAS,Washington Wizards,0020500537,2006-01-16,WAS vs. PHI,W,240,104,37,87,0.425,4,14,0.286,26,32,0.813,21,34,55,22,8,9,8,18,28.0,2005-06
22005,1610612764,WAS,Washington Wizards,0020500522,2006-01-14,WAS @ ATL,W,210,114,35,80,0.438,5,15,0.333,39,51,0.765,9,29,38,19,11,4,13,22,8.0,2005-06
22005,1610612764,WAS,Washington Wizards,0020500513,2006-01-13,WAS @ IND,W,240,94,33,72,0.458,3,7,0.429,25,34,0.735,9,32,41,13,11,6,11,23,9.0,2005-06
22005,1610612764,WAS,Washington Wizards,0020500502,2006-01-11,WAS vs. ATL,W,240,103,41,81,0.506,6,12,0.5,15,31,0.484,22,30,52,21,15,7,17,22,31.0,2005-06
22005,1610612764,WAS,Washington Wizards,0020500487,2006-01-09,WAS vs. UTA,L,240,89,33,72,0.458,3,8,0.375,20,27,0.741,8,26,34,20,9,5,19,21,-8.0,2005-06
22005,1610612764,WAS,Washington Wizards,0020500472,2006-01-07,WAS vs. BOS,W,240,103,36,83,0.434,3,12,0.25,28,38,0.737,13,24,37,22,9,2,11,22,1.0,2005-06
22005,1610612764,WAS,Washington Wizards,0020500462,2006-01-06,WAS @ NYK,L,239,92,34,82,0.415,3,13,0.231,21,28,0.75,10,20,30,16,9,3,11,24,-21.0,2005-06
22005,1610612764,WAS,Washington Wizards,0020500441,2006-01-03,WAS vs. HOU,L,252,111,36,85,0.424,10,22,0.455,29,33,0.879,15,22,37,23,4,2,9,22,-12.0,2005-06
22005,1610612764,WAS,Washington Wizards,0020500417,2005-12-30,WAS vs. MIA,L,240,113,35,92,0.38,6,16,0.375,37,45,0.822,16,26,42,17,6,3,10,33,-15.0,2005-06
22005,1610612764,WAS,Washington Wizards,0020500406,2005-12-28,WAS vs. PHX,L,240,99,41,84,0.488,3,15,0.2,14,20,0.7,9,35,44,17,7,2,19,23,-5.0,2005-06
22005,1610612764,WAS,Washington Wizards,0020500387,2005-12-26,WAS vs. LAL,W,240,94,31,81,0.383,5,21,0.238,27,33,0.818,17,31,48,13,5,3,12,30,3.0,2005-06
22005,1610612764,WAS,Washington Wizards,0020500383,2005-12-23,WAS @ PHX,W,240,112,41,82,0.5,9,13,0.692,21,31,0.677,14,38,52,14,3,0,15,18,1.0,2005-06
22005,1610612764,WAS,Washington Wizards,0020500368,2005-12-21,WAS @ DEN,W,240,116,45,84,0.536,3,11,0.273,23,33,0.697,13,32,45,25,10,4,21,32,6.0,2005-06
22005,1610612764,WAS,Washington Wizards,0020500351,2005-12-19,WAS @ SEA,L,240,101,37,78,0.474,5,17,0.294,22,24,0.917,11,25,36,24,7,4,13,23,-10.0,2005-06
22005,1610612764,WAS,Washington Wizards,0020500345,2005-12-18,WAS @ POR,L,240,92,33,78,0.423,8,22,0.364,18,21,0.857,9,26,35,16,4,6,12,26,-5.0,2005-06
22005,1610612764,WAS,Washington Wizards,0020500332,2005-12-16,WAS @ LAL,L,240,91,26,76,0.342,6,24,0.25,33,37,0.892,8,23,31,15,7,1,11,27,-6.0,2005-06
22005,1610612764,WAS,Washington Wizards,0020500300,2005-12-13,WAS vs. NJN,W,240,94,33,67,0.493,8,15,0.533,20,30,0.667,8,35,43,20,8,0,14,23,20.0,2005-06
22005,1610612764,WAS,Washington Wizards,0020500291,2005-12-11,WAS @ MIA,L,266,101,36,93,0.387,7,24,0.292,22,29,0.759,13,35,48,18,5,7,13,33,-3.0,2005-06
22005,1610612764,WAS,Washington Wizards,0020500280,2005-12-10,WAS vs. CHI,L,240,111,36,77,0.468,5,15,0.333,34,41,0.829,11,27,38,18,13,5,22,26,-7.0,2005-06
22005,1610612764,WAS,Washington Wizards,0020500268,2005-12-08,WAS @ IND,L,238,87,30,88,0.341,4,20,0.2,23,29,0.793,14,28,42,15,4,3,6,16,-24.0,2005-06
22005,1610612764,WAS,Washington Wizards,0020500249,2005-12-06,WAS vs. TOR,W,266,119,45,90,0.5,7,19,0.368,22,36,0.611,12,32,44,25,10,5,12,20,8.0,2005-06
22005,1610612764,WAS,Washington Wizards,0020500219,2005-12-02,WAS vs. MIL,L,240,102,41,80,0.513,5,14,0.357,15,23,0.652,8,33,41,19,7,5,12,17,-3.0,2005-06
22005,1610612764,WAS,Washington Wizards,0020500207,2005-11-30,WAS vs. POR,W,240,96,36,96,0.375,4,14,0.286,20,24,0.833,21,34,55,17,10,5,15,18,7.0,2005-06
22005,1610612764,WAS,Washington Wizards,0020500184,2005-11-26,WAS @ CHA,L,240,82,30,76,0.395,5,19,0.263,17,25,0.68,12,31,43,16,5,2,20,24,-18.0,2005-06
22005,1610612764,WAS,Washington Wizards,0020500173,2005-11-25,WAS @ DET,W,290,120,36,100,0.36,10,26,0.385,38,46,0.826,25,36,61,18,11,5,11,29,6.0,2005-06
22005,1610612764,WAS,Washington Wizards,0020500157,2005-11-23,WAS @ ORL,L,240,83,31,79,0.392,5,20,0.25,16,20,0.8,14,26,40,18,10,5,12,17,-8.0,2005-06
22005,1610612764,WAS,Washington Wizards,0020500150,2005-11-22,WAS vs. DEN,L,240,105,37,91,0.407,6,19,0.316,25,33,0.758,11,29,40,23,6,6,14,28,-3.0,2005-06
22005,1610612764,WAS,Washington Wizards,0020500134,2005-11-19,WAS @ NJN,L,240,83,31,82,0.378,4,13,0.308,17,31,0.548,18,23,41,14,15,5,16,25,-6.0,2005-06
22005,1610612764,WAS,Washington Wizards,0020500119,2005-11-17,WAS @ MIN,L,240,98,37,80,0.463,8,13,0.615,16,19,0.842,7,24,31,14,7,5,11,16,-11.0,2005-06
22005,1610612764,WAS,Washington Wizards,0020500100,2005-11-15,WAS @ CLE,L,240,99,33,78,0.423,4,17,0.235,29,41,0.707,11,29,40,19,7,4,9,21,-15.0,2005-06
22005,1610612764,WAS,Washington Wizards,0020500081,2005-11-12,WAS vs. SAS,W,240,110,43,78,0.551,7,14,0.5,17,25,0.68,7,33,40,21,9,3,13,18,15.0,2005-06
22005,1610612764,WAS,Washington Wizards,0020500072,2005-11-11,WAS vs. SEA,W,239,137,48,82,0.585,8,17,0.471,33,41,0.805,13,28,41,31,10,2,12,27,41.0,2005-06
22005,1610612764,WAS,Washington Wizards,0020500057,2005-11-09,WAS vs. LAC,L,240,97,35,94,0.372,4,17,0.235,23,29,0.793,18,27,45,20,5,3,8,19,-5.0,2005-06
22005,1610612764,WAS,Washington Wizards,0020500031,2005-11-05,WAS vs. ORL,W,240,87,29,71,0.408,5,20,0.25,24,37,0.649,14,32,46,12,5,12,12,22,8.0,2005-06
22005,1610612764,WAS,Washington Wizards,0020500024,2005-11-04,WAS @ NYK,W,240,86,34,76,0.447,7,19,0.368,11,15,0.733,10,25,35,17,10,6,19,28,11.0,2005-06
22005,1610612764,WAS,Washington Wizards,0020500004,2005-11-02,WAS @ TOR,W,240,99,41,85,0.482,4,15,0.267,13,24,0.542,10,34,44,28,4,4,12,22,3.0,2005-06
42005,1610612764,WAS,Washington Wizards,0040500136,2006-05-05,WAS vs. CLE,L,265,113,41,90,0.456,7,20,0.35,24,33,0.727,17,28,45,27,6,4,15,22,-1.0,2005-06
42005,1610612764,WAS,Washington Wizards,0040500135,2006-05-03,WAS @ CLE,L,265,120,44,84,0.524,9,20,0.45,23,29,0.793,11,23,34,23,6,1,11,31,-1.0,2005-06
42005,1610612764,WAS,Washington Wizards,0040500134,2006-04-30,WAS vs. CLE,W,240,106,33,78,0.423,8,20,0.4,32,40,0.8,14,25,39,16,7,3,11,21,10.0,2005-06
42005,1610612764,WAS,Washington Wizards,0040500133,2006-04-28,WAS vs. CLE,L,240,96,34,71,0.479,2,13,0.154,26,33,0.788,7,34,41,11,5,12,17,21,-1.0,2005-06
42005,1610612764,WAS,Washington Wizards,0040500132,2006-04-25,WAS @ CLE,W,240,89,31,78,0.397,8,20,0.4,19,29,0.655,11,29,40,13,10,5,11,20,5.0,2005-06
42005,1610612764,WAS,Washington Wizards,0040500131,2006-04-22,WAS @ CLE,L,239,86,29,71,0.408,3,22,0.136,25,36,0.694,9,27,36,15,7,8,10,21,-11.0,2005-06
22006,1610612764,WAS,Washington Wizards,0020601223,2007-04-18,WAS @ IND,W,240,98,31,65,0.477,4,13,0.308,32,44,0.727,4,35,39,17,6,8,11,22,3.0,2006-07
22006,1610612764,WAS,Washington Wizards,0020601212,2007-04-17,WAS vs. ORL,L,240,89,28,80,0.35,8,26,0.308,25,44,0.568,18,24,42,16,6,8,9,20,-6.0,2006-07
22006,1610612764,WAS,Washington Wizards,0020601195,2007-04-15,WAS vs. CHI,L,241,68,27,80,0.338,6,20,0.3,8,19,0.421,15,27,42,15,4,6,16,23,-33.0,2006-07
22006,1610612764,WAS,Washington Wizards,0020601178,2007-04-13,WAS @ ATL,W,239,98,36,73,0.493,9,22,0.409,17,26,0.654,14,23,37,27,7,1,16,23,13.0,2006-07
22006,1610612764,WAS,Washington Wizards,0020601165,2007-04-11,WAS @ MIA,L,239,82,33,84,0.393,6,18,0.333,10,14,0.714,15,29,44,17,6,2,14,17,-3.0,2006-07
22006,1610612764,WAS,Washington Wizards,0020601158,2007-04-10,WAS vs. NJN,L,243,92,31,75,0.413,5,19,0.263,25,35,0.714,8,27,35,17,6,2,10,26,-4.0,2006-07
22006,1610612764,WAS,Washington Wizards,0020601136,2007-04-07,WAS @ NJN,L,266,114,41,94,0.436,13,32,0.406,19,23,0.826,11,27,38,32,13,2,11,26,-6.0,2006-07
22006,1610612764,WAS,Washington Wizards,0020601126,2007-04-06,WAS vs. CLE,L,241,94,38,74,0.514,6,18,0.333,12,22,0.545,9,31,40,22,3,4,23,25,-5.0,2006-07
22006,1610612764,WAS,Washington Wizards,0020601108,2007-04-04,WAS vs. CHA,L,241,100,35,76,0.461,7,16,0.438,23,30,0.767,12,30,42,23,5,4,15,15,-8.0,2006-07
22006,1610612764,WAS,Washington Wizards,0020601100,2007-04-03,WAS @ CHA,L,240,102,40,91,0.44,6,19,0.316,16,24,0.667,15,28,43,17,6,6,15,16,-20.0,2006-07
22006,1610612764,WAS,Washington Wizards,0020601091,2007-04-01,WAS @ MIL,W,241,121,44,81,0.543,9,17,0.529,24,32,0.75,9,31,40,32,9,3,12,19,14.0,2006-07
22006,1610612764,WAS,Washington Wizards,0020601073,2007-03-30,WAS vs. TOR,L,265,118,39,98,0.398,7,25,0.28,33,45,0.733,13,39,52,24,9,2,8,22,-5.0,2006-07
22006,1610612764,WAS,Washington Wizards,0020601059,2007-03-28,WAS vs. PHI,W,240,111,40,84,0.476,6,14,0.429,25,28,0.893,10,32,42,22,7,3,15,16,3.0,2006-07
22006,1610612764,WAS,Washington Wizards,0020601051,2007-03-26,WAS @ UTA,L,240,97,29,73,0.397,6,18,0.333,33,45,0.733,9,31,40,17,8,3,14,31,-6.0,2006-07
22006,1610612764,WAS,Washington Wizards,0020601035,2007-03-24,WAS @ LAC,L,239,105,38,90,0.422,5,23,0.217,24,31,0.774,14,30,44,24,7,2,7,29,-6.0,2006-07
22006,1610612764,WAS,Washington Wizards,0020601030,2007-03-23,WAS @ GSW,L,240,128,48,90,0.533,13,34,0.382,19,28,0.679,17,27,44,36,13,2,25,28,-7.0,2006-07
22006,1610612764,WAS,Washington Wizards,0020601014,2007-03-21,WAS @ SEA,W,240,108,39,88,0.443,11,31,0.355,19,27,0.704,9,26,35,21,5,8,7,22,2.0,2006-07
22006,1610612764,WAS,Washington Wizards,0020601006,2007-03-20,WAS @ POR,L,237,98,33,82,0.402,8,26,0.308,24,31,0.774,6,36,42,23,5,5,13,24,-2.0,2006-07
22006,1610612764,WAS,Washington Wizards,0020600979,2007-03-17,WAS vs. NOK,W,241,125,52,89,0.584,9,22,0.409,12,18,0.667,12,31,43,24,9,2,9,19,22.0,2006-07
22006,1610612764,WAS,Washington Wizards,0020600961,2007-03-14,WAS @ IND,W,240,112,40,79,0.506,8,20,0.4,24,32,0.75,7,37,44,19,7,5,12,22,16.0,2006-07
22006,1610612764,WAS,Washington Wizards,0020600939,2007-03-11,WAS @ MIA,L,239,104,32,73,0.438,5,14,0.357,35,41,0.854,15,33,48,10,1,3,14,22,-2.0,2006-07
22006,1610612764,WAS,Washington Wizards,0020600927,2007-03-10,WAS vs. NYK,L,240,89,29,72,0.403,5,16,0.313,26,31,0.839,8,27,35,16,7,4,15,25,-1.0,2006-07
22006,1610612764,WAS,Washington Wizards,0020600909,2007-03-07,WAS @ ATL,L,241,97,37,85,0.435,4,19,0.211,19,20,0.95,12,27,39,15,10,5,21,29,-3.0,2006-07
22006,1610612764,WAS,Washington Wizards,0020600900,2007-03-06,WAS vs. TOR,W,239,129,45,88,0.511,10,23,0.435,29,35,0.829,17,32,49,29,8,10,17,24,20.0,2006-07
22006,1610612764,WAS,Washington Wizards,0020600888,2007-03-04,WAS vs. GSW,W,239,107,37,85,0.435,6,17,0.353,27,34,0.794,11,33,44,18,12,6,14,25,1.0,2006-07
22006,1610612764,WAS,Washington Wizards,0020600870,2007-03-02,WAS vs. ATL,W,240,93,38,87,0.437,6,14,0.429,11,16,0.688,18,28,46,22,7,5,15,20,1.0,2006-07
22006,1610612764,WAS,Washington Wizards,0020600856,2007-02-28,WAS vs. MIA,L,238,83,29,81,0.358,7,25,0.28,18,24,0.75,13,30,43,19,6,7,11,17,-9.0,2006-07
22006,1610612764,WAS,Washington Wizards,0020600852,2007-02-27,WAS @ NJN,L,241,101,37,85,0.435,10,26,0.385,17,24,0.708,10,28,38,22,8,3,10,22,-12.0,2006-07
22006,1610612764,WAS,Washington Wizards,0020600836,2007-02-25,WAS @ MIN,L,240,94,32,85,0.376,7,29,0.241,23,26,0.885,14,27,41,18,5,8,13,23,-4.0,2006-07
22006,1610612764,WAS,Washington Wizards,0020600820,2007-02-23,WAS @ CHI,L,243,90,32,76,0.421,3,8,0.375,23,31,0.742,6,34,40,14,4,8,14,24,-15.0,2006-07
22006,1610612764,WAS,Washington Wizards,0020600811,2007-02-22,WAS vs. SAC,W,239,109,38,80,0.475,5,15,0.333,28,34,0.824,11,31,42,18,12,3,23,26,3.0,2006-07
22006,1610612764,WAS,Washington Wizards,0020600790,2007-02-20,WAS vs. MIN,W,240,112,39,77,0.506,3,16,0.188,31,39,0.795,8,33,41,23,6,5,14,22,12.0,2006-07
22006,1610612764,WAS,Washington Wizards,0020600776,2007-02-14,WAS @ PHI,W,240,92,33,82,0.402,2,13,0.154,24,31,0.774,16,32,48,19,10,6,12,20,7.0,2006-07
22006,1610612764,WAS,Washington Wizards,0020600756,2007-02-11,WAS vs. POR,L,240,73,27,71,0.38,1,15,0.067,18,18,1.0,10,22,32,8,5,2,19,25,-21.0,2006-07
22006,1610612764,WAS,Washington Wizards,0020600727,2007-02-07,WAS vs. SAS,L,240,83,29,89,0.326,1,10,0.1,24,28,0.857,23,24,47,11,9,3,11,18,-27.0,2006-07
22006,1610612764,WAS,Washington Wizards,0020600713,2007-02-05,WAS vs. SEA,W,240,118,41,83,0.494,5,15,0.333,31,41,0.756,17,23,40,25,9,6,14,18,10.0,2006-07
22006,1610612764,WAS,Washington Wizards,0020600699,2007-02-03,WAS vs. LAL,L,240,102,33,91,0.363,9,28,0.321,27,34,0.794,19,26,45,16,7,4,12,23,-16.0,2006-07
22006,1610612764,WAS,Washington Wizards,0020600674,2007-01-31,WAS @ TOR,L,234,109,36,73,0.493,7,14,0.5,30,36,0.833,5,27,32,18,5,2,12,19,-10.0,2006-07
22006,1610612764,WAS,Washington Wizards,0020600668,2007-01-30,WAS vs. DET,W,235,104,38,77,0.494,6,21,0.286,22,30,0.733,11,24,35,24,8,4,12,19,5.0,2006-07
22006,1610612764,WAS,Washington Wizards,0020600658,2007-01-28,WAS @ BOS,W,240,105,41,87,0.471,6,19,0.316,17,23,0.739,19,31,50,25,11,4,15,18,14.0,2006-07
22006,1610612764,WAS,Washington Wizards,0020600638,2007-01-26,WAS @ DET,W,237,99,35,80,0.438,6,23,0.261,23,26,0.885,11,25,36,21,6,1,7,19,3.0,2006-07
22006,1610612764,WAS,Washington Wizards,0020600616,2007-01-23,WAS vs. PHX,L,233,105,41,89,0.461,6,19,0.316,17,23,0.739,12,25,37,14,8,2,10,18,-22.0,2006-07
22006,1610612764,WAS,Washington Wizards,0020600595,2007-01-20,WAS vs. BOS,W,259,115,45,94,0.479,8,21,0.381,17,24,0.708,11,26,37,31,7,9,12,22,5.0,2006-07
22006,1610612764,WAS,Washington Wizards,0020600583,2007-01-19,WAS @ ORL,W,233,114,42,96,0.438,9,18,0.5,21,25,0.84,23,27,50,18,12,4,7,17,21.0,2006-07
22006,1610612764,WAS,Washington Wizards,0020600569,2007-01-17,WAS vs. NYK,W,240,99,40,87,0.46,4,24,0.167,15,20,0.75,12,31,43,26,7,5,11,15,1.0,2006-07
22006,1610612764,WAS,Washington Wizards,0020600555,2007-01-15,WAS vs. UTA,W,240,114,34,75,0.453,9,19,0.474,37,40,0.925,14,25,39,18,7,4,13,27,3.0,2006-07
22006,1610612764,WAS,Washington Wizards,0020600544,2007-01-13,WAS @ SAS,L,240,80,27,87,0.31,3,13,0.231,23,33,0.697,19,25,44,8,14,6,16,21,-13.0,2006-07
22006,1610612764,WAS,Washington Wizards,0020600536,2007-01-12,WAS @ NOK,L,240,97,37,79,0.468,7,22,0.318,16,18,0.889,11,20,31,18,13,2,16,20,-7.0,2006-07
22006,1610612764,WAS,Washington Wizards,0020600516,2007-01-10,WAS vs. CHI,W,240,113,38,86,0.442,9,18,0.5,28,33,0.848,13,27,40,20,10,5,8,25,10.0,2006-07
22006,1610612764,WAS,Washington Wizards,0020600498,2007-01-07,WAS @ TOR,L,240,111,35,80,0.438,10,26,0.385,31,41,0.756,11,29,40,19,1,2,11,24,-5.0,2006-07
22006,1610612764,WAS,Washington Wizards,0020600480,2007-01-05,WAS vs. LAC,W,240,116,48,93,0.516,5,23,0.217,15,20,0.75,7,29,36,26,14,11,11,22,11.0,2006-07
22006,1610612764,WAS,Washington Wizards,0020600468,2007-01-03,WAS vs. MIL,W,240,108,46,93,0.495,9,25,0.36,7,12,0.583,16,32,48,32,10,5,17,15,3.0,2006-07
22006,1610612764,WAS,Washington Wizards,0020600447,2006-12-30,WAS @ MIL,L,240,102,41,93,0.441,7,22,0.318,13,18,0.722,16,28,44,21,4,6,10,17,-17.0,2006-07
22006,1610612764,WAS,Washington Wizards,0020600430,2006-12-29,WAS vs. ORL,W,240,112,38,70,0.543,3,11,0.273,33,41,0.805,9,28,37,18,6,4,16,22,1.0,2006-07
22006,1610612764,WAS,Washington Wizards,0020600416,2006-12-27,WAS @ CHA,W,240,114,36,68,0.529,7,16,0.438,35,48,0.729,4,32,36,17,5,1,17,25,7.0,2006-07
22006,1610612764,WAS,Washington Wizards,0020600404,2006-12-26,WAS vs. MEM,W,240,116,43,88,0.489,10,18,0.556,20,24,0.833,9,25,34,24,13,5,14,25,15.0,2006-07
22006,1610612764,WAS,Washington Wizards,0020600391,2006-12-22,WAS @ PHX,W,265,144,54,101,0.535,10,19,0.526,26,29,0.897,9,39,48,13,9,0,11,26,5.0,2006-07
22006,1610612764,WAS,Washington Wizards,0020600378,2006-12-21,WAS @ SAC,W,240,126,44,89,0.494,11,22,0.5,27,39,0.692,20,31,51,20,10,2,17,23,7.0,2006-07
22006,1610612764,WAS,Washington Wizards,0020600360,2006-12-18,WAS @ DEN,L,240,108,44,112,0.393,8,33,0.242,12,18,0.667,19,31,50,25,11,5,10,34,-9.0,2006-07
22006,1610612764,WAS,Washington Wizards,0020600355,2006-12-17,WAS @ LAL,W,265,147,44,87,0.506,12,22,0.545,47,60,0.783,9,36,45,24,5,2,9,26,6.0,2006-07
22006,1610612764,WAS,Washington Wizards,0020600330,2006-12-15,WAS vs. MIA,W,269,106,41,84,0.488,10,29,0.345,14,18,0.778,11,29,40,25,9,10,12,18,11.0,2006-07
22006,1610612764,WAS,Washington Wizards,0020600314,2006-12-13,WAS vs. DEN,W,198,120,44,88,0.5,9,28,0.321,23,26,0.885,11,28,39,26,8,4,12,20,29.0,2006-07
22006,1610612764,WAS,Washington Wizards,0020600286,2006-12-09,WAS vs. HOU,L,240,109,35,88,0.398,12,26,0.462,27,38,0.711,16,21,37,20,9,5,10,24,-5.0,2006-07
22006,1610612764,WAS,Washington Wizards,0020600278,2006-12-08,WAS @ PHI,W,240,113,40,80,0.5,9,22,0.409,24,30,0.8,11,27,38,17,10,4,10,16,15.0,2006-07
22006,1610612764,WAS,Washington Wizards,0020600265,2006-12-06,WAS @ NYK,W,240,113,41,84,0.488,14,20,0.7,17,21,0.81,7,27,34,18,8,6,10,25,11.0,2006-07
22006,1610612764,WAS,Washington Wizards,0020600248,2006-12-04,WAS vs. DAL,W,240,106,45,91,0.495,5,12,0.417,11,16,0.688,17,36,53,24,2,3,12,24,9.0,2006-07
22006,1610612764,WAS,Washington Wizards,0020600238,2006-12-02,WAS @ CHI,L,240,94,31,73,0.425,3,12,0.25,29,41,0.707,9,27,36,18,4,8,14,25,-18.0,2006-07
22006,1610612764,WAS,Washington Wizards,0020600225,2006-12-01,WAS vs. CHA,W,185,121,46,84,0.548,6,13,0.462,23,32,0.719,14,24,38,28,10,4,16,21,12.0,2006-07
22006,1610612764,WAS,Washington Wizards,0020600204,2006-11-28,WAS vs. ATL,W,240,96,31,66,0.47,8,19,0.421,26,32,0.813,6,32,38,21,11,6,20,23,1.0,2006-07
22006,1610612764,WAS,Washington Wizards,0020600184,2006-11-25,WAS vs. DET,L,240,111,42,85,0.494,9,27,0.333,18,23,0.783,13,29,42,23,3,2,17,26,-4.0,2006-07
22006,1610612764,WAS,Washington Wizards,0020600177,2006-11-24,WAS @ MEM,L,240,80,34,85,0.4,4,15,0.267,8,15,0.533,14,35,49,18,5,7,17,29,-15.0,2006-07
22006,1610612764,WAS,Washington Wizards,0020600165,2006-11-22,WAS @ HOU,L,240,82,28,84,0.333,7,15,0.467,19,26,0.731,12,32,44,14,13,4,11,19,-4.0,2006-07
22006,1610612764,WAS,Washington Wizards,0020600155,2006-11-21,WAS @ DAL,L,240,80,27,76,0.355,2,16,0.125,24,29,0.828,10,33,43,10,5,8,16,20,-27.0,2006-07
22006,1610612764,WAS,Washington Wizards,0020600129,2006-11-18,WAS vs. CLE,W,240,111,40,84,0.476,8,18,0.444,23,29,0.793,15,26,41,19,7,6,12,17,12.0,2006-07
22006,1610612764,WAS,Washington Wizards,0020600123,2006-11-17,WAS @ DET,L,240,91,35,78,0.449,4,15,0.267,17,21,0.81,12,31,43,14,7,5,17,21,-9.0,2006-07
22006,1610612764,WAS,Washington Wizards,0020600112,2006-11-15,WAS @ NYK,L,240,82,23,73,0.315,0,15,0.0,36,40,0.9,11,28,39,10,7,2,17,24,-20.0,2006-07
22006,1610612764,WAS,Washington Wizards,0020600091,2006-11-12,WAS vs. NJN,L,265,93,33,94,0.351,7,27,0.259,20,27,0.741,15,39,54,18,5,7,10,22,-12.0,2006-07
22006,1610612764,WAS,Washington Wizards,0020600074,2006-11-10,WAS vs. MIL,W,240,116,38,80,0.475,9,18,0.5,31,38,0.816,11,31,42,24,7,6,12,23,5.0,2006-07
22006,1610612764,WAS,Washington Wizards,0020600059,2006-11-08,WAS vs. IND,W,240,117,44,85,0.518,7,16,0.438,22,32,0.688,8,31,39,26,13,4,13,25,26.0,2006-07
22006,1610612764,WAS,Washington Wizards,0020600045,2006-11-06,WAS @ ORL,L,239,103,36,79,0.456,6,16,0.375,25,34,0.735,13,25,38,15,11,7,13,21,-3.0,2006-07
22006,1610612764,WAS,Washington Wizards,0020600031,2006-11-04,WAS vs. BOS,W,240,124,43,82,0.524,7,18,0.389,31,42,0.738,8,20,28,22,11,6,10,27,7.0,2006-07
22006,1610612764,WAS,Washington Wizards,0020600009,2006-11-01,WAS @ CLE,L,240,94,36,77,0.468,2,13,0.154,20,29,0.69,9,24,33,22,7,4,11,26,-3.0,2006-07
42006,1610612764,WAS,Washington Wizards,0040600114,2007-04-30,WAS vs. CLE,L,239,90,34,80,0.425,6,19,0.316,16,18,0.889,6,29,35,20,4,0,12,21,-7.0,2006-07
42006,1610612764,WAS,Washington Wizards,0040600113,2007-04-28,WAS vs. CLE,L,241,92,36,83,0.434,7,22,0.318,13,16,0.813,11,22,33,18,6,3,7,16,-6.0,2006-07
42006,1610612764,WAS,Washington Wizards,0040600112,2007-04-25,WAS @ CLE,L,240,102,38,90,0.422,6,22,0.273,20,28,0.714,13,25,38,20,7,5,5,23,-7.0,2006-07
42006,1610612764,WAS,Washington Wizards,0040600111,2007-04-22,WAS @ CLE,L,240,82,29,79,0.367,6,19,0.316,18,25,0.72,11,29,40,17,5,4,11,25,-15.0,2006-07
22007,1610612764,WAS,Washington Wizards,0020701218,2008-04-16,WAS @ ORL,L,241,83,36,76,0.474,4,16,0.25,7,13,0.538,11,30,41,20,4,1,12,15,-20.0,2007-08
22007,1610612764,WAS,Washington Wizards,0020701205,2008-04-14,WAS vs. IND,W,239,117,43,95,0.453,13,24,0.542,18,30,0.6,20,38,58,22,4,2,12,25,7.0,2007-08
22007,1610612764,WAS,Washington Wizards,0020701188,2008-04-12,WAS vs. PHI,W,239,109,40,84,0.476,12,22,0.545,17,23,0.739,18,30,48,24,9,7,11,18,16.0,2007-08
22007,1610612764,WAS,Washington Wizards,0020701183,2008-04-11,WAS @ DET,L,241,74,23,85,0.271,7,26,0.269,21,26,0.808,17,24,41,12,6,5,9,18,-28.0,2007-08
22007,1610612764,WAS,Washington Wizards,0020701166,2008-04-09,WAS vs. BOS,W,239,109,40,78,0.513,9,24,0.375,20,29,0.69,9,27,36,25,11,2,10,19,14.0,2007-08
22007,1610612764,WAS,Washington Wizards,0020701141,2008-04-05,WAS @ CHI,W,240,99,39,82,0.476,5,21,0.238,16,17,0.941,17,36,53,20,4,4,18,17,12.0,2007-08
22007,1610612764,WAS,Washington Wizards,0020701128,2008-04-04,WAS vs. MIA,W,240,109,38,73,0.521,12,22,0.545,21,24,0.875,12,28,40,28,5,6,10,14,14.0,2007-08
22007,1610612764,WAS,Washington Wizards,0020701113,2008-04-02,WAS vs. MIL,L,241,109,43,77,0.558,7,17,0.412,16,23,0.696,8,26,34,22,12,3,16,22,-1.0,2007-08
22007,1610612764,WAS,Washington Wizards,0020701102,2008-03-31,WAS @ UTA,L,239,87,30,68,0.441,5,16,0.313,22,27,0.815,9,14,23,16,6,4,15,18,-42.0,2007-08
22007,1610612764,WAS,Washington Wizards,0020701098,2008-03-30,WAS @ LAL,L,265,120,41,88,0.466,17,30,0.567,21,29,0.724,9,34,43,29,6,5,7,22,-6.0,2007-08
22007,1610612764,WAS,Washington Wizards,0020701081,2008-03-28,WAS @ SAC,W,239,114,41,89,0.461,8,20,0.4,24,30,0.8,12,30,42,20,8,3,14,21,6.0,2007-08
22007,1610612764,WAS,Washington Wizards,0020701068,2008-03-26,WAS @ SEA,W,240,104,38,82,0.463,10,28,0.357,18,20,0.9,8,24,32,22,11,6,9,21,5.0,2007-08
22007,1610612764,WAS,Washington Wizards,0020701057,2008-03-25,WAS @ POR,L,241,82,29,81,0.358,8,20,0.4,16,20,0.8,12,24,36,19,5,3,7,18,-20.0,2007-08
22007,1610612764,WAS,Washington Wizards,0020701042,2008-03-23,WAS vs. DET,W,240,95,38,72,0.528,6,16,0.375,13,17,0.765,7,26,33,21,3,3,10,15,12.0,2007-08
22007,1610612764,WAS,Washington Wizards,0020701023,2008-03-21,WAS @ MIA,W,240,103,41,77,0.532,11,26,0.423,10,19,0.526,10,28,38,25,10,5,12,19,17.0,2007-08
22007,1610612764,WAS,Washington Wizards,0020701008,2008-03-19,WAS @ ORL,W,239,87,35,82,0.427,6,18,0.333,11,17,0.647,12,33,45,17,8,7,11,25,1.0,2007-08
22007,1610612764,WAS,Washington Wizards,0020700991,2008-03-17,WAS vs. ATL,L,239,96,37,81,0.457,6,17,0.353,16,20,0.8,14,20,34,20,7,2,9,15,-9.0,2007-08
22007,1610612764,WAS,Washington Wizards,0020700977,2008-03-15,WAS vs. LAC,W,265,119,37,88,0.42,11,26,0.423,34,43,0.791,16,33,49,23,10,2,10,25,10.0,2007-08
22007,1610612764,WAS,Washington Wizards,0020700963,2008-03-13,WAS vs. CLE,W,238,101,36,74,0.486,7,19,0.368,22,32,0.688,7,29,36,20,8,1,9,25,2.0,2007-08
22007,1610612764,WAS,Washington Wizards,0020700946,2008-03-11,WAS vs. MIL,W,240,105,42,84,0.5,4,10,0.4,17,23,0.739,12,28,40,26,9,8,16,18,8.0,2007-08
22007,1610612764,WAS,Washington Wizards,0020700925,2008-03-08,WAS vs. CHA,L,240,97,32,75,0.427,11,32,0.344,22,30,0.733,9,29,38,23,8,8,12,27,-3.0,2007-08
22007,1610612764,WAS,Washington Wizards,0020700912,2008-03-07,WAS @ TOR,W,264,110,41,82,0.5,8,21,0.381,20,21,0.952,10,39,49,24,7,8,21,21,4.0,2007-08
22007,1610612764,WAS,Washington Wizards,0020700897,2008-03-05,WAS vs. ORL,L,241,92,35,82,0.427,9,21,0.429,13,16,0.813,9,28,37,22,5,7,15,20,-30.0,2007-08
22007,1610612764,WAS,Washington Wizards,0020700879,2008-03-02,WAS vs. NOH,W,239,101,35,81,0.432,6,21,0.286,25,31,0.806,15,29,44,19,9,7,7,18,17.0,2007-08
22007,1610612764,WAS,Washington Wizards,0020700862,2008-02-29,WAS @ CHI,W,240,97,36,86,0.419,1,9,0.111,24,34,0.706,17,28,45,16,11,10,15,21,6.0,2007-08
22007,1610612764,WAS,Washington Wizards,0020700842,2008-02-26,WAS @ HOU,L,240,69,26,83,0.313,4,13,0.308,13,23,0.565,9,28,37,11,8,3,5,9,-25.0,2007-08
22007,1610612764,WAS,Washington Wizards,0020700832,2008-02-25,WAS @ NOH,W,240,95,34,80,0.425,6,18,0.333,21,24,0.875,10,25,35,11,11,2,7,18,3.0,2007-08
22007,1610612764,WAS,Washington Wizards,0020700816,2008-02-23,WAS vs. CHA,W,241,110,45,94,0.479,6,15,0.4,14,18,0.778,22,24,46,24,9,7,7,17,15.0,2007-08
22007,1610612764,WAS,Washington Wizards,0020700807,2008-02-22,WAS @ CLE,L,239,89,32,70,0.457,4,13,0.308,21,29,0.724,3,28,31,18,9,4,8,17,-1.0,2007-08
22007,1610612764,WAS,Washington Wizards,0020700780,2008-02-19,WAS vs. NYK,L,266,100,36,88,0.409,7,20,0.35,21,26,0.808,11,31,42,15,11,4,11,27,-13.0,2007-08
22007,1610612764,WAS,Washington Wizards,0020700777,2008-02-13,WAS @ LAC,W,239,91,37,85,0.435,2,11,0.182,15,21,0.714,22,29,51,16,8,3,15,21,2.0,2007-08
22007,1610612764,WAS,Washington Wizards,0020700757,2008-02-11,WAS @ GSW,L,240,117,42,90,0.467,10,21,0.476,23,26,0.885,13,30,43,19,11,2,13,23,-3.0,2007-08
22007,1610612764,WAS,Washington Wizards,0020700750,2008-02-10,WAS @ PHX,L,240,107,38,87,0.437,9,20,0.45,22,25,0.88,16,30,46,20,5,4,13,20,-1.0,2007-08
22007,1610612764,WAS,Washington Wizards,0020700736,2008-02-08,WAS @ DEN,L,240,100,40,89,0.449,4,20,0.2,16,20,0.8,11,26,37,20,12,4,11,19,-11.0,2007-08
22007,1610612764,WAS,Washington Wizards,0020700712,2008-02-06,WAS vs. SAS,L,240,77,28,79,0.354,5,22,0.227,16,19,0.842,15,26,41,13,7,5,12,17,-8.0,2007-08
22007,1610612764,WAS,Washington Wizards,0020700707,2008-02-05,WAS @ PHI,L,239,96,35,80,0.438,8,25,0.32,18,21,0.857,15,24,39,21,6,0,19,25,-5.0,2007-08
22007,1610612764,WAS,Washington Wizards,0020700696,2008-02-03,WAS vs. LAL,L,241,91,34,79,0.43,8,23,0.348,15,20,0.75,12,21,33,18,4,3,10,18,-12.0,2007-08
22007,1610612764,WAS,Washington Wizards,0020700681,2008-02-01,WAS vs. UTA,L,239,87,28,74,0.378,3,19,0.158,28,36,0.778,13,26,39,12,7,10,12,17,-9.0,2007-08
22007,1610612764,WAS,Washington Wizards,0020700665,2008-01-30,WAS @ TOR,L,240,83,26,71,0.366,8,21,0.381,23,30,0.767,10,26,36,13,4,5,16,13,-39.0,2007-08
22007,1610612764,WAS,Washington Wizards,0020700656,2008-01-29,WAS vs. TOR,W,266,108,40,95,0.421,10,30,0.333,18,21,0.857,19,38,57,17,5,5,13,24,4.0,2007-08
22007,1610612764,WAS,Washington Wizards,0020700645,2008-01-27,WAS @ MIL,L,265,102,35,85,0.412,12,28,0.429,20,25,0.8,15,27,42,19,11,6,14,20,-3.0,2007-08
22007,1610612764,WAS,Washington Wizards,0020700626,2008-01-25,WAS vs. MEM,W,240,104,41,83,0.494,5,17,0.294,17,25,0.68,15,32,47,24,11,5,20,23,11.0,2007-08
22007,1610612764,WAS,Washington Wizards,0020700612,2008-01-23,WAS @ CLE,L,241,85,32,82,0.39,7,22,0.318,14,20,0.7,9,20,29,21,3,4,9,19,-36.0,2007-08
22007,1610612764,WAS,Washington Wizards,0020700596,2008-01-21,WAS vs. DAL,W,240,102,39,86,0.453,11,22,0.5,13,16,0.813,11,25,36,22,11,5,7,18,18.0,2007-08
22007,1610612764,WAS,Washington Wizards,0020700574,2008-01-18,WAS vs. NYK,W,242,111,46,81,0.568,5,14,0.357,14,15,0.933,8,33,41,23,9,4,18,20,13.0,2007-08
22007,1610612764,WAS,Washington Wizards,0020700556,2008-01-15,WAS @ NYK,L,240,93,32,81,0.395,9,27,0.333,20,29,0.69,15,22,37,13,6,3,8,15,-12.0,2007-08
22007,1610612764,WAS,Washington Wizards,0020700548,2008-01-14,WAS @ BOS,W,241,88,27,70,0.386,7,21,0.333,27,30,0.9,9,28,37,16,6,5,15,23,5.0,2007-08
22007,1610612764,WAS,Washington Wizards,0020700534,2008-01-12,WAS vs. BOS,W,239,85,28,76,0.368,2,18,0.111,27,30,0.9,20,29,49,13,14,5,18,20,7.0,2007-08
22007,1610612764,WAS,Washington Wizards,0020700526,2008-01-11,WAS @ ATL,W,265,102,37,89,0.416,6,18,0.333,22,24,0.917,16,34,50,19,6,9,8,22,4.0,2007-08
22007,1610612764,WAS,Washington Wizards,0020700501,2008-01-08,WAS vs. HOU,L,240,84,30,73,0.411,6,16,0.375,18,23,0.783,8,20,28,15,7,6,15,18,-8.0,2007-08
22007,1610612764,WAS,Washington Wizards,0020700491,2008-01-06,WAS vs. SEA,W,241,108,42,87,0.483,5,14,0.357,19,24,0.792,10,33,43,26,15,4,11,19,22.0,2007-08
22007,1610612764,WAS,Washington Wizards,0020700479,2008-01-04,WAS @ MIL,W,240,101,41,74,0.554,6,16,0.375,13,16,0.813,7,34,41,24,8,5,14,13,24.0,2007-08
22007,1610612764,WAS,Washington Wizards,0020700457,2008-01-02,WAS vs. DET,L,240,93,30,67,0.448,5,18,0.278,28,32,0.875,8,27,35,13,4,2,14,18,-13.0,2007-08
22007,1610612764,WAS,Washington Wizards,0020700435,2007-12-29,WAS vs. MIA,W,241,96,36,69,0.522,8,18,0.444,16,22,0.727,5,31,36,24,11,6,14,19,22.0,2007-08
22007,1610612764,WAS,Washington Wizards,0020700423,2007-12-28,WAS @ NJN,L,240,106,38,86,0.442,8,23,0.348,22,27,0.815,17,27,44,20,7,1,10,22,-3.0,2007-08
22007,1610612764,WAS,Washington Wizards,0020700409,2007-12-26,WAS @ CHA,W,240,108,40,82,0.488,11,22,0.5,17,20,0.85,10,34,44,21,7,5,14,23,4.0,2007-08
22007,1610612764,WAS,Washington Wizards,0020700391,2007-12-22,WAS @ IND,L,239,85,31,77,0.403,5,21,0.238,18,26,0.692,11,40,51,13,5,7,15,18,-8.0,2007-08
22007,1610612764,WAS,Washington Wizards,0020700383,2007-12-21,WAS vs. ATL,L,240,92,33,74,0.446,9,24,0.375,17,22,0.773,7,26,33,14,7,3,9,25,-5.0,2007-08
22007,1610612764,WAS,Washington Wizards,0020700365,2007-12-19,WAS vs. CHI,L,240,84,34,88,0.386,7,26,0.269,9,13,0.692,12,35,47,22,7,9,18,20,-11.0,2007-08
22007,1610612764,WAS,Washington Wizards,0020700339,2007-12-15,WAS vs. SAC,W,242,92,34,81,0.42,9,22,0.409,15,17,0.882,10,31,41,20,7,3,12,22,13.0,2007-08
22007,1610612764,WAS,Washington Wizards,0020700325,2007-12-13,WAS @ MIA,W,240,104,41,90,0.456,9,22,0.409,13,18,0.722,14,34,48,19,8,4,8,17,13.0,2007-08
22007,1610612764,WAS,Washington Wizards,0020700306,2007-12-11,WAS vs. MIN,W,238,102,39,92,0.424,9,24,0.375,15,18,0.833,20,37,57,24,8,4,11,15,14.0,2007-08
22007,1610612764,WAS,Washington Wizards,0020700298,2007-12-09,WAS vs. NJN,W,240,104,33,80,0.413,4,20,0.2,34,36,0.944,12,27,39,15,10,1,8,12,15.0,2007-08
22007,1610612764,WAS,Washington Wizards,0020700277,2007-12-07,WAS vs. PHX,L,240,107,46,97,0.474,3,11,0.273,12,15,0.8,14,29,43,20,7,3,11,13,-15.0,2007-08
22007,1610612764,WAS,Washington Wizards,0020700264,2007-12-05,WAS vs. CLE,W,241,105,44,83,0.53,4,12,0.333,13,16,0.813,13,32,45,23,7,10,12,12,19.0,2007-08
22007,1610612764,WAS,Washington Wizards,0020700235,2007-12-01,WAS vs. TOR,W,240,101,39,69,0.565,10,19,0.526,13,21,0.619,5,33,38,23,6,4,15,11,4.0,2007-08
22007,1610612764,WAS,Washington Wizards,0020700225,2007-11-30,WAS @ PHI,L,239,84,33,79,0.418,6,21,0.286,12,14,0.857,7,33,40,25,5,10,18,23,-1.0,2007-08
22007,1610612764,WAS,Washington Wizards,0020700216,2007-11-28,WAS @ SAS,L,241,94,35,75,0.467,8,15,0.533,16,20,0.8,6,30,36,22,1,7,10,16,-15.0,2007-08
22007,1610612764,WAS,Washington Wizards,0020700199,2007-11-26,WAS @ DAL,W,240,110,38,75,0.507,7,19,0.368,27,34,0.794,6,32,38,13,6,3,12,22,12.0,2007-08
22007,1610612764,WAS,Washington Wizards,0020700187,2007-11-24,WAS @ MEM,L,241,118,47,95,0.495,10,19,0.526,14,18,0.778,14,25,39,24,14,4,15,24,-6.0,2007-08
22007,1610612764,WAS,Washington Wizards,0020700170,2007-11-23,WAS vs. GSW,L,240,115,43,84,0.512,6,11,0.545,23,34,0.676,18,30,48,19,6,6,12,22,-8.0,2007-08
22007,1610612764,WAS,Washington Wizards,0020700157,2007-11-21,WAS @ CHA,W,264,114,39,87,0.448,4,15,0.267,32,40,0.8,16,37,53,15,10,8,14,25,3.0,2007-08
22007,1610612764,WAS,Washington Wizards,0020700149,2007-11-20,WAS vs. PHI,W,239,116,47,82,0.573,7,16,0.438,15,18,0.833,10,31,41,29,7,7,11,13,15.0,2007-08
22007,1610612764,WAS,Washington Wizards,0020700131,2007-11-17,WAS vs. POR,W,242,109,40,89,0.449,8,22,0.364,21,22,0.955,16,26,42,26,10,3,8,24,19.0,2007-08
22007,1610612764,WAS,Washington Wizards,0020700127,2007-11-16,WAS @ MIN,W,239,105,40,77,0.519,6,16,0.375,19,26,0.731,9,31,40,20,11,2,17,21,16.0,2007-08
22007,1610612764,WAS,Washington Wizards,0020700105,2007-11-14,WAS vs. IND,W,241,103,36,74,0.486,5,18,0.278,26,30,0.867,8,32,40,23,10,6,14,17,13.0,2007-08
22007,1610612764,WAS,Washington Wizards,0020700086,2007-11-11,WAS @ ATL,W,238,101,38,88,0.432,5,17,0.294,20,25,0.8,18,35,53,26,4,3,12,25,11.0,2007-08
22007,1610612764,WAS,Washington Wizards,0020700071,2007-11-09,WAS vs. DEN,L,240,92,31,81,0.383,7,20,0.35,23,31,0.742,14,30,44,19,9,7,24,17,-26.0,2007-08
22007,1610612764,WAS,Washington Wizards,0020700063,2007-11-08,WAS @ NJN,L,240,85,29,73,0.397,5,18,0.278,22,26,0.846,8,29,37,16,9,5,15,25,-2.0,2007-08
22007,1610612764,WAS,Washington Wizards,0020700029,2007-11-03,WAS vs. ORL,L,241,82,31,89,0.348,6,23,0.261,14,20,0.7,18,32,50,15,7,6,15,20,-12.0,2007-08
22007,1610612764,WAS,Washington Wizards,0020700021,2007-11-02,WAS @ BOS,L,239,83,28,80,0.35,0,16,0.0,27,35,0.771,14,31,45,11,6,5,20,23,-20.0,2007-08
22007,1610612764,WAS,Washington Wizards,0020700006,2007-10-31,WAS @ IND,L,266,110,36,99,0.364,6,20,0.3,32,45,0.711,23,33,56,15,6,6,18,30,-9.0,2007-08
42007,1610612764,WAS,Washington Wizards,0040700136,2008-05-02,WAS vs. CLE,L,240,88,31,78,0.397,5,21,0.238,21,26,0.808,15,27,42,11,4,8,9,18,-17.0,2007-08
42007,1610612764,WAS,Washington Wizards,0040700135,2008-04-30,WAS @ CLE,W,240,88,31,76,0.408,7,19,0.368,19,25,0.76,11,28,39,13,6,3,12,24,1.0,2007-08
42007,1610612764,WAS,Washington Wizards,0040700134,2008-04-27,WAS vs. CLE,L,240,97,32,70,0.457,7,19,0.368,26,33,0.788,6,25,31,18,10,3,12,24,-3.0,2007-08
42007,1610612764,WAS,Washington Wizards,0040700133,2008-04-24,WAS vs. CLE,W,240,108,38,73,0.521,8,19,0.421,24,33,0.727,5,31,36,20,13,5,11,17,36.0,2007-08
42007,1610612764,WAS,Washington Wizards,0040700132,2008-04-21,WAS @ CLE,L,240,86,27,72,0.375,3,16,0.188,29,40,0.725,11,23,34,16,6,7,13,28,-30.0,2007-08
42007,1610612764,WAS,Washington Wizards,0040700131,2008-04-19,WAS @ CLE,L,240,86,33,82,0.402,6,24,0.25,14,17,0.824,10,32,42,16,4,3,13,26,-7.0,2007-08
22008,1610612764,WAS,Washington Wizards,0020801217,2009-04-15,WAS @ BOS,L,239,107,38,77,0.494,7,20,0.35,24,30,0.8,8,27,35,15,9,8,14,26,-8.0,2008-09
22008,1610612764,WAS,Washington Wizards,0020801203,2009-04-13,WAS vs. TOR,L,240,96,37,79,0.468,3,15,0.2,19,24,0.792,14,35,49,17,10,12,24,17,-1.0,2008-09
22008,1610612764,WAS,Washington Wizards,0020801183,2009-04-10,WAS @ TOR,W,241,100,42,83,0.506,3,9,0.333,13,20,0.65,8,36,44,22,4,11,16,15,2.0,2008-09
22008,1610612764,WAS,Washington Wizards,0020801162,2009-04-08,WAS @ CLE,L,240,86,31,73,0.425,4,9,0.444,20,27,0.741,10,29,39,14,6,6,13,19,-12.0,2008-09
22008,1610612764,WAS,Washington Wizards,0020801139,2009-04-04,WAS vs. MIA,L,239,104,38,75,0.507,5,12,0.417,23,36,0.639,10,31,41,26,8,1,13,23,-14.0,2008-09
22008,1610612764,WAS,Washington Wizards,0020801123,2009-04-02,WAS vs. CLE,W,241,109,41,81,0.506,1,10,0.1,26,30,0.867,10,32,42,27,4,3,7,17,8.0,2008-09
22008,1610612764,WAS,Washington Wizards,0020801116,2009-04-01,WAS @ MEM,L,241,107,40,83,0.482,5,14,0.357,22,25,0.88,13,28,41,16,9,7,16,25,-5.0,2008-09
22008,1610612764,WAS,Washington Wizards,0020801097,2009-03-29,WAS @ IND,L,240,115,36,84,0.429,7,15,0.467,36,45,0.8,14,30,44,10,8,4,8,14,-9.0,2008-09
22008,1610612764,WAS,Washington Wizards,0020801085,2009-03-28,WAS vs. DET,L,240,96,35,79,0.443,5,14,0.357,21,26,0.808,8,30,38,24,11,6,11,18,-2.0,2008-09
22008,1610612764,WAS,Washington Wizards,0020801064,2009-03-25,WAS vs. CHA,W,241,95,39,84,0.464,6,14,0.429,11,15,0.733,10,24,34,18,10,6,19,25,2.0,2008-09
22008,1610612764,WAS,Washington Wizards,0020801049,2009-03-23,WAS vs. CHI,L,240,99,36,91,0.396,9,26,0.346,18,23,0.783,14,35,49,21,2,3,5,19,-2.0,2008-09
22008,1610612764,WAS,Washington Wizards,0020801040,2009-03-21,WAS @ PHX,L,241,96,38,95,0.4,2,15,0.133,18,23,0.783,18,31,49,14,5,3,11,17,-32.0,2008-09
22008,1610612764,WAS,Washington Wizards,0020801032,2009-03-20,WAS @ DEN,L,241,105,37,81,0.457,4,10,0.4,27,38,0.711,18,28,46,22,12,5,23,26,-11.0,2008-09
22008,1610612764,WAS,Washington Wizards,0020801019,2009-03-18,WAS @ LAC,L,241,108,46,87,0.529,2,10,0.2,14,22,0.636,13,23,36,27,11,5,10,18,-15.0,2008-09
22008,1610612764,WAS,Washington Wizards,0020801006,2009-03-17,WAS @ UTA,L,238,88,31,87,0.356,3,10,0.3,23,29,0.793,17,32,49,12,12,3,18,23,-15.0,2008-09
22008,1610612764,WAS,Washington Wizards,0020800993,2009-03-15,WAS vs. SAC,W,240,106,37,78,0.474,7,12,0.583,25,28,0.893,8,31,39,23,10,8,13,24,2.0,2008-09
22008,1610612764,WAS,Washington Wizards,0020800971,2009-03-13,WAS vs. ORL,L,240,103,39,80,0.488,6,10,0.6,19,22,0.864,7,25,32,21,6,3,10,21,-9.0,2008-09
22008,1610612764,WAS,Washington Wizards,0020800958,2009-03-11,WAS vs. NOH,L,242,98,38,84,0.452,6,17,0.353,16,17,0.941,8,28,36,28,7,3,9,23,-11.0,2008-09
22008,1610612764,WAS,Washington Wizards,0020800946,2009-03-09,WAS @ MIN,W,240,110,41,78,0.526,2,8,0.25,26,35,0.743,11,35,46,17,7,8,10,16,11.0,2008-09
22008,1610612764,WAS,Washington Wizards,0020800932,2009-03-07,WAS @ DAL,L,240,103,39,74,0.527,8,14,0.571,17,21,0.81,7,27,34,22,9,4,22,24,-16.0,2008-09
22008,1610612764,WAS,Washington Wizards,0020800924,2009-03-06,WAS @ SAS,L,239,78,30,70,0.429,1,5,0.2,17,27,0.63,7,26,33,12,7,1,17,18,-22.0,2008-09
22008,1610612764,WAS,Washington Wizards,0020800909,2009-03-04,WAS @ OKC,L,240,83,30,75,0.4,3,9,0.333,20,25,0.8,10,20,30,14,5,2,10,15,-5.0,2008-09
22008,1610612764,WAS,Washington Wizards,0020800893,2009-03-02,WAS vs. ATL,L,240,89,37,81,0.457,2,7,0.286,13,16,0.813,12,28,40,23,5,6,12,17,-9.0,2008-09
22008,1610612764,WAS,Washington Wizards,0020800880,2009-02-28,WAS @ MIL,L,240,93,34,71,0.479,2,10,0.2,23,28,0.821,7,24,31,21,7,6,17,21,-16.0,2008-09
22008,1610612764,WAS,Washington Wizards,0020800865,2009-02-27,WAS vs. CHI,W,239,113,43,85,0.506,5,17,0.294,22,28,0.786,19,34,53,21,7,7,10,30,23.0,2008-09
22008,1610612764,WAS,Washington Wizards,0020800851,2009-02-25,WAS vs. PHI,L,241,98,38,80,0.475,6,17,0.353,16,18,0.889,12,26,38,18,12,6,21,21,-8.0,2008-09
22008,1610612764,WAS,Washington Wizards,0020800823,2009-02-21,WAS vs. SAS,L,240,67,27,81,0.333,0,9,0.0,13,22,0.591,10,26,36,14,7,8,10,15,-31.0,2008-09
22008,1610612764,WAS,Washington Wizards,0020800815,2009-02-20,WAS @ NJN,W,239,107,40,85,0.471,2,10,0.2,25,33,0.758,18,36,54,16,8,8,15,23,11.0,2008-09
22008,1610612764,WAS,Washington Wizards,0020800790,2009-02-17,WAS vs. MIN,W,240,111,40,78,0.513,5,15,0.333,26,33,0.788,10,34,44,22,7,5,17,25,8.0,2008-09
22008,1610612764,WAS,Washington Wizards,0020800773,2009-02-11,WAS @ CHA,L,240,89,35,84,0.417,9,18,0.5,10,13,0.769,13,25,38,24,9,4,16,19,-12.0,2008-09
22008,1610612764,WAS,Washington Wizards,0020800764,2009-02-10,WAS @ ATL,L,240,90,33,74,0.446,2,13,0.154,22,27,0.815,7,35,42,16,5,2,17,19,-21.0,2008-09
22008,1610612764,WAS,Washington Wizards,0020800755,2009-02-08,WAS vs. IND,W,239,119,41,80,0.513,10,17,0.588,27,33,0.818,10,25,35,24,7,5,10,28,2.0,2008-09
22008,1610612764,WAS,Washington Wizards,0020800740,2009-02-06,WAS vs. DEN,L,241,103,35,82,0.427,8,18,0.444,25,28,0.893,12,26,38,26,4,2,13,19,-21.0,2008-09
22008,1610612764,WAS,Washington Wizards,0020800722,2009-02-04,WAS vs. NJN,L,241,88,36,85,0.424,3,18,0.167,13,16,0.813,14,19,33,15,7,0,9,18,-27.0,2008-09
22008,1610612764,WAS,Washington Wizards,0020800707,2009-02-02,WAS vs. MEM,L,240,97,37,81,0.457,6,18,0.333,17,26,0.654,17,30,47,22,4,4,17,28,-16.0,2008-09
22008,1610612764,WAS,Washington Wizards,0020800696,2009-01-31,WAS vs. LAC,W,239,106,38,90,0.422,6,11,0.545,24,31,0.774,18,31,49,22,13,2,14,17,12.0,2008-09
22008,1610612764,WAS,Washington Wizards,0020800683,2009-01-30,WAS @ PHI,L,240,94,35,80,0.438,2,13,0.154,22,28,0.786,13,26,39,27,7,3,12,19,-10.0,2008-09
22008,1610612764,WAS,Washington Wizards,0020800669,2009-01-28,WAS @ MIA,L,239,71,30,81,0.37,2,13,0.154,9,13,0.692,10,32,42,14,6,1,18,17,-22.0,2008-09
22008,1610612764,WAS,Washington Wizards,0020800655,2009-01-26,WAS vs. PHX,L,240,87,32,81,0.395,4,11,0.364,19,24,0.792,8,30,38,23,10,6,13,15,-16.0,2008-09
22008,1610612764,WAS,Washington Wizards,0020800645,2009-01-24,WAS @ POR,L,242,87,32,67,0.478,10,16,0.625,13,17,0.765,8,30,38,22,4,4,26,24,-13.0,2008-09
22008,1610612764,WAS,Washington Wizards,0020800629,2009-01-22,WAS @ LAL,L,240,97,37,83,0.446,5,15,0.333,18,20,0.9,14,22,36,24,9,4,13,17,-20.0,2008-09
22008,1610612764,WAS,Washington Wizards,0020800625,2009-01-21,WAS @ SAC,W,240,110,43,83,0.518,2,14,0.143,22,27,0.815,12,35,47,16,4,4,13,21,3.0,2008-09
22008,1610612764,WAS,Washington Wizards,0020800608,2009-01-19,WAS @ GSW,L,240,98,40,90,0.444,5,18,0.278,13,19,0.684,14,24,38,20,7,2,13,21,-21.0,2008-09
22008,1610612764,WAS,Washington Wizards,0020800582,2009-01-16,WAS vs. NYK,W,240,96,37,83,0.446,7,12,0.583,15,18,0.833,10,32,42,25,10,5,12,19,7.0,2008-09
22008,1610612764,WAS,Washington Wizards,0020800570,2009-01-14,WAS @ NYK,L,241,122,46,77,0.597,10,14,0.714,20,23,0.87,12,17,29,15,4,5,13,25,-6.0,2008-09
22008,1610612764,WAS,Washington Wizards,0020800553,2009-01-12,WAS vs. MIL,L,241,91,35,80,0.438,6,13,0.462,15,17,0.882,17,25,42,20,9,5,13,19,-6.0,2008-09
22008,1610612764,WAS,Washington Wizards,0020800540,2009-01-10,WAS vs. CHA,L,239,89,34,65,0.523,1,3,0.333,20,28,0.714,9,23,32,17,5,2,15,20,-3.0,2008-09
22008,1610612764,WAS,Washington Wizards,0020800534,2009-01-09,WAS @ CHI,L,241,86,35,76,0.461,4,13,0.308,12,16,0.75,7,30,37,14,10,6,14,12,-12.0,2008-09
22008,1610612764,WAS,Washington Wizards,0020800516,2009-01-07,WAS vs. TOR,L,241,93,39,84,0.464,5,18,0.278,10,18,0.556,10,18,28,24,13,2,10,19,-6.0,2008-09
22008,1610612764,WAS,Washington Wizards,0020800507,2009-01-06,WAS @ ORL,L,241,80,34,86,0.395,3,11,0.273,9,12,0.75,8,31,39,17,8,2,15,17,-9.0,2008-09
22008,1610612764,WAS,Washington Wizards,0020800496,2009-01-04,WAS vs. CLE,W,240,80,32,78,0.41,2,10,0.2,14,19,0.737,19,33,52,12,7,7,19,25,3.0,2008-09
22008,1610612764,WAS,Washington Wizards,0020800475,2009-01-02,WAS @ BOS,L,239,83,31,81,0.383,2,12,0.167,19,28,0.679,14,21,35,22,12,4,8,18,-25.0,2008-09
22008,1610612764,WAS,Washington Wizards,0020800462,2008-12-30,WAS @ NOH,L,239,85,36,79,0.456,1,9,0.111,12,18,0.667,9,28,37,19,3,1,6,24,-12.0,2008-09
22008,1610612764,WAS,Washington Wizards,0020800455,2008-12-29,WAS @ HOU,W,240,89,36,78,0.462,1,11,0.091,16,19,0.842,6,36,42,24,5,7,10,16,2.0,2008-09
22008,1610612764,WAS,Washington Wizards,0020800438,2008-12-27,WAS vs. OKC,W,240,104,45,100,0.45,3,15,0.2,11,16,0.688,21,26,47,31,12,5,11,16,9.0,2008-09
22008,1610612764,WAS,Washington Wizards,0020800424,2008-12-25,WAS @ CLE,L,240,89,38,87,0.437,9,25,0.36,4,7,0.571,11,30,41,26,7,4,16,20,-4.0,2008-09
22008,1610612764,WAS,Washington Wizards,0020800410,2008-12-23,WAS @ CHA,L,240,72,28,87,0.322,5,18,0.278,11,12,0.917,12,29,41,9,8,4,8,20,-8.0,2008-09
22008,1610612764,WAS,Washington Wizards,0020800401,2008-12-21,WAS vs. DAL,L,239,86,30,76,0.395,5,11,0.455,21,25,0.84,14,27,41,18,12,1,16,17,-11.0,2008-09
22008,1610612764,WAS,Washington Wizards,0020800378,2008-12-19,WAS vs. PHI,L,239,103,39,82,0.476,10,27,0.37,15,23,0.652,14,29,43,23,4,3,16,29,-6.0,2008-09
22008,1610612764,WAS,Washington Wizards,0020800370,2008-12-17,WAS @ DET,L,240,74,26,78,0.333,4,13,0.308,18,27,0.667,13,30,43,13,4,2,12,20,-14.0,2008-09
22008,1610612764,WAS,Washington Wizards,0020800353,2008-12-15,WAS vs. IND,L,238,98,34,81,0.42,7,23,0.304,23,31,0.742,11,30,41,21,5,7,17,22,-20.0,2008-09
22008,1610612764,WAS,Washington Wizards,0020800339,2008-12-13,WAS @ PHI,L,240,89,34,83,0.41,7,23,0.304,14,21,0.667,13,24,37,21,4,3,15,27,-15.0,2008-09
22008,1610612764,WAS,Washington Wizards,0020800323,2008-12-11,WAS vs. BOS,L,241,88,31,72,0.431,4,18,0.222,22,27,0.815,6,20,26,16,8,9,22,28,-34.0,2008-09
22008,1610612764,WAS,Washington Wizards,0020800306,2008-12-09,WAS vs. DET,W,240,107,38,77,0.494,4,14,0.286,27,31,0.871,10,29,39,24,7,2,7,16,13.0,2008-09
22008,1610612764,WAS,Washington Wizards,0020800292,2008-12-06,WAS @ CHI,L,240,110,45,83,0.542,10,25,0.4,10,13,0.769,9,29,38,29,3,6,15,23,-7.0,2008-09
22008,1610612764,WAS,Washington Wizards,0020800277,2008-12-05,WAS vs. LAL,L,240,104,39,86,0.453,6,15,0.4,20,25,0.8,16,31,47,24,11,4,17,24,-2.0,2008-09
22008,1610612764,WAS,Washington Wizards,0020800268,2008-12-03,WAS vs. POR,L,240,92,37,73,0.507,5,15,0.333,13,17,0.765,9,25,34,21,5,5,11,19,-6.0,2008-09
22008,1610612764,WAS,Washington Wizards,0020800256,2008-12-02,WAS @ NJN,W,240,108,44,85,0.518,13,24,0.542,7,11,0.636,9,31,40,33,5,4,7,21,20.0,2008-09
22008,1610612764,WAS,Washington Wizards,0020800238,2008-11-29,WAS vs. ATL,L,240,98,34,80,0.425,6,17,0.353,24,31,0.774,15,27,42,22,9,1,10,19,-4.0,2008-09
22008,1610612764,WAS,Washington Wizards,0020800223,2008-11-27,WAS vs. ORL,L,241,90,35,83,0.422,3,17,0.176,17,22,0.773,11,35,46,22,7,3,13,27,-15.0,2008-09
22008,1610612764,WAS,Washington Wizards,0020800205,2008-11-25,WAS vs. GSW,W,240,124,53,105,0.505,6,15,0.4,12,17,0.706,23,31,54,27,12,9,12,19,24.0,2008-09
22008,1610612764,WAS,Washington Wizards,0020800189,2008-11-22,WAS @ NYK,L,240,117,44,95,0.463,6,20,0.3,23,26,0.885,16,32,48,19,9,4,10,19,-5.0,2008-09
22008,1610612764,WAS,Washington Wizards,0020800174,2008-11-21,WAS vs. HOU,L,240,91,35,82,0.427,3,15,0.2,18,22,0.818,10,25,35,20,9,4,10,26,-12.0,2008-09
22008,1610612764,WAS,Washington Wizards,0020800159,2008-11-19,WAS @ ATL,L,239,87,35,85,0.412,8,25,0.32,9,12,0.75,10,30,40,20,9,3,11,16,-4.0,2008-09
22008,1610612764,WAS,Washington Wizards,0020800152,2008-11-18,WAS vs. MIA,L,241,87,31,75,0.413,2,8,0.25,23,27,0.852,7,30,37,17,10,2,14,22,-7.0,2008-09
22008,1610612764,WAS,Washington Wizards,0020800122,2008-11-14,WAS @ MIA,L,240,77,31,76,0.408,5,15,0.333,10,18,0.556,10,23,33,12,8,4,13,11,-20.0,2008-09
22008,1610612764,WAS,Washington Wizards,0020800114,2008-11-12,WAS vs. UTA,W,241,95,29,71,0.408,5,14,0.357,32,40,0.8,16,26,42,13,11,10,17,18,8.0,2008-09
22008,1610612764,WAS,Washington Wizards,0020800080,2008-11-08,WAS @ ORL,L,239,81,31,79,0.392,6,16,0.375,13,18,0.722,7,28,35,13,7,0,14,24,-25.0,2008-09
22008,1610612764,WAS,Washington Wizards,0020800067,2008-11-07,WAS vs. NYK,L,240,108,46,89,0.517,5,16,0.313,11,19,0.579,9,41,50,27,3,7,12,16,-6.0,2008-09
22008,1610612764,WAS,Washington Wizards,0020800056,2008-11-05,WAS @ MIL,L,265,104,34,78,0.436,2,18,0.111,34,51,0.667,14,30,44,19,12,5,19,27,-8.0,2008-09
22008,1610612764,WAS,Washington Wizards,0020800030,2008-11-01,WAS @ DET,L,240,109,41,79,0.519,4,13,0.308,23,25,0.92,5,19,24,22,7,2,8,23,-8.0,2008-09
22008,1610612764,WAS,Washington Wizards,0020800006,2008-10-29,WAS vs. NJN,L,241,85,30,81,0.37,5,21,0.238,20,30,0.667,13,28,41,18,4,5,15,19,-10.0,2008-09
22009,1610612764,WAS,Washington Wizards,0020901227,2010-04-14,WAS vs. IND,W,241,98,37,77,0.481,4,15,0.267,20,27,0.741,9,38,47,20,9,4,20,23,1.0,2009-10
22009,1610612764,WAS,Washington Wizards,0020901206,2010-04-12,WAS @ NYK,L,240,103,41,82,0.5,10,17,0.588,11,19,0.579,14,27,41,25,8,7,15,21,-11.0,2009-10
22009,1610612764,WAS,Washington Wizards,0020901189,2010-04-10,WAS vs. ATL,L,238,95,40,79,0.506,7,12,0.583,8,12,0.667,13,26,39,26,1,4,17,17,-10.0,2009-10
22009,1610612764,WAS,Washington Wizards,0020901177,2010-04-09,WAS @ BOS,W,241,106,37,76,0.487,5,13,0.385,27,35,0.771,10,39,49,25,6,6,18,19,10.0,2009-10
22009,1610612764,WAS,Washington Wizards,0020901166,2010-04-07,WAS @ ORL,L,241,94,39,78,0.5,4,10,0.4,12,14,0.857,5,22,27,18,2,2,14,24,-27.0,2009-10
22009,1610612764,WAS,Washington Wizards,0020901152,2010-04-06,WAS vs. GSW,W,241,112,44,85,0.518,8,18,0.444,16,20,0.8,17,35,52,22,3,8,15,18,18.0,2009-10
22009,1610612764,WAS,Washington Wizards,0020901146,2010-04-04,WAS vs. NJN,W,241,109,38,77,0.494,4,6,0.667,29,34,0.853,11,29,40,28,9,3,15,17,10.0,2009-10
22009,1610612764,WAS,Washington Wizards,0020901124,2010-04-02,WAS vs. CHI,L,240,87,32,85,0.376,6,14,0.429,17,20,0.85,14,30,44,21,4,4,12,20,-8.0,2009-10
22009,1610612764,WAS,Washington Wizards,0020901116,2010-03-31,WAS @ NOH,W,240,96,38,68,0.559,3,6,0.5,17,21,0.81,4,24,28,18,4,4,14,18,5.0,2009-10
22009,1610612764,WAS,Washington Wizards,0020901106,2010-03-30,WAS @ HOU,L,240,94,37,85,0.435,2,14,0.143,18,25,0.72,17,29,46,14,5,9,14,21,-4.0,2009-10
22009,1610612764,WAS,Washington Wizards,0020901082,2010-03-27,WAS vs. UTA,L,240,87,33,86,0.384,6,18,0.333,15,22,0.682,14,21,35,21,7,3,12,23,-16.0,2009-10
22009,1610612764,WAS,Washington Wizards,0020901071,2010-03-26,WAS @ CHA,L,241,96,34,71,0.479,12,20,0.6,16,19,0.842,4,22,26,22,9,3,17,26,-11.0,2009-10
22009,1610612764,WAS,Washington Wizards,0020901060,2010-03-24,WAS @ IND,L,240,82,35,96,0.365,4,12,0.333,8,13,0.615,16,41,57,11,5,3,12,21,-17.0,2009-10
22009,1610612764,WAS,Washington Wizards,0020901053,2010-03-23,WAS vs. CHA,L,264,86,33,83,0.398,6,17,0.353,14,17,0.824,11,31,42,17,5,5,18,34,-9.0,2009-10
22009,1610612764,WAS,Washington Wizards,0020901041,2010-03-21,WAS @ LAL,L,241,92,37,76,0.487,6,14,0.429,12,17,0.706,10,21,31,24,11,2,12,16,-7.0,2009-10
22009,1610612764,WAS,Washington Wizards,0020901026,2010-03-19,WAS @ POR,L,238,74,30,77,0.39,3,8,0.375,11,18,0.611,12,37,49,13,2,5,13,20,-2.0,2009-10
22009,1610612764,WAS,Washington Wizards,0020901002,2010-03-16,WAS @ DEN,L,241,87,34,78,0.436,4,11,0.364,15,26,0.577,12,28,40,15,5,7,14,24,-10.0,2009-10
22009,1610612764,WAS,Washington Wizards,0020900994,2010-03-15,WAS @ UTA,L,238,89,31,84,0.369,3,9,0.333,24,30,0.8,19,29,48,17,4,7,14,23,-23.0,2009-10
22009,1610612764,WAS,Washington Wizards,0020900977,2010-03-13,WAS vs. ORL,L,240,95,40,82,0.488,2,9,0.222,13,17,0.765,9,21,30,24,4,6,10,19,-14.0,2009-10
22009,1610612764,WAS,Washington Wizards,0020900968,2010-03-12,WAS @ DET,L,239,87,33,74,0.446,4,11,0.364,17,22,0.773,9,26,35,23,4,2,17,19,-14.0,2009-10
22009,1610612764,WAS,Washington Wizards,0020900742,2010-03-11,WAS vs. ATL,L,241,99,39,79,0.494,1,13,0.077,20,22,0.909,17,25,42,20,9,1,20,23,-6.0,2009-10
22009,1610612764,WAS,Washington Wizards,0020900948,2010-03-09,WAS vs. HOU,L,241,88,35,83,0.422,3,12,0.25,15,16,0.938,10,31,41,22,6,8,18,22,-8.0,2009-10
22009,1610612764,WAS,Washington Wizards,0020900937,2010-03-07,WAS @ BOS,L,241,83,31,68,0.456,1,11,0.091,20,24,0.833,6,30,36,13,8,8,17,18,-3.0,2009-10
22009,1610612764,WAS,Washington Wizards,0020900918,2010-03-05,WAS vs. MIL,L,239,74,31,82,0.378,0,5,0.0,12,21,0.571,14,28,42,10,3,9,12,22,-28.0,2009-10
22009,1610612764,WAS,Washington Wizards,0020900904,2010-03-03,WAS @ MIL,L,240,87,35,77,0.455,4,13,0.308,13,18,0.722,12,27,39,18,5,7,21,20,-13.0,2009-10
22009,1610612764,WAS,Washington Wizards,0020900881,2010-02-28,WAS @ NJN,W,239,89,35,83,0.422,3,9,0.333,16,20,0.8,13,37,50,19,4,5,12,22,4.0,2009-10
22009,1610612764,WAS,Washington Wizards,0020900860,2010-02-26,WAS vs. NYK,L,265,116,47,89,0.528,10,18,0.556,12,21,0.571,10,33,43,34,2,13,19,30,-2.0,2009-10
22009,1610612764,WAS,Washington Wizards,0020900847,2010-02-24,WAS vs. MEM,L,240,94,37,77,0.481,1,7,0.143,19,26,0.731,12,31,43,26,6,6,11,18,-5.0,2009-10
22009,1610612764,WAS,Washington Wizards,0020900832,2010-02-22,WAS vs. CHI,W,241,101,41,81,0.506,3,12,0.25,16,19,0.842,12,31,43,19,6,7,15,19,6.0,2009-10
22009,1610612764,WAS,Washington Wizards,0020900816,2010-02-20,WAS @ TOR,L,241,104,43,91,0.473,6,14,0.429,12,18,0.667,16,18,34,20,4,4,12,26,-5.0,2009-10
22009,1610612764,WAS,Washington Wizards,0020900806,2010-02-19,WAS vs. DEN,W,240,107,40,87,0.46,5,14,0.357,22,25,0.88,14,33,47,22,6,9,9,25,10.0,2009-10
22009,1610612764,WAS,Washington Wizards,0020900794,2010-02-17,WAS vs. MIN,W,240,108,42,88,0.477,7,16,0.438,17,28,0.607,18,29,47,24,13,7,15,20,9.0,2009-10
22009,1610612764,WAS,Washington Wizards,0020900758,2010-02-09,WAS @ CHA,L,240,92,35,81,0.432,6,18,0.333,16,20,0.8,11,28,39,21,5,5,9,19,-2.0,2009-10
22009,1610612764,WAS,Washington Wizards,0020900732,2010-02-05,WAS @ ORL,W,239,92,34,79,0.43,4,14,0.286,20,22,0.909,9,43,52,12,3,4,19,26,1.0,2009-10
22009,1610612764,WAS,Washington Wizards,0020900721,2010-02-03,WAS @ NYK,L,242,85,37,77,0.481,5,20,0.25,6,7,0.857,4,27,31,13,8,7,14,13,-22.0,2009-10
22009,1610612764,WAS,Washington Wizards,0020900704,2010-02-01,WAS vs. BOS,L,240,88,28,72,0.389,1,10,0.1,31,36,0.861,9,26,35,15,10,2,13,24,-11.0,2009-10
22009,1610612764,WAS,Washington Wizards,0020900691,2010-01-30,WAS vs. NYK,W,240,106,44,98,0.449,11,21,0.524,7,10,0.7,24,35,59,23,4,1,14,19,10.0,2009-10
22009,1610612764,WAS,Washington Wizards,0020900682,2010-01-29,WAS @ NJN,W,241,81,32,76,0.421,3,17,0.176,14,17,0.824,15,25,40,12,5,8,19,24,2.0,2009-10
22009,1610612764,WAS,Washington Wizards,0020900658,2010-01-26,WAS vs. LAL,L,241,103,43,87,0.494,7,20,0.35,10,14,0.714,15,28,43,18,5,0,9,20,-12.0,2009-10
22009,1610612764,WAS,Washington Wizards,0020900647,2010-01-24,WAS vs. LAC,L,239,78,32,81,0.395,5,18,0.278,9,17,0.529,13,31,44,17,6,6,18,18,-14.0,2009-10
22009,1610612764,WAS,Washington Wizards,0020900626,2010-01-22,WAS vs. MIA,L,240,88,32,81,0.395,8,20,0.4,16,21,0.762,12,23,35,14,5,4,10,12,-24.0,2009-10
22009,1610612764,WAS,Washington Wizards,0020900612,2010-01-20,WAS vs. DAL,L,239,93,36,81,0.444,5,13,0.385,16,20,0.8,14,27,41,15,6,5,14,14,-1.0,2009-10
22009,1610612764,WAS,Washington Wizards,0020900595,2010-01-18,WAS vs. POR,W,238,97,35,68,0.515,2,8,0.25,25,28,0.893,9,24,33,17,3,2,13,15,5.0,2009-10
22009,1610612764,WAS,Washington Wizards,0020900586,2010-01-16,WAS vs. SAC,W,241,96,38,80,0.475,3,13,0.231,17,23,0.739,10,29,39,19,6,8,10,23,10.0,2009-10
22009,1610612764,WAS,Washington Wizards,0020900574,2010-01-15,WAS @ CHI,L,291,119,46,102,0.451,7,22,0.318,20,30,0.667,15,39,54,23,4,5,6,24,-2.0,2009-10
22009,1610612764,WAS,Washington Wizards,0020900558,2010-01-13,WAS @ ATL,L,240,82,29,81,0.358,6,12,0.5,18,21,0.857,16,32,48,19,2,0,13,16,-12.0,2009-10
22009,1610612764,WAS,Washington Wizards,0020900554,2010-01-12,WAS vs. DET,L,240,90,34,77,0.442,9,18,0.5,13,19,0.684,10,28,38,21,3,3,11,17,-9.0,2009-10
22009,1610612764,WAS,Washington Wizards,0020900539,2010-01-10,WAS vs. NOH,L,241,110,44,75,0.587,6,16,0.375,16,21,0.762,7,33,40,22,6,7,19,23,-5.0,2009-10
22009,1610612764,WAS,Washington Wizards,0020900519,2010-01-08,WAS vs. ORL,W,239,104,34,80,0.425,6,15,0.4,30,34,0.882,15,40,55,17,4,5,15,18,7.0,2009-10
22009,1610612764,WAS,Washington Wizards,0020900508,2010-01-06,WAS @ CLE,L,240,98,37,84,0.44,8,16,0.5,16,20,0.8,7,21,28,16,5,5,10,24,-23.0,2009-10
22009,1610612764,WAS,Washington Wizards,0020900500,2010-01-05,WAS @ PHI,W,240,104,41,79,0.519,4,12,0.333,18,22,0.818,6,26,32,25,10,2,14,19,7.0,2009-10
22009,1610612764,WAS,Washington Wizards,0020900480,2010-01-02,WAS vs. SAS,L,240,86,35,80,0.438,4,10,0.4,12,17,0.706,6,30,36,17,4,6,9,20,-11.0,2009-10
22009,1610612764,WAS,Washington Wizards,0020900453,2009-12-29,WAS vs. OKC,L,239,98,37,92,0.402,8,18,0.444,16,20,0.8,13,24,37,20,8,3,10,18,-12.0,2009-10
22009,1610612764,WAS,Washington Wizards,0020900447,2009-12-28,WAS @ MEM,L,264,111,41,94,0.436,11,23,0.478,18,25,0.72,15,26,41,19,8,7,16,26,-5.0,2009-10
22009,1610612764,WAS,Washington Wizards,0020900433,2009-12-26,WAS @ MIN,L,240,89,32,81,0.395,5,19,0.263,20,24,0.833,7,38,45,12,5,2,16,29,-12.0,2009-10
22009,1610612764,WAS,Washington Wizards,0020900418,2009-12-23,WAS @ MIL,W,241,109,36,69,0.522,6,10,0.6,31,35,0.886,1,38,39,20,7,7,16,30,12.0,2009-10
22009,1610612764,WAS,Washington Wizards,0020900406,2009-12-22,WAS vs. PHI,W,239,105,39,83,0.47,7,15,0.467,20,26,0.769,10,29,39,17,8,3,9,20,7.0,2009-10
22009,1610612764,WAS,Washington Wizards,0020900392,2009-12-19,WAS @ PHX,L,239,95,32,88,0.364,8,21,0.381,23,29,0.793,13,28,41,14,4,8,12,23,-26.0,2009-10
22009,1610612764,WAS,Washington Wizards,0020900383,2009-12-18,WAS @ GSW,W,239,118,46,91,0.505,5,21,0.238,21,30,0.7,10,37,47,19,13,1,18,20,9.0,2009-10
22009,1610612764,WAS,Washington Wizards,0020900368,2009-12-16,WAS @ SAC,L,238,109,41,95,0.432,4,19,0.211,23,26,0.885,17,30,47,13,6,6,11,23,-3.0,2009-10
22009,1610612764,WAS,Washington Wizards,0020900350,2009-12-14,WAS @ LAC,L,240,95,33,85,0.388,5,16,0.313,24,28,0.857,16,31,47,20,12,4,18,25,-2.0,2009-10
22009,1610612764,WAS,Washington Wizards,0020900331,2009-12-12,WAS vs. IND,L,240,113,45,82,0.549,8,19,0.421,15,23,0.652,13,31,44,24,10,5,17,23,-1.0,2009-10
22009,1610612764,WAS,Washington Wizards,0020900318,2009-12-10,WAS vs. BOS,L,240,102,41,85,0.482,6,18,0.333,14,22,0.636,8,26,34,21,8,3,13,29,-2.0,2009-10
22009,1610612764,WAS,Washington Wizards,0020900293,2009-12-06,WAS @ DET,L,240,94,34,78,0.436,6,21,0.286,20,23,0.87,12,29,41,15,4,7,17,27,-4.0,2009-10
22009,1610612764,WAS,Washington Wizards,0020900272,2009-12-04,WAS vs. TOR,L,265,107,35,95,0.368,10,29,0.345,27,34,0.794,19,33,52,18,10,8,9,22,-2.0,2009-10
22009,1610612764,WAS,Washington Wizards,0020900262,2009-12-02,WAS vs. MIL,W,241,104,38,70,0.543,3,10,0.3,25,34,0.735,3,39,42,21,6,4,17,18,2.0,2009-10
22009,1610612764,WAS,Washington Wizards,0020900254,2009-12-01,WAS @ TOR,W,240,106,40,84,0.476,6,18,0.333,20,32,0.625,11,32,43,20,10,6,10,21,4.0,2009-10
22009,1610612764,WAS,Washington Wizards,0020900234,2009-11-28,WAS vs. CHA,L,240,76,30,77,0.39,4,16,0.25,12,13,0.923,7,31,38,14,4,6,14,22,-16.0,2009-10
22009,1610612764,WAS,Washington Wizards,0020900223,2009-11-27,WAS @ MIA,W,240,94,42,86,0.488,2,14,0.143,8,15,0.533,16,32,48,23,7,5,12,19,10.0,2009-10
22009,1610612764,WAS,Washington Wizards,0020900203,2009-11-24,WAS vs. PHI,W,241,108,44,93,0.473,6,17,0.353,14,18,0.778,19,28,47,23,7,9,14,20,1.0,2009-10
22009,1610612764,WAS,Washington Wizards,0020900188,2009-11-21,WAS @ SAS,L,240,84,28,84,0.333,4,19,0.211,24,34,0.706,11,33,44,12,6,6,9,14,-22.0,2009-10
22009,1610612764,WAS,Washington Wizards,0020900178,2009-11-20,WAS @ OKC,L,241,108,41,87,0.471,7,15,0.467,19,27,0.704,17,23,40,19,8,3,20,22,-19.0,2009-10
22009,1610612764,WAS,Washington Wizards,0020900162,2009-11-18,WAS vs. CLE,W,241,108,36,84,0.429,5,23,0.217,31,35,0.886,16,33,49,21,6,4,12,15,17.0,2009-10
22009,1610612764,WAS,Washington Wizards,0020900136,2009-11-14,WAS vs. DET,L,240,103,36,79,0.456,9,17,0.529,22,25,0.88,13,30,43,25,3,8,16,27,-3.0,2009-10
22009,1610612764,WAS,Washington Wizards,0020900104,2009-11-10,WAS @ MIA,L,240,76,29,72,0.403,4,14,0.286,14,21,0.667,9,29,38,16,6,5,22,23,-14.0,2009-10
22009,1610612764,WAS,Washington Wizards,0020900093,2009-11-08,WAS vs. PHX,L,240,90,34,87,0.391,4,16,0.25,18,27,0.667,14,31,45,15,12,9,17,18,-12.0,2009-10
22009,1610612764,WAS,Washington Wizards,0020900073,2009-11-06,WAS @ IND,L,239,86,33,84,0.393,5,16,0.313,15,26,0.577,15,32,47,16,4,8,19,23,-16.0,2009-10
22009,1610612764,WAS,Washington Wizards,0020900062,2009-11-04,WAS vs. MIA,L,240,89,31,82,0.378,5,16,0.313,22,28,0.786,13,28,41,15,7,5,12,18,-4.0,2009-10
22009,1610612764,WAS,Washington Wizards,0020900051,2009-11-03,WAS @ CLE,L,242,90,27,69,0.391,4,14,0.286,32,41,0.78,12,36,48,12,4,5,13,27,-12.0,2009-10
22009,1610612764,WAS,Washington Wizards,0020900032,2009-10-31,WAS vs. NJN,W,239,123,48,78,0.615,9,14,0.643,18,23,0.783,8,28,36,28,6,2,13,22,19.0,2009-10
22009,1610612764,WAS,Washington Wizards,0020900021,2009-10-30,WAS @ ATL,L,241,89,35,79,0.443,5,13,0.385,14,22,0.636,8,32,40,19,5,5,14,23,-11.0,2009-10
22009,1610612764,WAS,Washington Wizards,0020900002,2009-10-27,WAS @ DAL,W,239,102,39,84,0.464,4,13,0.308,20,24,0.833,9,37,46,19,6,4,9,29,11.0,2009-10
22010,1610612764,WAS,Washington Wizards,0021001218,2011-04-13,WAS @ CLE,L,238,93,39,90,0.433,4,12,0.333,11,15,0.733,17,27,44,24,11,10,16,25,-7.0,2010-11
22010,1610612764,WAS,Washington Wizards,0021001205,2011-04-11,WAS vs. BOS,W,264,95,34,85,0.4,2,5,0.4,25,32,0.781,10,36,46,14,13,11,17,31,1.0,2010-11
22010,1610612764,WAS,Washington Wizards,0021001188,2011-04-09,WAS vs. ATL,W,240,115,46,86,0.535,2,5,0.4,21,29,0.724,15,33,48,20,11,7,10,16,32.0,2010-11
22010,1610612764,WAS,Washington Wizards,0021001179,2011-04-08,WAS @ BOS,L,240,88,35,77,0.455,1,7,0.143,17,26,0.654,13,25,38,14,10,3,21,25,-16.0,2010-11
22010,1610612764,WAS,Washington Wizards,0021001163,2011-04-06,WAS @ IND,L,238,112,40,87,0.46,5,10,0.5,27,36,0.75,13,26,39,10,9,4,17,22,-24.0,2010-11
22010,1610612764,WAS,Washington Wizards,0021001153,2011-04-05,WAS vs. DET,W,240,107,38,77,0.494,3,10,0.3,28,35,0.8,10,30,40,21,12,11,18,17,2.0,2010-11
22010,1610612764,WAS,Washington Wizards,0021001141,2011-04-03,WAS @ CHA,W,241,97,39,88,0.443,2,10,0.2,17,25,0.68,16,34,50,16,9,7,12,20,6.0,2010-11
22010,1610612764,WAS,Washington Wizards,0021001123,2011-04-01,WAS vs. CLE,W,241,115,46,94,0.489,4,8,0.5,19,32,0.594,27,29,56,18,5,7,11,22,8.0,2010-11
22010,1610612764,WAS,Washington Wizards,0021001110,2011-03-30,WAS vs. MIA,L,241,107,38,77,0.494,9,16,0.563,22,31,0.71,12,23,35,15,8,6,14,30,-16.0,2010-11
22010,1610612764,WAS,Washington Wizards,0021001100,2011-03-28,WAS @ UTA,W,265,100,36,92,0.391,6,26,0.231,22,29,0.759,16,37,53,14,8,7,12,25,5.0,2010-11
22010,1610612764,WAS,Washington Wizards,0021001093,2011-03-27,WAS @ GSW,L,238,104,37,89,0.416,4,16,0.25,26,30,0.867,15,31,46,24,5,7,12,14,-10.0,2010-11
22010,1610612764,WAS,Washington Wizards,0021001076,2011-03-25,WAS @ DEN,L,240,94,37,88,0.42,3,11,0.273,17,21,0.81,18,28,46,13,7,6,14,21,-20.0,2010-11
22010,1610612764,WAS,Washington Wizards,0021001065,2011-03-23,WAS @ LAC,L,290,119,49,102,0.48,3,13,0.231,18,25,0.72,16,27,43,29,12,6,18,29,-8.0,2010-11
22010,1610612764,WAS,Washington Wizards,0021001052,2011-03-22,WAS @ POR,L,240,76,26,70,0.371,4,9,0.444,20,26,0.769,10,22,32,15,12,3,27,27,-35.0,2010-11
22010,1610612764,WAS,Washington Wizards,0021001035,2011-03-20,WAS vs. NJN,W,240,98,42,81,0.519,1,8,0.125,13,17,0.765,10,22,32,21,12,7,10,15,6.0,2010-11
22010,1610612764,WAS,Washington Wizards,0021001019,2011-03-18,WAS @ TOR,L,239,107,41,86,0.477,2,10,0.2,23,33,0.697,19,27,46,16,8,9,13,28,-9.0,2010-11
22010,1610612764,WAS,Washington Wizards,0021001001,2011-03-15,WAS @ CHI,L,240,79,31,72,0.431,4,13,0.308,13,21,0.619,10,32,42,14,7,14,16,17,-19.0,2010-11
22010,1610612764,WAS,Washington Wizards,0021000992,2011-03-14,WAS vs. OKC,L,238,89,37,94,0.394,0,9,0.0,15,23,0.652,23,26,49,15,9,10,17,13,-27.0,2010-11
22010,1610612764,WAS,Washington Wizards,0021000978,2011-03-12,WAS vs. LAC,L,241,101,37,89,0.416,3,16,0.188,24,29,0.828,10,28,38,16,7,2,10,27,-21.0,2010-11
22010,1610612764,WAS,Washington Wizards,0021000950,2011-03-08,WAS vs. MIL,L,241,76,32,85,0.376,2,12,0.167,10,19,0.526,19,33,52,17,6,8,22,16,-19.0,2010-11
22010,1610612764,WAS,Washington Wizards,0021000934,2011-03-06,WAS @ DET,L,239,102,36,82,0.439,4,16,0.25,26,34,0.765,8,21,29,15,6,3,11,21,-11.0,2010-11
22010,1610612764,WAS,Washington Wizards,0021000926,2011-03-05,WAS vs. MIN,W,239,103,39,91,0.429,8,18,0.444,17,28,0.607,16,28,44,21,10,4,13,20,7.0,2010-11
22010,1610612764,WAS,Washington Wizards,0021000904,2011-03-02,WAS vs. GSW,L,241,102,36,89,0.404,4,16,0.25,26,36,0.722,11,29,40,16,5,4,10,27,-4.0,2010-11
22010,1610612764,WAS,Washington Wizards,0021000890,2011-02-28,WAS vs. CHI,L,241,77,31,87,0.356,4,13,0.308,11,14,0.786,13,26,39,19,8,6,15,21,-28.0,2010-11
22010,1610612764,WAS,Washington Wizards,0021000873,2011-02-26,WAS vs. DAL,L,239,99,44,95,0.463,5,14,0.357,6,16,0.375,11,37,48,17,7,3,9,22,-6.0,2010-11
22010,1610612764,WAS,Washington Wizards,0021000866,2011-02-25,WAS @ MIA,L,241,113,43,91,0.473,10,23,0.435,17,23,0.739,14,31,45,21,3,2,12,29,-8.0,2010-11
22010,1610612764,WAS,Washington Wizards,0021000850,2011-02-23,WAS @ PHI,L,239,94,37,88,0.42,4,9,0.444,16,22,0.727,11,23,34,20,6,3,11,23,-23.0,2010-11
22010,1610612764,WAS,Washington Wizards,0021000839,2011-02-22,WAS vs. IND,L,239,96,37,93,0.398,2,10,0.2,20,26,0.769,10,39,49,22,4,3,19,33,-17.0,2010-11
22010,1610612764,WAS,Washington Wizards,0021000824,2011-02-16,WAS @ ORL,L,239,76,29,83,0.349,3,13,0.231,15,23,0.652,12,35,47,8,5,6,15,21,-25.0,2010-11
22010,1610612764,WAS,Washington Wizards,0021000806,2011-02-13,WAS @ CLE,W,239,115,50,92,0.543,5,13,0.385,10,14,0.714,14,34,48,31,9,12,11,22,15.0,2010-11
22010,1610612764,WAS,Washington Wizards,0021000798,2011-02-12,WAS vs. SAS,L,241,94,38,82,0.463,3,11,0.273,15,24,0.625,14,21,35,15,4,7,16,17,-24.0,2010-11
22010,1610612764,WAS,Washington Wizards,0021000778,2011-02-09,WAS vs. MIL,W,240,100,36,76,0.474,10,16,0.625,18,20,0.9,12,39,51,19,7,9,17,20,15.0,2010-11
22010,1610612764,WAS,Washington Wizards,0021000746,2011-02-05,WAS vs. ATL,L,241,92,39,77,0.506,6,12,0.5,8,18,0.444,7,26,33,18,7,4,9,24,-7.0,2010-11
22010,1610612764,WAS,Washington Wizards,0021000737,2011-02-04,WAS vs. ORL,L,239,92,38,84,0.452,3,10,0.3,13,15,0.867,7,33,40,22,6,8,14,20,-18.0,2010-11
22010,1610612764,WAS,Washington Wizards,0021000715,2011-02-01,WAS @ NOH,L,239,89,33,72,0.458,4,14,0.286,19,27,0.704,8,26,34,13,10,3,15,23,-8.0,2010-11
22010,1610612764,WAS,Washington Wizards,0021000712,2011-01-31,WAS @ DAL,L,240,92,34,86,0.395,5,14,0.357,19,31,0.613,14,31,45,18,7,6,7,30,-10.0,2010-11
22010,1610612764,WAS,Washington Wizards,0021000694,2011-01-29,WAS @ MEM,L,240,93,32,75,0.427,6,15,0.4,23,28,0.821,8,27,35,18,4,6,14,20,-14.0,2010-11
22010,1610612764,WAS,Washington Wizards,0021000688,2011-01-28,WAS @ OKC,L,291,117,46,108,0.426,6,18,0.333,19,28,0.679,13,30,43,18,7,1,7,24,-7.0,2010-11
22010,1610612764,WAS,Washington Wizards,0021000663,2011-01-25,WAS vs. DEN,L,239,109,42,82,0.512,2,13,0.154,23,27,0.852,7,29,36,23,9,9,13,23,-11.0,2010-11
22010,1610612764,WAS,Washington Wizards,0021000657,2011-01-24,WAS @ NYK,L,240,106,40,83,0.482,4,13,0.308,22,28,0.786,12,35,47,19,10,3,17,20,-9.0,2010-11
22010,1610612764,WAS,Washington Wizards,0021000641,2011-01-22,WAS vs. BOS,W,239,85,33,77,0.429,1,9,0.111,18,26,0.692,12,32,44,14,2,6,12,20,2.0,2010-11
22010,1610612764,WAS,Washington Wizards,0021000634,2011-01-21,WAS vs. PHX,L,241,91,37,91,0.407,7,18,0.389,10,13,0.769,13,35,48,25,8,6,16,16,-18.0,2010-11
22010,1610612764,WAS,Washington Wizards,0021000617,2011-01-19,WAS @ MIL,L,239,87,35,79,0.443,2,11,0.182,15,20,0.75,6,28,34,26,9,6,14,21,-13.0,2010-11
22010,1610612764,WAS,Washington Wizards,0021000599,2011-01-17,WAS vs. UTA,W,239,108,38,71,0.535,6,14,0.429,26,31,0.839,11,33,44,27,7,7,19,19,7.0,2010-11
22010,1610612764,WAS,Washington Wizards,0021000589,2011-01-15,WAS vs. TOR,W,240,98,39,85,0.459,5,12,0.417,15,17,0.882,12,36,48,23,6,8,13,14,3.0,2010-11
22010,1610612764,WAS,Washington Wizards,0021000573,2011-01-13,WAS @ MIN,L,240,97,37,78,0.474,8,20,0.4,15,18,0.833,6,32,38,20,8,6,18,20,-12.0,2010-11
22010,1610612764,WAS,Washington Wizards,0021000556,2011-01-11,WAS vs. SAC,W,265,136,47,95,0.495,9,17,0.529,33,39,0.846,14,41,55,28,10,3,19,22,3.0,2010-11
22010,1610612764,WAS,Washington Wizards,0021000537,2011-01-08,WAS @ CHA,L,240,89,36,82,0.439,5,15,0.333,12,15,0.8,11,23,34,24,9,8,16,24,-15.0,2010-11
22010,1610612764,WAS,Washington Wizards,0021000527,2011-01-07,WAS vs. NJN,W,240,97,34,77,0.442,7,16,0.438,22,28,0.786,7,32,39,23,5,10,9,18,20.0,2010-11
22010,1610612764,WAS,Washington Wizards,0021000515,2011-01-05,WAS @ PHI,L,240,97,40,82,0.488,5,12,0.417,12,18,0.667,9,26,35,26,6,2,12,27,-12.0,2010-11
22010,1610612764,WAS,Washington Wizards,0021000484,2011-01-01,WAS vs. NOH,L,240,81,33,77,0.429,5,19,0.263,10,11,0.909,10,27,37,21,7,10,17,20,-11.0,2010-11
22010,1610612764,WAS,Washington Wizards,0021000478,2010-12-31,WAS @ IND,L,240,86,31,80,0.388,6,19,0.316,18,22,0.818,13,26,39,12,10,4,22,21,-9.0,2010-11
22010,1610612764,WAS,Washington Wizards,0021000464,2010-12-29,WAS vs. IND,W,239,104,39,98,0.398,9,21,0.429,17,24,0.708,21,33,54,24,9,11,8,14,14.0,2010-11
22010,1610612764,WAS,Washington Wizards,0021000451,2010-12-27,WAS @ HOU,L,240,93,34,85,0.4,3,8,0.375,22,29,0.759,15,27,42,15,8,7,14,21,-7.0,2010-11
22010,1610612764,WAS,Washington Wizards,0021000443,2010-12-26,WAS @ SAS,L,239,80,33,88,0.375,5,15,0.333,9,11,0.818,14,37,51,18,4,3,14,17,-14.0,2010-11
22010,1610612764,WAS,Washington Wizards,0021000423,2010-12-22,WAS vs. CHI,L,240,80,30,79,0.38,4,14,0.286,16,19,0.842,9,24,33,17,10,4,15,24,-7.0,2010-11
22010,1610612764,WAS,Washington Wizards,0021000409,2010-12-20,WAS vs. CHA,W,240,108,38,73,0.521,7,16,0.438,25,30,0.833,6,25,31,22,10,7,14,26,33.0,2010-11
22010,1610612764,WAS,Washington Wizards,0021000393,2010-12-18,WAS vs. MIA,L,241,94,37,87,0.425,2,9,0.222,18,26,0.692,12,32,44,22,11,6,13,23,-1.0,2010-11
22010,1610612764,WAS,Washington Wizards,0021000378,2010-12-16,WAS @ NJN,L,240,89,31,78,0.397,5,17,0.294,22,28,0.786,8,29,37,17,10,4,20,37,-8.0,2010-11
22010,1610612764,WAS,Washington Wizards,0021000362,2010-12-14,WAS vs. LAL,L,239,89,37,91,0.407,3,19,0.158,12,16,0.75,19,27,46,19,9,4,10,28,-14.0,2010-11
22010,1610612764,WAS,Washington Wizards,0021000332,2010-12-10,WAS vs. NYK,L,240,95,35,84,0.417,6,18,0.333,19,27,0.704,11,28,39,22,13,1,16,24,-6.0,2010-11
22010,1610612764,WAS,Washington Wizards,0021000325,2010-12-08,WAS @ SAC,L,241,91,31,75,0.413,5,11,0.455,24,34,0.706,13,23,36,11,10,3,23,19,-25.0,2010-11
22010,1610612764,WAS,Washington Wizards,0021000315,2010-12-07,WAS @ LAL,L,239,108,38,76,0.5,11,27,0.407,21,26,0.808,9,25,34,27,9,10,17,31,-7.0,2010-11
22010,1610612764,WAS,Washington Wizards,0021000300,2010-12-05,WAS @ PHX,L,241,108,45,89,0.506,6,18,0.333,12,15,0.8,12,25,37,23,7,4,15,29,-17.0,2010-11
22010,1610612764,WAS,Washington Wizards,0021000277,2010-12-03,WAS vs. POR,W,240,83,30,72,0.417,2,12,0.167,21,26,0.808,12,31,43,15,7,9,17,18,4.0,2010-11
22010,1610612764,WAS,Washington Wizards,0021000263,2010-12-01,WAS @ TOR,L,240,108,38,83,0.458,3,9,0.333,29,41,0.707,9,21,30,22,8,5,11,22,-19.0,2010-11
22010,1610612764,WAS,Washington Wizards,0021000250,2010-11-29,WAS @ MIA,L,241,94,35,84,0.417,3,17,0.176,21,29,0.724,11,28,39,14,6,5,13,31,-11.0,2010-11
22010,1610612764,WAS,Washington Wizards,0021000235,2010-11-27,WAS vs. ORL,L,241,99,36,80,0.45,7,16,0.438,20,27,0.741,16,31,47,18,10,7,12,25,-1.0,2010-11
22010,1610612764,WAS,Washington Wizards,0021000220,2010-11-25,WAS @ ATL,L,240,96,34,88,0.386,4,17,0.235,24,26,0.923,14,24,38,18,5,6,11,23,-20.0,2010-11
22010,1610612764,WAS,Washington Wizards,0021000205,2010-11-23,WAS vs. PHI,W,265,116,43,98,0.439,10,23,0.435,20,26,0.769,15,30,45,25,8,7,15,21,2.0,2010-11
22010,1610612764,WAS,Washington Wizards,0021000192,2010-11-21,WAS @ DET,L,265,110,48,89,0.539,5,19,0.263,9,15,0.6,11,30,41,28,4,6,15,27,-5.0,2010-11
22010,1610612764,WAS,Washington Wizards,0021000174,2010-11-19,WAS vs. MEM,W,240,89,28,74,0.378,3,16,0.188,30,35,0.857,16,25,41,14,7,8,15,22,3.0,2010-11
22010,1610612764,WAS,Washington Wizards,0021000160,2010-11-17,WAS @ BOS,L,241,83,31,80,0.388,6,22,0.273,15,20,0.75,18,18,36,12,10,5,16,20,-31.0,2010-11
22010,1610612764,WAS,Washington Wizards,0021000153,2010-11-16,WAS vs. TOR,W,241,109,45,80,0.563,6,15,0.4,13,19,0.684,11,36,47,28,9,5,16,26,15.0,2010-11
22010,1610612764,WAS,Washington Wizards,0021000134,2010-11-13,WAS @ CHI,L,240,96,40,89,0.449,12,20,0.6,4,8,0.5,17,30,47,25,9,6,23,26,-7.0,2010-11
22010,1610612764,WAS,Washington Wizards,0021000124,2010-11-12,WAS vs. CHA,L,240,85,36,86,0.419,5,21,0.238,8,10,0.8,13,17,30,27,13,9,12,19,-8.0,2010-11
22010,1610612764,WAS,Washington Wizards,0021000111,2010-11-10,WAS vs. HOU,W,239,98,39,88,0.443,6,13,0.462,14,22,0.636,16,35,51,25,10,10,17,24,7.0,2010-11
22010,1610612764,WAS,Washington Wizards,0021000081,2010-11-06,WAS vs. CLE,L,239,102,39,88,0.443,8,21,0.381,16,20,0.8,11,33,44,26,8,7,14,19,-5.0,2010-11
22010,1610612764,WAS,Washington Wizards,0021000072,2010-11-05,WAS @ NYK,L,240,91,34,75,0.453,4,16,0.25,19,22,0.864,9,28,37,13,6,2,23,18,-21.0,2010-11
22010,1610612764,WAS,Washington Wizards,0021000048,2010-11-02,WAS vs. PHI,W,265,116,37,78,0.474,6,12,0.5,36,43,0.837,9,27,36,24,15,2,21,24,1.0,2010-11
22010,1610612764,WAS,Washington Wizards,0021000031,2010-10-30,WAS @ ATL,L,241,95,38,76,0.5,4,12,0.333,15,21,0.714,8,26,34,16,8,13,17,25,-4.0,2010-11
22010,1610612764,WAS,Washington Wizards,0021000017,2010-10-28,WAS @ ORL,L,241,83,29,78,0.372,4,19,0.211,21,30,0.7,3,22,25,17,10,3,13,25,-29.0,2010-11
22011,1610612764,WAS,Washington Wizards,0021100981,2012-04-26,WAS vs. MIA,W,240,104,42,76,0.553,5,10,0.5,15,24,0.625,7,36,43,27,15,3,16,21,34.0,2011-12
22011,1610612764,WAS,Washington Wizards,0021100972,2012-04-25,WAS @ CLE,W,239,96,40,91,0.44,4,16,0.25,12,16,0.75,20,30,50,21,12,4,15,19,11.0,2011-12
22011,1610612764,WAS,Washington Wizards,0021100960,2012-04-23,WAS vs. CHA,W,239,101,46,83,0.554,2,18,0.111,7,12,0.583,9,36,45,28,12,5,18,25,28.0,2011-12
22011,1610612764,WAS,Washington Wizards,0021100945,2012-04-21,WAS @ MIA,W,241,86,36,87,0.414,7,18,0.389,7,9,0.778,10,28,38,22,9,5,14,25,2.0,2011-12
22011,1610612764,WAS,Washington Wizards,0021100918,2012-04-18,WAS vs. MIL,W,241,121,49,88,0.557,7,13,0.538,16,25,0.64,9,32,41,23,6,4,10,18,9.0,2011-12
22011,1610612764,WAS,Washington Wizards,0021100907,2012-04-16,WAS @ CHI,W,240,87,34,89,0.382,4,18,0.222,15,19,0.789,13,31,44,18,9,11,12,21,3.0,2011-12
22011,1610612764,WAS,Washington Wizards,0021100887,2012-04-14,WAS vs. CLE,L,239,89,38,87,0.437,4,14,0.286,9,12,0.75,12,22,34,20,8,9,10,22,-9.0,2011-12
22011,1610612764,WAS,Washington Wizards,0021100878,2012-04-13,WAS @ NYK,L,239,65,22,79,0.278,4,20,0.2,17,21,0.81,16,30,46,13,10,9,21,15,-38.0,2011-12
22011,1610612764,WAS,Washington Wizards,0021100852,2012-04-10,WAS vs. ORL,W,241,93,39,78,0.5,3,15,0.2,12,15,0.8,6,39,45,20,5,5,13,13,8.0,2011-12
22011,1610612764,WAS,Washington Wizards,0021100842,2012-04-09,WAS @ CHA,W,240,113,40,83,0.482,11,25,0.44,22,26,0.846,9,39,48,28,6,10,12,23,28.0,2011-12
22011,1610612764,WAS,Washington Wizards,0021100817,2012-04-06,WAS @ NJN,L,240,98,38,84,0.452,5,12,0.417,17,22,0.773,18,23,41,22,6,6,16,17,-12.0,2011-12
22011,1610612764,WAS,Washington Wizards,0021100812,2012-04-05,WAS @ DET,L,240,94,33,78,0.423,7,21,0.333,21,29,0.724,13,25,38,19,10,1,18,33,-5.0,2011-12
22011,1610612764,WAS,Washington Wizards,0021100800,2012-04-04,WAS vs. IND,L,240,96,39,84,0.464,6,18,0.333,12,19,0.632,11,24,35,21,5,0,12,18,-13.0,2011-12
22011,1610612764,WAS,Washington Wizards,0021100785,2012-04-02,WAS vs. MIL,L,241,98,36,81,0.444,7,18,0.389,19,20,0.95,9,26,35,22,8,2,17,24,-14.0,2011-12
22011,1610612764,WAS,Washington Wizards,0021100779,2012-04-01,WAS @ TOR,L,241,92,34,71,0.479,8,20,0.4,16,20,0.8,6,25,31,25,2,4,13,22,-7.0,2011-12
22011,1610612764,WAS,Washington Wizards,0021100758,2012-03-30,WAS vs. PHI,W,239,97,42,87,0.483,7,17,0.412,6,6,1.0,12,40,52,26,5,7,13,16,21.0,2011-12
22011,1610612764,WAS,Washington Wizards,0021100753,2012-03-29,WAS @ IND,L,240,89,33,78,0.423,7,22,0.318,16,25,0.64,15,30,45,17,5,10,17,22,-4.0,2011-12
22011,1610612764,WAS,Washington Wizards,0021100728,2012-03-26,WAS vs. DET,L,240,77,32,78,0.41,4,17,0.235,9,14,0.643,8,32,40,21,9,3,16,23,-2.0,2011-12
22011,1610612764,WAS,Washington Wizards,0021100721,2012-03-25,WAS @ BOS,L,240,76,30,87,0.345,3,14,0.214,13,19,0.684,16,29,45,12,7,2,14,18,-12.0,2011-12
22011,1610612764,WAS,Washington Wizards,0021100711,2012-03-24,WAS vs. ATL,L,239,92,38,85,0.447,4,18,0.222,12,14,0.857,14,25,39,13,6,4,8,19,-3.0,2011-12
22011,1610612764,WAS,Washington Wizards,0021100693,2012-03-22,WAS vs. IND,L,239,83,30,71,0.423,5,18,0.278,18,23,0.783,5,30,35,19,10,3,14,21,-2.0,2011-12
22011,1610612764,WAS,Washington Wizards,0021100686,2012-03-21,WAS @ NJN,W,239,108,40,83,0.482,6,17,0.353,22,29,0.759,14,32,46,17,10,5,12,25,19.0,2011-12
22011,1610612764,WAS,Washington Wizards,0021100664,2012-03-18,WAS @ MEM,L,238,92,37,78,0.474,6,18,0.333,12,19,0.632,9,31,40,16,11,11,20,25,-5.0,2011-12
22011,1610612764,WAS,Washington Wizards,0021100646,2012-03-16,WAS @ ATL,L,240,88,38,78,0.487,5,11,0.455,7,9,0.778,9,30,39,19,5,6,20,16,-14.0,2011-12
22011,1610612764,WAS,Washington Wizards,0021100638,2012-03-15,WAS @ NOH,W,240,99,39,75,0.52,6,18,0.333,15,17,0.882,7,31,38,20,7,8,14,18,10.0,2011-12
22011,1610612764,WAS,Washington Wizards,0021100623,2012-03-13,WAS @ DAL,L,241,98,35,80,0.438,2,12,0.167,26,38,0.684,10,29,39,18,7,3,10,17,-9.0,2011-12
22011,1610612764,WAS,Washington Wizards,0021100614,2012-03-12,WAS @ SAS,L,240,97,39,87,0.448,8,17,0.471,11,14,0.786,12,29,41,21,6,5,10,15,-15.0,2011-12
22011,1610612764,WAS,Washington Wizards,0021100594,2012-03-10,WAS vs. POR,L,239,99,39,82,0.476,5,16,0.313,16,25,0.64,12,27,39,17,3,1,8,22,-11.0,2011-12
22011,1610612764,WAS,Washington Wizards,0021100571,2012-03-07,WAS vs. LAL,W,240,106,43,92,0.467,7,26,0.269,13,19,0.684,17,34,51,24,7,7,13,24,5.0,2011-12
22011,1610612764,WAS,Washington Wizards,0021100555,2012-03-05,WAS vs. GSW,L,238,100,36,85,0.424,8,22,0.364,20,36,0.556,19,28,47,25,11,4,14,16,-20.0,2011-12
22011,1610612764,WAS,Washington Wizards,0021100539,2012-03-03,WAS vs. CLE,W,240,101,40,87,0.46,8,21,0.381,13,21,0.619,15,37,52,26,10,9,18,24,3.0,2011-12
22011,1610612764,WAS,Washington Wizards,0021100513,2012-02-29,WAS vs. ORL,L,241,95,37,90,0.411,6,16,0.375,15,19,0.789,12,24,36,15,10,5,10,22,-7.0,2011-12
22011,1610612764,WAS,Washington Wizards,0021100507,2012-02-28,WAS @ MIL,L,240,118,42,87,0.483,13,24,0.542,21,21,1.0,13,30,43,24,5,6,15,24,-1.0,2011-12
22011,1610612764,WAS,Washington Wizards,0021100487,2012-02-22,WAS vs. SAC,L,240,107,41,84,0.488,9,23,0.391,16,27,0.593,12,32,44,22,8,6,18,20,-8.0,2011-12
22011,1610612764,WAS,Washington Wizards,0021100478,2012-02-20,WAS @ PHX,L,241,88,36,84,0.429,5,20,0.25,11,19,0.579,11,33,44,16,7,6,16,23,-16.0,2011-12
22011,1610612764,WAS,Washington Wizards,0021100454,2012-02-17,WAS @ UTA,L,239,100,38,84,0.452,2,11,0.182,22,26,0.846,12,27,39,14,7,6,15,18,-14.0,2011-12
22011,1610612764,WAS,Washington Wizards,0021100441,2012-02-15,WAS @ LAC,L,239,84,30,76,0.395,5,22,0.227,19,28,0.679,10,26,36,16,5,4,14,28,-18.0,2011-12
22011,1610612764,WAS,Washington Wizards,0021100427,2012-02-14,WAS @ POR,W,241,124,48,80,0.6,9,17,0.529,19,23,0.826,12,31,43,21,8,5,13,25,15.0,2011-12
22011,1610612764,WAS,Washington Wizards,0021100410,2012-02-12,WAS @ DET,W,241,98,37,79,0.468,6,15,0.4,18,21,0.857,8,39,47,23,8,9,21,18,21.0,2011-12
22011,1610612764,WAS,Washington Wizards,0021100390,2012-02-10,WAS vs. MIA,L,239,89,34,89,0.382,4,21,0.19,17,28,0.607,15,28,43,21,6,1,16,20,-17.0,2011-12
22011,1610612764,WAS,Washington Wizards,0021100375,2012-02-08,WAS vs. NYK,L,240,93,38,83,0.458,2,17,0.118,15,19,0.789,11,31,42,12,6,5,12,28,-14.0,2011-12
22011,1610612764,WAS,Washington Wizards,0021100358,2012-02-06,WAS vs. TOR,W,263,111,39,80,0.488,3,9,0.333,30,41,0.732,14,27,41,14,9,8,16,29,3.0,2011-12
22011,1610612764,WAS,Washington Wizards,0021100342,2012-02-04,WAS vs. LAC,L,239,81,30,80,0.375,7,18,0.389,14,23,0.609,13,19,32,17,9,6,13,18,-26.0,2011-12
22011,1610612764,WAS,Washington Wizards,0021100332,2012-02-03,WAS @ TOR,L,241,89,33,87,0.379,5,19,0.263,18,25,0.72,11,26,37,13,5,13,9,23,-17.0,2011-12
22011,1610612764,WAS,Washington Wizards,0021100316,2012-02-01,WAS @ ORL,L,239,103,42,92,0.457,12,23,0.522,7,9,0.778,15,30,45,26,8,5,16,28,-6.0,2011-12
22011,1610612764,WAS,Washington Wizards,0021100300,2012-01-30,WAS vs. CHI,L,241,88,37,92,0.402,3,14,0.214,11,13,0.846,18,26,44,22,12,8,16,20,-10.0,2011-12
22011,1610612764,WAS,Washington Wizards,0021100286,2012-01-28,WAS @ CHA,W,240,102,40,76,0.526,6,11,0.545,16,21,0.762,5,27,32,26,10,10,14,24,3.0,2011-12
22011,1610612764,WAS,Washington Wizards,0021100279,2012-01-27,WAS @ HOU,L,239,76,32,88,0.364,1,8,0.125,11,16,0.688,16,28,44,12,13,7,24,24,-27.0,2011-12
22011,1610612764,WAS,Washington Wizards,0021100258,2012-01-25,WAS vs. CHA,W,239,92,39,83,0.47,3,10,0.3,11,16,0.688,15,36,51,23,10,13,22,28,17.0,2011-12
22011,1610612764,WAS,Washington Wizards,0021100242,2012-01-23,WAS @ PHI,L,240,83,32,74,0.432,0,7,0.0,19,27,0.704,9,29,38,15,3,5,9,17,-20.0,2011-12
22011,1610612764,WAS,Washington Wizards,0021100237,2012-01-22,WAS vs. BOS,L,241,94,37,77,0.481,2,15,0.133,18,21,0.857,6,31,37,17,8,7,17,28,-6.0,2011-12
22011,1610612764,WAS,Washington Wizards,0021100218,2012-01-20,WAS vs. DEN,L,239,104,40,95,0.421,11,26,0.423,13,17,0.765,8,32,40,28,11,9,10,24,-4.0,2011-12
22011,1610612764,WAS,Washington Wizards,0021100203,2012-01-18,WAS vs. OKC,W,240,105,33,86,0.384,8,21,0.381,31,43,0.721,19,33,52,18,10,7,17,23,3.0,2011-12
22011,1610612764,WAS,Washington Wizards,0021100187,2012-01-16,WAS vs. HOU,L,240,106,39,80,0.488,3,11,0.273,25,32,0.781,13,30,43,16,7,4,14,22,-8.0,2011-12
22011,1610612764,WAS,Washington Wizards,0021100170,2012-01-14,WAS vs. PHI,L,240,90,38,88,0.432,3,14,0.214,11,17,0.647,17,36,53,19,2,8,18,18,-13.0,2011-12
22011,1610612764,WAS,Washington Wizards,0021100160,2012-01-13,WAS @ PHI,L,239,89,36,81,0.444,4,17,0.235,13,20,0.65,9,28,37,18,8,5,18,16,-31.0,2011-12
22011,1610612764,WAS,Washington Wizards,0021100147,2012-01-11,WAS @ CHI,L,240,64,26,84,0.31,3,9,0.333,9,12,0.75,14,32,46,12,5,12,14,15,-14.0,2011-12
22011,1610612764,WAS,Washington Wizards,0021100133,2012-01-10,WAS vs. TOR,W,240,93,40,82,0.488,4,13,0.308,9,17,0.529,9,30,39,20,12,8,13,20,15.0,2011-12
22011,1610612764,WAS,Washington Wizards,0021100120,2012-01-08,WAS vs. MIN,L,240,72,30,87,0.345,3,10,0.3,9,16,0.563,16,29,45,15,9,10,15,17,-21.0,2011-12
22011,1610612764,WAS,Washington Wizards,0021100100,2012-01-06,WAS vs. NYK,L,241,96,41,85,0.482,6,14,0.429,8,13,0.615,10,34,44,18,11,12,23,26,-3.0,2011-12
22011,1610612764,WAS,Washington Wizards,0021100083,2012-01-04,WAS @ ORL,L,239,85,34,93,0.366,2,12,0.167,15,18,0.833,14,30,44,12,7,8,9,21,-18.0,2011-12
22011,1610612764,WAS,Washington Wizards,0021100067,2012-01-02,WAS @ BOS,L,239,92,35,83,0.422,3,11,0.273,19,23,0.826,13,29,42,14,10,10,11,17,-7.0,2011-12
22011,1610612764,WAS,Washington Wizards,0021100057,2012-01-01,WAS vs. BOS,L,242,86,32,78,0.41,2,16,0.125,20,23,0.87,10,29,39,15,9,8,14,21,-8.0,2011-12
22011,1610612764,WAS,Washington Wizards,0021100046,2011-12-30,WAS @ MIL,L,240,81,30,85,0.353,7,18,0.389,14,19,0.737,9,26,35,19,9,5,14,22,-21.0,2011-12
22011,1610612764,WAS,Washington Wizards,0021100025,2011-12-28,WAS @ ATL,L,240,83,30,77,0.39,6,16,0.375,17,22,0.773,6,26,32,16,10,3,16,24,-18.0,2011-12
22011,1610612764,WAS,Washington Wizards,0021100006,2011-12-26,WAS vs. NJN,L,241,84,31,74,0.419,1,7,0.143,21,34,0.618,8,31,39,13,8,7,11,17,-6.0,2011-12
22012,1610612764,WAS,Washington Wizards,0021201222,2013-04-17,WAS @ CHI,L,240,92,36,85,0.424,7,16,0.438,13,17,0.765,7,30,37,17,7,5,8,17,-3.0,2012-13
22012,1610612764,WAS,Washington Wizards,0021201205,2013-04-15,WAS @ BKN,L,240,101,41,77,0.532,4,11,0.364,15,20,0.75,11,33,44,24,8,6,19,23,-5.0,2012-13
22012,1610612764,WAS,Washington Wizards,0021201177,2013-04-12,WAS vs. PHI,L,240,86,36,87,0.414,1,13,0.077,13,21,0.619,13,34,47,21,7,7,17,13,-11.0,2012-13
22012,1610612764,WAS,Washington Wizards,0021201165,2013-04-10,WAS vs. MIA,L,240,98,36,80,0.45,11,23,0.478,15,21,0.714,9,25,34,19,15,5,16,20,-5.0,2012-13
22012,1610612764,WAS,Washington Wizards,0021201156,2013-04-09,WAS @ NYK,L,240,99,35,77,0.455,8,20,0.4,21,30,0.7,11,27,38,18,6,2,13,14,-21.0,2012-13
22012,1610612764,WAS,Washington Wizards,0021201147,2013-04-07,WAS @ BOS,L,239,96,39,88,0.443,10,26,0.385,8,12,0.667,12,24,36,23,8,6,16,17,-11.0,2012-13
22012,1610612764,WAS,Washington Wizards,0021201138,2013-04-06,WAS vs. IND,W,240,104,39,79,0.494,4,12,0.333,22,31,0.71,6,35,41,19,10,7,9,22,19.0,2012-13
22012,1610612764,WAS,Washington Wizards,0021201111,2013-04-03,WAS @ TOR,L,240,78,26,80,0.325,5,19,0.263,21,29,0.724,10,31,41,14,7,2,14,27,-10.0,2012-13
22012,1610612764,WAS,Washington Wizards,0021201108,2013-04-02,WAS vs. CHI,W,241,90,33,78,0.423,6,13,0.462,18,26,0.692,10,41,51,22,3,4,10,14,4.0,2012-13
22012,1610612764,WAS,Washington Wizards,0021201095,2013-03-31,WAS vs. TOR,W,241,109,41,85,0.482,9,17,0.529,18,28,0.643,14,34,48,24,4,5,9,26,17.0,2012-13
22012,1610612764,WAS,Washington Wizards,0021201074,2013-03-29,WAS @ ORL,L,241,92,30,81,0.37,4,20,0.2,28,32,0.875,18,37,55,15,4,2,13,18,-5.0,2012-13
22012,1610612764,WAS,Washington Wizards,0021201065,2013-03-27,WAS @ OKC,L,241,80,27,84,0.321,5,20,0.25,21,29,0.724,16,27,43,17,8,2,15,28,-23.0,2012-13
22012,1610612764,WAS,Washington Wizards,0021201048,2013-03-25,WAS vs. MEM,W,241,107,36,72,0.5,5,13,0.385,30,44,0.682,10,32,42,17,8,4,12,17,13.0,2012-13
22012,1610612764,WAS,Washington Wizards,0021201039,2013-03-23,WAS @ GSW,L,241,92,36,88,0.409,7,17,0.412,13,16,0.813,12,26,38,20,10,1,12,22,-9.0,2012-13
22012,1610612764,WAS,Washington Wizards,0021201032,2013-03-22,WAS @ LAL,W,240,103,40,87,0.46,11,26,0.423,12,16,0.75,6,33,39,28,8,5,9,18,3.0,2012-13
22012,1610612764,WAS,Washington Wizards,0021201017,2013-03-20,WAS @ PHX,W,241,88,33,68,0.485,6,15,0.4,16,25,0.64,6,35,41,22,7,4,21,22,9.0,2012-13
22012,1610612764,WAS,Washington Wizards,0021200994,2013-03-18,WAS @ CHA,L,240,114,43,81,0.531,6,15,0.4,22,29,0.759,14,27,41,27,6,5,17,26,-5.0,2012-13
22012,1610612764,WAS,Washington Wizards,0021200979,2013-03-16,WAS vs. PHX,W,240,127,48,93,0.516,14,21,0.667,17,20,0.85,15,27,42,30,6,3,10,18,22.0,2012-13
22012,1610612764,WAS,Washington Wizards,0021200970,2013-03-15,WAS vs. NOH,W,241,96,36,72,0.5,9,20,0.45,15,19,0.789,9,30,39,23,5,7,12,18,9.0,2012-13
22012,1610612764,WAS,Washington Wizards,0021200957,2013-03-13,WAS vs. MIL,W,240,106,43,86,0.5,8,16,0.5,12,24,0.5,13,35,48,25,8,0,13,17,13.0,2012-13
22012,1610612764,WAS,Washington Wizards,0021200950,2013-03-12,WAS @ CLE,L,240,90,31,76,0.408,5,17,0.294,23,28,0.821,11,35,46,20,4,5,14,22,-5.0,2012-13
22012,1610612764,WAS,Washington Wizards,0021200929,2013-03-09,WAS vs. CHA,W,241,104,35,70,0.5,10,18,0.556,24,32,0.75,9,36,45,23,6,5,16,26,17.0,2012-13
22012,1610612764,WAS,Washington Wizards,0021200918,2013-03-08,WAS @ BKN,L,239,78,32,90,0.356,3,17,0.176,11,17,0.647,14,30,44,18,10,8,11,28,-17.0,2012-13
22012,1610612764,WAS,Washington Wizards,0021200907,2013-03-06,WAS @ MIN,L,240,82,29,65,0.446,6,19,0.316,18,22,0.818,6,38,44,17,6,5,24,29,-5.0,2012-13
22012,1610612764,WAS,Washington Wizards,0021200882,2013-03-03,WAS vs. PHI,W,240,90,34,80,0.425,6,15,0.4,16,21,0.762,13,37,50,23,2,7,16,20,3.0,2012-13
22012,1610612764,WAS,Washington Wizards,0021200865,2013-03-01,WAS vs. NYK,L,241,88,31,74,0.419,7,16,0.438,19,29,0.655,11,33,44,19,7,4,13,18,-8.0,2012-13
22012,1610612764,WAS,Washington Wizards,0021200854,2013-02-27,WAS vs. DET,L,241,95,40,84,0.476,8,19,0.421,7,10,0.7,9,30,39,27,8,4,15,15,-1.0,2012-13
22012,1610612764,WAS,Washington Wizards,0021200839,2013-02-25,WAS @ TOR,W,239,90,34,81,0.42,7,12,0.583,15,17,0.882,10,39,49,17,7,1,19,23,6.0,2012-13
22012,1610612764,WAS,Washington Wizards,0021200823,2013-02-23,WAS vs. HOU,W,240,105,41,80,0.513,7,16,0.438,16,19,0.842,9,28,37,31,8,6,13,18,2.0,2012-13
22012,1610612764,WAS,Washington Wizards,0021200812,2013-02-22,WAS vs. DEN,W,241,119,42,88,0.477,11,24,0.458,24,33,0.727,18,31,49,27,7,8,18,26,6.0,2012-13
22012,1610612764,WAS,Washington Wizards,0021200789,2013-02-19,WAS vs. TOR,L,241,88,30,78,0.385,6,15,0.4,22,27,0.815,12,32,44,20,6,3,16,20,-8.0,2012-13
22012,1610612764,WAS,Washington Wizards,0021200781,2013-02-13,WAS @ DET,L,240,85,34,70,0.486,3,11,0.273,14,22,0.636,5,27,32,22,7,3,17,18,-11.0,2012-13
22012,1610612764,WAS,Washington Wizards,0021200767,2013-02-11,WAS @ MIL,W,239,102,42,74,0.568,4,12,0.333,14,17,0.824,7,40,47,29,7,4,19,16,12.0,2012-13
22012,1610612764,WAS,Washington Wizards,0021200735,2013-02-08,WAS vs. BKN,W,242,89,36,80,0.45,7,16,0.438,10,11,0.909,5,40,45,19,11,4,12,25,15.0,2012-13
22012,1610612764,WAS,Washington Wizards,0021200722,2013-02-06,WAS vs. NYK,W,240,106,42,79,0.532,11,20,0.55,11,14,0.786,7,31,38,23,3,4,10,17,10.0,2012-13
22012,1610612764,WAS,Washington Wizards,0021200709,2013-02-04,WAS vs. LAC,W,239,98,37,84,0.44,7,12,0.583,17,27,0.63,13,31,44,27,11,8,12,16,8.0,2012-13
22012,1610612764,WAS,Washington Wizards,0021200702,2013-02-02,WAS @ SAS,L,241,86,36,88,0.409,6,22,0.273,8,17,0.471,12,29,41,24,8,2,16,23,-10.0,2012-13
22012,1610612764,WAS,Washington Wizards,0021200691,2013-02-01,WAS @ MEM,L,241,76,34,83,0.41,5,20,0.25,3,3,1.0,7,24,31,19,12,0,15,19,-9.0,2012-13
22012,1610612764,WAS,Washington Wizards,0021200670,2013-01-30,WAS @ PHI,L,240,84,30,75,0.4,7,22,0.318,17,21,0.81,8,38,46,22,5,6,18,15,-8.0,2012-13
22012,1610612764,WAS,Washington Wizards,0021200661,2013-01-28,WAS vs. SAC,L,239,94,37,77,0.481,3,11,0.273,17,21,0.81,10,35,45,20,4,2,20,19,-2.0,2012-13
22012,1610612764,WAS,Washington Wizards,0021200644,2013-01-26,WAS vs. CHI,W,239,86,34,79,0.43,3,10,0.3,15,19,0.789,9,33,42,20,6,2,9,14,13.0,2012-13
22012,1610612764,WAS,Washington Wizards,0021200632,2013-01-25,WAS vs. MIN,W,240,114,48,83,0.578,8,17,0.471,10,17,0.588,6,29,35,29,8,8,16,27,13.0,2012-13
22012,1610612764,WAS,Washington Wizards,0021200625,2013-01-23,WAS @ UTA,L,240,88,31,86,0.36,7,18,0.389,19,26,0.731,12,39,51,20,9,7,15,19,-4.0,2012-13
22012,1610612764,WAS,Washington Wizards,0021200613,2013-01-21,WAS @ POR,W,240,98,39,84,0.464,8,19,0.421,12,17,0.706,11,33,44,23,6,1,15,18,3.0,2012-13
22012,1610612764,WAS,Washington Wizards,0021200600,2013-01-19,WAS @ LAC,L,240,87,32,77,0.416,8,20,0.4,15,27,0.556,11,32,43,21,8,6,18,24,-7.0,2012-13
22012,1610612764,WAS,Washington Wizards,0021200591,2013-01-18,WAS @ DEN,W,240,112,41,80,0.513,11,23,0.478,19,28,0.679,12,33,45,26,9,9,20,20,4.0,2012-13
22012,1610612764,WAS,Washington Wizards,0021200577,2013-01-16,WAS @ SAC,L,240,94,39,86,0.453,8,17,0.471,8,11,0.727,11,30,41,32,7,5,17,17,-1.0,2012-13
22012,1610612764,WAS,Washington Wizards,0021200556,2013-01-14,WAS vs. ORL,W,240,120,46,82,0.561,7,11,0.636,21,25,0.84,9,33,42,32,8,6,11,21,29.0,2012-13
22012,1610612764,WAS,Washington Wizards,0021200542,2013-01-12,WAS vs. ATL,W,242,93,36,79,0.456,2,11,0.182,19,27,0.704,12,39,51,17,9,4,17,27,10.0,2012-13
22012,1610612764,WAS,Washington Wizards,0021200504,2013-01-07,WAS vs. OKC,W,239,101,38,87,0.437,10,18,0.556,15,18,0.833,13,32,45,20,5,5,14,20,2.0,2012-13
22012,1610612764,WAS,Washington Wizards,0021200500,2013-01-06,WAS @ MIA,L,241,71,29,81,0.358,6,21,0.286,7,14,0.5,10,29,39,20,7,2,8,15,-28.0,2012-13
22012,1610612764,WAS,Washington Wizards,0021200479,2013-01-04,WAS vs. BKN,L,291,113,43,91,0.473,9,18,0.5,18,31,0.581,7,34,41,27,13,4,16,26,-2.0,2012-13
22012,1610612764,WAS,Washington Wizards,0021200467,2013-01-02,WAS @ IND,L,240,81,35,83,0.422,3,13,0.231,8,10,0.8,8,33,41,24,9,6,19,25,-8.0,2012-13
22012,1610612764,WAS,Washington Wizards,0021200458,2013-01-01,WAS vs. DAL,L,241,94,32,79,0.405,10,26,0.385,20,26,0.769,12,32,44,23,3,4,14,23,-9.0,2012-13
22012,1610612764,WAS,Washington Wizards,0021200441,2012-12-29,WAS @ CHI,L,241,77,31,85,0.365,3,10,0.3,12,18,0.667,16,40,56,19,2,4,16,16,-10.0,2012-13
22012,1610612764,WAS,Washington Wizards,0021200425,2012-12-28,WAS vs. ORL,W,240,105,42,88,0.477,6,20,0.3,15,17,0.882,11,36,47,25,6,8,10,14,8.0,2012-13
22012,1610612764,WAS,Washington Wizards,0021200410,2012-12-26,WAS vs. CLE,L,239,84,35,76,0.461,4,18,0.222,10,14,0.714,12,39,51,22,4,6,20,21,-3.0,2012-13
22012,1610612764,WAS,Washington Wizards,0021200390,2012-12-22,WAS vs. DET,L,239,87,29,77,0.377,4,21,0.19,25,32,0.781,10,33,43,20,7,3,11,18,-9.0,2012-13
22012,1610612764,WAS,Washington Wizards,0021200384,2012-12-21,WAS @ DET,L,241,68,28,85,0.329,2,12,0.167,10,13,0.769,12,34,46,15,4,4,12,20,-32.0,2012-13
22012,1610612764,WAS,Washington Wizards,0021200368,2012-12-19,WAS @ ORL,L,239,83,34,77,0.442,9,17,0.529,6,8,0.75,5,33,38,20,5,5,15,21,-7.0,2012-13
22012,1610612764,WAS,Washington Wizards,0021200356,2012-12-18,WAS vs. ATL,L,264,95,36,95,0.379,6,18,0.333,17,22,0.773,15,34,49,28,10,7,13,24,-5.0,2012-13
22012,1610612764,WAS,Washington Wizards,0021200339,2012-12-15,WAS @ MIA,L,241,72,27,72,0.375,7,20,0.35,11,15,0.733,10,30,40,16,8,0,21,18,-30.0,2012-13
22012,1610612764,WAS,Washington Wizards,0021200326,2012-12-14,WAS vs. LAL,L,239,96,36,83,0.434,8,21,0.381,16,20,0.8,13,35,48,19,6,4,19,24,-6.0,2012-13
22012,1610612764,WAS,Washington Wizards,0021200317,2012-12-12,WAS @ HOU,L,241,93,35,89,0.393,7,25,0.28,16,20,0.8,10,36,46,18,10,8,13,20,-6.0,2012-13
22012,1610612764,WAS,Washington Wizards,0021200307,2012-12-11,WAS @ NOH,W,242,77,27,82,0.329,5,19,0.263,18,23,0.783,10,39,49,14,3,6,14,22,7.0,2012-13
22012,1610612764,WAS,Washington Wizards,0021200283,2012-12-08,WAS vs. GSW,L,239,97,37,87,0.425,9,25,0.36,14,23,0.609,7,30,37,23,11,4,8,20,-4.0,2012-13
22012,1610612764,WAS,Washington Wizards,0021200273,2012-12-07,WAS @ ATL,L,239,95,36,79,0.456,7,16,0.438,16,20,0.8,7,25,32,22,6,4,11,17,-9.0,2012-13
22012,1610612764,WAS,Washington Wizards,0021200252,2012-12-04,WAS vs. MIA,W,240,105,38,79,0.481,7,19,0.368,22,29,0.759,8,36,44,31,7,3,10,14,4.0,2012-13
22012,1610612764,WAS,Washington Wizards,0021200226,2012-11-30,WAS @ NYK,L,240,87,35,78,0.449,5,18,0.278,12,21,0.571,13,29,42,11,5,4,17,14,-21.0,2012-13
22012,1610612764,WAS,Washington Wizards,0021200209,2012-11-28,WAS vs. POR,W,239,84,31,71,0.437,5,12,0.417,17,19,0.895,8,34,42,18,7,2,16,19,2.0,2012-13
22012,1610612764,WAS,Washington Wizards,0021200197,2012-11-26,WAS vs. SAS,L,241,92,37,90,0.411,4,14,0.286,14,17,0.824,15,25,40,14,10,2,10,18,-26.0,2012-13
22012,1610612764,WAS,Washington Wizards,0021200184,2012-11-24,WAS vs. CHA,L,289,106,34,93,0.366,6,27,0.222,32,39,0.821,18,35,53,21,11,5,19,28,-2.0,2012-13
22012,1610612764,WAS,Washington Wizards,0021200162,2012-11-21,WAS @ ATL,L,264,100,38,89,0.427,7,20,0.35,17,24,0.708,19,39,58,20,8,6,20,27,-1.0,2012-13
22012,1610612764,WAS,Washington Wizards,0021200147,2012-11-19,WAS vs. IND,L,239,89,31,87,0.356,4,17,0.235,23,31,0.742,14,22,36,13,10,2,10,27,-7.0,2012-13
22012,1610612764,WAS,Washington Wizards,0021200133,2012-11-17,WAS vs. UTA,L,239,76,31,85,0.365,5,16,0.313,9,12,0.75,16,28,44,18,10,6,15,20,-7.0,2012-13
22012,1610612764,WAS,Washington Wizards,0021200115,2012-11-14,WAS @ DAL,L,241,101,39,81,0.481,13,27,0.481,10,11,0.909,9,25,34,24,8,4,16,24,-6.0,2012-13
22012,1610612764,WAS,Washington Wizards,0021200103,2012-11-13,WAS @ CHA,L,240,76,25,84,0.298,5,31,0.161,21,32,0.656,18,32,50,18,5,10,17,24,-16.0,2012-13
22012,1610612764,WAS,Washington Wizards,0021200082,2012-11-10,WAS @ IND,L,240,85,35,79,0.443,10,24,0.417,5,7,0.714,5,35,40,26,5,5,12,21,-4.0,2012-13
22012,1610612764,WAS,Washington Wizards,0021200068,2012-11-09,WAS vs. MIL,L,239,91,34,78,0.436,4,18,0.222,19,22,0.864,10,26,36,23,13,4,20,24,-10.0,2012-13
22012,1610612764,WAS,Washington Wizards,0021200054,2012-11-07,WAS @ BOS,L,265,94,39,95,0.411,10,29,0.345,6,7,0.857,10,34,44,25,8,6,19,27,-6.0,2012-13
22012,1610612764,WAS,Washington Wizards,0021200027,2012-11-03,WAS vs. BOS,L,241,86,34,78,0.436,6,20,0.3,12,17,0.706,7,39,46,20,7,4,15,14,-3.0,2012-13
22012,1610612764,WAS,Washington Wizards,0021200001,2012-10-30,WAS @ CLE,L,240,84,32,90,0.356,8,32,0.25,12,20,0.6,18,21,39,26,11,10,12,19,-10.0,2012-13
22013,1610612764,WAS,Washington Wizards,0021301222,2014-04-16,WAS @ BOS,W,241,118,50,88,0.568,6,18,0.333,12,17,0.706,6,30,36,26,6,2,12,20,16.0,2013-14
22013,1610612764,WAS,Washington Wizards,0021301206,2014-04-14,WAS vs. MIA,W,240,114,46,78,0.59,14,29,0.483,8,15,0.533,8,34,42,36,9,3,17,19,21.0,2013-14
22013,1610612764,WAS,Washington Wizards,0021301191,2014-04-12,WAS vs. MIL,W,240,104,40,84,0.476,8,22,0.364,16,19,0.842,8,28,36,25,7,5,9,23,13.0,2013-14
22013,1610612764,WAS,Washington Wizards,0021301176,2014-04-11,WAS @ ORL,W,240,96,35,82,0.427,2,19,0.105,24,33,0.727,13,31,44,24,7,4,12,19,10.0,2013-14
22013,1610612764,WAS,Washington Wizards,0021301165,2014-04-09,WAS vs. CHA,L,264,88,37,82,0.451,1,15,0.067,13,20,0.65,7,38,45,23,7,9,12,15,-6.0,2013-14
22013,1610612764,WAS,Washington Wizards,0021301144,2014-04-05,WAS vs. CHI,L,240,78,34,86,0.395,3,16,0.188,7,12,0.583,14,26,40,16,6,4,11,19,-18.0,2013-14
22013,1610612764,WAS,Washington Wizards,0021301136,2014-04-04,WAS @ NYK,W,240,90,38,78,0.487,5,19,0.263,9,15,0.6,12,29,41,18,7,0,15,15,1.0,2013-14
22013,1610612764,WAS,Washington Wizards,0021301119,2014-04-02,WAS vs. BOS,W,241,118,45,72,0.625,10,19,0.526,18,21,0.857,6,35,41,29,8,4,21,24,26.0,2013-14
22013,1610612764,WAS,Washington Wizards,0021301101,2014-03-31,WAS @ CHA,L,241,94,38,79,0.481,9,17,0.529,9,13,0.692,9,28,37,26,6,3,14,21,-6.0,2013-14
22013,1610612764,WAS,Washington Wizards,0021301089,2014-03-29,WAS vs. ATL,W,239,101,39,79,0.494,6,14,0.429,17,25,0.68,11,33,44,17,11,5,13,22,4.0,2013-14
22013,1610612764,WAS,Washington Wizards,0021301077,2014-03-28,WAS vs. IND,W,239,91,34,87,0.391,7,23,0.304,16,17,0.941,12,31,43,20,6,4,8,21,13.0,2013-14
22013,1610612764,WAS,Washington Wizards,0021301062,2014-03-26,WAS vs. PHX,L,239,93,37,81,0.457,6,19,0.316,13,21,0.619,7,28,35,21,9,1,14,13,-6.0,2013-14
22013,1610612764,WAS,Washington Wizards,0021301042,2014-03-23,WAS @ DEN,L,240,102,41,85,0.482,5,15,0.333,15,18,0.833,12,34,46,20,8,7,24,20,-3.0,2013-14
22013,1610612764,WAS,Washington Wizards,0021301031,2014-03-21,WAS @ LAL,W,240,117,42,87,0.483,10,25,0.4,23,29,0.793,9,35,44,21,9,7,19,22,10.0,2013-14
22013,1610612764,WAS,Washington Wizards,0021301020,2014-03-20,WAS @ POR,L,239,103,38,90,0.422,12,27,0.444,15,17,0.882,15,28,43,25,5,5,11,21,-13.0,2013-14
22013,1610612764,WAS,Washington Wizards,0021301006,2014-03-18,WAS @ SAC,L,264,111,40,91,0.44,11,28,0.393,20,30,0.667,11,30,41,28,11,2,15,32,-6.0,2013-14
22013,1610612764,WAS,Washington Wizards,0021300982,2014-03-15,WAS vs. BKN,W,241,101,36,77,0.468,8,26,0.308,21,25,0.84,11,28,39,21,4,7,13,14,7.0,2013-14
22013,1610612764,WAS,Washington Wizards,0021300972,2014-03-14,WAS @ ORL,W,265,105,36,90,0.4,10,23,0.435,23,29,0.793,11,41,52,24,5,4,11,14,4.0,2013-14
22013,1610612764,WAS,Washington Wizards,0021300961,2014-03-12,WAS vs. CHA,L,240,85,35,82,0.427,9,25,0.36,6,9,0.667,8,29,37,16,3,4,14,22,-13.0,2013-14
22013,1610612764,WAS,Washington Wizards,0021300945,2014-03-10,WAS @ MIA,L,239,90,36,89,0.404,12,31,0.387,6,9,0.667,21,29,50,24,3,3,18,14,-9.0,2013-14
22013,1610612764,WAS,Washington Wizards,0021300931,2014-03-08,WAS @ MIL,W,240,114,43,80,0.538,15,28,0.536,13,23,0.565,11,24,35,25,6,7,16,21,7.0,2013-14
22013,1610612764,WAS,Washington Wizards,0021300906,2014-03-05,WAS vs. UTA,W,240,104,44,81,0.543,6,15,0.4,10,10,1.0,8,33,41,28,9,2,12,20,13.0,2013-14
22013,1610612764,WAS,Washington Wizards,0021300890,2014-03-03,WAS vs. MEM,L,239,104,39,81,0.481,9,19,0.474,17,21,0.81,8,26,34,18,4,2,13,22,-6.0,2013-14
22013,1610612764,WAS,Washington Wizards,0021300875,2014-03-01,WAS @ PHI,W,239,122,45,89,0.506,12,26,0.462,20,28,0.714,12,32,44,33,12,6,16,25,19.0,2013-14
22013,1610612764,WAS,Washington Wizards,0021300864,2014-02-27,WAS @ TOR,W,316,134,51,108,0.472,5,22,0.227,27,37,0.73,18,39,57,22,10,7,14,32,5.0,2013-14
22013,1610612764,WAS,Washington Wizards,0021300848,2014-02-25,WAS vs. ORL,W,240,115,42,80,0.525,10,16,0.625,21,28,0.75,9,27,36,24,8,2,12,15,9.0,2013-14
22013,1610612764,WAS,Washington Wizards,0021300835,2014-02-23,WAS @ CLE,W,240,96,41,96,0.427,8,20,0.4,6,10,0.6,15,33,48,26,7,3,5,19,13.0,2013-14
22013,1610612764,WAS,Washington Wizards,0021300826,2014-02-22,WAS vs. NOP,W,240,94,36,74,0.486,3,14,0.214,19,26,0.731,9,33,42,23,6,7,17,15,1.0,2013-14
22013,1610612764,WAS,Washington Wizards,0021300804,2014-02-19,WAS @ ATL,W,241,114,46,89,0.517,13,24,0.542,9,11,0.818,9,32,41,30,6,5,10,23,17.0,2013-14
22013,1610612764,WAS,Washington Wizards,0021300794,2014-02-18,WAS vs. TOR,L,240,93,38,81,0.469,4,15,0.267,13,21,0.619,16,24,40,21,8,3,16,19,-10.0,2013-14
22013,1610612764,WAS,Washington Wizards,0021300784,2014-02-12,WAS @ HOU,L,240,112,44,97,0.454,16,32,0.5,8,16,0.5,12,23,35,28,14,3,9,32,-1.0,2013-14
22013,1610612764,WAS,Washington Wizards,0021300773,2014-02-11,WAS @ MEM,L,242,89,34,74,0.459,7,24,0.292,14,20,0.7,5,28,33,14,8,7,13,20,-3.0,2013-14
22013,1610612764,WAS,Washington Wizards,0021300762,2014-02-09,WAS vs. SAC,W,240,93,34,79,0.43,8,21,0.381,17,22,0.773,10,28,38,20,9,8,14,18,9.0,2013-14
22013,1610612764,WAS,Washington Wizards,0021300742,2014-02-07,WAS vs. CLE,L,240,113,43,85,0.506,11,20,0.55,16,23,0.696,11,23,34,29,11,5,13,23,-2.0,2013-14
22013,1610612764,WAS,Washington Wizards,0021300727,2014-02-05,WAS vs. SAS,L,289,118,44,101,0.436,5,16,0.313,25,32,0.781,13,36,49,19,10,6,15,18,-7.0,2013-14
22013,1610612764,WAS,Washington Wizards,0021300711,2014-02-03,WAS vs. POR,W,240,100,37,84,0.44,7,17,0.412,19,22,0.864,5,34,39,22,10,3,6,16,10.0,2013-14
22013,1610612764,WAS,Washington Wizards,0021300698,2014-02-01,WAS vs. OKC,W,239,96,41,89,0.461,8,24,0.333,6,9,0.667,8,35,43,28,9,2,10,18,15.0,2013-14
22013,1610612764,WAS,Washington Wizards,0021300685,2014-01-29,WAS @ LAC,L,241,103,45,88,0.511,3,22,0.136,10,17,0.588,6,30,36,31,10,4,16,26,-7.0,2013-14
22013,1610612764,WAS,Washington Wizards,0021300673,2014-01-28,WAS @ GSW,W,241,88,34,90,0.378,10,22,0.455,10,15,0.667,12,44,56,20,10,4,18,17,3.0,2013-14
22013,1610612764,WAS,Washington Wizards,0021300652,2014-01-25,WAS @ UTA,L,240,101,39,91,0.429,7,20,0.35,16,18,0.889,14,33,47,19,6,3,9,18,-3.0,2013-14
22013,1610612764,WAS,Washington Wizards,0021300643,2014-01-24,WAS @ PHX,W,240,101,39,86,0.453,6,16,0.375,17,23,0.739,19,25,44,22,13,7,17,24,6.0,2013-14
22013,1610612764,WAS,Washington Wizards,0021300625,2014-01-22,WAS vs. BOS,L,264,111,42,94,0.447,7,22,0.318,20,27,0.741,12,38,50,23,10,4,18,23,-2.0,2013-14
22013,1610612764,WAS,Washington Wizards,0021300609,2014-01-20,WAS vs. PHI,W,240,107,37,84,0.44,5,18,0.278,28,35,0.8,10,43,53,25,5,12,16,28,8.0,2013-14
22013,1610612764,WAS,Washington Wizards,0021300595,2014-01-18,WAS vs. DET,L,239,98,37,76,0.487,8,21,0.381,16,29,0.552,6,29,35,22,7,1,19,26,-6.0,2013-14
22013,1610612764,WAS,Washington Wizards,0021300585,2014-01-17,WAS vs. CHI,W,241,96,40,79,0.506,6,11,0.545,10,13,0.769,8,28,36,27,9,8,16,17,3.0,2013-14
22013,1610612764,WAS,Washington Wizards,0021300568,2014-01-15,WAS vs. MIA,W,240,114,41,75,0.547,10,22,0.455,22,26,0.846,7,34,41,30,7,7,12,19,17.0,2013-14
22013,1610612764,WAS,Washington Wizards,0021300558,2014-01-13,WAS @ CHI,W,241,102,39,75,0.52,7,18,0.389,17,28,0.607,8,32,40,25,9,5,12,17,14.0,2013-14
22013,1610612764,WAS,Washington Wizards,0021300544,2014-01-11,WAS vs. HOU,L,242,107,40,95,0.421,5,19,0.263,22,31,0.71,17,30,47,24,11,3,11,32,-7.0,2013-14
22013,1610612764,WAS,Washington Wizards,0021300531,2014-01-10,WAS @ IND,L,240,66,26,81,0.321,5,14,0.357,9,23,0.391,8,33,41,13,8,7,14,25,-27.0,2013-14
22013,1610612764,WAS,Washington Wizards,0021300525,2014-01-08,WAS @ NOP,W,241,102,38,80,0.475,10,21,0.476,16,26,0.615,13,33,46,24,6,5,12,23,6.0,2013-14
22013,1610612764,WAS,Washington Wizards,0021300508,2014-01-07,WAS @ CHA,W,241,97,40,85,0.471,5,17,0.294,12,15,0.8,8,38,46,20,7,8,7,20,14.0,2013-14
22013,1610612764,WAS,Washington Wizards,0021300501,2014-01-05,WAS vs. GSW,L,240,96,37,86,0.43,6,20,0.3,16,16,1.0,9,33,42,23,8,5,13,17,-16.0,2013-14
22013,1610612764,WAS,Washington Wizards,0021300482,2014-01-03,WAS vs. TOR,L,239,88,34,82,0.415,4,12,0.333,16,17,0.941,16,26,42,19,7,2,17,14,-13.0,2013-14
22013,1610612764,WAS,Washington Wizards,0021300468,2014-01-01,WAS vs. DAL,L,241,78,33,88,0.375,5,24,0.208,7,10,0.7,15,31,46,17,9,6,18,21,-9.0,2013-14
22013,1610612764,WAS,Washington Wizards,0021300453,2013-12-30,WAS @ DET,W,240,106,39,78,0.5,7,19,0.368,21,27,0.778,9,33,42,25,11,2,15,27,7.0,2013-14
22013,1610612764,WAS,Washington Wizards,0021300439,2013-12-28,WAS vs. DET,W,239,106,43,86,0.5,9,19,0.474,11,17,0.647,16,30,46,34,10,5,17,20,24.0,2013-14
22013,1610612764,WAS,Washington Wizards,0021300431,2013-12-27,WAS @ MIN,L,240,98,38,83,0.458,8,21,0.381,14,17,0.824,9,26,35,18,3,1,12,25,-22.0,2013-14
22013,1610612764,WAS,Washington Wizards,0021300393,2013-12-21,WAS @ BOS,W,240,106,41,87,0.471,8,21,0.381,16,22,0.727,12,35,47,24,10,7,11,19,7.0,2013-14
22013,1610612764,WAS,Washington Wizards,0021300374,2013-12-18,WAS @ BKN,W,241,113,38,88,0.432,12,20,0.6,25,30,0.833,19,32,51,19,9,6,16,22,6.0,2013-14
22013,1610612764,WAS,Washington Wizards,0021300361,2013-12-16,WAS @ NYK,W,240,102,39,72,0.542,11,18,0.611,13,17,0.765,6,35,41,21,4,3,19,25,1.0,2013-14
22013,1610612764,WAS,Washington Wizards,0021300343,2013-12-14,WAS vs. LAC,L,241,97,40,81,0.494,3,14,0.214,14,20,0.7,9,24,33,21,6,3,13,26,-16.0,2013-14
22013,1610612764,WAS,Washington Wizards,0021300332,2013-12-13,WAS @ ATL,L,265,99,42,100,0.42,4,14,0.286,11,18,0.611,18,42,60,26,4,3,17,20,-2.0,2013-14
22013,1610612764,WAS,Washington Wizards,0021300306,2013-12-09,WAS vs. DEN,L,240,74,32,89,0.36,5,24,0.208,5,9,0.556,16,30,46,18,10,7,14,16,-1.0,2013-14
22013,1610612764,WAS,Washington Wizards,0021300281,2013-12-06,WAS vs. MIL,L,263,105,33,83,0.398,8,27,0.296,31,41,0.756,13,33,46,22,12,10,14,26,-4.0,2013-14
22013,1610612764,WAS,Washington Wizards,0021300256,2013-12-02,WAS vs. ORL,W,240,98,33,73,0.452,9,13,0.692,23,29,0.793,7,35,42,21,5,4,17,22,18.0,2013-14
22013,1610612764,WAS,Washington Wizards,0021300241,2013-11-30,WAS vs. ATL,W,240,108,38,78,0.487,12,24,0.5,20,30,0.667,6,32,38,24,12,5,16,20,7.0,2013-14
22013,1610612764,WAS,Washington Wizards,0021300236,2013-11-29,WAS @ IND,L,240,73,29,73,0.397,6,18,0.333,9,13,0.692,6,31,37,16,5,10,17,12,-20.0,2013-14
22013,1610612764,WAS,Washington Wizards,0021300222,2013-11-27,WAS @ MIL,W,266,100,37,74,0.5,10,26,0.385,16,22,0.727,5,29,34,27,14,2,19,9,8.0,2013-14
22013,1610612764,WAS,Washington Wizards,0021300212,2013-11-26,WAS vs. LAL,W,240,116,46,87,0.529,6,21,0.286,18,22,0.818,10,32,42,25,15,2,10,14,5.0,2013-14
22013,1610612764,WAS,Washington Wizards,0021300189,2013-11-23,WAS vs. NYK,W,241,98,37,76,0.487,7,19,0.368,17,22,0.773,11,34,45,23,4,4,12,18,9.0,2013-14
22013,1610612764,WAS,Washington Wizards,0021300178,2013-11-22,WAS @ TOR,L,241,88,36,86,0.419,6,17,0.353,10,13,0.769,9,30,39,17,6,4,14,22,-8.0,2013-14
22013,1610612764,WAS,Washington Wizards,0021300162,2013-11-20,WAS @ CLE,W,241,98,38,84,0.452,8,19,0.421,14,14,1.0,15,29,44,31,6,5,14,17,7.0,2013-14
22013,1610612764,WAS,Washington Wizards,0021300156,2013-11-19,WAS vs. MIN,W,239,104,41,85,0.482,7,15,0.467,15,15,1.0,7,34,41,31,10,5,11,24,4.0,2013-14
22013,1610612764,WAS,Washington Wizards,0021300138,2013-11-16,WAS vs. CLE,L,266,96,37,93,0.398,6,25,0.24,16,22,0.727,13,34,47,22,11,3,18,17,-7.0,2013-14
22013,1610612764,WAS,Washington Wizards,0021300117,2013-11-13,WAS @ SAS,L,239,79,33,91,0.363,5,15,0.333,8,11,0.727,12,32,44,15,11,3,9,11,-13.0,2013-14
22013,1610612764,WAS,Washington Wizards,0021300108,2013-11-12,WAS @ DAL,L,240,95,33,75,0.44,9,26,0.346,20,29,0.69,11,33,44,24,12,4,19,20,-10.0,2013-14
22013,1610612764,WAS,Washington Wizards,0021300095,2013-11-10,WAS @ OKC,L,264,105,40,88,0.455,12,29,0.414,13,26,0.5,7,34,41,23,5,7,12,19,-1.0,2013-14
22013,1610612764,WAS,Washington Wizards,0021300077,2013-11-08,WAS vs. BKN,W,265,112,41,88,0.466,10,24,0.417,20,26,0.769,7,29,36,28,10,4,16,19,4.0,2013-14
22013,1610612764,WAS,Washington Wizards,0021300063,2013-11-06,WAS @ PHI,W,240,116,43,98,0.439,18,33,0.545,12,16,0.75,10,30,40,32,10,5,11,20,14.0,2013-14
22013,1610612764,WAS,Washington Wizards,0021300042,2013-11-03,WAS @ MIA,L,239,93,35,82,0.427,12,30,0.4,11,16,0.688,17,24,41,22,8,2,20,26,-10.0,2013-14
22013,1610612764,WAS,Washington Wizards,0021300022,2013-11-01,WAS vs. PHI,L,239,102,41,94,0.436,9,26,0.346,11,17,0.647,15,31,46,23,14,6,17,16,-7.0,2013-14
22013,1610612764,WAS,Washington Wizards,0021300007,2013-10-30,WAS @ DET,L,239,102,34,78,0.436,10,25,0.4,24,32,0.75,13,25,38,23,5,3,16,30,-11.0,2013-14
42013,1610612764,WAS,Washington Wizards,0041300206,2014-05-15,WAS vs. IND,L,239,80,31,79,0.392,2,18,0.111,16,20,0.8,9,31,40,17,4,3,11,23,-13.0,2013-14
42013,1610612764,WAS,Washington Wizards,0041300205,2014-05-13,WAS @ IND,W,242,102,41,82,0.5,5,18,0.278,15,19,0.789,18,44,62,21,8,3,19,22,23.0,2013-14
42013,1610612764,WAS,Washington Wizards,0041300204,2014-05-11,WAS vs. IND,L,240,92,36,79,0.456,5,15,0.333,15,19,0.789,7,29,36,22,11,8,13,23,-3.0,2013-14
42013,1610612764,WAS,Washington Wizards,0041300203,2014-05-09,WAS vs. IND,L,239,63,24,73,0.329,4,16,0.25,11,21,0.524,10,35,45,10,6,5,17,22,-22.0,2013-14
42013,1610612764,WAS,Washington Wizards,0041300202,2014-05-07,WAS @ IND,L,241,82,36,80,0.45,5,21,0.238,5,12,0.417,11,32,43,20,5,3,9,21,-4.0,2013-14
42013,1610612764,WAS,Washington Wizards,0041300201,2014-05-05,WAS @ IND,W,240,102,35,84,0.417,10,16,0.625,22,31,0.71,17,36,53,23,7,7,15,23,6.0,2013-14
42013,1610612764,WAS,Washington Wizards,0041300135,2014-04-29,WAS @ CHI,W,239,75,30,74,0.405,2,9,0.222,13,19,0.684,13,36,49,16,9,11,12,19,6.0,2013-14
42013,1610612764,WAS,Washington Wizards,0041300134,2014-04-27,WAS vs. CHI,W,240,98,35,86,0.407,8,19,0.421,20,25,0.8,14,24,38,22,8,5,6,18,9.0,2013-14
42013,1610612764,WAS,Washington Wizards,0041300133,2014-04-25,WAS vs. CHI,L,240,97,37,86,0.43,8,19,0.421,15,21,0.714,13,28,41,20,9,6,11,22,-3.0,2013-14
42013,1610612764,WAS,Washington Wizards,0041300132,2014-04-22,WAS @ CHI,W,265,101,38,80,0.475,9,23,0.391,16,28,0.571,8,34,42,23,10,6,12,26,2.0,2013-14
42013,1610612764,WAS,Washington Wizards,0041300131,2014-04-20,WAS @ CHI,W,242,102,36,74,0.486,4,11,0.364,26,35,0.743,9,36,45,21,5,5,10,26,9.0,2013-14
22014,1610612764,WAS,Washington Wizards,0021401225,2015-04-15,WAS @ CLE,L,265,108,42,97,0.433,8,22,0.364,16,21,0.762,15,35,50,26,8,5,13,13,-5.0,2014-15
22014,1610612764,WAS,Washington Wizards,0021401215,2015-04-14,WAS @ IND,L,291,95,37,104,0.356,7,24,0.292,14,17,0.824,13,46,59,22,8,2,11,22,-4.0,2014-15
22014,1610612764,WAS,Washington Wizards,0021401198,2015-04-12,WAS vs. ATL,W,240,108,39,85,0.459,9,21,0.429,21,27,0.778,14,37,51,22,8,6,19,19,9.0,2014-15
22014,1610612764,WAS,Washington Wizards,0021401177,2015-04-10,WAS @ BKN,L,239,80,32,82,0.39,5,15,0.333,11,17,0.647,17,33,50,23,3,4,17,21,-37.0,2014-15
22014,1610612764,WAS,Washington Wizards,0021401162,2015-04-08,WAS @ PHI,W,241,119,47,72,0.653,8,15,0.533,17,23,0.739,6,39,45,35,4,8,14,21,29.0,2014-15
22014,1610612764,WAS,Washington Wizards,0021401141,2015-04-04,WAS @ MEM,W,240,92,38,79,0.481,8,22,0.364,8,10,0.8,6,34,40,24,9,0,15,18,9.0,2014-15
22014,1610612764,WAS,Washington Wizards,0021401128,2015-04-03,WAS vs. NYK,W,240,101,43,93,0.462,7,16,0.438,8,12,0.667,12,36,48,32,8,8,11,17,14.0,2014-15
22014,1610612764,WAS,Washington Wizards,0021401114,2015-04-01,WAS vs. PHI,W,240,106,44,76,0.579,4,12,0.333,14,22,0.636,9,38,47,33,7,4,16,20,13.0,2014-15
22014,1610612764,WAS,Washington Wizards,0021401097,2015-03-29,WAS vs. HOU,L,241,91,29,75,0.387,4,15,0.267,29,37,0.784,11,32,43,17,14,5,17,22,-8.0,2014-15
22014,1610612764,WAS,Washington Wizards,0021401076,2015-03-27,WAS vs. CHA,W,290,110,44,113,0.389,9,25,0.36,13,22,0.591,17,55,72,25,9,9,16,26,3.0,2014-15
22014,1610612764,WAS,Washington Wizards,0021401063,2015-03-25,WAS vs. IND,L,241,101,33,75,0.44,5,14,0.357,30,38,0.789,6,40,46,13,6,4,10,23,-2.0,2014-15
22014,1610612764,WAS,Washington Wizards,0021401053,2015-03-23,WAS @ GSW,L,241,76,27,81,0.333,3,11,0.273,19,26,0.731,5,33,38,15,5,2,11,15,-31.0,2014-15
22014,1610612764,WAS,Washington Wizards,0021401042,2015-03-22,WAS @ SAC,L,238,86,35,87,0.402,3,17,0.176,13,18,0.722,16,28,44,21,7,3,16,18,-23.0,2014-15
22014,1610612764,WAS,Washington Wizards,0021401031,2015-03-20,WAS @ LAC,L,241,99,37,86,0.43,6,19,0.316,19,23,0.826,8,28,36,27,6,2,9,16,-14.0,2014-15
22014,1610612764,WAS,Washington Wizards,0021401015,2015-03-18,WAS @ UTA,W,239,88,33,63,0.524,6,11,0.545,16,23,0.696,6,35,41,16,4,3,21,21,4.0,2014-15
22014,1610612764,WAS,Washington Wizards,0021400991,2015-03-16,WAS vs. POR,W,240,105,41,82,0.5,7,12,0.583,16,26,0.615,6,37,43,25,5,4,6,17,8.0,2014-15
22014,1610612764,WAS,Washington Wizards,0021400977,2015-03-14,WAS vs. SAC,W,241,113,43,81,0.531,13,26,0.5,14,17,0.824,9,32,41,28,8,6,13,25,16.0,2014-15
22014,1610612764,WAS,Washington Wizards,0021400963,2015-03-12,WAS vs. MEM,W,242,107,40,80,0.5,5,17,0.294,22,31,0.71,10,32,42,25,11,5,13,24,20.0,2014-15
22014,1610612764,WAS,Washington Wizards,0021400938,2015-03-09,WAS @ CHA,W,240,95,44,85,0.518,2,14,0.143,5,5,1.0,8,41,49,21,10,4,13,19,26.0,2014-15
22014,1610612764,WAS,Washington Wizards,0021400929,2015-03-07,WAS @ MIL,L,240,85,31,81,0.383,9,28,0.321,14,22,0.636,14,35,49,19,9,3,17,19,-6.0,2014-15
22014,1610612764,WAS,Washington Wizards,0021400920,2015-03-06,WAS vs. MIA,W,239,99,38,82,0.463,7,23,0.304,16,18,0.889,10,33,43,24,6,4,15,21,2.0,2014-15
22014,1610612764,WAS,Washington Wizards,0021400893,2015-03-03,WAS @ CHI,L,240,92,35,84,0.417,8,22,0.364,14,19,0.737,10,29,39,23,10,11,11,23,-5.0,2014-15
22014,1610612764,WAS,Washington Wizards,0021400870,2015-02-28,WAS vs. DET,W,241,99,37,78,0.474,7,20,0.35,18,25,0.72,12,31,43,21,14,2,12,16,4.0,2014-15
22014,1610612764,WAS,Washington Wizards,0021400857,2015-02-27,WAS @ PHI,L,239,81,30,93,0.323,4,17,0.235,17,22,0.773,13,38,51,20,4,5,13,25,-8.0,2014-15
22014,1610612764,WAS,Washington Wizards,0021400848,2015-02-25,WAS @ MIN,L,238,77,33,87,0.379,4,18,0.222,7,8,0.875,10,33,43,21,5,3,19,27,-20.0,2014-15
22014,1610612764,WAS,Washington Wizards,0021400838,2015-02-24,WAS vs. GSW,L,240,107,42,79,0.532,5,18,0.278,18,21,0.857,9,36,45,23,4,4,26,20,-7.0,2014-15
22014,1610612764,WAS,Washington Wizards,0021400823,2015-02-22,WAS @ DET,L,238,89,37,85,0.435,6,17,0.353,9,14,0.643,11,32,43,28,4,2,12,22,-17.0,2014-15
22014,1610612764,WAS,Washington Wizards,0021400809,2015-02-20,WAS vs. CLE,L,239,89,38,86,0.442,1,16,0.063,12,16,0.75,12,31,43,22,7,7,17,23,-38.0,2014-15
22014,1610612764,WAS,Washington Wizards,0021400791,2015-02-11,WAS @ TOR,L,240,93,39,85,0.459,5,21,0.238,10,16,0.625,15,35,50,25,7,6,16,15,-2.0,2014-15
22014,1610612764,WAS,Washington Wizards,0021400776,2015-02-09,WAS vs. ORL,W,240,96,33,77,0.429,7,25,0.28,23,27,0.852,13,40,53,25,7,3,20,14,16.0,2014-15
22014,1610612764,WAS,Washington Wizards,0021400759,2015-02-07,WAS vs. BKN,W,239,114,44,87,0.506,9,20,0.45,17,23,0.739,16,35,51,31,9,3,14,24,37.0,2014-15
22014,1610612764,WAS,Washington Wizards,0021400742,2015-02-05,WAS @ CHA,L,239,87,35,84,0.417,5,10,0.5,12,17,0.706,9,28,37,20,2,5,12,26,-7.0,2014-15
22014,1610612764,WAS,Washington Wizards,0021400732,2015-02-04,WAS @ ATL,L,242,96,34,77,0.442,4,16,0.25,24,30,0.8,5,36,41,19,7,2,12,24,-9.0,2014-15
22014,1610612764,WAS,Washington Wizards,0021400719,2015-02-02,WAS vs. CHA,L,242,88,33,81,0.407,6,15,0.4,16,19,0.842,10,33,43,19,7,3,12,23,-4.0,2014-15
22014,1610612764,WAS,Washington Wizards,0021400707,2015-01-31,WAS vs. TOR,L,267,116,37,79,0.468,10,24,0.417,32,41,0.78,12,28,40,26,8,6,22,24,-4.0,2014-15
22014,1610612764,WAS,Washington Wizards,0021400691,2015-01-28,WAS @ PHX,L,239,98,37,88,0.42,8,18,0.444,16,23,0.696,15,35,50,13,2,3,13,16,-8.0,2014-15
22014,1610612764,WAS,Washington Wizards,0021400680,2015-01-27,WAS @ LAL,W,240,98,38,78,0.487,4,16,0.25,18,27,0.667,9,42,51,19,8,2,16,18,6.0,2014-15
22014,1610612764,WAS,Washington Wizards,0021400666,2015-01-25,WAS @ DEN,W,264,117,48,90,0.533,4,14,0.286,17,23,0.739,10,40,50,29,5,2,17,27,2.0,2014-15
22014,1610612764,WAS,Washington Wizards,0021400656,2015-01-24,WAS @ POR,L,240,96,40,82,0.488,5,15,0.333,11,14,0.786,2,39,41,24,8,3,12,19,-7.0,2014-15
22014,1610612764,WAS,Washington Wizards,0021400633,2015-01-21,WAS vs. OKC,L,265,103,38,100,0.38,7,30,0.233,20,26,0.769,13,45,58,23,8,3,9,20,-2.0,2014-15
22014,1610612764,WAS,Washington Wizards,0021400612,2015-01-19,WAS vs. PHI,W,239,111,45,81,0.556,7,13,0.538,14,18,0.778,13,40,53,26,8,5,22,22,35.0,2014-15
22014,1610612764,WAS,Washington Wizards,0021400605,2015-01-17,WAS @ BKN,W,240,99,40,77,0.519,5,16,0.313,14,27,0.519,13,36,49,23,7,5,13,15,9.0,2014-15
22014,1610612764,WAS,Washington Wizards,0021400590,2015-01-16,WAS vs. BKN,L,239,80,31,73,0.425,4,17,0.235,14,16,0.875,8,29,37,23,6,5,19,26,-22.0,2014-15
22014,1610612764,WAS,Washington Wizards,0021400579,2015-01-14,WAS @ CHI,W,240,105,40,78,0.513,5,15,0.333,20,25,0.8,10,33,43,29,4,4,15,24,6.0,2014-15
22014,1610612764,WAS,Washington Wizards,0021400569,2015-01-13,WAS vs. SAS,W,241,101,37,75,0.493,6,12,0.5,21,24,0.875,8,40,48,20,4,7,15,14,8.0,2014-15
22014,1610612764,WAS,Washington Wizards,0021400558,2015-01-11,WAS @ ATL,L,239,89,36,76,0.474,5,20,0.25,12,15,0.8,8,31,39,25,5,7,19,16,-31.0,2014-15
22014,1610612764,WAS,Washington Wizards,0021400543,2015-01-09,WAS vs. CHI,W,239,102,41,86,0.477,8,15,0.533,12,19,0.632,12,36,48,27,9,7,13,18,16.0,2014-15
22014,1610612764,WAS,Washington Wizards,0021400525,2015-01-07,WAS vs. NYK,W,241,101,39,76,0.513,8,16,0.5,15,21,0.714,9,35,44,28,9,4,16,13,10.0,2014-15
22014,1610612764,WAS,Washington Wizards,0021400515,2015-01-05,WAS @ NOP,W,239,92,38,79,0.481,2,10,0.2,14,17,0.824,11,29,40,23,10,7,10,15,7.0,2014-15
22014,1610612764,WAS,Washington Wizards,0021400499,2015-01-03,WAS @ SAS,L,240,92,40,82,0.488,4,14,0.286,8,13,0.615,9,22,31,23,6,6,6,18,-9.0,2014-15
22014,1610612764,WAS,Washington Wizards,0021400489,2015-01-02,WAS @ OKC,L,241,102,39,84,0.464,11,21,0.524,13,15,0.867,8,31,39,27,3,1,15,19,-7.0,2014-15
22014,1610612764,WAS,Washington Wizards,0021400470,2014-12-30,WAS @ DAL,L,240,87,33,74,0.446,4,12,0.333,17,27,0.63,10,38,48,22,5,3,22,26,-27.0,2014-15
22014,1610612764,WAS,Washington Wizards,0021400463,2014-12-29,WAS @ HOU,W,240,104,35,73,0.479,8,18,0.444,26,28,0.929,6,29,35,21,11,4,18,21,1.0,2014-15
22014,1610612764,WAS,Washington Wizards,0021400445,2014-12-27,WAS vs. BOS,W,242,101,45,90,0.5,5,13,0.385,6,10,0.6,9,39,48,28,11,4,18,24,13.0,2014-15
22014,1610612764,WAS,Washington Wizards,0021400427,2014-12-25,WAS @ NYK,W,240,102,44,86,0.512,7,16,0.438,7,10,0.7,13,32,45,25,4,3,10,20,11.0,2014-15
22014,1610612764,WAS,Washington Wizards,0021400419,2014-12-23,WAS vs. CHI,L,242,91,38,89,0.427,5,9,0.556,10,16,0.625,7,34,41,21,7,5,8,17,-8.0,2014-15
22014,1610612764,WAS,Washington Wizards,0021400406,2014-12-21,WAS vs. PHX,L,241,92,34,83,0.41,3,14,0.214,21,29,0.724,15,27,42,11,11,4,11,23,-12.0,2014-15
22014,1610612764,WAS,Washington Wizards,0021400388,2014-12-19,WAS @ MIA,W,240,105,39,79,0.494,3,14,0.214,24,33,0.727,13,23,36,24,6,3,9,17,2.0,2014-15
22014,1610612764,WAS,Washington Wizards,0021400363,2014-12-16,WAS vs. MIN,W,239,109,43,86,0.5,10,17,0.588,13,18,0.722,10,36,46,29,7,8,10,25,14.0,2014-15
22014,1610612764,WAS,Washington Wizards,0021400350,2014-12-14,WAS vs. UTA,W,241,93,41,84,0.488,4,13,0.308,7,12,0.583,10,31,41,20,11,9,15,21,9.0,2014-15
22014,1610612764,WAS,Washington Wizards,0021400329,2014-12-12,WAS vs. LAC,W,239,104,39,80,0.488,9,16,0.563,17,21,0.81,9,28,37,28,10,6,14,25,8.0,2014-15
22014,1610612764,WAS,Washington Wizards,0021400318,2014-12-10,WAS @ ORL,W,241,91,41,81,0.506,5,12,0.417,4,9,0.444,8,33,41,26,5,5,9,13,2.0,2014-15
22014,1610612764,WAS,Washington Wizards,0021400302,2014-12-08,WAS vs. BOS,W,290,133,49,94,0.521,7,16,0.438,28,34,0.824,11,38,49,32,10,3,23,26,1.0,2014-15
22014,1610612764,WAS,Washington Wizards,0021400294,2014-12-07,WAS @ BOS,L,240,93,34,93,0.366,11,27,0.407,14,21,0.667,16,36,52,21,5,8,19,20,-8.0,2014-15
22014,1610612764,WAS,Washington Wizards,0021400278,2014-12-05,WAS vs. DEN,W,241,119,45,85,0.529,7,20,0.35,22,27,0.815,14,38,52,35,12,11,15,20,30.0,2014-15
22014,1610612764,WAS,Washington Wizards,0021400264,2014-12-03,WAS vs. LAL,W,240,111,45,93,0.484,6,19,0.316,15,19,0.789,12,41,53,33,6,3,11,15,16.0,2014-15
22014,1610612764,WAS,Washington Wizards,0021400250,2014-12-01,WAS vs. MIA,W,242,107,39,72,0.542,10,19,0.526,19,24,0.792,7,35,42,29,7,3,12,23,21.0,2014-15
22014,1610612764,WAS,Washington Wizards,0021400236,2014-11-29,WAS vs. NOP,W,241,83,35,76,0.461,5,12,0.417,8,12,0.667,12,34,46,21,9,9,14,18,3.0,2014-15
22014,1610612764,WAS,Washington Wizards,0021400211,2014-11-26,WAS @ CLE,L,240,87,33,71,0.465,5,13,0.385,16,22,0.727,7,19,26,24,5,5,18,28,-26.0,2014-15
22014,1610612764,WAS,Washington Wizards,0021400205,2014-11-25,WAS vs. ATL,L,240,102,36,84,0.429,9,20,0.45,21,29,0.724,16,31,47,25,2,3,20,25,-4.0,2014-15
22014,1610612764,WAS,Washington Wizards,0021400190,2014-11-22,WAS @ MIL,W,239,111,43,93,0.462,8,18,0.444,17,22,0.773,20,33,53,27,7,6,14,24,11.0,2014-15
22014,1610612764,WAS,Washington Wizards,0021400179,2014-11-21,WAS vs. CLE,W,242,91,41,84,0.488,4,10,0.4,5,9,0.556,10,35,45,24,10,5,17,21,13.0,2014-15
22014,1610612764,WAS,Washington Wizards,0021400163,2014-11-19,WAS vs. DAL,L,240,102,37,84,0.44,10,22,0.455,18,21,0.857,9,33,42,25,8,3,13,27,-3.0,2014-15
22014,1610612764,WAS,Washington Wizards,0021400132,2014-11-15,WAS vs. ORL,W,240,98,42,84,0.5,3,10,0.3,11,16,0.688,9,31,40,31,5,8,11,16,5.0,2014-15
22014,1610612764,WAS,Washington Wizards,0021400109,2014-11-12,WAS vs. DET,W,240,107,40,83,0.482,3,11,0.273,24,33,0.727,11,35,46,27,10,6,11,22,4.0,2014-15
22014,1610612764,WAS,Washington Wizards,0021400083,2014-11-08,WAS @ IND,W,241,97,39,81,0.481,2,11,0.182,17,23,0.739,13,36,49,23,8,4,14,25,7.0,2014-15
22014,1610612764,WAS,Washington Wizards,0021400077,2014-11-07,WAS @ TOR,L,239,84,30,83,0.361,3,19,0.158,21,32,0.656,16,34,50,19,7,5,13,29,-19.0,2014-15
22014,1610612764,WAS,Washington Wizards,0021400063,2014-11-05,WAS vs. IND,W,265,96,34,91,0.374,7,17,0.412,21,23,0.913,7,36,43,24,7,7,12,22,2.0,2014-15
22014,1610612764,WAS,Washington Wizards,0021400051,2014-11-04,WAS @ NYK,W,240,98,39,80,0.488,8,18,0.444,12,19,0.632,10,31,41,26,8,4,12,25,15.0,2014-15
22014,1610612764,WAS,Washington Wizards,0021400031,2014-11-01,WAS vs. MIL,W,241,108,40,73,0.548,4,13,0.308,24,33,0.727,6,28,34,28,18,5,19,21,11.0,2014-15
22014,1610612764,WAS,Washington Wizards,0021400016,2014-10-30,WAS @ ORL,W,240,105,39,80,0.488,7,13,0.538,20,26,0.769,6,31,37,22,10,0,12,25,7.0,2014-15
22014,1610612764,WAS,Washington Wizards,0021400007,2014-10-29,WAS @ MIA,L,240,95,36,75,0.48,6,19,0.316,17,24,0.708,7,29,36,20,7,2,14,20,-12.0,2014-15
42014,1610612764,WAS,Washington Wizards,0041400206,2015-05-15,WAS vs. ATL,L,239,91,34,93,0.366,4,18,0.222,19,25,0.76,18,37,55,19,7,4,11,18,-3.0,2014-15
42014,1610612764,WAS,Washington Wizards,0041400205,2015-05-13,WAS @ ATL,L,240,81,33,88,0.375,4,17,0.235,11,16,0.688,13,33,46,20,15,5,19,17,-1.0,2014-15
42014,1610612764,WAS,Washington Wizards,0041400204,2015-05-11,WAS vs. ATL,L,240,101,38,85,0.447,12,26,0.462,13,17,0.765,10,31,41,21,5,8,16,19,-5.0,2014-15
42014,1610612764,WAS,Washington Wizards,0041400203,2015-05-09,WAS vs. ATL,W,240,103,37,78,0.474,10,28,0.357,19,29,0.655,9,34,43,27,5,5,13,24,2.0,2014-15
42014,1610612764,WAS,Washington Wizards,0041400202,2015-05-05,WAS @ ATL,L,239,90,35,82,0.427,12,22,0.545,8,14,0.571,7,33,40,21,9,1,16,21,-16.0,2014-15
42014,1610612764,WAS,Washington Wizards,0041400201,2015-05-03,WAS @ ATL,W,239,104,38,91,0.418,9,25,0.36,19,22,0.864,15,39,54,18,4,4,6,19,6.0,2014-15
42014,1610612764,WAS,Washington Wizards,0041400134,2015-04-26,WAS vs. TOR,W,240,125,41,74,0.554,15,26,0.577,28,34,0.824,8,34,42,30,10,4,12,18,31.0,2014-15
42014,1610612764,WAS,Washington Wizards,0041400133,2015-04-24,WAS vs. TOR,W,239,106,36,76,0.474,12,29,0.414,22,31,0.71,7,38,45,27,4,13,17,22,7.0,2014-15
42014,1610612764,WAS,Washington Wizards,0041400132,2015-04-21,WAS @ TOR,W,240,117,42,79,0.532,10,21,0.476,23,34,0.676,10,35,45,26,6,6,15,24,11.0,2014-15
42014,1610612764,WAS,Washington Wizards,0041400131,2015-04-18,WAS @ TOR,W,267,93,39,99,0.394,6,21,0.286,9,15,0.6,19,42,61,22,6,3,10,18,7.0,2014-15
22015,1610612764,WAS,Washington Wizards,0021501221,2016-04-13,WAS vs. ATL,W,240,109,42,88,0.477,9,28,0.321,16,30,0.533,11,40,51,25,14,4,19,22,11.0,2015-16
22015,1610612764,WAS,Washington Wizards,0021501206,2016-04-11,WAS @ BKN,W,241,120,46,89,0.517,9,25,0.36,19,24,0.792,9,38,47,27,8,1,14,18,9.0,2015-16
22015,1610612764,WAS,Washington Wizards,0021501194,2016-04-10,WAS vs. CHA,W,241,113,42,80,0.525,9,21,0.429,20,28,0.714,4,44,48,27,8,5,12,23,15.0,2015-16
22015,1610612764,WAS,Washington Wizards,0021501182,2016-04-08,WAS @ DET,L,240,99,38,86,0.442,6,19,0.316,17,23,0.739,11,25,36,19,5,1,12,23,-13.0,2015-16
22015,1610612764,WAS,Washington Wizards,0021501167,2016-04-06,WAS vs. BKN,W,238,121,48,95,0.505,8,28,0.286,17,20,0.85,16,37,53,36,7,10,11,19,18.0,2015-16
22015,1610612764,WAS,Washington Wizards,0021501147,2016-04-03,WAS @ LAC,L,240,109,43,94,0.457,11,30,0.367,12,21,0.571,17,34,51,31,8,1,14,29,-5.0,2015-16
22015,1610612764,WAS,Washington Wizards,0021501137,2016-04-01,WAS @ PHX,W,240,106,38,86,0.442,10,26,0.385,20,25,0.8,9,35,44,22,6,7,12,24,7.0,2015-16
22015,1610612764,WAS,Washington Wizards,0021501120,2016-03-30,WAS @ SAC,L,239,111,43,89,0.483,9,26,0.346,16,20,0.8,10,32,42,30,6,4,20,19,-9.0,2015-16
22015,1610612764,WAS,Washington Wizards,0021501112,2016-03-29,WAS @ GSW,L,241,94,36,86,0.419,5,23,0.217,17,27,0.63,7,41,48,26,6,7,17,19,-8.0,2015-16
22015,1610612764,WAS,Washington Wizards,0021501096,2016-03-27,WAS @ LAL,W,239,101,39,72,0.542,7,18,0.389,16,29,0.552,6,36,42,23,12,2,18,17,13.0,2015-16
22015,1610612764,WAS,Washington Wizards,0021501073,2016-03-25,WAS vs. MIN,L,290,129,50,100,0.5,13,29,0.448,16,23,0.696,13,32,45,37,7,2,14,22,-3.0,2015-16
22015,1610612764,WAS,Washington Wizards,0021501056,2016-03-23,WAS vs. ATL,L,239,101,39,92,0.424,12,30,0.4,11,12,0.917,10,33,43,25,7,2,18,22,-21.0,2015-16
22015,1610612764,WAS,Washington Wizards,0021501048,2016-03-21,WAS @ ATL,W,240,117,46,91,0.505,13,25,0.52,12,20,0.6,9,35,44,27,10,3,9,17,15.0,2015-16
22015,1610612764,WAS,Washington Wizards,0021501032,2016-03-19,WAS vs. NYK,W,240,99,39,87,0.448,8,29,0.276,13,17,0.765,8,34,42,24,7,4,8,16,10.0,2015-16
22015,1610612764,WAS,Washington Wizards,0021501013,2016-03-17,WAS @ PHI,W,240,99,40,90,0.444,6,27,0.222,13,19,0.684,12,48,60,25,8,1,22,17,5.0,2015-16
22015,1610612764,WAS,Washington Wizards,0021501006,2016-03-16,WAS vs. CHI,W,240,117,43,88,0.489,13,21,0.619,18,24,0.75,9,38,47,25,12,6,15,19,21.0,2015-16
22015,1610612764,WAS,Washington Wizards,0021500989,2016-03-14,WAS vs. DET,W,241,124,51,90,0.567,8,18,0.444,14,18,0.778,5,35,40,34,11,3,10,22,43.0,2015-16
22015,1610612764,WAS,Washington Wizards,0021500980,2016-03-12,WAS @ DEN,L,239,100,36,86,0.419,7,21,0.333,21,29,0.724,12,25,37,20,13,3,19,28,-16.0,2015-16
22015,1610612764,WAS,Washington Wizards,0021500969,2016-03-11,WAS @ UTA,L,240,93,35,80,0.438,7,24,0.292,16,22,0.727,6,23,29,20,9,1,14,28,-21.0,2015-16
22015,1610612764,WAS,Washington Wizards,0021500948,2016-03-08,WAS @ POR,L,266,109,45,99,0.455,8,20,0.4,11,23,0.478,12,33,45,26,9,5,12,28,-7.0,2015-16
22015,1610612764,WAS,Washington Wizards,0021500924,2016-03-05,WAS vs. IND,L,240,99,39,89,0.438,6,15,0.4,15,24,0.625,14,32,46,25,7,4,16,21,-1.0,2015-16
22015,1610612764,WAS,Washington Wizards,0021500917,2016-03-04,WAS @ CLE,L,241,83,32,81,0.395,3,20,0.15,16,24,0.667,10,37,47,14,2,5,16,19,-25.0,2015-16
22015,1610612764,WAS,Washington Wizards,0021500904,2016-03-02,WAS @ MIN,W,241,104,42,84,0.5,11,29,0.379,9,13,0.692,5,31,36,25,8,3,17,22,6.0,2015-16
22015,1610612764,WAS,Washington Wizards,0021500885,2016-02-29,WAS vs. PHI,W,239,116,43,89,0.483,6,20,0.3,24,31,0.774,14,39,53,25,6,6,15,17,8.0,2015-16
22015,1610612764,WAS,Washington Wizards,0021500877,2016-02-28,WAS vs. CLE,W,240,113,39,79,0.494,11,31,0.355,24,34,0.706,6,39,45,28,6,2,13,26,14.0,2015-16
22015,1610612764,WAS,Washington Wizards,0021500862,2016-02-26,WAS @ PHI,W,240,103,40,94,0.426,7,23,0.304,16,17,0.941,17,38,55,24,7,8,11,19,9.0,2015-16
22015,1610612764,WAS,Washington Wizards,0021500850,2016-02-24,WAS @ CHI,L,240,104,38,90,0.422,9,28,0.321,19,26,0.731,9,33,42,19,11,4,11,22,-5.0,2015-16
22015,1610612764,WAS,Washington Wizards,0021500841,2016-02-23,WAS vs. NOP,W,241,109,43,94,0.457,12,26,0.462,11,17,0.647,7,48,55,29,9,4,14,24,20.0,2015-16
22015,1610612764,WAS,Washington Wizards,0021500820,2016-02-20,WAS @ MIA,L,242,94,40,99,0.404,3,22,0.136,11,21,0.524,12,33,45,13,5,4,6,23,-20.0,2015-16
22015,1610612764,WAS,Washington Wizards,0021500806,2016-02-19,WAS vs. DET,W,239,98,36,78,0.462,7,22,0.318,19,26,0.731,8,39,47,26,5,5,9,20,12.0,2015-16
22015,1610612764,WAS,Washington Wizards,0021500654,2016-02-18,WAS vs. UTA,W,242,103,42,86,0.488,7,18,0.389,12,21,0.571,6,30,36,25,14,10,11,20,14.0,2015-16
22015,1610612764,WAS,Washington Wizards,0021500801,2016-02-11,WAS @ MIL,L,240,92,34,88,0.386,6,32,0.188,18,24,0.75,9,29,38,25,8,6,14,24,-7.0,2015-16
22015,1610612764,WAS,Washington Wizards,0021500785,2016-02-09,WAS @ NYK,W,241,111,39,78,0.5,16,26,0.615,17,25,0.68,2,30,32,26,8,4,10,18,3.0,2015-16
22015,1610612764,WAS,Washington Wizards,0021500761,2016-02-06,WAS @ CHA,L,240,104,38,86,0.442,9,25,0.36,19,24,0.792,8,36,44,22,9,5,11,21,-4.0,2015-16
22015,1610612764,WAS,Washington Wizards,0021500753,2016-02-05,WAS vs. PHI,W,240,106,44,84,0.524,6,22,0.273,12,20,0.6,9,37,46,26,7,4,13,15,12.0,2015-16
22015,1610612764,WAS,Washington Wizards,0021500739,2016-02-03,WAS vs. GSW,L,241,121,46,91,0.505,8,23,0.348,21,30,0.7,4,34,38,26,16,4,13,22,-13.0,2015-16
22015,1610612764,WAS,Washington Wizards,0021500725,2016-02-01,WAS @ OKC,L,239,98,40,86,0.465,7,26,0.269,11,15,0.733,2,25,27,20,8,3,13,18,-16.0,2015-16
22015,1610612764,WAS,Washington Wizards,0021500711,2016-01-30,WAS @ HOU,W,240,123,45,86,0.523,11,32,0.344,22,30,0.733,7,38,45,30,6,5,12,25,1.0,2015-16
22015,1610612764,WAS,Washington Wizards,0021500693,2016-01-28,WAS vs. DEN,L,239,113,39,88,0.443,11,28,0.393,24,30,0.8,12,29,41,21,13,7,14,28,-4.0,2015-16
22015,1610612764,WAS,Washington Wizards,0021500680,2016-01-26,WAS @ TOR,L,242,89,32,78,0.41,4,15,0.267,21,28,0.75,7,28,35,20,7,3,11,24,-17.0,2015-16
22015,1610612764,WAS,Washington Wizards,0021500668,2016-01-25,WAS vs. BOS,L,238,91,32,75,0.427,7,24,0.292,20,30,0.667,5,34,39,24,5,3,20,19,-25.0,2015-16
22015,1610612764,WAS,Washington Wizards,0021500630,2016-01-20,WAS vs. MIA,W,239,106,45,86,0.523,5,16,0.313,11,13,0.846,11,23,34,27,11,3,10,19,19.0,2015-16
22015,1610612764,WAS,Washington Wizards,0021500617,2016-01-18,WAS vs. POR,L,240,98,37,77,0.481,9,21,0.429,15,20,0.75,4,31,35,25,6,3,9,16,-10.0,2015-16
22015,1610612764,WAS,Washington Wizards,0021500604,2016-01-16,WAS vs. BOS,L,240,117,40,89,0.449,6,22,0.273,31,36,0.861,14,28,42,25,13,5,13,27,-2.0,2015-16
22015,1610612764,WAS,Washington Wizards,0021500593,2016-01-15,WAS @ IND,W,240,118,51,98,0.52,11,25,0.44,5,10,0.5,17,37,54,26,8,2,15,29,14.0,2015-16
22015,1610612764,WAS,Washington Wizards,0021500578,2016-01-13,WAS vs. MIL,W,239,106,38,84,0.452,12,27,0.444,18,24,0.75,9,21,30,27,18,4,16,26,5.0,2015-16
22015,1610612764,WAS,Washington Wizards,0021500567,2016-01-11,WAS @ CHI,W,241,114,48,99,0.485,9,24,0.375,9,10,0.9,13,30,43,31,10,7,9,23,14.0,2015-16
22015,1610612764,WAS,Washington Wizards,0021500552,2016-01-09,WAS @ ORL,W,239,105,42,76,0.553,13,23,0.565,8,10,0.8,4,23,27,29,10,3,15,24,6.0,2015-16
22015,1610612764,WAS,Washington Wizards,0021500540,2016-01-08,WAS vs. TOR,L,238,88,33,84,0.393,8,25,0.32,14,15,0.933,7,28,35,18,9,9,19,22,-9.0,2015-16
22015,1610612764,WAS,Washington Wizards,0021500527,2016-01-06,WAS vs. CLE,L,239,115,42,76,0.553,14,24,0.583,17,27,0.63,5,28,33,31,7,1,12,18,-6.0,2015-16
22015,1610612764,WAS,Washington Wizards,0021500508,2016-01-03,WAS vs. MIA,L,240,75,31,91,0.341,4,30,0.133,9,13,0.692,11,34,45,19,5,2,10,12,-22.0,2015-16
22015,1610612764,WAS,Washington Wizards,0021500490,2016-01-01,WAS vs. ORL,W,241,103,43,92,0.467,8,26,0.308,9,10,0.9,12,34,46,25,11,5,9,11,12.0,2015-16
22015,1610612764,WAS,Washington Wizards,0021500477,2015-12-30,WAS @ TOR,L,241,91,35,87,0.402,8,22,0.364,13,17,0.765,8,36,44,24,8,4,10,27,-3.0,2015-16
22015,1610612764,WAS,Washington Wizards,0021500461,2015-12-28,WAS vs. LAC,L,239,91,34,87,0.391,7,24,0.292,16,24,0.667,13,32,45,19,10,3,16,18,-17.0,2015-16
22015,1610612764,WAS,Washington Wizards,0021500447,2015-12-26,WAS @ BKN,W,240,111,42,84,0.5,12,27,0.444,15,22,0.682,7,32,39,32,10,5,11,20,15.0,2015-16
22015,1610612764,WAS,Washington Wizards,0021500427,2015-12-23,WAS vs. MEM,W,239,100,37,82,0.451,11,25,0.44,15,19,0.789,12,32,44,26,3,2,14,23,9.0,2015-16
22015,1610612764,WAS,Washington Wizards,0021500410,2015-12-21,WAS vs. SAC,W,240,113,42,83,0.506,14,24,0.583,15,17,0.882,4,34,38,31,9,5,11,19,14.0,2015-16
22015,1610612764,WAS,Washington Wizards,0021500399,2015-12-19,WAS vs. CHA,W,239,109,40,79,0.506,9,20,0.45,20,23,0.87,5,33,38,26,10,4,14,14,8.0,2015-16
22015,1610612764,WAS,Washington Wizards,0021500379,2015-12-16,WAS @ SAS,L,240,95,35,84,0.417,3,15,0.2,22,25,0.88,10,28,38,22,6,4,12,18,-19.0,2015-16
22015,1610612764,WAS,Washington Wizards,0021500362,2015-12-14,WAS @ MEM,L,239,95,37,86,0.43,9,24,0.375,12,20,0.6,10,26,36,22,9,3,14,13,-17.0,2015-16
22015,1610612764,WAS,Washington Wizards,0021500350,2015-12-12,WAS @ DAL,W,239,114,44,85,0.518,14,29,0.483,12,15,0.8,4,35,39,33,6,6,13,22,3.0,2015-16
22015,1610612764,WAS,Washington Wizards,0021500339,2015-12-11,WAS @ NOP,L,240,105,40,80,0.5,12,27,0.444,13,21,0.619,6,27,33,27,10,1,10,17,-2.0,2015-16
22015,1610612764,WAS,Washington Wizards,0021500321,2015-12-09,WAS vs. HOU,L,238,103,39,89,0.438,5,25,0.2,20,24,0.833,11,36,47,20,8,3,18,25,-6.0,2015-16
22015,1610612764,WAS,Washington Wizards,0021500306,2015-12-07,WAS @ MIA,W,239,114,46,92,0.5,9,18,0.5,13,17,0.765,12,25,37,23,7,2,10,19,11.0,2015-16
22015,1610612764,WAS,Washington Wizards,0021500302,2015-12-06,WAS vs. DAL,L,240,104,42,89,0.472,8,27,0.296,12,21,0.571,6,25,31,22,9,0,6,22,-12.0,2015-16
22015,1610612764,WAS,Washington Wizards,0021500284,2015-12-04,WAS vs. PHX,W,239,109,40,82,0.488,10,26,0.385,19,25,0.76,15,26,41,19,9,2,21,21,3.0,2015-16
22015,1610612764,WAS,Washington Wizards,0021500269,2015-12-02,WAS vs. LAL,L,240,104,37,79,0.468,7,21,0.333,23,31,0.742,8,33,41,24,11,2,23,15,-4.0,2015-16
22015,1610612764,WAS,Washington Wizards,0021500262,2015-12-01,WAS @ CLE,W,242,97,39,83,0.47,7,28,0.25,12,16,0.75,2,37,39,23,7,5,12,23,12.0,2015-16
22015,1610612764,WAS,Washington Wizards,0021500239,2015-11-28,WAS vs. TOR,L,240,82,27,82,0.329,7,23,0.304,21,27,0.778,10,32,42,20,11,3,14,16,-2.0,2015-16
22015,1610612764,WAS,Washington Wizards,0021500229,2015-11-27,WAS @ BOS,L,239,78,27,84,0.321,5,18,0.278,19,22,0.864,13,33,46,16,7,4,22,19,-33.0,2015-16
22015,1610612764,WAS,Washington Wizards,0021500215,2015-11-25,WAS @ CHA,L,240,87,31,87,0.356,10,32,0.313,15,18,0.833,11,30,41,15,13,4,14,20,-14.0,2015-16
22015,1610612764,WAS,Washington Wizards,0021500209,2015-11-24,WAS vs. IND,L,242,106,38,83,0.458,13,33,0.394,17,24,0.708,10,30,40,27,9,1,21,18,-17.0,2015-16
22015,1610612764,WAS,Washington Wizards,0021500192,2015-11-21,WAS @ DET,W,240,97,38,78,0.487,7,19,0.368,14,20,0.7,9,33,42,22,10,0,11,19,2.0,2015-16
22015,1610612764,WAS,Washington Wizards,0021500158,2015-11-17,WAS vs. MIL,W,240,115,37,70,0.529,12,22,0.545,29,41,0.707,6,36,42,25,8,3,12,19,29.0,2015-16
22015,1610612764,WAS,Washington Wizards,0021500139,2015-11-14,WAS vs. ORL,W,241,108,39,83,0.47,12,29,0.414,18,26,0.692,7,42,49,29,6,6,11,23,9.0,2015-16
22015,1610612764,WAS,Washington Wizards,0021500107,2015-11-10,WAS vs. OKC,L,240,101,38,97,0.392,5,24,0.208,20,26,0.769,12,29,41,17,8,5,8,22,-24.0,2015-16
22015,1610612764,WAS,Washington Wizards,0021500086,2015-11-07,WAS @ ATL,L,240,99,38,78,0.487,8,24,0.333,15,17,0.882,8,33,41,27,11,3,24,18,-15.0,2015-16
22015,1610612764,WAS,Washington Wizards,0021500076,2015-11-06,WAS @ BOS,L,242,98,36,88,0.409,8,25,0.32,18,23,0.783,10,35,45,23,10,8,24,27,-20.0,2015-16
22015,1610612764,WAS,Washington Wizards,0021500061,2015-11-04,WAS vs. SAS,W,240,102,42,87,0.483,8,23,0.348,10,14,0.714,4,29,33,27,11,3,10,19,3.0,2015-16
22015,1610612764,WAS,Washington Wizards,0021500034,2015-10-31,WAS vs. NYK,L,240,110,38,90,0.422,6,22,0.273,28,33,0.848,11,32,43,17,9,3,17,32,-7.0,2015-16
22015,1610612764,WAS,Washington Wizards,0021500027,2015-10-30,WAS @ MIL,W,239,118,35,68,0.515,12,21,0.571,36,44,0.818,8,29,37,25,7,5,21,20,5.0,2015-16
22015,1610612764,WAS,Washington Wizards,0021500004,2015-10-28,WAS @ ORL,W,240,88,33,84,0.393,7,28,0.25,15,25,0.6,15,34,49,17,8,9,17,14,1.0,2015-16
22016,1610612764,WAS,Washington Wizards,0021601221,2017-04-12,WAS @ MIA,L,240,102,42,87,0.483,7,26,0.269,11,14,0.786,8,26,34,18,9,0,10,13,-8.0,2016-17
22016,1610612764,WAS,Washington Wizards,0021601208,2017-04-10,WAS @ DET,W,239,105,42,83,0.506,7,19,0.368,14,16,0.875,9,39,48,27,8,5,17,13,4.0,2016-17
22016,1610612764,WAS,Washington Wizards,0021601192,2017-04-08,WAS vs. MIA,L,240,103,39,81,0.481,8,22,0.364,17,22,0.773,12,32,44,21,7,6,19,24,-3.0,2016-17
22016,1610612764,WAS,Washington Wizards,0021601176,2017-04-06,WAS @ NYK,W,240,106,36,74,0.486,14,34,0.412,20,28,0.714,9,30,39,17,5,8,13,22,3.0,2016-17
22016,1610612764,WAS,Washington Wizards,0021601155,2017-04-04,WAS vs. CHA,W,240,118,43,85,0.506,17,34,0.5,15,18,0.833,6,30,36,31,10,3,12,18,7.0,2016-17
22016,1610612764,WAS,Washington Wizards,0021601152,2017-04-02,WAS @ GSW,L,241,115,43,92,0.467,10,27,0.37,19,25,0.76,9,29,38,28,9,3,14,20,-24.0,2016-17
22016,1610612764,WAS,Washington Wizards,0021601134,2017-03-31,WAS @ UTA,L,241,88,35,87,0.402,5,17,0.294,13,16,0.813,14,31,45,12,8,1,14,23,-7.0,2016-17
22016,1610612764,WAS,Washington Wizards,0021601119,2017-03-29,WAS @ LAC,L,240,124,46,93,0.495,13,34,0.382,19,29,0.655,14,29,43,22,7,0,10,31,-9.0,2016-17
22016,1610612764,WAS,Washington Wizards,0021601110,2017-03-28,WAS @ LAL,W,240,119,48,94,0.511,6,23,0.261,17,25,0.68,13,28,41,24,12,3,12,20,11.0,2016-17
22016,1610612764,WAS,Washington Wizards,0021601083,2017-03-25,WAS @ CLE,W,241,127,49,82,0.598,8,18,0.444,21,26,0.808,11,29,40,24,10,4,11,23,12.0,2016-17
22016,1610612764,WAS,Washington Wizards,0021601072,2017-03-24,WAS vs. BKN,W,241,129,49,97,0.505,10,26,0.385,21,22,0.955,11,35,46,29,9,5,10,19,21.0,2016-17
22016,1610612764,WAS,Washington Wizards,0021601063,2017-03-22,WAS vs. ATL,W,240,104,38,95,0.4,11,34,0.324,17,23,0.739,17,37,54,23,9,6,19,26,4.0,2016-17
22016,1610612764,WAS,Washington Wizards,0021601047,2017-03-20,WAS @ BOS,L,240,102,37,86,0.43,8,35,0.229,20,26,0.769,8,31,39,24,6,4,18,28,-8.0,2016-17
22016,1610612764,WAS,Washington Wizards,0021601030,2017-03-18,WAS @ CHA,L,238,93,29,79,0.367,11,33,0.333,24,31,0.774,8,36,44,21,6,7,12,21,-5.0,2016-17
22016,1610612764,WAS,Washington Wizards,0021601021,2017-03-17,WAS vs. CHI,W,241,112,46,101,0.455,10,26,0.385,10,12,0.833,13,27,40,34,5,6,10,17,5.0,2016-17
22016,1610612764,WAS,Washington Wizards,0021601004,2017-03-15,WAS vs. DAL,L,240,107,40,82,0.488,12,30,0.4,15,21,0.714,5,37,42,30,4,1,12,23,-5.0,2016-17
22016,1610612764,WAS,Washington Wizards,0021600995,2017-03-13,WAS @ MIN,L,240,104,36,84,0.429,7,26,0.269,25,31,0.806,8,30,38,15,10,2,15,25,-15.0,2016-17
22016,1610612764,WAS,Washington Wizards,0021600983,2017-03-11,WAS @ POR,W,265,125,47,90,0.522,12,25,0.48,19,28,0.679,9,37,46,27,5,4,11,20,1.0,2016-17
22016,1610612764,WAS,Washington Wizards,0021600972,2017-03-10,WAS @ SAC,W,265,130,52,104,0.5,9,26,0.346,17,19,0.895,12,40,52,29,7,5,9,22,8.0,2016-17
22016,1610612764,WAS,Washington Wizards,0021600958,2017-03-08,WAS @ DEN,W,242,123,50,88,0.568,11,26,0.423,12,19,0.632,8,35,43,31,10,0,11,16,10.0,2016-17
22016,1610612764,WAS,Washington Wizards,0021600948,2017-03-07,WAS @ PHX,W,240,131,41,90,0.456,7,18,0.389,42,53,0.792,9,35,44,19,15,4,11,21,4.0,2016-17
22016,1610612764,WAS,Washington Wizards,0021600930,2017-03-05,WAS vs. ORL,W,239,115,39,81,0.481,14,26,0.538,23,25,0.92,10,28,38,26,9,6,12,16,1.0,2016-17
22016,1610612764,WAS,Washington Wizards,0021600910,2017-03-03,WAS vs. TOR,L,241,106,34,92,0.37,10,30,0.333,28,32,0.875,15,30,45,23,8,6,11,21,-8.0,2016-17
22016,1610612764,WAS,Washington Wizards,0021600896,2017-03-01,WAS @ TOR,W,240,105,40,84,0.476,9,25,0.36,16,19,0.842,7,37,44,32,6,6,12,21,9.0,2016-17
22016,1610612764,WAS,Washington Wizards,0021600889,2017-02-28,WAS vs. GSW,W,241,112,41,91,0.451,12,28,0.429,18,20,0.9,17,29,46,29,11,6,19,22,4.0,2016-17
22016,1610612764,WAS,Washington Wizards,0021600877,2017-02-26,WAS vs. UTA,L,240,92,37,87,0.425,8,22,0.364,10,13,0.769,6,22,28,21,16,1,16,27,-10.0,2016-17
22016,1610612764,WAS,Washington Wizards,0021600856,2017-02-24,WAS @ PHI,L,240,112,38,90,0.422,5,24,0.208,31,40,0.775,12,31,43,19,8,6,16,25,-8.0,2016-17
22016,1610612764,WAS,Washington Wizards,0021600848,2017-02-16,WAS @ IND,W,240,111,43,83,0.518,15,29,0.517,10,15,0.667,8,31,39,23,5,3,10,19,13.0,2016-17
22016,1610612764,WAS,Washington Wizards,0021600820,2017-02-13,WAS vs. OKC,W,241,120,42,73,0.575,13,20,0.65,23,28,0.821,6,34,40,27,4,9,22,24,22.0,2016-17
22016,1610612764,WAS,Washington Wizards,0021600805,2017-02-10,WAS vs. IND,W,241,112,41,88,0.466,10,29,0.345,20,30,0.667,14,32,46,29,8,4,11,13,5.0,2016-17
22016,1610612764,WAS,Washington Wizards,0021600784,2017-02-08,WAS @ BKN,W,264,114,40,97,0.412,9,25,0.36,25,33,0.758,17,37,54,21,9,5,12,26,4.0,2016-17
22016,1610612764,WAS,Washington Wizards,0021600769,2017-02-06,WAS vs. CLE,L,264,135,50,99,0.505,12,29,0.414,23,26,0.885,11,32,43,29,9,5,12,25,-5.0,2016-17
22016,1610612764,WAS,Washington Wizards,0021600755,2017-02-04,WAS vs. NOP,W,241,105,38,83,0.458,10,31,0.323,19,22,0.864,7,39,46,20,10,6,12,19,14.0,2016-17
22016,1610612764,WAS,Washington Wizards,0021600742,2017-02-02,WAS vs. LAL,W,240,116,44,96,0.458,12,33,0.364,16,21,0.762,12,33,45,27,11,6,10,19,8.0,2016-17
22016,1610612764,WAS,Washington Wizards,0021600724,2017-01-31,WAS vs. NYK,W,239,117,49,88,0.557,7,22,0.318,12,15,0.8,9,37,46,27,4,4,12,25,16.0,2016-17
22016,1610612764,WAS,Washington Wizards,0021600714,2017-01-29,WAS @ NOP,W,239,107,45,89,0.506,10,21,0.476,7,10,0.7,10,35,45,28,9,3,10,17,13.0,2016-17
22016,1610612764,WAS,Washington Wizards,0021600702,2017-01-27,WAS @ ATL,W,240,112,43,89,0.483,13,31,0.419,13,19,0.684,13,39,52,26,12,10,18,24,26.0,2016-17
22016,1610612764,WAS,Washington Wizards,0021600676,2017-01-24,WAS vs. BOS,W,240,123,48,84,0.571,9,20,0.45,18,21,0.857,8,35,43,21,7,4,15,18,15.0,2016-17
22016,1610612764,WAS,Washington Wizards,0021600665,2017-01-23,WAS @ CHA,W,242,109,43,80,0.538,10,25,0.4,13,17,0.765,5,42,47,22,5,3,14,23,10.0,2016-17
22016,1610612764,WAS,Washington Wizards,0021600651,2017-01-21,WAS @ DET,L,240,112,39,91,0.429,8,26,0.308,26,33,0.788,13,34,47,23,12,3,11,22,-1.0,2016-17
22016,1610612764,WAS,Washington Wizards,0021600638,2017-01-19,WAS @ NYK,W,239,113,44,88,0.5,13,32,0.406,12,14,0.857,10,30,40,29,7,5,15,19,3.0,2016-17
22016,1610612764,WAS,Washington Wizards,0021600628,2017-01-18,WAS vs. MEM,W,240,104,36,80,0.45,8,29,0.276,24,26,0.923,12,33,45,27,7,3,11,25,3.0,2016-17
22016,1610612764,WAS,Washington Wizards,0021600614,2017-01-16,WAS vs. POR,W,240,120,42,86,0.488,13,23,0.565,23,25,0.92,12,39,51,26,10,5,12,18,19.0,2016-17
22016,1610612764,WAS,Washington Wizards,0021600603,2017-01-14,WAS vs. PHI,W,239,109,44,91,0.484,8,17,0.471,13,18,0.722,12,38,50,18,9,2,11,18,16.0,2016-17
22016,1610612764,WAS,Washington Wizards,0021600583,2017-01-11,WAS @ BOS,L,240,108,45,105,0.429,10,26,0.385,8,12,0.667,16,28,44,28,10,3,7,13,-9.0,2016-17
22016,1610612764,WAS,Washington Wizards,0021600571,2017-01-10,WAS vs. CHI,W,241,101,42,83,0.506,11,22,0.5,6,9,0.667,7,35,42,24,8,6,21,24,2.0,2016-17
22016,1610612764,WAS,Washington Wizards,0021600562,2017-01-08,WAS @ MIL,W,240,107,41,84,0.488,10,32,0.313,15,18,0.833,13,36,49,23,10,4,19,22,6.0,2016-17
22016,1610612764,WAS,Washington Wizards,0021600544,2017-01-06,WAS vs. MIN,W,240,112,46,79,0.582,12,22,0.545,8,9,0.889,5,28,33,31,3,7,13,18,7.0,2016-17
22016,1610612764,WAS,Washington Wizards,0021600524,2017-01-03,WAS @ DAL,L,240,105,41,92,0.446,11,30,0.367,12,14,0.857,5,33,38,27,6,7,9,19,-8.0,2016-17
22016,1610612764,WAS,Washington Wizards,0021600518,2017-01-02,WAS @ HOU,L,239,91,38,87,0.437,6,26,0.231,9,12,0.75,7,38,45,23,9,2,17,21,-10.0,2016-17
22016,1610612764,WAS,Washington Wizards,0021600493,2016-12-30,WAS vs. BKN,W,240,118,47,83,0.566,11,22,0.5,13,14,0.929,8,36,44,28,12,7,19,21,23.0,2016-17
22016,1610612764,WAS,Washington Wizards,0021600476,2016-12-28,WAS vs. IND,W,241,111,38,78,0.487,8,22,0.364,27,37,0.73,15,39,54,21,8,1,18,27,6.0,2016-17
22016,1610612764,WAS,Washington Wizards,0021600461,2016-12-26,WAS vs. MIL,W,240,107,40,79,0.506,12,29,0.414,15,20,0.75,7,33,40,29,7,6,16,16,5.0,2016-17
22016,1610612764,WAS,Washington Wizards,0021600447,2016-12-23,WAS @ MIL,L,240,96,37,79,0.468,7,24,0.292,15,18,0.833,5,25,30,24,2,2,14,21,-27.0,2016-17
22016,1610612764,WAS,Washington Wizards,0021600432,2016-12-21,WAS @ CHI,W,239,107,43,82,0.524,3,18,0.167,18,25,0.72,6,38,44,23,7,3,10,20,10.0,2016-17
22016,1610612764,WAS,Washington Wizards,0021600413,2016-12-19,WAS @ IND,L,241,105,38,88,0.432,8,33,0.242,21,26,0.808,14,35,49,19,5,6,15,22,-2.0,2016-17
22016,1610612764,WAS,Washington Wizards,0021600406,2016-12-18,WAS vs. LAC,W,240,117,43,81,0.531,10,19,0.526,21,30,0.7,9,24,33,24,10,4,15,24,7.0,2016-17
22016,1610612764,WAS,Washington Wizards,0021600389,2016-12-16,WAS vs. DET,W,240,122,44,77,0.571,12,25,0.48,22,27,0.815,3,33,36,30,6,1,5,23,14.0,2016-17
22016,1610612764,WAS,Washington Wizards,0021600375,2016-12-14,WAS vs. CHA,W,239,109,45,87,0.517,5,18,0.278,14,17,0.824,12,29,41,27,15,3,14,18,3.0,2016-17
22016,1610612764,WAS,Washington Wizards,0021600363,2016-12-12,WAS @ MIA,L,240,101,39,84,0.464,5,23,0.217,18,22,0.818,10,27,37,17,8,1,14,22,-11.0,2016-17
22016,1610612764,WAS,Washington Wizards,0021600346,2016-12-10,WAS vs. MIL,W,240,110,40,88,0.455,8,21,0.381,22,28,0.786,12,28,40,29,10,3,9,17,5.0,2016-17
22016,1610612764,WAS,Washington Wizards,0021600332,2016-12-08,WAS vs. DEN,W,239,92,35,78,0.449,6,19,0.316,16,17,0.941,8,27,35,21,11,3,18,20,7.0,2016-17
22016,1610612764,WAS,Washington Wizards,0021600315,2016-12-06,WAS vs. ORL,L,240,116,44,93,0.473,11,23,0.478,17,24,0.708,10,32,42,20,5,2,10,25,-8.0,2016-17
22016,1610612764,WAS,Washington Wizards,0021600306,2016-12-05,WAS @ BKN,W,241,118,45,92,0.489,14,34,0.412,14,18,0.778,8,27,35,26,17,5,10,22,5.0,2016-17
22016,1610612764,WAS,Washington Wizards,0021600289,2016-12-02,WAS @ SAS,L,240,105,41,81,0.506,7,11,0.636,16,18,0.889,9,34,43,25,13,3,18,26,-2.0,2016-17
22016,1610612764,WAS,Washington Wizards,0021600270,2016-11-30,WAS @ OKC,L,266,115,44,98,0.449,10,28,0.357,17,26,0.654,11,37,48,25,8,3,11,25,-11.0,2016-17
22016,1610612764,WAS,Washington Wizards,0021600253,2016-11-28,WAS vs. SAC,W,267,101,35,85,0.412,10,25,0.4,21,26,0.808,11,38,49,22,11,7,23,23,6.0,2016-17
22016,1610612764,WAS,Washington Wizards,0021600240,2016-11-26,WAS vs. SAS,L,241,100,42,88,0.477,6,22,0.273,10,14,0.714,12,28,40,21,11,1,12,26,-12.0,2016-17
22016,1610612764,WAS,Washington Wizards,0021600226,2016-11-25,WAS @ ORL,W,241,94,40,88,0.455,6,29,0.207,8,10,0.8,7,30,37,26,10,4,11,17,3.0,2016-17
22016,1610612764,WAS,Washington Wizards,0021600200,2016-11-21,WAS vs. PHX,W,240,106,37,91,0.407,10,28,0.357,22,34,0.647,14,31,45,25,8,4,11,19,5.0,2016-17
22016,1610612764,WAS,Washington Wizards,0021600186,2016-11-19,WAS vs. MIA,L,240,111,42,89,0.472,11,27,0.407,16,22,0.727,13,27,40,22,9,2,11,22,-3.0,2016-17
22016,1610612764,WAS,Washington Wizards,0021600169,2016-11-17,WAS vs. NYK,W,241,119,44,81,0.543,15,25,0.6,16,18,0.889,7,30,37,26,7,2,15,21,7.0,2016-17
22016,1610612764,WAS,Washington Wizards,0021600158,2016-11-16,WAS @ PHI,L,240,102,38,91,0.418,8,23,0.348,18,25,0.72,11,29,40,18,8,1,11,26,-7.0,2016-17
22016,1610612764,WAS,Washington Wizards,0021600133,2016-11-12,WAS @ CHI,L,240,95,38,91,0.418,4,13,0.308,15,18,0.833,13,36,49,19,3,7,12,22,-11.0,2016-17
22016,1610612764,WAS,Washington Wizards,0021600122,2016-11-11,WAS vs. CLE,L,241,94,38,87,0.437,3,15,0.2,15,19,0.789,10,36,46,16,7,5,15,21,-11.0,2016-17
22016,1610612764,WAS,Washington Wizards,0021600107,2016-11-09,WAS vs. BOS,W,240,118,46,92,0.5,10,21,0.476,16,20,0.8,19,35,54,29,9,7,11,26,25.0,2016-17
22016,1610612764,WAS,Washington Wizards,0021600094,2016-11-07,WAS vs. HOU,L,239,106,39,94,0.415,10,27,0.37,18,20,0.9,16,29,45,20,12,5,13,16,-8.0,2016-17
22016,1610612764,WAS,Washington Wizards,0021600081,2016-11-05,WAS @ ORL,L,240,86,34,86,0.395,6,17,0.353,12,17,0.706,14,35,49,11,4,5,10,23,-2.0,2016-17
22016,1610612764,WAS,Washington Wizards,0021600070,2016-11-04,WAS vs. ATL,W,241,95,31,80,0.388,5,20,0.25,28,35,0.8,11,35,46,13,7,3,19,23,3.0,2016-17
22016,1610612764,WAS,Washington Wizards,0021600055,2016-11-02,WAS vs. TOR,L,239,103,42,72,0.583,3,10,0.3,16,24,0.667,6,30,36,21,8,5,20,20,-10.0,2016-17
22016,1610612764,WAS,Washington Wizards,0021600039,2016-10-30,WAS @ MEM,L,266,103,38,86,0.442,5,25,0.2,22,25,0.88,8,32,40,19,8,4,14,23,-9.0,2016-17
22016,1610612764,WAS,Washington Wizards,0021600014,2016-10-27,WAS @ ATL,L,240,99,40,94,0.426,6,20,0.3,13,18,0.722,12,28,40,25,14,4,19,20,-15.0,2016-17
42016,1610612764,WAS,Washington Wizards,0041600207,2017-05-15,WAS @ BOS,L,240,105,36,80,0.45,10,29,0.345,23,29,0.793,10,33,43,18,6,4,15,17,-10.0,2016-17
42016,1610612764,WAS,Washington Wizards,0041600206,2017-05-12,WAS vs. BOS,W,239,92,37,86,0.43,5,24,0.208,13,21,0.619,11,35,46,20,4,7,12,24,1.0,2016-17
42016,1610612764,WAS,Washington Wizards,0041600205,2017-05-10,WAS @ BOS,L,240,101,35,91,0.385,7,29,0.241,24,29,0.828,16,29,45,21,5,5,12,18,-22.0,2016-17
42016,1610612764,WAS,Washington Wizards,0041600204,2017-05-07,WAS vs. BOS,W,240,121,44,84,0.524,9,21,0.429,24,27,0.889,12,33,45,29,13,3,19,22,19.0,2016-17
42016,1610612764,WAS,Washington Wizards,0041600203,2017-05-04,WAS vs. BOS,W,241,116,43,92,0.467,8,25,0.32,22,25,0.88,13,37,50,26,7,5,9,26,27.0,2016-17
42016,1610612764,WAS,Washington Wizards,0041600202,2017-05-02,WAS @ BOS,L,265,119,46,99,0.465,10,34,0.294,17,22,0.773,13,31,44,28,7,10,17,29,-10.0,2016-17
42016,1610612764,WAS,Washington Wizards,0041600201,2017-04-30,WAS @ BOS,L,240,111,44,87,0.506,10,23,0.435,13,22,0.591,12,26,38,27,6,7,12,14,-12.0,2016-17
42016,1610612764,WAS,Washington Wizards,0041600136,2017-04-28,WAS @ ATL,W,240,115,42,78,0.538,10,24,0.417,21,25,0.84,8,25,33,21,16,7,16,22,16.0,2016-17
42016,1610612764,WAS,Washington Wizards,0041600135,2017-04-26,WAS vs. ATL,W,239,103,37,82,0.451,7,24,0.292,22,27,0.815,9,33,42,21,8,10,6,20,4.0,2016-17
42016,1610612764,WAS,Washington Wizards,0041600134,2017-04-24,WAS @ ATL,L,240,101,36,85,0.424,11,32,0.344,18,23,0.783,9,37,46,19,7,5,14,25,-10.0,2016-17
42016,1610612764,WAS,Washington Wizards,0041600133,2017-04-22,WAS @ ATL,L,240,98,37,89,0.416,7,29,0.241,17,20,0.85,6,36,42,16,6,4,15,28,-18.0,2016-17
42016,1610612764,WAS,Washington Wizards,0041600132,2017-04-19,WAS vs. ATL,W,239,109,39,86,0.453,7,22,0.318,24,33,0.727,11,32,43,22,10,10,11,29,8.0,2016-17
42016,1610612764,WAS,Washington Wizards,0041600131,2017-04-16,WAS vs. ATL,W,240,114,45,100,0.45,8,28,0.286,16,17,0.941,15,27,42,28,8,9,12,25,7.0,2016-17
22017,1610612764,WAS,Washington Wizards,0021701222,2018-04-11,WAS @ ORL,L,240,92,33,95,0.347,10,34,0.294,16,27,0.593,18,32,50,17,5,1,12,25,-9.0,2017-18
22017,1610612764,WAS,Washington Wizards,0021701215,2018-04-10,WAS vs. BOS,W,240,113,41,83,0.494,15,30,0.5,16,20,0.8,10,41,51,32,8,3,20,24,12.0,2017-18
22017,1610612764,WAS,Washington Wizards,0021701184,2018-04-06,WAS vs. ATL,L,240,97,35,87,0.402,9,25,0.36,18,23,0.783,9,36,45,18,8,4,12,15,-6.0,2017-18
22017,1610612764,WAS,Washington Wizards,0021701176,2018-04-05,WAS @ CLE,L,240,115,47,94,0.5,9,21,0.429,12,14,0.857,12,29,41,34,8,7,15,23,-4.0,2017-18
22017,1610612764,WAS,Washington Wizards,0021701161,2018-04-03,WAS @ HOU,L,240,104,38,72,0.528,12,25,0.48,16,23,0.696,3,33,36,25,6,1,17,21,-16.0,2017-18
22017,1610612764,WAS,Washington Wizards,0021701144,2018-04-01,WAS @ CHI,L,239,94,37,81,0.457,8,30,0.267,12,12,1.0,6,31,37,27,5,4,16,12,-16.0,2017-18
22017,1610612764,WAS,Washington Wizards,0021701138,2018-03-31,WAS vs. CHA,W,242,107,40,88,0.455,18,39,0.462,9,12,0.75,11,33,44,30,11,4,12,23,14.0,2017-18
22017,1610612764,WAS,Washington Wizards,0021701124,2018-03-29,WAS @ DET,L,240,92,37,89,0.416,6,32,0.188,12,15,0.8,12,31,43,28,9,6,15,19,-11.0,2017-18
22017,1610612764,WAS,Washington Wizards,0021701108,2018-03-27,WAS vs. SAS,W,241,116,46,85,0.541,10,24,0.417,14,18,0.778,10,40,50,33,5,7,16,27,10.0,2017-18
22017,1610612764,WAS,Washington Wizards,0021701098,2018-03-25,WAS vs. NYK,L,240,97,37,87,0.425,6,19,0.316,17,23,0.739,14,32,46,25,10,7,14,16,-4.0,2017-18
22017,1610612764,WAS,Washington Wizards,0021701079,2018-03-23,WAS vs. DEN,L,239,100,38,80,0.475,14,28,0.5,10,14,0.714,8,38,46,28,3,2,17,21,-8.0,2017-18
22017,1610612764,WAS,Washington Wizards,0021701071,2018-03-21,WAS @ SAS,L,240,90,35,83,0.422,8,25,0.32,12,16,0.75,9,26,35,27,11,4,12,16,-8.0,2017-18
22017,1610612764,WAS,Washington Wizards,0021701035,2018-03-17,WAS vs. IND,W,240,109,40,74,0.541,10,20,0.5,19,23,0.826,6,32,38,29,9,2,14,17,7.0,2017-18
22017,1610612764,WAS,Washington Wizards,0021701017,2018-03-14,WAS @ BOS,W,289,125,46,97,0.474,12,32,0.375,21,28,0.75,13,39,52,29,10,6,19,26,1.0,2017-18
22017,1610612764,WAS,Washington Wizards,0021701006,2018-03-13,WAS vs. MIN,L,240,111,42,82,0.512,8,20,0.4,19,25,0.76,14,25,39,26,6,4,11,17,-5.0,2017-18
22017,1610612764,WAS,Washington Wizards,0021700988,2018-03-10,WAS @ MIA,L,240,102,34,77,0.442,7,20,0.35,27,34,0.794,8,32,40,22,4,2,15,20,-27.0,2017-18
22017,1610612764,WAS,Washington Wizards,0021700982,2018-03-09,WAS @ NOP,W,237,116,46,96,0.479,9,26,0.346,15,20,0.75,10,39,49,34,10,4,12,16,19.0,2017-18
22017,1610612764,WAS,Washington Wizards,0021700959,2018-03-06,WAS vs. MIA,W,266,117,40,80,0.5,14,24,0.583,23,27,0.852,8,33,41,25,7,3,18,22,4.0,2017-18
22017,1610612764,WAS,Washington Wizards,0021700945,2018-03-04,WAS vs. IND,L,241,95,35,83,0.422,10,27,0.37,15,19,0.789,10,32,42,21,9,2,14,21,-3.0,2017-18
22017,1610612764,WAS,Washington Wizards,0021700929,2018-03-02,WAS vs. TOR,L,239,95,36,79,0.456,9,24,0.375,14,21,0.667,15,32,47,24,2,5,17,25,-7.0,2017-18
22017,1610612764,WAS,Washington Wizards,0021700917,2018-02-28,WAS vs. GSW,L,240,101,36,90,0.4,11,32,0.344,18,21,0.857,18,33,51,25,6,4,16,24,-8.0,2017-18
22017,1610612764,WAS,Washington Wizards,0021700910,2018-02-27,WAS @ MIL,W,238,107,42,88,0.477,7,20,0.35,16,22,0.727,9,31,40,30,9,6,11,22,3.0,2017-18
22017,1610612764,WAS,Washington Wizards,0021700895,2018-02-25,WAS vs. PHI,W,240,109,43,79,0.544,12,25,0.48,11,12,0.917,10,38,48,35,9,6,19,28,15.0,2017-18
22017,1610612764,WAS,Washington Wizards,0021700875,2018-02-23,WAS vs. CHA,L,240,105,40,81,0.494,9,25,0.36,16,17,0.941,6,30,36,25,3,0,14,21,-17.0,2017-18
22017,1610612764,WAS,Washington Wizards,0021700869,2018-02-22,WAS @ CLE,W,239,110,44,92,0.478,12,30,0.4,10,10,1.0,9,34,43,29,9,3,10,23,7.0,2017-18
22017,1610612764,WAS,Washington Wizards,0021700857,2018-02-14,WAS @ NYK,W,239,118,48,88,0.545,7,22,0.318,15,19,0.789,6,39,45,31,7,9,11,16,5.0,2017-18
22017,1610612764,WAS,Washington Wizards,0021700829,2018-02-10,WAS @ CHI,W,242,101,38,82,0.463,13,38,0.342,12,14,0.857,6,35,41,31,8,3,13,17,11.0,2017-18
22017,1610612764,WAS,Washington Wizards,0021700813,2018-02-08,WAS vs. BOS,L,265,104,38,95,0.4,12,26,0.462,16,20,0.8,17,35,52,28,11,4,20,23,-6.0,2017-18
22017,1610612764,WAS,Washington Wizards,0021700802,2018-02-06,WAS @ PHI,L,240,102,41,93,0.441,7,27,0.259,13,18,0.722,16,23,39,23,14,2,11,18,-13.0,2017-18
22017,1610612764,WAS,Washington Wizards,0021700791,2018-02-05,WAS @ IND,W,239,111,45,82,0.549,7,25,0.28,14,17,0.824,7,36,43,29,8,1,14,23,9.0,2017-18
22017,1610612764,WAS,Washington Wizards,0021700778,2018-02-03,WAS @ ORL,W,242,115,46,85,0.541,7,26,0.269,16,18,0.889,12,26,38,35,14,6,14,19,17.0,2017-18
22017,1610612764,WAS,Washington Wizards,0021700762,2018-02-01,WAS vs. TOR,W,240,122,44,85,0.518,10,30,0.333,24,26,0.923,12,32,44,30,10,2,16,21,3.0,2017-18
22017,1610612764,WAS,Washington Wizards,0021700744,2018-01-30,WAS vs. OKC,W,239,102,34,89,0.382,7,25,0.28,27,29,0.931,7,36,43,27,8,7,12,28,6.0,2017-18
22017,1610612764,WAS,Washington Wizards,0021700726,2018-01-27,WAS @ ATL,W,240,129,49,85,0.576,18,32,0.563,13,14,0.929,7,31,38,40,7,6,12,21,25.0,2017-18
22017,1610612764,WAS,Washington Wizards,0021700711,2018-01-25,WAS @ OKC,L,242,112,42,86,0.488,16,35,0.457,12,16,0.75,12,27,39,25,10,2,23,25,-9.0,2017-18
22017,1610612764,WAS,Washington Wizards,0021700693,2018-01-22,WAS @ DAL,L,241,75,26,86,0.302,7,32,0.219,16,27,0.593,17,30,47,15,7,5,12,18,-23.0,2017-18
22017,1610612764,WAS,Washington Wizards,0021700669,2018-01-19,WAS @ DET,W,240,122,41,82,0.5,16,35,0.457,24,27,0.889,8,26,34,28,10,4,13,20,10.0,2017-18
22017,1610612764,WAS,Washington Wizards,0021700653,2018-01-17,WAS @ CHA,L,241,109,40,82,0.488,13,23,0.565,16,23,0.696,7,33,40,31,3,7,16,23,-24.0,2017-18
22017,1610612764,WAS,Washington Wizards,0021700640,2018-01-15,WAS vs. MIL,L,240,95,32,76,0.421,6,21,0.286,25,31,0.806,11,28,39,19,10,8,23,22,-9.0,2017-18
22017,1610612764,WAS,Washington Wizards,0021700630,2018-01-13,WAS vs. BKN,W,265,119,46,93,0.495,10,23,0.435,17,23,0.739,6,41,47,31,10,3,15,19,6.0,2017-18
22017,1610612764,WAS,Washington Wizards,0021700620,2018-01-12,WAS vs. ORL,W,240,125,54,95,0.568,4,16,0.25,13,19,0.684,14,27,41,26,9,6,11,22,6.0,2017-18
22017,1610612764,WAS,Washington Wizards,0021700605,2018-01-10,WAS vs. UTA,L,241,104,41,78,0.526,10,25,0.4,12,17,0.706,9,36,45,25,8,1,23,17,-3.0,2017-18
22017,1610612764,WAS,Washington Wizards,0021700583,2018-01-06,WAS vs. MIL,L,240,103,37,78,0.474,8,21,0.381,21,29,0.724,4,30,34,25,6,6,14,22,-7.0,2017-18
22017,1610612764,WAS,Washington Wizards,0021700575,2018-01-05,WAS @ MEM,W,240,102,33,84,0.393,10,27,0.37,26,34,0.765,12,36,48,21,7,7,13,23,2.0,2017-18
22017,1610612764,WAS,Washington Wizards,0021700556,2018-01-03,WAS vs. NYK,W,240,121,48,81,0.593,9,23,0.391,16,26,0.615,6,36,42,27,9,5,12,21,18.0,2017-18
22017,1610612764,WAS,Washington Wizards,0021700537,2017-12-31,WAS vs. CHI,W,240,114,43,93,0.462,16,36,0.444,12,17,0.706,12,35,47,27,6,8,10,24,4.0,2017-18
22017,1610612764,WAS,Washington Wizards,0021700521,2017-12-29,WAS vs. HOU,W,241,121,47,88,0.534,18,36,0.5,9,12,0.75,10,35,45,23,12,5,16,15,18.0,2017-18
22017,1610612764,WAS,Washington Wizards,0021700508,2017-12-27,WAS @ ATL,L,240,99,35,81,0.432,9,24,0.375,20,26,0.769,9,31,40,24,6,5,13,24,-14.0,2017-18
22017,1610612764,WAS,Washington Wizards,0021700495,2017-12-25,WAS @ BOS,W,241,111,43,93,0.462,6,26,0.231,19,28,0.679,14,33,47,26,6,4,8,17,8.0,2017-18
22017,1610612764,WAS,Washington Wizards,0021700483,2017-12-23,WAS vs. ORL,W,239,130,47,86,0.547,16,30,0.533,20,23,0.87,12,37,49,29,5,2,16,18,27.0,2017-18
22017,1610612764,WAS,Washington Wizards,0021700473,2017-12-22,WAS @ BKN,L,239,84,34,93,0.366,5,20,0.25,11,15,0.733,7,28,35,22,7,1,7,18,-35.0,2017-18
22017,1610612764,WAS,Washington Wizards,0021700452,2017-12-19,WAS vs. NOP,W,240,116,46,92,0.5,14,35,0.4,10,14,0.714,10,34,44,29,8,3,16,31,7.0,2017-18
22017,1610612764,WAS,Washington Wizards,0021700440,2017-12-17,WAS vs. CLE,L,241,99,39,91,0.429,12,33,0.364,9,16,0.563,13,38,51,20,4,5,10,18,-7.0,2017-18
22017,1610612764,WAS,Washington Wizards,0021700422,2017-12-15,WAS vs. LAC,W,241,100,39,88,0.443,7,31,0.226,15,23,0.652,11,39,50,21,12,7,19,26,9.0,2017-18
22017,1610612764,WAS,Washington Wizards,0021700406,2017-12-13,WAS vs. MEM,W,239,93,36,77,0.468,9,22,0.409,12,24,0.5,6,38,44,21,7,8,15,22,6.0,2017-18
22017,1610612764,WAS,Washington Wizards,0021700400,2017-12-12,WAS @ BKN,L,240,98,38,95,0.4,4,22,0.182,18,22,0.818,12,37,49,18,8,3,10,26,-5.0,2017-18
22017,1610612764,WAS,Washington Wizards,0021700375,2017-12-09,WAS @ LAC,L,240,112,42,82,0.512,13,32,0.406,15,23,0.652,9,35,44,33,5,2,13,18,-1.0,2017-18
22017,1610612764,WAS,Washington Wizards,0021700364,2017-12-07,WAS @ PHX,W,240,109,41,81,0.506,8,21,0.381,19,25,0.76,8,30,38,25,6,4,10,23,10.0,2017-18
22017,1610612764,WAS,Washington Wizards,0021700352,2017-12-05,WAS @ POR,W,240,106,42,89,0.472,11,25,0.44,11,14,0.786,11,33,44,20,16,6,9,22,14.0,2017-18
22017,1610612764,WAS,Washington Wizards,0021700349,2017-12-04,WAS @ UTA,L,240,69,23,80,0.288,4,20,0.2,19,23,0.826,12,19,31,9,8,2,13,21,-47.0,2017-18
22017,1610612764,WAS,Washington Wizards,0021700320,2017-12-01,WAS vs. DET,W,242,109,43,89,0.483,7,21,0.333,16,19,0.842,16,33,49,28,12,6,11,20,18.0,2017-18
22017,1610612764,WAS,Washington Wizards,0021700305,2017-11-29,WAS @ PHI,L,239,113,36,89,0.404,9,22,0.409,32,37,0.865,7,28,35,22,8,4,11,42,-5.0,2017-18
22017,1610612764,WAS,Washington Wizards,0021700300,2017-11-28,WAS @ MIN,W,239,92,36,83,0.434,10,28,0.357,10,17,0.588,9,35,44,23,5,4,7,16,3.0,2017-18
22017,1610612764,WAS,Washington Wizards,0021700279,2017-11-25,WAS vs. POR,L,241,105,41,89,0.461,8,23,0.348,15,16,0.938,7,30,37,20,9,4,11,17,-3.0,2017-18
22017,1610612764,WAS,Washington Wizards,0021700253,2017-11-22,WAS @ CHA,L,265,124,48,99,0.485,11,33,0.333,17,22,0.773,9,34,43,25,4,6,12,29,-5.0,2017-18
22017,1610612764,WAS,Washington Wizards,0021700247,2017-11-20,WAS @ MIL,W,240,99,39,74,0.527,9,24,0.375,12,17,0.706,8,38,46,23,4,1,16,18,11.0,2017-18
22017,1610612764,WAS,Washington Wizards,0021700237,2017-11-19,WAS @ TOR,L,241,91,34,81,0.42,11,19,0.579,12,21,0.571,8,35,43,20,5,3,14,12,-9.0,2017-18
22017,1610612764,WAS,Washington Wizards,0021700218,2017-11-17,WAS vs. MIA,L,240,88,32,84,0.381,10,35,0.286,14,16,0.875,7,39,46,18,4,4,12,17,-3.0,2017-18
22017,1610612764,WAS,Washington Wizards,0021700205,2017-11-15,WAS @ MIA,W,241,102,32,78,0.41,9,19,0.474,29,31,0.935,11,29,40,9,8,2,12,19,9.0,2017-18
22017,1610612764,WAS,Washington Wizards,0021700192,2017-11-13,WAS vs. SAC,W,239,110,44,86,0.512,11,34,0.324,11,12,0.917,10,40,50,30,7,1,11,21,18.0,2017-18
22017,1610612764,WAS,Washington Wizards,0021700177,2017-11-11,WAS vs. ATL,W,241,113,42,78,0.538,7,24,0.292,22,28,0.786,11,31,42,22,14,10,23,22,19.0,2017-18
22017,1610612764,WAS,Washington Wizards,0021700164,2017-11-09,WAS vs. LAL,W,241,111,43,83,0.518,7,21,0.333,18,20,0.9,7,38,45,20,7,4,19,31,16.0,2017-18
22017,1610612764,WAS,Washington Wizards,0021700151,2017-11-07,WAS vs. DAL,L,239,99,32,75,0.427,10,25,0.4,25,32,0.781,3,36,39,21,5,5,15,19,-14.0,2017-18
22017,1610612764,WAS,Washington Wizards,0021700139,2017-11-05,WAS @ TOR,W,239,107,40,85,0.471,11,23,0.478,16,23,0.696,11,35,46,19,9,3,17,26,11.0,2017-18
22017,1610612764,WAS,Washington Wizards,0021700122,2017-11-03,WAS vs. CLE,L,239,122,45,84,0.536,11,28,0.393,21,31,0.677,9,28,37,25,5,2,16,24,-8.0,2017-18
22017,1610612764,WAS,Washington Wizards,0021700108,2017-11-01,WAS vs. PHX,L,241,116,41,92,0.446,10,30,0.333,24,30,0.8,15,30,45,20,5,4,12,28,-6.0,2017-18
22017,1610612764,WAS,Washington Wizards,0021700089,2017-10-29,WAS @ SAC,W,242,110,40,85,0.471,17,34,0.5,13,20,0.65,13,36,49,28,9,3,15,18,27.0,2017-18
22017,1610612764,WAS,Washington Wizards,0021700075,2017-10-27,WAS @ GSW,L,242,117,43,97,0.443,15,33,0.455,16,22,0.727,12,29,41,30,7,6,14,21,-3.0,2017-18
22017,1610612764,WAS,Washington Wizards,0021700064,2017-10-25,WAS @ LAL,L,266,99,39,95,0.411,6,26,0.231,15,23,0.652,7,38,45,20,11,5,13,19,-3.0,2017-18
22017,1610612764,WAS,Washington Wizards,0021700047,2017-10-23,WAS @ DEN,W,241,109,37,84,0.44,9,30,0.3,26,28,0.929,10,28,38,24,13,3,15,24,5.0,2017-18
22017,1610612764,WAS,Washington Wizards,0021700020,2017-10-20,WAS vs. DET,W,241,115,40,75,0.533,6,17,0.353,29,35,0.829,7,30,37,25,12,7,16,18,4.0,2017-18
22017,1610612764,WAS,Washington Wizards,0021700006,2017-10-18,WAS vs. PHI,W,240,120,42,97,0.433,6,22,0.273,30,38,0.789,16,36,52,21,8,10,9,20,5.0,2017-18
42017,1610612764,WAS,Washington Wizards,0041700106,2018-04-27,WAS vs. TOR,L,239,92,32,79,0.405,8,22,0.364,20,21,0.952,11,31,42,12,3,5,14,19,-10.0,2017-18
42017,1610612764,WAS,Washington Wizards,0041700105,2018-04-25,WAS @ TOR,L,240,98,37,90,0.411,5,26,0.192,19,22,0.864,14,36,50,21,6,4,15,18,-10.0,2017-18
42017,1610612764,WAS,Washington Wizards,0041700104,2018-04-22,WAS vs. TOR,W,242,106,39,85,0.459,7,17,0.412,21,31,0.677,9,31,40,23,10,8,13,23,8.0,2017-18
42017,1610612764,WAS,Washington Wizards,0041700103,2018-04-20,WAS vs. TOR,W,241,122,47,85,0.553,10,23,0.435,18,20,0.9,7,32,39,29,10,8,11,21,19.0,2017-18
42017,1610612764,WAS,Washington Wizards,0041700102,2018-04-17,WAS @ TOR,L,240,119,42,86,0.488,10,22,0.455,25,28,0.893,4,30,34,26,7,3,8,24,-11.0,2017-18
42017,1610612764,WAS,Washington Wizards,0041700101,2018-04-14,WAS @ TOR,L,241,106,41,86,0.477,8,21,0.381,16,18,0.889,6,29,35,29,11,3,13,21,-8.0,2017-18
22018,1610612764,WAS,Washington Wizards,0021801211,2019-04-09,WAS vs. BOS,L,240,110,41,97,0.423,14,39,0.359,14,18,0.778,13,45,58,28,2,3,15,18,-6.0,2018-19
22018,1610612764,WAS,Washington Wizards,0021801204,2019-04-07,WAS @ NYK,L,239,110,43,103,0.417,10,34,0.294,14,18,0.778,21,29,50,24,12,4,8,16,-3.0,2018-19
22018,1610612764,WAS,Washington Wizards,0021801182,2019-04-05,WAS vs. SAS,L,241,112,42,88,0.477,9,32,0.281,19,22,0.864,9,25,34,22,2,4,9,16,-17.0,2018-19
22018,1610612764,WAS,Washington Wizards,0021801167,2019-04-03,WAS vs. CHI,L,240,114,45,97,0.464,5,27,0.185,19,26,0.731,9,30,39,24,8,9,12,18,-1.0,2018-19
22018,1610612764,WAS,Washington Wizards,0021801148,2019-03-31,WAS @ DEN,W,239,95,37,92,0.402,6,24,0.25,15,20,0.75,9,45,54,24,9,6,10,21,5.0,2018-19
22018,1610612764,WAS,Washington Wizards,0021801134,2019-03-29,WAS @ UTA,L,242,124,48,98,0.49,15,37,0.405,13,22,0.591,12,30,42,32,11,3,13,18,-4.0,2018-19
22018,1610612764,WAS,Washington Wizards,0021801120,2019-03-27,WAS @ PHX,W,241,124,43,90,0.478,9,25,0.36,29,43,0.674,15,37,52,18,10,3,10,20,3.0,2018-19
22018,1610612764,WAS,Washington Wizards,0021801116,2019-03-26,WAS @ LAL,L,240,106,39,90,0.433,6,32,0.188,22,27,0.815,11,28,39,21,5,4,17,20,-18.0,2018-19
22018,1610612764,WAS,Washington Wizards,0021801089,2019-03-23,WAS vs. MIA,L,241,108,41,96,0.427,9,30,0.3,17,23,0.739,21,32,53,25,5,2,12,20,-5.0,2018-19
22018,1610612764,WAS,Washington Wizards,0021801075,2019-03-21,WAS vs. DEN,L,240,108,40,79,0.506,8,28,0.286,20,21,0.952,6,32,38,25,4,2,12,15,-5.0,2018-19
22018,1610612764,WAS,Washington Wizards,0021801069,2019-03-20,WAS @ CHI,L,266,120,44,93,0.473,14,42,0.333,18,23,0.783,12,38,50,25,10,9,16,21,-6.0,2018-19
22018,1610612764,WAS,Washington Wizards,0021801051,2019-03-18,WAS vs. UTA,L,240,95,34,81,0.42,8,27,0.296,19,22,0.864,5,29,34,20,9,2,16,16,-21.0,2018-19
22018,1610612764,WAS,Washington Wizards,0021801035,2019-03-16,WAS vs. MEM,W,241,135,41,81,0.506,17,35,0.486,36,43,0.837,9,36,45,26,6,7,11,21,7.0,2018-19
22018,1610612764,WAS,Washington Wizards,0021801028,2019-03-15,WAS vs. CHA,L,239,110,41,84,0.488,13,34,0.382,15,19,0.789,8,37,45,25,8,5,17,14,-6.0,2018-19
22018,1610612764,WAS,Washington Wizards,0021801015,2019-03-13,WAS vs. ORL,W,240,100,42,90,0.467,8,27,0.296,8,12,0.667,10,36,46,20,5,2,8,13,10.0,2018-19
22018,1610612764,WAS,Washington Wizards,0021801002,2019-03-11,WAS vs. SAC,W,240,121,40,86,0.465,14,37,0.378,27,33,0.818,7,40,47,29,12,1,17,25,6.0,2018-19
22018,1610612764,WAS,Washington Wizards,0021800988,2019-03-09,WAS @ MIN,L,265,130,48,100,0.48,16,44,0.364,18,24,0.75,10,40,50,31,8,5,18,23,-5.0,2018-19
22018,1610612764,WAS,Washington Wizards,0021800977,2019-03-08,WAS @ CHA,L,239,111,40,86,0.465,9,27,0.333,22,26,0.846,13,33,46,28,8,5,14,19,-1.0,2018-19
22018,1610612764,WAS,Washington Wizards,0021800967,2019-03-06,WAS vs. DAL,W,240,132,50,93,0.538,12,33,0.364,20,25,0.8,15,34,49,30,3,2,12,26,9.0,2018-19
22018,1610612764,WAS,Washington Wizards,0021800950,2019-03-03,WAS vs. MIN,W,240,135,49,98,0.5,11,33,0.333,26,32,0.813,15,31,46,30,6,4,8,19,14.0,2018-19
22018,1610612764,WAS,Washington Wizards,0021800931,2019-03-01,WAS @ BOS,L,240,96,36,89,0.404,10,38,0.263,14,19,0.737,11,42,53,20,7,6,18,16,-11.0,2018-19
22018,1610612764,WAS,Washington Wizards,0021800914,2019-02-27,WAS @ BKN,W,240,125,44,96,0.458,11,37,0.297,26,31,0.839,17,40,57,34,10,4,17,30,9.0,2018-19
22018,1610612764,WAS,Washington Wizards,0021800886,2019-02-23,WAS vs. IND,L,241,112,42,79,0.532,13,35,0.371,15,21,0.714,8,24,32,27,15,5,22,23,-7.0,2018-19
22018,1610612764,WAS,Washington Wizards,0021800873,2019-02-22,WAS @ CHA,L,239,110,42,97,0.433,10,39,0.256,16,18,0.889,11,32,43,24,6,6,13,20,-13.0,2018-19
22018,1610612764,WAS,Washington Wizards,0021800857,2019-02-13,WAS @ TOR,L,240,120,37,84,0.44,14,40,0.35,32,39,0.821,4,39,43,27,6,3,18,28,-9.0,2018-19
22018,1610612764,WAS,Washington Wizards,0021800840,2019-02-11,WAS @ DET,L,241,112,42,84,0.5,14,39,0.359,14,19,0.737,7,30,37,31,7,5,14,21,-9.0,2018-19
22018,1610612764,WAS,Washington Wizards,0021800830,2019-02-09,WAS @ CHI,W,239,134,55,95,0.579,12,27,0.444,12,14,0.857,6,33,39,38,6,6,13,23,9.0,2018-19
22018,1610612764,WAS,Washington Wizards,0021800819,2019-02-08,WAS vs. CLE,W,238,119,46,92,0.5,12,35,0.343,15,16,0.938,10,38,48,35,10,4,16,19,13.0,2018-19
22018,1610612764,WAS,Washington Wizards,0021800806,2019-02-06,WAS @ MIL,L,240,129,48,92,0.522,17,37,0.459,16,19,0.842,8,32,40,34,6,5,24,23,-19.0,2018-19
22018,1610612764,WAS,Washington Wizards,0021800791,2019-02-04,WAS vs. ATL,L,240,129,48,97,0.495,12,38,0.316,21,29,0.724,13,27,40,34,5,8,8,20,-8.0,2018-19
22018,1610612764,WAS,Washington Wizards,0021800778,2019-02-02,WAS vs. MIL,L,240,115,43,93,0.462,10,33,0.303,19,26,0.731,12,34,46,28,6,6,12,19,-16.0,2018-19
22018,1610612764,WAS,Washington Wizards,0021800759,2019-01-30,WAS vs. IND,W,240,107,41,78,0.526,12,28,0.429,13,21,0.619,8,33,41,27,8,4,14,24,18.0,2018-19
22018,1610612764,WAS,Washington Wizards,0021800749,2019-01-29,WAS @ CLE,L,240,113,42,87,0.483,12,36,0.333,17,23,0.739,3,33,36,31,8,1,6,22,-3.0,2018-19
22018,1610612764,WAS,Washington Wizards,0021800742,2019-01-27,WAS @ SAS,L,240,119,40,89,0.449,18,46,0.391,21,29,0.724,8,24,32,32,11,0,9,18,-13.0,2018-19
22018,1610612764,WAS,Washington Wizards,0021800720,2019-01-25,WAS @ ORL,W,240,95,35,79,0.443,15,27,0.556,10,12,0.833,5,33,38,26,9,1,12,15,4.0,2018-19
22018,1610612764,WAS,Washington Wizards,0021800716,2019-01-24,WAS vs. GSW,L,239,118,44,95,0.463,15,42,0.357,15,21,0.714,9,27,36,29,7,2,10,22,-8.0,2018-19
22018,1610612764,WAS,Washington Wizards,0021800693,2019-01-21,WAS vs. DET,W,240,101,36,79,0.456,8,23,0.348,21,27,0.778,5,40,45,24,7,6,13,18,14.0,2018-19
22018,1610612764,WAS,Washington Wizards,0021800665,2019-01-17,WAS vs. NYK,W,239,101,40,92,0.435,7,27,0.259,14,20,0.7,15,36,51,23,9,2,13,10,1.0,2018-19
22018,1610612764,WAS,Washington Wizards,0021800639,2019-01-13,WAS vs. TOR,L,290,138,54,118,0.458,19,44,0.432,11,18,0.611,17,34,51,36,11,7,20,28,-2.0,2018-19
22018,1610612764,WAS,Washington Wizards,0021800622,2019-01-11,WAS vs. MIL,W,238,113,40,82,0.488,18,33,0.545,15,20,0.75,6,37,43,28,10,3,16,17,7.0,2018-19
22018,1610612764,WAS,Washington Wizards,0021800608,2019-01-09,WAS vs. PHI,W,241,123,47,87,0.54,13,27,0.481,16,21,0.762,11,28,39,26,16,2,18,21,17.0,2018-19
22018,1610612764,WAS,Washington Wizards,0021800600,2019-01-08,WAS @ PHI,L,239,115,42,84,0.5,14,32,0.438,17,21,0.81,6,28,34,26,14,3,16,18,-17.0,2018-19
22018,1610612764,WAS,Washington Wizards,0021800588,2019-01-06,WAS @ OKC,W,240,116,44,101,0.436,10,37,0.27,18,22,0.818,16,39,55,25,8,8,9,16,18.0,2018-19
22018,1610612764,WAS,Washington Wizards,0021800568,2019-01-04,WAS @ MIA,L,238,109,42,98,0.429,10,36,0.278,15,19,0.789,10,31,41,24,8,2,10,18,-6.0,2018-19
22018,1610612764,WAS,Washington Wizards,0021800556,2019-01-02,WAS vs. ATL,W,240,114,43,92,0.467,11,29,0.379,17,23,0.739,10,38,48,29,10,2,10,20,16.0,2018-19
22018,1610612764,WAS,Washington Wizards,0021800530,2018-12-29,WAS vs. CHA,W,242,130,48,93,0.516,13,37,0.351,21,24,0.875,9,33,42,35,8,6,12,18,4.0,2018-19
22018,1610612764,WAS,Washington Wizards,0021800520,2018-12-28,WAS vs. CHI,L,241,92,34,85,0.4,9,30,0.3,15,18,0.833,8,32,40,22,7,6,12,18,-9.0,2018-19
22018,1610612764,WAS,Washington Wizards,0021800502,2018-12-26,WAS @ DET,L,239,95,38,83,0.458,9,33,0.273,10,13,0.769,6,25,31,17,14,4,16,21,-11.0,2018-19
22018,1610612764,WAS,Washington Wizards,0021800487,2018-12-23,WAS @ IND,L,240,89,28,76,0.368,9,35,0.257,24,26,0.923,6,31,37,21,8,1,22,18,-16.0,2018-19
22018,1610612764,WAS,Washington Wizards,0021800480,2018-12-22,WAS vs. PHX,W,315,149,56,111,0.505,13,36,0.361,24,27,0.889,17,36,53,40,6,5,22,26,3.0,2018-19
22018,1610612764,WAS,Washington Wizards,0021800461,2018-12-19,WAS @ HOU,L,241,118,45,84,0.536,10,30,0.333,18,23,0.783,4,27,31,28,8,2,11,15,-18.0,2018-19
22018,1610612764,WAS,Washington Wizards,0021800452,2018-12-18,WAS @ ATL,L,239,110,36,83,0.434,13,40,0.325,25,36,0.694,9,28,37,26,14,1,15,32,-8.0,2018-19
22018,1610612764,WAS,Washington Wizards,0021800439,2018-12-16,WAS vs. LAL,W,240,128,54,106,0.509,13,31,0.419,7,10,0.7,15,36,51,30,14,5,17,13,18.0,2018-19
22018,1610612764,WAS,Washington Wizards,0021800422,2018-12-14,WAS @ BKN,L,239,118,49,90,0.544,11,29,0.379,9,16,0.563,4,22,26,30,3,3,9,24,-7.0,2018-19
22018,1610612764,WAS,Washington Wizards,0021800409,2018-12-12,WAS vs. BOS,L,265,125,46,91,0.505,12,33,0.364,21,29,0.724,8,33,41,25,7,4,15,27,-0.6,2018-19
22018,1610612764,WAS,Washington Wizards,0021800391,2018-12-10,WAS @ IND,L,240,101,37,88,0.42,10,30,0.333,17,24,0.708,6,28,34,22,13,3,12,22,-8.0,2018-19
22018,1610612764,WAS,Washington Wizards,0021800381,2018-12-08,WAS @ CLE,L,239,101,38,86,0.442,14,38,0.368,11,16,0.688,8,25,33,26,3,3,8,12,-15.0,2018-19
22018,1610612764,WAS,Washington Wizards,0021800357,2018-12-05,WAS @ ATL,W,240,131,46,95,0.484,12,38,0.316,27,32,0.844,12,37,49,35,9,4,15,24,14.0,2018-19
22018,1610612764,WAS,Washington Wizards,0021800346,2018-12-03,WAS @ NYK,W,240,110,44,92,0.478,13,32,0.406,9,12,0.75,8,30,38,30,7,8,10,24,3.0,2018-19
22018,1610612764,WAS,Washington Wizards,0021800333,2018-12-01,WAS vs. BKN,W,241,102,41,79,0.519,8,26,0.308,12,18,0.667,2,36,38,19,8,3,13,21,10.0,2018-19
22018,1610612764,WAS,Washington Wizards,0021800322,2018-11-30,WAS @ PHI,L,240,98,37,92,0.402,8,28,0.286,16,19,0.842,8,34,42,22,10,4,15,20,-25.0,2018-19
22018,1610612764,WAS,Washington Wizards,0021800312,2018-11-28,WAS @ NOP,L,240,104,41,95,0.432,13,39,0.333,9,16,0.563,12,26,38,26,12,2,16,22,-21.0,2018-19
22018,1610612764,WAS,Washington Wizards,0021800296,2018-11-26,WAS vs. HOU,W,265,135,50,89,0.562,11,29,0.379,24,32,0.75,9,29,38,29,7,7,13,29,0.0,2018-19
22018,1610612764,WAS,Washington Wizards,0021800280,2018-11-24,WAS vs. NOP,W,241,124,51,90,0.567,10,29,0.345,12,23,0.522,5,40,45,30,12,9,14,16,10.0,2018-19
22018,1610612764,WAS,Washington Wizards,0021800271,2018-11-23,WAS @ TOR,L,240,107,40,100,0.4,9,46,0.196,18,19,0.947,14,30,44,28,8,7,12,16,-18.0,2018-19
22018,1610612764,WAS,Washington Wizards,0021800249,2018-11-20,WAS vs. LAC,W,240,125,40,93,0.43,13,39,0.333,32,39,0.821,11,33,44,27,11,8,7,20,7.0,2018-19
22018,1610612764,WAS,Washington Wizards,0021800237,2018-11-18,WAS vs. POR,L,239,109,43,96,0.448,13,32,0.406,10,21,0.476,9,34,43,28,4,9,11,30,-10.0,2018-19
22018,1610612764,WAS,Washington Wizards,0021800219,2018-11-16,WAS vs. BKN,L,239,104,37,87,0.425,3,18,0.167,27,34,0.794,12,35,47,18,5,4,13,23,-11.0,2018-19
22018,1610612764,WAS,Washington Wizards,0021800203,2018-11-14,WAS vs. CLE,W,239,119,44,92,0.478,13,40,0.325,18,26,0.692,12,32,44,30,17,3,18,25,24.0,2018-19
22018,1610612764,WAS,Washington Wizards,0021800190,2018-11-12,WAS vs. ORL,W,239,117,40,79,0.506,13,33,0.394,24,33,0.727,7,34,41,24,8,7,10,17,8.0,2018-19
22018,1610612764,WAS,Washington Wizards,0021800177,2018-11-10,WAS @ MIA,W,240,116,40,83,0.482,8,22,0.364,28,38,0.737,16,32,48,14,8,5,15,25,6.0,2018-19
22018,1610612764,WAS,Washington Wizards,0021800167,2018-11-09,WAS @ ORL,L,239,108,42,82,0.512,11,27,0.407,13,19,0.684,6,29,35,24,8,3,18,18,-9.0,2018-19
22018,1610612764,WAS,Washington Wizards,0021800150,2018-11-06,WAS @ DAL,L,240,100,37,87,0.425,11,35,0.314,15,20,0.75,5,27,32,27,8,6,10,24,-19.0,2018-19
22018,1610612764,WAS,Washington Wizards,0021800135,2018-11-04,WAS vs. NYK,W,238,108,36,83,0.434,6,26,0.231,30,39,0.769,15,32,47,21,12,11,13,18,13.0,2018-19
22018,1610612764,WAS,Washington Wizards,0021800119,2018-11-02,WAS vs. OKC,L,240,111,44,86,0.512,9,30,0.3,14,18,0.778,6,24,30,27,6,4,18,21,-23.0,2018-19
22018,1610612764,WAS,Washington Wizards,0021800102,2018-10-30,WAS @ MEM,L,239,95,32,74,0.432,14,35,0.4,17,20,0.85,5,32,37,24,9,7,20,22,-12.0,2018-19
22018,1610612764,WAS,Washington Wizards,0021800086,2018-10-28,WAS @ LAC,L,241,104,38,97,0.392,5,27,0.185,23,28,0.821,14,31,45,18,7,3,14,16,-32.0,2018-19
22018,1610612764,WAS,Washington Wizards,0021800073,2018-10-26,WAS @ SAC,L,241,112,40,86,0.465,14,42,0.333,18,23,0.783,5,37,42,22,8,7,21,27,-4.0,2018-19
22018,1610612764,WAS,Washington Wizards,0021800062,2018-10-24,WAS @ GSW,L,241,122,42,93,0.452,12,42,0.286,26,28,0.929,7,27,34,22,7,1,12,24,-22.0,2018-19
22018,1610612764,WAS,Washington Wizards,0021800046,2018-10-22,WAS @ POR,W,265,125,46,110,0.418,15,37,0.405,18,26,0.692,12,42,54,23,6,7,10,27,1.0,2018-19
22018,1610612764,WAS,Washington Wizards,0021800027,2018-10-20,WAS vs. TOR,L,239,113,37,89,0.416,13,39,0.333,26,32,0.813,9,28,37,20,11,9,11,27,-4.0,2018-19
22018,1610612764,WAS,Washington Wizards,0021800015,2018-10-18,WAS vs. MIA,L,241,112,38,81,0.469,7,26,0.269,29,39,0.744,7,33,40,19,7,15,14,31,-1.0,2018-19
22019,1610612764,WAS,Washington Wizards,0021901308,2020-08-13,WAS @ BOS,W,240,96,34,88,0.386,10,26,0.385,18,24,0.75,18,38,56,22,11,6,18,19,6.0,2019-20
22019,1610612764,WAS,Washington Wizards,0021901303,2020-08-11,WAS vs. MIL,L,239,113,39,95,0.411,12,35,0.343,23,30,0.767,11,33,44,22,2,3,11,23,-13.0,2019-20
22019,1610612764,WAS,Washington Wizards,0021901285,2020-08-09,WAS @ OKC,L,240,103,38,92,0.413,9,36,0.25,18,22,0.818,13,31,44,23,6,3,15,18,-18.0,2019-20
22019,1610612764,WAS,Washington Wizards,0021901278,2020-08-07,WAS @ NOP,L,240,107,38,90,0.422,10,27,0.37,21,23,0.913,10,30,40,22,9,4,13,27,-11.0,2019-20
22019,1610612764,WAS,Washington Wizards,0021901263,2020-08-05,WAS vs. PHI,L,240,98,36,85,0.424,7,21,0.333,19,24,0.792,9,39,48,17,8,5,15,26,-9.0,2019-20
22019,1610612764,WAS,Washington Wizards,0021901252,2020-08-03,WAS vs. IND,L,240,100,41,94,0.436,11,30,0.367,7,13,0.538,9,36,45,30,6,7,13,19,-11.0,2019-20
22019,1610612764,WAS,Washington Wizards,0021901244,2020-08-02,WAS @ BKN,L,241,110,40,88,0.455,9,31,0.29,21,27,0.778,10,36,46,26,6,6,12,31,-8.0,2019-20
22019,1610612764,WAS,Washington Wizards,0021901235,2020-07-31,WAS vs. PHX,L,242,112,42,91,0.462,8,22,0.364,20,23,0.87,8,28,36,18,7,2,18,26,-13.0,2019-20
22019,1610612764,WAS,Washington Wizards,0021900961,2020-03-10,WAS vs. NYK,W,241,122,35,74,0.473,14,35,0.4,38,45,0.844,9,28,37,23,8,4,16,25,7.0,2019-20
22019,1610612764,WAS,Washington Wizards,0021900951,2020-03-08,WAS vs. MIA,L,240,89,26,78,0.333,19,47,0.404,18,21,0.857,4,25,29,19,11,2,13,26,-11.0,2019-20
22019,1610612764,WAS,Washington Wizards,0021900930,2020-03-06,WAS vs. ATL,W,240,118,36,76,0.474,15,31,0.484,31,35,0.886,9,29,38,24,9,4,16,19,6.0,2019-20
22019,1610612764,WAS,Washington Wizards,0021900925,2020-03-04,WAS @ POR,L,241,104,40,103,0.388,11,35,0.314,13,21,0.619,18,30,48,27,8,4,10,29,-21.0,2019-20
22019,1610612764,WAS,Washington Wizards,0021900916,2020-03-03,WAS @ SAC,L,240,126,41,80,0.513,16,38,0.421,28,34,0.824,2,29,31,28,10,5,14,22,-7.0,2019-20
22019,1610612764,WAS,Washington Wizards,0021900901,2020-03-01,WAS @ GSW,W,240,124,40,82,0.488,20,30,0.667,24,27,0.889,5,29,34,24,10,5,13,20,14.0,2019-20
22019,1610612764,WAS,Washington Wizards,0021900885,2020-02-28,WAS @ UTA,L,242,119,45,98,0.459,14,37,0.378,15,21,0.714,13,28,41,23,12,4,11,20,-10.0,2019-20
22019,1610612764,WAS,Washington Wizards,0021900866,2020-02-26,WAS vs. BKN,W,241,110,41,96,0.427,15,39,0.385,13,16,0.813,9,30,39,22,9,2,11,26,4.0,2019-20
22019,1610612764,WAS,Washington Wizards,0021900851,2020-02-24,WAS vs. MIL,L,265,134,47,98,0.48,15,35,0.429,25,33,0.758,6,35,41,27,8,0,17,27,-3.0,2019-20
22019,1610612764,WAS,Washington Wizards,0021900845,2020-02-23,WAS @ CHI,L,239,117,37,73,0.507,12,30,0.4,31,36,0.861,7,27,34,24,15,3,24,27,-9.0,2019-20
22019,1610612764,WAS,Washington Wizards,0021900827,2020-02-21,WAS vs. CLE,L,240,108,41,106,0.387,9,37,0.243,17,23,0.739,17,30,47,24,12,3,11,26,-5.0,2019-20
22019,1610612764,WAS,Washington Wizards,0021900811,2020-02-12,WAS @ NYK,W,239,114,40,84,0.476,10,28,0.357,24,33,0.727,6,34,40,25,13,7,13,21,18.0,2019-20
22019,1610612764,WAS,Washington Wizards,0021900803,2020-02-11,WAS vs. CHI,W,240,126,48,89,0.539,11,32,0.344,19,24,0.792,9,35,44,28,11,6,17,16,12.0,2019-20
22019,1610612764,WAS,Washington Wizards,0021900789,2020-02-09,WAS vs. MEM,L,240,99,35,100,0.35,7,33,0.212,22,29,0.759,9,41,50,25,7,4,7,22,-7.0,2019-20
22019,1610612764,WAS,Washington Wizards,0021900770,2020-02-07,WAS vs. DAL,W,240,119,45,90,0.5,19,38,0.5,10,13,0.769,8,31,39,28,8,4,13,19,1.0,2019-20
22019,1610612764,WAS,Washington Wizards,0021900744,2020-02-03,WAS vs. GSW,L,239,117,42,83,0.506,9,22,0.409,24,29,0.828,2,33,35,28,6,4,11,24,-8.0,2019-20
22019,1610612764,WAS,Washington Wizards,0021900731,2020-02-01,WAS vs. BKN,W,240,113,44,100,0.44,9,32,0.281,16,26,0.615,18,33,51,21,9,8,9,20,6.0,2019-20
22019,1610612764,WAS,Washington Wizards,0021900715,2020-01-30,WAS vs. CHA,W,241,121,41,86,0.477,14,37,0.378,25,27,0.926,19,38,57,24,3,6,18,22,14.0,2019-20
22019,1610612764,WAS,Washington Wizards,0021900705,2020-01-28,WAS @ MIL,L,241,131,44,94,0.468,14,32,0.438,29,34,0.853,11,24,35,28,6,6,10,27,-20.0,2019-20
22019,1610612764,WAS,Washington Wizards,0021900687,2020-01-26,WAS @ ATL,L,240,133,42,88,0.477,11,33,0.333,38,42,0.905,8,26,34,20,5,7,11,26,-19.0,2019-20
22019,1610612764,WAS,Washington Wizards,0021900666,2020-01-23,WAS @ CLE,W,240,124,47,85,0.553,16,36,0.444,14,18,0.778,7,34,41,28,3,3,10,18,12.0,2019-20
22019,1610612764,WAS,Washington Wizards,0021900658,2020-01-22,WAS @ MIA,L,264,129,50,99,0.505,13,42,0.31,16,20,0.8,7,34,41,30,10,5,11,29,-5.0,2019-20
22019,1610612764,WAS,Washington Wizards,0021900639,2020-01-20,WAS vs. DET,W,238,106,42,82,0.512,9,24,0.375,13,16,0.813,6,38,44,22,9,6,19,23,6.0,2019-20
22019,1610612764,WAS,Washington Wizards,0021900621,2020-01-17,WAS @ TOR,L,239,111,40,89,0.449,15,35,0.429,16,23,0.696,13,30,43,19,9,3,26,16,-29.0,2019-20
22019,1610612764,WAS,Washington Wizards,0021900607,2020-01-15,WAS @ CHI,L,239,106,37,79,0.468,11,27,0.407,21,26,0.808,7,31,38,25,8,6,16,17,-9.0,2019-20
22019,1610612764,WAS,Washington Wizards,0021900585,2020-01-12,WAS vs. UTA,L,240,116,47,93,0.505,7,22,0.318,15,17,0.882,9,28,37,28,5,4,9,18,-11.0,2019-20
22019,1610612764,WAS,Washington Wizards,0021900567,2020-01-10,WAS vs. ATL,W,240,111,42,112,0.375,10,29,0.345,17,28,0.607,19,38,57,26,11,1,9,22,10.0,2019-20
22019,1610612764,WAS,Washington Wizards,0021900557,2020-01-08,WAS @ ORL,L,240,89,36,84,0.429,6,23,0.261,11,19,0.579,10,30,40,24,8,5,23,22,-34.0,2019-20
22019,1610612764,WAS,Washington Wizards,0021900542,2020-01-06,WAS vs. BOS,W,240,99,39,84,0.464,7,21,0.333,14,23,0.609,7,40,47,18,8,9,14,22,5.0,2019-20
22019,1610612764,WAS,Washington Wizards,0021900528,2020-01-04,WAS vs. DEN,W,241,128,50,91,0.549,6,16,0.375,22,27,0.815,14,35,49,20,5,6,11,28,14.0,2019-20
22019,1610612764,WAS,Washington Wizards,0021900519,2020-01-03,WAS vs. POR,L,239,103,38,90,0.422,11,33,0.333,16,25,0.64,14,27,41,19,5,4,12,28,-19.0,2019-20
22019,1610612764,WAS,Washington Wizards,0021900504,2020-01-01,WAS vs. ORL,L,240,101,33,87,0.379,9,31,0.29,26,31,0.839,9,37,46,18,5,4,13,23,-21.0,2019-20
22019,1610612764,WAS,Washington Wizards,0021900492,2019-12-30,WAS vs. MIA,W,240,123,43,84,0.512,17,37,0.459,20,30,0.667,9,31,40,26,13,6,9,27,18.0,2019-20
22019,1610612764,WAS,Washington Wizards,0021900476,2019-12-28,WAS vs. NYK,L,239,100,33,96,0.344,10,25,0.4,24,31,0.774,14,35,49,16,15,3,11,22,-7.0,2019-20
22019,1610612764,WAS,Washington Wizards,0021900460,2019-12-26,WAS @ DET,L,240,102,38,92,0.413,7,24,0.292,19,27,0.704,18,26,44,18,7,5,12,25,-30.0,2019-20
22019,1610612764,WAS,Washington Wizards,0021900447,2019-12-23,WAS @ NYK,W,240,121,47,100,0.47,10,30,0.333,17,30,0.567,16,32,48,27,12,7,8,12,6.0,2019-20
22019,1610612764,WAS,Washington Wizards,0021900433,2019-12-21,WAS @ PHI,L,239,108,36,88,0.409,7,31,0.226,29,34,0.853,7,31,38,18,7,3,11,21,-17.0,2019-20
22019,1610612764,WAS,Washington Wizards,0021900423,2019-12-20,WAS @ TOR,L,241,118,40,87,0.46,14,39,0.359,24,32,0.75,8,31,39,24,6,1,13,28,-4.0,2019-20
22019,1610612764,WAS,Washington Wizards,0021900409,2019-12-18,WAS vs. CHI,L,266,109,34,95,0.358,14,45,0.311,27,32,0.844,14,41,55,21,8,7,14,20,-1.0,2019-20
22019,1610612764,WAS,Washington Wizards,0021900394,2019-12-16,WAS @ DET,W,242,133,49,88,0.557,18,34,0.529,17,21,0.81,7,28,35,31,6,5,15,27,14.0,2019-20
22019,1610612764,WAS,Washington Wizards,0021900383,2019-12-14,WAS @ MEM,L,239,111,36,85,0.424,14,38,0.368,25,32,0.781,11,23,34,22,12,4,18,22,-17.0,2019-20
22019,1610612764,WAS,Washington Wizards,0021900352,2019-12-10,WAS @ CHA,L,240,107,38,90,0.422,11,35,0.314,20,25,0.8,13,32,45,27,7,7,10,24,-7.0,2019-20
22019,1610612764,WAS,Washington Wizards,0021900339,2019-12-08,WAS vs. LAC,L,240,119,40,88,0.455,14,33,0.424,25,30,0.833,8,30,38,28,5,3,13,22,-16.0,2019-20
22019,1610612764,WAS,Washington Wizards,0021900324,2019-12-06,WAS @ MIA,L,241,103,39,91,0.429,12,39,0.308,13,14,0.929,9,30,39,29,6,4,11,20,-9.0,2019-20
22019,1610612764,WAS,Washington Wizards,0021900316,2019-12-05,WAS vs. PHI,W,240,119,41,90,0.456,11,27,0.407,26,32,0.813,13,28,41,25,9,1,11,20,6.0,2019-20
22019,1610612764,WAS,Washington Wizards,0021900300,2019-12-03,WAS vs. ORL,L,240,120,45,89,0.506,12,35,0.343,18,23,0.783,5,33,38,22,9,3,10,23,-7.0,2019-20
22019,1610612764,WAS,Washington Wizards,0021900292,2019-12-01,WAS @ LAC,L,240,125,47,102,0.461,11,30,0.367,20,27,0.741,12,31,43,32,10,1,14,29,-25.0,2019-20
22019,1610612764,WAS,Washington Wizards,0021900279,2019-11-29,WAS @ LAL,L,239,103,38,96,0.396,10,37,0.27,17,19,0.895,13,32,45,25,10,2,17,23,-22.0,2019-20
22019,1610612764,WAS,Washington Wizards,0021900263,2019-11-27,WAS @ PHX,W,239,140,51,89,0.573,19,35,0.543,19,20,0.95,4,30,34,32,9,5,14,20,8.0,2019-20
22019,1610612764,WAS,Washington Wizards,0021900252,2019-11-26,WAS @ DEN,L,241,104,40,95,0.421,10,40,0.25,14,21,0.667,5,31,36,26,9,3,12,22,-13.0,2019-20
22019,1610612764,WAS,Washington Wizards,0021900237,2019-11-24,WAS vs. SAC,L,240,106,42,92,0.457,13,34,0.382,9,12,0.75,12,33,45,29,5,2,16,23,-7.0,2019-20
22019,1610612764,WAS,Washington Wizards,0021900216,2019-11-22,WAS vs. CHA,W,239,125,48,91,0.527,14,34,0.412,15,20,0.75,6,35,41,34,10,3,11,13,7.0,2019-20
22019,1610612764,WAS,Washington Wizards,0021900203,2019-11-20,WAS vs. SAS,W,239,138,54,92,0.587,18,30,0.6,12,15,0.8,6,32,38,37,4,3,17,20,6.0,2019-20
22019,1610612764,WAS,Washington Wizards,0021900185,2019-11-17,WAS @ ORL,L,241,121,46,97,0.474,19,41,0.463,10,12,0.833,9,29,38,31,7,2,9,21,-4.0,2019-20
22019,1610612764,WAS,Washington Wizards,0021900171,2019-11-15,WAS @ MIN,W,241,137,54,100,0.54,10,28,0.357,19,25,0.76,13,38,51,38,10,5,13,22,21.0,2019-20
22019,1610612764,WAS,Washington Wizards,0021900156,2019-11-13,WAS @ BOS,L,239,133,50,96,0.521,11,29,0.379,22,27,0.815,9,27,36,28,5,4,8,23,-7.0,2019-20
22019,1610612764,WAS,Washington Wizards,0021900118,2019-11-08,WAS vs. CLE,L,239,100,45,96,0.469,7,31,0.226,3,6,0.5,17,30,47,26,5,5,18,24,-13.0,2019-20
22019,1610612764,WAS,Washington Wizards,0021900104,2019-11-06,WAS @ IND,L,240,106,37,95,0.389,13,40,0.325,19,19,1.0,16,32,48,24,3,3,16,26,-15.0,2019-20
22019,1610612764,WAS,Washington Wizards,0021900091,2019-11-04,WAS vs. DET,W,240,115,43,93,0.462,8,29,0.276,21,25,0.84,13,28,41,27,9,7,11,23,16.0,2019-20
22019,1610612764,WAS,Washington Wizards,0021900080,2019-11-02,WAS vs. MIN,L,239,109,37,95,0.389,12,35,0.343,23,27,0.852,8,31,39,21,11,4,17,18,-22.0,2019-20
22019,1610612764,WAS,Washington Wizards,0021900061,2019-10-30,WAS vs. HOU,L,241,158,57,91,0.626,20,36,0.556,24,29,0.828,11,29,40,31,6,4,19,27,-1.0,2019-20
22019,1610612764,WAS,Washington Wizards,0021900033,2019-10-26,WAS @ SAS,L,239,122,47,95,0.495,16,34,0.471,12,17,0.706,8,33,41,30,3,8,12,15,-2.0,2019-20
22019,1610612764,WAS,Washington Wizards,0021900022,2019-10-25,WAS @ OKC,W,240,97,39,97,0.402,11,41,0.268,8,10,0.8,8,39,47,21,9,6,15,21,12.0,2019-20
22019,1610612764,WAS,Washington Wizards,0021900009,2019-10-23,WAS @ DAL,L,241,100,37,93,0.398,11,41,0.268,15,18,0.833,11,36,47,26,6,3,17,32,-8.0,2019-20
22020,1610612764,WAS,Washington Wizards,0022001080,2021-05-16,WAS vs. CHA,W,241,115,44,91,0.484,10,31,0.323,17,21,0.81,10,43,53,22,4,3,14,20,5.0,2020-21
22020,1610612764,WAS,Washington Wizards,0022000204,2021-05-14,WAS vs. CLE,W,240,120,41,89,0.461,7,25,0.28,31,37,0.838,12,35,47,23,9,6,10,19,15.0,2020-21
22020,1610612764,WAS,Washington Wizards,0022001042,2021-05-12,WAS @ ATL,L,240,116,45,101,0.446,10,29,0.345,16,19,0.842,9,33,42,29,10,1,7,20,-4.0,2020-21
22020,1610612764,WAS,Washington Wizards,0022001026,2021-05-10,WAS @ ATL,L,240,124,51,100,0.51,13,26,0.5,9,11,0.818,8,34,42,28,8,8,9,21,-1.0,2020-21
22020,1610612764,WAS,Washington Wizards,0022001012,2021-05-08,WAS @ IND,W,265,133,49,110,0.445,9,32,0.281,26,30,0.867,15,45,60,26,7,9,15,24,1.0,2020-21
22020,1610612764,WAS,Washington Wizards,0022000997,2021-05-06,WAS @ TOR,W,266,131,41,94,0.436,13,30,0.433,36,43,0.837,11,36,47,29,4,6,13,22,2.0,2020-21
22020,1610612764,WAS,Washington Wizards,0022000235,2021-05-05,WAS @ MIL,L,239,134,47,96,0.49,8,22,0.364,32,43,0.744,11,32,43,27,6,6,7,23,-1.0,2020-21
22020,1610612764,WAS,Washington Wizards,0022000976,2021-05-03,WAS vs. IND,W,240,154,63,103,0.612,9,22,0.409,19,24,0.792,9,35,44,50,10,7,16,19,13.0,2020-21
22020,1610612764,WAS,Washington Wizards,0022000964,2021-05-01,WAS @ DAL,L,241,124,47,91,0.516,6,19,0.316,24,31,0.774,14,32,46,19,5,3,10,23,-1.0,2020-21
22020,1610612764,WAS,Washington Wizards,0022000951,2021-04-30,WAS @ CLE,W,238,122,46,92,0.5,8,18,0.444,22,26,0.846,11,35,46,31,14,3,12,19,29.0,2020-21
22020,1610612764,WAS,Washington Wizards,0022000935,2021-04-28,WAS vs. LAL,W,241,116,47,90,0.522,6,18,0.333,16,21,0.762,10,40,50,24,6,4,13,20,9.0,2020-21
22020,1610612764,WAS,Washington Wizards,0022000919,2021-04-26,WAS vs. SAS,L,265,143,58,109,0.532,6,20,0.3,21,25,0.84,18,32,50,26,4,8,8,23,-3.0,2020-21
22020,1610612764,WAS,Washington Wizards,0022000197,2021-04-25,WAS vs. CLE,W,240,119,43,89,0.483,12,31,0.387,21,26,0.808,10,26,36,25,11,6,10,21,9.0,2020-21
22020,1610612764,WAS,Washington Wizards,0022000902,2021-04-23,WAS @ OKC,W,238,129,48,93,0.516,18,32,0.563,15,16,0.938,12,38,50,25,7,7,20,23,20.0,2020-21
22020,1610612764,WAS,Washington Wizards,0022000885,2021-04-21,WAS vs. GSW,W,240,118,38,91,0.418,10,28,0.357,32,38,0.842,15,46,61,23,12,7,22,16,4.0,2020-21
22020,1610612764,WAS,Washington Wizards,0022000872,2021-04-19,WAS vs. OKC,W,240,119,46,91,0.505,10,31,0.323,17,29,0.586,8,34,42,31,8,2,12,19,12.0,2020-21
22020,1610612764,WAS,Washington Wizards,0022000856,2021-04-17,WAS vs. DET,W,240,121,50,94,0.532,9,16,0.563,12,19,0.632,10,38,48,25,11,6,12,24,21.0,2020-21
22020,1610612764,WAS,Washington Wizards,0022000847,2021-04-16,WAS vs. NOP,W,265,117,45,96,0.469,4,27,0.148,23,32,0.719,3,43,46,24,5,7,13,24,2.0,2020-21
22020,1610612764,WAS,Washington Wizards,0022000839,2021-04-14,WAS @ SAC,W,241,123,47,90,0.522,7,24,0.292,22,27,0.815,14,42,56,23,12,3,24,18,12.0,2020-21
22020,1610612764,WAS,Washington Wizards,0022000820,2021-04-12,WAS @ UTA,W,241,125,47,90,0.522,9,19,0.474,22,28,0.786,8,36,44,29,7,4,7,27,4.0,2020-21
22020,1610612764,WAS,Washington Wizards,0022000803,2021-04-10,WAS @ PHX,L,239,106,39,84,0.464,9,25,0.36,19,28,0.679,7,42,49,27,2,1,16,12,-28.0,2020-21
22020,1610612764,WAS,Washington Wizards,0022000798,2021-04-09,WAS @ GSW,W,239,110,43,89,0.483,5,19,0.263,19,24,0.792,11,36,47,30,6,1,18,16,3.0,2020-21
22020,1610612764,WAS,Washington Wizards,0022000777,2021-04-07,WAS @ ORL,W,242,131,49,85,0.576,19,36,0.528,14,16,0.875,5,32,37,35,7,3,13,18,15.0,2020-21
22020,1610612764,WAS,Washington Wizards,0022000763,2021-04-05,WAS @ TOR,L,241,101,37,94,0.394,12,35,0.343,15,18,0.833,15,39,54,21,7,5,16,18,-2.0,2020-21
22020,1610612764,WAS,Washington Wizards,0022000747,2021-04-03,WAS vs. DAL,L,241,87,35,86,0.407,5,25,0.2,12,15,0.8,9,35,44,12,4,3,14,21,-22.0,2020-21
22020,1610612764,WAS,Washington Wizards,0022000179,2021-04-01,WAS @ DET,L,240,91,40,85,0.471,5,19,0.263,6,19,0.316,4,36,40,25,6,6,14,21,-29.0,2020-21
22020,1610612764,WAS,Washington Wizards,0022000718,2021-03-30,WAS vs. CHA,L,241,104,41,100,0.41,10,37,0.27,12,15,0.8,15,36,51,22,5,1,13,19,-10.0,2020-21
22020,1610612764,WAS,Washington Wizards,0022000707,2021-03-29,WAS vs. IND,W,240,132,55,99,0.556,10,19,0.526,12,18,0.667,12,43,55,30,5,8,18,24,8.0,2020-21
22020,1610612764,WAS,Washington Wizards,0022000694,2021-03-27,WAS vs. DET,W,241,106,44,91,0.484,9,21,0.429,9,9,1.0,7,41,48,24,7,5,18,22,14.0,2020-21
22020,1610612764,WAS,Washington Wizards,0022000679,2021-03-25,WAS @ NYK,L,238,102,37,80,0.463,8,26,0.308,20,33,0.606,8,38,46,26,8,9,17,32,-4.0,2020-21
22020,1610612764,WAS,Washington Wizards,0022000662,2021-03-23,WAS @ NYK,L,240,113,38,79,0.481,9,23,0.391,28,35,0.8,7,31,38,25,5,5,16,23,-18.0,2020-21
22020,1610612764,WAS,Washington Wizards,0022000647,2021-03-21,WAS @ BKN,L,239,106,42,79,0.532,7,21,0.333,15,19,0.789,10,33,43,24,5,4,19,22,-7.0,2020-21
22020,1610612764,WAS,Washington Wizards,0022000166,2021-03-18,WAS vs. UTA,W,240,131,47,86,0.547,7,17,0.412,30,38,0.789,7,36,43,23,6,2,13,27,9.0,2020-21
22020,1610612764,WAS,Washington Wizards,0022000619,2021-03-17,WAS vs. SAC,L,242,119,46,94,0.489,4,25,0.16,23,28,0.821,10,42,52,25,5,2,15,25,-2.0,2020-21
22020,1610612764,WAS,Washington Wizards,0022000603,2021-03-15,WAS vs. MIL,L,241,122,44,87,0.506,16,38,0.421,18,24,0.75,2,31,33,34,5,1,14,18,-11.0,2020-21
22020,1610612764,WAS,Washington Wizards,0022000589,2021-03-13,WAS vs. MIL,L,240,119,43,94,0.457,16,41,0.39,17,22,0.773,6,35,41,25,9,2,15,20,-6.0,2020-21
22020,1610612764,WAS,Washington Wizards,0022000579,2021-03-12,WAS vs. PHI,L,239,101,40,82,0.488,8,24,0.333,13,22,0.591,6,26,32,19,10,2,18,16,-26.0,2020-21
22020,1610612764,WAS,Washington Wizards,0022000566,2021-03-10,WAS @ MEM,L,239,112,38,95,0.4,11,36,0.306,25,27,0.926,6,33,39,23,9,6,9,26,-15.0,2020-21
22020,1610612764,WAS,Washington Wizards,0022000554,2021-03-04,WAS vs. LAC,W,240,119,40,88,0.455,9,23,0.391,30,42,0.714,11,30,41,20,12,3,9,24,2.0,2020-21
22020,1610612764,WAS,Washington Wizards,0022000536,2021-03-02,WAS vs. MEM,L,239,111,41,81,0.506,11,31,0.355,18,25,0.72,4,33,37,29,8,3,22,20,-14.0,2020-21
22020,1610612764,WAS,Washington Wizards,0022000524,2021-02-28,WAS @ BOS,L,240,110,38,84,0.452,9,32,0.281,25,29,0.862,7,29,36,16,10,5,14,22,-1.0,2020-21
22020,1610612764,WAS,Washington Wizards,0022000517,2021-02-27,WAS vs. MIN,W,239,128,44,98,0.449,13,33,0.394,27,34,0.794,15,42,57,27,6,6,16,24,16.0,2020-21
22020,1610612764,WAS,Washington Wizards,0022000502,2021-02-25,WAS @ DEN,W,239,112,41,86,0.477,8,26,0.308,22,25,0.88,10,32,42,24,9,2,11,20,2.0,2020-21
22020,1610612764,WAS,Washington Wizards,0022000488,2021-02-23,WAS @ LAC,L,238,116,47,88,0.534,11,20,0.55,11,16,0.688,6,30,36,32,5,1,13,16,-19.0,2020-21
22020,1610612764,WAS,Washington Wizards,0022000479,2021-02-22,WAS @ LAL,W,264,127,47,96,0.49,9,25,0.36,24,33,0.727,5,44,49,25,9,4,16,25,3.0,2020-21
22020,1610612764,WAS,Washington Wizards,0022000464,2021-02-20,WAS @ POR,W,239,118,45,89,0.506,6,26,0.231,22,29,0.759,12,42,54,23,8,3,17,19,7.0,2020-21
22020,1610612764,WAS,Washington Wizards,0022000437,2021-02-17,WAS vs. DEN,W,241,130,44,86,0.512,15,33,0.455,27,34,0.794,9,36,45,31,7,3,13,20,2.0,2020-21
22020,1610612764,WAS,Washington Wizards,0022000421,2021-02-15,WAS vs. HOU,W,240,131,48,92,0.522,12,30,0.4,23,31,0.742,10,37,47,25,14,2,15,24,12.0,2020-21
22020,1610612764,WAS,Washington Wizards,0022000560,2021-02-14,WAS vs. BOS,W,239,104,33,83,0.398,7,30,0.233,31,36,0.861,9,45,54,24,9,3,16,25,13.0,2020-21
22020,1610612764,WAS,Washington Wizards,0022000396,2021-02-12,WAS vs. NYK,L,241,91,34,89,0.382,9,34,0.265,14,20,0.7,9,37,46,20,5,5,14,18,-18.0,2020-21
22020,1610612764,WAS,Washington Wizards,0022000382,2021-02-10,WAS vs. TOR,L,237,115,42,93,0.452,12,41,0.293,19,23,0.826,12,34,46,26,7,3,14,20,-22.0,2020-21
22020,1610612764,WAS,Washington Wizards,0022000368,2021-02-08,WAS @ CHI,W,239,105,36,86,0.419,6,26,0.231,27,36,0.75,10,37,47,23,8,4,13,21,4.0,2020-21
22020,1610612764,WAS,Washington Wizards,0022000215,2021-02-07,WAS @ CHA,L,239,97,34,90,0.378,9,40,0.225,20,28,0.714,12,36,48,22,6,5,14,18,-22.0,2020-21
22020,1610612764,WAS,Washington Wizards,0022000347,2021-02-05,WAS @ MIA,L,240,95,33,89,0.371,8,33,0.242,21,24,0.875,12,28,40,19,7,9,17,20,-27.0,2020-21
22020,1610612764,WAS,Washington Wizards,0022000331,2021-02-03,WAS @ MIA,W,239,103,35,84,0.417,15,37,0.405,18,25,0.72,14,35,49,20,6,5,17,17,3.0,2020-21
22020,1610612764,WAS,Washington Wizards,0022000559,2021-02-02,WAS vs. POR,L,239,121,46,83,0.554,16,40,0.4,13,17,0.765,6,33,39,32,2,5,13,21,-11.0,2020-21
22020,1610612764,WAS,Washington Wizards,0022000310,2021-01-31,WAS vs. BKN,W,241,149,56,108,0.519,12,39,0.308,25,32,0.781,11,28,39,24,10,2,7,22,3.0,2020-21
22020,1610612764,WAS,Washington Wizards,0022000290,2021-01-29,WAS vs. ATL,L,240,100,31,85,0.365,7,28,0.25,31,38,0.816,13,34,47,13,6,4,12,27,-16.0,2020-21
22020,1610612764,WAS,Washington Wizards,0022000279,2021-01-27,WAS @ NOP,L,239,106,37,92,0.402,13,38,0.342,19,21,0.905,11,28,39,29,11,2,11,20,-18.0,2020-21
22020,1610612764,WAS,Washington Wizards,0022000269,2021-01-26,WAS @ HOU,L,239,88,33,85,0.388,5,26,0.192,17,23,0.739,12,38,50,19,7,3,20,22,-19.0,2020-21
22020,1610612764,WAS,Washington Wizards,0022000253,2021-01-24,WAS @ SAS,L,240,101,39,92,0.424,14,42,0.333,9,14,0.643,12,38,50,23,5,5,14,14,-20.0,2020-21
22020,1610612764,WAS,Washington Wizards,0022000152,2021-01-11,WAS vs. PHX,W,239,128,48,92,0.522,15,34,0.441,17,28,0.607,14,39,53,29,3,3,7,23,21.0,2020-21
22020,1610612764,WAS,Washington Wizards,0022000136,2021-01-09,WAS vs. MIA,L,240,124,44,99,0.444,15,40,0.375,21,28,0.75,7,32,39,25,9,2,6,24,-4.0,2020-21
22020,1610612764,WAS,Washington Wizards,0022000124,2021-01-08,WAS @ BOS,L,239,107,41,88,0.466,11,29,0.379,14,16,0.875,7,31,38,22,9,4,17,24,-9.0,2020-21
22020,1610612764,WAS,Washington Wizards,0022000109,2021-01-06,WAS @ PHI,L,240,136,47,94,0.5,16,37,0.432,26,35,0.743,9,26,35,27,9,2,13,27,-5.0,2020-21
22020,1610612764,WAS,Washington Wizards,0022000086,2021-01-03,WAS @ BKN,W,239,123,43,104,0.413,12,33,0.364,25,34,0.735,13,36,49,27,9,3,7,22,1.0,2020-21
22020,1610612764,WAS,Washington Wizards,0022000074,2021-01-01,WAS @ MIN,W,240,130,49,89,0.551,16,33,0.485,16,21,0.762,8,35,43,35,9,3,16,19,21.0,2020-21
22020,1610612764,WAS,Washington Wizards,0022000063,2020-12-31,WAS vs. CHI,L,239,130,42,84,0.5,14,29,0.483,32,41,0.78,9,28,37,27,8,4,14,27,-3.0,2020-21
22020,1610612764,WAS,Washington Wizards,0022000050,2020-12-29,WAS vs. CHI,L,240,107,37,84,0.44,10,37,0.27,23,26,0.885,8,39,47,25,6,6,19,28,-8.0,2020-21
22020,1610612764,WAS,Washington Wizards,0022000033,2020-12-27,WAS vs. ORL,L,239,113,47,97,0.485,8,32,0.25,11,13,0.846,13,34,47,27,6,4,13,26,-7.0,2020-21
22020,1610612764,WAS,Washington Wizards,0022000024,2020-12-26,WAS vs. ORL,L,240,120,46,95,0.484,13,37,0.351,15,28,0.536,7,36,43,28,5,3,14,25,-10.0,2020-21
22020,1610612764,WAS,Washington Wizards,0022000013,2020-12-23,WAS @ PHI,L,241,107,39,85,0.459,13,27,0.481,16,23,0.696,5,35,40,28,7,4,19,26,-6.0,2020-21
42020,1610612764,WAS,Washington Wizards,0042000105,2021-06-02,WAS @ PHI,L,243,112,39,79,0.494,8,20,0.4,26,33,0.788,7,31,38,22,4,3,15,30,-17.0,2020-21
42020,1610612764,WAS,Washington Wizards,0042000104,2021-05-31,WAS vs. PHI,W,240,122,40,88,0.455,9,24,0.375,33,42,0.786,13,44,57,24,8,12,13,27,0.6,2020-21
42020,1610612764,WAS,Washington Wizards,0042000103,2021-05-29,WAS vs. PHI,L,239,103,38,96,0.396,8,35,0.229,19,25,0.76,13,28,41,18,5,3,8,18,-29.0,2020-21
42020,1610612764,WAS,Washington Wizards,0042000102,2021-05-26,WAS @ PHI,L,239,95,37,92,0.402,2,22,0.091,19,30,0.633,13,27,40,22,3,2,13,21,-25.0,2020-21
42020,1610612764,WAS,Washington Wizards,0042000101,2021-05-23,WAS @ PHI,L,241,118,49,88,0.557,8,20,0.4,12,15,0.8,7,34,41,26,4,4,15,24,-7.0,2020-21
52020,1610612764,WAS,Washington Wizards,0052000201,2021-05-20,WAS vs. IND,W,238,142,54,93,0.581,14,28,0.5,20,26,0.769,7,45,52,34,7,9,15,20,27.0,2020-21
52020,1610612764,WAS,Washington Wizards,0052000101,2021-05-18,WAS @ BOS,L,241,100,40,92,0.435,3,21,0.143,17,20,0.85,13,36,49,17,5,9,15,31,-18.0,2020-21
22021,1610612764,WAS,Washington Wizards,0022101217,2022-04-10,WAS @ CHA,L,239,108,42,94,0.447,8,23,0.348,16,26,0.615,17,26,43,25,12,3,10,16,-16.0,2021-22
22021,1610612764,WAS,Washington Wizards,0022101204,2022-04-08,WAS vs. NYK,L,241,92,35,69,0.507,9,28,0.321,13,17,0.765,2,35,37,21,5,5,22,19,-22.0,2021-22
22021,1610612764,WAS,Washington Wizards,0022101192,2022-04-06,WAS @ ATL,L,239,103,42,86,0.488,10,35,0.286,9,11,0.818,6,38,44,26,4,4,14,17,-15.0,2021-22
22021,1610612764,WAS,Washington Wizards,0022101184,2022-04-05,WAS @ MIN,W,239,132,56,101,0.554,13,30,0.433,7,14,0.5,9,43,52,38,4,4,10,25,18.0,2021-22
22021,1610612764,WAS,Washington Wizards,0022101166,2022-04-03,WAS @ BOS,L,239,102,38,82,0.463,8,21,0.381,18,20,0.9,7,25,32,21,4,2,12,14,-42.0,2021-22
22021,1610612764,WAS,Washington Wizards,0022101152,2022-04-01,WAS vs. DAL,W,240,135,49,90,0.544,17,33,0.515,20,22,0.909,8,37,45,33,7,4,9,19,32.0,2021-22
22021,1610612764,WAS,Washington Wizards,0022101138,2022-03-30,WAS vs. ORL,W,240,127,47,92,0.511,13,36,0.361,20,26,0.769,12,39,51,35,5,8,11,15,17.0,2021-22
22021,1610612764,WAS,Washington Wizards,0022101132,2022-03-29,WAS vs. CHI,L,240,94,38,79,0.481,6,26,0.231,12,17,0.706,7,30,37,25,6,7,14,17,-13.0,2021-22
22021,1610612764,WAS,Washington Wizards,0022101117,2022-03-27,WAS vs. GSW,W,240,123,44,84,0.524,16,28,0.571,19,22,0.864,5,37,42,33,5,8,12,24,8.0,2021-22
22021,1610612764,WAS,Washington Wizards,0022101101,2022-03-25,WAS @ DET,W,240,100,36,83,0.434,9,30,0.3,19,21,0.905,5,40,45,23,6,7,17,15,3.0,2021-22
22021,1610612764,WAS,Washington Wizards,0022101097,2022-03-24,WAS @ MIL,L,242,102,43,92,0.467,11,38,0.289,5,9,0.556,12,29,41,25,9,1,11,17,-12.0,2021-22
22021,1610612764,WAS,Washington Wizards,0022101077,2022-03-21,WAS @ HOU,L,240,97,35,85,0.412,6,29,0.207,21,24,0.875,10,37,47,24,7,6,11,15,-18.0,2021-22
22021,1610612764,WAS,Washington Wizards,0022101061,2022-03-19,WAS vs. LAL,W,241,127,44,85,0.518,13,31,0.419,26,31,0.839,7,29,36,30,10,1,7,13,8.0,2021-22
22021,1610612764,WAS,Washington Wizards,0022101050,2022-03-18,WAS @ NYK,L,241,97,34,79,0.43,13,34,0.382,16,21,0.762,3,35,38,19,2,6,13,27,-3.0,2021-22
22021,1610612764,WAS,Washington Wizards,0022101035,2022-03-16,WAS vs. DEN,L,241,109,41,87,0.471,5,23,0.217,22,31,0.71,13,35,48,26,7,8,10,18,-18.0,2021-22
22021,1610612764,WAS,Washington Wizards,0022101025,2022-03-14,WAS @ GSW,L,240,112,42,82,0.512,10,26,0.385,18,23,0.783,5,30,35,28,7,1,12,18,-14.0,2021-22
22021,1610612764,WAS,Washington Wizards,0022101011,2022-03-12,WAS @ POR,L,240,118,39,83,0.47,14,34,0.412,26,27,0.963,9,26,35,26,7,8,14,16,-9.0,2021-22
22021,1610612764,WAS,Washington Wizards,0022101004,2022-03-11,WAS @ LAL,L,241,109,39,85,0.459,9,27,0.333,22,33,0.667,14,33,47,21,6,6,10,18,-13.0,2021-22
22021,1610612764,WAS,Washington Wizards,0022100992,2022-03-09,WAS @ LAC,L,241,109,41,87,0.471,10,27,0.37,17,20,0.85,9,32,41,26,10,3,12,13,-6.0,2021-22
22021,1610612764,WAS,Washington Wizards,0022100963,2022-03-06,WAS vs. IND,W,240,133,45,86,0.523,17,42,0.405,26,32,0.813,5,31,36,33,6,4,5,16,10.0,2021-22
22021,1610612764,WAS,Washington Wizards,0022100948,2022-03-04,WAS vs. ATL,L,240,114,46,85,0.541,14,29,0.483,8,9,0.889,7,34,41,37,2,7,14,29,-3.0,2021-22
22021,1610612764,WAS,Washington Wizards,0022100926,2022-03-01,WAS vs. DET,W,240,116,41,82,0.5,13,26,0.5,21,26,0.808,12,30,42,29,6,8,15,22,3.0,2021-22
22021,1610612764,WAS,Washington Wizards,0022100907,2022-02-26,WAS @ CLE,L,240,86,35,81,0.432,11,23,0.478,5,6,0.833,7,35,42,19,8,7,18,24,-6.0,2021-22
22021,1610612764,WAS,Washington Wizards,0022100899,2022-02-25,WAS vs. SAS,L,291,153,59,108,0.546,16,38,0.421,19,24,0.792,11,28,39,36,10,5,15,29,-4.0,2021-22
22021,1610612764,WAS,Washington Wizards,0022100464,2022-02-17,WAS @ BKN,W,240,117,46,83,0.554,12,24,0.5,13,16,0.813,8,30,38,26,10,7,15,21,14.0,2021-22
22021,1610612764,WAS,Washington Wizards,0022100876,2022-02-16,WAS @ IND,L,240,108,39,91,0.429,17,37,0.459,13,16,0.813,12,32,44,25,7,3,12,20,-5.0,2021-22
22021,1610612764,WAS,Washington Wizards,0022100858,2022-02-14,WAS vs. DET,W,241,103,40,85,0.471,9,29,0.31,14,18,0.778,10,35,45,21,8,3,15,16,9.0,2021-22
22021,1610612764,WAS,Washington Wizards,0022100847,2022-02-12,WAS vs. SAC,L,240,110,41,88,0.466,13,38,0.342,15,21,0.714,10,22,32,26,11,3,9,19,-13.0,2021-22
22021,1610612764,WAS,Washington Wizards,0022100832,2022-02-10,WAS vs. BKN,W,241,113,43,85,0.506,11,31,0.355,16,18,0.889,10,31,41,29,7,5,11,23,1.0,2021-22
22021,1610612764,WAS,Washington Wizards,0022100811,2022-02-07,WAS vs. MIA,L,241,100,36,80,0.45,7,31,0.226,21,23,0.913,7,26,33,25,10,0,16,18,-21.0,2021-22
22021,1610612764,WAS,Washington Wizards,0022100798,2022-02-05,WAS vs. PHX,L,238,80,30,85,0.353,5,24,0.208,15,19,0.789,8,34,42,14,8,4,9,17,-15.0,2021-22
22021,1610612764,WAS,Washington Wizards,0022100774,2022-02-02,WAS @ PHI,W,240,106,41,90,0.456,9,22,0.409,15,19,0.789,15,37,52,25,1,5,8,14,3.0,2021-22
22021,1610612764,WAS,Washington Wizards,0022100768,2022-02-01,WAS @ MIL,L,239,98,36,82,0.439,12,35,0.343,14,20,0.7,7,33,40,22,4,5,12,16,-14.0,2021-22
22021,1610612764,WAS,Washington Wizards,0022100749,2022-01-29,WAS @ MEM,L,239,95,35,84,0.417,10,29,0.345,15,21,0.714,7,30,37,27,6,5,12,12,-20.0,2021-22
22021,1610612764,WAS,Washington Wizards,0022100716,2022-01-25,WAS vs. LAC,L,239,115,37,80,0.463,9,27,0.333,32,40,0.8,10,42,52,25,4,7,18,24,-1.0,2021-22
22021,1610612764,WAS,Washington Wizards,0022100699,2022-01-23,WAS vs. BOS,L,238,87,33,93,0.355,8,34,0.235,13,16,0.813,9,35,44,20,8,6,6,14,-29.0,2021-22
22021,1610612764,WAS,Washington Wizards,0022100689,2022-01-21,WAS vs. TOR,L,241,105,43,85,0.506,11,33,0.333,8,10,0.8,11,34,45,29,3,3,17,16,-4.0,2021-22
22021,1610612764,WAS,Washington Wizards,0022100669,2022-01-19,WAS vs. BKN,L,240,118,41,86,0.477,10,29,0.345,26,32,0.813,13,27,40,23,6,8,12,19,-1.0,2021-22
22021,1610612764,WAS,Washington Wizards,0022100656,2022-01-17,WAS vs. PHI,W,241,117,42,87,0.483,9,30,0.3,24,32,0.75,9,40,49,25,7,6,12,18,19.0,2021-22
22021,1610612764,WAS,Washington Wizards,0022100642,2022-01-15,WAS vs. POR,L,240,110,39,90,0.433,12,37,0.324,20,23,0.87,10,33,43,20,4,3,20,26,-5.0,2021-22
22021,1610612764,WAS,Washington Wizards,0022100620,2022-01-12,WAS vs. ORL,W,241,112,43,82,0.524,10,31,0.323,16,21,0.762,6,36,42,26,6,4,10,14,6.0,2021-22
22021,1610612764,WAS,Washington Wizards,0022100612,2022-01-11,WAS vs. OKC,W,240,122,47,87,0.54,11,33,0.333,17,23,0.739,7,35,42,29,3,7,8,15,4.0,2021-22
22021,1610612764,WAS,Washington Wizards,0022100598,2022-01-09,WAS @ ORL,W,240,102,36,88,0.409,11,29,0.379,19,24,0.792,12,42,54,23,1,6,12,21,2.0,2021-22
22021,1610612764,WAS,Washington Wizards,0022100585,2022-01-07,WAS @ CHI,L,239,122,45,88,0.511,7,24,0.292,25,26,0.962,10,31,41,28,8,5,15,15,-8.0,2021-22
22021,1610612764,WAS,Washington Wizards,0022100569,2022-01-05,WAS vs. HOU,L,241,111,40,91,0.44,10,39,0.256,21,26,0.808,9,32,41,18,9,6,15,27,-3.0,2021-22
22021,1610612764,WAS,Washington Wizards,0022100553,2022-01-03,WAS vs. CHA,W,241,124,40,87,0.46,16,38,0.421,28,31,0.903,10,41,51,26,5,4,15,12,3.0,2021-22
22021,1610612764,WAS,Washington Wizards,0022100541,2022-01-01,WAS vs. CHI,L,241,119,46,87,0.529,6,27,0.222,21,26,0.808,6,37,43,26,9,3,11,22,-1.0,2021-22
22021,1610612764,WAS,Washington Wizards,0022100527,2021-12-30,WAS vs. CLE,W,239,110,45,90,0.5,9,29,0.31,11,17,0.647,10,37,47,27,7,8,7,19,17.0,2021-22
22021,1610612764,WAS,Washington Wizards,0022100509,2021-12-28,WAS @ MIA,L,239,112,42,85,0.494,17,42,0.405,11,14,0.786,13,34,47,27,5,3,18,20,-7.0,2021-22
22021,1610612764,WAS,Washington Wizards,0022100495,2021-12-26,WAS vs. PHI,L,241,96,35,90,0.389,8,33,0.242,18,28,0.643,14,29,43,22,6,1,8,18,-21.0,2021-22
22021,1610612764,WAS,Washington Wizards,0022100480,2021-12-23,WAS @ NYK,W,241,124,42,75,0.56,16,37,0.432,24,32,0.75,5,33,38,30,4,6,11,18,7.0,2021-22
22021,1610612764,WAS,Washington Wizards,0022100447,2021-12-18,WAS @ UTA,W,239,109,42,94,0.447,9,31,0.29,16,20,0.8,11,36,47,27,7,4,9,23,6.0,2021-22
22021,1610612764,WAS,Washington Wizards,0022100432,2021-12-16,WAS @ PHX,L,240,98,40,82,0.488,6,21,0.286,12,19,0.632,6,26,32,22,11,3,16,21,-20.0,2021-22
22021,1610612764,WAS,Washington Wizards,0022100427,2021-12-15,WAS @ SAC,L,238,105,42,89,0.472,5,24,0.208,16,21,0.762,7,32,39,20,8,3,10,22,-14.0,2021-22
22021,1610612764,WAS,Washington Wizards,0022100411,2021-12-13,WAS @ DEN,L,240,107,41,90,0.456,12,34,0.353,13,21,0.619,6,35,41,25,7,5,10,26,-6.0,2021-22
22021,1610612764,WAS,Washington Wizards,0022100392,2021-12-11,WAS vs. UTA,L,241,98,41,89,0.461,8,25,0.32,8,14,0.571,9,30,39,17,3,3,12,15,-25.0,2021-22
22021,1610612764,WAS,Washington Wizards,0022100368,2021-12-08,WAS @ DET,W,265,119,42,88,0.477,12,32,0.375,23,28,0.821,13,32,45,27,6,8,17,21,3.0,2021-22
22021,1610612764,WAS,Washington Wizards,0022100355,2021-12-06,WAS @ IND,L,239,110,43,81,0.531,7,15,0.467,17,21,0.81,9,21,30,25,11,2,12,19,-6.0,2021-22
22021,1610612764,WAS,Washington Wizards,0022100351,2021-12-05,WAS @ TOR,L,240,90,30,73,0.411,8,25,0.32,22,29,0.759,6,37,43,20,4,5,10,22,-12.0,2021-22
22021,1610612764,WAS,Washington Wizards,0022100334,2021-12-03,WAS vs. CLE,L,240,101,38,82,0.463,10,31,0.323,15,19,0.789,3,30,33,21,5,4,8,22,-15.0,2021-22
22021,1610612764,WAS,Washington Wizards,0022100321,2021-12-01,WAS vs. MIN,W,240,115,45,91,0.495,10,32,0.313,15,21,0.714,14,38,52,34,6,7,13,23,8.0,2021-22
22021,1610612764,WAS,Washington Wizards,0022100311,2021-11-29,WAS @ SAS,L,241,99,41,92,0.446,9,31,0.29,8,13,0.615,12,28,40,26,5,3,6,15,-17.0,2021-22
22021,1610612764,WAS,Washington Wizards,0022100298,2021-11-27,WAS @ DAL,W,240,120,45,78,0.577,9,24,0.375,21,26,0.808,7,36,43,28,4,4,14,18,6.0,2021-22
22021,1610612764,WAS,Washington Wizards,0022100286,2021-11-26,WAS @ OKC,W,241,101,38,79,0.481,10,29,0.345,15,15,1.0,5,38,43,17,2,12,15,15,2.0,2021-22
22021,1610612764,WAS,Washington Wizards,0022100275,2021-11-24,WAS @ NOP,L,239,102,36,84,0.429,7,31,0.226,23,36,0.639,13,32,45,23,5,3,19,23,-25.0,2021-22
22021,1610612764,WAS,Washington Wizards,0022100254,2021-11-22,WAS vs. CHA,L,239,103,36,94,0.383,9,37,0.243,22,27,0.815,20,45,65,23,6,6,18,20,-6.0,2021-22
22021,1610612764,WAS,Washington Wizards,0022100241,2021-11-20,WAS vs. MIA,W,239,103,36,74,0.486,11,30,0.367,20,23,0.87,9,26,35,22,6,2,19,19,3.0,2021-22
22021,1610612764,WAS,Washington Wizards,0022100225,2021-11-18,WAS @ MIA,L,239,97,38,77,0.494,15,36,0.417,6,10,0.6,5,32,37,25,4,3,17,19,-15.0,2021-22
22021,1610612764,WAS,Washington Wizards,0022100213,2021-11-17,WAS @ CHA,L,238,87,33,90,0.367,8,42,0.19,13,16,0.813,11,37,48,23,7,5,10,12,-10.0,2021-22
22021,1610612764,WAS,Washington Wizards,0022100201,2021-11-15,WAS vs. NOP,W,242,105,39,84,0.464,10,28,0.357,17,25,0.68,6,36,42,23,9,4,5,22,5.0,2021-22
22021,1610612764,WAS,Washington Wizards,0022100187,2021-11-13,WAS @ ORL,W,242,104,42,84,0.5,12,35,0.343,8,10,0.8,7,41,48,29,6,7,15,17,12.0,2021-22
22021,1610612764,WAS,Washington Wizards,0022100158,2021-11-10,WAS @ CLE,W,240,97,35,84,0.417,10,28,0.357,17,17,1.0,12,37,49,25,9,2,12,20,3.0,2021-22
22021,1610612764,WAS,Washington Wizards,0022100142,2021-11-07,WAS vs. MIL,W,239,101,41,81,0.506,11,27,0.407,8,13,0.615,4,38,42,24,8,8,19,16,7.0,2021-22
22021,1610612764,WAS,Washington Wizards,0022100126,2021-11-05,WAS vs. MEM,W,240,115,49,84,0.583,10,25,0.4,7,13,0.538,5,48,53,34,4,6,18,13,28.0,2021-22
22021,1610612764,WAS,Washington Wizards,0022100112,2021-11-03,WAS vs. TOR,L,241,100,34,78,0.436,8,32,0.25,24,30,0.8,10,34,44,19,6,7,13,15,-9.0,2021-22
22021,1610612764,WAS,Washington Wizards,0022100097,2021-11-01,WAS @ ATL,L,240,111,41,86,0.477,13,39,0.333,16,16,1.0,7,29,36,27,7,4,12,24,-7.0,2021-22
22021,1610612764,WAS,Washington Wizards,0022100078,2021-10-30,WAS vs. BOS,W,290,115,38,104,0.365,10,36,0.278,29,36,0.806,12,50,62,19,6,7,13,22,3.0,2021-22
22021,1610612764,WAS,Washington Wizards,0022100066,2021-10-28,WAS vs. ATL,W,240,122,46,99,0.465,13,34,0.382,17,21,0.81,14,37,51,26,6,4,6,16,11.0,2021-22
22021,1610612764,WAS,Washington Wizards,0022100056,2021-10-27,WAS @ BOS,W,240,116,43,84,0.512,9,25,0.36,21,29,0.724,11,36,47,18,8,7,15,20,9.0,2021-22
22021,1610612764,WAS,Washington Wizards,0022100044,2021-10-25,WAS @ BKN,L,242,90,33,95,0.347,9,39,0.231,15,20,0.75,10,43,53,16,5,5,12,17,-14.0,2021-22
22021,1610612764,WAS,Washington Wizards,0022100019,2021-10-22,WAS vs. IND,W,265,135,49,94,0.521,19,38,0.5,18,19,0.947,6,32,38,24,5,6,9,21,1.0,2021-22
22021,1610612764,WAS,Washington Wizards,0022100006,2021-10-20,WAS @ TOR,W,240,98,36,81,0.444,5,27,0.185,21,26,0.808,7,44,51,20,14,8,21,17,15.0,2021-22
22022,1610612764,WAS,Washington Wizards,0022201222,2023-04-09,WAS vs. HOU,L,240,109,41,97,0.423,14,45,0.311,13,21,0.619,14,37,51,28,11,5,12,21,-5.0,2022-23
22022,1610612764,WAS,Washington Wizards,0022201204,2023-04-07,WAS vs. MIA,W,240,114,39,84,0.464,7,33,0.212,29,37,0.784,12,38,50,23,4,3,16,18,6.0,2022-23
22022,1610612764,WAS,Washington Wizards,0022201191,2023-04-05,WAS @ ATL,L,240,116,45,94,0.479,6,28,0.214,20,26,0.769,12,27,39,23,10,9,14,26,-18.0,2022-23
22022,1610612764,WAS,Washington Wizards,0022201179,2023-04-04,WAS vs. MIL,L,240,128,50,99,0.505,13,27,0.481,15,21,0.714,9,33,42,30,7,4,9,21,-12.0,2022-23
22022,1610612764,WAS,Washington Wizards,0022201168,2023-04-02,WAS @ NYK,L,242,109,39,79,0.494,16,37,0.432,15,18,0.833,5,33,38,26,9,5,18,18,-9.0,2022-23
22022,1610612764,WAS,Washington Wizards,0022201151,2023-03-31,WAS vs. ORL,L,240,109,41,105,0.39,17,50,0.34,10,12,0.833,15,36,51,24,5,5,12,24,-7.0,2022-23
22022,1610612764,WAS,Washington Wizards,0022201130,2023-03-28,WAS vs. BOS,W,241,130,54,99,0.545,13,37,0.351,9,13,0.692,6,37,43,33,7,3,9,13,19.0,2022-23
22022,1610612764,WAS,Washington Wizards,0022201119,2023-03-26,WAS @ TOR,L,239,104,38,86,0.442,16,36,0.444,12,20,0.6,12,33,45,25,6,2,16,12,-10.0,2022-23
22022,1610612764,WAS,Washington Wizards,0022201098,2023-03-24,WAS vs. SAS,W,241,136,51,85,0.6,15,30,0.5,19,26,0.731,6,37,43,29,3,8,7,16,12.0,2022-23
22022,1610612764,WAS,Washington Wizards,0022201083,2023-03-22,WAS vs. DEN,L,241,104,44,87,0.506,4,26,0.154,12,16,0.75,10,27,37,20,4,4,7,15,-14.0,2022-23
22022,1610612764,WAS,Washington Wizards,0022201077,2023-03-21,WAS @ ORL,L,240,112,42,83,0.506,10,32,0.313,18,23,0.783,4,29,33,30,7,4,14,23,-10.0,2022-23
22022,1610612764,WAS,Washington Wizards,0022201059,2023-03-18,WAS vs. SAC,L,242,118,41,91,0.451,13,36,0.361,23,27,0.852,12,34,46,27,6,5,9,18,-14.0,2022-23
22022,1610612764,WAS,Washington Wizards,0022201049,2023-03-17,WAS @ CLE,L,242,94,35,76,0.461,8,23,0.348,16,20,0.8,6,32,38,22,5,6,16,19,-23.0,2022-23
22022,1610612764,WAS,Washington Wizards,0022201028,2023-03-14,WAS vs. DET,W,241,117,44,85,0.518,7,32,0.219,22,22,1.0,10,38,48,24,9,9,13,12,20.0,2022-23
22022,1610612764,WAS,Washington Wizards,0022201016,2023-03-12,WAS @ PHI,L,239,93,34,84,0.405,6,26,0.231,19,23,0.826,6,29,35,19,4,5,9,20,-19.0,2022-23
22022,1610612764,WAS,Washington Wizards,0022200999,2023-03-10,WAS vs. ATL,L,241,107,43,88,0.489,7,27,0.259,14,18,0.778,7,36,43,27,8,6,14,17,-7.0,2022-23
22022,1610612764,WAS,Washington Wizards,0022200985,2023-03-08,WAS vs. ATL,L,240,120,47,83,0.566,12,29,0.414,14,17,0.824,6,33,39,34,9,1,17,16,-2.0,2022-23
22022,1610612764,WAS,Washington Wizards,0022200769,2023-03-07,WAS @ DET,W,240,119,47,81,0.58,12,25,0.48,13,17,0.765,9,28,37,27,9,5,14,20,2.0,2022-23
22022,1610612764,WAS,Washington Wizards,0022200973,2023-03-05,WAS vs. MIL,L,239,111,46,108,0.426,8,31,0.258,11,12,0.917,20,36,56,21,8,2,9,19,-6.0,2022-23
22022,1610612764,WAS,Washington Wizards,0022200956,2023-03-04,WAS vs. TOR,L,266,109,38,75,0.507,14,24,0.583,19,22,0.864,9,34,43,26,9,5,24,16,-7.0,2022-23
22022,1610612764,WAS,Washington Wizards,0022200942,2023-03-02,WAS vs. TOR,W,238,119,43,84,0.512,14,30,0.467,19,24,0.792,9,34,43,30,5,4,14,12,11.0,2022-23
22022,1610612764,WAS,Washington Wizards,0022200923,2023-02-28,WAS @ ATL,W,240,119,48,97,0.495,6,21,0.286,17,20,0.85,16,32,48,19,6,5,8,15,3.0,2022-23
22022,1610612764,WAS,Washington Wizards,0022200912,2023-02-26,WAS @ CHI,L,239,82,32,76,0.421,6,28,0.214,12,23,0.522,12,30,42,22,5,1,16,18,-20.0,2022-23
22022,1610612764,WAS,Washington Wizards,0022200895,2023-02-24,WAS vs. NYK,L,239,109,39,79,0.494,19,44,0.432,12,12,1.0,3,31,34,25,6,6,17,20,-6.0,2022-23
22022,1610612764,WAS,Washington Wizards,0022200884,2023-02-16,WAS @ MIN,W,240,114,43,95,0.453,14,35,0.4,14,17,0.824,13,36,49,25,13,6,15,14,8.0,2022-23
22022,1610612764,WAS,Washington Wizards,0022200872,2023-02-14,WAS @ POR,W,240,126,45,79,0.57,17,33,0.515,19,22,0.864,5,39,44,28,5,2,14,17,25.0,2022-23
22022,1610612764,WAS,Washington Wizards,0022200866,2023-02-13,WAS @ GSW,L,240,126,48,80,0.6,12,28,0.429,18,21,0.857,9,24,33,26,10,3,17,15,-9.0,2022-23
22022,1610612764,WAS,Washington Wizards,0022200849,2023-02-11,WAS vs. IND,W,240,127,48,75,0.64,12,26,0.462,19,22,0.864,8,32,40,32,5,7,16,16,14.0,2022-23
22022,1610612764,WAS,Washington Wizards,0022200823,2023-02-08,WAS vs. CHA,W,241,118,44,87,0.506,15,37,0.405,15,17,0.882,11,41,52,29,4,12,16,17,14.0,2022-23
22022,1610612764,WAS,Washington Wizards,0022200809,2023-02-06,WAS vs. CLE,L,239,91,35,82,0.427,6,28,0.214,15,19,0.789,7,30,37,20,8,5,14,18,-23.0,2022-23
22022,1610612764,WAS,Washington Wizards,0022200793,2023-02-04,WAS @ BKN,L,240,123,39,81,0.481,13,28,0.464,32,41,0.78,6,33,39,22,10,3,15,21,-2.0,2022-23
22022,1610612764,WAS,Washington Wizards,0022200787,2023-02-03,WAS vs. POR,L,240,116,42,84,0.5,12,33,0.364,20,22,0.909,9,32,41,27,4,3,10,19,-8.0,2022-23
22022,1610612764,WAS,Washington Wizards,0022200760,2023-01-30,WAS @ SAS,W,239,127,48,86,0.558,16,30,0.533,15,17,0.882,5,40,45,32,7,8,13,19,21.0,2022-23
22022,1610612764,WAS,Washington Wizards,0022200747,2023-01-28,WAS @ NOP,W,240,113,40,88,0.455,11,36,0.306,22,29,0.759,13,40,53,18,5,8,16,17,10.0,2022-23
22022,1610612764,WAS,Washington Wizards,0022200722,2023-01-25,WAS @ HOU,W,240,108,39,98,0.398,12,38,0.316,18,23,0.783,15,33,48,27,13,7,7,16,5.0,2022-23
22022,1610612764,WAS,Washington Wizards,0022200717,2023-01-24,WAS @ DAL,W,241,127,42,83,0.506,11,30,0.367,32,41,0.78,6,35,41,28,7,3,10,22,1.0,2022-23
22022,1610612764,WAS,Washington Wizards,0022200693,2023-01-21,WAS vs. ORL,W,241,138,51,95,0.537,18,34,0.529,18,25,0.72,9,37,46,34,6,5,8,18,20.0,2022-23
22022,1610612764,WAS,Washington Wizards,0022200669,2023-01-18,WAS @ NYK,W,241,116,42,95,0.442,16,42,0.381,16,19,0.842,18,34,52,28,5,9,13,23,11.0,2022-23
22022,1610612764,WAS,Washington Wizards,0022200660,2023-01-16,WAS vs. GSW,L,240,118,42,86,0.488,14,35,0.4,20,23,0.87,6,30,36,31,7,2,14,21,-9.0,2022-23
22022,1610612764,WAS,Washington Wizards,0022200634,2023-01-13,WAS vs. NYK,L,241,108,36,93,0.387,13,42,0.31,23,26,0.885,12,38,50,18,3,4,7,23,-4.0,2022-23
22022,1610612764,WAS,Washington Wizards,0022200619,2023-01-11,WAS vs. CHI,W,242,100,38,82,0.463,7,23,0.304,17,21,0.81,12,40,52,21,5,3,17,18,3.0,2022-23
22022,1610612764,WAS,Washington Wizards,0022200605,2023-01-09,WAS vs. NOP,L,240,112,42,82,0.512,14,34,0.412,14,18,0.778,7,30,37,26,5,1,20,25,-20.0,2022-23
22022,1610612764,WAS,Washington Wizards,0022200584,2023-01-06,WAS @ OKC,L,240,110,38,79,0.481,7,24,0.292,27,36,0.75,11,35,46,21,6,2,20,18,-17.0,2022-23
22022,1610612764,WAS,Washington Wizards,0022200561,2023-01-03,WAS @ MIL,L,238,113,42,97,0.433,8,27,0.296,21,23,0.913,14,32,46,27,9,4,10,16,-10.0,2022-23
22022,1610612764,WAS,Washington Wizards,0022200548,2023-01-01,WAS @ MIL,W,240,118,50,94,0.532,7,27,0.259,11,16,0.688,12,42,54,29,9,6,17,10,23.0,2022-23
22022,1610612764,WAS,Washington Wizards,0022200529,2022-12-30,WAS @ ORL,W,242,119,42,75,0.56,15,35,0.429,20,25,0.8,4,49,53,33,4,10,26,18,19.0,2022-23
22022,1610612764,WAS,Washington Wizards,0022200516,2022-12-28,WAS vs. PHX,W,242,127,47,82,0.573,8,26,0.308,25,28,0.893,12,34,46,27,7,6,12,15,25.0,2022-23
22022,1610612764,WAS,Washington Wizards,0022200506,2022-12-27,WAS vs. PHI,W,241,116,39,85,0.459,11,33,0.333,27,31,0.871,14,25,39,18,7,8,15,23,5.0,2022-23
22022,1610612764,WAS,Washington Wizards,0022200491,2022-12-23,WAS @ SAC,W,239,125,49,88,0.557,10,32,0.313,17,24,0.708,5,35,40,30,9,4,9,23,14.0,2022-23
22022,1610612764,WAS,Washington Wizards,0022200478,2022-12-22,WAS @ UTA,L,240,112,46,82,0.561,7,21,0.333,13,17,0.765,3,34,37,20,5,2,10,15,-8.0,2022-23
22022,1610612764,WAS,Washington Wizards,0022200464,2022-12-20,WAS @ PHX,W,239,113,38,80,0.475,11,27,0.407,26,37,0.703,9,32,41,22,9,4,9,14,3.0,2022-23
22022,1610612764,WAS,Washington Wizards,0022200451,2022-12-18,WAS @ LAL,L,241,117,44,95,0.463,10,39,0.256,19,24,0.792,10,38,48,24,5,6,10,20,-2.0,2022-23
22022,1610612764,WAS,Washington Wizards,0022200438,2022-12-17,WAS @ LAC,L,239,93,36,84,0.429,9,25,0.36,12,13,0.923,7,35,42,20,10,2,14,21,-9.0,2022-23
22022,1610612764,WAS,Washington Wizards,0022200422,2022-12-14,WAS @ DEN,L,243,128,48,91,0.527,19,39,0.487,13,23,0.565,4,20,24,40,10,5,13,28,-13.0,2022-23
22022,1610612764,WAS,Washington Wizards,0022200403,2022-12-12,WAS vs. BKN,L,240,100,37,79,0.468,11,31,0.355,15,22,0.682,6,38,44,21,6,2,19,16,-12.0,2022-23
22022,1610612764,WAS,Washington Wizards,0022200389,2022-12-10,WAS vs. LAC,L,240,107,37,85,0.435,16,34,0.471,17,19,0.895,8,42,50,24,8,3,14,15,-7.0,2022-23
22022,1610612764,WAS,Washington Wizards,0022200378,2022-12-09,WAS @ IND,L,241,111,41,77,0.532,10,29,0.345,19,25,0.76,12,26,38,25,6,3,14,19,-10.0,2022-23
22022,1610612764,WAS,Washington Wizards,0022200367,2022-12-07,WAS @ CHI,L,241,111,41,84,0.488,9,31,0.29,20,29,0.69,6,32,38,22,12,6,18,16,-4.0,2022-23
22022,1610612764,WAS,Washington Wizards,0022200349,2022-12-04,WAS vs. LAL,L,240,119,49,105,0.467,10,39,0.256,11,15,0.733,11,33,44,24,10,8,10,23,-11.0,2022-23
22022,1610612764,WAS,Washington Wizards,0022200326,2022-12-02,WAS @ CHA,L,241,116,39,86,0.453,12,33,0.364,26,35,0.743,18,38,56,23,3,9,14,23,-1.0,2022-23
22022,1610612764,WAS,Washington Wizards,0022200315,2022-11-30,WAS @ BKN,L,240,107,39,89,0.438,6,24,0.25,23,34,0.676,14,37,51,19,6,5,14,21,-6.0,2022-23
22022,1610612764,WAS,Washington Wizards,0022200300,2022-11-28,WAS vs. MIN,W,240,142,52,91,0.571,15,31,0.484,23,27,0.852,7,27,34,31,12,5,7,25,15.0,2022-23
22022,1610612764,WAS,Washington Wizards,0022200294,2022-11-27,WAS @ BOS,L,240,121,44,82,0.537,7,28,0.25,26,33,0.788,6,23,29,23,8,1,4,21,-9.0,2022-23
22022,1610612764,WAS,Washington Wizards,0022200277,2022-11-25,WAS @ MIA,L,241,107,40,93,0.43,11,39,0.282,16,20,0.8,13,32,45,27,7,9,12,18,-3.0,2022-23
22022,1610612764,WAS,Washington Wizards,0022200265,2022-11-23,WAS @ MIA,L,241,105,42,89,0.472,10,38,0.263,11,19,0.579,7,36,43,27,7,5,14,20,-8.0,2022-23
22022,1610612764,WAS,Washington Wizards,0022200241,2022-11-20,WAS vs. CHA,W,240,106,40,93,0.43,13,34,0.382,13,18,0.722,14,35,49,19,6,13,17,19,4.0,2022-23
22022,1610612764,WAS,Washington Wizards,0022200224,2022-11-18,WAS vs. MIA,W,263,107,41,96,0.427,15,46,0.326,10,14,0.714,8,46,54,33,6,4,15,25,1.0,2022-23
22022,1610612764,WAS,Washington Wizards,0022200213,2022-11-16,WAS vs. OKC,L,240,120,44,86,0.512,17,34,0.5,15,17,0.882,11,30,41,32,8,5,19,20,-1.0,2022-23
22022,1610612764,WAS,Washington Wizards,0022200194,2022-11-13,WAS vs. MEM,W,239,102,36,86,0.419,19,40,0.475,11,21,0.524,9,38,47,26,9,6,15,15,10.0,2022-23
22022,1610612764,WAS,Washington Wizards,0022200185,2022-11-12,WAS vs. UTA,W,240,121,44,88,0.5,16,36,0.444,17,20,0.85,6,40,46,27,6,8,9,14,9.0,2022-23
22022,1610612764,WAS,Washington Wizards,0022200172,2022-11-10,WAS vs. DAL,W,239,113,41,84,0.488,12,30,0.4,19,20,0.95,8,44,52,25,5,5,17,21,8.0,2022-23
22022,1610612764,WAS,Washington Wizards,0022200144,2022-11-07,WAS @ CHA,W,238,108,42,80,0.525,5,19,0.263,19,30,0.633,10,37,47,21,2,6,14,18,8.0,2022-23
22022,1610612764,WAS,Washington Wizards,0022200142,2022-11-06,WAS @ MEM,L,241,97,41,96,0.427,8,41,0.195,7,10,0.7,15,34,49,25,5,5,10,21,-6.0,2022-23
22022,1610612764,WAS,Washington Wizards,0022200123,2022-11-04,WAS vs. BKN,L,242,86,30,83,0.361,8,34,0.235,18,22,0.818,7,32,39,18,4,3,13,15,-42.0,2022-23
22022,1610612764,WAS,Washington Wizards,0022200108,2022-11-02,WAS @ PHI,W,240,121,45,78,0.577,5,21,0.238,26,32,0.813,7,36,43,27,4,9,7,18,10.0,2022-23
22022,1610612764,WAS,Washington Wizards,0022200097,2022-10-31,WAS vs. PHI,L,241,111,38,81,0.469,10,25,0.4,25,26,0.962,9,32,41,22,8,4,15,18,-7.0,2022-23
22022,1610612764,WAS,Washington Wizards,0022200089,2022-10-30,WAS @ BOS,L,237,94,38,98,0.388,7,32,0.219,11,16,0.688,15,36,51,22,5,6,8,20,-18.0,2022-23
22022,1610612764,WAS,Washington Wizards,0022200074,2022-10-28,WAS vs. IND,L,239,117,41,86,0.477,12,30,0.4,23,28,0.821,9,29,38,25,5,3,13,23,-10.0,2022-23
22022,1610612764,WAS,Washington Wizards,0022200052,2022-10-25,WAS vs. DET,W,241,120,44,85,0.518,10,33,0.303,22,26,0.846,9,38,47,26,7,7,11,21,21.0,2022-23
22022,1610612764,WAS,Washington Wizards,0022200039,2022-10-23,WAS @ CLE,L,265,107,43,87,0.494,12,28,0.429,9,15,0.6,4,31,35,25,9,4,18,24,-10.0,2022-23
22022,1610612764,WAS,Washington Wizards,0022200019,2022-10-21,WAS vs. CHI,W,241,102,41,80,0.513,10,26,0.385,10,11,0.909,5,34,39,26,8,8,16,22,2.0,2022-23
22022,1610612764,WAS,Washington Wizards,0022200004,2022-10-19,WAS @ IND,W,241,114,42,92,0.457,11,31,0.355,19,24,0.792,14,39,53,21,5,10,16,19,7.0,2022-23
22023,1610612764,WAS,Washington Wizards,0022301186,2024-04-14,WAS @ BOS,L,240,122,49,103,0.476,14,38,0.368,10,10,1.0,8,28,36,33,9,4,11,16,-10.0,2023-24
22023,1610612764,WAS,Washington Wizards,0022301172,2024-04-12,WAS vs. CHI,L,241,127,45,86,0.523,18,43,0.419,19,29,0.655,4,35,39,32,6,5,12,22,-2.0,2023-24
22023,1610612764,WAS,Washington Wizards,0022301152,2024-04-09,WAS @ MIN,L,240,121,44,89,0.494,20,43,0.465,13,17,0.765,7,34,41,26,5,4,13,22,-9.0,2023-24
22023,1610612764,WAS,Washington Wizards,0022301137,2024-04-07,WAS @ TOR,L,239,122,42,89,0.472,16,40,0.4,22,30,0.733,8,35,43,29,9,11,15,25,-8.0,2023-24
22023,1610612764,WAS,Washington Wizards,0022301117,2024-04-05,WAS vs. POR,L,241,102,38,88,0.432,5,33,0.152,21,30,0.7,12,33,45,24,9,5,9,21,-6.0,2023-24
22023,1610612764,WAS,Washington Wizards,0022301103,2024-04-03,WAS vs. LAL,L,241,120,45,91,0.495,18,42,0.429,12,13,0.923,6,33,39,26,11,4,18,22,-5.0,2023-24
22023,1610612764,WAS,Washington Wizards,0022301095,2024-04-02,WAS vs. MIL,W,239,117,47,93,0.505,9,38,0.237,14,17,0.824,5,39,44,26,9,2,10,20,4.0,2023-24
22023,1610612764,WAS,Washington Wizards,0022301081,2024-03-31,WAS vs. MIA,L,240,107,40,88,0.455,11,38,0.289,16,21,0.762,7,35,42,27,6,1,15,22,-12.0,2023-24
22023,1610612764,WAS,Washington Wizards,0022301065,2024-03-29,WAS vs. DET,L,240,87,36,88,0.409,9,33,0.273,6,8,0.75,9,38,47,22,2,4,18,18,-9.0,2023-24
22023,1610612764,WAS,Washington Wizards,0022301050,2024-03-27,WAS vs. BKN,L,266,119,46,91,0.505,14,34,0.412,13,17,0.765,5,39,44,26,4,4,13,21,-3.0,2023-24
22023,1610612764,WAS,Washington Wizards,0022301037,2024-03-25,WAS @ CHI,W,239,107,39,97,0.402,14,49,0.286,15,18,0.833,14,38,52,32,8,5,13,21,2.0,2023-24
22023,1610612764,WAS,Washington Wizards,0022301022,2024-03-23,WAS vs. TOR,W,239,112,44,92,0.478,11,35,0.314,13,19,0.684,16,39,55,28,7,8,17,18,3.0,2023-24
22023,1610612764,WAS,Washington Wizards,0022301005,2024-03-21,WAS vs. SAC,W,239,109,41,81,0.506,10,25,0.4,17,23,0.739,10,35,45,20,9,3,19,19,7.0,2023-24
22023,1610612764,WAS,Washington Wizards,0022300992,2024-03-19,WAS vs. HOU,L,240,114,42,98,0.429,15,39,0.385,15,20,0.75,17,27,44,24,6,2,10,27,-23.0,2023-24
22023,1610612764,WAS,Washington Wizards,0022300980,2024-03-17,WAS vs. BOS,L,239,104,41,89,0.461,10,34,0.294,12,14,0.857,10,30,40,24,3,5,16,20,-26.0,2023-24
22023,1610612764,WAS,Washington Wizards,0022300971,2024-03-16,WAS @ CHI,L,241,98,36,84,0.429,13,32,0.406,13,22,0.591,9,23,32,27,12,7,15,21,-29.0,2023-24
22023,1610612764,WAS,Washington Wizards,0022300957,2024-03-14,WAS @ HOU,L,242,119,46,93,0.495,12,38,0.316,15,19,0.789,7,25,32,29,11,2,13,19,-16.0,2023-24
22023,1610612764,WAS,Washington Wizards,0022300940,2024-03-12,WAS @ MEM,L,240,97,37,82,0.451,11,36,0.306,12,16,0.75,4,24,28,26,9,3,13,18,-12.0,2023-24
22023,1610612764,WAS,Washington Wizards,0022300926,2024-03-10,WAS @ MIA,W,239,110,39,81,0.481,16,39,0.41,16,22,0.727,6,34,40,35,5,5,15,18,2.0,2023-24
22023,1610612764,WAS,Washington Wizards,0022300910,2024-03-08,WAS vs. CHA,W,240,112,43,87,0.494,6,33,0.182,20,23,0.87,10,44,54,25,5,11,11,20,12.0,2023-24
22023,1610612764,WAS,Washington Wizards,0022300894,2024-03-06,WAS vs. ORL,L,239,109,40,88,0.455,12,38,0.316,17,20,0.85,9,26,35,26,7,4,9,20,-10.0,2023-24
22023,1610612764,WAS,Washington Wizards,0022300882,2024-03-04,WAS @ UTA,L,240,115,40,94,0.426,16,38,0.421,19,23,0.826,10,33,43,26,6,3,15,15,-12.0,2023-24
22023,1610612764,WAS,Washington Wizards,0022300865,2024-03-01,WAS @ LAC,L,240,115,46,98,0.469,12,34,0.353,11,15,0.733,9,30,39,29,5,3,9,17,-25.0,2023-24
22023,1610612764,WAS,Washington Wizards,0022300856,2024-02-29,WAS @ LAL,L,264,131,52,102,0.51,17,41,0.415,10,12,0.833,10,35,45,35,6,6,15,19,-3.0,2023-24
22023,1610612764,WAS,Washington Wizards,0022300834,2024-02-27,WAS vs. GSW,L,239,112,46,93,0.495,12,35,0.343,8,10,0.8,11,30,41,34,5,5,20,12,-11.0,2023-24
22023,1610612764,WAS,Washington Wizards,0022300820,2024-02-25,WAS vs. CLE,L,240,105,40,90,0.444,12,40,0.3,13,18,0.722,4,36,40,29,6,2,9,22,-9.0,2023-24
22023,1610612764,WAS,Washington Wizards,0022300809,2024-02-23,WAS @ OKC,L,244,106,41,104,0.394,9,38,0.237,15,21,0.714,16,27,43,20,10,3,14,17,-41.0,2023-24
22023,1610612764,WAS,Washington Wizards,0022300800,2024-02-22,WAS @ DEN,L,239,110,40,104,0.385,17,38,0.447,13,23,0.565,14,26,40,30,14,1,14,15,-20.0,2023-24
22023,1610612764,WAS,Washington Wizards,0022300784,2024-02-14,WAS @ NOP,L,240,126,44,92,0.478,21,45,0.467,17,20,0.85,15,27,42,35,7,3,19,22,-7.0,2023-24
22023,1610612764,WAS,Washington Wizards,0022300768,2024-02-12,WAS @ DAL,L,240,104,44,106,0.415,7,32,0.219,9,15,0.6,12,40,52,27,9,7,15,25,-8.0,2023-24
22023,1610612764,WAS,Washington Wizards,0022300753,2024-02-10,WAS vs. PHI,L,239,113,42,86,0.488,13,35,0.371,16,21,0.762,7,32,39,28,7,8,15,23,-6.0,2023-24
22023,1610612764,WAS,Washington Wizards,0022300743,2024-02-09,WAS @ BOS,L,241,129,45,95,0.474,20,47,0.426,19,21,0.905,5,34,39,32,8,1,12,25,-4.0,2023-24
22023,1610612764,WAS,Washington Wizards,0022300728,2024-02-07,WAS vs. CLE,L,240,106,42,94,0.447,16,40,0.4,6,9,0.667,12,35,47,27,10,5,15,23,-8.0,2023-24
22023,1610612764,WAS,Washington Wizards,0022300705,2024-02-04,WAS vs. PHX,L,240,112,47,96,0.49,7,32,0.219,11,17,0.647,13,22,35,32,11,4,18,19,-28.0,2023-24
22023,1610612764,WAS,Washington Wizards,0022300689,2024-02-02,WAS vs. MIA,L,239,102,37,90,0.411,11,42,0.262,17,21,0.81,6,37,43,28,5,4,8,25,-8.0,2023-24
22023,1610612764,WAS,Washington Wizards,0022300676,2024-01-31,WAS vs. LAC,L,239,109,45,97,0.464,9,29,0.31,10,15,0.667,12,33,45,19,4,10,13,19,-16.0,2023-24
22023,1610612764,WAS,Washington Wizards,0022300665,2024-01-29,WAS @ SAS,W,240,118,46,86,0.535,9,25,0.36,17,24,0.708,14,31,45,32,9,8,18,15,5.0,2023-24
22023,1610612764,WAS,Washington Wizards,0022300642,2024-01-27,WAS @ DET,W,240,118,45,100,0.45,11,34,0.324,17,21,0.81,16,34,50,26,10,4,9,19,14.0,2023-24
22023,1610612764,WAS,Washington Wizards,0022300628,2024-01-25,WAS vs. UTA,L,240,108,43,88,0.489,7,30,0.233,15,20,0.75,5,30,35,33,11,7,11,14,-15.0,2023-24
22023,1610612764,WAS,Washington Wizards,0022300620,2024-01-24,WAS vs. MIN,L,240,107,37,77,0.481,10,24,0.417,23,29,0.793,7,42,49,31,2,3,21,22,-11.0,2023-24
22023,1610612764,WAS,Washington Wizards,0022300602,2024-01-21,WAS vs. DEN,L,240,104,39,91,0.429,8,27,0.296,18,22,0.818,12,28,40,31,6,9,13,23,-9.0,2023-24
22023,1610612764,WAS,Washington Wizards,0022300594,2024-01-20,WAS vs. SAS,L,240,127,49,103,0.476,9,29,0.31,20,23,0.87,14,32,46,28,10,4,11,21,-4.0,2023-24
22023,1610612764,WAS,Washington Wizards,0022300579,2024-01-18,WAS @ NYK,L,239,109,41,90,0.456,10,31,0.323,17,22,0.773,9,37,46,31,9,4,12,24,-4.0,2023-24
22023,1610612764,WAS,Washington Wizards,0022300558,2024-01-15,WAS vs. DET,L,240,117,44,95,0.463,19,41,0.463,10,11,0.909,8,25,33,30,8,7,8,19,-12.0,2023-24
22023,1610612764,WAS,Washington Wizards,0022300543,2024-01-13,WAS @ ATL,W,241,127,47,97,0.485,12,32,0.375,21,26,0.808,12,42,54,32,10,9,12,22,28.0,2023-24
22023,1610612764,WAS,Washington Wizards,0022300520,2024-01-10,WAS @ IND,L,241,104,38,88,0.432,7,31,0.226,21,30,0.7,13,33,46,24,8,8,13,23,-8.0,2023-24
22023,1610612764,WAS,Washington Wizards,0022300508,2024-01-08,WAS vs. OKC,L,240,128,44,89,0.494,15,32,0.469,25,29,0.862,12,26,38,32,7,5,14,23,-8.0,2023-24
22023,1610612764,WAS,Washington Wizards,0022300494,2024-01-06,WAS vs. NYK,L,240,105,40,85,0.471,13,37,0.351,12,20,0.6,12,33,45,33,5,3,20,20,-16.0,2023-24
22023,1610612764,WAS,Washington Wizards,0022300482,2024-01-05,WAS @ CLE,L,237,90,35,84,0.417,9,30,0.3,11,15,0.733,7,24,31,19,12,8,16,19,-24.0,2023-24
22023,1610612764,WAS,Washington Wizards,0022300465,2024-01-03,WAS @ CLE,L,241,101,42,101,0.416,12,35,0.343,5,11,0.455,12,24,36,22,8,5,8,14,-39.0,2023-24
22023,1610612764,WAS,Washington Wizards,0022300445,2023-12-31,WAS vs. ATL,L,241,126,46,98,0.469,17,53,0.321,17,21,0.81,6,36,42,35,5,9,9,21,-4.0,2023-24
22023,1610612764,WAS,Washington Wizards,0022300430,2023-12-29,WAS vs. BKN,W,241,110,46,91,0.505,15,38,0.395,3,7,0.429,8,35,43,28,5,5,6,19,6.0,2023-24
22023,1610612764,WAS,Washington Wizards,0022300416,2023-12-27,WAS vs. TOR,L,241,102,42,90,0.467,8,33,0.242,10,15,0.667,10,24,34,25,11,3,16,17,-30.0,2023-24
22023,1610612764,WAS,Washington Wizards,0022300407,2023-12-26,WAS vs. ORL,L,240,119,43,87,0.494,16,42,0.381,17,21,0.81,10,37,47,27,10,8,20,21,-8.0,2023-24
22023,1610612764,WAS,Washington Wizards,0022300386,2023-12-22,WAS @ GSW,L,240,118,44,97,0.454,11,35,0.314,19,24,0.792,9,30,39,25,7,4,9,16,-11.0,2023-24
22023,1610612764,WAS,Washington Wizards,0022300381,2023-12-21,WAS @ POR,W,240,118,42,84,0.5,12,30,0.4,22,32,0.688,7,30,37,26,9,6,11,17,1.0,2023-24
22023,1610612764,WAS,Washington Wizards,0022300358,2023-12-18,WAS @ SAC,L,241,131,44,85,0.518,18,38,0.474,25,30,0.833,5,34,39,26,3,6,11,21,-12.0,2023-24
22023,1610612764,WAS,Washington Wizards,0022300347,2023-12-17,WAS @ PHX,L,239,108,39,95,0.411,14,46,0.304,16,20,0.8,10,34,44,24,8,6,10,25,-4.0,2023-24
22023,1610612764,WAS,Washington Wizards,0022300328,2023-12-15,WAS vs. IND,W,240,137,52,92,0.565,13,27,0.481,20,26,0.769,8,39,47,36,7,8,17,18,14.0,2023-24
22023,1610612764,WAS,Washington Wizards,0022300311,2023-12-13,WAS vs. NOP,L,241,122,42,82,0.512,19,44,0.432,19,24,0.792,3,30,33,28,7,6,15,16,-20.0,2023-24
22023,1610612764,WAS,Washington Wizards,0022300295,2023-12-11,WAS @ PHI,L,239,101,36,85,0.424,9,31,0.29,20,31,0.645,13,31,44,21,5,2,22,19,-45.0,2023-24
22023,1610612764,WAS,Washington Wizards,0022301219,2023-12-08,WAS @ BKN,L,241,97,38,91,0.418,6,33,0.182,15,21,0.714,12,29,41,19,4,7,16,19,-27.0,2023-24
22023,1610612764,WAS,Washington Wizards,0022301208,2023-12-06,WAS vs. PHI,L,241,126,52,92,0.565,14,35,0.4,8,8,1.0,2,30,32,39,8,6,11,22,-5.0,2023-24
22023,1610612764,WAS,Washington Wizards,0022300274,2023-12-01,WAS @ ORL,L,240,125,45,89,0.506,13,28,0.464,22,31,0.71,8,32,40,25,8,5,14,29,-5.0,2023-24
22023,1610612764,WAS,Washington Wizards,0022300259,2023-11-29,WAS @ ORL,L,241,120,41,87,0.471,11,29,0.379,27,35,0.771,7,22,29,28,14,3,10,20,-19.0,2023-24
22023,1610612764,WAS,Washington Wizards,0022300253,2023-11-27,WAS @ DET,W,240,126,45,89,0.506,10,29,0.345,26,28,0.929,6,40,46,29,8,6,15,19,19.0,2023-24
22023,1610612764,WAS,Washington Wizards,0022300241,2023-11-25,WAS vs. ATL,L,241,108,43,88,0.489,10,38,0.263,12,12,1.0,8,33,41,33,5,6,20,17,-28.0,2023-24
22023,1610612764,WAS,Washington Wizards,0022300049,2023-11-24,WAS @ MIL,L,240,128,48,100,0.48,15,37,0.405,17,21,0.81,12,34,46,29,3,4,8,24,-3.0,2023-24
22023,1610612764,WAS,Washington Wizards,0022300225,2023-11-22,WAS @ CHA,L,239,114,44,97,0.454,11,32,0.344,15,18,0.833,11,36,47,26,7,3,10,18,-3.0,2023-24
22023,1610612764,WAS,Washington Wizards,0022300219,2023-11-20,WAS vs. MIL,L,238,129,55,99,0.556,10,29,0.345,9,11,0.818,5,21,26,29,6,4,4,19,-13.0,2023-24
22023,1610612764,WAS,Washington Wizards,0022300028,2023-11-17,WAS vs. NYK,L,240,99,37,82,0.451,10,32,0.313,15,16,0.938,7,25,32,25,4,4,14,18,-21.0,2023-24
22023,1610612764,WAS,Washington Wizards,0022300192,2023-11-15,WAS vs. DAL,L,241,117,43,89,0.483,12,36,0.333,19,23,0.826,8,38,46,23,6,1,12,22,-13.0,2023-24
22023,1610612764,WAS,Washington Wizards,0022300189,2023-11-13,WAS @ TOR,L,239,107,43,84,0.512,12,26,0.462,9,12,0.75,8,30,38,32,11,5,22,22,-4.0,2023-24
22023,1610612764,WAS,Washington Wizards,0022300178,2023-11-12,WAS @ BKN,L,241,94,33,88,0.375,10,41,0.244,18,25,0.72,7,35,42,20,14,3,12,15,-8.0,2023-24
22023,1610612764,WAS,Washington Wizards,0022300009,2023-11-10,WAS vs. CHA,L,240,117,43,88,0.489,14,38,0.368,17,20,0.85,7,29,36,28,4,6,15,23,-7.0,2023-24
22023,1610612764,WAS,Washington Wizards,0022300157,2023-11-08,WAS @ CHA,W,240,132,47,97,0.485,18,43,0.419,20,25,0.8,13,27,40,26,10,6,10,26,16.0,2023-24
22023,1610612764,WAS,Washington Wizards,0022300148,2023-11-06,WAS @ PHI,L,240,128,49,96,0.51,14,34,0.412,16,20,0.8,10,28,38,31,6,10,19,26,-18.0,2023-24
22023,1610612764,WAS,Washington Wizards,0022300003,2023-11-03,WAS @ MIA,L,239,114,46,81,0.568,13,28,0.464,9,17,0.529,4,26,30,33,7,4,20,18,-7.0,2023-24
22023,1610612764,WAS,Washington Wizards,0022300117,2023-11-01,WAS @ ATL,L,240,121,51,101,0.505,10,40,0.25,9,14,0.643,6,29,35,32,14,3,11,25,-9.0,2023-24
22023,1610612764,WAS,Washington Wizards,0022300103,2023-10-30,WAS vs. BOS,L,242,107,39,87,0.448,11,36,0.306,18,26,0.692,11,29,40,26,12,4,15,13,-19.0,2023-24
22023,1610612764,WAS,Washington Wizards,0022300089,2023-10-28,WAS vs. MEM,W,240,113,40,93,0.43,16,46,0.348,17,22,0.773,11,34,45,24,9,5,11,15,7.0,2023-24
22023,1610612764,WAS,Washington Wizards,0022300064,2023-10-25,WAS @ IND,L,238,120,44,96,0.458,9,24,0.375,23,29,0.793,11,34,45,28,6,9,14,11,-23.0,2023-24
22024,1610612764,WAS,Washington Wizards,0022401190,2025-04-13,WAS @ MIA,W,240,119,46,90,0.511,16,37,0.432,11,17,0.647,6,37,43,33,4,3,10,14,1.0,2024-25
22024,1610612764,WAS,Washington Wizards,0022401176,2025-04-11,WAS @ CHI,L,239,89,35,91,0.385,10,41,0.244,9,12,0.75,8,33,41,26,7,5,16,16,-30.0,2024-25
22024,1610612764,WAS,Washington Wizards,0022401157,2025-04-09,WAS vs. PHI,L,240,103,34,87,0.391,10,33,0.303,25,30,0.833,13,34,47,22,9,2,16,25,-19.0,2024-25
22024,1610612764,WAS,Washington Wizards,0022401148,2025-04-08,WAS @ IND,L,241,98,38,91,0.418,11,39,0.282,11,15,0.733,13,37,50,18,2,8,11,27,-6.0,2024-25
22024,1610612764,WAS,Washington Wizards,0022401137,2025-04-06,WAS @ BOS,L,240,90,35,86,0.407,12,45,0.267,8,10,0.8,11,21,32,21,5,3,10,10,-34.0,2024-25
22024,1610612764,WAS,Washington Wizards,0022401112,2025-04-03,WAS vs. ORL,L,241,97,38,85,0.447,12,30,0.4,9,11,0.818,8,30,38,16,4,3,13,20,-12.0,2024-25
22024,1610612764,WAS,Washington Wizards,0022401105,2025-04-02,WAS vs. SAC,W,239,116,43,84,0.512,17,43,0.395,13,18,0.722,7,34,41,24,6,3,14,21,5.0,2024-25
22024,1610612764,WAS,Washington Wizards,0022401092,2025-03-31,WAS vs. MIA,L,239,94,34,86,0.395,13,43,0.302,13,18,0.722,5,34,39,22,14,4,18,20,-26.0,2024-25
22024,1610612764,WAS,Washington Wizards,0022401075,2025-03-29,WAS vs. BKN,L,240,112,37,85,0.435,9,34,0.265,29,33,0.879,7,33,40,21,5,7,6,15,-3.0,2024-25
22024,1610612764,WAS,Washington Wizards,0022401061,2025-03-27,WAS vs. IND,L,242,109,38,85,0.447,11,30,0.367,22,26,0.846,12,19,31,19,9,2,15,15,-53.0,2024-25
22024,1610612764,WAS,Washington Wizards,0022401053,2025-03-26,WAS @ PHI,W,240,119,48,95,0.505,18,44,0.409,5,12,0.417,13,36,49,30,3,6,10,12,5.0,2024-25
22024,1610612764,WAS,Washington Wizards,0022401039,2025-03-24,WAS vs. TOR,L,241,104,35,87,0.402,11,37,0.297,23,34,0.676,9,39,48,24,8,9,17,19,-8.0,2024-25
22024,1610612764,WAS,Washington Wizards,0022401026,2025-03-22,WAS @ NYK,L,241,103,39,88,0.443,11,36,0.306,14,19,0.737,10,31,41,21,9,5,20,23,-19.0,2024-25
22024,1610612764,WAS,Washington Wizards,0022401014,2025-03-21,WAS vs. ORL,L,240,105,37,87,0.425,17,39,0.436,14,19,0.737,8,33,41,23,11,4,14,10,-15.0,2024-25
22024,1610612764,WAS,Washington Wizards,0022400627,2025-03-19,WAS @ UTA,L,240,112,43,93,0.462,12,45,0.267,14,18,0.778,13,24,37,30,12,4,13,13,-16.0,2024-25
22024,1610612764,WAS,Washington Wizards,0022400995,2025-03-17,WAS @ POR,L,241,97,38,92,0.413,12,40,0.3,9,12,0.75,11,38,49,27,6,7,16,16,-15.0,2024-25
22024,1610612764,WAS,Washington Wizards,0022400975,2025-03-15,WAS @ DEN,W,240,126,46,95,0.484,19,45,0.422,15,17,0.882,13,31,44,34,11,4,17,17,3.0,2024-25
22024,1610612764,WAS,Washington Wizards,0022400954,2025-03-13,WAS @ DET,W,240,129,43,90,0.478,20,45,0.444,23,27,0.852,10,37,47,30,10,5,15,29,4.0,2024-25
22024,1610612764,WAS,Washington Wizards,0022400941,2025-03-11,WAS @ DET,L,240,103,37,92,0.402,13,39,0.333,16,20,0.8,12,35,47,20,7,4,13,18,-20.0,2024-25
22024,1610612764,WAS,Washington Wizards,0022400932,2025-03-10,WAS @ TOR,L,240,104,38,105,0.362,16,55,0.291,12,15,0.8,16,38,54,25,5,12,8,20,-15.0,2024-25
22024,1610612764,WAS,Washington Wizards,0022400915,2025-03-08,WAS @ TOR,W,240,118,44,100,0.44,13,38,0.342,17,23,0.739,22,28,50,29,12,7,15,18,1.0,2024-25
22024,1610612764,WAS,Washington Wizards,0022400894,2025-03-05,WAS vs. UTA,W,239,125,42,95,0.442,17,47,0.362,24,29,0.828,10,35,45,32,9,12,9,18,3.0,2024-25
22024,1610612764,WAS,Washington Wizards,0022400877,2025-03-03,WAS @ MIA,L,238,90,31,84,0.369,10,35,0.286,18,22,0.818,7,36,43,22,8,0,13,17,-16.0,2024-25
22024,1610612764,WAS,Washington Wizards,0022400860,2025-03-01,WAS @ CHA,W,241,113,40,88,0.455,17,50,0.34,16,17,0.941,12,36,48,33,13,7,15,10,13.0,2024-25
22024,1610612764,WAS,Washington Wizards,0022400839,2025-02-26,WAS vs. POR,L,239,121,43,83,0.518,12,36,0.333,23,33,0.697,7,34,41,25,9,8,19,26,-8.0,2024-25
22024,1610612764,WAS,Washington Wizards,0022400824,2025-02-24,WAS vs. BKN,W,239,107,35,70,0.5,13,31,0.419,24,25,0.96,7,30,37,26,7,8,24,26,8.0,2024-25
22024,1610612764,WAS,Washington Wizards,0022400815,2025-02-23,WAS @ ORL,L,240,90,32,78,0.41,10,38,0.263,16,22,0.727,4,32,36,22,5,4,20,23,-20.0,2024-25
22024,1610612764,WAS,Washington Wizards,0022400799,2025-02-21,WAS vs. MIL,L,240,101,35,87,0.402,12,39,0.308,19,27,0.704,8,34,42,25,9,4,14,21,-3.0,2024-25
22024,1610612764,WAS,Washington Wizards,0022400771,2025-02-12,WAS vs. IND,L,266,130,47,97,0.485,23,45,0.511,13,16,0.813,7,39,46,29,5,7,16,20,-4.0,2024-25
22024,1610612764,WAS,Washington Wizards,0022400757,2025-02-10,WAS vs. SAS,L,240,121,45,93,0.484,14,47,0.298,17,19,0.895,10,32,42,26,5,3,14,23,-10.0,2024-25
22024,1610612764,WAS,Washington Wizards,0022400744,2025-02-08,WAS vs. ATL,L,240,111,41,93,0.441,9,36,0.25,20,21,0.952,14,39,53,26,6,2,17,18,-14.0,2024-25
22024,1610612764,WAS,Washington Wizards,0022400735,2025-02-07,WAS vs. CLE,L,240,124,46,94,0.489,16,44,0.364,16,25,0.64,16,24,40,25,8,2,13,17,-10.0,2024-25
22024,1610612764,WAS,Washington Wizards,0022400720,2025-02-05,WAS @ BKN,W,240,119,44,81,0.543,20,43,0.465,11,14,0.786,7,33,40,40,6,3,14,21,17.0,2024-25
22024,1610612764,WAS,Washington Wizards,0022400700,2025-02-03,WAS @ CHA,W,242,124,44,99,0.444,17,51,0.333,19,23,0.826,18,36,54,29,6,5,10,21,10.0,2024-25
22024,1610612764,WAS,Washington Wizards,0022400690,2025-02-01,WAS @ MIN,W,240,105,38,83,0.458,15,33,0.455,14,17,0.824,7,37,44,26,7,6,16,21,2.0,2024-25
22024,1610612764,WAS,Washington Wizards,0022400674,2025-01-30,WAS vs. LAL,L,240,96,29,91,0.319,10,44,0.227,28,34,0.824,12,26,38,18,4,6,13,18,-38.0,2024-25
22024,1610612764,WAS,Washington Wizards,0022400665,2025-01-29,WAS vs. TOR,L,239,82,28,72,0.389,5,30,0.167,21,29,0.724,10,33,43,17,6,5,25,21,-24.0,2024-25
22024,1610612764,WAS,Washington Wizards,0022400657,2025-01-27,WAS @ DAL,L,240,108,42,101,0.416,11,37,0.297,13,17,0.765,14,31,45,23,5,3,11,15,-22.0,2024-25
22024,1610612764,WAS,Washington Wizards,0022400645,2025-01-25,WAS @ PHX,L,240,109,42,90,0.467,18,41,0.439,7,9,0.778,5,32,37,28,8,5,8,17,-10.0,2024-25
22024,1610612764,WAS,Washington Wizards,0022400983,2025-01-23,WAS @ LAC,L,242,93,32,94,0.34,11,46,0.239,18,21,0.857,14,35,49,24,14,1,15,21,-17.0,2024-25
22024,1610612764,WAS,Washington Wizards,0022400610,2025-01-21,WAS @ LAL,L,240,88,34,95,0.358,11,43,0.256,9,13,0.692,9,37,46,25,8,8,11,18,-23.0,2024-25
22024,1610612764,WAS,Washington Wizards,0022400598,2025-01-19,WAS @ SAC,L,239,100,32,89,0.36,10,42,0.238,26,32,0.813,10,36,46,19,6,1,16,16,-23.0,2024-25
22024,1610612764,WAS,Washington Wizards,0022400589,2025-01-18,WAS @ GSW,L,239,114,38,86,0.442,22,45,0.489,16,23,0.696,11,33,44,24,5,2,13,21,-8.0,2024-25
22024,1610612764,WAS,Washington Wizards,0022400573,2025-01-16,WAS vs. PHX,L,239,123,46,92,0.5,13,41,0.317,18,27,0.667,12,33,45,28,13,4,13,22,-7.0,2024-25
22024,1610612764,WAS,Washington Wizards,0022400548,2025-01-13,WAS vs. MIN,L,240,106,40,91,0.44,17,40,0.425,9,15,0.6,8,26,34,27,13,3,11,18,-14.0,2024-25
22024,1610612764,WAS,Washington Wizards,0022400545,2025-01-12,WAS vs. OKC,L,239,95,28,83,0.337,9,46,0.196,30,33,0.909,8,31,39,20,6,6,16,23,-41.0,2024-25
22024,1610612764,WAS,Washington Wizards,0022400530,2025-01-10,WAS @ CHI,L,239,105,39,98,0.398,18,46,0.391,9,13,0.692,13,32,45,26,6,4,15,15,-33.0,2024-25
22024,1610612764,WAS,Washington Wizards,0022400512,2025-01-08,WAS @ PHI,L,241,103,42,94,0.447,13,30,0.433,6,9,0.667,18,33,51,26,3,6,17,18,-6.0,2024-25
22024,1610612764,WAS,Washington Wizards,0022400503,2025-01-07,WAS vs. HOU,L,240,112,41,89,0.461,15,40,0.375,15,20,0.75,16,27,43,21,6,4,18,19,-23.0,2024-25
22024,1610612764,WAS,Washington Wizards,0022400489,2025-01-05,WAS vs. NOP,L,240,98,38,89,0.427,11,41,0.268,11,14,0.786,9,37,46,25,6,4,15,18,-12.0,2024-25
22024,1610612764,WAS,Washington Wizards,0022400472,2025-01-03,WAS @ NOP,L,239,120,45,84,0.536,9,28,0.321,21,27,0.778,14,34,48,28,6,0,21,23,-12.0,2024-25
22024,1610612764,WAS,Washington Wizards,0022400456,2025-01-01,WAS vs. CHI,W,243,125,49,99,0.495,17,36,0.472,10,12,0.833,8,34,42,36,11,3,15,13,18.0,2024-25
22024,1610612764,WAS,Washington Wizards,0022400443,2024-12-30,WAS vs. NYK,L,241,106,39,92,0.424,12,43,0.279,16,22,0.727,12,34,46,25,6,8,13,23,-20.0,2024-25
22024,1610612764,WAS,Washington Wizards,0022400429,2024-12-28,WAS vs. NYK,L,265,132,51,99,0.515,17,38,0.447,13,15,0.867,11,33,44,32,7,4,15,22,-4.0,2024-25
22024,1610612764,WAS,Washington Wizards,0022400412,2024-12-26,WAS vs. CHA,W,239,113,39,91,0.429,14,44,0.318,21,28,0.75,8,35,43,25,9,7,11,19,3.0,2024-25
22024,1610612764,WAS,Washington Wizards,0022400400,2024-12-23,WAS @ OKC,L,240,105,36,91,0.396,16,43,0.372,17,20,0.85,13,38,51,25,7,8,19,16,-18.0,2024-25
22024,1610612764,WAS,Washington Wizards,0022400382,2024-12-21,WAS @ MIL,L,241,101,36,81,0.444,18,42,0.429,11,16,0.688,8,39,47,20,7,4,19,10,-11.0,2024-25
22024,1610612764,WAS,Washington Wizards,0022400362,2024-12-19,WAS vs. CHA,W,241,123,41,83,0.494,17,42,0.405,24,31,0.774,12,40,52,33,5,8,18,18,9.0,2024-25
22024,1610612764,WAS,Washington Wizards,0022401217,2024-12-15,WAS vs. BOS,L,239,98,40,99,0.404,13,40,0.325,5,8,0.625,17,34,51,22,10,7,16,25,-14.0,2024-25
22024,1610612764,WAS,Washington Wizards,0022401208,2024-12-13,WAS @ CLE,L,241,105,41,86,0.477,14,40,0.35,9,11,0.818,6,38,44,24,7,7,17,28,-10.0,2024-25
22024,1610612764,WAS,Washington Wizards,0022400353,2024-12-08,WAS vs. MEM,L,240,112,43,100,0.43,6,32,0.188,20,22,0.909,20,32,52,20,10,5,21,25,-28.0,2024-25
22024,1610612764,WAS,Washington Wizards,0022400341,2024-12-07,WAS vs. DEN,W,240,122,45,93,0.484,16,41,0.39,16,22,0.727,15,31,46,31,9,12,17,21,9.0,2024-25
22024,1610612764,WAS,Washington Wizards,0022400326,2024-12-05,WAS vs. DAL,L,239,101,39,99,0.394,13,40,0.325,10,15,0.667,12,27,39,25,10,3,12,19,-36.0,2024-25
22024,1610612764,WAS,Washington Wizards,0022400051,2024-12-03,WAS @ CLE,L,240,87,32,83,0.386,4,26,0.154,19,25,0.76,13,39,52,18,4,8,20,21,-31.0,2024-25
22024,1610612764,WAS,Washington Wizards,0022400302,2024-11-30,WAS @ MIL,L,240,114,41,87,0.471,9,32,0.281,23,24,0.958,8,33,41,24,7,3,12,26,-10.0,2024-25
22024,1610612764,WAS,Washington Wizards,0022400291,2024-11-27,WAS vs. LAC,L,242,96,35,85,0.412,8,33,0.242,18,22,0.818,11,29,40,21,9,4,20,18,-25.0,2024-25
22024,1610612764,WAS,Washington Wizards,0022400035,2024-11-26,WAS vs. CHI,L,241,108,39,91,0.429,10,37,0.27,20,31,0.645,5,38,43,27,7,3,12,18,-19.0,2024-25
22024,1610612764,WAS,Washington Wizards,0022400272,2024-11-24,WAS @ IND,L,238,103,36,79,0.456,11,35,0.314,20,25,0.8,8,33,41,24,8,5,16,19,-12.0,2024-25
22024,1610612764,WAS,Washington Wizards,0022400028,2024-11-22,WAS vs. BOS,L,239,96,39,90,0.433,7,28,0.25,11,16,0.688,10,38,48,19,6,4,19,29,-12.0,2024-25
22024,1610612764,WAS,Washington Wizards,0022400246,2024-11-18,WAS @ NYK,L,241,106,43,91,0.473,11,33,0.333,9,16,0.563,12,29,41,23,5,3,10,19,-28.0,2024-25
22024,1610612764,WAS,Washington Wizards,0022400237,2024-11-17,WAS vs. DET,L,241,104,39,83,0.47,12,27,0.444,14,20,0.7,5,34,39,21,6,3,17,16,-20.0,2024-25
22024,1610612764,WAS,Washington Wizards,0022400012,2024-11-15,WAS @ ATL,L,240,117,43,106,0.406,15,43,0.349,16,21,0.762,13,39,52,28,11,5,15,23,-12.0,2024-25
22024,1610612764,WAS,Washington Wizards,0022400224,2024-11-13,WAS @ SAS,L,240,130,49,95,0.516,18,44,0.409,14,16,0.875,11,30,41,27,5,5,18,23,-9.0,2024-25
22024,1610612764,WAS,Washington Wizards,0022400213,2024-11-11,WAS @ HOU,L,241,92,36,88,0.409,11,31,0.355,9,13,0.692,8,26,34,21,14,5,18,17,-15.0,2024-25
22024,1610612764,WAS,Washington Wizards,0022400204,2024-11-10,WAS @ ORL,L,240,94,33,72,0.458,10,33,0.303,18,25,0.72,7,30,37,20,4,7,16,25,-27.0,2024-25
22024,1610612764,WAS,Washington Wizards,0022400191,2024-11-08,WAS @ MEM,L,241,104,38,93,0.409,9,35,0.257,19,23,0.826,11,30,41,27,14,8,18,27,-24.0,2024-25
22024,1610612764,WAS,Washington Wizards,0022400155,2024-11-04,WAS vs. GSW,L,240,112,42,96,0.438,10,43,0.233,18,21,0.857,8,39,47,29,4,8,9,23,-13.0,2024-25
22024,1610612764,WAS,Washington Wizards,0022400147,2024-11-02,MIA @ WAS,L,240,98,38,91,0.418,7,35,0.2,15,21,0.714,8,36,44,23,12,10,11,22,-20.0,2024-25
22024,1610612764,WAS,Washington Wizards,0022400121,2024-10-30,WAS vs. ATL,W,242,133,47,89,0.528,16,38,0.421,23,25,0.92,6,31,37,32,10,5,14,21,13.0,2024-25
22024,1610612764,WAS,Washington Wizards,0022400103,2024-10-28,WAS @ ATL,W,240,121,41,91,0.451,21,44,0.477,18,22,0.818,9,34,43,24,7,3,18,25,2.0,2024-25
22024,1610612764,WAS,Washington Wizards,0022400090,2024-10-26,WAS vs. CLE,L,239,116,37,96,0.385,15,43,0.349,27,32,0.844,18,28,46,25,6,9,15,25,-19.0,2024-25
22024,1610612764,WAS,Washington Wizards,0022400073,2024-10-24,WAS vs. BOS,L,240,102,41,95,0.432,7,36,0.194,13,18,0.722,10,30,40,27,9,6,13,19,-20.0,2024-25
22025,1610612764,WAS,Washington Wizards,0022500351,2025-12-06,WAS vs. ATL,L,240,116,41,80,0.513,17,38,0.447,17,19,0.895,4,22,26,29,6,5,20,18,-15.0,2025-26
22025,1610612764,WAS,Washington Wizards,0022500334,2025-12-04,WAS vs. BOS,L,240,101,35,84,0.417,10,31,0.323,21,25,0.84,12,25,37,21,5,4,18,22,-45.0,2025-26
22025,1610612764,WAS,Washington Wizards,0022500318,2025-12-02,WAS @ PHI,L,240,102,35,88,0.398,9,36,0.25,23,32,0.719,16,37,53,23,5,11,15,15,-19.0,2025-26
22025,1610612764,WAS,Washington Wizards,0022500311,2025-12-01,WAS vs. MIL,W,240,129,53,102,0.52,13,36,0.361,10,15,0.667,14,27,41,29,9,4,10,17,3.0,2025-26
22025,1610612764,WAS,Washington Wizards,0022500073,2025-11-28,WAS @ IND,L,242,86,33,84,0.393,7,32,0.219,13,20,0.65,11,31,42,18,6,7,17,17,-33.0,2025-26
22025,1610612764,WAS,Washington Wizards,0022500057,2025-11-25,WAS vs. ATL,W,240,132,48,84,0.571,19,38,0.5,17,26,0.654,6,30,36,30,13,8,12,19,19.0,2025-26
22025,1610612764,WAS,Washington Wizards,0022500271,2025-11-22,WAS @ CHI,L,241,120,44,96,0.458,16,36,0.444,16,20,0.8,15,40,55,33,9,4,15,23,-1.0,2025-26
22025,1610612764,WAS,Washington Wizards,0022500050,2025-11-21,WAS @ TOR,L,239,110,39,86,0.453,12,41,0.293,20,24,0.833,7,22,29,26,9,4,17,22,-30.0,2025-26
22025,1610612764,WAS,Washington Wizards,0022500259,2025-11-19,WAS @ MIN,L,240,109,43,88,0.489,14,32,0.438,9,12,0.75,12,31,43,25,6,6,17,26,-11.0,2025-26
22025,1610612764,WAS,Washington Wizards,0022500235,2025-11-16,WAS vs. BKN,L,241,106,37,84,0.44,12,34,0.353,20,22,0.909,3,30,33,21,7,3,10,25,-23.0,2025-26
22025,1610612764,WAS,Washington Wizards,0022500218,2025-11-12,WAS @ HOU,L,238,112,42,92,0.457,15,38,0.395,13,19,0.684,12,25,37,25,6,5,12,22,-23.0,2025-26
22025,1610612764,WAS,Washington Wizards,0022500199,2025-11-10,WAS @ DET,L,264,135,50,95,0.526,15,38,0.395,20,26,0.769,11,35,46,26,10,6,20,28,-2.0,2025-26
22025,1610612764,WAS,Washington Wizards,0022500183,2025-11-08,WAS vs. DAL,L,240,105,37,89,0.416,11,35,0.314,20,23,0.87,12,32,44,17,7,7,18,21,-6.0,2025-26
22025,1610612764,WAS,Washington Wizards,0022500029,2025-11-07,WAS vs. CLE,L,240,115,41,91,0.451,15,41,0.366,18,23,0.783,16,28,44,32,5,7,20,24,-33.0,2025-26
22025,1610612764,WAS,Washington Wizards,0022500174,2025-11-05,WAS @ BOS,L,240,107,39,80,0.488,9,27,0.333,20,27,0.741,11,29,40,25,2,5,19,18,-29.0,2025-26
22025,1610612764,WAS,Washington Wizards,0022500159,2025-11-03,WAS @ NYK,L,238,102,38,81,0.469,13,35,0.371,13,19,0.684,7,37,44,30,7,5,20,21,-17.0,2025-26
22025,1610612764,WAS,Washington Wizards,0022500145,2025-11-01,WAS vs. ORL,L,240,94,39,98,0.398,9,27,0.333,7,15,0.467,11,29,40,19,7,9,17,23,-31.0,2025-26
22025,1610612764,WAS,Washington Wizards,0022500140,2025-10-30,WAS @ OKC,L,242,108,38,84,0.452,17,40,0.425,15,17,0.882,12,37,49,25,3,6,22,26,-19.0,2025-26
22025,1610612764,WAS,Washington Wizards,0022500123,2025-10-28,WAS vs. PHI,L,266,134,51,107,0.477,17,43,0.395,15,21,0.714,13,37,50,33,10,5,15,30,-5.0,2025-26
22025,1610612764,WAS,Washington Wizards,0022500109,2025-10-26,WAS vs. CHA,L,240,113,41,91,0.451,10,34,0.294,21,25,0.84,7,33,40,25,5,4,15,27,-26.0,2025-26
22025,1610612764,WAS,Washington Wizards,0022500096,2025-10-24,WAS @ DAL,W,239,117,41,90,0.456,15,36,0.417,20,29,0.69,10,38,48,27,11,8,15,24,10.0,2025-26
22025,1610612764,WAS,Washington Wizards,0022500086,2025-10-22,WAS @ MIL,L,241,120,46,98,0.469,17,42,0.405,11,19,0.579,13,43,56,23,5,4,13,19,-13.0,2025-26
