SEASON_ID,TEAM_ID,TEAM_ABBREVIATION,TEAM_NAME,GAME_ID,GAME_DATE,MATCHUP,WL,MIN,PTS,FGM,FGA,FG_PCT,FG3M,FG3A,FG3_PCT,FTM,FTA,FT_PCT,OREB,DREB,REB,AST,STL,BLK,TOV,PF,PLUS_MINUS,SEASON
22000,1610612744,GSW,Golden State Warriors,0020001188,2001-04-18,GSW vs. VAN,L,241,81,31,102,0.304,3,11,0.273,16,26,0.615,33,28,61,21,7,10,14,22,-14.0,2000-01
22000,1610612744,GSW,Golden State Warriors,0020001168,2001-04-16,GSW vs. DAL,L,239,101,35,84,0.417,1,6,0.167,30,42,0.714,15,24,39,20,11,5,14,29,-9.0,2000-01
22000,1610612744,GSW,Golden State Warriors,0020001152,2001-04-14,GSW vs. LAC,L,240,94,41,108,0.38,0,6,0.0,12,17,0.706,30,29,59,21,5,3,14,21,-12.0,2000-01
22000,1610612744,GSW,Golden State Warriors,0020001145,2001-04-13,GSW @ DEN,L,239,92,38,92,0.413,1,6,0.167,15,25,0.6,23,31,54,22,6,18,8,16,-16.0,2000-01
22000,1610612744,GSW,Golden State Warriors,0020001131,2001-04-11,GSW @ SEA,L,241,101,42,79,0.532,2,6,0.333,15,18,0.833,10,19,29,23,11,4,16,23,-6.0,2000-01
22000,1610612744,GSW,Golden State Warriors,0020001123,2001-04-10,GSW @ POR,L,239,88,34,83,0.41,2,5,0.4,18,26,0.692,17,25,42,15,8,1,15,24,-28.0,2000-01
22000,1610612744,GSW,Golden State Warriors,0020001108,2001-04-08,GSW vs. SAS,L,239,76,31,86,0.36,2,8,0.25,12,18,0.667,22,30,52,19,7,2,16,22,-8.0,2000-01
22000,1610612744,GSW,Golden State Warriors,0020001095,2001-04-06,GSW vs. POR,L,240,91,33,95,0.347,2,10,0.2,23,35,0.657,25,20,45,17,17,9,20,22,-31.0,2000-01
22000,1610612744,GSW,Golden State Warriors,0020001080,2001-04-04,GSW vs. MIL,L,240,78,30,89,0.337,0,6,0.0,18,26,0.692,24,28,52,11,8,5,20,15,-30.0,2000-01
22000,1610612744,GSW,Golden State Warriors,0020001057,2001-04-01,GSW @ DET,L,240,87,34,100,0.34,4,13,0.308,15,20,0.75,23,27,50,20,6,3,15,21,-17.0,2000-01
22000,1610612744,GSW,Golden State Warriors,0020001039,2001-03-30,GSW @ PHI,L,240,89,33,94,0.351,3,11,0.273,20,24,0.833,21,24,45,23,8,4,10,16,-13.0,2000-01
22000,1610612744,GSW,Golden State Warriors,0020001031,2001-03-29,GSW @ WAS,L,241,100,43,98,0.439,4,13,0.308,10,17,0.588,15,17,32,28,16,3,11,25,-16.0,2000-01
22000,1610612744,GSW,Golden State Warriors,0020001015,2001-03-26,GSW vs. NYK,L,266,87,34,93,0.366,3,9,0.333,16,22,0.727,17,29,46,26,15,7,11,16,-2.0,2000-01
22000,1610612744,GSW,Golden State Warriors,0020001002,2001-03-24,GSW vs. DET,W,242,103,38,97,0.392,3,10,0.3,24,32,0.75,20,41,61,24,8,7,12,25,8.0,2000-01
22000,1610612744,GSW,Golden State Warriors,0020000983,2001-03-21,GSW vs. WAS,L,240,94,38,81,0.469,1,7,0.143,17,26,0.654,12,30,42,26,10,10,16,19,-5.0,2000-01
22000,1610612744,GSW,Golden State Warriors,0020000964,2001-03-18,GSW vs. SEA,L,241,99,39,93,0.419,5,14,0.357,16,19,0.842,21,33,54,26,1,6,13,22,-5.0,2000-01
22000,1610612744,GSW,Golden State Warriors,0020000949,2001-03-16,GSW @ LAC,L,240,76,32,98,0.327,2,9,0.222,10,18,0.556,24,29,53,21,6,5,11,16,-18.0,2000-01
22000,1610612744,GSW,Golden State Warriors,0020000933,2001-03-14,GSW vs. UTA,L,238,83,29,81,0.358,4,13,0.308,21,32,0.656,21,20,41,17,10,7,13,20,-19.0,2000-01
22000,1610612744,GSW,Golden State Warriors,0020000917,2001-03-12,GSW vs. DEN,L,240,79,30,83,0.361,5,9,0.556,14,28,0.5,17,30,47,19,6,6,14,22,-5.0,2000-01
22000,1610612744,GSW,Golden State Warriors,0020000904,2001-03-10,GSW @ HOU,L,239,81,32,81,0.395,1,9,0.111,16,17,0.941,11,28,39,16,12,6,19,19,-5.0,2000-01
22000,1610612744,GSW,Golden State Warriors,0020000894,2001-03-09,GSW @ DAL,L,240,73,25,79,0.316,1,10,0.1,22,34,0.647,19,34,53,14,8,8,23,27,-29.0,2000-01
22000,1610612744,GSW,Golden State Warriors,0020000871,2001-03-06,GSW vs. LAL,L,241,85,35,93,0.376,3,13,0.231,12,21,0.571,20,30,50,22,8,3,14,24,-12.0,2000-01
22000,1610612744,GSW,Golden State Warriors,0020000860,2001-03-04,GSW @ LAL,L,241,95,35,93,0.376,1,6,0.167,24,28,0.857,22,21,43,17,9,4,16,23,-15.0,2000-01
22000,1610612744,GSW,Golden State Warriors,0020000851,2001-03-03,GSW @ POR,L,240,91,38,92,0.413,3,11,0.273,12,18,0.667,16,26,42,23,8,6,13,16,-31.0,2000-01
22000,1610612744,GSW,Golden State Warriors,0020000831,2001-02-28,GSW vs. SAC,L,240,101,45,99,0.455,4,17,0.235,7,8,0.875,16,31,47,25,12,8,16,20,-21.0,2000-01
22000,1610612744,GSW,Golden State Warriors,0020000811,2001-02-26,GSW @ CHI,W,240,84,35,76,0.461,1,6,0.167,13,24,0.542,9,37,46,23,10,8,18,18,6.0,2000-01
22000,1610612744,GSW,Golden State Warriors,0020000805,2001-02-25,GSW @ MIL,L,239,95,40,89,0.449,1,7,0.143,14,25,0.56,15,23,38,26,8,6,11,14,-27.0,2000-01
22000,1610612744,GSW,Golden State Warriors,0020000789,2001-02-23,GSW @ MIN,L,240,83,33,91,0.363,3,14,0.214,14,18,0.778,20,27,47,22,5,2,15,13,-39.0,2000-01
22000,1610612744,GSW,Golden State Warriors,0020000780,2001-02-22,GSW @ CHH,L,241,91,36,87,0.414,5,9,0.556,14,16,0.875,10,25,35,22,10,2,11,15,-2.0,2000-01
22000,1610612744,GSW,Golden State Warriors,0020000765,2001-02-20,GSW @ TOR,L,240,102,42,96,0.438,3,11,0.273,15,25,0.6,17,26,43,30,11,10,12,17,-11.0,2000-01
22000,1610612744,GSW,Golden State Warriors,0020000756,2001-02-18,GSW vs. ATL,L,240,91,34,95,0.358,5,15,0.333,18,26,0.692,23,34,57,19,8,2,16,25,-7.0,2000-01
22000,1610612744,GSW,Golden State Warriors,0020000741,2001-02-16,GSW vs. VAN,L,239,79,33,80,0.413,1,12,0.083,12,14,0.857,16,27,43,22,8,1,20,19,-13.0,2000-01
22000,1610612744,GSW,Golden State Warriors,0020000735,2001-02-15,GSW @ VAN,L,241,89,35,92,0.38,1,13,0.077,18,25,0.72,15,27,42,22,11,6,11,21,-10.0,2000-01
22000,1610612744,GSW,Golden State Warriors,0020000720,2001-02-13,GSW vs. PHX,L,240,83,35,87,0.402,5,10,0.5,8,13,0.615,11,39,50,22,6,2,17,17,-10.0,2000-01
22000,1610612744,GSW,Golden State Warriors,0020000703,2001-02-07,GSW vs. LAC,W,242,89,35,87,0.402,5,16,0.313,14,24,0.583,20,31,51,21,11,8,13,20,1.0,2000-01
22000,1610612744,GSW,Golden State Warriors,0020000687,2001-02-05,GSW @ SAS,L,238,85,32,81,0.395,5,15,0.333,16,24,0.667,9,28,37,17,11,4,13,24,-24.0,2000-01
22000,1610612744,GSW,Golden State Warriors,0020000673,2001-02-03,GSW @ DAL,L,240,95,37,82,0.451,7,18,0.389,14,21,0.667,13,34,47,23,4,5,19,19,-6.0,2000-01
22000,1610612744,GSW,Golden State Warriors,0020000643,2001-01-30,GSW @ SAC,L,239,79,32,101,0.317,2,11,0.182,13,24,0.542,27,31,58,22,10,6,14,17,-26.0,2000-01
22000,1610612744,GSW,Golden State Warriors,0020000637,2001-01-29,GSW vs. CHH,L,241,85,35,93,0.376,4,16,0.25,11,18,0.611,15,32,47,22,6,6,12,18,-8.0,2000-01
22000,1610612744,GSW,Golden State Warriors,0020000617,2001-01-26,GSW vs. SEA,L,240,105,44,99,0.444,11,25,0.44,6,9,0.667,14,30,44,35,13,2,12,20,-2.0,2000-01
22000,1610612744,GSW,Golden State Warriors,0020000606,2001-01-24,GSW vs. NJN,W,240,109,39,85,0.459,5,17,0.294,26,33,0.788,14,36,50,17,17,4,18,21,22.0,2000-01
22000,1610612744,GSW,Golden State Warriors,0020000597,2001-01-23,GSW @ UTA,L,240,78,28,89,0.315,5,20,0.25,17,24,0.708,17,21,38,15,15,6,14,23,-22.0,2000-01
22000,1610612744,GSW,Golden State Warriors,0020000584,2001-01-21,GSW vs. BOS,W,241,94,31,77,0.403,11,23,0.478,21,28,0.75,10,33,43,26,11,4,23,24,3.0,2000-01
22000,1610612744,GSW,Golden State Warriors,0020000570,2001-01-19,GSW @ PHX,W,239,103,35,79,0.443,2,12,0.167,31,34,0.912,14,32,46,25,13,3,16,23,8.0,2000-01
22000,1610612744,GSW,Golden State Warriors,0020000563,2001-01-18,GSW vs. HOU,L,240,104,41,89,0.461,6,16,0.375,16,23,0.696,13,27,40,25,8,2,13,21,-8.0,2000-01
22000,1610612744,GSW,Golden State Warriors,0020000546,2001-01-15,GSW vs. CLE,L,239,101,33,75,0.44,7,18,0.389,28,36,0.778,14,25,39,26,8,4,16,24,-6.0,2000-01
22000,1610612744,GSW,Golden State Warriors,0020000523,2001-01-13,GSW @ ORL,L,239,94,35,79,0.443,5,15,0.333,19,28,0.679,8,40,48,18,3,4,17,24,-17.0,2000-01
22000,1610612744,GSW,Golden State Warriors,0020000510,2001-01-11,GSW @ ATL,L,240,96,37,86,0.43,5,18,0.278,17,18,0.944,18,23,41,18,11,3,18,19,-11.0,2000-01
22000,1610612744,GSW,Golden State Warriors,0020000487,2001-01-08,GSW @ MIA,L,240,78,34,79,0.43,2,12,0.167,8,10,0.8,12,34,46,16,4,4,18,19,-10.0,2000-01
22000,1610612744,GSW,Golden State Warriors,0020000473,2001-01-06,GSW @ NJN,L,240,92,29,77,0.377,3,11,0.273,31,40,0.775,15,31,46,21,12,4,17,29,-5.0,2000-01
22000,1610612744,GSW,Golden State Warriors,0020000465,2001-01-05,GSW @ BOS,W,240,100,37,80,0.463,5,10,0.5,21,27,0.778,11,39,50,24,6,6,16,16,12.0,2000-01
22000,1610612744,GSW,Golden State Warriors,0020000457,2001-01-03,GSW vs. DEN,L,238,100,40,96,0.417,3,14,0.214,17,19,0.895,15,35,50,30,11,5,14,20,-11.0,2000-01
22000,1610612744,GSW,Golden State Warriors,0020000437,2000-12-30,GSW @ VAN,W,241,102,36,80,0.45,0,8,0.0,30,42,0.714,18,27,45,20,9,1,20,19,1.0,2000-01
22000,1610612744,GSW,Golden State Warriors,0020000425,2000-12-29,GSW vs. UTA,W,240,100,41,77,0.532,4,11,0.364,14,24,0.583,12,32,44,25,9,2,12,20,11.0,2000-01
22000,1610612744,GSW,Golden State Warriors,0020000411,2000-12-27,GSW vs. PHI,L,239,110,43,87,0.494,9,17,0.529,15,19,0.789,12,23,35,25,9,1,11,21,-8.0,2000-01
22000,1610612744,GSW,Golden State Warriors,0020000391,2000-12-23,GSW @ HOU,W,241,95,35,79,0.443,5,11,0.455,20,26,0.769,11,32,43,19,12,2,17,16,8.0,2000-01
22000,1610612744,GSW,Golden State Warriors,0020000380,2000-12-22,GSW @ SAS,L,239,87,33,93,0.355,2,9,0.222,19,23,0.826,20,30,50,15,10,3,14,18,-18.0,2000-01
22000,1610612744,GSW,Golden State Warriors,0020000358,2000-12-19,GSW vs. MIN,W,239,120,44,85,0.518,3,11,0.273,29,38,0.763,16,26,42,29,15,7,11,17,21.0,2000-01
22000,1610612744,GSW,Golden State Warriors,0020000344,2000-12-16,GSW vs. MIA,L,241,85,35,76,0.461,0,13,0.0,15,19,0.789,9,28,37,19,11,3,19,26,-8.0,2000-01
22000,1610612744,GSW,Golden State Warriors,0020000324,2000-12-14,GSW vs. HOU,L,239,95,40,100,0.4,1,9,0.111,14,17,0.824,21,25,46,26,9,3,9,19,-3.0,2000-01
22000,1610612744,GSW,Golden State Warriors,0020000310,2000-12-12,GSW vs. POR,L,240,93,36,89,0.404,6,15,0.4,15,22,0.682,22,27,49,23,6,4,18,25,-8.0,2000-01
22000,1610612744,GSW,Golden State Warriors,0020000290,2000-12-09,GSW @ UTA,L,240,114,45,90,0.5,5,18,0.278,19,26,0.731,16,20,36,24,10,3,16,30,-11.0,2000-01
22000,1610612744,GSW,Golden State Warriors,0020000281,2000-12-08,GSW vs. TOR,L,239,92,36,87,0.414,3,11,0.273,17,27,0.63,18,18,36,23,6,4,20,25,-16.0,2000-01
22000,1610612744,GSW,Golden State Warriors,0020000267,2000-12-06,GSW vs. LAL,W,265,125,49,94,0.521,6,12,0.5,21,30,0.7,14,23,37,34,12,7,18,25,3.0,2000-01
22000,1610612744,GSW,Golden State Warriors,0020000247,2000-12-03,GSW @ SEA,L,240,102,42,91,0.462,3,15,0.2,15,21,0.714,15,22,37,30,6,5,12,23,-16.0,2000-01
22000,1610612744,GSW,Golden State Warriors,0020000241,2000-12-02,GSW vs. DAL,L,240,78,30,91,0.33,2,13,0.154,16,25,0.64,20,32,52,21,10,3,13,19,-19.0,2000-01
22000,1610612744,GSW,Golden State Warriors,0020000220,2000-11-30,GSW vs. IND,W,241,99,36,76,0.474,5,16,0.313,22,32,0.688,12,32,44,16,9,9,16,22,4.0,2000-01
22000,1610612744,GSW,Golden State Warriors,0020000215,2000-11-29,GSW @ LAC,L,239,83,30,80,0.375,3,9,0.333,20,28,0.714,15,22,37,18,5,3,15,24,-23.0,2000-01
22000,1610612744,GSW,Golden State Warriors,0020000190,2000-11-25,GSW vs. MIN,W,241,114,43,75,0.573,2,8,0.25,26,45,0.578,12,34,46,34,11,7,12,24,21.0,2000-01
22000,1610612744,GSW,Golden State Warriors,0020000179,2000-11-24,GSW @ PHX,L,240,74,32,86,0.372,4,10,0.4,6,12,0.5,12,38,50,16,6,10,15,23,-6.0,2000-01
22000,1610612744,GSW,Golden State Warriors,0020000168,2000-11-22,GSW @ LAL,L,240,91,35,93,0.376,4,10,0.4,17,19,0.895,18,23,41,19,10,0,19,25,-20.0,2000-01
22000,1610612744,GSW,Golden State Warriors,0020000158,2000-11-21,GSW vs. CHI,W,240,89,35,83,0.422,1,5,0.2,18,26,0.692,18,35,53,20,5,8,15,15,12.0,2000-01
22000,1610612744,GSW,Golden State Warriors,0020000144,2000-11-19,GSW @ NYK,L,240,71,29,84,0.345,3,14,0.214,10,19,0.526,13,28,41,17,5,3,10,14,-17.0,2000-01
22000,1610612744,GSW,Golden State Warriors,0020000129,2000-11-17,GSW @ IND,W,239,92,34,79,0.43,1,7,0.143,23,25,0.92,15,31,46,20,6,9,15,20,2.0,2000-01
22000,1610612744,GSW,Golden State Warriors,0020000116,2000-11-15,GSW @ MIN,L,240,90,34,90,0.378,5,13,0.385,17,22,0.773,13,27,40,22,18,3,11,18,-2.0,2000-01
22000,1610612744,GSW,Golden State Warriors,0020000105,2000-11-14,GSW @ CLE,L,240,86,27,81,0.333,5,12,0.417,27,39,0.692,13,28,41,19,12,6,13,22,-10.0,2000-01
22000,1610612744,GSW,Golden State Warriors,0020000099,2000-11-12,GSW vs. ORL,L,266,99,40,80,0.5,2,13,0.154,17,26,0.654,13,36,49,27,8,5,30,29,-6.0,2000-01
22000,1610612744,GSW,Golden State Warriors,0020000085,2000-11-10,GSW vs. SAC,L,266,107,39,91,0.429,4,12,0.333,25,36,0.694,18,37,55,21,7,1,20,32,-7.0,2000-01
22000,1610612744,GSW,Golden State Warriors,0020000071,2000-11-08,GSW @ SAC,L,241,84,33,79,0.418,1,4,0.25,17,25,0.68,9,37,46,20,5,3,31,18,-31.0,2000-01
22000,1610612744,GSW,Golden State Warriors,0020000045,2000-11-04,GSW vs. SAS,L,241,105,43,105,0.41,7,16,0.438,12,22,0.545,21,25,46,22,9,7,7,22,-12.0,2000-01
22000,1610612744,GSW,Golden State Warriors,0020000025,2000-11-02,GSW @ DEN,L,242,97,38,95,0.4,4,12,0.333,17,28,0.607,16,35,51,21,7,14,15,29,-4.0,2000-01
22000,1610612744,GSW,Golden State Warriors,0020000011,2000-10-31,GSW vs. PHX,W,239,96,32,79,0.405,4,8,0.5,28,38,0.737,14,41,55,18,11,5,21,22,2.0,2000-01
22001,1610612744,GSW,Golden State Warriors,0020101189,2002-04-17,GSW vs. LAC,W,240,107,39,83,0.47,5,10,0.5,24,28,0.857,9,38,47,25,11,10,14,25,4.0,2001-02
22001,1610612744,GSW,Golden State Warriors,0020101174,2002-04-16,GSW @ SAC,L,240,106,44,92,0.478,5,15,0.333,13,16,0.813,8,27,35,20,9,6,11,22,-14.0,2001-02
22001,1610612744,GSW,Golden State Warriors,0020101153,2002-04-13,GSW vs. UTA,L,240,101,39,82,0.476,10,18,0.556,13,21,0.619,13,34,47,29,7,7,21,32,-8.0,2001-02
22001,1610612744,GSW,Golden State Warriors,0020101145,2002-04-12,GSW @ DEN,L,240,89,35,78,0.449,3,15,0.2,16,25,0.64,14,28,42,22,8,7,25,24,-8.0,2001-02
22001,1610612744,GSW,Golden State Warriors,0020101130,2002-04-10,GSW vs. SAC,L,241,116,46,103,0.447,6,18,0.333,18,29,0.621,24,28,52,26,13,4,17,21,-2.0,2001-02
22001,1610612744,GSW,Golden State Warriors,0020101112,2002-04-08,GSW vs. MIN,L,240,93,37,88,0.42,8,21,0.381,11,15,0.733,14,29,43,22,5,7,10,23,-7.0,2001-02
22001,1610612744,GSW,Golden State Warriors,0020101098,2002-04-06,GSW @ POR,L,241,86,39,88,0.443,2,13,0.154,6,9,0.667,10,29,39,26,6,7,18,12,-27.0,2001-02
22001,1610612744,GSW,Golden State Warriors,0020101092,2002-04-05,GSW vs. DEN,W,240,108,41,88,0.466,4,14,0.286,22,33,0.667,16,38,54,20,10,11,20,29,4.0,2001-02
22001,1610612744,GSW,Golden State Warriors,0020101066,2002-04-02,GSW vs. POR,W,240,107,46,85,0.541,10,20,0.5,5,9,0.556,12,30,42,23,8,6,13,22,16.0,2001-02
22001,1610612744,GSW,Golden State Warriors,0020101043,2002-03-30,GSW @ MEM,L,241,99,39,94,0.415,0,12,0.0,21,28,0.75,21,29,50,23,11,5,14,17,-6.0,2001-02
22001,1610612744,GSW,Golden State Warriors,0020101037,2002-03-29,GSW @ DET,L,240,103,39,87,0.448,9,19,0.474,16,24,0.667,14,33,47,23,5,6,18,29,-7.0,2001-02
22001,1610612744,GSW,Golden State Warriors,0020101017,2002-03-27,GSW @ BOS,L,240,99,36,90,0.4,10,22,0.455,17,26,0.654,18,38,56,25,9,3,18,22,-3.0,2001-02
22001,1610612744,GSW,Golden State Warriors,0020101013,2002-03-26,GSW @ MIN,W,240,115,44,85,0.518,6,17,0.353,21,26,0.808,12,36,48,29,6,8,14,27,9.0,2001-02
22001,1610612744,GSW,Golden State Warriors,0020101001,2002-03-24,GSW vs. HOU,L,240,104,39,92,0.424,5,18,0.278,21,24,0.875,14,20,34,18,8,7,11,22,-12.0,2001-02
22001,1610612744,GSW,Golden State Warriors,0020100991,2002-03-23,GSW @ UTA,L,241,103,36,81,0.444,5,19,0.263,26,37,0.703,10,27,37,24,9,12,14,23,-9.0,2001-02
22001,1610612744,GSW,Golden State Warriors,0020100978,2002-03-21,GSW vs. LAC,L,241,96,36,87,0.414,5,14,0.357,19,25,0.76,15,31,46,17,4,3,10,26,-20.0,2001-02
22001,1610612744,GSW,Golden State Warriors,0020100964,2002-03-19,GSW @ SEA,L,241,93,35,72,0.486,4,13,0.308,19,29,0.655,11,18,29,23,9,2,18,21,-17.0,2001-02
22001,1610612744,GSW,Golden State Warriors,0020100955,2002-03-18,GSW vs. WAS,L,240,96,33,76,0.434,10,28,0.357,20,31,0.645,17,27,44,26,3,6,16,22,-3.0,2001-02
22001,1610612744,GSW,Golden State Warriors,0020100943,2002-03-16,GSW vs. DAL,L,241,100,38,79,0.481,4,14,0.286,20,28,0.714,13,29,42,16,8,5,19,19,-17.0,2001-02
22001,1610612744,GSW,Golden State Warriors,0020100926,2002-03-14,GSW vs. LAL,L,239,102,36,88,0.409,5,14,0.357,25,33,0.758,13,35,48,17,8,6,14,31,-8.0,2001-02
22001,1610612744,GSW,Golden State Warriors,0020100907,2002-03-12,GSW @ IND,L,241,101,38,87,0.437,3,14,0.214,22,31,0.71,15,32,47,13,8,5,18,26,-13.0,2001-02
22001,1610612744,GSW,Golden State Warriors,0020100901,2002-03-11,GSW @ ATL,L,239,96,33,81,0.407,3,9,0.333,27,39,0.692,16,29,45,14,5,5,13,17,-25.0,2001-02
22001,1610612744,GSW,Golden State Warriors,0020100889,2002-03-09,GSW @ DAL,L,238,105,41,83,0.494,5,14,0.357,18,29,0.621,14,32,46,23,8,5,16,23,-2.0,2001-02
22001,1610612744,GSW,Golden State Warriors,0020100881,2002-03-08,GSW @ HOU,W,240,108,38,89,0.427,3,12,0.25,29,33,0.879,16,42,58,20,8,4,13,20,13.0,2001-02
22001,1610612744,GSW,Golden State Warriors,0020100859,2002-03-05,GSW @ SAS,L,239,88,36,89,0.404,5,7,0.714,11,18,0.611,15,33,48,20,7,3,17,19,-21.0,2001-02
22001,1610612744,GSW,Golden State Warriors,0020100837,2002-03-02,GSW @ LAC,L,240,95,38,79,0.481,3,11,0.273,16,24,0.667,20,23,43,19,6,6,17,23,-14.0,2001-02
22001,1610612744,GSW,Golden State Warriors,0020100831,2002-03-01,GSW vs. SAC,L,240,108,40,91,0.44,3,12,0.25,25,31,0.806,20,29,49,26,11,3,18,18,-8.0,2001-02
22001,1610612744,GSW,Golden State Warriors,0020100817,2002-02-27,GSW vs. DEN,W,239,110,32,71,0.451,3,11,0.273,43,52,0.827,17,44,61,22,10,9,29,27,17.0,2001-02
22001,1610612744,GSW,Golden State Warriors,0020100801,2002-02-25,GSW vs. IND,L,266,97,36,102,0.353,4,13,0.308,21,30,0.7,17,36,53,20,9,12,10,40,-5.0,2001-02
22001,1610612744,GSW,Golden State Warriors,0020100786,2002-02-23,GSW @ CHI,L,241,91,35,91,0.385,2,12,0.167,19,22,0.864,12,30,42,20,10,12,15,14,-14.0,2001-02
22001,1610612744,GSW,Golden State Warriors,0020100780,2002-02-22,GSW @ MIL,L,238,112,46,83,0.554,6,14,0.429,14,20,0.7,9,23,32,25,5,9,10,23,-4.0,2001-02
22001,1610612744,GSW,Golden State Warriors,0020100759,2002-02-20,GSW @ PHI,L,240,107,34,83,0.41,4,10,0.4,35,48,0.729,20,30,50,18,9,7,22,26,-8.0,2001-02
22001,1610612744,GSW,Golden State Warriors,0020100753,2002-02-19,GSW @ NJN,L,239,115,45,102,0.441,2,15,0.133,23,29,0.793,24,28,52,27,8,8,14,27,-8.0,2001-02
22001,1610612744,GSW,Golden State Warriors,0020100744,2002-02-17,GSW vs. ATL,L,238,94,29,79,0.367,5,16,0.313,31,45,0.689,15,36,51,18,7,17,18,23,-6.0,2001-02
22001,1610612744,GSW,Golden State Warriors,0020100731,2002-02-15,GSW vs. SAS,L,239,99,34,83,0.41,5,20,0.25,26,31,0.839,19,27,46,14,7,6,16,32,-9.0,2001-02
22001,1610612744,GSW,Golden State Warriors,0020100715,2002-02-13,GSW vs. BOS,W,239,92,36,94,0.383,4,18,0.222,16,23,0.696,18,43,61,21,7,11,17,23,17.0,2001-02
22001,1610612744,GSW,Golden State Warriors,0020100685,2002-02-05,GSW vs. SEA,L,240,87,33,78,0.423,2,10,0.2,19,22,0.864,18,22,40,18,7,3,17,16,-26.0,2001-02
22001,1610612744,GSW,Golden State Warriors,0020100671,2002-02-03,GSW vs. PHX,L,239,97,40,89,0.449,5,12,0.417,12,19,0.632,12,25,37,28,7,6,8,18,-1.0,2001-02
22001,1610612744,GSW,Golden State Warriors,0020100655,2002-02-01,GSW @ PHX,L,240,98,38,96,0.396,3,10,0.3,19,22,0.864,19,24,43,21,12,7,15,26,-6.0,2001-02
22001,1610612744,GSW,Golden State Warriors,0020100631,2002-01-29,GSW @ HOU,L,265,96,40,95,0.421,6,17,0.353,10,18,0.556,16,28,44,21,7,6,17,24,-4.0,2001-02
22001,1610612744,GSW,Golden State Warriors,0020100620,2002-01-26,GSW vs. SAS,L,238,82,32,94,0.34,3,15,0.2,15,22,0.682,21,36,57,18,10,9,17,18,-8.0,2001-02
22001,1610612744,GSW,Golden State Warriors,0020100596,2002-01-23,GSW vs. MEM,W,241,107,43,91,0.473,3,14,0.214,18,22,0.818,22,29,51,25,7,6,15,26,12.0,2001-02
22001,1610612744,GSW,Golden State Warriors,0020100576,2002-01-21,GSW vs. UTA,L,240,99,36,77,0.468,4,7,0.571,23,27,0.852,14,26,40,20,6,5,19,28,-2.0,2001-02
22001,1610612744,GSW,Golden State Warriors,0020100569,2002-01-19,GSW vs. MIN,L,239,102,42,80,0.525,4,9,0.444,14,20,0.7,11,36,47,24,8,9,22,33,-3.0,2001-02
22001,1610612744,GSW,Golden State Warriors,0020100555,2002-01-18,GSW @ SAC,L,239,97,39,91,0.429,2,7,0.286,17,28,0.607,14,28,42,20,10,3,16,26,-24.0,2001-02
22001,1610612744,GSW,Golden State Warriors,0020100543,2002-01-16,GSW vs. CLE,W,240,117,40,87,0.46,4,8,0.5,33,45,0.733,22,26,48,27,17,7,8,26,29.0,2001-02
22001,1610612744,GSW,Golden State Warriors,0020100526,2002-01-14,GSW vs. MIA,L,239,79,31,76,0.408,1,11,0.091,16,21,0.762,20,30,50,14,9,6,23,24,-6.0,2001-02
22001,1610612744,GSW,Golden State Warriors,0020100487,2002-01-08,GSW vs. MIL,L,240,97,31,87,0.356,1,11,0.091,34,42,0.81,18,31,49,16,8,6,13,20,-16.0,2001-02
22001,1610612744,GSW,Golden State Warriors,0020100470,2002-01-06,GSW @ MIA,L,239,84,30,81,0.37,1,11,0.091,23,27,0.852,9,30,39,8,9,4,13,27,-8.0,2001-02
22001,1610612744,GSW,Golden State Warriors,0020100459,2002-01-05,GSW @ ORL,L,241,109,42,86,0.488,4,6,0.667,21,33,0.636,11,24,35,27,10,3,11,22,-9.0,2001-02
22001,1610612744,GSW,Golden State Warriors,0020100444,2002-01-03,GSW @ CHH,L,241,102,37,97,0.381,0,4,0.0,28,37,0.757,21,21,42,15,7,5,9,25,-12.0,2001-02
22001,1610612744,GSW,Golden State Warriors,0020100435,2002-01-02,GSW @ CLE,L,239,98,32,80,0.4,1,7,0.143,33,40,0.825,14,27,41,21,4,5,13,18,-15.0,2001-02
22001,1610612744,GSW,Golden State Warriors,0020100414,2001-12-28,GSW vs. HOU,L,241,93,39,104,0.375,1,8,0.125,14,22,0.636,30,24,54,18,7,10,8,20,-7.0,2001-02
22001,1610612744,GSW,Golden State Warriors,0020100399,2001-12-26,GSW vs. LAL,W,240,101,36,82,0.439,2,6,0.333,27,36,0.75,16,41,57,19,8,8,21,23,11.0,2001-02
22001,1610612744,GSW,Golden State Warriors,0020100378,2001-12-22,GSW @ DEN,W,241,105,35,81,0.432,1,6,0.167,34,45,0.756,16,33,49,23,9,2,12,18,4.0,2001-02
22001,1610612744,GSW,Golden State Warriors,0020100370,2001-12-21,GSW vs. SEA,L,265,108,42,93,0.452,7,14,0.5,17,27,0.63,22,32,54,27,9,6,18,26,-3.0,2001-02
22001,1610612744,GSW,Golden State Warriors,0020100356,2001-12-19,GSW vs. DET,W,240,101,38,79,0.481,2,3,0.667,23,30,0.767,12,34,46,19,11,9,17,18,13.0,2001-02
22001,1610612744,GSW,Golden State Warriors,0020100336,2001-12-16,GSW @ LAL,L,239,85,33,77,0.429,1,9,0.111,18,31,0.581,12,29,41,15,6,0,19,25,-16.0,2001-02
22001,1610612744,GSW,Golden State Warriors,0020100330,2001-12-15,GSW vs. MEM,W,240,93,37,77,0.481,3,11,0.273,16,26,0.615,15,35,50,22,10,3,20,18,9.0,2001-02
22001,1610612744,GSW,Golden State Warriors,0020100312,2001-12-13,GSW vs. ORL,L,240,100,37,80,0.463,3,6,0.5,23,34,0.676,17,34,51,22,3,4,13,29,-5.0,2001-02
22001,1610612744,GSW,Golden State Warriors,0020100294,2001-12-11,GSW @ MIN,L,240,86,30,79,0.38,3,10,0.3,23,31,0.742,16,31,47,20,4,7,19,15,-21.0,2001-02
22001,1610612744,GSW,Golden State Warriors,0020100283,2001-12-08,GSW @ UTA,L,239,101,34,74,0.459,7,15,0.467,26,34,0.765,14,24,38,15,11,9,23,26,-10.0,2001-02
22001,1610612744,GSW,Golden State Warriors,0020100274,2001-12-07,GSW vs. CHH,L,240,89,34,80,0.425,1,7,0.143,20,27,0.741,16,25,41,25,6,2,13,18,-17.0,2001-02
22001,1610612744,GSW,Golden State Warriors,0020100260,2001-12-05,GSW vs. PHI,W,241,93,31,79,0.392,4,8,0.5,27,36,0.75,23,26,49,16,12,10,16,18,6.0,2001-02
22001,1610612744,GSW,Golden State Warriors,0020100244,2001-12-03,GSW @ PHX,L,240,93,34,93,0.366,3,8,0.375,22,28,0.786,21,24,45,19,10,3,18,25,-17.0,2001-02
22001,1610612744,GSW,Golden State Warriors,0020100236,2001-12-01,GSW vs. DAL,L,240,82,33,83,0.398,0,6,0.0,16,38,0.421,17,32,49,16,3,5,20,22,-29.0,2001-02
22001,1610612744,GSW,Golden State Warriors,0020100208,2001-11-28,GSW @ SAS,L,240,83,32,80,0.4,4,12,0.333,15,19,0.789,12,29,41,16,9,4,18,24,-11.0,2001-02
22001,1610612744,GSW,Golden State Warriors,0020100201,2001-11-27,GSW @ DAL,L,241,106,39,88,0.443,7,18,0.389,21,25,0.84,20,30,50,26,6,6,17,27,-10.0,2001-02
22001,1610612744,GSW,Golden State Warriors,0020100191,2001-11-25,GSW vs. NJN,W,240,101,41,83,0.494,5,14,0.357,14,21,0.667,11,40,51,28,8,10,13,16,16.0,2001-02
22001,1610612744,GSW,Golden State Warriors,0020100178,2001-11-23,GSW @ LAL,L,241,90,34,94,0.362,3,13,0.231,19,30,0.633,26,22,48,19,9,8,17,25,-16.0,2001-02
22001,1610612744,GSW,Golden State Warriors,0020100153,2001-11-20,GSW vs. NYK,L,241,70,26,83,0.313,3,11,0.273,15,22,0.682,17,24,41,19,8,6,18,18,-24.0,2001-02
22001,1610612744,GSW,Golden State Warriors,0020100139,2001-11-17,GSW vs. CHI,W,241,93,34,86,0.395,6,15,0.4,19,27,0.704,17,29,46,28,6,6,10,24,5.0,2001-02
22001,1610612744,GSW,Golden State Warriors,0020100129,2001-11-16,GSW @ SEA,L,239,91,34,82,0.415,4,16,0.25,19,23,0.826,20,27,47,16,7,4,21,17,-9.0,2001-02
22001,1610612744,GSW,Golden State Warriors,0020100115,2001-11-14,GSW vs. TOR,L,240,82,30,81,0.37,0,9,0.0,22,33,0.667,20,39,59,17,6,10,17,20,-7.0,2001-02
22001,1610612744,GSW,Golden State Warriors,0020100098,2001-11-12,GSW @ MEM,W,241,86,34,78,0.436,4,8,0.5,14,22,0.636,16,33,49,16,10,9,24,30,7.0,2001-02
22001,1610612744,GSW,Golden State Warriors,0020100086,2001-11-10,GSW @ NYK,W,239,90,32,75,0.427,6,11,0.545,20,26,0.769,12,41,53,21,5,5,16,20,19.0,2001-02
22001,1610612744,GSW,Golden State Warriors,0020100078,2001-11-09,GSW @ WAS,W,239,109,39,75,0.52,4,7,0.571,27,34,0.794,12,33,45,22,9,3,23,30,9.0,2001-02
22001,1610612744,GSW,Golden State Warriors,0020100064,2001-11-07,GSW @ TOR,L,240,92,29,90,0.322,4,10,0.4,30,41,0.732,20,32,52,19,8,5,11,18,-17.0,2001-02
22001,1610612744,GSW,Golden State Warriors,0020100049,2001-11-04,GSW vs. POR,W,241,96,35,91,0.385,4,10,0.4,22,35,0.629,28,37,65,22,7,3,19,17,10.0,2001-02
22001,1610612744,GSW,Golden State Warriors,0020100044,2001-11-03,GSW @ LAC,W,264,110,42,98,0.429,3,9,0.333,23,31,0.742,21,28,49,23,6,7,15,31,2.0,2001-02
22001,1610612744,GSW,Golden State Warriors,0020100025,2001-11-01,GSW vs. PHX,L,241,101,36,73,0.493,3,6,0.5,26,42,0.619,16,32,48,24,8,11,21,19,-6.0,2001-02
22001,1610612744,GSW,Golden State Warriors,0020100017,2001-10-31,GSW @ POR,L,240,87,34,81,0.42,2,7,0.286,17,22,0.773,12,29,41,17,9,8,14,20,-5.0,2001-02
22002,1610612744,GSW,Golden State Warriors,0020201189,2003-04-16,GSW vs. LAL,L,239,111,41,90,0.456,9,25,0.36,20,28,0.714,15,34,49,19,7,10,13,25,-6.0,2002-03
22002,1610612744,GSW,Golden State Warriors,0020201170,2003-04-14,GSW vs. LAC,L,241,113,42,104,0.404,8,24,0.333,21,29,0.724,27,29,56,24,4,10,9,18,-9.0,2002-03
22002,1610612744,GSW,Golden State Warriors,0020201154,2003-04-12,GSW @ DAL,L,240,108,44,100,0.44,4,17,0.235,16,23,0.696,16,37,53,25,7,10,13,24,-9.0,2002-03
22002,1610612744,GSW,Golden State Warriors,0020201148,2003-04-11,GSW @ PHX,L,241,101,38,82,0.463,8,19,0.421,17,25,0.68,13,35,48,26,3,6,18,21,-16.0,2002-03
22002,1610612744,GSW,Golden State Warriors,0020201124,2003-04-08,GSW vs. UTA,W,239,128,42,80,0.525,9,15,0.6,35,39,0.897,16,30,46,27,4,10,13,16,26.0,2002-03
22002,1610612744,GSW,Golden State Warriors,0020201109,2003-04-06,GSW vs. DEN,W,240,106,37,76,0.487,3,9,0.333,29,40,0.725,14,37,51,25,9,8,21,19,7.0,2002-03
22002,1610612744,GSW,Golden State Warriors,0020201096,2003-04-04,GSW vs. POR,L,240,100,42,98,0.429,5,19,0.263,11,16,0.688,19,26,45,27,9,6,16,19,-22.0,2002-03
22002,1610612744,GSW,Golden State Warriors,0020201073,2003-04-01,GSW @ POR,L,241,86,37,90,0.411,2,15,0.133,10,10,1.0,15,30,45,21,8,3,14,20,-14.0,2002-03
22002,1610612744,GSW,Golden State Warriors,0020201049,2003-03-29,GSW @ NJN,L,241,97,33,79,0.418,4,13,0.308,27,31,0.871,13,30,43,17,7,4,20,22,-12.0,2002-03
22002,1610612744,GSW,Golden State Warriors,0020201037,2003-03-28,GSW @ PHI,W,241,102,39,84,0.464,3,17,0.176,21,24,0.875,9,34,43,25,7,4,14,17,4.0,2002-03
22002,1610612744,GSW,Golden State Warriors,0020201021,2003-03-26,GSW @ BOS,W,242,107,41,79,0.519,9,19,0.474,16,21,0.762,10,38,48,25,5,5,16,19,12.0,2002-03
22002,1610612744,GSW,Golden State Warriors,0020201016,2003-03-25,GSW @ CLE,L,241,103,36,94,0.383,6,20,0.3,25,36,0.694,18,22,40,17,7,9,16,20,-21.0,2002-03
22002,1610612744,GSW,Golden State Warriors,0020201008,2003-03-23,GSW vs. WAS,W,241,113,42,86,0.488,10,22,0.455,19,26,0.731,17,26,43,25,6,2,17,16,6.0,2002-03
22002,1610612744,GSW,Golden State Warriors,0020200994,2003-03-21,GSW vs. HOU,L,239,107,40,90,0.444,4,14,0.286,23,30,0.767,14,28,42,15,12,7,15,23,-10.0,2002-03
22002,1610612744,GSW,Golden State Warriors,0020200980,2003-03-19,GSW vs. SEA,W,241,105,43,84,0.512,5,22,0.227,14,21,0.667,14,32,46,20,5,4,11,19,6.0,2002-03
22002,1610612744,GSW,Golden State Warriors,0020200969,2003-03-18,GSW @ SAC,L,240,91,34,94,0.362,5,18,0.278,18,26,0.692,19,29,48,16,12,7,15,17,-26.0,2002-03
22002,1610612744,GSW,Golden State Warriors,0020200947,2003-03-15,GSW @ SEA,W,240,94,37,77,0.481,6,15,0.4,14,17,0.824,8,32,40,23,5,6,17,15,6.0,2002-03
22002,1610612744,GSW,Golden State Warriors,0020200942,2003-03-14,GSW vs. DAL,L,242,114,39,84,0.464,8,27,0.296,28,32,0.875,12,28,40,27,4,3,12,18,-2.0,2002-03
22002,1610612744,GSW,Golden State Warriors,0020200920,2003-03-11,GSW vs. PHX,W,242,113,43,87,0.494,9,20,0.45,18,26,0.692,19,39,58,29,7,7,19,24,15.0,2002-03
22002,1610612744,GSW,Golden State Warriors,0020200905,2003-03-09,GSW @ DET,L,242,105,39,78,0.5,8,17,0.471,19,26,0.731,13,29,42,18,5,2,12,27,-2.0,2002-03
22002,1610612744,GSW,Golden State Warriors,0020200896,2003-03-08,GSW @ MIL,L,264,133,47,89,0.528,8,17,0.471,31,38,0.816,12,40,52,26,4,3,21,25,-5.0,2002-03
22002,1610612744,GSW,Golden State Warriors,0020200882,2003-03-06,GSW @ CHI,L,241,105,40,88,0.455,6,18,0.333,19,26,0.731,14,22,36,25,10,4,12,23,-14.0,2002-03
22002,1610612744,GSW,Golden State Warriors,0020200870,2003-03-04,GSW vs. IND,W,240,107,43,79,0.544,3,14,0.214,18,24,0.75,8,32,40,22,5,9,16,20,7.0,2002-03
22002,1610612744,GSW,Golden State Warriors,0020200849,2003-03-01,GSW vs. DET,W,240,92,33,83,0.398,3,12,0.25,23,32,0.719,19,30,49,15,6,8,8,24,2.0,2002-03
22002,1610612744,GSW,Golden State Warriors,0020200830,2003-02-26,GSW @ LAC,W,241,108,39,89,0.438,7,15,0.467,23,28,0.821,16,31,47,24,11,6,10,23,14.0,2002-03
22002,1610612744,GSW,Golden State Warriors,0020200811,2003-02-24,GSW @ DEN,W,241,94,29,81,0.358,3,10,0.3,33,39,0.846,13,30,43,18,15,4,16,21,5.0,2002-03
22002,1610612744,GSW,Golden State Warriors,0020200804,2003-02-23,GSW vs. ATL,W,239,115,40,87,0.46,6,15,0.4,29,35,0.829,17,43,60,21,7,8,13,18,22.0,2002-03
22002,1610612744,GSW,Golden State Warriors,0020200791,2003-02-21,GSW vs. NYK,W,241,111,41,98,0.418,6,13,0.462,23,28,0.821,32,30,62,20,6,14,17,15,4.0,2002-03
22002,1610612744,GSW,Golden State Warriors,0020200777,2003-02-19,GSW @ POR,L,241,98,38,84,0.452,2,12,0.167,20,22,0.909,12,29,41,24,8,8,21,22,-27.0,2002-03
22002,1610612744,GSW,Golden State Warriors,0020200770,2003-02-18,GSW vs. BOS,L,241,117,40,89,0.449,7,22,0.318,30,42,0.714,24,32,56,25,1,8,14,24,-8.0,2002-03
22002,1610612744,GSW,Golden State Warriors,0020200751,2003-02-16,GSW @ MIN,L,241,102,39,98,0.398,6,21,0.286,18,28,0.643,19,31,50,18,8,6,14,20,-7.0,2002-03
22002,1610612744,GSW,Golden State Warriors,0020200732,2003-02-14,GSW @ TOR,W,264,118,39,93,0.419,4,15,0.267,36,44,0.818,16,37,53,16,12,7,13,22,4.0,2002-03
22002,1610612744,GSW,Golden State Warriors,0020200723,2003-02-12,GSW @ NYK,W,240,113,43,73,0.589,4,12,0.333,23,33,0.697,3,43,46,19,8,1,20,18,6.0,2002-03
22002,1610612744,GSW,Golden State Warriors,0020200711,2003-02-11,GSW @ ATL,W,240,116,40,84,0.476,10,19,0.526,26,31,0.839,11,30,41,19,11,2,17,15,3.0,2002-03
22002,1610612744,GSW,Golden State Warriors,0020200704,2003-02-05,GSW vs. SAS,L,241,99,35,79,0.443,5,13,0.385,24,33,0.727,12,33,45,19,5,4,12,24,-4.0,2002-03
22002,1610612744,GSW,Golden State Warriors,0020200688,2003-02-03,GSW vs. MEM,W,241,101,39,84,0.464,5,13,0.385,18,23,0.783,16,26,42,24,12,6,7,24,10.0,2002-03
22002,1610612744,GSW,Golden State Warriors,0020200674,2003-02-01,GSW @ PHX,L,240,107,39,90,0.433,6,17,0.353,23,27,0.852,13,28,41,25,4,3,17,31,-9.0,2002-03
22002,1610612744,GSW,Golden State Warriors,0020200664,2003-01-31,GSW @ UTA,L,241,94,35,82,0.427,1,8,0.125,23,27,0.852,11,24,35,18,10,3,13,19,-8.0,2002-03
22002,1610612744,GSW,Golden State Warriors,0020200642,2003-01-28,GSW @ SEA,L,239,88,32,85,0.376,6,18,0.333,18,30,0.6,16,33,49,15,8,5,18,23,-3.0,2002-03
22002,1610612744,GSW,Golden State Warriors,0020200623,2003-01-25,GSW vs. UTA,W,238,108,46,83,0.554,2,11,0.182,14,18,0.778,10,29,39,26,6,7,14,19,13.0,2002-03
22002,1610612744,GSW,Golden State Warriors,0020200605,2003-01-23,GSW vs. NJN,W,240,105,37,72,0.514,6,11,0.545,25,31,0.806,12,35,47,21,4,6,14,21,8.0,2002-03
22002,1610612744,GSW,Golden State Warriors,0020200602,2003-01-22,GSW @ LAL,W,240,114,44,80,0.55,4,12,0.333,22,25,0.88,11,24,35,23,7,4,12,22,4.0,2002-03
22002,1610612744,GSW,Golden State Warriors,0020200582,2003-01-20,GSW vs. SAC,L,240,80,30,94,0.319,3,16,0.188,17,24,0.708,25,29,54,21,8,5,16,14,-22.0,2002-03
22002,1610612744,GSW,Golden State Warriors,0020200565,2003-01-17,GSW vs. MIN,W,240,107,42,93,0.452,5,17,0.294,18,21,0.857,22,27,49,26,7,4,15,22,9.0,2002-03
22002,1610612744,GSW,Golden State Warriors,0020200552,2003-01-15,GSW vs. CLE,W,240,108,39,86,0.453,3,11,0.273,27,32,0.844,13,38,51,19,4,12,11,21,28.0,2002-03
22002,1610612744,GSW,Golden State Warriors,0020200536,2003-01-13,GSW vs. MEM,L,240,108,37,92,0.402,7,20,0.35,27,36,0.75,24,30,54,21,7,6,13,26,-2.0,2002-03
22002,1610612744,GSW,Golden State Warriors,0020200519,2003-01-11,GSW @ IND,L,240,104,38,80,0.475,4,13,0.308,24,28,0.857,14,23,37,23,8,4,16,24,-12.0,2002-03
22002,1610612744,GSW,Golden State Warriors,0020200505,2003-01-10,GSW @ WAS,W,240,104,41,93,0.441,5,15,0.333,17,20,0.85,23,25,48,18,9,6,11,17,5.0,2002-03
22002,1610612744,GSW,Golden State Warriors,0020200496,2003-01-08,GSW @ MIN,L,240,95,33,84,0.393,7,17,0.412,22,27,0.815,8,34,42,19,5,5,7,20,-7.0,2002-03
22002,1610612744,GSW,Golden State Warriors,0020200486,2003-01-06,GSW vs. MIA,W,239,99,34,76,0.447,3,11,0.273,28,31,0.903,12,34,46,20,8,9,14,16,14.0,2002-03
22002,1610612744,GSW,Golden State Warriors,0020200469,2003-01-04,GSW @ HOU,W,240,86,32,75,0.427,3,5,0.6,19,21,0.905,11,32,43,15,7,5,14,20,2.0,2002-03
22002,1610612744,GSW,Golden State Warriors,0020200461,2003-01-03,GSW @ SAS,L,239,95,37,88,0.42,4,15,0.267,17,23,0.739,24,26,50,18,5,6,18,25,-3.0,2002-03
22002,1610612744,GSW,Golden State Warriors,0020200441,2002-12-30,GSW vs. PHI,W,240,104,34,81,0.42,8,17,0.471,28,37,0.757,18,31,49,21,7,7,20,26,6.0,2002-03
22002,1610612744,GSW,Golden State Warriors,0020200428,2002-12-28,GSW @ LAC,W,241,99,36,86,0.419,4,9,0.444,23,29,0.793,16,33,49,16,3,6,13,34,7.0,2002-03
22002,1610612744,GSW,Golden State Warriors,0020200416,2002-12-27,GSW vs. TOR,W,239,101,33,78,0.423,4,9,0.444,31,33,0.939,19,36,55,16,5,4,19,23,5.0,2002-03
22002,1610612744,GSW,Golden State Warriors,0020200394,2002-12-22,GSW @ SAC,L,241,88,32,89,0.36,5,13,0.385,19,32,0.594,24,31,55,13,7,3,17,21,-15.0,2002-03
22002,1610612744,GSW,Golden State Warriors,0020200380,2002-12-20,GSW vs. POR,L,239,111,43,84,0.512,8,16,0.5,17,19,0.895,12,28,40,21,7,3,17,18,-2.0,2002-03
22002,1610612744,GSW,Golden State Warriors,0020200366,2002-12-18,GSW vs. NOH,W,239,111,41,82,0.5,1,3,0.333,28,35,0.8,15,32,47,19,8,9,11,23,5.0,2002-03
22002,1610612744,GSW,Golden State Warriors,0020200345,2002-12-16,GSW @ MEM,L,241,91,35,90,0.389,2,17,0.118,19,24,0.792,14,33,47,18,8,3,10,21,-13.0,2002-03
22002,1610612744,GSW,Golden State Warriors,0020200331,2002-12-14,GSW @ MIA,L,239,92,36,70,0.514,7,15,0.467,13,24,0.542,7,25,32,17,9,8,17,23,-9.0,2002-03
22002,1610612744,GSW,Golden State Warriors,0020200317,2002-12-13,GSW @ ORL,L,239,85,31,79,0.392,3,15,0.2,20,33,0.606,14,32,46,18,5,4,20,26,-26.0,2002-03
22002,1610612744,GSW,Golden State Warriors,0020200305,2002-12-10,GSW vs. LAL,W,239,106,41,83,0.494,8,13,0.615,16,21,0.762,13,27,40,25,6,4,13,23,4.0,2002-03
22002,1610612744,GSW,Golden State Warriors,0020200288,2002-12-07,GSW vs. DAL,L,240,116,40,93,0.43,11,25,0.44,25,32,0.781,22,33,55,30,5,3,15,29,-5.0,2002-03
22002,1610612744,GSW,Golden State Warriors,0020200268,2002-12-05,GSW vs. MIN,L,240,98,33,83,0.398,8,23,0.348,24,30,0.8,18,24,42,22,11,9,20,21,-16.0,2002-03
22002,1610612744,GSW,Golden State Warriors,0020200255,2002-12-03,GSW vs. DEN,W,240,110,32,63,0.508,6,9,0.667,40,46,0.87,9,33,42,20,4,9,18,20,21.0,2002-03
22002,1610612744,GSW,Golden State Warriors,0020200237,2002-11-30,GSW vs. PHX,W,240,100,36,84,0.429,3,11,0.273,25,33,0.758,17,36,53,26,10,10,25,21,10.0,2002-03
22002,1610612744,GSW,Golden State Warriors,0020200224,2002-11-29,GSW @ DEN,W,241,92,29,72,0.403,3,8,0.375,31,37,0.838,13,26,39,16,18,6,18,23,10.0,2002-03
22002,1610612744,GSW,Golden State Warriors,0020200215,2002-11-27,GSW vs. HOU,L,242,84,30,91,0.33,4,16,0.25,20,30,0.667,25,26,51,17,6,7,13,25,-7.0,2002-03
22002,1610612744,GSW,Golden State Warriors,0020200179,2002-11-22,GSW vs. MIL,L,240,91,24,73,0.329,6,25,0.24,37,46,0.804,17,31,48,16,8,6,15,23,-4.0,2002-03
22002,1610612744,GSW,Golden State Warriors,0020200165,2002-11-20,GSW vs. CHI,W,240,100,39,82,0.476,1,5,0.2,21,32,0.656,18,33,51,20,8,10,18,27,6.0,2002-03
22002,1610612744,GSW,Golden State Warriors,0020200147,2002-11-18,GSW vs. LAC,L,240,89,30,87,0.345,4,9,0.444,25,35,0.714,21,33,54,18,9,8,17,19,-10.0,2002-03
22002,1610612744,GSW,Golden State Warriors,0020200137,2002-11-16,GSW vs. ORL,W,241,135,48,82,0.585,7,12,0.583,32,39,0.821,17,35,52,31,7,5,15,29,43.0,2002-03
22002,1610612744,GSW,Golden State Warriors,0020200127,2002-11-15,GSW @ LAL,L,264,89,34,93,0.366,3,16,0.188,18,33,0.545,20,39,59,18,5,4,17,24,-7.0,2002-03
22002,1610612744,GSW,Golden State Warriors,0020200113,2002-11-13,GSW vs. SAC,L,240,93,36,89,0.404,3,15,0.2,18,23,0.783,16,31,47,21,8,4,13,17,-11.0,2002-03
22002,1610612744,GSW,Golden State Warriors,0020200096,2002-11-11,GSW @ MEM,W,239,108,41,88,0.466,4,10,0.4,22,26,0.846,17,36,53,30,5,7,15,25,7.0,2002-03
22002,1610612744,GSW,Golden State Warriors,0020200089,2002-11-09,GSW @ HOU,L,239,104,36,82,0.439,7,19,0.368,25,28,0.893,17,27,44,22,8,7,15,26,-7.0,2002-03
22002,1610612744,GSW,Golden State Warriors,0020200077,2002-11-08,GSW @ NOH,L,240,104,39,84,0.464,0,6,0.0,26,29,0.897,12,26,38,14,10,7,15,22,-6.0,2002-03
22002,1610612744,GSW,Golden State Warriors,0020200057,2002-11-05,GSW @ SAS,L,240,73,27,78,0.346,0,8,0.0,19,21,0.905,11,28,39,13,8,6,17,21,-20.0,2002-03
22002,1610612744,GSW,Golden State Warriors,0020200050,2002-11-04,GSW @ DAL,L,241,100,32,89,0.36,13,30,0.433,23,29,0.793,17,33,50,16,11,6,14,25,-7.0,2002-03
22002,1610612744,GSW,Golden State Warriors,0020200040,2002-11-02,GSW @ UTA,L,239,92,27,72,0.375,7,17,0.412,31,38,0.816,12,31,43,14,6,9,18,27,-9.0,2002-03
22002,1610612744,GSW,Golden State Warriors,0020200030,2002-11-01,GSW vs. SEA,L,241,93,36,84,0.429,1,10,0.1,20,29,0.69,21,34,55,25,6,11,20,23,-13.0,2002-03
22002,1610612744,GSW,Golden State Warriors,0020200017,2002-10-30,GSW vs. SAS,W,239,106,40,83,0.482,5,9,0.556,21,26,0.808,18,28,46,25,7,10,16,24,8.0,2002-03
22003,1610612744,GSW,Golden State Warriors,0020301189,2004-04-14,GSW vs. SAC,W,240,97,39,90,0.433,8,20,0.4,11,17,0.647,20,37,57,23,7,8,15,13,6.0,2003-04
22003,1610612744,GSW,Golden State Warriors,0020301175,2004-04-13,GSW @ LAL,L,240,104,39,79,0.494,8,25,0.32,18,23,0.783,11,26,37,18,9,2,15,23,-5.0,2003-04
22003,1610612744,GSW,Golden State Warriors,0020301159,2004-04-11,GSW vs. DAL,W,240,108,42,93,0.452,5,13,0.385,19,22,0.864,18,26,44,22,9,4,13,24,1.0,2003-04
22003,1610612744,GSW,Golden State Warriors,0020301146,2004-04-09,GSW vs. MIN,L,240,74,27,76,0.355,0,14,0.0,20,28,0.714,12,31,43,18,5,2,18,24,-18.0,2003-04
22003,1610612744,GSW,Golden State Warriors,0020301131,2004-04-07,GSW @ POR,L,240,81,35,90,0.389,6,18,0.333,5,6,0.833,16,33,49,19,3,1,14,18,-6.0,2003-04
22003,1610612744,GSW,Golden State Warriors,0020301123,2004-04-06,GSW vs. HOU,W,240,97,36,68,0.529,5,15,0.333,20,28,0.714,4,29,33,24,10,5,11,21,7.0,2003-04
22003,1610612744,GSW,Golden State Warriors,0020301102,2004-04-03,GSW @ CLE,W,240,103,37,69,0.536,4,12,0.333,25,35,0.714,7,32,39,23,6,7,13,24,3.0,2003-04
22003,1610612744,GSW,Golden State Warriors,0020301090,2004-04-02,GSW @ BOS,L,240,106,36,79,0.456,14,26,0.538,20,31,0.645,9,29,38,23,9,8,21,24,-5.0,2003-04
22003,1610612744,GSW,Golden State Warriors,0020301081,2004-03-31,GSW @ TOR,W,240,85,34,76,0.447,2,8,0.25,15,21,0.714,10,35,45,17,8,6,9,13,7.0,2003-04
22003,1610612744,GSW,Golden State Warriors,0020301071,2004-03-30,GSW @ PHI,L,240,71,27,72,0.375,5,17,0.294,12,20,0.6,10,35,45,17,5,6,17,14,-24.0,2003-04
22003,1610612744,GSW,Golden State Warriors,0020301061,2004-03-28,GSW vs. LAC,W,240,105,42,89,0.472,8,23,0.348,13,24,0.542,19,34,53,27,13,5,11,22,28.0,2003-04
22003,1610612744,GSW,Golden State Warriors,0020301047,2004-03-26,GSW vs. WAS,W,240,99,39,89,0.438,2,15,0.133,19,25,0.76,18,38,56,23,5,7,9,21,21.0,2003-04
22003,1610612744,GSW,Golden State Warriors,0020301034,2004-03-24,GSW vs. MIL,W,240,98,39,80,0.488,6,12,0.5,14,22,0.636,13,33,46,23,6,6,13,22,9.0,2003-04
22003,1610612744,GSW,Golden State Warriors,0020301006,2004-03-21,GSW @ LAC,W,240,96,35,76,0.461,4,22,0.182,22,29,0.759,14,32,46,23,7,4,18,23,11.0,2003-04
22003,1610612744,GSW,Golden State Warriors,0020300996,2004-03-19,GSW vs. HOU,W,240,90,30,70,0.429,5,13,0.385,25,31,0.806,14,28,42,18,8,3,18,22,6.0,2003-04
22003,1610612744,GSW,Golden State Warriors,0020300982,2004-03-17,GSW vs. ORL,W,240,110,42,80,0.525,11,18,0.611,15,19,0.789,15,33,48,31,8,5,16,20,25.0,2003-04
22003,1610612744,GSW,Golden State Warriors,0020300965,2004-03-15,GSW vs. SAS,W,240,97,34,71,0.479,8,14,0.571,21,30,0.7,11,31,42,21,3,6,10,22,17.0,2003-04
22003,1610612744,GSW,Golden State Warriors,0020300951,2004-03-13,GSW @ NOH,L,240,84,36,79,0.456,3,12,0.25,9,14,0.643,13,20,33,19,5,3,21,22,-18.0,2003-04
22003,1610612744,GSW,Golden State Warriors,0020300946,2004-03-12,GSW @ SAS,L,240,74,29,76,0.382,4,17,0.235,12,20,0.6,13,29,42,13,5,5,18,19,-25.0,2003-04
22003,1610612744,GSW,Golden State Warriors,0020300934,2004-03-10,GSW @ UTA,L,240,77,26,64,0.406,2,11,0.182,23,31,0.742,9,24,33,14,8,7,21,20,-14.0,2003-04
22003,1610612744,GSW,Golden State Warriors,0020300924,2004-03-09,GSW @ SAC,L,240,92,37,76,0.487,5,17,0.294,13,24,0.542,14,26,40,22,5,12,16,20,-4.0,2003-04
22003,1610612744,GSW,Golden State Warriors,0020300909,2004-03-07,GSW vs. MEM,L,240,85,31,78,0.397,3,12,0.25,20,29,0.69,17,27,44,21,8,2,17,19,-10.0,2003-04
22003,1610612744,GSW,Golden State Warriors,0020300895,2004-03-05,GSW vs. NJN,L,240,74,32,71,0.451,2,16,0.125,8,13,0.615,8,25,33,21,4,7,15,19,-4.0,2003-04
22003,1610612744,GSW,Golden State Warriors,0020300873,2004-03-02,GSW vs. IND,L,240,88,29,77,0.377,2,18,0.111,28,36,0.778,13,38,51,16,4,5,12,26,-8.0,2003-04
22003,1610612744,GSW,Golden State Warriors,0020300852,2004-02-28,GSW @ CHI,L,265,81,27,99,0.273,8,26,0.308,19,30,0.633,19,37,56,18,7,7,10,26,-6.0,2003-04
22003,1610612744,GSW,Golden State Warriors,0020300841,2004-02-27,GSW @ MIN,L,240,81,32,78,0.41,5,16,0.313,12,14,0.857,11,28,39,19,5,4,11,16,-10.0,2003-04
22003,1610612744,GSW,Golden State Warriors,0020300828,2004-02-25,GSW @ MEM,W,240,99,30,71,0.423,4,12,0.333,35,40,0.875,12,33,45,14,9,7,14,31,7.0,2003-04
22003,1610612744,GSW,Golden State Warriors,0020300816,2004-02-24,GSW @ IND,L,240,96,32,77,0.416,7,13,0.538,25,28,0.893,10,28,38,19,6,5,12,19,-11.0,2003-04
22003,1610612744,GSW,Golden State Warriors,0020300801,2004-02-21,GSW vs. SEA,W,240,94,30,75,0.4,2,15,0.133,32,45,0.711,18,29,47,14,7,2,11,23,2.0,2003-04
22003,1610612744,GSW,Golden State Warriors,0020300794,2004-02-20,GSW vs. POR,L,240,93,34,82,0.415,8,19,0.421,17,21,0.81,15,31,46,18,3,5,8,21,-1.0,2003-04
22003,1610612744,GSW,Golden State Warriors,0020300780,2004-02-18,GSW vs. LAL,L,240,99,39,80,0.488,5,14,0.357,16,24,0.667,12,26,38,17,4,3,10,24,-1.0,2003-04
22003,1610612744,GSW,Golden State Warriors,0020300758,2004-02-11,GSW vs. PHX,W,240,110,43,82,0.524,4,10,0.4,20,24,0.833,10,27,37,27,15,6,11,21,11.0,2003-04
22003,1610612744,GSW,Golden State Warriors,0020300749,2004-02-10,GSW @ SEA,W,240,106,39,80,0.488,6,10,0.6,22,27,0.815,9,26,35,23,10,6,7,15,9.0,2003-04
22003,1610612744,GSW,Golden State Warriors,0020300735,2004-02-08,GSW vs. TOR,L,265,81,31,73,0.425,1,6,0.167,18,29,0.621,8,41,49,15,5,5,18,17,-3.0,2003-04
22003,1610612744,GSW,Golden State Warriors,0020300720,2004-02-06,GSW vs. DEN,W,240,96,32,76,0.421,3,9,0.333,29,36,0.806,15,34,49,19,7,9,16,21,9.0,2003-04
22003,1610612744,GSW,Golden State Warriors,0020300696,2004-02-03,GSW @ DAL,L,240,93,37,74,0.5,2,11,0.182,17,28,0.607,6,25,31,16,5,2,11,18,-14.0,2003-04
22003,1610612744,GSW,Golden State Warriors,0020300687,2004-02-02,GSW @ MEM,L,240,101,37,81,0.457,3,9,0.333,24,35,0.686,12,22,34,22,8,9,10,25,-6.0,2003-04
22003,1610612744,GSW,Golden State Warriors,0020300668,2004-01-30,GSW vs. CHI,W,240,101,36,71,0.507,7,17,0.412,22,29,0.759,10,39,49,22,5,7,20,23,19.0,2003-04
22003,1610612744,GSW,Golden State Warriors,0020300656,2004-01-28,GSW vs. MIN,W,240,97,32,83,0.386,4,11,0.364,29,38,0.763,15,35,50,15,12,8,13,23,7.0,2003-04
22003,1610612744,GSW,Golden State Warriors,0020300620,2004-01-24,GSW @ POR,W,240,105,39,78,0.5,11,17,0.647,16,19,0.842,14,28,42,26,11,5,16,13,18.0,2003-04
22003,1610612744,GSW,Golden State Warriors,0020300607,2004-01-22,GSW @ SEA,L,240,87,28,78,0.359,4,17,0.235,27,31,0.871,7,32,39,15,11,2,14,23,-16.0,2003-04
22003,1610612744,GSW,Golden State Warriors,0020300604,2004-01-21,GSW @ LAC,L,239,102,36,84,0.429,10,25,0.4,20,25,0.8,17,31,48,17,6,5,14,19,-4.0,2003-04
22003,1610612744,GSW,Golden State Warriors,0020300588,2004-01-19,GSW vs. UTA,W,240,101,40,78,0.513,5,11,0.455,16,20,0.8,15,30,45,27,5,6,17,21,16.0,2003-04
22003,1610612744,GSW,Golden State Warriors,0020300562,2004-01-16,GSW @ PHX,L,240,93,32,79,0.405,3,11,0.273,26,30,0.867,10,19,29,14,10,3,9,20,-11.0,2003-04
22003,1610612744,GSW,Golden State Warriors,0020300556,2004-01-15,GSW vs. CLE,W,240,119,43,82,0.524,10,13,0.769,23,32,0.719,15,33,48,29,9,6,11,18,17.0,2003-04
22003,1610612744,GSW,Golden State Warriors,0020300538,2004-01-13,GSW @ UTA,L,240,80,31,81,0.383,4,11,0.364,14,17,0.824,13,22,35,14,9,5,12,21,-17.0,2003-04
22003,1610612744,GSW,Golden State Warriors,0020300532,2004-01-12,GSW vs. MEM,L,290,113,44,103,0.427,4,15,0.267,21,33,0.636,27,39,66,17,7,8,16,27,-2.0,2003-04
22003,1610612744,GSW,Golden State Warriors,0020300523,2004-01-10,GSW vs. SEA,W,265,113,41,90,0.456,12,27,0.444,19,27,0.704,16,41,57,25,4,5,14,20,3.0,2003-04
22003,1610612744,GSW,Golden State Warriors,0020300499,2004-01-07,GSW @ DAL,L,240,99,40,89,0.449,11,23,0.478,8,12,0.667,14,31,45,27,8,5,15,20,-6.0,2003-04
22003,1610612744,GSW,Golden State Warriors,0020300481,2004-01-05,GSW @ HOU,L,240,65,25,75,0.333,6,19,0.316,9,11,0.818,5,25,30,19,7,4,11,18,-18.0,2003-04
22003,1610612744,GSW,Golden State Warriors,0020300465,2004-01-03,GSW @ DET,L,240,93,34,75,0.453,7,21,0.333,18,26,0.692,8,28,36,24,9,4,12,15,-6.0,2003-04
22003,1610612744,GSW,Golden State Warriors,0020300451,2004-01-02,GSW @ WAS,L,240,79,31,77,0.403,8,21,0.381,9,11,0.818,9,27,36,20,9,7,20,17,-18.0,2003-04
22003,1610612744,GSW,Golden State Warriors,0020300448,2003-12-31,GSW @ NJN,L,240,70,28,70,0.4,3,16,0.188,11,17,0.647,9,31,40,15,8,4,15,16,-18.0,2003-04
22003,1610612744,GSW,Golden State Warriors,0020300438,2003-12-29,GSW vs. BOS,L,240,91,36,82,0.439,3,16,0.188,16,30,0.533,14,39,53,21,8,4,18,24,-9.0,2003-04
22003,1610612744,GSW,Golden State Warriors,0020300427,2003-12-28,GSW @ DEN,L,240,79,31,82,0.378,4,11,0.364,13,18,0.722,8,40,48,23,2,5,16,20,-24.0,2003-04
22003,1610612744,GSW,Golden State Warriors,0020300415,2003-12-26,GSW vs. SAC,W,240,98,32,78,0.41,6,17,0.353,28,35,0.8,20,29,49,20,10,2,17,24,7.0,2003-04
22003,1610612744,GSW,Golden State Warriors,0020300400,2003-12-23,GSW vs. LAL,W,240,107,37,77,0.481,4,14,0.286,29,35,0.829,10,32,42,20,7,1,10,22,9.0,2003-04
22003,1610612744,GSW,Golden State Warriors,0020300382,2003-12-21,GSW @ MIA,L,240,93,35,73,0.479,3,11,0.273,20,24,0.833,8,27,35,14,8,8,17,18,-11.0,2003-04
22003,1610612744,GSW,Golden State Warriors,0020300361,2003-12-19,GSW @ ORL,L,240,93,37,78,0.474,2,13,0.154,17,24,0.708,5,26,31,23,5,1,14,16,-26.0,2003-04
22003,1610612744,GSW,Golden State Warriors,0020300351,2003-12-17,GSW @ ATL,W,240,98,38,82,0.463,10,21,0.476,12,21,0.571,13,32,45,30,9,9,15,15,13.0,2003-04
22003,1610612744,GSW,Golden State Warriors,0020300339,2003-12-16,GSW @ NYK,W,240,104,42,83,0.506,5,14,0.357,15,20,0.75,3,34,37,24,9,3,6,23,18.0,2003-04
22003,1610612744,GSW,Golden State Warriors,0020300319,2003-12-12,GSW vs. NOH,L,240,85,32,82,0.39,7,19,0.368,14,19,0.737,11,28,39,20,4,3,10,18,-11.0,2003-04
22003,1610612744,GSW,Golden State Warriors,0020300301,2003-12-10,GSW @ MIL,L,265,89,34,89,0.382,7,23,0.304,14,18,0.778,13,32,45,19,10,1,16,27,-5.0,2003-04
22003,1610612744,GSW,Golden State Warriors,0020300295,2003-12-09,GSW @ MIN,W,240,98,34,77,0.442,5,12,0.417,25,29,0.862,9,31,40,26,5,0,7,22,3.0,2003-04
22003,1610612744,GSW,Golden State Warriors,0020300278,2003-12-06,GSW vs. NYK,W,240,104,44,83,0.53,3,14,0.214,13,14,0.929,10,24,34,29,10,2,11,13,12.0,2003-04
22003,1610612744,GSW,Golden State Warriors,0020300266,2003-12-05,GSW @ DEN,L,241,91,36,83,0.434,9,21,0.429,10,21,0.476,11,33,44,25,2,5,12,26,-7.0,2003-04
22003,1610612744,GSW,Golden State Warriors,0020300256,2003-12-03,GSW vs. DEN,L,241,109,44,88,0.5,4,15,0.267,17,25,0.68,19,21,40,21,9,3,14,25,-8.0,2003-04
22003,1610612744,GSW,Golden State Warriors,0020300232,2003-11-29,GSW vs. SAS,W,240,91,32,82,0.39,9,18,0.5,18,26,0.692,17,33,50,10,6,2,15,24,2.0,2003-04
22003,1610612744,GSW,Golden State Warriors,0020300219,2003-11-28,GSW @ PHX,W,239,92,37,76,0.487,4,16,0.25,14,23,0.609,10,40,50,18,7,5,19,21,9.0,2003-04
22003,1610612744,GSW,Golden State Warriors,0020300184,2003-11-23,GSW vs. POR,W,241,78,30,79,0.38,1,10,0.1,17,25,0.68,16,37,53,19,5,4,13,16,6.0,2003-04
22003,1610612744,GSW,Golden State Warriors,0020300173,2003-11-21,GSW vs. MIA,W,239,101,37,79,0.468,7,12,0.583,20,27,0.741,14,33,47,22,3,8,18,23,10.0,2003-04
22003,1610612744,GSW,Golden State Warriors,0020300157,2003-11-19,GSW @ HOU,L,241,83,34,75,0.453,3,17,0.176,12,20,0.6,8,31,39,26,6,2,10,20,-2.0,2003-04
22003,1610612744,GSW,Golden State Warriors,0020300149,2003-11-18,GSW @ SAS,L,239,81,34,76,0.447,3,10,0.3,10,16,0.625,10,28,38,15,7,3,15,17,-13.0,2003-04
22003,1610612744,GSW,Golden State Warriors,0020300137,2003-11-16,GSW @ SAC,L,240,104,43,82,0.524,7,14,0.5,11,19,0.579,10,25,35,21,10,4,12,24,-2.0,2003-04
22003,1610612744,GSW,Golden State Warriors,0020300125,2003-11-14,GSW vs. LAC,L,239,98,38,91,0.418,3,16,0.188,19,25,0.76,20,31,51,23,3,2,14,24,-6.0,2003-04
22003,1610612744,GSW,Golden State Warriors,0020300110,2003-11-12,GSW vs. DET,W,265,87,34,76,0.447,0,12,0.0,19,24,0.792,6,38,44,24,8,7,20,27,3.0,2003-04
22003,1610612744,GSW,Golden State Warriors,0020300094,2003-11-10,GSW vs. PHX,L,240,96,36,80,0.45,7,24,0.292,17,25,0.68,7,34,41,21,5,10,12,14,-3.0,2003-04
22003,1610612744,GSW,Golden State Warriors,0020300075,2003-11-07,GSW vs. UTA,W,239,95,29,67,0.433,6,13,0.462,31,42,0.738,9,32,41,22,7,5,20,19,6.0,2003-04
22003,1610612744,GSW,Golden State Warriors,0020300060,2003-11-05,GSW vs. ATL,W,240,99,37,83,0.446,5,18,0.278,20,31,0.645,16,36,52,23,10,2,14,20,27.0,2003-04
22003,1610612744,GSW,Golden State Warriors,0020300040,2003-11-02,GSW @ LAL,L,240,72,29,78,0.372,3,15,0.2,11,19,0.579,14,32,46,22,10,3,18,19,-15.0,2003-04
22003,1610612744,GSW,Golden State Warriors,0020300039,2003-11-01,GSW vs. PHI,W,240,104,41,69,0.594,5,13,0.385,17,19,0.895,7,30,37,18,4,2,18,17,14.0,2003-04
22003,1610612744,GSW,Golden State Warriors,0020300013,2003-10-29,GSW vs. DAL,L,240,87,36,92,0.391,5,21,0.238,10,17,0.588,15,36,51,19,6,3,14,27,-8.0,2003-04
22004,1610612744,GSW,Golden State Warriors,0020401229,2005-04-20,GSW vs. UTA,W,240,106,34,75,0.453,10,26,0.385,28,38,0.737,13,34,47,21,8,6,16,26,17.0,2004-05
22004,1610612744,GSW,Golden State Warriors,0020401208,2005-04-18,GSW vs. LAL,W,240,126,46,89,0.517,15,36,0.417,19,26,0.731,13,36,49,35,8,5,14,17,27.0,2004-05
22004,1610612744,GSW,Golden State Warriors,0020401183,2005-04-15,GSW vs. POR,W,240,108,43,102,0.422,12,32,0.375,10,15,0.667,26,33,59,32,8,7,16,17,20.0,2004-05
22004,1610612744,GSW,Golden State Warriors,0020401165,2005-04-13,GSW @ MIN,L,240,100,39,91,0.429,9,26,0.346,13,14,0.929,13,24,37,23,7,4,10,13,-15.0,2004-05
22004,1610612744,GSW,Golden State Warriors,0020401152,2005-04-11,GSW @ DEN,L,240,106,41,95,0.432,11,34,0.324,13,20,0.65,12,32,44,24,7,6,18,29,-16.0,2004-05
22004,1610612744,GSW,Golden State Warriors,0020401145,2005-04-10,GSW vs. SAS,L,290,134,49,105,0.467,11,27,0.407,25,34,0.735,19,38,57,27,7,7,13,32,-2.0,2004-05
22004,1610612744,GSW,Golden State Warriors,0020401129,2005-04-08,GSW vs. PHX,W,240,127,48,105,0.457,18,35,0.514,13,19,0.684,24,33,57,32,6,6,15,17,8.0,2004-05
22004,1610612744,GSW,Golden State Warriors,0020401115,2005-04-06,GSW @ POR,W,240,104,39,96,0.406,11,26,0.423,15,22,0.682,18,28,46,27,10,4,12,22,2.0,2004-05
22004,1610612744,GSW,Golden State Warriors,0020401105,2005-04-05,GSW vs. HOU,W,240,122,39,80,0.488,11,29,0.379,33,41,0.805,9,27,36,29,11,3,10,23,5.0,2004-05
22004,1610612744,GSW,Golden State Warriors,0020401091,2005-04-03,GSW vs. SEA,W,240,101,38,76,0.5,11,28,0.393,14,24,0.583,12,33,45,28,7,9,20,19,9.0,2004-05
22004,1610612744,GSW,Golden State Warriors,0020401075,2005-04-01,GSW @ UTA,W,240,108,36,78,0.462,10,29,0.345,26,37,0.703,15,30,45,18,6,8,15,33,17.0,2004-05
22004,1610612744,GSW,Golden State Warriors,0020401058,2005-03-30,GSW @ MIL,W,240,113,41,90,0.456,5,25,0.2,26,30,0.867,16,30,46,29,5,4,5,18,4.0,2004-05
22004,1610612744,GSW,Golden State Warriors,0020401047,2005-03-28,GSW vs. NYK,W,240,108,37,85,0.435,7,21,0.333,27,33,0.818,17,32,49,21,5,6,14,23,8.0,2004-05
22004,1610612744,GSW,Golden State Warriors,0020401020,2005-03-25,GSW vs. MIL,W,265,118,45,92,0.489,11,31,0.355,17,28,0.607,14,22,36,28,10,5,13,34,1.0,2004-05
22004,1610612744,GSW,Golden State Warriors,0020401005,2005-03-23,GSW vs. DAL,L,240,97,34,85,0.4,2,23,0.087,27,34,0.794,12,29,41,20,8,5,13,27,-12.0,2004-05
22004,1610612744,GSW,Golden State Warriors,0020400983,2005-03-20,GSW @ SAC,W,240,104,38,85,0.447,10,34,0.294,18,26,0.692,17,33,50,23,6,5,12,21,10.0,2004-05
22004,1610612744,GSW,Golden State Warriors,0020400968,2005-03-18,GSW @ PHX,W,240,110,42,92,0.457,12,27,0.444,14,17,0.824,15,36,51,15,10,3,12,25,10.0,2004-05
22004,1610612744,GSW,Golden State Warriors,0020400956,2005-03-17,GSW vs. SAC,W,240,100,40,90,0.444,9,25,0.36,11,12,0.917,17,34,51,25,7,9,13,12,3.0,2004-05
22004,1610612744,GSW,Golden State Warriors,0020400936,2005-03-14,GSW vs. HOU,L,241,94,31,86,0.36,14,33,0.424,18,30,0.6,18,31,49,25,6,2,9,20,-3.0,2004-05
22004,1610612744,GSW,Golden State Warriors,0020400916,2005-03-12,GSW @ ATL,W,240,105,40,94,0.426,18,33,0.545,7,12,0.583,17,32,49,26,10,7,11,16,13.0,2004-05
22004,1610612744,GSW,Golden State Warriors,0020400907,2005-03-11,GSW @ IND,L,240,83,28,72,0.389,9,25,0.36,18,23,0.783,12,31,43,13,3,7,19,22,-18.0,2004-05
22004,1610612744,GSW,Golden State Warriors,0020400898,2005-03-09,GSW @ DET,L,240,88,33,77,0.429,6,22,0.273,16,21,0.762,7,26,33,17,4,5,9,26,-4.0,2004-05
22004,1610612744,GSW,Golden State Warriors,0020400886,2005-03-08,GSW @ PHI,W,240,104,38,85,0.447,11,32,0.344,17,22,0.773,8,37,45,20,17,6,17,18,19.0,2004-05
22004,1610612744,GSW,Golden State Warriors,0020400877,2005-03-06,GSW @ NYK,L,240,99,36,78,0.462,12,26,0.462,15,24,0.625,9,21,30,20,4,5,8,18,-16.0,2004-05
22004,1610612744,GSW,Golden State Warriors,0020400855,2005-03-04,GSW @ WAS,W,240,103,37,89,0.416,12,39,0.308,17,21,0.81,13,29,42,19,10,5,13,27,13.0,2004-05
22004,1610612744,GSW,Golden State Warriors,0020400846,2005-03-02,GSW @ MIN,W,240,99,35,78,0.449,9,22,0.409,20,24,0.833,7,31,38,26,7,3,9,11,6.0,2004-05
22004,1610612744,GSW,Golden State Warriors,0020400834,2005-03-01,GSW @ MEM,L,240,97,36,80,0.45,10,24,0.417,15,19,0.789,8,26,34,18,9,3,17,23,-2.0,2004-05
22004,1610612744,GSW,Golden State Warriors,0020400828,2005-02-27,GSW vs. DET,L,240,88,35,85,0.412,11,32,0.344,7,10,0.7,13,27,40,19,6,6,14,22,-6.0,2004-05
22004,1610612744,GSW,Golden State Warriors,0020400800,2005-02-23,GSW vs. ATL,W,240,101,36,88,0.409,8,21,0.381,21,28,0.75,15,35,50,21,10,10,11,12,5.0,2004-05
22004,1610612744,GSW,Golden State Warriors,0020400779,2005-02-16,GSW @ SEA,W,240,117,46,87,0.529,11,21,0.524,14,22,0.636,11,29,40,28,5,2,11,27,7.0,2004-05
22004,1610612744,GSW,Golden State Warriors,0020400768,2005-02-15,GSW vs. DAL,L,240,107,43,89,0.483,9,21,0.429,12,19,0.632,9,27,36,25,12,7,16,20,-7.0,2004-05
22004,1610612744,GSW,Golden State Warriors,0020400756,2005-02-13,GSW vs. PHX,L,267,102,43,118,0.364,4,29,0.138,12,20,0.6,31,41,72,18,10,2,12,26,-4.0,2004-05
22004,1610612744,GSW,Golden State Warriors,0020400738,2005-02-11,GSW @ NOH,L,240,108,40,84,0.476,12,29,0.414,16,21,0.762,10,24,34,23,8,4,11,20,-3.0,2004-05
22004,1610612744,GSW,Golden State Warriors,0020400709,2005-02-08,GSW @ ORL,W,240,113,40,84,0.476,6,16,0.375,27,34,0.794,9,35,44,24,7,7,15,17,4.0,2004-05
22004,1610612744,GSW,Golden State Warriors,0020400706,2005-02-07,GSW @ MIA,L,240,96,39,88,0.443,5,16,0.313,13,18,0.722,4,29,33,25,10,2,7,24,-9.0,2004-05
22004,1610612744,GSW,Golden State Warriors,0020400694,2005-02-05,GSW @ DEN,L,240,91,33,86,0.384,5,19,0.263,20,24,0.833,12,29,41,19,10,4,14,24,-16.0,2004-05
22004,1610612744,GSW,Golden State Warriors,0020400688,2005-02-04,GSW vs. NOH,W,240,90,35,88,0.398,2,14,0.143,18,23,0.783,17,28,45,20,13,7,8,20,8.0,2004-05
22004,1610612744,GSW,Golden State Warriors,0020400676,2005-02-02,GSW vs. SAC,L,265,107,43,99,0.434,6,22,0.273,15,23,0.652,17,29,46,29,14,7,11,25,-4.0,2004-05
22004,1610612744,GSW,Golden State Warriors,0020400647,2005-01-29,GSW @ LAC,L,240,85,34,77,0.442,8,20,0.4,9,13,0.692,11,23,34,23,7,5,14,25,-11.0,2004-05
22004,1610612744,GSW,Golden State Warriors,0020400638,2005-01-28,GSW vs. SEA,L,240,85,37,89,0.416,4,17,0.235,7,14,0.5,16,25,41,24,7,6,8,19,-3.0,2004-05
22004,1610612744,GSW,Golden State Warriors,0020400623,2005-01-26,GSW vs. NJN,L,240,99,36,82,0.439,9,20,0.45,18,26,0.692,18,21,39,18,7,5,14,19,-14.0,2004-05
22004,1610612744,GSW,Golden State Warriors,0020400591,2005-01-22,GSW vs. CLE,L,239,87,34,76,0.447,6,23,0.261,13,16,0.813,5,28,33,20,4,5,12,13,-18.0,2004-05
22004,1610612744,GSW,Golden State Warriors,0020400582,2005-01-21,GSW @ LAL,L,240,101,42,88,0.477,11,27,0.407,6,12,0.5,11,29,40,25,10,4,10,20,-4.0,2004-05
22004,1610612744,GSW,Golden State Warriors,0020400554,2005-01-17,GSW vs. DEN,W,241,107,43,90,0.478,6,20,0.3,15,17,0.882,14,26,40,23,13,5,13,21,10.0,2004-05
22004,1610612744,GSW,Golden State Warriors,0020400541,2005-01-15,GSW vs. LAL,L,240,102,39,92,0.424,12,31,0.387,12,16,0.75,13,35,48,27,3,8,10,19,-2.0,2004-05
22004,1610612744,GSW,Golden State Warriors,0020400529,2005-01-14,GSW @ SEA,L,240,84,33,76,0.434,4,10,0.4,14,19,0.737,12,22,34,15,3,7,13,15,-19.0,2004-05
22004,1610612744,GSW,Golden State Warriors,0020400515,2005-01-12,GSW vs. MIA,L,240,91,32,85,0.376,2,17,0.118,25,30,0.833,13,28,41,22,13,1,7,23,-7.0,2004-05
22004,1610612744,GSW,Golden State Warriors,0020400495,2005-01-10,GSW @ CHI,L,240,85,25,76,0.329,9,21,0.429,26,38,0.684,13,27,40,17,12,4,21,22,-9.0,2004-05
22004,1610612744,GSW,Golden State Warriors,0020400487,2005-01-09,GSW @ TOR,L,240,87,34,84,0.405,8,14,0.571,11,12,0.917,10,29,39,17,5,4,16,12,-22.0,2004-05
22004,1610612744,GSW,Golden State Warriors,0020400471,2005-01-07,GSW @ NJN,L,240,72,26,73,0.356,6,14,0.429,14,21,0.667,9,27,36,17,7,3,18,21,-10.0,2004-05
22004,1610612744,GSW,Golden State Warriors,0020400453,2005-01-05,GSW @ BOS,L,240,83,34,78,0.436,4,14,0.286,11,20,0.55,12,35,47,22,7,5,12,18,-1.0,2004-05
22004,1610612744,GSW,Golden State Warriors,0020400447,2005-01-03,GSW vs. PHI,L,240,104,38,74,0.514,11,25,0.44,17,26,0.654,7,29,36,24,6,5,18,30,-8.0,2004-05
22004,1610612744,GSW,Golden State Warriors,0020400431,2005-01-01,GSW @ POR,L,240,88,34,93,0.366,7,25,0.28,13,23,0.565,17,31,48,25,6,8,7,28,-9.0,2004-05
22004,1610612744,GSW,Golden State Warriors,0020400416,2004-12-29,GSW vs. TOR,W,240,111,38,83,0.458,11,22,0.5,24,28,0.857,9,31,40,24,7,4,17,22,6.0,2004-05
22004,1610612744,GSW,Golden State Warriors,0020400400,2004-12-27,GSW vs. DEN,W,240,104,36,82,0.439,8,21,0.381,24,35,0.686,14,32,46,22,6,3,14,23,3.0,2004-05
22004,1610612744,GSW,Golden State Warriors,0020400391,2004-12-26,GSW @ SAC,W,240,98,40,86,0.465,4,15,0.267,14,21,0.667,13,32,45,20,10,0,16,21,4.0,2004-05
22004,1610612744,GSW,Golden State Warriors,0020400375,2004-12-22,GSW vs. MEM,W,240,109,36,79,0.456,11,21,0.524,26,35,0.743,12,23,35,25,11,4,12,25,10.0,2004-05
22004,1610612744,GSW,Golden State Warriors,0020400359,2004-12-20,GSW vs. WAS,L,240,101,36,78,0.462,2,13,0.154,27,33,0.818,14,26,40,14,9,9,18,31,-2.0,2004-05
22004,1610612744,GSW,Golden State Warriors,0020400347,2004-12-18,GSW @ SAS,L,240,85,33,79,0.418,3,13,0.231,16,23,0.696,13,26,39,9,8,6,16,20,-19.0,2004-05
22004,1610612744,GSW,Golden State Warriors,0020400337,2004-12-17,GSW @ HOU,L,240,83,31,94,0.33,5,20,0.25,16,20,0.8,12,29,41,23,6,4,7,21,-17.0,2004-05
22004,1610612744,GSW,Golden State Warriors,0020400322,2004-12-15,GSW @ NOH,L,240,89,34,79,0.43,6,20,0.3,15,22,0.682,7,27,34,18,5,4,13,24,-9.0,2004-05
22004,1610612744,GSW,Golden State Warriors,0020400313,2004-12-14,GSW @ DAL,W,240,111,43,86,0.5,9,20,0.45,16,21,0.762,13,32,45,24,8,7,17,24,4.0,2004-05
22004,1610612744,GSW,Golden State Warriors,0020400300,2004-12-12,GSW vs. CHA,W,240,99,40,90,0.444,6,18,0.333,13,20,0.65,13,28,41,21,15,7,13,18,12.0,2004-05
22004,1610612744,GSW,Golden State Warriors,0020400286,2004-12-10,GSW vs. ORL,L,240,109,41,80,0.513,8,17,0.471,19,26,0.731,9,29,38,22,5,6,14,23,-4.0,2004-05
22004,1610612744,GSW,Golden State Warriors,0020400261,2004-12-07,GSW @ PHX,L,240,104,44,99,0.444,8,20,0.4,8,14,0.571,13,36,49,20,8,6,12,22,-14.0,2004-05
22004,1610612744,GSW,Golden State Warriors,0020400255,2004-12-06,GSW vs. BOS,W,240,110,42,90,0.467,3,8,0.375,23,31,0.742,12,31,43,26,9,5,12,26,4.0,2004-05
22004,1610612744,GSW,Golden State Warriors,0020400244,2004-12-04,GSW vs. IND,W,240,104,37,80,0.463,4,16,0.25,26,36,0.722,10,31,41,23,10,3,10,22,8.0,2004-05
22004,1610612744,GSW,Golden State Warriors,0020400231,2004-12-03,GSW @ LAL,L,240,88,29,79,0.367,3,14,0.214,27,32,0.844,9,31,40,20,6,7,13,24,-9.0,2004-05
22004,1610612744,GSW,Golden State Warriors,0020400221,2004-12-01,GSW vs. MIN,L,240,99,40,87,0.46,8,18,0.444,11,16,0.688,9,30,39,24,5,4,12,23,-8.0,2004-05
22004,1610612744,GSW,Golden State Warriors,0020400193,2004-11-28,GSW @ LAC,L,241,91,34,81,0.42,5,14,0.357,18,24,0.75,10,27,37,20,7,3,11,20,-12.0,2004-05
22004,1610612744,GSW,Golden State Warriors,0020400182,2004-11-26,GSW vs. LAC,L,240,87,32,82,0.39,4,18,0.222,19,24,0.792,17,26,43,17,5,7,16,25,-11.0,2004-05
22004,1610612744,GSW,Golden State Warriors,0020400159,2004-11-23,GSW vs. NOH,W,315,115,42,106,0.396,6,19,0.316,25,37,0.676,16,37,53,27,9,9,12,32,6.0,2004-05
22004,1610612744,GSW,Golden State Warriors,0020400135,2004-11-20,GSW vs. MEM,L,240,87,32,80,0.4,3,20,0.15,20,31,0.645,9,27,36,21,13,3,16,32,-13.0,2004-05
22004,1610612744,GSW,Golden State Warriors,0020400116,2004-11-17,GSW vs. CHI,W,240,98,37,84,0.44,10,21,0.476,14,19,0.737,13,33,46,25,10,6,23,25,13.0,2004-05
22004,1610612744,GSW,Golden State Warriors,0020400096,2004-11-15,GSW @ CLE,L,240,88,35,83,0.422,4,14,0.286,14,20,0.7,10,26,36,25,3,1,9,23,-11.0,2004-05
22004,1610612744,GSW,Golden State Warriors,0020400082,2004-11-13,GSW @ CHA,W,240,103,41,78,0.526,2,9,0.222,19,22,0.864,9,35,44,26,7,2,14,22,16.0,2004-05
22004,1610612744,GSW,Golden State Warriors,0020400076,2004-11-12,GSW @ MEM,L,240,67,25,91,0.275,2,10,0.2,15,24,0.625,15,31,46,16,8,7,15,25,-29.0,2004-05
22004,1610612744,GSW,Golden State Warriors,0020400066,2004-11-10,GSW @ SAS,L,240,71,26,80,0.325,5,10,0.5,14,21,0.667,13,32,45,13,4,5,15,24,-20.0,2004-05
22004,1610612744,GSW,Golden State Warriors,0020400045,2004-11-08,GSW @ DAL,L,264,98,36,94,0.383,4,15,0.267,22,31,0.71,19,35,54,16,6,7,17,29,-3.0,2004-05
22004,1610612744,GSW,Golden State Warriors,0020400041,2004-11-06,GSW vs. LAC,L,240,86,31,88,0.352,1,15,0.067,23,38,0.605,21,26,47,18,8,7,12,34,-8.0,2004-05
22004,1610612744,GSW,Golden State Warriors,0020400028,2004-11-05,GSW vs. UTA,L,240,80,30,81,0.37,5,15,0.333,15,20,0.75,12,19,31,17,8,2,13,24,-22.0,2004-05
22004,1610612744,GSW,Golden State Warriors,0020400016,2004-11-03,GSW vs. POR,L,240,75,31,81,0.383,2,10,0.2,11,20,0.55,13,32,45,24,5,4,12,18,-3.0,2004-05
22005,1610612744,GSW,Golden State Warriors,0020501227,2006-04-19,GSW @ UTA,L,240,102,36,90,0.4,6,21,0.286,24,33,0.727,22,23,45,16,8,5,12,25,-3.0,2005-06
22005,1610612744,GSW,Golden State Warriors,0020501211,2006-04-17,GSW vs. POR,W,240,93,37,82,0.451,4,15,0.267,15,21,0.714,17,30,47,26,10,2,16,16,14.0,2005-06
22005,1610612744,GSW,Golden State Warriors,0020501193,2006-04-15,GSW @ POR,W,240,86,30,81,0.37,3,18,0.167,23,33,0.697,16,34,50,12,8,0,10,17,5.0,2005-06
22005,1610612744,GSW,Golden State Warriors,0020501186,2006-04-14,GSW vs. PHX,W,239,110,43,91,0.473,8,22,0.364,16,19,0.842,7,32,39,19,11,7,10,15,8.0,2005-06
22005,1610612744,GSW,Golden State Warriors,0020501173,2006-04-12,GSW vs. DAL,W,240,114,37,76,0.487,5,14,0.357,35,43,0.814,14,31,45,22,7,7,16,22,12.0,2005-06
22005,1610612744,GSW,Golden State Warriors,0020501161,2006-04-11,GSW @ LAL,L,240,100,34,82,0.415,9,21,0.429,23,33,0.697,14,33,47,17,10,5,15,23,-11.0,2005-06
22005,1610612744,GSW,Golden State Warriors,0020501137,2006-04-08,GSW @ DEN,L,240,92,33,83,0.398,5,15,0.333,21,26,0.808,13,37,50,21,5,2,15,26,-3.0,2005-06
22005,1610612744,GSW,Golden State Warriors,0020501132,2006-04-07,GSW vs. HOU,L,240,93,31,77,0.403,10,22,0.455,21,26,0.808,9,30,39,23,6,6,13,20,-7.0,2005-06
22005,1610612744,GSW,Golden State Warriors,0020501114,2006-04-05,GSW @ NOK,L,265,109,39,80,0.488,7,22,0.318,24,30,0.8,11,35,46,22,4,6,17,26,-5.0,2005-06
22005,1610612744,GSW,Golden State Warriors,0020501102,2006-04-04,GSW @ MEM,L,240,75,26,76,0.342,5,19,0.263,18,25,0.72,14,30,44,12,6,2,16,22,-25.0,2005-06
22005,1610612744,GSW,Golden State Warriors,0020501088,2006-04-02,GSW @ MIN,L,266,104,39,94,0.415,11,39,0.282,15,18,0.833,15,29,44,27,5,3,21,25,-2.0,2005-06
22005,1610612744,GSW,Golden State Warriors,0020501077,2006-03-31,GSW vs. SAC,L,239,93,39,82,0.476,9,28,0.321,6,13,0.462,5,31,36,26,10,6,14,21,-3.0,2005-06
22005,1610612744,GSW,Golden State Warriors,0020501064,2006-03-29,GSW vs. NOK,L,240,85,30,79,0.38,8,26,0.308,17,23,0.739,16,33,49,19,7,5,15,17,-1.0,2005-06
22005,1610612744,GSW,Golden State Warriors,0020501046,2006-03-27,GSW vs. WAS,L,240,98,39,86,0.453,12,28,0.429,8,21,0.381,15,30,45,25,3,3,20,23,-18.0,2005-06
22005,1610612744,GSW,Golden State Warriors,0020501040,2006-03-26,GSW @ SAC,W,240,90,33,76,0.434,9,22,0.409,15,21,0.714,13,35,48,20,6,4,14,21,7.0,2005-06
22005,1610612744,GSW,Golden State Warriors,0020501014,2006-03-23,GSW @ DAL,W,240,122,43,92,0.467,11,24,0.458,25,28,0.893,13,19,32,26,15,1,11,30,1.0,2005-06
22005,1610612744,GSW,Golden State Warriors,0020500999,2006-03-21,GSW @ SAS,L,240,96,36,86,0.419,2,15,0.133,22,27,0.815,13,26,39,8,6,2,13,25,-11.0,2005-06
22005,1610612744,GSW,Golden State Warriors,0020500986,2006-03-19,GSW vs. PHI,W,240,98,37,85,0.435,6,22,0.273,18,28,0.643,14,39,53,24,5,5,12,22,9.0,2005-06
22005,1610612744,GSW,Golden State Warriors,0020500961,2006-03-16,GSW vs. MIN,W,240,105,37,79,0.468,6,17,0.353,25,37,0.676,13,33,46,24,3,3,15,21,8.0,2005-06
22005,1610612744,GSW,Golden State Warriors,0020500921,2006-03-11,GSW @ ORL,L,240,92,37,79,0.468,10,23,0.435,8,9,0.889,7,19,26,23,6,4,17,24,-11.0,2005-06
22005,1610612744,GSW,Golden State Warriors,0020500913,2006-03-10,GSW @ MIA,W,240,111,40,77,0.519,10,17,0.588,21,38,0.553,9,25,34,17,9,1,12,26,5.0,2005-06
22005,1610612744,GSW,Golden State Warriors,0020500899,2006-03-08,GSW @ CHA,L,240,101,39,86,0.453,6,16,0.375,17,24,0.708,21,32,53,21,7,4,18,26,-3.0,2005-06
22005,1610612744,GSW,Golden State Warriors,0020500890,2006-03-07,GSW @ ATL,L,240,106,38,86,0.442,11,24,0.458,19,25,0.76,12,29,41,16,6,6,16,31,-7.0,2005-06
22005,1610612744,GSW,Golden State Warriors,0020500878,2006-03-05,GSW @ MIN,L,240,90,35,79,0.443,9,23,0.391,11,15,0.733,7,28,35,16,5,7,17,26,-13.0,2005-06
22005,1610612744,GSW,Golden State Warriors,0020500865,2006-03-03,GSW vs. LAL,L,240,94,32,96,0.333,10,32,0.313,20,22,0.909,15,22,37,25,10,3,11,30,-12.0,2005-06
22005,1610612744,GSW,Golden State Warriors,0020500854,2006-03-01,GSW vs. ORL,W,240,98,32,74,0.432,7,18,0.389,27,40,0.675,11,33,44,24,5,5,11,18,4.0,2005-06
22005,1610612744,GSW,Golden State Warriors,0020500838,2006-02-27,GSW vs. UTA,L,265,108,39,88,0.443,5,22,0.227,25,41,0.61,15,26,41,20,6,9,16,31,-9.0,2005-06
22005,1610612744,GSW,Golden State Warriors,0020500819,2006-02-25,GSW @ SAS,L,240,75,30,89,0.337,4,10,0.4,11,16,0.688,17,30,47,11,10,7,14,18,-17.0,2005-06
22005,1610612744,GSW,Golden State Warriors,0020500811,2006-02-24,GSW @ HOU,L,240,88,33,84,0.393,11,23,0.478,11,22,0.5,9,36,45,21,9,6,11,22,-3.0,2005-06
22005,1610612744,GSW,Golden State Warriors,0020500789,2006-02-21,GSW @ SAC,L,240,77,29,91,0.319,3,15,0.2,16,22,0.727,14,25,39,13,9,2,11,19,-25.0,2005-06
22005,1610612744,GSW,Golden State Warriors,0020500776,2006-02-15,GSW vs. LAC,W,240,88,30,78,0.385,3,15,0.2,25,38,0.658,18,34,52,19,9,5,16,18,7.0,2005-06
22005,1610612744,GSW,Golden State Warriors,0020500757,2006-02-13,GSW vs. MEM,L,240,79,28,74,0.378,3,17,0.176,20,23,0.87,10,38,48,18,6,9,16,22,-2.0,2005-06
22005,1610612744,GSW,Golden State Warriors,0020500737,2006-02-11,GSW @ CLE,W,240,99,38,76,0.5,7,18,0.389,16,29,0.552,8,28,36,23,3,4,13,24,8.0,2005-06
22005,1610612744,GSW,Golden State Warriors,0020500730,2006-02-10,GSW @ IND,L,239,95,32,81,0.395,7,27,0.259,24,31,0.774,16,29,45,17,4,5,15,26,-12.0,2005-06
22005,1610612744,GSW,Golden State Warriors,0020500712,2006-02-08,GSW @ WAS,L,240,124,46,82,0.561,8,26,0.308,24,31,0.774,11,24,35,25,10,3,16,41,-5.0,2005-06
22005,1610612744,GSW,Golden State Warriors,0020500705,2006-02-06,GSW vs. DEN,W,241,122,43,88,0.489,10,21,0.476,26,35,0.743,14,33,47,26,9,9,15,25,8.0,2005-06
22005,1610612744,GSW,Golden State Warriors,0020500694,2006-02-04,GSW vs. MIN,W,240,109,38,80,0.475,6,14,0.429,27,30,0.9,9,38,47,26,10,11,12,17,32.0,2005-06
22005,1610612744,GSW,Golden State Warriors,0020500675,2006-02-02,GSW vs. SAS,L,240,86,32,74,0.432,4,11,0.364,18,27,0.667,10,30,40,17,6,3,15,24,-3.0,2005-06
22005,1610612744,GSW,Golden State Warriors,0020500673,2006-02-01,GSW @ SEA,L,240,107,37,84,0.44,11,29,0.379,22,30,0.733,11,29,40,21,8,2,13,25,-4.0,2005-06
22005,1610612744,GSW,Golden State Warriors,0020500640,2006-01-28,GSW vs. POR,W,240,98,38,81,0.469,4,15,0.267,18,28,0.643,18,34,52,23,6,4,14,20,15.0,2005-06
22005,1610612744,GSW,Golden State Warriors,0020500631,2006-01-27,GSW @ LAL,L,265,105,38,96,0.396,8,26,0.308,21,28,0.75,16,34,50,21,11,2,18,39,-1.0,2005-06
22005,1610612744,GSW,Golden State Warriors,0020500615,2006-01-25,GSW vs. DAL,L,240,93,32,77,0.416,6,18,0.333,23,35,0.657,15,32,47,18,6,3,12,24,-9.0,2005-06
22005,1610612744,GSW,Golden State Warriors,0020500597,2006-01-23,GSW vs. LAC,L,240,93,38,84,0.452,6,23,0.261,11,23,0.478,18,33,51,23,3,7,12,27,-3.0,2005-06
22005,1610612744,GSW,Golden State Warriors,0020500586,2006-01-22,GSW @ LAC,L,240,92,29,71,0.408,8,20,0.4,26,31,0.839,3,24,27,16,8,3,12,18,-13.0,2005-06
22005,1610612744,GSW,Golden State Warriors,0020500575,2006-01-20,GSW vs. CLE,W,240,99,37,78,0.474,8,15,0.533,17,30,0.567,10,35,45,22,13,4,14,20,20.0,2005-06
22005,1610612744,GSW,Golden State Warriors,0020500544,2006-01-16,GSW vs. SEA,W,242,109,42,82,0.512,9,23,0.391,16,23,0.696,12,35,47,25,6,4,16,20,16.0,2005-06
22005,1610612744,GSW,Golden State Warriors,0020500532,2006-01-14,GSW vs. LAL,L,240,104,41,94,0.436,10,32,0.313,12,20,0.6,15,28,43,21,10,4,10,26,-6.0,2005-06
22005,1610612744,GSW,Golden State Warriors,0020500511,2006-01-12,GSW @ PHX,L,240,99,39,102,0.382,8,30,0.267,13,20,0.65,16,39,55,22,7,4,8,15,-13.0,2005-06
22005,1610612744,GSW,Golden State Warriors,0020500509,2006-01-11,GSW vs. MIA,L,240,96,33,86,0.384,9,26,0.346,21,26,0.808,7,30,37,22,8,3,7,23,-14.0,2005-06
22005,1610612744,GSW,Golden State Warriors,0020500458,2006-01-05,GSW vs. IND,L,240,89,33,76,0.434,3,20,0.15,20,28,0.714,8,30,38,16,6,6,13,23,-10.0,2005-06
22005,1610612744,GSW,Golden State Warriors,0020500444,2006-01-03,GSW @ MEM,L,240,94,38,81,0.469,8,21,0.381,10,12,0.833,7,27,34,22,10,3,12,26,-10.0,2005-06
22005,1610612744,GSW,Golden State Warriors,0020500429,2005-12-31,GSW @ HOU,W,240,94,31,82,0.378,6,24,0.25,26,33,0.788,11,30,41,17,5,0,5,21,5.0,2005-06
22005,1610612744,GSW,Golden State Warriors,0020500423,2005-12-30,GSW @ DAL,W,240,111,40,85,0.471,9,19,0.474,22,26,0.846,15,28,43,19,6,9,14,25,2.0,2005-06
22005,1610612744,GSW,Golden State Warriors,0020500413,2005-12-28,GSW vs. BOS,W,240,111,44,82,0.537,6,22,0.273,17,25,0.68,8,20,28,30,17,7,10,25,2.0,2005-06
22005,1610612744,GSW,Golden State Warriors,0020500396,2005-12-26,GSW vs. DEN,L,240,112,41,85,0.482,11,19,0.579,19,27,0.704,11,23,34,24,9,2,14,21,-6.0,2005-06
22005,1610612744,GSW,Golden State Warriors,0020500376,2005-12-23,GSW @ DET,L,240,85,38,84,0.452,5,11,0.455,4,9,0.444,15,27,42,18,2,3,10,25,-12.0,2005-06
22005,1610612744,GSW,Golden State Warriors,0020500360,2005-12-21,GSW @ PHI,L,240,100,37,82,0.451,8,23,0.348,18,23,0.783,10,29,39,21,4,5,15,23,-11.0,2005-06
22005,1610612744,GSW,Golden State Warriors,0020500348,2005-12-19,GSW @ BOS,L,240,98,37,90,0.411,5,21,0.238,19,26,0.731,10,27,37,15,10,4,12,30,-11.0,2005-06
22005,1610612744,GSW,Golden State Warriors,0020500343,2005-12-18,GSW @ NJN,L,240,90,29,76,0.382,9,25,0.36,23,30,0.767,6,26,32,15,9,2,13,16,-28.0,2005-06
22005,1610612744,GSW,Golden State Warriors,0020500322,2005-12-16,GSW @ TOR,W,240,108,38,80,0.475,17,29,0.586,15,23,0.652,6,27,33,27,10,1,11,23,10.0,2005-06
22005,1610612744,GSW,Golden State Warriors,0020500318,2005-12-14,GSW vs. HOU,L,265,105,37,89,0.416,15,37,0.405,16,23,0.696,7,25,32,29,7,2,8,27,-6.0,2005-06
22005,1610612744,GSW,Golden State Warriors,0020500306,2005-12-13,GSW @ SEA,W,265,110,38,80,0.475,8,26,0.308,26,31,0.839,8,32,40,22,7,3,14,28,3.0,2005-06
22005,1610612744,GSW,Golden State Warriors,0020500279,2005-12-09,GSW vs. DET,L,240,103,37,82,0.451,4,18,0.222,25,27,0.926,10,27,37,19,8,6,10,20,-3.0,2005-06
22005,1610612744,GSW,Golden State Warriors,0020500267,2005-12-07,GSW vs. PHX,L,240,110,43,90,0.478,7,21,0.333,17,27,0.63,7,37,44,18,10,1,18,24,-8.0,2005-06
22005,1610612744,GSW,Golden State Warriors,0020500229,2005-12-02,GSW vs. CHA,W,240,107,37,89,0.416,8,27,0.296,25,33,0.758,15,42,57,24,6,8,17,34,7.0,2005-06
22005,1610612744,GSW,Golden State Warriors,0020500216,2005-11-30,GSW vs. SAC,W,240,113,41,92,0.446,12,32,0.375,19,26,0.731,17,35,52,29,7,2,15,29,7.0,2005-06
22005,1610612744,GSW,Golden State Warriors,0020500197,2005-11-28,GSW vs. NOK,W,240,99,39,88,0.443,7,22,0.318,14,17,0.824,18,29,47,21,10,3,13,26,16.0,2005-06
22005,1610612744,GSW,Golden State Warriors,0020500189,2005-11-26,GSW vs. TOR,W,240,117,47,83,0.566,5,21,0.238,18,24,0.75,10,35,45,37,5,4,16,20,26.0,2005-06
22005,1610612744,GSW,Golden State Warriors,0020500178,2005-11-25,GSW @ UTA,W,240,94,31,79,0.392,9,28,0.321,23,38,0.605,11,30,41,17,6,3,12,23,4.0,2005-06
22005,1610612744,GSW,Golden State Warriors,0020500166,2005-11-23,GSW vs. SAS,L,240,89,29,77,0.377,2,9,0.222,29,31,0.935,6,21,27,16,7,1,10,17,-24.0,2005-06
22005,1610612744,GSW,Golden State Warriors,0020500149,2005-11-21,GSW vs. NJN,W,240,100,33,72,0.458,12,28,0.429,22,27,0.815,9,36,45,20,6,5,16,29,3.0,2005-06
22005,1610612744,GSW,Golden State Warriors,0020500141,2005-11-20,GSW @ LAC,L,240,101,37,95,0.389,7,35,0.2,20,21,0.952,12,27,39,25,7,2,9,27,-12.0,2005-06
22005,1610612744,GSW,Golden State Warriors,0020500129,2005-11-18,GSW @ POR,W,240,91,36,85,0.424,9,22,0.409,10,17,0.588,15,23,38,19,8,2,9,22,11.0,2005-06
22005,1610612744,GSW,Golden State Warriors,0020500116,2005-11-16,GSW vs. MIL,L,240,87,29,79,0.367,9,29,0.31,20,29,0.69,9,33,42,21,10,10,11,24,-3.0,2005-06
22005,1610612744,GSW,Golden State Warriors,0020500097,2005-11-14,GSW vs. CHI,W,240,100,35,75,0.467,8,22,0.364,22,27,0.815,11,36,47,20,8,6,19,25,18.0,2005-06
22005,1610612744,GSW,Golden State Warriors,0020500088,2005-11-12,GSW @ PHX,L,240,86,31,86,0.36,6,25,0.24,18,25,0.72,14,41,55,12,6,3,17,22,-15.0,2005-06
22005,1610612744,GSW,Golden State Warriors,0020500079,2005-11-11,GSW vs. NYK,W,240,86,29,75,0.387,9,29,0.31,19,27,0.704,11,34,45,24,5,7,12,20,2.0,2005-06
22005,1610612744,GSW,Golden State Warriors,0020500065,2005-11-09,GSW @ CHI,L,240,84,30,89,0.337,9,31,0.29,15,20,0.75,14,28,42,20,9,4,15,25,-1.0,2005-06
22005,1610612744,GSW,Golden State Warriors,0020500052,2005-11-08,GSW @ MIL,W,240,110,39,78,0.5,13,27,0.481,19,26,0.731,7,33,40,23,2,3,17,19,7.0,2005-06
22005,1610612744,GSW,Golden State Warriors,0020500043,2005-11-06,GSW @ NYK,W,240,83,29,73,0.397,10,30,0.333,15,32,0.469,7,33,40,16,6,6,14,27,2.0,2005-06
22005,1610612744,GSW,Golden State Warriors,0020500029,2005-11-04,GSW vs. UTA,L,240,85,29,78,0.372,5,21,0.238,22,38,0.579,16,25,41,13,6,9,14,32,-6.0,2005-06
22005,1610612744,GSW,Golden State Warriors,0020500017,2005-11-02,GSW vs. ATL,W,240,122,43,74,0.581,7,19,0.368,29,45,0.644,11,27,38,24,10,8,19,21,25.0,2005-06
22006,1610612744,GSW,Golden State Warriors,0020601228,2007-04-18,GSW @ POR,W,239,120,48,91,0.527,11,29,0.379,13,19,0.684,11,33,44,37,11,1,14,21,22.0,2006-07
22006,1610612744,GSW,Golden State Warriors,0020601216,2007-04-17,GSW vs. DAL,W,241,111,35,84,0.417,11,22,0.5,30,37,0.811,15,38,53,24,10,8,8,28,29.0,2006-07
22006,1610612744,GSW,Golden State Warriors,0020601198,2007-04-15,GSW vs. MIN,W,241,121,43,92,0.467,12,35,0.343,23,28,0.821,13,33,46,29,13,4,16,24,13.0,2006-07
22006,1610612744,GSW,Golden State Warriors,0020601184,2007-04-13,GSW @ SAC,W,241,125,46,95,0.484,11,28,0.393,22,30,0.733,18,33,51,19,11,4,16,29,17.0,2006-07
22006,1610612744,GSW,Golden State Warriors,0020601156,2007-04-09,GSW vs. UTA,W,241,126,47,85,0.553,11,21,0.524,21,30,0.7,10,35,45,29,15,11,17,30,24.0,2006-07
22006,1610612744,GSW,Golden State Warriors,0020601137,2007-04-07,GSW @ SAS,L,241,99,40,94,0.426,11,32,0.344,8,14,0.571,12,22,34,17,4,4,11,28,-13.0,2006-07
22006,1610612744,GSW,Golden State Warriors,0020601127,2007-04-06,GSW @ MEM,W,239,116,42,84,0.5,12,36,0.333,20,25,0.8,7,27,34,29,12,3,23,28,12.0,2006-07
22006,1610612744,GSW,Golden State Warriors,0020601115,2007-04-04,GSW @ HOU,W,239,110,36,82,0.439,16,35,0.457,22,27,0.815,8,27,35,24,14,4,10,23,11.0,2006-07
22006,1610612744,GSW,Golden State Warriors,0020601093,2007-04-01,GSW vs. MEM,W,240,122,46,89,0.517,16,36,0.444,14,21,0.667,9,32,41,39,8,12,11,26,5.0,2006-07
22006,1610612744,GSW,Golden State Warriors,0020601071,2007-03-29,GSW vs. PHX,W,240,124,51,98,0.52,13,31,0.419,9,14,0.643,11,33,44,29,8,4,14,23,5.0,2006-07
22006,1610612744,GSW,Golden State Warriors,0020601053,2007-03-26,GSW vs. SAS,L,239,89,33,89,0.371,5,22,0.227,18,25,0.72,10,23,33,19,7,4,13,23,-37.0,2006-07
22006,1610612744,GSW,Golden State Warriors,0020601044,2007-03-25,GSW @ LAL,L,240,113,42,97,0.433,11,35,0.314,18,24,0.75,10,23,33,30,12,2,8,29,-2.0,2006-07
22006,1610612744,GSW,Golden State Warriors,0020601030,2007-03-23,GSW vs. WAS,W,242,135,49,84,0.583,10,25,0.4,27,34,0.794,9,27,36,34,13,1,20,25,7.0,2006-07
22006,1610612744,GSW,Golden State Warriors,0020601003,2007-03-20,GSW @ UTA,L,241,100,36,80,0.45,14,28,0.5,14,17,0.824,10,20,30,21,7,1,14,28,-4.0,2006-07
22006,1610612744,GSW,Golden State Warriors,0020600987,2007-03-17,GSW @ SEA,W,241,99,38,86,0.442,9,24,0.375,14,17,0.824,11,33,44,21,15,3,20,24,1.0,2006-07
22006,1610612744,GSW,Golden State Warriors,0020600978,2007-03-16,GSW vs. MIN,W,239,106,39,80,0.488,11,27,0.407,17,18,0.944,7,31,38,27,10,3,19,30,20.0,2006-07
22006,1610612744,GSW,Golden State Warriors,0020600947,2007-03-12,GSW vs. DAL,W,240,117,44,77,0.571,8,21,0.381,21,30,0.7,5,23,28,31,13,6,14,26,17.0,2006-07
22006,1610612744,GSW,Golden State Warriors,0020600942,2007-03-11,GSW @ POR,L,240,87,31,83,0.373,7,25,0.28,18,22,0.818,15,28,43,17,9,3,17,18,-19.0,2006-07
22006,1610612744,GSW,Golden State Warriors,0020600926,2007-03-09,GSW vs. LAC,W,239,99,37,82,0.451,5,16,0.313,20,26,0.769,17,31,48,17,5,6,18,26,10.0,2006-07
22006,1610612744,GSW,Golden State Warriors,0020600916,2007-03-07,GSW vs. DEN,W,240,110,41,93,0.441,16,34,0.471,12,14,0.857,13,37,50,31,10,9,17,25,14.0,2006-07
22006,1610612744,GSW,Golden State Warriors,0020600897,2007-03-05,GSW @ DET,W,239,111,42,77,0.545,10,24,0.417,17,20,0.85,8,37,45,24,12,3,21,22,18.0,2006-07
22006,1610612744,GSW,Golden State Warriors,0020600888,2007-03-04,GSW @ WAS,L,239,106,42,95,0.442,10,28,0.357,12,15,0.8,17,35,52,22,5,4,20,27,-1.0,2006-07
22006,1610612744,GSW,Golden State Warriors,0020600871,2007-03-02,GSW @ NYK,L,240,97,40,89,0.449,11,23,0.478,6,15,0.4,11,27,38,19,5,5,11,27,-9.0,2006-07
22006,1610612744,GSW,Golden State Warriors,0020600860,2007-02-28,GSW @ CHI,L,240,83,33,82,0.402,4,22,0.182,13,19,0.684,12,28,40,15,7,5,22,25,-30.0,2006-07
22006,1610612744,GSW,Golden State Warriors,0020600853,2007-02-27,GSW @ MIL,L,241,101,42,90,0.467,6,22,0.273,11,20,0.55,13,30,43,27,9,5,15,19,-21.0,2006-07
22006,1610612744,GSW,Golden State Warriors,0020600838,2007-02-25,GSW vs. LAL,L,240,85,37,86,0.43,2,19,0.105,9,21,0.429,13,31,44,16,7,8,15,20,-17.0,2006-07
22006,1610612744,GSW,Golden State Warriors,0020600826,2007-02-24,GSW @ LAC,L,241,90,36,82,0.439,8,22,0.364,10,15,0.667,7,28,35,25,10,7,19,26,-13.0,2006-07
22006,1610612744,GSW,Golden State Warriors,0020600810,2007-02-21,GSW vs. MEM,W,264,118,46,100,0.46,5,23,0.217,21,28,0.75,12,34,46,25,15,7,15,22,3.0,2006-07
22006,1610612744,GSW,Golden State Warriors,0020600787,2007-02-14,GSW vs. NYK,W,240,120,48,80,0.6,11,21,0.524,13,21,0.619,9,32,41,29,8,8,18,22,19.0,2006-07
22006,1610612744,GSW,Golden State Warriors,0020600766,2007-02-12,GSW @ DEN,L,240,111,44,83,0.53,8,25,0.32,15,20,0.75,9,25,34,29,7,8,18,21,-12.0,2006-07
22006,1610612744,GSW,Golden State Warriors,0020600763,2007-02-11,GSW vs. ATL,L,241,105,39,84,0.464,6,18,0.333,21,28,0.75,14,30,44,22,4,4,17,23,-1.0,2006-07
22006,1610612744,GSW,Golden State Warriors,0020600748,2007-02-09,GSW vs. CHI,W,267,123,44,103,0.427,11,25,0.44,24,37,0.649,20,35,55,31,8,9,13,30,2.0,2006-07
22006,1610612744,GSW,Golden State Warriors,0020600732,2007-02-07,GSW @ MIN,L,241,93,37,100,0.37,6,26,0.231,13,16,0.813,14,28,42,24,10,8,12,16,-28.0,2006-07
22006,1610612744,GSW,Golden State Warriors,0020600715,2007-02-05,GSW @ IND,W,240,113,37,85,0.435,11,17,0.647,28,33,0.848,11,46,57,16,10,7,24,25,15.0,2006-07
22006,1610612744,GSW,Golden State Warriors,0020600700,2007-02-03,GSW @ CHA,L,239,90,36,86,0.419,4,21,0.19,14,21,0.667,16,33,49,13,6,5,17,18,-8.0,2006-07
22006,1610612744,GSW,Golden State Warriors,0020600689,2007-02-02,GSW @ PHI,W,240,102,40,86,0.465,4,12,0.333,18,25,0.72,12,29,41,19,10,5,14,24,1.0,2006-07
22006,1610612744,GSW,Golden State Warriors,0020600676,2007-01-31,GSW @ ATL,L,235,94,32,73,0.438,1,15,0.067,29,41,0.707,9,22,31,22,12,4,12,22,-21.0,2006-07
22006,1610612744,GSW,Golden State Warriors,0020600669,2007-01-30,GSW @ CLE,L,232,97,31,76,0.408,2,20,0.1,33,39,0.846,10,25,35,14,5,8,20,28,-27.0,2006-07
22006,1610612744,GSW,Golden State Warriors,0020600654,2007-01-27,GSW vs. CHA,W,234,131,44,79,0.557,10,17,0.588,33,44,0.75,10,32,42,31,16,9,15,25,26.0,2006-07
22006,1610612744,GSW,Golden State Warriors,0020600631,2007-01-24,GSW vs. NJN,W,240,110,39,84,0.464,5,26,0.192,27,35,0.771,11,26,37,25,9,5,14,25,1.0,2006-07
22006,1610612744,GSW,Golden State Warriors,0020600614,2007-01-22,GSW @ LAL,L,238,103,42,88,0.477,5,18,0.278,14,20,0.7,10,26,36,19,18,6,20,29,-5.0,2006-07
22006,1610612744,GSW,Golden State Warriors,0020600601,2007-01-20,GSW vs. CLE,L,260,104,39,98,0.398,12,28,0.429,14,21,0.667,11,34,45,29,16,6,19,24,-2.0,2006-07
22006,1610612744,GSW,Golden State Warriors,0020600578,2007-01-17,GSW @ LAC,L,240,109,38,91,0.418,9,20,0.45,24,33,0.727,12,32,44,19,12,5,14,27,-6.0,2006-07
22006,1610612744,GSW,Golden State Warriors,0020600562,2007-01-15,GSW vs. LAC,W,240,108,39,92,0.424,5,21,0.238,25,37,0.676,20,34,54,24,13,4,15,23,15.0,2006-07
22006,1610612744,GSW,Golden State Warriors,0020600540,2007-01-12,GSW vs. MIA,L,240,96,36,86,0.419,6,22,0.273,18,33,0.545,12,28,40,22,10,3,13,18,-22.0,2006-07
22006,1610612744,GSW,Golden State Warriors,0020600527,2007-01-10,GSW vs. ORL,L,240,76,28,76,0.368,5,17,0.294,15,27,0.556,10,35,45,20,10,7,18,24,-15.0,2006-07
22006,1610612744,GSW,Golden State Warriors,0020600502,2007-01-07,GSW @ PHX,L,240,105,37,85,0.435,4,15,0.267,27,35,0.771,14,36,50,10,8,4,25,22,-23.0,2006-07
22006,1610612744,GSW,Golden State Warriors,0020600497,2007-01-06,GSW vs. SEA,W,240,108,42,84,0.5,6,22,0.273,18,34,0.529,15,29,44,23,5,5,14,19,4.0,2006-07
22006,1610612744,GSW,Golden State Warriors,0020600471,2007-01-03,GSW @ MEM,L,240,135,48,101,0.475,18,46,0.391,21,24,0.875,15,27,42,33,6,7,12,26,-9.0,2006-07
22006,1610612744,GSW,Golden State Warriors,0020600462,2007-01-02,GSW @ NOK,W,240,97,34,86,0.395,9,29,0.31,20,31,0.645,13,33,46,17,10,2,6,16,8.0,2006-07
22006,1610612744,GSW,Golden State Warriors,0020600450,2006-12-30,GSW @ SAC,L,240,96,34,92,0.37,8,31,0.258,20,31,0.645,18,31,49,17,7,4,20,26,-23.0,2006-07
22006,1610612744,GSW,Golden State Warriors,0020600441,2006-12-29,GSW vs. BOS,W,240,110,38,83,0.458,7,23,0.304,27,35,0.771,16,26,42,28,8,9,13,24,10.0,2006-07
22006,1610612744,GSW,Golden State Warriors,0020600414,2006-12-26,GSW vs. PHI,W,240,116,40,73,0.548,13,28,0.464,23,32,0.719,7,32,39,25,6,7,19,17,19.0,2006-07
22006,1610612744,GSW,Golden State Warriors,0020600394,2006-12-23,GSW @ MIA,L,240,92,37,99,0.374,7,27,0.259,11,17,0.647,19,34,53,20,7,6,15,18,-13.0,2006-07
22006,1610612744,GSW,Golden State Warriors,0020600380,2006-12-22,GSW @ ORL,W,240,117,40,83,0.482,9,24,0.375,28,37,0.757,13,24,37,18,11,8,13,26,9.0,2006-07
22006,1610612744,GSW,Golden State Warriors,0020600367,2006-12-20,GSW @ BOS,W,240,96,36,83,0.434,4,16,0.25,20,25,0.8,14,25,39,18,11,2,19,22,1.0,2006-07
22006,1610612744,GSW,Golden State Warriors,0020600356,2006-12-18,GSW @ NJN,L,240,97,38,84,0.452,10,29,0.345,11,19,0.579,6,35,41,23,8,6,17,20,-8.0,2006-07
22006,1610612744,GSW,Golden State Warriors,0020600351,2006-12-17,GSW @ TOR,L,240,115,42,83,0.506,9,24,0.375,22,25,0.88,8,30,38,23,3,2,17,27,-5.0,2006-07
22006,1610612744,GSW,Golden State Warriors,0020600338,2006-12-15,GSW @ PHX,L,240,101,38,94,0.404,12,31,0.387,13,17,0.765,6,38,44,19,10,6,15,23,-4.0,2006-07
22006,1610612744,GSW,Golden State Warriors,0020600328,2006-12-14,GSW vs. HOU,W,240,109,38,80,0.475,6,21,0.286,27,35,0.771,6,27,33,24,6,7,15,19,2.0,2006-07
22006,1610612744,GSW,Golden State Warriors,0020600312,2006-12-12,GSW vs. SAC,W,240,126,43,81,0.531,15,27,0.556,25,36,0.694,12,32,44,33,10,5,12,24,13.0,2006-07
22006,1610612744,GSW,Golden State Warriors,0020600298,2006-12-10,GSW @ SEA,L,240,115,40,84,0.476,11,26,0.423,24,28,0.857,11,26,37,25,2,6,13,24,-2.0,2006-07
22006,1610612744,GSW,Golden State Warriors,0020600294,2006-12-09,GSW vs. NOK,W,240,101,41,83,0.494,8,28,0.286,11,13,0.846,9,33,42,29,9,3,15,22,21.0,2006-07
22006,1610612744,GSW,Golden State Warriors,0020600257,2006-12-05,GSW @ HOU,L,240,90,32,82,0.39,8,17,0.471,18,30,0.6,9,26,35,11,13,5,16,24,-28.0,2006-07
22006,1610612744,GSW,Golden State Warriors,0020600250,2006-12-04,GSW @ SAS,L,240,89,37,91,0.407,4,16,0.25,11,16,0.688,7,27,34,20,5,5,10,17,-40.0,2006-07
22006,1610612744,GSW,Golden State Warriors,0020600243,2006-12-02,GSW vs. MIL,L,240,110,42,85,0.494,10,31,0.323,16,20,0.8,11,22,33,31,10,3,18,29,-5.0,2006-07
22006,1610612744,GSW,Golden State Warriors,0020600221,2006-11-29,GSW vs. IND,L,240,106,45,88,0.511,8,18,0.444,8,12,0.667,7,38,45,25,7,15,19,22,-2.0,2006-07
22006,1610612744,GSW,Golden State Warriors,0020600203,2006-11-27,GSW vs. SAS,W,240,111,41,83,0.494,9,17,0.529,20,24,0.833,8,28,36,27,10,11,12,18,9.0,2006-07
22006,1610612744,GSW,Golden State Warriors,0020600194,2006-11-25,GSW vs. UTA,W,240,91,36,89,0.404,4,18,0.222,15,23,0.652,20,32,52,26,14,12,16,15,13.0,2006-07
22006,1610612744,GSW,Golden State Warriors,0020600180,2006-11-24,GSW @ DEN,L,240,129,53,93,0.57,8,26,0.308,15,24,0.625,15,24,39,30,8,5,26,28,-11.0,2006-07
22006,1610612744,GSW,Golden State Warriors,0020600170,2006-11-22,GSW vs. DEN,L,240,112,42,94,0.447,10,29,0.345,18,29,0.621,12,22,34,31,12,10,14,30,-3.0,2006-07
22006,1610612744,GSW,Golden State Warriors,0020600150,2006-11-20,GSW vs. PHX,L,240,110,47,91,0.516,8,20,0.4,8,14,0.571,12,38,50,20,6,8,22,17,-3.0,2006-07
22006,1610612744,GSW,Golden State Warriors,0020600141,2006-11-18,GSW vs. SEA,W,240,107,43,86,0.5,3,14,0.214,18,24,0.75,11,37,48,26,7,6,13,17,12.0,2006-07
22006,1610612744,GSW,Golden State Warriors,0020600118,2006-11-16,GSW vs. SAC,W,239,117,45,78,0.577,8,20,0.4,19,28,0.679,8,31,39,29,8,6,20,27,12.0,2006-07
22006,1610612744,GSW,Golden State Warriors,0020600107,2006-11-14,GSW vs. TOR,W,240,110,42,97,0.433,11,31,0.355,15,23,0.652,14,28,42,27,7,5,11,25,11.0,2006-07
22006,1610612744,GSW,Golden State Warriors,0020600089,2006-11-11,GSW vs. DET,W,240,111,43,76,0.566,12,21,0.571,13,25,0.52,10,32,42,33,11,4,14,18,32.0,2006-07
22006,1610612744,GSW,Golden State Warriors,0020600071,2006-11-09,GSW vs. NOK,W,240,121,39,76,0.513,13,34,0.382,30,37,0.811,7,23,30,30,9,5,10,31,5.0,2006-07
22006,1610612744,GSW,Golden State Warriors,0020600056,2006-11-07,GSW @ NOK,L,240,93,37,80,0.463,7,25,0.28,12,15,0.8,9,25,34,20,7,9,14,22,-4.0,2006-07
22006,1610612744,GSW,Golden State Warriors,0020600048,2006-11-06,GSW @ DAL,W,240,107,36,73,0.493,10,23,0.435,25,31,0.806,9,30,39,19,5,6,17,21,3.0,2006-07
22006,1610612744,GSW,Golden State Warriors,0020600037,2006-11-04,GSW @ UTA,L,240,82,28,73,0.384,6,16,0.375,20,35,0.571,11,23,34,16,9,7,18,19,-24.0,2006-07
22006,1610612744,GSW,Golden State Warriors,0020600030,2006-11-03,GSW vs. POR,W,238,102,38,77,0.494,5,11,0.455,21,31,0.677,12,27,39,21,8,3,15,21,13.0,2006-07
22006,1610612744,GSW,Golden State Warriors,0020600015,2006-11-01,GSW vs. LAL,L,240,98,34,82,0.415,3,19,0.158,27,42,0.643,12,34,46,18,6,4,10,31,-12.0,2006-07
42006,1610612744,GSW,Golden State Warriors,0040600225,2007-05-15,GSW @ UTA,L,241,87,28,77,0.364,6,30,0.2,25,29,0.862,6,29,35,14,16,7,16,31,-13.0,2006-07
42006,1610612744,GSW,Golden State Warriors,0040600224,2007-05-13,GSW vs. UTA,L,240,101,34,84,0.405,12,39,0.308,21,34,0.618,13,23,36,14,9,7,15,31,-14.0,2006-07
42006,1610612744,GSW,Golden State Warriors,0040600223,2007-05-11,GSW vs. UTA,W,240,125,41,78,0.526,15,32,0.469,28,35,0.8,9,23,32,22,12,8,14,28,20.0,2006-07
42006,1610612744,GSW,Golden State Warriors,0040600222,2007-05-09,GSW @ UTA,L,265,117,38,90,0.422,15,40,0.375,26,37,0.703,13,19,32,15,13,6,12,29,-10.0,2006-07
42006,1610612744,GSW,Golden State Warriors,0040600221,2007-05-07,GSW @ UTA,L,240,112,41,90,0.456,12,31,0.387,18,25,0.72,14,22,36,20,14,6,16,25,-4.0,2006-07
42006,1610612744,GSW,Golden State Warriors,0040600146,2007-05-03,GSW vs. DAL,W,239,111,37,79,0.468,14,30,0.467,23,30,0.767,16,37,53,24,11,3,13,16,25.0,2006-07
42006,1610612744,GSW,Golden State Warriors,0040600145,2007-05-01,GSW @ DAL,L,239,112,39,83,0.47,16,35,0.457,18,26,0.692,11,27,38,23,8,1,15,28,-7.0,2006-07
42006,1610612744,GSW,Golden State Warriors,0040600144,2007-04-29,GSW vs. DAL,W,241,103,34,74,0.459,12,31,0.387,23,37,0.622,10,24,34,16,8,4,10,23,4.0,2006-07
42006,1610612744,GSW,Golden State Warriors,0040600143,2007-04-27,GSW vs. DAL,W,240,109,39,81,0.481,6,23,0.261,25,34,0.735,12,34,46,16,8,7,14,31,18.0,2006-07
42006,1610612744,GSW,Golden State Warriors,0040600142,2007-04-25,GSW @ DAL,L,240,99,36,76,0.474,4,20,0.2,23,27,0.852,8,26,34,9,7,5,24,29,-13.0,2006-07
42006,1610612744,GSW,Golden State Warriors,0040600141,2007-04-22,GSW @ DAL,W,240,97,35,81,0.432,10,30,0.333,17,22,0.773,14,31,45,16,7,6,14,22,12.0,2006-07
22007,1610612744,GSW,Golden State Warriors,0020701230,2008-04-16,GSW vs. SEA,L,239,121,47,110,0.427,15,45,0.333,12,16,0.75,21,29,50,24,6,6,12,16,-5.0,2007-08
22007,1610612744,GSW,Golden State Warriors,0020701209,2008-04-14,GSW @ PHX,L,240,116,46,104,0.442,10,23,0.435,14,20,0.7,14,29,43,21,10,3,9,31,-6.0,2007-08
22007,1610612744,GSW,Golden State Warriors,0020701196,2008-04-12,GSW vs. LAC,W,239,122,43,91,0.473,9,25,0.36,27,34,0.794,10,34,44,24,9,4,9,25,6.0,2007-08
22007,1610612744,GSW,Golden State Warriors,0020701173,2008-04-10,GSW vs. DEN,L,239,105,42,100,0.42,6,27,0.222,15,24,0.625,19,33,52,25,10,4,18,22,-9.0,2007-08
22007,1610612744,GSW,Golden State Warriors,0020701163,2008-04-08,GSW vs. SAC,W,240,140,45,86,0.523,10,24,0.417,40,52,0.769,17,31,48,28,12,8,16,25,8.0,2007-08
22007,1610612744,GSW,Golden State Warriors,0020701149,2008-04-06,GSW @ NOH,L,239,96,43,95,0.453,3,29,0.103,7,9,0.778,14,29,43,20,8,3,17,18,-12.0,2007-08
22007,1610612744,GSW,Golden State Warriors,0020701130,2008-04-04,GSW @ MEM,W,241,117,49,91,0.538,8,20,0.4,11,13,0.846,10,45,55,25,9,5,18,21,31.0,2007-08
22007,1610612744,GSW,Golden State Warriors,0020701120,2008-04-02,GSW @ DAL,L,240,86,33,86,0.384,4,16,0.25,16,19,0.842,12,26,38,10,7,6,15,14,-25.0,2007-08
22007,1610612744,GSW,Golden State Warriors,0020701110,2008-04-01,GSW @ SAS,L,240,92,33,88,0.375,8,20,0.4,18,22,0.818,11,26,37,8,9,5,13,11,-24.0,2007-08
22007,1610612744,GSW,Golden State Warriors,0020701096,2008-03-30,GSW vs. DAL,W,238,114,40,85,0.471,6,21,0.286,28,36,0.778,15,31,46,18,4,4,8,23,10.0,2007-08
22007,1610612744,GSW,Golden State Warriors,0020701087,2008-03-29,GSW @ DEN,L,238,112,42,104,0.404,10,30,0.333,18,21,0.857,15,36,51,24,7,5,13,19,-7.0,2007-08
22007,1610612744,GSW,Golden State Warriors,0020701072,2008-03-27,GSW vs. POR,W,238,111,39,84,0.464,11,24,0.458,22,26,0.846,15,31,46,20,9,7,9,17,16.0,2007-08
22007,1610612744,GSW,Golden State Warriors,0020701051,2008-03-24,GSW vs. LAL,L,266,119,45,103,0.437,11,29,0.379,18,24,0.75,16,39,55,22,11,3,15,24,-4.0,2007-08
22007,1610612744,GSW,Golden State Warriors,0020701043,2008-03-23,GSW @ LAL,W,239,115,38,89,0.427,10,25,0.4,29,34,0.853,11,32,43,19,13,7,11,26,4.0,2007-08
22007,1610612744,GSW,Golden State Warriors,0020701028,2008-03-21,GSW vs. HOU,L,239,106,43,93,0.462,8,24,0.333,12,18,0.667,20,28,48,17,10,8,12,17,-3.0,2007-08
22007,1610612744,GSW,Golden State Warriors,0020701015,2008-03-19,GSW @ LAC,W,242,116,47,91,0.516,9,20,0.45,13,18,0.722,14,28,42,20,7,2,11,29,16.0,2007-08
22007,1610612744,GSW,Golden State Warriors,0020701004,2008-03-18,GSW @ SAC,L,242,105,38,93,0.409,5,27,0.185,24,38,0.632,16,27,43,15,9,3,9,28,-17.0,2007-08
22007,1610612744,GSW,Golden State Warriors,0020700983,2008-03-15,GSW vs. MEM,W,239,110,41,83,0.494,10,24,0.417,18,26,0.692,14,33,47,25,9,4,20,19,3.0,2007-08
22007,1610612744,GSW,Golden State Warriors,0020700965,2008-03-13,GSW @ PHX,L,240,115,43,105,0.41,10,25,0.4,19,24,0.792,20,26,46,17,10,2,7,23,-8.0,2007-08
22007,1610612744,GSW,Golden State Warriors,0020700962,2008-03-12,GSW vs. TOR,W,243,117,49,88,0.557,5,23,0.217,14,18,0.778,11,29,40,32,7,4,12,22,11.0,2007-08
22007,1610612744,GSW,Golden State Warriors,0020700927,2008-03-08,GSW @ ORL,W,240,104,38,94,0.404,6,24,0.25,22,26,0.846,8,36,44,16,14,3,9,25,9.0,2007-08
22007,1610612744,GSW,Golden State Warriors,0020700916,2008-03-07,GSW @ MIA,W,239,134,53,98,0.541,13,30,0.433,15,20,0.75,14,37,51,26,12,3,9,21,35.0,2007-08
22007,1610612744,GSW,Golden State Warriors,0020700898,2008-03-05,GSW @ CHA,L,243,109,40,82,0.488,8,27,0.296,21,30,0.7,8,35,43,12,5,8,14,28,-9.0,2007-08
22007,1610612744,GSW,Golden State Warriors,0020700889,2008-03-04,GSW @ ATL,W,239,135,55,101,0.545,17,32,0.531,8,10,0.8,10,29,39,28,10,5,10,28,17.0,2007-08
22007,1610612744,GSW,Golden State Warriors,0020700884,2008-03-02,GSW vs. POR,W,241,110,42,90,0.467,9,25,0.36,17,20,0.85,14,30,44,19,8,7,8,23,6.0,2007-08
22007,1610612744,GSW,Golden State Warriors,0020700867,2008-02-29,GSW vs. PHI,W,238,119,47,92,0.511,11,29,0.379,14,19,0.737,12,33,45,30,8,12,13,17,22.0,2007-08
22007,1610612744,GSW,Golden State Warriors,0020700844,2008-02-26,GSW vs. SEA,W,240,105,45,102,0.441,6,21,0.286,9,11,0.818,17,25,42,24,14,5,12,16,6.0,2007-08
22007,1610612744,GSW,Golden State Warriors,0020700814,2008-02-22,GSW vs. ATL,L,241,110,46,96,0.479,6,26,0.231,12,17,0.706,11,29,40,20,9,6,14,22,-7.0,2007-08
22007,1610612744,GSW,Golden State Warriors,0020700799,2008-02-20,GSW vs. BOS,W,239,119,42,89,0.472,4,15,0.267,31,43,0.721,16,33,49,24,8,4,16,28,2.0,2007-08
22007,1610612744,GSW,Golden State Warriors,0020700786,2008-02-19,GSW @ UTA,L,239,109,43,87,0.494,9,25,0.36,14,21,0.667,8,25,33,21,8,4,12,22,-10.0,2007-08
22007,1610612744,GSW,Golden State Warriors,0020700775,2008-02-13,GSW vs. PHX,W,240,120,52,96,0.542,8,21,0.381,8,13,0.615,11,23,34,26,10,2,11,21,2.0,2007-08
22007,1610612744,GSW,Golden State Warriors,0020700757,2008-02-11,GSW vs. WAS,W,240,120,43,82,0.524,10,27,0.37,24,32,0.75,11,32,43,24,9,2,15,22,3.0,2007-08
22007,1610612744,GSW,Golden State Warriors,0020700743,2008-02-09,GSW vs. SAC,W,239,105,38,91,0.418,7,31,0.226,22,33,0.667,18,31,49,21,10,5,17,23,3.0,2007-08
22007,1610612744,GSW,Golden State Warriors,0020700725,2008-02-07,GSW vs. CHI,L,241,108,41,95,0.432,7,28,0.25,19,21,0.905,12,29,41,19,14,3,13,31,-6.0,2007-08
22007,1610612744,GSW,Golden State Warriors,0020700686,2008-02-01,GSW vs. CHA,W,241,127,46,84,0.548,10,18,0.556,25,30,0.833,8,35,43,32,9,6,12,19,31.0,2007-08
22007,1610612744,GSW,Golden State Warriors,0020700669,2008-01-30,GSW @ NOH,W,239,116,45,86,0.523,13,27,0.481,13,14,0.929,9,27,36,23,2,5,6,19,13.0,2007-08
22007,1610612744,GSW,Golden State Warriors,0020700661,2008-01-29,GSW @ HOU,L,241,107,37,88,0.42,12,30,0.4,21,30,0.7,12,33,45,23,9,5,10,25,-4.0,2007-08
22007,1610612744,GSW,Golden State Warriors,0020700650,2008-01-27,GSW vs. NYK,W,240,106,37,85,0.435,7,27,0.259,25,35,0.714,15,33,48,21,6,4,14,21,2.0,2007-08
22007,1610612744,GSW,Golden State Warriors,0020700624,2008-01-24,GSW vs. NJN,W,239,121,42,83,0.506,10,26,0.385,27,31,0.871,6,34,40,25,10,8,12,27,2.0,2007-08
22007,1610612744,GSW,Golden State Warriors,0020700603,2008-01-21,GSW vs. MIN,L,242,108,37,85,0.435,10,32,0.313,24,33,0.727,13,32,45,21,11,3,11,21,-1.0,2007-08
22007,1610612744,GSW,Golden State Warriors,0020700589,2008-01-19,GSW @ MIL,W,241,119,43,79,0.544,10,24,0.417,23,25,0.92,8,28,36,25,13,4,16,21,20.0,2007-08
22007,1610612744,GSW,Golden State Warriors,0020700582,2008-01-18,GSW @ CHI,W,239,119,41,89,0.461,11,29,0.379,26,32,0.813,15,28,43,24,10,3,14,30,8.0,2007-08
22007,1610612744,GSW,Golden State Warriors,0020700565,2008-01-16,GSW @ IND,L,241,117,39,91,0.429,11,35,0.314,28,37,0.757,10,25,35,28,18,4,11,31,-8.0,2007-08
22007,1610612744,GSW,Golden State Warriors,0020700559,2008-01-15,GSW @ MIN,W,241,105,36,81,0.444,10,24,0.417,23,30,0.767,6,28,34,21,9,7,11,23,7.0,2007-08
22007,1610612744,GSW,Golden State Warriors,0020700545,2008-01-13,GSW vs. IND,W,240,106,41,98,0.418,8,33,0.242,16,28,0.571,16,34,50,21,13,2,14,21,5.0,2007-08
22007,1610612744,GSW,Golden State Warriors,0020700532,2008-01-11,GSW vs. MEM,W,240,116,48,93,0.516,14,32,0.438,6,8,0.75,10,32,42,33,9,9,15,27,12.0,2007-08
22007,1610612744,GSW,Golden State Warriors,0020700518,2008-01-09,GSW @ POR,L,240,91,35,89,0.393,8,29,0.276,13,16,0.813,14,29,43,15,7,2,15,19,-18.0,2007-08
22007,1610612744,GSW,Golden State Warriors,0020700499,2008-01-07,GSW vs. SAS,W,265,130,47,91,0.516,14,31,0.452,22,25,0.88,10,34,44,25,6,4,10,25,9.0,2007-08
22007,1610612744,GSW,Golden State Warriors,0020700483,2008-01-04,GSW vs. NOH,L,240,104,41,77,0.532,7,23,0.304,15,27,0.556,9,26,35,26,3,3,13,16,-12.0,2007-08
22007,1610612744,GSW,Golden State Warriors,0020700466,2008-01-02,GSW @ DAL,L,240,99,33,79,0.418,10,23,0.435,23,32,0.719,11,24,35,16,3,4,10,23,-22.0,2007-08
22007,1610612744,GSW,Golden State Warriors,0020700452,2007-12-31,GSW @ HOU,W,239,112,40,87,0.46,14,36,0.389,18,21,0.857,15,32,47,22,11,3,21,26,17.0,2007-08
22007,1610612744,GSW,Golden State Warriors,0020700445,2007-12-30,GSW @ DEN,W,240,105,37,85,0.435,10,30,0.333,21,28,0.75,8,34,42,26,13,8,16,30,10.0,2007-08
22007,1610612744,GSW,Golden State Warriors,0020700433,2007-12-28,GSW vs. DEN,L,240,120,44,104,0.423,14,36,0.389,18,23,0.783,19,24,43,29,5,5,8,22,-4.0,2007-08
22007,1610612744,GSW,Golden State Warriors,0020700418,2007-12-26,GSW vs. MIN,W,240,105,38,90,0.422,8,31,0.258,21,26,0.808,13,30,43,26,11,10,16,24,4.0,2007-08
22007,1610612744,GSW,Golden State Warriors,0020700402,2007-12-23,GSW @ CLE,W,240,105,38,73,0.521,7,16,0.438,22,25,0.88,5,35,40,18,7,2,17,16,9.0,2007-08
22007,1610612744,GSW,Golden State Warriors,0020700392,2007-12-22,GSW @ NJN,L,240,95,34,88,0.386,6,25,0.24,21,25,0.84,15,24,39,16,6,1,16,27,-5.0,2007-08
22007,1610612744,GSW,Golden State Warriors,0020700373,2007-12-19,GSW @ MIN,W,239,111,41,84,0.488,11,23,0.478,18,22,0.818,9,31,40,24,8,3,13,16,13.0,2007-08
22007,1610612744,GSW,Golden State Warriors,0020700358,2007-12-17,GSW @ MEM,W,240,125,47,88,0.534,7,24,0.292,24,30,0.8,13,39,52,24,10,1,15,28,8.0,2007-08
22007,1610612744,GSW,Golden State Warriors,0020700350,2007-12-16,GSW @ DET,L,240,87,33,79,0.418,6,22,0.273,15,23,0.652,13,19,32,23,6,2,17,19,-22.0,2007-08
22007,1610612744,GSW,Golden State Warriors,0020700338,2007-12-14,GSW vs. LAL,W,240,108,40,90,0.444,12,25,0.48,16,20,0.8,11,32,43,19,11,4,15,28,2.0,2007-08
22007,1610612744,GSW,Golden State Warriors,0020700323,2007-12-12,GSW @ POR,L,240,95,35,87,0.402,13,35,0.371,12,13,0.923,14,29,43,23,7,4,15,25,-10.0,2007-08
22007,1610612744,GSW,Golden State Warriors,0020700313,2007-12-11,GSW vs. SAS,W,241,96,38,97,0.392,7,27,0.259,13,18,0.722,19,27,46,22,14,4,9,23,12.0,2007-08
22007,1610612744,GSW,Golden State Warriors,0020700300,2007-12-09,GSW @ LAL,L,240,113,44,95,0.463,8,33,0.242,17,22,0.773,16,32,48,25,6,5,17,26,-10.0,2007-08
22007,1610612744,GSW,Golden State Warriors,0020700285,2007-12-07,GSW vs. MIA,W,240,120,39,94,0.415,12,32,0.375,30,35,0.857,17,23,40,21,9,1,8,21,7.0,2007-08
22007,1610612744,GSW,Golden State Warriors,0020700271,2007-12-05,GSW vs. MIL,W,241,120,45,86,0.523,15,22,0.682,15,16,0.938,10,31,41,29,16,6,17,21,30.0,2007-08
22007,1610612744,GSW,Golden State Warriors,0020700255,2007-12-03,GSW vs. ORL,L,266,117,42,111,0.378,9,40,0.225,24,31,0.774,18,36,54,28,12,3,15,25,-6.0,2007-08
22007,1610612744,GSW,Golden State Warriors,0020700248,2007-12-02,GSW @ SEA,W,241,109,44,103,0.427,11,26,0.423,10,15,0.667,12,41,53,24,12,7,11,19,13.0,2007-08
22007,1610612744,GSW,Golden State Warriors,0020700223,2007-11-29,GSW vs. HOU,W,240,113,41,79,0.519,7,18,0.389,24,35,0.686,9,36,45,22,9,3,14,21,19.0,2007-08
22007,1610612744,GSW,Golden State Warriors,0020700218,2007-11-28,GSW @ SAC,W,239,103,37,89,0.416,8,31,0.258,21,26,0.808,13,33,46,19,12,8,17,31,7.0,2007-08
22007,1610612744,GSW,Golden State Warriors,0020700203,2007-11-26,GSW vs. PHX,W,238,129,52,101,0.515,13,28,0.464,12,17,0.706,12,27,39,31,12,3,10,21,15.0,2007-08
22007,1610612744,GSW,Golden State Warriors,0020700184,2007-11-24,GSW @ PHI,W,266,100,36,91,0.396,7,24,0.292,21,31,0.677,17,37,54,18,8,7,18,25,2.0,2007-08
22007,1610612744,GSW,Golden State Warriors,0020700170,2007-11-23,GSW @ WAS,W,239,123,46,90,0.511,16,31,0.516,15,23,0.652,13,29,42,27,7,1,7,26,8.0,2007-08
22007,1610612744,GSW,Golden State Warriors,0020700158,2007-11-21,GSW @ BOS,L,239,82,29,87,0.333,4,22,0.182,20,28,0.714,16,24,40,11,11,1,15,22,-23.0,2007-08
22007,1610612744,GSW,Golden State Warriors,0020700153,2007-11-20,GSW @ NYK,W,240,108,41,86,0.477,9,30,0.3,17,27,0.63,8,26,34,21,17,7,11,24,26.0,2007-08
22007,1610612744,GSW,Golden State Warriors,0020700141,2007-11-18,GSW @ TOR,W,239,106,40,85,0.471,8,29,0.276,18,27,0.667,12,35,47,20,5,3,17,22,6.0,2007-08
22007,1610612744,GSW,Golden State Warriors,0020700130,2007-11-16,GSW vs. LAC,W,240,122,45,90,0.5,7,19,0.368,25,32,0.781,15,37,52,28,7,9,8,24,17.0,2007-08
22007,1610612744,GSW,Golden State Warriors,0020700116,2007-11-14,GSW vs. DET,L,240,104,39,95,0.411,13,34,0.382,13,21,0.619,20,24,44,24,6,4,11,20,-7.0,2007-08
22007,1610612744,GSW,Golden State Warriors,0020700065,2007-11-08,GSW vs. DAL,L,240,115,44,89,0.494,11,25,0.44,16,30,0.533,8,30,38,23,4,5,7,23,-5.0,2007-08
22007,1610612744,GSW,Golden State Warriors,0020700053,2007-11-06,GSW vs. CLE,L,240,104,39,91,0.429,8,24,0.333,18,26,0.692,9,34,43,22,4,4,11,19,-4.0,2007-08
22007,1610612744,GSW,Golden State Warriors,0020700034,2007-11-03,GSW @ UTA,L,241,110,40,79,0.506,13,31,0.419,17,24,0.708,11,19,30,23,10,3,20,25,-23.0,2007-08
22007,1610612744,GSW,Golden State Warriors,0020700027,2007-11-02,GSW @ LAC,L,240,114,44,94,0.468,7,28,0.25,19,25,0.76,11,25,36,23,7,6,10,23,-6.0,2007-08
22007,1610612744,GSW,Golden State Warriors,0020700003,2007-10-30,GSW vs. UTA,L,240,96,32,77,0.416,6,23,0.261,26,38,0.684,7,30,37,19,8,9,20,28,-21.0,2007-08
22008,1610612744,GSW,Golden State Warriors,0020801229,2009-04-15,GSW @ PHX,L,241,113,43,93,0.462,5,17,0.294,22,28,0.786,20,31,51,20,5,8,12,25,-4.0,2008-09
22008,1610612744,GSW,Golden State Warriors,0020801213,2009-04-13,GSW vs. SAS,L,240,72,28,82,0.341,2,10,0.2,14,19,0.737,9,34,43,11,6,8,10,21,-29.0,2008-09
22008,1610612744,GSW,Golden State Warriors,0020801194,2009-04-11,GSW @ UTA,W,241,118,40,73,0.548,9,20,0.45,29,37,0.784,6,34,40,22,4,9,14,26,10.0,2008-09
22008,1610612744,GSW,Golden State Warriors,0020801187,2009-04-10,GSW vs. HOU,L,241,109,36,82,0.439,6,13,0.462,31,36,0.861,12,15,27,23,9,7,8,25,-4.0,2008-09
22008,1610612744,GSW,Golden State Warriors,0020801172,2009-04-08,GSW vs. MIN,L,240,97,38,86,0.442,9,22,0.409,12,15,0.8,9,32,41,22,3,5,11,21,-8.0,2008-09
22008,1610612744,GSW,Golden State Warriors,0020801151,2009-04-05,GSW @ SAC,W,240,105,34,91,0.374,9,20,0.45,28,32,0.875,15,34,49,15,9,7,12,23,5.0,2008-09
22008,1610612744,GSW,Golden State Warriors,0020801133,2009-04-03,GSW vs. NOH,W,240,111,36,77,0.468,10,26,0.385,29,34,0.853,9,33,42,19,3,5,12,20,8.0,2008-09
22008,1610612744,GSW,Golden State Warriors,0020801120,2009-04-01,GSW vs. SAC,W,264,143,54,101,0.535,3,13,0.231,32,42,0.762,11,41,52,25,9,5,13,30,2.0,2008-09
22008,1610612744,GSW,Golden State Warriors,0020801103,2009-03-30,GSW vs. MEM,L,240,109,40,92,0.435,9,26,0.346,20,20,1.0,10,29,39,17,7,8,14,29,-5.0,2008-09
22008,1610612744,GSW,Golden State Warriors,0020801088,2009-03-28,GSW @ DEN,L,240,116,42,100,0.42,14,32,0.438,18,20,0.9,19,31,50,21,8,6,17,21,-13.0,2008-09
22008,1610612744,GSW,Golden State Warriors,0020801068,2009-03-25,GSW @ DAL,L,240,106,38,80,0.475,7,14,0.5,23,29,0.793,7,19,26,21,11,2,14,24,-22.0,2008-09
22008,1610612744,GSW,Golden State Warriors,0020801057,2009-03-24,GSW @ SAS,L,240,106,42,92,0.457,5,11,0.455,17,22,0.773,14,26,40,18,4,5,9,22,-1.0,2008-09
22008,1610612744,GSW,Golden State Warriors,0020801046,2009-03-22,GSW @ NOH,L,241,89,32,81,0.395,4,19,0.211,21,27,0.778,10,37,47,18,8,6,17,20,-10.0,2008-09
22008,1610612744,GSW,Golden State Warriors,0020801033,2009-03-20,GSW vs. PHI,W,240,119,48,85,0.565,9,19,0.474,14,17,0.824,6,31,37,35,6,6,14,31,8.0,2008-09
22008,1610612744,GSW,Golden State Warriors,0020801022,2009-03-19,GSW @ LAL,L,242,106,43,94,0.457,5,15,0.333,15,19,0.789,12,30,42,24,15,3,16,21,-8.0,2008-09
22008,1610612744,GSW,Golden State Warriors,0020801007,2009-03-17,GSW vs. LAC,W,242,127,45,84,0.536,7,14,0.5,30,37,0.811,9,36,45,27,5,10,13,26,7.0,2008-09
22008,1610612744,GSW,Golden State Warriors,0020800994,2009-03-15,GSW vs. PHX,L,241,130,44,91,0.484,7,25,0.28,35,40,0.875,13,22,35,26,7,6,14,21,-24.0,2008-09
22008,1610612744,GSW,Golden State Warriors,0020800978,2009-03-13,GSW vs. DAL,W,240,119,45,98,0.459,5,16,0.313,24,31,0.774,19,40,59,23,6,8,10,16,9.0,2008-09
22008,1610612744,GSW,Golden State Warriors,0020800965,2009-03-11,GSW vs. NJN,W,241,116,36,80,0.45,5,18,0.278,39,48,0.813,16,38,54,22,6,5,16,22,4.0,2008-09
22008,1610612744,GSW,Golden State Warriors,0020800933,2009-03-07,GSW @ MIL,L,240,120,41,79,0.519,8,19,0.421,30,38,0.789,9,33,42,25,6,7,20,24,-7.0,2008-09
22008,1610612744,GSW,Golden State Warriors,0020800921,2009-03-06,GSW @ DET,L,240,91,33,86,0.384,3,9,0.333,22,26,0.846,10,30,40,16,4,6,12,19,-17.0,2008-09
22008,1610612744,GSW,Golden State Warriors,0020800910,2009-03-04,GSW @ CHI,L,238,88,36,90,0.4,5,21,0.238,11,13,0.846,10,31,41,13,6,6,14,21,-22.0,2008-09
22008,1610612744,GSW,Golden State Warriors,0020800901,2009-03-03,GSW @ MIN,W,242,118,37,81,0.457,10,20,0.5,34,46,0.739,8,42,50,21,8,6,11,20,24.0,2008-09
22008,1610612744,GSW,Golden State Warriors,0020800891,2009-03-01,GSW vs. UTA,L,239,104,39,76,0.513,8,19,0.421,18,24,0.75,9,31,40,22,8,11,25,26,-8.0,2008-09
22008,1610612744,GSW,Golden State Warriors,0020800875,2009-02-27,GSW vs. CHA,L,239,109,40,81,0.494,8,20,0.4,21,26,0.808,9,20,29,20,11,2,17,24,-3.0,2008-09
22008,1610612744,GSW,Golden State Warriors,0020800841,2009-02-23,GSW @ LAC,L,242,105,39,88,0.443,6,21,0.286,21,26,0.808,10,29,39,23,11,8,18,19,-13.0,2008-09
22008,1610612744,GSW,Golden State Warriors,0020800826,2009-02-21,GSW vs. OKC,W,239,133,45,80,0.563,9,19,0.474,34,37,0.919,3,24,27,21,14,3,17,21,13.0,2008-09
22008,1610612744,GSW,Golden State Warriors,0020800807,2009-02-18,GSW vs. LAL,L,240,121,48,93,0.516,8,19,0.421,17,19,0.895,15,23,38,27,8,7,15,28,-8.0,2008-09
22008,1610612744,GSW,Golden State Warriors,0020800787,2009-02-12,GSW vs. POR,W,241,105,31,76,0.408,4,9,0.444,39,43,0.907,13,27,40,13,10,5,14,18,7.0,2008-09
22008,1610612744,GSW,Golden State Warriors,0020800771,2009-02-10,GSW vs. NYK,W,240,144,52,94,0.553,12,22,0.545,28,32,0.875,13,29,42,29,11,8,8,22,17.0,2008-09
22008,1610612744,GSW,Golden State Warriors,0020800759,2009-02-08,GSW vs. UTA,W,242,116,41,79,0.519,6,13,0.462,28,34,0.824,8,29,37,24,10,4,8,24,20.0,2008-09
22008,1610612744,GSW,Golden State Warriors,0020800742,2009-02-06,GSW @ PHX,L,241,105,39,86,0.453,4,14,0.286,23,29,0.793,11,32,43,17,6,6,19,28,-10.0,2008-09
22008,1610612744,GSW,Golden State Warriors,0020800730,2009-02-04,GSW vs. PHX,W,239,124,47,90,0.522,13,28,0.464,17,22,0.773,6,34,40,29,6,8,12,21,12.0,2008-09
22008,1610612744,GSW,Golden State Warriors,0020800713,2009-02-02,GSW vs. SAS,L,265,105,44,94,0.468,5,13,0.385,12,18,0.667,10,33,43,23,9,8,16,28,-5.0,2008-09
22008,1610612744,GSW,Golden State Warriors,0020800697,2009-01-31,GSW @ HOU,L,241,93,34,81,0.42,6,15,0.4,19,23,0.826,8,27,35,17,6,6,9,27,-17.0,2008-09
22008,1610612744,GSW,Golden State Warriors,0020800690,2009-01-30,GSW @ NOH,W,241,91,34,83,0.41,4,17,0.235,19,22,0.864,10,37,47,15,8,5,15,27,4.0,2008-09
22008,1610612744,GSW,Golden State Warriors,0020800676,2009-01-28,GSW @ DAL,L,240,93,34,88,0.386,6,11,0.545,19,21,0.905,8,30,38,18,8,5,14,21,-24.0,2008-09
22008,1610612744,GSW,Golden State Warriors,0020800654,2009-01-25,GSW vs. LAC,W,240,107,41,84,0.488,8,17,0.471,17,23,0.739,11,38,49,27,9,7,16,22,15.0,2008-09
22008,1610612744,GSW,Golden State Warriors,0020800638,2009-01-23,GSW vs. CLE,L,240,105,35,80,0.438,6,15,0.4,29,36,0.806,9,34,43,16,3,11,13,26,-1.0,2008-09
22008,1610612744,GSW,Golden State Warriors,0020800626,2009-01-21,GSW vs. OKC,L,240,121,39,75,0.52,5,12,0.417,38,40,0.95,7,25,32,25,6,6,14,26,-1.0,2008-09
22008,1610612744,GSW,Golden State Warriors,0020800608,2009-01-19,GSW vs. WAS,W,240,119,44,83,0.53,13,21,0.619,18,22,0.818,14,27,41,28,3,5,13,22,21.0,2008-09
22008,1610612744,GSW,Golden State Warriors,0020800588,2009-01-16,GSW vs. ATL,W,240,119,41,81,0.506,9,16,0.563,28,34,0.824,10,37,47,20,7,6,13,21,5.0,2008-09
22008,1610612744,GSW,Golden State Warriors,0020800575,2009-01-14,GSW vs. SAC,L,315,133,51,115,0.443,6,15,0.4,25,41,0.61,21,39,60,24,7,13,9,29,-2.0,2008-09
22008,1610612744,GSW,Golden State Warriors,0020800550,2009-01-11,GSW vs. IND,W,241,120,39,81,0.481,10,23,0.435,32,39,0.821,10,36,46,21,7,7,13,21,3.0,2008-09
22008,1610612744,GSW,Golden State Warriors,0020800545,2009-01-10,GSW @ POR,L,240,100,38,75,0.507,6,16,0.375,18,22,0.818,9,23,32,24,5,2,17,24,-13.0,2008-09
22008,1610612744,GSW,Golden State Warriors,0020800525,2009-01-07,GSW vs. LAL,L,240,106,45,93,0.484,5,16,0.313,11,17,0.647,10,33,43,25,9,6,16,23,-8.0,2008-09
22008,1610612744,GSW,Golden State Warriors,0020800505,2009-01-05,GSW @ UTA,L,239,114,40,80,0.5,9,20,0.45,25,33,0.758,9,29,38,20,7,2,15,28,-5.0,2008-09
22008,1610612744,GSW,Golden State Warriors,0020800481,2009-01-02,GSW @ MIN,L,238,108,38,80,0.475,7,20,0.35,25,34,0.735,10,29,39,21,8,7,15,26,-7.0,2008-09
22008,1610612744,GSW,Golden State Warriors,0020800471,2008-12-31,GSW @ OKC,L,241,100,35,76,0.461,9,21,0.429,21,26,0.808,9,26,35,20,9,4,20,24,-7.0,2008-09
22008,1610612744,GSW,Golden State Warriors,0020800457,2008-12-29,GSW vs. TOR,W,242,117,38,76,0.5,12,24,0.5,29,33,0.879,6,31,37,26,8,9,12,23,6.0,2008-09
22008,1610612744,GSW,Golden State Warriors,0020800449,2008-12-28,GSW @ LAL,L,239,113,40,81,0.494,9,18,0.5,24,33,0.727,9,24,33,23,11,8,17,21,-17.0,2008-09
22008,1610612744,GSW,Golden State Warriors,0020800435,2008-12-26,GSW vs. BOS,W,239,99,33,72,0.458,10,27,0.37,23,27,0.852,11,24,35,20,8,7,21,22,10.0,2008-09
22008,1610612744,GSW,Golden State Warriors,0020800414,2008-12-23,GSW @ MIA,L,240,88,33,89,0.371,5,15,0.333,17,19,0.895,16,25,41,14,12,3,16,22,-8.0,2008-09
22008,1610612744,GSW,Golden State Warriors,0020800403,2008-12-22,GSW @ ORL,L,241,81,29,91,0.319,5,14,0.357,18,28,0.643,18,34,52,16,10,5,16,19,-32.0,2008-09
22008,1610612744,GSW,Golden State Warriors,0020800389,2008-12-20,GSW @ CHA,W,239,110,35,77,0.455,10,18,0.556,30,36,0.833,11,32,43,18,5,5,13,23,7.0,2008-09
22008,1610612744,GSW,Golden State Warriors,0020800379,2008-12-19,GSW @ ATL,L,237,99,41,91,0.451,6,24,0.25,11,16,0.688,15,27,42,24,11,4,14,21,-16.0,2008-09
22008,1610612744,GSW,Golden State Warriors,0020800367,2008-12-17,GSW @ IND,L,241,120,45,100,0.45,12,28,0.429,18,23,0.783,13,36,49,20,6,11,16,19,-7.0,2008-09
22008,1610612744,GSW,Golden State Warriors,0020800359,2008-12-15,GSW vs. ORL,L,239,98,38,91,0.418,5,18,0.278,17,23,0.739,16,32,48,19,7,3,15,12,-11.0,2008-09
22008,1610612744,GSW,Golden State Warriors,0020800343,2008-12-13,GSW @ DEN,L,241,105,40,97,0.412,7,18,0.389,18,24,0.75,9,31,40,22,12,5,14,15,-18.0,2008-09
22008,1610612744,GSW,Golden State Warriors,0020800335,2008-12-12,GSW vs. HOU,L,240,108,43,107,0.402,4,22,0.182,18,25,0.72,23,27,50,23,9,10,10,27,-11.0,2008-09
22008,1610612744,GSW,Golden State Warriors,0020800321,2008-12-10,GSW vs. MIL,W,240,119,43,88,0.489,6,20,0.3,27,33,0.818,10,36,46,27,6,9,10,18,23.0,2008-09
22008,1610612744,GSW,Golden State Warriors,0020800303,2008-12-08,GSW @ OKC,W,240,112,41,81,0.506,4,13,0.308,26,33,0.788,11,36,47,17,13,7,22,19,10.0,2008-09
22008,1610612744,GSW,Golden State Warriors,0020800294,2008-12-06,GSW @ SAS,L,241,88,31,83,0.373,3,10,0.3,23,29,0.793,11,32,43,11,5,2,11,19,-35.0,2008-09
22008,1610612744,GSW,Golden State Warriors,0020800284,2008-12-05,GSW @ HOU,L,239,112,45,83,0.542,7,19,0.368,15,23,0.652,8,25,33,17,6,3,15,27,-19.0,2008-09
22008,1610612744,GSW,Golden State Warriors,0020800254,2008-12-01,GSW vs. MIA,L,263,129,39,84,0.464,4,14,0.286,47,52,0.904,11,25,36,24,9,8,9,22,-1.0,2008-09
22008,1610612744,GSW,Golden State Warriors,0020800239,2008-11-29,GSW @ NYK,L,241,125,46,101,0.455,7,20,0.35,26,32,0.813,17,31,48,21,13,5,14,22,-13.0,2008-09
22008,1610612744,GSW,Golden State Warriors,0020800227,2008-11-28,GSW @ CLE,L,240,97,33,83,0.398,4,16,0.25,27,33,0.818,11,31,42,13,10,9,14,19,-15.0,2008-09
22008,1610612744,GSW,Golden State Warriors,0020800213,2008-11-26,GSW @ BOS,L,239,111,39,79,0.494,7,19,0.368,26,33,0.788,7,27,34,21,6,8,11,24,-8.0,2008-09
22008,1610612744,GSW,Golden State Warriors,0020800205,2008-11-25,GSW @ WAS,L,240,100,39,85,0.459,6,20,0.3,16,23,0.696,13,27,40,26,7,10,20,14,-24.0,2008-09
22008,1610612744,GSW,Golden State Warriors,0020800194,2008-11-23,GSW @ PHI,L,239,81,34,78,0.436,6,18,0.333,7,13,0.538,11,27,38,20,10,13,18,15,-8.0,2008-09
22008,1610612744,GSW,Golden State Warriors,0020800182,2008-11-21,GSW vs. CHI,L,239,110,43,87,0.494,4,14,0.286,20,27,0.741,12,27,39,22,10,8,15,14,-5.0,2008-09
22008,1610612744,GSW,Golden State Warriors,0020800157,2008-11-18,GSW vs. POR,W,241,111,36,80,0.45,6,15,0.4,33,35,0.943,12,28,40,20,9,7,16,24,5.0,2008-09
22008,1610612744,GSW,Golden State Warriors,0020800132,2008-11-15,GSW @ LAC,W,239,121,48,94,0.511,7,19,0.368,18,24,0.75,14,34,48,29,5,1,12,20,18.0,2008-09
22008,1610612744,GSW,Golden State Warriors,0020800119,2008-11-13,GSW vs. DET,L,240,102,37,90,0.411,1,9,0.111,27,37,0.73,18,33,51,20,6,4,15,23,-5.0,2008-09
22008,1610612744,GSW,Golden State Warriors,0020800105,2008-11-11,GSW vs. MIN,W,264,113,38,80,0.475,8,19,0.421,29,37,0.784,11,38,49,16,5,8,19,17,3.0,2008-09
22008,1610612744,GSW,Golden State Warriors,0020800091,2008-11-09,GSW @ SAC,L,242,98,39,95,0.411,3,14,0.214,17,26,0.654,15,30,45,19,12,8,16,27,-17.0,2008-09
22008,1610612744,GSW,Golden State Warriors,0020800077,2008-11-07,GSW vs. MEM,L,241,104,36,84,0.429,2,12,0.167,30,43,0.698,13,28,41,18,7,10,12,24,-5.0,2008-09
22008,1610612744,GSW,Golden State Warriors,0020800062,2008-11-05,GSW vs. DEN,W,240,111,42,90,0.467,2,16,0.125,25,36,0.694,17,29,46,21,8,11,10,22,10.0,2008-09
22008,1610612744,GSW,Golden State Warriors,0020800045,2008-11-03,GSW @ MEM,L,240,79,33,96,0.344,3,20,0.15,10,14,0.714,17,31,48,15,7,4,12,22,-11.0,2008-09
22008,1610612744,GSW,Golden State Warriors,0020800031,2008-11-01,GSW @ NJN,W,241,105,32,76,0.421,7,19,0.368,34,52,0.654,14,27,41,18,8,5,16,21,8.0,2008-09
22008,1610612744,GSW,Golden State Warriors,0020800020,2008-10-31,GSW @ TOR,L,266,108,42,94,0.447,11,29,0.379,13,19,0.684,17,29,46,20,6,6,18,25,-4.0,2008-09
22008,1610612744,GSW,Golden State Warriors,0020800014,2008-10-29,GSW vs. NOH,L,240,103,36,82,0.439,9,23,0.391,22,32,0.688,11,28,39,18,10,5,13,26,-5.0,2008-09
22009,1610612744,GSW,Golden State Warriors,0020901229,2010-04-14,GSW @ POR,W,239,122,44,88,0.5,12,30,0.4,22,31,0.71,9,31,40,22,10,4,7,18,6.0,2009-10
22009,1610612744,GSW,Golden State Warriors,0020901214,2010-04-13,GSW vs. UTA,L,240,94,32,84,0.381,7,23,0.304,23,28,0.821,6,29,35,20,11,4,14,19,-9.0,2009-10
22009,1610612744,GSW,Golden State Warriors,0020901200,2010-04-11,GSW vs. OKC,W,240,120,41,81,0.506,12,21,0.571,26,33,0.788,8,35,43,25,6,8,15,20,3.0,2009-10
22009,1610612744,GSW,Golden State Warriors,0020901194,2010-04-10,GSW @ LAC,L,239,104,37,92,0.402,14,32,0.438,16,21,0.762,8,31,39,19,9,1,11,22,-3.0,2009-10
22009,1610612744,GSW,Golden State Warriors,0020901163,2010-04-07,GSW @ MIN,W,240,116,46,82,0.561,8,16,0.5,16,18,0.889,7,32,39,33,11,1,15,23,9.0,2009-10
22009,1610612744,GSW,Golden State Warriors,0020901152,2010-04-06,GSW @ WAS,L,240,94,33,84,0.393,7,20,0.35,21,23,0.913,8,23,31,16,6,7,6,19,-18.0,2009-10
22009,1610612744,GSW,Golden State Warriors,0020901145,2010-04-04,GSW @ TOR,W,240,113,41,86,0.477,13,26,0.5,18,25,0.72,7,33,40,31,7,3,13,28,1.0,2009-10
22009,1610612744,GSW,Golden State Warriors,0020901130,2010-04-02,GSW vs. NYK,W,240,128,54,94,0.574,7,21,0.333,13,19,0.684,8,32,40,26,12,5,10,16,11.0,2009-10
22009,1610612744,GSW,Golden State Warriors,0020901119,2010-03-31,GSW @ UTA,L,239,104,32,89,0.36,4,26,0.154,36,42,0.857,8,27,35,13,7,2,13,25,-24.0,2009-10
22009,1610612744,GSW,Golden State Warriors,0020901096,2010-03-28,GSW @ LAC,W,240,121,47,88,0.534,8,18,0.444,19,23,0.826,8,30,38,25,7,6,11,25,18.0,2009-10
22009,1610612744,GSW,Golden State Warriors,0020901086,2010-03-27,GSW vs. DAL,L,240,90,34,102,0.333,8,29,0.276,14,15,0.933,16,43,59,18,9,3,15,10,-21.0,2009-10
22009,1610612744,GSW,Golden State Warriors,0020901067,2010-03-24,GSW vs. MEM,W,239,128,48,88,0.545,10,24,0.417,22,27,0.815,13,32,45,30,10,4,19,22,18.0,2009-10
22009,1610612744,GSW,Golden State Warriors,0020901052,2010-03-22,GSW vs. PHX,L,239,131,46,92,0.5,9,27,0.333,30,37,0.811,8,27,35,24,11,5,12,29,-2.0,2009-10
22009,1610612744,GSW,Golden State Warriors,0020901032,2010-03-20,GSW @ MEM,L,240,107,45,93,0.484,6,21,0.286,11,13,0.846,7,30,37,20,11,2,15,19,-16.0,2009-10
22009,1610612744,GSW,Golden State Warriors,0020901024,2010-03-19,GSW @ SAS,L,240,116,44,91,0.484,12,32,0.375,16,21,0.762,3,26,29,25,5,5,9,25,-31.0,2009-10
22009,1610612744,GSW,Golden State Warriors,0020901014,2010-03-17,GSW vs. NOH,W,240,131,47,87,0.54,13,27,0.481,24,26,0.923,6,26,32,32,14,3,13,25,10.0,2009-10
22009,1610612744,GSW,Golden State Warriors,0020900995,2010-03-15,GSW vs. LAL,L,239,121,48,100,0.48,13,30,0.433,12,13,0.923,7,18,25,29,14,1,5,26,-2.0,2009-10
22009,1610612744,GSW,Golden State Warriors,0020900982,2010-03-13,GSW vs. TOR,W,239,124,45,95,0.474,16,27,0.593,18,22,0.818,18,24,42,22,11,1,11,16,12.0,2009-10
22009,1610612744,GSW,Golden State Warriors,0020900963,2010-03-11,GSW vs. POR,L,240,105,38,80,0.475,10,26,0.385,19,21,0.905,11,25,36,19,9,2,15,31,-5.0,2009-10
22009,1610612744,GSW,Golden State Warriors,0020900944,2010-03-08,GSW @ NOH,L,240,131,50,85,0.588,13,25,0.52,18,21,0.857,4,19,23,26,9,3,13,23,-4.0,2009-10
22009,1610612744,GSW,Golden State Warriors,0020900925,2010-03-06,GSW @ CHA,L,240,90,34,89,0.382,10,23,0.435,12,19,0.632,12,24,36,18,6,5,8,21,-11.0,2009-10
22009,1610612744,GSW,Golden State Warriors,0020900919,2010-03-05,GSW @ ATL,L,241,122,43,86,0.5,11,26,0.423,25,31,0.806,14,25,39,29,2,2,11,26,-5.0,2009-10
22009,1610612744,GSW,Golden State Warriors,0020900900,2010-03-03,GSW @ ORL,L,239,90,35,82,0.427,10,23,0.435,10,15,0.667,6,23,29,21,9,6,16,19,-27.0,2009-10
22009,1610612744,GSW,Golden State Warriors,0020900896,2010-03-02,GSW @ MIA,L,239,106,44,86,0.512,9,31,0.29,9,17,0.529,5,30,35,22,10,2,12,27,-4.0,2009-10
22009,1610612744,GSW,Golden State Warriors,0020900877,2010-02-27,GSW vs. DET,W,240,95,35,85,0.412,10,31,0.323,15,25,0.6,10,36,46,25,11,4,17,18,7.0,2009-10
22009,1610612744,GSW,Golden State Warriors,0020900858,2010-02-25,GSW vs. DEN,L,241,112,40,96,0.417,10,24,0.417,22,25,0.88,16,30,46,22,6,6,11,19,-15.0,2009-10
22009,1610612744,GSW,Golden State Warriors,0020900844,2010-02-23,GSW vs. PHI,L,241,102,36,95,0.379,13,33,0.394,17,21,0.81,14,34,48,21,9,2,14,20,-8.0,2009-10
22009,1610612744,GSW,Golden State Warriors,0020900829,2010-02-21,GSW vs. ATL,W,240,108,45,84,0.536,3,12,0.25,15,21,0.714,9,31,40,21,9,6,13,22,4.0,2009-10
22009,1610612744,GSW,Golden State Warriors,0020900814,2010-02-19,GSW vs. UTA,L,240,89,29,78,0.372,8,21,0.381,23,25,0.92,10,38,48,21,13,3,22,21,-11.0,2009-10
22009,1610612744,GSW,Golden State Warriors,0020900800,2010-02-17,GSW vs. SAC,W,240,130,50,97,0.515,12,24,0.5,18,21,0.857,9,39,48,30,10,2,9,18,32.0,2009-10
22009,1610612744,GSW,Golden State Warriors,0020900790,2010-02-16,GSW @ LAL,L,240,94,35,84,0.417,10,27,0.37,14,19,0.737,3,33,36,24,8,3,17,25,-10.0,2009-10
22009,1610612744,GSW,Golden State Warriors,0020900778,2010-02-10,GSW vs. LAC,W,240,132,49,79,0.62,13,22,0.591,21,28,0.75,6,36,42,36,7,2,12,21,30.0,2009-10
22009,1610612744,GSW,Golden State Warriors,0020900756,2010-02-08,GSW vs. DAL,L,239,117,42,85,0.494,8,20,0.4,25,29,0.862,11,29,40,28,7,3,15,25,-10.0,2009-10
22009,1610612744,GSW,Golden State Warriors,0020900751,2010-02-06,GSW vs. OKC,L,240,95,37,88,0.42,8,23,0.348,13,21,0.619,12,36,48,23,7,3,22,22,-9.0,2009-10
22009,1610612744,GSW,Golden State Warriors,0020900724,2010-02-03,GSW @ DAL,L,239,101,38,77,0.494,6,16,0.375,19,27,0.704,15,25,40,13,8,5,20,22,-9.0,2009-10
22009,1610612744,GSW,Golden State Warriors,0020900717,2010-02-02,GSW @ HOU,L,241,97,41,98,0.418,6,24,0.25,9,15,0.6,10,25,35,23,6,7,6,23,-22.0,2009-10
22009,1610612744,GSW,Golden State Warriors,0020900703,2010-01-31,GSW @ OKC,L,241,104,37,79,0.468,6,13,0.462,24,29,0.828,9,22,31,25,9,4,18,25,-8.0,2009-10
22009,1610612744,GSW,Golden State Warriors,0020900688,2010-01-29,GSW vs. CHA,L,240,110,45,85,0.529,3,19,0.158,17,29,0.586,8,24,32,27,8,3,9,24,-11.0,2009-10
22009,1610612744,GSW,Golden State Warriors,0020900673,2010-01-27,GSW vs. NOH,L,241,110,45,89,0.506,7,20,0.35,13,18,0.722,8,23,31,31,14,4,18,25,-13.0,2009-10
22009,1610612744,GSW,Golden State Warriors,0020900662,2010-01-26,GSW @ SAC,L,240,96,30,94,0.319,4,23,0.174,32,42,0.762,16,33,49,14,9,5,12,23,-3.0,2009-10
22009,1610612744,GSW,Golden State Warriors,0020900644,2010-01-23,GSW @ PHX,L,240,103,41,94,0.436,8,23,0.348,13,15,0.867,13,31,44,15,4,4,14,24,-9.0,2009-10
22009,1610612744,GSW,Golden State Warriors,0020900634,2010-01-22,GSW vs. NJN,W,241,111,40,77,0.519,6,18,0.333,25,31,0.806,6,38,44,24,10,0,13,24,32.0,2009-10
22009,1610612744,GSW,Golden State Warriors,0020900619,2010-01-20,GSW vs. DEN,L,266,118,41,95,0.432,9,29,0.31,27,32,0.844,14,30,44,27,5,4,13,27,-5.0,2009-10
22009,1610612744,GSW,Golden State Warriors,0020900602,2010-01-18,GSW vs. CHI,W,241,114,42,95,0.442,9,22,0.409,21,32,0.656,14,43,57,21,9,11,13,22,17.0,2009-10
22009,1610612744,GSW,Golden State Warriors,0020900581,2010-01-15,GSW vs. MIL,L,240,104,40,85,0.471,5,18,0.278,19,27,0.704,7,35,42,20,9,5,14,28,-9.0,2009-10
22009,1610612744,GSW,Golden State Warriors,0020900568,2010-01-13,GSW vs. MIA,L,241,102,33,77,0.429,11,24,0.458,25,32,0.781,12,17,29,20,7,3,11,20,-13.0,2009-10
22009,1610612744,GSW,Golden State Warriors,0020900552,2010-01-11,GSW vs. CLE,L,240,114,36,85,0.424,10,15,0.667,32,38,0.842,9,29,38,19,13,3,13,20,-3.0,2009-10
22009,1610612744,GSW,Golden State Warriors,0020900529,2010-01-08,GSW vs. SAC,W,240,108,38,79,0.481,3,11,0.273,29,33,0.879,4,35,39,21,11,4,12,20,7.0,2009-10
22009,1610612744,GSW,Golden State Warriors,0020900511,2010-01-06,GSW @ MIN,W,241,107,40,87,0.46,3,13,0.231,24,29,0.828,11,32,43,21,12,10,10,29,6.0,2009-10
22009,1610612744,GSW,Golden State Warriors,0020900503,2010-01-05,GSW @ DEN,L,239,122,47,85,0.553,8,17,0.471,20,23,0.87,10,24,34,22,10,6,16,28,-1.0,2009-10
22009,1610612744,GSW,Golden State Warriors,0020900487,2010-01-02,GSW @ POR,L,240,89,34,79,0.43,3,12,0.25,18,24,0.75,11,25,36,14,6,1,18,25,-16.0,2009-10
22009,1610612744,GSW,Golden State Warriors,0020900458,2009-12-29,GSW @ LAL,L,241,118,46,83,0.554,6,15,0.4,20,28,0.714,6,32,38,31,9,10,15,26,-6.0,2009-10
22009,1610612744,GSW,Golden State Warriors,0020900451,2009-12-28,GSW vs. BOS,W,240,103,40,87,0.46,4,13,0.308,19,29,0.655,14,29,43,21,12,2,18,20,4.0,2009-10
22009,1610612744,GSW,Golden State Warriors,0020900438,2009-12-26,GSW vs. PHX,W,241,132,48,84,0.571,4,11,0.364,32,37,0.865,11,29,40,26,12,2,20,21,5.0,2009-10
22009,1610612744,GSW,Golden State Warriors,0020900419,2009-12-23,GSW @ NOH,L,239,102,40,84,0.476,5,18,0.278,17,22,0.773,7,31,38,17,12,9,12,22,-6.0,2009-10
22009,1610612744,GSW,Golden State Warriors,0020900409,2009-12-22,GSW @ MEM,L,240,108,41,82,0.5,5,17,0.294,21,29,0.724,6,32,38,20,4,7,16,28,-13.0,2009-10
22009,1610612744,GSW,Golden State Warriors,0020900383,2009-12-18,GSW vs. WAS,L,239,109,39,83,0.47,6,17,0.353,25,31,0.806,10,29,39,22,11,2,19,21,-9.0,2009-10
22009,1610612744,GSW,Golden State Warriors,0020900369,2009-12-16,GSW vs. SAS,L,240,91,37,87,0.425,1,10,0.1,16,22,0.727,6,28,34,20,10,3,10,22,-12.0,2009-10
22009,1610612744,GSW,Golden State Warriors,0020900345,2009-12-14,GSW @ PHI,L,240,101,30,68,0.441,9,18,0.5,32,40,0.8,6,20,26,18,10,6,20,23,-16.0,2009-10
22009,1610612744,GSW,Golden State Warriors,0020900332,2009-12-12,GSW @ DET,L,240,95,34,72,0.472,5,19,0.263,22,25,0.88,5,20,25,19,10,2,17,25,-9.0,2009-10
22009,1610612744,GSW,Golden State Warriors,0020900324,2009-12-11,GSW @ CHI,L,264,91,37,97,0.381,8,28,0.286,9,12,0.75,9,35,44,18,7,7,12,18,-5.0,2009-10
22009,1610612744,GSW,Golden State Warriors,0020900311,2009-12-09,GSW @ NJN,W,239,105,43,87,0.494,4,12,0.333,15,21,0.714,16,30,46,23,17,6,18,25,16.0,2009-10
22009,1610612744,GSW,Golden State Warriors,0020900298,2009-12-07,GSW @ OKC,L,240,88,33,76,0.434,4,13,0.308,18,22,0.818,3,34,37,12,8,4,20,24,-16.0,2009-10
22009,1610612744,GSW,Golden State Warriors,0020900289,2009-12-05,GSW vs. ORL,L,239,118,42,89,0.472,4,15,0.267,30,36,0.833,10,22,32,24,9,2,15,28,-8.0,2009-10
22009,1610612744,GSW,Golden State Warriors,0020900271,2009-12-03,GSW vs. HOU,L,239,109,41,91,0.451,11,23,0.478,16,20,0.8,10,27,37,29,10,5,17,25,-2.0,2009-10
22009,1610612744,GSW,Golden State Warriors,0020900256,2009-12-01,GSW @ DEN,L,240,107,41,94,0.436,6,26,0.231,19,24,0.792,10,23,33,15,7,6,14,24,-28.0,2009-10
22009,1610612744,GSW,Golden State Warriors,0020900252,2009-11-30,GSW vs. IND,W,239,126,45,80,0.563,8,19,0.421,28,34,0.824,4,32,36,25,15,1,22,26,19.0,2009-10
22009,1610612744,GSW,Golden State Warriors,0020900238,2009-11-28,GSW vs. LAL,L,240,97,36,92,0.391,4,17,0.235,21,24,0.875,10,36,46,22,4,3,13,21,-33.0,2009-10
22009,1610612744,GSW,Golden State Warriors,0020900216,2009-11-25,GSW @ SAS,L,239,104,40,86,0.465,3,11,0.273,21,26,0.808,6,28,34,15,6,8,16,23,-14.0,2009-10
22009,1610612744,GSW,Golden State Warriors,0020900204,2009-11-24,GSW @ DAL,W,240,111,42,88,0.477,10,21,0.476,17,21,0.81,10,36,46,20,15,2,21,22,8.0,2009-10
22009,1610612744,GSW,Golden State Warriors,0020900181,2009-11-20,GSW vs. POR,W,240,108,40,84,0.476,7,13,0.538,21,27,0.778,11,26,37,21,15,6,16,28,14.0,2009-10
22009,1610612744,GSW,Golden State Warriors,0020900163,2009-11-18,GSW @ BOS,L,239,95,37,80,0.463,6,17,0.353,15,19,0.789,8,27,35,22,10,1,21,21,-14.0,2009-10
22009,1610612744,GSW,Golden State Warriors,0020900150,2009-11-17,GSW @ CLE,L,240,108,41,88,0.466,9,24,0.375,17,22,0.773,12,25,37,24,7,2,14,17,-6.0,2009-10
22009,1610612744,GSW,Golden State Warriors,0020900141,2009-11-14,GSW @ MIL,L,240,125,46,82,0.561,8,20,0.4,25,28,0.893,2,29,31,23,9,3,11,24,-4.0,2009-10
22009,1610612744,GSW,Golden State Warriors,0020900126,2009-11-13,GSW @ NYK,W,238,121,49,84,0.583,6,18,0.333,17,23,0.739,6,31,37,17,12,4,15,21,14.0,2009-10
22009,1610612744,GSW,Golden State Warriors,0020900109,2009-11-11,GSW @ IND,L,239,94,37,92,0.402,4,15,0.267,16,24,0.667,9,33,42,18,10,7,13,23,-14.0,2009-10
22009,1610612744,GSW,Golden State Warriors,0020900101,2009-11-09,GSW vs. MIN,W,240,146,52,91,0.571,12,23,0.522,30,38,0.789,11,27,38,36,22,9,12,19,41.0,2009-10
22009,1610612744,GSW,Golden State Warriors,0020900096,2009-11-08,GSW @ SAC,L,241,107,42,83,0.506,6,18,0.333,17,28,0.607,7,27,34,20,4,6,14,28,-13.0,2009-10
22009,1610612744,GSW,Golden State Warriors,0020900082,2009-11-06,GSW vs. LAC,L,241,90,29,84,0.345,7,22,0.318,25,33,0.758,15,26,41,18,7,2,19,27,-28.0,2009-10
22009,1610612744,GSW,Golden State Warriors,0020900069,2009-11-04,GSW vs. MEM,W,239,113,47,87,0.54,7,12,0.583,12,17,0.706,7,28,35,29,10,4,13,28,8.0,2009-10
22009,1610612744,GSW,Golden State Warriors,0020900030,2009-10-30,GSW @ PHX,L,240,101,36,85,0.424,6,13,0.462,23,28,0.821,9,29,38,16,7,3,22,30,-22.0,2009-10
22009,1610612744,GSW,Golden State Warriors,0020900015,2009-10-28,GSW vs. HOU,L,241,107,44,89,0.494,4,11,0.364,15,23,0.652,13,28,41,25,7,8,16,22,-1.0,2009-10
22010,1610612744,GSW,Golden State Warriors,0021001227,2011-04-13,GSW vs. POR,W,239,110,45,88,0.511,10,23,0.435,10,15,0.667,9,32,41,33,15,7,11,21,24.0,2010-11
22010,1610612744,GSW,Golden State Warriors,0021001210,2011-04-11,GSW @ DEN,L,240,111,40,90,0.444,13,25,0.52,18,21,0.857,9,28,37,20,5,6,11,24,-23.0,2010-11
22010,1610612744,GSW,Golden State Warriors,0021001200,2011-04-10,GSW vs. SAC,L,240,103,42,101,0.416,6,22,0.273,13,18,0.722,19,24,43,27,13,7,10,22,-1.0,2010-11
22010,1610612744,GSW,Golden State Warriors,0021001173,2011-04-06,GSW vs. LAL,W,240,95,36,93,0.387,7,25,0.28,16,19,0.842,18,32,50,23,10,2,11,18,8.0,2010-11
22010,1610612744,GSW,Golden State Warriors,0021001160,2011-04-05,GSW @ POR,W,239,108,41,82,0.5,7,16,0.438,19,22,0.864,14,33,47,16,8,5,11,19,21.0,2010-11
22010,1610612744,GSW,Golden State Warriors,0021001136,2011-04-02,GSW vs. DAL,W,241,99,35,78,0.449,7,21,0.333,22,24,0.917,7,36,43,22,4,6,14,21,7.0,2010-11
22010,1610612744,GSW,Golden State Warriors,0021001112,2011-03-30,GSW @ MEM,L,240,91,39,83,0.47,6,21,0.286,7,11,0.636,13,28,41,19,3,9,14,18,-19.0,2010-11
22010,1610612744,GSW,Golden State Warriors,0021001103,2011-03-29,GSW @ OKC,L,266,114,44,104,0.423,11,26,0.423,15,17,0.882,8,34,42,25,9,5,13,23,-1.0,2010-11
22010,1610612744,GSW,Golden State Warriors,0021001093,2011-03-27,GSW vs. WAS,W,240,114,45,95,0.474,11,24,0.458,13,19,0.684,15,29,44,26,5,7,10,19,10.0,2010-11
22010,1610612744,GSW,Golden State Warriors,0021001079,2011-03-25,GSW vs. TOR,W,239,138,51,83,0.614,10,17,0.588,26,32,0.813,7,33,40,33,12,5,10,22,38.0,2010-11
22010,1610612744,GSW,Golden State Warriors,0021001062,2011-03-23,GSW @ HOU,L,241,112,47,92,0.511,7,15,0.467,11,18,0.611,13,29,42,25,6,5,12,27,-19.0,2010-11
22010,1610612744,GSW,Golden State Warriors,0021001049,2011-03-21,GSW @ SAS,L,240,96,38,84,0.452,6,19,0.316,14,18,0.778,12,33,45,16,7,3,17,19,-15.0,2010-11
22010,1610612744,GSW,Golden State Warriors,0021001042,2011-03-20,GSW @ DAL,L,238,73,27,77,0.351,5,20,0.25,14,20,0.7,6,33,39,16,7,4,16,19,-28.0,2010-11
22010,1610612744,GSW,Golden State Warriors,0021001026,2011-03-18,GSW @ PHX,L,240,97,35,83,0.422,6,19,0.316,21,27,0.778,16,35,51,16,6,4,21,23,-11.0,2010-11
22010,1610612744,GSW,Golden State Warriors,0021001012,2011-03-16,GSW vs. DAL,L,239,106,42,82,0.512,9,24,0.375,13,19,0.684,7,24,31,24,12,3,13,18,-6.0,2010-11
22010,1610612744,GSW,Golden State Warriors,0021000998,2011-03-14,GSW @ SAC,L,240,119,43,86,0.5,11,26,0.423,22,33,0.667,4,20,24,24,9,5,13,25,-10.0,2010-11
22010,1610612744,GSW,Golden State Warriors,0021000990,2011-03-13,GSW vs. MIN,W,241,100,38,87,0.437,7,21,0.333,17,22,0.773,13,33,46,23,16,10,14,25,23.0,2010-11
22010,1610612744,GSW,Golden State Warriors,0021000975,2011-03-11,GSW vs. ORL,W,266,123,46,93,0.495,21,35,0.6,10,13,0.769,8,26,34,35,12,3,12,23,3.0,2010-11
22010,1610612744,GSW,Golden State Warriors,0021000954,2011-03-09,GSW @ NJN,L,240,90,37,84,0.44,6,14,0.429,10,15,0.667,8,33,41,16,11,3,9,19,-4.0,2010-11
22010,1610612744,GSW,Golden State Warriors,0021000948,2011-03-08,GSW @ CLE,W,240,95,39,86,0.453,8,18,0.444,9,10,0.9,14,26,40,21,9,11,15,17,10.0,2010-11
22010,1610612744,GSW,Golden State Warriors,0021000935,2011-03-06,GSW @ PHI,L,264,117,48,98,0.49,4,19,0.211,17,18,0.944,12,27,39,19,9,6,20,26,-8.0,2010-11
22010,1610612744,GSW,Golden State Warriors,0021000918,2011-03-04,GSW @ BOS,L,240,103,40,84,0.476,5,19,0.263,18,21,0.857,15,24,39,17,9,3,16,19,-4.0,2010-11
22010,1610612744,GSW,Golden State Warriors,0021000904,2011-03-02,GSW @ WAS,W,240,106,36,85,0.424,7,20,0.35,27,34,0.794,14,40,54,24,6,7,13,25,4.0,2010-11
22010,1610612744,GSW,Golden State Warriors,0021000894,2011-03-01,GSW @ IND,L,241,100,38,89,0.427,11,27,0.407,13,18,0.722,11,33,44,19,4,7,12,26,-9.0,2010-11
22010,1610612744,GSW,Golden State Warriors,0021000882,2011-02-27,GSW @ MIN,L,241,123,44,96,0.458,13,32,0.406,22,24,0.917,14,26,40,21,13,9,13,24,-3.0,2010-11
22010,1610612744,GSW,Golden State Warriors,0021000870,2011-02-25,GSW vs. ATL,L,241,79,33,89,0.371,2,12,0.167,11,13,0.846,17,17,34,21,11,8,14,14,-16.0,2010-11
22010,1610612744,GSW,Golden State Warriors,0021000845,2011-02-22,GSW vs. BOS,L,240,93,33,84,0.393,5,19,0.263,22,28,0.786,11,24,35,18,11,8,11,19,-22.0,2010-11
22010,1610612744,GSW,Golden State Warriors,0021000834,2011-02-16,GSW @ UTA,W,239,107,42,77,0.545,8,19,0.421,15,22,0.682,7,27,34,17,9,4,17,27,7.0,2010-11
22010,1610612744,GSW,Golden State Warriors,0021000823,2011-02-15,GSW vs. NOH,W,242,102,39,77,0.506,10,19,0.526,14,17,0.824,10,22,32,25,8,5,13,23,13.0,2010-11
22010,1610612744,GSW,Golden State Warriors,0021000811,2011-02-13,GSW vs. OKC,W,240,100,43,99,0.434,7,23,0.304,7,9,0.778,20,27,47,28,8,1,8,20,6.0,2010-11
22010,1610612744,GSW,Golden State Warriors,0021000784,2011-02-10,GSW @ PHX,L,240,88,36,90,0.4,6,20,0.3,10,17,0.588,9,23,32,19,11,6,12,15,-24.0,2010-11
22010,1610612744,GSW,Golden State Warriors,0021000782,2011-02-09,GSW vs. DEN,W,240,116,47,92,0.511,14,28,0.5,8,12,0.667,12,30,42,30,12,2,14,21,2.0,2010-11
22010,1610612744,GSW,Golden State Warriors,0021000765,2011-02-07,GSW vs. PHX,L,240,92,36,83,0.434,2,18,0.111,18,26,0.692,14,36,50,20,4,3,12,14,-12.0,2010-11
22010,1610612744,GSW,Golden State Warriors,0021000753,2011-02-05,GSW vs. CHI,W,240,101,38,79,0.481,6,18,0.333,19,23,0.826,5,30,35,26,8,4,7,15,11.0,2010-11
22010,1610612744,GSW,Golden State Warriors,0021000731,2011-02-03,GSW vs. MIL,W,242,100,39,77,0.506,12,24,0.5,10,13,0.769,8,28,36,23,7,6,17,13,6.0,2010-11
22010,1610612744,GSW,Golden State Warriors,0021000707,2011-01-30,GSW vs. UTA,W,240,96,36,73,0.493,8,20,0.4,16,20,0.8,9,38,47,21,8,10,17,17,15.0,2010-11
22010,1610612744,GSW,Golden State Warriors,0021000691,2011-01-28,GSW vs. CHA,L,265,113,41,88,0.466,11,25,0.44,20,23,0.87,16,33,49,26,12,4,18,24,-8.0,2010-11
22010,1610612744,GSW,Golden State Warriors,0021000677,2011-01-26,GSW vs. NOH,L,239,103,38,75,0.507,4,13,0.308,23,26,0.885,9,19,28,19,4,4,21,17,-9.0,2010-11
22010,1610612744,GSW,Golden State Warriors,0021000662,2011-01-24,GSW vs. SAS,L,239,102,39,85,0.459,5,15,0.333,19,20,0.95,6,30,36,21,4,5,9,21,-11.0,2010-11
22010,1610612744,GSW,Golden State Warriors,0021000651,2011-01-22,GSW @ LAC,L,239,109,39,85,0.459,9,27,0.333,22,27,0.815,13,29,42,23,6,2,11,29,-4.0,2010-11
22010,1610612744,GSW,Golden State Warriors,0021000638,2011-01-21,GSW vs. SAC,W,265,119,49,95,0.516,4,18,0.222,17,20,0.85,10,34,44,21,13,5,19,26,7.0,2010-11
22010,1610612744,GSW,Golden State Warriors,0021000624,2011-01-19,GSW vs. IND,W,241,110,45,88,0.511,6,16,0.375,14,19,0.737,7,28,35,22,11,5,12,18,2.0,2010-11
22010,1610612744,GSW,Golden State Warriors,0021000607,2011-01-17,GSW vs. NJN,W,240,109,41,83,0.494,6,18,0.333,21,28,0.75,11,24,35,25,5,10,6,21,9.0,2010-11
22010,1610612744,GSW,Golden State Warriors,0021000585,2011-01-14,GSW vs. LAC,W,240,122,43,82,0.524,14,26,0.538,22,24,0.917,7,28,35,29,9,3,14,22,10.0,2010-11
22010,1610612744,GSW,Golden State Warriors,0021000571,2011-01-12,GSW vs. LAL,L,240,110,44,87,0.506,13,30,0.433,9,11,0.818,7,20,27,28,10,5,11,24,-5.0,2010-11
22010,1610612744,GSW,Golden State Warriors,0021000545,2011-01-09,GSW @ LAC,L,240,91,32,82,0.39,7,22,0.318,20,28,0.714,12,32,44,20,12,6,19,32,-14.0,2010-11
22010,1610612744,GSW,Golden State Warriors,0021000534,2011-01-07,GSW vs. CLE,W,241,116,41,85,0.482,14,28,0.5,20,21,0.952,11,31,42,26,9,8,17,25,18.0,2010-11
22010,1610612744,GSW,Golden State Warriors,0021000518,2011-01-05,GSW @ NOH,W,242,110,39,81,0.481,8,20,0.4,24,32,0.75,10,27,37,22,9,3,8,23,7.0,2010-11
22010,1610612744,GSW,Golden State Warriors,0021000500,2011-01-03,GSW @ ORL,L,241,90,36,88,0.409,8,22,0.364,10,13,0.769,13,30,43,19,9,3,19,25,-20.0,2010-11
22010,1610612744,GSW,Golden State Warriors,0021000486,2011-01-01,GSW @ MIA,L,241,107,41,87,0.471,13,27,0.481,12,16,0.75,7,29,36,19,7,2,12,31,-7.0,2010-11
22010,1610612744,GSW,Golden State Warriors,0021000477,2010-12-31,GSW @ CHA,W,240,96,38,77,0.494,10,24,0.417,10,16,0.625,7,32,39,16,9,8,13,21,1.0,2010-11
22010,1610612744,GSW,Golden State Warriors,0021000462,2010-12-29,GSW @ ATL,L,241,93,37,83,0.446,8,24,0.333,11,15,0.733,10,33,43,22,8,2,15,13,-10.0,2010-11
22010,1610612744,GSW,Golden State Warriors,0021000454,2010-12-27,GSW vs. PHI,W,240,110,39,83,0.47,15,23,0.652,17,21,0.81,10,34,44,31,9,6,12,17,15.0,2010-11
22010,1610612744,GSW,Golden State Warriors,0021000437,2010-12-25,GSW vs. POR,W,239,109,40,83,0.482,10,22,0.455,19,21,0.905,7,25,32,31,7,8,12,16,7.0,2010-11
22010,1610612744,GSW,Golden State Warriors,0021000419,2010-12-21,GSW @ SAC,W,267,117,42,89,0.472,10,25,0.4,23,33,0.697,10,38,48,24,12,8,19,28,8.0,2010-11
22010,1610612744,GSW,Golden State Warriors,0021000413,2010-12-20,GSW vs. HOU,L,239,112,43,84,0.512,7,22,0.318,19,27,0.704,13,22,35,29,9,6,14,30,-9.0,2010-11
22010,1610612744,GSW,Golden State Warriors,0021000399,2010-12-18,GSW @ POR,L,240,95,36,81,0.444,6,17,0.353,17,23,0.739,15,27,42,17,11,4,17,23,-1.0,2010-11
22010,1610612744,GSW,Golden State Warriors,0021000366,2010-12-14,GSW vs. MIN,W,239,108,39,77,0.506,11,22,0.5,19,31,0.613,12,31,43,21,9,3,17,20,9.0,2010-11
22010,1610612744,GSW,Golden State Warriors,0021000359,2010-12-13,GSW @ UTA,L,240,95,32,81,0.395,11,25,0.44,20,31,0.645,18,28,46,18,8,1,19,23,-13.0,2010-11
22010,1610612744,GSW,Golden State Warriors,0021000340,2010-12-10,GSW vs. MIA,L,240,84,31,83,0.373,8,24,0.333,14,21,0.667,16,25,41,24,9,2,14,17,-22.0,2010-11
22010,1610612744,GSW,Golden State Warriors,0021000322,2010-12-08,GSW @ SAS,L,242,94,37,82,0.451,12,23,0.522,8,11,0.727,13,32,45,24,6,2,21,15,-17.0,2010-11
22010,1610612744,GSW,Golden State Warriors,0021000312,2010-12-07,GSW @ DAL,L,241,100,42,90,0.467,10,20,0.5,6,13,0.462,13,31,44,24,10,4,19,20,-5.0,2010-11
22010,1610612744,GSW,Golden State Warriors,0021000297,2010-12-05,GSW @ OKC,L,241,109,42,93,0.452,7,20,0.35,18,21,0.857,18,26,44,20,6,5,16,27,-5.0,2010-11
22010,1610612744,GSW,Golden State Warriors,0021000274,2010-12-02,GSW vs. PHX,L,240,101,41,82,0.5,9,18,0.5,10,17,0.588,7,24,31,27,11,3,15,21,-6.0,2010-11
22010,1610612744,GSW,Golden State Warriors,0021000260,2010-11-30,GSW vs. SAS,L,240,98,41,87,0.471,5,18,0.278,11,18,0.611,10,34,44,20,5,4,16,18,-20.0,2010-11
22010,1610612744,GSW,Golden State Warriors,0021000238,2010-11-27,GSW @ MIN,W,241,104,40,79,0.506,12,18,0.667,12,17,0.706,6,26,32,26,16,3,10,23,10.0,2010-11
22010,1610612744,GSW,Golden State Warriors,0021000232,2010-11-26,GSW @ MEM,L,241,111,41,84,0.488,9,20,0.45,20,23,0.87,13,31,44,28,9,5,17,26,-5.0,2010-11
22010,1610612744,GSW,Golden State Warriors,0021000217,2010-11-24,GSW @ HOU,L,242,101,42,90,0.467,5,19,0.263,12,18,0.667,11,27,38,14,10,2,10,35,-10.0,2010-11
22010,1610612744,GSW,Golden State Warriors,0021000201,2010-11-22,GSW vs. DEN,L,240,89,35,87,0.402,6,26,0.231,13,16,0.813,10,28,38,16,9,5,10,21,-17.0,2010-11
22010,1610612744,GSW,Golden State Warriors,0021000194,2010-11-21,GSW @ LAL,L,239,89,32,91,0.352,3,20,0.15,22,26,0.846,23,20,43,16,10,5,17,17,-28.0,2010-11
22010,1610612744,GSW,Golden State Warriors,0021000181,2010-11-19,GSW vs. NYK,L,240,119,47,91,0.516,13,24,0.542,12,17,0.706,10,23,33,24,7,2,10,25,-6.0,2010-11
22010,1610612744,GSW,Golden State Warriors,0021000149,2010-11-15,GSW vs. DET,W,240,101,36,85,0.424,7,18,0.389,22,27,0.815,14,30,44,22,13,5,12,25,4.0,2010-11
22010,1610612744,GSW,Golden State Warriors,0021000137,2010-11-13,GSW @ MIL,L,240,72,28,82,0.341,10,22,0.455,6,10,0.6,11,31,42,18,10,4,15,23,-7.0,2010-11
22010,1610612744,GSW,Golden State Warriors,0021000119,2010-11-11,GSW @ CHI,L,240,90,39,95,0.411,7,23,0.304,5,7,0.714,18,21,39,20,9,4,19,16,-30.0,2010-11
22010,1610612744,GSW,Golden State Warriors,0021000113,2010-11-10,GSW @ NYK,W,240,122,47,89,0.528,5,10,0.5,23,32,0.719,9,27,36,23,13,3,14,33,5.0,2010-11
22010,1610612744,GSW,Golden State Warriors,0021000097,2010-11-08,GSW @ TOR,W,239,109,39,74,0.527,5,16,0.313,26,32,0.813,11,31,42,19,13,7,20,26,7.0,2010-11
22010,1610612744,GSW,Golden State Warriors,0021000091,2010-11-07,GSW @ DET,L,241,97,36,84,0.429,6,23,0.261,19,23,0.826,15,31,46,19,6,2,14,22,-5.0,2010-11
22010,1610612744,GSW,Golden State Warriors,0021000078,2010-11-05,GSW vs. UTA,W,241,85,35,93,0.376,2,14,0.143,13,22,0.591,21,31,52,16,11,3,16,23,7.0,2010-11
22010,1610612744,GSW,Golden State Warriors,0021000063,2010-11-03,GSW vs. MEM,W,241,115,38,92,0.413,13,30,0.433,26,34,0.765,19,29,48,26,11,8,19,23,6.0,2010-11
22010,1610612744,GSW,Golden State Warriors,0021000043,2010-10-31,GSW @ LAL,L,240,83,36,89,0.404,5,20,0.25,6,13,0.462,15,27,42,27,11,4,17,26,-24.0,2010-11
22010,1610612744,GSW,Golden State Warriors,0021000029,2010-10-29,GSW vs. LAC,W,241,109,43,81,0.531,14,24,0.583,9,17,0.529,9,37,46,32,8,7,17,25,18.0,2010-11
22010,1610612744,GSW,Golden State Warriors,0021000015,2010-10-27,GSW vs. HOU,W,242,132,51,92,0.554,8,20,0.4,22,26,0.846,14,31,45,25,5,7,12,30,4.0,2010-11
22011,1610612744,GSW,Golden State Warriors,0021100990,2012-04-26,GSW vs. SAS,L,240,101,45,87,0.517,2,8,0.25,9,12,0.75,8,34,42,25,8,5,15,14,-6.0,2011-12
22011,1610612744,GSW,Golden State Warriors,0021100970,2012-04-24,GSW vs. NOH,L,242,81,33,79,0.418,6,14,0.429,9,13,0.692,9,28,37,18,6,6,13,19,-2.0,2011-12
22011,1610612744,GSW,Golden State Warriors,0021100957,2012-04-22,GSW @ MIN,W,240,93,41,92,0.446,5,16,0.313,6,10,0.6,11,34,45,18,6,7,9,17,5.0,2011-12
22011,1610612744,GSW,Golden State Warriors,0021100948,2012-04-21,GSW @ HOU,L,240,96,36,73,0.493,5,16,0.313,19,22,0.864,8,28,36,17,6,5,17,16,-3.0,2011-12
22011,1610612744,GSW,Golden State Warriors,0021100940,2012-04-20,GSW @ DAL,L,239,94,37,83,0.446,9,19,0.474,11,21,0.524,7,28,35,23,10,5,10,21,-10.0,2011-12
22011,1610612744,GSW,Golden State Warriors,0021100931,2012-04-18,GSW vs. LAL,L,240,87,38,90,0.422,4,19,0.211,7,10,0.7,7,33,40,23,8,3,11,22,-12.0,2011-12
22011,1610612744,GSW,Golden State Warriors,0021100912,2012-04-16,GSW vs. SAS,L,240,99,38,93,0.409,8,20,0.4,15,17,0.882,14,33,47,24,9,4,16,31,-21.0,2011-12
22011,1610612744,GSW,Golden State Warriors,0021100886,2012-04-14,GSW @ LAC,L,239,104,37,80,0.463,15,31,0.484,15,21,0.714,11,28,39,22,7,6,16,26,-8.0,2011-12
22011,1610612744,GSW,Golden State Warriors,0021100873,2012-04-12,GSW vs. DAL,L,240,103,38,81,0.469,7,18,0.389,20,23,0.87,14,32,46,27,7,2,15,14,-9.0,2011-12
22011,1610612744,GSW,Golden State Warriors,0021100868,2012-04-11,GSW @ POR,L,239,110,47,90,0.522,8,16,0.5,8,11,0.727,10,28,38,27,6,4,14,22,-8.0,2011-12
22011,1610612744,GSW,Golden State Warriors,0021100849,2012-04-09,GSW @ DEN,L,242,84,31,84,0.369,12,25,0.48,10,14,0.714,7,20,27,21,9,12,14,26,-39.0,2011-12
22011,1610612744,GSW,Golden State Warriors,0021100834,2012-04-07,GSW vs. DEN,W,242,112,46,88,0.523,8,21,0.381,12,16,0.75,14,27,41,25,9,8,13,19,15.0,2011-12
22011,1610612744,GSW,Golden State Warriors,0021100824,2012-04-06,GSW @ UTA,L,240,98,39,86,0.453,9,22,0.409,11,12,0.917,14,27,41,22,9,2,17,21,-6.0,2011-12
22011,1610612744,GSW,Golden State Warriors,0021100806,2012-04-04,GSW @ MIN,W,240,97,41,86,0.477,4,16,0.25,11,16,0.688,8,29,37,24,11,8,12,17,3.0,2011-12
22011,1610612744,GSW,Golden State Warriors,0021100796,2012-04-03,GSW @ MEM,L,241,94,38,82,0.463,7,18,0.389,11,16,0.688,9,32,41,18,8,4,13,16,-4.0,2011-12
22011,1610612744,GSW,Golden State Warriors,0021100784,2012-04-01,GSW @ LAL,L,239,112,44,90,0.489,11,21,0.524,13,15,0.867,8,21,29,31,9,5,5,23,-8.0,2011-12
22011,1610612744,GSW,Golden State Warriors,0021100768,2012-03-30,GSW vs. NJN,L,240,100,40,76,0.526,7,15,0.467,13,16,0.813,6,26,32,26,11,3,17,21,-2.0,2011-12
22011,1610612744,GSW,Golden State Warriors,0021100752,2012-03-28,GSW vs. NOH,L,240,87,33,74,0.446,10,28,0.357,11,15,0.733,8,25,33,19,4,5,16,16,-15.0,2011-12
22011,1610612744,GSW,Golden State Warriors,0021100742,2012-03-27,GSW vs. LAL,L,239,101,39,91,0.429,6,19,0.316,17,18,0.944,8,27,35,22,4,9,5,25,-3.0,2011-12
22011,1610612744,GSW,Golden State Warriors,0021100725,2012-03-25,GSW @ POR,L,240,87,32,74,0.432,7,22,0.318,16,17,0.941,6,38,44,18,2,5,14,20,-3.0,2011-12
22011,1610612744,GSW,Golden State Warriors,0021100718,2012-03-24,GSW vs. SAC,W,240,111,43,88,0.489,7,21,0.333,18,21,0.857,8,31,39,30,5,5,12,25,3.0,2011-12
22011,1610612744,GSW,Golden State Warriors,0021100696,2012-03-22,GSW @ HOU,L,240,83,34,82,0.415,6,16,0.375,9,10,0.9,8,24,32,21,5,6,16,20,-26.0,2011-12
22011,1610612744,GSW,Golden State Warriors,0021100688,2012-03-21,GSW @ NOH,W,240,101,39,89,0.438,14,29,0.483,9,10,0.9,8,25,33,27,8,10,9,16,9.0,2011-12
22011,1610612744,GSW,Golden State Warriors,0021100675,2012-03-19,GSW vs. MIN,L,240,93,34,80,0.425,10,26,0.385,15,20,0.75,6,27,33,22,9,5,8,20,-4.0,2011-12
22011,1610612744,GSW,Golden State Warriors,0021100661,2012-03-17,GSW @ UTA,L,266,92,33,80,0.413,6,25,0.24,20,25,0.8,3,37,40,14,9,7,12,21,-7.0,2011-12
22011,1610612744,GSW,Golden State Warriors,0021100653,2012-03-16,GSW vs. MIL,L,239,98,35,79,0.443,10,22,0.455,18,20,0.9,7,28,35,23,6,3,12,17,-22.0,2011-12
22011,1610612744,GSW,Golden State Warriors,0021100637,2012-03-14,GSW vs. BOS,L,241,103,41,78,0.526,5,21,0.238,16,19,0.842,8,25,33,25,11,3,17,18,-2.0,2011-12
22011,1610612744,GSW,Golden State Warriors,0021100625,2012-03-13,GSW @ SAC,W,241,115,46,91,0.505,12,24,0.5,11,15,0.733,9,36,45,20,9,6,7,21,26.0,2011-12
22011,1610612744,GSW,Golden State Warriors,0021100610,2012-03-11,GSW @ LAC,W,241,97,36,70,0.514,8,15,0.533,17,21,0.81,6,31,37,22,6,6,17,26,4.0,2011-12
22011,1610612744,GSW,Golden State Warriors,0021100602,2012-03-10,GSW vs. DAL,W,241,111,40,74,0.541,10,25,0.4,21,25,0.84,3,41,44,23,17,2,16,20,24.0,2011-12
22011,1610612744,GSW,Golden State Warriors,0021100581,2012-03-07,GSW vs. MEM,L,240,92,35,79,0.443,8,18,0.444,14,23,0.609,11,28,39,23,2,4,15,20,-18.0,2011-12
22011,1610612744,GSW,Golden State Warriors,0021100555,2012-03-05,GSW @ WAS,W,240,120,45,83,0.542,15,23,0.652,15,16,0.938,10,37,47,27,7,4,14,24,20.0,2011-12
22011,1610612744,GSW,Golden State Warriors,0021100548,2012-03-04,GSW @ TOR,L,241,75,29,80,0.363,4,19,0.211,13,19,0.684,10,31,41,17,6,3,12,20,-8.0,2011-12
22011,1610612744,GSW,Golden State Warriors,0021100532,2012-03-02,GSW @ PHI,L,241,83,33,82,0.402,5,18,0.278,12,14,0.857,7,32,39,18,6,5,9,12,-22.0,2011-12
22011,1610612744,GSW,Golden State Warriors,0021100516,2012-02-29,GSW @ ATL,W,239,85,34,83,0.41,1,12,0.083,16,17,0.941,9,44,53,20,7,9,11,18,3.0,2011-12
22011,1610612744,GSW,Golden State Warriors,0021100504,2012-02-28,GSW @ IND,L,239,78,29,85,0.341,3,22,0.136,17,24,0.708,19,26,45,15,8,9,15,25,-24.0,2011-12
22011,1610612744,GSW,Golden State Warriors,0021100496,2012-02-22,GSW @ PHX,W,241,106,39,84,0.464,9,20,0.45,19,22,0.864,13,27,40,19,6,4,7,18,2.0,2011-12
22011,1610612744,GSW,Golden State Warriors,0021100480,2012-02-20,GSW vs. LAC,W,239,104,38,83,0.458,9,23,0.391,19,24,0.792,13,25,38,22,6,6,9,18,7.0,2011-12
22011,1610612744,GSW,Golden State Warriors,0021100458,2012-02-18,GSW @ MEM,L,238,103,35,82,0.427,12,26,0.462,21,27,0.778,11,20,31,18,9,3,13,29,-1.0,2011-12
22011,1610612744,GSW,Golden State Warriors,0021100453,2012-02-17,GSW @ OKC,L,241,87,31,89,0.348,7,23,0.304,18,21,0.857,22,21,43,18,8,8,18,24,-23.0,2011-12
22011,1610612744,GSW,Golden State Warriors,0021100440,2012-02-15,GSW vs. POR,L,241,91,36,76,0.474,7,19,0.368,12,16,0.75,9,30,39,24,8,7,13,17,-2.0,2011-12
22011,1610612744,GSW,Golden State Warriors,0021100419,2012-02-13,GSW vs. PHX,W,240,102,39,86,0.453,7,18,0.389,17,21,0.81,15,29,44,17,7,4,10,13,6.0,2011-12
22011,1610612744,GSW,Golden State Warriors,0021100412,2012-02-12,GSW vs. HOU,W,242,106,40,79,0.506,13,24,0.542,13,18,0.722,6,29,35,24,8,4,15,19,9.0,2011-12
22011,1610612744,GSW,Golden State Warriors,0021100385,2012-02-09,GSW @ DEN,W,241,109,41,79,0.519,13,25,0.52,14,22,0.636,6,35,41,22,8,14,17,23,8.0,2011-12
22011,1610612744,GSW,Golden State Warriors,0021100372,2012-02-07,GSW vs. OKC,L,240,116,44,80,0.55,9,21,0.429,19,23,0.826,7,29,36,28,9,4,15,22,-3.0,2011-12
22011,1610612744,GSW,Golden State Warriors,0021100353,2012-02-04,GSW @ SAC,L,264,106,39,90,0.433,16,29,0.552,12,13,0.923,10,26,36,25,10,9,16,21,-8.0,2011-12
22011,1610612744,GSW,Golden State Warriors,0021100331,2012-02-02,GSW vs. UTA,W,240,119,45,96,0.469,8,24,0.333,21,25,0.84,22,25,47,23,10,6,8,22,18.0,2011-12
22011,1610612744,GSW,Golden State Warriors,0021100314,2012-01-31,GSW vs. SAC,W,240,93,37,91,0.407,8,24,0.333,11,13,0.846,9,29,38,26,8,8,8,20,3.0,2011-12
22011,1610612744,GSW,Golden State Warriors,0021100284,2012-01-27,GSW vs. OKC,L,241,109,41,87,0.471,12,28,0.429,15,19,0.789,10,24,34,30,12,7,20,29,-11.0,2011-12
22011,1610612744,GSW,Golden State Warriors,0021100269,2012-01-25,GSW vs. POR,W,241,101,41,79,0.519,11,20,0.55,8,14,0.571,5,25,30,33,10,3,11,18,8.0,2011-12
22011,1610612744,GSW,Golden State Warriors,0021100251,2012-01-23,GSW vs. MEM,L,239,90,38,76,0.5,9,25,0.36,5,8,0.625,8,31,39,24,11,6,24,22,-1.0,2011-12
22011,1610612744,GSW,Golden State Warriors,0021100226,2012-01-20,GSW vs. IND,L,240,91,37,80,0.463,10,23,0.435,7,8,0.875,7,38,45,18,3,5,18,21,-3.0,2011-12
22011,1610612744,GSW,Golden State Warriors,0021100206,2012-01-18,GSW @ NJN,L,240,100,37,72,0.514,8,16,0.5,18,27,0.667,7,19,26,23,11,8,10,21,-7.0,2011-12
22011,1610612744,GSW,Golden State Warriors,0021100196,2012-01-17,GSW @ CLE,W,239,105,41,94,0.436,9,19,0.474,14,19,0.737,12,31,43,26,10,6,12,24,10.0,2011-12
22011,1610612744,GSW,Golden State Warriors,0021100181,2012-01-15,GSW @ DET,W,242,99,38,73,0.521,3,15,0.2,20,27,0.741,10,33,43,23,9,7,16,22,8.0,2011-12
22011,1610612744,GSW,Golden State Warriors,0021100171,2012-01-14,GSW @ CHA,L,240,100,35,84,0.417,5,20,0.25,25,32,0.781,12,29,41,18,8,5,13,31,-12.0,2011-12
22011,1610612744,GSW,Golden State Warriors,0021100158,2012-01-12,GSW vs. ORL,L,241,109,43,82,0.524,10,23,0.435,13,19,0.684,6,32,38,27,7,2,14,36,-8.0,2011-12
22011,1610612744,GSW,Golden State Warriors,0021100142,2012-01-10,GSW vs. MIA,W,267,111,38,95,0.4,9,27,0.333,26,30,0.867,18,34,52,23,14,9,20,26,5.0,2011-12
22011,1610612744,GSW,Golden State Warriors,0021100119,2012-01-07,GSW vs. UTA,L,240,87,29,70,0.414,7,19,0.368,22,24,0.917,10,32,42,19,3,3,17,23,-1.0,2011-12
22011,1610612744,GSW,Golden State Warriors,0021100109,2012-01-06,GSW @ LAL,L,239,90,38,77,0.494,4,14,0.286,10,19,0.526,10,24,34,19,9,1,18,28,-7.0,2011-12
22011,1610612744,GSW,Golden State Warriors,0021100091,2012-01-04,GSW @ SAS,L,241,95,37,80,0.463,9,20,0.45,12,19,0.632,5,32,37,18,9,6,10,20,-6.0,2011-12
22011,1610612744,GSW,Golden State Warriors,0021100066,2012-01-02,GSW @ PHX,L,239,91,36,72,0.5,7,17,0.412,12,20,0.6,7,29,36,27,6,3,17,24,-11.0,2011-12
22011,1610612744,GSW,Golden State Warriors,0021100056,2011-12-31,GSW vs. PHI,L,239,79,34,89,0.382,4,17,0.235,7,12,0.583,16,32,48,20,7,2,14,22,-28.0,2011-12
22011,1610612744,GSW,Golden State Warriors,0021100032,2011-12-28,GSW vs. NYK,W,241,92,35,77,0.455,6,16,0.375,16,24,0.667,11,36,47,20,12,4,14,17,14.0,2011-12
22011,1610612744,GSW,Golden State Warriors,0021100017,2011-12-26,GSW vs. CHI,W,240,99,36,77,0.468,4,15,0.267,23,31,0.742,7,29,36,22,16,5,10,19,8.0,2011-12
22011,1610612744,GSW,Golden State Warriors,0021100005,2011-12-25,GSW vs. LAC,L,238,86,32,82,0.39,5,21,0.238,17,24,0.708,17,31,48,17,4,8,16,32,-19.0,2011-12
22012,1610612744,GSW,Golden State Warriors,0021201230,2013-04-17,GSW @ POR,W,239,99,40,93,0.43,9,21,0.429,10,13,0.769,14,38,52,21,7,3,12,17,11.0,2012-13
22012,1610612744,GSW,Golden State Warriors,0021201212,2013-04-15,GSW vs. SAS,W,240,116,46,85,0.541,9,20,0.45,15,18,0.833,9,44,53,26,9,7,21,17,10.0,2012-13
22012,1610612744,GSW,Golden State Warriors,0021201189,2013-04-12,GSW @ LAL,L,240,116,46,97,0.474,11,26,0.423,13,16,0.813,15,29,44,25,7,4,8,33,-2.0,2012-13
22012,1610612744,GSW,Golden State Warriors,0021201175,2013-04-11,GSW vs. OKC,L,241,97,37,84,0.44,7,16,0.438,16,26,0.615,7,32,39,16,10,3,16,19,-19.0,2012-13
22012,1610612744,GSW,Golden State Warriors,0021201163,2013-04-09,GSW vs. MIN,W,240,105,39,91,0.429,10,24,0.417,17,22,0.773,12,48,60,24,7,6,13,19,16.0,2012-13
22012,1610612744,GSW,Golden State Warriors,0021201151,2013-04-07,GSW vs. UTA,L,240,90,35,74,0.473,7,17,0.412,13,18,0.722,8,33,41,21,5,2,16,15,-7.0,2012-13
22012,1610612744,GSW,Golden State Warriors,0021201134,2013-04-05,GSW @ PHX,W,241,111,44,86,0.512,9,16,0.563,14,16,0.875,12,18,30,26,15,1,14,21,4.0,2012-13
22012,1610612744,GSW,Golden State Warriors,0021201122,2013-04-03,GSW vs. NOH,W,240,98,36,78,0.462,7,19,0.368,19,22,0.864,11,36,47,25,5,8,13,21,10.0,2012-13
22012,1610612744,GSW,Golden State Warriors,0021201094,2013-03-30,GSW vs. POR,W,239,125,47,87,0.54,9,20,0.45,22,27,0.815,11,41,52,22,6,8,10,24,27.0,2012-13
22012,1610612744,GSW,Golden State Warriors,0021201069,2013-03-27,GSW vs. SAC,L,241,98,41,90,0.456,5,24,0.208,11,13,0.846,13,28,41,30,9,4,14,19,-7.0,2012-13
22012,1610612744,GSW,Golden State Warriors,0021201053,2013-03-25,GSW vs. LAL,W,240,109,43,90,0.478,10,23,0.435,13,19,0.684,9,39,48,22,3,4,11,27,6.0,2012-13
22012,1610612744,GSW,Golden State Warriors,0021201039,2013-03-23,GSW vs. WAS,W,240,101,37,75,0.493,10,20,0.5,17,22,0.773,8,34,42,25,5,4,21,17,9.0,2012-13
22012,1610612744,GSW,Golden State Warriors,0021201016,2013-03-20,GSW @ SAS,L,240,93,37,84,0.44,6,12,0.5,13,15,0.867,12,27,39,16,9,4,16,17,-11.0,2012-13
22012,1610612744,GSW,Golden State Warriors,0021201001,2013-03-18,GSW @ NOH,W,239,93,35,70,0.5,10,19,0.526,13,15,0.867,6,38,44,21,6,7,16,20,21.0,2012-13
22012,1610612744,GSW,Golden State Warriors,0021200988,2013-03-17,GSW @ HOU,W,241,108,44,96,0.458,13,26,0.5,7,9,0.778,8,42,50,27,7,6,10,17,30.0,2012-13
22012,1610612744,GSW,Golden State Warriors,0021200978,2013-03-15,GSW vs. CHI,L,241,95,34,76,0.447,3,14,0.214,24,30,0.8,7,27,34,16,8,7,12,17,-18.0,2012-13
22012,1610612744,GSW,Golden State Warriors,0021200966,2013-03-13,GSW vs. DET,W,242,105,41,72,0.569,8,18,0.444,15,25,0.6,11,31,42,27,5,9,13,15,8.0,2012-13
22012,1610612744,GSW,Golden State Warriors,0021200947,2013-03-11,GSW vs. NYK,W,240,92,32,78,0.41,11,20,0.55,17,24,0.708,13,46,59,16,7,4,14,25,29.0,2012-13
22012,1610612744,GSW,Golden State Warriors,0021200933,2013-03-09,GSW vs. MIL,L,241,93,37,82,0.451,6,15,0.4,13,20,0.65,12,35,47,21,4,1,17,21,-10.0,2012-13
22012,1610612744,GSW,Golden State Warriors,0021200926,2013-03-08,GSW vs. HOU,L,240,88,33,87,0.379,9,21,0.429,13,20,0.65,12,39,51,18,6,4,16,25,-6.0,2012-13
22012,1610612744,GSW,Golden State Warriors,0021200912,2013-03-06,GSW vs. SAC,W,240,87,27,75,0.36,8,23,0.348,25,29,0.862,6,40,46,19,9,4,17,14,4.0,2012-13
22012,1610612744,GSW,Golden State Warriors,0021200895,2013-03-04,GSW vs. TOR,W,240,125,47,82,0.573,8,17,0.471,23,28,0.821,6,32,38,33,3,4,14,27,7.0,2012-13
22012,1610612744,GSW,Golden State Warriors,0021200876,2013-03-02,GSW @ PHI,L,241,97,36,86,0.419,10,26,0.385,15,19,0.789,11,24,35,22,14,3,19,14,-7.0,2012-13
22012,1610612744,GSW,Golden State Warriors,0021200867,2013-03-01,GSW @ BOS,L,240,86,32,94,0.34,5,23,0.217,17,22,0.773,13,41,54,17,6,1,11,24,-8.0,2012-13
22012,1610612744,GSW,Golden State Warriors,0021200853,2013-02-27,GSW @ NYK,L,239,105,36,72,0.5,15,27,0.556,18,21,0.857,5,33,38,14,6,4,17,23,-4.0,2012-13
22012,1610612744,GSW,Golden State Warriors,0021200844,2013-02-26,GSW @ IND,L,240,97,33,76,0.434,12,21,0.571,19,24,0.792,15,31,46,16,11,6,20,23,-11.0,2012-13
22012,1610612744,GSW,Golden State Warriors,0021200832,2013-02-24,GSW @ MIN,W,241,100,37,81,0.457,7,17,0.412,19,23,0.826,14,34,48,18,11,4,22,28,1.0,2012-13
22012,1610612744,GSW,Golden State Warriors,0021200822,2013-02-22,GSW vs. SAS,W,265,107,39,94,0.415,5,21,0.238,24,30,0.8,9,48,57,25,6,5,12,23,6.0,2012-13
22012,1610612744,GSW,Golden State Warriors,0021200808,2013-02-20,GSW vs. PHX,W,239,108,42,87,0.483,10,20,0.5,14,17,0.824,13,31,44,29,6,6,10,16,10.0,2012-13
22012,1610612744,GSW,Golden State Warriors,0021200795,2013-02-19,GSW @ UTA,L,241,101,39,83,0.47,5,17,0.294,18,24,0.75,13,29,42,17,5,3,13,22,-14.0,2012-13
22012,1610612744,GSW,Golden State Warriors,0021200774,2013-02-12,GSW vs. HOU,L,241,107,38,84,0.452,8,20,0.4,23,31,0.742,8,38,46,25,6,6,13,22,-9.0,2012-13
22012,1610612744,GSW,Golden State Warriors,0021200750,2013-02-09,GSW @ DAL,L,240,91,34,89,0.382,6,16,0.375,17,24,0.708,17,35,52,12,4,1,15,26,-25.0,2012-13
22012,1610612744,GSW,Golden State Warriors,0021200742,2013-02-08,GSW @ MEM,L,242,93,36,74,0.486,6,17,0.353,15,20,0.75,7,27,34,18,5,4,16,25,-6.0,2012-13
22012,1610612744,GSW,Golden State Warriors,0021200729,2013-02-06,GSW @ OKC,L,241,98,38,93,0.409,10,20,0.5,12,16,0.75,13,36,49,25,7,4,19,15,-21.0,2012-13
22012,1610612744,GSW,Golden State Warriors,0021200718,2013-02-05,GSW @ HOU,L,239,109,41,86,0.477,3,15,0.2,24,30,0.8,11,29,40,21,2,5,12,26,-31.0,2012-13
22012,1610612744,GSW,Golden State Warriors,0021200704,2013-02-02,GSW vs. PHX,W,241,113,45,89,0.506,9,19,0.474,14,20,0.7,14,33,47,34,5,3,13,24,20.0,2012-13
22012,1610612744,GSW,Golden State Warriors,0021200683,2013-01-31,GSW vs. DAL,W,240,100,36,84,0.429,7,20,0.35,21,25,0.84,12,34,46,26,6,4,12,21,3.0,2012-13
22012,1610612744,GSW,Golden State Warriors,0021200666,2013-01-29,GSW @ CLE,W,240,108,45,84,0.536,11,16,0.688,7,10,0.7,7,32,39,31,8,9,14,23,13.0,2012-13
22012,1610612744,GSW,Golden State Warriors,0021200659,2013-01-28,GSW @ TOR,W,240,114,46,86,0.535,6,15,0.4,16,20,0.8,13,36,49,22,4,8,13,19,12.0,2012-13
22012,1610612744,GSW,Golden State Warriors,0021200647,2013-01-26,GSW @ MIL,L,241,102,39,93,0.419,13,28,0.464,11,11,1.0,12,38,50,25,8,4,15,25,-7.0,2012-13
22012,1610612744,GSW,Golden State Warriors,0021200636,2013-01-25,GSW @ CHI,L,241,87,27,78,0.346,4,19,0.211,29,33,0.879,10,27,37,12,6,5,11,19,-16.0,2012-13
22012,1610612744,GSW,Golden State Warriors,0021200628,2013-01-23,GSW vs. OKC,W,240,104,37,84,0.44,6,23,0.261,24,27,0.889,11,29,40,20,10,3,15,21,5.0,2012-13
22012,1610612744,GSW,Golden State Warriors,0021200610,2013-01-21,GSW vs. LAC,W,242,106,39,75,0.52,12,22,0.545,16,18,0.889,6,33,39,25,4,2,17,21,7.0,2012-13
22012,1610612744,GSW,Golden State Warriors,0021200596,2013-01-19,GSW @ NOH,W,239,116,38,77,0.494,10,22,0.455,30,35,0.857,10,23,33,25,10,1,14,19,4.0,2012-13
22012,1610612744,GSW,Golden State Warriors,0021200590,2013-01-18,GSW @ SAS,L,240,88,36,84,0.429,4,16,0.25,12,14,0.857,7,35,42,23,4,2,9,21,-7.0,2012-13
22012,1610612744,GSW,Golden State Warriors,0021200579,2013-01-16,GSW vs. MIA,L,240,75,29,80,0.363,3,12,0.25,14,18,0.778,11,41,52,17,5,2,21,21,-17.0,2012-13
22012,1610612744,GSW,Golden State Warriors,0021200553,2013-01-13,GSW @ DEN,L,239,105,43,83,0.518,13,24,0.542,6,8,0.75,6,33,39,28,3,5,18,24,-11.0,2012-13
22012,1610612744,GSW,Golden State Warriors,0021200540,2013-01-11,GSW vs. POR,W,240,103,41,86,0.477,6,15,0.4,15,18,0.833,8,39,47,28,10,5,11,16,6.0,2012-13
22012,1610612744,GSW,Golden State Warriors,0021200526,2013-01-09,GSW vs. MEM,L,241,87,33,71,0.465,7,17,0.412,14,20,0.7,6,32,38,23,8,2,15,21,-7.0,2012-13
22012,1610612744,GSW,Golden State Warriors,0021200498,2013-01-05,GSW @ LAC,L,240,89,32,72,0.444,5,20,0.25,20,26,0.769,5,25,30,19,4,8,16,17,-26.0,2012-13
22012,1610612744,GSW,Golden State Warriors,0021200475,2013-01-02,GSW vs. LAC,W,238,115,42,84,0.5,12,23,0.522,19,22,0.864,13,40,53,29,11,4,20,27,21.0,2012-13
22012,1610612744,GSW,Golden State Warriors,0021200447,2012-12-29,GSW vs. BOS,W,241,101,38,73,0.521,12,19,0.632,13,16,0.813,5,41,46,21,8,10,18,22,18.0,2012-13
22012,1610612744,GSW,Golden State Warriors,0021200436,2012-12-28,GSW vs. PHI,W,240,96,34,80,0.425,7,17,0.412,21,26,0.808,9,43,52,20,5,3,18,19,7.0,2012-13
22012,1610612744,GSW,Golden State Warriors,0021200420,2012-12-26,GSW @ UTA,W,240,94,33,82,0.402,9,18,0.5,19,20,0.95,9,34,43,19,10,6,10,18,11.0,2012-13
22012,1610612744,GSW,Golden State Warriors,0021200398,2012-12-22,GSW vs. LAL,L,265,115,46,103,0.447,10,29,0.345,13,15,0.867,15,32,47,26,13,5,19,22,-3.0,2012-13
22012,1610612744,GSW,Golden State Warriors,0021200389,2012-12-21,GSW vs. CHA,W,242,115,44,85,0.518,14,27,0.519,13,16,0.813,12,36,48,31,4,9,11,24,15.0,2012-13
22012,1610612744,GSW,Golden State Warriors,0021200375,2012-12-19,GSW @ SAC,L,239,127,46,92,0.5,13,26,0.5,22,25,0.88,14,28,42,21,4,6,12,27,-4.0,2012-13
22012,1610612744,GSW,Golden State Warriors,0021200365,2012-12-18,GSW vs. NOH,W,240,103,34,78,0.436,6,18,0.333,29,34,0.853,16,28,44,25,8,2,14,15,7.0,2012-13
22012,1610612744,GSW,Golden State Warriors,0021200337,2012-12-15,GSW @ ATL,W,240,115,49,99,0.495,10,24,0.417,7,8,0.875,10,44,54,32,10,3,11,25,22.0,2012-13
22012,1610612744,GSW,Golden State Warriors,0021200330,2012-12-14,GSW @ ORL,L,240,85,34,92,0.37,7,20,0.35,10,11,0.909,16,33,49,19,5,2,12,15,-14.0,2012-13
22012,1610612744,GSW,Golden State Warriors,0021200314,2012-12-12,GSW @ MIA,W,240,97,38,82,0.463,9,24,0.375,12,14,0.857,8,33,41,20,9,2,13,14,2.0,2012-13
22012,1610612744,GSW,Golden State Warriors,0021200299,2012-12-10,GSW @ CHA,W,239,104,38,84,0.452,8,20,0.4,20,23,0.87,14,32,46,28,9,4,16,26,8.0,2012-13
22012,1610612744,GSW,Golden State Warriors,0021200283,2012-12-08,GSW @ WAS,W,239,101,35,81,0.432,9,22,0.409,22,27,0.815,13,44,57,22,4,5,19,16,4.0,2012-13
22012,1610612744,GSW,Golden State Warriors,0021200272,2012-12-07,GSW @ BKN,W,241,109,46,90,0.511,9,19,0.474,8,10,0.8,15,32,47,24,9,1,11,21,7.0,2012-13
22012,1610612744,GSW,Golden State Warriors,0021200261,2012-12-05,GSW @ DET,W,240,104,34,75,0.453,9,24,0.375,27,34,0.794,9,26,35,24,9,7,10,22,7.0,2012-13
22012,1610612744,GSW,Golden State Warriors,0021200250,2012-12-03,GSW vs. ORL,L,239,94,37,81,0.457,7,17,0.412,13,18,0.722,9,34,43,23,5,5,13,20,-8.0,2012-13
22012,1610612744,GSW,Golden State Warriors,0021200242,2012-12-01,GSW vs. IND,W,240,103,38,80,0.475,9,20,0.45,18,19,0.947,11,30,41,22,5,3,17,22,11.0,2012-13
22012,1610612744,GSW,Golden State Warriors,0021200221,2012-11-29,GSW vs. DEN,W,239,106,44,86,0.512,8,18,0.444,10,13,0.769,9,34,43,29,10,5,16,22,1.0,2012-13
22012,1610612744,GSW,Golden State Warriors,0021200190,2012-11-24,GSW vs. MIN,W,239,96,33,78,0.423,6,21,0.286,24,29,0.828,13,35,48,18,1,3,13,25,11.0,2012-13
22012,1610612744,GSW,Golden State Warriors,0021200179,2012-11-23,GSW @ DEN,L,242,91,35,80,0.438,7,17,0.412,14,18,0.778,8,37,45,22,8,5,14,30,-11.0,2012-13
22012,1610612744,GSW,Golden State Warriors,0021200170,2012-11-21,GSW vs. BKN,W,240,102,40,75,0.533,7,15,0.467,15,19,0.789,12,31,43,24,3,1,15,17,9.0,2012-13
22012,1610612744,GSW,Golden State Warriors,0021200151,2012-11-19,GSW @ DAL,W,264,105,37,91,0.407,9,24,0.375,22,30,0.733,19,43,62,19,10,2,20,24,4.0,2012-13
22012,1610612744,GSW,Golden State Warriors,0021200143,2012-11-18,GSW @ OKC,L,240,109,43,82,0.524,5,16,0.313,18,22,0.818,8,27,35,23,8,4,13,18,-10.0,2012-13
22012,1610612744,GSW,Golden State Warriors,0021200126,2012-11-16,GSW @ MIN,W,240,106,43,85,0.506,2,15,0.133,18,26,0.692,17,33,50,21,3,5,15,26,8.0,2012-13
22012,1610612744,GSW,Golden State Warriors,0021200118,2012-11-14,GSW vs. ATL,W,241,92,33,71,0.465,5,18,0.278,21,25,0.84,10,34,44,23,7,1,23,22,4.0,2012-13
22012,1610612744,GSW,Golden State Warriors,0021200089,2012-11-10,GSW vs. DEN,L,290,101,39,102,0.382,9,25,0.36,14,23,0.609,13,41,54,23,11,5,14,26,-6.0,2012-13
22012,1610612744,GSW,Golden State Warriors,0021200080,2012-11-09,GSW @ LAL,L,240,77,29,86,0.337,7,25,0.28,12,20,0.6,13,34,47,12,5,3,18,25,-24.0,2012-13
22012,1610612744,GSW,Golden State Warriors,0021200065,2012-11-07,GSW vs. CLE,W,239,106,42,78,0.538,5,18,0.278,17,23,0.739,7,37,44,28,11,4,16,22,10.0,2012-13
22012,1610612744,GSW,Golden State Warriors,0021200048,2012-11-05,GSW @ SAC,L,241,92,31,78,0.397,6,21,0.286,24,28,0.857,7,31,38,21,5,2,13,17,-2.0,2012-13
22012,1610612744,GSW,Golden State Warriors,0021200036,2012-11-03,GSW @ LAC,W,239,114,41,84,0.488,4,16,0.25,28,39,0.718,16,32,48,22,7,2,13,34,4.0,2012-13
22012,1610612744,GSW,Golden State Warriors,0021200026,2012-11-02,GSW vs. MEM,L,241,94,36,80,0.45,10,20,0.5,12,17,0.706,9,27,36,21,5,5,18,24,-10.0,2012-13
22012,1610612744,GSW,Golden State Warriors,0021200010,2012-10-31,GSW @ PHX,W,239,87,33,86,0.384,5,17,0.294,16,23,0.696,17,32,49,19,9,3,18,20,2.0,2012-13
42012,1610612744,GSW,Golden State Warriors,0041200236,2013-05-16,GSW vs. SAS,L,239,82,33,85,0.388,4,16,0.25,12,19,0.632,11,29,40,18,7,3,12,25,-12.0,2012-13
42012,1610612744,GSW,Golden State Warriors,0041200235,2013-05-14,GSW @ SAS,L,243,91,35,75,0.467,6,16,0.375,15,23,0.652,7,29,36,18,8,5,14,20,-18.0,2012-13
42012,1610612744,GSW,Golden State Warriors,0041200234,2013-05-12,GSW vs. SAS,W,265,97,35,92,0.38,7,18,0.389,20,25,0.8,19,46,65,19,6,1,18,26,10.0,2012-13
42012,1610612744,GSW,Golden State Warriors,0041200233,2013-05-10,GSW vs. SAS,L,241,92,35,89,0.393,6,19,0.316,16,20,0.8,16,32,48,20,3,1,11,24,-10.0,2012-13
42012,1610612744,GSW,Golden State Warriors,0041200232,2013-05-08,GSW @ SAS,W,240,100,38,84,0.452,11,23,0.478,13,20,0.65,13,37,50,19,6,4,9,20,9.0,2012-13
42012,1610612744,GSW,Golden State Warriors,0041200231,2013-05-06,GSW @ SAS,L,291,127,51,100,0.51,11,30,0.367,14,24,0.583,12,43,55,23,8,5,21,29,-2.0,2012-13
42012,1610612744,GSW,Golden State Warriors,0041200166,2013-05-02,GSW vs. DEN,W,239,92,31,77,0.403,7,25,0.28,23,24,0.958,13,42,55,17,3,5,19,19,4.0,2012-13
42012,1610612744,GSW,Golden State Warriors,0041200165,2013-04-30,GSW @ DEN,L,238,100,35,81,0.432,11,28,0.393,19,25,0.76,9,33,42,20,5,9,17,23,-7.0,2012-13
42012,1610612744,GSW,Golden State Warriors,0041200164,2013-04-28,GSW vs. DEN,W,241,115,44,79,0.557,11,26,0.423,16,23,0.696,7,22,29,27,13,5,16,26,14.0,2012-13
42012,1610612744,GSW,Golden State Warriors,0041200163,2013-04-26,GSW vs. DEN,W,242,110,42,80,0.525,8,20,0.4,18,23,0.783,12,30,42,26,7,7,21,20,2.0,2012-13
42012,1610612744,GSW,Golden State Warriors,0041200162,2013-04-23,GSW @ DEN,W,240,131,51,79,0.646,14,25,0.56,15,20,0.75,6,30,36,26,7,4,17,32,14.0,2012-13
42012,1610612744,GSW,Golden State Warriors,0041200161,2013-04-20,GSW @ DEN,L,239,95,38,92,0.413,8,22,0.364,11,15,0.733,13,42,55,27,4,10,17,21,-2.0,2012-13
22013,1610612744,GSW,Golden State Warriors,0021301230,2014-04-16,GSW @ DEN,W,241,116,44,90,0.489,8,23,0.348,20,35,0.571,11,34,45,27,12,4,14,23,4.0,2013-14
22013,1610612744,GSW,Golden State Warriors,0021301213,2014-04-14,GSW vs. MIN,W,238,130,49,101,0.485,15,37,0.405,17,19,0.895,19,32,51,31,13,4,15,27,10.0,2013-14
22013,1610612744,GSW,Golden State Warriors,0021301201,2014-04-13,GSW @ POR,L,263,117,44,91,0.484,17,37,0.459,12,16,0.75,6,32,38,22,10,0,14,27,-2.0,2013-14
22013,1610612744,GSW,Golden State Warriors,0021301188,2014-04-11,GSW @ LAL,W,240,112,45,92,0.489,13,25,0.52,9,13,0.692,12,45,57,27,12,5,17,17,17.0,2013-14
22013,1610612744,GSW,Golden State Warriors,0021301175,2014-04-10,GSW vs. DEN,L,242,99,40,88,0.455,6,23,0.261,13,15,0.867,6,32,38,19,9,4,13,17,-1.0,2013-14
22013,1610612744,GSW,Golden State Warriors,0021301155,2014-04-06,GSW vs. UTA,W,242,130,52,90,0.578,17,33,0.515,9,9,1.0,6,39,45,34,9,2,16,23,28.0,2013-14
22013,1610612744,GSW,Golden State Warriors,0021301141,2014-04-04,GSW vs. SAC,W,241,102,42,93,0.452,10,30,0.333,8,12,0.667,15,42,57,25,6,5,12,22,33.0,2013-14
22013,1610612744,GSW,Golden State Warriors,0021301123,2014-04-02,GSW @ SAS,L,240,90,36,85,0.424,8,21,0.381,10,10,1.0,7,26,33,21,7,2,13,19,-21.0,2013-14
22013,1610612744,GSW,Golden State Warriors,0021301112,2014-04-01,GSW @ DAL,W,265,122,52,91,0.571,15,31,0.484,3,6,0.5,10,34,44,33,6,3,12,16,2.0,2013-14
22013,1610612744,GSW,Golden State Warriors,0021301098,2014-03-30,GSW vs. NYK,L,241,84,28,79,0.354,10,31,0.323,18,22,0.818,14,32,46,14,2,7,10,19,-5.0,2013-14
22013,1610612744,GSW,Golden State Warriors,0021301086,2014-03-28,GSW vs. MEM,W,240,100,40,81,0.494,9,20,0.45,11,14,0.786,10,33,43,22,5,6,12,14,7.0,2013-14
22013,1610612744,GSW,Golden State Warriors,0021301038,2014-03-22,GSW vs. SAS,L,240,90,31,77,0.403,3,15,0.2,25,29,0.862,11,43,54,21,4,8,18,20,-9.0,2013-14
22013,1610612744,GSW,Golden State Warriors,0021301021,2014-03-20,GSW vs. MIL,W,239,115,43,80,0.538,8,27,0.296,21,25,0.84,8,34,42,26,6,3,15,28,5.0,2013-14
22013,1610612744,GSW,Golden State Warriors,0021301007,2014-03-18,GSW vs. ORL,W,240,103,37,82,0.451,10,27,0.37,19,21,0.905,9,35,44,21,7,2,11,19,14.0,2013-14
22013,1610612744,GSW,Golden State Warriors,0021300994,2014-03-16,GSW @ POR,W,241,113,42,88,0.477,11,30,0.367,18,22,0.818,10,31,41,17,7,7,12,29,1.0,2013-14
22013,1610612744,GSW,Golden State Warriors,0021300980,2014-03-14,GSW vs. CLE,L,239,94,35,77,0.455,11,29,0.379,13,19,0.684,5,37,42,23,6,6,17,16,-9.0,2013-14
22013,1610612744,GSW,Golden State Warriors,0021300967,2014-03-12,GSW @ LAC,L,241,98,36,82,0.439,8,21,0.381,18,25,0.72,6,30,36,27,6,2,12,21,-13.0,2013-14
22013,1610612744,GSW,Golden State Warriors,0021300956,2014-03-11,GSW vs. DAL,W,242,108,41,80,0.513,12,25,0.48,14,17,0.824,8,38,46,26,7,6,19,24,23.0,2013-14
22013,1610612744,GSW,Golden State Warriors,0021300942,2014-03-09,GSW vs. PHX,W,239,113,45,85,0.529,10,22,0.455,13,21,0.619,9,26,35,27,7,3,12,22,6.0,2013-14
22013,1610612744,GSW,Golden State Warriors,0021300927,2014-03-07,GSW vs. ATL,W,239,111,43,80,0.538,6,19,0.316,19,24,0.792,11,33,44,28,12,3,16,17,14.0,2013-14
22013,1610612744,GSW,Golden State Warriors,0021300907,2014-03-05,GSW @ BOS,W,240,108,46,98,0.469,5,28,0.179,11,12,0.917,15,30,45,28,13,6,11,24,20.0,2013-14
22013,1610612744,GSW,Golden State Warriors,0021300899,2014-03-04,GSW @ IND,W,239,98,37,84,0.44,10,20,0.5,14,21,0.667,10,34,44,24,4,6,10,21,2.0,2013-14
22013,1610612744,GSW,Golden State Warriors,0021300884,2014-03-02,GSW @ TOR,L,240,98,37,88,0.42,8,23,0.348,16,20,0.8,16,25,41,25,5,5,13,22,-6.0,2013-14
22013,1610612744,GSW,Golden State Warriors,0021300869,2014-02-28,GSW @ NYK,W,239,126,44,92,0.478,14,35,0.4,24,31,0.774,12,37,49,25,11,5,15,21,23.0,2013-14
22013,1610612744,GSW,Golden State Warriors,0021300855,2014-02-26,GSW @ CHI,L,240,83,30,84,0.357,5,21,0.238,18,22,0.818,9,32,41,17,6,7,16,27,-20.0,2013-14
22013,1610612744,GSW,Golden State Warriors,0021300842,2014-02-24,GSW @ DET,W,239,104,38,82,0.463,13,31,0.419,15,22,0.682,11,33,44,27,3,7,13,19,8.0,2013-14
22013,1610612744,GSW,Golden State Warriors,0021300832,2014-02-22,GSW vs. BKN,W,241,93,37,85,0.435,6,20,0.3,13,17,0.765,12,38,50,26,12,4,10,22,7.0,2013-14
22013,1610612744,GSW,Golden State Warriors,0021300814,2014-02-20,GSW vs. HOU,W,265,102,37,93,0.398,9,27,0.333,19,24,0.792,14,35,49,18,8,9,12,24,3.0,2013-14
22013,1610612744,GSW,Golden State Warriors,0021300810,2014-02-19,GSW @ SAC,W,239,101,39,86,0.453,3,19,0.158,20,24,0.833,6,29,35,26,14,3,7,23,9.0,2013-14
22013,1610612744,GSW,Golden State Warriors,0021300788,2014-02-12,GSW vs. MIA,L,239,110,40,83,0.482,9,16,0.563,21,26,0.808,11,32,43,22,10,4,13,18,-1.0,2013-14
22013,1610612744,GSW,Golden State Warriors,0021300769,2014-02-10,GSW vs. PHI,W,238,123,43,88,0.489,12,29,0.414,25,30,0.833,13,47,60,24,9,11,18,20,43.0,2013-14
22013,1610612744,GSW,Golden State Warriors,0021300754,2014-02-08,GSW @ PHX,L,239,109,41,84,0.488,8,25,0.32,19,26,0.731,12,22,34,16,5,4,12,21,-13.0,2013-14
22013,1610612744,GSW,Golden State Warriors,0021300738,2014-02-06,GSW vs. CHI,W,241,102,40,83,0.482,11,22,0.5,11,15,0.733,12,27,39,24,7,6,12,18,15.0,2013-14
22013,1610612744,GSW,Golden State Warriors,0021300724,2014-02-04,GSW vs. CHA,L,240,75,29,93,0.312,4,20,0.2,13,16,0.813,18,32,50,18,7,4,16,18,-16.0,2013-14
22013,1610612744,GSW,Golden State Warriors,0021300696,2014-01-31,GSW @ UTA,W,241,95,33,88,0.375,10,26,0.385,19,24,0.792,14,29,43,17,9,5,8,22,5.0,2013-14
22013,1610612744,GSW,Golden State Warriors,0021300688,2014-01-30,GSW vs. LAC,W,242,111,45,91,0.495,6,21,0.286,15,20,0.75,16,37,53,24,8,5,11,21,19.0,2013-14
22013,1610612744,GSW,Golden State Warriors,0021300673,2014-01-28,GSW vs. WAS,L,241,85,30,80,0.375,7,23,0.304,18,23,0.783,5,42,47,19,12,6,19,16,-3.0,2013-14
22013,1610612744,GSW,Golden State Warriors,0021300660,2014-01-26,GSW vs. POR,W,238,103,38,91,0.418,10,25,0.4,17,21,0.81,10,41,51,22,8,4,9,21,15.0,2013-14
22013,1610612744,GSW,Golden State Warriors,0021300645,2014-01-24,GSW vs. MIN,L,241,120,49,89,0.551,9,22,0.409,13,15,0.867,9,32,41,31,4,8,14,26,-1.0,2013-14
22013,1610612744,GSW,Golden State Warriors,0021300615,2014-01-20,GSW vs. IND,L,240,94,35,86,0.407,10,30,0.333,14,20,0.7,13,32,45,21,7,2,15,22,-8.0,2013-14
22013,1610612744,GSW,Golden State Warriors,0021300599,2014-01-18,GSW @ NOP,W,241,97,37,84,0.44,6,22,0.273,17,19,0.895,10,33,43,17,7,11,8,20,10.0,2013-14
22013,1610612744,GSW,Golden State Warriors,0021300592,2014-01-17,GSW @ OKC,L,241,121,43,82,0.524,16,27,0.593,19,34,0.559,12,21,33,22,10,1,17,29,-6.0,2013-14
22013,1610612744,GSW,Golden State Warriors,0021300576,2014-01-15,GSW vs. DEN,L,238,116,39,90,0.433,9,28,0.321,29,33,0.879,9,32,41,24,7,3,12,21,-7.0,2013-14
22013,1610612744,GSW,Golden State Warriors,0021300541,2014-01-10,GSW vs. BOS,W,240,99,38,92,0.413,8,26,0.308,15,21,0.714,14,32,46,23,7,1,11,18,2.0,2013-14
22013,1610612744,GSW,Golden State Warriors,0021300523,2014-01-08,GSW @ BKN,L,239,98,36,78,0.462,9,26,0.346,17,23,0.739,6,34,40,19,7,5,18,27,-4.0,2013-14
22013,1610612744,GSW,Golden State Warriors,0021300515,2014-01-07,GSW @ MIL,W,239,101,39,85,0.459,10,32,0.313,13,20,0.65,16,40,56,21,5,4,17,22,21.0,2013-14
22013,1610612744,GSW,Golden State Warriors,0021300501,2014-01-05,GSW @ WAS,W,241,112,43,85,0.506,9,22,0.409,17,20,0.85,8,37,45,24,8,7,12,15,16.0,2013-14
22013,1610612744,GSW,Golden State Warriors,0021300483,2014-01-03,GSW @ ATL,W,242,101,39,87,0.448,6,27,0.222,17,25,0.68,13,34,47,30,15,7,21,17,1.0,2013-14
22013,1610612744,GSW,Golden State Warriors,0021300474,2014-01-02,GSW @ MIA,W,240,123,46,82,0.561,15,29,0.517,16,19,0.842,6,34,40,29,9,1,18,24,9.0,2013-14
22013,1610612744,GSW,Golden State Warriors,0021300462,2013-12-31,GSW @ ORL,W,240,94,41,85,0.482,6,27,0.222,6,10,0.6,12,44,56,21,3,11,17,13,13.0,2013-14
22013,1610612744,GSW,Golden State Warriors,0021300448,2013-12-29,GSW @ CLE,W,264,108,42,95,0.442,10,33,0.303,14,19,0.737,12,40,52,30,8,10,17,28,4.0,2013-14
22013,1610612744,GSW,Golden State Warriors,0021300435,2013-12-27,GSW vs. PHX,W,240,115,45,85,0.529,8,20,0.4,17,24,0.708,15,41,56,32,9,4,21,25,29.0,2013-14
22013,1610612744,GSW,Golden State Warriors,0021300422,2013-12-25,GSW vs. LAC,W,240,105,40,95,0.421,10,24,0.417,15,22,0.682,16,33,49,27,8,4,13,22,2.0,2013-14
22013,1610612744,GSW,Golden State Warriors,0021300415,2013-12-23,GSW @ DEN,W,240,89,36,84,0.429,7,16,0.438,10,18,0.556,11,31,42,17,4,8,15,18,8.0,2013-14
22013,1610612744,GSW,Golden State Warriors,0021300402,2013-12-21,GSW vs. LAL,W,240,102,38,98,0.388,12,31,0.387,14,19,0.737,16,39,55,19,14,5,16,24,19.0,2013-14
22013,1610612744,GSW,Golden State Warriors,0021300382,2013-12-19,GSW vs. SAS,L,239,102,42,90,0.467,8,31,0.258,10,11,0.909,13,34,47,26,14,4,24,21,-2.0,2013-14
22013,1610612744,GSW,Golden State Warriors,0021300368,2013-12-17,GSW vs. NOP,W,241,104,41,91,0.451,5,20,0.25,17,24,0.708,17,41,58,25,6,2,12,23,11.0,2013-14
22013,1610612744,GSW,Golden State Warriors,0021300355,2013-12-15,GSW @ PHX,L,240,102,34,80,0.425,11,22,0.5,23,33,0.697,11,39,50,19,6,4,20,25,-4.0,2013-14
22013,1610612744,GSW,Golden State Warriors,0021300341,2013-12-13,GSW vs. HOU,L,240,112,43,90,0.478,6,22,0.273,20,24,0.833,19,37,56,22,6,6,18,30,-4.0,2013-14
22013,1610612744,GSW,Golden State Warriors,0021300326,2013-12-11,GSW vs. DAL,W,240,95,37,86,0.43,12,28,0.429,9,15,0.6,14,36,50,20,6,6,18,18,2.0,2013-14
22013,1610612744,GSW,Golden State Warriors,0021300304,2013-12-09,GSW @ CHA,L,239,111,41,90,0.456,11,37,0.297,18,22,0.818,10,43,53,20,3,6,15,24,-4.0,2013-14
22013,1610612744,GSW,Golden State Warriors,0021300293,2013-12-07,GSW @ MEM,W,239,108,44,88,0.5,8,18,0.444,12,14,0.857,15,32,47,24,6,5,10,20,26.0,2013-14
22013,1610612744,GSW,Golden State Warriors,0021300285,2013-12-06,GSW @ HOU,L,239,83,27,76,0.355,2,16,0.125,27,34,0.794,10,33,43,10,9,3,22,27,-22.0,2013-14
22013,1610612744,GSW,Golden State Warriors,0021300268,2013-12-03,GSW vs. TOR,W,239,112,40,79,0.506,12,29,0.414,20,25,0.8,9,27,36,27,11,2,12,16,9.0,2013-14
22013,1610612744,GSW,Golden State Warriors,0021300251,2013-12-01,GSW @ SAC,W,239,115,42,82,0.512,15,25,0.6,16,22,0.727,10,22,32,22,13,5,18,25,2.0,2013-14
22013,1610612744,GSW,Golden State Warriors,0021300235,2013-11-29,GSW @ OKC,L,264,112,42,95,0.442,8,26,0.308,20,29,0.69,12,39,51,20,4,6,15,28,-1.0,2013-14
22013,1610612744,GSW,Golden State Warriors,0021300225,2013-11-27,GSW @ DAL,L,240,99,32,76,0.421,9,23,0.391,26,34,0.765,10,42,52,18,2,6,18,15,-4.0,2013-14
22013,1610612744,GSW,Golden State Warriors,0021300214,2013-11-26,GSW @ NOP,W,240,102,40,88,0.455,7,19,0.368,15,21,0.714,9,32,41,25,8,6,10,14,1.0,2013-14
22013,1610612744,GSW,Golden State Warriors,0021300196,2013-11-23,GSW vs. POR,L,239,101,36,77,0.468,7,17,0.412,22,30,0.733,5,36,41,20,4,4,19,31,-12.0,2013-14
22013,1610612744,GSW,Golden State Warriors,0021300186,2013-11-22,GSW @ LAL,L,239,95,34,82,0.415,9,22,0.409,18,28,0.643,16,34,50,23,8,2,18,20,-7.0,2013-14
22013,1610612744,GSW,Golden State Warriors,0021300173,2013-11-20,GSW vs. MEM,L,264,81,36,82,0.439,5,18,0.278,4,8,0.5,7,36,43,24,3,3,14,20,-7.0,2013-14
22013,1610612744,GSW,Golden State Warriors,0021300154,2013-11-18,GSW @ UTA,W,240,98,32,79,0.405,12,22,0.545,22,30,0.733,14,43,57,17,5,6,14,16,11.0,2013-14
22013,1610612744,GSW,Golden State Warriors,0021300145,2013-11-16,GSW vs. UTA,W,241,102,41,80,0.513,9,21,0.429,11,14,0.786,10,32,42,24,7,5,15,19,14.0,2013-14
22013,1610612744,GSW,Golden State Warriors,0021300124,2013-11-14,GSW vs. OKC,W,240,116,45,94,0.479,14,23,0.609,12,14,0.857,9,22,31,26,12,5,7,22,1.0,2013-14
22013,1610612744,GSW,Golden State Warriors,0021300109,2013-11-12,GSW vs. DET,W,240,113,42,70,0.6,8,16,0.5,21,26,0.808,10,33,43,28,5,3,23,25,18.0,2013-14
22013,1610612744,GSW,Golden State Warriors,0021300091,2013-11-09,GSW @ MEM,L,239,90,33,78,0.423,10,30,0.333,14,26,0.538,9,24,33,17,8,3,17,24,-18.0,2013-14
22013,1610612744,GSW,Golden State Warriors,0021300082,2013-11-08,GSW @ SAS,L,239,74,29,71,0.408,8,20,0.4,8,10,0.8,6,39,45,16,7,4,19,20,-2.0,2013-14
22013,1610612744,GSW,Golden State Warriors,0021300067,2013-11-06,GSW @ MIN,W,240,106,42,84,0.5,8,20,0.4,14,20,0.7,9,40,49,23,12,11,21,29,13.0,2013-14
22013,1610612744,GSW,Golden State Warriors,0021300048,2013-11-04,GSW @ PHI,W,241,110,41,92,0.446,15,38,0.395,13,20,0.65,13,41,54,28,18,7,22,24,20.0,2013-14
22013,1610612744,GSW,Golden State Warriors,0021300040,2013-11-02,GSW vs. SAC,W,240,98,39,76,0.513,11,27,0.407,9,12,0.75,5,39,44,28,8,7,18,22,11.0,2013-14
22013,1610612744,GSW,Golden State Warriors,0021300019,2013-10-31,GSW @ LAC,L,240,115,40,76,0.526,12,21,0.571,23,33,0.697,10,23,33,26,7,2,24,35,-11.0,2013-14
22013,1610612744,GSW,Golden State Warriors,0021300017,2013-10-30,GSW vs. LAL,W,241,125,46,86,0.535,15,27,0.556,18,23,0.783,7,41,48,34,8,9,15,22,31.0,2013-14
42013,1610612744,GSW,Golden State Warriors,0041300167,2014-05-03,GSW @ LAC,L,240,121,39,79,0.494,14,25,0.56,29,35,0.829,9,28,37,25,9,6,18,21,-5.0,2013-14
42013,1610612744,GSW,Golden State Warriors,0041300166,2014-05-01,GSW vs. LAC,W,240,100,35,89,0.393,7,24,0.292,23,37,0.622,18,32,50,20,7,4,8,24,1.0,2013-14
42013,1610612744,GSW,Golden State Warriors,0041300165,2014-04-29,GSW @ LAC,L,239,103,40,85,0.471,10,26,0.385,13,19,0.684,13,29,42,24,6,1,13,28,-10.0,2013-14
42013,1610612744,GSW,Golden State Warriors,0041300164,2014-04-27,GSW vs. LAC,W,240,118,41,74,0.554,15,32,0.469,21,28,0.75,6,28,34,32,8,5,15,26,21.0,2013-14
42013,1610612744,GSW,Golden State Warriors,0041300163,2014-04-24,GSW vs. LAC,L,239,96,37,89,0.416,6,31,0.194,16,24,0.667,18,34,52,26,6,6,17,18,-2.0,2013-14
42013,1610612744,GSW,Golden State Warriors,0041300162,2014-04-21,GSW @ LAC,L,240,98,36,76,0.474,4,19,0.211,22,27,0.815,13,23,36,18,8,4,26,33,-40.0,2013-14
42013,1610612744,GSW,Golden State Warriors,0041300161,2014-04-19,GSW @ LAC,W,241,109,40,90,0.444,11,27,0.407,18,25,0.72,15,33,48,26,5,6,21,27,4.0,2013-14
22014,1610612744,GSW,Golden State Warriors,0021401229,2015-04-15,GSW vs. DEN,W,239,133,47,90,0.522,13,28,0.464,26,34,0.765,14,27,41,30,11,6,13,25,7.0,2014-15
22014,1610612744,GSW,Golden State Warriors,0021401212,2015-04-13,GSW vs. MEM,W,240,111,39,74,0.527,13,24,0.542,20,27,0.741,6,33,39,30,9,7,21,22,4.0,2014-15
22014,1610612744,GSW,Golden State Warriors,0021401192,2015-04-11,GSW vs. MIN,W,239,110,42,93,0.452,11,31,0.355,15,21,0.714,13,37,50,28,10,5,12,19,9.0,2014-15
22014,1610612744,GSW,Golden State Warriors,0021401174,2015-04-09,GSW vs. POR,W,240,116,48,90,0.533,12,26,0.462,8,9,0.889,9,35,44,27,6,5,13,12,11.0,2014-15
22014,1610612744,GSW,Golden State Warriors,0021401156,2015-04-07,GSW @ NOP,L,241,100,42,95,0.442,9,22,0.409,7,10,0.7,11,39,50,25,6,12,11,21,-3.0,2014-15
22014,1610612744,GSW,Golden State Warriors,0021401150,2015-04-05,GSW @ SAS,L,241,92,39,91,0.429,9,28,0.321,5,10,0.5,10,29,39,25,4,2,10,13,-15.0,2014-15
22014,1610612744,GSW,Golden State Warriors,0021401142,2015-04-04,GSW @ DAL,W,241,123,43,95,0.453,14,36,0.389,23,32,0.719,17,38,55,28,12,4,14,37,13.0,2014-15
22014,1610612744,GSW,Golden State Warriors,0021401126,2015-04-02,GSW vs. PHX,W,241,107,43,93,0.462,10,26,0.385,11,17,0.647,15,35,50,29,6,5,13,20,1.0,2014-15
22014,1610612744,GSW,Golden State Warriors,0021401111,2015-03-31,GSW @ LAC,W,240,110,38,85,0.447,8,21,0.381,26,34,0.765,10,33,43,28,6,1,9,20,4.0,2014-15
22014,1610612744,GSW,Golden State Warriors,0021401089,2015-03-28,GSW @ MIL,W,241,108,42,82,0.512,12,25,0.48,12,14,0.857,7,38,45,27,7,8,22,23,13.0,2014-15
22014,1610612744,GSW,Golden State Warriors,0021401082,2015-03-27,GSW @ MEM,W,240,107,39,90,0.433,16,31,0.516,13,17,0.765,14,29,43,28,15,5,14,17,23.0,2014-15
22014,1610612744,GSW,Golden State Warriors,0021401059,2015-03-24,GSW @ POR,W,239,122,50,83,0.602,12,26,0.462,10,11,0.909,6,40,46,37,4,5,13,18,14.0,2014-15
22014,1610612744,GSW,Golden State Warriors,0021401053,2015-03-23,GSW vs. WAS,W,240,107,39,95,0.411,13,33,0.394,16,21,0.762,19,43,62,23,9,6,11,14,31.0,2014-15
22014,1610612744,GSW,Golden State Warriors,0021401036,2015-03-21,GSW vs. UTA,W,240,106,38,78,0.487,8,18,0.444,22,26,0.846,7,30,37,25,11,3,10,17,15.0,2014-15
22014,1610612744,GSW,Golden State Warriors,0021401030,2015-03-20,GSW vs. NOP,W,240,112,44,88,0.5,5,19,0.263,19,23,0.826,12,30,42,29,9,6,10,19,16.0,2014-15
22014,1610612744,GSW,Golden State Warriors,0021401014,2015-03-18,GSW vs. ATL,W,240,114,44,84,0.524,14,30,0.467,12,20,0.6,10,34,44,39,8,7,18,23,19.0,2014-15
22014,1610612744,GSW,Golden State Warriors,0021400999,2015-03-16,GSW vs. LAL,W,241,108,40,84,0.476,7,27,0.259,21,23,0.913,7,30,37,28,16,7,14,21,3.0,2014-15
22014,1610612744,GSW,Golden State Warriors,0021400981,2015-03-14,GSW vs. NYK,W,239,125,45,90,0.5,19,34,0.559,16,17,0.941,8,34,42,34,13,6,9,16,31.0,2014-15
22014,1610612744,GSW,Golden State Warriors,0021400973,2015-03-13,GSW @ DEN,L,240,103,39,92,0.424,8,19,0.421,17,22,0.773,9,26,35,29,5,10,8,25,-11.0,2014-15
22014,1610612744,GSW,Golden State Warriors,0021400960,2015-03-11,GSW vs. DET,W,240,105,44,84,0.524,7,20,0.35,10,13,0.769,10,32,42,29,5,6,17,11,7.0,2014-15
22014,1610612744,GSW,Golden State Warriors,0021400944,2015-03-09,GSW @ PHX,W,240,98,35,83,0.422,13,31,0.419,15,19,0.789,9,39,48,17,11,8,18,21,18.0,2014-15
22014,1610612744,GSW,Golden State Warriors,0021400932,2015-03-08,GSW vs. LAC,W,240,106,40,80,0.5,10,22,0.455,16,23,0.696,7,30,37,23,13,3,13,15,8.0,2014-15
22014,1610612744,GSW,Golden State Warriors,0021400922,2015-03-06,GSW vs. DAL,W,239,104,38,81,0.469,11,23,0.478,17,19,0.895,9,42,51,28,5,11,22,21,15.0,2014-15
22014,1610612744,GSW,Golden State Warriors,0021400907,2015-03-04,GSW vs. MIL,W,240,102,37,73,0.507,14,34,0.412,14,25,0.56,4,30,34,30,16,8,16,24,9.0,2014-15
22014,1610612744,GSW,Golden State Warriors,0021400886,2015-03-02,GSW @ BKN,L,239,108,42,90,0.467,11,30,0.367,13,18,0.722,17,33,50,26,11,7,15,20,-2.0,2014-15
22014,1610612744,GSW,Golden State Warriors,0021400880,2015-03-01,GSW @ BOS,W,241,106,40,95,0.421,12,34,0.353,14,17,0.824,15,40,55,19,4,8,10,18,5.0,2014-15
22014,1610612744,GSW,Golden State Warriors,0021400861,2015-02-27,GSW @ TOR,W,240,113,42,87,0.483,13,28,0.464,16,19,0.842,9,38,47,31,11,5,12,22,24.0,2014-15
22014,1610612744,GSW,Golden State Warriors,0021400854,2015-02-26,GSW @ CLE,L,243,99,39,92,0.424,11,29,0.379,10,19,0.526,14,30,44,32,10,6,14,24,-11.0,2014-15
22014,1610612744,GSW,Golden State Warriors,0021400838,2015-02-24,GSW @ WAS,W,240,114,45,90,0.5,12,23,0.522,12,17,0.706,4,25,29,27,12,1,9,17,7.0,2014-15
22014,1610612744,GSW,Golden State Warriors,0021400824,2015-02-22,GSW @ IND,L,238,98,34,89,0.382,9,26,0.346,21,22,0.955,13,32,45,19,9,5,9,25,-6.0,2014-15
22014,1610612744,GSW,Golden State Warriors,0021400814,2015-02-20,GSW vs. SAS,W,240,110,41,84,0.488,17,33,0.515,11,18,0.611,7,33,40,29,10,5,12,18,11.0,2014-15
22014,1610612744,GSW,Golden State Warriors,0021400793,2015-02-11,GSW @ MIN,W,241,94,40,90,0.444,7,27,0.259,7,9,0.778,10,39,49,26,7,6,15,18,3.0,2014-15
22014,1610612744,GSW,Golden State Warriors,0021400775,2015-02-09,GSW @ PHI,W,240,89,34,85,0.4,7,29,0.241,14,19,0.737,6,34,40,26,15,5,14,14,5.0,2014-15
22014,1610612744,GSW,Golden State Warriors,0021400760,2015-02-07,GSW @ NYK,W,240,106,37,81,0.457,12,25,0.48,20,24,0.833,12,36,48,21,8,5,14,19,14.0,2014-15
22014,1610612744,GSW,Golden State Warriors,0021400749,2015-02-06,GSW @ ATL,L,239,116,47,103,0.456,12,33,0.364,10,15,0.667,19,32,51,31,7,7,14,24,-8.0,2014-15
22014,1610612744,GSW,Golden State Warriors,0021400741,2015-02-04,GSW vs. DAL,W,240,128,45,86,0.523,19,38,0.5,19,25,0.76,10,36,46,29,5,5,13,22,14.0,2014-15
22014,1610612744,GSW,Golden State Warriors,0021400730,2015-02-03,GSW @ SAC,W,240,121,46,91,0.505,10,23,0.435,19,26,0.731,14,35,49,33,13,5,11,23,25.0,2014-15
22014,1610612744,GSW,Golden State Warriors,0021400715,2015-01-31,GSW vs. PHX,W,241,106,40,87,0.46,12,32,0.375,14,18,0.778,9,35,44,27,11,8,15,20,19.0,2014-15
22014,1610612744,GSW,Golden State Warriors,0021400703,2015-01-30,GSW @ UTA,L,237,100,37,86,0.43,8,27,0.296,18,25,0.72,11,30,41,21,8,2,13,19,-10.0,2014-15
22014,1610612744,GSW,Golden State Warriors,0021400679,2015-01-27,GSW vs. CHI,L,264,111,48,113,0.425,9,33,0.273,6,12,0.5,15,33,48,31,9,2,13,15,-2.0,2014-15
22014,1610612744,GSW,Golden State Warriors,0021400665,2015-01-25,GSW vs. BOS,W,238,114,42,89,0.472,8,23,0.348,22,25,0.88,9,38,47,29,9,3,13,20,3.0,2014-15
22014,1610612744,GSW,Golden State Warriors,0021400651,2015-01-23,GSW vs. SAC,W,241,126,45,94,0.479,17,40,0.425,19,22,0.864,12,34,46,32,13,8,17,22,25.0,2014-15
22014,1610612744,GSW,Golden State Warriors,0021400636,2015-01-21,GSW vs. HOU,W,240,126,49,98,0.5,13,29,0.448,15,18,0.833,16,30,46,26,13,9,16,23,13.0,2014-15
22014,1610612744,GSW,Golden State Warriors,0021400615,2015-01-19,GSW vs. DEN,W,239,122,44,81,0.543,13,27,0.481,21,27,0.778,7,46,53,30,10,6,13,14,43.0,2014-15
22014,1610612744,GSW,Golden State Warriors,0021400603,2015-01-17,GSW @ HOU,W,241,131,50,91,0.549,9,22,0.409,22,33,0.667,12,37,49,32,11,11,14,21,25.0,2014-15
22014,1610612744,GSW,Golden State Warriors,0021400593,2015-01-16,GSW @ OKC,L,239,115,42,92,0.457,9,24,0.375,22,28,0.786,13,30,43,24,10,2,14,14,-12.0,2014-15
22014,1610612744,GSW,Golden State Warriors,0021400582,2015-01-14,GSW vs. MIA,W,240,104,38,81,0.469,13,29,0.448,15,19,0.789,10,26,36,29,5,5,13,21,15.0,2014-15
22014,1610612744,GSW,Golden State Warriors,0021400571,2015-01-13,GSW @ UTA,W,240,116,46,91,0.505,13,25,0.52,11,13,0.846,6,25,31,32,10,5,9,16,11.0,2014-15
22014,1610612744,GSW,Golden State Warriors,0021400547,2015-01-09,GSW vs. CLE,W,240,112,43,86,0.5,10,30,0.333,16,17,0.941,9,35,44,35,9,8,13,20,18.0,2014-15
22014,1610612744,GSW,Golden State Warriors,0021400533,2015-01-07,GSW vs. IND,W,240,117,45,91,0.495,12,28,0.429,15,20,0.75,10,29,39,30,11,3,11,23,15.0,2014-15
22014,1610612744,GSW,Golden State Warriors,0021400518,2015-01-05,GSW vs. OKC,W,241,117,41,88,0.466,15,28,0.536,20,32,0.625,10,44,54,27,8,4,12,22,26.0,2014-15
22014,1610612744,GSW,Golden State Warriors,0021400493,2015-01-02,GSW vs. TOR,W,240,126,49,92,0.533,12,28,0.429,16,20,0.8,14,31,45,35,8,8,9,18,21.0,2014-15
22014,1610612744,GSW,Golden State Warriors,0021400474,2014-12-30,GSW vs. PHI,W,242,126,46,82,0.561,12,28,0.429,22,27,0.815,8,34,42,38,19,11,14,20,40.0,2014-15
22014,1610612744,GSW,Golden State Warriors,0021400452,2014-12-27,GSW vs. MIN,W,241,110,41,88,0.466,11,28,0.393,17,21,0.81,9,34,43,32,17,6,16,21,13.0,2014-15
22014,1610612744,GSW,Golden State Warriors,0021400431,2014-12-25,GSW @ LAC,L,240,86,34,80,0.425,6,28,0.214,12,22,0.545,8,36,44,24,11,4,16,21,-14.0,2014-15
22014,1610612744,GSW,Golden State Warriors,0021400426,2014-12-23,GSW @ LAL,L,239,105,39,84,0.464,12,26,0.462,15,17,0.882,11,28,39,20,8,2,19,18,-10.0,2014-15
22014,1610612744,GSW,Golden State Warriors,0021400415,2014-12-22,GSW vs. SAC,W,241,128,49,91,0.538,9,25,0.36,21,24,0.875,10,35,45,36,9,6,12,19,20.0,2014-15
22014,1610612744,GSW,Golden State Warriors,0021400382,2014-12-18,GSW vs. OKC,W,240,114,48,94,0.511,12,31,0.387,6,10,0.6,10,29,39,32,9,7,9,15,5.0,2014-15
22014,1610612744,GSW,Golden State Warriors,0021400365,2014-12-16,GSW @ MEM,L,240,98,39,95,0.411,9,31,0.29,11,12,0.917,15,34,49,18,9,11,14,19,-7.0,2014-15
22014,1610612744,GSW,Golden State Warriors,0021400348,2014-12-14,GSW @ NOP,W,266,128,44,86,0.512,11,24,0.458,29,35,0.829,8,38,46,22,7,9,19,19,6.0,2014-15
22014,1610612744,GSW,Golden State Warriors,0021400340,2014-12-13,GSW @ DAL,W,239,105,37,83,0.446,10,32,0.313,21,27,0.778,9,36,45,21,7,7,13,24,7.0,2014-15
22014,1610612744,GSW,Golden State Warriors,0021400324,2014-12-10,GSW vs. HOU,W,239,105,40,81,0.494,8,23,0.348,17,20,0.85,6,37,43,21,9,5,15,16,12.0,2014-15
22014,1610612744,GSW,Golden State Warriors,0021400305,2014-12-08,GSW @ MIN,W,238,102,42,91,0.462,5,22,0.227,13,14,0.929,15,36,51,24,15,6,17,18,16.0,2014-15
22014,1610612744,GSW,Golden State Warriors,0021400289,2014-12-06,GSW @ CHI,W,239,112,40,89,0.449,12,30,0.4,20,25,0.8,15,25,40,27,14,6,11,21,10.0,2014-15
22014,1610612744,GSW,Golden State Warriors,0021400275,2014-12-04,GSW vs. NOP,W,239,112,47,100,0.47,10,22,0.455,8,17,0.471,18,38,56,31,11,8,9,8,27.0,2014-15
22014,1610612744,GSW,Golden State Warriors,0021400262,2014-12-02,GSW vs. ORL,W,240,98,38,82,0.463,8,27,0.296,14,18,0.778,13,36,49,25,8,5,15,15,1.0,2014-15
22014,1610612744,GSW,Golden State Warriors,0021400243,2014-11-30,GSW @ DET,W,240,104,37,79,0.468,9,21,0.429,21,27,0.778,9,40,49,24,5,8,16,19,11.0,2014-15
22014,1610612744,GSW,Golden State Warriors,0021400224,2014-11-28,GSW @ CHA,W,240,106,42,99,0.424,7,26,0.269,15,16,0.938,16,30,46,28,7,8,12,26,5.0,2014-15
22014,1610612744,GSW,Golden State Warriors,0021400212,2014-11-26,GSW @ ORL,W,239,111,44,85,0.518,12,26,0.462,11,19,0.579,8,39,47,30,7,6,15,19,15.0,2014-15
22014,1610612744,GSW,Golden State Warriors,0021400206,2014-11-25,GSW @ MIA,W,240,114,43,75,0.573,13,28,0.464,15,23,0.652,5,40,45,21,6,9,11,24,17.0,2014-15
22014,1610612744,GSW,Golden State Warriors,0021400196,2014-11-23,GSW @ OKC,W,238,91,33,93,0.355,7,25,0.28,18,24,0.75,13,39,52,26,7,8,9,18,5.0,2014-15
22014,1610612744,GSW,Golden State Warriors,0021400182,2014-11-21,GSW vs. UTA,W,242,101,41,82,0.5,6,23,0.261,13,19,0.684,6,34,40,28,10,5,13,18,13.0,2014-15
22014,1610612744,GSW,Golden State Warriors,0021400145,2014-11-16,GSW @ LAL,W,240,136,46,86,0.535,14,28,0.5,30,34,0.882,11,40,51,32,4,5,16,26,21.0,2014-15
22014,1610612744,GSW,Golden State Warriors,0021400140,2014-11-15,GSW vs. CHA,W,240,112,45,87,0.517,11,26,0.423,11,14,0.786,11,40,51,30,7,3,14,25,25.0,2014-15
22014,1610612744,GSW,Golden State Warriors,0021400121,2014-11-13,GSW vs. BKN,W,240,107,41,90,0.456,11,34,0.324,14,21,0.667,14,31,45,30,7,10,10,16,8.0,2014-15
22014,1610612744,GSW,Golden State Warriors,0021400108,2014-11-11,GSW vs. SAS,L,241,100,38,70,0.543,7,20,0.35,17,20,0.85,1,37,38,23,5,4,19,16,-13.0,2014-15
22014,1610612744,GSW,Golden State Warriors,0021400095,2014-11-09,GSW @ PHX,L,240,95,33,69,0.478,11,24,0.458,18,21,0.857,3,33,36,16,9,7,26,26,-12.0,2014-15
22014,1610612744,GSW,Golden State Warriors,0021400087,2014-11-08,GSW @ HOU,W,239,98,39,87,0.448,9,28,0.321,11,17,0.647,15,39,54,22,11,8,26,19,11.0,2014-15
22014,1610612744,GSW,Golden State Warriors,0021400068,2014-11-05,GSW vs. LAC,W,241,121,43,74,0.581,15,25,0.6,20,20,1.0,4,35,39,29,7,3,23,22,17.0,2014-15
22014,1610612744,GSW,Golden State Warriors,0021400042,2014-11-02,GSW @ POR,W,241,95,36,81,0.444,6,19,0.316,17,21,0.81,7,34,41,22,11,7,17,16,5.0,2014-15
22014,1610612744,GSW,Golden State Warriors,0021400038,2014-11-01,GSW vs. LAL,W,239,127,46,83,0.554,11,23,0.478,24,28,0.857,12,31,43,30,10,4,20,26,23.0,2014-15
22014,1610612744,GSW,Golden State Warriors,0021400014,2014-10-29,GSW @ SAC,W,239,95,33,75,0.44,6,27,0.222,23,32,0.719,7,37,44,21,12,8,22,32,18.0,2014-15
42014,1610612744,GSW,Golden State Warriors,0041400406,2015-06-16,GSW @ CLE,W,239,105,37,85,0.435,13,34,0.382,18,29,0.621,7,32,39,28,11,4,9,27,8.0,2014-15
42014,1610612744,GSW,Golden State Warriors,0041400405,2015-06-14,GSW vs. CLE,W,239,104,36,75,0.48,12,26,0.462,20,34,0.588,11,32,43,25,7,2,16,25,13.0,2014-15
42014,1610612744,GSW,Golden State Warriors,0041400404,2015-06-11,GSW @ CLE,W,239,103,36,77,0.468,12,30,0.4,19,27,0.704,6,38,44,24,5,5,7,21,21.0,2014-15
42014,1610612744,GSW,Golden State Warriors,0041400403,2015-06-09,GSW @ CLE,L,240,91,36,90,0.4,12,34,0.353,7,12,0.583,18,28,46,21,6,7,14,25,-5.0,2014-15
42014,1610612744,GSW,Golden State Warriors,0041400402,2015-06-07,GSW vs. CLE,L,264,93,33,83,0.398,8,35,0.229,19,25,0.76,10,35,45,16,11,7,18,31,-2.0,2014-15
42014,1610612744,GSW,Golden State Warriors,0041400401,2015-06-04,GSW vs. CLE,W,266,108,39,88,0.443,10,27,0.37,20,22,0.909,11,37,48,24,8,5,12,16,8.0,2014-15
42014,1610612744,GSW,Golden State Warriors,0041400315,2015-05-27,GSW vs. HOU,W,239,104,37,91,0.407,9,29,0.31,21,31,0.677,19,40,59,25,10,4,16,30,14.0,2014-15
42014,1610612744,GSW,Golden State Warriors,0041400314,2015-05-25,GSW @ HOU,L,239,115,44,97,0.454,20,46,0.435,7,13,0.538,10,37,47,26,9,9,15,29,-13.0,2014-15
42014,1610612744,GSW,Golden State Warriors,0041400313,2015-05-23,GSW @ HOU,W,241,115,44,97,0.454,11,28,0.393,16,20,0.8,17,43,60,26,9,6,13,27,35.0,2014-15
42014,1610612744,GSW,Golden State Warriors,0041400312,2015-05-21,GSW vs. HOU,W,241,99,41,77,0.532,8,24,0.333,9,13,0.692,7,32,39,31,7,8,16,17,1.0,2014-15
42014,1610612744,GSW,Golden State Warriors,0041400311,2015-05-19,GSW vs. HOU,W,239,110,43,92,0.467,10,29,0.345,14,22,0.636,14,29,43,27,9,3,12,23,4.0,2014-15
42014,1610612744,GSW,Golden State Warriors,0041400226,2015-05-15,GSW @ MEM,W,239,108,41,81,0.506,15,32,0.469,11,14,0.786,7,40,47,27,1,8,12,24,13.0,2014-15
42014,1610612744,GSW,Golden State Warriors,0041400225,2015-05-13,GSW vs. MEM,W,241,98,38,81,0.469,14,30,0.467,8,10,0.8,14,30,44,28,9,6,16,13,20.0,2014-15
42014,1610612744,GSW,Golden State Warriors,0041400224,2015-05-11,GSW @ MEM,W,242,101,38,80,0.475,14,33,0.424,11,16,0.688,10,35,45,22,11,10,21,23,17.0,2014-15
42014,1610612744,GSW,Golden State Warriors,0041400223,2015-05-09,GSW @ MEM,L,242,89,32,74,0.432,6,26,0.231,19,28,0.679,10,29,39,20,7,7,17,23,-10.0,2014-15
42014,1610612744,GSW,Golden State Warriors,0041400222,2015-05-05,GSW vs. MEM,L,241,90,31,74,0.419,6,26,0.231,22,28,0.786,9,36,45,16,6,3,20,18,-7.0,2014-15
42014,1610612744,GSW,Golden State Warriors,0041400221,2015-05-03,GSW vs. MEM,W,242,101,39,77,0.506,13,28,0.464,10,15,0.667,7,32,39,26,13,2,15,20,15.0,2014-15
42014,1610612744,GSW,Golden State Warriors,0041400144,2015-04-25,GSW @ NOP,W,238,109,40,79,0.506,13,24,0.542,16,23,0.696,10,29,39,28,6,7,10,18,11.0,2014-15
42014,1610612744,GSW,Golden State Warriors,0041400143,2015-04-23,GSW @ NOP,W,265,123,42,104,0.404,14,41,0.341,25,30,0.833,22,29,51,24,4,6,10,22,4.0,2014-15
42014,1610612744,GSW,Golden State Warriors,0041400142,2015-04-20,GSW vs. NOP,W,241,97,38,86,0.442,9,30,0.3,12,19,0.632,14,35,49,27,8,6,13,18,10.0,2014-15
42014,1610612744,GSW,Golden State Warriors,0041400141,2015-04-18,GSW vs. NOP,W,239,106,37,81,0.457,11,29,0.379,21,34,0.618,10,37,47,24,11,6,15,21,7.0,2014-15
22015,1610612744,GSW,Golden State Warriors,0021501227,2016-04-13,GSW vs. MEM,W,240,125,46,87,0.529,20,47,0.426,13,16,0.813,12,39,51,35,7,7,17,14,21.0,2015-16
22015,1610612744,GSW,Golden State Warriors,0021501201,2016-04-10,GSW @ SAS,W,238,92,34,77,0.442,10,27,0.37,14,18,0.778,7,39,46,19,7,6,13,18,6.0,2015-16
22015,1610612744,GSW,Golden State Warriors,0021501190,2016-04-09,GSW @ MEM,W,239,100,39,87,0.448,10,36,0.278,12,13,0.923,7,41,48,20,3,7,11,14,1.0,2015-16
22015,1610612744,GSW,Golden State Warriors,0021501177,2016-04-07,GSW vs. SAS,W,241,112,45,83,0.542,12,25,0.48,10,11,0.909,7,36,43,33,8,2,15,22,11.0,2015-16
22015,1610612744,GSW,Golden State Warriors,0021501163,2016-04-05,GSW vs. MIN,L,266,117,49,98,0.5,12,35,0.343,7,8,0.875,9,37,46,35,9,5,23,29,-7.0,2015-16
22015,1610612744,GSW,Golden State Warriors,0021501152,2016-04-03,GSW vs. POR,W,239,136,50,88,0.568,18,30,0.6,18,22,0.818,11,32,43,30,5,8,12,23,25.0,2015-16
22015,1610612744,GSW,Golden State Warriors,0021501136,2016-04-01,GSW vs. BOS,L,239,106,38,83,0.458,20,43,0.465,10,13,0.769,8,33,41,25,12,7,22,24,-3.0,2015-16
22015,1610612744,GSW,Golden State Warriors,0021501119,2016-03-30,GSW @ UTA,W,264,103,39,89,0.438,12,35,0.343,13,18,0.722,9,37,46,19,6,6,18,21,7.0,2015-16
22015,1610612744,GSW,Golden State Warriors,0021501112,2016-03-29,GSW vs. WAS,W,240,102,38,87,0.437,11,25,0.44,15,23,0.652,7,48,55,27,11,6,16,23,8.0,2015-16
22015,1610612744,GSW,Golden State Warriors,0021501094,2016-03-27,GSW vs. PHI,W,239,117,44,83,0.53,14,33,0.424,15,20,0.75,7,37,44,32,9,4,18,15,12.0,2015-16
22015,1610612744,GSW,Golden State Warriors,0021501080,2016-03-25,GSW vs. DAL,W,239,128,43,88,0.489,21,45,0.467,21,23,0.913,7,33,40,30,8,10,7,16,8.0,2015-16
22015,1610612744,GSW,Golden State Warriors,0021501066,2016-03-23,GSW vs. LAC,W,238,114,39,87,0.448,15,34,0.441,21,28,0.75,11,39,50,23,9,5,12,20,16.0,2015-16
22015,1610612744,GSW,Golden State Warriors,0021501050,2016-03-21,GSW @ MIN,W,239,109,43,87,0.494,8,24,0.333,15,24,0.625,13,31,44,31,13,10,16,20,5.0,2015-16
22015,1610612744,GSW,Golden State Warriors,0021501036,2016-03-19,GSW @ SAS,L,240,79,31,82,0.378,9,36,0.25,8,10,0.8,7,30,37,24,12,3,10,21,-8.0,2015-16
22015,1610612744,GSW,Golden State Warriors,0021501026,2016-03-18,GSW @ DAL,W,240,130,48,95,0.505,22,38,0.579,12,14,0.857,5,37,42,35,8,7,12,21,18.0,2015-16
22015,1610612744,GSW,Golden State Warriors,0021501011,2016-03-16,GSW vs. NYK,W,241,121,46,91,0.505,18,37,0.486,11,12,0.917,12,42,54,32,4,8,12,13,36.0,2015-16
22015,1610612744,GSW,Golden State Warriors,0021500996,2016-03-14,GSW vs. NOP,W,238,125,47,81,0.58,12,25,0.48,19,23,0.826,8,38,46,30,6,6,18,22,18.0,2015-16
22015,1610612744,GSW,Golden State Warriors,0021500981,2016-03-12,GSW vs. PHX,W,239,123,42,84,0.5,11,33,0.333,28,33,0.848,7,35,42,28,6,9,8,25,7.0,2015-16
22015,1610612744,GSW,Golden State Warriors,0021500971,2016-03-11,GSW vs. POR,W,241,128,40,89,0.449,18,40,0.45,30,39,0.769,16,40,56,23,5,6,8,20,16.0,2015-16
22015,1610612744,GSW,Golden State Warriors,0021500958,2016-03-09,GSW vs. UTA,W,240,115,48,84,0.571,13,30,0.433,6,10,0.6,9,30,39,36,10,7,15,23,21.0,2015-16
22015,1610612744,GSW,Golden State Warriors,0021500943,2016-03-07,GSW vs. ORL,W,239,119,42,84,0.5,16,35,0.457,19,27,0.704,10,40,50,27,13,7,24,26,6.0,2015-16
22015,1610612744,GSW,Golden State Warriors,0021500931,2016-03-06,GSW @ LAL,L,241,95,37,92,0.402,4,30,0.133,17,21,0.81,17,32,49,32,5,3,20,20,-17.0,2015-16
22015,1610612744,GSW,Golden State Warriors,0021500911,2016-03-03,GSW vs. OKC,W,240,121,47,87,0.54,11,34,0.324,16,21,0.762,4,36,40,33,11,3,8,20,15.0,2015-16
22015,1610612744,GSW,Golden State Warriors,0021500895,2016-03-01,GSW vs. ATL,W,264,109,41,103,0.398,12,36,0.333,15,17,0.882,18,33,51,28,11,3,11,22,4.0,2015-16
22015,1610612744,GSW,Golden State Warriors,0021500874,2016-02-27,GSW @ OKC,W,265,121,45,95,0.474,14,32,0.438,17,25,0.68,4,28,32,25,15,7,11,22,3.0,2015-16
22015,1610612744,GSW,Golden State Warriors,0021500855,2016-02-25,GSW @ ORL,W,241,130,53,88,0.602,13,25,0.52,11,16,0.688,8,34,42,35,9,4,20,21,16.0,2015-16
22015,1610612744,GSW,Golden State Warriors,0021500848,2016-02-24,GSW @ MIA,W,241,118,42,90,0.467,13,28,0.464,21,25,0.84,9,34,43,23,7,2,13,24,6.0,2015-16
22015,1610612744,GSW,Golden State Warriors,0021500836,2016-02-22,GSW @ ATL,W,240,102,39,89,0.438,14,45,0.311,10,12,0.833,6,37,43,30,14,8,13,17,10.0,2015-16
22015,1610612744,GSW,Golden State Warriors,0021500822,2016-02-20,GSW @ LAC,W,242,115,42,82,0.512,11,31,0.355,20,26,0.769,6,33,39,32,8,2,14,19,3.0,2015-16
22015,1610612744,GSW,Golden State Warriors,0021500815,2016-02-19,GSW @ POR,L,240,105,36,92,0.391,12,34,0.353,21,28,0.75,14,33,47,25,7,4,20,17,-32.0,2015-16
22015,1610612744,GSW,Golden State Warriors,0021500799,2016-02-10,GSW @ PHX,W,240,112,37,89,0.416,14,40,0.35,24,29,0.828,8,42,50,24,12,7,13,22,8.0,2015-16
22015,1610612744,GSW,Golden State Warriors,0021500788,2016-02-09,GSW vs. HOU,W,241,123,44,94,0.468,12,34,0.353,23,26,0.885,14,35,49,28,5,6,12,26,13.0,2015-16
22015,1610612744,GSW,Golden State Warriors,0021500769,2016-02-06,GSW vs. OKC,W,240,116,48,97,0.495,7,26,0.269,13,20,0.65,13,33,46,24,7,4,10,23,8.0,2015-16
22015,1610612744,GSW,Golden State Warriors,0021500739,2016-02-03,GSW @ WAS,W,241,134,49,93,0.527,20,41,0.488,16,29,0.552,11,38,49,35,10,5,18,24,13.0,2015-16
22015,1610612744,GSW,Golden State Warriors,0021500718,2016-01-31,GSW @ NYK,W,238,116,42,73,0.575,16,29,0.552,16,23,0.696,3,41,44,31,8,5,18,21,21.0,2015-16
22015,1610612744,GSW,Golden State Warriors,0021500707,2016-01-30,GSW @ PHI,W,240,108,47,95,0.495,13,30,0.433,1,2,0.5,12,45,57,37,5,7,23,18,12.0,2015-16
22015,1610612744,GSW,Golden State Warriors,0021500691,2016-01-27,GSW vs. DAL,W,241,127,47,81,0.58,14,29,0.483,19,21,0.905,7,33,40,33,5,4,9,18,20.0,2015-16
22015,1610612744,GSW,Golden State Warriors,0021500675,2016-01-25,GSW vs. SAS,W,238,120,44,85,0.518,11,26,0.423,21,25,0.84,10,35,45,31,15,3,21,25,30.0,2015-16
22015,1610612744,GSW,Golden State Warriors,0021500652,2016-01-22,GSW vs. IND,W,240,122,43,90,0.478,14,33,0.424,22,25,0.88,14,36,50,31,9,4,17,24,12.0,2015-16
22015,1610612744,GSW,Golden State Warriors,0021500634,2016-01-20,GSW @ CHI,W,241,125,50,95,0.526,12,32,0.375,13,20,0.65,12,43,55,38,8,9,10,17,31.0,2015-16
22015,1610612744,GSW,Golden State Warriors,0021500622,2016-01-18,GSW @ CLE,W,239,132,46,85,0.541,19,40,0.475,21,27,0.778,6,31,37,33,7,2,8,25,34.0,2015-16
22015,1610612744,GSW,Golden State Warriors,0021500605,2016-01-16,GSW @ DET,L,240,95,34,94,0.362,10,25,0.4,17,23,0.739,14,33,47,18,6,9,12,16,-18.0,2015-16
22015,1610612744,GSW,Golden State Warriors,0021500592,2016-01-14,GSW vs. LAL,W,240,116,43,86,0.5,13,33,0.394,17,20,0.85,12,35,47,26,12,4,19,17,18.0,2015-16
22015,1610612744,GSW,Golden State Warriors,0021500583,2016-01-13,GSW @ DEN,L,242,110,42,88,0.477,10,26,0.385,16,20,0.8,7,32,39,25,9,11,13,25,-2.0,2015-16
22015,1610612744,GSW,Golden State Warriors,0021500568,2016-01-11,GSW vs. MIA,W,241,111,41,86,0.477,7,23,0.304,22,30,0.733,9,40,49,25,5,1,9,18,8.0,2015-16
22015,1610612744,GSW,Golden State Warriors,0021500556,2016-01-09,GSW @ SAC,W,240,128,49,87,0.563,19,37,0.514,11,15,0.733,9,39,48,35,5,8,18,25,12.0,2015-16
22015,1610612744,GSW,Golden State Warriors,0021500548,2016-01-08,GSW @ POR,W,241,128,46,87,0.529,18,32,0.563,18,21,0.857,5,43,48,36,6,5,15,20,20.0,2015-16
22015,1610612744,GSW,Golden State Warriors,0021500524,2016-01-05,GSW @ LAL,W,240,109,40,86,0.465,13,31,0.419,16,21,0.762,10,44,54,26,9,9,10,17,21.0,2015-16
22015,1610612744,GSW,Golden State Warriors,0021500520,2016-01-04,GSW vs. CHA,W,241,111,45,87,0.517,15,34,0.441,6,6,1.0,3,34,37,32,4,9,11,19,10.0,2015-16
22015,1610612744,GSW,Golden State Warriors,0021500504,2016-01-02,GSW vs. DEN,W,264,111,43,86,0.5,10,28,0.357,15,23,0.652,9,38,47,34,9,5,13,22,3.0,2015-16
22015,1610612744,GSW,Golden State Warriors,0021500485,2015-12-31,GSW @ HOU,W,240,114,43,84,0.512,11,23,0.478,17,27,0.63,12,31,43,35,8,5,18,20,4.0,2015-16
22015,1610612744,GSW,Golden State Warriors,0021500480,2015-12-30,GSW @ DAL,L,240,91,33,81,0.407,7,19,0.368,18,24,0.75,8,29,37,20,9,0,12,18,-23.0,2015-16
22015,1610612744,GSW,Golden State Warriors,0021500468,2015-12-28,GSW vs. SAC,W,239,122,43,89,0.483,20,42,0.476,16,24,0.667,13,46,59,33,12,8,18,25,19.0,2015-16
22015,1610612744,GSW,Golden State Warriors,0021500438,2015-12-25,GSW vs. CLE,W,240,89,32,78,0.41,5,18,0.278,20,27,0.741,8,41,49,21,7,10,16,19,6.0,2015-16
22015,1610612744,GSW,Golden State Warriors,0021500434,2015-12-23,GSW vs. UTA,W,240,103,39,83,0.47,9,23,0.391,16,16,1.0,9,31,40,26,10,9,15,11,18.0,2015-16
22015,1610612744,GSW,Golden State Warriors,0021500397,2015-12-18,GSW vs. MIL,W,239,121,42,87,0.483,9,26,0.346,28,37,0.757,15,31,46,31,7,4,15,22,9.0,2015-16
22015,1610612744,GSW,Golden State Warriors,0021500381,2015-12-16,GSW vs. PHX,W,239,128,46,88,0.523,15,32,0.469,21,27,0.778,9,40,49,32,12,4,17,17,25.0,2015-16
22015,1610612744,GSW,Golden State Warriors,0021500351,2015-12-12,GSW @ MIL,L,239,95,36,89,0.404,6,27,0.222,17,25,0.68,15,34,49,23,9,8,16,20,-13.0,2015-16
22015,1610612744,GSW,Golden State Warriors,0021500336,2015-12-11,GSW @ BOS,W,290,124,42,107,0.393,9,31,0.29,31,39,0.795,17,50,67,28,10,11,18,22,5.0,2015-16
22015,1610612744,GSW,Golden State Warriors,0021500314,2015-12-08,GSW @ IND,W,240,131,52,95,0.547,16,35,0.457,11,15,0.733,10,36,46,29,10,6,15,19,8.0,2015-16
22015,1610612744,GSW,Golden State Warriors,0021500300,2015-12-06,GSW @ BKN,W,241,114,44,86,0.512,14,33,0.424,12,23,0.522,10,36,46,25,9,9,12,18,16.0,2015-16
22015,1610612744,GSW,Golden State Warriors,0021500290,2015-12-05,GSW @ TOR,W,239,112,35,73,0.479,16,30,0.533,26,36,0.722,8,35,43,22,2,5,12,24,3.0,2015-16
22015,1610612744,GSW,Golden State Warriors,0021500268,2015-12-02,GSW @ CHA,W,239,116,46,88,0.523,16,34,0.471,8,11,0.727,11,42,53,31,2,9,18,23,17.0,2015-16
22015,1610612744,GSW,Golden State Warriors,0021500259,2015-11-30,GSW @ UTA,W,239,106,40,82,0.488,14,29,0.483,12,15,0.8,14,31,45,21,2,5,15,19,3.0,2015-16
22015,1610612744,GSW,Golden State Warriors,0021500245,2015-11-28,GSW vs. SAC,W,241,120,39,80,0.488,16,30,0.533,26,31,0.839,13,35,48,32,8,7,14,19,19.0,2015-16
22015,1610612744,GSW,Golden State Warriors,0021500236,2015-11-27,GSW @ PHX,W,240,135,46,81,0.568,22,38,0.579,21,31,0.677,11,42,53,32,7,9,23,26,19.0,2015-16
22015,1610612744,GSW,Golden State Warriors,0021500214,2015-11-24,GSW vs. LAL,W,240,111,45,92,0.489,12,35,0.343,9,15,0.6,12,36,48,32,9,6,8,13,34.0,2015-16
22015,1610612744,GSW,Golden State Warriors,0021500200,2015-11-22,GSW @ DEN,W,241,118,47,89,0.528,15,29,0.517,9,13,0.692,11,35,46,35,15,8,21,25,13.0,2015-16
22015,1610612744,GSW,Golden State Warriors,0021500187,2015-11-20,GSW vs. CHI,W,240,106,39,79,0.494,10,29,0.345,18,24,0.75,11,38,49,20,7,6,15,15,12.0,2015-16
22015,1610612744,GSW,Golden State Warriors,0021500177,2015-11-19,GSW @ LAC,W,240,124,38,73,0.521,17,30,0.567,31,36,0.861,8,36,44,31,4,4,19,20,7.0,2015-16
22015,1610612744,GSW,Golden State Warriors,0021500164,2015-11-17,GSW vs. TOR,W,239,115,43,80,0.538,11,29,0.379,18,27,0.667,9,25,34,31,10,6,20,29,5.0,2015-16
22015,1610612744,GSW,Golden State Warriors,0021500144,2015-11-14,GSW vs. BKN,W,265,107,43,97,0.443,12,34,0.353,9,10,0.9,11,39,50,31,9,10,14,19,8.0,2015-16
22015,1610612744,GSW,Golden State Warriors,0021500125,2015-11-12,GSW @ MIN,W,240,129,48,89,0.539,18,38,0.474,15,16,0.938,6,27,33,34,8,7,11,25,13.0,2015-16
22015,1610612744,GSW,Golden State Warriors,0021500120,2015-11-11,GSW @ MEM,W,241,100,36,75,0.48,11,27,0.407,17,23,0.739,7,29,36,22,12,8,23,30,16.0,2015-16
22015,1610612744,GSW,Golden State Warriors,0021500104,2015-11-09,GSW vs. DET,W,239,109,43,91,0.473,12,21,0.571,11,13,0.846,13,28,41,29,13,4,16,18,14.0,2015-16
22015,1610612744,GSW,Golden State Warriors,0021500092,2015-11-07,GSW @ SAC,W,241,103,38,92,0.413,8,39,0.205,19,22,0.864,15,31,46,27,13,2,18,15,9.0,2015-16
22015,1610612744,GSW,Golden State Warriors,0021500083,2015-11-06,GSW vs. DEN,W,242,119,46,93,0.495,17,37,0.459,10,18,0.556,13,40,53,40,10,6,20,22,15.0,2015-16
22015,1610612744,GSW,Golden State Warriors,0021500069,2015-11-04,GSW vs. LAC,W,240,112,39,85,0.459,10,26,0.385,24,31,0.774,9,33,42,28,6,5,12,22,4.0,2015-16
22015,1610612744,GSW,Golden State Warriors,0021500051,2015-11-02,GSW vs. MEM,W,238,119,43,84,0.512,11,25,0.44,22,30,0.733,10,55,65,32,8,13,14,15,50.0,2015-16
22015,1610612744,GSW,Golden State Warriors,0021500035,2015-10-31,GSW @ NOP,W,241,134,46,84,0.548,17,30,0.567,25,35,0.714,3,35,38,26,10,4,10,24,14.0,2015-16
22015,1610612744,GSW,Golden State Warriors,0021500030,2015-10-30,GSW @ HOU,W,239,112,43,93,0.462,9,26,0.346,17,25,0.68,11,36,47,26,9,4,8,24,20.0,2015-16
22015,1610612744,GSW,Golden State Warriors,0021500003,2015-10-27,GSW vs. NOP,W,241,111,41,96,0.427,9,30,0.3,20,22,0.909,21,35,56,29,8,7,20,29,16.0,2015-16
42015,1610612744,GSW,Golden State Warriors,0041500407,2016-06-19,GSW vs. CLE,L,239,89,32,83,0.386,15,41,0.366,10,13,0.769,7,32,39,22,7,5,10,23,-4.0,2015-16
42015,1610612744,GSW,Golden State Warriors,0041500406,2016-06-16,GSW @ CLE,L,238,101,33,82,0.402,15,39,0.385,20,29,0.69,9,26,35,19,5,3,14,25,-14.0,2015-16
42015,1610612744,GSW,Golden State Warriors,0041500405,2016-06-13,GSW vs. CLE,L,242,97,32,88,0.364,14,43,0.326,19,26,0.731,13,30,43,18,6,9,17,21,-15.0,2015-16
42015,1610612744,GSW,Golden State Warriors,0041500404,2016-06-10,GSW @ CLE,W,239,108,33,81,0.407,17,36,0.472,25,31,0.806,14,29,43,23,7,6,8,22,11.0,2015-16
42015,1610612744,GSW,Golden State Warriors,0041500403,2016-06-08,GSW @ CLE,L,241,90,32,76,0.421,9,33,0.273,17,26,0.654,8,24,32,21,5,4,18,23,-30.0,2015-16
42015,1610612744,GSW,Golden State Warriors,0041500402,2016-06-05,GSW vs. CLE,W,241,110,44,81,0.543,15,33,0.455,7,10,0.7,12,34,46,26,7,9,20,20,33.0,2015-16
42015,1610612744,GSW,Golden State Warriors,0041500401,2016-06-02,GSW vs. CLE,W,239,104,43,87,0.494,9,27,0.333,9,10,0.9,9,32,41,29,9,4,9,16,15.0,2015-16
42015,1610612744,GSW,Golden State Warriors,0041500317,2016-05-30,GSW vs. OKC,W,239,96,37,85,0.435,17,37,0.459,5,8,0.625,10,36,46,20,4,4,11,16,8.0,2015-16
42015,1610612744,GSW,Golden State Warriors,0041500316,2016-05-28,GSW @ OKC,W,241,108,36,88,0.409,21,45,0.467,15,24,0.625,13,31,44,23,11,4,14,25,7.0,2015-16
42015,1610612744,GSW,Golden State Warriors,0041500315,2016-05-26,GSW vs. OKC,W,239,120,40,85,0.471,9,24,0.375,31,34,0.912,11,34,45,25,13,7,15,18,9.0,2015-16
42015,1610612744,GSW,Golden State Warriors,0041500314,2016-05-24,GSW @ OKC,L,239,94,33,80,0.413,9,30,0.3,19,29,0.655,8,32,40,15,11,4,21,26,-24.0,2015-16
42015,1610612744,GSW,Golden State Warriors,0041500313,2016-05-22,GSW @ OKC,L,240,105,38,92,0.413,10,32,0.313,19,25,0.76,10,28,38,19,9,1,13,21,-28.0,2015-16
42015,1610612744,GSW,Golden State Warriors,0041500312,2016-05-18,GSW vs. OKC,W,241,118,43,85,0.506,13,28,0.464,19,28,0.679,15,30,45,26,9,3,12,21,27.0,2015-16
42015,1610612744,GSW,Golden State Warriors,0041500311,2016-05-16,GSW vs. OKC,L,242,102,40,91,0.44,11,30,0.367,11,17,0.647,8,36,44,26,8,4,14,22,-6.0,2015-16
42015,1610612744,GSW,Golden State Warriors,0041500225,2016-05-11,GSW vs. POR,W,240,125,43,84,0.512,14,32,0.438,25,29,0.862,9,35,44,28,5,4,16,25,4.0,2015-16
42015,1610612744,GSW,Golden State Warriors,0041500224,2016-05-09,GSW @ POR,W,265,132,44,95,0.463,17,40,0.425,27,33,0.818,10,39,49,22,13,10,14,27,7.0,2015-16
42015,1610612744,GSW,Golden State Warriors,0041500223,2016-05-07,GSW @ POR,L,239,108,42,88,0.477,14,29,0.483,10,17,0.588,11,31,42,29,4,6,12,20,-12.0,2015-16
42015,1610612744,GSW,Golden State Warriors,0041500222,2016-05-03,GSW vs. POR,W,240,110,42,91,0.462,8,24,0.333,18,20,0.9,10,38,48,21,4,9,10,23,11.0,2015-16
42015,1610612744,GSW,Golden State Warriors,0041500221,2016-05-01,GSW vs. POR,W,240,118,43,91,0.473,11,31,0.355,21,24,0.875,16,39,55,27,8,8,12,22,12.0,2015-16
42015,1610612744,GSW,Golden State Warriors,0041500145,2016-04-27,GSW vs. HOU,W,239,114,45,82,0.549,13,31,0.419,11,19,0.579,6,34,40,30,10,6,9,16,33.0,2015-16
42015,1610612744,GSW,Golden State Warriors,0041500144,2016-04-24,GSW @ HOU,W,243,121,46,89,0.517,21,40,0.525,8,16,0.5,7,36,43,38,10,2,16,26,27.0,2015-16
42015,1610612744,GSW,Golden State Warriors,0041500143,2016-04-21,GSW @ HOU,L,240,96,34,79,0.43,6,25,0.24,22,29,0.759,8,35,43,23,6,6,14,23,-1.0,2015-16
42015,1610612744,GSW,Golden State Warriors,0041500142,2016-04-18,GSW vs. HOU,W,241,115,40,81,0.494,8,23,0.348,27,38,0.711,13,26,39,27,10,6,12,24,9.0,2015-16
42015,1610612744,GSW,Golden State Warriors,0041500141,2016-04-16,GSW vs. HOU,W,241,104,39,91,0.429,10,25,0.4,16,24,0.667,15,38,53,26,10,7,15,22,26.0,2015-16
22016,1610612744,GSW,Golden State Warriors,0021601229,2017-04-12,GSW vs. LAL,W,239,109,41,90,0.456,12,36,0.333,15,22,0.682,14,40,54,26,14,8,20,17,15.0,2016-17
22016,1610612744,GSW,Golden State Warriors,0021601211,2017-04-10,GSW vs. UTA,L,239,99,39,80,0.488,9,25,0.36,12,17,0.706,8,34,42,25,5,6,13,17,-6.0,2016-17
22016,1610612744,GSW,Golden State Warriors,0021601195,2017-04-08,GSW vs. NOP,W,240,123,49,96,0.51,10,33,0.303,15,16,0.938,14,39,53,37,2,4,9,15,22.0,2016-17
22016,1610612744,GSW,Golden State Warriors,0021601171,2017-04-05,GSW @ PHX,W,241,120,45,89,0.506,13,30,0.433,17,24,0.708,7,32,39,25,13,9,15,19,9.0,2016-17
22016,1610612744,GSW,Golden State Warriors,0021601162,2017-04-04,GSW vs. MIN,W,239,121,44,84,0.524,14,32,0.438,19,24,0.792,8,32,40,33,9,7,13,19,14.0,2016-17
22016,1610612744,GSW,Golden State Warriors,0021601152,2017-04-02,GSW vs. WAS,W,240,139,50,88,0.568,16,36,0.444,23,26,0.885,10,34,44,34,7,10,16,20,24.0,2016-17
22016,1610612744,GSW,Golden State Warriors,0021601136,2017-03-31,GSW vs. HOU,W,239,107,43,95,0.453,11,32,0.344,10,14,0.714,13,30,43,27,10,14,10,20,9.0,2016-17
22016,1610612744,GSW,Golden State Warriors,0021601118,2017-03-29,GSW @ SAS,W,240,110,43,85,0.506,13,26,0.5,11,11,1.0,10,25,35,31,7,7,15,22,12.0,2016-17
22016,1610612744,GSW,Golden State Warriors,0021601108,2017-03-28,GSW @ HOU,W,240,113,45,88,0.511,11,41,0.268,12,16,0.75,8,36,44,33,9,7,16,29,7.0,2016-17
22016,1610612744,GSW,Golden State Warriors,0021601094,2017-03-26,GSW vs. MEM,W,241,106,39,71,0.549,17,31,0.548,11,15,0.733,7,30,37,30,9,4,18,15,12.0,2016-17
22016,1610612744,GSW,Golden State Warriors,0021601081,2017-03-24,GSW vs. SAC,W,241,114,44,89,0.494,10,31,0.323,16,18,0.889,13,31,44,37,14,8,12,15,14.0,2016-17
22016,1610612744,GSW,Golden State Warriors,0021601055,2017-03-21,GSW @ DAL,W,239,112,43,78,0.551,13,30,0.433,13,16,0.813,4,42,46,34,10,2,16,20,25.0,2016-17
22016,1610612744,GSW,Golden State Warriors,0021601049,2017-03-20,GSW @ OKC,W,239,111,40,83,0.482,15,33,0.455,16,21,0.762,9,37,46,28,8,8,16,22,16.0,2016-17
22016,1610612744,GSW,Golden State Warriors,0021601035,2017-03-18,GSW vs. MIL,W,239,117,45,75,0.6,12,23,0.522,15,19,0.789,6,38,44,30,5,6,12,16,25.0,2016-17
22016,1610612744,GSW,Golden State Warriors,0021601019,2017-03-16,GSW vs. ORL,W,239,122,50,87,0.575,10,26,0.385,12,23,0.522,7,40,47,36,14,9,12,18,30.0,2016-17
22016,1610612744,GSW,Golden State Warriors,0021601003,2017-03-14,GSW vs. PHI,W,240,106,32,88,0.364,14,32,0.438,28,35,0.8,13,30,43,24,12,11,18,24,2.0,2016-17
22016,1610612744,GSW,Golden State Warriors,0021600980,2017-03-11,GSW @ SAS,L,241,85,33,92,0.359,5,17,0.294,14,23,0.609,20,29,49,19,10,4,15,16,-22.0,2016-17
22016,1610612744,GSW,Golden State Warriors,0021600968,2017-03-10,GSW @ MIN,L,239,102,41,88,0.466,7,24,0.292,13,17,0.765,12,31,43,25,9,5,12,21,-1.0,2016-17
22016,1610612744,GSW,Golden State Warriors,0021600959,2017-03-08,GSW vs. BOS,L,240,86,37,84,0.44,6,30,0.2,6,9,0.667,12,34,46,23,8,12,17,20,-13.0,2016-17
22016,1610612744,GSW,Golden State Warriors,0021600937,2017-03-06,GSW @ ATL,W,242,119,41,87,0.471,20,44,0.455,17,22,0.773,13,30,43,33,10,4,14,22,8.0,2016-17
22016,1610612744,GSW,Golden State Warriors,0021600928,2017-03-05,GSW @ NYK,W,240,112,40,88,0.455,13,35,0.371,19,23,0.826,11,24,35,21,11,3,8,18,7.0,2016-17
22016,1610612744,GSW,Golden State Warriors,0021600906,2017-03-02,GSW @ CHI,L,240,87,34,88,0.386,6,30,0.2,13,14,0.929,6,35,41,23,10,6,15,18,-7.0,2016-17
22016,1610612744,GSW,Golden State Warriors,0021600889,2017-02-28,GSW @ WAS,L,241,108,39,84,0.464,8,29,0.276,22,27,0.815,13,28,41,28,10,6,19,23,-4.0,2016-17
22016,1610612744,GSW,Golden State Warriors,0021600883,2017-02-27,GSW @ PHI,W,240,119,40,89,0.449,6,29,0.207,33,39,0.846,16,29,45,31,14,4,13,18,11.0,2016-17
22016,1610612744,GSW,Golden State Warriors,0021600873,2017-02-25,GSW vs. BKN,W,241,112,42,100,0.42,11,31,0.355,17,22,0.773,13,39,52,30,10,11,11,17,17.0,2016-17
22016,1610612744,GSW,Golden State Warriors,0021600854,2017-02-23,GSW vs. LAC,W,240,123,43,81,0.531,13,25,0.52,24,26,0.923,10,43,53,31,11,11,21,27,10.0,2016-17
22016,1610612744,GSW,Golden State Warriors,0021600847,2017-02-15,GSW vs. SAC,W,240,109,41,84,0.488,13,36,0.361,14,21,0.667,6,40,46,32,10,10,8,16,23.0,2016-17
22016,1610612744,GSW,Golden State Warriors,0021600827,2017-02-13,GSW @ DEN,L,240,110,45,92,0.489,8,32,0.25,12,13,0.923,4,23,27,25,12,6,9,13,-22.0,2016-17
22016,1610612744,GSW,Golden State Warriors,0021600813,2017-02-11,GSW @ OKC,W,240,130,46,87,0.529,13,31,0.419,25,35,0.714,10,30,40,28,10,3,11,22,16.0,2016-17
22016,1610612744,GSW,Golden State Warriors,0021600803,2017-02-10,GSW @ MEM,W,240,122,39,77,0.506,15,33,0.455,29,38,0.763,5,29,34,31,14,13,12,26,15.0,2016-17
22016,1610612744,GSW,Golden State Warriors,0021600792,2017-02-08,GSW vs. CHI,W,240,123,48,85,0.565,15,28,0.536,12,13,0.923,5,40,45,37,9,5,12,17,31.0,2016-17
22016,1610612744,GSW,Golden State Warriors,0021600764,2017-02-04,GSW @ SAC,L,266,106,36,87,0.414,15,44,0.341,19,24,0.792,7,33,40,22,10,10,17,17,-3.0,2016-17
22016,1610612744,GSW,Golden State Warriors,0021600745,2017-02-02,GSW @ LAC,W,239,133,52,99,0.525,14,34,0.412,15,18,0.833,15,31,46,38,10,2,11,26,13.0,2016-17
22016,1610612744,GSW,Golden State Warriors,0021600741,2017-02-01,GSW vs. CHA,W,240,126,47,96,0.49,21,48,0.438,11,14,0.786,9,38,47,35,9,13,10,18,15.0,2016-17
22016,1610612744,GSW,Golden State Warriors,0021600718,2017-01-29,GSW @ POR,W,240,113,36,79,0.456,8,26,0.308,33,39,0.846,8,31,39,28,13,6,18,18,2.0,2016-17
22016,1610612744,GSW,Golden State Warriors,0021600707,2017-01-28,GSW vs. LAC,W,241,144,57,92,0.62,17,34,0.5,13,16,0.813,9,39,48,35,9,7,11,17,46.0,2016-17
22016,1610612744,GSW,Golden State Warriors,0021600687,2017-01-25,GSW @ CHA,W,238,113,39,82,0.476,11,28,0.393,24,27,0.889,5,36,41,23,7,14,12,19,10.0,2016-17
22016,1610612744,GSW,Golden State Warriors,0021600668,2017-01-23,GSW @ MIA,L,241,102,41,88,0.466,8,30,0.267,12,20,0.6,7,36,43,27,9,4,14,20,-3.0,2016-17
22016,1610612744,GSW,Golden State Warriors,0021600661,2017-01-22,GSW @ ORL,W,239,118,42,89,0.472,19,42,0.452,15,19,0.789,13,39,52,27,8,4,18,15,20.0,2016-17
22016,1610612744,GSW,Golden State Warriors,0021600646,2017-01-20,GSW @ HOU,W,238,125,47,89,0.528,15,38,0.395,16,21,0.762,8,33,41,30,8,7,14,18,17.0,2016-17
22016,1610612744,GSW,Golden State Warriors,0021600634,2017-01-18,GSW vs. OKC,W,241,121,46,85,0.541,10,21,0.476,19,27,0.704,11,35,46,35,11,8,18,16,21.0,2016-17
22016,1610612744,GSW,Golden State Warriors,0021600619,2017-01-16,GSW vs. CLE,W,242,126,46,91,0.505,15,34,0.441,19,24,0.792,11,47,58,37,10,11,16,22,35.0,2016-17
22016,1610612744,GSW,Golden State Warriors,0021600590,2017-01-12,GSW vs. DET,W,240,127,50,89,0.562,15,29,0.517,12,18,0.667,6,31,37,39,14,4,18,14,20.0,2016-17
22016,1610612744,GSW,Golden State Warriors,0021600578,2017-01-10,GSW vs. MIA,W,242,107,39,86,0.453,11,27,0.407,18,22,0.818,5,43,48,28,6,7,11,16,12.0,2016-17
22016,1610612744,GSW,Golden State Warriors,0021600566,2017-01-08,GSW @ SAC,W,240,117,45,89,0.506,10,29,0.345,17,20,0.85,13,33,46,33,11,6,17,22,11.0,2016-17
22016,1610612744,GSW,Golden State Warriors,0021600550,2017-01-06,GSW vs. MEM,L,265,119,41,83,0.494,8,30,0.267,29,39,0.744,7,37,44,23,7,5,16,21,-9.0,2016-17
22016,1610612744,GSW,Golden State Warriors,0021600534,2017-01-04,GSW vs. POR,W,241,125,44,87,0.506,13,36,0.361,24,29,0.828,8,31,39,31,14,9,15,20,8.0,2016-17
22016,1610612744,GSW,Golden State Warriors,0021600520,2017-01-02,GSW vs. DEN,W,239,127,50,95,0.526,11,25,0.44,16,21,0.762,12,31,43,33,7,2,13,14,8.0,2016-17
22016,1610612744,GSW,Golden State Warriors,0021600501,2016-12-30,GSW vs. DAL,W,241,108,42,84,0.5,11,33,0.333,13,15,0.867,4,39,43,31,5,4,13,12,9.0,2016-17
22016,1610612744,GSW,Golden State Warriors,0021600485,2016-12-28,GSW vs. TOR,W,240,121,46,81,0.568,14,23,0.609,15,18,0.833,9,42,51,33,4,9,20,16,10.0,2016-17
22016,1610612744,GSW,Golden State Warriors,0021600457,2016-12-25,GSW @ CLE,L,241,108,37,77,0.481,9,30,0.3,25,29,0.862,5,37,42,25,8,4,19,24,-1.0,2016-17
22016,1610612744,GSW,Golden State Warriors,0021600446,2016-12-23,GSW @ DET,W,240,119,43,77,0.558,11,27,0.407,22,24,0.917,4,37,41,35,9,2,22,21,6.0,2016-17
22016,1610612744,GSW,Golden State Warriors,0021600437,2016-12-22,GSW @ BKN,W,240,117,47,104,0.452,12,37,0.324,11,14,0.786,11,40,51,29,19,7,12,19,16.0,2016-17
22016,1610612744,GSW,Golden State Warriors,0021600427,2016-12-20,GSW vs. UTA,W,239,104,40,90,0.444,9,23,0.391,15,17,0.882,9,41,50,24,13,3,10,18,30.0,2016-17
22016,1610612744,GSW,Golden State Warriors,0021600405,2016-12-17,GSW vs. POR,W,240,135,51,87,0.586,14,28,0.5,19,26,0.731,9,47,56,36,7,5,15,16,45.0,2016-17
22016,1610612744,GSW,Golden State Warriors,0021600388,2016-12-15,GSW vs. NYK,W,241,103,45,96,0.469,9,32,0.281,4,8,0.5,15,42,57,41,7,10,17,17,13.0,2016-17
22016,1610612744,GSW,Golden State Warriors,0021600371,2016-12-13,GSW @ NOP,W,239,113,42,95,0.442,14,34,0.412,15,19,0.789,9,36,45,30,6,5,12,12,4.0,2016-17
22016,1610612744,GSW,Golden State Warriors,0021600358,2016-12-11,GSW @ MIN,W,242,116,38,83,0.458,13,32,0.406,27,30,0.9,6,31,37,30,9,4,8,24,8.0,2016-17
22016,1610612744,GSW,Golden State Warriors,0021600351,2016-12-10,GSW @ MEM,L,240,89,34,77,0.442,9,27,0.333,12,20,0.6,10,32,42,15,6,8,23,23,-21.0,2016-17
22016,1610612744,GSW,Golden State Warriors,0021600335,2016-12-08,GSW @ UTA,W,240,106,39,80,0.488,12,29,0.414,16,23,0.696,9,38,47,26,10,4,16,23,7.0,2016-17
22016,1610612744,GSW,Golden State Warriors,0021600330,2016-12-07,GSW @ LAC,W,240,115,42,89,0.472,7,31,0.226,24,29,0.828,12,34,46,32,11,5,10,24,17.0,2016-17
22016,1610612744,GSW,Golden State Warriors,0021600314,2016-12-05,GSW vs. IND,W,238,142,54,104,0.519,14,37,0.378,20,26,0.769,16,38,54,45,12,13,11,22,36.0,2016-17
22016,1610612744,GSW,Golden State Warriors,0021600299,2016-12-03,GSW vs. PHX,W,242,138,49,78,0.628,14,21,0.667,26,34,0.765,6,32,38,37,9,5,17,19,29.0,2016-17
22016,1610612744,GSW,Golden State Warriors,0021600281,2016-12-01,GSW vs. HOU,L,288,127,43,104,0.413,12,44,0.273,29,37,0.784,13,41,54,31,12,7,17,27,-5.0,2016-17
22016,1610612744,GSW,Golden State Warriors,0021600259,2016-11-28,GSW vs. ATL,W,239,105,37,85,0.435,12,35,0.343,19,24,0.792,7,34,41,25,6,10,14,20,5.0,2016-17
22016,1610612744,GSW,Golden State Warriors,0021600244,2016-11-26,GSW vs. MIN,W,239,115,45,81,0.556,11,22,0.5,14,17,0.824,12,33,45,25,9,8,18,14,13.0,2016-17
22016,1610612744,GSW,Golden State Warriors,0021600238,2016-11-25,GSW @ LAL,W,241,109,43,83,0.518,11,28,0.393,12,17,0.706,4,40,44,31,10,10,17,21,24.0,2016-17
22016,1610612744,GSW,Golden State Warriors,0021600223,2016-11-23,GSW vs. LAL,W,241,149,53,86,0.616,19,36,0.528,24,35,0.686,6,42,48,47,7,5,10,20,43.0,2016-17
22016,1610612744,GSW,Golden State Warriors,0021600202,2016-11-21,GSW @ IND,W,239,120,40,90,0.444,13,36,0.361,27,32,0.844,12,48,60,31,9,10,12,17,37.0,2016-17
22016,1610612744,GSW,Golden State Warriors,0021600191,2016-11-19,GSW @ MIL,W,240,124,42,95,0.442,14,38,0.368,26,32,0.813,18,27,45,30,8,5,12,25,3.0,2016-17
22016,1610612744,GSW,Golden State Warriors,0021600179,2016-11-18,GSW @ BOS,W,240,104,44,90,0.489,9,28,0.321,7,12,0.583,9,41,50,33,10,7,11,20,16.0,2016-17
22016,1610612744,GSW,Golden State Warriors,0021600165,2016-11-16,GSW @ TOR,W,240,127,44,87,0.506,13,36,0.361,26,28,0.929,7,28,35,33,9,7,12,25,6.0,2016-17
22016,1610612744,GSW,Golden State Warriors,0021600143,2016-11-13,GSW vs. PHX,W,240,133,45,87,0.517,16,33,0.485,27,31,0.871,8,35,43,32,8,7,16,20,13.0,2016-17
22016,1610612744,GSW,Golden State Warriors,0021600119,2016-11-10,GSW @ DEN,W,241,125,46,85,0.541,14,30,0.467,19,20,0.95,9,35,44,33,15,6,15,18,24.0,2016-17
22016,1610612744,GSW,Golden State Warriors,0021600116,2016-11-09,GSW vs. DAL,W,241,116,43,74,0.581,17,33,0.515,13,22,0.591,5,34,39,33,3,5,15,22,21.0,2016-17
22016,1610612744,GSW,Golden State Warriors,0021600099,2016-11-07,GSW vs. NOP,W,241,116,45,90,0.5,16,35,0.457,10,12,0.833,10,28,38,35,14,4,15,17,10.0,2016-17
22016,1610612744,GSW,Golden State Warriors,0021600078,2016-11-04,GSW @ LAL,L,240,97,39,86,0.453,5,32,0.156,14,20,0.7,9,31,40,26,13,3,20,13,-20.0,2016-17
22016,1610612744,GSW,Golden State Warriors,0021600069,2016-11-03,GSW vs. OKC,W,241,122,46,89,0.517,14,30,0.467,16,20,0.8,15,31,46,27,9,14,15,18,26.0,2016-17
22016,1610612744,GSW,Golden State Warriors,0021600054,2016-11-01,GSW @ POR,W,240,127,50,89,0.562,10,26,0.385,17,23,0.739,7,38,45,36,14,4,16,19,23.0,2016-17
22016,1610612744,GSW,Golden State Warriors,0021600036,2016-10-30,GSW @ PHX,W,241,106,35,83,0.422,8,29,0.276,28,33,0.848,7,36,43,27,6,5,15,23,6.0,2016-17
22016,1610612744,GSW,Golden State Warriors,0021600025,2016-10-28,GSW @ NOP,W,239,122,44,91,0.484,9,28,0.321,25,28,0.893,9,40,49,32,8,2,14,22,8.0,2016-17
22016,1610612744,GSW,Golden State Warriors,0021600003,2016-10-25,GSW vs. SAS,L,241,100,40,85,0.471,7,33,0.212,13,18,0.722,8,27,35,24,11,6,16,19,-29.0,2016-17
42016,1610612744,GSW,Golden State Warriors,0041600405,2017-06-12,GSW vs. CLE,W,241,129,46,90,0.511,14,38,0.368,23,28,0.821,13,29,42,27,8,2,13,24,9.0,2016-17
42016,1610612744,GSW,Golden State Warriors,0041600404,2017-06-09,GSW @ CLE,L,241,116,39,87,0.448,11,39,0.282,27,36,0.75,16,24,40,26,5,6,12,27,-19.0,2016-17
42016,1610612744,GSW,Golden State Warriors,0041600403,2017-06-07,GSW @ CLE,W,241,118,40,83,0.482,16,33,0.485,22,24,0.917,8,36,44,29,8,4,18,28,5.0,2016-17
42016,1610612744,GSW,Golden State Warriors,0041600402,2017-06-04,GSW vs. CLE,W,240,132,46,89,0.517,18,43,0.419,22,24,0.917,10,43,53,34,5,7,20,19,19.0,2016-17
42016,1610612744,GSW,Golden State Warriors,0041600401,2017-06-01,GSW vs. CLE,W,238,113,45,106,0.425,12,33,0.364,11,16,0.688,14,36,50,31,12,3,4,24,22.0,2016-17
42016,1610612744,GSW,Golden State Warriors,0041600314,2017-05-22,GSW @ SAS,W,240,129,48,86,0.558,14,39,0.359,19,25,0.76,5,48,53,30,7,3,17,25,14.0,2016-17
42016,1610612744,GSW,Golden State Warriors,0041600313,2017-05-20,GSW @ SAS,W,241,120,46,84,0.548,11,27,0.407,17,22,0.773,9,33,42,23,12,6,21,23,12.0,2016-17
42016,1610612744,GSW,Golden State Warriors,0041600312,2017-05-16,GSW vs. SAS,W,242,136,50,89,0.562,18,37,0.486,18,19,0.947,6,34,40,39,16,5,16,19,36.0,2016-17
42016,1610612744,GSW,Golden State Warriors,0041600311,2017-05-14,GSW vs. SAS,W,241,113,39,81,0.481,11,30,0.367,24,33,0.727,17,26,43,22,13,8,19,24,2.0,2016-17
42016,1610612744,GSW,Golden State Warriors,0041600224,2017-05-08,GSW @ UTA,W,240,121,43,84,0.512,11,26,0.423,24,27,0.889,6,44,50,28,8,3,11,26,26.0,2016-17
42016,1610612744,GSW,Golden State Warriors,0041600223,2017-05-06,GSW @ UTA,W,240,102,37,84,0.44,9,30,0.3,19,23,0.826,8,43,51,17,3,4,7,20,11.0,2016-17
42016,1610612744,GSW,Golden State Warriors,0041600222,2017-05-04,GSW vs. UTA,W,240,115,42,85,0.494,14,31,0.452,17,20,0.85,9,38,47,33,11,4,17,20,11.0,2016-17
42016,1610612744,GSW,Golden State Warriors,0041600221,2017-05-02,GSW vs. UTA,W,240,106,40,82,0.488,7,29,0.241,19,21,0.905,5,32,37,32,7,8,7,16,12.0,2016-17
42016,1610612744,GSW,Golden State Warriors,0041600144,2017-04-24,GSW @ POR,W,238,128,46,86,0.535,17,29,0.586,19,27,0.704,6,39,45,27,7,9,10,15,25.0,2016-17
42016,1610612744,GSW,Golden State Warriors,0041600143,2017-04-22,GSW @ POR,W,241,119,40,91,0.44,12,36,0.333,27,35,0.771,6,36,42,25,11,11,7,19,6.0,2016-17
42016,1610612744,GSW,Golden State Warriors,0041600142,2017-04-19,GSW vs. POR,W,240,110,40,91,0.44,10,32,0.313,20,24,0.833,11,43,54,31,8,11,17,17,29.0,2016-17
42016,1610612744,GSW,Golden State Warriors,0041600141,2017-04-16,GSW vs. POR,W,239,121,43,81,0.531,11,27,0.407,24,28,0.857,9,36,45,26,7,10,16,24,12.0,2016-17
22017,1610612744,GSW,Golden State Warriors,0021701217,2018-04-10,GSW @ UTA,L,239,79,30,86,0.349,5,19,0.263,14,16,0.875,9,30,39,14,7,3,15,18,-40.0,2017-18
22017,1610612744,GSW,Golden State Warriors,0021701203,2018-04-08,GSW @ PHX,W,241,117,47,90,0.522,13,32,0.406,10,15,0.667,5,36,41,27,9,7,11,15,17.0,2017-18
22017,1610612744,GSW,Golden State Warriors,0021701195,2018-04-07,GSW vs. NOP,L,241,120,49,90,0.544,15,33,0.455,7,11,0.636,8,34,42,31,3,0,17,21,-6.0,2017-18
22017,1610612744,GSW,Golden State Warriors,0021701175,2018-04-05,GSW @ IND,L,240,106,37,83,0.446,9,29,0.31,23,24,0.958,13,26,39,29,6,5,16,14,-20.0,2017-18
22017,1610612744,GSW,Golden State Warriors,0021701163,2018-04-03,GSW @ OKC,W,240,111,41,83,0.494,8,29,0.276,21,24,0.875,6,34,40,27,9,5,13,25,4.0,2017-18
22017,1610612744,GSW,Golden State Warriors,0021701153,2018-04-01,GSW vs. PHX,W,239,117,48,89,0.539,13,28,0.464,8,9,0.889,7,38,45,31,10,7,14,14,10.0,2017-18
22017,1610612744,GSW,Golden State Warriors,0021701142,2018-03-31,GSW @ SAC,W,242,112,41,83,0.494,9,26,0.346,21,28,0.75,6,36,42,28,9,6,10,18,16.0,2017-18
22017,1610612744,GSW,Golden State Warriors,0021701128,2018-03-29,GSW vs. MIL,L,239,107,41,75,0.547,10,20,0.5,15,15,1.0,2,29,31,26,10,7,18,19,-9.0,2017-18
22017,1610612744,GSW,Golden State Warriors,0021701114,2018-03-27,GSW vs. IND,L,241,81,35,86,0.407,5,17,0.294,6,9,0.667,17,34,51,21,4,9,16,17,-11.0,2017-18
22017,1610612744,GSW,Golden State Warriors,0021701102,2018-03-25,GSW vs. UTA,L,239,91,38,91,0.418,6,15,0.4,9,10,0.9,14,27,41,24,9,7,11,19,-19.0,2017-18
22017,1610612744,GSW,Golden State Warriors,0021701087,2018-03-23,GSW vs. ATL,W,242,106,42,93,0.452,12,30,0.4,10,11,0.909,10,36,46,28,8,6,7,17,12.0,2017-18
22017,1610612744,GSW,Golden State Warriors,0021701056,2018-03-19,GSW @ SAS,L,240,75,30,74,0.405,3,19,0.158,12,16,0.75,2,34,36,17,7,9,15,24,-14.0,2017-18
22017,1610612744,GSW,Golden State Warriors,0021701044,2018-03-17,GSW @ PHX,W,242,124,50,95,0.526,13,31,0.419,11,14,0.786,9,34,43,29,8,9,12,21,15.0,2017-18
22017,1610612744,GSW,Golden State Warriors,0021701033,2018-03-16,GSW vs. SAC,L,240,93,34,81,0.42,12,26,0.462,13,18,0.722,9,31,40,21,10,5,11,21,-5.0,2017-18
22017,1610612744,GSW,Golden State Warriors,0021701019,2018-03-14,GSW vs. LAL,W,237,117,44,81,0.543,6,20,0.3,23,28,0.821,11,39,50,25,8,6,21,24,11.0,2017-18
22017,1610612744,GSW,Golden State Warriors,0021700994,2018-03-11,GSW @ MIN,L,239,103,37,91,0.407,10,36,0.278,19,21,0.905,12,38,50,22,6,7,13,17,-6.0,2017-18
22017,1610612744,GSW,Golden State Warriors,0021700984,2018-03-09,GSW @ POR,L,241,108,38,78,0.487,12,28,0.429,20,24,0.833,6,27,33,20,5,3,10,20,-17.0,2017-18
22017,1610612744,GSW,Golden State Warriors,0021700976,2018-03-08,GSW vs. SAS,W,239,110,41,95,0.432,8,30,0.267,20,23,0.87,12,37,49,30,6,12,10,18,3.0,2017-18
22017,1610612744,GSW,Golden State Warriors,0021700963,2018-03-06,GSW vs. BKN,W,241,114,47,83,0.566,11,23,0.478,9,11,0.818,5,36,41,30,8,7,17,18,13.0,2017-18
22017,1610612744,GSW,Golden State Warriors,0021700928,2018-03-02,GSW @ ATL,W,241,114,42,79,0.532,11,31,0.355,19,22,0.864,2,33,35,33,12,5,18,20,5.0,2017-18
22017,1610612744,GSW,Golden State Warriors,0021700917,2018-02-28,GSW @ WAS,W,240,109,37,72,0.514,10,24,0.417,25,30,0.833,3,33,36,24,10,8,14,21,8.0,2017-18
22017,1610612744,GSW,Golden State Warriors,0021700900,2018-02-26,GSW @ NYK,W,240,125,44,85,0.518,15,31,0.484,22,26,0.846,8,35,43,31,8,5,12,13,14.0,2017-18
22017,1610612744,GSW,Golden State Warriors,0021700887,2018-02-24,GSW vs. OKC,W,239,112,42,89,0.472,17,38,0.447,11,13,0.846,12,42,54,36,8,6,14,21,32.0,2017-18
22017,1610612744,GSW,Golden State Warriors,0021700872,2018-02-22,GSW vs. LAC,W,239,134,47,76,0.618,14,25,0.56,26,34,0.765,3,29,32,31,8,8,15,24,7.0,2017-18
22017,1610612744,GSW,Golden State Warriors,0021700864,2018-02-14,GSW @ POR,L,240,117,43,90,0.478,13,37,0.351,18,19,0.947,8,33,41,24,8,7,16,24,-6.0,2017-18
22017,1610612744,GSW,Golden State Warriors,0021700846,2018-02-12,GSW vs. PHX,W,243,129,52,89,0.584,11,26,0.423,14,21,0.667,7,42,49,36,8,16,11,18,46.0,2017-18
22017,1610612744,GSW,Golden State Warriors,0021700831,2018-02-10,GSW vs. SAS,W,240,122,48,85,0.565,12,27,0.444,14,15,0.933,11,33,44,35,5,6,16,18,17.0,2017-18
22017,1610612744,GSW,Golden State Warriors,0021700815,2018-02-08,GSW vs. DAL,W,240,121,45,88,0.511,14,29,0.483,17,20,0.85,18,33,51,37,6,7,16,18,18.0,2017-18
22017,1610612744,GSW,Golden State Warriors,0021700803,2018-02-06,GSW vs. OKC,L,238,105,37,76,0.487,8,28,0.286,23,31,0.742,10,35,45,27,7,8,25,24,-20.0,2017-18
22017,1610612744,GSW,Golden State Warriors,0021700782,2018-02-03,GSW @ DEN,L,239,108,43,86,0.5,8,31,0.258,14,23,0.609,11,31,42,28,9,10,13,23,-1.0,2017-18
22017,1610612744,GSW,Golden State Warriors,0021700774,2018-02-02,GSW @ SAC,W,241,119,44,80,0.55,17,33,0.515,14,16,0.875,7,44,51,25,8,4,25,19,15.0,2017-18
22017,1610612744,GSW,Golden State Warriors,0021700751,2018-01-30,GSW @ UTA,L,242,99,39,85,0.459,5,25,0.2,16,21,0.762,11,26,37,27,10,7,19,16,-30.0,2017-18
22017,1610612744,GSW,Golden State Warriors,0021700728,2018-01-27,GSW vs. BOS,W,240,109,38,84,0.452,10,27,0.37,23,26,0.885,10,33,43,19,9,9,11,17,4.0,2017-18
22017,1610612744,GSW,Golden State Warriors,0021700713,2018-01-25,GSW vs. MIN,W,240,126,48,89,0.539,21,37,0.568,9,15,0.6,11,36,47,37,9,8,15,17,13.0,2017-18
22017,1610612744,GSW,Golden State Warriors,0021700699,2018-01-23,GSW vs. NYK,W,239,123,46,83,0.554,13,30,0.433,18,20,0.9,3,33,36,40,6,3,12,16,11.0,2017-18
22017,1610612744,GSW,Golden State Warriors,0021700679,2018-01-20,GSW @ HOU,L,241,108,40,82,0.488,17,36,0.472,11,15,0.733,4,29,33,31,8,10,19,24,-8.0,2017-18
22017,1610612744,GSW,Golden State Warriors,0021700657,2018-01-17,GSW @ CHI,W,240,119,42,84,0.5,13,33,0.394,22,25,0.88,5,44,49,24,5,3,15,16,7.0,2017-18
22017,1610612744,GSW,Golden State Warriors,0021700646,2018-01-15,GSW @ CLE,W,240,118,41,85,0.482,12,32,0.375,24,30,0.8,13,35,48,33,8,6,16,23,10.0,2017-18
22017,1610612744,GSW,Golden State Warriors,0021700631,2018-01-13,GSW @ TOR,W,239,127,47,81,0.58,9,24,0.375,24,28,0.857,3,27,30,28,4,3,6,20,2.0,2017-18
22017,1610612744,GSW,Golden State Warriors,0021700622,2018-01-12,GSW @ MIL,W,240,108,44,79,0.557,5,15,0.333,15,18,0.833,10,33,43,28,7,3,11,13,14.0,2017-18
22017,1610612744,GSW,Golden State Warriors,0021700613,2018-01-10,GSW vs. LAC,L,239,106,38,79,0.481,8,23,0.348,22,26,0.846,4,29,33,26,9,6,16,21,-19.0,2017-18
22017,1610612744,GSW,Golden State Warriors,0021700597,2018-01-08,GSW vs. DEN,W,239,124,48,85,0.565,13,30,0.433,15,21,0.714,10,33,43,33,7,10,16,15,10.0,2017-18
22017,1610612744,GSW,Golden State Warriors,0021700578,2018-01-06,GSW @ LAC,W,242,121,39,94,0.415,13,39,0.333,30,37,0.811,14,40,54,31,13,10,16,25,16.0,2017-18
22017,1610612744,GSW,Golden State Warriors,0021700566,2018-01-04,GSW @ HOU,W,241,124,48,87,0.552,13,30,0.433,15,20,0.75,6,39,45,35,6,6,12,18,12.0,2017-18
22017,1610612744,GSW,Golden State Warriors,0021700562,2018-01-03,GSW @ DAL,W,240,125,48,91,0.527,13,32,0.406,16,19,0.842,7,39,46,36,8,7,14,21,3.0,2017-18
22017,1610612744,GSW,Golden State Warriors,0021700535,2017-12-30,GSW vs. MEM,W,240,141,50,85,0.588,18,33,0.545,23,25,0.92,7,31,38,37,3,6,10,17,13.0,2017-18
22017,1610612744,GSW,Golden State Warriors,0021700528,2017-12-29,GSW vs. CHA,L,241,100,40,87,0.46,8,22,0.364,12,13,0.923,8,35,43,32,6,5,17,25,-11.0,2017-18
22017,1610612744,GSW,Golden State Warriors,0021700514,2017-12-27,GSW vs. UTA,W,239,126,51,86,0.593,11,23,0.478,13,17,0.765,4,46,50,37,8,7,16,18,25.0,2017-18
22017,1610612744,GSW,Golden State Warriors,0021700494,2017-12-25,GSW vs. CLE,W,240,99,38,82,0.463,10,37,0.27,13,17,0.765,10,37,47,28,7,7,15,18,7.0,2017-18
22017,1610612744,GSW,Golden State Warriors,0021700489,2017-12-23,GSW vs. DEN,L,241,81,32,84,0.381,3,27,0.111,14,17,0.824,11,27,38,25,14,8,16,14,-15.0,2017-18
22017,1610612744,GSW,Golden State Warriors,0021700479,2017-12-22,GSW vs. LAL,W,241,113,42,85,0.494,7,24,0.292,22,27,0.815,10,32,42,24,9,13,15,17,7.0,2017-18
22017,1610612744,GSW,Golden State Warriors,0021700464,2017-12-20,GSW vs. MEM,W,240,97,34,74,0.459,7,21,0.333,22,25,0.88,14,30,44,26,9,8,16,19,13.0,2017-18
22017,1610612744,GSW,Golden State Warriors,0021700450,2017-12-18,GSW @ LAL,W,266,116,43,107,0.402,11,34,0.324,19,21,0.905,15,46,61,25,6,10,14,26,2.0,2017-18
22017,1610612744,GSW,Golden State Warriors,0021700417,2017-12-14,GSW vs. DAL,W,242,112,47,78,0.603,11,22,0.5,7,9,0.778,4,37,41,35,7,4,16,22,15.0,2017-18
22017,1610612744,GSW,Golden State Warriors,0021700395,2017-12-11,GSW vs. POR,W,241,111,44,80,0.55,10,20,0.5,13,17,0.765,6,36,42,26,5,9,14,16,7.0,2017-18
22017,1610612744,GSW,Golden State Warriors,0021700368,2017-12-08,GSW @ DET,W,241,102,39,81,0.481,7,26,0.269,17,22,0.773,5,40,45,29,5,15,14,19,4.0,2017-18
22017,1610612744,GSW,Golden State Warriors,0021700358,2017-12-06,GSW @ CHA,W,241,101,40,84,0.476,11,30,0.367,10,13,0.769,8,39,47,26,8,12,15,20,14.0,2017-18
22017,1610612744,GSW,Golden State Warriors,0021700346,2017-12-04,GSW @ NOP,W,239,125,45,87,0.517,16,33,0.485,19,27,0.704,5,35,40,36,14,5,16,17,10.0,2017-18
22017,1610612744,GSW,Golden State Warriors,0021700335,2017-12-03,GSW @ MIA,W,240,123,47,84,0.56,11,30,0.367,18,24,0.75,7,34,41,32,4,4,9,14,28.0,2017-18
22017,1610612744,GSW,Golden State Warriors,0021700318,2017-12-01,GSW @ ORL,W,238,133,55,88,0.625,12,24,0.5,11,11,1.0,7,35,42,46,9,11,19,16,21.0,2017-18
22017,1610612744,GSW,Golden State Warriors,0021700312,2017-11-29,GSW @ LAL,W,264,127,47,94,0.5,12,30,0.4,21,28,0.75,12,37,49,30,10,4,22,19,4.0,2017-18
22017,1610612744,GSW,Golden State Warriors,0021700296,2017-11-27,GSW vs. SAC,L,240,106,40,80,0.5,16,37,0.432,10,14,0.714,9,27,36,31,9,6,14,15,-4.0,2017-18
22017,1610612744,GSW,Golden State Warriors,0021700284,2017-11-25,GSW vs. NOP,W,239,110,39,94,0.415,10,33,0.303,22,27,0.815,11,33,44,30,11,6,9,24,15.0,2017-18
22017,1610612744,GSW,Golden State Warriors,0021700276,2017-11-24,GSW vs. CHI,W,240,143,53,91,0.582,16,36,0.444,21,21,1.0,6,43,49,36,11,11,11,15,49.0,2017-18
22017,1610612744,GSW,Golden State Warriors,0021700263,2017-11-22,GSW @ OKC,L,239,91,33,80,0.413,10,31,0.323,15,18,0.833,7,32,39,22,11,8,22,20,-17.0,2017-18
22017,1610612744,GSW,Golden State Warriors,0021700236,2017-11-19,GSW @ BKN,W,241,118,46,90,0.511,10,24,0.417,16,23,0.696,6,51,57,29,8,14,15,27,7.0,2017-18
22017,1610612744,GSW,Golden State Warriors,0021700231,2017-11-18,GSW @ PHI,W,241,124,50,91,0.549,7,23,0.304,17,20,0.85,11,37,48,25,5,6,12,18,8.2,2017-18
22017,1610612744,GSW,Golden State Warriors,0021700215,2017-11-16,GSW @ BOS,L,241,88,33,82,0.402,10,32,0.313,12,19,0.632,7,40,47,22,9,10,15,24,-4.0,2017-18
22017,1610612744,GSW,Golden State Warriors,0021700199,2017-11-13,GSW vs. ORL,W,239,110,44,88,0.5,8,23,0.348,14,16,0.875,12,38,50,35,4,5,16,21,10.0,2017-18
22017,1610612744,GSW,Golden State Warriors,0021700184,2017-11-11,GSW vs. PHI,W,241,135,48,82,0.585,14,27,0.519,25,26,0.962,4,35,39,31,15,11,22,23,21.0,2017-18
22017,1610612744,GSW,Golden State Warriors,0021700163,2017-11-08,GSW vs. MIN,W,241,125,48,85,0.565,15,36,0.417,14,18,0.778,3,42,45,37,10,9,19,23,24.0,2017-18
22017,1610612744,GSW,Golden State Warriors,0021700148,2017-11-06,GSW vs. MIA,W,239,97,32,87,0.368,11,32,0.344,22,24,0.917,13,38,51,20,12,10,14,21,17.0,2017-18
22017,1610612744,GSW,Golden State Warriors,0021700135,2017-11-04,GSW @ DEN,W,240,127,50,91,0.549,18,40,0.45,9,17,0.529,7,34,41,38,13,4,13,23,19.0,2017-18
22017,1610612744,GSW,Golden State Warriors,0021700117,2017-11-02,GSW @ SAS,W,241,112,43,83,0.518,14,28,0.5,12,16,0.75,5,36,41,30,11,12,14,20,20.0,2017-18
22017,1610612744,GSW,Golden State Warriors,0021700100,2017-10-30,GSW @ LAC,W,241,141,52,89,0.584,14,29,0.483,23,30,0.767,14,32,46,37,8,8,12,23,28.0,2017-18
22017,1610612744,GSW,Golden State Warriors,0021700091,2017-10-29,GSW vs. DET,L,239,107,44,77,0.571,10,27,0.37,9,12,0.75,10,30,40,29,3,11,25,14,-8.0,2017-18
22017,1610612744,GSW,Golden State Warriors,0021700075,2017-10-27,GSW vs. WAS,W,240,120,46,95,0.484,10,38,0.263,18,20,0.9,15,38,53,33,7,13,17,20,3.0,2017-18
22017,1610612744,GSW,Golden State Warriors,0021700063,2017-10-25,GSW vs. TOR,W,241,117,43,77,0.558,12,26,0.462,19,22,0.864,6,31,37,32,10,7,17,15,5.0,2017-18
22017,1610612744,GSW,Golden State Warriors,0021700045,2017-10-23,GSW @ DAL,W,240,133,48,86,0.558,15,39,0.385,22,26,0.846,10,40,50,33,6,8,16,23,18.6,2017-18
22017,1610612744,GSW,Golden State Warriors,0021700033,2017-10-21,GSW @ MEM,L,238,101,33,84,0.393,12,38,0.316,23,27,0.852,12,34,46,20,10,7,17,28,-10.0,2017-18
22017,1610612744,GSW,Golden State Warriors,0021700025,2017-10-20,GSW @ NOP,W,241,128,47,91,0.516,18,40,0.45,16,20,0.8,10,39,49,29,6,8,18,23,8.0,2017-18
22017,1610612744,GSW,Golden State Warriors,0021700002,2017-10-17,GSW vs. HOU,L,241,121,43,80,0.538,16,30,0.533,19,21,0.905,6,35,41,34,5,9,17,25,-1.0,2017-18
42017,1610612744,GSW,Golden State Warriors,0041700404,2018-06-08,GSW @ CLE,W,241,108,39,86,0.453,14,38,0.368,16,16,1.0,10,34,44,25,7,13,8,24,23.0,2017-18
42017,1610612744,GSW,Golden State Warriors,0041700403,2018-06-06,GSW @ CLE,W,239,110,42,81,0.519,9,26,0.346,17,19,0.895,6,31,37,27,6,5,10,20,8.0,2017-18
42017,1610612744,GSW,Golden State Warriors,0041700402,2018-06-03,GSW vs. CLE,W,238,122,47,82,0.573,15,36,0.417,13,21,0.619,7,34,41,28,3,8,12,25,19.0,2017-18
42017,1610612744,GSW,Golden State Warriors,0041700401,2018-05-31,GSW vs. CLE,W,264,124,46,90,0.511,13,36,0.361,19,20,0.95,4,34,38,31,10,6,7,18,10.0,2017-18
42017,1610612744,GSW,Golden State Warriors,0041700317,2018-05-28,GSW @ HOU,W,239,101,39,80,0.488,16,39,0.41,7,14,0.5,11,31,42,25,9,7,16,22,9.0,2017-18
42017,1610612744,GSW,Golden State Warriors,0041700316,2018-05-26,GSW vs. HOU,W,238,115,43,87,0.494,16,38,0.421,13,19,0.684,13,34,47,26,11,10,12,17,29.0,2017-18
42017,1610612744,GSW,Golden State Warriors,0041700315,2018-05-24,GSW @ HOU,L,241,94,32,72,0.444,10,26,0.385,20,23,0.87,4,37,41,18,7,1,16,21,-4.0,2017-18
42017,1610612744,GSW,Golden State Warriors,0041700314,2018-05-22,GSW vs. HOU,L,240,92,35,89,0.393,9,27,0.333,13,14,0.929,16,33,49,14,6,3,16,24,-3.0,2017-18
42017,1610612744,GSW,Golden State Warriors,0041700313,2018-05-20,GSW vs. HOU,W,239,126,48,92,0.522,13,32,0.406,17,18,0.944,11,38,49,20,11,7,8,16,41.0,2017-18
42017,1610612744,GSW,Golden State Warriors,0041700312,2018-05-16,GSW @ HOU,L,238,105,39,85,0.459,9,30,0.3,18,22,0.818,9,27,36,21,6,4,15,22,-22.0,2017-18
42017,1610612744,GSW,Golden State Warriors,0041700311,2018-05-14,GSW @ HOU,W,240,119,42,80,0.525,13,33,0.394,22,25,0.88,3,34,37,24,9,4,9,17,13.0,2017-18
42017,1610612744,GSW,Golden State Warriors,0041700235,2018-05-08,GSW vs. NOP,W,241,113,48,99,0.485,7,27,0.259,10,12,0.833,11,41,52,35,10,2,12,18,9.0,2017-18
42017,1610612744,GSW,Golden State Warriors,0041700234,2018-05-06,GSW @ NOP,W,240,118,46,95,0.484,11,33,0.333,15,18,0.833,5,40,45,28,11,5,11,20,26.0,2017-18
42017,1610612744,GSW,Golden State Warriors,0041700233,2018-05-04,GSW @ NOP,L,240,100,35,92,0.38,9,31,0.29,21,26,0.808,10,34,44,22,11,4,12,17,-19.0,2017-18
42017,1610612744,GSW,Golden State Warriors,0041700232,2018-05-01,GSW vs. NOP,W,240,121,43,91,0.473,13,40,0.325,22,27,0.815,7,42,49,36,10,8,16,18,5.0,2017-18
42017,1610612744,GSW,Golden State Warriors,0041700231,2018-04-28,GSW vs. NOP,W,240,123,44,91,0.484,11,27,0.407,24,32,0.75,13,44,57,33,8,10,13,16,22.0,2017-18
42017,1610612744,GSW,Golden State Warriors,0041700155,2018-04-24,GSW vs. SAS,W,240,99,37,83,0.446,5,27,0.185,20,25,0.8,8,39,47,25,5,5,10,19,8.0,2017-18
42017,1610612744,GSW,Golden State Warriors,0041700154,2018-04-22,GSW @ SAS,L,240,90,34,90,0.378,7,28,0.25,15,17,0.882,24,37,61,19,6,2,16,22,-13.0,2017-18
42017,1610612744,GSW,Golden State Warriors,0041700153,2018-04-19,GSW @ SAS,W,242,110,42,82,0.512,10,32,0.313,16,18,0.889,4,35,39,26,8,7,10,16,13.0,2017-18
42017,1610612744,GSW,Golden State Warriors,0041700152,2018-04-16,GSW vs. SAS,W,239,116,41,78,0.526,15,31,0.484,19,20,0.95,6,33,39,32,5,5,15,24,15.0,2017-18
42017,1610612744,GSW,Golden State Warriors,0041700151,2018-04-14,GSW vs. SAS,W,239,113,44,81,0.543,10,22,0.455,15,22,0.682,10,41,51,32,6,6,15,18,21.0,2017-18
22018,1610612744,GSW,Golden State Warriors,0021801225,2019-04-10,GSW @ MEM,L,239,117,46,92,0.5,13,30,0.433,12,14,0.857,9,30,39,32,3,5,14,17,-15.0,2018-19
22018,1610612744,GSW,Golden State Warriors,0021801215,2019-04-09,GSW @ NOP,W,241,112,43,89,0.483,12,30,0.4,14,21,0.667,11,47,58,25,8,3,14,17,9.0,2018-19
22018,1610612744,GSW,Golden State Warriors,0021801205,2019-04-07,GSW vs. LAC,W,238,131,53,97,0.546,12,37,0.324,13,15,0.867,11,37,48,34,16,8,9,22,27.0,2018-19
22018,1610612744,GSW,Golden State Warriors,0021801191,2019-04-05,GSW vs. CLE,W,240,120,46,87,0.529,20,37,0.541,8,8,1.0,4,34,38,29,2,8,13,21,6.0,2018-19
22018,1610612744,GSW,Golden State Warriors,0021801179,2019-04-04,GSW @ LAL,W,241,108,43,98,0.439,18,46,0.391,4,5,0.8,9,42,51,30,11,5,14,18,18.0,2018-19
22018,1610612744,GSW,Golden State Warriors,0021801164,2019-04-02,GSW vs. DEN,W,238,116,50,92,0.543,13,34,0.382,3,8,0.375,13,42,55,36,11,11,24,21,14.0,2018-19
22018,1610612744,GSW,Golden State Warriors,0021801150,2019-03-31,GSW vs. CHA,W,238,137,53,88,0.602,21,33,0.636,10,12,0.833,10,40,50,41,7,10,15,19,47.0,2018-19
22018,1610612744,GSW,Golden State Warriors,0021801132,2019-03-29,GSW @ MIN,L,266,130,46,98,0.469,18,40,0.45,20,28,0.714,8,37,45,27,11,3,14,24,-1.0,2018-19
22018,1610612744,GSW,Golden State Warriors,0021801118,2019-03-27,GSW @ MEM,W,241,118,45,84,0.536,15,31,0.484,13,15,0.867,6,40,46,30,9,7,14,19,15.0,2018-19
22018,1610612744,GSW,Golden State Warriors,0021801101,2019-03-24,GSW vs. DET,W,240,121,46,74,0.622,13,25,0.52,16,19,0.842,7,30,37,31,3,5,13,23,7.0,2018-19
22018,1610612744,GSW,Golden State Warriors,0021801092,2019-03-23,GSW vs. DAL,L,241,91,36,90,0.4,4,30,0.133,15,21,0.714,8,28,36,22,6,2,10,22,-35.0,2018-19
22018,1610612744,GSW,Golden State Warriors,0021801079,2019-03-21,GSW vs. IND,W,240,112,44,89,0.494,13,36,0.361,11,16,0.688,10,40,50,32,6,8,15,19,23.0,2018-19
22018,1610612744,GSW,Golden State Warriors,0021801062,2019-03-19,GSW @ MIN,W,240,117,44,91,0.484,19,42,0.452,10,14,0.714,8,38,46,39,6,7,13,25,10.0,2018-19
22018,1610612744,GSW,Golden State Warriors,0021801055,2019-03-18,GSW @ SAS,L,241,105,41,88,0.466,13,39,0.333,10,12,0.833,7,36,43,27,7,6,13,20,-6.0,2018-19
22018,1610612744,GSW,Golden State Warriors,0021801038,2019-03-16,GSW @ OKC,W,238,110,39,83,0.47,15,35,0.429,17,22,0.773,8,45,53,25,10,6,16,22,22.0,2018-19
22018,1610612744,GSW,Golden State Warriors,0021801018,2019-03-13,GSW @ HOU,W,240,106,42,85,0.494,12,32,0.375,10,10,1.0,12,32,44,28,7,2,14,20,2.0,2018-19
22018,1610612744,GSW,Golden State Warriors,0021801000,2019-03-10,GSW vs. PHX,L,240,111,42,95,0.442,10,43,0.233,17,22,0.773,15,34,49,34,10,6,17,24,-4.0,2018-19
22018,1610612744,GSW,Golden State Warriors,0021800984,2019-03-08,GSW vs. DEN,W,239,122,45,84,0.536,18,35,0.514,14,21,0.667,7,36,43,32,11,10,17,28,17.0,2018-19
22018,1610612744,GSW,Golden State Warriors,0021800964,2019-03-05,GSW vs. BOS,L,240,95,34,85,0.4,8,35,0.229,19,23,0.826,9,36,45,26,5,2,21,24,-33.0,2018-19
22018,1610612744,GSW,Golden State Warriors,0021800938,2019-03-02,GSW @ PHI,W,240,120,41,81,0.506,14,33,0.424,24,34,0.706,4,35,39,23,14,7,13,22,3.0,2018-19
22018,1610612744,GSW,Golden State Warriors,0021800923,2019-02-28,GSW @ ORL,L,242,96,39,97,0.402,9,40,0.225,9,10,0.9,9,38,47,16,5,3,12,14,-7.0,2018-19
22018,1610612744,GSW,Golden State Warriors,0021800915,2019-02-27,GSW @ MIA,L,240,125,44,89,0.494,17,48,0.354,20,28,0.714,8,29,37,21,7,3,8,21,-1.0,2018-19
22018,1610612744,GSW,Golden State Warriors,0021800897,2019-02-25,GSW @ CHA,W,239,121,48,95,0.505,14,41,0.341,11,13,0.846,13,36,49,35,9,8,15,18,11.0,2018-19
22018,1610612744,GSW,Golden State Warriors,0021800892,2019-02-23,GSW vs. HOU,L,240,112,42,90,0.467,14,36,0.389,14,20,0.7,9,36,45,26,9,10,17,19,-6.0,2018-19
22018,1610612744,GSW,Golden State Warriors,0021800871,2019-02-21,GSW vs. SAC,W,241,125,43,94,0.457,19,46,0.413,20,24,0.833,8,41,49,32,5,11,15,26,2.0,2018-19
22018,1610612744,GSW,Golden State Warriors,0021800862,2019-02-13,GSW @ POR,L,240,107,39,97,0.402,13,38,0.342,16,18,0.889,18,31,49,26,1,9,8,26,-22.0,2018-19
22018,1610612744,GSW,Golden State Warriors,0021800852,2019-02-12,GSW vs. UTA,W,239,115,44,89,0.494,13,41,0.317,14,21,0.667,5,35,40,29,12,7,6,20,7.0,2018-19
22018,1610612744,GSW,Golden State Warriors,0021800838,2019-02-10,GSW vs. MIA,W,240,120,44,82,0.537,13,36,0.361,19,26,0.731,7,29,36,28,8,5,12,16,2.0,2018-19
22018,1610612744,GSW,Golden State Warriors,0021800822,2019-02-08,GSW @ PHX,W,241,117,41,81,0.506,10,29,0.345,25,35,0.714,9,40,49,30,5,9,18,23,10.0,2018-19
22018,1610612744,GSW,Golden State Warriors,0021800810,2019-02-06,GSW vs. SAS,W,242,141,55,95,0.579,16,34,0.471,15,21,0.714,14,38,52,42,14,5,11,20,39.0,2018-19
22018,1610612744,GSW,Golden State Warriors,0021800782,2019-02-02,GSW vs. LAL,W,241,115,43,91,0.473,11,34,0.324,18,19,0.947,7,37,44,31,4,9,10,17,14.0,2018-19
22018,1610612744,GSW,Golden State Warriors,0021800768,2019-01-31,GSW vs. PHI,L,240,104,41,88,0.466,11,38,0.289,11,16,0.688,9,28,37,30,13,7,15,19,-9.0,2018-19
22018,1610612744,GSW,Golden State Warriors,0021800745,2019-01-28,GSW @ IND,W,240,132,53,98,0.541,13,31,0.419,13,16,0.813,13,35,48,39,9,7,12,19,32.0,2018-19
22018,1610612744,GSW,Golden State Warriors,0021800732,2019-01-26,GSW @ BOS,W,240,115,37,83,0.446,12,33,0.364,29,34,0.853,11,42,53,25,8,7,14,19,4.0,2018-19
22018,1610612744,GSW,Golden State Warriors,0021800716,2019-01-24,GSW @ WAS,W,239,126,50,88,0.568,7,20,0.35,19,21,0.905,8,42,50,34,5,6,15,21,8.0,2018-19
22018,1610612744,GSW,Golden State Warriors,0021800701,2019-01-21,GSW @ LAL,W,239,130,50,98,0.51,16,37,0.432,14,19,0.737,13,37,50,41,8,6,10,27,19.0,2018-19
22018,1610612744,GSW,Golden State Warriors,0021800676,2019-01-18,GSW @ LAC,W,239,112,42,86,0.488,9,37,0.243,19,27,0.704,3,40,43,31,11,8,10,24,18.0,2018-19
22018,1610612744,GSW,Golden State Warriors,0021800663,2019-01-16,GSW vs. NOP,W,239,147,49,102,0.48,24,49,0.49,25,31,0.806,10,47,57,33,8,5,10,24,7.0,2018-19
22018,1610612744,GSW,Golden State Warriors,0021800655,2019-01-15,GSW @ DEN,W,241,142,57,95,0.6,21,39,0.538,7,10,0.7,12,38,50,38,6,4,10,20,31.0,2018-19
22018,1610612744,GSW,Golden State Warriors,0021800642,2019-01-13,GSW @ DAL,W,240,119,45,99,0.455,19,45,0.422,10,12,0.833,16,33,49,26,9,8,10,22,5.0,2018-19
22018,1610612744,GSW,Golden State Warriors,0021800629,2019-01-11,GSW vs. CHI,W,240,146,53,92,0.576,18,39,0.462,22,26,0.846,11,38,49,38,6,8,12,27,37.0,2018-19
22018,1610612744,GSW,Golden State Warriors,0021800605,2019-01-08,GSW vs. NYK,W,240,122,49,96,0.51,14,45,0.311,10,12,0.833,15,34,49,36,9,10,15,14,27.0,2018-19
22018,1610612744,GSW,Golden State Warriors,0021800583,2019-01-05,GSW @ SAC,W,242,127,47,93,0.505,21,47,0.447,12,14,0.857,12,35,47,29,5,8,13,16,4.0,2018-19
22018,1610612744,GSW,Golden State Warriors,0021800565,2019-01-03,GSW vs. HOU,L,264,134,53,102,0.52,14,37,0.378,14,15,0.933,9,38,47,33,8,6,14,19,-1.0,2018-19
22018,1610612744,GSW,Golden State Warriors,0021800548,2018-12-31,GSW @ PHX,W,242,132,46,84,0.548,14,28,0.5,26,32,0.813,7,37,44,31,7,8,15,24,23.0,2018-19
22018,1610612744,GSW,Golden State Warriors,0021800534,2018-12-29,GSW @ POR,W,239,115,40,80,0.5,12,25,0.48,23,28,0.821,5,37,42,27,9,4,12,18,10.0,2018-19
22018,1610612744,GSW,Golden State Warriors,0021800516,2018-12-27,GSW vs. POR,L,267,109,45,106,0.425,13,44,0.295,6,15,0.4,14,45,59,36,10,9,15,19,-1.0,2018-19
22018,1610612744,GSW,Golden State Warriors,0021800500,2018-12-25,GSW vs. LAL,L,241,101,38,93,0.409,9,36,0.25,16,21,0.762,7,30,37,28,5,1,13,21,-26.0,2018-19
22018,1610612744,GSW,Golden State Warriors,0021800494,2018-12-23,GSW vs. LAC,W,240,129,42,93,0.452,14,40,0.35,31,36,0.861,15,31,46,22,9,7,7,27,2.0,2018-19
22018,1610612744,GSW,Golden State Warriors,0021800484,2018-12-22,GSW vs. DAL,W,239,120,45,98,0.459,15,43,0.349,15,16,0.938,15,39,54,34,7,7,13,23,4.0,2018-19
22018,1610612744,GSW,Golden State Warriors,0021800464,2018-12-19,GSW @ UTA,L,240,103,38,95,0.4,10,31,0.323,17,18,0.944,10,38,48,18,10,9,12,21,-5.0,2018-19
22018,1610612744,GSW,Golden State Warriors,0021800449,2018-12-17,GSW vs. MEM,W,240,110,37,85,0.435,12,31,0.387,24,27,0.889,6,36,42,23,10,5,10,19,17.0,2018-19
22018,1610612744,GSW,Golden State Warriors,0021800428,2018-12-14,GSW @ SAC,W,241,130,44,96,0.458,15,40,0.375,27,36,0.75,15,45,60,32,5,0,18,23,5.0,2018-19
22018,1610612744,GSW,Golden State Warriors,0021800415,2018-12-12,GSW vs. TOR,L,239,93,39,82,0.476,6,26,0.231,9,13,0.692,5,35,40,28,5,11,19,18,-20.0,2018-19
22018,1610612744,GSW,Golden State Warriors,0021800400,2018-12-10,GSW vs. MIN,W,239,116,39,93,0.419,19,43,0.442,19,21,0.905,14,35,49,25,6,5,16,26,8.0,2018-19
22018,1610612744,GSW,Golden State Warriors,0021800377,2018-12-07,GSW @ MIL,W,241,105,40,89,0.449,19,46,0.413,6,7,0.857,6,37,43,32,7,6,17,20,10.0,2018-19
22018,1610612744,GSW,Golden State Warriors,0021800355,2018-12-05,GSW @ CLE,W,240,129,45,85,0.529,18,34,0.529,21,24,0.875,9,37,46,29,6,5,8,17,17.6,2018-19
22018,1610612744,GSW,Golden State Warriors,0021800344,2018-12-03,GSW @ ATL,W,240,128,48,82,0.585,13,24,0.542,19,22,0.864,6,33,39,33,10,8,20,24,17.0,2018-19
22018,1610612744,GSW,Golden State Warriors,0021800331,2018-12-01,GSW @ DET,L,239,102,39,85,0.459,6,26,0.231,18,21,0.857,8,36,44,23,6,5,14,22,-9.0,2018-19
22018,1610612744,GSW,Golden State Warriors,0021800316,2018-11-29,GSW @ TOR,L,265,128,50,103,0.485,11,30,0.367,17,20,0.85,17,29,46,27,6,5,14,22,-3.0,2018-19
22018,1610612744,GSW,Golden State Warriors,0021800300,2018-11-26,GSW vs. ORL,W,240,116,41,84,0.488,13,35,0.371,21,23,0.913,10,36,46,21,8,7,14,19,6.0,2018-19
22018,1610612744,GSW,Golden State Warriors,0021800285,2018-11-24,GSW vs. SAC,W,238,117,41,88,0.466,10,34,0.294,25,29,0.862,12,42,54,28,5,6,14,24,1.0,2018-19
22018,1610612744,GSW,Golden State Warriors,0021800277,2018-11-23,GSW vs. POR,W,241,125,48,85,0.565,17,32,0.531,12,16,0.75,6,37,43,29,11,10,15,22,28.0,2018-19
22018,1610612744,GSW,Golden State Warriors,0021800264,2018-11-21,GSW vs. OKC,L,241,95,36,83,0.434,7,29,0.241,16,24,0.667,7,35,42,24,7,10,17,18,-28.0,2018-19
22018,1610612744,GSW,Golden State Warriors,0021800238,2018-11-18,GSW @ SAS,L,239,92,35,86,0.407,5,26,0.192,17,21,0.81,10,36,46,20,6,4,11,17,-12.0,2018-19
22018,1610612744,GSW,Golden State Warriors,0021800232,2018-11-17,GSW @ DAL,L,241,109,42,94,0.447,9,33,0.273,16,17,0.941,12,35,47,24,6,6,12,27,-3.0,2018-19
22018,1610612744,GSW,Golden State Warriors,0021800213,2018-11-15,GSW @ HOU,L,238,86,32,76,0.421,4,18,0.222,18,22,0.818,12,32,44,18,2,5,16,24,-21.0,2018-19
22018,1610612744,GSW,Golden State Warriors,0021800201,2018-11-13,GSW vs. ATL,W,241,110,39,91,0.429,12,27,0.444,20,21,0.952,13,35,48,28,8,6,13,20,7.0,2018-19
22018,1610612744,GSW,Golden State Warriors,0021800198,2018-11-12,GSW @ LAC,L,265,116,44,94,0.468,12,31,0.387,16,23,0.696,11,35,46,27,7,8,17,25,-5.0,2018-19
22018,1610612744,GSW,Golden State Warriors,0021800182,2018-11-10,GSW vs. BKN,W,240,116,46,83,0.554,7,16,0.438,17,21,0.81,6,30,36,27,9,7,10,24,12.8,2018-19
22018,1610612744,GSW,Golden State Warriors,0021800166,2018-11-08,GSW vs. MIL,L,239,111,42,87,0.483,10,28,0.357,17,22,0.773,8,30,38,31,5,6,18,22,-23.0,2018-19
22018,1610612744,GSW,Golden State Warriors,0021800147,2018-11-05,GSW vs. MEM,W,240,117,41,81,0.506,13,24,0.542,22,23,0.957,8,38,46,29,4,4,13,25,16.0,2018-19
22018,1610612744,GSW,Golden State Warriors,0021800124,2018-11-02,GSW vs. MIN,W,239,116,43,88,0.489,13,34,0.382,17,22,0.773,12,49,61,31,3,9,16,16,17.0,2018-19
22018,1610612744,GSW,Golden State Warriors,0021800108,2018-10-31,GSW vs. NOP,W,240,131,47,89,0.528,16,32,0.5,21,30,0.7,12,34,46,39,10,4,17,24,10.0,2018-19
22018,1610612744,GSW,Golden State Warriors,0021800091,2018-10-29,GSW @ CHI,W,241,149,53,96,0.552,24,45,0.533,19,26,0.731,8,41,49,34,9,7,7,29,25.0,2018-19
22018,1610612744,GSW,Golden State Warriors,0021800083,2018-10-28,GSW @ BKN,W,239,120,44,89,0.494,11,33,0.333,21,24,0.875,12,35,47,28,11,7,12,16,6.0,2018-19
22018,1610612744,GSW,Golden State Warriors,0021800068,2018-10-26,GSW @ NYK,W,240,128,51,87,0.586,16,33,0.485,10,12,0.833,6,33,39,26,10,6,14,16,28.0,2018-19
22018,1610612744,GSW,Golden State Warriors,0021800062,2018-10-24,GSW vs. WAS,W,243,144,53,92,0.576,15,33,0.455,23,25,0.92,10,38,48,37,6,5,15,22,22.0,2018-19
22018,1610612744,GSW,Golden State Warriors,0021800047,2018-10-22,GSW vs. PHX,W,240,123,45,88,0.511,14,37,0.378,19,26,0.731,7,33,40,35,12,4,14,24,20.0,2018-19
22018,1610612744,GSW,Golden State Warriors,0021800038,2018-10-21,GSW @ DEN,L,239,98,36,79,0.456,7,29,0.241,19,24,0.792,6,34,40,22,4,6,18,29,-2.0,2018-19
22018,1610612744,GSW,Golden State Warriors,0021800024,2018-10-19,GSW @ UTA,W,240,124,49,87,0.563,10,19,0.526,16,18,0.889,8,35,43,27,10,6,16,23,1.0,2018-19
22018,1610612744,GSW,Golden State Warriors,0021800002,2018-10-16,GSW vs. OKC,W,241,108,42,95,0.442,7,26,0.269,17,18,0.944,17,41,58,28,7,7,21,29,8.0,2018-19
42018,1610612744,GSW,Golden State Warriors,0041800406,2019-06-13,GSW vs. TOR,L,240,110,39,80,0.488,11,31,0.355,21,30,0.7,11,31,42,28,9,6,16,23,-4.0,2018-19
42018,1610612744,GSW,Golden State Warriors,0041800405,2019-06-10,GSW @ TOR,W,240,106,38,82,0.463,20,42,0.476,10,14,0.714,6,31,37,27,5,7,15,22,1.0,2018-19
42018,1610612744,GSW,Golden State Warriors,0041800404,2019-06-07,GSW vs. TOR,L,241,92,35,78,0.449,8,27,0.296,14,21,0.667,8,34,42,26,6,6,17,23,-13.0,2018-19
42018,1610612744,GSW,Golden State Warriors,0041800403,2019-06-05,GSW vs. TOR,L,241,109,36,91,0.396,12,36,0.333,25,30,0.833,13,28,41,25,8,3,14,21,-14.0,2018-19
42018,1610612744,GSW,Golden State Warriors,0041800402,2019-06-02,GSW @ TOR,W,240,109,38,82,0.463,13,34,0.382,20,23,0.87,6,36,42,34,7,5,15,26,5.0,2018-19
42018,1610612744,GSW,Golden State Warriors,0041800401,2019-05-30,GSW @ TOR,L,239,109,34,78,0.436,12,31,0.387,29,31,0.935,9,29,38,29,6,2,16,27,-9.0,2018-19
42018,1610612744,GSW,Golden State Warriors,0041800314,2019-05-20,GSW @ POR,W,264,119,46,99,0.465,12,39,0.308,15,19,0.789,15,41,56,30,10,5,15,17,2.0,2018-19
42018,1610612744,GSW,Golden State Warriors,0041800313,2019-05-18,GSW @ POR,W,239,110,41,84,0.488,8,26,0.308,20,23,0.87,7,42,49,27,9,5,13,24,11.0,2018-19
42018,1610612744,GSW,Golden State Warriors,0041800312,2019-05-16,GSW vs. POR,W,242,114,42,82,0.512,9,29,0.31,21,27,0.778,12,38,50,30,4,9,16,21,3.0,2018-19
42018,1610612744,GSW,Golden State Warriors,0041800311,2019-05-14,GSW vs. POR,W,240,116,42,84,0.5,17,33,0.515,15,18,0.833,11,31,42,30,13,8,14,24,22.0,2018-19
42018,1610612744,GSW,Golden State Warriors,0041800226,2019-05-10,GSW @ HOU,W,241,118,42,85,0.494,16,38,0.421,18,23,0.783,10,25,35,25,9,7,17,19,5.0,2018-19
42018,1610612744,GSW,Golden State Warriors,0041800225,2019-05-08,GSW vs. HOU,W,240,104,39,85,0.459,13,37,0.351,13,18,0.722,12,30,42,28,6,1,15,19,5.0,2018-19
42018,1610612744,GSW,Golden State Warriors,0041800224,2019-05-06,GSW @ HOU,L,239,108,42,90,0.467,8,33,0.242,16,23,0.696,8,35,43,24,6,2,11,21,-4.0,2018-19
42018,1610612744,GSW,Golden State Warriors,0041800223,2019-05-04,GSW @ HOU,L,266,121,42,95,0.442,14,33,0.424,23,29,0.793,7,28,35,27,6,6,8,22,-5.0,2018-19
42018,1610612744,GSW,Golden State Warriors,0041800222,2019-04-30,GSW vs. HOU,W,239,115,42,91,0.462,11,36,0.306,20,24,0.833,18,27,45,24,10,5,12,23,6.0,2018-19
42018,1610612744,GSW,Golden State Warriors,0041800221,2019-04-28,GSW vs. HOU,W,239,104,38,75,0.507,7,22,0.318,21,27,0.778,8,30,38,24,7,3,20,24,4.0,2018-19
42018,1610612744,GSW,Golden State Warriors,0041800146,2019-04-26,GSW @ LAC,W,239,129,47,89,0.528,10,30,0.333,25,31,0.806,7,39,46,32,6,9,10,24,19.0,2018-19
42018,1610612744,GSW,Golden State Warriors,0041800145,2019-04-24,GSW vs. LAC,L,240,121,43,96,0.448,15,39,0.385,20,22,0.909,15,24,39,31,7,3,8,23,-8.0,2018-19
42018,1610612744,GSW,Golden State Warriors,0041800144,2019-04-21,GSW @ LAC,W,239,113,42,89,0.472,12,31,0.387,17,19,0.895,11,38,49,27,5,2,13,27,8.0,2018-19
42018,1610612744,GSW,Golden State Warriors,0041800143,2019-04-18,GSW @ LAC,W,242,132,51,93,0.548,15,35,0.429,15,18,0.833,10,40,50,35,4,11,12,28,27.0,2018-19
42018,1610612744,GSW,Golden State Warriors,0041800142,2019-04-15,GSW vs. LAC,L,240,131,40,75,0.533,11,28,0.393,40,45,0.889,7,31,38,31,11,6,22,31,-4.0,2018-19
42018,1610612744,GSW,Golden State Warriors,0041800141,2019-04-13,GSW vs. LAC,W,241,121,45,92,0.489,14,30,0.467,17,20,0.85,12,42,54,31,9,14,21,22,17.0,2018-19
22019,1610612744,GSW,Golden State Warriors,0021900967,2020-03-10,GSW vs. LAC,L,239,107,37,79,0.468,11,38,0.289,22,27,0.815,4,31,35,25,3,0,9,17,-24.0,2019-20
22019,1610612744,GSW,Golden State Warriors,0021900944,2020-03-07,GSW vs. PHI,W,240,118,44,80,0.55,9,25,0.36,21,28,0.75,7,28,35,30,4,2,7,19,4.0,2019-20
22019,1610612744,GSW,Golden State Warriors,0021900929,2020-03-05,GSW vs. TOR,L,240,113,40,98,0.408,14,52,0.269,19,25,0.76,14,38,52,34,4,5,15,23,-8.0,2019-20
22019,1610612744,GSW,Golden State Warriors,0021900913,2020-03-03,GSW @ DEN,W,239,116,42,82,0.512,18,41,0.439,14,22,0.636,5,30,35,31,8,3,11,23,16.0,2019-20
22019,1610612744,GSW,Golden State Warriors,0021900901,2020-03-01,GSW vs. WAS,L,239,110,42,89,0.472,9,28,0.321,17,24,0.708,18,34,52,25,7,7,21,24,-14.0,2019-20
22019,1610612744,GSW,Golden State Warriors,0021900894,2020-02-29,GSW @ PHX,W,242,115,41,87,0.471,9,30,0.3,24,32,0.75,13,36,49,30,9,6,10,21,16.0,2019-20
22019,1610612744,GSW,Golden State Warriors,0021900876,2020-02-27,GSW vs. LAL,L,240,86,34,80,0.425,9,32,0.281,9,10,0.9,5,32,37,27,7,3,26,27,-30.0,2019-20
22019,1610612744,GSW,Golden State Warriors,0021900863,2020-02-25,GSW vs. SAC,L,241,94,35,79,0.443,4,28,0.143,20,24,0.833,5,29,34,21,7,2,16,25,-18.0,2019-20
22019,1610612744,GSW,Golden State Warriors,0021900847,2020-02-23,GSW vs. NOP,L,241,101,40,92,0.435,11,35,0.314,10,15,0.667,11,37,48,28,9,7,13,16,-14.0,2019-20
22019,1610612744,GSW,Golden State Warriors,0021900825,2020-02-20,GSW vs. HOU,L,241,105,44,89,0.494,7,33,0.212,10,12,0.833,13,27,40,26,11,7,21,16,-30.0,2019-20
22019,1610612744,GSW,Golden State Warriors,0021900815,2020-02-12,GSW @ PHX,L,240,106,39,77,0.506,11,31,0.355,17,19,0.895,4,34,38,27,8,7,22,20,-6.0,2019-20
22019,1610612744,GSW,Golden State Warriors,0021900800,2020-02-10,GSW vs. MIA,L,240,101,30,77,0.39,11,34,0.324,30,34,0.882,6,34,40,23,8,2,15,21,-12.0,2019-20
22019,1610612744,GSW,Golden State Warriors,0021900783,2020-02-08,GSW vs. LAL,L,238,120,46,89,0.517,13,32,0.406,15,23,0.652,8,25,33,31,15,6,18,27,-5.0,2019-20
22019,1610612744,GSW,Golden State Warriors,0021900757,2020-02-05,GSW @ BKN,L,241,88,35,96,0.365,5,39,0.128,13,18,0.722,7,27,34,20,6,7,7,14,-41.0,2019-20
22019,1610612744,GSW,Golden State Warriors,0021900744,2020-02-03,GSW @ WAS,W,241,125,43,87,0.494,15,30,0.5,24,31,0.774,12,32,44,31,8,6,14,25,8.0,2019-20
22019,1610612744,GSW,Golden State Warriors,0021900730,2020-02-01,GSW @ CLE,W,242,131,48,90,0.533,18,35,0.514,17,19,0.895,10,34,44,39,11,10,11,16,19.0,2019-20
22019,1610612744,GSW,Golden State Warriors,0021900717,2020-01-30,GSW @ BOS,L,239,104,33,77,0.429,12,39,0.308,26,30,0.867,3,27,30,24,11,6,16,19,-15.0,2019-20
22019,1610612744,GSW,Golden State Warriors,0021900702,2020-01-28,GSW @ PHI,L,239,104,37,87,0.425,15,40,0.375,15,21,0.714,6,34,40,29,6,3,13,24,-11.0,2019-20
22019,1610612744,GSW,Golden State Warriors,0021900679,2020-01-24,GSW vs. IND,L,241,118,40,82,0.488,19,39,0.487,19,23,0.826,7,31,38,31,6,3,20,16,-11.0,2019-20
22019,1610612744,GSW,Golden State Warriors,0021900665,2020-01-22,GSW vs. UTA,L,241,96,35,88,0.398,6,23,0.261,20,24,0.833,11,26,37,20,5,5,8,23,-33.0,2019-20
22019,1610612744,GSW,Golden State Warriors,0021900652,2020-01-20,GSW @ POR,L,265,124,48,116,0.414,9,36,0.25,19,22,0.864,19,41,60,30,7,5,9,25,-5.0,2019-20
22019,1610612744,GSW,Golden State Warriors,0021900634,2020-01-18,GSW vs. ORL,W,241,109,43,94,0.457,12,40,0.3,11,11,1.0,7,37,44,25,9,2,10,13,14.0,2019-20
22019,1610612744,GSW,Golden State Warriors,0021900617,2020-01-16,GSW vs. DEN,L,265,131,42,95,0.442,20,45,0.444,27,31,0.871,10,32,42,36,12,6,18,20,-3.0,2019-20
22019,1610612744,GSW,Golden State Warriors,0021900602,2020-01-14,GSW vs. DAL,L,239,97,39,87,0.448,9,32,0.281,10,13,0.769,7,29,36,27,4,1,14,16,-27.0,2019-20
22019,1610612744,GSW,Golden State Warriors,0021900588,2020-01-12,GSW @ MEM,L,241,102,35,92,0.38,17,34,0.5,15,21,0.714,12,35,47,23,11,6,22,18,-20.0,2019-20
22019,1610612744,GSW,Golden State Warriors,0021900576,2020-01-10,GSW @ LAC,L,241,100,37,96,0.385,8,39,0.205,18,25,0.72,13,33,46,28,9,1,10,22,-9.0,2019-20
22019,1610612744,GSW,Golden State Warriors,0021900562,2020-01-08,GSW vs. MIL,L,239,98,33,87,0.379,15,38,0.395,17,20,0.85,12,40,52,29,7,4,18,30,-9.0,2019-20
22019,1610612744,GSW,Golden State Warriors,0021900547,2020-01-06,GSW @ SAC,L,240,98,34,86,0.395,5,26,0.192,25,32,0.781,10,34,44,19,13,4,17,18,-13.0,2019-20
22019,1610612744,GSW,Golden State Warriors,0021900532,2020-01-04,GSW vs. DET,L,240,104,33,82,0.402,11,21,0.524,27,32,0.844,11,31,42,26,13,3,14,19,-7.0,2019-20
22019,1610612744,GSW,Golden State Warriors,0021900512,2020-01-02,GSW @ MIN,L,238,84,33,77,0.429,3,20,0.15,15,21,0.714,7,36,43,20,9,1,16,20,-15.0,2019-20
22019,1610612744,GSW,Golden State Warriors,0021900502,2019-12-31,GSW @ SAS,L,266,113,44,96,0.458,12,27,0.444,13,18,0.722,9,35,44,31,5,6,8,14,-4.0,2019-20
22019,1610612744,GSW,Golden State Warriors,0021900482,2019-12-28,GSW vs. DAL,L,240,121,45,93,0.484,18,39,0.462,13,17,0.765,9,33,42,28,4,3,13,19,-20.0,2019-20
22019,1610612744,GSW,Golden State Warriors,0021900471,2019-12-27,GSW vs. PHX,W,239,105,38,92,0.413,9,27,0.333,20,25,0.8,11,30,41,22,10,5,10,17,9.0,2019-20
22019,1610612744,GSW,Golden State Warriors,0021900457,2019-12-25,GSW vs. HOU,W,239,116,41,87,0.471,9,28,0.321,25,28,0.893,11,43,54,27,7,8,16,18,12.0,2019-20
22019,1610612744,GSW,Golden State Warriors,0021900454,2019-12-23,GSW vs. MIN,W,239,113,38,87,0.437,12,30,0.4,25,30,0.833,13,42,55,27,11,6,19,27,9.0,2019-20
22019,1610612744,GSW,Golden State Warriors,0021900429,2019-12-20,GSW vs. NOP,W,242,106,36,83,0.434,10,33,0.303,24,25,0.96,10,37,47,25,10,4,17,24,4.0,2019-20
22019,1610612744,GSW,Golden State Warriors,0021900415,2019-12-18,GSW @ POR,L,240,112,41,103,0.398,16,38,0.421,14,23,0.609,17,33,50,24,7,7,8,23,-10.0,2019-20
22019,1610612744,GSW,Golden State Warriors,0021900393,2019-12-15,GSW vs. SAC,L,240,79,30,76,0.395,6,25,0.24,13,18,0.722,7,18,25,24,14,1,20,17,-21.0,2019-20
22019,1610612744,GSW,Golden State Warriors,0021900379,2019-12-13,GSW @ UTA,L,240,106,41,91,0.451,9,29,0.31,15,22,0.682,14,34,48,19,9,7,12,26,-8.0,2019-20
22019,1610612744,GSW,Golden State Warriors,0021900366,2019-12-11,GSW vs. NYK,L,264,122,45,104,0.433,10,37,0.27,22,30,0.733,14,32,46,27,10,6,8,25,-2.0,2019-20
22019,1610612744,GSW,Golden State Warriors,0021900351,2019-12-09,GSW vs. MEM,L,239,102,35,93,0.376,11,27,0.407,21,25,0.84,10,36,46,23,10,6,15,21,-8.0,2019-20
22019,1610612744,GSW,Golden State Warriors,0021900325,2019-12-06,GSW @ CHI,W,240,100,38,71,0.535,9,24,0.375,15,22,0.682,6,33,39,24,9,4,19,19,2.0,2019-20
22019,1610612744,GSW,Golden State Warriors,0021900306,2019-12-04,GSW @ CHA,L,240,91,36,78,0.462,9,23,0.391,10,15,0.667,6,31,37,18,7,3,16,12,-15.0,2019-20
22019,1610612744,GSW,Golden State Warriors,0021900295,2019-12-02,GSW @ ATL,L,241,79,33,83,0.398,3,17,0.176,10,12,0.833,18,28,46,17,11,8,23,20,-25.0,2019-20
22019,1610612744,GSW,Golden State Warriors,0021900290,2019-12-01,GSW @ ORL,L,240,96,36,91,0.396,6,23,0.261,18,23,0.783,15,31,46,21,6,5,10,17,-4.0,2019-20
22019,1610612744,GSW,Golden State Warriors,0021900273,2019-11-29,GSW @ MIA,L,239,105,30,77,0.39,10,28,0.357,35,40,0.875,5,26,31,19,4,3,9,23,-17.0,2019-20
22019,1610612744,GSW,Golden State Warriors,0021900266,2019-11-27,GSW vs. CHI,W,240,104,37,81,0.457,11,29,0.379,19,26,0.731,13,41,54,31,12,9,20,17,14.0,2019-20
22019,1610612744,GSW,Golden State Warriors,0021900250,2019-11-25,GSW vs. OKC,L,239,97,37,89,0.416,9,20,0.45,14,16,0.875,9,32,41,27,10,7,12,17,-3.0,2019-20
22019,1610612744,GSW,Golden State Warriors,0021900223,2019-11-22,GSW @ UTA,L,240,109,43,94,0.457,12,28,0.429,11,12,0.917,6,31,37,28,11,3,8,18,-4.0,2019-20
22019,1610612744,GSW,Golden State Warriors,0021900208,2019-11-20,GSW @ DAL,L,239,94,35,90,0.389,8,27,0.296,16,25,0.64,9,25,34,18,7,5,9,16,-48.0,2019-20
22019,1610612744,GSW,Golden State Warriors,0021900198,2019-11-19,GSW @ MEM,W,241,114,43,90,0.478,9,29,0.31,19,22,0.864,11,40,51,33,5,10,14,24,19.0,2019-20
22019,1610612744,GSW,Golden State Warriors,0021900187,2019-11-17,GSW @ NOP,L,241,100,37,91,0.407,7,25,0.28,19,23,0.826,9,34,43,23,7,3,10,19,-8.0,2019-20
22019,1610612744,GSW,Golden State Warriors,0021900173,2019-11-15,GSW vs. BOS,L,241,100,34,82,0.415,5,28,0.179,27,34,0.794,12,43,55,17,8,4,19,19,-5.0,2019-20
22019,1610612744,GSW,Golden State Warriors,0021900159,2019-11-13,GSW @ LAL,L,241,94,36,89,0.404,9,35,0.257,13,17,0.765,10,23,33,29,8,7,17,14,-26.0,2019-20
22019,1610612744,GSW,Golden State Warriors,0021900144,2019-11-11,GSW vs. UTA,L,240,108,45,94,0.479,10,31,0.323,8,14,0.571,8,36,44,23,8,2,10,24,-14.0,2019-20
22019,1610612744,GSW,Golden State Warriors,0021900131,2019-11-09,GSW @ OKC,L,239,108,42,85,0.494,7,22,0.318,17,17,1.0,6,28,34,22,9,6,15,18,-6.0,2019-20
22019,1610612744,GSW,Golden State Warriors,0021900120,2019-11-08,GSW @ MIN,L,265,119,43,103,0.417,10,35,0.286,23,24,0.958,13,36,49,18,12,9,20,26,-6.0,2019-20
22019,1610612744,GSW,Golden State Warriors,0021900107,2019-11-06,GSW @ HOU,L,241,112,38,96,0.396,13,33,0.394,23,28,0.821,16,35,51,22,7,1,10,12,-17.0,2019-20
22019,1610612744,GSW,Golden State Warriors,0021900096,2019-11-04,GSW vs. POR,W,241,127,42,86,0.488,10,26,0.385,33,36,0.917,8,39,47,28,4,4,10,17,9.0,2019-20
22019,1610612744,GSW,Golden State Warriors,0021900083,2019-11-02,GSW vs. CHA,L,241,87,34,77,0.442,9,28,0.321,10,13,0.769,5,35,40,23,5,5,18,22,-6.0,2019-20
22019,1610612744,GSW,Golden State Warriors,0021900076,2019-11-01,GSW vs. SAS,L,240,110,39,84,0.464,13,28,0.464,19,21,0.905,7,32,39,25,4,2,11,22,-17.0,2019-20
22019,1610612744,GSW,Golden State Warriors,0021900065,2019-10-30,GSW vs. PHX,L,240,110,36,82,0.439,8,28,0.286,30,36,0.833,7,36,43,24,8,6,18,22,-11.0,2019-20
22019,1610612744,GSW,Golden State Warriors,0021900047,2019-10-28,GSW @ NOP,W,240,134,51,104,0.49,14,35,0.4,18,24,0.75,19,42,61,37,8,2,18,22,11.0,2019-20
22019,1610612744,GSW,Golden State Warriors,0021900036,2019-10-27,GSW @ OKC,L,239,92,30,92,0.326,5,33,0.152,27,31,0.871,12,27,39,17,13,2,14,15,-28.0,2019-20
22019,1610612744,GSW,Golden State Warriors,0021900016,2019-10-24,GSW vs. LAC,L,238,122,39,99,0.394,15,42,0.357,29,30,0.967,15,27,42,27,7,0,13,21,-19.0,2019-20
22020,1610612744,GSW,Golden State Warriors,0022001070,2021-05-16,GSW vs. MEM,W,240,113,41,83,0.494,15,39,0.385,16,18,0.889,12,34,46,26,9,4,19,19,12.0,2020-21
22020,1610612744,GSW,Golden State Warriors,0022001059,2021-05-14,GSW vs. NOP,W,240,125,42,87,0.483,17,39,0.436,24,30,0.8,8,38,46,29,4,4,11,21,3.0,2020-21
22020,1610612744,GSW,Golden State Warriors,0022001039,2021-05-11,GSW vs. PHX,W,241,122,47,95,0.495,11,40,0.275,17,20,0.85,12,28,40,33,8,1,8,20,6.0,2020-21
22020,1610612744,GSW,Golden State Warriors,0022001030,2021-05-10,GSW vs. UTA,W,241,119,41,88,0.466,14,42,0.333,23,25,0.92,9,32,41,26,8,2,10,20,3.0,2020-21
22020,1610612744,GSW,Golden State Warriors,0022001017,2021-05-08,GSW vs. OKC,W,240,136,47,81,0.58,27,54,0.5,15,18,0.833,2,44,46,31,5,4,18,19,39.0,2020-21
22020,1610612744,GSW,Golden State Warriors,0022001001,2021-05-06,GSW vs. OKC,W,238,118,42,86,0.488,19,47,0.404,15,18,0.833,7,42,49,36,4,1,13,19,21.0,2020-21
22020,1610612744,GSW,Golden State Warriors,0022000987,2021-05-04,GSW @ NOP,L,239,103,39,93,0.419,20,53,0.377,5,7,0.714,8,40,48,22,7,9,18,17,-5.0,2020-21
22020,1610612744,GSW,Golden State Warriors,0022000977,2021-05-03,GSW @ NOP,W,239,123,47,88,0.534,17,44,0.386,12,14,0.857,5,33,38,31,9,8,14,28,15.0,2020-21
22020,1610612744,GSW,Golden State Warriors,0022000958,2021-05-01,GSW @ HOU,W,239,113,39,84,0.464,18,46,0.391,17,24,0.708,4,46,50,32,10,8,17,18,26.0,2020-21
22020,1610612744,GSW,Golden State Warriors,0022000946,2021-04-29,GSW @ MIN,L,240,114,42,85,0.494,15,38,0.395,15,21,0.714,4,30,34,28,10,7,10,21,-12.0,2020-21
22020,1610612744,GSW,Golden State Warriors,0022000932,2021-04-27,GSW vs. DAL,L,241,103,34,84,0.405,16,43,0.372,19,24,0.792,10,33,43,25,11,5,18,18,-30.0,2020-21
22020,1610612744,GSW,Golden State Warriors,0022000915,2021-04-25,GSW vs. SAC,W,240,117,46,95,0.484,14,36,0.389,11,15,0.733,17,36,53,30,5,3,16,16,4.0,2020-21
22020,1610612744,GSW,Golden State Warriors,0022000903,2021-04-23,GSW vs. DEN,W,241,118,45,84,0.536,15,39,0.385,13,18,0.722,7,45,52,40,8,4,14,15,21.0,2020-21
22020,1610612744,GSW,Golden State Warriors,0022000885,2021-04-21,GSW @ WAS,L,240,114,40,101,0.396,15,45,0.333,19,21,0.905,10,34,44,22,15,5,17,23,-4.0,2020-21
22020,1610612744,GSW,Golden State Warriors,0022000870,2021-04-19,GSW @ PHI,W,240,107,34,76,0.447,14,32,0.438,25,32,0.781,6,39,45,15,2,5,16,19,11.0,2020-21
22020,1610612744,GSW,Golden State Warriors,0022000858,2021-04-17,GSW @ BOS,L,240,114,41,80,0.513,17,40,0.425,15,20,0.75,8,32,40,22,6,2,17,23,-5.0,2020-21
22020,1610612744,GSW,Golden State Warriors,0022000841,2021-04-15,GSW @ CLE,W,239,119,47,92,0.511,17,46,0.37,8,10,0.8,9,38,47,33,9,5,15,24,18.0,2020-21
22020,1610612744,GSW,Golden State Warriors,0022000836,2021-04-14,GSW @ OKC,W,238,147,52,95,0.547,24,47,0.511,19,23,0.826,9,32,41,39,12,6,14,20,38.0,2020-21
22020,1610612744,GSW,Golden State Warriors,0022000821,2021-04-12,GSW vs. DEN,W,239,116,39,81,0.481,18,44,0.409,20,22,0.909,4,32,36,23,11,3,16,22,9.0,2020-21
22020,1610612744,GSW,Golden State Warriors,0022000802,2021-04-10,GSW vs. HOU,W,240,125,49,91,0.538,14,35,0.4,13,16,0.813,9,36,45,31,13,5,16,19,16.0,2020-21
22020,1610612744,GSW,Golden State Warriors,0022000798,2021-04-09,GSW vs. WAS,L,241,107,41,88,0.466,11,36,0.306,14,21,0.667,8,33,41,27,15,3,13,20,-3.0,2020-21
22020,1610612744,GSW,Golden State Warriors,0022000774,2021-04-06,GSW vs. MIL,W,240,122,46,96,0.479,15,40,0.375,15,17,0.882,12,30,42,28,6,5,11,18,1.0,2020-21
22020,1610612744,GSW,Golden State Warriors,0022000759,2021-04-04,GSW @ ATL,L,241,111,43,92,0.467,10,40,0.25,15,21,0.714,9,36,45,25,12,6,16,26,-6.0,2020-21
22020,1610612744,GSW,Golden State Warriors,0022000737,2021-04-02,GSW @ TOR,L,240,77,26,79,0.329,11,34,0.324,14,18,0.778,7,31,38,19,5,4,21,18,-53.0,2020-21
22020,1610612744,GSW,Golden State Warriors,0022000733,2021-04-01,GSW @ MIA,L,239,109,36,82,0.439,15,37,0.405,22,25,0.88,12,34,46,23,7,3,20,26,-7.0,2020-21
22020,1610612744,GSW,Golden State Warriors,0022000716,2021-03-29,GSW vs. CHI,W,241,116,46,92,0.5,16,38,0.421,8,9,0.889,10,29,39,28,9,8,14,14,14.0,2020-21
22020,1610612744,GSW,Golden State Warriors,0022000692,2021-03-26,GSW vs. ATL,L,240,108,39,79,0.494,12,28,0.429,18,26,0.692,5,28,33,29,7,4,12,22,-16.0,2020-21
22020,1610612744,GSW,Golden State Warriors,0022000682,2021-03-25,GSW @ SAC,L,239,119,45,88,0.511,17,32,0.531,12,12,1.0,7,31,38,24,4,0,12,19,-22.0,2020-21
22020,1610612744,GSW,Golden State Warriors,0022000665,2021-03-23,GSW vs. PHI,L,240,98,36,83,0.434,8,25,0.32,18,26,0.692,6,32,38,22,5,7,11,23,-10.0,2020-21
22020,1610612744,GSW,Golden State Warriors,0022000642,2021-03-20,GSW @ MEM,L,238,103,31,90,0.344,13,41,0.317,28,34,0.824,7,39,46,23,8,7,11,25,-8.0,2020-21
22020,1610612744,GSW,Golden State Warriors,0022000636,2021-03-19,GSW @ MEM,W,241,116,44,91,0.484,15,41,0.366,13,18,0.722,8,35,43,31,13,6,13,16,13.0,2020-21
22020,1610612744,GSW,Golden State Warriors,0022000622,2021-03-17,GSW @ HOU,W,240,108,41,90,0.456,16,45,0.356,10,12,0.833,6,42,48,32,7,4,12,26,14.0,2020-21
22020,1610612744,GSW,Golden State Warriors,0022000608,2021-03-15,GSW vs. LAL,L,240,97,34,79,0.43,13,37,0.351,16,24,0.667,9,21,30,24,9,2,22,23,-31.0,2020-21
22020,1610612744,GSW,Golden State Warriors,0022000594,2021-03-14,GSW vs. UTA,W,241,131,50,89,0.562,16,31,0.516,15,18,0.833,5,35,40,33,12,2,13,26,12.0,2020-21
22020,1610612744,GSW,Golden State Warriors,0022000576,2021-03-11,GSW @ LAC,L,240,104,38,88,0.432,9,36,0.25,19,27,0.704,5,39,44,20,6,6,16,23,-26.0,2020-21
22020,1610612744,GSW,Golden State Warriors,0022000185,2021-03-04,GSW @ PHX,L,239,98,38,88,0.432,12,35,0.343,10,16,0.625,9,31,40,22,9,4,17,11,-22.0,2020-21
22020,1610612744,GSW,Golden State Warriors,0022000550,2021-03-03,GSW @ POR,L,241,106,41,97,0.423,15,42,0.357,9,14,0.643,17,37,54,27,8,1,11,24,-2.0,2020-21
22020,1610612744,GSW,Golden State Warriors,0022000527,2021-02-28,GSW @ LAL,L,240,91,35,86,0.407,8,34,0.235,13,19,0.684,3,32,35,26,10,4,20,25,-26.0,2020-21
22020,1610612744,GSW,Golden State Warriors,0022000511,2021-02-26,GSW vs. CHA,W,241,130,48,79,0.608,11,24,0.458,23,25,0.92,4,33,37,38,10,3,23,19,9.0,2020-21
22020,1610612744,GSW,Golden State Warriors,0022000489,2021-02-24,GSW @ IND,W,240,111,39,83,0.47,5,26,0.192,28,31,0.903,8,33,41,27,10,4,18,25,4.0,2020-21
22020,1610612744,GSW,Golden State Warriors,0022000483,2021-02-23,GSW @ NYK,W,242,114,40,89,0.449,13,38,0.342,21,24,0.875,7,34,41,30,9,8,10,18,8.0,2020-21
22020,1610612744,GSW,Golden State Warriors,0022000459,2021-02-20,GSW @ CHA,L,241,100,37,85,0.435,13,39,0.333,13,17,0.765,9,30,39,23,10,3,14,12,-2.0,2020-21
22020,1610612744,GSW,Golden State Warriors,0022000449,2021-02-19,GSW @ ORL,L,241,120,46,97,0.474,19,42,0.452,9,15,0.6,9,36,45,37,8,0,13,19,-4.0,2020-21
22020,1610612744,GSW,Golden State Warriors,0022000443,2021-02-17,GSW vs. MIA,W,265,120,43,95,0.453,18,52,0.346,16,21,0.762,9,37,46,32,10,1,16,19,8.0,2020-21
22020,1610612744,GSW,Golden State Warriors,0022000424,2021-02-15,GSW vs. CLE,W,240,129,46,88,0.523,17,37,0.459,20,21,0.952,5,34,39,34,9,10,14,23,31.0,2020-21
22020,1610612744,GSW,Golden State Warriors,0022000409,2021-02-13,GSW vs. BKN,L,240,117,44,90,0.489,9,34,0.265,20,25,0.8,5,32,37,25,6,6,13,15,-17.0,2020-21
22020,1610612744,GSW,Golden State Warriors,0022000393,2021-02-11,GSW vs. ORL,W,239,111,41,88,0.466,20,50,0.4,9,12,0.75,9,37,46,29,6,6,17,20,6.0,2020-21
22020,1610612744,GSW,Golden State Warriors,0022000378,2021-02-09,GSW @ SAS,W,240,114,42,91,0.462,17,40,0.425,13,19,0.684,10,40,50,26,8,4,10,19,23.0,2020-21
22020,1610612744,GSW,Golden State Warriors,0022000371,2021-02-08,GSW @ SAS,L,241,100,38,86,0.442,13,37,0.351,11,15,0.733,6,43,49,29,4,6,20,19,-5.0,2020-21
22020,1610612744,GSW,Golden State Warriors,0022000360,2021-02-06,GSW @ DAL,L,241,132,46,86,0.535,20,45,0.444,20,23,0.87,6,34,40,27,11,4,16,24,-2.0,2020-21
22020,1610612744,GSW,Golden State Warriors,0022000339,2021-02-04,GSW @ DAL,W,240,147,51,89,0.573,22,43,0.512,23,27,0.852,4,41,45,37,6,6,8,19,31.0,2020-21
22020,1610612744,GSW,Golden State Warriors,0022000326,2021-02-02,GSW vs. BOS,L,240,107,38,83,0.458,15,37,0.405,16,23,0.696,6,30,36,30,9,4,11,23,-4.6,2020-21
22020,1610612744,GSW,Golden State Warriors,0022000305,2021-01-30,GSW vs. DET,W,240,118,47,89,0.528,17,36,0.472,7,10,0.7,8,39,47,34,6,5,14,23,27.0,2020-21
22020,1610612744,GSW,Golden State Warriors,0022000286,2021-01-28,GSW @ PHX,L,241,93,38,99,0.384,11,38,0.289,6,8,0.75,12,36,48,21,8,1,13,19,-21.0,2020-21
22020,1610612744,GSW,Golden State Warriors,0022000283,2021-01-27,GSW vs. MIN,W,240,123,45,85,0.529,15,34,0.441,18,23,0.783,11,35,46,32,11,5,21,28,12.0,2020-21
22020,1610612744,GSW,Golden State Warriors,0022000266,2021-01-25,GSW vs. MIN,W,240,130,44,89,0.494,14,30,0.467,28,37,0.757,15,31,46,21,13,10,15,19,22.0,2020-21
22020,1610612744,GSW,Golden State Warriors,0022000242,2021-01-23,GSW @ UTA,L,241,108,42,93,0.452,14,39,0.359,10,15,0.667,4,31,35,30,6,8,11,21,-19.0,2020-21
22020,1610612744,GSW,Golden State Warriors,0022000228,2021-01-21,GSW vs. NYK,L,241,104,33,86,0.384,9,38,0.237,29,39,0.744,9,37,46,27,5,3,10,26,-15.0,2020-21
22020,1610612744,GSW,Golden State Warriors,0022000223,2021-01-20,GSW vs. SAS,W,241,121,46,91,0.505,15,38,0.395,14,20,0.7,10,44,54,31,6,2,14,22,22.0,2020-21
22020,1610612744,GSW,Golden State Warriors,0022000212,2021-01-18,GSW @ LAL,W,240,115,44,87,0.506,12,37,0.324,15,20,0.75,5,27,32,31,8,3,13,27,2.0,2020-21
22020,1610612744,GSW,Golden State Warriors,0022000177,2021-01-14,GSW @ DEN,L,240,104,38,81,0.469,11,29,0.379,17,24,0.708,5,38,43,29,9,4,19,25,-10.0,2020-21
22020,1610612744,GSW,Golden State Warriors,0022000163,2021-01-12,GSW vs. IND,L,240,95,34,89,0.382,13,38,0.342,14,22,0.636,10,36,46,25,8,8,15,21,-9.0,2020-21
22020,1610612744,GSW,Golden State Warriors,0022000148,2021-01-10,GSW vs. TOR,W,240,106,38,93,0.409,13,46,0.283,17,19,0.895,12,39,51,30,2,10,15,18,1.0,2020-21
22020,1610612744,GSW,Golden State Warriors,0022000130,2021-01-08,GSW vs. LAC,W,240,115,40,82,0.488,20,41,0.488,15,18,0.833,9,29,38,25,13,3,15,19,10.0,2020-21
22020,1610612744,GSW,Golden State Warriors,0022000116,2021-01-06,GSW vs. LAC,L,239,101,39,86,0.453,8,30,0.267,15,19,0.789,8,27,35,25,10,2,13,21,-7.0,2020-21
22020,1610612744,GSW,Golden State Warriors,0022000101,2021-01-04,GSW vs. SAC,W,240,137,51,97,0.526,23,43,0.535,12,14,0.857,3,45,48,41,4,6,11,28,31.0,2020-21
22020,1610612744,GSW,Golden State Warriors,0022000092,2021-01-03,GSW vs. POR,W,239,137,49,88,0.557,13,34,0.382,26,34,0.765,11,42,53,23,4,7,15,24,15.0,2020-21
22020,1610612744,GSW,Golden State Warriors,0022000078,2021-01-01,GSW vs. POR,L,239,98,31,79,0.392,7,35,0.2,29,33,0.879,3,41,44,19,4,9,15,28,-25.0,2020-21
22020,1610612744,GSW,Golden State Warriors,0022000047,2020-12-29,GSW @ DET,W,241,116,38,76,0.5,14,33,0.424,26,36,0.722,4,36,40,21,8,8,19,28,10.0,2020-21
22020,1610612744,GSW,Golden State Warriors,0022000038,2020-12-27,GSW @ CHI,W,239,129,42,104,0.404,18,47,0.383,27,30,0.9,10,31,41,25,17,4,12,23,1.0,2020-21
22020,1610612744,GSW,Golden State Warriors,0022000006,2020-12-25,GSW @ MIL,L,241,99,34,99,0.343,10,45,0.222,21,25,0.84,10,33,43,14,5,6,11,22,-39.0,2020-21
22020,1610612744,GSW,Golden State Warriors,0022000001,2020-12-22,GSW @ BKN,L,240,99,37,99,0.374,10,33,0.303,15,23,0.652,13,34,47,26,6,6,18,24,-26.0,2020-21
52020,1610612744,GSW,Golden State Warriors,0052000211,2021-05-21,GSW vs. MEM,L,265,112,42,94,0.447,12,34,0.353,16,20,0.8,11,37,48,30,7,7,21,23,-5.0,2020-21
52020,1610612744,GSW,Golden State Warriors,0052000121,2021-05-19,GSW @ LAL,L,240,100,37,83,0.446,15,34,0.441,11,15,0.733,9,37,46,19,8,8,20,21,-3.0,2020-21
22021,1610612744,GSW,Golden State Warriors,0022101225,2022-04-10,GSW @ NOP,W,240,128,49,81,0.605,19,33,0.576,11,13,0.846,7,34,41,33,5,2,17,15,21.0,2021-22
22021,1610612744,GSW,Golden State Warriors,0022101215,2022-04-09,GSW @ SAS,W,239,100,33,81,0.407,8,32,0.25,26,33,0.788,13,38,51,23,8,1,12,22,6.0,2021-22
22021,1610612744,GSW,Golden State Warriors,0022101202,2022-04-07,GSW vs. LAL,W,239,128,51,97,0.526,16,32,0.5,10,10,1.0,9,36,45,39,10,5,15,26,16.0,2021-22
22021,1610612744,GSW,Golden State Warriors,0022101176,2022-04-03,GSW @ SAC,W,239,109,41,79,0.519,16,34,0.471,11,15,0.733,7,40,47,29,8,8,15,28,19.0,2021-22
22021,1610612744,GSW,Golden State Warriors,0022101165,2022-04-02,GSW vs. UTA,W,241,111,40,84,0.476,20,48,0.417,11,12,0.917,6,35,41,30,5,6,11,22,4.0,2021-22
22021,1610612744,GSW,Golden State Warriors,0022101145,2022-03-30,GSW vs. PHX,L,240,103,35,83,0.422,13,38,0.342,20,25,0.8,10,38,48,26,7,4,21,24,-4.0,2021-22
22021,1610612744,GSW,Golden State Warriors,0022101129,2022-03-28,GSW @ MEM,L,240,95,33,81,0.407,9,29,0.31,20,26,0.769,7,33,40,18,6,7,15,27,-28.0,2021-22
22021,1610612744,GSW,Golden State Warriors,0022101117,2022-03-27,GSW @ WAS,L,242,115,38,89,0.427,8,33,0.242,31,39,0.795,13,33,46,20,8,2,10,24,-8.0,2021-22
22021,1610612744,GSW,Golden State Warriors,0022101102,2022-03-25,GSW @ ATL,L,239,110,43,90,0.478,14,41,0.341,10,13,0.769,14,33,47,27,4,1,16,22,-11.0,2021-22
22021,1610612744,GSW,Golden State Warriors,0022101088,2022-03-23,GSW @ MIA,W,240,118,40,77,0.519,15,36,0.417,23,27,0.852,7,38,45,23,5,2,11,24,14.0,2021-22
22021,1610612744,GSW,Golden State Warriors,0022101080,2022-03-22,GSW @ ORL,L,240,90,34,85,0.4,11,32,0.344,11,16,0.688,12,36,48,21,6,3,18,23,-4.0,2021-22
22021,1610612744,GSW,Golden State Warriors,0022101070,2022-03-20,GSW vs. SAS,L,238,108,41,90,0.456,11,33,0.333,15,21,0.714,20,37,57,26,5,1,15,20,-2.0,2021-22
22021,1610612744,GSW,Golden State Warriors,0022101042,2022-03-16,GSW vs. BOS,L,239,88,32,86,0.372,11,48,0.229,13,16,0.813,7,31,38,19,8,4,8,21,-22.0,2021-22
22021,1610612744,GSW,Golden State Warriors,0022101025,2022-03-14,GSW vs. WAS,W,239,126,45,84,0.536,18,45,0.4,18,22,0.818,6,38,44,26,7,4,13,21,14.0,2021-22
22021,1610612744,GSW,Golden State Warriors,0022101008,2022-03-12,GSW vs. MIL,W,240,122,45,93,0.484,18,45,0.4,14,15,0.933,12,43,55,33,3,7,10,19,13.0,2021-22
22021,1610612744,GSW,Golden State Warriors,0022100994,2022-03-10,GSW @ DEN,W,239,113,42,88,0.477,14,42,0.333,15,20,0.75,8,28,36,26,9,4,7,25,11.0,2021-22
22021,1610612744,GSW,Golden State Warriors,0022100980,2022-03-08,GSW vs. LAC,W,239,112,44,92,0.478,13,34,0.382,11,13,0.846,10,41,51,33,8,6,16,20,15.0,2021-22
22021,1610612744,GSW,Golden State Warriors,0022100528,2022-03-07,GSW @ DEN,L,239,124,45,88,0.511,17,40,0.425,17,23,0.739,9,32,41,29,5,0,14,30,-7.0,2021-22
22021,1610612744,GSW,Golden State Warriors,0022100959,2022-03-05,GSW @ LAL,L,240,116,46,92,0.5,15,34,0.441,9,19,0.474,10,31,41,22,11,4,16,20,-8.0,2021-22
22021,1610612744,GSW,Golden State Warriors,0022100943,2022-03-03,GSW @ DAL,L,240,113,44,81,0.543,15,30,0.5,10,13,0.769,10,27,37,26,7,5,15,19,-9.0,2021-22
22021,1610612744,GSW,Golden State Warriors,0022100930,2022-03-01,GSW @ MIN,L,240,114,41,90,0.456,13,45,0.289,19,22,0.864,8,32,40,26,11,3,17,25,-15.0,2021-22
22021,1610612744,GSW,Golden State Warriors,0022100917,2022-02-27,GSW vs. DAL,L,239,101,39,91,0.429,11,39,0.282,12,20,0.6,12,32,44,27,15,2,10,23,-6.0,2021-22
22021,1610612744,GSW,Golden State Warriors,0022100894,2022-02-24,GSW @ POR,W,240,132,45,88,0.511,15,41,0.366,27,32,0.844,10,36,46,36,10,7,12,23,37.0,2021-22
22021,1610612744,GSW,Golden State Warriors,0022100883,2022-02-16,GSW vs. DEN,L,240,116,45,87,0.517,10,34,0.294,16,24,0.667,8,29,37,26,13,5,10,21,-1.0,2021-22
22021,1610612744,GSW,Golden State Warriors,0022100866,2022-02-14,GSW @ LAC,L,240,104,39,86,0.453,16,41,0.39,10,13,0.769,7,31,38,23,7,3,14,18,-15.0,2021-22
22021,1610612744,GSW,Golden State Warriors,0022100854,2022-02-12,GSW vs. LAL,W,240,117,40,90,0.444,12,38,0.316,25,34,0.735,10,40,50,24,4,3,9,24,2.0,2021-22
22021,1610612744,GSW,Golden State Warriors,0022100837,2022-02-10,GSW vs. NYK,L,240,114,42,91,0.462,15,45,0.333,15,17,0.882,5,33,38,27,4,5,7,24,-2.0,2021-22
22021,1610612744,GSW,Golden State Warriors,0022100828,2022-02-09,GSW @ UTA,L,241,85,28,78,0.359,16,43,0.372,13,17,0.765,3,32,35,17,8,3,11,19,-26.0,2021-22
22021,1610612744,GSW,Golden State Warriors,0022100813,2022-02-07,GSW @ OKC,W,239,110,41,82,0.5,15,43,0.349,13,17,0.765,6,34,40,30,12,3,15,19,12.0,2021-22
22021,1610612744,GSW,Golden State Warriors,0022100785,2022-02-03,GSW vs. SAC,W,241,126,47,84,0.56,20,42,0.476,12,16,0.75,9,31,40,27,11,3,15,19,12.0,2021-22
22021,1610612744,GSW,Golden State Warriors,0022100771,2022-02-01,GSW @ SAS,W,240,124,43,96,0.448,20,46,0.435,18,18,1.0,15,31,46,30,10,3,14,17,4.0,2021-22
22021,1610612744,GSW,Golden State Warriors,0022100764,2022-01-31,GSW @ HOU,W,241,122,43,80,0.538,17,40,0.425,19,23,0.826,7,34,41,23,10,8,14,24,14.0,2021-22
22021,1610612744,GSW,Golden State Warriors,0022100750,2022-01-29,GSW vs. BKN,W,240,110,40,98,0.408,14,45,0.311,16,18,0.889,16,39,55,24,8,8,10,23,4.0,2021-22
22021,1610612744,GSW,Golden State Warriors,0022100734,2022-01-27,GSW vs. MIN,W,240,124,44,82,0.537,21,36,0.583,15,21,0.714,10,37,47,31,8,3,18,23,9.0,2021-22
22021,1610612744,GSW,Golden State Warriors,0022100720,2022-01-25,GSW vs. DAL,W,239,130,49,92,0.533,17,43,0.395,15,18,0.833,12,46,58,31,8,2,14,17,38.0,2021-22
22021,1610612744,GSW,Golden State Warriors,0022100708,2022-01-23,GSW vs. UTA,W,239,94,36,83,0.434,13,42,0.31,9,10,0.9,10,30,40,19,8,5,9,19,2.0,2021-22
22021,1610612744,GSW,Golden State Warriors,0022100694,2022-01-21,GSW vs. HOU,W,241,105,39,81,0.481,10,30,0.333,17,22,0.773,7,34,41,25,4,9,17,18,2.0,2021-22
22021,1610612744,GSW,Golden State Warriors,0022100683,2022-01-20,GSW vs. IND,L,264,117,42,94,0.447,9,42,0.214,24,29,0.828,15,38,53,28,11,6,21,28,-4.0,2021-22
22021,1610612744,GSW,Golden State Warriors,0022100667,2022-01-18,GSW vs. DET,W,241,102,34,83,0.41,14,42,0.333,20,27,0.741,13,41,54,26,12,3,13,25,16.0,2021-22
22021,1610612744,GSW,Golden State Warriors,0022100652,2022-01-16,GSW @ MIN,L,241,99,32,82,0.39,13,42,0.31,22,29,0.759,7,40,47,20,6,3,15,17,-20.0,2021-22
22021,1610612744,GSW,Golden State Warriors,0022100637,2022-01-14,GSW @ CHI,W,242,138,53,94,0.564,19,42,0.452,13,17,0.765,9,38,47,39,12,5,7,17,42.0,2021-22
22021,1610612744,GSW,Golden State Warriors,0022100627,2022-01-13,GSW @ MIL,L,239,99,33,95,0.347,16,48,0.333,17,24,0.708,12,37,49,20,9,2,15,15,-19.0,2021-22
22021,1610612744,GSW,Golden State Warriors,0022100614,2022-01-11,GSW @ MEM,L,240,108,35,82,0.427,13,36,0.361,25,29,0.862,4,41,45,25,8,5,16,19,-8.0,2021-22
22021,1610612744,GSW,Golden State Warriors,0022100604,2022-01-09,GSW vs. CLE,W,240,96,39,97,0.402,10,42,0.238,8,10,0.8,22,32,54,24,16,5,14,20,14.0,2021-22
22021,1610612744,GSW,Golden State Warriors,0022100580,2022-01-06,GSW @ NOP,L,240,96,37,87,0.425,7,33,0.212,15,18,0.833,8,35,43,22,12,6,14,24,-5.0,2021-22
22021,1610612744,GSW,Golden State Warriors,0022100572,2022-01-05,GSW @ DAL,L,241,82,33,81,0.407,5,28,0.179,11,16,0.688,8,38,46,20,10,5,16,20,-17.0,2021-22
22021,1610612744,GSW,Golden State Warriors,0022100559,2022-01-03,GSW vs. MIA,W,240,115,45,92,0.489,14,38,0.368,11,13,0.846,7,36,43,39,11,6,12,17,7.0,2021-22
22021,1610612744,GSW,Golden State Warriors,0022100544,2022-01-01,GSW @ UTA,W,240,123,46,86,0.535,17,32,0.531,14,21,0.667,7,33,40,39,10,2,15,24,7.0,2021-22
22021,1610612744,GSW,Golden State Warriors,0022100514,2021-12-28,GSW vs. DEN,L,240,86,30,72,0.417,10,32,0.313,16,31,0.516,8,35,43,20,8,2,16,20,-3.0,2021-22
22021,1610612744,GSW,Golden State Warriors,0022100490,2021-12-25,GSW @ PHX,W,239,116,42,85,0.494,14,37,0.378,18,21,0.857,12,30,42,28,11,7,9,22,9.0,2021-22
22021,1610612744,GSW,Golden State Warriors,0022100485,2021-12-23,GSW vs. MEM,W,239,113,40,82,0.488,19,40,0.475,14,18,0.778,8,31,39,30,9,9,18,19,9.0,2021-22
22021,1610612744,GSW,Golden State Warriors,0022100462,2021-12-20,GSW vs. SAC,W,237,113,46,88,0.523,15,37,0.405,6,9,0.667,10,32,42,28,12,9,16,18,15.0,2021-22
22021,1610612744,GSW,Golden State Warriors,0022100443,2021-12-18,GSW @ TOR,L,240,100,37,79,0.468,11,36,0.306,15,21,0.714,11,36,47,26,5,5,20,21,-19.0,2021-22
22021,1610612744,GSW,Golden State Warriors,0022100435,2021-12-17,GSW @ BOS,W,239,111,39,90,0.433,16,46,0.348,17,21,0.81,12,33,45,27,9,8,12,25,4.0,2021-22
22021,1610612744,GSW,Golden State Warriors,0022100414,2021-12-14,GSW @ NYK,W,240,105,35,77,0.455,15,40,0.375,20,27,0.741,7,42,49,28,3,6,12,22,9.0,2021-22
22021,1610612744,GSW,Golden State Warriors,0022100405,2021-12-13,GSW @ IND,W,240,102,42,84,0.5,8,30,0.267,10,14,0.714,9,38,47,21,6,6,17,25,2.0,2021-22
22021,1610612744,GSW,Golden State Warriors,0022100396,2021-12-11,GSW @ PHI,L,240,93,34,85,0.4,12,48,0.25,13,18,0.722,10,32,42,21,5,5,13,22,-9.0,2021-22
22021,1610612744,GSW,Golden State Warriors,0022100376,2021-12-08,GSW vs. POR,W,241,104,33,83,0.398,14,46,0.304,24,31,0.774,10,37,47,22,9,3,15,19,10.0,2021-22
22021,1610612744,GSW,Golden State Warriors,0022100361,2021-12-06,GSW vs. ORL,W,242,126,43,87,0.494,20,40,0.5,20,29,0.69,7,36,43,28,15,2,15,19,31.0,2021-22
22021,1610612744,GSW,Golden State Warriors,0022100346,2021-12-04,GSW vs. SAS,L,240,107,40,90,0.444,13,39,0.333,14,21,0.667,11,34,45,26,6,2,12,18,-5.0,2021-22
22021,1610612744,GSW,Golden State Warriors,0022100340,2021-12-03,GSW vs. PHX,W,239,118,45,92,0.489,19,39,0.487,9,12,0.75,11,40,51,30,10,8,17,29,22.0,2021-22
22021,1610612744,GSW,Golden State Warriors,0022100316,2021-11-30,GSW @ PHX,L,240,96,36,86,0.419,14,40,0.35,10,14,0.714,15,36,51,25,7,5,22,13,-8.0,2021-22
22021,1610612744,GSW,Golden State Warriors,0022100300,2021-11-28,GSW @ LAC,W,243,105,38,86,0.442,17,40,0.425,12,22,0.545,11,32,43,25,19,2,16,27,15.0,2021-22
22021,1610612744,GSW,Golden State Warriors,0022100290,2021-11-26,GSW vs. POR,W,240,118,47,87,0.54,12,37,0.324,12,16,0.75,11,37,48,31,8,5,15,19,15.0,2021-22
22021,1610612744,GSW,Golden State Warriors,0022100278,2021-11-24,GSW vs. PHI,W,241,116,42,80,0.525,15,38,0.395,17,24,0.708,4,37,41,32,7,5,16,21,20.0,2021-22
22021,1610612744,GSW,Golden State Warriors,0022100252,2021-11-21,GSW vs. TOR,W,241,119,39,79,0.494,22,45,0.489,19,24,0.792,8,39,47,31,5,7,16,18,15.0,2021-22
22021,1610612744,GSW,Golden State Warriors,0022100231,2021-11-19,GSW @ DET,W,239,105,38,80,0.475,12,30,0.4,17,21,0.81,14,34,48,22,8,4,18,23,3.0,2021-22
22021,1610612744,GSW,Golden State Warriors,0022100224,2021-11-18,GSW @ CLE,W,239,104,41,83,0.494,15,43,0.349,7,8,0.875,5,29,34,36,12,2,11,17,15.0,2021-22
22021,1610612744,GSW,Golden State Warriors,0022100210,2021-11-16,GSW @ BKN,W,241,117,41,79,0.519,13,40,0.325,22,28,0.786,9,44,53,25,4,8,21,27,18.0,2021-22
22021,1610612744,GSW,Golden State Warriors,0022100194,2021-11-14,GSW @ CHA,L,240,102,38,90,0.422,9,39,0.231,17,25,0.68,11,38,49,31,8,7,15,17,-4.0,2021-22
22021,1610612744,GSW,Golden State Warriors,0022100183,2021-11-12,GSW vs. CHI,W,239,119,45,93,0.484,15,46,0.326,14,16,0.875,12,35,47,27,15,3,16,15,26.0,2021-22
22021,1610612744,GSW,Golden State Warriors,0022100169,2021-11-10,GSW vs. MIN,W,240,123,40,85,0.471,11,40,0.275,32,40,0.8,20,33,53,23,14,6,16,21,13.0,2021-22
22021,1610612744,GSW,Golden State Warriors,0022100152,2021-11-08,GSW vs. ATL,W,241,127,44,92,0.478,18,44,0.409,21,22,0.955,10,29,39,31,13,4,13,22,14.0,2021-22
22021,1610612744,GSW,Golden State Warriors,0022100145,2021-11-07,GSW vs. HOU,W,238,120,44,85,0.518,15,46,0.326,17,20,0.85,7,34,41,31,12,3,15,28,13.0,2021-22
22021,1610612744,GSW,Golden State Warriors,0022100130,2021-11-05,GSW vs. NOP,W,241,126,47,91,0.516,20,50,0.4,12,14,0.857,9,40,49,36,10,4,11,16,41.0,2021-22
22021,1610612744,GSW,Golden State Warriors,0022100117,2021-11-03,GSW vs. CHA,W,240,114,42,86,0.488,18,45,0.4,12,18,0.667,7,46,53,33,14,4,16,17,22.0,2021-22
22021,1610612744,GSW,Golden State Warriors,0022100086,2021-10-30,GSW vs. OKC,W,239,103,39,92,0.424,21,54,0.389,4,8,0.5,10,46,56,30,9,8,15,21,21.0,2021-22
22021,1610612744,GSW,Golden State Warriors,0022100070,2021-10-28,GSW vs. MEM,L,266,101,39,90,0.433,14,40,0.35,9,12,0.75,7,41,48,29,8,7,22,17,-3.0,2021-22
22021,1610612744,GSW,Golden State Warriors,0022100051,2021-10-26,GSW @ OKC,W,240,106,39,83,0.47,14,40,0.35,14,18,0.778,7,39,46,30,9,8,15,20,8.0,2021-22
22021,1610612744,GSW,Golden State Warriors,0022100039,2021-10-24,GSW @ SAC,W,240,119,43,97,0.443,13,37,0.351,20,24,0.833,14,29,43,26,12,3,6,13,12.0,2021-22
22021,1610612744,GSW,Golden State Warriors,0022100016,2021-10-21,GSW vs. LAC,W,240,115,43,83,0.518,15,31,0.484,14,22,0.636,10,43,53,27,5,4,21,20,-3.0,2021-22
22021,1610612744,GSW,Golden State Warriors,0022100002,2021-10-19,GSW @ LAL,W,240,121,41,93,0.441,14,39,0.359,25,30,0.833,9,41,50,30,9,2,17,18,7.0,2021-22
42021,1610612744,GSW,Golden State Warriors,0042100406,2022-06-16,GSW @ BOS,W,241,103,38,92,0.413,19,46,0.413,8,8,1.0,15,29,44,27,13,7,15,20,13.0,2021-22
42021,1610612744,GSW,Golden State Warriors,0042100405,2022-06-13,GSW vs. BOS,W,240,104,41,88,0.466,9,40,0.225,13,15,0.867,4,35,39,23,9,2,6,28,10.0,2021-22
42021,1610612744,GSW,Golden State Warriors,0042100404,2022-06-10,GSW @ BOS,W,241,107,40,91,0.44,15,43,0.349,12,15,0.8,16,39,55,20,10,5,16,21,10.0,2021-22
42021,1610612744,GSW,Golden State Warriors,0042100403,2022-06-08,GSW @ BOS,L,237,100,36,78,0.462,15,40,0.375,13,15,0.867,6,25,31,22,7,5,16,23,-16.0,2021-22
42021,1610612744,GSW,Golden State Warriors,0042100402,2022-06-05,GSW vs. BOS,W,241,107,39,86,0.453,15,37,0.405,14,20,0.7,6,36,42,25,15,2,12,17,19.0,2021-22
42021,1610612744,GSW,Golden State Warriors,0042100401,2022-06-02,GSW vs. BOS,L,241,108,39,88,0.443,19,45,0.422,11,15,0.733,12,27,39,24,8,6,14,16,-12.0,2021-22
42021,1610612744,GSW,Golden State Warriors,0042100315,2022-05-26,GSW vs. DAL,W,241,120,45,88,0.511,14,36,0.389,16,16,1.0,14,37,51,36,6,3,10,20,10.0,2021-22
42021,1610612744,GSW,Golden State Warriors,0042100314,2022-05-24,GSW @ DAL,L,242,109,41,84,0.488,10,28,0.357,17,26,0.654,6,36,42,26,5,4,8,18,-10.0,2021-22
42021,1610612744,GSW,Golden State Warriors,0042100313,2022-05-22,GSW @ DAL,W,240,109,38,81,0.469,11,32,0.344,22,25,0.88,14,33,47,28,5,1,10,23,9.0,2021-22
42021,1610612744,GSW,Golden State Warriors,0042100312,2022-05-20,GSW vs. DAL,W,240,126,46,82,0.561,14,28,0.5,20,25,0.8,8,35,43,33,4,2,13,26,9.0,2021-22
42021,1610612744,GSW,Golden State Warriors,0042100311,2022-05-18,GSW vs. DAL,W,239,112,46,82,0.561,10,29,0.345,10,16,0.625,7,44,51,24,8,7,15,22,25.0,2021-22
42021,1610612744,GSW,Golden State Warriors,0042100236,2022-05-13,GSW vs. MEM,W,240,110,41,104,0.394,20,53,0.377,8,11,0.727,25,45,70,24,3,10,17,17,14.0,2021-22
42021,1610612744,GSW,Golden State Warriors,0042100235,2022-05-11,GSW @ MEM,L,240,95,36,80,0.45,14,39,0.359,9,13,0.692,4,33,37,22,3,5,22,23,-39.0,2021-22
42021,1610612744,GSW,Golden State Warriors,0042100234,2022-05-09,GSW vs. MEM,W,239,101,36,90,0.4,9,37,0.243,20,22,0.909,10,44,54,25,6,7,16,15,3.0,2021-22
42021,1610612744,GSW,Golden State Warriors,0042100233,2022-05-07,GSW vs. MEM,W,241,142,53,85,0.624,17,32,0.531,19,21,0.905,4,34,38,34,5,4,16,24,30.0,2021-22
42021,1610612744,GSW,Golden State Warriors,0042100232,2022-05-03,GSW @ MEM,L,239,101,40,95,0.421,7,38,0.184,14,18,0.778,14,38,52,27,6,2,18,20,-5.0,2021-22
42021,1610612744,GSW,Golden State Warriors,0042100231,2022-05-01,GSW @ MEM,W,239,117,45,93,0.484,14,38,0.368,13,20,0.65,16,36,52,31,10,6,18,25,1.0,2021-22
42021,1610612744,GSW,Golden State Warriors,0042100165,2022-04-27,GSW vs. DEN,W,241,102,37,82,0.451,13,31,0.419,15,21,0.714,6,31,37,28,10,6,9,22,4.0,2021-22
42021,1610612744,GSW,Golden State Warriors,0042100164,2022-04-24,GSW @ DEN,L,241,121,43,86,0.5,12,34,0.353,23,32,0.719,9,27,36,26,15,3,15,27,-5.0,2021-22
42021,1610612744,GSW,Golden State Warriors,0042100163,2022-04-21,GSW @ DEN,W,239,118,41,74,0.554,18,40,0.45,18,28,0.643,4,26,30,29,7,6,16,25,5.0,2021-22
42021,1610612744,GSW,Golden State Warriors,0042100162,2022-04-18,GSW vs. DEN,W,241,126,46,84,0.548,17,40,0.425,17,24,0.708,6,29,35,27,10,8,9,20,20.0,2021-22
42021,1610612744,GSW,Golden State Warriors,0042100161,2022-04-16,GSW vs. DEN,W,241,123,43,82,0.524,16,35,0.457,21,29,0.724,10,31,41,33,5,8,12,22,16.0,2021-22
22022,1610612744,GSW,Golden State Warriors,0022201230,2023-04-09,GSW @ POR,W,240,157,58,96,0.604,27,49,0.551,14,16,0.875,9,49,58,47,13,6,15,18,56.0,2022-23
22022,1610612744,GSW,Golden State Warriors,0022201211,2023-04-07,GSW @ SAC,W,238,119,41,78,0.526,16,36,0.444,21,24,0.875,10,37,47,36,6,7,24,22,22.0,2022-23
22022,1610612744,GSW,Golden State Warriors,0022201187,2023-04-04,GSW vs. OKC,W,243,136,47,95,0.495,20,47,0.426,22,30,0.733,19,35,54,25,6,6,13,22,11.0,2022-23
22022,1610612744,GSW,Golden State Warriors,0022201175,2023-04-02,GSW @ DEN,L,241,110,42,105,0.4,9,42,0.214,17,17,1.0,22,35,57,26,9,4,15,22,-2.0,2022-23
22022,1610612744,GSW,Golden State Warriors,0022201158,2023-03-31,GSW vs. SAS,W,238,130,47,93,0.505,21,49,0.429,15,21,0.714,14,31,45,37,5,4,14,18,15.0,2022-23
22022,1610612744,GSW,Golden State Warriors,0022201135,2023-03-28,GSW vs. NOP,W,239,120,43,82,0.524,18,40,0.45,16,22,0.727,11,30,41,32,11,4,18,18,11.0,2022-23
22022,1610612744,GSW,Golden State Warriors,0022201121,2023-03-26,GSW vs. MIN,L,241,96,34,82,0.415,15,40,0.375,13,17,0.765,6,31,37,25,9,2,16,19,-3.0,2022-23
22022,1610612744,GSW,Golden State Warriors,0022201103,2023-03-24,GSW vs. PHI,W,240,120,42,88,0.477,18,50,0.36,18,24,0.75,10,39,49,27,3,0,11,21,8.0,2022-23
22022,1610612744,GSW,Golden State Warriors,0022201086,2023-03-22,GSW @ DAL,W,240,127,50,90,0.556,12,39,0.308,15,18,0.833,11,33,44,33,7,5,13,20,2.0,2022-23
22022,1610612744,GSW,Golden State Warriors,0022201074,2023-03-20,GSW @ HOU,W,240,121,44,88,0.5,17,48,0.354,16,19,0.842,16,32,48,31,12,6,18,14,13.0,2022-23
22022,1610612744,GSW,Golden State Warriors,0022201061,2023-03-18,GSW @ MEM,L,239,119,39,91,0.429,13,35,0.371,28,34,0.824,15,27,42,27,3,8,13,21,-14.0,2022-23
22022,1610612744,GSW,Golden State Warriors,0022201048,2023-03-17,GSW @ ATL,L,240,119,47,98,0.48,11,40,0.275,14,20,0.7,16,38,54,28,6,9,17,20,-8.0,2022-23
22022,1610612744,GSW,Golden State Warriors,0022201041,2023-03-15,GSW @ LAC,L,240,126,49,88,0.557,17,36,0.472,11,15,0.733,7,29,36,28,5,1,16,25,-8.0,2022-23
22022,1610612744,GSW,Golden State Warriors,0022201025,2023-03-13,GSW vs. PHX,W,240,123,45,83,0.542,19,39,0.487,14,24,0.583,9,32,41,28,8,6,14,21,11.0,2022-23
22022,1610612744,GSW,Golden State Warriors,0022201012,2023-03-11,GSW vs. MIL,W,263,125,46,112,0.411,23,55,0.418,10,11,0.909,18,47,65,33,12,4,15,15,9.0,2022-23
22022,1610612744,GSW,Golden State Warriors,0022200996,2023-03-09,GSW @ MEM,L,239,110,36,82,0.439,15,45,0.333,23,24,0.958,8,24,32,25,9,3,17,17,-21.0,2022-23
22022,1610612744,GSW,Golden State Warriors,0022200982,2023-03-07,GSW @ OKC,L,241,128,47,89,0.528,20,51,0.392,14,16,0.875,8,25,33,36,8,3,21,21,-9.0,2022-23
22022,1610612744,GSW,Golden State Warriors,0022200964,2023-03-05,GSW @ LAL,L,238,105,36,91,0.396,18,52,0.346,15,18,0.833,7,35,42,27,2,6,12,21,-8.0,2022-23
22022,1610612744,GSW,Golden State Warriors,0022200953,2023-03-03,GSW vs. NOP,W,240,108,40,78,0.513,10,31,0.323,18,20,0.9,9,34,43,28,7,4,18,22,9.0,2022-23
22022,1610612744,GSW,Golden State Warriors,0022200945,2023-03-02,GSW vs. LAC,W,242,115,39,93,0.419,14,46,0.304,23,27,0.852,15,45,60,25,9,6,11,20,24.0,2022-23
22022,1610612744,GSW,Golden State Warriors,0022200931,2023-02-28,GSW vs. POR,W,241,123,49,91,0.538,12,30,0.4,13,16,0.813,12,34,46,34,5,2,18,19,18.0,2022-23
22022,1610612744,GSW,Golden State Warriors,0022200916,2023-02-26,GSW vs. MIN,W,240,109,39,91,0.429,15,42,0.357,16,22,0.727,16,40,56,23,11,5,16,19,5.0,2022-23
22022,1610612744,GSW,Golden State Warriors,0022200901,2023-02-24,GSW vs. HOU,W,241,116,37,78,0.474,26,54,0.481,16,18,0.889,7,40,47,27,3,3,18,20,15.0,2022-23
22022,1610612744,GSW,Golden State Warriors,0022200893,2023-02-23,GSW @ LAL,L,240,111,40,105,0.381,14,49,0.286,17,21,0.81,17,31,48,24,10,3,10,23,-13.0,2022-23
22022,1610612744,GSW,Golden State Warriors,0022200871,2023-02-14,GSW @ LAC,L,238,124,45,83,0.542,15,34,0.441,19,27,0.704,8,28,36,28,2,1,11,22,-10.0,2022-23
22022,1610612744,GSW,Golden State Warriors,0022200866,2023-02-13,GSW vs. WAS,W,240,135,52,89,0.584,20,40,0.5,11,15,0.733,11,23,34,40,10,0,15,19,9.0,2022-23
22022,1610612744,GSW,Golden State Warriors,0022200853,2023-02-11,GSW vs. LAL,L,240,103,40,96,0.417,12,44,0.273,11,12,0.917,7,36,43,31,11,6,15,21,-6.0,2022-23
22022,1610612744,GSW,Golden State Warriors,0022200830,2023-02-08,GSW @ POR,L,240,122,46,97,0.474,21,49,0.429,9,10,0.9,10,22,32,31,11,2,11,24,-3.0,2022-23
22022,1610612744,GSW,Golden State Warriors,0022200814,2023-02-06,GSW vs. OKC,W,242,141,56,97,0.577,26,50,0.52,3,7,0.429,11,34,45,43,6,3,16,17,27.0,2022-23
22022,1610612744,GSW,Golden State Warriors,0022200800,2023-02-04,GSW vs. DAL,W,242,119,45,82,0.549,14,35,0.4,15,19,0.789,5,33,38,33,6,5,14,24,6.0,2022-23
22022,1610612744,GSW,Golden State Warriors,0022200783,2023-02-02,GSW @ DEN,L,241,117,43,85,0.506,19,38,0.5,12,19,0.632,10,32,42,25,4,4,17,23,-17.0,2022-23
22022,1610612744,GSW,Golden State Warriors,0022200774,2023-02-01,GSW @ MIN,L,264,114,38,91,0.418,11,35,0.314,27,34,0.794,9,49,58,21,7,4,17,24,-5.0,2022-23
22022,1610612744,GSW,Golden State Warriors,0022200759,2023-01-30,GSW @ OKC,W,240,128,46,90,0.511,20,47,0.426,16,20,0.8,6,38,44,37,9,4,15,18,8.0,2022-23
22022,1610612744,GSW,Golden State Warriors,0022200740,2023-01-27,GSW vs. TOR,W,241,129,50,90,0.556,18,43,0.419,11,15,0.733,5,38,43,40,5,1,12,18,12.0,2022-23
22022,1610612744,GSW,Golden State Warriors,0022200726,2023-01-25,GSW vs. MEM,W,239,122,43,85,0.506,14,32,0.438,22,28,0.786,14,30,44,33,7,5,21,27,2.0,2022-23
22022,1610612744,GSW,Golden State Warriors,0022200704,2023-01-22,GSW vs. BKN,L,242,116,41,90,0.456,13,32,0.406,21,27,0.778,10,32,42,28,10,2,10,24,-4.0,2022-23
22022,1610612744,GSW,Golden State Warriors,0022200685,2023-01-20,GSW @ CLE,W,240,120,42,86,0.488,23,43,0.535,13,19,0.684,14,31,45,25,9,4,17,19,6.0,2022-23
22022,1610612744,GSW,Golden State Warriors,0022200679,2023-01-19,GSW @ BOS,L,265,118,40,100,0.4,18,52,0.346,20,23,0.87,8,39,47,28,10,7,16,26,-3.0,2022-23
22022,1610612744,GSW,Golden State Warriors,0022200660,2023-01-16,GSW @ WAS,W,240,127,45,91,0.495,18,44,0.409,19,21,0.905,9,34,43,28,8,1,12,23,9.0,2022-23
22022,1610612744,GSW,Golden State Warriors,0022200650,2023-01-15,GSW @ CHI,L,239,118,41,83,0.494,21,51,0.412,15,22,0.682,7,33,40,35,6,4,23,22,-14.0,2022-23
22022,1610612744,GSW,Golden State Warriors,0022200635,2023-01-13,GSW @ SAS,W,239,144,55,101,0.545,18,48,0.375,16,20,0.8,12,43,55,33,9,6,12,26,31.0,2022-23
22022,1610612744,GSW,Golden State Warriors,0022200615,2023-01-10,GSW vs. PHX,L,241,113,37,96,0.385,18,48,0.375,21,27,0.778,16,29,45,24,13,2,15,26,-12.0,2022-23
22022,1610612744,GSW,Golden State Warriors,0022200594,2023-01-07,GSW vs. ORL,L,240,101,33,88,0.375,18,58,0.31,17,21,0.81,11,38,49,26,7,1,16,17,-14.0,2022-23
22022,1610612744,GSW,Golden State Warriors,0022200573,2023-01-04,GSW vs. DET,L,241,119,45,87,0.517,15,40,0.375,14,15,0.933,9,31,40,31,3,4,14,20,-3.0,2022-23
22022,1610612744,GSW,Golden State Warriors,0022200558,2023-01-02,GSW vs. ATL,W,290,143,54,121,0.446,19,59,0.322,16,24,0.667,23,46,69,34,9,6,19,23,2.0,2022-23
22022,1610612744,GSW,Golden State Warriors,0022200536,2022-12-30,GSW vs. POR,W,240,118,42,91,0.462,17,43,0.395,17,21,0.81,17,29,46,29,9,2,12,22,6.0,2022-23
22022,1610612744,GSW,Golden State Warriors,0022200521,2022-12-28,GSW vs. UTA,W,241,112,37,87,0.425,16,45,0.356,22,27,0.815,10,41,51,22,6,3,12,26,5.0,2022-23
22022,1610612744,GSW,Golden State Warriors,0022200513,2022-12-27,GSW vs. CHA,W,242,110,41,95,0.432,8,37,0.216,20,24,0.833,9,40,49,31,3,2,14,22,5.0,2022-23
22022,1610612744,GSW,Golden State Warriors,0022200496,2022-12-25,GSW vs. MEM,W,239,123,43,91,0.473,18,44,0.409,19,26,0.731,9,42,51,31,6,5,10,18,14.0,2022-23
22022,1610612744,GSW,Golden State Warriors,0022200470,2022-12-21,GSW @ BKN,L,239,113,41,83,0.494,12,33,0.364,19,25,0.76,9,27,36,32,6,1,21,14,-30.0,2022-23
22022,1610612744,GSW,Golden State Warriors,0022200463,2022-12-20,GSW @ NYK,L,241,94,35,74,0.473,12,35,0.343,12,13,0.923,4,25,29,23,3,2,19,22,-38.0,2022-23
22022,1610612744,GSW,Golden State Warriors,0022200448,2022-12-18,GSW @ TOR,W,240,126,43,81,0.531,18,39,0.462,22,26,0.846,12,29,41,31,6,2,17,21,16.0,2022-23
22022,1610612744,GSW,Golden State Warriors,0022200432,2022-12-16,GSW @ PHI,L,241,106,39,94,0.415,17,43,0.395,11,13,0.846,13,35,48,31,8,6,17,21,-12.0,2022-23
22022,1610612744,GSW,Golden State Warriors,0022200415,2022-12-14,GSW @ IND,L,240,119,40,86,0.465,14,33,0.424,25,29,0.862,12,34,46,27,5,4,23,20,-6.0,2022-23
22022,1610612744,GSW,Golden State Warriors,0022200410,2022-12-13,GSW @ MIL,L,239,111,38,95,0.4,20,50,0.4,15,19,0.789,12,25,37,25,7,2,18,22,-17.0,2022-23
22022,1610612744,GSW,Golden State Warriors,0022200392,2022-12-10,GSW vs. BOS,W,240,123,47,92,0.511,13,39,0.333,16,20,0.8,11,42,53,26,3,6,13,20,16.0,2022-23
22022,1610612744,GSW,Golden State Warriors,0022200372,2022-12-07,GSW @ UTA,L,241,123,45,98,0.459,14,42,0.333,19,25,0.76,14,28,42,26,8,5,14,18,-1.0,2022-23
22022,1610612744,GSW,Golden State Warriors,0022200359,2022-12-05,GSW vs. IND,L,240,104,38,94,0.404,13,44,0.295,15,19,0.789,12,35,47,26,6,6,12,19,-8.0,2022-23
22022,1610612744,GSW,Golden State Warriors,0022200342,2022-12-03,GSW vs. HOU,W,240,120,45,85,0.529,25,52,0.481,5,10,0.5,6,29,35,34,8,5,13,24,19.0,2022-23
22022,1610612744,GSW,Golden State Warriors,0022200336,2022-12-02,GSW vs. CHI,W,240,119,42,87,0.483,20,50,0.4,15,23,0.652,7,43,50,32,2,5,19,19,8.0,2022-23
22022,1610612744,GSW,Golden State Warriors,0022200310,2022-11-29,GSW @ DAL,L,241,113,42,88,0.477,11,43,0.256,18,23,0.783,10,40,50,27,6,3,18,23,-3.0,2022-23
22022,1610612744,GSW,Golden State Warriors,0022200291,2022-11-27,GSW @ MIN,W,240,137,50,87,0.575,20,47,0.426,17,20,0.85,8,39,47,36,7,6,16,26,23.0,2022-23
22022,1610612744,GSW,Golden State Warriors,0022200284,2022-11-25,GSW vs. UTA,W,240,129,52,101,0.515,20,45,0.444,5,6,0.833,16,33,49,33,8,3,19,15,11.0,2022-23
22022,1610612744,GSW,Golden State Warriors,0022200271,2022-11-23,GSW vs. LAC,W,241,124,48,97,0.495,19,51,0.373,9,13,0.692,12,33,45,36,11,5,13,26,17.0,2022-23
22022,1610612744,GSW,Golden State Warriors,0022200253,2022-11-21,GSW @ NOP,L,240,83,28,74,0.378,10,43,0.233,17,19,0.895,4,30,34,17,9,5,26,20,-45.0,2022-23
22022,1610612744,GSW,Golden State Warriors,0022200245,2022-11-20,GSW @ HOU,W,242,127,46,86,0.535,24,47,0.511,11,15,0.733,8,32,40,38,8,5,17,22,7.0,2022-23
22022,1610612744,GSW,Golden State Warriors,0022200233,2022-11-18,GSW vs. NYK,W,240,111,41,91,0.451,18,50,0.36,11,20,0.55,12,39,51,32,8,3,16,26,10.0,2022-23
22022,1610612744,GSW,Golden State Warriors,0022200220,2022-11-16,GSW @ PHX,L,240,119,42,92,0.457,18,42,0.429,17,17,1.0,6,34,40,30,5,3,17,23,-11.0,2022-23
22022,1610612744,GSW,Golden State Warriors,0022200205,2022-11-14,GSW vs. SAS,W,239,132,47,88,0.534,23,45,0.511,15,16,0.938,5,35,40,35,9,3,12,17,37.0,2022-23
22022,1610612744,GSW,Golden State Warriors,0022200197,2022-11-13,GSW @ SAC,L,238,115,42,90,0.467,16,47,0.34,15,16,0.938,8,35,43,27,5,5,18,20,-7.0,2022-23
22022,1610612744,GSW,Golden State Warriors,0022200182,2022-11-11,GSW vs. CLE,W,240,106,40,82,0.488,15,36,0.417,11,14,0.786,8,36,44,29,5,3,14,27,5.0,2022-23
22022,1610612744,GSW,Golden State Warriors,0022200156,2022-11-07,GSW vs. SAC,W,241,116,44,88,0.5,14,38,0.368,14,21,0.667,8,40,48,28,5,4,15,21,3.0,2022-23
22022,1610612744,GSW,Golden State Warriors,0022200128,2022-11-04,GSW @ NOP,L,241,105,35,71,0.493,12,32,0.375,23,25,0.92,3,26,29,23,7,1,22,25,-9.0,2022-23
22022,1610612744,GSW,Golden State Warriors,0022200118,2022-11-03,GSW @ ORL,L,239,129,50,97,0.515,19,43,0.442,10,15,0.667,9,26,35,31,5,3,14,32,-1.0,2022-23
22022,1610612744,GSW,Golden State Warriors,0022200104,2022-11-01,GSW @ MIA,L,240,109,39,84,0.464,18,49,0.367,13,17,0.765,10,31,41,31,8,5,20,22,-7.0,2022-23
22022,1610612744,GSW,Golden State Warriors,0022200091,2022-10-30,GSW @ DET,L,241,114,39,92,0.424,12,39,0.308,24,25,0.96,13,29,42,23,8,4,14,24,-14.0,2022-23
22022,1610612744,GSW,Golden State Warriors,0022200082,2022-10-29,GSW @ CHA,L,266,113,44,100,0.44,13,44,0.295,12,16,0.75,10,39,49,31,8,6,10,31,-7.0,2022-23
22022,1610612744,GSW,Golden State Warriors,0022200068,2022-10-27,GSW vs. MIA,W,240,123,46,92,0.5,18,46,0.391,13,15,0.867,16,34,50,30,4,2,19,13,13.0,2022-23
22022,1610612744,GSW,Golden State Warriors,0022200055,2022-10-25,GSW @ PHX,L,240,105,41,91,0.451,10,35,0.286,13,17,0.765,10,30,40,28,7,7,13,28,-29.0,2022-23
22022,1610612744,GSW,Golden State Warriors,0022200042,2022-10-23,GSW vs. SAC,W,240,130,45,87,0.517,14,33,0.424,26,36,0.722,6,31,37,24,7,5,13,21,5.0,2022-23
22022,1610612744,GSW,Golden State Warriors,0022200026,2022-10-21,GSW vs. DEN,L,241,123,42,88,0.477,15,44,0.341,24,27,0.889,7,28,35,34,10,3,18,23,-5.0,2022-23
22022,1610612744,GSW,Golden State Warriors,0022200002,2022-10-18,GSW vs. LAL,W,241,123,45,99,0.455,16,45,0.356,17,23,0.739,11,37,48,31,11,4,18,23,14.0,2022-23
42022,1610612744,GSW,Golden State Warriors,0042200236,2023-05-12,GSW @ LAL,L,241,101,39,103,0.379,13,48,0.271,10,14,0.714,20,33,53,25,3,2,10,30,-21.0,2022-23
42022,1610612744,GSW,Golden State Warriors,0042200235,2023-05-10,GSW vs. LAL,W,239,121,47,92,0.511,13,35,0.371,14,15,0.933,9,39,48,29,8,5,14,18,15.0,2022-23
42022,1610612744,GSW,Golden State Warriors,0042200234,2023-05-08,GSW @ LAL,L,239,101,40,86,0.465,12,41,0.293,9,12,0.75,9,31,40,29,9,2,16,22,-3.0,2022-23
42022,1610612744,GSW,Golden State Warriors,0042200233,2023-05-06,GSW @ LAL,L,240,97,36,91,0.396,13,44,0.295,12,17,0.706,14,28,42,26,5,6,19,22,-30.0,2022-23
42022,1610612744,GSW,Golden State Warriors,0042200232,2023-05-04,GSW vs. LAL,W,242,127,48,95,0.505,21,42,0.5,10,16,0.625,13,42,55,38,2,3,15,23,27.0,2022-23
42022,1610612744,GSW,Golden State Warriors,0042200231,2023-05-02,GSW vs. LAL,L,240,112,43,106,0.406,21,53,0.396,5,6,0.833,14,35,49,30,5,3,8,24,-5.0,2022-23
42022,1610612744,GSW,Golden State Warriors,0042200167,2023-04-30,GSW @ SAC,W,240,120,43,100,0.43,15,46,0.326,19,30,0.633,18,37,55,25,4,6,7,23,20.0,2022-23
42022,1610612744,GSW,Golden State Warriors,0042200166,2023-04-28,GSW vs. SAC,L,239,99,32,86,0.372,10,32,0.313,25,35,0.714,11,31,42,20,14,6,18,23,-19.0,2022-23
42022,1610612744,GSW,Golden State Warriors,0042200165,2023-04-26,GSW @ SAC,W,240,123,50,96,0.521,11,38,0.289,12,19,0.632,11,32,43,33,11,7,14,24,7.0,2022-23
42022,1610612744,GSW,Golden State Warriors,0042200164,2023-04-23,GSW vs. SAC,W,240,126,45,90,0.5,14,34,0.412,22,24,0.917,8,36,44,31,8,6,11,19,1.0,2022-23
42022,1610612744,GSW,Golden State Warriors,0042200163,2023-04-20,GSW vs. SAC,W,241,114,40,100,0.4,16,50,0.32,18,23,0.783,18,41,59,31,12,5,11,19,17.0,2022-23
42022,1610612744,GSW,Golden State Warriors,0042200162,2023-04-17,GSW @ SAC,L,241,106,39,82,0.476,13,40,0.325,15,18,0.833,9,32,41,18,6,2,20,26,-8.0,2022-23
42022,1610612744,GSW,Golden State Warriors,0042200161,2023-04-15,GSW @ SAC,L,239,123,43,90,0.478,16,50,0.32,21,27,0.778,9,32,41,31,7,7,15,25,-3.0,2022-23
22023,1610612744,GSW,Golden State Warriors,0022301198,2024-04-14,GSW vs. UTA,W,239,123,45,94,0.479,14,43,0.326,19,23,0.826,12,30,42,35,10,6,9,14,7.0,2023-24
22023,1610612744,GSW,Golden State Warriors,0022301182,2024-04-12,GSW vs. NOP,L,240,109,40,86,0.465,13,34,0.382,16,21,0.762,11,42,53,27,6,5,16,15,-5.0,2023-24
22023,1610612744,GSW,Golden State Warriors,0022301169,2024-04-11,GSW @ POR,W,240,100,36,77,0.468,12,35,0.343,16,20,0.8,10,36,46,24,8,13,16,18,8.0,2023-24
22023,1610612744,GSW,Golden State Warriors,0022301155,2024-04-09,GSW @ LAL,W,241,134,47,80,0.588,26,41,0.634,14,21,0.667,4,38,42,37,3,12,15,17,14.0,2023-24
22023,1610612744,GSW,Golden State Warriors,0022301142,2024-04-07,GSW vs. UTA,W,241,118,49,92,0.533,14,35,0.4,6,6,1.0,11,36,47,32,9,8,13,19,8.0,2023-24
22023,1610612744,GSW,Golden State Warriors,0022301097,2024-04-05,GSW @ DAL,L,239,106,41,93,0.441,12,35,0.343,12,18,0.667,11,33,44,27,12,5,15,19,-2.0,2023-24
22023,1610612744,GSW,Golden State Warriors,0022301113,2024-04-04,GSW @ HOU,W,241,133,47,80,0.588,17,35,0.486,22,25,0.88,12,31,43,29,6,2,18,23,23.0,2023-24
22023,1610612744,GSW,Golden State Warriors,0022300589,2024-04-02,GSW vs. DAL,W,242,104,41,90,0.456,15,32,0.469,7,7,1.0,11,41,52,29,9,4,17,18,4.0,2023-24
22023,1610612744,GSW,Golden State Warriors,0022301085,2024-03-31,GSW @ SAS,W,241,117,45,92,0.489,16,39,0.41,11,13,0.846,12,29,41,34,15,3,15,14,4.0,2023-24
22023,1610612744,GSW,Golden State Warriors,0022301062,2024-03-29,GSW @ CHA,W,240,115,48,89,0.539,11,32,0.344,8,9,0.889,11,39,50,35,7,5,12,19,18.0,2023-24
22023,1610612744,GSW,Golden State Warriors,0022301049,2024-03-27,GSW @ ORL,W,241,101,40,90,0.444,10,34,0.294,11,13,0.846,12,40,52,26,5,5,12,18,8.0,2023-24
22023,1610612744,GSW,Golden State Warriors,0022301044,2024-03-26,GSW @ MIA,W,243,113,47,85,0.553,13,38,0.342,6,10,0.6,7,36,43,31,6,5,10,20,21.0,2023-24
22023,1610612744,GSW,Golden State Warriors,0022301031,2024-03-24,GSW @ MIN,L,241,110,38,85,0.447,14,36,0.389,20,26,0.769,7,34,41,23,8,3,12,19,-4.0,2023-24
22023,1610612744,GSW,Golden State Warriors,0022301016,2024-03-22,GSW vs. IND,L,240,111,43,106,0.406,14,48,0.292,11,16,0.688,24,40,64,24,6,6,14,15,-12.0,2023-24
22023,1610612744,GSW,Golden State Warriors,0022301001,2024-03-20,GSW vs. MEM,W,240,137,58,100,0.58,19,39,0.487,2,6,0.333,13,35,48,43,6,5,6,17,21.0,2023-24
22023,1610612744,GSW,Golden State Warriors,0022300988,2024-03-18,GSW vs. NYK,L,241,112,42,88,0.477,14,36,0.389,14,18,0.778,12,27,39,29,7,5,13,16,-7.0,2023-24
22023,1610612744,GSW,Golden State Warriors,0022300973,2024-03-16,GSW @ LAL,W,241,128,51,97,0.526,14,34,0.412,12,15,0.8,14,31,45,38,3,4,7,19,7.0,2023-24
22023,1610612744,GSW,Golden State Warriors,0022300952,2024-03-13,GSW @ DAL,L,241,99,37,92,0.402,9,28,0.321,16,19,0.842,15,27,42,19,9,3,15,20,-10.0,2023-24
22023,1610612744,GSW,Golden State Warriors,0022300936,2024-03-11,GSW @ SAS,W,240,112,46,93,0.495,12,27,0.444,8,12,0.667,10,35,45,28,7,4,13,19,10.0,2023-24
22023,1610612744,GSW,Golden State Warriors,0022300921,2024-03-09,GSW vs. SAS,L,241,113,41,88,0.466,10,30,0.333,21,29,0.724,9,30,39,26,9,7,12,24,-13.0,2023-24
22023,1610612744,GSW,Golden State Warriors,0022300907,2024-03-07,GSW vs. CHI,L,241,122,44,97,0.454,11,42,0.262,23,28,0.821,13,35,48,31,8,2,11,22,-3.0,2023-24
22023,1610612744,GSW,Golden State Warriors,0022300899,2024-03-06,GSW vs. MIL,W,240,125,51,91,0.56,19,39,0.487,4,7,0.571,8,42,50,37,10,13,14,13,35.0,2023-24
22023,1610612744,GSW,Golden State Warriors,0022300872,2024-03-03,GSW @ BOS,L,240,88,36,92,0.391,7,41,0.171,9,13,0.692,12,34,46,24,2,3,17,13,-52.0,2023-24
22023,1610612744,GSW,Golden State Warriors,0022300860,2024-03-01,GSW @ TOR,W,241,120,44,98,0.449,18,44,0.409,14,18,0.778,15,41,56,26,10,5,14,14,15.0,2023-24
22023,1610612744,GSW,Golden State Warriors,0022300852,2024-02-29,GSW @ NYK,W,242,110,44,98,0.449,14,44,0.318,8,16,0.5,16,37,53,26,8,5,11,19,11.0,2023-24
22023,1610612744,GSW,Golden State Warriors,0022300834,2024-02-27,GSW @ WAS,W,240,123,47,94,0.5,21,46,0.457,8,11,0.727,9,35,44,39,12,6,18,11,11.0,2023-24
22023,1610612744,GSW,Golden State Warriors,0022300824,2024-02-25,GSW vs. DEN,L,241,103,35,81,0.432,11,34,0.324,22,29,0.759,11,31,42,27,5,3,17,18,-16.0,2023-24
22023,1610612744,GSW,Golden State Warriors,0022300811,2024-02-23,GSW vs. CHA,W,238,97,38,89,0.427,13,42,0.31,8,10,0.8,13,40,53,28,7,7,21,15,13.0,2023-24
22023,1610612744,GSW,Golden State Warriors,0022300802,2024-02-22,GSW vs. LAL,W,241,128,50,107,0.467,16,41,0.39,12,14,0.857,15,33,48,32,6,4,9,19,18.0,2023-24
22023,1610612744,GSW,Golden State Warriors,0022300576,2024-02-15,GSW @ UTA,W,239,140,49,92,0.533,20,42,0.476,22,28,0.786,13,28,41,42,8,6,13,19,3.0,2023-24
22023,1610612744,GSW,Golden State Warriors,0022300789,2024-02-14,GSW vs. LAC,L,240,125,47,103,0.456,18,47,0.383,13,18,0.722,13,34,47,34,7,2,9,25,-5.0,2023-24
22023,1610612744,GSW,Golden State Warriors,0022300769,2024-02-12,GSW @ UTA,W,239,129,48,100,0.48,20,44,0.455,13,17,0.765,12,39,51,31,8,4,13,13,22.0,2023-24
22023,1610612744,GSW,Golden State Warriors,0022300757,2024-02-10,GSW vs. PHX,W,238,113,45,101,0.446,17,41,0.415,6,11,0.545,13,39,52,33,6,2,13,20,1.0,2023-24
22023,1610612744,GSW,Golden State Warriors,0022300733,2024-02-08,GSW @ IND,W,241,131,52,93,0.559,17,32,0.531,10,13,0.769,10,39,49,33,7,7,17,22,22.0,2023-24
22023,1610612744,GSW,Golden State Warriors,0022300727,2024-02-07,GSW @ PHI,W,239,127,47,94,0.5,16,38,0.421,17,22,0.773,12,40,52,30,7,8,12,21,23.0,2023-24
22023,1610612744,GSW,Golden State Warriors,0022300717,2024-02-05,GSW @ BKN,W,239,109,43,93,0.462,4,22,0.182,19,23,0.826,16,44,60,24,7,8,13,17,11.0,2023-24
22023,1610612744,GSW,Golden State Warriors,0022300699,2024-02-03,GSW @ ATL,L,266,134,50,112,0.446,18,56,0.321,16,20,0.8,14,43,57,26,4,7,14,23,-7.0,2023-24
22023,1610612744,GSW,Golden State Warriors,0022300693,2024-02-02,GSW @ MEM,W,240,121,46,83,0.554,11,29,0.379,18,22,0.818,6,40,46,32,7,8,14,17,20.0,2023-24
22023,1610612744,GSW,Golden State Warriors,0022300673,2024-01-30,GSW vs. PHI,W,239,119,44,79,0.557,14,32,0.438,17,19,0.895,8,34,42,32,6,6,16,20,12.0,2023-24
22023,1610612744,GSW,Golden State Warriors,0022300650,2024-01-27,GSW vs. LAL,L,289,144,55,119,0.462,23,58,0.397,11,16,0.688,11,39,50,37,11,3,17,34,-1.0,2023-24
22023,1610612744,GSW,Golden State Warriors,0022300632,2024-01-25,GSW vs. SAC,L,239,133,48,86,0.558,19,37,0.514,18,23,0.783,6,27,33,30,7,3,13,19,-1.0,2023-24
22023,1610612744,GSW,Golden State Warriors,0022300626,2024-01-24,GSW vs. ATL,W,240,134,51,91,0.56,16,33,0.485,16,22,0.727,11,38,49,26,6,9,10,18,22.0,2023-24
22023,1610612744,GSW,Golden State Warriors,0022300560,2024-01-15,GSW @ MEM,L,241,107,44,90,0.489,10,31,0.323,9,10,0.9,7,38,45,28,4,6,19,25,-9.0,2023-24
22023,1610612744,GSW,Golden State Warriors,0022300545,2024-01-13,GSW @ MIL,L,240,118,47,98,0.48,15,36,0.417,9,14,0.643,12,29,41,23,5,4,7,16,-11.0,2023-24
22023,1610612744,GSW,Golden State Warriors,0022300536,2024-01-12,GSW @ CHI,W,240,140,49,94,0.521,20,47,0.426,22,30,0.733,13,31,44,39,7,4,3,16,9.0,2023-24
22023,1610612744,GSW,Golden State Warriors,0022300525,2024-01-10,GSW vs. NOP,L,239,105,39,89,0.438,12,39,0.308,15,18,0.833,14,29,43,24,4,4,17,19,-36.0,2023-24
22023,1610612744,GSW,Golden State Warriors,0022300504,2024-01-07,GSW vs. TOR,L,241,118,45,100,0.45,14,46,0.304,14,15,0.933,15,28,43,30,5,4,10,11,-15.0,2023-24
22023,1610612744,GSW,Golden State Warriors,0022300490,2024-01-05,GSW vs. DET,W,242,113,38,82,0.463,16,38,0.421,21,25,0.84,7,38,45,24,3,5,16,18,4.0,2023-24
22023,1610612744,GSW,Golden State Warriors,0022300478,2024-01-04,GSW vs. DEN,L,240,127,49,90,0.544,15,36,0.417,14,16,0.875,9,24,33,35,4,3,8,20,-3.0,2023-24
22023,1610612744,GSW,Golden State Warriors,0022300463,2024-01-02,GSW vs. ORL,W,239,121,42,78,0.538,13,35,0.371,24,37,0.649,9,27,36,23,9,6,12,19,6.0,2023-24
22023,1610612744,GSW,Golden State Warriors,0022300444,2023-12-30,GSW vs. DAL,L,240,122,47,103,0.456,19,48,0.396,9,13,0.692,16,31,47,32,8,3,10,21,-10.0,2023-24
22023,1610612744,GSW,Golden State Warriors,0022300426,2023-12-28,GSW vs. MIA,L,241,102,37,88,0.42,8,33,0.242,20,25,0.8,12,31,43,27,4,7,13,19,-12.0,2023-24
22023,1610612744,GSW,Golden State Warriors,0022300402,2023-12-25,GSW @ DEN,L,240,114,40,87,0.46,14,40,0.35,20,23,0.87,9,30,39,23,7,3,13,23,-6.0,2023-24
22023,1610612744,GSW,Golden State Warriors,0022300399,2023-12-23,GSW vs. POR,W,241,126,48,83,0.578,10,33,0.303,20,24,0.833,13,36,49,38,8,2,16,14,20.0,2023-24
22023,1610612744,GSW,Golden State Warriors,0022300386,2023-12-22,GSW vs. WAS,W,240,129,47,97,0.485,18,45,0.4,17,20,0.85,14,43,57,33,5,2,12,17,11.0,2023-24
22023,1610612744,GSW,Golden State Warriors,0022300362,2023-12-19,GSW vs. BOS,W,266,132,50,109,0.459,20,50,0.4,12,14,0.857,18,41,59,29,4,5,10,15,6.0,2023-24
22023,1610612744,GSW,Golden State Warriors,0022300348,2023-12-17,GSW @ POR,W,240,118,46,87,0.529,13,38,0.342,13,19,0.684,11,32,43,31,10,4,14,20,4.0,2023-24
22023,1610612744,GSW,Golden State Warriors,0022300339,2023-12-16,GSW vs. BKN,W,241,124,44,91,0.484,17,32,0.531,19,20,0.95,13,29,42,29,7,5,14,15,4.0,2023-24
22023,1610612744,GSW,Golden State Warriors,0022300325,2023-12-14,GSW @ LAC,L,241,113,40,92,0.435,16,45,0.356,17,19,0.895,16,27,43,22,8,2,11,24,-8.0,2023-24
22023,1610612744,GSW,Golden State Warriors,0022300308,2023-12-12,GSW @ PHX,L,241,116,41,92,0.446,16,46,0.348,18,27,0.667,13,38,51,26,9,1,15,28,-3.0,2023-24
22023,1610612744,GSW,Golden State Warriors,0022301222,2023-12-08,GSW @ OKC,L,266,136,49,104,0.471,19,48,0.396,19,23,0.826,24,36,60,29,3,2,28,28,-2.0,2023-24
22023,1610612744,GSW,Golden State Warriors,0022301214,2023-12-06,GSW vs. POR,W,239,110,36,86,0.419,10,34,0.294,28,33,0.848,15,35,50,20,4,3,17,19,4.0,2023-24
22023,1610612744,GSW,Golden State Warriors,0022300280,2023-12-02,GSW @ LAC,L,241,112,38,86,0.442,17,43,0.395,19,24,0.792,6,36,42,31,5,4,13,15,-1.0,2023-24
22023,1610612744,GSW,Golden State Warriors,0022300273,2023-11-30,GSW vs. LAC,W,240,120,41,82,0.5,15,39,0.385,23,31,0.742,10,37,47,30,3,4,7,18,6.0,2023-24
22023,1610612744,GSW,Golden State Warriors,0022300060,2023-11-28,GSW @ SAC,L,241,123,40,83,0.482,17,41,0.415,26,30,0.867,9,43,52,25,6,6,18,31,-1.0,2023-24
22023,1610612744,GSW,Golden State Warriors,0022300051,2023-11-24,GSW vs. SAS,W,241,118,40,81,0.494,19,42,0.452,19,24,0.792,7,34,41,35,7,2,24,21,6.0,2023-24
22023,1610612744,GSW,Golden State Warriors,0022300236,2023-11-22,GSW @ PHX,L,240,115,43,90,0.478,10,32,0.313,19,29,0.655,11,32,43,29,10,3,15,34,-8.0,2023-24
22023,1610612744,GSW,Golden State Warriors,0022300224,2023-11-20,GSW vs. HOU,W,240,121,36,77,0.468,21,43,0.488,28,33,0.848,8,35,43,26,3,1,8,21,5.0,2023-24
22023,1610612744,GSW,Golden State Warriors,0022300207,2023-11-18,GSW vs. OKC,L,266,123,44,97,0.454,18,46,0.391,17,21,0.81,14,35,49,33,6,4,16,18,-7.0,2023-24
22023,1610612744,GSW,Golden State Warriors,0022300201,2023-11-16,GSW vs. OKC,L,240,109,40,98,0.408,14,41,0.341,15,19,0.789,20,29,49,27,5,4,16,19,-19.0,2023-24
22023,1610612744,GSW,Golden State Warriors,0022300025,2023-11-14,GSW vs. MIN,L,242,101,37,88,0.42,13,39,0.333,14,16,0.875,13,33,46,28,11,2,19,22,-3.0,2023-24
22023,1610612744,GSW,Golden State Warriors,0022300186,2023-11-12,GSW vs. MIN,L,239,110,37,96,0.385,12,43,0.279,24,28,0.857,19,32,51,24,9,0,14,28,-6.0,2023-24
22023,1610612744,GSW,Golden State Warriors,0022300176,2023-11-11,GSW vs. CLE,L,240,110,37,90,0.411,13,38,0.342,23,30,0.767,15,40,55,26,5,3,20,29,-8.0,2023-24
22023,1610612744,GSW,Golden State Warriors,0022300169,2023-11-08,GSW @ DEN,L,240,105,37,86,0.43,11,35,0.314,20,26,0.769,11,38,49,21,5,0,9,20,-3.0,2023-24
22023,1610612744,GSW,Golden State Warriors,0022300145,2023-11-06,GSW @ DET,W,240,120,46,97,0.474,12,41,0.293,16,21,0.762,17,27,44,26,8,4,11,14,11.0,2023-24
22023,1610612744,GSW,Golden State Warriors,0022300142,2023-11-05,GSW @ CLE,L,240,104,34,94,0.362,16,41,0.39,20,30,0.667,17,27,44,26,10,4,13,18,-11.0,2023-24
22023,1610612744,GSW,Golden State Warriors,0022300005,2023-11-03,GSW @ OKC,W,241,141,49,92,0.533,18,40,0.45,25,30,0.833,13,25,38,36,9,2,15,25,2.0,2023-24
22023,1610612744,GSW,Golden State Warriors,0022300126,2023-11-01,GSW vs. SAC,W,239,102,39,81,0.481,11,31,0.355,13,15,0.867,7,29,36,32,5,6,17,17,1.0,2023-24
22023,1610612744,GSW,Golden State Warriors,0022300108,2023-10-30,GSW @ NOP,W,242,130,51,98,0.52,15,41,0.366,13,20,0.65,21,43,64,28,6,7,14,21,28.0,2023-24
22023,1610612744,GSW,Golden State Warriors,0022300096,2023-10-29,GSW @ HOU,W,239,106,35,81,0.432,18,45,0.4,18,23,0.783,8,41,49,27,6,6,14,18,11.0,2023-24
22023,1610612744,GSW,Golden State Warriors,0022300087,2023-10-27,GSW @ SAC,W,240,122,48,87,0.552,14,32,0.438,12,14,0.857,7,32,39,32,14,3,19,24,8.0,2023-24
22023,1610612744,GSW,Golden State Warriors,0022300062,2023-10-24,GSW vs. PHX,L,240,104,36,101,0.356,10,43,0.233,22,28,0.786,18,31,49,19,11,6,11,23,-4.0,2023-24
52023,1610612744,GSW,Golden State Warriors,0052300131,2024-04-16,GSW @ SAC,L,239,94,33,80,0.413,10,32,0.313,18,23,0.783,8,34,42,19,5,3,16,17,-24.0,2023-24
22024,1610612744,GSW,Golden State Warriors,0022401198,2025-04-13,GSW vs. LAC,L,265,119,43,79,0.544,15,33,0.455,18,23,0.783,3,22,25,31,11,6,15,20,-5.0,2024-25
22024,1610612744,GSW,Golden State Warriors,0022401183,2025-04-11,GSW @ POR,W,240,103,33,83,0.398,14,44,0.318,23,28,0.821,7,38,45,26,15,7,14,19,17.0,2024-25
22024,1610612744,GSW,Golden State Warriors,0022401163,2025-04-09,GSW vs. SAS,L,239,111,36,86,0.419,16,48,0.333,23,28,0.821,16,29,45,29,8,2,10,19,-3.0,2024-25
22024,1610612744,GSW,Golden State Warriors,0022401154,2025-04-08,GSW @ PHX,W,239,133,45,93,0.484,15,40,0.375,28,34,0.824,19,38,57,31,14,3,15,10,38.0,2024-25
22024,1610612744,GSW,Golden State Warriors,0022401143,2025-04-06,GSW vs. HOU,L,241,96,37,89,0.416,16,43,0.372,6,11,0.545,15,31,46,28,12,2,20,14,-10.0,2024-25
22024,1610612744,GSW,Golden State Warriors,0022401125,2025-04-04,GSW vs. DEN,W,240,118,43,88,0.489,16,38,0.421,16,18,0.889,11,25,36,25,14,2,13,15,14.0,2024-25
22024,1610612744,GSW,Golden State Warriors,0022401117,2025-04-03,GSW @ LAL,W,241,123,39,82,0.476,19,42,0.452,26,31,0.839,14,32,46,30,5,2,13,21,7.0,2024-25
22024,1610612744,GSW,Golden State Warriors,0022401100,2025-04-01,GSW @ MEM,W,241,134,42,99,0.424,22,56,0.393,28,28,1.0,15,34,49,29,11,3,11,22,9.0,2024-25
22024,1610612744,GSW,Golden State Warriors,0022401086,2025-03-30,GSW @ SAS,W,242,148,56,97,0.577,21,44,0.477,15,19,0.789,10,34,44,42,17,3,12,15,42.0,2024-25
22024,1610612744,GSW,Golden State Warriors,0022401072,2025-03-28,GSW @ NOP,W,242,111,38,92,0.413,13,55,0.236,22,29,0.759,18,32,50,29,10,1,10,22,16.0,2024-25
22024,1610612744,GSW,Golden State Warriors,0022401047,2025-03-25,GSW @ MIA,L,240,86,33,83,0.398,9,38,0.237,11,16,0.688,14,24,38,20,8,1,12,14,-26.0,2024-25
22024,1610612744,GSW,Golden State Warriors,0022401025,2025-03-22,GSW @ ATL,L,242,115,39,84,0.464,16,38,0.421,21,26,0.808,6,32,38,28,8,4,9,16,-9.0,2024-25
22024,1610612744,GSW,Golden State Warriors,0022401005,2025-03-20,GSW vs. TOR,W,239,117,38,90,0.422,19,47,0.404,22,28,0.786,11,27,38,30,13,5,14,15,3.0,2024-25
22024,1610612744,GSW,Golden State Warriors,0022401012,2025-03-18,GSW vs. MIL,W,239,104,32,77,0.416,17,44,0.386,23,26,0.885,9,43,52,25,7,6,18,24,11.0,2024-25
22024,1610612744,GSW,Golden State Warriors,0022400990,2025-03-17,GSW vs. DEN,L,239,105,41,84,0.488,8,33,0.242,15,27,0.556,11,27,38,24,16,10,20,21,-9.0,2024-25
22024,1610612744,GSW,Golden State Warriors,0022400974,2025-03-15,GSW vs. NYK,W,239,97,33,83,0.398,13,41,0.317,18,22,0.818,10,35,45,25,7,5,9,13,3.0,2024-25
22024,1610612744,GSW,Golden State Warriors,0022400957,2025-03-13,GSW vs. SAC,W,240,130,45,78,0.577,22,39,0.564,18,24,0.75,7,36,43,35,8,5,14,21,26.0,2024-25
22024,1610612744,GSW,Golden State Warriors,0022400938,2025-03-10,GSW vs. POR,W,240,130,45,85,0.529,21,41,0.512,19,21,0.905,12,28,40,35,16,5,17,16,10.0,2024-25
22024,1610612744,GSW,Golden State Warriors,0022400919,2025-03-08,GSW vs. DET,W,238,115,35,84,0.417,12,41,0.293,33,41,0.805,11,35,46,26,12,4,17,27,5.0,2024-25
22024,1610612744,GSW,Golden State Warriors,0022400901,2025-03-06,GSW @ BKN,W,242,121,40,82,0.488,12,32,0.375,29,32,0.906,15,30,45,31,3,4,16,19,2.0,2024-25
22024,1610612744,GSW,Golden State Warriors,0022400885,2025-03-04,GSW @ NYK,W,241,114,43,88,0.489,13,37,0.351,15,19,0.789,9,35,44,30,7,7,11,14,12.0,2024-25
22024,1610612744,GSW,Golden State Warriors,0022400875,2025-03-03,GSW @ CHA,W,239,119,40,95,0.421,18,50,0.36,21,24,0.875,12,42,54,33,10,4,8,23,18.0,2024-25
22024,1610612744,GSW,Golden State Warriors,0022400864,2025-03-01,GSW @ PHI,L,239,119,46,100,0.46,12,42,0.286,15,19,0.789,18,31,49,33,7,4,15,19,-7.0,2024-25
22024,1610612744,GSW,Golden State Warriors,0022400845,2025-02-27,GSW @ ORL,W,240,121,36,79,0.456,19,45,0.422,30,34,0.882,11,27,38,26,8,7,12,18,6.0,2024-25
22024,1610612744,GSW,Golden State Warriors,0022400834,2025-02-25,GSW vs. CHA,W,241,128,49,100,0.49,15,42,0.357,15,18,0.833,16,35,51,40,16,5,11,20,36.0,2024-25
22024,1610612744,GSW,Golden State Warriors,0022400812,2025-02-23,GSW vs. DAL,W,240,126,47,98,0.48,12,40,0.3,20,23,0.87,17,37,54,30,10,6,10,17,24.0,2024-25
22024,1610612744,GSW,Golden State Warriors,0022400805,2025-02-21,GSW @ SAC,W,241,132,50,93,0.538,20,43,0.465,12,12,1.0,11,24,35,40,13,3,12,19,24.0,2024-25
22024,1610612744,GSW,Golden State Warriors,0022400784,2025-02-13,GSW @ HOU,W,240,105,35,89,0.393,11,41,0.268,24,27,0.889,9,33,42,26,13,6,10,18,7.0,2024-25
22024,1610612744,GSW,Golden State Warriors,0022400782,2025-02-12,GSW @ DAL,L,239,107,41,96,0.427,10,35,0.286,15,18,0.833,18,32,50,29,9,6,15,16,-4.0,2024-25
22024,1610612744,GSW,Golden State Warriors,0022400760,2025-02-10,GSW @ MIL,W,238,125,41,93,0.441,13,45,0.289,30,38,0.789,15,33,48,27,16,2,9,23,14.0,2024-25
22024,1610612744,GSW,Golden State Warriors,0022400745,2025-02-08,GSW @ CHI,W,241,132,45,90,0.5,19,48,0.396,23,27,0.852,16,28,44,34,8,7,14,23,21.0,2024-25
22024,1610612744,GSW,Golden State Warriors,0022400731,2025-02-06,GSW @ LAL,L,239,112,41,101,0.406,16,53,0.302,14,20,0.7,10,30,40,29,8,2,12,25,-8.0,2024-25
22024,1610612744,GSW,Golden State Warriors,0022400725,2025-02-05,GSW @ UTA,L,241,128,46,100,0.46,17,48,0.354,19,27,0.704,12,29,41,33,6,4,9,24,-3.0,2024-25
22024,1610612744,GSW,Golden State Warriors,0022400708,2025-02-03,GSW vs. ORL,W,239,104,34,78,0.436,12,39,0.308,24,34,0.706,9,35,44,25,9,0,13,16,5.0,2024-25
22024,1610612744,GSW,Golden State Warriors,0022400685,2025-01-31,GSW vs. PHX,L,240,105,36,96,0.375,16,44,0.364,17,25,0.68,14,35,49,26,11,6,12,19,-25.0,2024-25
22024,1610612744,GSW,Golden State Warriors,0022400673,2025-01-29,GSW vs. OKC,W,239,116,40,81,0.494,13,38,0.342,23,28,0.821,7,35,42,30,6,7,15,24,7.0,2024-25
22024,1610612744,GSW,Golden State Warriors,0022400661,2025-01-28,GSW vs. UTA,W,238,114,36,92,0.391,17,49,0.347,25,31,0.806,16,31,47,29,8,4,9,24,11.0,2024-25
22024,1610612744,GSW,Golden State Warriors,0022400644,2025-01-25,GSW vs. LAL,L,239,108,41,89,0.461,16,46,0.348,10,16,0.625,11,27,38,30,10,0,11,15,-10.0,2024-25
22024,1610612744,GSW,Golden State Warriors,0022400628,2025-01-23,GSW vs. CHI,W,241,131,46,102,0.451,25,57,0.439,14,14,1.0,15,37,52,37,3,6,10,21,25.0,2024-25
22024,1610612744,GSW,Golden State Warriors,0022400619,2025-01-22,GSW @ SAC,L,242,117,43,92,0.467,22,48,0.458,9,13,0.692,12,32,44,31,5,2,19,27,-6.0,2024-25
22024,1610612744,GSW,Golden State Warriors,0022400604,2025-01-20,GSW vs. BOS,L,240,85,32,92,0.348,14,53,0.264,7,11,0.636,10,28,38,28,8,3,12,12,-40.0,2024-25
22024,1610612744,GSW,Golden State Warriors,0022400589,2025-01-18,GSW vs. WAS,W,240,122,45,96,0.469,14,41,0.341,18,24,0.75,17,38,55,24,6,7,9,18,8.0,2024-25
22024,1610612744,GSW,Golden State Warriors,0022400565,2025-01-15,GSW @ MIN,W,240,116,40,82,0.488,18,36,0.5,18,21,0.857,14,31,45,26,8,5,12,26,1.0,2024-25
22024,1610612744,GSW,Golden State Warriors,0022400550,2025-01-13,GSW @ TOR,L,241,101,35,88,0.398,16,46,0.348,15,22,0.682,14,32,46,23,11,4,14,14,-3.0,2024-25
22024,1610612744,GSW,Golden State Warriors,0022400525,2025-01-10,GSW @ IND,L,240,96,38,91,0.418,10,38,0.263,10,13,0.769,11,31,42,25,11,2,13,19,-12.0,2024-25
22024,1610612744,GSW,Golden State Warriors,0022400518,2025-01-09,GSW @ DET,W,239,107,41,89,0.461,15,46,0.326,10,16,0.625,15,34,49,32,9,7,15,18,3.0,2024-25
22024,1610612744,GSW,Golden State Warriors,0022400508,2025-01-07,GSW vs. MIA,L,240,98,40,98,0.408,14,50,0.28,4,5,0.8,11,41,52,28,9,6,10,15,-16.0,2024-25
22024,1610612744,GSW,Golden State Warriors,0022400492,2025-01-05,GSW vs. SAC,L,240,99,37,81,0.457,12,35,0.343,13,18,0.722,9,26,35,22,10,3,22,21,-30.0,2024-25
22024,1610612744,GSW,Golden State Warriors,0022400485,2025-01-04,GSW vs. MEM,W,241,121,44,84,0.524,23,43,0.535,10,16,0.625,9,20,29,32,13,5,18,18,8.0,2024-25
22024,1610612744,GSW,Golden State Warriors,0022400467,2025-01-02,GSW vs. PHI,W,242,139,53,87,0.609,22,39,0.564,11,15,0.733,5,38,43,41,5,8,11,22,34.0,2024-25
22024,1610612744,GSW,Golden State Warriors,0022400446,2024-12-30,GSW vs. CLE,L,241,95,33,99,0.333,9,38,0.237,20,26,0.769,14,41,55,20,5,8,14,14,-18.0,2024-25
22024,1610612744,GSW,Golden State Warriors,0022400431,2024-12-28,GSW vs. PHX,W,240,109,41,98,0.418,12,45,0.267,15,19,0.789,18,31,49,26,8,7,11,17,4.0,2024-25
22024,1610612744,GSW,Golden State Warriors,0022400426,2024-12-27,GSW @ LAC,L,242,92,35,95,0.368,7,38,0.184,15,20,0.75,19,28,47,24,14,2,14,16,-10.0,2024-25
22024,1610612744,GSW,Golden State Warriors,0022400408,2024-12-25,GSW vs. LAL,L,240,113,41,89,0.461,18,45,0.4,13,17,0.765,12,32,44,26,2,8,12,18,-2.0,2024-25
22024,1610612744,GSW,Golden State Warriors,0022400403,2024-12-23,GSW vs. IND,L,239,105,39,90,0.433,12,38,0.316,15,21,0.714,11,33,44,29,7,7,11,13,-6.0,2024-25
22024,1610612744,GSW,Golden State Warriors,0022400383,2024-12-21,GSW @ MIN,W,241,113,40,87,0.46,16,42,0.381,17,23,0.739,11,34,45,30,9,6,10,23,10.0,2024-25
22024,1610612744,GSW,Golden State Warriors,0022400366,2024-12-19,GSW @ MEM,L,241,93,32,90,0.356,12,36,0.333,17,24,0.708,10,26,36,20,11,5,17,16,-51.0,2024-25
22024,1610612744,GSW,Golden State Warriors,0022401228,2024-12-15,GSW vs. DAL,L,239,133,49,103,0.476,27,54,0.5,8,11,0.727,15,22,37,39,8,2,10,17,-10.0,2024-25
22024,1610612744,GSW,Golden State Warriors,0022401204,2024-12-11,GSW @ HOU,L,240,90,37,84,0.44,12,38,0.316,4,9,0.444,11,28,39,22,13,8,15,11,-1.0,2024-25
22024,1610612744,GSW,Golden State Warriors,0022400355,2024-12-08,GSW vs. MIN,W,240,114,42,90,0.467,16,41,0.39,14,20,0.7,14,31,45,28,8,6,11,20,8.0,2024-25
22024,1610612744,GSW,Golden State Warriors,0022400338,2024-12-06,GSW vs. MIN,L,240,90,32,82,0.39,11,39,0.282,15,17,0.882,10,31,41,21,9,4,22,11,-17.0,2024-25
22024,1610612744,GSW,Golden State Warriors,0022400332,2024-12-05,GSW vs. HOU,W,240,99,36,86,0.419,9,28,0.321,18,27,0.667,11,43,54,19,5,3,10,16,6.0,2024-25
22024,1610612744,GSW,Golden State Warriors,0022400058,2024-12-03,GSW @ DEN,L,241,115,44,95,0.463,12,38,0.316,15,21,0.714,11,37,48,36,12,3,14,25,-4.0,2024-25
22024,1610612744,GSW,Golden State Warriors,0022400303,2024-11-30,GSW @ PHX,L,239,105,38,92,0.413,14,40,0.35,15,18,0.833,9,34,43,28,8,5,9,17,-8.0,2024-25
22024,1610612744,GSW,Golden State Warriors,0022400299,2024-11-27,GSW vs. OKC,L,240,101,35,98,0.357,16,50,0.32,15,21,0.714,18,39,57,25,7,6,14,21,-4.0,2024-25
22024,1610612744,GSW,Golden State Warriors,0022400284,2024-11-25,GSW vs. BKN,L,241,120,45,93,0.484,19,46,0.413,11,17,0.647,11,32,43,32,8,5,12,21,-8.0,2024-25
22024,1610612744,GSW,Golden State Warriors,0022400269,2024-11-23,GSW @ SAS,L,241,94,36,95,0.379,14,44,0.318,8,13,0.615,17,32,49,29,4,3,10,21,-10.0,2024-25
22024,1610612744,GSW,Golden State Warriors,0022400032,2024-11-22,GSW @ NOP,W,239,112,39,87,0.448,12,37,0.324,22,29,0.759,14,38,52,27,5,5,16,19,4.0,2024-25
22024,1610612744,GSW,Golden State Warriors,0022400258,2024-11-20,GSW vs. ATL,W,239,120,47,101,0.465,14,40,0.35,12,18,0.667,9,45,54,36,10,7,15,17,23.0,2024-25
22024,1610612744,GSW,Golden State Warriors,0022400251,2024-11-18,GSW @ LAC,L,241,99,37,84,0.44,16,44,0.364,9,19,0.474,9,36,45,27,12,4,19,14,-3.0,2024-25
22024,1610612744,GSW,Golden State Warriors,0022400019,2024-11-15,GSW vs. MEM,W,241,123,43,98,0.439,19,46,0.413,18,25,0.72,14,42,56,33,9,5,19,28,5.0,2024-25
22024,1610612744,GSW,Golden State Warriors,0022400007,2024-11-12,GSW vs. DAL,W,241,120,45,94,0.479,14,41,0.341,16,27,0.593,18,32,50,29,13,7,12,18,3.0,2024-25
22024,1610612744,GSW,Golden State Warriors,0022400207,2024-11-10,GSW @ OKC,W,240,127,45,89,0.506,21,43,0.488,16,23,0.696,13,33,46,35,8,3,14,26,11.0,2024-25
22024,1610612744,GSW,Golden State Warriors,0022400188,2024-11-08,GSW @ CLE,L,242,117,47,98,0.48,13,42,0.31,10,14,0.714,11,29,40,32,14,4,17,24,-19.0,2024-25
22024,1610612744,GSW,Golden State Warriors,0022400172,2024-11-06,GSW @ BOS,W,239,118,42,91,0.462,14,34,0.412,20,24,0.833,15,38,53,22,6,5,11,19,6.0,2024-25
22024,1610612744,GSW,Golden State Warriors,0022400155,2024-11-04,GSW @ WAS,W,240,125,44,97,0.454,12,37,0.324,25,34,0.735,16,40,56,29,5,7,6,20,13.0,2024-25
22024,1610612744,GSW,Golden State Warriors,0022400144,2024-11-02,GSW @ HOU,W,264,127,40,78,0.513,15,32,0.469,32,50,0.64,9,38,47,26,5,4,14,22,6.0,2024-25
22024,1610612744,GSW,Golden State Warriors,0022400126,2024-10-30,GSW vs. NOP,W,238,104,41,87,0.471,13,38,0.342,9,13,0.692,13,29,42,32,5,9,13,22,15.0,2024-25
22024,1610612744,GSW,Golden State Warriors,0022400116,2024-10-29,GSW vs. NOP,W,243,124,46,97,0.474,21,46,0.457,11,13,0.846,11,23,34,34,15,9,7,20,18.0,2024-25
22024,1610612744,GSW,Golden State Warriors,0022400101,2024-10-27,GSW vs. LAC,L,242,104,38,88,0.432,14,43,0.326,14,22,0.636,14,33,47,19,10,5,21,22,-8.0,2024-25
22024,1610612744,GSW,Golden State Warriors,0022400084,2024-10-25,GSW @ UTA,W,241,127,51,106,0.481,20,50,0.4,5,6,0.833,19,41,60,35,15,6,13,25,41.0,2024-25
22024,1610612744,GSW,Golden State Warriors,0022400072,2024-10-23,GSW @ POR,W,240,140,48,93,0.516,20,48,0.417,24,30,0.8,15,42,57,38,13,5,17,27,36.0,2024-25
42024,1610612744,GSW,Golden State Warriors,0042400235,2025-05-14,GSW @ MIN,L,242,110,39,90,0.433,11,39,0.282,21,30,0.7,18,22,40,21,14,1,17,21,-11.0,2024-25
42024,1610612744,GSW,Golden State Warriors,0042400234,2025-05-12,GSW vs. MIN,L,242,110,37,85,0.435,8,27,0.296,28,33,0.848,14,24,38,18,10,1,15,25,-7.0,2024-25
42024,1610612744,GSW,Golden State Warriors,0042400233,2025-05-10,GSW vs. MIN,L,240,97,35,81,0.432,10,23,0.435,17,21,0.81,12,24,36,21,6,7,14,24,-5.0,2024-25
42024,1610612744,GSW,Golden State Warriors,0042400232,2025-05-08,GSW @ MIN,L,238,93,34,76,0.447,9,32,0.281,16,25,0.64,10,32,42,23,8,2,17,16,-24.0,2024-25
42024,1610612744,GSW,Golden State Warriors,0042400231,2025-05-06,GSW @ MIN,W,241,99,34,87,0.391,18,42,0.429,13,15,0.867,18,33,51,26,10,2,12,18,11.0,2024-25
42024,1610612744,GSW,Golden State Warriors,0042400157,2025-05-04,GSW @ HOU,W,240,103,39,82,0.476,18,43,0.419,7,9,0.778,3,35,38,24,6,8,7,14,14.0,2024-25
42024,1610612744,GSW,Golden State Warriors,0042400156,2025-05-02,GSW vs. HOU,L,239,107,37,90,0.411,15,49,0.306,18,22,0.818,13,29,42,26,6,6,16,30,-8.0,2024-25
42024,1610612744,GSW,Golden State Warriors,0042400155,2025-04-30,GSW @ HOU,L,241,116,43,103,0.417,15,44,0.341,15,22,0.682,25,24,49,25,10,5,14,27,-15.0,2024-25
42024,1610612744,GSW,Golden State Warriors,0042400154,2025-04-28,GSW vs. HOU,W,240,109,36,86,0.419,17,46,0.37,20,22,0.909,9,25,34,27,7,2,8,22,3.0,2024-25
42024,1610612744,GSW,Golden State Warriors,0042400153,2025-04-26,GSW vs. HOU,W,239,104,39,90,0.433,14,45,0.311,12,15,0.8,10,35,45,26,9,6,10,21,11.0,2024-25
42024,1610612744,GSW,Golden State Warriors,0042400152,2025-04-23,GSW @ HOU,L,241,94,33,80,0.413,17,43,0.395,11,18,0.611,7,26,33,22,7,6,15,18,-15.0,2024-25
42024,1610612744,GSW,Golden State Warriors,0042400151,2025-04-20,GSW @ HOU,W,240,95,36,76,0.474,12,32,0.375,11,14,0.786,6,30,36,20,14,1,11,18,10.0,2024-25
52024,1610612744,GSW,Golden State Warriors,0052400121,2025-04-15,GSW vs. MEM,W,241,121,39,85,0.459,15,43,0.349,28,34,0.824,13,26,39,29,13,3,10,23,5.0,2024-25
22025,1610612744,GSW,Golden State Warriors,0022500361,2025-12-07,GSW @ CHI,W,239,123,44,88,0.5,22,47,0.468,13,19,0.684,15,36,51,27,11,2,15,16,32.0,2025-26
22025,1610612744,GSW,Golden State Warriors,0022500352,2025-12-06,GSW @ CLE,W,241,99,33,86,0.384,13,35,0.371,20,23,0.87,8,38,46,25,8,8,13,19,5.0,2025-26
22025,1610612744,GSW,Golden State Warriors,0022500333,2025-12-04,GSW @ PHI,L,239,98,37,89,0.416,12,42,0.286,12,16,0.75,11,32,43,27,12,4,13,20,-1.0,2025-26
22025,1610612744,GSW,Golden State Warriors,0022500323,2025-12-02,GSW vs. OKC,L,240,112,43,95,0.453,18,42,0.429,8,10,0.8,12,31,43,30,5,2,15,22,-12.0,2025-26
22025,1610612744,GSW,Golden State Warriors,0022500298,2025-11-29,GSW vs. NOP,W,241,104,38,93,0.409,12,47,0.255,16,20,0.8,14,33,47,28,5,3,9,23,8.0,2025-26
22025,1610612744,GSW,Golden State Warriors,0022500066,2025-11-26,GSW vs. HOU,L,240,100,35,82,0.427,12,43,0.279,18,21,0.857,13,34,47,25,8,5,16,26,-4.0,2025-26
22025,1610612744,GSW,Golden State Warriors,0022500291,2025-11-24,GSW vs. UTA,W,241,134,51,104,0.49,19,52,0.365,13,18,0.722,16,34,50,34,11,5,10,14,17.0,2025-26
22025,1610612744,GSW,Golden State Warriors,0022500056,2025-11-21,GSW vs. POR,L,240,123,40,83,0.482,17,43,0.395,26,30,0.867,9,23,32,29,14,4,13,25,-4.0,2025-26
22025,1610612744,GSW,Golden State Warriors,0022500257,2025-11-19,GSW @ MIA,L,239,96,34,95,0.358,13,49,0.265,15,20,0.75,20,42,62,24,8,5,21,20,-14.0,2025-26
22025,1610612744,GSW,Golden State Warriors,0022500249,2025-11-18,GSW @ ORL,L,239,113,39,78,0.5,13,36,0.361,22,28,0.786,6,30,36,26,11,3,18,18,-8.0,2025-26
22025,1610612744,GSW,Golden State Warriors,0022500237,2025-11-16,GSW @ NOP,W,240,124,43,94,0.457,24,56,0.429,14,17,0.824,16,31,47,34,14,4,21,23,18.0,2025-26
22025,1610612744,GSW,Golden State Warriors,0022500047,2025-11-14,GSW @ SAS,W,241,109,38,90,0.422,17,45,0.378,16,18,0.889,15,24,39,18,9,8,14,20,1.0,2025-26
22025,1610612744,GSW,Golden State Warriors,0022500220,2025-11-12,GSW @ SAS,W,243,125,36,85,0.424,21,57,0.368,32,36,0.889,8,32,40,30,13,3,15,18,5.0,2025-26
22025,1610612744,GSW,Golden State Warriors,0022500210,2025-11-11,GSW @ OKC,L,241,102,33,74,0.446,13,35,0.371,23,29,0.793,6,26,32,23,16,4,20,28,-24.0,2025-26
22025,1610612744,GSW,Golden State Warriors,0022500196,2025-11-09,GSW vs. IND,W,240,114,38,88,0.432,12,44,0.273,26,37,0.703,11,39,50,22,11,6,10,16,31.0,2025-26
22025,1610612744,GSW,Golden State Warriors,0022500037,2025-11-07,GSW @ DEN,L,241,104,40,95,0.421,12,41,0.293,12,15,0.8,17,29,46,28,4,5,12,18,-25.0,2025-26
22025,1610612744,GSW,Golden State Warriors,0022500181,2025-11-05,GSW @ SAC,L,241,116,40,89,0.449,17,43,0.395,19,23,0.826,10,34,44,28,10,6,18,26,-5.0,2025-26
22025,1610612744,GSW,Golden State Warriors,0022500169,2025-11-04,GSW vs. PHX,W,240,118,41,83,0.494,19,42,0.452,17,20,0.85,8,31,39,33,9,4,15,18,11.0,2025-26
22025,1610612744,GSW,Golden State Warriors,0022500144,2025-11-01,GSW @ IND,L,239,109,39,90,0.433,12,44,0.273,19,22,0.864,10,34,44,25,5,4,16,27,-5.0,2025-26
22025,1610612744,GSW,Golden State Warriors,0022500139,2025-10-30,GSW @ MIL,L,241,110,36,85,0.424,13,38,0.342,25,26,0.962,9,35,44,23,8,6,19,17,-10.0,2025-26
22025,1610612744,GSW,Golden State Warriors,0022500127,2025-10-28,GSW vs. LAC,W,241,98,39,86,0.453,17,45,0.378,3,4,0.75,10,32,42,24,11,3,13,15,19.0,2025-26
22025,1610612744,GSW,Golden State Warriors,0022500121,2025-10-27,GSW vs. MEM,W,239,131,44,83,0.53,19,43,0.442,24,30,0.8,7,32,39,36,7,5,16,24,13.0,2025-26
22025,1610612744,GSW,Golden State Warriors,0022500097,2025-10-24,GSW @ POR,L,241,119,35,80,0.438,16,38,0.421,33,39,0.846,12,29,41,24,12,3,25,22,-20.0,2025-26
22025,1610612744,GSW,Golden State Warriors,0022500006,2025-10-23,GSW vs. DEN,W,265,137,50,99,0.505,18,47,0.383,19,25,0.76,10,33,43,33,11,3,8,16,6.0,2025-26
22025,1610612744,GSW,Golden State Warriors,0022500002,2025-10-21,GSW @ LAL,W,241,119,38,78,0.487,17,40,0.425,26,29,0.897,9,31,40,29,10,4,18,27,10.0,2025-26
