game_id,season,game_type,week,gameday,weekday,gametime,away_team,away_score,home_team,home_score,location,result,total,overtime,old_game_id,gsis,nfl_detail_id,pfr,pff,espn,ftn,away_rest,home_rest,away_moneyline,home_moneyline,spread_line,away_spread_odds,home_spread_odds,total_line,under_odds,over_odds,div_game,roof,surface,temp,wind,away_qb_id,home_qb_id,away_qb_name,home_qb_name,away_coach,home_coach,referee,stadium_id,stadium
2000_01_PHI_DAL,2000,REG,1,2000-09-03,Sunday,16:05,PHI,41.0,DAL,14.0,Home,-27.0,55.0,0.0,2000090308,996.0,,200009030dal,,200903006,,7,7,,,6.0,,,39.5,,,1,outdoors,astroturf,109.0,5.0,00-0011022,00-0000104,Donovan McNabb,Troy Aikman,Andy Reid,Dave Campo,Tom White,DAL99,Texas Stadium
2000_02_NYG_PHI,2000,REG,2,2000-09-10,Sunday,13:00,NYG,33.0,PHI,18.0,Home,-15.0,51.0,0.0,2000091009,1011.0,,200009100phi,,200910021,,7,7,,,3.0,,,39.5,,,1,outdoors,astroturf,77.0,6.0,00-0003292,00-0011022,Kerry Collins,Donovan McNabb,Jim Fassel,Andy Reid,Ron Winter,PHI99,Veterans Stadium
2000_03_PHI_GB,2000,REG,3,2000-09-17,Sunday,13:00,PHI,3.0,GB,6.0,Home,3.0,9.0,0.0,2000091707,1024.0,,200009170gnb,,200917009,,7,7,,,4.0,,,42.5,,,0,outdoors,grass,67.0,9.0,00-0011022,00-0005106,Donovan McNabb,Brett Favre,Andy Reid,Mike Sherman,Tony Corrente,GNB00,Lambeau Field
2000_04_PHI_NO,2000,REG,4,2000-09-24,Sunday,13:00,PHI,21.0,NO,7.0,Home,-14.0,28.0,0.0,2000092407,1042.0,,200009240nor,,200924018,,7,7,,,1.5,,,38.0,,,0,dome,astroturf,,,00-0011022,00-0001335,Donovan McNabb,Jeff Blake,Andy Reid,Jim Haslett,Gerry Austin,NOR00,Louisiana Superdome
2000_05_ATL_PHI,2000,REG,5,2000-10-01,Sunday,20:20,ATL,10.0,PHI,38.0,Home,28.0,48.0,0.0,2000100112,1062.0,,200010010phi,,201001021,,7,7,,,3.0,,,41.5,,,0,outdoors,astroturf,68.0,8.0,00-0002876,00-0011022,Chris Chandler,Donovan McNabb,Dan Reeves,Andy Reid,Phil Luckett,PHI99,Veterans Stadium
2000_06_WAS_PHI,2000,REG,6,2000-10-08,Sunday,13:00,WAS,17.0,PHI,14.0,Home,-3.0,31.0,0.0,2000100811,1075.0,,200010080phi,,201008021,,7,7,,,-3.5,,,37.5,,,1,outdoors,astroturf,49.0,10.0,00-0008442,00-0011022,Brad Johnson,Donovan McNabb,Terry Robiskie,Andy Reid,Dick Hantak,PHI99,Veterans Stadium
2000_07_PHI_ARI,2000,REG,7,2000-10-15,Sunday,15:15,PHI,33.0,ARI,14.0,Home,-19.0,47.0,0.0,2000101509,1087.0,,200010150crd,,201015022,,7,7,,,-2.5,,,39.0,,,1,outdoors,grass,80.0,3.0,00-0011022,00-0013042,Donovan McNabb,Jake Plummer,Andy Reid,Vince Tobin,Ron Blum,PHO99,Sun Devil Stadium
2000_08_CHI_PHI,2000,REG,8,2000-10-22,Sunday,13:00,CHI,9.0,PHI,13.0,Home,4.0,22.0,0.0,2000102202,1095.0,,200010220phi,,201022021,,7,7,,,6.5,,,41.0,,,0,outdoors,astroturf,59.0,10.0,00-0011044,00-0011022,Cade McNown,Donovan McNabb,Dick Jauron,Andy Reid,Johnny Grier,PHI99,Veterans Stadium
2000_09_PHI_NYG,2000,REG,9,2000-10-29,Sunday,16:05,PHI,7.0,NYG,24.0,Home,17.0,31.0,0.0,2000102909,1115.0,,200010290nyg,,201029019,,7,14,,,3.5,,,37.0,,,1,outdoors,grass,45.0,18.0,00-0011022,00-0003292,Donovan McNabb,Kerry Collins,Andy Reid,Jim Fassel,Jeff Triplette,NYC00,Giants Stadium
2000_10_DAL_PHI,2000,REG,10,2000-11-05,Sunday,13:00,DAL,13.0,PHI,16.0,Home,3.0,29.0,1.0,2000110502,1122.0,,200011050phi,,201105021,,7,7,,,3.0,,,40.0,,,1,outdoors,astroturf,52.0,18.0,00-0003761,00-0011022,Randall Cunningham,Donovan McNabb,Dave Campo,Andy Reid,Mike Carey,PHI99,Veterans Stadium
2000_11_PHI_PIT,2000,REG,11,2000-11-12,Sunday,13:00,PHI,26.0,PIT,23.0,Home,-3.0,49.0,1.0,2000111210,1146.0,,200011120pit,,201112023,,7,7,,,3.5,,,33.0,,,0,outdoors,astroturf,47.0,7.0,00-0011022,00-0015700,Donovan McNabb,Kordell Stewart,Andy Reid,Bill Cowher,Dick Hantak,PIT99,Three Rivers Stadium
2000_12_ARI_PHI,2000,REG,12,2000-11-19,Sunday,13:00,ARI,9.0,PHI,34.0,Home,25.0,43.0,0.0,2000111900,1151.0,,200011190phi,,201119021,,7,7,,,7.0,,,38.0,,,1,outdoors,astroturf,39.0,10.0,00-0013042,00-0011022,Jake Plummer,Donovan McNabb,Dave McGinnis,Andy Reid,Phil Luckett,PHI99,Veterans Stadium
2000_13_PHI_WAS,2000,REG,13,2000-11-26,Sunday,13:00,PHI,23.0,WAS,20.0,Home,-3.0,43.0,0.0,2000112608,1176.0,,200011260was,,201126028,,7,6,,,7.0,,,37.0,,,1,outdoors,grass,50.0,5.0,00-0011022,00-0005885,Donovan McNabb,Jeff George,Andy Reid,Terry Robiskie,Tom White,WAS00,FedExField
2000_14_TEN_PHI,2000,REG,14,2000-12-03,Sunday,13:00,TEN,15.0,PHI,13.0,Home,-2.0,28.0,0.0,2000120311,1193.0,,200012030phi,,201203021,,7,7,,,-3.0,,,36.5,,,0,outdoors,astroturf,30.0,7.0,00-0011024,00-0011022,Steve McNair,Donovan McNabb,Jeff Fisher,Andy Reid,Walt Coleman,PHI99,Veterans Stadium
2000_15_PHI_CLE,2000,REG,15,2000-12-10,Sunday,13:00,PHI,35.0,CLE,24.0,Home,-11.0,59.0,0.0,2000121007,1236.0,,200012100cle,,201210005,,7,7,,,-14.0,,,35.5,,,0,outdoors,grass,33.0,6.0,00-0011022,00-0012726,Donovan McNabb,Doug Pederson,Andy Reid,Chris Palmer,Johnny Grier,CLE00,Cleveland Browns Stadium
2000_17_CIN_PHI,2000,REG,17,2000-12-24,Sunday,13:00,CIN,7.0,PHI,16.0,Home,9.0,23.0,0.0,2000122403,1227.0,,200012240phi,,201224021,,7,14,,,10.5,,,35.0,,,0,outdoors,astroturf,31.0,7.0,00-0011434,00-0011022,Scott Mitchell,Donovan McNabb,Dick LeBeau,Andy Reid,Bernie Kukar,PHI99,Veterans Stadium
2000_18_TB_PHI,2000,WC,18,2000-12-31,Sunday,16:15,TB,3.0,PHI,21.0,Home,18.0,24.0,0.0,2000123100,1246.0,,200012310phi,,201231021,,7,7,,,-3.0,,,34.0,,,0,outdoors,astroturf,34.0,18.0,00-0009266,00-0011022,Shaun King,Donovan McNabb,Tony Dungy,Andy Reid,Mike Carey,PHI99,Veterans Stadium
2000_19_PHI_NYG,2000,DIV,19,2001-01-07,Sunday,16:00,PHI,10.0,NYG,20.0,Home,10.0,30.0,0.0,2001010701,1252.0,,200101070nyg,,210107019,,7,15,,,4.5,,,33.5,,,1,outdoors,grass,39.0,5.0,00-0011022,00-0003292,Donovan McNabb,Kerry Collins,Andy Reid,Jim Fassel,Ed Hochuli,NYC00,Giants Stadium
2001_01_STL_PHI,2001,REG,1,2001-09-09,Sunday,16:15,STL,20.0,PHI,17.0,Home,-3.0,37.0,1.0,2001090909,17679.0,,200109090phi,,210909021,,7,7,,,-3.0,,,46.0,,,0,outdoors,fieldturf,82.0,5.0,00-0017200,00-0011022,Kurt Warner,Donovan McNabb,Mike Martz,Andy Reid,Al Hynes,PHI99,Veterans Stadium
2001_02_PHI_SEA,2001,REG,2,2001-09-23,Sunday,16:15,PHI,27.0,SEA,3.0,Home,-24.0,30.0,0.0,2001092308,17708.0,,200109230sea,,210923026,,14,14,,,-2.5,,,37.0,,,0,outdoors,fieldturf,65.0,4.0,00-0011022,00-0007091,Donovan McNabb,Matt Hasselbeck,Andy Reid,Mike Holmgren,Dick Hantak,SEA99,Husky Stadium
2001_03_DAL_PHI,2001,REG,3,2001-09-30,Sunday,20:30,DAL,18.0,PHI,40.0,Home,22.0,58.0,0.0,2001093012,17726.0,,200109300phi,,210930021,,7,7,,,13.5,,,34.5,,,1,outdoors,fieldturf,53.0,13.0,00-0018272,00-0011022,Anthony Wright,Donovan McNabb,Dave Campo,Andy Reid,Ron Winter,PHI99,Veterans Stadium
2001_04_ARI_PHI,2001,REG,4,2001-10-07,Sunday,13:00,ARI,21.0,PHI,20.0,Home,-1.0,41.0,0.0,2001100700,17728.0,,200110070phi,,211007021,,7,7,,,14.5,,,41.0,,,1,outdoors,fieldturf,53.0,17.0,00-0013042,00-0011022,Jake Plummer,Donovan McNabb,Dave McGinnis,Andy Reid,Bernie Kukar,PHI99,Veterans Stadium
2001_06_PHI_NYG,2001,REG,6,2001-10-22,Monday,09:00,PHI,10.0,NYG,9.0,Home,-1.0,19.0,0.0,2001102200,17769.0,,200110220nyg,,211022019,,15,8,,,3.0,,,35.5,,,1,outdoors,grass,61.0,7.0,00-0011022,00-0003292,Donovan McNabb,Kerry Collins,Andy Reid,Jim Fassel,Jeff Triplette,NYC00,Giants Stadium
2001_07_OAK_PHI,2001,REG,7,2001-10-28,Sunday,16:15,OAK,20.0,PHI,10.0,Home,-10.0,30.0,0.0,2001102810,17780.0,,200110280phi,,211028021,,14,6,,,1.0,,,39.0,,,0,outdoors,fieldturf,52.0,17.0,00-0005741,00-0011022,Rich Gannon,Donovan McNabb,Jon Gruden,Andy Reid,Tom White,PHI99,Veterans Stadium
2001_08_PHI_ARI,2001,REG,8,2001-11-04,Sunday,16:05,PHI,21.0,ARI,7.0,Home,-14.0,28.0,0.0,2001110409,17793.0,,200111040crd,,211104022,,7,7,,,-7.0,,,39.5,,,1,outdoors,grass,94.0,16.0,00-0011022,00-0013042,Donovan McNabb,Jake Plummer,Andy Reid,Dave McGinnis,Bill Leavy,PHO99,Sun Devil Stadium
2001_09_MIN_PHI,2001,REG,9,2001-11-11,Sunday,16:15,MIN,17.0,PHI,48.0,Home,31.0,65.0,0.0,2001111107,17805.0,,200111110phi,,211111021,,14,7,,,4.5,,,41.0,,,0,outdoors,fieldturf,50.0,10.0,00-0003739,00-0011022,Daunte Culpepper,Donovan McNabb,Dennis Green,Andy Reid,Ron Blum,PHI99,Veterans Stadium
2001_10_PHI_DAL,2001,REG,10,2001-11-18,Sunday,13:00,PHI,36.0,DAL,3.0,Home,-33.0,39.0,0.0,2001111807,17820.0,,200111180dal,,211118006,,7,7,,,-7.0,,,37.0,,,1,outdoors,astroturf,70.0,5.0,00-0011022,00-0009715,Donovan McNabb,Ryan Leaf,Andy Reid,Dave Campo,Terry McAulay,DAL99,Texas Stadium
2001_11_WAS_PHI,2001,REG,11,2001-11-25,Sunday,13:00,WAS,13.0,PHI,3.0,Home,-10.0,16.0,0.0,2001112510,17840.0,,200111250phi,,211125021,,7,7,,,8.0,,,37.5,,,1,outdoors,fieldturf,69.0,20.0,00-0000722,00-0011022,Tony Banks,Donovan McNabb,Marty Schottenheimer,Andy Reid,Dick Hantak,PHI99,Veterans Stadium
2001_12_PHI_KC,2001,REG,12,2001-11-29,Thursday,20:30,PHI,23.0,KC,10.0,Home,-13.0,33.0,0.0,2001112900,17843.0,,200111290kan,,211129012,,4,4,,,-3.0,,,37.0,,,0,outdoors,grass,35.0,7.0,00-0011022,00-0006355,Donovan McNabb,Trent Green,Andy Reid,Dick Vermeil,Bill Carollo,KAN00,Arrowhead Stadium
2001_13_SD_PHI,2001,REG,13,2001-12-09,Sunday,13:00,SD,14.0,PHI,24.0,Home,10.0,38.0,0.0,2001120909,17867.0,,200112090phi,,211209021,,7,10,,,7.0,,,37.5,,,0,outdoors,fieldturf,43.0,10.0,00-0005363,00-0011022,Doug Flutie,Donovan McNabb,Mike Riley,Andy Reid,Bernie Kukar,PHI99,Veterans Stadium
2001_14_PHI_WAS,2001,REG,14,2001-12-16,Sunday,16:00,PHI,20.0,WAS,6.0,Home,-14.0,26.0,0.0,2001121609,17884.0,,200112160was,,211216028,,7,7,,,-2.5,,,34.5,,,1,outdoors,grass,46.0,0.0,00-0011022,00-0000722,Donovan McNabb,Tony Banks,Andy Reid,Marty Schottenheimer,Jeff Triplette,WAS00,FedExField
2001_15_PHI_SF,2001,REG,15,2001-12-22,Saturday,17:00,PHI,3.0,SF,13.0,Home,10.0,16.0,0.0,2001122201,17889.0,,200112220sfo,,211222025,,6,6,,,3.0,,,40.0,,,0,outdoors,grass,51.0,8.0,00-0011022,00-0005755,Donovan McNabb,Jeff Garcia,Andy Reid,Steve Mariucci,Tony Corrente,SFO00,3Com Park
2001_16_NYG_PHI,2001,REG,16,2001-12-30,Sunday,16:05,NYG,21.0,PHI,24.0,Home,3.0,45.0,0.0,2001123008,17912.0,,200112300phi,,211230021,,7,8,,,5.0,,,34.5,,,1,outdoors,fieldturf,31.0,16.0,00-0003292,00-0011022,Kerry Collins,Donovan McNabb,Jim Fassel,Andy Reid,Gerry Austin,PHI99,Veterans Stadium
2001_17_PHI_TB,2001,REG,17,2002-01-06,Sunday,20:30,PHI,17.0,TB,13.0,Home,-4.0,30.0,0.0,2002010611,17696.0,,200201060tam,,220106027,,7,8,,,3.0,,,33.0,,,0,outdoors,grass,60.0,15.0,00-0004229,00-0009266,Koy Detmer,Shaun King,Andy Reid,Tony Dungy,Walt Coleman,TAM00,Raymond James Stadium
2001_18_TB_PHI,2001,WC,18,2002-01-12,Saturday,16:30,TB,9.0,PHI,31.0,Home,22.0,40.0,0.0,2002011200,18001.0,,200201120phi,,220112021,,6,6,,,3.5,,,33.0,,,0,outdoors,fieldturf,46.0,10.0,00-0008442,00-0011022,Brad Johnson,Donovan McNabb,Tony Dungy,Andy Reid,Larry Nemmers,PHI99,Veterans Stadium
2001_19_PHI_CHI,2001,DIV,19,2002-01-19,Saturday,16:30,PHI,33.0,CHI,19.0,Home,-14.0,52.0,0.0,2002011900,18005.0,,200201190chi,,220119003,,7,13,,,3.0,,,32.5,,,0,outdoors,grass,31.0,8.0,00-0011022,00-0011276,Donovan McNabb,Jim Miller,Andy Reid,Dick Jauron,Bill Carollo,CHI98,Soldier Field
2001_20_PHI_STL,2001,CON,20,2002-01-27,Sunday,16:00,PHI,24.0,STL,29.0,Home,5.0,53.0,0.0,2002012701,18010.0,,200201270ram,,220127014,,8,7,,,11.0,,,51.0,,,0,dome,astroturf,,,00-0011022,00-0017200,Donovan McNabb,Kurt Warner,Andy Reid,Mike Martz,Gerry Austin,STL00,Dome at America's Center
2002_01_PHI_TEN,2002,REG,1,2002-09-08,Sunday,13:00,PHI,24.0,TEN,27.0,Home,3.0,51.0,0.0,2002090803,18103.0,,200209080oti,,220908010,,7,7,,,2.0,,,37.0,,,0,outdoors,grass,83.0,0.0,00-0011022,00-0011024,Donovan McNabb,Steve McNair,Andy Reid,Jeff Fisher,Terry McAulay,NAS00,The Coliseum
2002_02_PHI_WAS,2002,REG,2,2002-09-16,Monday,09:00,PHI,37.0,WAS,7.0,Home,-30.0,44.0,0.0,2002091600,18125.0,,200209160was,,220916028,,8,8,,,-3.0,,,44.0,,,1,outdoors,grass,76.0,8.0,00-0011022,00-0010560,Donovan McNabb,Shane Matthews,Andy Reid,Steve Spurrier,Bob McElwee,WAS00,FedExField
2002_03_DAL_PHI,2002,REG,3,2002-09-22,Sunday,13:00,DAL,13.0,PHI,44.0,Home,31.0,57.0,0.0,2002092204,18131.0,,200209220phi,,220922021,,7,6,,,10.0,,,36.5,,,1,outdoors,fieldturf,82.0,12.0,00-0020404,00-0011022,Quincy Carter,Donovan McNabb,Dave Campo,Andy Reid,Tom White,PHI99,Veterans Stadium
2002_04_HOU_PHI,2002,REG,4,2002-09-29,Sunday,13:00,HOU,17.0,PHI,35.0,Home,18.0,52.0,0.0,2002092908,18145.0,,200209290phi,,220929021,,7,7,,,19.0,,,36.0,,,0,outdoors,fieldturf,64.0,10.0,00-0020608,00-0011022,David Carr,Donovan McNabb,Dom Capers,Andy Reid,Johnny Grier,PHI99,Veterans Stadium
2002_05_PHI_JAX,2002,REG,5,2002-10-06,Sunday,16:15,PHI,25.0,JAX,28.0,Home,3.0,53.0,0.0,2002100607,18164.0,,200210060jax,,221006030,,7,7,,,-3.0,,,42.5,,,0,outdoors,grass,87.0,10.0,00-0011022,00-0002110,Donovan McNabb,Mark Brunell,Andy Reid,Tom Coughlin,Gerry Austin,JAX00,Alltel Stadium
2002_07_TB_PHI,2002,REG,7,2002-10-20,Sunday,16:15,TB,10.0,PHI,20.0,Home,10.0,30.0,0.0,2002102003,18189.0,,200210200phi,,221020021,,7,14,,,3.0,,,37.0,,,0,outdoors,fieldturf,57.0,7.0,00-0008442,00-0011022,Brad Johnson,Donovan McNabb,Jon Gruden,Andy Reid,Ron Winter,PHI99,Veterans Stadium
2002_08_NYG_PHI,2002,REG,8,2002-10-28,Monday,09:00,NYG,3.0,PHI,17.0,Home,14.0,20.0,0.0,2002102800,18209.0,,200210280phi,,221028021,,15,8,,,7.0,,,38.5,,,1,outdoors,fieldturf,51.0,5.0,00-0003292,00-0011022,Kerry Collins,Donovan McNabb,Jim Fassel,Andy Reid,Bill Carollo,PHI99,Veterans Stadium
2002_09_PHI_CHI,2002,REG,9,2002-11-03,Sunday,13:00,PHI,19.0,CHI,13.0,Home,-6.0,32.0,0.0,2002110310,18212.0,,200211030chi,,221103003,,6,7,,,-7.0,,,37.5,,,0,outdoors,astroplay,38.0,7.0,00-0011022,00-0011276,Donovan McNabb,Jim Miller,Andy Reid,Dick Jauron,Terry McAulay,CHI99,Memorial Stadium (Champaign)
2002_10_IND_PHI,2002,REG,10,2002-11-10,Sunday,13:00,IND,35.0,PHI,13.0,Home,-22.0,48.0,0.0,2002111008,18228.0,,200211100phi,,221110021,,7,7,,,9.5,,,41.5,,,0,outdoors,fieldturf,66.0,18.0,00-0010346,00-0011022,Peyton Manning,Donovan McNabb,Tony Dungy,Andy Reid,Bernie Kukar,PHI99,Veterans Stadium
2002_11_ARI_PHI,2002,REG,11,2002-11-17,Sunday,13:00,ARI,14.0,PHI,38.0,Home,24.0,52.0,0.0,2002111700,18245.0,,200211170phi,,221117021,,7,7,,,12.0,,,37.5,,,0,outdoors,fieldturf,43.0,8.0,00-0013042,00-0011022,Jake Plummer,Donovan McNabb,Dave McGinnis,Andy Reid,Bill Leavy,PHI99,Veterans Stadium
2002_12_PHI_SF,2002,REG,12,2002-11-25,Monday,09:00,PHI,38.0,SF,17.0,Home,-21.0,55.0,0.0,2002112500,18269.0,,200211250sfo,,221125025,,8,8,,,7.0,,,37.5,,,0,outdoors,grass,64.0,8.0,00-0004229,00-0005755,Koy Detmer,Jeff Garcia,Andy Reid,Steve Mariucci,Dick Hantak,SFO00,3Com Park
2002_13_STL_PHI,2002,REG,13,2002-12-01,Sunday,16:15,STL,3.0,PHI,10.0,Home,7.0,13.0,0.0,2002120111,18282.0,,200212010phi,,221201021,,7,6,,,-2.0,,,38.0,,,0,outdoors,fieldturf,34.0,23.0,00-0017200,00-0020305,Kurt Warner,A.J. Feeley,Mike Martz,Andy Reid,Bob McElwee,PHI99,Veterans Stadium
2002_14_PHI_SEA,2002,REG,14,2002-12-08,Sunday,16:05,PHI,27.0,SEA,20.0,Home,-7.0,47.0,0.0,2002120807,18297.0,,200212080sea,,221208026,,7,7,,,-3.0,,,37.5,,,0,outdoors,fieldturf,45.0,5.0,00-0020305,00-0007091,A.J. Feeley,Matt Hasselbeck,Andy Reid,Mike Holmgren,Bill Carollo,SEA00,Seahawks Stadium
2002_15_WAS_PHI,2002,REG,15,2002-12-15,Sunday,13:00,WAS,21.0,PHI,34.0,Home,13.0,55.0,0.0,2002121505,18311.0,,200212150phi,,221215021,,7,7,,,7.5,,,38.0,,,1,outdoors,fieldturf,42.0,21.0,00-0021379,00-0020305,Patrick Ramsey,A.J. Feeley,Steve Spurrier,Andy Reid,Johnny Grier,PHI99,Veterans Stadium
2002_16_PHI_DAL,2002,REG,16,2002-12-21,Saturday,20:30,PHI,27.0,DAL,3.0,Home,-24.0,30.0,0.0,2002122102,18320.0,,200212210dal,,221221006,,6,6,,,-7.0,,,36.5,,,1,outdoors,astroturf,62.0,5.0,00-0020305,00-0020562,A.J. Feeley,Chad Hutchinson,Andy Reid,Dave Campo,Ed Hochuli,DAL99,Texas Stadium
2002_17_PHI_NYG,2002,REG,17,2002-12-28,Saturday,13:30,PHI,7.0,NYG,10.0,Home,3.0,17.0,1.0,2002122800,18334.0,,200212280nyg,,221228019,,7,6,,,1.0,,,37.5,,,1,outdoors,grass,34.0,10.0,00-0020305,00-0003292,A.J. Feeley,Kerry Collins,Andy Reid,Jim Fassel,Ron Blum,NYC00,Giants Stadium
2002_19_ATL_PHI,2002,DIV,19,2003-01-11,Saturday,20:00,ATL,6.0,PHI,20.0,Home,14.0,26.0,0.0,2003011101,26311.0,,200301110phi,,230111021,,7,14,,,7.5,,,38.5,,,0,outdoors,fieldturf,29.0,10.0,00-0020245,00-0011022,Michael Vick,Donovan McNabb,Dan Reeves,Andy Reid,Mike Carey,PHI99,Veterans Stadium
2002_20_TB_PHI,2002,CON,20,2003-01-19,Sunday,15:00,TB,27.0,PHI,10.0,Home,-17.0,37.0,0.0,2003011900,26315.0,,200301190phi,,230119021,,7,8,,,4.0,,,33.5,,,0,outdoors,fieldturf,26.0,14.0,00-0008442,00-0011022,Brad Johnson,Donovan McNabb,Jon Gruden,Andy Reid,Terry McAulay,PHI99,Veterans Stadium
2003_01_TB_PHI,2003,REG,1,2003-09-08,Monday,09:00,TB,17.0,PHI,0.0,Home,-17.0,17.0,0.0,2003090800,26509.0,,200309080phi,,230908021,,7,7,,,3.0,,,36.0,,,0,outdoors,grass,74.0,10.0,00-0008442,00-0011022,Brad Johnson,Donovan McNabb,Jon Gruden,Andy Reid,Bernie Kukar,PHI00,Lincoln Financial Field
2003_02_NE_PHI,2003,REG,2,2003-09-14,Sunday,16:15,NE,31.0,PHI,10.0,Home,-21.0,41.0,0.0,2003091413,26522.0,,200309140phi,,230914021,,7,6,,,4.0,,,38.0,,,0,outdoors,grass,82.0,10.0,00-0019596,00-0011022,Tom Brady,Donovan McNabb,Bill Belichick,Andy Reid,Walt Coleman,PHI00,Lincoln Financial Field
2003_04_PHI_BUF,2003,REG,4,2003-09-28,Sunday,13:00,PHI,23.0,BUF,13.0,Home,-10.0,36.0,0.0,2003092803,26323.0,,200309280buf,,230928002,,14,7,,,3.0,,,39.5,,,0,outdoors,astroplay,59.0,12.0,00-0011022,00-0001361,Donovan McNabb,Drew Bledsoe,Andy Reid,Gregg Williams,Bill Carollo,BUF00,Ralph Wilson Stadium
2003_05_WAS_PHI,2003,REG,5,2003-10-05,Sunday,16:15,WAS,25.0,PHI,27.0,Home,2.0,52.0,0.0,2003100512,26346.0,,200310050phi,,231005021,,7,7,,,4.5,,,40.5,,,1,outdoors,grass,63.0,12.0,00-0021379,00-0011022,Patrick Ramsey,Donovan McNabb,Steve Spurrier,Andy Reid,Ed Hochuli,PHI00,Lincoln Financial Field
2003_06_PHI_DAL,2003,REG,6,2003-10-12,Sunday,13:00,PHI,21.0,DAL,23.0,Home,2.0,44.0,0.0,2003101210,26351.0,,200310120dal,,231012006,,7,7,,,1.0,,,37.5,,,1,outdoors,fieldturf,70.0,5.0,00-0011022,00-0020404,Donovan McNabb,Quincy Carter,Andy Reid,Bill Parcells,Ron Blum,DAL99,Texas Stadium
2003_07_PHI_NYG,2003,REG,7,2003-10-19,Sunday,13:00,PHI,14.0,NYG,10.0,Home,-4.0,24.0,0.0,2003101903,26373.0,,200310190nyg,,231019019,,7,7,,,3.0,,,37.0,,,1,outdoors,fieldturf,51.0,9.0,00-0011022,00-0003292,Donovan McNabb,Kerry Collins,Andy Reid,Jim Fassel,Tom White,NYC00,Giants Stadium
2003_08_NYJ_PHI,2003,REG,8,2003-10-26,Sunday,16:15,NYJ,17.0,PHI,24.0,Home,7.0,41.0,0.0,2003102612,26389.0,,200310260phi,,231026021,,7,7,,,3.0,,,36.0,,,0,outdoors,grass,67.0,14.0,00-0016193,00-0011022,Vinny Testaverde,Donovan McNabb,Herm Edwards,Andy Reid,Gerry Austin,PHI00,Lincoln Financial Field
2003_09_PHI_ATL,2003,REG,9,2003-11-02,Sunday,16:15,PHI,23.0,ATL,16.0,Home,-7.0,39.0,0.0,2003110205,26401.0,,200311020atl,,231102001,,7,14,,,-6.0,,,39.5,,,0,dome,fieldturf,,,00-0011022,00-0021271,Donovan McNabb,Kurt Kittner,Andy Reid,Dan Reeves,Terry McAulay,ATL00,Georgia Dome
2003_10_PHI_GB,2003,REG,10,2003-11-10,Monday,09:00,PHI,17.0,GB,14.0,Home,-3.0,31.0,0.0,2003111000,26419.0,,200311100gnb,,231110009,,8,8,,,4.5,,,43.0,,,0,outdoors,grass,39.0,8.0,00-0011022,00-0005106,Donovan McNabb,Brett Favre,Andy Reid,Mike Sherman,Bill Carollo,GNB00,Lambeau Field
2003_11_NYG_PHI,2003,REG,11,2003-11-16,Sunday,13:00,NYG,10.0,PHI,28.0,Home,18.0,38.0,0.0,2003111603,26429.0,,200311160phi,,231116021,,7,6,,,3.0,,,38.0,,,1,outdoors,grass,52.0,6.0,00-0003292,00-0011022,Kerry Collins,Donovan McNabb,Jim Fassel,Andy Reid,Bernie Kukar,PHI00,Lincoln Financial Field
2003_12_NO_PHI,2003,REG,12,2003-11-23,Sunday,13:00,NO,20.0,PHI,33.0,Home,13.0,53.0,0.0,2003112310,26445.0,,200311230phi,,231123021,,7,7,,,5.5,,,39.5,,,0,outdoors,grass,56.0,3.0,00-0001823,00-0011022,Aaron Brooks,Donovan McNabb,Jim Haslett,Andy Reid,Walt Anderson,PHI00,Lincoln Financial Field
2003_13_PHI_CAR,2003,REG,13,2003-11-30,Sunday,13:00,PHI,25.0,CAR,16.0,Home,-9.0,41.0,0.0,2003113003,26453.0,,200311300car,,231130029,,7,7,,,1.5,,,37.0,,,0,outdoors,grass,59.0,12.0,00-0011022,00-0004161,Donovan McNabb,Jake Delhomme,Andy Reid,John Fox,Walt Coleman,CAR00,Ericsson Stadium
2003_14_DAL_PHI,2003,REG,14,2003-12-07,Sunday,13:00,DAL,10.0,PHI,36.0,Home,26.0,46.0,0.0,2003120701,26476.0,,200312070phi,,231207021,,10,7,,,5.5,,,35.5,,,1,outdoors,grass,30.0,23.0,00-0020404,00-0011022,Quincy Carter,Donovan McNabb,Bill Parcells,Andy Reid,Gerry Austin,PHI00,Lincoln Financial Field
2003_15_PHI_MIA,2003,REG,15,2003-12-15,Monday,09:00,PHI,34.0,MIA,27.0,Home,-7.0,61.0,0.0,2003121501,26541.0,,200312150mia,,231215015,,8,8,,,3.0,,,37.0,,,0,outdoors,grass,70.0,8.0,00-0011022,00-0005180,Donovan McNabb,Jay Fiedler,Andy Reid,Dave Wannstedt,Ron Winter,MIA00,Pro Player Stadium
2003_16_SF_PHI,2003,REG,16,2003-12-21,Sunday,16:15,SF,31.0,PHI,28.0,Home,-3.0,59.0,1.0,2003122105,26554.0,,200312210phi,,231221021,,7,6,,,7.0,,,44.0,,,0,outdoors,grass,35.0,16.0,00-0005755,00-0011022,Jeff Garcia,Donovan McNabb,Dennis Erickson,Andy Reid,Tom White,PHI00,Lincoln Financial Field
2003_17_PHI_WAS,2003,REG,17,2003-12-27,Saturday,20:30,PHI,31.0,WAS,7.0,Home,-24.0,38.0,0.0,2003122702,26573.0,,200312270was,,231228001,,6,6,,,-9.0,,,42.0,,,1,outdoors,grass,46.0,12.0,00-0011022,00-0019816,Donovan McNabb,Tim Hasselbeck,Andy Reid,Steve Spurrier,Terry McAulay,WAS00,FedExField
2003_19_GB_PHI,2003,DIV,19,2004-01-11,Sunday,16:45,GB,17.0,PHI,20.0,Home,3.0,37.0,1.0,2004011100,26648.0,,200401110phi,,240111021,,7,15,,,4.0,,,43.0,,,0,outdoors,grass,25.0,13.0,00-0005106,00-0011022,Brett Favre,Donovan McNabb,Mike Sherman,Andy Reid,Ed Hochuli,PHI00,Lincoln Financial Field
2003_20_CAR_PHI,2003,CON,20,2004-01-18,Sunday,18:45,CAR,14.0,PHI,3.0,Home,-11.0,17.0,0.0,2004011801,26651.0,,200401180phi,,240118021,,8,7,,,4.0,,,36.5,,,0,outdoors,grass,33.0,19.0,00-0004161,00-0011022,Jake Delhomme,Donovan McNabb,John Fox,Andy Reid,Bernie Kukar,PHI00,Lincoln Financial Field
2004_01_NYG_PHI,2004,REG,1,2004-09-12,Sunday,16:15,NYG,17.0,PHI,31.0,Home,14.0,48.0,0.0,2004091211,26921.0,,200409120phi,,240912021,,7,7,,,9.5,,,41.5,,,1,outdoors,grass,78.0,8.0,00-0017200,00-0011022,Kurt Warner,Donovan McNabb,Tom Coughlin,Andy Reid,Johnny Grier,PHI00,Lincoln Financial Field
2004_02_MIN_PHI,2004,REG,2,2004-09-20,Monday,09:00,MIN,16.0,PHI,27.0,Home,11.0,43.0,0.0,2004092000,26940.0,,200409200phi,,240920021,,8,8,,,3.0,,,51.0,,,0,outdoors,grass,61.0,1.0,00-0003739,00-0011022,Daunte Culpepper,Donovan McNabb,Mike Tice,Andy Reid,Bill Carollo,PHI00,Lincoln Financial Field
2004_03_PHI_DET,2004,REG,3,2004-09-26,Sunday,13:00,PHI,30.0,DET,13.0,Home,-17.0,43.0,0.0,2004092602,26943.0,,200409260det,,240926008,,6,7,,,-4.5,,,44.0,,,0,dome,fieldturf,,,00-0011022,00-0021141,Donovan McNabb,Joey Harrington,Andy Reid,Steve Mariucci,Terry McAulay,DET00,Ford Field
2004_04_PHI_CHI,2004,REG,4,2004-10-03,Sunday,13:00,PHI,19.0,CHI,9.0,Home,-10.0,28.0,0.0,2004100301,26956.0,,200410030chi,,241003003,,7,7,,,-8.5,,,40.5,,,0,outdoors,grass,61.0,15.0,00-0011022,00-0013338,Donovan McNabb,Jonathan Quinn,Andy Reid,Lovie Smith,Ed Hochuli,CHI98,Soldier Field
2004_06_CAR_PHI,2004,REG,6,2004-10-17,Sunday,13:00,CAR,8.0,PHI,30.0,Home,22.0,38.0,0.0,2004101708,26991.0,,200410170phi,,241017021,,7,14,,,10.0,,,42.0,,,0,outdoors,grass,56.0,21.0,00-0004161,00-0011022,Jake Delhomme,Donovan McNabb,John Fox,Andy Reid,Gerry Austin,PHI00,Lincoln Financial Field
2004_07_PHI_CLE,2004,REG,7,2004-10-24,Sunday,13:00,PHI,34.0,CLE,31.0,Home,-3.0,65.0,1.0,2004102402,26999.0,,200410240cle,,241024005,,7,7,,,-7.0,,,41.5,,,0,outdoors,grass,58.0,6.0,00-0011022,00-0005755,Donovan McNabb,Jeff Garcia,Andy Reid,Butch Davis,Tom White,CLE00,Cleveland Browns Stadium
2004_08_BAL_PHI,2004,REG,8,2004-10-31,Sunday,13:00,BAL,10.0,PHI,15.0,Home,5.0,25.0,0.0,2004103105,27016.0,,200410310phi,,241031021,,7,7,,,7.5,,,37.0,,,0,outdoors,grass,73.0,22.0,00-0022164,00-0011022,Kyle Boller,Donovan McNabb,Brian Billick,Andy Reid,Tony Corrente,PHI00,Lincoln Financial Field
2004_09_PHI_PIT,2004,REG,9,2004-11-07,Sunday,13:00,PHI,3.0,PIT,27.0,Home,24.0,30.0,0.0,2004110705,27030.0,,200411070pit,,241107023,,7,7,,,-1.5,,,44.5,,,0,outdoors,dessograss,63.0,24.0,00-0011022,00-0022924,Donovan McNabb,Ben Roethlisberger,Andy Reid,Bill Cowher,Bill Carollo,PIT00,Heinz Field
2004_10_PHI_DAL,2004,REG,10,2004-11-15,Monday,09:00,PHI,49.0,DAL,21.0,Home,-28.0,70.0,0.0,2004111500,27052.0,,200411150dal,,241115006,,8,8,,,-7.0,,,43.0,,,1,outdoors,fieldturf,62.0,6.0,00-0011022,00-0016193,Donovan McNabb,Vinny Testaverde,Andy Reid,Bill Parcells,Ed Hochuli,DAL99,Texas Stadium
2004_11_WAS_PHI,2004,REG,11,2004-11-21,Sunday,16:15,WAS,6.0,PHI,28.0,Home,22.0,34.0,0.0,2004112113,27066.0,,200411210phi,,241121021,,7,6,,,10.0,,,38.5,,,1,outdoors,grass,55.0,2.0,00-0021379,00-0011022,Patrick Ramsey,Donovan McNabb,Joe Gibbs,Andy Reid,Walt Anderson,PHI00,Lincoln Financial Field
2004_12_PHI_NYG,2004,REG,12,2004-11-28,Sunday,13:00,PHI,27.0,NYG,6.0,Home,-21.0,33.0,0.0,2004112806,27077.0,,200411280nyg,,241128019,,7,7,,,-7.0,,,35.5,,,1,outdoors,fieldturf,61.0,3.0,00-0011022,00-0022803,Donovan McNabb,Eli Manning,Andy Reid,Tom Coughlin,Terry McAulay,NYC00,Giants Stadium
2004_13_GB_PHI,2004,REG,13,2004-12-05,Sunday,16:15,GB,17.0,PHI,47.0,Home,30.0,64.0,0.0,2004120512,27097.0,,200412050phi,,241205021,,6,7,,,5.5,,,48.5,,,0,outdoors,grass,55.0,14.0,00-0005106,00-0011022,Brett Favre,Donovan McNabb,Mike Sherman,Andy Reid,Scott Green,PHI00,Lincoln Financial Field
2004_14_PHI_WAS,2004,REG,14,2004-12-12,Sunday,20:30,PHI,17.0,WAS,14.0,Home,-3.0,31.0,0.0,2004121214,27115.0,,200412120was,,241212028,,7,7,,,-8.0,,,38.5,,,1,outdoors,grass,47.0,13.0,00-0011022,00-0021379,Donovan McNabb,Patrick Ramsey,Andy Reid,Joe Gibbs,Ron Winter,WAS00,FedExField
2004_15_DAL_PHI,2004,REG,15,2004-12-19,Sunday,13:00,DAL,7.0,PHI,12.0,Home,5.0,19.0,0.0,2004121906,27126.0,,200412190phi,,241219021,,7,7,,,11.5,,,45.0,,,1,outdoors,grass,37.0,4.0,00-0016193,00-0011022,Vinny Testaverde,Donovan McNabb,Bill Parcells,Andy Reid,Walt Coleman,PHI00,Lincoln Financial Field
2004_16_PHI_STL,2004,REG,16,2004-12-27,Monday,09:00,PHI,7.0,STL,20.0,Home,13.0,27.0,0.0,2004122700,27148.0,,200412270ram,,241227014,,8,8,,,4.0,,,42.5,,,0,dome,astroturf,,,00-0011022,00-0019599,Donovan McNabb,Marc Bulger,Andy Reid,Mike Martz,Peter Morelli,STL00,Edward Jones Dome
2004_17_CIN_PHI,2004,REG,17,2005-01-02,Sunday,13:00,CIN,38.0,PHI,10.0,Home,-28.0,48.0,0.0,2005010206,27155.0,,200501020phi,,250102021,,7,6,,,-4.0,,,37.5,,,0,outdoors,grass,43.0,8.0,00-0009311,00-0004229,Jon Kitna,Koy Detmer,Marvin Lewis,Andy Reid,Tom White,PHI00,Lincoln Financial Field
2004_19_MIN_PHI,2004,DIV,19,2005-01-16,Sunday,13:00,MIN,14.0,PHI,27.0,Home,13.0,41.0,0.0,2005011600,27239.0,,200501160phi,,250116021,,7,14,,,8.0,,,47.0,,,0,outdoors,grass,31.0,16.0,00-0003739,00-0011022,Daunte Culpepper,Donovan McNabb,Mike Tice,Andy Reid,Peter Morelli,PHI00,Lincoln Financial Field
2004_20_ATL_PHI,2004,CON,20,2005-01-23,Sunday,15:00,ATL,10.0,PHI,27.0,Home,17.0,37.0,0.0,2005012300,27241.0,,200501230phi,,250123021,,8,7,,,6.0,,,37.0,,,0,outdoors,grass,17.0,26.0,00-0020245,00-0011022,Michael Vick,Donovan McNabb,Jim Mora,Andy Reid,Bill Carollo,PHI00,Lincoln Financial Field
2004_21_NE_PHI,2004,SB,21,2005-02-06,Sunday,18:30,NE,24.0,PHI,21.0,Neutral,-3.0,45.0,0.0,2005020600,27243.0,,200502060nwe,,250206021,,14,14,,,-7.0,,,47.0,,,0,outdoors,grass,59.0,12.0,00-0019596,00-0011022,Tom Brady,Donovan McNabb,Bill Belichick,Andy Reid,Terry McAulay,JAX00,Alltel Stadium
2005_01_PHI_ATL,2005,REG,1,2005-09-12,Monday,09:00,PHI,10.0,ATL,14.0,Home,4.0,24.0,0.0,2005091200,28540.0,,200509120atl,,250912001,,7,7,,,-2.0,,,41.5,,,0,dome,fieldturf,,,00-0011022,00-0020245,Donovan McNabb,Michael Vick,Andy Reid,Jim Mora,Walt Coleman,ATL00,Georgia Dome
2005_02_SF_PHI,2005,REG,2,2005-09-18,Sunday,13:00,SF,3.0,PHI,42.0,Home,39.0,45.0,0.0,2005091808,28547.0,,200509180phi,,250918021,,7,6,,,11.5,,,43.0,,,0,outdoors,grass,82.0,7.0,00-0019623,00-0011022,Tim Rattay,Donovan McNabb,Mike Nolan,Andy Reid,Tom White,PHI00,Lincoln Financial Field
2005_03_OAK_PHI,2005,REG,3,2005-09-25,Sunday,13:00,OAK,20.0,PHI,23.0,Home,3.0,43.0,0.0,2005092506,28564.0,,200509250phi,,250925021,,7,7,,,8.5,,,47.0,,,0,outdoors,grass,75.0,0.0,00-0003292,00-0011022,Kerry Collins,Donovan McNabb,Norv Turner,Andy Reid,Larry Nemmers,PHI00,Lincoln Financial Field
2005_04_PHI_KC,2005,REG,4,2005-10-02,Sunday,16:15,PHI,37.0,KC,31.0,Home,-6.0,68.0,0.0,2005100205,28573.0,,200510020kan,,251002012,,7,6,,,2.5,,,46.5,,,0,outdoors,grass,87.0,17.0,00-0011022,00-0006355,Donovan McNabb,Trent Green,Andy Reid,Dick Vermeil,Peter Morelli,KAN00,Arrowhead Stadium
2005_05_PHI_DAL,2005,REG,5,2005-10-09,Sunday,16:15,PHI,10.0,DAL,33.0,Home,23.0,43.0,0.0,2005100910,28595.0,,200510090dal,,251009006,,7,7,,,-3.5,,,44.0,,,1,outdoors,fieldturf,77.0,0.0,00-0011022,00-0001361,Donovan McNabb,Drew Bledsoe,Andy Reid,Bill Parcells,Bill Vinovich,DAL99,Texas Stadium
2005_07_SD_PHI,2005,REG,7,2005-10-23,Sunday,13:00,SD,17.0,PHI,20.0,Home,3.0,37.0,0.0,2005102306,28618.0,,200510230phi,,251023021,,7,14,,,4.0,,,47.0,,,0,outdoors,grass,53.0,17.0,00-0020531,00-0011022,Drew Brees,Donovan McNabb,Marty Schottenheimer,Andy Reid,Ron Winter,PHI00,Lincoln Financial Field
2005_08_PHI_DEN,2005,REG,8,2005-10-30,Sunday,16:15,PHI,21.0,DEN,49.0,Home,28.0,70.0,0.0,2005103010,28637.0,,200510300den,,251030007,,7,7,,,3.0,,,44.0,,,0,outdoors,grass,52.0,3.0,00-0011022,00-0013042,Donovan McNabb,Jake Plummer,Andy Reid,Mike Shanahan,Bernie Kukar,DEN00,Invesco Field at Mile High
2005_09_PHI_WAS,2005,REG,9,2005-11-06,Sunday,20:30,PHI,10.0,WAS,17.0,Home,7.0,27.0,0.0,2005110612,28653.0,,200511060was,,251106028,,7,7,,,0.0,,,41.0,,,1,outdoors,grass,68.0,15.0,00-0011022,00-0002110,Donovan McNabb,Mark Brunell,Andy Reid,Joe Gibbs,Tom White,WAS00,FedExField
2005_10_DAL_PHI,2005,REG,10,2005-11-14,Monday,09:00,DAL,21.0,PHI,20.0,Home,-1.0,41.0,0.0,2005111400,28668.0,,200511140phi,,251114021,,15,8,,,3.0,,,40.0,,,1,outdoors,grass,54.0,3.0,00-0001361,00-0011022,Drew Bledsoe,Donovan McNabb,Bill Parcells,Andy Reid,Bill Carollo,PHI00,Lincoln Financial Field
2005_11_PHI_NYG,2005,REG,11,2005-11-20,Sunday,13:00,PHI,17.0,NYG,27.0,Home,10.0,44.0,0.0,2005112008,28675.0,,200511200nyg,,251120019,,6,7,,,3.5,,,43.0,,,1,outdoors,fieldturf,57.0,9.0,00-0020308,00-0022803,Mike McMahon,Eli Manning,Andy Reid,Tom Coughlin,Tony Corrente,NYC00,Giants Stadium
2005_12_GB_PHI,2005,REG,12,2005-11-27,Sunday,16:15,GB,14.0,PHI,19.0,Home,5.0,33.0,0.0,2005112710,28697.0,,200511270phi,,251127021,,6,7,,,3.5,,,41.5,,,0,outdoors,grass,50.0,4.0,00-0005106,00-0020308,Brett Favre,Mike McMahon,Mike Sherman,Andy Reid,Walt Coleman,PHI00,Lincoln Financial Field
2005_13_SEA_PHI,2005,REG,13,2005-12-05,Monday,09:00,SEA,42.0,PHI,0.0,Home,-42.0,42.0,0.0,2005120500,28716.0,,200512050phi,,251205021,,8,8,,,-3.0,,,44.0,,,0,outdoors,grass,31.0,6.0,00-0007091,00-0020308,Matt Hasselbeck,Mike McMahon,Mike Holmgren,Andy Reid,Scott Green,PHI00,Lincoln Financial Field
2005_14_NYG_PHI,2005,REG,14,2005-12-11,Sunday,16:05,NYG,26.0,PHI,23.0,Home,-3.0,49.0,1.0,2005121108,28726.0,,200512110phi,,251211021,,7,6,,,-3.0,,,40.0,,,1,outdoors,grass,38.0,7.0,00-0022803,00-0020308,Eli Manning,Mike McMahon,Tom Coughlin,Andy Reid,Gerald Austin,PHI00,Lincoln Financial Field
2005_15_PHI_STL,2005,REG,15,2005-12-18,Sunday,13:00,PHI,17.0,STL,16.0,Home,-1.0,33.0,0.0,2005121810,28746.0,,200512180ram,,251218014,,7,7,,,3.0,,,44.0,,,0,dome,fieldturf,,,00-0020308,00-0023682,Mike McMahon,Ryan Fitzpatrick,Andy Reid,Joe Vitt,Bill Leavy,STL00,Edward Jones Dome
2005_16_PHI_ARI,2005,REG,16,2005-12-24,Saturday,16:05,PHI,21.0,ARI,27.0,Home,6.0,48.0,0.0,2005122410,28759.0,,200512240crd,,251224022,,6,6,,,1.0,,,39.5,,,0,outdoors,grass,75.0,3.0,00-0020308,00-0021206,Mike McMahon,Josh McCown,Andy Reid,Dennis Green,Bernie Kukar,PHO99,Sun Devil Stadium
2005_17_WAS_PHI,2005,REG,17,2006-01-01,Sunday,16:15,WAS,31.0,PHI,20.0,Home,-11.0,51.0,0.0,2006010112,28779.0,,200601010phi,,260101021,,8,8,,,-7.0,,,37.0,,,1,outdoors,grass,43.0,5.0,00-0002110,00-0020308,Mark Brunell,Mike McMahon,Joe Gibbs,Andy Reid,Terry McAulay,PHI00,Lincoln Financial Field
2006_01_PHI_HOU,2006,REG,1,2006-09-10,Sunday,13:00,PHI,24.0,HOU,10.0,Home,-14.0,34.0,0.0,2006091003,28866.0,,200609100htx,3748.0,260910034,,7,7,,,-6.0,,,37.0,,,0,closed,grass,,,00-0011022,00-0020608,Donovan McNabb,David Carr,Andy Reid,Gary Kubiak,Peter Morelli,HOU00,Reliant Stadium
2006_02_NYG_PHI,2006,REG,2,2006-09-17,Sunday,13:00,NYG,30.0,PHI,24.0,Home,-6.0,54.0,1.0,2006091708,28885.0,,200609170phi,3768.0,260917021,,7,7,,,3.0,,,42.0,,,1,outdoors,grass,79.0,4.0,00-0022803,00-0011022,Eli Manning,Donovan McNabb,Tom Coughlin,Andy Reid,Bill Carollo,PHI00,Lincoln Financial Field
2006_03_PHI_SF,2006,REG,3,2006-09-24,Sunday,16:15,PHI,38.0,SF,24.0,Home,-14.0,62.0,0.0,2006092410,28905.0,,200609240sfo,3785.0,260924025,,7,7,,,-6.0,,,42.5,,,0,outdoors,grass,66.0,5.0,00-0011022,00-0023436,Donovan McNabb,Alex Smith,Andy Reid,Mike Nolan,Terry McAulay,SFO00,Monster Park
2006_04_GB_PHI,2006,REG,4,2006-10-02,Monday,20:30,GB,9.0,PHI,31.0,Home,22.0,40.0,0.0,2006100200,28920.0,,200610020phi,3803.0,261002021,,8,8,630.0,-700.0,12.0,-108.0,100.0,49.5,102.0,-112.0,0,outdoors,grass,59.0,2.0,00-0005106,00-0011022,Brett Favre,Donovan McNabb,Mike McCarthy,Andy Reid,Scott Green,PHI00,Lincoln Financial Field
2006_05_DAL_PHI,2006,REG,5,2006-10-08,Sunday,16:15,DAL,24.0,PHI,38.0,Home,14.0,62.0,0.0,2006100811,28929.0,,200610080phi,3815.0,261008021,,7,6,-108.0,-102.0,-1.0,-103.0,-105.0,43.5,-112.0,102.0,1,outdoors,grass,70.0,3.0,00-0001361,00-0011022,Drew Bledsoe,Donovan McNabb,Bill Parcells,Andy Reid,Bill Leavy,PHI00,Lincoln Financial Field
2006_06_PHI_NO,2006,REG,6,2006-10-15,Sunday,13:00,PHI,24.0,NO,27.0,Home,3.0,51.0,0.0,2006101504,28939.0,,200610150nor,3830.0,261015018,,7,7,-152.0,142.0,-3.0,102.0,-110.0,47.0,-105.0,-105.0,0,dome,fieldturf,,,00-0011022,00-0020531,Donovan McNabb,Drew Brees,Andy Reid,Sean Payton,Bill Vinovich,NOR00,Louisiana Superdome
2006_07_PHI_TB,2006,REG,7,2006-10-22,Sunday,13:00,PHI,21.0,TB,23.0,Home,2.0,44.0,0.0,2006102207,28956.0,,200610220tam,3843.0,261022027,,7,7,-269.0,249.0,-6.0,-111.0,103.0,42.0,100.0,-110.0,0,outdoors,grass,88.0,8.0,00-0011022,00-0024408,Donovan McNabb,Bruce Gradkowski,Andy Reid,Jon Gruden,Gerry Austin,TAM00,Raymond James Stadium
2006_08_JAX_PHI,2006,REG,8,2006-10-29,Sunday,13:00,JAX,13.0,PHI,6.0,Home,-7.0,19.0,0.0,2006102906,28967.0,,200610290phi,3856.0,261029021,,7,7,320.0,-350.0,9.0,-124.0,116.0,39.0,-109.0,-101.0,0,outdoors,grass,53.0,24.0,00-0021231,00-0011022,David Garrard,Donovan McNabb,Jack Del Rio,Andy Reid,Ed Hochuli,PHI00,Lincoln Financial Field
2006_10_WAS_PHI,2006,REG,10,2006-11-12,Sunday,13:00,WAS,3.0,PHI,27.0,Home,24.0,30.0,0.0,2006111209,28998.0,,200611120phi,3877.0,261112021,,7,14,316.0,-346.0,9.0,-115.0,107.0,41.5,105.0,-115.0,1,outdoors,grass,61.0,14.0,00-0002110,00-0011022,Mark Brunell,Donovan McNabb,Joe Gibbs,Andy Reid,Ron Winter,PHI00,Lincoln Financial Field
2006_11_TEN_PHI,2006,REG,11,2006-11-19,Sunday,13:00,TEN,31.0,PHI,13.0,Home,-18.0,44.0,0.0,2006111910,29014.0,,200611190phi,3901.0,261119021,,7,7,670.0,-740.0,13.0,-104.0,-104.0,44.0,-110.0,100.0,0,outdoors,grass,50.0,7.0,00-0024218,00-0011022,Vince Young,Donovan McNabb,Jeff Fisher,Andy Reid,Walt Coleman,PHI00,Lincoln Financial Field
2006_12_PHI_IND,2006,REG,12,2006-11-26,Sunday,20:15,PHI,21.0,IND,45.0,Home,24.0,66.0,0.0,2006112604,29033.0,,200611260clt,3909.0,261126011,,7,7,445.0,-485.0,10.0,105.0,-113.0,44.0,-115.0,105.0,0,dome,fieldturf,,,00-0005755,00-0010346,Jeff Garcia,Peyton Manning,Andy Reid,Tony Dungy,Bill Carollo,IND99,RCA Dome
2006_13_CAR_PHI,2006,REG,13,2006-12-04,Monday,20:30,CAR,24.0,PHI,27.0,Home,3.0,51.0,0.0,2006120400,29052.0,,200612040phi,3937.0,261204021,,8,8,-155.0,145.0,-3.0,-104.0,-104.0,37.5,104.0,-114.0,0,outdoors,grass,32.0,8.0,00-0004161,00-0005755,Jake Delhomme,Jeff Garcia,John Fox,Andy Reid,Walt Anderson,PHI00,Lincoln Financial Field
2006_14_PHI_WAS,2006,REG,14,2006-12-10,Sunday,13:00,PHI,21.0,WAS,19.0,Home,-2.0,40.0,0.0,2006121010,29062.0,,200612100was,3942.0,261210028,,6,7,-122.0,112.0,-2.0,-106.0,-102.0,40.0,-108.0,-102.0,1,outdoors,grass,51.0,7.0,00-0005755,00-0023460,Jeff Garcia,Jason Campbell,Andy Reid,Joe Gibbs,Scott Green,WAS00,FedExField
2006_15_PHI_NYG,2006,REG,15,2006-12-17,Sunday,16:15,PHI,36.0,NYG,22.0,Home,-14.0,58.0,0.0,2006121707,29075.0,,200612170nyg,3966.0,261217019,,7,7,217.0,-237.0,5.5,104.0,-112.0,45.5,-105.0,-105.0,1,outdoors,fieldturf,56.0,7.0,00-0005755,00-0022803,Jeff Garcia,Eli Manning,Andy Reid,Tom Coughlin,Gerry Austin,NYC00,Giants Stadium
2006_16_PHI_DAL,2006,REG,16,2006-12-25,Monday,17:00,PHI,23.0,DAL,7.0,Home,-16.0,30.0,0.0,2006122500,29097.0,,200612250dal,3984.0,261225006,,8,9,256.0,-276.0,6.5,103.0,-111.0,47.5,-105.0,-105.0,1,outdoors,fieldturf,50.0,0.0,00-0005755,00-0021678,Jeff Garcia,Tony Romo,Andy Reid,Bill Parcells,Mike Carey,DAL99,Texas Stadium
2006_17_ATL_PHI,2006,REG,17,2006-12-31,Sunday,16:15,ATL,17.0,PHI,24.0,Home,7.0,41.0,0.0,2006123110,29109.0,,200612310phi,3992.0,261231021,,7,6,256.0,-276.0,7.0,-113.0,105.0,43.0,100.0,-110.0,0,outdoors,grass,47.0,6.0,00-0022787,00-0020305,Matt Schaub,A.J. Feeley,Jim Mora,Andy Reid,Terry McAulay,PHI00,Lincoln Financial Field
2006_18_NYG_PHI,2006,WC,18,2007-01-07,Sunday,16:35,NYG,20.0,PHI,23.0,Home,3.0,43.0,0.0,2007010700,29185.0,,200701070phi,4005.0,270107021,,8,7,251.0,-271.0,6.5,-108.0,100.0,45.5,-103.0,-107.0,1,outdoors,grass,52.0,5.0,00-0022803,00-0005755,Eli Manning,Jeff Garcia,Tom Coughlin,Andy Reid,Peter Morelli,PHI00,Lincoln Financial Field
2006_19_PHI_NO,2006,DIV,19,2007-01-13,Saturday,20:00,PHI,24.0,NO,27.0,Home,3.0,51.0,0.0,2007011300,29187.0,,200701130nor,4007.0,270113018,,6,13,220.0,-240.0,5.5,102.0,-110.0,48.5,-106.0,-104.0,0,dome,fieldturf,,,00-0005755,00-0020531,Jeff Garcia,Drew Brees,Andy Reid,Sean Payton,Mike Carey,NOR00,Louisiana Superdome
2007_01_PHI_GB,2007,REG,1,2007-09-09,Sunday,13:00,PHI,13.0,GB,16.0,Home,3.0,29.0,0.0,2007090902,29198.0,,200709090gnb,734.0,270909009,,7,7,-174.0,164.0,-3.0,-121.0,113.0,41.5,-105.0,-105.0,0,outdoors,grass,62.0,9.0,00-0011022,00-0005106,Donovan McNabb,Brett Favre,Andy Reid,Mike McCarthy,Mike Carey,GNB00,Lambeau Field
2007_02_WAS_PHI,2007,REG,2,2007-09-17,Monday,20:40,WAS,20.0,PHI,12.0,Home,-8.0,32.0,0.0,2007091700,29226.0,,200709170phi,762.0,270917021,,8,8,261.0,-281.0,6.5,-102.0,-106.0,39.0,100.0,-110.0,1,outdoors,grass,62.0,6.0,00-0023460,00-0011022,Jason Campbell,Donovan McNabb,Joe Gibbs,Andy Reid,Bill Carollo,PHI00,Lincoln Financial Field
2007_03_DET_PHI,2007,REG,3,2007-09-23,Sunday,13:00,DET,21.0,PHI,56.0,Home,35.0,77.0,0.0,2007092306,29233.0,,200709230phi,769.0,270923021,,7,6,185.0,-200.0,5.0,-119.0,111.0,44.5,-104.0,-106.0,0,outdoors,grass,76.0,12.0,00-0009311,00-0011022,Jon Kitna,Donovan McNabb,Rod Marinelli,Andy Reid,Gene Steratore,PHI00,Lincoln Financial Field
2007_04_PHI_NYG,2007,REG,4,2007-09-30,Sunday,20:25,PHI,3.0,NYG,16.0,Home,13.0,19.0,0.0,2007093012,29255.0,,200709300nyg,791.0,270930019,,7,7,-112.0,102.0,-2.0,106.0,-114.0,47.5,106.0,-116.0,1,outdoors,fieldturf,67.0,8.0,00-0011022,00-0022803,Donovan McNabb,Eli Manning,Andy Reid,Tom Coughlin,Terry McAulay,NYC00,Giants Stadium
2007_06_PHI_NYJ,2007,REG,6,2007-10-14,Sunday,13:00,PHI,16.0,NYJ,9.0,Home,-7.0,25.0,0.0,2007101406,29277.0,,200710140nyj,813.0,271014020,,14,7,-210.0,190.0,-4.0,-109.0,101.0,43.0,100.0,-110.0,0,outdoors,fieldturf,62.0,12.0,00-0011022,00-0019559,Donovan McNabb,Chad Pennington,Andy Reid,Eric Mangini,Gerry Austin,NYC00,Giants Stadium
2007_07_CHI_PHI,2007,REG,7,2007-10-21,Sunday,16:15,CHI,19.0,PHI,16.0,Home,-3.0,35.0,0.0,2007102110,29294.0,,200710210phi,830.0,271021021,,7,7,203.0,-223.0,5.5,-110.0,102.0,42.5,-102.0,-108.0,0,outdoors,grass,75.0,7.0,00-0006423,00-0011022,Brian Griese,Donovan McNabb,Lovie Smith,Andy Reid,Ed Hochuli,PHI00,Lincoln Financial Field
2007_08_PHI_MIN,2007,REG,8,2007-10-28,Sunday,13:00,PHI,23.0,MIN,16.0,Home,-7.0,39.0,0.0,2007102804,29302.0,,200710280min,838.0,271028016,,7,7,-108.0,-102.0,1.0,-113.0,105.0,37.5,-110.0,100.0,0,dome,fieldturf,,,00-0011022,00-0007576,Donovan McNabb,Kelly Holcomb,Andy Reid,Brad Childress,Bill Carollo,MIN00,Hubert H. Humphrey Metrodome
2007_09_DAL_PHI,2007,REG,9,2007-11-04,Sunday,20:25,DAL,38.0,PHI,17.0,Home,-21.0,55.0,0.0,2007110412,29323.0,,200711040phi,859.0,271104021,,14,7,-163.0,153.0,-3.0,-111.0,103.0,46.0,-104.0,-106.0,1,outdoors,grass,49.0,6.0,00-0021678,00-0011022,Tony Romo,Donovan McNabb,Wade Phillips,Andy Reid,Scott Green,PHI00,Lincoln Financial Field
2007_10_PHI_WAS,2007,REG,10,2007-11-11,Sunday,13:00,PHI,33.0,WAS,25.0,Home,-8.0,58.0,0.0,2007111107,29332.0,,200711110was,868.0,271111028,,7,7,120.0,-130.0,3.0,-130.0,122.0,37.5,-110.0,100.0,1,outdoors,grass,49.0,0.0,00-0011022,00-0023460,Donovan McNabb,Jason Campbell,Andy Reid,Joe Gibbs,John Parry,WAS00,FedExField
2007_11_MIA_PHI,2007,REG,11,2007-11-18,Sunday,13:00,MIA,7.0,PHI,17.0,Home,10.0,24.0,0.0,2007111811,29350.0,,200711180phi,886.0,271118021,,7,7,393.0,-433.0,9.5,101.0,-109.0,40.5,-103.0,-107.0,0,outdoors,grass,42.0,13.0,00-0025427,00-0011022,John Beck,Donovan McNabb,Cam Cameron,Andy Reid,Jerome Boger,PHI00,Lincoln Financial Field
2007_12_PHI_NE,2007,REG,12,2007-11-25,Sunday,20:25,PHI,28.0,NE,31.0,Home,3.0,59.0,0.0,2007112511,29369.0,,200711250nwe,905.0,271125017,,7,7,1700.0,-2500.0,24.0,-106.0,-102.0,51.0,-107.0,-103.0,0,outdoors,fieldturf,39.0,8.0,00-0020305,00-0019596,A.J. Feeley,Tom Brady,Andy Reid,Bill Belichick,Gene Steratore,BOS00,Gillette Stadium
2007_13_SEA_PHI,2007,REG,13,2007-12-02,Sunday,13:00,SEA,28.0,PHI,24.0,Home,-4.0,52.0,0.0,2007120206,29378.0,,200712020phi,914.0,271202021,,7,7,155.0,-165.0,3.0,103.0,-111.0,40.5,-102.0,-108.0,0,outdoors,grass,33.0,9.0,00-0007091,00-0020305,Matt Hasselbeck,A.J. Feeley,Mike Holmgren,Andy Reid,Gerry Austin,PHI00,Lincoln Financial Field
2007_14_NYG_PHI,2007,REG,14,2007-12-09,Sunday,13:00,NYG,16.0,PHI,13.0,Home,-3.0,29.0,0.0,2007120907,29395.0,,200712090phi,931.0,271209021,,7,7,151.0,-161.0,3.0,105.0,-113.0,41.5,-111.0,101.0,1,outdoors,grass,36.0,3.0,00-0022803,00-0011022,Eli Manning,Donovan McNabb,Tom Coughlin,Andy Reid,Ron Winter,PHI00,Lincoln Financial Field
2007_15_PHI_DAL,2007,REG,15,2007-12-16,Sunday,16:15,PHI,10.0,DAL,6.0,Home,-4.0,16.0,0.0,2007121610,29415.0,,200712160dal,951.0,271216006,,7,7,440.0,-480.0,10.0,100.0,-108.0,48.5,103.0,-113.0,1,outdoors,fieldturf,49.0,0.0,00-0011022,00-0021678,Donovan McNabb,Tony Romo,Andy Reid,Wade Phillips,Larry Nemmers,DAL99,Texas Stadium
2007_16_PHI_NO,2007,REG,16,2007-12-23,Sunday,13:00,PHI,38.0,NO,23.0,Home,-15.0,61.0,0.0,2007122308,29429.0,,200712230nor,965.0,271223018,,7,7,150.0,-160.0,3.0,101.0,-109.0,47.5,-107.0,-103.0,0,dome,fieldturf,,,00-0011022,00-0020531,Donovan McNabb,Drew Brees,Andy Reid,Sean Payton,Peter Morelli,NOR00,Louisiana Superdome
2007_17_BUF_PHI,2007,REG,17,2007-12-30,Sunday,13:00,BUF,9.0,PHI,17.0,Home,8.0,26.0,0.0,2007123008,29444.0,,200712300phi,980.0,271230021,,7,7,360.0,-400.0,9.5,-106.0,-102.0,39.0,-108.0,-102.0,0,outdoors,grass,42.0,5.0,00-0025479,00-0011022,Trent Edwards,Donovan McNabb,Dick Jauron,Andy Reid,Walt Anderson,PHI00,Lincoln Financial Field
2008_01_STL_PHI,2008,REG,1,2008-09-07,Sunday,13:00,STL,3.0,PHI,38.0,Home,35.0,41.0,0.0,2008090706,29535.0,,200809070phi,1072.0,280907021,,7,7,,,8.0,,,44.0,,,0,outdoors,grass,80.0,11.0,00-0019599,00-0011022,Marc Bulger,Donovan McNabb,Scott Linehan,Andy Reid,Peter Morelli,PHI00,Lincoln Financial Field
2008_02_PHI_DAL,2008,REG,2,2008-09-15,Monday,20:30,PHI,37.0,DAL,41.0,Home,4.0,78.0,0.0,2008091500,29559.0,,200809150dal,1094.0,280915006,,8,8,,,6.5,,,46.5,,,1,outdoors,fieldturf,76.0,0.0,00-0011022,00-0021678,Donovan McNabb,Tony Romo,Andy Reid,Wade Phillips,Terry McAulay,DAL99,Texas Stadium
2008_03_PIT_PHI,2008,REG,3,2008-09-21,Sunday,16:15,PIT,6.0,PHI,15.0,Home,9.0,21.0,0.0,2008092113,29573.0,,200809210phi,1107.0,280921021,,7,6,,,3.5,,,45.0,,,0,outdoors,grass,79.0,3.0,00-0022924,00-0011022,Ben Roethlisberger,Donovan McNabb,Mike Tomlin,Andy Reid,Walt Anderson,PHI00,Lincoln Financial Field
2008_04_PHI_CHI,2008,REG,4,2008-09-28,Sunday,20:15,PHI,20.0,CHI,24.0,Home,4.0,44.0,0.0,2008092811,29587.0,,200809280chi,1122.0,280928003,,7,7,,,-3.0,,,39.0,,,0,outdoors,grass,65.0,8.0,00-0011022,00-0023541,Donovan McNabb,Kyle Orton,Andy Reid,Lovie Smith,Walt Coleman,CHI98,Soldier Field
2008_05_WAS_PHI,2008,REG,5,2008-10-05,Sunday,13:00,WAS,23.0,PHI,17.0,Home,-6.0,40.0,0.0,2008100507,29596.0,,200810050phi,1132.0,281005021,,7,7,250.0,-270.0,6.5,-104.0,-104.0,41.5,-105.0,-105.0,1,outdoors,grass,66.0,4.0,00-0023460,00-0011022,Jason Campbell,Donovan McNabb,Jim Zorn,Andy Reid,Gene Steratore,PHI00,Lincoln Financial Field
2008_06_PHI_SF,2008,REG,6,2008-10-12,Sunday,16:15,PHI,40.0,SF,26.0,Home,-14.0,66.0,0.0,2008101210,29613.0,,200810120sfo,1149.0,281012025,,7,7,-220.0,200.0,-4.5,-110.0,102.0,41.5,102.0,-112.0,0,outdoors,grass,64.0,13.0,00-0011022,00-0021296,Donovan McNabb,J.T. O'Sullivan,Andy Reid,Mike Nolan,Ron Winter,SFO00,Candlestick Park
2008_08_ATL_PHI,2008,REG,8,2008-10-26,Sunday,13:00,ATL,14.0,PHI,27.0,Home,13.0,41.0,0.0,2008102608,29639.0,,200810260phi,1174.0,281026021,,14,14,340.0,-400.0,9.5,-108.0,100.0,45.0,107.0,-117.0,0,outdoors,grass,63.0,10.0,00-0026143,00-0011022,Matt Ryan,Donovan McNabb,Mike Smith,Andy Reid,Jerome Boger,PHI00,Lincoln Financial Field
2008_09_PHI_SEA,2008,REG,9,2008-11-02,Sunday,16:15,PHI,26.0,SEA,7.0,Home,-19.0,33.0,0.0,2008110211,29655.0,,200811020sea,1190.0,281102026,,7,7,-300.0,270.0,-7.0,-105.0,-103.0,43.5,-107.0,-103.0,0,outdoors,fieldturf,58.0,13.0,00-0011022,00-0022055,Donovan McNabb,Seneca Wallace,Andy Reid,Mike Holmgren,Mike Carey,SEA00,Qwest Field
2008_10_NYG_PHI,2008,REG,10,2008-11-09,Sunday,20:15,NYG,36.0,PHI,31.0,Home,-5.0,67.0,0.0,2008110911,29670.0,,200811090phi,1205.0,281109021,,7,7,145.0,-155.0,3.0,100.0,-108.0,42.5,-105.0,-105.0,1,outdoors,grass,48.0,5.0,00-0022803,00-0011022,Eli Manning,Donovan McNabb,Tom Coughlin,Andy Reid,Terry McAulay,PHI00,Lincoln Financial Field
2008_11_PHI_CIN,2008,REG,11,2008-11-16,Sunday,13:00,PHI,13.0,CIN,13.0,Home,0.0,26.0,1.0,2008111602,29675.0,,200811160cin,1214.0,281116004,,7,14,-379.0,339.0,-9.5,112.0,-120.0,41.0,101.0,-111.0,0,outdoors,fieldturf,38.0,15.0,00-0011022,00-0023682,Donovan McNabb,Ryan Fitzpatrick,Andy Reid,Marvin Lewis,Tony Corrente,CIN00,Paul Brown Stadium
2008_12_PHI_BAL,2008,REG,12,2008-11-23,Sunday,13:00,PHI,7.0,BAL,36.0,Home,29.0,43.0,0.0,2008112301,29690.0,,200811230rav,1229.0,281123033,,7,7,119.0,-129.0,1.0,115.0,-123.0,39.5,104.0,-114.0,0,outdoors,sportturf,39.0,5.0,00-0011022,00-0026158,Donovan McNabb,Joe Flacco,Andy Reid,John Harbaugh,Walt Anderson,BAL00,M&T Bank Stadium
2008_13_ARI_PHI,2008,REG,13,2008-11-27,Thursday,20:15,ARI,20.0,PHI,48.0,Home,28.0,68.0,0.0,2008112702,29706.0,,200811270phi,1241.0,281127021,,4,4,156.0,-166.0,3.0,108.0,-116.0,48.5,-107.0,-103.0,0,outdoors,grass,41.0,5.0,00-0017200,00-0011022,Kurt Warner,Donovan McNabb,Ken Whisenhunt,Andy Reid,Alberto Riveron,PHI00,Lincoln Financial Field
2008_14_PHI_NYG,2008,REG,14,2008-12-07,Sunday,13:00,PHI,20.0,NYG,14.0,Home,-6.0,34.0,0.0,2008120706,29727.0,,200812070nyg,1263.0,281207019,,10,7,235.0,-255.0,6.5,-109.0,101.0,40.5,-107.0,-103.0,1,outdoors,fieldturf,35.0,21.0,00-0011022,00-0022803,Donovan McNabb,Eli Manning,Andy Reid,Tom Coughlin,Gene Steratore,NYC00,Giants Stadium
2008_15_CLE_PHI,2008,REG,15,2008-12-15,Monday,20:30,CLE,10.0,PHI,30.0,Home,20.0,40.0,0.0,2008121500,29751.0,,200812150phi,1286.0,281215021,,8,8,800.0,-900.0,15.5,-110.0,102.0,40.0,104.0,-114.0,0,outdoors,grass,58.0,12.0,00-0022039,00-0011022,Ken Dorsey,Donovan McNabb,Romeo Crennel,Andy Reid,Bill Carollo,PHI00,Lincoln Financial Field
2008_16_PHI_WAS,2008,REG,16,2008-12-21,Sunday,16:15,PHI,3.0,WAS,10.0,Home,7.0,13.0,0.0,2008122108,29762.0,,200812210was,1293.0,281221028,,6,7,-250.0,230.0,-4.5,-112.0,104.0,37.5,101.0,-111.0,1,outdoors,grass,42.0,17.0,00-0011022,00-0023460,Donovan McNabb,Jason Campbell,Andy Reid,Jim Zorn,Jerome Boger,WAS00,FedExField
2008_17_DAL_PHI,2008,REG,17,2008-12-28,Sunday,16:15,DAL,6.0,PHI,44.0,Home,38.0,50.0,0.0,2008122810,29778.0,,200812280phi,1310.0,281228021,,8,7,120.0,-130.0,2.5,104.0,-112.0,40.5,-105.0,-105.0,1,outdoors,grass,62.0,17.0,00-0021678,00-0011022,Tony Romo,Donovan McNabb,Wade Phillips,Andy Reid,Scott Green,PHI00,Lincoln Financial Field
2008_18_PHI_MIN,2008,WC,18,2009-01-04,Sunday,16:30,PHI,26.0,MIN,14.0,Home,-12.0,40.0,0.0,2009010401,54458.0,,200901040min,1322.0,290104016,,7,7,-169.0,159.0,-3.0,-116.0,108.0,40.5,-107.0,-103.0,0,dome,fieldturf,,,00-0011022,00-0024279,Donovan McNabb,Tarvaris Jackson,Andy Reid,Brad Childress,Tony Corrente,MIN00,Hubert H. Humphrey Metrodome
2008_19_PHI_NYG,2008,DIV,19,2009-01-11,Sunday,13:00,PHI,23.0,NYG,11.0,Home,-12.0,34.0,0.0,2009011101,54461.0,,200901110nyg,1325.0,290111019,,7,14,,,4.0,,,39.0,,,1,outdoors,fieldturf,30.0,20.0,00-0011022,00-0022803,Donovan McNabb,Eli Manning,Andy Reid,Tom Coughlin,Mike Carey,NYC00,Giants Stadium
2008_20_PHI_ARI,2008,CON,20,2009-01-18,Sunday,16:05,PHI,25.0,ARI,32.0,Home,7.0,57.0,0.0,2009011800,54463.0,,200901180crd,1327.0,290118022,,7,8,-164.0,154.0,-3.5,114.0,-120.0,47.0,105.0,-115.0,0,closed,grass,,,00-0011022,00-0017200,Donovan McNabb,Kurt Warner,Andy Reid,Ken Whisenhunt,Walt Anderson,PHO00,University of Phoenix Stadium
2009_01_PHI_CAR,2009,REG,1,2009-09-13,Sunday,13:00,PHI,38.0,CAR,10.0,Home,-28.0,48.0,0.0,2009091302,54470.0,,200909130car,1404.0,290913029,,7,7,-125.0,115.0,-1.0,-120.0,111.0,43.5,-103.0,-107.0,0,outdoors,grass,82.0,5.0,00-0011022,00-0004161,Donovan McNabb,Jake Delhomme,Andy Reid,John Fox,Jeff Triplette,CAR00,Bank of America Stadium
2009_02_NO_PHI,2009,REG,2,2009-09-20,Sunday,13:00,NO,48.0,PHI,22.0,Home,-26.0,70.0,0.0,2009092006,54489.0,,200909200phi,1417.0,290920021,,7,7,,,-2.5,,,46.0,,,0,outdoors,grass,68.0,2.0,00-0020531,00-0025423,Drew Brees,Kevin Kolb,Sean Payton,Andy Reid,Alberto Riveron,PHI00,Lincoln Financial Field
2009_03_KC_PHI,2009,REG,3,2009-09-27,Sunday,13:00,KC,14.0,PHI,34.0,Home,20.0,48.0,0.0,2009092706,54510.0,,200909270phi,1429.0,290927021,,7,7,280.0,-320.0,7.5,-115.0,106.0,38.5,-105.0,-105.0,0,outdoors,grass,69.0,6.0,00-0023662,00-0025423,Matt Cassel,Kevin Kolb,Todd Haley,Andy Reid,John Parry,PHI00,Lincoln Financial Field
2009_05_TB_PHI,2009,REG,5,2009-10-11,Sunday,13:00,TB,14.0,PHI,33.0,Home,19.0,47.0,0.0,2009101106,54535.0,,200910110phi,1462.0,291011021,,7,14,750.0,-1010.0,15.5,-107.0,-101.0,41.5,-106.0,-104.0,0,outdoors,grass,62.0,7.0,00-0026300,00-0011022,Josh Johnson,Donovan McNabb,Raheem Morris,Andy Reid,Terry McAulay,PHI00,Lincoln Financial Field
2009_06_PHI_OAK,2009,REG,6,2009-10-18,Sunday,16:05,PHI,9.0,OAK,13.0,Home,4.0,22.0,0.0,2009101808,54551.0,,200910180rai,1480.0,291018013,,7,7,-1000.0,800.0,-14.0,-104.0,-104.0,40.5,-106.0,-104.0,0,outdoors,grass,62.0,15.0,00-0011022,00-0025388,Donovan McNabb,JaMarcus Russell,Andy Reid,Tom Cable,Peter Morelli,OAK00,Oakland-Alameda County Coliseum
2009_07_PHI_WAS,2009,REG,7,2009-10-26,Monday,20:30,PHI,27.0,WAS,17.0,Home,-10.0,44.0,0.0,2009102600,54569.0,,200910260was,1497.0,291026028,,8,8,,,-9.0,,,38.0,,,1,outdoors,grass,57.0,0.0,00-0011022,00-0023460,Donovan McNabb,Jason Campbell,Andy Reid,Jim Zorn,Bill Leavy,WAS00,FedExField
2009_08_NYG_PHI,2009,REG,8,2009-11-01,Sunday,13:00,NYG,17.0,PHI,40.0,Home,23.0,57.0,0.0,2009110111,54581.0,,200911010phi,1508.0,291101021,,7,6,-125.0,115.0,-1.0,-117.0,108.0,43.0,-106.0,-104.0,1,outdoors,grass,56.0,10.0,00-0022803,00-0011022,Eli Manning,Donovan McNabb,Tom Coughlin,Andy Reid,Carl Cheffers,PHI00,Lincoln Financial Field
2009_09_DAL_PHI,2009,REG,9,2009-11-08,Sunday,20:20,DAL,20.0,PHI,16.0,Home,-4.0,36.0,0.0,2009110811,54594.0,,200911080phi,1522.0,291108021,,7,7,128.0,-140.0,3.0,-112.0,104.0,50.0,109.0,-119.0,1,outdoors,grass,61.0,1.0,00-0021678,00-0011022,Tony Romo,Donovan McNabb,Wade Phillips,Andy Reid,Walt Coleman,PHI00,Lincoln Financial Field
2009_10_PHI_SD,2009,REG,10,2009-11-15,Sunday,16:15,PHI,23.0,SD,31.0,Home,8.0,54.0,0.0,2009111511,54608.0,,200911150sdg,1536.0,291115024,,7,7,101.0,-111.0,1.0,-102.0,-106.0,47.0,-104.0,-106.0,0,outdoors,grass,71.0,8.0,00-0011022,00-0022942,Donovan McNabb,Philip Rivers,Andy Reid,Norv Turner,Jerome Boger,SDG00,Qualcomm Stadium
2009_11_PHI_CHI,2009,REG,11,2009-11-22,Sunday,20:20,PHI,24.0,CHI,20.0,Home,-4.0,44.0,0.0,2009112213,54625.0,,200911220chi,1553.0,291122003,,7,10,-188.0,170.0,-3.5,-101.0,-107.0,46.5,-104.0,-106.0,0,outdoors,grass,47.0,5.0,00-0011022,00-0024226,Donovan McNabb,Jay Cutler,Andy Reid,Lovie Smith,Tony Corrente,CHI98,Soldier Field
2009_12_WAS_PHI,2009,REG,12,2009-11-29,Sunday,13:00,WAS,24.0,PHI,27.0,Home,3.0,51.0,0.0,2009112906,54636.0,,200911290phi,1565.0,291129021,,7,7,405.0,-475.0,9.5,110.0,-119.0,40.5,-103.0,-107.0,1,outdoors,grass,56.0,10.0,00-0023460,00-0011022,Jason Campbell,Donovan McNabb,Jim Zorn,Andy Reid,Gene Steratore,PHI00,Lincoln Financial Field
2009_13_PHI_ATL,2009,REG,13,2009-12-06,Sunday,13:00,PHI,34.0,ATL,7.0,Home,-27.0,41.0,0.0,2009120600,54644.0,,200912060atl,1572.0,291206001,,7,7,-215.0,189.0,-4.0,-101.0,-107.0,43.5,100.0,-110.0,0,dome,fieldturf,,,00-0011022,00-0019709,Donovan McNabb,Chris Redman,Andy Reid,Mike Smith,Ed Hochuli,ATL00,Georgia Dome
2009_14_PHI_NYG,2009,REG,14,2009-12-13,Sunday,20:20,PHI,45.0,NYG,38.0,Home,-7.0,83.0,0.0,2009121313,54673.0,,200912130nyg,1601.0,291213019,,7,7,-111.0,101.0,-1.0,-106.0,-102.0,42.5,103.0,-113.0,1,outdoors,fieldturf,42.0,0.0,00-0011022,00-0022803,Donovan McNabb,Eli Manning,Andy Reid,Tom Coughlin,John Parry,NYC00,Giants Stadium
2009_15_SF_PHI,2009,REG,15,2009-12-20,Sunday,16:15,SF,13.0,PHI,27.0,Home,14.0,40.0,0.0,2009122005,54682.0,,200912200phi,1611.0,291220021,,6,7,300.0,-340.0,7.0,102.0,-110.0,41.0,-109.0,-101.0,0,outdoors,grass,32.0,18.0,00-0023436,00-0011022,Alex Smith,Donovan McNabb,Mike Singletary,Andy Reid,Don Carey,PHI00,Lincoln Financial Field
2009_16_DEN_PHI,2009,REG,16,2009-12-27,Sunday,16:15,DEN,27.0,PHI,30.0,Home,3.0,57.0,0.0,2009122708,54700.0,,200912270phi,1629.0,291227021,,7,7,260.0,-300.0,7.0,-106.0,-102.0,43.0,-108.0,-102.0,0,outdoors,grass,45.0,7.0,00-0023541,00-0011022,Kyle Orton,Donovan McNabb,Josh McDaniels,Andy Reid,Mike Carey,PHI00,Lincoln Financial Field
2009_17_PHI_DAL,2009,REG,17,2010-01-03,Sunday,16:15,PHI,0.0,DAL,24.0,Home,24.0,24.0,0.0,2010010303,54710.0,,201001030dal,1637.0,300103006,,7,7,140.0,-155.0,3.0,-107.0,-101.0,47.5,101.0,-111.0,1,closed,fieldturf,,,00-0011022,00-0021678,Donovan McNabb,Tony Romo,Andy Reid,Wade Phillips,Ron Winter,DAL00,Cowboys Stadium
2009_18_PHI_DAL,2009,WC,18,2010-01-09,Saturday,20:00,PHI,14.0,DAL,34.0,Home,20.0,48.0,0.0,2010010900,54804.0,,201001090dal,1652.0,300109006,,6,6,180.0,-200.0,3.5,-102.0,-106.0,45.5,-101.0,-109.0,1,closed,fieldturf,,,00-0011022,00-0021678,Donovan McNabb,Tony Romo,Andy Reid,Wade Phillips,Ed Hochuli,DAL00,Cowboys Stadium
2010_01_GB_PHI,2010,REG,1,2010-09-12,Sunday,16:15,GB,27.0,PHI,20.0,Home,-7.0,47.0,0.0,2010091210,54873.0,,201009120phi,1738.0,300912021,,7,7,-138.0,125.0,-3.0,108.0,-117.0,47.5,-113.0,102.0,0,outdoors,grass,69.0,4.0,00-0023459,00-0025423,Aaron Rodgers,Kevin Kolb,Mike McCarthy,Andy Reid,John Parry,PHI00,Lincoln Financial Field
2010_02_PHI_DET,2010,REG,2,2010-09-19,Sunday,13:00,PHI,35.0,DET,32.0,Home,-3.0,67.0,0.0,2010091906,54884.0,,201009190det,1747.0,300919008,,7,7,-276.0,244.0,-6.5,101.0,-109.0,41.0,-108.0,-102.0,0,dome,fieldturf,,,00-0020245,00-0020679,Michael Vick,Shaun Hill,Andy Reid,Jim Schwartz,Clete Blakeman,DET00,Ford Field
2010_03_PHI_JAX,2010,REG,3,2010-09-26,Sunday,16:05,PHI,28.0,JAX,3.0,Home,-25.0,31.0,0.0,2010092610,54904.0,,201009260jax,1769.0,300926030,,7,7,-127.0,115.0,-2.0,-109.0,101.0,45.0,-102.0,-108.0,0,outdoors,grass,89.0,5.0,00-0020245,00-0021231,Michael Vick,David Garrard,Andy Reid,Jack Del Rio,Jeff Triplette,JAX00,EverBank Field
2010_04_WAS_PHI,2010,REG,4,2010-10-03,Sunday,16:15,WAS,17.0,PHI,12.0,Home,-5.0,29.0,0.0,2010100310,54921.0,,201010030phi,1785.0,301003021,,7,7,214.0,-240.0,5.0,103.0,-111.0,44.0,-106.0,-104.0,1,outdoors,grass,63.0,13.0,00-0011022,00-0020245,Donovan McNabb,Michael Vick,Mike Shanahan,Andy Reid,Alberto Riveron,PHI00,Lincoln Financial Field
2010_05_PHI_SF,2010,REG,5,2010-10-10,Sunday,20:20,PHI,27.0,SF,24.0,Home,-3.0,51.0,0.0,2010101012,54937.0,,201010100sfo,1801.0,301010025,,7,7,158.0,-175.0,3.0,104.0,-113.0,39.5,102.0,-113.0,0,outdoors,grass,71.0,10.0,00-0025423,00-0023436,Kevin Kolb,Alex Smith,Andy Reid,Mike Singletary,Walt Anderson,SFO00,Candlestick Park
2010_06_ATL_PHI,2010,REG,6,2010-10-17,Sunday,13:00,ATL,17.0,PHI,31.0,Home,14.0,48.0,0.0,2010101706,54944.0,,201010170phi,1809.0,301017021,,7,7,107.0,-118.0,1.0,104.0,-113.0,43.0,-107.0,-103.0,0,outdoors,grass,66.0,12.0,00-0026143,00-0025423,Matt Ryan,Kevin Kolb,Mike Smith,Andy Reid,Walt Coleman,PHI00,Lincoln Financial Field
2010_07_PHI_TEN,2010,REG,7,2010-10-24,Sunday,13:00,PHI,19.0,TEN,37.0,Home,18.0,56.0,0.0,2010102408,54821.0,,201010240oti,1825.0,301024010,,7,6,129.0,-142.0,3.0,-118.0,109.0,41.0,-108.0,-102.0,0,outdoors,grass,78.0,22.0,00-0025423,00-0003292,Kevin Kolb,Kerry Collins,Andy Reid,Jeff Fisher,Ed Hochuli,NAS00,LP Field
2010_09_IND_PHI,2010,REG,9,2010-11-07,Sunday,16:15,IND,24.0,PHI,26.0,Home,2.0,50.0,0.0,2010110709,54849.0,,201011070phi,1853.0,301107021,,6,14,146.0,-162.0,3.5,-117.0,108.0,46.5,102.0,-113.0,0,outdoors,grass,52.0,18.0,00-0010346,00-0020245,Peyton Manning,Michael Vick,Jim Caldwell,Andy Reid,Carl Cheffers,PHI00,Lincoln Financial Field
2010_10_PHI_WAS,2010,REG,10,2010-11-15,Monday,20:30,PHI,59.0,WAS,28.0,Home,-31.0,87.0,0.0,2010111500,54959.0,,201011150was,1870.0,301115028,,8,15,-181.0,163.0,-3.5,107.0,-116.0,43.5,-108.0,-102.0,1,outdoors,grass,52.0,3.0,00-0020245,00-0011022,Michael Vick,Donovan McNabb,Andy Reid,Mike Shanahan,Clete Blakeman,WAS00,FedExField
2010_11_NYG_PHI,2010,REG,11,2010-11-21,Sunday,20:20,NYG,17.0,PHI,27.0,Home,10.0,44.0,0.0,2010112113,54974.0,,201011210phi,1885.0,301121021,,7,6,163.0,-181.0,3.5,-113.0,104.0,47.5,103.0,-114.0,1,outdoors,grass,45.0,7.0,00-0022803,00-0020245,Eli Manning,Michael Vick,Tom Coughlin,Andy Reid,Ron Winter,PHI00,Lincoln Financial Field
2010_12_PHI_CHI,2010,REG,12,2010-11-28,Sunday,16:15,PHI,26.0,CHI,31.0,Home,5.0,57.0,0.0,2010112804,54982.0,,201011280chi,1894.0,301128003,,7,10,-160.0,144.0,-3.0,-104.0,-104.0,41.5,100.0,-110.0,0,outdoors,grass,45.0,16.0,00-0020245,00-0024226,Michael Vick,Jay Cutler,Andy Reid,Lovie Smith,Scott Green,CHI98,Soldier Field
2010_13_HOU_PHI,2010,REG,13,2010-12-02,Thursday,20:20,HOU,24.0,PHI,34.0,Home,10.0,58.0,0.0,2010120200,54992.0,,201012020phi,1903.0,301202021,,4,4,318.0,-365.0,8.5,-111.0,103.0,51.0,-103.0,-107.0,0,outdoors,grass,36.0,5.0,00-0022787,00-0020245,Matt Schaub,Michael Vick,Gary Kubiak,Andy Reid,Walt Anderson,PHI00,Lincoln Financial Field
2010_14_PHI_DAL,2010,REG,14,2010-12-12,Sunday,20:20,PHI,30.0,DAL,27.0,Home,-3.0,57.0,0.0,2010121213,55022.0,,201012120dal,1933.0,301212006,,10,7,-209.0,187.0,-4.0,100.0,-108.0,50.5,-105.0,-105.0,1,closed,matrixturf,,,00-0020245,00-0009311,Michael Vick,Jon Kitna,Andy Reid,Jason Garrett,Terry McAulay,DAL00,Cowboys Stadium
2010_15_PHI_NYG,2010,REG,15,2010-12-19,Sunday,13:00,PHI,38.0,NYG,31.0,Home,-7.0,69.0,0.0,2010121906,55031.0,,201012190nyg,1942.0,301219019,,7,6,140.0,-155.0,3.0,-106.0,-102.0,46.5,-107.0,-103.0,1,outdoors,fieldturf,33.0,6.0,00-0020245,00-0022803,Michael Vick,Eli Manning,Andy Reid,Tom Coughlin,John Parry,NYC01,New Meadowlands Stadium
2010_16_MIN_PHI,2010,REG,16,2010-12-28,Tuesday,20:00,MIN,24.0,PHI,14.0,Home,-10.0,38.0,0.0,2010122800,55048.0,,201012280phi,1957.0,301228021,,8,9,760.0,-1000.0,14.0,-106.0,-102.0,44.0,102.0,-113.0,0,outdoors,grass,32.0,10.0,00-0027796,00-0020245,Joe Webb,Michael Vick,Leslie Frazier,Andy Reid,Mike Carey,PHI00,Lincoln Financial Field
2010_17_DAL_PHI,2010,REG,17,2011-01-02,Sunday,16:15,DAL,14.0,PHI,13.0,Home,-1.0,27.0,0.0,2011010207,55067.0,,201101020phi,1974.0,310102021,,8,5,-129.0,117.0,-1.5,-116.0,107.0,43.0,-110.0,100.0,1,outdoors,grass,40.0,10.0,00-0027071,00-0025423,Stephen McGee,Kevin Kolb,Jason Garrett,Andy Reid,Tony Corrente,PHI00,Lincoln Financial Field
2010_18_GB_PHI,2010,WC,18,2011-01-09,Sunday,16:30,GB,21.0,PHI,16.0,Home,-5.0,37.0,0.0,2011010901,55154.0,,201101090phi,1986.0,310109021,,7,7,105.0,-116.0,1.0,-101.0,-107.0,46.5,101.0,-111.0,0,outdoors,grass,30.0,18.0,00-0023459,00-0020245,Aaron Rodgers,Michael Vick,Mike McCarthy,Andy Reid,Peter Morelli,PHI00,Lincoln Financial Field
2011_01_PHI_STL,2011,REG,1,2011-09-11,Sunday,13:00,PHI,31.0,STL,13.0,Home,-18.0,44.0,0.0,2011091107,55171.0,,201109110ram,2068.0,310911014,,7,7,-200.0,180.0,-3.5,-102.0,-106.0,44.0,-103.0,-107.0,0,dome,astroplay,,,00-0020245,00-0027854,Michael Vick,Sam Bradford,Andy Reid,Steve Spagnuolo,Gene Steratore,STL00,Edward Jones Dome
2011_02_PHI_ATL,2011,REG,2,2011-09-18,Sunday,20:20,PHI,31.0,ATL,35.0,Home,4.0,66.0,0.0,2011091814,55194.0,,201109180atl,2079.0,310918001,,7,7,-133.0,120.0,-2.5,-106.0,-102.0,49.0,-110.0,100.0,0,dome,fieldturf,,,00-0020245,00-0026143,Michael Vick,Matt Ryan,Andy Reid,Mike Smith,Carl Cheffers,ATL00,Georgia Dome
2011_03_NYG_PHI,2011,REG,3,2011-09-25,Sunday,13:00,NYG,29.0,PHI,16.0,Home,-13.0,45.0,0.0,2011092505,55202.0,,201109250phi,2097.0,310925021,,6,7,337.0,-389.0,9.0,-120.0,111.0,46.5,-103.0,-107.0,1,outdoors,grass,76.0,5.0,00-0022803,00-0020245,Eli Manning,Michael Vick,Tom Coughlin,Andy Reid,Jeff Triplette,PHI00,Lincoln Financial Field
2011_04_SF_PHI,2011,REG,4,2011-10-02,Sunday,13:00,SF,24.0,PHI,23.0,Home,-1.0,47.0,0.0,2011100204,55219.0,,201110020phi,2113.0,311002021,,7,7,423.0,-500.0,9.5,101.0,-109.0,43.5,-107.0,-103.0,0,outdoors,grass,54.0,20.0,00-0023436,00-0020245,Alex Smith,Michael Vick,Jim Harbaugh,Andy Reid,Alberto Riveron,PHI00,Lincoln Financial Field
2011_05_PHI_BUF,2011,REG,5,2011-10-09,Sunday,13:00,PHI,24.0,BUF,31.0,Home,7.0,55.0,0.0,2011100907,55228.0,,201110090buf,2123.0,311009002,,7,7,-158.0,143.0,-3.0,-104.0,-104.0,52.5,100.0,-110.0,0,outdoors,a_turf,74.0,6.0,00-0020245,00-0023682,Michael Vick,Ryan Fitzpatrick,Andy Reid,Chan Gailey,Walt Coleman,BUF00,Ralph Wilson Stadium
2011_06_PHI_WAS,2011,REG,6,2011-10-16,Sunday,13:00,PHI,20.0,WAS,13.0,Home,-7.0,33.0,0.0,2011101603,55247.0,,201110160was,2145.0,311016028,,7,14,-147.0,133.0,-3.0,109.0,-118.0,46.5,-105.0,-105.0,1,outdoors,grass,68.0,7.0,00-0020245,00-0022121,Michael Vick,Rex Grossman,Andy Reid,Mike Shanahan,Bill Leavy,WAS00,FedExField
2011_08_DAL_PHI,2011,REG,8,2011-10-30,Sunday,20:20,DAL,7.0,PHI,34.0,Home,27.0,41.0,0.0,2011103011,55278.0,,201110300phi,2164.0,311030021,,7,14,146.0,-162.0,3.0,103.0,-111.0,49.0,-104.0,-106.0,1,outdoors,grass,42.0,5.0,00-0021678,00-0020245,Tony Romo,Michael Vick,Jason Garrett,Andy Reid,Gene Steratore,PHI00,Lincoln Financial Field
2011_09_CHI_PHI,2011,REG,9,2011-11-07,Monday,20:30,CHI,30.0,PHI,24.0,Home,-6.0,54.0,0.0,2011110700,55293.0,,201111070phi,2187.0,311107021,,15,8,310.0,-355.0,9.0,-121.0,112.0,47.5,-103.0,-107.0,0,outdoors,grass,51.0,2.0,00-0024226,00-0020245,Jay Cutler,Michael Vick,Lovie Smith,Andy Reid,Scott Green,PHI00,Lincoln Financial Field
2011_10_ARI_PHI,2011,REG,10,2011-11-13,Sunday,13:00,ARI,21.0,PHI,17.0,Home,-4.0,38.0,0.0,2011111306,55304.0,,201111130phi,2198.0,311113021,,7,6,569.0,-700.0,13.5,-110.0,102.0,47.0,102.0,-113.0,0,outdoors,grass,60.0,15.0,00-0027754,00-0020245,John Skelton,Michael Vick,Ken Whisenhunt,Andy Reid,Walt Anderson,PHI00,Lincoln Financial Field
2011_11_PHI_NYG,2011,REG,11,2011-11-20,Sunday,20:20,PHI,17.0,NYG,10.0,Home,-7.0,27.0,0.0,2011112011,55322.0,,201111200nyg,2210.0,311120019,,7,7,201.0,-225.0,6.0,-114.0,105.0,45.0,-102.0,-108.0,1,outdoors,fieldturf,58.0,10.0,00-0024218,00-0022803,Vince Young,Eli Manning,Andy Reid,Tom Coughlin,Mike Carey,NYC01,MetLife Stadium
2011_12_NE_PHI,2011,REG,12,2011-11-27,Sunday,16:15,NE,38.0,PHI,20.0,Home,-18.0,58.0,0.0,2011112709,55336.0,,201111270phi,2225.0,311127021,,6,7,-143.0,129.0,-3.0,106.0,-115.0,50.5,-105.0,-105.0,0,outdoors,grass,63.0,12.0,00-0019596,00-0024218,Tom Brady,Vince Young,Bill Belichick,Andy Reid,Jerome Boger,PHI00,Lincoln Financial Field
2011_13_PHI_SEA,2011,REG,13,2011-12-01,Thursday,20:20,PHI,14.0,SEA,31.0,Home,17.0,45.0,0.0,2011120100,55340.0,,201112010sea,2234.0,311201026,,4,4,-157.0,142.0,-3.0,-106.0,-102.0,43.5,-104.0,-106.0,0,outdoors,fieldturf,38.0,2.0,00-0024218,00-0024279,Vince Young,Tarvaris Jackson,Andy Reid,Pete Carroll,Peter Morelli,SEA00,CenturyLink Field
2011_14_PHI_MIA,2011,REG,14,2011-12-11,Sunday,13:00,PHI,26.0,MIA,10.0,Home,-16.0,36.0,0.0,2011121107,55363.0,,201112110mia,2256.0,311211015,,10,7,118.0,-130.0,3.0,-125.0,115.0,44.5,-103.0,-107.0,0,outdoors,grass,75.0,11.0,00-0020245,00-0025708,Michael Vick,Matt Moore,Andy Reid,Tony Sparano,Ron Winter,MIA00,Sun Life Stadium
2011_15_NYJ_PHI,2011,REG,15,2011-12-18,Sunday,16:15,NYJ,19.0,PHI,45.0,Home,26.0,64.0,0.0,2011121809,55385.0,,201112180phi,2275.0,311218021,,7,7,147.0,-163.0,3.0,102.0,-110.0,44.0,-108.0,-102.0,0,outdoors,grass,35.0,9.0,00-0026898,00-0020245,Mark Sanchez,Michael Vick,Rex Ryan,Andy Reid,Clete Blakeman,PHI00,Lincoln Financial Field
2011_16_PHI_DAL,2011,REG,16,2011-12-24,Saturday,16:15,PHI,20.0,DAL,7.0,Home,-13.0,27.0,0.0,2011122411,55400.0,,201112240dal,2286.0,311224006,,6,7,-130.0,118.0,-1.5,-115.0,106.0,49.5,-107.0,-103.0,1,closed,matrixturf,,,00-0020245,00-0021678,Michael Vick,Tony Romo,Andy Reid,Jason Garrett,Bill Leavy,DAL00,Cowboys Stadium
2011_17_WAS_PHI,2011,REG,17,2012-01-01,Sunday,13:00,WAS,10.0,PHI,34.0,Home,24.0,44.0,0.0,2012010107,55415.0,,201201010phi,2303.0,320101021,,8,8,281.0,-320.0,7.0,-106.0,-102.0,44.0,-104.0,-106.0,1,outdoors,grass,53.0,11.0,00-0022121,00-0020245,Rex Grossman,Michael Vick,Mike Shanahan,Andy Reid,Carl Cheffers,PHI00,Lincoln Financial Field
2012_01_PHI_CLE,2012,REG,1,2012-09-09,Sunday,13:00,PHI,17.0,CLE,16.0,Home,-1.0,33.0,0.0,2012090907,55506.0,,201209090cle,2398.0,320909005,,7,7,-420.0,361.0,-9.0,101.0,-109.0,42.0,-102.0,-108.0,0,outdoors,grass,68.0,9.0,00-0020245,00-0029677,Michael Vick,Brandon Weeden,Andy Reid,Pat Shurmur,Ken Roan,CLE00,Cleveland Browns Stadium
2012_02_BAL_PHI,2012,REG,2,2012-09-16,Sunday,13:00,BAL,23.0,PHI,24.0,Home,1.0,47.0,0.0,2012091604,55528.0,,201209160phi,2408.0,320916021,,6,7,144.0,-160.0,3.0,-101.0,-107.0,46.5,-104.0,-106.0,0,outdoors,grass,72.0,5.0,00-0026158,00-0020245,Joe Flacco,Michael Vick,John Harbaugh,Andy Reid,Robert Frazer,PHI00,Lincoln Financial Field
2012_03_PHI_ARI,2012,REG,3,2012-09-23,Sunday,16:05,PHI,6.0,ARI,27.0,Home,21.0,33.0,0.0,2012092309,55546.0,,201209230crd,2432.0,320923022,,7,7,-177.0,159.0,-3.0,-125.0,115.0,42.5,-108.0,-102.0,0,closed,grass,,,00-0020245,00-0025423,Michael Vick,Kevin Kolb,Andy Reid,Ken Whisenhunt,Mike Shepherd,PHO00,University of Phoenix Stadium
2012_04_NYG_PHI,2012,REG,4,2012-09-30,Sunday,20:20,NYG,17.0,PHI,19.0,Home,2.0,36.0,0.0,2012093012,55565.0,,201209300phi,2445.0,320930021,,10,7,106.0,-117.0,1.5,-102.0,-106.0,46.0,-103.0,-107.0,1,outdoors,grass,63.0,6.0,00-0022803,00-0020245,Eli Manning,Michael Vick,Tom Coughlin,Andy Reid,Ron Winter,PHI00,Lincoln Financial Field
2012_05_PHI_PIT,2012,REG,5,2012-10-07,Sunday,13:00,PHI,14.0,PIT,16.0,Home,2.0,30.0,0.0,2012100701,55573.0,,201210070pit,2462.0,321007023,,7,14,175.0,-195.0,4.0,-102.0,-106.0,44.0,-108.0,-102.0,0,outdoors,grass,48.0,4.0,00-0020245,00-0022924,Michael Vick,Ben Roethlisberger,Andy Reid,Mike Tomlin,Tony Corrente,PIT00,Heinz Field
2012_06_DET_PHI,2012,REG,6,2012-10-14,Sunday,13:00,DET,26.0,PHI,23.0,Home,-3.0,49.0,1.0,2012101404,55587.0,,201210140phi,2471.0,321014021,,14,7,167.0,-186.0,3.5,-103.0,-105.0,47.5,-103.0,-107.0,0,outdoors,grass,66.0,15.0,00-0026498,00-0020245,Matthew Stafford,Michael Vick,Jim Schwartz,Andy Reid,Bill Vinocich,PHI00,Lincoln Financial Field
2012_08_ATL_PHI,2012,REG,8,2012-10-28,Sunday,13:00,ATL,30.0,PHI,17.0,Home,-13.0,47.0,0.0,2012102805,55614.0,,201210280phi,2495.0,321028021,,14,14,127.0,-140.0,1.5,116.0,-126.0,43.5,-103.0,-107.0,0,outdoors,grass,58.0,16.0,00-0026143,00-0020245,Matt Ryan,Michael Vick,Mike Smith,Andy Reid,Gene Steratore,PHI00,Lincoln Financial Field
2012_09_PHI_NO,2012,REG,9,2012-11-05,Monday,20:30,PHI,13.0,NO,28.0,Home,15.0,41.0,0.0,2012110500,55635.0,,201211050nor,2521.0,321105018,,8,8,122.0,-135.0,2.5,101.0,-109.0,52.0,-103.0,-107.0,0,dome,sportturf,,,00-0020245,00-0020531,Michael Vick,Drew Brees,Andy Reid,Joe Vitt,Clete Blakeman,NOR00,Mercedes-Benz Superdome
2012_10_DAL_PHI,2012,REG,10,2012-11-11,Sunday,16:25,DAL,38.0,PHI,23.0,Home,-15.0,61.0,0.0,2012111109,55646.0,,201211110phi,2525.0,321111021,,7,6,-131.0,119.0,-1.0,-125.0,115.0,44.0,-102.0,-108.0,1,outdoors,grass,63.0,7.0,00-0021678,00-0020245,Tony Romo,Michael Vick,Jason Garrett,Andy Reid,Walt Coleman,PHI00,Lincoln Financial Field
2012_11_PHI_WAS,2012,REG,11,2012-11-18,Sunday,13:00,PHI,6.0,WAS,31.0,Home,25.0,37.0,0.0,2012111800,55659.0,,201211180was,2546.0,321118028,,7,14,160.0,-178.0,3.5,-110.0,102.0,46.0,-110.0,100.0,1,outdoors,grass,52.0,9.0,00-0029567,00-0029665,Nick Foles,Robert Griffin,Andy Reid,Mike Shanahan,Terry McAulay,WAS00,FedExField
2012_12_CAR_PHI,2012,REG,12,2012-11-26,Monday,20:30,CAR,30.0,PHI,22.0,Home,-8.0,52.0,0.0,2012112600,55679.0,,201211260phi,2565.0,321126021,,8,8,-162.0,146.0,-3.0,-113.0,104.0,41.5,-105.0,-105.0,0,outdoors,grass,36.0,2.0,00-0027939,00-0029567,Cam Newton,Nick Foles,Ron Rivera,Andy Reid,Peter Morelli,PHI00,Lincoln Financial Field
2012_13_PHI_DAL,2012,REG,13,2012-12-02,Sunday,20:20,PHI,33.0,DAL,38.0,Home,5.0,71.0,0.0,2012120213,55694.0,,201212020dal,2576.0,321202006,,6,10,461.0,-550.0,10.5,100.0,-108.0,44.0,-105.0,-105.0,1,closed,matrixturf,,,00-0029567,00-0021678,Nick Foles,Tony Romo,Andy Reid,Jason Garrett,Jeff Triplette,DAL00,Cowboys Stadium
2012_14_PHI_TB,2012,REG,14,2012-12-09,Sunday,13:00,PHI,23.0,TB,21.0,Home,-2.0,44.0,0.0,2012120907,55705.0,,201212090tam,2593.0,321209027,,7,7,289.0,-330.0,8.0,-125.0,115.0,47.5,100.0,-110.0,0,outdoors,grass,69.0,1.0,00-0029567,00-0026993,Nick Foles,Josh Freeman,Andy Reid,Greg Schiano,Ron Winter,TAM00,Raymond James Stadium
2012_15_CIN_PHI,2012,REG,15,2012-12-13,Thursday,20:20,CIN,34.0,PHI,13.0,Home,-21.0,47.0,0.0,2012121300,55712.0,,201212130phi,2598.0,321213021,,4,4,-219.0,196.0,-4.5,-108.0,100.0,45.0,105.0,-116.0,0,outdoors,grass,36.0,1.0,00-0027973,00-0029567,Andy Dalton,Nick Foles,Marvin Lewis,Andy Reid,Carl Cheffers,PHI00,Lincoln Financial Field
2012_16_WAS_PHI,2012,REG,16,2012-12-23,Sunday,13:00,WAS,27.0,PHI,20.0,Home,-7.0,47.0,0.0,2012122307,55737.0,,201212230phi,2629.0,321223021,,7,10,-202.0,181.0,-3.5,-109.0,101.0,46.0,-102.0,-108.0,1,outdoors,grass,40.0,11.0,00-0029665,00-0029567,Robert Griffin,Nick Foles,Mike Shanahan,Andy Reid,Ed Hochuli,PHI00,Lincoln Financial Field
2012_17_PHI_NYG,2012,REG,17,2012-12-30,Sunday,13:00,PHI,7.0,NYG,42.0,Home,35.0,49.0,0.0,2012123006,55752.0,,201212300nyg,2643.0,321230019,,7,7,235.0,-265.0,6.5,-105.0,-103.0,44.0,-110.0,100.0,1,outdoors,fieldturf,32.0,13.0,00-0020245,00-0022803,Michael Vick,Eli Manning,Andy Reid,Tom Coughlin,Tony Corrente,NYC01,MetLife Stadium
2013_01_PHI_WAS,2013,REG,1,2013-09-09,Monday,19:00,PHI,33.0,WAS,27.0,Home,-6.0,60.0,0.0,2013090900,55851.0,,201309090was,2756.0,330909028,,7,7,181.0,-202.0,4.0,-103.0,-107.0,51.0,-115.0,104.0,1,outdoors,grass,80.0,9.0,00-0020245,00-0029665,Michael Vick,Robert Griffin,Chip Kelly,Mike Shanahan,Ron Winter,WAS00,FedExField
2013_02_SD_PHI,2013,REG,2,2013-09-15,Sunday,13:00,SD,33.0,PHI,30.0,Home,-3.0,63.0,0.0,2013091508,55862.0,,201309150phi,2767.0,330915021,,6,6,285.0,-325.0,7.5,100.0,-110.0,51.0,-113.0,102.0,0,outdoors,grass,71.0,6.0,00-0022942,00-0020245,Philip Rivers,Michael Vick,Mike McCoy,Chip Kelly,Terry McAulay,PHI00,Lincoln Financial Field
2013_03_KC_PHI,2013,REG,3,2013-09-19,Thursday,20:25,KC,26.0,PHI,16.0,Home,-10.0,42.0,0.0,2013091900,55869.0,,201309190phi,2774.0,330919021,,4,4,150.0,-166.0,3.0,103.0,-114.0,50.0,102.0,-113.0,0,outdoors,grass,73.0,4.0,00-0023436,00-0020245,Alex Smith,Michael Vick,Andy Reid,Chip Kelly,Walt Anderson,PHI00,Lincoln Financial Field
2013_04_PHI_DEN,2013,REG,4,2013-09-29,Sunday,16:25,PHI,20.0,DEN,52.0,Home,32.0,72.0,0.0,2013092909,55895.0,,201309290den,2800.0,330929007,,10,6,400.0,-470.0,10.5,-116.0,105.0,57.5,-102.0,-108.0,0,outdoors,grass,76.0,8.0,00-0020245,00-0010346,Michael Vick,Peyton Manning,Chip Kelly,John Fox,Peter Morelli,DEN00,Sports Authority Field at Mile High
2013_05_PHI_NYG,2013,REG,5,2013-10-06,Sunday,13:00,PHI,36.0,NYG,21.0,Home,-15.0,57.0,0.0,2013100605,55906.0,,201310060nyg,2811.0,331006019,,7,7,-123.0,111.0,-1.0,-119.0,108.0,53.5,-105.0,-105.0,1,outdoors,fieldturf,66.0,6.0,00-0020245,00-0022803,Michael Vick,Eli Manning,Chip Kelly,Tom Coughlin,Walt Coleman,NYC01,MetLife Stadium
2013_06_PHI_TB,2013,REG,6,2013-10-13,Sunday,13:00,PHI,31.0,TB,20.0,Home,-11.0,51.0,0.0,2013101307,55922.0,,201310130tam,2827.0,331013027,,7,14,-139.0,126.0,-2.5,-115.0,104.0,44.5,-102.0,-108.0,0,outdoors,grass,82.0,3.0,00-0029567,00-0030520,Nick Foles,Mike Glennon,Chip Kelly,Greg Schiano,Clete Blakeman,TAM00,Raymond James Stadium
2013_07_DAL_PHI,2013,REG,7,2013-10-20,Sunday,13:00,DAL,17.0,PHI,3.0,Home,-14.0,20.0,0.0,2013102008,55937.0,,201310200phi,2842.0,331020021,,7,7,153.0,-170.0,3.0,106.0,-117.0,55.0,-102.0,-108.0,1,outdoors,grass,60.0,13.0,00-0021678,00-0029567,Tony Romo,Nick Foles,Jason Garrett,Chip Kelly,John Parry,PHI00,Lincoln Financial Field
2013_08_NYG_PHI,2013,REG,8,2013-10-27,Sunday,13:00,NYG,15.0,PHI,7.0,Home,-8.0,22.0,0.0,2013102705,55950.0,,201310270phi,2855.0,331027021,,6,7,205.0,-230.0,5.5,-105.0,-105.0,49.0,-105.0,-105.0,1,outdoors,grass,56.0,13.0,00-0022803,00-0020245,Eli Manning,Michael Vick,Tom Coughlin,Chip Kelly,Carl Cheffers,PHI00,Lincoln Financial Field
2013_09_PHI_OAK,2013,REG,9,2013-11-03,Sunday,16:05,PHI,49.0,OAK,20.0,Home,-29.0,69.0,0.0,2013110306,55964.0,,201311030rai,2869.0,331103013,,7,7,-113.0,102.0,-1.0,-105.0,-105.0,45.5,100.0,-110.0,0,outdoors,grass,62.0,6.0,00-0029567,00-0028825,Nick Foles,Terrelle Pryor,Chip Kelly,Dennis Allen,Ed Hochuli,OAK00,O.co Coliseum
2013_10_PHI_GB,2013,REG,10,2013-11-10,Sunday,13:00,PHI,27.0,GB,13.0,Home,-14.0,40.0,0.0,2013111003,55974.0,,201311100gnb,2880.0,331110009,,7,6,-113.0,102.0,-1.0,-107.0,-103.0,47.0,-107.0,-103.0,0,outdoors,grass,45.0,12.0,00-0029567,00-0022055,Nick Foles,Seneca Wallace,Chip Kelly,Mike McCarthy,Mike Carey,GNB00,Lambeau Field
2013_11_WAS_PHI,2013,REG,11,2013-11-17,Sunday,13:00,WAS,16.0,PHI,24.0,Home,8.0,40.0,0.0,2013111706,55991.0,,201311170phi,2896.0,331117021,,10,7,186.0,-208.0,4.5,-102.0,-108.0,54.5,100.0,-110.0,1,outdoors,grass,64.0,7.0,00-0029665,00-0029567,Robert Griffin,Nick Foles,Mike Shanahan,Chip Kelly,Walt Coleman,PHI00,Lincoln Financial Field
2013_13_ARI_PHI,2013,REG,13,2013-12-01,Sunday,13:00,ARI,21.0,PHI,24.0,Home,3.0,45.0,0.0,2013120106,56022.0,,201312010phi,2927.0,331201021,,7,14,166.0,-185.0,3.5,100.0,-110.0,48.0,-106.0,-104.0,0,outdoors,grass,46.0,4.0,00-0021429,00-0029567,Carson Palmer,Nick Foles,Bruce Arians,Chip Kelly,Tony Corrente,PHI00,Lincoln Financial Field
2013_14_DET_PHI,2013,REG,14,2013-12-08,Sunday,13:00,DET,20.0,PHI,34.0,Home,14.0,54.0,0.0,2013120805,56035.0,,201312080phi,2940.0,331208021,,10,7,126.0,-139.0,2.5,106.0,-117.0,54.0,-110.0,100.0,0,outdoors,grass,27.0,6.0,00-0026498,00-0029567,Matthew Stafford,Nick Foles,Jim Schwartz,Chip Kelly,Ed Hochuli,PHI00,Lincoln Financial Field
2013_15_PHI_MIN,2013,REG,15,2013-12-15,Sunday,13:00,PHI,30.0,MIN,48.0,Home,18.0,78.0,0.0,2013121505,56051.0,,201312150min,2956.0,331215016,,7,7,-270.0,239.0,-6.5,-117.0,106.0,53.0,-110.0,100.0,0,dome,sportturf,,,00-0029567,00-0023662,Nick Foles,Matt Cassel,Chip Kelly,Leslie Frazier,Walt Anderson,MIN00,Mall of America Field
2013_16_CHI_PHI,2013,REG,16,2013-12-22,Sunday,20:30,CHI,11.0,PHI,54.0,Home,43.0,65.0,0.0,2013122207,56068.0,,201312220phi,2973.0,331222021,,7,7,126.0,-139.0,2.5,106.0,-117.0,53.5,106.0,-117.0,0,outdoors,grass,62.0,11.0,00-0024226,00-0029567,Jay Cutler,Nick Foles,Marc Trestman,Chip Kelly,Mike Carey,PHI00,Lincoln Financial Field
2013_17_PHI_DAL,2013,REG,17,2013-12-29,Sunday,20:30,PHI,24.0,DAL,22.0,Home,-2.0,46.0,0.0,2013122903,56080.0,,201312290dal,2985.0,331229006,,7,7,-300.0,264.0,-7.5,102.0,-113.0,54.0,-102.0,-108.0,1,closed,matrixturf,,,00-0029567,00-0023541,Nick Foles,Kyle Orton,Chip Kelly,Jason Garrett,Gene Steratore,DAL00,AT&T Stadium
2013_18_NO_PHI,2013,WC,18,2014-01-04,Saturday,20:10,NO,26.0,PHI,24.0,Home,-2.0,50.0,0.0,2014010401,56159.0,,201401040phi,2999.0,340104021,,6,6,144.0,-160.0,3.0,102.0,-113.0,55.5,100.0,-110.0,0,outdoors,grass,25.0,5.0,00-0020531,00-0029567,Drew Brees,Nick Foles,Sean Payton,Chip Kelly,Bill Vinovich,PHI00,Lincoln Financial Field
2014_01_JAX_PHI,2014,REG,1,2014-09-07,Sunday,13:00,JAX,17.0,PHI,34.0,Home,17.0,51.0,0.0,2014090707,56178.0,,201409070phi,3082.0,400554223,,7,7,435.0,-515.0,10.0,-113.0,102.0,49.0,-110.0,100.0,0,outdoors,grass,75.0,9.0,00-0026197,00-0029567,Chad Henne,Nick Foles,Gus Bradley,Chip Kelly,Jeff Triplette,PHI00,Lincoln Financial Field
2014_02_PHI_IND,2014,REG,2,2014-09-15,Monday,20:30,PHI,30.0,IND,27.0,Home,-3.0,57.0,0.0,2014091500,56201.0,,201409150clt,3105.0,400554318,,8,8,132.0,-146.0,3.0,-117.0,106.0,53.5,100.0,-110.0,0,closed,fieldturf,,,00-0029567,00-0029668,Nick Foles,Andrew Luck,Chip Kelly,Chuck Pagano,Terry McAulay,IND00,Lucas Oil Stadium
2014_03_WAS_PHI,2014,REG,3,2014-09-21,Sunday,13:00,WAS,34.0,PHI,37.0,Home,3.0,71.0,0.0,2014092108,56211.0,,201409210phi,3115.0,400554203,,7,6,187.0,-209.0,4.0,-103.0,-107.0,50.5,100.0,-110.0,1,outdoors,grass,79.0,4.0,00-0029604,00-0029567,Kirk Cousins,Nick Foles,Jay Gruden,Chip Kelly,Tony Corrente,PHI00,Lincoln Financial Field
2014_04_PHI_SF,2014,REG,4,2014-09-28,Sunday,16:25,PHI,21.0,SF,26.0,Home,5.0,47.0,0.0,2014092809,56228.0,,201409280sfo,3132.0,400554315,,7,7,186.0,-208.0,3.5,100.0,-110.0,48.5,-105.0,-105.0,0,outdoors,grass,72.0,4.0,00-0029567,00-0027974,Nick Foles,Colin Kaepernick,Chip Kelly,Jim Harbaugh,Ed Hochuli,SFO01,Levi's Stadium
2014_05_STL_PHI,2014,REG,5,2014-10-05,Sunday,13:00,STL,28.0,PHI,34.0,Home,6.0,62.0,0.0,2014100507,56239.0,,201410050phi,3143.0,400554205,,14,7,175.0,-195.0,3.5,-102.0,-108.0,48.0,-101.0,-109.0,0,outdoors,grass,59.0,16.0,00-0028957,00-0029567,Austin Davis,Nick Foles,Jeff Fisher,Chip Kelly,Bill Vinovich,PHI00,Lincoln Financial Field
2014_06_NYG_PHI,2014,REG,6,2014-10-12,Sunday,20:30,NYG,0.0,PHI,27.0,Home,27.0,27.0,0.0,2014101212,56259.0,,201410120phi,3163.0,400554312,,7,7,106.0,-117.0,1.0,100.0,-110.0,50.5,100.0,-110.0,1,outdoors,grass,57.0,5.0,00-0022803,00-0029567,Eli Manning,Nick Foles,Tom Coughlin,Chip Kelly,Clete Blakeman,PHI00,Lincoln Financial Field
2014_08_PHI_ARI,2014,REG,8,2014-10-26,Sunday,16:05,PHI,20.0,ARI,24.0,Home,4.0,44.0,0.0,2014102609,56286.0,,201410260crd,3190.0,400554303,,14,7,-105.0,-105.0,1.0,-113.0,102.0,49.0,-105.0,-105.0,0,closed,grass,,,00-0029567,00-0021429,Nick Foles,Carson Palmer,Chip Kelly,Bruce Arians,Walt Anderson,PHO00,University of Phoenix Stadium
2014_09_PHI_HOU,2014,REG,9,2014-11-02,Sunday,13:00,PHI,31.0,HOU,21.0,Home,-10.0,52.0,0.0,2014110203,56295.0,,201411020htx,3199.0,400554339,,7,7,-114.0,103.0,-1.5,-102.0,-108.0,48.5,-105.0,-105.0,0,closed,grass,,,00-0029567,00-0023682,Nick Foles,Ryan Fitzpatrick,Chip Kelly,Bill O'Brien,John Parry,HOU00,NRG Stadium
2014_10_CAR_PHI,2014,REG,10,2014-11-10,Monday,20:30,CAR,21.0,PHI,45.0,Home,24.0,66.0,0.0,2014111000,56316.0,,201411100phi,3220.0,400554408,,11,8,293.0,-335.0,7.0,107.0,-118.0,48.5,100.0,-110.0,0,outdoors,grass,52.0,5.0,00-0027939,00-0026898,Cam Newton,Mark Sanchez,Ron Rivera,Chip Kelly,Gene Steratore,PHI00,Lincoln Financial Field
2014_11_PHI_GB,2014,REG,11,2014-11-16,Sunday,16:25,PHI,20.0,GB,53.0,Home,33.0,73.0,0.0,2014111603,56321.0,,201411160gnb,3225.0,400554345,,6,7,180.0,-200.0,4.5,-117.0,106.0,55.5,-120.0,109.0,0,outdoors,grass,28.0,13.0,00-0026898,00-0023459,Mark Sanchez,Aaron Rodgers,Chip Kelly,Mike McCarthy,Carl Cheffers,GNB00,Lambeau Field
2014_12_TEN_PHI,2014,REG,12,2014-11-23,Sunday,13:00,TEN,24.0,PHI,43.0,Home,19.0,67.0,0.0,2014112307,56339.0,,201411230phi,3243.0,400554320,,6,7,498.0,-600.0,11.0,-108.0,-102.0,49.0,-103.0,-107.0,0,outdoors,grass,54.0,7.0,00-0031266,00-0026898,Zach Mettenberger,Mark Sanchez,Ken Whisenhunt,Chip Kelly,Jerome Boger,PHI00,Lincoln Financial Field
2014_13_PHI_DAL,2014,REG,13,2014-11-27,Thursday,16:30,PHI,33.0,DAL,10.0,Home,-23.0,43.0,0.0,2014112701,56347.0,,201411270dal,3251.0,400554285,,4,4,144.0,-160.0,3.0,100.0,-110.0,56.5,-102.0,-108.0,1,closed,matrixturf,,,00-0026898,00-0021678,Mark Sanchez,Tony Romo,Chip Kelly,Jason Garrett,Clete Blakeman,DAL00,AT&T Stadium
2014_14_SEA_PHI,2014,REG,14,2014-12-07,Sunday,16:25,SEA,24.0,PHI,14.0,Home,-10.0,38.0,0.0,2014120712,56375.0,,201412070phi,3279.0,400554430,,10,10,-123.0,111.0,-1.5,-108.0,-102.0,48.0,-105.0,-105.0,0,outdoors,grass,45.0,15.0,00-0029263,00-0026898,Russell Wilson,Mark Sanchez,Pete Carroll,Chip Kelly,Bill Vinovich,PHI00,Lincoln Financial Field
2014_15_DAL_PHI,2014,REG,15,2014-12-14,Sunday,20:30,DAL,38.0,PHI,27.0,Home,-11.0,65.0,0.0,2014121413,56392.0,,201412140phi,3296.0,400554425,,10,7,144.0,-159.0,3.5,-123.0,111.0,54.5,-103.0,-107.0,1,outdoors,grass,41.0,9.0,00-0021678,00-0026898,Tony Romo,Mark Sanchez,Jason Garrett,Chip Kelly,Terry McAulay,PHI00,Lincoln Financial Field
2014_16_PHI_WAS,2014,REG,16,2014-12-20,Saturday,16:25,PHI,24.0,WAS,27.0,Home,3.0,51.0,0.0,2014122000,56396.0,,201412200was,3300.0,400554366,,6,6,-315.0,277.0,-7.0,-105.0,-105.0,51.0,-103.0,-107.0,1,outdoors,grass,37.0,0.0,00-0026898,00-0029665,Mark Sanchez,Robert Griffin,Chip Kelly,Jay Gruden,Carl Cheffers,WAS00,FedExField
2014_17_PHI_NYG,2014,REG,17,2014-12-28,Sunday,13:00,PHI,34.0,NYG,26.0,Home,-8.0,60.0,0.0,2014122808,56418.0,,201412280nyg,3322.0,400554440,,8,7,-105.0,-105.0,-1.0,104.0,-115.0,51.5,-109.0,-101.0,1,outdoors,fieldturf,48.0,8.0,00-0026898,00-0022803,Mark Sanchez,Eli Manning,Chip Kelly,Tom Coughlin,Walt Coleman,NYC01,MetLife Stadium
2015_01_PHI_ATL,2015,REG,1,2015-09-14,Monday,19:10,PHI,24.0,ATL,26.0,Home,2.0,50.0,0.0,2015091400,56517.0,,201509140atl,3420.0,400791596,,7,7,-177.0,159.0,-3.5,100.0,-110.0,55.0,-106.0,-104.0,0,dome,fieldturf,,,00-0027854,00-0026143,Sam Bradford,Matt Ryan,Chip Kelly,Dan Quinn,Terry McAulay,ATL00,Georgia Dome
2015_02_DAL_PHI,2015,REG,2,2015-09-20,Sunday,16:25,DAL,20.0,PHI,10.0,Home,-10.0,30.0,0.0,2015092012,56532.0,,201509200phi,3435.0,400791705,,7,6,252.0,-285.0,7.0,-110.0,100.0,53.0,-104.0,-106.0,1,outdoors,grass,77.0,15.0,00-0021678,00-0027854,Tony Romo,Sam Bradford,Jason Garrett,Chip Kelly,Tony Corrente,PHI00,Lincoln Financial Field
2015_03_PHI_NYJ,2015,REG,3,2015-09-27,Sunday,13:00,PHI,24.0,NYJ,17.0,Home,-7.0,41.0,0.0,2015092702,56543.0,,201509270nyj,3448.0,400791583,,7,6,146.0,-162.0,3.0,102.0,-113.0,47.0,-105.0,-105.0,0,outdoors,fieldturf,66.0,7.0,00-0027854,00-0023682,Sam Bradford,Ryan Fitzpatrick,Chip Kelly,Todd Bowles,Gene Steratore,NYC01,MetLife Stadium
2015_04_PHI_WAS,2015,REG,4,2015-10-04,Sunday,13:00,PHI,20.0,WAS,23.0,Home,3.0,43.0,0.0,2015100405,56559.0,,201510040was,3461.0,400791704,,7,10,-149.0,135.0,-3.0,102.0,-113.0,46.0,109.0,-120.0,1,outdoors,grass,58.0,13.0,00-0027854,00-0029604,Sam Bradford,Kirk Cousins,Chip Kelly,Jay Gruden,Jerome Boger,WAS00,FedExField
2015_05_NO_PHI,2015,REG,5,2015-10-11,Sunday,13:00,NO,17.0,PHI,39.0,Home,22.0,56.0,0.0,2015101100,56572.0,,201510110phi,3474.0,400791542,,7,7,245.0,-277.0,6.5,105.0,-116.0,49.5,-110.0,100.0,0,outdoors,grass,67.0,6.0,00-0020531,00-0027854,Drew Brees,Sam Bradford,Sean Payton,Chip Kelly,Ron Torbert,PHI00,Lincoln Financial Field
2015_06_NYG_PHI,2015,REG,6,2015-10-19,Monday,20:30,NYG,7.0,PHI,27.0,Home,20.0,34.0,0.0,2015101900,56593.0,,201510190phi,3496.0,400791676,,8,8,181.0,-202.0,3.5,100.0,-110.0,50.5,-108.0,-102.0,1,outdoors,grass,44.0,6.0,00-0022803,00-0027854,Eli Manning,Sam Bradford,Tom Coughlin,Chip Kelly,Carl Cheffers,PHI00,Lincoln Financial Field
2015_07_PHI_CAR,2015,REG,7,2015-10-25,Sunday,20:30,PHI,16.0,CAR,27.0,Home,11.0,43.0,0.0,2015102511,56606.0,,201510250car,3509.0,400791567,,6,7,124.0,-137.0,3.0,-123.0,111.0,46.0,-105.0,-105.0,0,outdoors,grass,71.0,0.0,00-0027854,00-0027939,Sam Bradford,Cam Newton,Chip Kelly,Ron Rivera,Craig Wrolstad,CAR00,Bank of America Stadium
2015_09_PHI_DAL,2015,REG,9,2015-11-08,Sunday,20:30,PHI,33.0,DAL,27.0,Home,-6.0,60.0,1.0,2015110810,56633.0,,201511080dal,3536.0,400791734,,14,7,-165.0,149.0,-3.0,-118.0,107.0,43.5,-106.0,-104.0,1,closed,matrixturf,,,00-0027854,00-0023662,Sam Bradford,Matt Cassel,Chip Kelly,Jason Garrett,Ed Hochuli,DAL00,AT&T Stadium
2015_10_MIA_PHI,2015,REG,10,2015-11-15,Sunday,13:00,MIA,20.0,PHI,19.0,Home,-1.0,39.0,0.0,2015111505,56638.0,,201511150phi,3545.0,400791552,,7,7,205.0,-230.0,5.5,-108.0,-102.0,49.0,-103.0,-107.0,0,outdoors,grass,59.0,13.0,00-0029701,00-0027854,Ryan Tannehill,Sam Bradford,Joe Philbin,Chip Kelly,Terry McAulay,PHI00,Lincoln Financial Field
2015_11_TB_PHI,2015,REG,11,2015-11-22,Sunday,13:00,TB,45.0,PHI,17.0,Home,-28.0,62.0,0.0,2015112204,56658.0,,201511220phi,3556.0,400791668,,7,7,270.0,-307.0,7.0,-113.0,102.0,46.0,-105.0,-105.0,0,outdoors,grass,48.0,15.0,00-0031503,00-0026898,Jameis Winston,Mark Sanchez,Lovie Smith,Chip Kelly,Brad Allen,PHI00,Lincoln Financial Field
2015_12_PHI_DET,2015,REG,12,2015-11-26,Thursday,12:30,PHI,14.0,DET,45.0,Home,31.0,59.0,0.0,2015112600,56663.0,,201511260det,3566.0,400791507,,4,4,136.0,-150.0,3.0,-109.0,-101.0,46.5,-110.0,100.0,0,dome,fieldturf,,,00-0026898,00-0026498,Mark Sanchez,Matthew Stafford,Chip Kelly,Jim Caldwell,John Parry,DET00,Ford Field
2015_13_PHI_NE,2015,REG,13,2015-12-06,Sunday,16:25,PHI,35.0,NE,28.0,Home,-7.0,63.0,0.0,2015120612,56692.0,,201512060nwe,3595.0,400791658,,10,7,361.0,-420.0,9.5,-103.0,-107.0,49.5,-110.0,100.0,0,outdoors,fieldturf,52.0,5.0,00-0027854,00-0019596,Sam Bradford,Tom Brady,Chip Kelly,Bill Belichick,Peter Morelli,BOS00,Gillette Stadium
2015_14_BUF_PHI,2015,REG,14,2015-12-13,Sunday,13:00,BUF,20.0,PHI,23.0,Home,3.0,43.0,0.0,2015121300,56704.0,,201512130phi,3605.0,400791524,,7,7,102.0,-113.0,1.0,-103.0,-107.0,48.0,-110.0,100.0,0,outdoors,grass,66.0,3.0,00-0028118,00-0027854,Tyrod Taylor,Sam Bradford,Rex Ryan,Chip Kelly,Ed Hochuli,PHI00,Lincoln Financial Field
2015_15_ARI_PHI,2015,REG,15,2015-12-20,Sunday,20:30,ARI,40.0,PHI,17.0,Home,-23.0,57.0,0.0,2015122001,56719.0,,201512200phi,3620.0,400791692,,10,7,-173.0,156.0,-3.5,104.0,-115.0,50.5,-110.0,100.0,0,outdoors,grass,37.0,4.0,00-0021429,00-0027854,Carson Palmer,Sam Bradford,Bruce Arians,Chip Kelly,Tony Corrente,PHI00,Lincoln Financial Field
2015_16_WAS_PHI,2015,REG,16,2015-12-26,Saturday,20:25,WAS,38.0,PHI,24.0,Home,-14.0,62.0,0.0,2015122600,56728.0,,201512260phi,3631.0,400791508,,6,6,171.0,-190.0,3.5,-101.0,-109.0,48.0,-103.0,-107.0,1,outdoors,grass,52.0,6.0,00-0029604,00-0027854,Kirk Cousins,Sam Bradford,Jay Gruden,Chip Kelly,Walt Coleman,PHI00,Lincoln Financial Field
2015_17_PHI_NYG,2015,REG,17,2016-01-03,Sunday,13:00,PHI,35.0,NYG,30.0,Home,-5.0,65.0,0.0,2016010308,56755.0,,201601030nyg,3652.0,400791654,,8,7,181.0,-202.0,4.0,100.0,-110.0,51.0,-104.0,-106.0,1,outdoors,fieldturf,45.0,17.0,00-0027854,00-0022803,Sam Bradford,Eli Manning,Pat Shurmur,Tom Coughlin,Gene Steratore,NYC01,MetLife Stadium
2016_01_CLE_PHI,2016,REG,1,2016-09-11,Sunday,13:00,CLE,10.0,PHI,29.0,Home,19.0,39.0,0.0,2016091107,56909.0,,201609110phi,4102.0,400874520,,7,7,162.0,-180.0,3.5,-105.0,-105.0,41.0,-105.0,-105.0,0,outdoors,grass,85.0,14.0,00-0029665,00-0032950,Robert Griffin,Carson Wentz,Hue Jackson,Doug Pederson,Walt Anderson,PHI00,Lincoln Financial Field
2016_02_PHI_CHI,2016,REG,2,2016-09-19,Monday,20:30,PHI,29.0,CHI,14.0,Home,-15.0,43.0,0.0,2016091900,56932.0,,201609190chi,4116.0,400874547,,8,8,144.0,-160.0,3.0,-100.0,-110.0,42.5,-110.0,-100.0,0,outdoors,grass,84.0,5.0,00-0032950,00-0024226,Carson Wentz,Jay Cutler,Doug Pederson,John Fox,Jeff Triplette,CHI98,Soldier Field
2016_03_PIT_PHI,2016,REG,3,2016-09-25,Sunday,16:25,PIT,3.0,PHI,34.0,Home,31.0,37.0,0.0,2016092510,56946.0,,201609250phi,4139.0,400874628,,7,6,-190.0,171.0,-3.5,-105.0,-105.0,46.5,-105.0,-105.0,0,outdoors,grass,73.0,7.0,00-0022924,00-0032950,Ben Roethlisberger,Carson Wentz,Mike Tomlin,Doug Pederson,Brad Allen,PHI00,Lincoln Financial Field
2016_05_PHI_DET,2016,REG,5,2016-10-09,Sunday,13:00,PHI,23.0,DET,24.0,Home,1.0,47.0,0.0,2016100902,56967.0,,201610090det,4160.0,400874533,,14,7,-185.0,166.0,-3.5,-102.0,-108.0,46.0,-110.0,-100.0,0,dome,fieldturf,,,00-0032950,00-0026498,Carson Wentz,Matthew Stafford,Doug Pederson,Jim Caldwell,Peter Morelli,DET00,Ford Field
2016_06_PHI_WAS,2016,REG,6,2016-10-16,Sunday,13:00,PHI,20.0,WAS,27.0,Home,7.0,47.0,0.0,2016101608,56987.0,,201610160was,4180.0,400874701,,7,7,-150.0,136.0,-3.0,-101.0,-109.0,45.0,100.0,-110.0,1,outdoors,grass,69.0,13.0,00-0032950,00-0029604,Carson Wentz,Kirk Cousins,Doug Pederson,Jay Gruden,John Parry,WAS00,FedExField
2016_07_MIN_PHI,2016,REG,7,2016-10-23,Sunday,13:00,MIN,10.0,PHI,21.0,Home,11.0,31.0,0.0,2016102307,57001.0,,201610230phi,4198.0,400874493,,14,7,-128.0,116.0,-2.5,-108.0,-102.0,39.0,-105.0,-105.0,0,outdoors,grass,62.0,20.0,00-0027854,00-0032950,Sam Bradford,Carson Wentz,Mike Zimmer,Doug Pederson,John Hussey,PHI00,Lincoln Financial Field
2016_08_PHI_DAL,2016,REG,8,2016-10-30,Sunday,20:30,PHI,23.0,DAL,29.0,Home,6.0,52.0,1.0,2016103010,57019.0,,201610300dal,4212.0,400874629,,7,14,201.0,-225.0,5.0,-102.0,-108.0,44.0,105.0,-116.0,1,closed,matrixturf,,,00-0032950,00-0033077,Carson Wentz,Dak Prescott,Doug Pederson,Jason Garrett,Jerome Boger,DAL00,AT&T Stadium
2016_09_PHI_NYG,2016,REG,9,2016-11-06,Sunday,13:00,PHI,23.0,NYG,28.0,Home,5.0,51.0,0.0,2016110606,57027.0,,201611060nyg,4220.0,400874603,,7,14,135.0,-149.0,3.0,-110.0,-100.0,42.5,-119.0,108.0,1,outdoors,fieldturf,56.0,9.0,00-0032950,00-0022803,Carson Wentz,Eli Manning,Doug Pederson,Ben McAdoo,Bill Vinovich,NYC01,MetLife Stadium
2016_10_ATL_PHI,2016,REG,10,2016-11-13,Sunday,13:00,ATL,15.0,PHI,24.0,Home,9.0,39.0,0.0,2016111305,57039.0,,201611130phi,4232.0,400874582,,10,7,111.0,-123.0,2.0,-105.0,-105.0,48.5,-107.0,-103.0,0,outdoors,grass,58.0,10.0,00-0026143,00-0032950,Matt Ryan,Carson Wentz,Dan Quinn,Doug Pederson,Craig Wrolstad,PHI00,Lincoln Financial Field
2016_11_PHI_SEA,2016,REG,11,2016-11-20,Sunday,16:25,PHI,15.0,SEA,26.0,Home,11.0,41.0,0.0,2016112010,57059.0,,201611200sea,4253.0,400874702,,7,7,235.0,-265.0,6.5,-100.0,-110.0,43.0,-102.0,-108.0,0,outdoors,fieldturf,54.0,5.0,00-0032950,00-0029263,Carson Wentz,Russell Wilson,Doug Pederson,Pete Carroll,Carl Cheffers,SEA00,CenturyLink Field
2016_12_GB_PHI,2016,REG,12,2016-11-28,Monday,20:30,GB,27.0,PHI,13.0,Home,-14.0,40.0,0.0,2016112800,57077.0,,201611280phi,4270.0,400874684,,8,8,176.0,-196.0,4.0,-105.0,-105.0,47.0,-105.0,-105.0,0,outdoors,grass,47.0,7.0,00-0023459,00-0032950,Aaron Rodgers,Carson Wentz,Mike McCarthy,Doug Pederson,Terry McAulay,PHI00,Lincoln Financial Field
2016_13_PHI_CIN,2016,REG,13,2016-12-04,Sunday,13:00,PHI,14.0,CIN,32.0,Home,18.0,46.0,0.0,2016120403,57082.0,,201612040cin,4275.0,400874721,,6,7,107.0,-118.0,1.0,-100.0,-110.0,42.0,-102.0,-108.0,0,outdoors,fieldturf,42.0,10.0,00-0032950,00-0027973,Carson Wentz,Andy Dalton,Doug Pederson,Marvin Lewis,Jeff Triplette,CIN00,Paul Brown Stadium
2016_14_WAS_PHI,2016,REG,14,2016-12-11,Sunday,13:00,WAS,27.0,PHI,22.0,Home,-5.0,49.0,0.0,2016121107,57101.0,,201612110phi,4294.0,400874552,,7,7,-120.0,109.0,-1.5,-108.0,-102.0,48.5,-105.0,-105.0,1,outdoors,grass,35.0,3.0,00-0029604,00-0032950,Kirk Cousins,Carson Wentz,Jay Gruden,Doug Pederson,Tony Corrente,PHI00,Lincoln Financial Field
2016_15_PHI_BAL,2016,REG,15,2016-12-18,Sunday,13:00,PHI,26.0,BAL,27.0,Home,1.0,53.0,0.0,2016121800,57111.0,,201612180rav,4304.0,400874685,,7,6,201.0,-225.0,5.0,-105.0,-105.0,41.0,-105.0,-105.0,0,outdoors,grass,62.0,9.0,00-0032950,00-0026158,Carson Wentz,Joe Flacco,Doug Pederson,John Harbaugh,Craig Wrolstad,BAL00,M&T Bank Stadium
2016_16_NYG_PHI,2016,REG,16,2016-12-22,Thursday,20:25,NYG,19.0,PHI,24.0,Home,5.0,43.0,0.0,2016122200,57125.0,,201612220phi,4318.0,400874485,,4,4,114.0,-126.0,2.0,-106.0,-104.0,42.5,-100.0,-110.0,1,outdoors,grass,40.0,10.0,00-0022803,00-0032950,Eli Manning,Carson Wentz,Ben McAdoo,Doug Pederson,Clete Blakeman,PHI00,Lincoln Financial Field
2016_17_DAL_PHI,2016,REG,17,2017-01-01,Sunday,13:00,DAL,13.0,PHI,27.0,Home,14.0,40.0,0.0,2017010107,57148.0,,201701010phi,4341.0,400874647,,6,10,218.0,-245.0,6.5,-114.0,103.0,44.0,104.0,-115.0,1,outdoors,grass,50.0,10.0,00-0026898,00-0032950,Mark Sanchez,Carson Wentz,Jason Garrett,Doug Pederson,Walt Coleman,PHI00,Lincoln Financial Field
2017_01_PHI_WAS,2017,REG,1,2017-09-10,Sunday,13:00,PHI,30.0,WAS,17.0,Home,-13.0,47.0,0.0,2017091008,57243.0,,201709100was,7929.0,400951592,,7,7,-125.0,113.0,-2.0,-105.0,-105.0,49.5,-100.0,-110.0,1,outdoors,grass,67.0,5.0,00-0032950,00-0029604,Carson Wentz,Kirk Cousins,Doug Pederson,Jay Gruden,Brad Allen,WAS00,FedExField
2017_02_PHI_KC,2017,REG,2,2017-09-17,Sunday,13:00,PHI,20.0,KC,27.0,Home,7.0,47.0,0.0,2017091704,57255.0,,201709170kan,7945.0,400951636,,7,10,179.0,-199.0,4.0,-105.0,-105.0,46.5,-108.0,-102.0,0,outdoors,grass,68.0,7.0,00-0032950,00-0023436,Carson Wentz,Alex Smith,Doug Pederson,Andy Reid,Terry McAulay,KAN00,Arrowhead Stadium
2017_03_NYG_PHI,2017,REG,3,2017-09-24,Sunday,13:00,NYG,24.0,PHI,27.0,Home,3.0,51.0,0.0,2017092409,57276.0,,201709240phi,7962.0,400951616,,6,7,205.0,-230.0,5.0,-104.0,-106.0,42.0,-107.0,-103.0,1,outdoors,grass,89.0,6.0,00-0022803,00-0032950,Eli Manning,Carson Wentz,Ben McAdoo,Doug Pederson,Jerome Boger,PHI00,Lincoln Financial Field
2017_04_PHI_LAC,2017,REG,4,2017-10-01,Sunday,16:05,PHI,26.0,LAC,24.0,Home,-2.0,50.0,0.0,2017100110,57293.0,,201710010sdg,7981.0,400951738,,7,7,106.0,-117.0,1.5,-105.0,-105.0,48.0,-101.0,-109.0,0,outdoors,grass,72.0,6.0,00-0032950,00-0022942,Carson Wentz,Philip Rivers,Doug Pederson,Anthony Lynn,Carl Cheffers,LAX97,StubHub Center
2017_05_ARI_PHI,2017,REG,5,2017-10-08,Sunday,13:00,ARI,7.0,PHI,34.0,Home,27.0,41.0,0.0,2017100806,57305.0,,201710080phi,7987.0,400951651,,7,7,226.0,-254.0,6.0,100.0,-110.0,45.0,104.0,-115.0,0,outdoors,grass,77.0,10.0,00-0021429,00-0032950,Carson Palmer,Carson Wentz,Bruce Arians,Doug Pederson,John Hussey,PHI00,Lincoln Financial Field
2017_06_PHI_CAR,2017,REG,6,2017-10-12,Thursday,20:25,PHI,28.0,CAR,23.0,Home,-5.0,51.0,0.0,2017101200,57312.0,,201710120car,8000.0,400951695,,4,4,134.0,-148.0,3.0,-113.0,102.0,44.0,106.0,-117.0,0,outdoors,grass,72.0,6.0,00-0032950,00-0027939,Carson Wentz,Cam Newton,Doug Pederson,Ron Rivera,Peter Morelli,CAR00,Bank of America Stadium
2017_07_WAS_PHI,2017,REG,7,2017-10-23,Monday,20:30,WAS,24.0,PHI,34.0,Home,10.0,58.0,0.0,2017102300,57340.0,,201710230phi,8028.0,400951641,,8,11,201.0,-225.0,5.0,-107.0,-103.0,48.5,100.0,-110.0,1,outdoors,grass,70.0,9.0,00-0029604,00-0032950,Kirk Cousins,Carson Wentz,Jay Gruden,Doug Pederson,Ed Hochuli,PHI00,Lincoln Financial Field
2017_08_SF_PHI,2017,REG,8,2017-10-29,Sunday,13:00,SF,10.0,PHI,33.0,Home,23.0,43.0,0.0,2017102906,57348.0,,201710290phi,8037.0,400951723,,7,6,604.0,-750.0,13.0,-100.0,-110.0,45.0,-101.0,-109.0,0,outdoors,grass,67.0,12.0,00-0033936,00-0032950,C.J. Beathard,Carson Wentz,Kyle Shanahan,Doug Pederson,Clete Blakeman,PHI00,Lincoln Financial Field
2017_09_DEN_PHI,2017,REG,9,2017-11-05,Sunday,13:00,DEN,23.0,PHI,51.0,Home,28.0,74.0,0.0,2017110505,57360.0,,201711050phi,8046.0,400951760,,6,7,264.0,-300.0,7.0,-114.0,103.0,41.0,-102.0,-108.0,0,outdoors,grass,61.0,5.0,00-0029682,00-0032950,Brock Osweiler,Carson Wentz,Vance Joseph,Doug Pederson,Gene Steratore,PHI00,Lincoln Financial Field
2017_11_PHI_DAL,2017,REG,11,2017-11-19,Sunday,20:30,PHI,37.0,DAL,9.0,Home,-28.0,46.0,0.0,2017111910,57392.0,,201711190dal,8080.0,400951817,,14,7,-233.0,208.0,-6.0,-100.0,-110.0,48.0,-101.0,-109.0,1,closed,matrixturf,,,00-0032950,00-0033077,Carson Wentz,Dak Prescott,Doug Pederson,Jason Garrett,Bill Vinovich,DAL00,AT&T Stadium
2017_12_CHI_PHI,2017,REG,12,2017-11-26,Sunday,13:00,CHI,3.0,PHI,31.0,Home,28.0,34.0,0.0,2017112606,57403.0,,201711260phi,8087.0,400951610,,7,7,604.0,-750.0,14.0,-123.0,111.0,43.5,103.0,-114.0,0,outdoors,grass,49.0,17.0,00-0033869,00-0032950,Mitch Trubisky,Carson Wentz,John Fox,Doug Pederson,Walt Coleman,PHI00,Lincoln Financial Field
2017_13_PHI_SEA,2017,REG,13,2017-12-03,Sunday,20:30,PHI,10.0,SEA,24.0,Home,14.0,34.0,0.0,2017120313,57424.0,,201712030sea,8112.0,400951746,,7,7,-190.0,171.0,-3.5,-110.0,-100.0,46.5,-104.0,-106.0,0,outdoors,fieldturf,44.0,3.0,00-0032950,00-0029263,Carson Wentz,Russell Wilson,Doug Pederson,Pete Carroll,Tony Corrente,SEA00,CenturyLink Field
2017_14_PHI_LA,2017,REG,14,2017-12-10,Sunday,16:25,PHI,43.0,LA,35.0,Home,-8.0,78.0,0.0,2017121011,57438.0,,201712100ram,8127.0,400951689,,7,7,-115.0,104.0,-1.0,-108.0,-102.0,47.5,-106.0,-104.0,0,outdoors,grass,83.0,0.0,00-0032950,00-0033106,Carson Wentz,Jared Goff,Doug Pederson,Sean McVay,Craig Wrolstad,LAX99,Los Angeles Memorial Coliseum
2017_15_PHI_NYG,2017,REG,15,2017-12-17,Sunday,13:00,PHI,34.0,NYG,29.0,Home,-5.0,63.0,0.0,2017121706,57451.0,,201712170nyg,8140.0,400951808,,7,7,-300.0,264.0,-7.5,108.0,-119.0,40.5,-107.0,-103.0,1,outdoors,fieldturf,35.0,0.0,00-0029567,00-0022803,Nick Foles,Eli Manning,Doug Pederson,Steve Spagnuolo,Brad Allen,NYC01,MetLife Stadium
2017_16_OAK_PHI,2017,REG,16,2017-12-25,Monday,20:30,OAK,10.0,PHI,19.0,Home,9.0,29.0,0.0,2017122501,57473.0,,201712250phi,8161.0,400951719,,8,8,361.0,-420.0,10.0,-107.0,-103.0,46.0,-103.0,-107.0,0,outdoors,grass,29.0,15.0,00-0031280,00-0029567,Derek Carr,Nick Foles,Jack Del Rio,Doug Pederson,Ron Torbert,PHI00,Lincoln Financial Field
2017_17_DAL_PHI,2017,REG,17,2017-12-31,Sunday,13:00,DAL,6.0,PHI,0.0,Home,-6.0,6.0,0.0,2017123108,57482.0,,201712310phi,8167.0,400951759,,7,6,-200.0,176.0,-3.5,-113.0,102.0,41.0,-101.0,-109.0,1,outdoors,grass,19.0,17.0,00-0033077,00-0032792,Dak Prescott,Nick Foles,Jason Garrett,Doug Pederson,John Parry,PHI00,Lincoln Financial Field
2017_19_ATL_PHI,2017,DIV,19,2018-01-13,Saturday,16:35,ATL,10.0,PHI,15.0,Home,5.0,25.0,0.0,2018011300,57494.0,,201801130phi,9302.0,400999179,,7,13,-133.0,120.0,-2.5,-107.0,-103.0,40.0,-110.0,-100.0,0,outdoors,grass,32.0,16.0,00-0026143,00-0029567,Matt Ryan,Nick Foles,Dan Quinn,Doug Pederson,Bill Vinovich,PHI00,Lincoln Financial Field
2017_20_MIN_PHI,2017,CON,20,2018-01-21,Sunday,18:41,MIN,7.0,PHI,38.0,Home,31.0,45.0,0.0,2018012101,57499.0,,201801210phi,9307.0,400999174,,7,8,-147.0,133.0,-3.0,104.0,-115.0,39.0,-106.0,-104.0,0,outdoors,grass,47.0,5.0,00-0028986,00-0029567,Case Keenum,Nick Foles,Mike Zimmer,Doug Pederson,Ed Hochuli,PHI00,Lincoln Financial Field
2017_21_PHI_NE,2017,SB,21,2018-02-04,Sunday,18:31,PHI,41.0,NE,33.0,Neutral,-8.0,74.0,0.0,2018020400,57500.0,,201802040nwe,9312.0,400999173,,14,14,181.0,-202.0,4.5,-114.0,103.0,48.5,-105.0,-105.0,0,dome,sportturf,,,00-0029567,00-0019596,Nick Foles,Tom Brady,Doug Pederson,Bill Belichick,Gene Steratore,MIN01,U.S. Bank Stadium
2018_01_ATL_PHI,2018,REG,1,2018-09-06,Thursday,20:20,ATL,12.0,PHI,18.0,Home,6.0,30.0,0.0,2018090600,57567.0,,201809060phi,9338.0,401030710,,7,7,-104.0,-106.0,1.0,-111.0,101.0,44.5,-101.0,-109.0,0,outdoors,grass,81.0,8.0,00-0026143,00-0029567,Matt Ryan,Nick Foles,Dan Quinn,Doug Pederson,John Hussey,PHI00,Lincoln Financial Field
2018_02_PHI_TB,2018,REG,2,2018-09-16,Sunday,13:00,PHI,21.0,TB,27.0,Home,6.0,48.0,0.0,2018091606,57590.0,,201809160tam,9362.0,401030696,,10,7,-142.0,129.0,-3.0,106.0,-117.0,46.5,100.0,-110.0,0,outdoors,grass,91.0,9.0,00-0029567,00-0023682,Nick Foles,Ryan Fitzpatrick,Doug Pederson,Dirk Koetter,Alex Kemp,TAM00,Raymond James Stadium
2018_03_IND_PHI,2018,REG,3,2018-09-23,Sunday,13:00,IND,16.0,PHI,20.0,Home,4.0,36.0,0.0,2018092308,57608.0,,201809230phi,9378.0,401030782,,7,7,243.0,-274.0,6.5,-103.0,-108.0,45.5,103.0,-115.0,0,outdoors,grass,61.0,5.0,00-0029668,00-0032950,Andrew Luck,Carson Wentz,Frank Reich,Doug Pederson,Clay Martin,PHI00,Lincoln Financial Field
2018_04_PHI_TEN,2018,REG,4,2018-09-30,Sunday,13:00,PHI,23.0,TEN,26.0,Home,3.0,49.0,1.0,2018093007,57623.0,,201809300oti,9394.0,401030842,,7,7,-146.0,132.0,-3.0,103.0,-115.0,41.5,-102.0,-109.0,0,outdoors,grass,80.0,4.0,00-0032950,00-0032268,Carson Wentz,Marcus Mariota,Doug Pederson,Mike Vrabel,Shawn Hochuli,NAS00,Nissan Stadium
2018_05_MIN_PHI,2018,REG,5,2018-10-07,Sunday,16:25,MIN,23.0,PHI,21.0,Home,-2.0,44.0,0.0,2018100709,57640.0,,201810070phi,9411.0,401030803,,10,7,162.0,-180.0,3.5,-106.0,-104.0,48.0,-114.0,102.0,0,outdoors,grass,79.0,6.0,00-0029604,00-0032950,Kirk Cousins,Carson Wentz,Mike Zimmer,Doug Pederson,Walt Coleman,PHI00,Lincoln Financial Field
2018_06_PHI_NYG,2018,REG,6,2018-10-11,Thursday,20:20,PHI,34.0,NYG,13.0,Home,-21.0,47.0,0.0,2018101100,57645.0,,201810110nyg,9416.0,401030692,,4,4,-126.0,114.0,-1.5,-111.0,-100.0,45.5,-102.0,-109.0,1,outdoors,fieldturf,70.0,3.0,00-0032950,00-0022803,Carson Wentz,Eli Manning,Doug Pederson,Pat Shurmur,Ron Torbert,NYC01,MetLife Stadium
2018_07_CAR_PHI,2018,REG,7,2018-10-21,Sunday,13:00,CAR,21.0,PHI,17.0,Home,-4.0,38.0,0.0,2018102108,57669.0,,201810210phi,9439.0,401030807,,7,10,202.0,-226.0,5.0,-102.0,-109.0,45.0,-105.0,-105.0,0,outdoors,grass,49.0,19.0,00-0027939,00-0032950,Cam Newton,Carson Wentz,Ron Rivera,Doug Pederson,Clete Blakeman,PHI00,Lincoln Financial Field
2018_08_PHI_JAX,2018,REG,8,2018-10-28,Sunday,21:30,PHI,24.0,JAX,18.0,Neutral,-6.0,42.0,0.0,2018102800,57675.0,,201810280jax,9446.0,401030699,,7,7,-208.0,186.0,-4.0,-103.0,-108.0,44.5,-109.0,-102.0,0,outdoors,grass,48.0,12.0,00-0032950,00-0031407,Carson Wentz,Blake Bortles,Doug Pederson,Doug Marrone,John Hussey,LON00,Wembley Stadium
2018_10_DAL_PHI,2018,REG,10,2018-11-11,Sunday,20:20,DAL,27.0,PHI,20.0,Home,-7.0,47.0,0.0,2018111111,57713.0,,201811110phi,9484.0,401030869,,6,14,310.0,-355.0,7.5,-108.0,-103.0,45.5,102.0,-114.0,1,outdoors,grass,38.0,5.0,00-0033077,00-0032950,Dak Prescott,Carson Wentz,Jason Garrett,Doug Pederson,John Parry,PHI00,Lincoln Financial Field
2018_11_PHI_NO,2018,REG,11,2018-11-18,Sunday,16:25,PHI,7.0,NO,48.0,Home,41.0,55.0,0.0,2018111809,57725.0,,201811180nor,9491.0,401030963,,7,7,290.0,-331.0,7.0,-105.0,-105.0,56.5,-108.0,-103.0,0,dome,sportturf,,,00-0032950,00-0020531,Carson Wentz,Drew Brees,Doug Pederson,Sean Payton,Carl Cheffers,NOR00,Mercedes-Benz Superdome
2018_12_NYG_PHI,2018,REG,12,2018-11-25,Sunday,13:00,NYG,22.0,PHI,25.0,Home,3.0,47.0,0.0,2018112506,57737.0,,201811250phi,9507.0,401030914,,7,7,192.0,-215.0,4.5,-103.0,-108.0,49.0,-114.0,102.0,1,outdoors,grass,56.0,10.0,00-0022803,00-0032950,Eli Manning,Carson Wentz,Pat Shurmur,Doug Pederson,Walt Anderson,PHI00,Lincoln Financial Field
2018_13_WAS_PHI,2018,REG,13,2018-12-03,Monday,20:15,WAS,13.0,PHI,28.0,Home,15.0,41.0,0.0,2018120300,57758.0,,201812030phi,9529.0,401030871,,11,8,213.0,-239.0,5.5,-105.0,-105.0,45.0,-111.0,-100.0,1,outdoors,grass,36.0,15.0,00-0027688,00-0032950,Colt McCoy,Carson Wentz,Jay Gruden,Doug Pederson,Tony Corrente,PHI00,Lincoln Financial Field
2018_14_PHI_DAL,2018,REG,14,2018-12-09,Sunday,16:25,PHI,23.0,DAL,29.0,Home,6.0,52.0,1.0,2018120912,57772.0,,201812090dal,9543.0,401030854,,6,10,166.0,-185.0,3.5,-110.0,-101.0,46.0,-103.0,-107.0,1,closed,matrixturf,,,00-0032950,00-0033077,Carson Wentz,Dak Prescott,Doug Pederson,Jason Garrett,Clete Blakeman,DAL00,AT&T Stadium
2018_15_PHI_LA,2018,REG,15,2018-12-16,Sunday,20:20,PHI,30.0,LA,23.0,Home,-7.0,53.0,0.0,2018121611,57789.0,,201812160ram,9560.0,401030961,,7,7,590.0,-800.0,13.5,-103.0,-107.0,52.5,-115.0,103.0,0,outdoors,grass,60.0,5.0,00-0029567,00-0033106,Nick Foles,Jared Goff,Doug Pederson,Sean McVay,Bill Vinovich,LAX99,Los Angeles Memorial Coliseum
2018_16_HOU_PHI,2018,REG,16,2018-12-23,Sunday,13:00,HOU,30.0,PHI,32.0,Home,2.0,62.0,0.0,2018122310,57801.0,,201812230phi,9571.0,401030864,,8,7,111.0,-123.0,1.0,102.0,-114.0,47.0,-102.0,-109.0,0,outdoors,grass,44.0,5.0,00-0033537,00-0029567,Deshaun Watson,Nick Foles,Bill O'Brien,Doug Pederson,John Parry,PHI00,Lincoln Financial Field
2018_17_PHI_WAS,2018,REG,17,2018-12-30,Sunday,16:25,PHI,24.0,WAS,0.0,Home,-24.0,24.0,0.0,2018123012,57819.0,,201812300was,9590.0,401030727,,7,8,-245.0,218.0,-6.0,-101.0,-110.0,43.0,105.0,-117.0,1,outdoors,grass,46.0,3.0,00-0029567,00-0026300,Nick Foles,Josh Johnson,Doug Pederson,Jay Gruden,Craig Wrolstad,WAS00,FedExField
2018_18_PHI_CHI,2018,WC,18,2019-01-06,Sunday,16:40,PHI,16.0,CHI,15.0,Home,-1.0,31.0,0.0,2019010601,57826.0,,201901060chi,13609.0,401038954,,7,7,235.0,-265.0,6.5,-103.0,-108.0,42.5,-108.0,-103.0,0,outdoors,grass,39.0,12.0,00-0029567,00-0033869,Nick Foles,Mitch Trubisky,Doug Pederson,Matt Nagy,Tony Corrente,CHI98,Soldier Field
2018_19_PHI_NO,2018,DIV,19,2019-01-13,Sunday,16:40,PHI,14.0,NO,20.0,Home,6.0,34.0,0.0,2019011301,57830.0,,201901130nor,13614.0,401038958,,7,14,324.0,-373.0,8.5,-101.0,-110.0,52.0,101.0,-112.0,0,dome,sportturf,,,00-0029567,00-0020531,Nick Foles,Drew Brees,Doug Pederson,Sean Payton,Carl Cheffers,NOR00,Mercedes-Benz Superdome
2019_01_WAS_PHI,2019,REG,1,2019-09-08,Sunday,13:00,WAS,27.0,PHI,32.0,Home,5.0,59.0,0.0,2019090806,57907.0,,201909080phi,13767.0,401127968,5065.0,7,7,395.0,-463.0,10.5,-114.0,103.0,44.0,-103.0,-107.0,1,outdoors,grass,79.0,4.0,00-0028986,00-0032950,Case Keenum,Carson Wentz,Jay Gruden,Doug Pederson,Ronald Torbert,PHI00,Lincoln Financial Field
2019_02_PHI_ATL,2019,REG,2,2019-09-15,Sunday,20:20,PHI,20.0,ATL,24.0,Home,4.0,44.0,0.0,2019091513,57930.0,,201909150atl,13792.0,401128124,5088.0,7,7,-105.0,-105.0,-1.0,102.0,-112.0,53.0,-105.0,-106.0,0,open,fieldturf,,,00-0032950,00-0026143,Carson Wentz,Matt Ryan,Doug Pederson,Dan Quinn,Brad Allen,ATL97,Mercedes-Benz Stadium
2019_03_DET_PHI,2019,REG,3,2019-09-22,Sunday,13:00,DET,27.0,PHI,24.0,Home,-3.0,51.0,0.0,2019092207,57940.0,,201909220phi,13802.0,401127959,5095.0,7,7,188.0,-212.0,4.0,-104.0,-106.0,45.0,103.0,-115.0,0,outdoors,grass,84.0,7.0,00-0026498,00-0032950,Matthew Stafford,Carson Wentz,Matt Patricia,Doug Pederson,Tony Corrente,PHI00,Lincoln Financial Field
2019_04_PHI_GB,2019,REG,4,2019-09-26,Thursday,20:20,PHI,34.0,GB,27.0,Home,-7.0,61.0,0.0,2019092600,57948.0,,201909260gnb,13810.0,401127863,5106.0,4,4,169.0,-190.0,3.5,-110.0,-100.0,46.0,-112.0,100.0,0,outdoors,grass,60.0,3.0,00-0032950,00-0023459,Carson Wentz,Aaron Rodgers,Doug Pederson,Matt LaFleur,Clay Martin,GNB00,Lambeau Field
2019_05_NYJ_PHI,2019,REG,5,2019-10-06,Sunday,13:00,NYJ,6.0,PHI,31.0,Home,25.0,37.0,0.0,2019100606,57970.0,,201910060phi,13831.0,401128006,5130.0,14,10,587.0,-782.0,14.0,-109.0,-101.0,43.0,-105.0,-106.0,0,outdoors,grass,68.0,10.0,00-0034412,00-0032950,Luke Falk,Carson Wentz,Adam Gase,Doug Pederson,Adrian Hill,PHI00,Lincoln Financial Field
2019_06_PHI_MIN,2019,REG,6,2019-10-13,Sunday,13:00,PHI,20.0,MIN,38.0,Home,18.0,58.0,0.0,2019101306,57985.0,,201910130min,13845.0,401128123,5141.0,7,7,157.0,-176.0,3.5,-115.0,105.0,44.0,-110.0,-101.0,0,dome,sportturf,,,00-0032950,00-0029604,Carson Wentz,Kirk Cousins,Doug Pederson,Mike Zimmer,Scott Novak,MIN01,U.S. Bank Stadium
2019_07_PHI_DAL,2019,REG,7,2019-10-20,Sunday,20:20,PHI,10.0,DAL,37.0,Home,27.0,47.0,0.0,2019102011,58004.0,,201910200dal,13866.0,401127987,5162.0,7,7,148.0,-165.0,3.0,101.0,-111.0,50.0,-106.0,-105.0,1,closed,fieldturf,,,00-0032950,00-0033077,Carson Wentz,Dak Prescott,Doug Pederson,Jason Garrett,Jerome Boger,DAL00,AT&T Stadium
2019_08_PHI_BUF,2019,REG,8,2019-10-27,Sunday,13:00,PHI,31.0,BUF,13.0,Home,-18.0,44.0,0.0,2019102701,58008.0,,201910270buf,13870.0,401128037,5171.0,7,7,111.0,-122.0,1.0,102.0,-113.0,39.5,105.0,-117.0,0,outdoors,astroturf,54.0,23.0,00-0032950,00-0034857,Carson Wentz,Josh Allen,Doug Pederson,Sean McDermott,John Hussey,BUF00,New Era Field
2019_09_CHI_PHI,2019,REG,9,2019-11-03,Sunday,13:00,CHI,14.0,PHI,22.0,Home,8.0,36.0,0.0,2019110305,58027.0,,201911030phi,13888.0,401128082,5181.0,7,7,199.0,-226.0,5.0,-106.0,-104.0,41.0,-102.0,-109.0,0,outdoors,grass,52.0,13.0,00-0033869,00-0032950,Mitch Trubisky,Carson Wentz,Matt Nagy,Doug Pederson,Craig Wrolstad,PHI00,Lincoln Financial Field
2019_11_NE_PHI,2019,REG,11,2019-11-17,Sunday,16:25,NE,17.0,PHI,10.0,Home,-7.0,27.0,0.0,2019111710,58059.0,,201911170phi,13921.0,401127897,5217.0,14,14,-210.0,186.0,-4.5,101.0,-112.0,45.0,-100.0,-111.0,0,outdoors,grass,42.0,13.0,00-0019596,00-0032950,Tom Brady,Carson Wentz,Bill Belichick,Doug Pederson,Bill Vinovich,PHI00,Lincoln Financial Field
2019_12_SEA_PHI,2019,REG,12,2019-11-24,Sunday,13:00,SEA,17.0,PHI,9.0,Home,-8.0,26.0,0.0,2019112411,58074.0,,201911240phi,13936.0,401128008,5232.0,13,7,-105.0,-105.0,-1.0,102.0,-112.0,45.5,-107.0,-104.0,0,outdoors,grass,40.0,17.0,00-0029263,00-0032950,Russell Wilson,Carson Wentz,Pete Carroll,Doug Pederson,Walt Anderson,PHI00,Lincoln Financial Field
2019_13_PHI_MIA,2019,REG,13,2019-12-01,Sunday,13:00,PHI,31.0,MIA,37.0,Home,6.0,68.0,0.0,2019120106,58085.0,,201912010mia,13944.0,401128070,5240.0,7,7,-469.0,382.0,-10.5,-100.0,-110.0,45.0,-109.0,-102.0,0,outdoors,grass,82.0,15.0,00-0032950,00-0023682,Carson Wentz,Ryan Fitzpatrick,Doug Pederson,Brian Flores,Adrian Hill,MIA00,Hard Rock Stadium
2019_14_NYG_PHI,2019,REG,14,2019-12-09,Monday,20:15,NYG,17.0,PHI,23.0,Home,6.0,40.0,1.0,2019120900,58107.0,,201912090phi,13969.0,401128013,5265.0,8,8,341.0,-411.0,9.5,-106.0,-104.0,45.5,-101.0,-110.0,1,outdoors,grass,53.0,11.0,00-0022803,00-0032950,Eli Manning,Carson Wentz,Pat Shurmur,Doug Pederson,Scott Novak,PHI00,Lincoln Financial Field
2019_15_PHI_WAS,2019,REG,15,2019-12-15,Sunday,13:00,PHI,37.0,WAS,27.0,Home,-10.0,64.0,0.0,2019121508,58117.0,,201912150was,13978.0,401128071,5273.0,6,7,-286.0,247.0,-7.0,105.0,-116.0,38.0,-111.0,-100.0,1,outdoors,grass,52.0,13.0,00-0032950,00-0035232,Carson Wentz,Dwayne Haskins,Doug Pederson,Bill Callahan,Shawn Smith,WAS00,FedExField
2019_16_DAL_PHI,2019,REG,16,2019-12-22,Sunday,16:25,DAL,9.0,PHI,17.0,Home,8.0,26.0,0.0,2019122212,58136.0,,201912220phi,13998.0,401127938,5295.0,7,7,-120.0,109.0,-2.0,101.0,-112.0,47.0,-104.0,-107.0,1,outdoors,grass,47.0,7.0,00-0033077,00-0032950,Dak Prescott,Carson Wentz,Jason Garrett,Doug Pederson,Tony Corrente,PHI00,Lincoln Financial Field
2019_17_PHI_NYG,2019,REG,17,2019-12-29,Sunday,16:25,PHI,34.0,NYG,17.0,Home,-17.0,51.0,0.0,2019122911,58151.0,,201912290nyg,14009.0,401128033,5307.0,7,7,-198.0,176.0,-4.0,-102.0,-108.0,44.0,-110.0,-101.0,1,outdoors,fieldturf,42.0,5.0,00-0032950,00-0035710,Carson Wentz,Daniel Jones,Doug Pederson,Pat Shurmur,Alex Kemp,NYC01,MetLife Stadium
2019_18_SEA_PHI,2019,WC,18,2020-01-05,Sunday,16:40,SEA,17.0,PHI,9.0,Home,-8.0,26.0,0.0,2020010501,58159.0,,202001050phi,16804.0,401131039,5317.0,7,7,108.0,-119.0,1.0,-100.0,-110.0,44.0,-106.0,-105.0,0,outdoors,grass,41.0,17.0,00-0029263,00-0032950,Russell Wilson,Carson Wentz,Pete Carroll,Doug Pederson,Shawn Smith,PHI00,Lincoln Financial Field
2020_01_PHI_WAS,2020,REG,1,2020-09-13,Sunday,13:00,PHI,17.0,WAS,27.0,Home,10.0,44.0,0.0,2020091308,58177.0,,202009130was,18541.0,401220268,5333.0,7,7,-227.0,200.0,-5.5,-106.0,-104.0,41.5,-111.0,-100.0,1,outdoors,grass,76.0,5.0,00-0032950,00-0035232,Carson Wentz,Dwayne Haskins,Doug Pederson,Ron Rivera,Brad Rogers,WAS00,FedExField
2020_02_LA_PHI,2020,REG,2,2020-09-20,Sunday,13:00,LA,37.0,PHI,19.0,Home,-18.0,56.0,0.0,2020092006,58191.0,,202009200phi,18555.0,401220261,5348.0,7,7,111.0,-123.0,2.0,-107.0,-103.0,46.0,-105.0,-106.0,0,outdoors,grass,62.0,12.0,00-0033106,00-0032950,Jared Goff,Carson Wentz,Sean McVay,Doug Pederson,Brad Allen,PHI00,Lincoln Financial Field
2020_03_CIN_PHI,2020,REG,3,2020-09-27,Sunday,13:00,CIN,23.0,PHI,23.0,Home,0.0,46.0,1.0,2020092706,58207.0,,202009270phi,18571.0,401220264,5359.0,10,7,205.0,-233.0,5.5,-105.0,-105.0,46.5,100.0,-112.0,0,outdoors,grass,76.0,5.0,00-0036442,00-0032950,Joe Burrow,Carson Wentz,Zac Taylor,Doug Pederson,Adrian Hill,PHI00,Lincoln Financial Field
2020_04_PHI_SF,2020,REG,4,2020-10-04,Sunday,20:20,PHI,25.0,SF,20.0,Home,-5.0,45.0,0.0,2020100413,58230.0,,202010040sfo,18594.0,401220355,5387.0,7,7,273.0,-320.0,8.5,-116.0,105.0,45.5,-108.0,-103.0,0,outdoors,grass,84.0,12.0,00-0032950,00-0033319,Carson Wentz,Nick Mullens,Doug Pederson,Kyle Shanahan,Bill Vinovich,SFO01,Levi's Stadium
2020_05_PHI_PIT,2020,REG,5,2020-10-11,Sunday,13:00,PHI,29.0,PIT,38.0,Home,9.0,67.0,0.0,2020101106,58239.0,,202010110pit,18603.0,401220175,5398.0,7,14,312.0,-372.0,7.5,-103.0,-107.0,44.0,-107.0,-104.0,0,outdoors,grass,70.0,4.0,00-0032950,00-0022924,Carson Wentz,Ben Roethlisberger,Doug Pederson,Mike Tomlin,Ronald Torbert,PIT00,Heinz Field
2020_06_BAL_PHI,2020,REG,6,2020-10-18,Sunday,13:00,BAL,30.0,PHI,28.0,Home,-2.0,58.0,0.0,2020101805,58253.0,,202010180phi,18616.0,401220263,5406.0,7,7,-422.0,348.0,-10.5,108.0,-119.0,46.5,-104.0,-107.0,0,outdoors,grass,61.0,7.0,00-0034796,00-0032950,Lamar Jackson,Carson Wentz,John Harbaugh,Doug Pederson,Shawn Smith,PHI00,Lincoln Financial Field
2020_07_NYG_PHI,2020,REG,7,2020-10-22,Thursday,20:20,NYG,21.0,PHI,22.0,Home,1.0,43.0,0.0,2020102200,58261.0,,202010220phi,18624.0,401220259,5418.0,4,4,197.0,-223.0,5.0,-109.0,-101.0,44.5,-107.0,-104.0,1,outdoors,grass,70.0,4.0,00-0035710,00-0032950,Daniel Jones,Carson Wentz,Joe Judge,Doug Pederson,Adrian Hill,PHI00,Lincoln Financial Field
2020_08_DAL_PHI,2020,REG,8,2020-11-01,Sunday,20:20,DAL,9.0,PHI,23.0,Home,14.0,32.0,0.0,2020110110,58286.0,,202011010phi,18650.0,401220258,5443.0,7,10,335.0,-403.0,10.0,-100.0,-110.0,43.0,-105.0,-106.0,1,outdoors,grass,49.0,17.0,00-0036384,00-0032950,Ben DiNucci,Carson Wentz,Mike McCarthy,Doug Pederson,Jerome Boger,PHI00,Lincoln Financial Field
2020_10_PHI_NYG,2020,REG,10,2020-11-15,Sunday,13:00,PHI,17.0,NYG,27.0,Home,10.0,44.0,0.0,2020111504,58307.0,,202011150nyg,18671.0,401220251,5463.0,14,7,-219.0,194.0,-4.5,-106.0,-104.0,45.0,102.0,-113.0,1,outdoors,fieldturf,56.0,18.0,00-0032950,00-0035710,Carson Wentz,Daniel Jones,Doug Pederson,Joe Judge,Clay Martin,NYC01,MetLife Stadium
2020_11_PHI_CLE,2020,REG,11,2020-11-22,Sunday,13:00,PHI,17.0,CLE,22.0,Home,5.0,39.0,0.0,2020112202,58319.0,,202011220cle,18683.0,401220167,5479.0,7,7,122.0,-135.0,2.5,-104.0,-106.0,45.5,-109.0,-103.0,0,outdoors,grass,38.0,8.0,00-0032950,00-0034855,Carson Wentz,Baker Mayfield,Doug Pederson,Kevin Stefanski,Adrian Hill,CLE00,FirstEnergy Stadium
2020_12_SEA_PHI,2020,REG,12,2020-11-30,Monday,20:15,SEA,23.0,PHI,17.0,Home,-6.0,40.0,0.0,2020113000,58344.0,,202011300phi,18708.0,401220262,5501.0,11,8,-274.0,237.0,-6.5,-106.0,-104.0,50.0,-108.0,-103.0,0,outdoors,grass,60.0,16.0,00-0029263,00-0032950,Russell Wilson,Carson Wentz,Pete Carroll,Doug Pederson,Brad Allen,PHI00,Lincoln Financial Field
2020_13_PHI_GB,2020,REG,13,2020-12-06,Sunday,16:25,PHI,16.0,GB,30.0,Home,14.0,46.0,0.0,2020120610,58356.0,,202012060gnb,18720.0,401220297,5514.0,6,7,328.0,-393.0,8.0,-102.0,-108.0,50.0,-107.0,-104.0,0,outdoors,grass,34.0,9.0,00-0032950,00-0023459,Carson Wentz,Aaron Rodgers,Doug Pederson,Matt LaFleur,Bill Vinovich,GNB00,Lambeau Field
2020_14_NO_PHI,2020,REG,14,2020-12-13,Sunday,16:25,NO,21.0,PHI,24.0,Home,3.0,45.0,0.0,2020121311,58372.0,,202012130phi,18736.0,401220265,5529.0,7,7,-335.0,284.0,-7.5,-104.0,-106.0,43.0,-106.0,-105.0,0,outdoors,grass,57.0,10.0,00-0033357,00-0036389,Taysom Hill,Jalen Hurts,Sean Payton,Doug Pederson,Jerome Boger,PHI00,Lincoln Financial Field
2020_15_PHI_ARI,2020,REG,15,2020-12-20,Sunday,16:05,PHI,26.0,ARI,33.0,Home,7.0,59.0,0.0,2020122011,58388.0,,202012200crd,18752.0,401220339,5545.0,7,7,226.0,-259.0,6.5,-114.0,103.0,49.5,-103.0,-108.0,0,closed,grass,,,00-0036389,00-0035228,Jalen Hurts,Kyler Murray,Doug Pederson,Kliff Kingsbury,Craig Wrolstad,PHO00,State Farm Stadium
2020_16_PHI_DAL,2020,REG,16,2020-12-27,Sunday,16:25,PHI,17.0,DAL,37.0,Home,20.0,54.0,0.0,2020122712,58405.0,,202012270dal,18769.0,401220243,5562.0,7,7,-166.0,149.0,-3.0,-115.0,104.0,50.0,-103.0,-108.0,1,closed,fieldturf,,,00-0036389,00-0027973,Jalen Hurts,Andy Dalton,Doug Pederson,Mike McCarthy,Adrian Hill,DAL00,AT&T Stadium
2020_17_WAS_PHI,2020,REG,17,2021-01-03,Sunday,20:20,WAS,20.0,PHI,14.0,Home,-6.0,34.0,0.0,2021010309,58417.0,,202101030phi,18783.0,401220260,5577.0,7,7,-283.0,245.0,-6.5,-109.0,-101.0,43.5,101.0,-112.0,1,outdoors,grass,38.0,10.0,00-0023436,00-0036389,Alex Smith,Jalen Hurts,Ron Rivera,Doug Pederson,Ronald Torbert,PHI00,Lincoln Financial Field
2021_01_PHI_ATL,2021,REG,1,2021-09-12,Sunday,13:00,PHI,32.0,ATL,6.0,Home,-26.0,38.0,0.0,2021091200,58504.0,10160000-0585-0480-6b01-c3eef69858d5,202109120atl,19609.0,401326315,5600.0,7,7,161.0,-180.0,3.5,-109.0,-101.0,49.0,-108.0,-103.0,0,open,fieldturf,,,00-0036389,00-0026143,Jalen Hurts,Matt Ryan,Nick Sirianni,Arthur Smith,Scott Novak,ATL97,Mercedes-Benz Stadium
2021_02_SF_PHI,2021,REG,2,2021-09-19,Sunday,13:00,SF,17.0,PHI,11.0,Home,-6.0,28.0,0.0,2021091907,58527.0,10160000-0585-2755-bf00-5e03f6c3e401,202109190phi,19633.0,401326355,5618.0,7,7,-144.0,130.0,-3.0,104.0,-115.0,49.0,-109.0,-102.0,0,outdoors,grass ,76.0,13.0,00-0031345,00-0036389,Jimmy Garoppolo,Jalen Hurts,Kyle Shanahan,Nick Sirianni,Brad Allen,PHI00,Lincoln Financial Field
2021_03_PHI_DAL,2021,REG,3,2021-09-27,Monday,20:15,PHI,21.0,DAL,41.0,Home,20.0,62.0,0.0,2021092700,58550.0,10160000-0585-50bd-5f3e-7e78e013c657,202109270dal,19655.0,401326378,5641.0,8,8,168.0,-189.0,3.5,-103.0,-107.0,51.5,-110.0,-101.0,1,open,matrixturf,,,00-0036389,00-0033077,Jalen Hurts,Dak Prescott,Nick Sirianni,Mike McCarthy,Brad Rogers,DAL00,AT&T Stadium
2021_04_KC_PHI,2021,REG,4,2021-10-03,Sunday,13:00,KC,42.0,PHI,30.0,Home,-12.0,72.0,0.0,2021100308,58560.0,10160000-0585-6048-828c-1c7bc8282794,202110030phi,19665.0,401326388,5645.0,7,6,-349.0,296.0,-7.5,101.0,-112.0,53.5,-105.0,-106.0,0,outdoors,grass ,73.0,8.0,00-0033873,00-0036389,Patrick Mahomes,Jalen Hurts,Andy Reid,Nick Sirianni,Land Clark,PHI00,Lincoln Financial Field
2021_05_PHI_CAR,2021,REG,5,2021-10-10,Sunday,13:00,PHI,21.0,CAR,18.0,Home,-3.0,39.0,0.0,2021101001,58569.0,10160000-0585-69be-713a-a1788abeb872,202110100car,19680.0,401326396,5664.0,7,7,126.0,-139.0,2.5,104.0,-114.0,46.0,-106.0,-105.0,0,outdoors,grass ,76.0,13.0,00-0036389,00-0034869,Jalen Hurts,Sam Darnold,Nick Sirianni,Matt Rhule,Shawn Hochuli,CAR00,Bank of America Stadium
2021_06_TB_PHI,2021,REG,6,2021-10-14,Thursday,20:20,TB,28.0,PHI,22.0,Home,-6.0,50.0,0.0,2021101400,58583.0,10160000-0585-83ea-df72-197ac0e03827,202110140phi,19688.0,401326410,5674.0,4,4,-274.0,238.0,-7.0,103.0,-114.0,53.0,-107.0,-104.0,0,outdoors,grass ,74.0,8.0,00-0019596,00-0036389,Tom Brady,Jalen Hurts,Bruce Arians,Nick Sirianni,Clay Martin,PHI00,Lincoln Financial Field
2021_07_PHI_LV,2021,REG,7,2021-10-24,Sunday,16:05,PHI,22.0,LV,33.0,Home,11.0,55.0,0.0,2021102407,58605.0,10160000-0586-05bf-6d9a-b4b38499b047,202110240rai,19709.0,401326431,5695.0,10,7,-102.0,-108.0,1.0,-109.0,-101.0,48.0,-106.0,-105.0,0,dome,grass,,,00-0036389,00-0031280,Jalen Hurts,Derek Carr,Nick Sirianni,Rich Bisaccia,Clete Blakeman,VEG00,Allegiant Stadium
2021_08_PHI_DET,2021,REG,8,2021-10-31,Sunday,13:00,PHI,44.0,DET,6.0,Home,-38.0,50.0,0.0,2021103104,58615.0,10160000-0586-156a-46a9-a2c42dfd5cc3,202110310det,19720.0,401326441,5702.0,7,7,-168.0,151.0,-3.0,-116.0,105.0,48.5,-110.0,-101.0,0,dome,fieldturf,,,00-0036389,00-0033106,Jalen Hurts,Jared Goff,Nick Sirianni,Dan Campbell,Tony Corrente,DET00,Ford Field
2021_09_LAC_PHI,2021,REG,9,2021-11-07,Sunday,16:05,LAC,27.0,PHI,24.0,Home,-3.0,51.0,0.0,2021110708,58634.0,10160000-0586-349c-8704-efc78e75a1c5,202111070phi,19739.0,401326460,5725.0,7,7,-106.0,-104.0,-1.0,-101.0,-110.0,49.5,-105.0,-106.0,0,outdoors,grass ,54.0,11.0,00-0036355,00-0036389,Justin Herbert,Jalen Hurts,Brandon Staley,Nick Sirianni,Jerome Boger,PHI00,Lincoln Financial Field
2021_10_PHI_DEN,2021,REG,10,2021-11-14,Sunday,16:25,PHI,30.0,DEN,13.0,Home,-17.0,43.0,0.0,2021111409,58649.0,10160000-0586-49dc-905a-b3b21334e565,202111140den,19754.0,401326475,5740.0,7,7,101.0,-111.0,1.0,-108.0,-102.0,44.5,-103.0,-108.0,0,outdoors,grass ,57.0,19.0,00-0036389,00-0031237,Jalen Hurts,Teddy Bridgewater,Nick Sirianni,Vic Fangio,Shawn Hochuli,DEN00,Empower Field at Mile High
2021_11_NO_PHI,2021,REG,11,2021-11-21,Sunday,13:00,NO,29.0,PHI,40.0,Home,11.0,69.0,0.0,2021112107,58661.0,10160000-0586-6126-ef76-9dc348c0ac76,202111210phi,19765.0,401326487,5753.0,7,7,130.0,-144.0,2.5,106.0,-117.0,42.5,-111.0,-100.0,0,outdoors,grass ,51.0,4.0,00-0032156,00-0036389,Trevor Siemian,Jalen Hurts,Sean Payton,Nick Sirianni,Scott Novak,PHI00,Lincoln Financial Field
2021_12_PHI_NYG,2021,REG,12,2021-11-28,Sunday,13:00,PHI,7.0,NYG,13.0,Home,6.0,20.0,0.0,2021112806,58677.0,10160000-0586-7761-460f-d58911fcbaf8,202111280nyg,19781.0,401326503,5762.0,7,6,-192.0,171.0,-4.0,100.0,-110.0,45.5,-107.0,-104.0,1,outdoors,fieldturf,39.0,4.0,00-0036389,00-0035710,Jalen Hurts,Daniel Jones,Nick Sirianni,Joe Judge,Ron Torbert,NYC01,MetLife Stadium
2021_13_PHI_NYJ,2021,REG,13,2021-12-05,Sunday,13:00,PHI,33.0,NYJ,18.0,Home,-15.0,51.0,0.0,2021120507,58691.0,10160000-0586-9135-3093-1de4bc7b6eee,202112050nyj,19795.0,401326517,5779.0,7,7,-199.0,177.0,-5.0,102.0,-113.0,44.0,-102.0,-109.0,0,outdoors,fieldturf,45.0,0.0,00-0035289,00-0037013,Gardner Minshew,Zach Wilson,Nick Sirianni,Robert Saleh,Clay Martin,NYC01,MetLife Stadium
2021_15_WAS_PHI,2021,REG,15,2021-12-21,Tuesday,19:00,WAS,17.0,PHI,27.0,Home,10.0,44.0,0.0,2021122100,58716.0,10160000-0587-1616-bba3-a032cdcaf364,202112210phi,19821.0,401326542,5816.0,7,14,380.0,-465.0,10.0,-101.0,-110.0,39.5,-110.0,-101.0,1,outdoors,grass,42.0,7.0,00-0031395,00-0036389,Garrett Gilbert,Jalen Hurts,Ron Rivera,Nick Sirianni,Tony Corrente,PHI00,Lincoln Financial Field
2021_16_NYG_PHI,2021,REG,16,2021-12-26,Sunday,13:00,NYG,10.0,PHI,34.0,Home,24.0,44.0,0.0,2021122607,58737.0,10160000-0587-3776-9931-235b69c230b5,202112260phi,19840.0,401326563,5828.0,7,7,416.0,-529.0,11.0,-108.0,-103.0,41.0,-105.0,-106.0,1,outdoors,grass,53.0,9.0,00-0036197,00-0036389,Jake Fromm,Jalen Hurts,Joe Judge,Nick Sirianni,Land Clark,PHI00,Lincoln Financial Field
2021_17_PHI_WAS,2021,REG,17,2022-01-02,Sunday,13:00,PHI,20.0,WAS,16.0,Home,-4.0,36.0,0.0,2022010209,58752.0,10160000-0587-5263-2a5a-cea2c80c7757,202201020was,19855.0,401326578,5836.0,7,7,-238.0,206.0,-6.5,103.0,-115.0,44.5,102.0,-113.0,1,outdoors,grass,62.0,4.0,00-0036389,00-0031800,Jalen Hurts,Taylor Heinicke,Nick Sirianni,Ron Rivera,Clete Blakeman,WAS00,FedExField
2021_18_DAL_PHI,2021,REG,18,2022-01-08,Saturday,20:15,DAL,51.0,PHI,26.0,Home,-25.0,77.0,0.0,2022010801,58769.0,10160000-0587-6915-0b87-18602d47111f,202201080phi,19873.0,401326595,5851.0,7,7,-300.0,235.0,-6.5,-110.0,-110.0,46.0,-110.0,-110.0,1,outdoors,grass,31.0,8.0,00-0033077,00-0035289,Dak Prescott,Gardner Minshew,Mike McCarthy,Nick Sirianni,Ron Torbert,PHI00,Lincoln Financial Field
2021_19_PHI_TB,2021,WC,19,2022-01-16,Sunday,13:00,PHI,15.0,TB,31.0,Home,16.0,46.0,0.0,2022011600,58826.0,,202201160tam,21525.0,401326630,5868.0,8,7,293.0,-352.0,7.5,-107.0,-104.0,45.5,100.0,-112.0,0,outdoors,grass,66.0,21.0,00-0036389,00-0019596,Jalen Hurts,Tom Brady,Nick Sirianni,Bruce Arians,Craig Wrolstad,TAM00,Raymond James Stadium
2022_01_PHI_DET,2022,REG,1,2022-09-11,Sunday,13:00,PHI,38.0,DET,35.0,Home,-3.0,73.0,0.0,2022091104,58843.0,,202209110det,,401437648,5884.0,7,7,-240.0,211.0,-6.0,-110.0,-100.0,49.0,-117.0,104.0,0,dome,fieldturf,,,00-0036389,00-0033106,Jalen Hurts,Jared Goff,Nick Sirianni,Dan Campbell,Brad Allen,DET00,Ford Field
2022_02_MIN_PHI,2022,REG,2,2022-09-19,Monday,20:30,MIN,7.0,PHI,24.0,Home,17.0,31.0,0.0,2022091901,58869.0,,202209190phi,,401436832,5910.0,8,8,127.0,-141.0,2.5,106.0,-117.0,49.5,-115.0,102.0,0,outdoors,grass,,,00-0029604,00-0036389,Kirk Cousins,Jalen Hurts,Kevin O'Connell,Nick Sirianni,Scott Novak,PHI00,Lincoln Financial Field
2022_03_PHI_WAS,2022,REG,3,2022-09-25,Sunday,13:00,PHI,24.0,WAS,8.0,Home,-16.0,32.0,0.0,2022092508,58879.0,,202209250was,,401437742,5920.0,6,7,-240.0,210.0,-6.0,102.0,-112.0,47.0,-101.0,-111.0,1,outdoors,grass,,,00-0036389,00-0032950,Jalen Hurts,Carson Wentz,Nick Sirianni,Ron Rivera,Ron Torbert,WAS00,FedExField
2022_04_JAX_PHI,2022,REG,4,2022-10-02,Sunday,13:00,JAX,21.0,PHI,29.0,Home,8.0,50.0,0.0,2022100209,58895.0,,202210020phi,,401437756,5936.0,7,7,223.0,-256.0,6.5,-109.0,-102.0,44.0,-102.0,-111.0,0,outdoors,grass,,,00-0036971,00-0036389,Trevor Lawrence,Jalen Hurts,Doug Pederson,Nick Sirianni,Shawn Hochuli,PHI00,Lincoln Financial Field
2022_05_PHI_ARI,2022,REG,5,2022-10-09,Sunday,16:25,PHI,20.0,ARI,17.0,Home,-3.0,37.0,0.0,2022100911,58914.0,,202210090crd,,401437773,5955.0,7,7,-222.0,196.0,-5.5,101.0,-111.0,48.5,101.0,-113.0,0,closed,grass,,,00-0036389,00-0035228,Jalen Hurts,Kyler Murray,Nick Sirianni,Kliff Kingsbury,Tra Blake,PHO00,State Farm Stadium
2022_06_DAL_PHI,2022,REG,6,2022-10-16,Sunday,20:20,DAL,17.0,PHI,26.0,Home,9.0,43.0,0.0,2022101611,58930.0,,202210160phi,,401437789,5971.0,7,7,252.0,-292.0,6.5,109.0,-120.0,42.5,-104.0,-108.0,1,outdoors,grass,,,00-0033662,00-0036389,Cooper Rush,Jalen Hurts,Mike McCarthy,Nick Sirianni,John Hussey,PHI00,Lincoln Financial Field
2022_08_PIT_PHI,2022,REG,8,2022-10-30,Sunday,13:00,PIT,13.0,PHI,35.0,Home,22.0,48.0,0.0,2022103008,58954.0,,202210300phi,,401437812,5995.0,7,14,397.0,-490.0,11.0,102.0,-112.0,43.0,-110.0,-102.0,0,outdoors,grass,,,00-0038102,00-0036389,Kenny Pickett,Jalen Hurts,Mike Tomlin,Nick Sirianni,Clete Blakeman,PHI00,Lincoln Financial Field
2022_09_PHI_HOU,2022,REG,9,2022-11-03,Thursday,20:15,PHI,29.0,HOU,17.0,Home,-12.0,46.0,0.0,2022110300,58961.0,,202211030htx,,401437819,6002.0,4,4,-702.0,539.0,-14.0,102.0,-113.0,45.5,-112.0,-101.0,0,closed,astroturf,,,00-0036389,00-0036898,Jalen Hurts,Davis Mills,Nick Sirianni,Lovie Smith,Craig Wrolstad,HOU00,NRG Stadium
2022_10_WAS_PHI,2022,REG,10,2022-11-14,Monday,20:15,WAS,32.0,PHI,21.0,Home,-11.0,53.0,0.0,2022111400,58987.0,,202211140phi,,401437843,6028.0,8,11,405.0,-501.0,11.0,-107.0,-103.0,43.0,-103.0,-109.0,1,outdoors,grass,43.0,6.0,00-0031800,00-0036389,Taylor Heinicke,Jalen Hurts,Ron Rivera,Nick Sirianni,Alex Kemp,PHI00,Lincoln Financial Field
2022_11_PHI_IND,2022,REG,11,2022-11-20,Sunday,13:00,PHI,17.0,IND,16.0,Home,-1.0,33.0,0.0,2022112004,58993.0,,202211200clt,,401437849,6034.0,6,7,-270.0,235.0,-6.5,-108.0,-102.0,45.5,-103.0,-109.0,0,closed,fieldturf,,,00-0036389,00-0036879,Jalen Hurts,Sam Ehlinger,Nick Sirianni,Jeff Saturday,Land Clark,IND00,Lucas Oil Stadium
2022_12_GB_PHI,2022,REG,12,2022-11-27,Sunday,20:20,GB,33.0,PHI,40.0,Home,7.0,73.0,0.0,2022112711,59016.0,,202211270phi,,401437871,6057.0,10,7,241.0,-278.0,6.5,-105.0,-105.0,46.0,-106.0,-106.0,0,outdoors,grass,62.0,24.0,00-0023459,00-0036389,Aaron Rodgers,Jalen Hurts,Matt LaFleur,Nick Sirianni,Shawn Smith,PHI00,Lincoln Financial Field
2022_13_TEN_PHI,2022,REG,13,2022-12-04,Sunday,13:00,TEN,10.0,PHI,35.0,Home,25.0,45.0,0.0,2022120407,59026.0,,202212040phi,,401437881,6067.0,7,7,189.0,-213.0,5.0,-109.0,-101.0,44.5,101.0,-114.0,0,outdoors,grass,60.0,7.0,00-0029701,00-0036389,Ryan Tannehill,Jalen Hurts,Mike Vrabel,Nick Sirianni,Adrian Hill,PHI00,Lincoln Financial Field
2022_14_PHI_NYG,2022,REG,14,2022-12-11,Sunday,13:00,PHI,48.0,NYG,22.0,Home,-26.0,70.0,0.0,2022121104,59038.0,,202212110nyg,,401437893,6079.0,7,7,-302.0,260.0,-7.5,104.0,-115.0,44.5,-109.0,-103.0,1,outdoors,fieldturf,37.0,6.0,00-0036389,00-0035710,Jalen Hurts,Daniel Jones,Nick Sirianni,Brian Daboll,Clete Blakeman,NYC01,MetLife Stadium
2022_15_PHI_CHI,2022,REG,15,2022-12-18,Sunday,13:00,PHI,25.0,CHI,20.0,Home,-5.0,45.0,0.0,2022121801,59053.0,,202212180chi,,401437908,6094.0,7,14,-386.0,323.0,-8.5,-104.0,-106.0,48.0,-110.0,-103.0,0,outdoors,grass,17.0,17.0,00-0036389,00-0036945,Jalen Hurts,Justin Fields,Nick Sirianni,Matt Eberflus,Brad Rogers,CHI98,Soldier Field
2022_16_PHI_DAL,2022,REG,16,2022-12-24,Saturday,16:25,PHI,34.0,DAL,40.0,Home,6.0,74.0,0.0,2022122409,59072.0,,202212240dal,,401437927,6113.0,6,6,178.0,-200.0,4.0,-104.0,-106.0,48.0,-112.0,-101.0,1,closed,matrixturf,,,00-0035289,00-0033077,Gardner Minshew,Dak Prescott,Nick Sirianni,Mike McCarthy,Alex Kemp,DAL00,AT&T Stadium
2022_17_NO_PHI,2022,REG,17,2023-01-01,Sunday,13:00,NO,20.0,PHI,10.0,Home,-10.0,30.0,0.0,2023010107,59086.0,,202301010phi,,401437940,6127.0,8,8,198.0,-225.0,5.5,-110.0,-100.0,41.5,101.0,-113.0,0,outdoors,grass,54.0,11.0,00-0027973,00-0035289,Andy Dalton,Gardner Minshew,Dennis Allen,Nick Sirianni,Jerome Boger,PHI00,Lincoln Financial Field
2022_18_NYG_PHI,2022,REG,18,2023-01-08,Sunday,16:25,NYG,16.0,PHI,22.0,Home,6.0,38.0,0.0,2023010809,59103.0,,202301080phi,,401437957,6144.0,7,7,858.0,-1252.0,16.5,-103.0,-107.0,42.5,-105.0,-107.0,1,outdoors,grass,43.0,12.0,00-0033550,00-0036389,Davis Webb,Jalen Hurts,Brian Daboll,Nick Sirianni,Carl Cheffers,PHI00,Lincoln Financial Field
2022_20_NYG_PHI,2022,DIV,20,2023-01-21,Saturday,20:15,NYG,7.0,PHI,38.0,Home,31.0,45.0,0.0,2023012101,59166.0,,202301210phi,,401438004,6158.0,6,13,304.0,-360.0,8.0,101.0,-111.0,48.0,-113.0,101.0,1,outdoors,grass,40.0,6.0,00-0035710,00-0036389,Daniel Jones,Jalen Hurts,Brian Daboll,Nick Sirianni,Clete Blakeman,PHI00,Lincoln Financial Field
2022_21_SF_PHI,2022,CON,21,2023-01-29,Sunday,15:00,SF,7.0,PHI,31.0,Home,24.0,38.0,0.0,2023012900,59169.0,,202301290phi,,401438009,6161.0,7,8,133.0,-147.0,2.5,105.0,-116.0,45.0,-114.0,101.0,0,outdoors,grass,52.0,14.0,00-0037834,00-0036389,Brock Purdy,Jalen Hurts,Kyle Shanahan,Nick Sirianni,John Hussey,PHI00,Lincoln Financial Field
2022_22_KC_PHI,2022,SB,22,2023-02-12,Sunday,18:30,KC,38.0,PHI,35.0,Neutral,-3.0,73.0,0.0,2023021200,59171.0,,202302120phi,,401438030,6163.0,14,14,104.0,-115.0,1.0,-103.0,-107.0,51.0,-104.0,-108.0,0,closed,grass,,,00-0033873,00-0036389,Patrick Mahomes,Jalen Hurts,Andy Reid,Nick Sirianni,Carl Cheffers,PHO00,State Farm Stadium
2023_01_PHI_NE,2023,REG,1,2023-09-10,Sunday,16:25,PHI,25.0,NE,20.0,Home,-5.0,45.0,0.0,2023091011,59185.0,,202309100nwe,,401547402,,7,7,-185.0,154.0,-3.5,-110.0,-110.0,44.5,-112.0,-108.0,0,outdoors,,,,00-0036389,00-0036972,Jalen Hurts,Mac Jones,Nick Sirianni,Bill Belichick,Shawn Hochuli,BOS00,Gillette Stadium
2023_02_MIN_PHI,2023,REG,2,2023-09-14,Thursday,20:15,MIN,28.0,PHI,34.0,Home,6.0,62.0,0.0,2023091400,59189.0,,202309140phi,,401547410,,4,4,195.0,-238.0,6.0,-110.0,-110.0,49.0,-110.0,-110.0,0,outdoors,,,,00-0029604,00-0036389,Kirk Cousins,Jalen Hurts,Kevin O'Connell,Nick Sirianni,Clay Martin,PHI00,Lincoln Financial Field
2023_03_PHI_TB,2023,REG,3,2023-09-25,Monday,19:15,PHI,25.0,TB,11.0,Home,-14.0,36.0,0.0,2023092500,59219.0,,202309250tam,,401547440,,11,8,-258.0,210.0,-6.0,-110.0,-110.0,44.0,-108.0,-112.0,0,outdoors,grass,90.0,4.0,00-0036389,00-0034855,Jalen Hurts,Baker Mayfield,Nick Sirianni,Todd Bowles,Adrian Hill,TAM00,Raymond James Stadium
2023_04_WAS_PHI,2023,REG,4,2023-10-01,Sunday,13:00,WAS,31.0,PHI,34.0,Home,3.0,65.0,1.0,2023100108,59230.0,,202310010phi,,401547451,,7,6,350.0,-455.0,9.5,-110.0,-110.0,43.0,-110.0,-110.0,1,outdoors,grass,,,00-0037077,00-0036389,Sam Howell,Jalen Hurts,Ron Rivera,Nick Sirianni,Ron Torbert,PHI00,Lincoln Financial Field
2023_05_PHI_LA,2023,REG,5,2023-10-08,Sunday,16:05,PHI,23.0,LA,14.0,Home,-9.0,37.0,0.0,2023100808,59246.0,,202310080ram,,401547467,,7,7,-192.0,160.0,-3.5,-110.0,-110.0,50.5,-110.0,-110.0,0,dome,matrixturf,,,00-0036389,00-0026498,Jalen Hurts,Matthew Stafford,Nick Sirianni,Sean McVay,Bill Vinovich,LAX01,SoFi Stadium
2023_06_PHI_NYJ,2023,REG,6,2023-10-15,Sunday,16:25,PHI,14.0,NYJ,20.0,Home,6.0,34.0,0.0,2023101511,59263.0,,202310150nyj,,401547480,,7,7,-305.0,245.0,-6.5,-115.0,-105.0,43.0,-105.0,-115.0,0,outdoors,fieldturf,59.0,11.0,00-0036389,00-0037013,Jalen Hurts,Zach Wilson,Nick Sirianni,Robert Saleh,Scott Novak,NYC01,MetLife Stadium
2023_07_MIA_PHI,2023,REG,7,2023-10-22,Sunday,20:20,MIA,17.0,PHI,31.0,Home,14.0,48.0,0.0,2023102210,59277.0,,202310220phi,,401547494,,7,7,130.0,-155.0,3.0,-112.0,-108.0,52.0,-110.0,-110.0,0,outdoors,grass,55.0,17.0,00-0036212,00-0036389,Tua Tagovailoa,Jalen Hurts,Mike McDaniel,Nick Sirianni,Brad Allen,PHI00,Lincoln Financial Field
2023_08_PHI_WAS,2023,REG,8,2023-10-29,Sunday,13:00,PHI,38.0,WAS,31.0,Home,-7.0,69.0,0.0,2023102908,59288.0,,202310290was,,401547508,,7,7,-305.0,245.0,-7.0,-110.0,-110.0,42.5,-110.0,-110.0,1,outdoors,grass,69.0,4.0,00-0036389,00-0037077,Jalen Hurts,Sam Howell,Nick Sirianni,Ron Rivera,Carl Cheffers,WAS00,FedExField
2023_09_DAL_PHI,2023,REG,9,2023-11-05,Sunday,16:25,DAL,23.0,PHI,28.0,Home,5.0,51.0,0.0,2023110510,59306.0,,202311050phi,,401547522,,7,7,145.0,-175.0,3.5,-118.0,-102.0,46.5,-110.0,-110.0,1,outdoors,grass,64.0,6.0,00-0033077,00-0036389,Dak Prescott,Jalen Hurts,Mike McCarthy,Nick Sirianni,Tra Blake,PHI00,Lincoln Financial Field
2023_11_PHI_KC,2023,REG,11,2023-11-20,Monday,20:15,PHI,21.0,KC,17.0,Home,-4.0,38.0,0.0,2023112000,59336.0,,202311200kan,,401547345,,15,15,124.0,-148.0,2.5,100.0,-120.0,46.0,-108.0,-112.0,0,outdoors,grass,45.0,12.0,00-0036389,00-0033873,Jalen Hurts,Patrick Mahomes,Nick Sirianni,Andy Reid,Shawn Smith,KAN00,GEHA Field at Arrowhead Stadium
2023_12_BUF_PHI,2023,REG,12,2023-11-26,Sunday,16:25,BUF,34.0,PHI,37.0,Home,3.0,71.0,1.0,2023112609,59350.0,,202311260phi,,401547558,,7,6,124.0,-148.0,2.5,-105.0,-115.0,49.0,-108.0,-112.0,0,outdoors,grass,47.0,6.0,00-0034857,00-0036389,Josh Allen,Jalen Hurts,Sean McDermott,Nick Sirianni,Shawn Hochuli,PHI00,Lincoln Financial Field
2023_13_SF_PHI,2023,REG,13,2023-12-03,Sunday,16:25,SF,42.0,PHI,19.0,Home,-23.0,61.0,0.0,2023120309,59363.0,,202312030phi,,401547276,,10,7,-148.0,124.0,-3.0,-105.0,-115.0,46.5,-108.0,-112.0,0,outdoors,grass,52.0,44.0,00-0037834,00-0036389,Brock Purdy,Jalen Hurts,Kyle Shanahan,Nick Sirianni,Alex Kemp,PHI00,Lincoln Financial Field
2023_14_PHI_DAL,2023,REG,14,2023-12-10,Sunday,20:20,PHI,13.0,DAL,33.0,Home,20.0,46.0,0.0,2023121011,59378.0,,202312100dal,,401547590,,7,10,145.0,-175.0,3.5,-118.0,-102.0,52.5,-110.0,-110.0,1,closed,matrixturf,,,00-0036389,00-0033077,Jalen Hurts,Dak Prescott,Nick Sirianni,Mike McCarthy,John Hussey,DAL00,AT&T Stadium
2023_15_PHI_SEA,2023,REG,15,2023-12-18,Monday,20:15,PHI,17.0,SEA,20.0,Home,3.0,37.0,0.0,2023121801,59394.0,,202312180sea,,401547601,,8,8,-238.0,195.0,-5.0,-120.0,100.0,46.0,-112.0,-108.0,0,outdoors,fieldturf,46.0,2.0,00-0036389,00-0035704,Jalen Hurts,Drew Lock,Nick Sirianni,Pete Carroll,Clay Martin,SEA00,Lumen Field
2023_16_NYG_PHI,2023,REG,16,2023-12-25,Monday,16:30,NYG,25.0,PHI,33.0,Home,8.0,58.0,0.0,2023122501,59411.0,,202312250phi,,401547241,,8,7,600.0,-900.0,14.0,-112.0,-108.0,41.0,-108.0,-112.0,1,outdoors,grass,51.0,5.0,00-0038476,00-0036389,Tommy DeVito,Jalen Hurts,Brian Daboll,Nick Sirianni,Ron Torbert,PHI00,Lincoln Financial Field
2023_17_ARI_PHI,2023,REG,17,2023-12-31,Sunday,13:00,ARI,35.0,PHI,31.0,Home,-4.0,66.0,0.0,2023123108,59422.0,,202312310phi,,401547633,,7,6,525.0,-750.0,12.0,-110.0,-110.0,48.0,-110.0,-110.0,0,outdoors,grass,45.0,9.0,00-0035228,00-0036389,Kyler Murray,Jalen Hurts,Jonathan Gannon,Nick Sirianni,Bill Vinovich,PHI00,Lincoln Financial Field
2023_18_PHI_NYG,2023,REG,18,2024-01-07,Sunday,16:25,PHI,10.0,NYG,27.0,Home,17.0,37.0,0.0,2024010711,59441.0,,202401070nyg,,401547650,,7,7,-238.0,190.0,-4.5,-112.0,-108.0,43.0,-105.0,-115.0,1,outdoors,fieldturf,36.0,12.0,00-0036389,00-0028118,Jalen Hurts,Tyrod Taylor,Nick Sirianni,Brian Daboll,Craig Wrolstad,NYC01,MetLife Stadium
2023_19_PHI_TB,2023,WC,19,2024-01-15,Monday,20:00,PHI,9.0,TB,32.0,Home,23.0,41.0,0.0,2024011500,59499.0,,202401150tam,,401547754,,8,8,-162.0,136.0,-2.5,-125.0,105.0,43.0,-102.0,-118.0,0,outdoors,grass,65.0,2.0,00-0036389,00-0034855,Jalen Hurts,Baker Mayfield,Nick Sirianni,Todd Bowles,Adrian Hill,TAM00,Raymond James Stadium
2024_01_GB_PHI,2024,REG,1,2024-09-06,Friday,20:15,GB,29.0,PHI,34.0,Neutral,5.0,63.0,0.0,2024090600,59509.0,,202409060phi,,401671805,6450.0,7,7,110.0,-130.0,2.0,-110.0,-110.0,49.5,-112.0,-108.0,0,outdoors,,,,00-0036264,00-0036389,Jordan Love,Jalen Hurts,Matt LaFleur,Nick Sirianni,Ron Torbert,SAO00,Arena Corinthians
2024_02_ATL_PHI,2024,REG,2,2024-09-16,Monday,20:15,ATL,22.0,PHI,21.0,Home,-1.0,43.0,0.0,2024091600,59539.0,,202409160phi,,401671691,6480.0,8,10,215.0,-265.0,5.5,-105.0,-115.0,46.5,-110.0,-110.0,0,outdoors,grass,71.0,9.0,00-0029604,00-0036389,Kirk Cousins,Jalen Hurts,Raheem Morris,Nick Sirianni,Craig Wrolstad,PHI00,Lincoln Financial Field
2024_03_PHI_NO,2024,REG,3,2024-09-22,Sunday,13:00,PHI,15.0,NO,12.0,Home,-3.0,27.0,0.0,2024092203,59544.0,,202409220nor,,401671736,6485.0,6,7,120.0,-142.0,2.5,-105.0,-115.0,49.0,-110.0,-110.0,0,dome,sportturf,,,00-0036389,00-0031280,Jalen Hurts,Derek Carr,Nick Sirianni,Dennis Allen,Scott Novak,NOR00,Mercedes-Benz Superdome
2024_04_PHI_TB,2024,REG,4,2024-09-29,Sunday,13:00,PHI,16.0,TB,33.0,Home,17.0,49.0,0.0,2024092907,59564.0,,202409290tam,,401671740,6505.0,7,7,-115.0,-105.0,-1.0,-110.0,-110.0,42.0,-108.0,-112.0,0,outdoors,grass,88.0,9.0,00-0036389,00-0034855,Jalen Hurts,Baker Mayfield,Nick Sirianni,Todd Bowles,Carl Cheffers,TAM00,Raymond James Stadium
2024_06_CLE_PHI,2024,REG,6,2024-10-13,Sunday,13:00,CLE,16.0,PHI,20.0,Home,4.0,36.0,0.0,2024101305,59592.0,,202410130phi,,401671714,6533.0,7,14,330.0,-425.0,8.0,-108.0,-112.0,42.0,-110.0,-110.0,0,outdoors,grass,82.0,10.0,00-0033537,00-0036389,Deshaun Watson,Jalen Hurts,Kevin Stefanski,Nick Sirianni,Shawn Hochuli,PHI00,Lincoln Financial Field
2024_07_PHI_NYG,2024,REG,7,2024-10-20,Sunday,13:00,PHI,28.0,NYG,3.0,Home,-25.0,31.0,0.0,2024102007,59608.0,,202410200nyg,,401671710,6549.0,7,7,-166.0,140.0,-3.0,-120.0,100.0,42.0,-110.0,-110.0,1,outdoors,fieldturf,71.0,4.0,00-0036389,00-0035710,Jalen Hurts,Daniel Jones,Nick Sirianni,Brian Daboll,Tra Blake,NYC01,MetLife Stadium
2024_08_PHI_CIN,2024,REG,8,2024-10-27,Sunday,13:00,PHI,37.0,CIN,17.0,Home,-20.0,54.0,0.0,2024102710,59626.0,,202410270cin,,401671667,6567.0,7,7,124.0,-148.0,2.5,100.0,-120.0,47.5,-108.0,-112.0,0,outdoors,fieldturf,59.0,6.0,00-0036389,00-0036442,Jalen Hurts,Joe Burrow,Nick Sirianni,Zac Taylor,John Hussey,CIN00,Paycor Stadium
2024_09_JAX_PHI,2024,REG,9,2024-11-03,Sunday,16:05,JAX,23.0,PHI,28.0,Home,5.0,51.0,0.0,2024110312,59644.0,,202411030phi,,401671797,6585.0,7,7,270.0,-340.0,7.5,-112.0,-108.0,46.0,-110.0,-110.0,0,outdoors,grass,57.0,6.0,00-0036971,00-0036389,Trevor Lawrence,Jalen Hurts,Doug Pederson,Nick Sirianni,Alan Eck,PHI00,Lincoln Financial Field
2024_10_PHI_DAL,2024,REG,10,2024-11-10,Sunday,16:25,PHI,34.0,DAL,6.0,Home,-28.0,40.0,0.0,2024111010,59657.0,,202411100dal,,401671676,6598.0,7,7,-360.0,285.0,-7.5,-108.0,-112.0,44.5,-110.0,-110.0,1,closed,matrixturf,,,00-0036389,00-0033662,Jalen Hurts,Cooper Rush,Nick Sirianni,Mike McCarthy,Alex Kemp,DAL00,AT&T Stadium
2024_11_WAS_PHI,2024,REG,11,2024-11-14,Thursday,20:15,WAS,18.0,PHI,26.0,Home,8.0,44.0,0.0,2024111400,59660.0,,202411140phi,,401671813,6601.0,4,4,190.0,-230.0,4.5,-110.0,-110.0,49.5,-110.0,-110.0,1,outdoors,grass,46.0,9.0,00-0032268,00-0036389,Marcus Mariota,Jalen Hurts,Dan Quinn,Nick Sirianni,Adrian Hill,PHI00,Lincoln Financial Field
2024_12_PHI_LA,2024,REG,12,2024-11-24,Sunday,20:20,PHI,37.0,LA,20.0,Home,-17.0,57.0,0.0,2024112410,59685.0,,202411240ram,,401671794,6626.0,10,7,-170.0,142.0,-3.0,-112.0,-108.0,49.0,-108.0,-112.0,0,dome,matrixturf,,,00-0036389,00-0026498,Jalen Hurts,Matthew Stafford,Nick Sirianni,Sean McVay,Land Clark,LAX01,SoFi Stadium
2024_13_PHI_BAL,2024,REG,13,2024-12-01,Sunday,16:25,PHI,24.0,BAL,19.0,Home,-5.0,43.0,0.0,2024120109,59700.0,,202412010rav,,401671666,6641.0,7,6,136.0,-162.0,3.0,-110.0,-110.0,50.0,-110.0,-110.0,0,outdoors,grass,41.0,7.0,00-0036389,00-0034796,Jalen Hurts,Lamar Jackson,Nick Sirianni,John Harbaugh,Craig Wrolstad,BAL00,M&T Bank Stadium
2024_14_CAR_PHI,2024,REG,14,2024-12-08,Sunday,13:00,CAR,16.0,PHI,22.0,Home,6.0,38.0,0.0,2024120803,59707.0,,202412080phi,,401671713,6648.0,7,7,625.0,-950.0,14.0,-112.0,-108.0,44.5,-112.0,-108.0,0,outdoors,grass,55.0,16.0,00-0027973,00-0036389,Andy Dalton,Jalen Hurts,Dave Canales,Nick Sirianni,Carl Cheffers,PHI00,Lincoln Financial Field
2024_15_PIT_PHI,2024,REG,15,2024-12-15,Sunday,16:25,PIT,13.0,PHI,27.0,Home,14.0,40.0,0.0,2024121511,59728.0,,202412150phi,,401671766,6669.0,7,7,215.0,-265.0,5.5,-110.0,-110.0,43.0,-110.0,-110.0,0,outdoors,grass,37.0,5.0,00-0029263,00-0036389,Russell Wilson,Jalen Hurts,Mike Tomlin,Nick Sirianni,Alan Eck,PHI00,Lincoln Financial Field
2024_16_PHI_WAS,2024,REG,16,2024-12-22,Sunday,13:00,PHI,33.0,WAS,36.0,Home,3.0,69.0,0.0,2024122208,59741.0,,202412220was,,401671717,6682.0,7,7,-218.0,180.0,-4.0,-115.0,-105.0,47.0,-110.0,-110.0,1,outdoors,grass,32.0,8.0,00-0036389,00-0039910,Jalen Hurts,Jayden Daniels,Nick Sirianni,Dan Quinn,Shawn Smith,WAS00,FedExField
2024_17_DAL_PHI,2024,REG,17,2024-12-29,Sunday,13:00,DAL,7.0,PHI,41.0,Home,34.0,48.0,0.0,2024122910,59761.0,,202412290phi,,401671765,6702.0,7,7,260.0,-325.0,7.5,-112.0,-108.0,37.5,-108.0,-112.0,1,outdoors,grass,62.0,10.0,00-0033662,00-0036389,Cooper Rush,Jalen Hurts,Mike McCarthy,Nick Sirianni,Brad Allen,PHI00,Lincoln Financial Field
2024_18_NYG_PHI,2024,REG,18,2025-01-05,Sunday,13:00,NYG,13.0,PHI,20.0,Home,7.0,33.0,0.0,2025010512,59776.0,,202501050phi,,401671841,6717.0,7,7,130.0,-155.0,3.0,-110.0,-110.0,36.5,-118.0,-102.0,1,outdoors,grass,31.0,19.0,00-0035704,00-0038400,Drew Lock,Tanner McKee,Brian Daboll,Nick Sirianni,Ron Torbert,PHI00,Lincoln Financial Field
2024_19_GB_PHI,2024,WC,19,2025-01-12,Sunday,16:30,GB,10.0,PHI,22.0,Home,12.0,32.0,0.0,2025011201,59832.0,,202501120phi,,401671880,,7,7,205.0,-250.0,5.5,-105.0,-115.0,45.5,-110.0,-110.0,0,outdoors,grass,40.0,6.0,00-0036264,00-0036389,Jordan Love,Jalen Hurts,Matt LaFleur,Nick Sirianni,Brad Allen,PHI00,Lincoln Financial Field
2024_20_LA_PHI,2024,DIV,20,2025-01-19,Sunday,15:00,LA,22.0,PHI,28.0,Home,6.0,50.0,0.0,2025011900,59837.0,,202501190phi,,401671937,,6,7,260.0,-325.0,7.0,-112.0,-108.0,43.5,-110.0,-110.0,0,outdoors,grass,34.0,8.0,00-0026498,00-0036389,Matthew Stafford,Jalen Hurts,Sean McVay,Nick Sirianni,Shawn Smith,PHI00,Lincoln Financial Field
2024_21_WAS_PHI,2024,CON,21,2025-01-26,Sunday,15:00,WAS,23.0,PHI,55.0,Home,32.0,78.0,0.0,2025012600,59839.0,,202501260phi,,401671888,,8,7,205.0,-250.0,6.0,-110.0,-110.0,46.5,-105.0,-115.0,1,outdoors,grass,40.0,11.0,00-0039910,00-0036389,Jayden Daniels,Jalen Hurts,Dan Quinn,Nick Sirianni,Shawn Hochuli,PHI00,Lincoln Financial Field
2024_22_KC_PHI,2024,SB,22,2025-02-09,Sunday,18:30,KC,22.0,PHI,40.0,Neutral,18.0,62.0,0.0,2025020900,59841.0,,202502090phi,,401671889,,14,14,-120.0,100.0,-1.5,-105.0,-115.0,48.5,-105.0,-115.0,0,dome,sportturf,,,00-0033873,00-0036389,Patrick Mahomes,Jalen Hurts,Andy Reid,Nick Sirianni,Ron Torbert,NOR00,Mercedes-Benz Superdome
2025_01_DAL_PHI,2025,REG,1,2025-09-04,Thursday,20:20,DAL,20.0,PHI,24.0,Home,4.0,44.0,0.0,2025090400,59843.0,,202509040phi,28418.0,401772510,6734.0,7,7,330.0,-425.0,8.5,-110.0,-110.0,47.5,-110.0,-110.0,1,outdoors,grass,75.0,11.0,00-0033077,00-0036389,Dak Prescott,Jalen Hurts,Brian Schottenheimer,Nick Sirianni,Shawn Smith,PHI00,Lincoln Financial Field
2025_02_PHI_KC,2025,REG,2,2025-09-14,Sunday,16:25,PHI,20.0,KC,17.0,Home,-3.0,37.0,0.0,2025091411,59871.0,,202509140kan,28446.0,401772837,6762.0,10,9,-122.0,102.0,-1.5,-110.0,-110.0,46.5,-102.0,-118.0,0,outdoors,grass,88.0,12.0,00-0036389,00-0033873,Jalen Hurts,Patrick Mahomes,Nick Sirianni,Andy Reid,Alex Kemp,KAN00,GEHA Field at Arrowhead Stadium
2025_03_LA_PHI,2025,REG,3,2025-09-21,Sunday,13:00,LA,26.0,PHI,33.0,Home,7.0,59.0,0.0,2025092105,59881.0,,202509210phi,28457.0,401772839,6772.0,7,7,164.0,-198.0,3.5,-108.0,-112.0,45.5,-108.0,-112.0,0,outdoors,grass,73.0,9.0,00-0026498,00-0036389,Matthew Stafford,Jalen Hurts,Sean McVay,Nick Sirianni,Brad Rogers,PHI00,Lincoln Financial Field
2025_04_PHI_TB,2025,REG,4,2025-09-28,Sunday,13:00,PHI,31.0,TB,25.0,Home,-6.0,56.0,0.0,2025092807,59899.0,,202509280tam,28474.0,401772845,6790.0,7,7,-185.0,154.0,-3.5,-102.0,-118.0,44.5,-118.0,-102.0,0,outdoors,grass,88.0,6.0,00-0036389,00-0034855,Jalen Hurts,Baker Mayfield,Nick Sirianni,Todd Bowles,Alan Eck,TAM00,Raymond James Stadium
2025_05_DEN_PHI,2025,REG,5,2025-10-05,Sunday,13:00,DEN,21.0,PHI,17.0,Home,-4.0,38.0,0.0,2025100506,59914.0,,202510050phi,28489.0,401772745,6805.0,6,7,180.0,-218.0,3.5,-105.0,-115.0,44.5,-115.0,-105.0,0,outdoors,grass,80.0,6.0,00-0039732,00-0036389,Bo Nix,Jalen Hurts,Sean Payton,Nick Sirianni,Adrian Hill,PHI00,Lincoln Financial Field
2025_06_PHI_NYG,2025,REG,6,2025-10-09,Thursday,20:15,PHI,17.0,NYG,34.0,Home,17.0,51.0,0.0,2025100900,59921.0,,202510090nyg,28496.0,401772940,6812.0,4,4,-395.0,310.0,-7.0,-120.0,100.0,40.5,-105.0,-115.0,1,outdoors,fieldturf,53.0,3.0,00-0036389,00-0040691,Jalen Hurts,Jaxson Dart,Nick Sirianni,Brian Daboll,Clete Blakeman,NYC01,MetLife Stadium
2025_07_PHI_MIN,2025,REG,7,2025-10-19,Sunday,13:00,PHI,28.0,MIN,22.0,Home,-6.0,50.0,0.0,2025101904,59941.0,,202510190min,28516.0,401772862,6832.0,10,14,-148.0,124.0,-2.5,-110.0,-110.0,43.5,-105.0,-115.0,0,dome,sportturf,,,00-0036389,00-0032950,Jalen Hurts,Carson Wentz,Nick Sirianni,Kevin O'Connell,Bill Vinovich,MIN01,U.S. Bank Stadium
2025_08_NYG_PHI,2025,REG,8,2025-10-26,Sunday,13:00,NYG,20.0,PHI,38.0,Home,18.0,58.0,0.0,2025102606,59958.0,,202510260phi,28533.0,401772867,6849.0,7,7,300.0,-380.0,7.0,-102.0,-118.0,43.5,-108.0,-112.0,1,outdoors,grass,60.0,4.0,00-0040691,00-0036389,Jaxson Dart,Jalen Hurts,Brian Daboll,Nick Sirianni,Brad Rogers,PHI00,Lincoln Financial Field
2025_10_PHI_GB,2025,REG,10,2025-11-10,Monday,20:15,PHI,10.0,GB,7.0,Home,-3.0,17.0,0.0,2025111000,59991.0,,202511100gnb,28566.0,401772630,6882.0,15,8,-110.0,-110.0,1.5,-122.0,102.0,45.5,-108.0,-112.0,0,outdoors,grass,33.0,9.0,00-0036389,00-0036264,Jalen Hurts,Jordan Love,Nick Sirianni,Matt LaFleur,Clay Martin,GNB00,Lambeau Field
2025_11_DET_PHI,2025,REG,11,2025-11-16,Sunday,20:20,DET,9.0,PHI,16.0,Home,7.0,25.0,0.0,2025111612,60005.0,,202511160phi,28581.0,401772928,6896.0,7,6,130.0,-155.0,2.5,-102.0,-118.0,46.5,-108.0,-112.0,0,outdoors,grass,45.0,15.0,00-0033106,00-0036389,Jared Goff,Jalen Hurts,Dan Campbell,Nick Sirianni,Alex Kemp,PHI00,Lincoln Financial Field
2025_12_PHI_DAL,2025,REG,12,2025-11-23,Sunday,16:25,PHI,21.0,DAL,24.0,Home,3.0,45.0,0.0,2025112309,60017.0,,202511230dal,28592.0,401772890,6908.0,7,6,-162.0,136.0,-3.0,-105.0,-115.0,47.5,100.0,-120.0,1,closed,matrixturf,,,00-0036389,00-0033077,Jalen Hurts,Dak Prescott,Nick Sirianni,Brian Schottenheimer,Bill Vinovich,DAL00,AT&T Stadium
2025_13_CHI_PHI,2025,REG,13,2025-11-28,Friday,15:00,CHI,24.0,PHI,15.0,Home,-9.0,39.0,0.0,2025112800,60024.0,,202511280phi,28599.0,401772621,6915.0,5,5,270.0,-340.0,7.0,-105.0,-115.0,43.5,-115.0,-105.0,0,outdoors,grass,42.0,18.0,00-0039918,00-0036389,Caleb Williams,Jalen Hurts,Ben Johnson,Nick Sirianni,Carl Cheffers,PHI00,Lincoln Financial Field
2025_14_PHI_LAC,2025,REG,14,2025-12-08,Monday,20:15,PHI,19.0,LAC,22.0,Home,3.0,41.0,1.0,2025120800,60050.0,,202512080sdg,28625.0,401772822,6941.0,10,8,-120.0,100.0,-1.5,-105.0,-115.0,41.5,-105.0,-115.0,0,dome,matrixturf,,,00-0036389,00-0036355,Jalen Hurts,Justin Herbert,Nick Sirianni,Jim Harbaugh,Scott Novak,LAX01,SoFi Stadium
2025_15_LV_PHI,2025,REG,15,2025-12-14,Sunday,13:00,LV,,PHI,,Home,,,,2025121407,,,202512140phi,28634.0,401772906,6950.0,7,6,575.0,-850.0,11.5,-110.0,-110.0,38.5,-112.0,-108.0,0,outdoors,grass,,,00-0030565,00-0036389,Geno Smith,Jalen Hurts,Pete Carroll,Nick Sirianni,,PHI00,Lincoln Financial Field
2025_16_PHI_WAS,2025,REG,16,2025-12-19,Friday,13:00,PHI,,WAS,,Home,,,,2025121901,,,202512190was,28644.0,401772612,6960.0,5,5,-258.0,210.0,-5.5,-110.0,-110.0,45.5,-110.0,-110.0,1,outdoors,grass,,,,,,,Nick Sirianni,Dan Quinn,,WAS00,FedExField
2025_17_PHI_BUF,2025,REG,17,2025-12-28,Sunday,16:25,PHI,,BUF,,Home,,,,2025122805,,,202512280buf,28671.0,401772917,6987.0,9,7,,,,,,,,,0,outdoors,a_turf,,,,,,,Nick Sirianni,Sean McDermott,,BUF00,New Era Field
2025_18_WAS_PHI,2025,REG,18,2026-01-04,Sunday,13:00,WAS,,PHI,,Home,,,,2025010412,,,202501040phi,28685.0,401772959,7002.0,6,6,,,,,,,,,1,outdoors,grass,,,,,,,Dan Quinn,Nick Sirianni,,PHI00,Lincoln Financial Field
