game_id,season,game_type,week,gameday,weekday,gametime,away_team,away_score,home_team,home_score,location,result,total,overtime,old_game_id,gsis,nfl_detail_id,pfr,pff,espn,ftn,away_rest,home_rest,away_moneyline,home_moneyline,spread_line,away_spread_odds,home_spread_odds,total_line,under_odds,over_odds,div_game,roof,surface,temp,wind,away_qb_id,home_qb_id,away_qb_name,home_qb_name,away_coach,home_coach,referee,stadium_id,stadium
2000_01_TEN_BUF,2000,REG,1,2000-09-03,Sunday,20:20,TEN,13.0,BUF,16.0,Home,3.0,29.0,0.0,2000090313,1001.0,,200009030buf,,200903002,,7,7,,,1.0,,,40.0,,,0,outdoors,astroturf,73.0,10.0,00-0011024,00-0008612,Steve McNair,Rob Johnson,Jeff Fisher,Wade Phillips,Johnny Grier,BUF00,Ralph Wilson Stadium
2000_02_KC_TEN,2000,REG,2,2000-09-10,Sunday,13:00,KC,14.0,TEN,17.0,Home,3.0,31.0,1.0,2000091006,1008.0,,200009100oti,,200910010,,7,7,,,8.5,,,38.5,,,0,outdoors,grass,80.0,13.0,00-0006300,00-0011024,Elvis Grbac,Steve McNair,Gunther Cunningham,Jeff Fisher,Mike Carey,NAS00,Adelphia Coliseum
2000_04_TEN_PIT,2000,REG,4,2000-09-24,Sunday,13:00,TEN,23.0,PIT,20.0,Home,-3.0,43.0,0.0,2000092411,1046.0,,200009240pit,,200924023,,14,7,,,-7.0,,,36.0,,,1,outdoors,astroturf,61.0,16.0,00-0012261,00-0006212,Neil O'Donnell,Kent Graham,Jeff Fisher,Bill Cowher,Walt Coleman,PIT99,Three Rivers Stadium
2000_05_NYG_TEN,2000,REG,5,2000-10-01,Sunday,13:00,NYG,14.0,TEN,28.0,Home,14.0,42.0,0.0,2000100108,1058.0,,200010010oti,,201001010,,7,7,,,5.0,,,38.0,,,0,outdoors,grass,72.0,5.0,00-0003292,00-0011024,Kerry Collins,Steve McNair,Jim Fassel,Jeff Fisher,Larry Nemmers,NAS00,Adelphia Coliseum
2000_06_TEN_CIN,2000,REG,6,2000-10-08,Sunday,13:00,TEN,23.0,CIN,14.0,Home,-9.0,37.0,0.0,2000100810,1074.0,,200010080cin,,201008004,,7,7,,,-10.0,,,38.0,,,1,outdoors,grass,44.0,10.0,00-0011024,00-0015082,Steve McNair,Akili Smith,Jeff Fisher,Dick LeBeau,Bill Carollo,CIN00,Paul Brown Stadium
2000_07_JAX_TEN,2000,REG,7,2000-10-16,Monday,09:00,JAX,13.0,TEN,27.0,Home,14.0,40.0,0.0,2000101600,1091.0,,200010160oti,,201016010,,8,8,,,6.0,,,38.0,,,1,outdoors,grass,74.0,6.0,00-0002110,00-0011024,Mark Brunell,Steve McNair,Tom Coughlin,Jeff Fisher,Bernie Kukar,NAS00,Adelphia Coliseum
2000_08_TEN_BAL,2000,REG,8,2000-10-22,Sunday,13:00,TEN,14.0,BAL,6.0,Home,-8.0,20.0,0.0,2000102210,1103.0,,200010220rav,,201022033,,6,7,,,1.0,,,35.0,,,1,outdoors,grass,64.0,10.0,00-0011024,00-0000722,Steve McNair,Tony Banks,Jeff Fisher,Brian Billick,Gerry Austin,BAL00,PSINet Stadium
2000_09_TEN_WAS,2000,REG,9,2000-10-30,Monday,09:00,TEN,27.0,WAS,21.0,Home,-6.0,48.0,0.0,2000103000,1119.0,,200010300was,,201030028,,8,8,,,4.0,,,37.5,,,0,outdoors,grass,54.0,9.0,00-0011024,00-0008442,Steve McNair,Brad Johnson,Jeff Fisher,Terry Robiskie,Ron Winter,WAS00,FedExField
2000_10_PIT_TEN,2000,REG,10,2000-11-05,Sunday,13:00,PIT,7.0,TEN,9.0,Home,2.0,16.0,0.0,2000110508,1128.0,,200011050oti,,201105010,,7,6,,,8.0,,,36.5,,,1,outdoors,grass,56.0,9.0,00-0015700,00-0011024,Kordell Stewart,Steve McNair,Bill Cowher,Jeff Fisher,Ron Blum,NAS00,Adelphia Coliseum
2000_11_BAL_TEN,2000,REG,11,2000-11-12,Sunday,13:00,BAL,24.0,TEN,23.0,Home,-1.0,47.0,0.0,2000111202,1138.0,,200011120oti,,201112010,,7,7,,,4.0,,,33.0,,,1,outdoors,grass,56.0,3.0,00-0004293,00-0011024,Trent Dilfer,Steve McNair,Brian Billick,Jeff Fisher,Mike Carey,NAS00,Adelphia Coliseum
2000_12_CLE_TEN,2000,REG,12,2000-11-19,Sunday,13:00,CLE,10.0,TEN,24.0,Home,14.0,34.0,0.0,2000111905,1156.0,,200011190oti,,201119010,,7,7,,,16.0,,,35.5,,,1,outdoors,grass,44.0,6.0,00-0012726,00-0011024,Doug Pederson,Steve McNair,Chris Palmer,Jeff Fisher,Larry Nemmers,NAS00,Adelphia Coliseum
2000_13_TEN_JAX,2000,REG,13,2000-11-26,Sunday,16:15,TEN,13.0,JAX,16.0,Home,3.0,29.0,0.0,2000112610,1178.0,,200011260jax,,201126030,,7,7,,,-3.0,,,41.5,,,1,outdoors,grass,62.0,7.0,00-0011024,00-0002110,Steve McNair,Mark Brunell,Jeff Fisher,Tom Coughlin,Johnny Grier,JAX00,Alltel Stadium
2000_14_TEN_PHI,2000,REG,14,2000-12-03,Sunday,13:00,TEN,15.0,PHI,13.0,Home,-2.0,28.0,0.0,2000120311,1193.0,,200012030phi,,201203021,,7,7,,,-3.0,,,36.5,,,0,outdoors,astroturf,30.0,7.0,00-0011024,00-0011022,Steve McNair,Donovan McNabb,Jeff Fisher,Andy Reid,Walt Coleman,PHI99,Veterans Stadium
2000_15_CIN_TEN,2000,REG,15,2000-12-10,Sunday,13:00,CIN,3.0,TEN,35.0,Home,32.0,38.0,0.0,2000121002,1198.0,,200012100oti,,201210010,,7,7,,,13.0,,,36.0,,,1,outdoors,grass,52.0,7.0,00-0011434,00-0011024,Scott Mitchell,Steve McNair,Dick LeBeau,Jeff Fisher,Dick Hantak,NAS00,Adelphia Coliseum
2000_16_TEN_CLE,2000,REG,16,2000-12-17,Sunday,13:00,TEN,24.0,CLE,0.0,Home,-24.0,24.0,0.0,2000121710,1218.0,,200012170cle,,201217005,,7,7,,,-16.0,,,37.0,,,1,outdoors,grass,20.0,35.0,00-0011024,00-0012726,Steve McNair,Doug Pederson,Jeff Fisher,Chris Palmer,Tony Corrente,CLE00,Cleveland Browns Stadium
2000_17_DAL_TEN,2000,REG,17,2000-12-25,Monday,09:00,DAL,0.0,TEN,31.0,Home,31.0,31.0,0.0,2000122500,1235.0,,200012250oti,,201225010,,8,8,,,13.5,,,37.5,,,0,outdoors,grass,29.0,10.0,00-0018272,00-0011024,Anthony Wright,Steve McNair,Dave Campo,Jeff Fisher,Ed Hochuli,NAS00,Adelphia Coliseum
2000_19_BAL_TEN,2000,DIV,19,2001-01-07,Sunday,12:30,BAL,24.0,TEN,10.0,Home,-14.0,34.0,0.0,2001010700,1251.0,,200101070oti,,210107010,,7,13,,,6.0,,,34.0,,,1,outdoors,grass,48.0,6.0,00-0004293,00-0011024,Trent Dilfer,Steve McNair,Brian Billick,Jeff Fisher,Bernie Kukar,NAS00,Adelphia Coliseum
2001_01_MIA_TEN,2001,REG,1,2001-09-09,Sunday,20:30,MIA,31.0,TEN,23.0,Home,-8.0,54.0,0.0,2001090913,17683.0,,200109090oti,,210909010,,7,7,,,6.5,,,34.0,,,0,outdoors,grass,81.0,7.0,00-0005180,00-0011024,Jay Fiedler,Steve McNair,Dave Wannstedt,Jeff Fisher,Ernie Briggs,NAS00,Adelphia Coliseum
2001_02_TEN_JAX,2001,REG,2,2001-09-23,Sunday,13:00,TEN,6.0,JAX,13.0,Home,7.0,19.0,0.0,2001092311,17711.0,,200109230jax,,210923030,,14,14,,,2.0,,,36.0,,,1,outdoors,grass,84.0,10.0,00-0012261,00-0002110,Neil O'Donnell,Mark Brunell,Jeff Fisher,Tom Coughlin,Bernie Kukar,JAX00,Alltel Stadium
2001_04_TEN_BAL,2001,REG,4,2001-10-07,Sunday,13:00,TEN,7.0,BAL,26.0,Home,19.0,33.0,0.0,2001100710,17738.0,,200110070rav,,211007033,,14,7,,,3.5,,,33.5,,,1,outdoors,grass,55.0,11.0,00-0011024,00-0006300,Steve McNair,Elvis Grbac,Jeff Fisher,Brian Billick,Ron Blum,BAL00,PSINet Stadium
2001_05_TB_TEN,2001,REG,5,2001-10-14,Sunday,13:00,TB,28.0,TEN,31.0,Home,3.0,59.0,1.0,2001101411,17753.0,,200110140oti,,211014010,,7,7,,,3.0,,,33.0,,,0,outdoors,grass,64.0,10.0,00-0008442,00-0011024,Brad Johnson,Steve McNair,Tony Dungy,Jeff Fisher,Dick Hantak,NAS00,Adelphia Coliseum
2001_06_TEN_DET,2001,REG,6,2001-10-21,Sunday,13:00,TEN,27.0,DET,24.0,Home,-3.0,51.0,0.0,2001102111,17768.0,,200110210det,,211021008,,7,7,,,-5.5,,,38.5,,,0,dome,astroturf,,,00-0011024,00-0000865,Steve McNair,Charlie Batch,Jeff Fisher,Marty Mornhinweg,Mike Carey,DET99,Pontiac Silverdome
2001_07_TEN_PIT,2001,REG,7,2001-10-29,Monday,09:00,TEN,7.0,PIT,34.0,Home,27.0,41.0,0.0,2001102900,17783.0,,200110290pit,,211029023,,8,8,,,3.0,,,36.0,,,1,outdoors,grass,51.0,5.0,00-0011024,00-0015700,Steve McNair,Kordell Stewart,Jeff Fisher,Bill Cowher,Terry McAulay,PIT00,Heinz Field
2001_08_JAX_TEN,2001,REG,8,2001-11-04,Sunday,13:00,JAX,24.0,TEN,28.0,Home,4.0,52.0,0.0,2001110406,17790.0,,200111040oti,,211104010,,7,6,,,3.0,,,37.5,,,1,outdoors,grass,67.0,7.0,00-0002110,00-0011024,Mark Brunell,Steve McNair,Tom Coughlin,Jeff Fisher,Bill Carollo,NAS00,Adelphia Coliseum
2001_09_BAL_TEN,2001,REG,9,2001-11-12,Monday,09:00,BAL,16.0,TEN,10.0,Home,-6.0,26.0,0.0,2001111200,17812.0,,200111120oti,,211112010,,8,8,,,-1.5,,,35.0,,,1,outdoors,grass,52.0,6.0,00-0006300,00-0011024,Elvis Grbac,Steve McNair,Brian Billick,Jeff Fisher,Bernie Kukar,NAS00,Adelphia Coliseum
2001_10_TEN_CIN,2001,REG,10,2001-11-18,Sunday,13:00,TEN,20.0,CIN,7.0,Home,-13.0,27.0,0.0,2001111811,17824.0,,200111180cin,,211118004,,6,7,,,1.5,,,39.5,,,1,outdoors,grass,66.0,4.0,00-0011024,00-0009311,Steve McNair,Jon Kitna,Jeff Fisher,Dick LeBeau,Ed Hochuli,CIN00,Paul Brown Stadium
2001_11_PIT_TEN,2001,REG,11,2001-11-25,Sunday,13:00,PIT,34.0,TEN,24.0,Home,-10.0,58.0,0.0,2001112507,17837.0,,200111250oti,,211125010,,7,7,,,2.0,,,34.5,,,1,outdoors,grass,63.0,6.0,00-0015700,00-0011024,Kordell Stewart,Steve McNair,Bill Cowher,Jeff Fisher,Bill Leavy,NAS00,Adelphia Coliseum
2001_12_TEN_CLE,2001,REG,12,2001-12-02,Sunday,13:00,TEN,31.0,CLE,15.0,Home,-16.0,46.0,0.0,2001120211,17855.0,,200112020cle,,211202005,,7,7,,,1.5,,,35.5,,,1,outdoors,grass,44.0,5.0,00-0011024,00-0003535,Steve McNair,Tim Couch,Jeff Fisher,Butch Davis,Ron Blum,CLE00,Cleveland Browns Stadium
2001_13_TEN_MIN,2001,REG,13,2001-12-09,Sunday,13:00,TEN,24.0,MIN,42.0,Home,18.0,66.0,0.0,2001120911,17869.0,,200112090min,,211209016,,7,7,,,-2.5,,,42.5,,,0,dome,astroturf,,,00-0011024,00-0001545,Steve McNair,Todd Bouman,Jeff Fisher,Dennis Green,Tom White,MIN00,Hubert H. Humphrey Metrodome
2001_14_GB_TEN,2001,REG,14,2001-12-16,Sunday,16:15,GB,20.0,TEN,26.0,Home,6.0,46.0,0.0,2001121604,17879.0,,200112160oti,,211216010,,7,7,,,-2.5,,,42.5,,,0,outdoors,grass,62.0,17.0,00-0005106,00-0011024,Brett Favre,Steve McNair,Mike Sherman,Jeff Fisher,Walt Coleman,NAS00,Adelphia Coliseum
2001_15_TEN_OAK,2001,REG,15,2001-12-22,Saturday,09:00,TEN,13.0,OAK,10.0,Home,-3.0,23.0,0.0,2001122202,17890.0,,200112220rai,,211222013,,6,7,,,6.0,,,45.5,,,0,outdoors,grass,52.0,6.0,00-0011024,00-0005741,Steve McNair,Rich Gannon,Jeff Fisher,Jon Gruden,Mike Carey,OAK00,Network Associates Coliseum
2001_16_CLE_TEN,2001,REG,16,2001-12-30,Sunday,13:00,CLE,41.0,TEN,38.0,Home,-3.0,79.0,0.0,2001123004,17908.0,,200112300oti,,211230010,,7,8,,,5.0,,,37.5,,,1,outdoors,grass,28.0,6.0,00-0003535,00-0011024,Tim Couch,Steve McNair,Butch Davis,Jeff Fisher,Bill Carollo,NAS00,Adelphia Coliseum
2001_17_CIN_TEN,2001,REG,17,2002-01-06,Sunday,13:00,CIN,23.0,TEN,21.0,Home,-2.0,44.0,0.0,2002010603,17688.0,,200201060oti,,220106010,,7,7,,,5.5,,,37.5,,,1,outdoors,grass,37.0,8.0,00-0009311,00-0011024,Jon Kitna,Steve McNair,Dick LeBeau,Jeff Fisher,Terry McAulay,NAS00,Adelphia Coliseum
2002_01_PHI_TEN,2002,REG,1,2002-09-08,Sunday,13:00,PHI,24.0,TEN,27.0,Home,3.0,51.0,0.0,2002090803,18103.0,,200209080oti,,220908010,,7,7,,,2.0,,,37.0,,,0,outdoors,grass,83.0,0.0,00-0011022,00-0011024,Donovan McNabb,Steve McNair,Andy Reid,Jeff Fisher,Terry McAulay,NAS00,The Coliseum
2002_02_TEN_DAL,2002,REG,2,2002-09-15,Sunday,13:00,TEN,13.0,DAL,21.0,Home,8.0,34.0,0.0,2002091503,18114.0,,200209150dal,,220915006,,7,7,,,-3.5,,,37.5,,,0,outdoors,astroturf,81.0,0.0,00-0011024,00-0020404,Steve McNair,Quincy Carter,Jeff Fisher,Dave Campo,Ed Hochuli,DAL99,Texas Stadium
2002_03_CLE_TEN,2002,REG,3,2002-09-22,Sunday,13:00,CLE,31.0,TEN,28.0,Home,-3.0,59.0,1.0,2002092202,18132.0,,200209220oti,,220922010,,7,7,,,4.5,,,40.5,,,0,outdoors,grass,72.0,9.0,00-0003535,00-0011024,Tim Couch,Steve McNair,Butch Davis,Jeff Fisher,Larry Nemmers,NAS00,The Coliseum
2002_04_TEN_OAK,2002,REG,4,2002-09-29,Sunday,16:15,TEN,25.0,OAK,52.0,Home,27.0,77.0,0.0,2002092909,18150.0,,200209290rai,,220929013,,7,14,,,6.5,,,45.0,,,0,outdoors,grass,68.0,9.0,00-0011024,00-0005741,Steve McNair,Rich Gannon,Jeff Fisher,Bill Callahan,Bob McElwee,OAK00,Network Associates Coliseum
2002_05_WAS_TEN,2002,REG,5,2002-10-06,Sunday,13:00,WAS,31.0,TEN,14.0,Home,-17.0,45.0,0.0,2002100601,18161.0,,200210060oti,,221006010,,14,7,,,3.5,,,43.5,,,0,outdoors,grass,74.0,6.0,00-0018333,00-0011024,Danny Wuerffel,Steve McNair,Steve Spurrier,Jeff Fisher,Ron Blum,NAS00,The Coliseum
2002_06_JAX_TEN,2002,REG,6,2002-10-13,Sunday,16:15,JAX,14.0,TEN,23.0,Home,9.0,37.0,0.0,2002101312,18175.0,,200210130oti,,221013010,,7,7,,,-1.5,,,44.0,,,1,outdoors,grass,65.0,15.0,00-0002110,00-0011024,Mark Brunell,Steve McNair,Tom Coughlin,Jeff Fisher,Jeff Triplette,NAS00,The Coliseum
2002_08_TEN_CIN,2002,REG,8,2002-10-27,Sunday,13:00,TEN,30.0,CIN,24.0,Home,-6.0,54.0,0.0,2002102703,18199.0,,200210270cin,,221027004,,14,14,,,-4.5,,,42.0,,,0,outdoors,grass,54.0,6.0,00-0011024,00-0009311,Steve McNair,Jon Kitna,Jeff Fisher,Dick LeBeau,Walt Coleman,CIN00,Paul Brown Stadium
2002_09_TEN_IND,2002,REG,9,2002-11-03,Sunday,13:00,TEN,23.0,IND,15.0,Home,-8.0,38.0,0.0,2002110301,18216.0,,200211030clt,,221103011,,7,7,,,3.0,,,47.0,,,1,dome,astroturf,,,00-0011024,00-0010346,Steve McNair,Peyton Manning,Jeff Fisher,Tony Dungy,Bill Carollo,IND99,RCA Dome
2002_10_HOU_TEN,2002,REG,10,2002-11-10,Sunday,13:00,HOU,10.0,TEN,17.0,Home,7.0,27.0,0.0,2002111006,18231.0,,200211100oti,,221110010,,7,7,,,9.0,,,39.5,,,1,outdoors,grass,76.0,20.0,00-0020608,00-0011024,David Carr,Steve McNair,Dom Capers,Jeff Fisher,Bill Leavy,NAS00,The Coliseum
2002_11_PIT_TEN,2002,REG,11,2002-11-17,Sunday,13:00,PIT,23.0,TEN,31.0,Home,8.0,54.0,0.0,2002111701,18246.0,,200211170oti,,221117010,,7,7,,,-3.0,,,44.0,,,0,outdoors,grass,42.0,12.0,00-0010261,00-0011024,Tommy Maddox,Steve McNair,Bill Cowher,Jeff Fisher,Tony Corrente,NAS00,The Coliseum
2002_12_TEN_BAL,2002,REG,12,2002-11-24,Sunday,13:00,TEN,12.0,BAL,13.0,Home,1.0,25.0,0.0,2002112403,18254.0,,200211240rav,,221124033,,7,7,,,-2.5,,,38.5,,,0,outdoors,grass,53.0,12.0,00-0011024,00-0001335,Steve McNair,Jeff Blake,Jeff Fisher,Brian Billick,Mike Carey,BAL00,Ravens Stadium
2002_13_TEN_NYG,2002,REG,13,2002-12-01,Sunday,13:00,TEN,32.0,NYG,29.0,Home,-3.0,61.0,1.0,2002120103,18279.0,,200212010nyg,,221201019,,7,7,,,3.0,,,34.0,,,0,outdoors,grass,35.0,18.0,00-0011024,00-0003292,Steve McNair,Kerry Collins,Jeff Fisher,Jim Fassel,Jeff Triplette,NYC00,Giants Stadium
2002_14_IND_TEN,2002,REG,14,2002-12-08,Sunday,13:00,IND,17.0,TEN,27.0,Home,10.0,44.0,0.0,2002120810,18293.0,,200212080oti,,221208010,,7,7,,,-1.0,,,43.0,,,1,outdoors,grass,42.0,3.0,00-0010346,00-0011024,Peyton Manning,Steve McNair,Tony Dungy,Jeff Fisher,Larry Nemmers,NAS00,The Coliseum
2002_15_NE_TEN,2002,REG,15,2002-12-16,Monday,09:00,NE,7.0,TEN,24.0,Home,17.0,31.0,0.0,2002121600,18317.0,,200212160oti,,221216010,,8,8,,,2.5,,,43.5,,,0,outdoors,grass,57.0,3.0,00-0019596,00-0011024,Tom Brady,Steve McNair,Bill Belichick,Jeff Fisher,Ron Winter,NAS00,The Coliseum
2002_16_TEN_JAX,2002,REG,16,2002-12-22,Sunday,13:00,TEN,28.0,JAX,10.0,Home,-18.0,38.0,0.0,2002122203,18326.0,,200212220jax,,221222030,,6,7,,,-3.0,,,41.5,,,1,outdoors,grass,64.0,10.0,00-0011024,00-0002110,Steve McNair,Mark Brunell,Jeff Fisher,Tom Coughlin,Bernie Kukar,JAX00,Alltel Stadium
2002_17_TEN_HOU,2002,REG,17,2002-12-29,Sunday,13:00,TEN,13.0,HOU,3.0,Home,-10.0,16.0,0.0,2002122901,18339.0,,200212290htx,,221229034,,7,7,,,-9.5,,,35.5,,,1,open,grass,,,00-0011024,00-0020608,Steve McNair,David Carr,Jeff Fisher,Dom Capers,Walt Coleman,HOU00,Reliant Stadium
2002_19_PIT_TEN,2002,DIV,19,2003-01-11,Saturday,16:30,PIT,31.0,TEN,34.0,Home,3.0,65.0,1.0,2003011100,26310.0,,200301110oti,,230111010,,6,13,,,4.5,,,44.0,,,0,outdoors,grass,34.0,9.0,00-0010261,00-0011024,Tommy Maddox,Steve McNair,Bill Cowher,Jeff Fisher,Ron Blum,NAS00,The Coliseum
2002_20_TEN_OAK,2002,CON,20,2003-01-19,Sunday,18:30,TEN,24.0,OAK,41.0,Home,17.0,65.0,0.0,2003011901,26316.0,,200301190rai,,230119013,,8,7,,,9.0,,,46.0,,,0,outdoors,grass,52.0,9.0,00-0011024,00-0005741,Steve McNair,Rich Gannon,Jeff Fisher,Bill Callahan,Ed Hochuli,OAK00,Network Associates Coliseum
2003_01_OAK_TEN,2003,REG,1,2003-09-07,Sunday,20:30,OAK,20.0,TEN,25.0,Home,5.0,45.0,0.0,2003090713,26508.0,,200309070oti,,230907010,,7,7,,,3.5,,,46.0,,,0,outdoors,grass,75.0,9.0,00-0005741,00-0011024,Rich Gannon,Steve McNair,Bill Callahan,Jeff Fisher,Ron Blum,NAS00,The Coliseum
2003_02_TEN_IND,2003,REG,2,2003-09-14,Sunday,13:00,TEN,7.0,IND,33.0,Home,26.0,40.0,0.0,2003091407,26513.0,,200309140clt,,230914011,,7,7,,,2.5,,,44.0,,,1,dome,astroturf,,,00-0011024,00-0010346,Steve McNair,Peyton Manning,Jeff Fisher,Tony Dungy,Jeff Triplette,IND99,RCA Dome
2003_03_NO_TEN,2003,REG,3,2003-09-21,Sunday,13:00,NO,12.0,TEN,27.0,Home,15.0,39.0,0.0,2003092110,26532.0,,200309210oti,,230921010,,7,7,,,4.5,,,43.5,,,0,outdoors,grass,74.0,3.0,00-0001823,00-0011024,Aaron Brooks,Steve McNair,Jim Haslett,Jeff Fisher,Bill Carollo,NAS00,The Coliseum
2003_04_TEN_PIT,2003,REG,4,2003-09-28,Sunday,13:00,TEN,30.0,PIT,13.0,Home,-17.0,43.0,0.0,2003092804,26329.0,,200309280pit,,230928023,,7,7,,,3.5,,,44.0,,,0,outdoors,dessograss,60.0,8.0,00-0011024,00-0010261,Steve McNair,Tommy Maddox,Jeff Fisher,Bill Cowher,Walt Anderson,PIT00,Heinz Field
2003_05_TEN_NE,2003,REG,5,2003-10-05,Sunday,13:00,TEN,30.0,NE,38.0,Home,8.0,68.0,0.0,2003100504,26344.0,,200310050nwe,,231005017,,7,7,,,1.0,,,40.5,,,0,outdoors,grass,53.0,8.0,00-0011024,00-0019596,Steve McNair,Tom Brady,Jeff Fisher,Bill Belichick,Ron Winter,BOS00,Gillette Stadium
2003_06_HOU_TEN,2003,REG,6,2003-10-12,Sunday,13:00,HOU,17.0,TEN,38.0,Home,21.0,55.0,0.0,2003101201,26358.0,,200310120oti,,231012010,,14,7,,,8.5,,,39.5,,,1,outdoors,grass,69.0,3.0,00-0020608,00-0011024,David Carr,Steve McNair,Dom Capers,Jeff Fisher,Gerald Austin,NAS00,The Coliseum
2003_07_TEN_CAR,2003,REG,7,2003-10-19,Sunday,13:00,TEN,37.0,CAR,17.0,Home,-20.0,54.0,0.0,2003101904,26367.0,,200310190car,,231019029,,7,7,,,0.0,,,37.5,,,0,outdoors,grass,67.0,3.0,00-0011024,00-0004161,Steve McNair,Jake Delhomme,Jeff Fisher,John Fox,Walt Coleman,CAR00,Ericsson Stadium
2003_08_TEN_JAX,2003,REG,8,2003-10-26,Sunday,13:00,TEN,30.0,JAX,17.0,Home,-13.0,47.0,0.0,2003102604,26382.0,,200310260jax,,231026030,,7,14,,,-4.5,,,43.5,,,1,outdoors,grass,80.0,10.0,00-0011024,00-0022177,Steve McNair,Byron Leftwich,Jeff Fisher,Jack Del Rio,Terry McAulay,JAX00,Alltel Stadium
2003_10_MIA_TEN,2003,REG,10,2003-11-09,Sunday,13:00,MIA,7.0,TEN,31.0,Home,24.0,38.0,0.0,2003110903,26414.0,,200311090oti,,231109010,,7,14,,,5.5,,,39.5,,,0,outdoors,grass,49.0,6.0,00-0006423,00-0011024,Brian Griese,Steve McNair,Dave Wannstedt,Jeff Fisher,Mike Carey,NAS00,The Coliseum
2003_11_JAX_TEN,2003,REG,11,2003-11-16,Sunday,13:00,JAX,3.0,TEN,10.0,Home,7.0,13.0,0.0,2003111602,26430.0,,200311160oti,,231116010,,7,7,,,9.0,,,44.5,,,1,outdoors,grass,60.0,6.0,00-0022177,00-0011024,Byron Leftwich,Steve McNair,Jack Del Rio,Jeff Fisher,Ron Blum,NAS00,The Coliseum
2003_12_TEN_ATL,2003,REG,12,2003-11-23,Sunday,16:15,TEN,38.0,ATL,31.0,Home,-7.0,69.0,0.0,2003112314,26447.0,,200311230atl,,231123001,,7,7,,,-6.5,,,44.0,,,0,dome,fieldturf,,,00-0011024,00-0019087,Steve McNair,Doug Johnson,Jeff Fisher,Dan Reeves,Gerry Austin,ATL00,Georgia Dome
2003_13_TEN_NYJ,2003,REG,13,2003-12-01,Monday,09:00,TEN,17.0,NYJ,24.0,Home,7.0,41.0,0.0,2003120100,26467.0,,200312010nyj,,231201020,,8,8,,,-3.0,,,42.0,,,0,outdoors,fieldturf,37.0,9.0,00-0011024,00-0019559,Steve McNair,Chad Pennington,Jeff Fisher,Herm Edwards,Walt Anderson,NYC00,Giants Stadium
2003_14_IND_TEN,2003,REG,14,2003-12-07,Sunday,13:00,IND,29.0,TEN,27.0,Home,-2.0,56.0,0.0,2003120702,26478.0,,200312070oti,,231207010,,7,6,,,3.5,,,46.5,,,1,outdoors,grass,42.0,0.0,00-0010346,00-0011024,Peyton Manning,Steve McNair,Tony Dungy,Jeff Fisher,Terry McAulay,NAS00,The Coliseum
2003_15_BUF_TEN,2003,REG,15,2003-12-14,Sunday,13:00,BUF,26.0,TEN,28.0,Home,2.0,54.0,0.0,2003121407,26493.0,,200312140oti,,231214010,,7,7,,,5.0,,,37.0,,,0,outdoors,grass,37.0,10.0,00-0001361,00-0019041,Drew Bledsoe,Billy Volek,Gregg Williams,Jeff Fisher,Tom White,NAS00,The Coliseum
2003_16_TEN_HOU,2003,REG,16,2003-12-21,Sunday,13:00,TEN,27.0,HOU,24.0,Home,-3.0,51.0,0.0,2003122103,26550.0,,200312210htx,,231221034,,7,7,,,-5.5,,,39.0,,,1,open,grass,,,00-0011024,00-0020608,Steve McNair,David Carr,Jeff Fisher,Dom Capers,Peter Morelli,HOU00,Reliant Stadium
2003_17_TB_TEN,2003,REG,17,2003-12-28,Sunday,13:00,TB,13.0,TEN,33.0,Home,20.0,46.0,0.0,2003122807,26568.0,,200312280oti,,231228010,,8,7,,,4.0,,,39.0,,,0,outdoors,grass,59.0,16.0,00-0008442,00-0012261,Brad Johnson,Neil O'Donnell,Jon Gruden,Jeff Fisher,Walt Coleman,NAS00,The Coliseum
2003_18_TEN_BAL,2003,WC,18,2004-01-03,Saturday,16:30,TEN,20.0,BAL,17.0,Home,-3.0,37.0,0.0,2004010301,26641.0,,200401030rav,,240103033,,6,6,,,-1.0,,,38.0,,,0,outdoors,sportturf,63.0,9.0,00-0011024,00-0018272,Steve McNair,Anthony Wright,Jeff Fisher,Brian Billick,Jeff Triplette,BAL00,M&T Bank Stadium
2003_19_TEN_NE,2003,DIV,19,2004-01-10,Saturday,20:15,TEN,14.0,NE,17.0,Home,3.0,31.0,0.0,2004011002,26646.0,,200401100nwe,,240110017,,7,14,,,6.0,,,34.0,,,0,outdoors,grass,4.0,10.0,00-0011024,00-0019596,Steve McNair,Tom Brady,Jeff Fisher,Bill Belichick,Bill Carollo,BOS00,Gillette Stadium
2004_01_TEN_MIA,2004,REG,1,2004-09-11,Saturday,13:00,TEN,17.0,MIA,7.0,Home,-10.0,24.0,0.0,2004091100,26914.0,,200409110mia,,240911015,,7,7,,,-3.0,,,38.0,,,0,outdoors,grass,87.0,7.0,00-0011024,00-0005180,Steve McNair,Jay Fiedler,Jeff Fisher,Dave Wannstedt,Tom White,MIA00,Pro Player Stadium
2004_02_IND_TEN,2004,REG,2,2004-09-19,Sunday,13:00,IND,31.0,TEN,17.0,Home,-14.0,48.0,0.0,2004091908,26933.0,,200409190oti,,240919010,,10,8,,,-1.5,,,47.0,,,1,outdoors,grass,71.0,13.0,00-0010346,00-0011024,Peyton Manning,Steve McNair,Tony Dungy,Jeff Fisher,Ron Winter,NAS00,The Coliseum
2004_03_JAX_TEN,2004,REG,3,2004-09-26,Sunday,13:00,JAX,15.0,TEN,12.0,Home,-3.0,27.0,0.0,2004092608,26949.0,,200409260oti,,240926010,,7,7,,,6.0,,,34.5,,,1,outdoors,grass,76.0,12.0,00-0022177,00-0011024,Byron Leftwich,Steve McNair,Jack Del Rio,Jeff Fisher,Larry Nemmers,NAS00,The Coliseum
2004_04_TEN_SD,2004,REG,4,2004-10-03,Sunday,16:15,TEN,17.0,SD,38.0,Home,21.0,55.0,0.0,2004100310,26965.0,,200410030sdg,,241003024,,7,7,,,-3.0,,,41.0,,,0,outdoors,grass,74.0,8.0,00-0019041,00-0020531,Billy Volek,Drew Brees,Jeff Fisher,Marty Schottenheimer,Mike Carey,SDG00,Qualcomm Stadium
2004_05_TEN_GB,2004,REG,5,2004-10-11,Monday,09:00,TEN,48.0,GB,27.0,Home,-21.0,75.0,0.0,2004101100,26982.0,,200410110gnb,,241011009,,8,8,,,3.0,,,44.0,,,0,outdoors,grass,50.0,2.0,00-0011024,00-0005106,Steve McNair,Brett Favre,Jeff Fisher,Mike Sherman,Bill Vinovich,GNB00,Lambeau Field
2004_06_HOU_TEN,2004,REG,6,2004-10-17,Sunday,13:00,HOU,20.0,TEN,10.0,Home,-10.0,30.0,0.0,2004101709,26992.0,,200410170oti,,241017010,,7,6,,,5.5,,,46.0,,,1,outdoors,grass,60.0,0.0,00-0020608,00-0011024,David Carr,Steve McNair,Dom Capers,Jeff Fisher,Walt Coleman,NAS00,The Coliseum
2004_07_TEN_MIN,2004,REG,7,2004-10-24,Sunday,13:00,TEN,3.0,MIN,20.0,Home,17.0,23.0,0.0,2004102406,27003.0,,200410240min,,241024016,,7,7,,,6.0,,,53.0,,,0,dome,fieldturf,,,00-0011024,00-0003739,Steve McNair,Daunte Culpepper,Jeff Fisher,Mike Tice,Peter Morelli,MIN00,Hubert H. Humphrey Metrodome
2004_08_CIN_TEN,2004,REG,8,2004-10-31,Sunday,13:00,CIN,20.0,TEN,27.0,Home,7.0,47.0,0.0,2004103106,27017.0,,200410310oti,,241031010,,6,7,,,3.0,,,39.5,,,0,outdoors,grass,69.0,5.0,00-0021429,00-0019041,Carson Palmer,Billy Volek,Marvin Lewis,Jeff Fisher,Johnny Grier,NAS00,The Coliseum
2004_10_CHI_TEN,2004,REG,10,2004-11-14,Sunday,13:00,CHI,19.0,TEN,17.0,Home,-2.0,36.0,1.0,2004111407,27046.0,,200411140oti,,241114010,,7,14,,,5.5,,,34.0,,,0,outdoors,grass,56.0,9.0,00-0022818,00-0019041,Craig Krenzel,Billy Volek,Lovie Smith,Jeff Fisher,Walt Anderson,NAS00,The Coliseum
2004_11_TEN_JAX,2004,REG,11,2004-11-21,Sunday,13:00,TEN,18.0,JAX,15.0,Home,-3.0,33.0,0.0,2004112106,27059.0,,200411210jax,,241121030,,7,7,,,3.0,,,36.0,,,1,outdoors,grass,80.0,4.0,00-0011024,00-0021231,Steve McNair,David Garrard,Jeff Fisher,Jack Del Rio,Gerry Austin,JAX00,Alltel Stadium
2004_12_TEN_HOU,2004,REG,12,2004-11-28,Sunday,13:00,TEN,21.0,HOU,31.0,Home,10.0,52.0,0.0,2004112802,27073.0,,200411280htx,,241128034,,7,7,,,2.0,,,43.0,,,1,open,grass,,,00-0011024,00-0020608,Steve McNair,David Carr,Jeff Fisher,Dom Capers,Larry Nemmers,HOU00,Reliant Stadium
2004_13_TEN_IND,2004,REG,13,2004-12-05,Sunday,13:00,TEN,24.0,IND,51.0,Home,27.0,75.0,0.0,2004120504,27089.0,,200412050clt,,241205011,,7,10,,,12.0,,,54.0,,,1,dome,astroturf,,,00-0019041,00-0010346,Billy Volek,Peyton Manning,Jeff Fisher,Tony Dungy,Bernie Kukar,IND99,RCA Dome
2004_14_KC_TEN,2004,REG,14,2004-12-13,Monday,09:00,KC,49.0,TEN,38.0,Home,-11.0,87.0,0.0,2004121300,27116.0,,200412130oti,,241213010,,8,8,,,-2.5,,,53.0,,,0,outdoors,grass,37.0,10.0,00-0006355,00-0019041,Trent Green,Billy Volek,Dick Vermeil,Jeff Fisher,Tom White,NAS00,The Coliseum
2004_15_TEN_OAK,2004,REG,15,2004-12-19,Sunday,16:15,TEN,35.0,OAK,40.0,Home,5.0,75.0,0.0,2004121910,27130.0,,200412190rai,,241219013,,6,7,,,3.5,,,49.5,,,0,outdoors,grass,54.0,6.0,00-0019041,00-0003292,Billy Volek,Kerry Collins,Jeff Fisher,Norv Turner,Bill Leavy,OAK00,McAfee Coliseum
2004_16_DEN_TEN,2004,REG,16,2004-12-25,Saturday,20:30,DEN,37.0,TEN,16.0,Home,-21.0,53.0,0.0,2004122501,27135.0,,200412250oti,,241225010,,6,6,,,-4.0,,,50.5,,,0,outdoors,grass,29.0,8.0,00-0013042,00-0019041,Jake Plummer,Billy Volek,Mike Shanahan,Jeff Fisher,Bill Carollo,NAS00,The Coliseum
2004_17_DET_TEN,2004,REG,17,2005-01-02,Sunday,13:00,DET,19.0,TEN,24.0,Home,5.0,43.0,0.0,2005010208,27157.0,,200501020oti,,250102010,,7,8,,,-2.5,,,45.5,,,0,outdoors,grass,62.0,7.0,00-0021141,00-0019041,Joey Harrington,Billy Volek,Steve Mariucci,Jeff Fisher,Ed Hochuli,NAS00,The Coliseum
2005_01_TEN_PIT,2005,REG,1,2005-09-11,Sunday,13:00,TEN,7.0,PIT,34.0,Home,27.0,41.0,0.0,2005091104,28533.0,,200509110pit,,250911023,,7,7,,,7.0,,,40.5,,,0,outdoors,dessograss,75.0,5.0,00-0011024,00-0022924,Steve McNair,Ben Roethlisberger,Jeff Fisher,Bill Cowher,Gerry Austin,PIT00,Heinz Field
2005_02_BAL_TEN,2005,REG,2,2005-09-18,Sunday,13:00,BAL,10.0,TEN,25.0,Home,15.0,35.0,0.0,2005091800,28549.0,,200509180oti,,250918010,,7,7,,,-3.5,,,36.0,,,0,outdoors,grass,75.0,0.0,00-0018272,00-0011024,Anthony Wright,Steve McNair,Brian Billick,Jeff Fisher,Walt Coleman,NAS00,The Coliseum
2005_03_TEN_STL,2005,REG,3,2005-09-25,Sunday,13:00,TEN,27.0,STL,31.0,Home,4.0,58.0,0.0,2005092508,28565.0,,200509250ram,,250925014,,7,7,,,6.5,,,46.0,,,0,dome,fieldturf,,,00-0011024,00-0019599,Steve McNair,Marc Bulger,Jeff Fisher,Mike Martz,Tom White,STL00,Edward Jones Dome
2005_04_IND_TEN,2005,REG,4,2005-10-02,Sunday,13:00,IND,31.0,TEN,10.0,Home,-21.0,41.0,0.0,2005100204,28578.0,,200510020oti,,251002010,,7,7,,,-7.0,,,45.0,,,1,outdoors,grass,82.0,9.0,00-0010346,00-0011024,Peyton Manning,Steve McNair,Tony Dungy,Jeff Fisher,Walt Anderson,NAS00,The Coliseum
2005_05_TEN_HOU,2005,REG,5,2005-10-09,Sunday,13:00,TEN,34.0,HOU,20.0,Home,-14.0,54.0,0.0,2005100907,28590.0,,200510090htx,,251009034,,7,7,,,1.5,,,40.5,,,1,closed,grass,,,00-0011024,00-0020608,Steve McNair,David Carr,Jeff Fisher,Dom Capers,Ed Hochuli,HOU00,Reliant Stadium
2005_06_CIN_TEN,2005,REG,6,2005-10-16,Sunday,13:00,CIN,31.0,TEN,23.0,Home,-8.0,54.0,0.0,2005101602,28607.0,,200510160oti,,251016010,,7,7,,,-3.0,,,44.5,,,0,outdoors,grass,66.0,0.0,00-0021429,00-0011024,Carson Palmer,Steve McNair,Marvin Lewis,Jeff Fisher,Ron Winter,NAS00,The Coliseum
2005_07_TEN_ARI,2005,REG,7,2005-10-23,Sunday,16:15,TEN,10.0,ARI,20.0,Home,10.0,30.0,0.0,2005102312,28622.0,,200510230crd,,251023022,,7,14,,,3.0,,,45.0,,,0,outdoors,grass,83.0,5.0,00-0019041,00-0021206,Billy Volek,Josh McCown,Jeff Fisher,Dennis Green,Larry Nemmers,PHO99,Sun Devil Stadium
2005_08_OAK_TEN,2005,REG,8,2005-10-30,Sunday,13:00,OAK,34.0,TEN,25.0,Home,-9.0,59.0,0.0,2005103007,28635.0,,200510300oti,,251030010,,7,7,,,-2.0,,,46.0,,,0,outdoors,grass,67.0,9.0,00-0003292,00-0011024,Kerry Collins,Steve McNair,Norv Turner,Jeff Fisher,Terry McAulay,NAS00,The Coliseum
2005_09_TEN_CLE,2005,REG,9,2005-11-06,Sunday,13:00,TEN,14.0,CLE,20.0,Home,6.0,34.0,0.0,2005110608,28642.0,,200511060cle,,251106005,,7,7,,,3.0,,,39.0,,,0,outdoors,grass,64.0,18.0,00-0011024,00-0004293,Steve McNair,Trent Dilfer,Jeff Fisher,Romeo Crennel,Mike Carey,CLE00,Cleveland Browns Stadium
2005_11_JAX_TEN,2005,REG,11,2005-11-20,Sunday,13:00,JAX,31.0,TEN,28.0,Home,-3.0,59.0,0.0,2005112004,28677.0,,200511200oti,,251120010,,7,14,,,-4.0,,,38.0,,,1,outdoors,grass,56.0,3.0,00-0022177,00-0011024,Byron Leftwich,Steve McNair,Jack Del Rio,Jeff Fisher,Scott Green,NAS00,The Coliseum
2005_12_SF_TEN,2005,REG,12,2005-11-27,Sunday,13:00,SF,22.0,TEN,33.0,Home,11.0,55.0,0.0,2005112706,28693.0,,200511270oti,,251127010,,7,7,,,7.0,,,42.5,,,0,outdoors,grass,63.0,21.0,00-0022039,00-0011024,Ken Dorsey,Steve McNair,Mike Nolan,Jeff Fisher,Jeff Triplette,NAS00,The Coliseum
2005_13_TEN_IND,2005,REG,13,2005-12-04,Sunday,13:00,TEN,3.0,IND,35.0,Home,32.0,38.0,0.0,2005120409,28706.0,,200512040clt,,251204011,,7,6,,,14.0,,,47.5,,,1,dome,fieldturf,,,00-0011024,00-0010346,Steve McNair,Peyton Manning,Jeff Fisher,Tony Dungy,Tony Corrente,IND99,RCA Dome
2005_14_HOU_TEN,2005,REG,14,2005-12-11,Sunday,13:00,HOU,10.0,TEN,13.0,Home,3.0,23.0,0.0,2005121102,28724.0,,200512110oti,,251211010,,7,7,,,6.5,,,44.0,,,1,outdoors,grass,43.0,12.0,00-0020608,00-0011024,David Carr,Steve McNair,Dom Capers,Jeff Fisher,Bernie Kukar,NAS00,The Coliseum
2005_15_SEA_TEN,2005,REG,15,2005-12-18,Sunday,13:00,SEA,28.0,TEN,24.0,Home,-4.0,52.0,0.0,2005121806,28742.0,,200512180oti,,251218010,,7,7,,,-7.5,,,45.0,,,0,outdoors,grass,45.0,4.0,00-0007091,00-0011024,Matt Hasselbeck,Steve McNair,Mike Holmgren,Jeff Fisher,Gerry Austin,NAS00,The Coliseum
2005_16_TEN_MIA,2005,REG,16,2005-12-24,Saturday,13:00,TEN,10.0,MIA,24.0,Home,14.0,34.0,0.0,2005122409,28754.0,,200512240mia,,251224015,,6,6,,,5.5,,,43.0,,,0,outdoors,grass,77.0,14.0,00-0011024,00-0005589,Steve McNair,Gus Frerotte,Jeff Fisher,Nick Saban,Walt Anderson,MIA00,Dolphin Stadium
2005_17_TEN_JAX,2005,REG,17,2006-01-01,Sunday,16:05,TEN,13.0,JAX,40.0,Home,27.0,53.0,0.0,2006010110,28776.0,,200601010jax,,260101030,,8,8,,,4.0,,,38.0,,,1,outdoors,grass,69.0,7.0,00-0022768,00-0021231,Matt Mauck,David Garrard,Jeff Fisher,Jack Del Rio,Bill Carollo,JAX00,Alltel Stadium
2006_01_NYJ_TEN,2006,REG,1,2006-09-10,Sunday,13:00,NYJ,23.0,TEN,16.0,Home,-7.0,39.0,0.0,2006091008,28871.0,,200609100oti,3751.0,260910010,,7,7,,,2.5,,,35.0,,,0,outdoors,grass,85.0,5.0,00-0019559,00-0003292,Chad Pennington,Kerry Collins,Eric Mangini,Jeff Fisher,Gene Steratore,NAS00,LP Field
2006_02_TEN_SD,2006,REG,2,2006-09-17,Sunday,16:15,TEN,7.0,SD,40.0,Home,33.0,47.0,0.0,2006091713,28889.0,,200609170sdg,3763.0,260917024,,7,6,,,12.0,,,38.5,,,0,outdoors,grass,88.0,17.0,00-0003292,00-0022942,Kerry Collins,Philip Rivers,Jeff Fisher,Marty Schottenheimer,Ed Hochuli,SDG00,Qualcomm Stadium
2006_03_TEN_MIA,2006,REG,3,2006-09-24,Sunday,13:00,TEN,10.0,MIA,13.0,Home,3.0,23.0,0.0,2006092404,28898.0,,200609240mia,3779.0,260924015,,7,7,,,10.5,,,36.0,,,0,outdoors,grass,88.0,12.0,00-0003292,00-0003739,Kerry Collins,Daunte Culpepper,Jeff Fisher,Nick Saban,Ron Winter,MIA00,Dolphin Stadium
2006_04_DAL_TEN,2006,REG,4,2006-10-01,Sunday,13:00,DAL,45.0,TEN,14.0,Home,-31.0,59.0,0.0,2006100107,28915.0,,200610010oti,3797.0,261001010,,14,7,-500.0,450.0,-10.0,110.0,-118.0,37.0,-104.0,-106.0,0,outdoors,grass,75.0,0.0,00-0001361,00-0024218,Drew Bledsoe,Vince Young,Bill Parcells,Jeff Fisher,Jerome Boger,NAS00,LP Field
2006_05_TEN_IND,2006,REG,5,2006-10-08,Sunday,13:00,TEN,13.0,IND,14.0,Home,1.0,27.0,0.0,2006100803,28924.0,,200610080clt,3807.0,261008011,,7,7,1750.0,-2000.0,13.5,105.0,-115.0,47.5,,,1,dome,fieldturf,,,00-0024218,00-0010346,Vince Young,Peyton Manning,Jeff Fisher,Tony Dungy,Mike Carey,IND99,RCA Dome
2006_06_TEN_WAS,2006,REG,6,2006-10-15,Sunday,13:00,TEN,25.0,WAS,22.0,Home,-3.0,47.0,0.0,2006101507,28942.0,,200610150was,3827.0,261015028,,7,7,540.0,-600.0,11.5,100.0,-108.0,39.0,-106.0,-104.0,0,outdoors,grass,59.0,6.0,00-0024218,00-0002110,Vince Young,Mark Brunell,Jeff Fisher,Joe Gibbs,Bill Carollo,WAS00,FedExField
2006_08_HOU_TEN,2006,REG,8,2006-10-29,Sunday,13:00,HOU,22.0,TEN,28.0,Home,6.0,50.0,0.0,2006102907,28968.0,,200610290oti,3858.0,261029010,,7,14,143.0,-153.0,3.0,-103.0,-105.0,41.0,-113.0,103.0,1,outdoors,grass,72.0,8.0,00-0020608,00-0024218,David Carr,Vince Young,Gary Kubiak,Jeff Fisher,Gerry Austin,NAS00,LP Field
2006_09_TEN_JAX,2006,REG,9,2006-11-05,Sunday,13:00,TEN,7.0,JAX,37.0,Home,30.0,44.0,0.0,2006110504,28979.0,,200611050jax,3871.0,261105030,,7,7,414.0,-454.0,9.5,-107.0,-101.0,37.5,-101.0,-109.0,1,outdoors,grass,69.0,20.0,00-0024218,00-0021231,Vince Young,David Garrard,Jeff Fisher,Jack Del Rio,Scott Green,JAX00,Alltel Stadium
2006_10_BAL_TEN,2006,REG,10,2006-11-12,Sunday,13:00,BAL,27.0,TEN,26.0,Home,-1.0,53.0,0.0,2006111211,28997.0,,200611120oti,3888.0,261112010,,7,7,-280.0,260.0,-7.0,100.0,-108.0,38.5,-101.0,-109.0,0,outdoors,grass,47.0,11.0,00-0011024,00-0024218,Steve McNair,Vince Young,Brian Billick,Jeff Fisher,Jeff Triplette,NAS00,LP Field
2006_11_TEN_PHI,2006,REG,11,2006-11-19,Sunday,13:00,TEN,31.0,PHI,13.0,Home,-18.0,44.0,0.0,2006111910,29014.0,,200611190phi,3901.0,261119021,,7,7,670.0,-740.0,13.0,-104.0,-104.0,44.0,-110.0,100.0,0,outdoors,grass,50.0,7.0,00-0024218,00-0011022,Vince Young,Donovan McNabb,Jeff Fisher,Andy Reid,Walt Coleman,PHI00,Lincoln Financial Field
2006_12_NYG_TEN,2006,REG,12,2006-11-26,Sunday,16:15,NYG,21.0,TEN,24.0,Home,3.0,45.0,0.0,2006112609,29035.0,,200611260oti,3920.0,261126010,,6,7,-197.0,182.0,-4.0,-102.0,-106.0,45.0,-116.0,106.0,0,outdoors,grass,69.0,8.0,00-0022803,00-0024218,Eli Manning,Vince Young,Tom Coughlin,Jeff Fisher,Larry Nemmers,NAS00,LP Field
2006_13_IND_TEN,2006,REG,13,2006-12-03,Sunday,13:00,IND,17.0,TEN,20.0,Home,3.0,37.0,0.0,2006120308,29046.0,,200612030oti,3936.0,261203010,,7,7,-317.0,287.0,-7.5,101.0,-109.0,47.0,-107.0,-103.0,1,outdoors,grass,40.0,11.0,00-0010346,00-0024218,Peyton Manning,Vince Young,Tony Dungy,Jeff Fisher,Bill Leavy,NAS00,LP Field
2006_14_TEN_HOU,2006,REG,14,2006-12-10,Sunday,13:00,TEN,26.0,HOU,20.0,Home,-6.0,46.0,1.0,2006121004,29058.0,,200612100htx,3947.0,261210034,,7,7,102.0,-112.0,1.0,-106.0,-102.0,42.0,102.0,-112.0,1,closed,grass,,,00-0024218,00-0020608,Vince Young,David Carr,Jeff Fisher,Gary Kubiak,Tony Corrente,HOU00,Reliant Stadium
2006_15_JAX_TEN,2006,REG,15,2006-12-17,Sunday,13:00,JAX,17.0,TEN,24.0,Home,7.0,41.0,0.0,2006121708,29078.0,,200612170oti,3968.0,261217010,,7,7,-178.0,168.0,-3.5,-104.0,-104.0,40.5,-110.0,100.0,1,outdoors,grass,70.0,8.0,00-0021231,00-0024218,David Garrard,Vince Young,Jack Del Rio,Jeff Fisher,Mike Carey,NAS00,LP Field
2006_16_TEN_BUF,2006,REG,16,2006-12-24,Sunday,13:00,TEN,30.0,BUF,29.0,Home,-1.0,59.0,0.0,2006122401,29088.0,,200612240buf,3982.0,261224002,,7,7,215.0,-235.0,5.5,101.0,-109.0,37.5,-105.0,-105.0,0,outdoors,astroplay,39.0,15.0,00-0024218,00-0022912,Vince Young,J.P. Losman,Jeff Fisher,Dick Jauron,Jeff Triplette,BUF00,Ralph Wilson Stadium
2006_17_NE_TEN,2006,REG,17,2006-12-31,Sunday,13:00,NE,40.0,TEN,23.0,Home,-17.0,63.0,0.0,2006123112,29111.0,,200612310oti,4001.0,261231010,,7,7,168.0,-178.0,3.5,-104.0,-104.0,41.0,-115.0,105.0,0,outdoors,grass,63.0,13.0,00-0019596,00-0024218,Tom Brady,Vince Young,Bill Belichick,Jeff Fisher,Ed Hochuli,NAS00,LP Field
2007_01_TEN_JAX,2007,REG,1,2007-09-09,Sunday,13:00,TEN,13.0,JAX,10.0,Home,-3.0,23.0,0.0,2007090912,29200.0,,200709090jax,736.0,270909030,,7,7,315.0,-345.0,7.5,102.0,-110.0,39.5,-107.0,-103.0,1,outdoors,grass,86.0,0.0,00-0024218,00-0021231,Vince Young,David Garrard,Jeff Fisher,Jack Del Rio,Bill Carollo,JAX00,Jacksonville Municipal Stadium
2007_02_IND_TEN,2007,REG,2,2007-09-16,Sunday,13:00,IND,22.0,TEN,20.0,Home,-2.0,42.0,0.0,2007091607,29218.0,,200709160oti,754.0,270916010,,10,7,-300.0,270.0,-7.0,111.0,-119.0,45.0,100.0,-110.0,1,outdoors,grass,67.0,6.0,00-0010346,00-0024218,Peyton Manning,Vince Young,Tony Dungy,Jeff Fisher,Walt Coleman,NAS00,LP Field
2007_03_TEN_NO,2007,REG,3,2007-09-24,Monday,20:40,TEN,31.0,NO,14.0,Home,-17.0,45.0,0.0,2007092400,29242.0,,200709240nor,778.0,270924018,,8,8,212.0,-232.0,4.5,103.0,-111.0,46.0,-106.0,-104.0,0,dome,fieldturf,,,00-0024218,00-0020531,Vince Young,Drew Brees,Jeff Fisher,Sean Payton,Mike Carey,NOR00,Louisiana Superdome
2007_05_ATL_TEN,2007,REG,5,2007-10-07,Sunday,13:00,ATL,13.0,TEN,20.0,Home,7.0,33.0,0.0,2007100707,29264.0,,200710070oti,800.0,271007010,,7,13,295.0,-325.0,9.0,-130.0,122.0,41.0,-112.0,102.0,0,outdoors,grass,84.0,5.0,00-0021141,00-0024218,Joey Harrington,Vince Young,Bobby Petrino,Jeff Fisher,Jerome Boger,NAS00,LP Field
2007_06_TEN_TB,2007,REG,6,2007-10-14,Sunday,13:00,TEN,10.0,TB,13.0,Home,3.0,23.0,0.0,2007101407,29278.0,,200710140tam,814.0,271014027,,7,7,118.0,-128.0,1.0,108.0,-116.0,37.0,-105.0,-105.0,0,outdoors,grass,81.0,10.0,00-0024218,00-0005755,Vince Young,Jeff Garcia,Jeff Fisher,Jon Gruden,Scott Green,TAM00,Raymond James Stadium
2007_07_TEN_HOU,2007,REG,7,2007-10-21,Sunday,13:00,TEN,38.0,HOU,36.0,Home,-2.0,74.0,0.0,2007102103,29287.0,,200710210htx,823.0,271021034,,7,7,118.0,-128.0,2.0,101.0,-109.0,37.5,-105.0,-105.0,1,closed,grass,,,00-0003292,00-0022787,Kerry Collins,Matt Schaub,Jeff Fisher,Gary Kubiak,Larry Nemmers,HOU00,Reliant Stadium
2007_08_OAK_TEN,2007,REG,8,2007-10-28,Sunday,13:00,OAK,9.0,TEN,13.0,Home,4.0,22.0,0.0,2007102806,29304.0,,200710280oti,840.0,271028010,,7,7,265.0,-285.0,7.0,-110.0,102.0,39.5,-103.0,-107.0,0,outdoors,grass,58.0,16.0,00-0003739,00-0024218,Daunte Culpepper,Vince Young,Lane Kiffin,Jeff Fisher,Walt Anderson,NAS00,LP Field
2007_09_CAR_TEN,2007,REG,9,2007-11-04,Sunday,13:00,CAR,7.0,TEN,20.0,Home,13.0,27.0,0.0,2007110408,29319.0,,200711040oti,855.0,271104010,,7,7,230.0,-250.0,5.0,107.0,-115.0,36.0,100.0,-110.0,0,outdoors,grass,66.0,8.0,00-0020608,00-0024218,David Carr,Vince Young,John Fox,Jeff Fisher,Tony Corrente,NAS00,LP Field
2007_10_JAX_TEN,2007,REG,10,2007-11-11,Sunday,13:00,JAX,28.0,TEN,13.0,Home,-15.0,41.0,0.0,2007111106,29331.0,,200711110oti,867.0,271111010,,7,7,200.0,-220.0,4.5,-102.0,-106.0,36.0,-107.0,-103.0,1,outdoors,grass,62.0,11.0,00-0020613,00-0024218,Quinn Gray,Vince Young,Jack Del Rio,Jeff Fisher,Ed Hochuli,NAS00,LP Field
2007_11_TEN_DEN,2007,REG,11,2007-11-19,Monday,20:40,TEN,20.0,DEN,34.0,Home,14.0,54.0,0.0,2007111900,29354.0,,200711190den,890.0,271119007,,8,8,100.0,-110.0,1.0,-104.0,-104.0,38.0,-106.0,-104.0,0,outdoors,grass,63.0,12.0,00-0024218,00-0024226,Vince Young,Jay Cutler,Jeff Fisher,Mike Shanahan,Gerry Austin,DEN00,Invesco Field at Mile High
2007_12_TEN_CIN,2007,REG,12,2007-11-25,Sunday,13:00,TEN,6.0,CIN,35.0,Home,29.0,41.0,0.0,2007112502,29360.0,,200711250cin,896.0,271125004,,6,7,105.0,-115.0,1.0,103.0,-111.0,47.0,-107.0,-103.0,0,outdoors,fieldturf,42.0,2.0,00-0024218,00-0021429,Vince Young,Carson Palmer,Jeff Fisher,Marvin Lewis,John Parry,CIN00,Paul Brown Stadium
2007_13_HOU_TEN,2007,REG,13,2007-12-02,Sunday,13:00,HOU,20.0,TEN,28.0,Home,8.0,48.0,0.0,2007120208,29380.0,,200712020oti,916.0,271202010,,7,7,175.0,-185.0,3.5,-113.0,105.0,39.5,102.0,-112.0,1,outdoors,grass,61.0,19.0,00-0022787,00-0024218,Matt Schaub,Vince Young,Gary Kubiak,Jeff Fisher,Jeff Triplette,NAS00,LP Field
2007_14_SD_TEN,2007,REG,14,2007-12-09,Sunday,13:00,SD,23.0,TEN,17.0,Home,-6.0,40.0,1.0,2007120908,29396.0,,200712090oti,932.0,271209010,,7,7,-105.0,-105.0,-1.0,100.0,-108.0,40.0,-110.0,100.0,0,outdoors,grass,69.0,7.0,00-0022942,00-0024218,Philip Rivers,Vince Young,Norv Turner,Jeff Fisher,Bill Carollo,NAS00,LP Field
2007_15_TEN_KC,2007,REG,15,2007-12-16,Sunday,13:00,TEN,26.0,KC,17.0,Home,-9.0,43.0,0.0,2007121602,29407.0,,200712160kan,943.0,271216012,,7,7,-182.0,172.0,-3.5,102.0,-110.0,34.0,-116.0,106.0,0,outdoors,grass,22.0,6.0,00-0024218,00-0024300,Vince Young,Brodie Croyle,Jeff Fisher,Herm Edwards,Bill Leavy,KAN00,Arrowhead Stadium
2007_16_NYJ_TEN,2007,REG,16,2007-12-23,Sunday,16:15,NYJ,6.0,TEN,10.0,Home,4.0,16.0,0.0,2007122311,29432.0,,200712230oti,968.0,271223010,,7,7,336.0,-366.0,9.0,-120.0,112.0,37.0,-118.0,108.0,0,outdoors,grass,42.0,10.0,00-0019559,00-0024218,Chad Pennington,Vince Young,Eric Mangini,Jeff Fisher,Terry McAulay,NAS00,LP Field
2007_17_TEN_IND,2007,REG,17,2007-12-30,Sunday,20:25,TEN,16.0,IND,10.0,Home,-6.0,26.0,0.0,2007123006,29442.0,,200712300clt,978.0,271230011,,7,7,-219.0,199.0,-4.0,-113.0,105.0,40.5,-107.0,-103.0,1,dome,fieldturf,,,00-0024218,00-0022744,Vince Young,Jim Sorgi,Jeff Fisher,Tony Dungy,Ron Winter,IND99,RCA Dome
2007_18_TEN_SD,2007,WC,18,2008-01-06,Sunday,16:30,TEN,6.0,SD,17.0,Home,11.0,23.0,0.0,2008010601,29519.0,,200801060sdg,990.0,280106024,,7,7,525.0,-575.0,10.5,102.0,-110.0,38.5,-107.0,-103.0,0,outdoors,grass,57.0,8.0,00-0024218,00-0022942,Vince Young,Philip Rivers,Jeff Fisher,Norv Turner,Ed Hochuli,SDG00,Qualcomm Stadium
2008_01_JAX_TEN,2008,REG,1,2008-09-07,Sunday,13:00,JAX,10.0,TEN,17.0,Home,7.0,27.0,0.0,2008090708,29537.0,,200809070oti,1068.0,280907010,,7,7,,,-3.0,,,36.5,,,1,outdoors,grass,78.0,0.0,00-0021231,00-0024218,David Garrard,Vince Young,Jack Del Rio,Jeff Fisher,Tony Corrente,NAS00,LP Field
2008_02_TEN_CIN,2008,REG,2,2008-09-14,Sunday,13:00,TEN,24.0,CIN,7.0,Home,-17.0,31.0,0.0,2008091401,29545.0,,200809140cin,1079.0,280914004,,7,7,,,1.0,,,37.0,,,0,outdoors,fieldturf,88.0,70.0,00-0003292,00-0021429,Kerry Collins,Carson Palmer,Jeff Fisher,Marvin Lewis,Alberto Riveron,CIN00,Paul Brown Stadium
2008_03_HOU_TEN,2008,REG,3,2008-09-21,Sunday,13:00,HOU,12.0,TEN,31.0,Home,19.0,43.0,0.0,2008092106,29566.0,,200809210oti,1099.0,280921010,,14,7,,,5.0,,,40.0,,,1,outdoors,grass,80.0,4.0,00-0022787,00-0003292,Matt Schaub,Kerry Collins,Gary Kubiak,Jeff Fisher,Jerome Boger,NAS00,LP Field
2008_04_MIN_TEN,2008,REG,4,2008-09-28,Sunday,13:00,MIN,17.0,TEN,30.0,Home,13.0,47.0,0.0,2008092807,29583.0,,200809280oti,1118.0,280928010,,7,7,,,3.0,,,35.0,,,0,outdoors,grass,78.0,10.0,00-0005589,00-0003292,Gus Frerotte,Kerry Collins,Brad Childress,Jeff Fisher,Peter Morelli,NAS00,LP Field
2008_05_TEN_BAL,2008,REG,5,2008-10-05,Sunday,13:00,TEN,13.0,BAL,10.0,Home,-3.0,23.0,0.0,2008100500,29589.0,,200810050rav,1125.0,281005033,,7,6,-105.0,-105.0,-1.0,101.0,-109.0,33.5,-102.0,-108.0,0,outdoors,sportturf,69.0,3.0,00-0003292,00-0026158,Kerry Collins,Joe Flacco,Jeff Fisher,John Harbaugh,Bill Carollo,BAL00,M&T Bank Stadium
2008_07_TEN_KC,2008,REG,7,2008-10-19,Sunday,13:00,TEN,34.0,KC,10.0,Home,-24.0,44.0,0.0,2008101904,29621.0,,200810190kan,1154.0,281019012,,14,14,-380.0,350.0,-9.0,-102.0,-106.0,35.0,-102.0,-108.0,0,outdoors,grass,63.0,10.0,00-0003292,00-0024300,Kerry Collins,Brodie Croyle,Jeff Fisher,Herm Edwards,Gene Steratore,KAN00,Arrowhead Stadium
2008_08_IND_TEN,2008,REG,8,2008-10-27,Monday,20:30,IND,21.0,TEN,31.0,Home,10.0,52.0,0.0,2008102700,29643.0,,200810270oti,1179.0,281027010,,8,8,165.0,-175.0,4.0,-115.0,107.0,40.5,-104.0,-106.0,1,outdoors,grass,45.0,10.0,00-0010346,00-0003292,Peyton Manning,Kerry Collins,Tony Dungy,Jeff Fisher,Mike Carey,NAS00,LP Field
2008_09_GB_TEN,2008,REG,9,2008-11-02,Sunday,13:00,GB,16.0,TEN,19.0,Home,3.0,35.0,1.0,2008110207,29651.0,,200811020oti,1187.0,281102010,,14,6,157.0,-167.0,3.5,-114.0,106.0,41.0,-105.0,-105.0,0,outdoors,grass,69.0,0.0,00-0023459,00-0003292,Aaron Rodgers,Kerry Collins,Mike McCarthy,Jeff Fisher,Bill Leavy,NAS00,LP Field
2008_10_TEN_CHI,2008,REG,10,2008-11-09,Sunday,13:00,TEN,21.0,CHI,14.0,Home,-7.0,35.0,0.0,2008110901,29660.0,,200811090chi,1195.0,281109003,,7,7,-129.0,119.0,-1.0,-124.0,116.0,37.0,101.0,-111.0,0,outdoors,grass,37.0,16.0,00-0003292,00-0022121,Kerry Collins,Rex Grossman,Jeff Fisher,Lovie Smith,Ed Hochuli,CHI98,Soldier Field
2008_11_TEN_JAX,2008,REG,11,2008-11-16,Sunday,16:15,TEN,24.0,JAX,14.0,Home,-10.0,38.0,0.0,2008111605,29678.0,,200811160jax,1210.0,281116030,,7,7,-127.0,117.0,-1.0,-120.0,112.0,39.5,100.0,-110.0,1,outdoors,grass,60.0,10.0,00-0003292,00-0021231,Kerry Collins,David Garrard,Jeff Fisher,Jack Del Rio,Walt Coleman,JAX00,Jacksonville Municipal Stadium
2008_12_NYJ_TEN,2008,REG,12,2008-11-23,Sunday,13:00,NYJ,34.0,TEN,13.0,Home,-21.0,47.0,0.0,2008112309,29698.0,,200811230oti,1227.0,281123010,,10,7,187.0,-205.0,5.5,-112.0,104.0,41.0,-108.0,-102.0,0,outdoors,grass,52.0,6.0,00-0005106,00-0003292,Brett Favre,Kerry Collins,Eric Mangini,Jeff Fisher,Carl Cheffers,NAS00,LP Field
2008_13_TEN_DET,2008,REG,13,2008-11-27,Thursday,12:30,TEN,47.0,DET,10.0,Home,-37.0,57.0,0.0,2008112700,29704.0,,200811270det,1239.0,281127008,,4,4,-530.0,480.0,-11.0,101.0,-109.0,43.5,-107.0,-103.0,0,dome,fieldturf,,,00-0003292,00-0003739,Kerry Collins,Daunte Culpepper,Jeff Fisher,Rod Marinelli,Jeff Triplette,DET00,Ford Field
2008_14_CLE_TEN,2008,REG,14,2008-12-07,Sunday,13:00,CLE,9.0,TEN,28.0,Home,19.0,37.0,0.0,2008120707,29728.0,,200812070oti,1260.0,281207010,,7,10,612.0,-672.0,14.0,-116.0,108.0,36.5,-104.0,-106.0,0,outdoors,grass,32.0,6.0,00-0022039,00-0003292,Ken Dorsey,Kerry Collins,Romeo Crennel,Jeff Fisher,Ron Winter,NAS00,LP Field
2008_15_TEN_HOU,2008,REG,15,2008-12-14,Sunday,13:00,TEN,12.0,HOU,13.0,Home,1.0,25.0,0.0,2008121404,29741.0,,200812140htx,1274.0,281214034,,7,7,-143.0,133.0,-3.0,106.0,-114.0,45.0,-114.0,104.0,1,open,grass,,,00-0003292,00-0022787,Kerry Collins,Matt Schaub,Jeff Fisher,Gary Kubiak,Gene Steratore,HOU00,Reliant Stadium
2008_16_PIT_TEN,2008,REG,16,2008-12-21,Sunday,13:00,PIT,14.0,TEN,31.0,Home,17.0,45.0,0.0,2008122107,29761.0,,200812210oti,1292.0,281221010,,7,7,-139.0,129.0,-2.5,-113.0,105.0,34.0,-104.0,-106.0,0,outdoors,grass,29.0,11.0,00-0022924,00-0003292,Ben Roethlisberger,Kerry Collins,Mike Tomlin,Jeff Fisher,John Parry,NAS00,LP Field
2008_17_TEN_IND,2008,REG,17,2008-12-28,Sunday,13:00,TEN,0.0,IND,23.0,Home,23.0,23.0,0.0,2008122806,29774.0,,200812280clt,1304.0,281228011,,7,10,,,-3.0,,,39.5,,,1,closed,fieldturf,,,00-0024218,00-0022744,Vince Young,Jim Sorgi,Jeff Fisher,Tony Dungy,Tony Corrente,IND00,Lucas Oil Stadium
2008_19_BAL_TEN,2008,DIV,19,2009-01-10,Saturday,16:30,BAL,13.0,TEN,10.0,Home,-3.0,23.0,0.0,2009011000,54459.0,,200901100oti,1323.0,290110010,,6,13,134.0,-144.0,3.0,-114.0,106.0,33.5,-101.0,-109.0,0,outdoors,grass,53.0,11.0,00-0026158,00-0003292,Joe Flacco,Kerry Collins,John Harbaugh,Jeff Fisher,Terry McAulay,NAS00,LP Field
2009_01_TEN_PIT,2009,REG,1,2009-09-10,Thursday,20:30,TEN,10.0,PIT,13.0,Home,3.0,23.0,1.0,2009091000,54467.0,,200909100pit,1395.0,290910023,,7,7,228.0,-260.0,6.5,-116.0,107.0,35.5,-106.0,-104.0,0,outdoors,dessograss,67.0,9.0,00-0003292,00-0022924,Kerry Collins,Ben Roethlisberger,Jeff Fisher,Mike Tomlin,Bill Leavy,PIT00,Heinz Field
2009_02_HOU_TEN,2009,REG,2,2009-09-20,Sunday,13:00,HOU,34.0,TEN,31.0,Home,-3.0,65.0,0.0,2009092007,54490.0,,200909200oti,1414.0,290920010,,7,10,,,7.0,,,40.5,,,1,outdoors,grass,77.0,13.0,00-0022787,00-0003292,Matt Schaub,Kerry Collins,Gary Kubiak,Jeff Fisher,Walt Coleman,NAS00,LP Field
2009_03_TEN_NYJ,2009,REG,3,2009-09-27,Sunday,13:00,TEN,17.0,NYJ,24.0,Home,7.0,41.0,0.0,2009092711,54499.0,,200909270nyj,1436.0,290927020,,7,7,102.0,-112.0,1.0,-102.0,-106.0,36.5,104.0,-114.0,0,outdoors,fieldturf,66.0,8.0,00-0003292,00-0026898,Kerry Collins,Mark Sanchez,Jeff Fisher,Rex Ryan,Mike Carey,NYC00,Giants Stadium
2009_04_TEN_JAX,2009,REG,4,2009-10-04,Sunday,13:00,TEN,17.0,JAX,37.0,Home,20.0,54.0,0.0,2009100404,54519.0,,200910040jax,1449.0,291004030,,7,7,-176.0,161.0,-3.0,-120.0,111.0,42.0,-110.0,100.0,1,outdoors,grass,79.0,5.0,00-0003292,00-0021231,Kerry Collins,David Garrard,Jeff Fisher,Jack Del Rio,Alberto Riveron,JAX00,Jacksonville Municipal Stadium
2009_05_IND_TEN,2009,REG,5,2009-10-11,Sunday,20:20,IND,31.0,TEN,9.0,Home,-22.0,40.0,0.0,2009101112,54541.0,,200910110oti,1469.0,291011010,,7,7,-186.0,168.0,-3.0,-118.0,109.0,44.0,101.0,-111.0,1,outdoors,grass,57.0,4.0,00-0010346,00-0003292,Peyton Manning,Kerry Collins,Jim Caldwell,Jeff Fisher,Walt Anderson,NAS00,LP Field
2009_06_TEN_NE,2009,REG,6,2009-10-18,Sunday,16:15,TEN,0.0,NE,59.0,Home,59.0,59.0,0.0,2009101810,54553.0,,200910180nwe,1482.0,291018017,,7,7,376.0,-436.0,9.5,-113.0,104.0,38.0,-116.0,106.0,0,outdoors,fieldturf,39.0,13.0,00-0003292,00-0019596,Kerry Collins,Tom Brady,Jeff Fisher,Bill Belichick,Gene Steratore,BOS00,Gillette Stadium
2009_08_JAX_TEN,2009,REG,8,2009-11-01,Sunday,16:05,JAX,13.0,TEN,30.0,Home,17.0,43.0,0.0,2009110109,54579.0,,200911010oti,1506.0,291101010,,14,14,150.0,-165.0,3.0,-106.0,-102.0,44.0,-104.0,-106.0,1,outdoors,grass,59.0,11.0,00-0021231,00-0024218,David Garrard,Vince Young,Jack Del Rio,Jeff Fisher,Peter Morelli,NAS00,LP Field
2009_09_TEN_SF,2009,REG,9,2009-11-08,Sunday,16:15,TEN,34.0,SF,27.0,Home,-7.0,61.0,0.0,2009110810,54593.0,,200911080sfo,1521.0,291108025,,7,7,181.0,-201.0,4.5,-108.0,100.0,41.0,-103.0,-107.0,0,outdoors,grass,63.0,5.0,00-0024218,00-0023436,Vince Young,Alex Smith,Jeff Fisher,Mike Singletary,Carl Cheffers,SFO00,Candlestick Park
2009_10_BUF_TEN,2009,REG,10,2009-11-15,Sunday,13:00,BUF,17.0,TEN,41.0,Home,24.0,58.0,0.0,2009111506,54603.0,,200911150oti,1525.0,291115010,,14,7,300.0,-340.0,9.0,-121.0,112.0,41.0,-102.0,-108.0,0,outdoors,grass,68.0,5.0,00-0025479,00-0024218,Trent Edwards,Vince Young,Dick Jauron,Jeff Fisher,John Parry,NAS00,LP Field
2009_11_TEN_HOU,2009,REG,11,2009-11-23,Monday,20:30,TEN,20.0,HOU,17.0,Home,-3.0,37.0,0.0,2009112300,54626.0,,200911230htx,1554.0,291123034,,8,15,167.0,-185.0,4.0,-114.0,105.0,48.0,102.0,-112.0,1,open,grass,,,00-0024218,00-0022787,Vince Young,Matt Schaub,Jeff Fisher,Gary Kubiak,Jerome Boger,HOU00,Reliant Stadium
2009_12_ARI_TEN,2009,REG,12,2009-11-29,Sunday,16:15,ARI,17.0,TEN,20.0,Home,3.0,37.0,0.0,2009112908,54638.0,,200911290oti,1561.0,291129010,,7,6,173.0,-191.0,3.5,-106.0,-102.0,44.5,105.0,-115.0,0,outdoors,grass,59.0,9.0,00-0024225,00-0024218,Matt Leinart,Vince Young,Ken Whisenhunt,Jeff Fisher,Terry McAulay,NAS00,LP Field
2009_13_TEN_IND,2009,REG,13,2009-12-06,Sunday,13:00,TEN,17.0,IND,27.0,Home,10.0,44.0,0.0,2009120604,54648.0,,200912060clt,1575.0,291206011,,7,7,224.0,-250.0,6.0,104.0,-112.0,47.0,-104.0,-106.0,1,closed,fieldturf,,,00-0024218,00-0010346,Vince Young,Peyton Manning,Jeff Fisher,Jim Caldwell,Ron Winter,IND00,Lucas Oil Stadium
2009_14_STL_TEN,2009,REG,14,2009-12-13,Sunday,16:05,STL,7.0,TEN,47.0,Home,40.0,54.0,0.0,2009121310,54670.0,,200912130oti,1590.0,291213010,,7,7,570.0,-700.0,13.5,101.0,-109.0,40.0,-108.0,-102.0,0,outdoors,grass,54.0,0.0,00-0027131,00-0024218,Keith Null,Vince Young,Steve Spagnuolo,Jeff Fisher,Jeff Triplette,NAS00,LP Field
2009_15_MIA_TEN,2009,REG,15,2009-12-20,Sunday,13:00,MIA,24.0,TEN,27.0,Home,3.0,51.0,1.0,2009122008,54685.0,,200912200oti,1607.0,291220010,,7,7,204.0,-230.0,4.5,100.0,-108.0,42.5,-103.0,-107.0,0,outdoors,grass,35.0,5.0,00-0026197,00-0024218,Chad Henne,Vince Young,Tony Sparano,Jeff Fisher,Scott Green,NAS00,LP Field
2009_16_SD_TEN,2009,REG,16,2009-12-25,Friday,19:30,SD,42.0,TEN,17.0,Home,-25.0,59.0,0.0,2009122500,54691.0,,200912250oti,1619.0,291225010,,5,5,120.0,-132.0,1.0,112.0,-121.0,47.5,-102.0,-108.0,0,outdoors,grass,33.0,7.0,00-0022942,00-0024218,Philip Rivers,Vince Young,Norv Turner,Jeff Fisher,Tony Corrente,NAS00,LP Field
2009_17_TEN_SEA,2009,REG,17,2010-01-03,Sunday,16:15,TEN,17.0,SEA,13.0,Home,-4.0,30.0,0.0,2010010315,54722.0,,201001030sea,1648.0,300103026,,9,7,-245.0,219.0,-6.0,107.0,-116.0,45.0,-106.0,-104.0,0,outdoors,fieldturf,46.0,0.0,00-0024218,00-0007091,Vince Young,Matt Hasselbeck,Jeff Fisher,Jim Mora,Ed Hochuli,SEA00,Qwest Field
2010_01_OAK_TEN,2010,REG,1,2010-09-12,Sunday,13:00,OAK,13.0,TEN,38.0,Home,25.0,51.0,0.0,2010091205,54872.0,,201009120oti,1734.0,300912010,,7,7,235.0,-265.0,6.5,-102.0,-106.0,39.5,-105.0,-105.0,0,outdoors,grass,77.0,9.0,00-0023460,00-0024218,Jason Campbell,Vince Young,Tom Cable,Jeff Fisher,Bill Leavy,NAS00,LP Field
2010_02_PIT_TEN,2010,REG,2,2010-09-19,Sunday,13:00,PIT,19.0,TEN,11.0,Home,-8.0,30.0,0.0,2010091904,54887.0,,201009190oti,1745.0,300919010,,7,7,231.0,-260.0,6.0,-104.0,-104.0,36.5,-115.0,104.0,0,outdoors,grass,87.0,3.0,00-0026296,00-0024218,Dennis Dixon,Vince Young,Mike Tomlin,Jeff Fisher,John Parry,NAS00,LP Field
2010_03_TEN_NYG,2010,REG,3,2010-09-26,Sunday,13:00,TEN,29.0,NYG,10.0,Home,-19.0,39.0,0.0,2010092600,54902.0,,201009260nyg,1759.0,300926019,,7,7,133.0,-147.0,3.0,-112.0,104.0,43.5,-104.0,-106.0,0,outdoors,fieldturf,70.0,3.0,00-0024218,00-0022803,Vince Young,Eli Manning,Jeff Fisher,Tom Coughlin,Tony Corrente,NYC01,New Meadowlands Stadium
2010_04_DEN_TEN,2010,REG,4,2010-10-03,Sunday,13:00,DEN,26.0,TEN,20.0,Home,-6.0,46.0,0.0,2010100303,54918.0,,201010030oti,1778.0,301003010,,7,7,244.0,-275.0,6.0,102.0,-110.0,43.5,-101.0,-109.0,0,outdoors,grass,54.0,13.0,00-0023541,00-0024218,Kyle Orton,Vince Young,Josh McDaniels,Jeff Fisher,Clete Blakeman,NAS00,LP Field
2010_05_TEN_DAL,2010,REG,5,2010-10-10,Sunday,16:15,TEN,34.0,DAL,27.0,Home,-7.0,61.0,0.0,2010101010,54935.0,,201010100dal,1799.0,301010006,,7,14,264.0,-300.0,6.5,101.0,-109.0,43.5,-108.0,-102.0,0,closed,matrixturf,,,00-0024218,00-0021678,Vince Young,Tony Romo,Jeff Fisher,Wade Phillips,Jeff Triplette,DAL00,Cowboys Stadium
2010_06_TEN_JAX,2010,REG,6,2010-10-18,Monday,20:30,TEN,30.0,JAX,3.0,Home,-27.0,33.0,0.0,2010101800,54952.0,,201010180jax,1816.0,301018030,,8,8,-143.0,129.0,-3.0,105.0,-114.0,43.5,101.0,-111.0,1,outdoors,grass,70.0,8.0,00-0024218,00-0021231,Vince Young,David Garrard,Jeff Fisher,Jack Del Rio,Mike Carey,JAX00,EverBank Field
2010_07_PHI_TEN,2010,REG,7,2010-10-24,Sunday,13:00,PHI,19.0,TEN,37.0,Home,18.0,56.0,0.0,2010102408,54821.0,,201010240oti,1825.0,301024010,,7,6,129.0,-142.0,3.0,-118.0,109.0,41.0,-108.0,-102.0,0,outdoors,grass,78.0,22.0,00-0025423,00-0003292,Kevin Kolb,Kerry Collins,Andy Reid,Jeff Fisher,Ed Hochuli,NAS00,LP Field
2010_08_TEN_SD,2010,REG,8,2010-10-31,Sunday,16:05,TEN,25.0,SD,33.0,Home,8.0,58.0,0.0,2010103107,54834.0,,201010310sdg,1838.0,301031024,,7,7,198.0,-221.0,6.0,-107.0,-101.0,45.0,104.0,-115.0,0,outdoors,grass,65.0,10.0,00-0024218,00-0022942,Vince Young,Philip Rivers,Jeff Fisher,Norv Turner,Bill Leavy,SDG00,Qualcomm Stadium
2010_10_TEN_MIA,2010,REG,10,2010-11-14,Sunday,13:00,TEN,17.0,MIA,29.0,Home,12.0,46.0,0.0,2010111400,54859.0,,201011140mia,1858.0,301114015,,14,7,111.0,-123.0,1.0,108.0,-117.0,43.0,104.0,-115.0,0,outdoors,grass,79.0,9.0,00-0003292,00-0019559,Kerry Collins,Chad Pennington,Jeff Fisher,Tony Sparano,Peter Morelli,MIA00,Sun Life Stadium
2010_11_WAS_TEN,2010,REG,11,2010-11-21,Sunday,13:00,WAS,19.0,TEN,16.0,Home,-3.0,35.0,1.0,2010112108,54969.0,,201011210oti,1875.0,301121010,,6,7,273.0,-310.0,7.0,-112.0,104.0,44.0,100.0,-110.0,0,outdoors,grass,66.0,12.0,00-0011022,00-0024218,Donovan McNabb,Vince Young,Mike Shanahan,Jeff Fisher,Terry McAulay,NAS00,LP Field
2010_12_TEN_HOU,2010,REG,12,2010-11-28,Sunday,13:00,TEN,0.0,HOU,20.0,Home,20.0,20.0,0.0,2010112802,54984.0,,201011280htx,1892.0,301128034,,7,7,180.0,-200.0,5.0,-110.0,102.0,46.5,-108.0,-102.0,1,open,grass,,,00-0027775,00-0022787,Rusty Smith,Matt Schaub,Jeff Fisher,Gary Kubiak,Clete Blakeman,HOU00,Reliant Stadium
2010_13_JAX_TEN,2010,REG,13,2010-12-05,Sunday,13:00,JAX,17.0,TEN,6.0,Home,-11.0,23.0,0.0,2010120502,55001.0,,201012050oti,1906.0,301205010,,7,7,156.0,-173.0,3.0,107.0,-116.0,43.5,-107.0,-103.0,1,outdoors,grass,35.0,11.0,00-0021231,00-0003292,David Garrard,Kerry Collins,Jack Del Rio,Jeff Fisher,Ron Winter,NAS00,LP Field
2010_14_IND_TEN,2010,REG,14,2010-12-09,Thursday,20:20,IND,30.0,TEN,28.0,Home,-2.0,58.0,0.0,2010120900,55008.0,,201012090oti,1919.0,301209010,,4,4,-179.0,161.0,-3.0,-115.0,106.0,44.0,-101.0,-109.0,1,outdoors,grass,35.0,6.0,00-0010346,00-0003292,Peyton Manning,Kerry Collins,Jim Caldwell,Jeff Fisher,John Parry,NAS00,LP Field
2010_15_HOU_TEN,2010,REG,15,2010-12-19,Sunday,13:00,HOU,17.0,TEN,31.0,Home,14.0,48.0,0.0,2010121904,55034.0,,201012190oti,1940.0,301219010,,6,10,110.0,-121.0,2.0,-102.0,-106.0,47.5,100.0,-110.0,1,outdoors,grass,36.0,4.0,00-0022787,00-0003292,Matt Schaub,Kerry Collins,Gary Kubiak,Jeff Fisher,Gene Steratore,NAS00,LP Field
2010_16_TEN_KC,2010,REG,16,2010-12-26,Sunday,13:00,TEN,14.0,KC,34.0,Home,20.0,48.0,0.0,2010122603,55046.0,,201012260kan,1956.0,301226012,,7,7,171.0,-190.0,4.0,-108.0,100.0,42.5,-107.0,-103.0,0,outdoors,grass,19.0,7.0,00-0003292,00-0023662,Kerry Collins,Matt Cassel,Jeff Fisher,Todd Haley,Scott Green,KAN00,Arrowhead Stadium
2010_17_TEN_IND,2010,REG,17,2011-01-02,Sunday,16:15,TEN,20.0,IND,23.0,Home,3.0,43.0,0.0,2011010205,55062.0,,201101020clt,1972.0,310102011,,7,7,372.0,-434.0,9.0,-116.0,107.0,47.5,-107.0,-103.0,1,closed,fieldturf,,,00-0003292,00-0010346,Kerry Collins,Peyton Manning,Jeff Fisher,Jim Caldwell,Ed Hochuli,IND00,Lucas Oil Stadium
2011_01_TEN_JAX,2011,REG,1,2011-09-11,Sunday,13:00,TEN,14.0,JAX,16.0,Home,2.0,30.0,0.0,2011091103,55169.0,,201109110jax,2066.0,310911030,,7,7,-108.0,-102.0,-1.0,-102.0,-106.0,38.0,-101.0,-109.0,1,outdoors,grass,87.0,5.0,00-0007091,00-0022864,Matt Hasselbeck,Luke McCown,Mike Munchak,Jack Del Rio,Mike Carey,JAX00,EverBank Field
2011_02_BAL_TEN,2011,REG,2,2011-09-18,Sunday,13:00,BAL,13.0,TEN,26.0,Home,13.0,39.0,0.0,2011091802,55188.0,,201109180oti,2087.0,310918010,,7,7,-242.0,216.0,-5.5,104.0,-113.0,39.5,-107.0,-103.0,0,outdoors,grass,76.0,11.0,00-0026158,00-0007091,Joe Flacco,Matt Hasselbeck,John Harbaugh,Mike Munchak,Clete Blakeman,NAS00,LP Field
2011_03_DEN_TEN,2011,REG,3,2011-09-25,Sunday,13:00,DEN,14.0,TEN,17.0,Home,3.0,31.0,0.0,2011092504,55203.0,,201109250oti,2103.0,310925010,,7,7,273.0,-310.0,7.0,-108.0,100.0,43.5,-109.0,-101.0,0,outdoors,grass,73.0,11.0,00-0023541,00-0007091,Kyle Orton,Matt Hasselbeck,John Fox,Mike Munchak,John Parry,NAS00,LP Field
2011_04_TEN_CLE,2011,REG,4,2011-10-02,Sunday,13:00,TEN,31.0,CLE,13.0,Home,-18.0,44.0,0.0,2011100201,55214.0,,201110020cle,2108.0,311002005,,7,7,118.0,-130.0,1.0,112.0,-121.0,37.5,-102.0,-108.0,0,outdoors,grass,48.0,24.0,00-0007091,00-0027688,Matt Hasselbeck,Colt McCoy,Mike Munchak,Pat Shurmur,Peter Morelli,CLE00,Cleveland Browns Stadium
2011_05_TEN_PIT,2011,REG,5,2011-10-09,Sunday,13:00,TEN,17.0,PIT,38.0,Home,21.0,55.0,0.0,2011100900,55235.0,,201110090pit,2131.0,311009023,,7,7,156.0,-173.0,3.0,108.0,-117.0,40.0,-108.0,-102.0,0,outdoors,grass,70.0,3.0,00-0007091,00-0022924,Matt Hasselbeck,Ben Roethlisberger,Mike Munchak,Mike Tomlin,Walt Anderson,PIT00,Heinz Field
2011_07_HOU_TEN,2011,REG,7,2011-10-23,Sunday,13:00,HOU,41.0,TEN,7.0,Home,-34.0,48.0,0.0,2011102302,55260.0,,201110230oti,2158.0,311023010,,7,14,125.0,-138.0,3.0,-123.0,114.0,44.0,-106.0,-104.0,1,outdoors,grass,72.0,0.0,00-0022787,00-0007091,Matt Schaub,Matt Hasselbeck,Gary Kubiak,Mike Munchak,Terry McAulay,NAS00,LP Field
2011_08_IND_TEN,2011,REG,8,2011-10-30,Sunday,13:00,IND,10.0,TEN,27.0,Home,17.0,37.0,0.0,2011103002,55272.0,,201110300oti,2172.0,311030010,,7,7,337.0,-389.0,9.0,-125.0,115.0,43.5,-102.0,-108.0,1,outdoors,grass,62.0,0.0,00-0027134,00-0007091,Curtis Painter,Matt Hasselbeck,Jim Caldwell,Mike Munchak,Jerome Boger,NAS00,LP Field
2011_09_CIN_TEN,2011,REG,9,2011-11-06,Sunday,16:05,CIN,24.0,TEN,17.0,Home,-7.0,41.0,0.0,2011110608,55288.0,,201111060oti,2186.0,311106010,,7,7,123.0,-136.0,1.5,109.0,-118.0,41.5,102.0,-113.0,0,outdoors,grass,68.0,13.0,00-0027973,00-0007091,Andy Dalton,Matt Hasselbeck,Marvin Lewis,Mike Munchak,Jeff Triplette,NAS00,LP Field
2011_10_TEN_CAR,2011,REG,10,2011-11-13,Sunday,13:00,TEN,30.0,CAR,3.0,Home,-27.0,33.0,0.0,2011111301,55296.0,,201111130car,2201.0,311113029,,7,14,171.0,-190.0,3.5,-106.0,-102.0,47.5,-103.0,-107.0,0,outdoors,grass,57.0,12.0,00-0007091,00-0027939,Matt Hasselbeck,Cam Newton,Mike Munchak,Ron Rivera,Walt Coleman,CAR00,Bank of America Stadium
2011_11_TEN_ATL,2011,REG,11,2011-11-20,Sunday,16:15,TEN,17.0,ATL,23.0,Home,6.0,40.0,0.0,2011112001,55311.0,,201111200atl,2209.0,311120001,,7,7,222.0,-250.0,6.0,-109.0,101.0,44.0,-108.0,-102.0,0,dome,fieldturf,,,00-0007091,00-0026143,Matt Hasselbeck,Matt Ryan,Mike Munchak,Mike Smith,John Parry,ATL00,Georgia Dome
2011_12_TB_TEN,2011,REG,12,2011-11-27,Sunday,13:00,TB,17.0,TEN,23.0,Home,6.0,40.0,0.0,2011112706,55333.0,,201111270oti,2232.0,311127010,,7,7,153.0,-170.0,3.0,100.0,-108.0,43.5,-108.0,-102.0,0,outdoors,grass,47.0,20.0,00-0026993,00-0007091,Josh Freeman,Matt Hasselbeck,Raheem Morris,Mike Munchak,Bill Leavy,NAS00,LP Field
2011_13_TEN_BUF,2011,REG,13,2011-12-04,Sunday,13:00,TEN,23.0,BUF,17.0,Home,-6.0,40.0,0.0,2011120402,55341.0,,201112040buf,2237.0,311204002,,7,7,-103.0,-107.0,1.0,-107.0,-101.0,43.5,100.0,-110.0,0,outdoors,a_turf,57.0,18.0,00-0007091,00-0023682,Matt Hasselbeck,Ryan Fitzpatrick,Mike Munchak,Chan Gailey,Alberto Riveron,BUF00,Ralph Wilson Stadium
2011_14_NO_TEN,2011,REG,14,2011-12-11,Sunday,13:00,NO,22.0,TEN,17.0,Home,-5.0,39.0,0.0,2011121109,55365.0,,201112110oti,2264.0,311211010,,7,7,-175.0,158.0,-3.5,110.0,-119.0,47.5,-106.0,-104.0,0,outdoors,grass,41.0,7.0,00-0020531,00-0007091,Drew Brees,Matt Hasselbeck,Sean Payton,Mike Munchak,Mike Carey,NAS00,LP Field
2011_15_TEN_IND,2011,REG,15,2011-12-18,Sunday,13:00,TEN,13.0,IND,27.0,Home,14.0,40.0,0.0,2011121802,55377.0,,201112180clt,2274.0,311218011,,7,7,-285.0,252.0,-6.5,-103.0,-105.0,41.5,-103.0,-107.0,1,closed,fieldturf,,,00-0007091,00-0023578,Matt Hasselbeck,Dan Orlovsky,Mike Munchak,Jim Caldwell,Peter Morelli,IND00,Lucas Oil Stadium
2011_16_JAX_TEN,2011,REG,16,2011-12-24,Saturday,13:00,JAX,17.0,TEN,23.0,Home,6.0,40.0,0.0,2011122403,55397.0,,201112240oti,2295.0,311224010,,9,6,334.0,-385.0,8.5,-101.0,-107.0,38.5,-113.0,102.0,1,outdoors,grass,44.0,2.0,00-0027948,00-0007091,Blaine Gabbert,Matt Hasselbeck,Mel Tucker,Mike Munchak,Gene Steratore,NAS00,LP Field
2011_17_TEN_HOU,2011,REG,17,2012-01-01,Sunday,13:00,TEN,23.0,HOU,22.0,Home,-1.0,45.0,0.0,2012010104,55408.0,,201201010htx,2312.0,320101034,,8,10,-133.0,120.0,-1.0,-124.0,115.0,38.5,-105.0,-105.0,1,closed,grass,,,00-0007091,00-0004161,Matt Hasselbeck,Jake Delhomme,Mike Munchak,Gary Kubiak,Ron Winter,HOU00,Reliant Stadium
2012_01_NE_TEN,2012,REG,1,2012-09-09,Sunday,13:00,NE,34.0,TEN,13.0,Home,-21.0,47.0,0.0,2012090904,55513.0,,201209090oti,2397.0,320909010,,7,7,-224.0,200.0,-4.5,-105.0,-103.0,48.0,-105.0,-105.0,0,outdoors,grass,74.0,4.0,00-0019596,00-0027946,Tom Brady,Jake Locker,Bill Belichick,Mike Munchak,Jerry Frump,NAS00,LP Field
2012_02_TEN_SD,2012,REG,2,2012-09-16,Sunday,16:25,TEN,10.0,SD,38.0,Home,28.0,48.0,0.0,2012091611,55533.0,,201209160sdg,2419.0,320916024,,7,6,217.0,-243.0,6.5,-111.0,103.0,43.5,-102.0,-108.0,0,outdoors,grass,85.0,8.0,00-0027946,00-0022942,Jake Locker,Philip Rivers,Mike Munchak,Norv Turner,Bruce Hermansen,SDG00,Qualcomm Stadium
2012_03_DET_TEN,2012,REG,3,2012-09-23,Sunday,13:00,DET,41.0,TEN,44.0,Home,3.0,85.0,1.0,2012092303,55544.0,,201209230oti,2426.0,320923010,,7,7,-195.0,175.0,-3.5,-108.0,100.0,47.0,-101.0,-109.0,0,outdoors,grass,68.0,5.0,00-0026498,00-0027946,Matthew Stafford,Jake Locker,Jim Schwartz,Mike Munchak,Gerald Wright,NAS00,LP Field
2012_04_TEN_HOU,2012,REG,4,2012-09-30,Sunday,13:00,TEN,14.0,HOU,38.0,Home,24.0,52.0,0.0,2012093001,55556.0,,201209300htx,2450.0,320930034,,7,7,569.0,-700.0,13.0,-108.0,100.0,44.5,102.0,-113.0,1,closed,grass,,,00-0027946,00-0022787,Jake Locker,Matt Schaub,Mike Munchak,Gary Kubiak,Carl Cheffers,HOU00,Reliant Stadium
2012_05_TEN_MIN,2012,REG,5,2012-10-07,Sunday,16:15,TEN,7.0,MIN,30.0,Home,23.0,37.0,0.0,2012100704,55571.0,,201210070min,2465.0,321007016,,7,7,231.0,-260.0,6.0,-105.0,-103.0,44.0,-102.0,-108.0,0,dome,sportturf,,,00-0007091,00-0027950,Matt Hasselbeck,Christian Ponder,Mike Munchak,Leslie Frazier,Jeff Triplette,MIN00,Mall of America Field
2012_06_PIT_TEN,2012,REG,6,2012-10-11,Thursday,20:20,PIT,23.0,TEN,26.0,Home,3.0,49.0,0.0,2012101100,55581.0,,201210110oti,2467.0,321011010,,4,4,-240.0,214.0,-5.5,-105.0,-103.0,42.5,104.0,-115.0,0,outdoors,grass,64.0,2.0,00-0022924,00-0007091,Ben Roethlisberger,Matt Hasselbeck,Mike Tomlin,Mike Munchak,Ed Hochuli,NAS00,LP Field
2012_07_TEN_BUF,2012,REG,7,2012-10-21,Sunday,13:00,TEN,35.0,BUF,34.0,Home,-1.0,69.0,0.0,2012102107,55596.0,,201210210buf,2491.0,321021002,,10,7,188.0,-210.0,4.0,-102.0,-106.0,47.0,101.0,-111.0,0,outdoors,a_turf,55.0,15.0,00-0007091,00-0023682,Matt Hasselbeck,Ryan Fitzpatrick,Mike Munchak,Chan Gailey,Mike Carey,BUF00,Ralph Wilson Stadium
2012_08_IND_TEN,2012,REG,8,2012-10-28,Sunday,13:00,IND,19.0,TEN,13.0,Home,-6.0,32.0,1.0,2012102803,55617.0,,201210280oti,2497.0,321028010,,7,7,153.0,-170.0,3.5,-113.0,104.0,46.5,-105.0,-105.0,1,outdoors,grass,52.0,18.0,00-0029668,00-0007091,Andrew Luck,Matt Hasselbeck,Chuck Pagano,Mike Munchak,Alberto Riveron,NAS00,LP Field
2012_09_CHI_TEN,2012,REG,9,2012-11-04,Sunday,13:00,CHI,51.0,TEN,20.0,Home,-31.0,71.0,0.0,2012110403,55629.0,,201211040oti,2513.0,321104010,,7,7,-215.0,193.0,-4.5,-105.0,-103.0,44.0,-101.0,-109.0,0,outdoors,grass,50.0,6.0,00-0024226,00-0007091,Jay Cutler,Matt Hasselbeck,Lovie Smith,Mike Munchak,Terry McAulay,NAS00,LP Field
2012_10_TEN_MIA,2012,REG,10,2012-11-11,Sunday,13:00,TEN,37.0,MIA,3.0,Home,-34.0,40.0,0.0,2012111102,55640.0,,201211110mia,2534.0,321111015,,7,7,244.0,-275.0,6.5,104.0,-113.0,44.0,-104.0,-106.0,0,outdoors,grass,78.0,20.0,00-0027946,00-0029701,Jake Locker,Ryan Tannehill,Mike Munchak,Joe Philbin,Walt Anderson,MIA00,Sun Life Stadium
2012_12_TEN_JAX,2012,REG,12,2012-11-25,Sunday,13:00,TEN,19.0,JAX,24.0,Home,5.0,43.0,0.0,2012112503,55671.0,,201211250jax,2564.0,321125030,,14,7,-160.0,144.0,-3.5,115.0,-125.0,45.0,-113.0,102.0,1,outdoors,grass,60.0,4.0,00-0027946,00-0026197,Jake Locker,Chad Henne,Mike Munchak,Mike Mularkey,Walt Anderson,JAX00,EverBank Field
2012_13_HOU_TEN,2012,REG,13,2012-12-02,Sunday,13:00,HOU,24.0,TEN,10.0,Home,-14.0,34.0,0.0,2012120208,55689.0,,201212020oti,2571.0,321202010,,10,7,-295.0,260.0,-7.0,107.0,-116.0,47.5,-104.0,-106.0,1,outdoors,grass,66.0,19.0,00-0022787,00-0027946,Matt Schaub,Jake Locker,Gary Kubiak,Mike Munchak,Tony Corrente,NAS00,LP Field
2012_14_TEN_IND,2012,REG,14,2012-12-09,Sunday,13:00,TEN,23.0,IND,27.0,Home,4.0,50.0,0.0,2012120903,55701.0,,201212090clt,2596.0,321209011,,7,7,171.0,-190.0,3.5,-104.0,-104.0,47.0,-103.0,-107.0,1,closed,fieldturf,,,00-0027946,00-0029668,Jake Locker,Andrew Luck,Mike Munchak,Chuck Pagano,Peter Morelli,IND00,Lucas Oil Stadium
2012_15_NYJ_TEN,2012,REG,15,2012-12-17,Monday,20:30,NYJ,10.0,TEN,14.0,Home,4.0,24.0,0.0,2012121700,55727.0,,201212170oti,2613.0,321217010,,8,8,-103.0,-107.0,1.0,-107.0,-101.0,40.0,-101.0,-109.0,0,outdoors,grass,54.0,10.0,00-0026898,00-0027946,Mark Sanchez,Jake Locker,Rex Ryan,Mike Munchak,Walt Coleman,NAS00,LP Field
2012_16_TEN_GB,2012,REG,16,2012-12-23,Sunday,13:00,TEN,7.0,GB,55.0,Home,48.0,62.0,0.0,2012122300,55732.0,,201212230gnb,2628.0,321223009,,6,7,486.0,-584.0,10.5,-104.0,-104.0,44.0,-110.0,100.0,0,outdoors,grass,24.0,9.0,00-0027946,00-0023459,Jake Locker,Aaron Rodgers,Mike Munchak,Mike McCarthy,Clete Blakeman,GNB00,Lambeau Field
2012_17_JAX_TEN,2012,REG,17,2012-12-30,Sunday,13:00,JAX,20.0,TEN,38.0,Home,18.0,58.0,0.0,2012123005,55754.0,,201212300oti,2638.0,321230010,,7,7,227.0,-255.0,6.0,-101.0,-107.0,42.0,100.0,-110.0,1,outdoors,grass,39.0,4.0,00-0026197,00-0027946,Chad Henne,Jake Locker,Mike Mularkey,Mike Munchak,Bill Vinovich,NAS00,LP Field
2013_01_TEN_PIT,2013,REG,1,2013-09-08,Sunday,13:00,TEN,16.0,PIT,9.0,Home,-7.0,25.0,0.0,2013090809,55847.0,,201309080pit,2752.0,330908023,,7,7,218.0,-245.0,6.0,-113.0,102.0,42.0,-102.0,-108.0,0,outdoors,grass,73.0,9.0,00-0027946,00-0022924,Jake Locker,Ben Roethlisberger,Mike Munchak,Mike Tomlin,Jerome Boger,PIT00,Heinz Field
2013_02_TEN_HOU,2013,REG,2,2013-09-15,Sunday,13:00,TEN,24.0,HOU,30.0,Home,6.0,54.0,1.0,2013091505,55859.0,,201309150htx,2764.0,330915034,,7,6,285.0,-325.0,7.5,-120.0,109.0,42.5,-103.0,-107.0,1,closed,grass,,,00-0027946,00-0022787,Jake Locker,Matt Schaub,Mike Munchak,Gary Kubiak,Jeff Triplette,HOU00,Reliant Stadium
2013_03_SD_TEN,2013,REG,3,2013-09-22,Sunday,13:00,SD,17.0,TEN,20.0,Home,3.0,37.0,0.0,2013092208,55877.0,,201309220oti,2782.0,330922010,,7,7,133.0,-147.0,3.0,-113.0,102.0,43.0,-104.0,-106.0,0,outdoors,grass,72.0,7.0,00-0022942,00-0027946,Philip Rivers,Jake Locker,Mike McCoy,Mike Munchak,Tony Corrente,NAS00,LP Field
2013_04_NYJ_TEN,2013,REG,4,2013-09-29,Sunday,16:05,NYJ,13.0,TEN,38.0,Home,25.0,51.0,0.0,2013092908,55894.0,,201309290oti,2799.0,330929010,,7,7,161.0,-179.0,3.5,-113.0,102.0,40.5,-108.0,-102.0,0,outdoors,grass,74.0,4.0,00-0030565,00-0027946,Geno Smith,Jake Locker,Rex Ryan,Mike Munchak,Walt Anderson,NAS00,LP Field
2013_05_KC_TEN,2013,REG,5,2013-10-06,Sunday,13:00,KC,26.0,TEN,17.0,Home,-9.0,43.0,0.0,2013100607,55908.0,,201310060oti,2813.0,331006010,,7,7,-131.0,119.0,-2.5,-105.0,-105.0,38.0,100.0,-110.0,0,outdoors,grass,74.0,10.0,00-0023436,00-0023682,Alex Smith,Ryan Fitzpatrick,Andy Reid,Mike Munchak,Bill Vinovich,NAS00,LP Field
2013_06_TEN_SEA,2013,REG,6,2013-10-13,Sunday,16:05,TEN,13.0,SEA,20.0,Home,7.0,33.0,0.0,2013101309,55924.0,,201310130sea,2829.0,331013026,,7,7,471.0,-564.0,11.0,-102.0,-108.0,42.0,-105.0,-105.0,0,outdoors,fieldturf,51.0,4.0,00-0023682,00-0029263,Ryan Fitzpatrick,Russell Wilson,Mike Munchak,Pete Carroll,Carl Cheffers,SEA00,CenturyLink Field
2013_07_SF_TEN,2013,REG,7,2013-10-20,Sunday,16:05,SF,31.0,TEN,17.0,Home,-14.0,48.0,0.0,2013102010,55939.0,,201310200oti,2844.0,331020010,,7,7,-154.0,139.0,-3.0,100.0,-110.0,41.0,-105.0,-105.0,0,outdoors,grass,68.0,3.0,00-0027974,00-0027946,Colin Kaepernick,Jake Locker,Jim Harbaugh,Mike Munchak,Ron Winter,NAS00,LP Field
2013_09_TEN_STL,2013,REG,9,2013-11-03,Sunday,13:00,TEN,28.0,STL,21.0,Home,-7.0,49.0,0.0,2013110304,55962.0,,201311030ram,2867.0,331103014,,14,6,-160.0,144.0,-3.0,-113.0,102.0,41.0,-104.0,-106.0,0,dome,astroplay,,,00-0027946,00-0024264,Jake Locker,Kellen Clemens,Mike Munchak,Jeff Fisher,Peter Morelli,STL00,Edward Jones Dome
2013_10_JAX_TEN,2013,REG,10,2013-11-10,Sunday,13:00,JAX,29.0,TEN,27.0,Home,-2.0,56.0,0.0,2013111007,55978.0,,201311100oti,2883.0,331110010,,14,7,439.0,-520.0,11.5,-117.0,106.0,41.5,-105.0,-105.0,1,outdoors,grass,62.0,6.0,00-0026197,00-0027946,Chad Henne,Jake Locker,Gus Bradley,Mike Munchak,John Parry,NAS00,LP Field
2013_11_IND_TEN,2013,REG,11,2013-11-14,Thursday,20:25,IND,30.0,TEN,27.0,Home,-3.0,57.0,0.0,2013111400,55984.0,,201311140oti,2889.0,331114010,,4,4,-140.0,127.0,-2.5,-117.0,106.0,42.0,-106.0,-104.0,1,outdoors,grass,44.0,3.0,00-0029668,00-0023682,Andrew Luck,Ryan Fitzpatrick,Chuck Pagano,Mike Munchak,Mike Carey,NAS00,LP Field
2013_12_TEN_OAK,2013,REG,12,2013-11-24,Sunday,16:05,TEN,23.0,OAK,19.0,Home,-4.0,42.0,0.0,2013112409,56009.0,,201311240rai,2914.0,331124013,,10,7,-150.0,136.0,-2.5,-123.0,111.0,42.0,-110.0,100.0,0,outdoors,grass,58.0,5.0,00-0023682,00-0030419,Ryan Fitzpatrick,Matt McGloin,Mike Munchak,Dennis Allen,Carl Cheffers,OAK00,O.co Coliseum
2013_13_TEN_IND,2013,REG,13,2013-12-01,Sunday,13:00,TEN,14.0,IND,22.0,Home,8.0,36.0,0.0,2013120102,56018.0,,201312010clt,2923.0,331201011,,7,7,166.0,-185.0,3.5,-109.0,-101.0,46.0,-109.0,-101.0,1,closed,fieldturf,,,00-0023682,00-0029668,Ryan Fitzpatrick,Andrew Luck,Mike Munchak,Chuck Pagano,Walt Coleman,IND00,Lucas Oil Stadium
2013_14_TEN_DEN,2013,REG,14,2013-12-08,Sunday,16:05,TEN,28.0,DEN,51.0,Home,23.0,79.0,0.0,2013120809,56039.0,,201312080den,2944.0,331208007,,7,7,520.0,-630.0,13.0,-113.0,102.0,49.5,-110.0,100.0,0,outdoors,grass,18.0,5.0,00-0023682,00-0010346,Ryan Fitzpatrick,Peyton Manning,Mike Munchak,John Fox,Scott Green,DEN00,Sports Authority Field at Mile High
2013_15_ARI_TEN,2013,REG,15,2013-12-15,Sunday,16:25,ARI,37.0,TEN,34.0,Home,-3.0,71.0,1.0,2013121509,56055.0,,201312150oti,2960.0,331215010,,7,7,-144.0,130.0,-3.0,102.0,-113.0,43.0,-102.0,-108.0,0,outdoors,grass,37.0,4.0,00-0021429,00-0023682,Carson Palmer,Ryan Fitzpatrick,Bruce Arians,Mike Munchak,Peter Morelli,NAS00,LP Field
2013_16_TEN_JAX,2013,REG,16,2013-12-22,Sunday,13:00,TEN,20.0,JAX,16.0,Home,-4.0,36.0,0.0,2013122204,56065.0,,201312220jax,2970.0,331222030,,7,7,-199.0,179.0,-4.0,-105.0,-105.0,44.0,-102.0,-108.0,1,outdoors,grass,79.0,13.0,00-0023682,00-0026197,Ryan Fitzpatrick,Chad Henne,Mike Munchak,Gus Bradley,Bill Vinovich,JAX00,EverBank Field
2013_17_HOU_TEN,2013,REG,17,2013-12-29,Sunday,13:00,HOU,10.0,TEN,16.0,Home,6.0,26.0,0.0,2013122911,56088.0,,201312290oti,2993.0,331229010,,7,7,248.0,-280.0,7.0,-119.0,108.0,44.5,-110.0,100.0,1,outdoors,grass,53.0,4.0,00-0022787,00-0023682,Matt Schaub,Ryan Fitzpatrick,Wade Phillips,Mike Munchak,Terry McAulay,NAS00,LP Field
2014_01_TEN_KC,2014,REG,1,2014-09-07,Sunday,13:00,TEN,26.0,KC,10.0,Home,-16.0,36.0,0.0,2014090704,56175.0,,201409070kan,3079.0,400554260,,7,7,144.0,-160.0,3.0,-103.0,-107.0,45.5,-109.0,-101.0,0,outdoors,grass,69.0,7.0,00-0027946,00-0023436,Jake Locker,Alex Smith,Ken Whisenhunt,Andy Reid,Ronald Torbert,KAN00,Arrowhead Stadium
2014_02_DAL_TEN,2014,REG,2,2014-09-14,Sunday,13:00,DAL,26.0,TEN,10.0,Home,-16.0,36.0,0.0,2014091406,56193.0,,201409140oti,3097.0,400554206,,7,7,151.0,-167.0,3.0,102.0,-113.0,49.5,-102.0,-108.0,0,outdoors,grass,75.0,2.0,00-0021678,00-0027946,Tony Romo,Jake Locker,Jason Garrett,Ken Whisenhunt,Walt Coleman,NAS00,LP Field
2014_03_TEN_CIN,2014,REG,3,2014-09-21,Sunday,13:00,TEN,7.0,CIN,33.0,Home,26.0,40.0,0.0,2014092101,56204.0,,201409210cin,3108.0,400554237,,7,7,235.0,-265.0,6.5,-105.0,-105.0,44.5,-103.0,-107.0,0,outdoors,fieldturf,74.0,20.0,00-0027946,00-0027973,Jake Locker,Andy Dalton,Ken Whisenhunt,Marvin Lewis,Brad Allen,CIN00,Paul Brown Stadium
2014_04_TEN_IND,2014,REG,4,2014-09-28,Sunday,13:00,TEN,17.0,IND,41.0,Home,24.0,58.0,0.0,2014092803,56222.0,,201409280clt,3126.0,400554238,,7,7,289.0,-330.0,7.5,-117.0,106.0,45.5,-108.0,-102.0,1,open,fieldturf,,,00-0024296,00-0029668,Charlie Whitehurst,Andrew Luck,Ken Whisenhunt,Chuck Pagano,Jerome Boger,IND00,Lucas Oil Stadium
2014_05_CLE_TEN,2014,REG,5,2014-10-05,Sunday,13:00,CLE,29.0,TEN,28.0,Home,-1.0,57.0,0.0,2014100508,56240.0,,201410050oti,3144.0,400554204,,14,7,-116.0,105.0,-1.0,-107.0,-103.0,44.5,-103.0,-107.0,0,outdoors,grass,67.0,13.0,00-0026625,00-0027946,Brian Hoyer,Jake Locker,Mike Pettine,Ken Whisenhunt,Gene Steratore,NAS00,LP Field
2014_06_JAX_TEN,2014,REG,6,2014-10-12,Sunday,13:00,JAX,14.0,TEN,16.0,Home,2.0,30.0,0.0,2014101208,56255.0,,201410120oti,3159.0,400554222,,7,7,186.0,-208.0,4.0,-102.0,-108.0,42.5,-104.0,-106.0,1,outdoors,grass,67.0,7.0,00-0031407,00-0024296,Blake Bortles,Charlie Whitehurst,Gus Bradley,Ken Whisenhunt,Jeff Triplette,NAS00,LP Field
2014_07_TEN_WAS,2014,REG,7,2014-10-19,Sunday,13:00,TEN,17.0,WAS,19.0,Home,2.0,36.0,0.0,2014101908,56270.0,,201410190was,3174.0,400554233,,7,7,220.0,-247.0,6.0,-110.0,100.0,46.0,-102.0,-108.0,0,outdoors,grass,55.0,13.0,00-0024296,00-0029604,Charlie Whitehurst,Kirk Cousins,Ken Whisenhunt,Jay Gruden,Walt Anderson,WAS00,FedExField
2014_08_HOU_TEN,2014,REG,8,2014-10-26,Sunday,13:00,HOU,30.0,TEN,16.0,Home,-14.0,46.0,0.0,2014102608,56285.0,,201410260oti,3189.0,400554230,,6,7,-180.0,162.0,-3.5,-102.0,-108.0,43.0,-107.0,-103.0,1,outdoors,grass,73.0,2.0,00-0023682,00-0031266,Ryan Fitzpatrick,Zach Mettenberger,Bill O'Brien,Ken Whisenhunt,Bill Leavy,NAS00,LP Field
2014_10_TEN_BAL,2014,REG,10,2014-11-09,Sunday,13:00,TEN,7.0,BAL,21.0,Home,14.0,28.0,0.0,2014110900,56305.0,,201411090rav,3209.0,400554367,,14,7,423.0,-500.0,10.5,-118.0,107.0,44.5,-106.0,-104.0,0,outdoors,sportturf,57.0,7.0,00-0031266,00-0026158,Zach Mettenberger,Joe Flacco,Ken Whisenhunt,John Harbaugh,Walt Coleman,BAL00,M&T Bank Stadium
2014_11_PIT_TEN,2014,REG,11,2014-11-17,Monday,20:30,PIT,27.0,TEN,24.0,Home,-3.0,51.0,0.0,2014111700,56330.0,,201411170oti,3234.0,400554421,,8,8,-308.0,271.0,-7.0,100.0,-110.0,46.5,-105.0,-105.0,0,outdoors,grass,25.0,9.0,00-0022924,00-0031266,Ben Roethlisberger,Zach Mettenberger,Mike Tomlin,Ken Whisenhunt,Brad Allen,NAS00,LP Field
2014_12_TEN_PHI,2014,REG,12,2014-11-23,Sunday,13:00,TEN,24.0,PHI,43.0,Home,19.0,67.0,0.0,2014112307,56339.0,,201411230phi,3243.0,400554320,,6,7,498.0,-600.0,11.0,-108.0,-102.0,49.0,-103.0,-107.0,0,outdoors,grass,54.0,7.0,00-0031266,00-0026898,Zach Mettenberger,Mark Sanchez,Ken Whisenhunt,Chip Kelly,Jerome Boger,PHI00,Lincoln Financial Field
2014_13_TEN_HOU,2014,REG,13,2014-11-30,Sunday,13:00,TEN,21.0,HOU,45.0,Home,24.0,66.0,0.0,2014113002,56351.0,,201411300htx,3255.0,400554316,,7,7,252.0,-285.0,7.0,-117.0,106.0,43.0,-105.0,-105.0,1,closed,grass,,,00-0031266,00-0023682,Zach Mettenberger,Ryan Fitzpatrick,Ken Whisenhunt,Bill O'Brien,Jeff Triplette,HOU00,NRG Stadium
2014_14_NYG_TEN,2014,REG,14,2014-12-07,Sunday,13:00,NYG,36.0,TEN,7.0,Home,-29.0,43.0,0.0,2014120707,56370.0,,201412070oti,3274.0,400554384,,7,7,-143.0,129.0,-3.0,102.0,-113.0,46.5,-107.0,-103.0,0,outdoors,grass,45.0,6.0,00-0022803,00-0031266,Eli Manning,Zach Mettenberger,Tom Coughlin,Ken Whisenhunt,Walt Anderson,NAS00,LP Field
2014_15_NYJ_TEN,2014,REG,15,2014-12-14,Sunday,16:05,NYJ,16.0,TEN,11.0,Home,-5.0,27.0,0.0,2014121411,56390.0,,201412140oti,3294.0,400554418,,7,7,-186.0,167.0,-3.5,102.0,-113.0,42.0,-102.0,-108.0,0,outdoors,grass,54.0,6.0,00-0030565,00-0027946,Geno Smith,Jake Locker,Rex Ryan,Ken Whisenhunt,John Parry,NAS00,LP Field
2014_16_TEN_JAX,2014,REG,16,2014-12-18,Thursday,20:25,TEN,13.0,JAX,21.0,Home,8.0,34.0,0.0,2014121800,56394.0,,201412180jax,3298.0,400554356,,4,4,176.0,-196.0,4.0,-107.0,-103.0,39.0,-108.0,-102.0,1,outdoors,grass,58.0,2.0,00-0024296,00-0031407,Charlie Whitehurst,Blake Bortles,Ken Whisenhunt,Gus Bradley,Clete Blakeman,JAX00,EverBank Field
2014_17_IND_TEN,2014,REG,17,2014-12-28,Sunday,13:00,IND,27.0,TEN,10.0,Home,-17.0,37.0,0.0,2014122811,56421.0,,201412280oti,3325.0,400554409,,7,10,-320.0,281.0,-7.5,102.0,-113.0,46.5,-105.0,-105.0,1,outdoors,grass,40.0,6.0,00-0029668,00-0024296,Andrew Luck,Charlie Whitehurst,Chuck Pagano,Ken Whisenhunt,Tony Corrente,NAS00,LP Field
2015_01_TEN_TB,2015,REG,1,2015-09-13,Sunday,16:25,TEN,42.0,TB,14.0,Home,-28.0,56.0,0.0,2015091311,56515.0,,201509130tam,3418.0,400791582,,7,7,140.0,-155.0,3.0,-104.0,-106.0,40.5,-102.0,-108.0,0,outdoors,grass,84.0,8.0,00-0032268,00-0031503,Marcus Mariota,Jameis Winston,Ken Whisenhunt,Lovie Smith,John Hussey,TAM00,Raymond James Stadium
2015_02_TEN_CLE,2015,REG,2,2015-09-20,Sunday,13:00,TEN,14.0,CLE,28.0,Home,14.0,42.0,0.0,2015092003,56524.0,,201509200cle,3432.0,400791669,,7,7,102.0,-113.0,1.0,-105.0,-105.0,41.0,100.0,-110.0,0,outdoors,grass,64.0,12.0,00-0032268,00-0031409,Marcus Mariota,Johnny Manziel,Ken Whisenhunt,Mike Pettine,Terry McAulay,CLE00,FirstEnergy Stadium
2015_03_IND_TEN,2015,REG,3,2015-09-27,Sunday,13:00,IND,35.0,TEN,33.0,Home,-2.0,68.0,0.0,2015092709,56545.0,,201509270oti,3439.0,400791496,,6,7,-173.0,156.0,-3.0,-123.0,111.0,46.5,-102.0,-108.0,1,outdoors,grass,74.0,3.0,00-0029668,00-0032268,Andrew Luck,Marcus Mariota,Chuck Pagano,Ken Whisenhunt,Craig Wrolstad,NAS00,Nissan Stadium
2015_05_BUF_TEN,2015,REG,5,2015-10-11,Sunday,13:00,BUF,14.0,TEN,13.0,Home,-1.0,27.0,0.0,2015101106,56574.0,,201510110oti,3471.0,400791551,,7,14,100.0,-110.0,1.0,-107.0,-103.0,43.0,-105.0,-105.0,0,outdoors,grass,67.0,5.0,00-0028118,00-0032268,Tyrod Taylor,Marcus Mariota,Rex Ryan,Ken Whisenhunt,Walt Anderson,NAS00,Nissan Stadium
2015_06_MIA_TEN,2015,REG,6,2015-10-18,Sunday,13:00,MIA,38.0,TEN,10.0,Home,-28.0,48.0,0.0,2015101806,56588.0,,201510180oti,3484.0,400791639,,14,7,118.0,-130.0,2.5,-103.0,-107.0,44.0,-104.0,-106.0,0,outdoors,grass,56.0,8.0,00-0029701,00-0032268,Ryan Tannehill,Marcus Mariota,Joe Philbin,Ken Whisenhunt,Jeff Triplette,NAS00,Nissan Stadium
2015_07_ATL_TEN,2015,REG,7,2015-10-25,Sunday,13:00,ATL,10.0,TEN,7.0,Home,-3.0,17.0,0.0,2015102508,56602.0,,201510250oti,3500.0,400791517,,10,7,-230.0,205.0,-5.5,-108.0,-102.0,45.5,-105.0,-105.0,0,outdoors,grass,59.0,8.0,00-0026143,00-0031266,Matt Ryan,Zach Mettenberger,Dan Quinn,Ken Whisenhunt,Brad Allen,NAS00,Nissan Stadium
2015_08_TEN_HOU,2015,REG,8,2015-11-01,Sunday,13:00,TEN,6.0,HOU,20.0,Home,14.0,26.0,0.0,2015110103,56614.0,,201511010htx,3513.0,400791653,,7,7,166.0,-185.0,3.5,-107.0,-103.0,43.0,-105.0,-105.0,1,closed,fieldturf,,,00-0031266,00-0026625,Zach Mettenberger,Brian Hoyer,Ken Whisenhunt,Bill O'Brien,Clete Blakeman,HOU00,NRG Stadium
2015_09_TEN_NO,2015,REG,9,2015-11-08,Sunday,13:00,TEN,34.0,NO,28.0,Home,-6.0,62.0,1.0,2015110803,56627.0,,201511080nor,3527.0,400791722,,7,7,264.0,-300.0,7.0,-110.0,100.0,50.0,-113.0,102.0,0,dome,sportturf,,,00-0032268,00-0020531,Marcus Mariota,Drew Brees,Ken Whisenhunt,Sean Payton,Jerome Boger,NOR00,Mercedes-Benz Superdome
2015_10_CAR_TEN,2015,REG,10,2015-11-15,Sunday,13:00,CAR,27.0,TEN,10.0,Home,-17.0,37.0,0.0,2015111503,56642.0,,201511150oti,3541.0,400791499,,7,7,-195.0,175.0,-3.5,-105.0,-105.0,42.5,-107.0,-103.0,0,outdoors,grass,57.0,2.0,00-0027939,00-0032268,Cam Newton,Marcus Mariota,Ron Rivera,Ken Whisenhunt,Walt Anderson,NAS00,Nissan Stadium
2015_11_TEN_JAX,2015,REG,11,2015-11-19,Thursday,20:25,TEN,13.0,JAX,19.0,Home,6.0,32.0,0.0,2015111900,56649.0,,201511190jax,3552.0,400791632,,4,4,127.0,-140.0,3.0,-120.0,109.0,41.5,104.0,-115.0,1,outdoors,grass,75.0,5.0,00-0032268,00-0031407,Marcus Mariota,Blake Bortles,Ken Whisenhunt,Gus Bradley,Craig Wrolstad,JAX00,EverBank Field
2015_12_OAK_TEN,2015,REG,12,2015-11-29,Sunday,13:00,OAK,24.0,TEN,21.0,Home,-3.0,45.0,0.0,2015112907,56673.0,,201511290oti,3569.0,400791502,,7,10,-114.0,103.0,-1.0,-107.0,-103.0,45.0,-107.0,-103.0,0,outdoors,grass,56.0,4.0,00-0031280,00-0032268,Derek Carr,Marcus Mariota,Jack Del Rio,Ken Whisenhunt,Jeff Triplette,NAS00,Nissan Stadium
2015_13_JAX_TEN,2015,REG,13,2015-12-06,Sunday,13:00,JAX,39.0,TEN,42.0,Home,3.0,81.0,0.0,2015120604,56689.0,,201512060oti,3583.0,400791643,,7,7,126.0,-139.0,3.0,-123.0,111.0,43.5,100.0,-110.0,1,outdoors,grass,56.0,1.0,00-0031407,00-0032268,Blake Bortles,Marcus Mariota,Gus Bradley,Ken Whisenhunt,Gene Steratore,NAS00,Nissan Stadium
2015_14_TEN_NYJ,2015,REG,14,2015-12-13,Sunday,13:00,TEN,8.0,NYJ,30.0,Home,22.0,38.0,0.0,2015121301,56703.0,,201512130nyj,3604.0,400791562,,7,7,297.0,-340.0,8.0,-113.0,102.0,43.0,-104.0,-106.0,0,outdoors,fieldturf,67.0,5.0,00-0032268,00-0023682,Marcus Mariota,Ryan Fitzpatrick,Ken Whisenhunt,Todd Bowles,Jerome Boger,NYC01,MetLife Stadium
2015_15_TEN_NE,2015,REG,15,2015-12-20,Sunday,13:00,TEN,16.0,NE,33.0,Home,17.0,49.0,0.0,2015122005,56717.0,,201512200nwe,3617.0,400791694,,7,7,767.0,-1000.0,14.5,-117.0,106.0,48.0,-102.0,-108.0,0,outdoors,fieldturf,40.0,12.0,00-0032268,00-0019596,Marcus Mariota,Tom Brady,Ken Whisenhunt,Bill Belichick,Walt Coleman,BOS00,Gillette Stadium
2015_16_HOU_TEN,2015,REG,16,2015-12-27,Sunday,13:00,HOU,34.0,TEN,6.0,Home,-28.0,40.0,0.0,2015122703,56738.0,,201512270oti,3634.0,400791518,,7,7,-170.0,153.0,-3.5,111.0,-123.0,39.0,-104.0,-106.0,1,outdoors,grass,73.0,15.0,00-0029677,00-0031266,Brandon Weeden,Zach Mettenberger,Bill O'Brien,Ken Whisenhunt,Brad Allen,NAS00,Nissan Stadium
2015_17_TEN_IND,2015,REG,17,2016-01-03,Sunday,13:00,TEN,24.0,IND,30.0,Home,6.0,54.0,0.0,2016010305,56752.0,,201601030clt,3655.0,400791645,,7,7,166.0,-185.0,3.5,-105.0,-105.0,39.0,-105.0,-105.0,1,closed,fieldturf,,,00-0029623,00-0026993,Zach Mettenberger,Josh Freeman,Ken Whisenhunt,Chuck Pagano,Clete Blakeman,IND00,Lucas Oil Stadium
2016_01_MIN_TEN,2016,REG,1,2016-09-11,Sunday,13:00,MIN,25.0,TEN,16.0,Home,-9.0,41.0,0.0,2016091108,56910.0,,201609110oti,4103.0,400874524,,7,7,-127.0,115.0,-2.5,-100.0,-110.0,40.0,-100.0,-110.0,0,outdoors,grass,76.0,5.0,00-0020679,00-0032268,Shaun Hill,Marcus Mariota,Mike Zimmer,Mike Mularkey,Walt Coleman,NAS00,Nissan Stadium
2016_02_TEN_DET,2016,REG,2,2016-09-18,Sunday,13:00,TEN,16.0,DET,15.0,Home,-1.0,31.0,0.0,2016091802,56920.0,,201609180det,4120.0,400874488,,7,7,231.0,-260.0,6.0,-102.0,-108.0,48.0,-100.0,-110.0,0,dome,fieldturf,,,00-0032268,00-0026498,Marcus Mariota,Matthew Stafford,Mike Mularkey,Jim Caldwell,Brad Allen,DET00,Ford Field
2016_03_OAK_TEN,2016,REG,3,2016-09-25,Sunday,13:00,OAK,17.0,TEN,10.0,Home,-7.0,27.0,0.0,2016092507,56941.0,,201609250oti,4134.0,400874562,,7,7,-120.0,109.0,-1.5,-107.0,-103.0,47.0,-106.0,-104.0,0,outdoors,grass,89.0,2.0,00-0031280,00-0032268,Derek Carr,Marcus Mariota,Jack Del Rio,Mike Mularkey,Tony Corrente,NAS00,Nissan Stadium
2016_04_TEN_HOU,2016,REG,4,2016-10-02,Sunday,13:00,TEN,20.0,HOU,27.0,Home,7.0,47.0,0.0,2016100204,56954.0,,201610020htx,4147.0,400874658,,7,10,176.0,-196.0,4.0,-105.0,-105.0,40.0,-110.0,100.0,1,closed,fieldturf,,,00-0032268,00-0029682,Marcus Mariota,Brock Osweiler,Mike Mularkey,Bill O'Brien,Clete Blakeman,HOU00,NRG Stadium
2016_05_TEN_MIA,2016,REG,5,2016-10-09,Sunday,13:00,TEN,30.0,MIA,17.0,Home,-13.0,47.0,0.0,2016100904,56969.0,,201610090mia,4162.0,400874581,,7,10,121.0,-134.0,2.5,-102.0,-108.0,44.5,-103.0,-107.0,0,outdoors,grass,88.0,15.0,00-0032268,00-0029701,Marcus Mariota,Ryan Tannehill,Mike Mularkey,Adam Gase,Craig Wrolstad,MIA00,Hard Rock Stadium
2016_06_CLE_TEN,2016,REG,6,2016-10-16,Sunday,13:00,CLE,26.0,TEN,28.0,Home,2.0,54.0,0.0,2016101607,56986.0,,201610160oti,4179.0,400874703,,7,7,285.0,-325.0,7.5,-108.0,-102.0,45.0,-108.0,-102.0,0,outdoors,grass,75.0,10.0,00-0033104,00-0032268,Cody Kessler,Marcus Mariota,Hue Jackson,Mike Mularkey,Carl Cheffers,NAS00,Nissan Stadium
2016_07_IND_TEN,2016,REG,7,2016-10-23,Sunday,13:00,IND,34.0,TEN,26.0,Home,-8.0,60.0,0.0,2016102308,57002.0,,201610230oti,4199.0,400874492,,7,7,175.0,-195.0,4.0,-104.0,-106.0,48.5,-108.0,-102.0,1,outdoors,grass,68.0,5.0,00-0029668,00-0032268,Andrew Luck,Marcus Mariota,Chuck Pagano,Mike Mularkey,Jerome Boger,NAS00,Nissan Stadium
2016_08_JAX_TEN,2016,REG,8,2016-10-27,Thursday,20:25,JAX,22.0,TEN,36.0,Home,14.0,58.0,0.0,2016102700,57008.0,,201610270oti,4201.0,400874553,,4,4,130.0,-144.0,3.0,-118.0,107.0,43.5,-103.0,-107.0,1,outdoors,grass,71.0,3.0,00-0031407,00-0032268,Blake Bortles,Marcus Mariota,Gus Bradley,Mike Mularkey,John Hussey,NAS00,Nissan Stadium
2016_09_TEN_SD,2016,REG,9,2016-11-06,Sunday,16:25,TEN,35.0,SD,43.0,Home,8.0,78.0,0.0,2016110610,57031.0,,201611060sdg,4224.0,400874593,,10,7,161.0,-179.0,3.5,-107.0,-103.0,47.5,102.0,-113.0,0,outdoors,grass,76.0,6.0,00-0032268,00-0022942,Marcus Mariota,Philip Rivers,Mike Mularkey,Mike McCoy,Brad Allen,SDG00,Qualcomm Stadium
2016_10_GB_TEN,2016,REG,10,2016-11-13,Sunday,13:00,GB,25.0,TEN,47.0,Home,22.0,72.0,0.0,2016111307,57041.0,,201611130oti,4234.0,400874572,,7,7,-140.0,127.0,-3.0,106.0,-117.0,48.5,-102.0,-108.0,0,outdoors,grass,56.0,3.0,00-0023459,00-0032268,Aaron Rodgers,Marcus Mariota,Mike McCarthy,Mike Mularkey,Jeff Triplette,NAS00,Nissan Stadium
2016_11_TEN_IND,2016,REG,11,2016-11-20,Sunday,13:00,TEN,17.0,IND,24.0,Home,7.0,41.0,0.0,2016112004,57053.0,,201611200clt,4247.0,400874644,,7,14,127.0,-140.0,3.0,-123.0,111.0,53.5,-108.0,-102.0,1,closed,fieldturf,,,00-0032268,00-0029668,Marcus Mariota,Andrew Luck,Mike Mularkey,Chuck Pagano,Walt Anderson,IND00,Lucas Oil Stadium
2016_12_TEN_CHI,2016,REG,12,2016-11-27,Sunday,13:00,TEN,27.0,CHI,21.0,Home,-6.0,48.0,0.0,2016112703,57068.0,,201611270chi,4261.0,400874507,,7,7,-250.0,222.0,-6.5,-117.0,106.0,41.5,-108.0,-102.0,0,outdoors,grass,40.0,11.0,00-0032268,00-0030533,Marcus Mariota,Matt Barkley,Mike Mularkey,John Fox,Ed Hochuli,CHI98,Soldier Field
2016_14_DEN_TEN,2016,REG,14,2016-12-11,Sunday,13:00,DEN,10.0,TEN,13.0,Home,3.0,23.0,0.0,2016121109,57103.0,,201612110oti,4296.0,400874504,,7,14,116.0,-128.0,2.0,-100.0,-110.0,44.0,101.0,-111.0,0,outdoors,grass,50.0,5.0,00-0032156,00-0032268,Trevor Siemian,Marcus Mariota,Gary Kubiak,Mike Mularkey,John Parry,NAS00,Nissan Stadium
2016_15_TEN_KC,2016,REG,15,2016-12-18,Sunday,13:00,TEN,19.0,KC,17.0,Home,-2.0,36.0,0.0,2016121805,57116.0,,201612180kan,4316.0,400874686,,7,10,216.0,-242.0,6.0,-108.0,-102.0,43.0,-103.0,-107.0,0,outdoors,grass,1.0,5.0,00-0032268,00-0023436,Marcus Mariota,Alex Smith,Mike Mularkey,Andy Reid,John Hussey,KAN00,Arrowhead Stadium
2016_16_TEN_JAX,2016,REG,16,2016-12-24,Saturday,13:00,TEN,17.0,JAX,38.0,Home,21.0,55.0,0.0,2016122405,57131.0,,201612240jax,4324.0,400874521,,6,6,-195.0,175.0,-4.0,-105.0,-105.0,44.0,-105.0,-105.0,1,outdoors,grass,67.0,5.0,00-0032268,00-0031407,Marcus Mariota,Blake Bortles,Mike Mularkey,Doug Marrone,Peter Morelli,JAX00,EverBank Field
2016_17_HOU_TEN,2016,REG,17,2017-01-01,Sunday,13:00,HOU,17.0,TEN,24.0,Home,7.0,41.0,0.0,2017010110,57151.0,,201701010oti,4344.0,400874632,,8,8,148.0,-164.0,3.0,103.0,-114.0,41.5,-100.0,-110.0,1,outdoors,grass,52.0,7.0,00-0029682,00-0023662,Brock Osweiler,Matt Cassel,Bill O'Brien,Mike Mularkey,Bill Vinovich,NAS00,Nissan Stadium
2017_01_OAK_TEN,2017,REG,1,2017-09-10,Sunday,13:00,OAK,26.0,TEN,16.0,Home,-10.0,42.0,0.0,2017091007,57242.0,,201709100oti,7928.0,400951584,,7,7,121.0,-134.0,2.5,102.0,-113.0,49.5,-111.0,101.0,0,outdoors,grass,72.0,7.0,00-0031280,00-0032268,Derek Carr,Marcus Mariota,Jack Del Rio,Mike Mularkey,Jerome Boger,NAS00,Nissan Stadium
2017_02_TEN_JAX,2017,REG,2,2017-09-17,Sunday,13:00,TEN,37.0,JAX,16.0,Home,-21.0,53.0,0.0,2017091703,57254.0,,201709170jax,7946.0,400951635,,7,7,-113.0,102.0,-1.0,-106.0,-104.0,42.0,105.0,-116.0,1,outdoors,grass,84.0,10.0,00-0032268,00-0031407,Marcus Mariota,Blake Bortles,Mike Mularkey,Doug Marrone,Ed Hochuli,JAX00,EverBank Field
2017_03_SEA_TEN,2017,REG,3,2017-09-24,Sunday,16:05,SEA,27.0,TEN,33.0,Home,6.0,60.0,0.0,2017092410,57277.0,,201709240oti,7965.0,400951623,,7,7,118.0,-130.0,2.0,105.0,-116.0,42.0,-106.0,-104.0,0,outdoors,grass,88.0,4.0,00-0029263,00-0032268,Russell Wilson,Marcus Mariota,Pete Carroll,Mike Mularkey,Ron Torbert,NAS00,Nissan Stadium
2017_04_TEN_HOU,2017,REG,4,2017-10-01,Sunday,13:00,TEN,14.0,HOU,57.0,Home,43.0,71.0,0.0,2017100105,57288.0,,201710010htx,7979.0,400951720,,7,7,-139.0,126.0,-2.5,-113.0,102.0,43.0,-103.0,-107.0,1,open,astroturf,,,00-0032268,00-0033537,Marcus Mariota,Deshaun Watson,Mike Mularkey,Bill O'Brien,Jeff Triplette,HOU00,NRG Stadium
2017_05_TEN_MIA,2017,REG,5,2017-10-08,Sunday,13:00,TEN,10.0,MIA,16.0,Home,6.0,26.0,0.0,2017100804,57303.0,,201710080mia,7994.0,400951646,,7,7,102.0,-113.0,-0.0,-100.0,-110.0,41.5,-109.0,-101.0,0,outdoors,grass,89.0,9.0,00-0023662,00-0024226,Matt Cassel,Jay Cutler,Mike Mularkey,Adam Gase,Bill Vinovich,MIA00,Hard Rock Stadium
2017_06_IND_TEN,2017,REG,6,2017-10-16,Monday,20:30,IND,22.0,TEN,36.0,Home,14.0,58.0,0.0,2017101600,57325.0,,201710160oti,8013.0,400951785,,8,8,250.0,-283.0,7.0,-109.0,-101.0,46.0,102.0,-113.0,1,outdoors,grass,57.0,7.0,00-0033119,00-0032268,Jacoby Brissett,Marcus Mariota,Chuck Pagano,Mike Mularkey,Walt Anderson,NAS00,Nissan Stadium
2017_07_TEN_CLE,2017,REG,7,2017-10-22,Sunday,13:00,TEN,12.0,CLE,9.0,Home,-3.0,21.0,1.0,2017102202,57329.0,,201710220cle,8023.0,400951582,,6,7,-230.0,205.0,-5.5,-105.0,-105.0,42.5,-102.0,-108.0,0,outdoors,grass,74.0,12.0,00-0032268,00-0033899,Marcus Mariota,DeShone Kizer,Mike Mularkey,Hue Jackson,Terry McAulay,CLE00,FirstEnergy Stadium
2017_09_BAL_TEN,2017,REG,9,2017-11-05,Sunday,13:00,BAL,20.0,TEN,23.0,Home,3.0,43.0,0.0,2017110506,57361.0,,201711050oti,8044.0,400951761,,10,14,155.0,-172.0,3.0,107.0,-118.0,41.0,102.0,-113.0,0,outdoors,grass,75.0,10.0,00-0026158,00-0032268,Joe Flacco,Marcus Mariota,John Harbaugh,Mike Mularkey,John Hussey,NAS00,Nissan Stadium
2017_10_CIN_TEN,2017,REG,10,2017-11-12,Sunday,13:00,CIN,20.0,TEN,24.0,Home,4.0,44.0,0.0,2017111206,57374.0,,201711120oti,8056.0,400951656,,7,7,197.0,-220.0,4.5,-100.0,-110.0,40.5,-111.0,101.0,0,outdoors,grass,53.0,4.0,00-0027973,00-0032268,Andy Dalton,Marcus Mariota,Marvin Lewis,Mike Mularkey,Jeff Triplette,NAS00,Nissan Stadium
2017_11_TEN_PIT,2017,REG,11,2017-11-16,Thursday,20:25,TEN,17.0,PIT,40.0,Home,23.0,57.0,0.0,2017111600,57381.0,,201711160pit,8069.0,400951698,,4,4,277.0,-315.0,7.0,-113.0,102.0,44.5,-100.0,-110.0,0,outdoors,grass,40.0,17.0,00-0032268,00-0022924,Marcus Mariota,Ben Roethlisberger,Mike Mularkey,Mike Tomlin,Ron Torbert,PIT00,Heinz Field
2017_12_TEN_IND,2017,REG,12,2017-11-26,Sunday,13:00,TEN,20.0,IND,16.0,Home,-4.0,36.0,0.0,2017112602,57399.0,,201711260clt,8091.0,400951591,,10,14,-174.0,157.0,-3.0,-123.0,111.0,46.5,102.0,-113.0,1,open,fieldturf,,,00-0032268,00-0033119,Marcus Mariota,Jacoby Brissett,Mike Mularkey,Chuck Pagano,Craig Wrolstad,IND00,Lucas Oil Stadium
2017_13_HOU_TEN,2017,REG,13,2017-12-03,Sunday,13:00,HOU,13.0,TEN,24.0,Home,11.0,37.0,0.0,2017120309,57420.0,,201712030oti,8102.0,400951728,,6,7,252.0,-285.0,7.0,-108.0,-102.0,42.5,-104.0,-106.0,1,outdoors,grass,60.0,4.0,00-0031064,00-0032268,Tom Savage,Marcus Mariota,Bill O'Brien,Mike Mularkey,Clete Blakeman,NAS00,Nissan Stadium
2017_14_TEN_ARI,2017,REG,14,2017-12-10,Sunday,16:05,TEN,7.0,ARI,12.0,Home,5.0,19.0,0.0,2017121008,57435.0,,201712100crd,8124.0,400951662,,7,7,-143.0,129.0,-2.5,-115.0,104.0,42.0,-103.0,-107.0,0,closed,grass,,,00-0032268,00-0027948,Marcus Mariota,Blaine Gabbert,Mike Mularkey,Bruce Arians,Jerome Boger,PHO00,University of Phoenix Stadium
2017_15_TEN_SF,2017,REG,15,2017-12-17,Sunday,16:25,TEN,23.0,SF,25.0,Home,2.0,48.0,0.0,2017121710,57455.0,,201712170sfo,8143.0,400951813,,7,7,111.0,-123.0,2.5,-113.0,102.0,44.5,-102.0,-108.0,0,outdoors,grass,65.0,17.0,00-0032268,00-0031345,Marcus Mariota,Jimmy Garoppolo,Mike Mularkey,Kyle Shanahan,John Parry,SFO01,Levi's Stadium
2017_16_LA_TEN,2017,REG,16,2017-12-24,Sunday,13:00,LA,27.0,TEN,23.0,Home,-4.0,50.0,0.0,2017122407,57467.0,,201712240oti,8154.0,400951667,,7,7,-230.0,205.0,-5.5,-105.0,-105.0,46.0,-105.0,-105.0,0,outdoors,grass,39.0,11.0,00-0033106,00-0032268,Jared Goff,Marcus Mariota,Sean McVay,Mike Mularkey,Walt Anderson,NAS00,Nissan Stadium
2017_17_JAX_TEN,2017,REG,17,2017-12-31,Sunday,16:25,JAX,10.0,TEN,15.0,Home,5.0,25.0,0.0,2017123111,57485.0,,201712310oti,8170.0,400951788,,7,7,125.0,-138.0,2.5,102.0,-113.0,40.0,-104.0,-106.0,1,outdoors,grass,23.0,5.0,00-0031407,00-0032268,Blake Bortles,Marcus Mariota,Doug Marrone,Mike Mularkey,Tony Corrente,NAS00,Nissan Stadium
2017_18_TEN_KC,2017,WC,18,2018-01-06,Saturday,16:36,TEN,22.0,KC,21.0,Home,-1.0,43.0,0.0,2018010600,57490.0,,201801060kan,9297.0,400999175,,6,6,369.0,-430.0,8.5,-105.0,-105.0,44.0,-104.0,-106.0,0,outdoors,grass,33.0,10.0,00-0032268,00-0023436,Marcus Mariota,Alex Smith,Mike Mularkey,Andy Reid,Jeff Triplette,KAN00,Arrowhead Stadium
2017_19_TEN_NE,2017,DIV,19,2018-01-13,Saturday,20:15,TEN,14.0,NE,35.0,Home,21.0,49.0,0.0,2018011301,57495.0,,201801130nwe,9303.0,400999178,,7,13,607.0,-790.0,13.5,-100.0,-110.0,48.0,-102.0,-108.0,0,outdoors,fieldturf,24.0,12.0,00-0032268,00-0019596,Marcus Mariota,Tom Brady,Mike Mularkey,Bill Belichick,Ron Torbert,BOS00,Gillette Stadium
2018_01_TEN_MIA,2018,REG,1,2018-09-09,Sunday,13:00,TEN,20.0,MIA,27.0,Home,7.0,47.0,0.0,2018090903,57571.0,,201809090mia,9341.0,401030716,,7,7,-115.0,104.0,-1.0,-107.0,-103.0,43.5,-101.0,-109.0,0,outdoors,grass,89.0,7.0,00-0032268,00-0029701,Marcus Mariota,Ryan Tannehill,Mike Vrabel,Adam Gase,Jerome Boger,MIA00,Hard Rock Stadium
2018_02_HOU_TEN,2018,REG,2,2018-09-16,Sunday,13:00,HOU,17.0,TEN,20.0,Home,3.0,37.0,0.0,2018091607,57591.0,,201809160oti,9360.0,401030694,,7,7,-176.0,159.0,-3.5,103.0,-114.0,41.0,-110.0,-100.0,1,outdoors,grass,81.0,12.0,00-0033537,00-0027948,Deshaun Watson,Blaine Gabbert,Bill O'Brien,Mike Vrabel,Peter Morelli,NAS00,Nissan Stadium
2018_03_TEN_JAX,2018,REG,3,2018-09-23,Sunday,13:00,TEN,9.0,JAX,6.0,Home,-3.0,15.0,0.0,2018092304,57604.0,,201809230jax,9374.0,401030794,,7,7,357.0,-415.0,10.0,-111.0,100.0,39.0,-102.0,-109.0,1,outdoors,grass,89.0,10.0,00-0027948,00-0031407,Blaine Gabbert,Blake Bortles,Mike Vrabel,Doug Marrone,Shawn Smith,JAX00,TIAA Bank Stadium
2018_04_PHI_TEN,2018,REG,4,2018-09-30,Sunday,13:00,PHI,23.0,TEN,26.0,Home,3.0,49.0,1.0,2018093007,57623.0,,201809300oti,9394.0,401030842,,7,7,-146.0,132.0,-3.0,103.0,-115.0,41.5,-102.0,-109.0,0,outdoors,grass,80.0,4.0,00-0032950,00-0032268,Carson Wentz,Marcus Mariota,Doug Pederson,Mike Vrabel,Shawn Hochuli,NAS00,Nissan Stadium
2018_05_TEN_BUF,2018,REG,5,2018-10-07,Sunday,13:00,TEN,12.0,BUF,13.0,Home,1.0,25.0,0.0,2018100700,57631.0,,201810070buf,9402.0,401030702,,7,7,-269.0,238.0,-6.0,-112.0,101.0,38.0,106.0,-119.0,0,outdoors,a_turf,62.0,8.0,00-0032268,00-0034857,Marcus Mariota,Josh Allen,Mike Vrabel,Sean McDermott,Tony Corrente,BUF00,New Era Field
2018_06_BAL_TEN,2018,REG,6,2018-10-14,Sunday,16:25,BAL,21.0,TEN,0.0,Home,-21.0,21.0,0.0,2018101411,57657.0,,201810140oti,9428.0,401030774,,7,7,-137.0,124.0,-2.5,-108.0,-103.0,43.5,-103.0,-107.0,0,outdoors,grass,66.0,4.0,00-0026158,00-0032268,Joe Flacco,Marcus Mariota,John Harbaugh,Mike Vrabel,Carl Cheffers,NAS00,Nissan Stadium
2018_07_TEN_LAC,2018,REG,7,2018-10-21,Sunday,21:30,TEN,19.0,LAC,20.0,Neutral,1.0,39.0,0.0,2018102100,57661.0,,201810210sdg,9432.0,401030792,,7,7,245.0,-277.0,6.5,-103.0,-108.0,46.0,-109.0,-102.0,0,outdoors,grass,66.0,6.0,00-0032268,00-0022942,Marcus Mariota,Philip Rivers,Mike Vrabel,Anthony Lynn,Walt Coleman,LON00,Wembley Stadium
2018_09_TEN_DAL,2018,REG,9,2018-11-05,Monday,20:15,TEN,28.0,DAL,14.0,Home,-14.0,42.0,0.0,2018110500,57700.0,,201811050dal,9471.0,401030862,,15,15,203.0,-228.0,4.5,101.0,-112.0,40.0,-105.0,-105.0,0,closed,matrixturf,,,00-0032268,00-0033077,Marcus Mariota,Dak Prescott,Mike Vrabel,Jason Garrett,Clete Blakeman,DAL00,AT&T Stadium
2018_10_NE_TEN,2018,REG,10,2018-11-11,Sunday,13:00,NE,10.0,TEN,34.0,Home,24.0,44.0,0.0,2018111108,57710.0,,201811110oti,9480.0,401030821,,7,6,-244.0,217.0,-6.0,101.0,-112.0,47.0,-103.0,-108.0,0,outdoors,grass,46.0,4.0,00-0019596,00-0032268,Tom Brady,Marcus Mariota,Bill Belichick,Mike Vrabel,Bill Vinovich,NAS00,Nissan Stadium
2018_11_TEN_IND,2018,REG,11,2018-11-18,Sunday,13:00,TEN,10.0,IND,38.0,Home,28.0,48.0,0.0,2018111804,57720.0,,201811180clt,9489.0,401030922,,7,7,117.0,-129.0,2.0,-103.0,-108.0,50.0,-104.0,-106.0,1,closed,fieldturf,,,00-0032268,00-0029668,Marcus Mariota,Andrew Luck,Mike Vrabel,Frank Reich,John Hussey,IND00,Lucas Oil Stadium
2018_12_TEN_HOU,2018,REG,12,2018-11-26,Monday,20:15,TEN,17.0,HOU,34.0,Home,17.0,51.0,0.0,2018112600,57742.0,,201811260htx,9513.0,401030762,,8,8,171.0,-190.0,3.5,-114.0,102.0,42.5,-101.0,-110.0,1,closed,astroturf,,,00-0032268,00-0033537,Marcus Mariota,Deshaun Watson,Mike Vrabel,Bill O'Brien,Craig Wrolstad,HOU00,NRG Stadium
2018_13_NYJ_TEN,2018,REG,13,2018-12-02,Sunday,16:05,NYJ,22.0,TEN,26.0,Home,4.0,48.0,0.0,2018120211,57755.0,,201812020oti,9525.0,401030960,,7,6,370.0,-431.0,10.5,-127.0,113.0,40.5,-104.0,-106.0,0,outdoors,grass,70.0,13.0,00-0021206,00-0032268,Josh McCown,Marcus Mariota,Todd Bowles,Mike Vrabel,Jerome Boger,NAS00,Nissan Stadium
2018_14_JAX_TEN,2018,REG,14,2018-12-06,Thursday,20:20,JAX,9.0,TEN,30.0,Home,21.0,39.0,0.0,2018120600,57759.0,,201812060oti,9530.0,401030724,,4,4,221.0,-248.0,5.5,-103.0,-107.0,36.5,-107.0,-103.0,1,outdoors,grass,44.0,5.0,00-0033104,00-0032268,Cody Kessler,Marcus Mariota,Doug Marrone,Mike Vrabel,John Parry,NAS00,Nissan Stadium
2018_15_TEN_NYG,2018,REG,15,2018-12-16,Sunday,13:00,TEN,17.0,NYG,0.0,Home,-17.0,17.0,0.0,2018121608,57786.0,,201812160nyg,9556.0,401030915,,10,7,-123.0,112.0,-2.5,-101.0,-110.0,42.0,-111.0,100.0,0,outdoors,fieldturf,40.0,6.0,00-0032268,00-0022803,Marcus Mariota,Eli Manning,Mike Vrabel,Pat Shurmur,Shawn Hochuli,NYC01,MetLife Stadium
2018_16_WAS_TEN,2018,REG,16,2018-12-22,Saturday,16:30,WAS,16.0,TEN,25.0,Home,9.0,41.0,0.0,2018122200,57794.0,,201812220oti,9570.0,401030868,,6,6,481.0,-599.0,12.5,-110.0,-101.0,38.0,-114.0,102.0,0,outdoors,grass,51.0,9.0,00-0026300,00-0032268,Josh Johnson,Marcus Mariota,Jay Gruden,Mike Vrabel,John Hussey,NAS00,Nissan Stadium
2018_17_IND_TEN,2018,REG,17,2018-12-30,Sunday,20:20,IND,33.0,TEN,17.0,Home,-16.0,50.0,0.0,2018123011,57818.0,,201812300oti,9586.0,401030755,,7,8,-212.0,190.0,-5.0,102.0,-114.0,42.5,-108.0,-103.0,1,outdoors,grass,53.0,4.0,00-0029668,00-0027948,Andrew Luck,Blaine Gabbert,Frank Reich,Mike Vrabel,Walt Anderson,NAS00,Nissan Stadium
2019_01_TEN_CLE,2019,REG,1,2019-09-08,Sunday,13:00,TEN,43.0,CLE,13.0,Home,-30.0,56.0,0.0,2019090801,57902.0,,201909080cle,13763.0,401127928,5064.0,7,7,206.0,-230.0,5.5,-113.0,103.0,44.0,-107.0,-103.0,0,outdoors,grass,71.0,10.0,00-0032268,00-0034855,Marcus Mariota,Baker Mayfield,Mike Vrabel,Freddie Kitchens,Brad Allen,CLE00,FirstEnergy Stadium
2019_02_IND_TEN,2019,REG,2,2019-09-15,Sunday,13:00,IND,19.0,TEN,17.0,Home,-2.0,36.0,0.0,2019091508,57925.0,,201909150oti,13782.0,401128114,5078.0,7,7,160.0,-178.0,3.0,108.0,-120.0,43.5,-111.0,-101.0,1,outdoors,grass,93.0,1.0,00-0033119,00-0032268,Jacoby Brissett,Marcus Mariota,Frank Reich,Mike Vrabel,Clete Blakeman,NAS00,Nissan Stadium
2019_03_TEN_JAX,2019,REG,3,2019-09-19,Thursday,20:20,TEN,7.0,JAX,20.0,Home,13.0,27.0,0.0,2019091900,57932.0,,201909190jax,13794.0,401127859,5090.0,4,4,-125.0,113.0,-1.5,-109.0,-101.0,38.0,-100.0,-111.0,1,outdoors,grass,73.0,9.0,00-0032268,00-0035289,Marcus Mariota,Gardner Minshew,Mike Vrabel,Doug Marrone,Shawn Hochuli,JAX00,TIAA Bank Stadium
2019_04_TEN_ATL,2019,REG,4,2019-09-29,Sunday,13:00,TEN,24.0,ATL,10.0,Home,-14.0,34.0,0.0,2019092900,57949.0,,201909290atl,13811.0,401128016,5113.0,10,7,156.0,-174.0,3.5,-113.0,102.0,46.0,-113.0,101.0,0,closed,fieldturf,,,00-0032268,00-0026143,Marcus Mariota,Matt Ryan,Mike Vrabel,Dan Quinn,John Hussey,ATL97,Mercedes-Benz Stadium
2019_05_BUF_TEN,2019,REG,5,2019-10-06,Sunday,13:00,BUF,14.0,TEN,7.0,Home,-7.0,21.0,0.0,2019100608,57972.0,,201910060oti,13827.0,401128014,5125.0,7,7,162.0,-182.0,3.5,-110.0,-101.0,39.5,-101.0,-111.0,0,outdoors,grass,77.0,13.0,00-0034857,00-0032268,Josh Allen,Marcus Mariota,Sean McDermott,Mike Vrabel,Bradley Rogers,NAS00,Nissan Stadium
2019_06_TEN_DEN,2019,REG,6,2019-10-13,Sunday,16:25,TEN,0.0,DEN,16.0,Home,16.0,16.0,0.0,2019101309,57988.0,,201910130den,13850.0,401128129,5147.0,7,7,109.0,-121.0,1.0,103.0,-113.0,41.0,-102.0,-109.0,0,outdoors,grass,69.0,7.0,00-0032268,00-0026158,Marcus Mariota,Joe Flacco,Mike Vrabel,Vic Fangio,Alex Kemp,DEN00,Empower Field at Mile High
2019_07_LAC_TEN,2019,REG,7,2019-10-20,Sunday,16:05,LAC,20.0,TEN,23.0,Home,3.0,43.0,0.0,2019102008,58001.0,,201910200oti,13863.0,401127979,5159.0,7,7,141.0,-157.0,3.0,-107.0,-103.0,42.5,-105.0,-106.0,0,outdoors,grass,77.0,2.0,00-0022942,00-0029701,Philip Rivers,Ryan Tannehill,Anthony Lynn,Mike Vrabel,Bill Vinovich,NAS00,Nissan Stadium
2019_08_TB_TEN,2019,REG,8,2019-10-27,Sunday,13:00,TB,23.0,TEN,27.0,Home,4.0,50.0,0.0,2019102708,58015.0,,201910270oti,13873.0,401128048,5173.0,14,7,110.0,-122.0,2.0,-110.0,-100.0,45.5,102.0,-114.0,0,outdoors,grass,59.0,3.0,00-0031503,00-0029701,Jameis Winston,Ryan Tannehill,Bruce Arians,Mike Vrabel,Adrian Hill,NAS00,Nissan Stadium
2019_09_TEN_CAR,2019,REG,9,2019-11-03,Sunday,13:00,TEN,20.0,CAR,30.0,Home,10.0,50.0,0.0,2019110302,58024.0,,201911030car,13890.0,401128078,5185.0,7,7,160.0,-179.0,3.5,-109.0,-101.0,43.0,-104.0,-107.0,0,outdoors,grass,58.0,5.0,00-0029701,00-0034577,Ryan Tannehill,Cam Newton,Mike Vrabel,Ron Rivera,Ronald Torbert,CAR00,Bank of America Stadium
2019_10_KC_TEN,2019,REG,10,2019-11-10,Sunday,13:00,KC,32.0,TEN,35.0,Home,3.0,67.0,0.0,2019111007,58043.0,,201911100oti,13902.0,401127981,5200.0,7,7,-233.0,205.0,-5.0,-108.0,-102.0,49.0,-104.0,-107.0,0,outdoors,grass,63.0,9.0,00-0033873,00-0029701,Patrick Mahomes,Ryan Tannehill,Andy Reid,Mike Vrabel,Tony Corrente,NAS00,Nissan Stadium
2019_12_JAX_TEN,2019,REG,12,2019-11-24,Sunday,16:05,JAX,20.0,TEN,42.0,Home,22.0,62.0,0.0,2019112408,58071.0,,201911240oti,13933.0,401128000,5229.0,7,14,198.0,-225.0,4.5,103.0,-114.0,42.0,100.0,-112.0,1,outdoors,grass,52.0,9.0,00-0029567,00-0029701,Nick Foles,Ryan Tannehill,Doug Marrone,Mike Vrabel,Shawn Smith,NAS00,Nissan Stadium
2019_13_TEN_IND,2019,REG,13,2019-12-01,Sunday,13:00,TEN,31.0,IND,17.0,Home,-14.0,48.0,0.0,2019120103,58082.0,,201912010clt,13942.0,401128058,5243.0,7,10,-109.0,-101.0,-1.0,-102.0,-108.0,41.5,-106.0,-105.0,1,closed,fieldturf,,,00-0029701,00-0033119,Ryan Tannehill,Jacoby Brissett,Mike Vrabel,Frank Reich,Carl Cheffers,IND00,Lucas Oil Stadium
2019_14_TEN_OAK,2019,REG,14,2019-12-08,Sunday,16:25,TEN,42.0,OAK,21.0,Home,-21.0,63.0,0.0,2019120812,58105.0,,201912080rai,13965.0,401128005,5263.0,7,7,-152.0,137.0,-3.0,100.0,-111.0,47.0,-106.0,-105.0,0,outdoors,grass,59.0,5.0,00-0029701,00-0031280,Ryan Tannehill,Derek Carr,Mike Vrabel,Jon Gruden,Brad Allen,OAK00,Ring Central Coliseum
2019_15_HOU_TEN,2019,REG,15,2019-12-15,Sunday,13:00,HOU,24.0,TEN,21.0,Home,-3.0,45.0,0.0,2019121507,58116.0,,201912150oti,13974.0,401128068,5270.0,7,7,148.0,-165.0,3.0,103.0,-113.0,50.0,-107.0,-104.0,1,outdoors,grass,45.0,4.0,00-0033537,00-0029701,Deshaun Watson,Ryan Tannehill,Bill O'Brien,Mike Vrabel,Bill Vinovich,NAS00,Nissan Stadium
2019_16_NO_TEN,2019,REG,16,2019-12-22,Sunday,13:00,NO,38.0,TEN,28.0,Home,-10.0,66.0,0.0,2019122210,58134.0,,201912220oti,13993.0,401127935,5290.0,6,7,-178.0,159.0,-3.5,103.0,-113.0,49.0,-101.0,-111.0,0,outdoors,grass,50.0,4.0,00-0020531,00-0029701,Drew Brees,Ryan Tannehill,Sean Payton,Mike Vrabel,Jerome Boger,NAS00,Nissan Stadium
2019_17_TEN_HOU,2019,REG,17,2019-12-29,Sunday,16:25,TEN,35.0,HOU,14.0,Home,-21.0,49.0,0.0,2019122906,58146.0,,201912290htx,14014.0,401127984,5309.0,7,7,-366.0,308.0,-10.0,106.0,-117.0,43.0,-104.0,-107.0,1,closed,grass,,,00-0029701,00-0031288,Ryan Tannehill,A.J. McCarron,Mike Vrabel,Bill O'Brien,Clete Blakeman,HOU00,NRG Stadium
2019_18_TEN_NE,2019,WC,18,2020-01-04,Saturday,20:15,TEN,20.0,NE,13.0,Home,-7.0,33.0,0.0,2020010401,58157.0,,202001040nwe,16802.0,401131036,5315.0,6,6,190.0,-214.0,4.5,-101.0,-109.0,45.0,-106.0,-105.0,0,outdoors,grass,44.0,4.0,00-0029701,00-0019596,Ryan Tannehill,Tom Brady,Mike Vrabel,Bill Belichick,John Hussey,BOS00,Gillette Stadium
2019_19_TEN_BAL,2019,DIV,19,2020-01-11,Saturday,20:15,TEN,28.0,BAL,12.0,Home,-16.0,40.0,0.0,2020011101,58161.0,,202001110rav,16805.0,401131041,5319.0,7,13,361.0,-439.0,10.0,-107.0,-103.0,47.5,-101.0,-110.0,0,outdoors,grass,69.0,12.0,00-0029701,00-0034796,Ryan Tannehill,Lamar Jackson,Mike Vrabel,John Harbaugh,Bill Vinovich,BAL00,M&T Bank Stadium
2019_20_TEN_KC,2019,CON,20,2020-01-19,Sunday,15:05,TEN,24.0,KC,35.0,Home,11.0,59.0,0.0,2020011900,58164.0,,202001190kan,16809.0,401131044,5322.0,8,7,286.0,-337.0,7.5,-117.0,106.0,51.0,-103.0,-108.0,0,outdoors,astroturf,,,00-0029701,00-0033873,Ryan Tannehill,Patrick Mahomes,Mike Vrabel,Andy Reid,Tony Corrente,KAN00,Arrowhead Stadium
2020_01_TEN_DEN,2020,REG,1,2020-09-14,Monday,22:10,TEN,16.0,DEN,14.0,Home,-2.0,30.0,0.0,2020091401,58183.0,,202009140den,18547.0,401220217,5340.0,7,7,-175.0,157.0,-3.0,-121.0,109.0,41.0,100.0,-112.0,0,outdoors,grass,79.0,10.0,00-0029701,00-0035704,Ryan Tannehill,Drew Lock,Mike Vrabel,Vic Fangio,Scott Novak,DEN00,Empower Field at Mile High
2020_02_JAX_TEN,2020,REG,2,2020-09-20,Sunday,13:00,JAX,30.0,TEN,33.0,Home,3.0,63.0,0.0,2020092009,58194.0,,202009200oti,18558.0,401220204,5347.0,7,6,254.0,-295.0,7.0,-116.0,105.0,44.5,-103.0,-108.0,1,outdoors,grass,72.0,5.0,00-0035289,00-0029701,Gardner Minshew,Ryan Tannehill,Doug Marrone,Mike Vrabel,Clay Martin,NAS00,Nissan Stadium
2020_03_TEN_MIN,2020,REG,3,2020-09-27,Sunday,13:00,TEN,31.0,MIN,30.0,Home,-1.0,61.0,0.0,2020092703,58204.0,,202009270min,18568.0,401220304,5364.0,7,7,-155.0,139.0,-3.0,-101.0,-109.0,49.5,-116.0,104.0,0,dome,sportturf,,,00-0029701,00-0029604,Ryan Tannehill,Kirk Cousins,Mike Vrabel,Mike Zimmer,Clete Blakeman,MIN01,U.S. Bank Stadium
2020_05_BUF_TEN,2020,REG,5,2020-10-13,Tuesday,19:00,BUF,16.0,TEN,42.0,Home,26.0,58.0,0.0,2020101300,58240.0,,202010130oti,18604.0,401220209,5391.0,9,16,-168.0,150.0,-3.0,-108.0,-102.0,52.0,-106.0,-105.0,0,outdoors,grass,73.0,3.0,00-0034857,00-0029701,Josh Allen,Ryan Tannehill,Sean McDermott,Mike Vrabel,Carl Cheffers,NAS00,Nissan Stadium
2020_06_HOU_TEN,2020,REG,6,2020-10-18,Sunday,13:00,HOU,36.0,TEN,42.0,Home,6.0,78.0,1.0,2020101807,58255.0,,202010180oti,18618.0,401220202,5411.0,7,5,169.0,-190.0,4.0,-110.0,100.0,52.0,-116.0,104.0,1,outdoors,grass,61.0,10.0,00-0033537,00-0029701,Deshaun Watson,Ryan Tannehill,Romeo Crennel,Mike Vrabel,Alex Kemp,NAS00,Nissan Stadium
2020_07_PIT_TEN,2020,REG,7,2020-10-25,Sunday,13:00,PIT,27.0,TEN,24.0,Home,-3.0,51.0,0.0,2020102512,58225.0,,202010250oti,18589.0,401249063,5382.0,7,7,103.0,-114.0,1.0,-102.0,-108.0,51.0,-111.0,-100.0,0,outdoors,grass,55.0,3.0,00-0022924,00-0029701,Ben Roethlisberger,Ryan Tannehill,Mike Tomlin,Mike Vrabel,Shawn Hochuli,NAS00,Nissan Stadium
2020_08_TEN_CIN,2020,REG,8,2020-11-01,Sunday,13:00,TEN,20.0,CIN,31.0,Home,11.0,51.0,0.0,2020110101,58277.0,,202011010cin,18641.0,401220158,5439.0,7,7,-321.0,274.0,-7.5,107.0,-118.0,49.5,-115.0,103.0,0,outdoors,grass,48.0,24.0,00-0029701,00-0036442,Ryan Tannehill,Joe Burrow,Mike Vrabel,Zac Taylor,Scott Novak,CIN00,Paul Brown Stadium
2020_09_CHI_TEN,2020,REG,9,2020-11-08,Sunday,13:00,CHI,17.0,TEN,24.0,Home,7.0,41.0,0.0,2020110806,58295.0,,202011080oti,18659.0,401220207,5448.0,7,7,243.0,-280.0,6.5,-107.0,-103.0,46.5,-106.0,-105.0,0,outdoors,grass,77.0,14.0,00-0029567,00-0029701,Nick Foles,Ryan Tannehill,Matt Nagy,Mike Vrabel,Ronald Torbert,NAS00,Nissan Stadium
2020_10_IND_TEN,2020,REG,10,2020-11-12,Thursday,20:20,IND,34.0,TEN,17.0,Home,-17.0,51.0,0.0,2020111200,58302.0,,202011120oti,18666.0,401220203,5459.0,4,4,-115.0,105.0,-1.0,-107.0,-103.0,49.0,-100.0,-111.0,1,outdoors,grass,56.0,6.0,00-0022942,00-0029701,Philip Rivers,Ryan Tannehill,Frank Reich,Mike Vrabel,Brad Allen,NAS00,Nissan Stadium
2020_11_TEN_BAL,2020,REG,11,2020-11-22,Sunday,13:00,TEN,30.0,BAL,24.0,Home,-6.0,54.0,1.0,2020112200,58317.0,,202011220rav,18681.0,401220150,5481.0,10,7,221.0,-253.0,6.0,-103.0,-107.0,50.5,-102.0,-109.0,0,outdoors,grass,53.0,6.0,00-0029701,00-0034796,Ryan Tannehill,Lamar Jackson,Mike Vrabel,John Harbaugh,Alex Kemp,BAL00,M&T Bank Stadium
2020_12_TEN_IND,2020,REG,12,2020-11-29,Sunday,13:00,TEN,45.0,IND,26.0,Home,-19.0,71.0,0.0,2020112903,58335.0,,202011290clt,18699.0,401220188,5496.0,7,7,133.0,-147.0,3.0,-114.0,103.0,51.5,-107.0,-104.0,1,closed,fieldturf,,,00-0029701,00-0022942,Ryan Tannehill,Philip Rivers,Mike Vrabel,Frank Reich,John Hussey,IND00,Lucas Oil Stadium
2020_13_CLE_TEN,2020,REG,13,2020-12-06,Sunday,13:00,CLE,41.0,TEN,35.0,Home,-6.0,76.0,0.0,2020120607,58353.0,,202012060oti,18717.0,401220205,5504.0,7,7,178.0,-200.0,4.0,-111.0,101.0,54.0,-107.0,-104.0,0,outdoors,grass,52.0,1.0,00-0034855,00-0029701,Baker Mayfield,Ryan Tannehill,Kevin Stefanski,Mike Vrabel,Clete Blakeman,NAS00,Nissan Stadium
2020_14_TEN_JAX,2020,REG,14,2020-12-13,Sunday,13:00,TEN,31.0,JAX,10.0,Home,-21.0,41.0,0.0,2020121304,58365.0,,202012130jax,18729.0,401220196,5525.0,7,7,-364.0,307.0,-7.5,-106.0,-104.0,53.0,-112.0,101.0,1,outdoors,grass,69.0,2.0,00-0029701,00-0030520,Ryan Tannehill,Mike Glennon,Mike Vrabel,Doug Marrone,Adrian Hill,JAX00,TIAA Bank Stadium
2020_15_DET_TEN,2020,REG,15,2020-12-20,Sunday,13:00,DET,25.0,TEN,46.0,Home,21.0,71.0,0.0,2020122004,58381.0,,202012200oti,18745.0,401220208,5538.0,7,7,325.0,-389.0,9.5,-113.0,102.0,54.5,-109.0,-103.0,0,outdoors,grass,46.0,5.0,00-0026498,00-0029701,Matthew Stafford,Ryan Tannehill,Darrell Bevell,Mike Vrabel,Jerome Boger,NAS00,Nissan Stadium
2020_16_TEN_GB,2020,REG,16,2020-12-27,Sunday,20:20,TEN,14.0,GB,40.0,Home,26.0,54.0,0.0,2020122713,58406.0,,202012270gnb,18770.0,401220296,5563.0,7,8,159.0,-177.0,3.0,107.0,-118.0,52.5,-104.0,-107.0,0,outdoors,grass,28.0,15.0,00-0029701,00-0023459,Ryan Tannehill,Aaron Rodgers,Mike Vrabel,Matt LaFleur,Brad Allen,GNB00,Lambeau Field
2020_17_TEN_HOU,2020,REG,17,2021-01-03,Sunday,16:25,TEN,41.0,HOU,38.0,Home,-3.0,79.0,0.0,2021010312,58420.0,,202101030htx,18778.0,401220180,5576.0,7,7,-301.0,259.0,-7.0,101.0,-111.0,55.5,-113.0,101.0,1,closed,grass,,,00-0029701,00-0033537,Ryan Tannehill,Deshaun Watson,Mike Vrabel,Romeo Crennel,Shawn Hochuli,HOU00,NRG Stadium
2020_18_BAL_TEN,2020,WC,18,2021-01-10,Sunday,13:05,BAL,20.0,TEN,13.0,Home,-7.0,33.0,0.0,2021011000,58492.0,,202101100oti,19260.0,401220396,5584.0,7,7,-182.0,163.0,-3.5,-103.0,-107.0,53.0,100.0,-112.0,0,outdoors,grass,33.0,1.0,00-0034796,00-0029701,Lamar Jackson,Ryan Tannehill,John Harbaugh,Mike Vrabel,Jerome Boger,NAS00,Nissan Stadium
2021_01_ARI_TEN,2021,REG,1,2021-09-12,Sunday,13:00,ARI,38.0,TEN,13.0,Home,-25.0,51.0,0.0,2021091207,58511.0,10160000-0585-1194-5bd6-3e939eca6530,202109120oti,19616.0,401326311,5597.0,7,7,131.0,-146.0,2.5,105.0,-116.0,54.0,-103.0,-108.0,0,outdoors,grass ,82.0,8.0,00-0035228,00-0029701,Kyler Murray,Ryan Tannehill,Kliff Kingsbury,Mike Vrabel,Jerome Boger,NAS00,Nissan Stadium
2021_02_TEN_SEA,2021,REG,2,2021-09-19,Sunday,16:25,TEN,33.0,SEA,30.0,Home,-3.0,63.0,1.0,2021091912,58532.0,10160000-0585-3276-88c7-cc4ad323640e,202109190sea,19637.0,401326360,5623.0,7,7,247.0,-286.0,6.5,-100.0,-110.0,53.5,-102.0,-109.0,0,outdoors,fieldturf,62.0,14.0,00-0029701,00-0029263,Ryan Tannehill,Russell Wilson,Mike Vrabel,Pete Carroll,John Hussey,SEA00,Lumen Field
2021_03_IND_TEN,2021,REG,3,2021-09-26,Sunday,13:00,IND,16.0,TEN,25.0,Home,9.0,41.0,0.0,2021092608,58544.0,10160000-0585-4441-26ae-1a1f5f8a7f37,202109260oti,19649.0,401326372,5628.0,7,7,175.0,-196.0,4.5,-113.0,103.0,47.0,-104.0,-107.0,1,outdoors,grass ,72.0,4.0,00-0032950,00-0029701,Carson Wentz,Ryan Tannehill,Frank Reich,Mike Vrabel,Bill Vinovich,NAS00,Nissan Stadium
2021_04_TEN_NYJ,2021,REG,4,2021-10-03,Sunday,13:00,TEN,24.0,NYJ,27.0,Home,3.0,51.0,1.0,2021100307,58559.0,10160000-0585-59d4-a2d1-116bce33f57f,202110030nyj,19664.0,401326387,5651.0,7,7,-234.0,206.0,-5.5,-104.0,-106.0,44.5,-106.0,-105.0,0,outdoors,fieldturf,78.0,9.0,00-0029701,00-0037013,Ryan Tannehill,Zach Wilson,Mike Vrabel,Robert Saleh,Adrian Hill,NYC01,MetLife Stadium
2021_05_TEN_JAX,2021,REG,5,2021-10-10,Sunday,13:00,TEN,37.0,JAX,19.0,Home,-18.0,56.0,0.0,2021101004,58572.0,10160000-0585-7279-7377-00016e0ddefd,202110100jax,19675.0,401326399,5661.0,7,10,-191.0,170.0,-4.0,-100.0,-110.0,49.0,-102.0,-109.0,1,outdoors,grass ,78.0,11.0,00-0029701,00-0036971,Ryan Tannehill,Trevor Lawrence,Mike Vrabel,Urban Meyer,Alex Kemp,JAX00,TIAA Bank Stadium
2021_06_BUF_TEN,2021,REG,6,2021-10-18,Monday,20:15,BUF,31.0,TEN,34.0,Home,3.0,65.0,0.0,2021101800,58596.0,10160000-0585-965f-7a0d-6ef7d60fc6be,202110180oti,19701.0,401326422,5687.0,8,8,-239.0,210.0,-6.0,-102.0,-108.0,53.5,-113.0,101.0,0,outdoors,grass ,66.0,6.0,00-0034857,00-0029701,Josh Allen,Ryan Tannehill,Sean McDermott,Mike Vrabel,Clete Blakeman,NAS00,Nissan Stadium
2021_07_KC_TEN,2021,REG,7,2021-10-24,Sunday,13:00,KC,3.0,TEN,27.0,Home,24.0,30.0,0.0,2021102405,58603.0,10160000-0586-03f0-dadc-5f293b9d5cc3,202110240oti,19708.0,401326429,5690.0,7,6,-209.0,185.0,-4.0,-110.0,-100.0,57.5,-111.0,-101.0,0,outdoors,grass ,74.0,14.0,00-0033873,00-0029701,Patrick Mahomes,Ryan Tannehill,Andy Reid,Mike Vrabel,Brad Allen,NAS00,Nissan Stadium
2021_08_TEN_IND,2021,REG,8,2021-10-31,Sunday,13:00,TEN,34.0,IND,31.0,Home,-3.0,65.0,1.0,2021103106,58617.0,10160000-0586-17ba-050c-83c692d4c53a,202110310clt,19723.0,401326443,5709.0,7,7,144.0,-160.0,3.0,-102.0,-108.0,51.0,-112.0,101.0,1,open,fieldturf,,,00-0029701,00-0032950,Ryan Tannehill,Carson Wentz,Mike Vrabel,Frank Reich,Carl Cheffers,IND00,Lucas Oil Stadium
2021_09_TEN_LA,2021,REG,9,2021-11-07,Sunday,20:20,TEN,28.0,LA,16.0,Home,-12.0,44.0,0.0,2021110711,58637.0,10160000-0586-37fa-fc75-f38fc8292eaa,202111070ram,19742.0,401326463,5728.0,7,7,296.0,-350.0,7.0,103.0,-114.0,53.5,-111.0,-100.0,0,dome,matrixturf,,,00-0029701,00-0026498,Ryan Tannehill,Matthew Stafford,Mike Vrabel,Sean McVay,Brad Rogers,LAX01,SoFi Stadium
2021_10_NO_TEN,2021,REG,10,2021-11-14,Sunday,13:00,NO,21.0,TEN,23.0,Home,2.0,44.0,0.0,2021111405,58645.0,10160000-0586-459d-5a14-86398c300fa2,202111140oti,19751.0,401326471,5734.0,7,7,133.0,-147.0,3.0,-114.0,103.0,44.0,-109.0,-102.0,0,outdoors,grass ,53.0,12.0,00-0032156,00-0029701,Trevor Siemian,Ryan Tannehill,Sean Payton,Mike Vrabel,Jerome Boger,NAS00,Nissan Stadium
2021_11_HOU_TEN,2021,REG,11,2021-11-21,Sunday,13:00,HOU,22.0,TEN,13.0,Home,-9.0,35.0,0.0,2021112108,58662.0,10160000-0586-62fb-5c7d-eb1b756bbb1e,202111210oti,19766.0,401326488,5749.0,14,7,377.0,-462.0,10.5,-110.0,-100.0,44.5,-110.0,-101.0,1,outdoors,grass ,59.0,8.0,00-0028118,00-0029701,Tyrod Taylor,Ryan Tannehill,David Culley,Mike Vrabel,Tony Corrente,NAS00,Nissan Stadium
2021_12_TEN_NE,2021,REG,12,2021-11-28,Sunday,13:00,TEN,13.0,NE,36.0,Home,23.0,49.0,0.0,2021112805,58676.0,10160000-0586-7695-3493-146560fe88f2,202111280nwe,19780.0,401326502,5767.0,7,10,262.0,-305.0,7.5,-118.0,106.0,43.0,-103.0,-108.0,0,outdoors,fieldturf,33.0,6.0,00-0029701,00-0036972,Ryan Tannehill,Mac Jones,Mike Vrabel,Bill Belichick,Alex Kemp,BOS00,Gillette Stadium
2021_14_JAX_TEN,2021,REG,14,2021-12-12,Sunday,13:00,JAX,0.0,TEN,20.0,Home,20.0,20.0,0.0,2021121206,58704.0,10160000-0587-0423-5d01-207449e4e1e7,202112120oti,19809.0,401326530,5790.0,7,14,321.0,-384.0,8.5,-108.0,-103.0,44.5,-108.0,-103.0,1,outdoors,grass ,45.0,0.0,00-0036971,00-0029701,Trevor Lawrence,Ryan Tannehill,Urban Meyer,Mike Vrabel,Bill Vinovich,NAS00,Nissan Stadium
2021_15_TEN_PIT,2021,REG,15,2021-12-19,Sunday,13:00,TEN,13.0,PIT,19.0,Home,6.0,32.0,0.0,2021121909,58721.0,10160000-0587-218b-9192-9d586690459b,202112190pit,19826.0,401326547,5809.0,7,10,109.0,-121.0,1.0,102.0,-114.0,44.0,-105.0,-106.0,0,outdoors,grass,32.0,11.0,00-0029701,00-0022924,Ryan Tannehill,Ben Roethlisberger,Mike Vrabel,Mike Tomlin,Brad Rogers,PIT00,Heinz Field
2021_16_SF_TEN,2021,REG,16,2021-12-23,Thursday,20:20,SF,17.0,TEN,20.0,Home,3.0,37.0,0.0,2021122300,58727.0,10160000-0587-2774-292b-4559b3fea716,202112230oti,19832.0,401326553,5818.0,4,4,-171.0,154.0,-3.5,108.0,-120.0,45.5,-116.0,104.0,0,outdoors,grass,48.0,7.0,00-0031345,00-0029701,Jimmy Garoppolo,Ryan Tannehill,Kyle Shanahan,Mike Vrabel,Shawn Hochuli,NAS00,Nissan Stadium
2021_17_MIA_TEN,2021,REG,17,2022-01-02,Sunday,13:00,MIA,3.0,TEN,34.0,Home,31.0,37.0,0.0,2022010208,58751.0,10160000-0587-517a-7166-162117cc8804,202201020oti,19854.0,401326577,5842.0,6,10,151.0,-170.0,3.0,106.0,-118.0,41.0,-104.0,-107.0,0,outdoors,grass,43.0,13.0,00-0036212,00-0029701,Tua Tagovailoa,Ryan Tannehill,Brian Flores,Mike Vrabel,Shawn Smith,NAS00,Nissan Stadium
2021_18_TEN_HOU,2021,REG,18,2022-01-09,Sunday,13:00,TEN,28.0,HOU,25.0,Home,-3.0,53.0,0.0,2022010905,58764.0,10160000-0587-64f0-b77e-29790d01f80e,202201090htx,19869.0,401326590,5856.0,7,7,-575.0,410.0,-10.5,-105.0,-115.0,43.0,-110.0,-110.0,1,closed,astroturf,,,00-0029701,00-0036898,Ryan Tannehill,Davis Mills,Mike Vrabel,David Culley,Land Clark,HOU00,NRG Stadium
2021_20_CIN_TEN,2021,DIV,20,2022-01-22,Saturday,16:30,CIN,19.0,TEN,16.0,Home,-3.0,35.0,0.0,2022012200,58830.0,,202201220oti,21529.0,401326632,5872.0,7,13,170.0,-191.0,4.0,-109.0,-102.0,48.5,-102.0,-110.0,0,outdoors,grass,35.0,0.0,00-0036442,00-0029701,Joe Burrow,Ryan Tannehill,Zac Taylor,Mike Vrabel,Clete Blakeman,NAS00,Nissan Stadium
2022_01_NYG_TEN,2022,REG,1,2022-09-11,Sunday,16:25,NYG,21.0,TEN,20.0,Home,-1.0,41.0,0.0,2022091108,58851.0,,202209110oti,,401437640,5892.0,7,7,209.0,-239.0,5.5,-108.0,-102.0,43.5,-101.0,-111.0,0,outdoors,grass,,,00-0035710,00-0029701,Daniel Jones,Ryan Tannehill,Brian Daboll,Mike Vrabel,Jerome Boger,NAS00,Nissan Stadium
2022_02_TEN_BUF,2022,REG,2,2022-09-19,Monday,19:15,TEN,7.0,BUF,41.0,Home,34.0,48.0,0.0,2022091900,58868.0,,202209190buf,,401436831,5909.0,8,11,329.0,-395.0,10.0,-115.0,104.0,47.5,-108.0,-104.0,0,outdoors,a_turf,,,00-0029701,00-0034857,Ryan Tannehill,Josh Allen,Mike Vrabel,Sean McDermott,Shawn Smith,BUF00,New Era Field
2022_03_LV_TEN,2022,REG,3,2022-09-25,Sunday,13:00,LV,22.0,TEN,24.0,Home,2.0,46.0,0.0,2022092507,58878.0,,202209250oti,,401437741,5919.0,7,6,-130.0,117.0,-1.5,-113.0,103.0,45.5,-109.0,-103.0,0,outdoors,grass,,,00-0031280,00-0029701,Derek Carr,Ryan Tannehill,Josh McDaniels,Mike Vrabel,Brad Rogers,NAS00,Nissan Stadium
2022_04_TEN_IND,2022,REG,4,2022-10-02,Sunday,13:00,TEN,24.0,IND,17.0,Home,-7.0,41.0,0.0,2022100207,58893.0,,202210020clt,,401437754,5934.0,7,7,182.0,-205.0,4.5,-105.0,-105.0,43.0,-102.0,-110.0,1,open,fieldturf,,,00-0029701,00-0026143,Ryan Tannehill,Matt Ryan,Mike Vrabel,Frank Reich,Scott Novak,IND00,Lucas Oil Stadium
2022_05_TEN_WAS,2022,REG,5,2022-10-09,Sunday,13:00,TEN,21.0,WAS,17.0,Home,-4.0,38.0,0.0,2022100909,58912.0,,202210090was,,401437771,5953.0,7,7,-110.0,-100.0,-1.0,-102.0,-108.0,43.0,-106.0,-106.0,0,outdoors,grass,,,00-0029701,00-0032950,Ryan Tannehill,Carson Wentz,Mike Vrabel,Ron Rivera,Land Clark,WAS00,FedExField
2022_07_IND_TEN,2022,REG,7,2022-10-23,Sunday,13:00,IND,10.0,TEN,19.0,Home,9.0,29.0,0.0,2022102305,58938.0,,202210230oti,,401437797,5979.0,7,14,129.0,-143.0,2.5,-102.0,-108.0,43.0,-104.0,-109.0,1,outdoors,grass,,,00-0026143,00-0029701,Matt Ryan,Ryan Tannehill,Frank Reich,Mike Vrabel,Ron Torbert,NAS00,Nissan Stadium
2022_08_TEN_HOU,2022,REG,8,2022-10-30,Sunday,16:05,TEN,17.0,HOU,10.0,Home,-7.0,27.0,0.0,2022103004,58955.0,,202210300htx,,401437813,5996.0,7,7,-115.0,104.0,-1.0,-107.0,-103.0,39.0,-102.0,-110.0,1,closed,astroturf,,,00-0038128,00-0036898,Malik Willis,Davis Mills,Mike Vrabel,Lovie Smith,Clay Martin,HOU00,NRG Stadium
2022_09_TEN_KC,2022,REG,9,2022-11-06,Sunday,20:20,TEN,17.0,KC,20.0,Home,3.0,37.0,1.0,2022110610,58972.0,,202211060kan,,401437830,6013.0,7,14,530.0,-689.0,14.0,-107.0,-103.0,45.0,-106.0,-106.0,0,outdoors,grass,54.0,7.0,00-0038128,00-0033873,Malik Willis,Patrick Mahomes,Mike Vrabel,Andy Reid,Clete Blakeman,KAN00,GEHA Field at Arrowhead Stadium
2022_10_DEN_TEN,2022,REG,10,2022-11-13,Sunday,13:00,DEN,10.0,TEN,17.0,Home,7.0,27.0,0.0,2022111307,58982.0,,202211130oti,,401437839,6023.0,14,7,122.0,-135.0,2.5,-105.0,-105.0,40.0,-107.0,-105.0,0,outdoors,grass,36.0,9.0,00-0029263,00-0029701,Russell Wilson,Ryan Tannehill,Nathaniel Hackett,Mike Vrabel,Scott Novak,NAS00,Nissan Stadium
2022_11_TEN_GB,2022,REG,11,2022-11-17,Thursday,20:15,TEN,27.0,GB,17.0,Home,-10.0,44.0,0.0,2022111700,58988.0,,202211170gnb,,401437844,6029.0,4,4,153.0,-171.0,3.0,106.0,-117.0,40.5,-109.0,-103.0,0,outdoors,grass,25.0,11.0,00-0029701,00-0023459,Ryan Tannehill,Aaron Rodgers,Mike Vrabel,Matt LaFleur,Bill Vinovich,GNB00,Lambeau Field
2022_12_CIN_TEN,2022,REG,12,2022-11-27,Sunday,13:00,CIN,20.0,TEN,16.0,Home,-4.0,36.0,0.0,2022112705,59010.0,,202211270oti,,401437865,6051.0,7,10,-105.0,-105.0,-1.0,102.0,-113.0,43.0,-118.0,105.0,0,outdoors,grass,56.0,14.0,00-0036442,00-0029701,Joe Burrow,Ryan Tannehill,Zac Taylor,Mike Vrabel,Carl Cheffers,NAS00,Nissan Stadium
2022_13_TEN_PHI,2022,REG,13,2022-12-04,Sunday,13:00,TEN,10.0,PHI,35.0,Home,25.0,45.0,0.0,2022120407,59026.0,,202212040phi,,401437881,6067.0,7,7,189.0,-213.0,5.0,-109.0,-101.0,44.5,101.0,-114.0,0,outdoors,grass,60.0,7.0,00-0029701,00-0036389,Ryan Tannehill,Jalen Hurts,Mike Vrabel,Nick Sirianni,Adrian Hill,PHI00,Lincoln Financial Field
2022_14_JAX_TEN,2022,REG,14,2022-12-11,Sunday,13:00,JAX,36.0,TEN,22.0,Home,-14.0,58.0,0.0,2022121106,59040.0,,202212110oti,,401437895,6081.0,7,7,151.0,-169.0,3.0,106.0,-117.0,42.0,-112.0,-101.0,1,outdoors,grass,54.0,8.0,00-0036971,00-0029701,Trevor Lawrence,Ryan Tannehill,Doug Pederson,Mike Vrabel,Clay Martin,NAS00,Nissan Stadium
2022_15_TEN_LAC,2022,REG,15,2022-12-18,Sunday,16:25,TEN,14.0,LAC,17.0,Home,3.0,31.0,0.0,2022121806,59058.0,,202212180sdg,,401437913,6099.0,7,7,142.0,-158.0,3.0,-108.0,-102.0,46.5,-101.0,-112.0,0,dome,matrixturf,,,00-0029701,00-0036355,Ryan Tannehill,Justin Herbert,Mike Vrabel,Brandon Staley,Land Clark,LAX01,SoFi Stadium
2022_16_HOU_TEN,2022,REG,16,2022-12-24,Saturday,14:00,HOU,19.0,TEN,14.0,Home,-5.0,33.0,0.0,2022122407,59070.0,,202212240oti,,401437925,6111.0,6,6,153.0,-170.0,3.0,103.0,-113.0,34.0,-111.0,-101.0,1,outdoors,grass,22.0,14.0,00-0036898,00-0038128,Davis Mills,Malik Willis,Lovie Smith,Mike Vrabel,Shawn Smith,NAS00,Nissan Stadium
2022_17_DAL_TEN,2022,REG,17,2022-12-29,Thursday,20:15,DAL,27.0,TEN,13.0,Home,-14.0,40.0,0.0,2022122900,59078.0,,202212290oti,,401437932,6119.0,5,5,-741.0,563.0,-14.0,-100.0,-110.0,41.0,-113.0,101.0,0,outdoors,grass,56.0,4.0,00-0033077,00-0033949,Dak Prescott,Joshua Dobbs,Mike McCarthy,Mike Vrabel,Shawn Hochuli,NAS00,Nissan Stadium
2022_18_TEN_JAX,2022,REG,18,2023-01-07,Saturday,20:15,TEN,16.0,JAX,20.0,Home,4.0,36.0,0.0,2023010701,59100.0,,202301070jax,,401437954,6141.0,9,6,227.0,-260.0,6.0,-106.0,-104.0,39.5,-106.0,-106.0,1,outdoors,grass,56.0,4.0,00-0033949,00-0036971,Joshua Dobbs,Trevor Lawrence,Mike Vrabel,Doug Pederson,Bill Vinovich,JAX00,TIAA Bank Stadium
2023_01_TEN_NO,2023,REG,1,2023-09-10,Sunday,13:00,TEN,15.0,NO,16.0,Home,1.0,31.0,0.0,2023091005,59179.0,,202309100nor,,401547399,,7,7,124.0,-148.0,3.0,-118.0,-102.0,41.0,-110.0,-110.0,0,dome,,,,00-0029701,00-0031280,Ryan Tannehill,Derek Carr,Mike Vrabel,Dennis Allen,Ron Torbert,NOR00,Mercedes-Benz Superdome
2023_02_LAC_TEN,2023,REG,2,2023-09-17,Sunday,13:00,LAC,24.0,TEN,27.0,Home,3.0,51.0,1.0,2023091707,59197.0,,202309170oti,,401547414,,7,7,-142.0,120.0,-2.5,-118.0,-102.0,45.5,-110.0,-110.0,0,outdoors,,,,00-0036355,00-0029701,Justin Herbert,Ryan Tannehill,Brandon Staley,Mike Vrabel,Alan Eck,NAS00,Nissan Stadium
2023_03_TEN_CLE,2023,REG,3,2023-09-24,Sunday,13:00,TEN,3.0,CLE,27.0,Home,24.0,30.0,0.0,2023092401,59207.0,,202309240cle,,401547428,,7,6,154.0,-185.0,3.5,-110.0,-110.0,38.0,-110.0,-110.0,0,outdoors,grass,68.0,5.0,00-0029701,00-0033537,Ryan Tannehill,Deshaun Watson,Mike Vrabel,Kevin Stefanski,Craig Wrolstad,CLE00,FirstEnergy Stadium
2023_04_CIN_TEN,2023,REG,4,2023-10-01,Sunday,13:00,CIN,3.0,TEN,27.0,Home,24.0,30.0,0.0,2023100109,59231.0,,202310010oti,,401547452,,6,7,-162.0,136.0,-2.5,-120.0,100.0,41.5,-108.0,-112.0,0,outdoors,grass,82.0,4.0,00-0036442,00-0029701,Joe Burrow,Ryan Tannehill,Zac Taylor,Mike Vrabel,Shawn Smith,NAS00,Nissan Stadium
2023_05_TEN_IND,2023,REG,5,2023-10-08,Sunday,13:00,TEN,16.0,IND,23.0,Home,7.0,39.0,0.0,2023100803,59241.0,,202310080clt,,401547458,,7,7,-142.0,120.0,-2.5,-110.0,-110.0,43.5,-110.0,-110.0,1,open,fieldturf,,,00-0029701,00-0039164,Ryan Tannehill,Anthony Richardson,Mike Vrabel,Shane Steichen,Brad Rogers,IND00,Lucas Oil Stadium
2023_06_BAL_TEN,2023,REG,6,2023-10-15,Sunday,09:30,BAL,24.0,TEN,16.0,Neutral,-8.0,40.0,0.0,2023101500,59252.0,,202310150oti,,401547229,,7,7,-250.0,205.0,-5.5,-112.0,-108.0,42.5,-110.0,-110.0,0,outdoors,,,,00-0034796,00-0029701,Lamar Jackson,Ryan Tannehill,John Harbaugh,Mike Vrabel,Bill Vinovich,LON02,Tottenham Stadium
2023_08_ATL_TEN,2023,REG,8,2023-10-29,Sunday,13:00,ATL,23.0,TEN,28.0,Home,5.0,51.0,0.0,2023102907,59287.0,,202310290oti,,401547500,,7,14,-130.0,110.0,-2.5,-110.0,-110.0,35.0,-110.0,-110.0,0,outdoors,grass,77.0,7.0,00-0038122,00-0039152,Desmond Ridder,Will Levis,Arthur Smith,Mike Vrabel,Clay Martin,NAS00,Nissan Stadium
2023_09_TEN_PIT,2023,REG,9,2023-11-02,Thursday,20:15,TEN,16.0,PIT,20.0,Home,4.0,36.0,0.0,2023110200,59295.0,,202311020pit,,401547512,,4,4,145.0,-175.0,3.5,-120.0,100.0,37.0,-108.0,-112.0,0,outdoors,grass,40.0,5.0,00-0039152,00-0038102,Will Levis,Kenny Pickett,Mike Vrabel,Mike Tomlin,John Hussey,PIT00,Acrisure Stadium
2023_10_TEN_TB,2023,REG,10,2023-11-12,Sunday,13:00,TEN,6.0,TB,20.0,Home,14.0,26.0,0.0,2023111206,59316.0,,202311120tam,,401547528,,10,7,120.0,-142.0,2.5,-105.0,-115.0,39.5,-110.0,-110.0,0,outdoors,grass,85.0,6.0,00-0039152,00-0034855,Will Levis,Baker Mayfield,Mike Vrabel,Todd Bowles,Alan Eck,TAM00,Raymond James Stadium
2023_11_TEN_JAX,2023,REG,11,2023-11-19,Sunday,13:00,TEN,14.0,JAX,34.0,Home,20.0,48.0,0.0,2023111905,59329.0,,202311190jax,,401547541,,7,7,235.0,-290.0,6.5,-105.0,-115.0,40.0,-110.0,-110.0,1,outdoors,grass,75.0,3.0,00-0039152,00-0036971,Will Levis,Trevor Lawrence,Mike Vrabel,Doug Pederson,Brad Rogers,JAX00,TIAA Bank Stadium
2023_12_CAR_TEN,2023,REG,12,2023-11-26,Sunday,13:00,CAR,10.0,TEN,17.0,Home,7.0,27.0,0.0,2023112605,59346.0,,202311260oti,,401547561,,7,7,145.0,-175.0,3.5,-112.0,-105.0,36.0,-112.0,-108.0,0,outdoors,grass,51.0,13.0,00-0039150,00-0039152,Bryce Young,Will Levis,Frank Reich,Mike Vrabel,Ron Torbert,NAS00,Nissan Stadium
2023_13_IND_TEN,2023,REG,13,2023-12-03,Sunday,13:00,IND,31.0,TEN,28.0,Home,-3.0,59.0,1.0,2023120305,59359.0,,202312030oti,,401547570,,7,7,-122.0,102.0,-1.5,-110.0,-110.0,42.0,-108.0,-112.0,1,outdoors,grass,53.0,13.0,00-0035289,00-0039152,Gardner Minshew,Will Levis,Shane Steichen,Mike Vrabel,Craig Wrolstad,NAS00,Nissan Stadium
2023_14_TEN_MIA,2023,REG,14,2023-12-11,Monday,20:15,TEN,28.0,MIA,27.0,Home,-1.0,55.0,0.0,2023121100,59379.0,,202312110mia,,401547592,,8,8,625.0,-950.0,14.0,-110.0,-110.0,45.0,-110.0,-112.0,0,outdoors,grass,64.0,9.0,00-0039152,00-0036212,Will Levis,Tua Tagovailoa,Mike Vrabel,Mike McDaniel,Adrian Hill,MIA00,Hard Rock Stadium
2023_15_HOU_TEN,2023,REG,15,2023-12-17,Sunday,13:00,HOU,19.0,TEN,16.0,Home,-3.0,35.0,1.0,2023121703,59390.0,,202312170oti,,401547595,,7,6,142.0,-170.0,3.0,100.0,-120.0,38.0,-108.0,-112.0,1,outdoors,grass,48.0,9.0,00-0028986,00-0039152,Case Keenum,Will Levis,DeMeco Ryans,Mike Vrabel,Clete Blakeman,NAS00,Nissan Stadium
2023_16_SEA_TEN,2023,REG,16,2023-12-24,Sunday,13:00,SEA,20.0,TEN,17.0,Home,-3.0,37.0,0.0,2023122407,59405.0,,202312240oti,,401547614,,6,7,-166.0,140.0,-3.0,-110.0,-110.0,42.0,-108.0,-112.0,0,outdoors,grass,61.0,4.0,00-0030565,00-0029701,Geno Smith,Ryan Tannehill,Pete Carroll,Mike Vrabel,Shawn Smith,NAS00,Nissan Stadium
2023_17_TEN_HOU,2023,REG,17,2023-12-31,Sunday,13:00,TEN,3.0,HOU,26.0,Home,23.0,29.0,0.0,2023123104,59418.0,,202312310htx,,401547631,,7,7,190.0,-230.0,5.0,-105.0,-115.0,44.0,-108.0,-112.0,1,closed,astroturf,,,00-0039152,00-0039163,Will Levis,C.J. Stroud,Mike Vrabel,DeMeco Ryans,Scott Novak,HOU00,NRG Stadium
2023_18_JAX_TEN,2023,REG,18,2024-01-07,Sunday,13:00,JAX,20.0,TEN,28.0,Home,8.0,48.0,0.0,2024010702,59443.0,,202401070oti,,401547652,,7,7,-185.0,154.0,-3.5,-102.0,-118.0,41.5,-112.0,-108.0,1,outdoors,grass,41.0,11.0,00-0036971,00-0029701,Trevor Lawrence,Ryan Tannehill,Doug Pederson,Mike Vrabel,Tra Blake,NAS00,Nissan Stadium
2024_01_TEN_CHI,2024,REG,1,2024-09-08,Sunday,13:00,TEN,17.0,CHI,24.0,Home,7.0,41.0,0.0,2024090802,59512.0,,202409080chi,,401671719,6453.0,7,7,164.0,-198.0,4.0,-108.0,-112.0,43.0,-110.0,-110.0,0,outdoors,grass,67.0,8.0,00-0039152,00-0039918,Will Levis,Caleb Williams,Brian Callahan,Matt Eberflus,Shawn Smith,CHI98,Soldier Field
2024_02_NYJ_TEN,2024,REG,2,2024-09-15,Sunday,13:00,NYJ,24.0,TEN,17.0,Home,-7.0,41.0,0.0,2024091508,59533.0,,202409150oti,,401671636,6474.0,6,7,-180.0,150.0,-3.5,-112.0,-108.0,41.5,-112.0,-108.0,0,outdoors,grass,80.0,13.0,00-0023459,00-0039152,Aaron Rodgers,Will Levis,Robert Saleh,Brian Callahan,Alan Eck,NAS00,Nissan Stadium
2024_03_GB_TEN,2024,REG,3,2024-09-22,Sunday,13:00,GB,30.0,TEN,14.0,Home,-16.0,44.0,0.0,2024092206,59547.0,,202409220oti,,401671823,6488.0,7,7,136.0,-162.0,3.0,-112.0,-108.0,37.0,-108.0,-112.0,0,outdoors,grass,87.0,7.0,00-0038128,00-0039152,Malik Willis,Will Levis,Matt LaFleur,Brian Callahan,Clay Martin,NAS00,Nissan Stadium
2024_04_TEN_MIA,2024,REG,4,2024-09-30,Monday,19:30,TEN,31.0,MIA,12.0,Home,-19.0,43.0,0.0,2024093000,59570.0,,202409300mia,,401671683,6511.0,8,8,114.0,-135.0,2.5,-108.0,-112.0,37.0,-110.0,-110.0,0,outdoors,grass,86.0,9.0,00-0039152,00-0035993,Will Levis,Tyler Huntley,Brian Callahan,Mike McDaniel,Clete Blakeman,MIA00,Hard Rock Stadium
2024_06_IND_TEN,2024,REG,6,2024-10-13,Sunday,13:00,IND,20.0,TEN,17.0,Home,-3.0,37.0,0.0,2024101306,59593.0,,202410130oti,,401671820,6534.0,7,13,114.0,-135.0,2.5,-110.0,-110.0,42.0,-112.0,-108.0,1,outdoors,grass,80.0,12.0,00-0026158,00-0039152,Joe Flacco,Will Levis,Shane Steichen,Brian Callahan,Brad Rogers,NAS00,Nissan Stadium
2024_07_TEN_BUF,2024,REG,7,2024-10-20,Sunday,13:00,TEN,10.0,BUF,34.0,Home,24.0,44.0,0.0,2024102002,59603.0,,202410200buf,,401671616,6544.0,7,6,400.0,-535.0,9.5,-110.0,-110.0,41.0,-108.0,-112.0,0,outdoors,a_turf,66.0,12.0,00-0034771,00-0034857,Mason Rudolph,Josh Allen,Brian Callahan,Sean McDermott,John Hussey,BUF00,New Era Field
2024_08_TEN_DET,2024,REG,8,2024-10-27,Sunday,13:00,TEN,14.0,DET,52.0,Home,38.0,66.0,0.0,2024102701,59617.0,,202410270det,,401671720,6558.0,7,7,550.0,-800.0,12.5,-105.0,-115.0,45.0,-108.0,-112.0,0,dome,fieldturf,,,00-0034771,00-0033106,Mason Rudolph,Jared Goff,Brian Callahan,Dan Campbell,Carl Cheffers,DET00,Ford Field
2024_09_NE_TEN,2024,REG,9,2024-11-03,Sunday,13:00,NE,17.0,TEN,20.0,Home,3.0,37.0,1.0,2024110308,59640.0,,202411030oti,,401671822,6581.0,7,7,136.0,-162.0,3.0,-105.0,-115.0,38.5,-110.0,-110.0,0,outdoors,grass,75.0,10.0,00-0039851,00-0034771,Drake Maye,Mason Rudolph,Jerod Mayo,Brian Callahan,Alex Kemp,NAS00,Nissan Stadium
2024_10_TEN_LAC,2024,REG,10,2024-11-10,Sunday,16:05,TEN,17.0,LAC,27.0,Home,10.0,44.0,0.0,2024111008,59655.0,,202411100sdg,,401671751,6596.0,7,7,300.0,-380.0,8.0,-108.0,-112.0,40.0,-110.0,-110.0,0,dome,matrixturf,,,00-0034771,00-0036355,Mason Rudolph,Justin Herbert,Brian Callahan,Jim Harbaugh,Craig Wrolstad,LAX01,SoFi Stadium
2024_11_MIN_TEN,2024,REG,11,2024-11-17,Sunday,13:00,MIN,23.0,TEN,13.0,Home,-10.0,36.0,0.0,2024111706,59667.0,,202411170oti,,401671824,6608.0,7,7,-290.0,235.0,-6.0,-118.0,-102.0,40.0,-110.0,-110.0,0,outdoors,grass,66.0,7.0,00-0034869,00-0034771,Sam Darnold,Mason Rudolph,Kevin O'Connell,Brian Callahan,Clete Blakeman,NAS00,Nissan Stadium
2024_12_TEN_HOU,2024,REG,12,2024-11-24,Sunday,13:00,TEN,32.0,HOU,27.0,Home,-5.0,59.0,0.0,2024112402,59677.0,,202411240htx,,401671858,6618.0,7,6,295.0,-375.0,8.0,-112.0,-108.0,40.5,-112.0,-108.0,1,closed,astroturf,,,00-0034771,00-0039163,Mason Rudolph,C.J. Stroud,Brian Callahan,DeMeco Ryans,Brad Rogers,HOU00,NRG Stadium
2024_13_TEN_WAS,2024,REG,13,2024-12-01,Sunday,13:00,TEN,19.0,WAS,42.0,Home,23.0,61.0,0.0,2024120106,59697.0,,202412010was,,401671743,6638.0,7,7,205.0,-250.0,6.0,-112.0,-108.0,45.0,-108.0,-112.0,0,outdoors,grass,42.0,6.0,00-0034771,00-0032268,Mason Rudolph,Marcus Mariota,Brian Callahan,Dan Quinn,Ron Torbert,WAS00,FedExField
2024_14_JAX_TEN,2024,REG,14,2024-12-08,Sunday,13:00,JAX,10.0,TEN,6.0,Home,-4.0,16.0,0.0,2024120806,59710.0,,202412080oti,,401671821,6651.0,7,7,142.0,-170.0,3.0,-105.0,-115.0,40.0,-108.0,-112.0,1,outdoors,grass,53.0,9.0,00-0036972,00-0034771,Mac Jones,Mason Rudolph,Doug Pederson,Brian Callahan,Tra Blake,NAS00,Nissan Stadium
2024_15_CIN_TEN,2024,REG,15,2024-12-15,Sunday,13:00,CIN,37.0,TEN,27.0,Home,-10.0,64.0,0.0,2024121506,59723.0,,202412150oti,,401671825,6664.0,6,7,-250.0,205.0,-6.0,-110.0,-110.0,46.5,-112.0,-108.0,0,outdoors,grass,52.0,12.0,00-0036442,00-0039152,Joe Burrow,Will Levis,Zac Taylor,Brian Callahan,Craig Wrolstad,NAS00,Nissan Stadium
2024_16_TEN_IND,2024,REG,16,2024-12-22,Sunday,13:00,TEN,30.0,IND,38.0,Home,8.0,68.0,0.0,2024122206,59739.0,,202412220clt,,401671862,6680.0,7,7,164.0,-198.0,4.0,-112.0,-108.0,42.5,-108.0,-112.0,1,closed,fieldturf,,,00-0034771,00-0026158,Mason Rudolph,Joe Flacco,Brian Callahan,Shane Steichen,John Hussey,IND00,Lucas Oil Stadium
2024_17_TEN_JAX,2024,REG,17,2024-12-29,Sunday,13:00,TEN,13.0,JAX,20.0,Home,7.0,33.0,0.0,2024122906,59757.0,,202412290jax,,401671634,6698.0,7,7,-108.0,-112.0,-1.0,-105.0,-115.0,38.0,-110.0,-110.0,1,outdoors,grass,72.0,16.0,00-0034771,00-0036972,Mason Rudolph,Mac Jones,Brian Callahan,Doug Pederson,Shawn Smith,JAX00,TIAA Bank Stadium
2024_18_HOU_TEN,2024,REG,18,2025-01-05,Sunday,13:00,HOU,23.0,TEN,14.0,Home,-9.0,37.0,0.0,2025010515,59779.0,,202501050oti,,401671826,6720.0,11,7,120.0,-142.0,2.5,-108.0,-112.0,36.5,-108.0,-112.0,1,outdoors,grass,35.0,10.0,00-0036898,00-0034771,Davis Mills,Mason Rudolph,DeMeco Ryans,Brian Callahan,Brad Allen,NAS00,Nissan Stadium
2025_01_TEN_DEN,2025,REG,1,2025-09-07,Sunday,16:05,TEN,12.0,DEN,20.0,Home,8.0,32.0,0.0,2025090708,59853.0,,202509070den,28428.0,401772832,6744.0,7,7,350.0,-455.0,8.5,-105.0,-115.0,42.5,-108.0,-112.0,0,outdoors,grass,84.0,6.0,00-0040676,00-0039732,Cam Ward,Bo Nix,Brian Callahan,Sean Payton,Alex Kemp,DEN00,Empower Field at Mile High
2025_02_LA_TEN,2025,REG,2,2025-09-14,Sunday,13:00,LA,33.0,TEN,19.0,Home,-14.0,52.0,0.0,2025091408,59868.0,,202509140oti,28443.0,401772724,6759.0,7,7,-250.0,205.0,-5.5,-108.0,-112.0,41.5,-112.0,-108.0,0,outdoors,grass,83.0,3.0,00-0026498,00-0040676,Matthew Stafford,Cam Ward,Sean McVay,Brian Callahan,John Hussey,NAS00,Nissan Stadium
2025_03_IND_TEN,2025,REG,3,2025-09-21,Sunday,13:00,IND,41.0,TEN,20.0,Home,-21.0,61.0,0.0,2025092107,59883.0,,202509210oti,28459.0,401772733,6774.0,7,7,-245.0,200.0,-6.0,-108.0,-112.0,43.5,-115.0,-105.0,1,outdoors,grass,84.0,8.0,00-0035710,00-0040676,Daniel Jones,Cam Ward,Shane Steichen,Brian Callahan,Scott Novak,NAS00,Nissan Stadium
2025_04_TEN_HOU,2025,REG,4,2025-09-28,Sunday,13:00,TEN,0.0,HOU,26.0,Home,26.0,26.0,0.0,2025092804,59896.0,,202509280htx,28471.0,401772738,6787.0,7,7,340.0,-440.0,7.5,-115.0,-105.0,39.5,-105.0,-115.0,1,closed,astroturf,,,00-0040676,00-0039163,Cam Ward,C.J. Stroud,Brian Callahan,DeMeco Ryans,Brad Rogers,HOU00,NRG Stadium
2025_05_TEN_ARI,2025,REG,5,2025-10-05,Sunday,16:05,TEN,22.0,ARI,21.0,Home,-1.0,43.0,0.0,2025100507,59915.0,,202510050crd,28491.0,401772747,6806.0,7,10,330.0,-425.0,7.5,-108.0,-112.0,41.5,-110.0,-110.0,0,closed,grass,,,00-0040676,00-0035228,Cam Ward,Kyler Murray,Brian Callahan,Jonathan Gannon,Shawn Smith,PHO00,State Farm Stadium
2025_06_TEN_LV,2025,REG,6,2025-10-12,Sunday,16:05,TEN,10.0,LV,20.0,Home,10.0,30.0,0.0,2025101208,59930.0,,202510120rai,28505.0,401772859,6821.0,7,7,154.0,-185.0,3.5,-110.0,-110.0,41.5,-105.0,-115.0,0,dome,grass,,,00-0040676,00-0030565,Cam Ward,Geno Smith,Brian Callahan,Pete Carroll,Carl Cheffers,VEG00,Allegiant Stadium
2025_07_NE_TEN,2025,REG,7,2025-10-19,Sunday,13:00,NE,31.0,TEN,13.0,Home,-18.0,44.0,0.0,2025101906,59943.0,,202510190oti,28518.0,401772755,6834.0,7,7,-290.0,235.0,-6.5,-108.0,-112.0,40.5,-108.0,-112.0,0,outdoors,grass,60.0,18.0,00-0039851,00-0040676,Drake Maye,Cam Ward,Mike Vrabel,Brian Callahan,Craig Wrolstad,NAS00,Nissan Stadium
2025_08_TEN_IND,2025,REG,8,2025-10-26,Sunday,16:25,TEN,14.0,IND,38.0,Home,24.0,52.0,0.0,2025102609,59961.0,,202510260clt,28536.0,401772761,6852.0,7,7,950.0,-1650.0,15.5,-115.0,-105.0,47.5,-102.0,-118.0,1,closed,fieldturf,,,00-0040676,00-0035710,Cam Ward,Daniel Jones,Brian Callahan,Shane Steichen,Land Clark,IND00,Lucas Oil Stadium
2025_09_LAC_TEN,2025,REG,9,2025-11-02,Sunday,13:00,LAC,27.0,TEN,20.0,Home,-7.0,47.0,0.0,2025110207,59972.0,,202511020oti,28547.0,401772764,6863.0,10,7,-650.0,470.0,-10.0,-112.0,-108.0,44.5,-110.0,-110.0,0,outdoors,grass,46.0,5.0,00-0036355,00-0040676,Justin Herbert,Cam Ward,Jim Harbaugh,Brian Callahan,Alex Kemp,NAS00,Nissan Stadium
2025_11_HOU_TEN,2025,REG,11,2025-11-16,Sunday,13:00,HOU,16.0,TEN,13.0,Home,-3.0,29.0,0.0,2025111607,60000.0,,202511160oti,28576.0,401772881,6891.0,7,14,-265.0,215.0,-5.5,-108.0,-112.0,37.5,-118.0,-102.0,1,outdoors,grass,64.0,8.0,00-0036898,00-0040676,Davis Mills,Cam Ward,DeMeco Ryans,Brian Callahan,Shawn Hochuli,NAS00,Nissan Stadium
2025_12_SEA_TEN,2025,REG,12,2025-11-23,Sunday,13:00,SEA,30.0,TEN,24.0,Home,-6.0,54.0,0.0,2025112306,60014.0,,202511230oti,28589.0,401772886,6905.0,7,7,-950.0,625.0,-12.5,-115.0,-105.0,41.5,-110.0,-110.0,0,outdoors,grass,55.0,1.0,00-0034869,00-0040676,Sam Darnold,Cam Ward,Mike Macdonald,Brian Callahan,Ron Torbert,NAS00,Nissan Stadium
2025_13_JAX_TEN,2025,REG,13,2025-11-30,Sunday,13:00,JAX,25.0,TEN,3.0,Home,-22.0,28.0,0.0,2025113006,60031.0,,202511300oti,28606.0,401772786,6922.0,7,7,-270.0,220.0,-6.0,-108.0,-112.0,42.5,-105.0,-115.0,1,outdoors,grass,38.0,7.0,00-0036971,00-0040676,Trevor Lawrence,Cam Ward,Liam Coen,Brian Callahan,Brad Rogers,NAS00,Nissan Stadium
2025_14_TEN_CLE,2025,REG,14,2025-12-07,Sunday,13:00,TEN,31.0,CLE,29.0,Home,-2.0,60.0,0.0,2025120702,60040.0,,202512070cle,28615.0,401772898,6931.0,7,7,170.0,-205.0,4.5,-120.0,100.0,33.5,-105.0,-115.0,0,outdoors,grass,33.0,6.0,00-0040676,00-0040668,Cam Ward,Shedeur Sanders,Brian Callahan,Kevin Stefanski,Carl Cheffers,CLE00,FirstEnergy Stadium
2025_15_TEN_SF,2025,REG,15,2025-12-14,Sunday,16:25,TEN,,SF,,Home,,,,2025121412,,,202512140sfo,28639.0,401772907,6955.0,7,14,650.0,-1000.0,12.5,-105.0,-115.0,44.5,-110.0,-110.0,0,outdoors,grass,,,00-0040676,00-0037834,Cam Ward,Brock Purdy,Brian Callahan,Kyle Shanahan,,SFO01,Levi's Stadium
2025_16_KC_TEN,2025,REG,16,2025-12-21,Sunday,13:00,KC,,TEN,,Home,,,,2025122106,,,202512210oti,28651.0,401772803,6967.0,7,7,-800.0,550.0,-11.5,-110.0,-110.0,41.5,-110.0,-110.0,0,outdoors,grass,,,,,,,Andy Reid,Brian Callahan,,NAS00,Nissan Stadium
2025_17_NO_TEN,2025,REG,17,2025-12-28,Sunday,13:00,NO,,TEN,,Home,,,,2025122804,,,202512280oti,28670.0,401772809,6986.0,7,7,,,,,,,,,0,outdoors,grass,,,,,,,Kellen Moore,Brian Callahan,,NAS00,Nissan Stadium
2025_18_TEN_JAX,2025,REG,18,2026-01-04,Sunday,13:00,TEN,,JAX,,Home,,,,2025010406,,,202501040jax,28679.0,401772970,6996.0,6,6,,,,,,,,,1,outdoors,grass,,,,,,,Brian Callahan,Liam Coen,,JAX00,TIAA Bank Stadium
