date,open,high,low,close,volume
1927-12-31 00:00:00-05:00,17.65999984741211,17.65999984741211,17.65999984741211,17.65999984741211,0
1928-01-31 00:00:00-05:00,17.56999969482422,17.56999969482422,17.56999969482422,17.56999969482422,0
1928-02-29 00:00:00-05:00,17.260000228881836,17.260000228881836,17.260000228881836,17.260000228881836,0
1928-03-31 00:00:00-05:00,19.280000686645508,19.280000686645508,19.280000686645508,19.280000686645508,0
1928-04-30 00:00:00-04:00,19.75,19.75,19.75,19.75,0
1928-05-31 00:00:00-04:00,20.0,20.0,20.0,20.0,0
1928-06-30 00:00:00-04:00,19.139999389648438,19.139999389648438,19.139999389648438,19.139999389648438,0
1928-07-31 00:00:00-04:00,19.43000030517578,19.43000030517578,19.43000030517578,19.43000030517578,0
1928-08-31 00:00:00-04:00,20.8700008392334,20.8700008392334,20.8700008392334,20.8700008392334,0
1928-09-30 00:00:00-04:00,21.139999389648438,21.139999389648438,21.139999389648438,21.139999389648438,0
1928-10-31 00:00:00-05:00,21.68000030517578,21.68000030517578,21.68000030517578,21.68000030517578,0
1928-11-30 00:00:00-05:00,24.280000686645508,24.280000686645508,24.280000686645508,24.280000686645508,0
1928-12-31 00:00:00-05:00,24.350000381469727,24.350000381469727,24.350000381469727,24.350000381469727,0
1929-01-31 00:00:00-05:00,25.739999771118164,25.739999771118164,25.739999771118164,25.739999771118164,0
1929-02-28 00:00:00-05:00,25.59000015258789,25.59000015258789,25.59000015258789,25.59000015258789,0
1929-03-31 00:00:00-05:00,25.530000686645508,25.530000686645508,25.530000686645508,25.530000686645508,0
1929-04-30 00:00:00-04:00,25.940000534057617,25.940000534057617,25.940000534057617,25.940000534057617,0
1929-05-31 00:00:00-04:00,24.829999923706055,24.829999923706055,24.829999923706055,24.829999923706055,0
1929-06-30 00:00:00-04:00,27.40999984741211,27.40999984741211,27.40999984741211,27.40999984741211,0
1929-07-31 00:00:00-04:00,28.8799991607666,28.8799991607666,28.8799991607666,28.8799991607666,0
1929-08-31 00:00:00-04:00,31.709999084472656,31.709999084472656,31.709999084472656,31.709999084472656,0
1929-09-30 00:00:00-05:00,30.15999984741211,30.15999984741211,30.15999984741211,30.15999984741211,0
1929-10-31 00:00:00-05:00,24.149999618530273,24.149999618530273,24.149999618530273,24.149999618530273,0
1929-11-30 00:00:00-05:00,20.920000076293945,20.920000076293945,20.920000076293945,20.920000076293945,0
1929-12-31 00:00:00-05:00,21.450000762939453,21.450000762939453,21.450000762939453,21.450000762939453,0
1930-01-31 00:00:00-05:00,22.790000915527344,22.790000915527344,22.790000915527344,22.790000915527344,0
1930-02-28 00:00:00-05:00,23.280000686645508,23.280000686645508,23.280000686645508,23.280000686645508,0
1930-03-31 00:00:00-05:00,24.149999618530273,24.149999618530273,24.149999618530273,24.149999618530273,0
1930-04-30 00:00:00-04:00,24.899999618530273,24.899999618530273,24.899999618530273,24.899999618530273,0
1930-05-31 00:00:00-04:00,24.489999771118164,24.489999771118164,24.489999771118164,24.489999771118164,0
1930-06-30 00:00:00-04:00,20.459999084472656,20.459999084472656,20.459999084472656,20.459999084472656,0
1930-07-31 00:00:00-04:00,21.209999084472656,21.209999084472656,21.209999084472656,21.209999084472656,0
1930-08-31 00:00:00-04:00,21.3700008392334,21.3700008392334,21.3700008392334,21.3700008392334,0
1930-09-30 00:00:00-05:00,18.59000015258789,18.59000015258789,18.59000015258789,18.59000015258789,0
1930-10-31 00:00:00-05:00,16.940000534057617,16.940000534057617,16.940000534057617,16.940000534057617,0
1930-11-30 00:00:00-05:00,16.3799991607666,16.3799991607666,16.3799991607666,16.3799991607666,0
1930-12-31 00:00:00-05:00,15.34000015258789,15.34000015258789,15.34000015258789,15.34000015258789,0
1931-01-31 00:00:00-05:00,16.190000534057617,16.190000534057617,16.190000534057617,16.190000534057617,0
1931-02-28 00:00:00-05:00,18.030000686645508,18.030000686645508,18.030000686645508,18.030000686645508,0
1931-03-31 00:00:00-05:00,16.690000534057617,16.690000534057617,16.690000534057617,16.690000534057617,0
1931-04-30 00:00:00-04:00,15.09000015258789,15.09000015258789,15.09000015258789,15.09000015258789,0
1931-05-31 00:00:00-04:00,13.020000457763672,13.020000457763672,13.020000457763672,13.020000457763672,0
1931-06-30 00:00:00-04:00,14.829999923706055,14.829999923706055,14.829999923706055,14.829999923706055,0
1931-07-31 00:00:00-04:00,13.729999542236328,13.729999542236328,13.729999542236328,13.729999542236328,0
1931-08-31 00:00:00-04:00,13.859999656677246,13.859999656677246,13.859999656677246,13.859999656677246,0
1931-09-30 00:00:00-05:00,9.710000038146973,9.710000038146973,9.710000038146973,9.710000038146973,0
1931-10-31 00:00:00-05:00,10.430000305175781,10.430000305175781,10.430000305175781,10.430000305175781,0
1931-11-30 00:00:00-05:00,9.5,9.5,9.5,9.5,0
1931-12-31 00:00:00-05:00,8.119999885559082,8.119999885559082,8.119999885559082,8.119999885559082,0
1932-01-31 00:00:00-05:00,7.940000057220459,7.940000057220459,7.940000057220459,7.940000057220459,0
1932-02-29 00:00:00-05:00,8.289999961853027,8.289999961853027,8.289999961853027,8.289999961853027,0
1932-03-31 00:00:00-05:00,7.309999942779541,7.309999942779541,7.309999942779541,7.309999942779541,0
1932-04-30 00:00:00-04:00,5.829999923706055,5.829999923706055,5.829999923706055,5.829999923706055,0
1932-05-31 00:00:00-04:00,4.46999979019165,4.46999979019165,4.46999979019165,4.46999979019165,0
1932-06-30 00:00:00-04:00,4.429999828338623,4.429999828338623,4.429999828338623,4.429999828338623,0
1932-07-31 00:00:00-04:00,6.03000020980835,6.03000020980835,6.03000020980835,6.03000020980835,0
1932-08-31 00:00:00-04:00,8.390000343322754,8.390000343322754,8.390000343322754,8.390000343322754,0
1932-09-30 00:00:00-05:00,8.079999923706055,8.079999923706055,8.079999923706055,8.079999923706055,0
1932-10-31 00:00:00-05:00,6.960000038146973,6.960000038146973,6.960000038146973,6.960000038146973,0
1932-11-30 00:00:00-05:00,6.550000190734863,6.550000190734863,6.550000190734863,6.550000190734863,0
1932-12-31 00:00:00-05:00,6.920000076293945,6.920000076293945,6.920000076293945,6.920000076293945,0
1933-01-31 00:00:00-05:00,6.940000057220459,6.940000057220459,6.940000057220459,6.940000057220459,0
1933-02-28 00:00:00-05:00,5.659999847412109,5.659999847412109,5.659999847412109,5.659999847412109,0
1933-03-31 00:00:00-05:00,5.849999904632568,5.849999904632568,5.849999904632568,5.849999904632568,0
1933-04-30 00:00:00-05:00,7.829999923706055,7.829999923706055,7.829999923706055,7.829999923706055,0
1933-05-31 00:00:00-04:00,9.640000343322754,9.640000343322754,9.640000343322754,9.640000343322754,0
1933-06-30 00:00:00-04:00,10.90999984741211,10.90999984741211,10.90999984741211,10.90999984741211,0
1933-07-31 00:00:00-04:00,9.949999809265137,9.949999809265137,9.949999809265137,9.949999809265137,0
1933-08-31 00:00:00-04:00,11.09000015258789,11.09000015258789,11.09000015258789,11.09000015258789,0
1933-09-30 00:00:00-05:00,9.720000267028809,9.720000267028809,9.720000267028809,9.720000267028809,0
1933-10-31 00:00:00-05:00,8.960000038146973,8.960000038146973,8.960000038146973,8.960000038146973,0
1933-11-30 00:00:00-05:00,9.880000114440918,9.880000114440918,9.880000114440918,9.880000114440918,0
1933-12-31 00:00:00-05:00,9.970000267028809,9.970000267028809,9.970000267028809,9.970000267028809,0
1934-01-31 00:00:00-05:00,11.170000076293945,11.170000076293945,11.170000076293945,11.170000076293945,0
1934-02-28 00:00:00-05:00,10.760000228881836,10.760000228881836,10.760000228881836,10.760000228881836,0
1934-03-31 00:00:00-05:00,10.619999885559082,10.619999885559082,10.619999885559082,10.619999885559082,0
1934-04-30 00:00:00-04:00,10.460000038146973,10.460000038146973,10.460000038146973,10.460000038146973,0
1934-05-31 00:00:00-04:00,9.609999656677246,9.609999656677246,9.609999656677246,9.609999656677246,0
1934-06-30 00:00:00-04:00,9.8100004196167,9.8100004196167,9.8100004196167,9.8100004196167,0
1934-07-31 00:00:00-04:00,8.680000305175781,8.680000305175781,8.680000305175781,8.680000305175781,0
1934-08-31 00:00:00-04:00,9.149999618530273,9.149999618530273,9.149999618530273,9.149999618530273,0
1934-09-30 00:00:00-04:00,9.079999923706055,9.079999923706055,9.079999923706055,9.079999923706055,0
1934-10-31 00:00:00-05:00,8.8100004196167,8.8100004196167,8.8100004196167,8.8100004196167,0
1934-11-30 00:00:00-05:00,9.539999961853027,9.539999961853027,9.539999961853027,9.539999961853027,0
1934-12-31 00:00:00-05:00,9.5,9.5,9.5,9.5,0
1935-01-31 00:00:00-05:00,9.100000381469727,9.100000381469727,9.100000381469727,9.100000381469727,0
1935-02-28 00:00:00-05:00,8.739999771118164,8.739999771118164,8.739999771118164,8.739999771118164,0
1935-03-31 00:00:00-05:00,8.449999809265137,8.449999809265137,8.449999809265137,8.449999809265137,0
1935-04-30 00:00:00-04:00,9.279999732971191,9.279999732971191,9.279999732971191,9.279999732971191,0
1935-05-31 00:00:00-04:00,9.579999923706055,9.579999923706055,9.579999923706055,9.579999923706055,0
1935-06-30 00:00:00-04:00,10.239999771118164,10.239999771118164,10.239999771118164,10.239999771118164,0
1935-07-31 00:00:00-04:00,11.079999923706055,11.079999923706055,11.079999923706055,11.079999923706055,0
1935-08-31 00:00:00-04:00,11.239999771118164,11.239999771118164,11.239999771118164,11.239999771118164,0
1935-09-30 00:00:00-05:00,11.59000015258789,11.59000015258789,11.59000015258789,11.59000015258789,0
1935-10-31 00:00:00-05:00,12.460000038146973,12.460000038146973,12.460000038146973,12.460000038146973,0
1935-11-30 00:00:00-05:00,12.9399995803833,12.9399995803833,12.9399995803833,12.9399995803833,0
1935-12-31 00:00:00-05:00,13.430000305175781,13.430000305175781,13.430000305175781,13.430000305175781,0
1936-01-31 00:00:00-05:00,14.3100004196167,14.3100004196167,14.3100004196167,14.3100004196167,0
1936-02-29 00:00:00-05:00,14.600000381469727,14.600000381469727,14.600000381469727,14.600000381469727,0
1936-03-31 00:00:00-05:00,14.920000076293945,14.920000076293945,14.920000076293945,14.920000076293945,0
1936-04-30 00:00:00-04:00,13.770000457763672,13.770000457763672,13.770000457763672,13.770000457763672,0
1936-05-31 00:00:00-04:00,14.399999618530273,14.399999618530273,14.399999618530273,14.399999618530273,0
1936-06-30 00:00:00-04:00,14.84000015258789,14.84000015258789,14.84000015258789,14.84000015258789,0
1936-07-31 00:00:00-04:00,15.850000381469727,15.850000381469727,15.850000381469727,15.850000381469727,0
1936-08-31 00:00:00-04:00,15.989999771118164,15.989999771118164,15.989999771118164,15.989999771118164,0
1936-09-30 00:00:00-05:00,16.010000228881836,16.010000228881836,16.010000228881836,16.010000228881836,0
1936-10-31 00:00:00-05:00,17.229999542236328,17.229999542236328,17.229999542236328,17.229999542236328,0
1936-11-30 00:00:00-05:00,17.280000686645508,17.280000686645508,17.280000686645508,17.280000686645508,0
1936-12-31 00:00:00-05:00,17.18000030517578,17.18000030517578,17.18000030517578,17.18000030517578,0
1937-01-31 00:00:00-05:00,17.770000457763672,17.770000457763672,17.770000457763672,17.770000457763672,0
1937-02-28 00:00:00-05:00,18.059999465942383,18.059999465942383,18.059999465942383,18.059999465942383,0
1937-03-31 00:00:00-05:00,17.920000076293945,17.920000076293945,17.920000076293945,17.920000076293945,0
1937-04-30 00:00:00-04:00,16.43000030517578,16.43000030517578,16.43000030517578,16.43000030517578,0
1937-05-31 00:00:00-04:00,16.260000228881836,16.260000228881836,16.260000228881836,16.260000228881836,0
1937-06-30 00:00:00-04:00,15.399999618530273,15.399999618530273,15.399999618530273,15.399999618530273,0
1937-07-31 00:00:00-04:00,16.770000457763672,16.770000457763672,16.770000457763672,16.770000457763672,0
1937-08-31 00:00:00-04:00,16.040000915527344,16.040000915527344,16.040000915527344,16.040000915527344,0
1937-09-30 00:00:00-05:00,13.760000228881836,13.760000228881836,13.760000228881836,13.760000228881836,0
1937-10-31 00:00:00-05:00,12.350000381469727,12.350000381469727,12.350000381469727,12.350000381469727,0
1937-11-30 00:00:00-05:00,11.109999656677246,11.109999656677246,11.109999656677246,11.109999656677246,0
1937-12-31 00:00:00-05:00,10.550000190734863,10.550000190734863,10.550000190734863,10.550000190734863,0
1938-01-31 00:00:00-05:00,10.6899995803833,10.6899995803833,10.6899995803833,10.6899995803833,0
1938-02-28 00:00:00-05:00,11.34000015258789,11.34000015258789,11.34000015258789,11.34000015258789,0
1938-03-31 00:00:00-05:00,8.5,8.5,8.5,8.5,0
1938-04-30 00:00:00-04:00,9.779999732971191,9.779999732971191,9.779999732971191,9.779999732971191,0
1938-05-31 00:00:00-04:00,9.270000457763672,9.270000457763672,9.270000457763672,9.270000457763672,0
1938-06-30 00:00:00-04:00,11.5600004196167,11.5600004196167,11.5600004196167,11.5600004196167,0
1938-07-31 00:00:00-04:00,12.329999923706055,12.329999923706055,12.329999923706055,12.329999923706055,0
1938-08-31 00:00:00-04:00,12.0600004196167,12.0600004196167,12.0600004196167,12.0600004196167,0
1938-09-30 00:00:00-05:00,12.239999771118164,12.239999771118164,12.239999771118164,12.239999771118164,0
1938-10-31 00:00:00-05:00,13.170000076293945,13.170000076293945,13.170000076293945,13.170000076293945,0
1938-11-30 00:00:00-05:00,12.729999542236328,12.729999542236328,12.729999542236328,12.729999542236328,0
1938-12-31 00:00:00-05:00,13.140000343322754,13.140000343322754,13.140000343322754,13.140000343322754,0
1939-01-31 00:00:00-05:00,12.300000190734863,12.300000190734863,12.300000190734863,12.300000190734863,0
1939-02-28 00:00:00-05:00,12.699999809265137,12.699999809265137,12.699999809265137,12.699999809265137,0
1939-03-31 00:00:00-05:00,10.979999542236328,10.979999542236328,10.979999542236328,10.979999542236328,0
1939-04-30 00:00:00-05:00,10.930000305175781,10.930000305175781,10.930000305175781,10.930000305175781,0
1939-05-31 00:00:00-04:00,11.600000381469727,11.600000381469727,11.600000381469727,11.600000381469727,0
1939-06-30 00:00:00-04:00,10.859999656677246,10.859999656677246,10.859999656677246,10.859999656677246,0
1939-07-31 00:00:00-04:00,12.039999961853027,12.039999961853027,12.039999961853027,12.039999961853027,0
1939-08-31 00:00:00-04:00,11.180000305175781,11.180000305175781,11.180000305175781,11.180000305175781,0
1939-09-30 00:00:00-05:00,12.789999961853027,12.789999961853027,12.789999961853027,12.789999961853027,0
1939-10-31 00:00:00-05:00,12.829999923706055,12.829999923706055,12.829999923706055,12.829999923706055,0
1939-11-30 00:00:00-05:00,12.199999809265137,12.199999809265137,12.199999809265137,12.199999809265137,0
1939-12-31 00:00:00-05:00,12.460000038146973,12.460000038146973,12.460000038146973,12.460000038146973,0
1940-01-31 00:00:00-05:00,12.050000190734863,12.050000190734863,12.050000190734863,12.050000190734863,0
1940-02-29 00:00:00-05:00,12.130000114440918,12.130000114440918,12.130000114440918,12.130000114440918,0
1940-03-31 00:00:00-05:00,12.180000305175781,12.180000305175781,12.180000305175781,12.180000305175781,0
1940-04-30 00:00:00-04:00,12.1899995803833,12.1899995803833,12.1899995803833,12.1899995803833,0
1940-05-31 00:00:00-04:00,9.270000457763672,9.270000457763672,9.270000457763672,9.270000457763672,0
1940-06-30 00:00:00-04:00,9.979999542236328,9.979999542236328,9.979999542236328,9.979999542236328,0
1940-07-31 00:00:00-04:00,10.289999961853027,10.289999961853027,10.289999961853027,10.289999961853027,0
1940-08-31 00:00:00-04:00,10.5,10.5,10.5,10.5,0
1940-09-30 00:00:00-05:00,10.65999984741211,10.65999984741211,10.65999984741211,10.65999984741211,0
1940-10-31 00:00:00-05:00,11.079999923706055,11.079999923706055,11.079999923706055,11.079999923706055,0
1940-11-30 00:00:00-05:00,10.569999694824219,10.569999694824219,10.569999694824219,10.569999694824219,0
1940-12-31 00:00:00-05:00,10.579999923706055,10.579999923706055,10.579999923706055,10.579999923706055,0
1941-01-31 00:00:00-05:00,10.069999694824219,10.069999694824219,10.069999694824219,10.069999694824219,0
1941-02-28 00:00:00-05:00,9.920000076293945,9.920000076293945,9.920000076293945,9.920000076293945,0
1941-03-31 00:00:00-05:00,9.960000038146973,9.960000038146973,9.960000038146973,9.960000038146973,0
1941-04-30 00:00:00-04:00,9.3100004196167,9.3100004196167,9.3100004196167,9.3100004196167,0
1941-05-31 00:00:00-04:00,9.380000114440918,9.380000114440918,9.380000114440918,9.380000114440918,0
1941-06-30 00:00:00-04:00,9.850000381469727,9.850000381469727,9.850000381469727,9.850000381469727,0
1941-07-31 00:00:00-04:00,10.390000343322754,10.390000343322754,10.390000343322754,10.390000343322754,0
1941-08-31 00:00:00-04:00,10.279999732971191,10.279999732971191,10.279999732971191,10.279999732971191,0
1941-09-30 00:00:00-05:00,10.199999809265137,10.199999809265137,10.199999809265137,10.199999809265137,0
1941-10-31 00:00:00-05:00,9.5,9.5,9.5,9.5,0
1941-11-30 00:00:00-05:00,9.119999885559082,9.119999885559082,9.119999885559082,9.119999885559082,0
1941-12-31 00:00:00-05:00,8.6899995803833,8.6899995803833,8.6899995803833,8.6899995803833,0
1942-01-31 00:00:00-05:00,8.850000381469727,8.850000381469727,8.850000381469727,8.850000381469727,0
1942-02-28 00:00:00-04:00,8.59000015258789,8.59000015258789,8.59000015258789,8.59000015258789,0
1942-03-31 00:00:00-04:00,8.010000228881836,8.010000228881836,8.010000228881836,8.010000228881836,0
1942-04-30 00:00:00-04:00,7.659999847412109,7.659999847412109,7.659999847412109,7.659999847412109,0
1942-05-31 00:00:00-04:00,8.149999618530273,8.149999618530273,8.149999618530273,8.149999618530273,0
1942-06-30 00:00:00-04:00,8.300000190734863,8.300000190734863,8.300000190734863,8.300000190734863,0
1942-07-31 00:00:00-04:00,8.5600004196167,8.5600004196167,8.5600004196167,8.5600004196167,0
1942-08-31 00:00:00-04:00,8.619999885559082,8.619999885559082,8.619999885559082,8.619999885559082,0
1942-09-30 00:00:00-04:00,8.850000381469727,8.850000381469727,8.850000381469727,8.850000381469727,0
1942-10-31 00:00:00-04:00,9.359999656677246,9.359999656677246,9.359999656677246,9.359999656677246,0
1942-11-30 00:00:00-04:00,9.289999961853027,9.289999961853027,9.289999961853027,9.289999961853027,0
1942-12-31 00:00:00-04:00,9.770000457763672,9.770000457763672,9.770000457763672,9.770000457763672,0
1943-01-31 00:00:00-04:00,10.4399995803833,10.4399995803833,10.4399995803833,10.4399995803833,0
1943-02-28 00:00:00-04:00,10.970000267028809,10.970000267028809,10.970000267028809,10.970000267028809,0
1943-03-31 00:00:00-04:00,11.579999923706055,11.579999923706055,11.579999923706055,11.579999923706055,0
1943-04-30 00:00:00-04:00,11.59000015258789,11.59000015258789,11.59000015258789,11.59000015258789,0
1943-05-31 00:00:00-04:00,12.050000190734863,12.050000190734863,12.050000190734863,12.050000190734863,0
1943-06-30 00:00:00-04:00,12.350000381469727,12.350000381469727,12.350000381469727,12.350000381469727,0
1943-07-31 00:00:00-04:00,11.850000381469727,11.850000381469727,11.850000381469727,11.850000381469727,0
1943-08-31 00:00:00-04:00,11.800000190734863,11.800000190734863,11.800000190734863,11.800000190734863,0
1943-09-30 00:00:00-04:00,12.079999923706055,12.079999923706055,12.079999923706055,12.079999923706055,0
1943-10-31 00:00:00-04:00,11.90999984741211,11.90999984741211,11.90999984741211,11.90999984741211,0
1943-11-30 00:00:00-04:00,11.020000457763672,11.020000457763672,11.020000457763672,11.020000457763672,0
1943-12-31 00:00:00-04:00,11.670000076293945,11.670000076293945,11.670000076293945,11.670000076293945,0
1944-01-31 00:00:00-04:00,11.850000381469727,11.850000381469727,11.850000381469727,11.850000381469727,0
1944-02-29 00:00:00-04:00,11.819999694824219,11.819999694824219,11.819999694824219,11.819999694824219,0
1944-03-31 00:00:00-04:00,12.020000457763672,12.020000457763672,12.020000457763672,12.020000457763672,0
1944-04-30 00:00:00-04:00,11.869999885559082,11.869999885559082,11.869999885559082,11.869999885559082,0
1944-05-31 00:00:00-04:00,12.350000381469727,12.350000381469727,12.350000381469727,12.350000381469727,0
1944-06-30 00:00:00-04:00,12.979999542236328,12.979999542236328,12.979999542236328,12.979999542236328,0
1944-07-31 00:00:00-04:00,12.710000038146973,12.710000038146973,12.710000038146973,12.710000038146973,0
1944-08-31 00:00:00-04:00,12.819999694824219,12.819999694824219,12.819999694824219,12.819999694824219,0
1944-09-30 00:00:00-04:00,12.739999771118164,12.739999771118164,12.739999771118164,12.739999771118164,0
1944-10-31 00:00:00-04:00,12.779999732971191,12.779999732971191,12.779999732971191,12.779999732971191,0
1944-11-30 00:00:00-04:00,12.829999923706055,12.829999923706055,12.829999923706055,12.829999923706055,0
1944-12-31 00:00:00-04:00,13.279999732971191,13.279999732971191,13.279999732971191,13.279999732971191,0
1945-01-31 00:00:00-04:00,13.470000267028809,13.470000267028809,13.470000267028809,13.470000267028809,0
1945-02-28 00:00:00-04:00,14.300000190734863,14.300000190734863,14.300000190734863,14.300000190734863,0
1945-03-31 00:00:00-04:00,13.609999656677246,13.609999656677246,13.609999656677246,13.609999656677246,0
1945-04-30 00:00:00-04:00,14.84000015258789,14.84000015258789,14.84000015258789,14.84000015258789,0
1945-05-31 00:00:00-04:00,15.010000228881836,15.010000228881836,15.010000228881836,15.010000228881836,0
1945-06-30 00:00:00-04:00,14.869999885559082,14.869999885559082,14.869999885559082,14.869999885559082,0
1945-07-31 00:00:00-04:00,14.65999984741211,14.65999984741211,14.65999984741211,14.65999984741211,0
1945-08-31 00:00:00-04:00,15.510000228881836,15.510000228881836,15.510000228881836,15.510000228881836,0
1945-09-30 00:00:00-04:00,16.049999237060547,16.049999237060547,16.049999237060547,16.049999237060547,0
1945-10-31 00:00:00-05:00,16.649999618530273,16.649999618530273,16.649999618530273,16.649999618530273,0
1945-11-30 00:00:00-05:00,17.190000534057617,17.190000534057617,17.190000534057617,17.190000534057617,0
1945-12-31 00:00:00-05:00,17.360000610351562,17.360000610351562,17.360000610351562,17.360000610351562,0
1946-01-31 00:00:00-05:00,18.56999969482422,18.56999969482422,18.56999969482422,18.56999969482422,0
1946-02-28 00:00:00-05:00,17.280000686645508,17.280000686645508,17.280000686645508,17.280000686645508,0
1946-03-31 00:00:00-05:00,18.040000915527344,18.040000915527344,18.040000915527344,18.040000915527344,0
1946-04-30 00:00:00-04:00,18.760000228881836,18.760000228881836,18.760000228881836,18.760000228881836,0
1946-05-31 00:00:00-04:00,19.18000030517578,19.18000030517578,19.18000030517578,19.18000030517578,0
1946-06-30 00:00:00-04:00,18.43000030517578,18.43000030517578,18.43000030517578,18.43000030517578,0
1946-07-31 00:00:00-04:00,17.959999084472656,17.959999084472656,17.959999084472656,17.959999084472656,0
1946-08-31 00:00:00-04:00,16.649999618530273,16.649999618530273,16.649999618530273,16.649999618530273,0
1946-09-30 00:00:00-05:00,14.960000038146973,14.960000038146973,14.960000038146973,14.960000038146973,0
1946-10-31 00:00:00-05:00,14.84000015258789,14.84000015258789,14.84000015258789,14.84000015258789,0
1946-11-30 00:00:00-05:00,14.680000305175781,14.680000305175781,14.680000305175781,14.680000305175781,0
1946-12-31 00:00:00-05:00,15.300000190734863,15.300000190734863,15.300000190734863,15.300000190734863,0
1947-01-31 00:00:00-05:00,15.65999984741211,15.65999984741211,15.65999984741211,15.65999984741211,0
1947-02-28 00:00:00-05:00,15.430000305175781,15.430000305175781,15.430000305175781,15.430000305175781,0
1947-03-31 00:00:00-05:00,15.170000076293945,15.170000076293945,15.170000076293945,15.170000076293945,0
1947-04-30 00:00:00-04:00,14.579999923706055,14.579999923706055,14.579999923706055,14.579999923706055,0
1947-05-31 00:00:00-04:00,14.449999809265137,14.449999809265137,14.449999809265137,14.449999809265137,0
1947-06-30 00:00:00-04:00,15.210000038146973,15.210000038146973,15.210000038146973,15.210000038146973,0
1947-07-31 00:00:00-04:00,15.760000228881836,15.760000228881836,15.760000228881836,15.760000228881836,0
1947-08-31 00:00:00-04:00,15.319999694824219,15.319999694824219,15.319999694824219,15.319999694824219,0
1947-09-30 00:00:00-05:00,15.109999656677246,15.109999656677246,15.109999656677246,15.109999656677246,0
1947-10-31 00:00:00-05:00,15.430000305175781,15.430000305175781,15.430000305175781,15.430000305175781,0
1947-11-30 00:00:00-05:00,14.979999542236328,14.979999542236328,14.979999542236328,14.979999542236328,0
1947-12-31 00:00:00-05:00,15.300000190734863,15.300000190734863,15.300000190734863,15.300000190734863,0
1948-01-31 00:00:00-05:00,14.680000305175781,14.680000305175781,14.680000305175781,14.680000305175781,0
1948-02-29 00:00:00-05:00,13.930000305175781,13.930000305175781,13.930000305175781,13.930000305175781,0
1948-03-31 00:00:00-05:00,15.079999923706055,15.079999923706055,15.079999923706055,15.079999923706055,0
1948-04-30 00:00:00-04:00,15.479999542236328,15.479999542236328,15.479999542236328,15.479999542236328,0
1948-05-31 00:00:00-04:00,16.690000534057617,16.690000534057617,16.690000534057617,16.690000534057617,0
1948-06-30 00:00:00-04:00,16.739999771118164,16.739999771118164,16.739999771118164,16.739999771118164,0
1948-07-31 00:00:00-04:00,15.850000381469727,15.850000381469727,15.850000381469727,15.850000381469727,0
1948-08-31 00:00:00-04:00,15.970000267028809,15.970000267028809,15.970000267028809,15.970000267028809,0
1948-09-30 00:00:00-05:00,15.489999771118164,15.489999771118164,15.489999771118164,15.489999771118164,0
1948-10-31 00:00:00-05:00,16.5,16.5,16.5,16.5,0
1948-11-30 00:00:00-05:00,14.75,14.75,14.75,14.75,0
1948-12-31 00:00:00-05:00,15.199999809265137,15.199999809265137,15.199999809265137,15.199999809265137,0
1949-01-31 00:00:00-05:00,15.220000267028809,15.220000267028809,15.220000267028809,15.220000267028809,0
1949-02-28 00:00:00-05:00,14.619999885559082,14.619999885559082,14.619999885559082,14.619999885559082,0
1949-03-31 00:00:00-05:00,15.0600004196167,15.0600004196167,15.0600004196167,15.0600004196167,0
1949-04-30 00:00:00-04:00,14.710000038146973,14.710000038146973,14.710000038146973,14.710000038146973,0
1949-05-31 00:00:00-04:00,14.1899995803833,14.1899995803833,14.1899995803833,14.1899995803833,0
1949-06-30 00:00:00-04:00,14.15999984741211,14.15999984741211,14.15999984741211,14.15999984741211,0
1949-07-31 00:00:00-04:00,15.039999961853027,15.039999961853027,15.039999961853027,15.039999961853027,0
1949-08-31 00:00:00-04:00,15.220000267028809,15.220000267028809,15.220000267028809,15.220000267028809,0
1949-09-30 00:00:00-05:00,15.579999923706055,15.579999923706055,15.579999923706055,15.579999923706055,0
1949-10-31 00:00:00-05:00,16.040000915527344,16.040000915527344,16.040000915527344,16.040000915527344,0
1949-11-30 00:00:00-05:00,16.059999465942383,16.059999465942383,16.059999465942383,16.059999465942383,0
1949-12-31 00:00:00-05:00,16.790000915527344,16.790000915527344,16.790000915527344,16.790000915527344,0
1950-01-31 00:00:00-05:00,17.049999237060547,17.049999237060547,17.049999237060547,17.049999237060547,1690000
1950-02-28 00:00:00-05:00,17.219999313354492,17.219999313354492,17.219999313354492,17.219999313354492,1310000
1950-03-31 00:00:00-05:00,17.290000915527344,17.290000915527344,17.290000915527344,17.290000915527344,1880000
1950-04-30 00:00:00-05:00,17.959999084472656,17.959999084472656,17.959999084472656,17.959999084472656,2190000
1950-05-31 00:00:00-04:00,18.780000686645508,18.780000686645508,18.780000686645508,18.780000686645508,1530000
1950-06-30 00:00:00-04:00,17.690000534057617,17.690000534057617,17.690000534057617,17.690000534057617,2660000
1950-07-31 00:00:00-04:00,17.84000015258789,17.84000015258789,17.84000015258789,17.84000015258789,1590000
1950-08-31 00:00:00-04:00,18.420000076293945,18.420000076293945,18.420000076293945,18.420000076293945,1140000
1950-09-30 00:00:00-05:00,19.450000762939453,19.450000762939453,19.450000762939453,19.450000762939453,1800000
1950-10-31 00:00:00-05:00,19.530000686645508,19.530000686645508,19.530000686645508,19.530000686645508,2010000
1950-11-30 00:00:00-05:00,19.510000228881836,19.510000228881836,19.510000228881836,19.510000228881836,2080000
1950-12-31 00:00:00-05:00,20.43000030517578,20.43000030517578,20.43000030517578,20.43000030517578,3440000
1951-01-31 00:00:00-05:00,21.65999984741211,21.65999984741211,21.65999984741211,21.65999984741211,2340000
1951-02-28 00:00:00-05:00,21.799999237060547,21.799999237060547,21.799999237060547,21.799999237060547,1640000
1951-03-31 00:00:00-05:00,21.479999542236328,21.479999542236328,21.479999542236328,21.479999542236328,1150000
1951-04-30 00:00:00-04:00,22.43000030517578,22.43000030517578,22.43000030517578,22.43000030517578,1790000
1951-05-31 00:00:00-04:00,21.520000457763672,21.520000457763672,21.520000457763672,21.520000457763672,1220000
1951-06-30 00:00:00-04:00,20.959999084472656,20.959999084472656,20.959999084472656,20.959999084472656,1730000
1951-07-31 00:00:00-04:00,22.399999618530273,22.399999618530273,22.399999618530273,22.399999618530273,1550000
1951-08-31 00:00:00-04:00,23.280000686645508,23.280000686645508,23.280000686645508,23.280000686645508,1530000
1951-09-30 00:00:00-04:00,23.260000228881836,23.260000228881836,23.260000228881836,23.260000228881836,1390000
1951-10-31 00:00:00-05:00,22.940000534057617,22.940000534057617,22.940000534057617,22.940000534057617,1490000
1951-11-30 00:00:00-05:00,22.8799991607666,22.8799991607666,22.8799991607666,22.8799991607666,1530000
1951-12-31 00:00:00-05:00,23.770000457763672,23.770000457763672,23.770000457763672,23.770000457763672,1440000
1952-01-31 00:00:00-05:00,24.139999389648438,24.139999389648438,24.139999389648438,24.139999389648438,1810000
1952-02-29 00:00:00-05:00,23.260000228881836,23.260000228881836,23.260000228881836,23.260000228881836,1000000
1952-03-31 00:00:00-05:00,24.3700008392334,24.3700008392334,24.3700008392334,24.3700008392334,1680000
1952-04-30 00:00:00-04:00,23.31999969482422,23.31999969482422,23.31999969482422,23.31999969482422,1000000
1952-05-31 00:00:00-04:00,23.860000610351562,23.860000610351562,23.860000610351562,23.860000610351562,1100000
1952-06-30 00:00:00-04:00,24.959999084472656,24.959999084472656,24.959999084472656,24.959999084472656,1380000
1952-07-31 00:00:00-04:00,25.399999618530273,25.399999618530273,25.399999618530273,25.399999618530273,1230000
1952-08-31 00:00:00-04:00,25.030000686645508,25.030000686645508,25.030000686645508,25.030000686645508,890000
1952-09-30 00:00:00-05:00,24.540000915527344,24.540000915527344,24.540000915527344,24.540000915527344,1120000
1952-10-31 00:00:00-05:00,24.520000457763672,24.520000457763672,24.520000457763672,24.520000457763672,1760000
1952-11-30 00:00:00-05:00,25.65999984741211,25.65999984741211,25.65999984741211,25.65999984741211,2160000
1952-12-31 00:00:00-05:00,26.56999969482422,26.56999969482422,26.56999969482422,26.56999969482422,2050000
1953-01-31 00:00:00-05:00,26.3799991607666,26.3799991607666,26.3799991607666,26.3799991607666,1760000
1953-02-28 00:00:00-05:00,25.899999618530273,25.899999618530273,25.899999618530273,25.899999618530273,1990000
1953-03-31 00:00:00-05:00,25.290000915527344,25.290000915527344,25.290000915527344,25.290000915527344,3120000
1953-04-30 00:00:00-04:00,24.6200008392334,24.6200008392334,24.6200008392334,24.6200008392334,1140000
1953-05-31 00:00:00-04:00,24.540000915527344,24.540000915527344,24.540000915527344,24.540000915527344,920000
1953-06-30 00:00:00-04:00,24.139999389648438,24.139999389648438,24.139999389648438,24.139999389648438,820000
1953-07-31 00:00:00-04:00,24.75,24.75,24.75,24.75,1320000
1953-08-31 00:00:00-04:00,23.31999969482422,23.31999969482422,23.31999969482422,23.31999969482422,2190000
1953-09-30 00:00:00-05:00,23.350000381469727,23.350000381469727,23.350000381469727,23.350000381469727,940000
1953-10-31 00:00:00-05:00,24.540000915527344,24.540000915527344,24.540000915527344,24.540000915527344,1400000
1953-11-30 00:00:00-05:00,24.760000228881836,24.760000228881836,24.760000228881836,24.760000228881836,1960000
1953-12-31 00:00:00-05:00,24.809999465942383,24.809999465942383,24.809999465942383,24.809999465942383,2490000
1954-01-31 00:00:00-05:00,26.079999923706055,26.079999923706055,26.079999923706055,26.079999923706055,1950000
1954-02-28 00:00:00-05:00,26.149999618530273,26.149999618530273,26.149999618530273,26.149999618530273,1910000
1954-03-31 00:00:00-05:00,26.940000534057617,26.940000534057617,26.940000534057617,26.940000534057617,2690000
1954-04-30 00:00:00-04:00,28.260000228881836,28.260000228881836,28.260000228881836,28.260000228881836,2450000
1954-05-31 00:00:00-04:00,29.190000534057617,29.190000534057617,29.190000534057617,29.190000534057617,1940000
1954-06-30 00:00:00-04:00,29.209999084472656,29.209999084472656,29.209999084472656,29.209999084472656,1950000
1954-07-31 00:00:00-04:00,30.8799991607666,30.8799991607666,30.8799991607666,30.8799991607666,2800000
1954-08-31 00:00:00-04:00,29.829999923706055,29.829999923706055,29.829999923706055,29.829999923706055,2640000
1954-09-30 00:00:00-05:00,32.310001373291016,32.310001373291016,32.310001373291016,32.310001373291016,1840000
1954-10-31 00:00:00-05:00,31.68000030517578,31.68000030517578,31.68000030517578,31.68000030517578,1900000
1954-11-30 00:00:00-05:00,34.2400016784668,34.2400016784668,34.2400016784668,34.2400016784668,3440000
1954-12-31 00:00:00-05:00,35.97999954223633,35.97999954223633,35.97999954223633,35.97999954223633,3840000
1955-01-31 00:00:00-05:00,36.630001068115234,36.630001068115234,36.630001068115234,36.630001068115234,3500000
1955-02-28 00:00:00-05:00,36.7599983215332,36.7599983215332,36.7599983215332,36.7599983215332,2620000
1955-03-31 00:00:00-05:00,36.58000183105469,36.58000183105469,36.58000183105469,36.58000183105469,2680000
1955-04-30 00:00:00-04:00,37.959999084472656,37.959999084472656,37.959999084472656,37.959999084472656,2230000
1955-05-31 00:00:00-04:00,37.90999984741211,37.90999984741211,37.90999984741211,37.90999984741211,1990000
1955-06-30 00:00:00-04:00,41.029998779296875,41.029998779296875,41.029998779296875,41.029998779296875,2370000
1955-07-31 00:00:00-04:00,43.52000045776367,43.52000045776367,43.52000045776367,43.52000045776367,2070000
1955-08-31 00:00:00-04:00,43.18000030517578,43.18000030517578,43.18000030517578,43.18000030517578,1850000
1955-09-30 00:00:00-04:00,43.66999816894531,43.66999816894531,43.66999816894531,43.66999816894531,2140000
1955-10-31 00:00:00-05:00,42.34000015258789,42.34000015258789,42.34000015258789,42.34000015258789,1800000
1955-11-30 00:00:00-05:00,45.5099983215332,45.5099983215332,45.5099983215332,45.5099983215332,2900000
1955-12-31 00:00:00-05:00,45.47999954223633,45.47999954223633,45.47999954223633,45.47999954223633,2820000
1956-01-31 00:00:00-05:00,43.81999969482422,43.81999969482422,43.81999969482422,43.81999969482422,1900000
1956-02-29 00:00:00-05:00,45.34000015258789,45.34000015258789,45.34000015258789,45.34000015258789,3900000
1956-03-31 00:00:00-05:00,48.47999954223633,48.47999954223633,48.47999954223633,48.47999954223633,3480000
1956-04-30 00:00:00-04:00,48.380001068115234,48.380001068115234,48.380001068115234,48.380001068115234,2730000
1956-05-31 00:00:00-04:00,45.20000076293945,45.20000076293945,45.20000076293945,45.20000076293945,2020000
1956-06-30 00:00:00-04:00,46.970001220703125,46.970001220703125,46.970001220703125,46.970001220703125,1780000
1956-07-31 00:00:00-04:00,49.38999938964844,49.38999938964844,49.38999938964844,49.38999938964844,2520000
1956-08-31 00:00:00-04:00,47.5099983215332,47.5099983215332,47.5099983215332,47.5099983215332,1620000
1956-09-30 00:00:00-04:00,45.349998474121094,45.349998474121094,45.349998474121094,45.349998474121094,1720000
1956-10-31 00:00:00-05:00,45.58000183105469,45.58000183105469,45.58000183105469,45.58000183105469,2280000
1956-11-30 00:00:00-05:00,45.08000183105469,45.08000183105469,45.08000183105469,45.08000183105469,2300000
1956-12-31 00:00:00-05:00,46.66999816894531,46.66999816894531,46.66999816894531,46.66999816894531,3680000
1957-01-31 00:00:00-05:00,44.720001220703125,44.720001220703125,44.720001220703125,44.720001220703125,1920000
1957-02-28 00:00:00-05:00,43.2599983215332,43.2599983215332,43.2599983215332,43.2599983215332,1620000
1957-03-31 00:00:00-05:00,44.11000061035156,44.11000061035156,44.11000061035156,44.11000061035156,1650000
1957-04-30 00:00:00-04:00,45.7400016784668,45.7400016784668,45.7400016784668,45.7400016784668,2200000
1957-05-31 00:00:00-04:00,47.43000030517578,47.43000030517578,47.43000030517578,47.43000030517578,2050000
1957-06-30 00:00:00-04:00,47.369998931884766,47.369998931884766,47.369998931884766,47.369998931884766,1770000
1957-07-31 00:00:00-04:00,47.90999984741211,47.90999984741211,47.90999984741211,47.90999984741211,1830000
1957-08-31 00:00:00-04:00,45.220001220703125,45.220001220703125,45.220001220703125,45.220001220703125,1600000
1957-09-30 00:00:00-04:00,42.41999816894531,42.41999816894531,42.41999816894531,42.41999816894531,1520000
1957-10-31 00:00:00-05:00,41.060001373291016,41.060001373291016,41.060001373291016,41.060001373291016,2170000
1957-11-30 00:00:00-05:00,41.720001220703125,41.720001220703125,41.720001220703125,41.720001220703125,2740000
1957-12-31 00:00:00-05:00,39.9900016784668,39.9900016784668,39.9900016784668,39.9900016784668,5070000
1958-01-31 00:00:00-05:00,41.70000076293945,41.70000076293945,41.70000076293945,41.70000076293945,2030000
1958-02-28 00:00:00-05:00,40.84000015258789,40.84000015258789,40.84000015258789,40.84000015258789,1580000
1958-03-31 00:00:00-05:00,42.099998474121094,42.099998474121094,42.099998474121094,42.099998474121094,2050000
1958-04-30 00:00:00-04:00,43.439998626708984,43.439998626708984,43.439998626708984,43.439998626708984,2900000
1958-05-31 00:00:00-04:00,44.09000015258789,44.09000015258789,44.09000015258789,44.09000015258789,2350000
1958-06-30 00:00:00-04:00,45.2400016784668,45.2400016784668,45.2400016784668,45.2400016784668,2820000
1958-07-31 00:00:00-04:00,47.189998626708984,47.189998626708984,47.189998626708984,47.189998626708984,4440000
1958-08-31 00:00:00-04:00,47.75,47.75,47.75,47.75,2260000
1958-09-30 00:00:00-04:00,50.060001373291016,50.060001373291016,50.060001373291016,50.060001373291016,4160000
1958-10-31 00:00:00-05:00,51.33000183105469,51.33000183105469,51.33000183105469,51.33000183105469,3920000
1958-11-30 00:00:00-05:00,52.47999954223633,52.47999954223633,52.47999954223633,52.47999954223633,4120000
1958-12-31 00:00:00-05:00,55.209999084472656,55.209999084472656,55.209999084472656,55.209999084472656,3970000
1959-01-31 00:00:00-05:00,55.45000076293945,55.45000076293945,55.45000076293945,55.45000076293945,3600000
1959-02-28 00:00:00-05:00,55.40999984741211,55.40999984741211,55.40999984741211,55.40999984741211,4300000
1959-03-31 00:00:00-05:00,55.439998626708984,55.439998626708984,55.439998626708984,55.439998626708984,2820000
1959-04-30 00:00:00-04:00,57.59000015258789,57.59000015258789,57.59000015258789,57.59000015258789,3510000
1959-05-31 00:00:00-04:00,58.68000030517578,58.68000030517578,58.68000030517578,58.68000030517578,2790000
1959-06-30 00:00:00-04:00,58.470001220703125,58.470001220703125,58.470001220703125,58.470001220703125,3200000
1959-07-31 00:00:00-04:00,60.5099983215332,60.5099983215332,60.5099983215332,60.5099983215332,2270000
1959-08-31 00:00:00-04:00,59.599998474121094,59.599998474121094,59.599998474121094,59.599998474121094,2140000
1959-09-30 00:00:00-04:00,56.880001068115234,56.880001068115234,56.880001068115234,56.880001068115234,2850000
1959-10-31 00:00:00-05:00,57.52000045776367,57.52000045776367,57.52000045776367,57.52000045776367,3560000
1959-11-30 00:00:00-05:00,58.279998779296875,58.279998779296875,58.279998779296875,58.279998779296875,3670000
1959-12-31 00:00:00-05:00,59.88999938964844,59.88999938964844,59.88999938964844,59.88999938964844,3810000
1960-01-31 00:00:00-05:00,55.61000061035156,55.61000061035156,55.61000061035156,55.61000061035156,3060000
1960-02-29 00:00:00-05:00,56.119998931884766,56.119998931884766,56.119998931884766,56.119998931884766,2990000
1960-03-31 00:00:00-05:00,55.34000015258789,55.34000015258789,55.34000015258789,55.34000015258789,2690000
1960-04-30 00:00:00-04:00,54.369998931884766,54.369998931884766,54.369998931884766,54.369998931884766,2850000
1960-05-31 00:00:00-04:00,55.83000183105469,55.83000183105469,55.83000183105469,55.83000183105469,3750000
1960-06-30 00:00:00-04:00,56.91999816894531,56.91999816894531,56.91999816894531,56.91999816894531,2940000
1960-07-31 00:00:00-04:00,55.5099983215332,55.5099983215332,55.5099983215332,55.5099983215332,2730000
1960-08-31 00:00:00-04:00,56.959999084472656,56.959999084472656,56.959999084472656,56.959999084472656,3130000
1960-09-30 00:00:00-04:00,53.52000045776367,53.52000045776367,53.52000045776367,53.52000045776367,3370000
1960-10-31 00:00:00-05:00,53.38999938964844,53.38999938964844,53.38999938964844,53.38999938964844,2460000
1960-11-30 00:00:00-05:00,55.540000915527344,55.540000915527344,55.540000915527344,55.540000915527344,3080000
1960-12-31 00:00:00-05:00,58.11000061035156,58.11000061035156,58.11000061035156,58.11000061035156,5300000
1961-01-31 00:00:00-05:00,61.779998779296875,61.779998779296875,61.779998779296875,61.779998779296875,4690000
1961-02-28 00:00:00-05:00,63.439998626708984,63.439998626708984,63.439998626708984,63.439998626708984,5830000
1961-03-31 00:00:00-05:00,65.05999755859375,65.05999755859375,65.05999755859375,65.05999755859375,5610000
1961-04-30 00:00:00-05:00,65.30999755859375,65.30999755859375,65.30999755859375,65.30999755859375,3710000
1961-05-31 00:00:00-04:00,66.55999755859375,66.55999755859375,66.55999755859375,66.55999755859375,4320000
1961-06-30 00:00:00-04:00,64.63999938964844,64.63999938964844,64.63999938964844,64.63999938964844,2380000
1961-07-31 00:00:00-04:00,66.76000213623047,66.76000213623047,66.76000213623047,66.76000213623047,3170000
1961-08-31 00:00:00-04:00,68.06999969482422,68.06999969482422,68.06999969482422,68.06999969482422,2920000
1961-09-30 00:00:00-04:00,66.7300033569336,66.7300033569336,66.7300033569336,66.7300033569336,3060000
1961-10-31 00:00:00-05:00,68.62000274658203,68.62000274658203,68.62000274658203,68.62000274658203,3350000
1961-11-30 00:00:00-05:00,71.31999969482422,71.31999969482422,71.31999969482422,71.31999969482422,4210000
1961-12-31 00:00:00-05:00,71.55000305175781,71.55000305175781,71.55000305175781,71.55000305175781,5370000
1962-01-31 00:00:00-05:00,68.16999816894531,69.08999633789062,68.12000274658203,68.83999633789062,3840000
1962-02-28 00:00:00-05:00,69.88999938964844,70.41999816894531,69.56999969482422,69.95999908447266,3030000
1962-03-31 00:00:00-05:00,70.01000213623047,70.08999633789062,69.16000366210938,69.55000305175781,2950000
1962-04-30 00:00:00-04:00,66.30000305175781,66.9000015258789,64.94999694824219,65.23999786376953,4150000
1962-05-31 00:00:00-04:00,58.79999923706055,60.81999969482422,58.79999923706055,59.630001068115234,10710000
1962-06-30 00:00:00-04:00,54.40999984741211,55.470001220703125,54.20000076293945,54.75,4720000
1962-07-31 00:00:00-04:00,57.83000183105469,58.58000183105469,57.7400016784668,58.22999954223633,4190000
1962-08-31 00:00:00-04:00,58.68000030517578,59.25,58.45000076293945,59.119998931884766,2830000
1962-09-30 00:00:00-04:00,55.77000045776367,56.58000183105469,55.59000015258789,56.27000045776367,2850000
1962-10-31 00:00:00-05:00,56.540000915527344,57.0,56.189998626708984,56.52000045776367,3090000
1962-11-30 00:00:00-05:00,62.40999984741211,62.779998779296875,61.779998779296875,62.2599983215332,4570000
1962-12-31 00:00:00-05:00,62.959999084472656,63.43000030517578,62.68000030517578,63.099998474121094,5420000
1963-01-31 00:00:00-05:00,65.8499984741211,66.44999694824219,65.51000213623047,66.19999694824219,4270000
1963-02-28 00:00:00-05:00,65.01000213623047,65.13999938964844,64.08000183105469,64.29000091552734,4090000
1963-03-31 00:00:00-05:00,66.58000183105469,66.9000015258789,66.2300033569336,66.56999969482422,3390000
1963-04-30 00:00:00-04:00,69.6500015258789,70.18000030517578,69.26000213623047,69.80000305175781,4680000
1963-05-31 00:00:00-04:00,70.33000183105469,71.13999938964844,70.2699966430664,70.80000305175781,4680000
1963-06-30 00:00:00-04:00,69.06999969482422,69.68000030517578,68.93000030517578,69.37000274658203,3020000
1963-07-31 00:00:00-04:00,69.23999786376953,69.83000183105469,68.91000366210938,69.12999725341797,3960000
1963-08-31 00:00:00-04:00,72.16000366210938,72.70999908447266,71.87999725341797,72.5,4560000
1963-09-30 00:00:00-04:00,72.12999725341797,72.37000274658203,71.27999877929688,71.69999694824219,3730000
1963-10-31 00:00:00-05:00,73.80000305175781,74.3499984741211,73.25,74.01000213623047,5030000
1963-11-30 00:00:00-05:00,72.25,73.47000122070312,72.05000305175781,73.2300033569336,4810000
1963-12-31 00:00:00-05:00,74.55999755859375,75.36000061035156,74.4000015258789,75.0199966430664,6730000
1964-01-31 00:00:00-05:00,76.69999694824219,77.37000274658203,76.38999938964844,77.04000091552734,4000000
1964-02-29 00:00:00-05:00,77.62000274658203,78.05999755859375,77.19999694824219,77.80000305175781,4980000
1964-03-31 00:00:00-05:00,79.13999938964844,79.51000213623047,78.56999969482422,78.9800033569336,5270000
1964-04-30 00:00:00-04:00,79.69999694824219,80.08000183105469,79.08000183105469,79.45999908447266,5690000
1964-05-31 00:00:00-04:00,80.26000213623047,80.75,79.87999725341797,80.37000274658203,4560000
1964-06-30 00:00:00-04:00,81.63999938964844,82.06999969482422,81.19000244140625,81.69000244140625,4360000
1964-07-31 00:00:00-04:00,83.08999633789062,83.56999969482422,82.72000122070312,83.18000030517578,4220000
1964-08-31 00:00:00-04:00,81.98999786376953,82.4800033569336,81.45999908447266,81.83000183105469,3340000
1964-09-30 00:00:00-04:00,84.23999786376953,84.66000366210938,83.86000061035156,84.18000030517578,4720000
1964-10-31 00:00:00-05:00,84.7300033569336,85.22000122070312,84.41000366210938,84.86000061035156,4120000
1964-11-30 00:00:00-05:00,85.16000366210938,85.41000366210938,84.0999984741211,84.41999816894531,4890000
1964-12-31 00:00:00-05:00,84.30000305175781,85.18000030517578,84.18000030517578,84.75,6470000
1965-01-31 00:00:00-05:00,87.4800033569336,88.19000244140625,87.18000030517578,87.55999755859375,6940000
1965-02-28 00:00:00-05:00,87.19999694824219,87.83999633789062,86.80999755859375,87.43000030517578,5800000
1965-03-31 00:00:00-05:00,86.19999694824219,86.63999938964844,85.83000183105469,86.16000366210938,4470000
1965-04-30 00:00:00-04:00,88.93000030517578,89.44000244140625,88.5,89.11000061035156,5190000
1965-05-31 00:00:00-04:00,87.83999633789062,88.68000030517578,87.58000183105469,88.41999816894531,4270000
1965-06-30 00:00:00-04:00,82.97000122070312,84.62999725341797,82.97000122070312,84.12000274658203,6930000
1965-07-31 00:00:00-04:00,84.68000030517578,85.63999938964844,84.63999938964844,85.25,5200000
1965-08-31 00:00:00-04:00,87.20999908447266,87.79000091552734,86.77999877929688,87.16999816894531,5170000
1965-09-30 00:00:00-04:00,90.0199966430664,90.70999908447266,89.51000213623047,89.95999908447266,8670000
1965-10-31 00:00:00-04:00,92.20999908447266,92.94000244140625,91.83000183105469,92.41999816894531,7240000
1965-11-30 00:00:00-05:00,91.80000305175781,92.13999938964844,90.80999755859375,91.61000061035156,8990000
1965-12-31 00:00:00-05:00,92.19999694824219,93.05000305175781,91.81999969482422,92.43000030517578,7240000
1966-01-31 00:00:00-05:00,93.30999755859375,93.7699966430664,92.45999908447266,92.87999725341797,7800000
1966-02-28 00:00:00-05:00,91.13999938964844,91.94999694824219,90.6500015258789,91.22000122070312,9910000
1966-03-31 00:00:00-05:00,88.77999877929688,89.69999694824219,88.47000122070312,89.2300033569336,6690000
1966-04-30 00:00:00-04:00,91.12999725341797,91.86000061035156,90.56999969482422,91.05999755859375,7220000
1966-05-31 00:00:00-04:00,87.33000183105469,87.6500015258789,85.80000305175781,86.12999725341797,5770000
1966-06-30 00:00:00-04:00,84.86000061035156,85.37000274658203,83.75,84.73999786376953,7250000
1966-07-31 00:00:00-04:00,83.7699966430664,84.30000305175781,83.0999984741211,83.5999984741211,5150000
1966-08-31 00:00:00-04:00,75.9800033569336,78.05999755859375,75.9800033569336,77.0999984741211,8690000
1966-09-30 00:00:00-04:00,76.30999755859375,77.08999633789062,75.44999694824219,76.55999755859375,6170000
1966-10-31 00:00:00-05:00,80.23999786376953,80.81999969482422,79.33999633789062,80.19999694824219,5860000
1966-11-30 00:00:00-05:00,80.41999816894531,80.9000015258789,79.62000274658203,80.44999694824219,7230000
1966-12-31 00:00:00-05:00,80.37000274658203,81.13999938964844,79.66000366210938,80.33000183105469,11330000
1967-01-31 00:00:00-05:00,86.66000366210938,87.45999908447266,86.05999755859375,86.61000061035156,11540000
1967-02-28 00:00:00-05:00,86.45999908447266,87.26000213623047,85.61000061035156,86.77999877929688,9970000
1967-03-31 00:00:00-05:00,90.69999694824219,91.1500015258789,89.75,90.19999694824219,8130000
1967-04-30 00:00:00-05:00,93.80999755859375,94.7699966430664,93.33000183105469,94.01000213623047,11200000
1967-05-31 00:00:00-04:00,90.38999938964844,90.38999938964844,88.70999908447266,89.08000183105469,8870000
1967-06-30 00:00:00-04:00,90.63999938964844,90.63999938964844,90.63999938964844,90.63999938964844,7850000
1967-07-31 00:00:00-04:00,94.48999786376953,95.51000213623047,94.01000213623047,94.75,10330000
1967-08-31 00:00:00-04:00,93.06999969482422,94.19000244140625,92.83999633789062,93.63999938964844,8840000
1967-09-30 00:00:00-04:00,96.79000091552734,97.37000274658203,96.05999755859375,96.70999908447266,9710000
1967-10-31 00:00:00-05:00,94.79000091552734,95.25,93.29000091552734,93.30000305175781,12020000
1967-11-30 00:00:00-05:00,94.47000122070312,94.94000244140625,93.48999786376953,94.0,8860000
1967-12-31 00:00:00-05:00,95.88999938964844,96.9000015258789,95.8499984741211,96.47000122070312,14950000
1968-01-31 00:00:00-05:00,92.88999938964844,93.26000213623047,91.2699966430664,92.23999786376953,9410000
1968-02-29 00:00:00-05:00,90.08000183105469,90.23999786376953,88.93000030517578,89.36000061035156,7700000
1968-03-31 00:00:00-05:00,89.56999969482422,90.91999816894531,89.20999908447266,90.19999694824219,9000000
1968-04-30 00:00:00-04:00,97.97000122070312,98.16999816894531,96.58000183105469,97.45999908447266,14380000
1968-05-31 00:00:00-04:00,97.91999816894531,99.4000015258789,97.66000366210938,98.68000030517578,13090000
1968-06-30 00:00:00-04:00,99.9800033569336,100.62999725341797,98.91000366210938,99.58000183105469,12040000
1968-07-31 00:00:00-04:00,97.6500015258789,98.62000274658203,96.83999633789062,97.73999786376953,10250000
1968-08-31 00:00:00-04:00,98.73999786376953,99.5199966430664,98.19999694824219,98.86000061035156,8190000
1968-09-30 00:00:00-04:00,102.30999755859375,103.29000091552734,101.70999908447266,102.66999816894531,13610000
1968-10-31 00:00:00-05:00,103.30000305175781,104.56999969482422,102.43000030517578,103.41000366210938,17650000
1968-11-30 00:00:00-05:00,107.76000213623047,109.08999633789062,107.31999969482422,108.37000274658203,14390000
1968-12-31 00:00:00-05:00,103.80000305175781,104.61000061035156,102.9800033569336,103.86000061035156,13130000
1969-01-31 00:00:00-05:00,102.55000305175781,103.63999938964844,102.08000183105469,103.01000213623047,12020000
1969-02-28 00:00:00-05:00,98.13999938964844,99.0199966430664,97.52999877929688,98.12999725341797,8990000
1969-03-31 00:00:00-05:00,101.0999984741211,102.3499984741211,100.7300033569336,101.51000213623047,12430000
1969-04-30 00:00:00-04:00,102.79000091552734,104.55999755859375,102.5,103.69000244140625,19350000
1969-05-31 00:00:00-04:00,103.26000213623047,104.2699966430664,102.76000213623047,103.45999908447266,11770000
1969-06-30 00:00:00-04:00,97.33000183105469,98.63999938964844,96.81999969482422,97.70999908447266,8640000
1969-07-31 00:00:00-04:00,89.95999908447266,92.4000015258789,89.95999908447266,91.83000183105469,14160000
1969-08-31 00:00:00-04:00,94.88999938964844,95.51000213623047,94.45999908447266,95.51000213623047,8850000
1969-09-30 00:00:00-04:00,93.41000366210938,94.05000305175781,92.55000305175781,93.12000274658203,9180000
1969-10-31 00:00:00-05:00,96.93000030517578,98.02999877929688,96.33000183105469,97.12000274658203,13100000
1969-11-30 00:00:00-05:00,93.2699966430664,94.41000366210938,92.87999725341797,93.80999755859375,8550000
1969-12-31 00:00:00-05:00,91.5999984741211,92.94000244140625,91.1500015258789,92.05999755859375,19380000
1970-01-31 00:00:00-05:00,85.69000244140625,86.33000183105469,84.41999816894531,85.0199966430664,12320000
1970-02-28 00:00:00-05:00,88.9000015258789,90.33000183105469,88.41999816894531,89.5,12890000
1970-03-31 00:00:00-05:00,89.62999725341797,90.16999816894531,88.8499984741211,89.62999725341797,8370000
1970-04-30 00:00:00-04:00,81.80999755859375,82.56999969482422,80.76000213623047,81.5199966430664,9880000
1970-05-31 00:00:00-04:00,74.61000061035156,76.91999816894531,73.52999877929688,76.55000305175781,14630000
1970-06-30 00:00:00-04:00,72.88999938964844,73.88999938964844,72.25,72.72000122070312,9280000
1970-07-31 00:00:00-04:00,78.06999969482422,79.02999877929688,77.44000244140625,78.05000305175781,11640000
1970-08-31 00:00:00-04:00,81.86000061035156,82.33000183105469,80.94999694824219,81.5199966430664,10740000
1970-09-30 00:00:00-04:00,83.86000061035156,84.98999786376953,82.77999877929688,84.30000305175781,14830000
1970-10-31 00:00:00-05:00,83.36000061035156,83.80000305175781,82.5199966430664,83.25,10520000
1970-11-30 00:00:00-05:00,85.93000030517578,87.5999984741211,85.79000091552734,87.19999694824219,17700000
1970-12-31 00:00:00-05:00,92.2699966430664,92.79000091552734,91.36000061035156,92.1500015258789,13390000
1971-01-31 00:00:00-05:00,95.20999908447266,96.48999786376953,94.79000091552734,95.87999725341797,20960000
1971-02-28 00:00:00-05:00,96.95999908447266,97.54000091552734,95.83999633789062,96.75,17250000
1971-03-31 00:00:00-05:00,100.26000213623047,101.05000305175781,99.69000244140625,100.30999755859375,17610000
1971-04-30 00:00:00-04:00,104.62999725341797,104.95999908447266,103.25,103.94999694824219,17490000
1971-05-31 00:00:00-04:00,99.4000015258789,100.16999816894531,98.68000030517578,99.62999725341797,11760000
1971-06-30 00:00:00-04:00,98.81999969482422,100.29000091552734,98.68000030517578,98.69999694824219,15410000
1971-07-31 00:00:00-04:00,96.0199966430664,96.77999877929688,95.08000183105469,95.58000183105469,12970000
1971-08-31 00:00:00-04:00,99.5199966430664,99.76000213623047,98.31999969482422,99.02999877929688,10430000
1971-09-30 00:00:00-04:00,97.9000015258789,98.97000122070312,97.4800033569336,98.33999633789062,13490000
1971-10-31 00:00:00-04:00,93.95999908447266,94.70999908447266,93.27999877929688,94.2300033569336,11710000
1971-11-30 00:00:00-05:00,93.41000366210938,94.43000030517578,92.51000213623047,93.98999786376953,18320000
1971-12-31 00:00:00-05:00,102.08999633789062,102.08999633789062,102.08999633789062,102.08999633789062,14040000
1972-01-31 00:00:00-05:00,104.16000366210938,104.87999725341797,103.30000305175781,103.94000244140625,18250000
1972-02-29 00:00:00-05:00,106.19000244140625,107.16000366210938,105.44999694824219,106.56999969482422,20320000
1972-03-31 00:00:00-05:00,106.48999786376953,107.66999816894531,106.06999969482422,107.19999694824219,14360000
1972-04-30 00:00:00-05:00,107.05000305175781,108.27999877929688,106.69999694824219,107.66999816894531,14160000
1972-05-31 00:00:00-04:00,110.3499984741211,110.5199966430664,108.91999816894531,109.52999877929688,15230000
1972-06-30 00:00:00-04:00,106.81999969482422,107.91000366210938,106.4000015258789,107.13999938964844,12860000
1972-07-31 00:00:00-04:00,107.37999725341797,108.05999755859375,106.5999984741211,107.38999938964844,11120000
1972-08-31 00:00:00-04:00,110.56999969482422,111.5199966430664,110.08000183105469,111.08999633789062,12340000
1972-09-30 00:00:00-04:00,110.3499984741211,110.55000305175781,108.05000305175781,110.55000305175781,16250000
1972-10-31 00:00:00-05:00,110.58999633789062,112.05000305175781,110.4000015258789,111.58000183105469,15450000
1972-11-30 00:00:00-05:00,116.5199966430664,117.38999938964844,115.73999786376953,116.66999816894531,19340000
1972-12-31 00:00:00-05:00,116.93000030517578,118.7699966430664,116.69999694824219,118.05000305175781,27550000
1973-01-31 00:00:00-05:00,115.83000183105469,116.83999633789062,115.05000305175781,116.02999877929688,14870000
1973-02-28 00:00:00-05:00,110.9000015258789,112.20999908447266,109.80000305175781,111.68000030517578,17950000
1973-03-31 00:00:00-05:00,112.70999908447266,112.87000274658203,110.88999938964844,111.5199966430664,13740000
1973-04-30 00:00:00-04:00,107.2300033569336,107.9000015258789,105.44000244140625,106.97000122070312,14820000
1973-05-31 00:00:00-04:00,105.91000366210938,106.30000305175781,104.3499984741211,104.94999694824219,12190000
1973-06-30 00:00:00-04:00,104.69000244140625,105.30000305175781,103.68000030517578,104.26000213623047,10770000
1973-07-31 00:00:00-04:00,109.25,110.08999633789062,107.88999938964844,108.22000122070312,13530000
1973-08-31 00:00:00-04:00,103.87999725341797,104.72000122070312,103.1500015258789,104.25,10530000
1973-09-30 00:00:00-04:00,109.08000183105469,109.41999816894531,107.4800033569336,108.43000030517578,16300000
1973-10-31 00:00:00-05:00,109.33000183105469,109.81999969482422,107.63999938964844,108.29000091552734,17890000
1973-11-30 00:00:00-05:00,97.30999755859375,97.55000305175781,95.4000015258789,95.95999908447266,15380000
1973-12-31 00:00:00-05:00,97.54000091552734,98.30000305175781,95.94999694824219,97.55000305175781,23470000
1974-01-31 00:00:00-04:00,97.05999755859375,98.05999755859375,96.11000061035156,96.56999969482422,14020000
1974-02-28 00:00:00-04:00,96.4000015258789,96.9800033569336,95.19999694824219,96.22000122070312,13680000
1974-03-31 00:00:00-04:00,94.81999969482422,95.12000274658203,93.44000244140625,93.9800033569336,12150000
1974-04-30 00:00:00-04:00,90.0,91.08999633789062,89.37999725341797,90.30999755859375,10980000
1974-05-31 00:00:00-04:00,87.43000030517578,88.0199966430664,86.19000244140625,87.27999877929688,10810000
1974-06-30 00:00:00-04:00,86.30999755859375,86.77999877929688,85.12999725341797,86.0,12010000
1974-07-31 00:00:00-04:00,80.5,80.81999969482422,78.95999908447266,79.30999755859375,10960000
1974-08-31 00:00:00-04:00,70.22000122070312,72.68000030517578,70.22000122070312,72.1500015258789,16230000
1974-09-30 00:00:00-04:00,64.8499984741211,64.8499984741211,62.52000045776367,63.540000915527344,15000000
1974-10-31 00:00:00-05:00,74.30999755859375,75.9000015258789,73.1500015258789,73.9000015258789,18840000
1974-11-30 00:00:00-05:00,69.94000244140625,70.48999786376953,69.18000030517578,69.97000122070312,7400000
1974-12-31 00:00:00-05:00,67.16000366210938,69.04000091552734,67.1500015258789,68.55999755859375,20970000
1975-01-31 00:00:00-05:00,76.20999908447266,77.72000122070312,75.41000366210938,76.9800033569336,24640000
1975-02-28 00:00:00-04:00,80.7699966430664,82.0199966430664,80.06999969482422,81.58999633789062,17560000
1975-03-31 00:00:00-04:00,83.8499984741211,84.62000274658203,82.83999633789062,83.36000061035156,16270000
1975-04-30 00:00:00-04:00,85.63999938964844,87.61000061035156,85.0,87.30000305175781,18060000
1975-05-31 00:00:00-04:00,89.87000274658203,91.62000274658203,89.87000274658203,91.1500015258789,22670000
1975-06-30 00:00:00-04:00,94.80999755859375,95.8499984741211,94.30000305175781,95.19000244140625,19430000
1975-07-31 00:00:00-04:00,88.83000183105469,90.06999969482422,88.30999755859375,88.75,14540000
1975-08-31 00:00:00-04:00,86.4000015258789,87.7300033569336,86.0999984741211,86.87999725341797,15480000
1975-09-30 00:00:00-04:00,85.01000213623047,85.01000213623047,83.44000244140625,83.87000274658203,12520000
1975-10-31 00:00:00-05:00,89.30999755859375,89.80000305175781,88.3499984741211,89.04000091552734,12910000
1975-11-30 00:00:00-05:00,90.94000244140625,91.73999786376953,90.44000244140625,91.23999786376953,12870000
1975-12-31 00:00:00-05:00,89.7699966430664,90.75,89.16999816894531,90.19000244140625,16970000
1976-01-31 00:00:00-05:00,100.11000061035156,101.98999786376953,99.94000244140625,100.86000061035156,38510000
1976-02-29 00:00:00-05:00,100.11000061035156,100.52999877929688,98.5999984741211,99.70999908447266,26940000
1976-03-31 00:00:00-05:00,102.01000213623047,103.08000183105469,101.5999984741211,102.7699966430664,17520000
1976-04-30 00:00:00-04:00,102.12999725341797,102.6500015258789,101.16000366210938,101.63999938964844,14530000
1976-05-31 00:00:00-04:00,99.37999725341797,100.63999938964844,99.0,100.18000030517578,16860000
1976-06-30 00:00:00-04:00,103.86000061035156,105.06999969482422,103.5199966430664,104.27999877929688,23830000
1976-07-31 00:00:00-04:00,102.93000030517578,103.87999725341797,102.47000122070312,103.44000244140625,14830000
1976-08-31 00:00:00-04:00,102.06999969482422,103.37999725341797,101.94000244140625,102.91000366210938,15480000
1976-09-30 00:00:00-04:00,105.37000274658203,105.83999633789062,104.56999969482422,105.23999786376953,14700000
1976-10-31 00:00:00-04:00,101.61000061035156,103.0999984741211,101.1500015258789,102.9000015258789,17030000
1976-11-30 00:00:00-05:00,102.44000244140625,102.72000122070312,101.45999908447266,102.0999984741211,17030000
1976-12-31 00:00:00-05:00,106.87999725341797,107.81999969482422,106.55000305175781,107.45999908447266,19170000
1977-01-31 00:00:00-05:00,101.93000030517578,102.44000244140625,100.91000366210938,102.02999877929688,22920000
1977-02-28 00:00:00-05:00,99.4800033569336,100.05999755859375,98.91000366210938,99.81999969482422,16220000
1977-03-31 00:00:00-05:00,98.54000091552734,99.13999938964844,97.80000305175781,98.41999816894531,16510000
1977-04-30 00:00:00-04:00,98.19999694824219,98.87000274658203,97.58000183105469,98.44000244140625,18330000
1977-05-31 00:00:00-04:00,96.2699966430664,96.75,95.5199966430664,96.12000274658203,17800000
1977-06-30 00:00:00-04:00,100.11000061035156,100.87999725341797,99.68000030517578,100.4800033569336,19410000
1977-07-31 00:00:00-04:00,98.79000091552734,99.20999908447266,97.70999908447266,98.8499984741211,20350000
1977-08-31 00:00:00-04:00,96.37999725341797,97.0,95.58999633789062,96.7699966430664,19080000
1977-09-30 00:00:00-04:00,95.8499984741211,96.8499984741211,95.66000366210938,96.52999877929688,21170000
1977-10-31 00:00:00-05:00,92.61000061035156,93.02999877929688,91.8499984741211,92.33999633789062,17070000
1977-11-30 00:00:00-05:00,94.55000305175781,95.16999816894531,93.77999877929688,94.83000183105469,22670000
1977-12-31 00:00:00-05:00,94.94000244140625,95.66999816894531,94.44000244140625,95.0999984741211,23560000
1978-01-31 00:00:00-05:00,89.33999633789062,89.91999816894531,88.61000061035156,89.25,19870000
1978-02-28 00:00:00-05:00,87.72000122070312,87.76000213623047,86.58000183105469,87.04000091552734,19750000
1978-03-31 00:00:00-05:00,89.41000366210938,89.63999938964844,88.68000030517578,89.20999908447266,20130000
1978-04-30 00:00:00-05:00,95.86000061035156,97.0999984741211,95.23999786376953,96.83000183105469,32850000
1978-05-31 00:00:00-04:00,96.86000061035156,97.97000122070312,96.5,97.23999786376953,29070000
1978-06-30 00:00:00-04:00,95.56999969482422,95.95999908447266,94.87000274658203,95.52999877929688,18100000
1978-07-31 00:00:00-04:00,100.0,101.18000030517578,99.37000274658203,100.68000030517578,33990000
1978-08-31 00:00:00-04:00,103.5,104.05000305175781,102.62999725341797,103.29000091552734,33850000
1978-09-30 00:00:00-04:00,101.95999908447266,103.08000183105469,101.6500015258789,102.54000091552734,23610000
1978-10-31 00:00:00-05:00,95.05999755859375,95.80000305175781,92.72000122070312,93.1500015258789,42720000
1978-11-30 00:00:00-05:00,93.75,94.94000244140625,93.29000091552734,94.69999694824219,19900000
1978-12-31 00:00:00-05:00,96.27999877929688,97.02999877929688,95.4800033569336,96.11000061035156,30030000
1979-01-31 00:00:00-05:00,101.05000305175781,101.41000366210938,99.47000122070312,99.93000030517578,30330000
1979-02-28 00:00:00-05:00,96.12999725341797,96.69000244140625,95.37999725341797,96.27999877929688,25090000
1979-03-31 00:00:00-05:00,102.02999877929688,102.51000213623047,101.02999877929688,101.58999633789062,29970000
1979-04-30 00:00:00-04:00,101.80000305175781,102.23999786376953,100.91000366210938,101.76000213623047,26440000
1979-05-31 00:00:00-04:00,99.11000061035156,99.61000061035156,98.29000091552734,99.08000183105469,30300000
1979-06-30 00:00:00-04:00,102.80000305175781,103.66999816894531,102.04000091552734,102.91000366210938,34690000
1979-07-31 00:00:00-04:00,103.1500015258789,104.26000213623047,102.88999938964844,103.80999755859375,34360000
1979-08-31 00:00:00-04:00,109.0199966430664,109.80000305175781,108.58000183105469,109.31999969482422,26370000
1979-09-30 00:00:00-04:00,110.20999908447266,110.66999816894531,108.69999694824219,109.31999969482422,35950000
1979-10-31 00:00:00-05:00,102.66999816894531,103.16000366210938,101.37999725341797,101.81999969482422,27780000
1979-11-30 00:00:00-05:00,106.80999755859375,107.16000366210938,105.55999755859375,106.16000366210938,30480000
1979-12-31 00:00:00-05:00,107.83999633789062,108.52999877929688,107.26000213623047,107.94000244140625,31530000
1980-01-31 00:00:00-05:00,115.19999694824219,117.16999816894531,113.77999877929688,114.16000366210938,65900000
1980-02-29 00:00:00-05:00,112.3499984741211,114.12000274658203,111.7699966430664,113.66000366210938,38810000
1980-03-31 00:00:00-05:00,100.68000030517578,102.6500015258789,100.0199966430664,102.08999633789062,35840000
1980-04-30 00:00:00-04:00,105.86000061035156,106.72000122070312,104.5,106.29000091552734,30850000
1980-05-31 00:00:00-04:00,110.2699966430664,111.55000305175781,108.87000274658203,111.23999786376953,34820000
1980-06-30 00:00:00-04:00,116.0,116.04000091552734,113.55000305175781,114.23999786376953,29910000
1980-07-31 00:00:00-04:00,122.2300033569336,122.33999633789062,119.4000015258789,121.66999816894531,54610000
1980-08-31 00:00:00-04:00,122.08000183105469,123.01000213623047,121.05999755859375,122.37999725341797,33510000
1980-09-30 00:00:00-04:00,123.54000091552734,126.08999633789062,123.54000091552734,125.45999908447266,40290000
1980-10-31 00:00:00-05:00,126.29000091552734,128.24000549316406,125.29000091552734,127.47000122070312,40110000
1980-11-30 00:00:00-05:00,140.1699981689453,141.5399932861328,139.0,140.52000427246094,34240000
1980-12-31 00:00:00-05:00,135.3300018310547,136.75999450683594,134.2899932861328,135.75999450683594,41210000
1981-01-31 00:00:00-05:00,130.24000549316406,131.64999389648438,128.61000061035156,129.5500030517578,41160000
1981-02-28 00:00:00-05:00,130.10000610351562,132.02000427246094,129.35000610351562,131.27000427246094,53210000
1981-03-31 00:00:00-05:00,134.67999267578125,137.14999389648438,134.67999267578125,136.0,50980000
1981-04-30 00:00:00-04:00,133.0500030517578,134.44000244140625,131.85000610351562,132.80999755859375,47970000
1981-05-31 00:00:00-04:00,133.4499969482422,134.36000061035156,131.52000427246094,132.58999633789062,51580000
1981-06-30 00:00:00-04:00,131.88999938964844,132.6699981689453,130.30999755859375,131.2100067138672,41550000
1981-07-31 00:00:00-04:00,130.00999450683594,131.77999877929688,129.60000610351562,130.9199981689453,43480000
1981-08-31 00:00:00-04:00,124.08000183105469,125.58000183105469,122.29000091552734,122.79000091552734,40360000
1981-09-30 00:00:00-04:00,115.94000244140625,117.05000305175781,114.5999984741211,116.18000030517578,40700000
1981-10-31 00:00:00-05:00,119.05999755859375,122.52999877929688,118.43000030517578,121.88999938964844,59570000
1981-11-30 00:00:00-05:00,125.08999633789062,126.97000122070312,124.18000030517578,126.3499984741211,47580000
1981-12-31 00:00:00-05:00,122.30000305175781,123.41999816894531,121.56999969482422,122.55000305175781,40780000
1982-01-31 00:00:00-05:00,118.91999816894531,121.37999725341797,118.63999938964844,120.4000015258789,73400000
1982-02-28 00:00:00-05:00,113.20999908447266,114.01000213623047,112.04000091552734,113.11000061035156,43840000
1982-03-31 00:00:00-05:00,112.2699966430664,113.16999816894531,111.31999969482422,111.95999908447266,43300000
1982-04-30 00:00:00-04:00,116.20999908447266,116.77999877929688,116.06999969482422,116.44000244140625,48200000
1982-05-31 00:00:00-04:00,112.79000091552734,112.80000305175781,111.66000366210938,111.87999725341797,43900000
1982-06-30 00:00:00-04:00,110.94999694824219,111.0,109.5,109.61000061035156,65280000
1982-07-31 00:00:00-04:00,107.3499984741211,107.94999694824219,107.01000213623047,107.08999633789062,39270000
1982-08-31 00:00:00-04:00,117.6500015258789,119.5999984741211,117.6500015258789,119.51000213623047,86360000
1982-09-30 00:00:00-04:00,121.62000274658203,121.62000274658203,120.13999938964844,120.41999816894531,62610000
1982-10-31 00:00:00-04:00,133.5399932861328,134.02000427246094,132.63999938964844,133.72000122070312,74830000
1982-11-30 00:00:00-05:00,134.1999969482422,138.52999877929688,134.19000244140625,138.52999877929688,93470000
1982-12-31 00:00:00-05:00,140.33999633789062,140.77999877929688,140.27000427246094,140.63999938964844,42110000
1983-01-31 00:00:00-05:00,144.50999450683594,145.3000030517578,143.92999267578125,145.3000030517578,67140000
1983-02-28 00:00:00-05:00,149.74000549316406,149.74000549316406,147.80999755859375,148.05999755859375,83750000
1983-03-31 00:00:00-05:00,153.41000366210938,155.02000427246094,152.86000061035156,152.9600067138672,100570000
1983-04-30 00:00:00-04:00,162.97000122070312,164.42999267578125,162.72000122070312,164.42999267578125,105750000
1983-05-31 00:00:00-04:00,164.44000244140625,164.44000244140625,162.1199951171875,162.38999938964844,73910000
1983-06-30 00:00:00-04:00,167.63999938964844,167.63999938964844,167.63999938964844,167.63999938964844,76310000
1983-07-31 00:00:00-04:00,165.02999877929688,165.02999877929688,161.5,162.55999755859375,95240000
1983-08-31 00:00:00-04:00,162.5500030517578,164.39999389648438,162.32000732421875,164.39999389648438,80800000
1983-09-30 00:00:00-04:00,167.22999572753906,167.22999572753906,165.6300048828125,166.07000732421875,70860000
1983-10-31 00:00:00-05:00,163.3699951171875,164.5800018310547,162.86000061035156,163.5500030517578,79460000
1983-11-30 00:00:00-05:00,167.91000366210938,168.07000732421875,166.3300018310547,166.39999389648438,120130000
1983-12-31 00:00:00-05:00,164.86000061035156,165.0500030517578,164.5800018310547,164.92999267578125,71840000
1984-01-31 00:00:00-05:00,162.8699951171875,163.60000610351562,162.02999877929688,163.41000366210938,113510000
1984-02-29 00:00:00-05:00,156.82000732421875,158.27000427246094,156.41000366210938,157.05999755859375,92810000
1984-03-31 00:00:00-05:00,159.52000427246094,159.52000427246094,158.9199981689453,159.17999267578125,71590000
1984-04-30 00:00:00-04:00,159.88999938964844,160.42999267578125,159.3000030517578,160.0500030517578,72740000
1984-05-31 00:00:00-04:00,150.35000610351562,150.69000244140625,149.75999450683594,150.5500030517578,81890000
1984-06-30 00:00:00-04:00,152.83999633789062,154.0800018310547,152.82000732421875,153.17999267578125,90770000
1984-07-31 00:00:00-04:00,150.19000244140625,150.77000427246094,149.64999389648438,150.66000366210938,86910000
1984-08-31 00:00:00-04:00,166.60000610351562,166.67999267578125,165.77999877929688,166.67999267578125,57460000
1984-09-30 00:00:00-04:00,166.9600067138672,166.9600067138672,165.77000427246094,166.10000610351562,78950000
1984-10-31 00:00:00-05:00,166.74000549316406,166.9499969482422,165.99000549316406,166.08999633789062,91890000
1984-11-30 00:00:00-05:00,163.91000366210938,163.91000366210938,162.99000549316406,163.5800018310547,77580000
1984-12-31 00:00:00-05:00,166.25999450683594,167.33999633789062,166.05999755859375,167.24000549316406,80260000
1985-01-31 00:00:00-05:00,179.38999938964844,179.8300018310547,178.55999755859375,179.6300048828125,132500000
1985-02-28 00:00:00-05:00,180.7100067138672,181.2100067138672,180.3300018310547,181.17999267578125,100700000
1985-03-31 00:00:00-05:00,179.5399932861328,180.66000366210938,179.5399932861328,180.66000366210938,101400000
1985-04-30 00:00:00-04:00,180.6300048828125,180.6300048828125,178.86000061035156,179.8300018310547,111800000
1985-05-31 00:00:00-04:00,187.75,189.58999633789062,187.4499969482422,189.5500030517578,134100000
1985-06-30 00:00:00-04:00,191.22999572753906,191.85000610351562,191.0399932861328,191.85000610351562,105200000
1985-07-31 00:00:00-04:00,189.92999267578125,191.3300018310547,189.92999267578125,190.9199981689453,124200000
1985-08-31 00:00:00-04:00,188.92999267578125,189.1300048828125,188.0,188.6300048828125,81620000
1985-09-30 00:00:00-04:00,181.3000030517578,182.0800018310547,181.22000122070312,182.0800018310547,103600000
1985-10-31 00:00:00-05:00,190.07000732421875,190.14999389648438,189.35000610351562,189.82000732421875,121500000
1985-11-30 00:00:00-05:00,202.5399932861328,203.39999389648438,201.9199981689453,202.1699981689453,84060000
1985-12-31 00:00:00-05:00,210.67999267578125,211.61000061035156,210.67999267578125,211.27999877929688,112700000
1986-01-31 00:00:00-05:00,209.3300018310547,212.4199981689453,209.19000244140625,211.77999877929688,143500000
1986-02-28 00:00:00-05:00,226.77000427246094,227.9199981689453,225.4199981689453,226.9199981689453,191700000
1986-03-31 00:00:00-05:00,238.97000122070312,239.86000061035156,238.0800018310547,238.89999389648438,134400000
1986-04-30 00:00:00-04:00,240.52000427246094,240.52000427246094,235.25999450683594,235.52000427246094,147500000
1986-05-31 00:00:00-04:00,247.97999572753906,249.19000244140625,246.42999267578125,247.35000610351562,151200000
1986-06-30 00:00:00-04:00,249.60000610351562,251.80999755859375,249.60000610351562,250.83999633789062,135100000
1986-07-31 00:00:00-04:00,236.58999633789062,236.9199981689453,235.88999938964844,236.1199951171875,112700000
1986-08-31 00:00:00-04:00,252.83999633789062,254.07000732421875,251.72999572753906,252.92999267578125,125300000
1986-09-30 00:00:00-04:00,229.91000366210938,233.00999450683594,229.91000366210938,231.32000732421875,124900000
1986-10-31 00:00:00-05:00,243.6999969482422,244.50999450683594,242.9499969482422,243.97999572753906,147200000
1986-11-30 00:00:00-05:00,248.82000732421875,249.22000122070312,248.07000732421875,249.22000122070312,93530000
1986-12-31 00:00:00-05:00,243.3699951171875,244.02999877929688,241.27999877929688,242.1699981689453,139200000
1987-01-31 00:00:00-05:00,274.239990234375,274.239990234375,271.3800048828125,274.0799865722656,163400000
1987-02-28 00:00:00-05:00,282.9599914550781,284.54998779296875,282.7699890136719,284.20001220703125,142800000
1987-03-31 00:00:00-05:00,289.2099914550781,291.8699951171875,289.07000732421875,291.70001220703125,171800000
1987-04-30 00:00:00-04:00,284.5799865722656,290.0799865722656,284.57000732421875,288.3599853515625,183100000
1987-05-31 00:00:00-04:00,290.7699890136719,292.8699951171875,289.70001220703125,290.1000061035156,153500000
1987-06-30 00:00:00-04:00,307.8900146484375,308.0,303.010009765625,304.0,165500000
1987-07-31 00:00:00-04:00,318.04998779296875,318.8500061035156,317.55999755859375,318.6600036621094,181900000
1987-08-31 00:00:00-04:00,327.0299987792969,330.0899963378906,326.989990234375,329.79998779296875,165800000
1987-09-30 00:00:00-04:00,321.69000244140625,322.5299987792969,320.1600036621094,321.8299865722656,183100000
1987-10-31 00:00:00-05:00,244.77000427246094,254.0399932861328,244.77000427246094,251.7899932861328,303400000
1987-11-30 00:00:00-05:00,240.27000427246094,240.33999633789062,225.75,230.3000030517578,268910000
1987-12-31 00:00:00-05:00,247.83999633789062,247.86000061035156,245.22000122070312,247.0800018310547,170140000
1988-01-31 00:00:00-05:00,253.30999755859375,257.07000732421875,252.6999969482422,257.07000732421875,211880000
1988-02-29 00:00:00-05:00,262.4599914550781,267.82000732421875,262.4599914550781,267.82000732421875,236050000
1988-03-31 00:00:00-05:00,258.0299987792969,259.0299987792969,256.1600036621094,258.8900146484375,139870000
1988-04-30 00:00:00-04:00,262.5899963378906,262.6099853515625,259.9700012207031,261.3299865722656,135620000
1988-05-31 00:00:00-04:00,253.44000244140625,262.1600036621094,253.4199981689453,262.1600036621094,247610000
1988-06-30 00:00:00-04:00,271.0,273.510009765625,270.9700012207031,273.5,227410000
1988-07-31 00:00:00-04:00,266.0400085449219,272.0199890136719,266.0199890136719,272.0199890136719,192340000
1988-08-31 00:00:00-04:00,262.510009765625,263.79998779296875,261.2099914550781,261.5199890136719,130480000
1988-09-30 00:00:00-04:00,272.54998779296875,274.8699951171875,271.6600036621094,271.9100036621094,175750000
1988-10-31 00:00:00-05:00,278.5400085449219,279.3900146484375,277.1400146484375,278.9700012207031,143460000
1988-11-30 00:00:00-05:00,270.9100036621094,274.3599853515625,270.8999938964844,273.70001220703125,157810000
1988-12-31 00:00:00-05:00,279.3900146484375,279.7799987792969,277.7200012207031,277.7200012207031,127210000
1989-01-31 00:00:00-05:00,294.989990234375,297.510009765625,293.57000732421875,297.4700012207031,194050000
1989-02-28 00:00:00-05:00,287.82000732421875,289.4200134277344,287.6300048828125,288.8599853515625,147430000
1989-03-31 00:00:00-05:00,292.5199890136719,294.9599914550781,292.5199890136719,294.8699951171875,170960000
1989-04-30 00:00:00-04:00,309.5799865722656,309.6499938964844,308.4800109863281,309.6400146484375,158390000
1989-05-31 00:00:00-04:00,319.04998779296875,321.29998779296875,318.67999267578125,320.5199890136719,162530000
1989-06-30 00:00:00-04:00,319.6700134277344,319.9700012207031,314.3800048828125,317.9800109863281,170490000
1989-07-31 00:00:00-04:00,342.1300048828125,346.0799865722656,342.0199890136719,346.0799865722656,166650000
1989-08-31 00:00:00-04:00,350.6499938964844,351.45001220703125,350.2099914550781,351.45001220703125,144820000
1989-09-30 00:00:00-04:00,348.6000061035156,350.30999755859375,348.1199951171875,349.1499938964844,155300000
1989-10-31 00:00:00-05:00,335.0799865722656,340.8599853515625,335.07000732421875,340.3599853515625,176100000
1989-11-30 00:00:00-05:00,343.6000061035156,346.5,343.57000732421875,345.989990234375,153200000
1989-12-31 00:00:00-05:00,350.67999267578125,353.4100036621094,350.6700134277344,353.3999938964844,145940000
1990-01-31 00:00:00-05:00,322.9800109863281,329.0799865722656,322.9800109863281,329.0799865722656,189660000
1990-02-28 00:00:00-05:00,330.260009765625,333.4800109863281,330.1600036621094,331.8900146484375,184400000
1990-03-31 00:00:00-05:00,340.7900085449219,341.4100036621094,338.2099914550781,339.94000244140625,139340000
1990-04-30 00:00:00-04:00,329.1099853515625,331.30999755859375,327.760009765625,330.79998779296875,122750000
1990-05-31 00:00:00-04:00,360.8599853515625,361.8399963378906,360.2300109863281,361.2300109863281,165690000
1990-06-30 00:00:00-04:00,357.6400146484375,359.0899963378906,357.29998779296875,358.0199890136719,145510000
1990-07-31 00:00:00-04:00,355.54998779296875,357.5400085449219,353.9100036621094,356.1499938964844,175380000
1990-08-31 00:00:00-04:00,318.7099914550781,322.57000732421875,316.5899963378906,322.55999755859375,96480000
1990-09-30 00:00:00-04:00,300.9700012207031,306.04998779296875,295.9800109863281,306.04998779296875,201010000
1990-10-31 00:00:00-05:00,304.05999755859375,305.70001220703125,302.3299865722656,304.0,156060000
1990-11-30 00:00:00-05:00,316.4200134277344,323.0199890136719,315.4200134277344,322.2200012207031,192350000
1990-12-31 00:00:00-05:00,328.7099914550781,330.2300109863281,327.5,330.2200012207031,114130000
1991-01-31 00:00:00-05:00,340.9200134277344,343.92999267578125,340.4700012207031,343.92999267578125,204520000
1991-02-28 00:00:00-05:00,367.7300109863281,369.9100036621094,365.95001220703125,367.07000732421875,223010000
1991-03-31 00:00:00-05:00,375.3500061035156,376.6000061035156,374.3999938964844,375.2200012207031,150750000
1991-04-30 00:00:00-04:00,373.6600036621094,377.8599853515625,373.010009765625,375.3399963378906,206230000
1991-05-31 00:00:00-04:00,386.9599914550781,389.8500061035156,385.010009765625,389.8299865722656,232040000
1991-06-30 00:00:00-04:00,374.3999938964844,374.3999938964844,367.9800109863281,371.1600036621094,163770000
1991-07-31 00:00:00-04:00,386.69000244140625,387.80999755859375,386.19000244140625,387.80999755859375,166830000
1991-08-31 00:00:00-04:00,396.4700012207031,396.4700012207031,393.6000061035156,395.42999267578125,143440000
1991-09-30 00:00:00-04:00,385.9100036621094,388.2900085449219,384.32000732421875,387.8599853515625,146780000
1991-10-31 00:00:00-05:00,392.9599914550781,392.9599914550781,391.5799865722656,392.45001220703125,179680000
1991-11-30 00:00:00-05:00,376.54998779296875,376.54998779296875,374.6499938964844,375.2200012207031,76830000
1991-12-31 00:00:00-05:00,415.1400146484375,418.32000732421875,412.7300109863281,417.0899963378906,247080000
1992-01-31 00:00:00-05:00,411.6499938964844,412.6300048828125,408.6400146484375,408.7799987792969,197620000
1992-02-29 00:00:00-05:00,413.8599853515625,416.07000732421875,411.79998779296875,412.70001220703125,202320000
1992-03-31 00:00:00-05:00,403.0,405.2099914550781,402.2200012207031,403.69000244140625,182360000
1992-04-30 00:00:00-04:00,412.0199890136719,414.95001220703125,412.0199890136719,414.95001220703125,223590000
1992-05-31 00:00:00-04:00,416.739990234375,418.3599853515625,415.3500061035156,415.3500061035156,204010000
1992-06-30 00:00:00-04:00,408.94000244140625,409.6300048828125,407.8500061035156,408.1400146484375,195530000
1992-07-31 00:00:00-04:00,423.9200134277344,424.79998779296875,422.4599914550781,424.2099914550781,172920000
1992-08-31 00:00:00-04:00,414.8699951171875,415.2900085449219,413.760009765625,414.0299987792969,161480000
1992-09-30 00:00:00-04:00,416.7900085449219,418.5799865722656,416.6700134277344,417.79998779296875,184470000
1992-10-31 00:00:00-05:00,420.8599853515625,421.1300048828125,418.5400085449219,418.67999267578125,201930000
1992-11-30 00:00:00-05:00,430.19000244140625,431.5299987792969,429.3599853515625,431.3500061035156,230150000
1992-12-31 00:00:00-05:00,438.82000732421875,439.5899963378906,435.7099914550781,435.7099914550781,165910000
1993-01-31 00:00:00-05:00,438.6700134277344,438.92999267578125,436.9100036621094,438.7799987792969,247200000
1993-02-28 00:00:00-05:00,442.3399963378906,443.7699890136719,440.9800109863281,443.3800048828125,234160000
1993-03-31 00:00:00-05:00,451.9700012207031,454.8800048828125,451.6700134277344,451.6700134277344,279190000
1993-04-30 00:00:00-04:00,438.8900146484375,442.2900085449219,438.8900146484375,440.19000244140625,247460000
1993-05-31 00:00:00-04:00,452.4100036621094,452.4100036621094,447.6700134277344,450.19000244140625,207820000
1993-06-30 00:00:00-04:00,450.69000244140625,451.4700012207031,450.1499938964844,450.5299987792969,281120000
1993-07-31 00:00:00-04:00,450.19000244140625,450.2200012207031,446.9800109863281,448.1300048828125,254420000
1993-08-31 00:00:00-04:00,461.8999938964844,463.55999755859375,461.2900085449219,463.55999755859375,252830000
1993-09-30 00:00:00-04:00,460.1099853515625,460.55999755859375,458.2799987792969,458.92999267578125,280980000
1993-10-31 00:00:00-04:00,467.7200012207031,468.20001220703125,467.3699951171875,467.8299865722656,270570000
1993-11-30 00:00:00-05:00,461.8999938964844,463.6199951171875,460.45001220703125,461.7900085449219,286660000
1993-12-31 00:00:00-05:00,468.6600036621094,470.75,466.45001220703125,466.45001220703125,168590000
1994-01-31 00:00:00-05:00,478.70001220703125,482.8500061035156,478.70001220703125,481.6099853515625,322870000
1994-02-28 00:00:00-05:00,466.07000732421875,469.1600036621094,466.07000732421875,467.1400146484375,268690000
1994-03-31 00:00:00-05:00,445.54998779296875,447.1600036621094,436.1600036621094,445.7699890136719,403580000
1994-04-30 00:00:00-04:00,449.07000732421875,451.3500061035156,447.9100036621094,450.9100036621094,293970000
1994-05-31 00:00:00-04:00,457.32000732421875,457.6099853515625,455.1600036621094,456.5,216700000
1994-06-30 00:00:00-04:00,447.6300048828125,448.6099853515625,443.6600036621094,444.2699890136719,293410000
1994-07-31 00:00:00-04:00,454.25,459.3299865722656,454.25,458.260009765625,269560000
1994-08-31 00:00:00-04:00,476.07000732421875,477.5899963378906,474.42999267578125,475.489990234375,354650000
1994-09-30 00:00:00-04:00,462.2699890136719,465.29998779296875,461.9100036621094,462.7099914550781,291900000
1994-10-31 00:00:00-05:00,473.760009765625,474.739990234375,472.3299865722656,472.3500061035156,302820000
1994-11-30 00:00:00-05:00,455.1700134277344,457.1300048828125,453.2699890136719,453.69000244140625,298650000
1994-12-31 00:00:00-05:00,461.1700134277344,462.1199951171875,459.239990234375,459.2699890136719,256260000
1995-01-31 00:00:00-05:00,468.510009765625,471.0299987792969,468.17999267578125,470.4200134277344,411590000
1995-02-28 00:00:00-05:00,483.80999755859375,487.44000244140625,483.7699890136719,487.3900146484375,317220000
1995-03-31 00:00:00-05:00,501.94000244140625,502.2200012207031,495.70001220703125,500.7099914550781,353060000
1995-04-30 00:00:00-04:00,513.6400146484375,515.2899780273438,510.8999938964844,514.7100219726562,320440000
1995-05-31 00:00:00-04:00,523.7000122070312,533.4099731445312,522.1699829101562,533.4000244140625,358180000
1995-06-30 00:00:00-04:00,543.8699951171875,546.8200073242188,543.510009765625,544.75,311650000
1995-07-31 00:00:00-04:00,562.9299926757812,563.489990234375,560.0599975585938,562.0599975585938,291950000
1995-08-31 00:00:00-04:00,561.0900268554688,562.3599853515625,560.489990234375,561.8800048828125,300920000
1995-09-30 00:00:00-04:00,585.8699951171875,587.6099853515625,584.0,584.4099731445312,335250000
1995-10-31 00:00:00-05:00,583.25,586.7100219726562,581.5,581.5,377390000
1995-11-30 00:00:00-05:00,607.6400146484375,608.6900024414062,605.3699951171875,605.3699951171875,440050000
1995-12-31 00:00:00-05:00,614.1199951171875,615.9299926757812,612.3599853515625,615.9299926757812,321250000
1996-01-31 00:00:00-05:00,630.1500244140625,636.1799926757812,629.47998046875,636.02001953125,472210000
1996-02-29 00:00:00-05:00,644.75,646.9500122070312,639.010009765625,640.4299926757812,453170000
1996-03-31 00:00:00-05:00,648.9400024414062,650.9600219726562,644.8900146484375,645.5,413510000
1996-04-30 00:00:00-04:00,654.1599731445312,654.5900268554688,651.0499877929688,654.1699829101562,393390000
1996-05-31 00:00:00-04:00,671.7000122070312,673.4600219726562,667.0,669.1199951171875,351750000
1996-06-30 00:00:00-04:00,668.5499877929688,672.6799926757812,668.5499877929688,670.6300048828125,470460000
1996-07-31 00:00:00-04:00,635.260009765625,640.5399780273438,633.739990234375,639.9500122070312,403560000
1996-08-31 00:00:00-04:00,657.4000244140625,657.7100219726562,650.52001953125,651.989990234375,258380000
1996-09-30 00:00:00-04:00,686.1900024414062,690.1099853515625,686.030029296875,687.3300170898438,388570000
1996-10-31 00:00:00-05:00,700.9000244140625,706.6099853515625,700.3499755859375,705.27001953125,482840000
1996-11-30 00:00:00-05:00,755.0,758.27001953125,755.0,757.02001953125,14990000
1996-12-31 00:00:00-05:00,753.8499755859375,753.9500122070312,740.739990234375,740.739990234375,399760000
1997-01-31 00:00:00-05:00,784.1699829101562,791.8599853515625,784.1699829101562,786.1599731445312,578550000
1997-02-28 00:00:00-05:00,795.0700073242188,795.7000122070312,788.5,790.8200073242188,508280000
1997-03-31 00:00:00-05:00,773.8800048828125,773.8800048828125,756.1300048828125,757.1199951171875,555880000
1997-04-30 00:00:00-04:00,794.0499877929688,804.1300048828125,791.2100219726562,801.3400268554688,556070000
1997-05-31 00:00:00-04:00,844.0800170898438,851.8699951171875,831.8699951171875,848.280029296875,537200000
1997-06-30 00:00:00-04:00,887.2999877929688,892.6199951171875,879.8200073242188,885.1400146484375,561540000
1997-07-31 00:00:00-04:00,952.2899780273438,957.72998046875,948.8900146484375,954.3099975585938,547830000
1997-08-31 00:00:00-04:00,903.6699829101562,907.280029296875,896.8200073242188,899.469970703125,413910000
1997-09-30 00:00:00-04:00,953.3400268554688,955.1699829101562,947.280029296875,947.280029296875,587500000
1997-10-31 00:00:00-05:00,903.6799926757812,919.9299926757812,903.6799926757812,914.6199951171875,638070000
1997-11-30 00:00:00-05:00,951.6400146484375,959.1300048828125,951.6400146484375,955.4000244140625,189070000
1997-12-31 00:00:00-05:00,970.8400268554688,975.02001953125,967.4099731445312,970.4299926757812,467280000
1998-01-31 00:00:00-05:00,985.489990234375,987.4099731445312,979.6300048828125,980.280029296875,613380000
1998-02-28 00:00:00-05:00,1048.6700439453125,1051.6600341796875,1044.4000244140625,1049.3399658203125,574480000
1998-03-31 00:00:00-05:00,1093.550048828125,1110.1300048828125,1093.550048828125,1101.75,674930000
1998-04-30 00:00:00-04:00,1094.6300048828125,1116.969970703125,1094.6300048828125,1111.75,695600000
1998-05-31 00:00:00-04:00,1097.5999755859375,1104.1600341796875,1090.8199462890625,1090.8199462890625,556780000
1998-06-30 00:00:00-04:00,1138.489990234375,1140.800048828125,1131.97998046875,1133.8399658203125,757200000
1998-07-31 00:00:00-04:00,1142.949951171875,1142.969970703125,1114.300048828125,1120.6700439453125,645910000
1998-08-31 00:00:00-04:00,1027.1400146484375,1033.469970703125,957.280029296875,957.280029296875,917500000
1998-09-30 00:00:00-04:00,1049.02001953125,1049.02001953125,1015.72998046875,1017.010009765625,800100000
1998-10-31 00:00:00-05:00,1085.9300537109375,1103.780029296875,1085.9300537109375,1098.6700439453125,785000000
1998-11-30 00:00:00-05:00,1192.3299560546875,1192.719970703125,1163.6300048828125,1163.6300048828125,687900000
1998-12-31 00:00:00-05:00,1231.9300537109375,1237.1800537109375,1224.9599609375,1229.22998046875,719200000
1999-01-31 00:00:00-05:00,1265.3699951171875,1280.3699951171875,1255.1800537109375,1279.6400146484375,917000000
1999-02-28 00:00:00-05:00,1245.02001953125,1246.72998046875,1226.239990234375,1238.3299560546875,784600000
1999-03-31 00:00:00-05:00,1300.75,1313.5999755859375,1285.8699951171875,1286.3699951171875,924300000
1999-04-30 00:00:00-04:00,1342.8299560546875,1351.8299560546875,1314.5799560546875,1335.1800537109375,936500000
1999-05-31 00:00:00-04:00,1281.4100341796875,1304.0,1281.4100341796875,1301.8399658203125,649960000
1999-06-30 00:00:00-04:00,1351.449951171875,1372.9300537109375,1338.780029296875,1372.7099609375,1117000000
1999-07-31 00:00:00-04:00,1341.030029296875,1350.9200439453125,1328.489990234375,1328.719970703125,736800000
1999-08-31 00:00:00-04:00,1324.02001953125,1333.27001953125,1306.9599609375,1320.4100341796875,861700000
1999-09-30 00:00:00-04:00,1268.3699951171875,1291.31005859375,1268.3699951171875,1282.7099609375,1017600000
1999-10-31 00:00:00-04:00,1342.43994140625,1373.1700439453125,1342.43994140625,1362.9300537109375,1120500000
1999-11-30 00:00:00-05:00,1407.8299560546875,1410.5899658203125,1386.949951171875,1388.9100341796875,951500000
1999-12-31 00:00:00-05:00,1464.469970703125,1472.4200439453125,1458.18994140625,1469.25,374050000
2000-01-31 00:00:00-05:00,1360.1600341796875,1394.47998046875,1350.1400146484375,1394.4599609375,993800000
2000-02-29 00:00:00-05:00,1348.050048828125,1369.6300048828125,1348.050048828125,1366.4200439453125,1204300000
2000-03-31 00:00:00-05:00,1487.9200439453125,1519.81005859375,1484.3800048828125,1498.5799560546875,1227400000
2000-04-30 00:00:00-04:00,1464.9200439453125,1473.6199951171875,1448.1500244140625,1452.4300537109375,984600000
2000-05-31 00:00:00-04:00,1422.43994140625,1434.489990234375,1415.5,1420.5999755859375,960500000
2000-06-30 00:00:00-04:00,1442.3900146484375,1454.6800537109375,1438.7099609375,1454.5999755859375,1459700000
2000-07-31 00:00:00-04:00,1419.8900146484375,1437.6500244140625,1418.7099609375,1430.8299560546875,952600000
2000-08-31 00:00:00-04:00,1502.5899658203125,1525.2099609375,1502.5899658203125,1517.6800537109375,1056600000
2000-09-30 00:00:00-04:00,1458.2900390625,1458.2900390625,1436.2900390625,1436.510009765625,1197100000
2000-10-31 00:00:00-05:00,1398.6600341796875,1432.219970703125,1398.6600341796875,1429.4000244140625,1366400000
2000-11-30 00:00:00-05:00,1341.9100341796875,1341.9100341796875,1294.9000244140625,1314.949951171875,1186530000
2000-12-31 00:00:00-05:00,1334.219970703125,1340.0999755859375,1317.510009765625,1320.280029296875,1035500000
2001-01-31 00:00:00-05:00,1373.72998046875,1383.3699951171875,1364.6600341796875,1366.010009765625,1295300000
2001-02-28 00:00:00-05:00,1257.93994140625,1263.469970703125,1229.6500244140625,1239.93994140625,1225300000
2001-03-31 00:00:00-05:00,1147.949951171875,1162.800048828125,1143.8299560546875,1160.3299560546875,1280800000
2001-04-30 00:00:00-04:00,1253.050048828125,1269.300048828125,1243.989990234375,1249.4599609375,1266800000
2001-05-31 00:00:00-04:00,1248.0799560546875,1261.9100341796875,1248.0699462890625,1255.8199462890625,1226600000
2001-06-30 00:00:00-04:00,1226.199951171875,1237.2900390625,1221.1400146484375,1224.3800048828125,1832360000
2001-07-31 00:00:00-04:00,1204.52001953125,1222.739990234375,1204.52001953125,1211.22998046875,1129200000
2001-08-31 00:00:00-04:00,1129.030029296875,1141.8299560546875,1126.3800048828125,1133.5799560546875,920100000
2001-09-30 00:00:00-04:00,1018.6099853515625,1040.93994140625,1018.6099853515625,1040.93994140625,1631500000
2001-10-31 00:00:00-05:00,1059.7900390625,1074.7900390625,1057.550048828125,1059.780029296875,1352500000
2001-11-30 00:00:00-05:00,1140.199951171875,1143.5699462890625,1135.8900146484375,1139.449951171875,1343600000
2001-12-31 00:00:00-05:00,1161.02001953125,1161.1600341796875,1148.0400390625,1148.0799560546875,943600000
2002-01-31 00:00:00-05:00,1113.5699462890625,1130.2099609375,1113.300048828125,1130.199951171875,1557000000
2002-02-28 00:00:00-05:00,1109.8900146484375,1121.5699462890625,1106.72998046875,1106.72998046875,1392200000
2002-03-31 00:00:00-05:00,1144.5799560546875,1154.449951171875,1144.5799560546875,1147.3900146484375,1147600000
2002-04-30 00:00:00-04:00,1065.449951171875,1082.6199951171875,1063.4599609375,1076.9200439453125,1628600000
2002-05-31 00:00:00-04:00,1064.6600341796875,1079.9300537109375,1064.6600341796875,1067.1400146484375,1277300000
2002-06-30 00:00:00-04:00,990.6400146484375,1001.7899780273438,988.3099975585938,989.8200073242188,2117000000
2002-07-31 00:00:00-04:00,902.780029296875,911.6400146484375,889.8800048828125,911.6199951171875,2049360000
2002-08-31 00:00:00-04:00,917.7999877929688,928.1500244140625,910.1699829101562,916.0700073242188,929900000
2002-09-30 00:00:00-04:00,827.3699951171875,827.3699951171875,800.2000122070312,815.280029296875,1721870000
2002-10-31 00:00:00-05:00,890.7100219726562,898.8300170898438,879.75,885.760009765625,1641300000
2002-11-30 00:00:00-05:00,938.8699951171875,941.8200073242188,935.5800170898438,936.3099975585938,643460000
2002-12-31 00:00:00-05:00,879.3900146484375,881.9299926757812,869.4500122070312,879.8200073242188,1088500000
2003-01-31 00:00:00-05:00,844.6099853515625,858.3300170898438,840.3400268554688,855.7000122070312,1578530000
2003-02-28 00:00:00-05:00,837.280029296875,847.0,837.280029296875,841.1500244140625,1373300000
2003-03-31 00:00:00-05:00,863.5,863.5,843.6799926757812,848.1799926757812,1495500000
2003-04-30 00:00:00-04:00,917.8400268554688,922.010009765625,911.7000122070312,916.9199829101562,1788510000
2003-05-31 00:00:00-04:00,949.6400146484375,965.3800048828125,949.6400146484375,963.5900268554688,1688800000
2003-06-30 00:00:00-04:00,976.219970703125,983.6099853515625,973.5999755859375,974.5,1587200000
2003-07-31 00:00:00-04:00,987.489990234375,1004.5900268554688,987.489990234375,990.3099975585938,1608000000
2003-08-31 00:00:00-04:00,1002.8400268554688,1008.8499755859375,999.52001953125,1008.010009765625,945100000
2003-09-30 00:00:00-04:00,1006.5800170898438,1006.5800170898438,990.3599853515625,995.969970703125,1590500000
2003-10-31 00:00:00-05:00,1046.93994140625,1053.0899658203125,1046.93994140625,1050.7099609375,1498900000
2003-11-30 00:00:00-05:00,1058.449951171875,1060.6300048828125,1056.77001953125,1058.199951171875,487220000
2003-12-31 00:00:00-05:00,1109.6400146484375,1112.56005859375,1106.2099609375,1111.9200439453125,1027500000
2004-01-31 00:00:00-05:00,1134.1099853515625,1134.1700439453125,1127.72998046875,1131.1300048828125,1635000000
2004-02-29 00:00:00-05:00,1145.800048828125,1151.6800537109375,1141.800048828125,1144.93994140625,1540400000
2004-03-31 00:00:00-05:00,1127.0,1130.8299560546875,1121.4599609375,1126.2099609375,1560700000
2004-04-30 00:00:00-04:00,1113.8900146484375,1119.260009765625,1107.22998046875,1107.300048828125,1634700000
2004-05-31 00:00:00-04:00,1121.280029296875,1122.68994140625,1118.0999755859375,1120.6800537109375,1172600000
2004-06-30 00:00:00-04:00,1136.199951171875,1144.199951171875,1133.6199951171875,1140.8399658203125,1473800000
2004-07-31 00:00:00-04:00,1100.4300537109375,1103.72998046875,1096.9599609375,1101.719970703125,1298200000
2004-08-31 00:00:00-04:00,1099.1500244140625,1104.239990234375,1094.719970703125,1104.239990234375,1138200000
2004-09-30 00:00:00-04:00,1114.800048828125,1116.31005859375,1109.6800537109375,1114.5799560546875,1748000000
2004-10-31 00:00:00-04:00,1127.43994140625,1131.4000244140625,1124.6199951171875,1130.199951171875,1500800000
2004-11-30 00:00:00-05:00,1178.5699462890625,1178.6600341796875,1173.81005859375,1173.8199462890625,1553500000
2004-12-31 00:00:00-05:00,1213.550048828125,1217.3299560546875,1211.6500244140625,1211.9200439453125,786900000
2005-01-31 00:00:00-05:00,1171.3599853515625,1182.0699462890625,1171.3599853515625,1181.27001953125,1679800000
2005-02-28 00:00:00-05:00,1211.3699951171875,1211.3699951171875,1198.1300048828125,1203.5999755859375,1795480000
2005-03-31 00:00:00-05:00,1181.4100341796875,1184.530029296875,1179.489990234375,1180.5899658203125,2214230000
2005-04-30 00:00:00-04:00,1143.219970703125,1156.969970703125,1139.18994140625,1156.8499755859375,2362360000
2005-05-31 00:00:00-04:00,1198.780029296875,1198.780029296875,1191.5,1191.5,1840680000
2005-06-30 00:00:00-04:00,1199.8499755859375,1203.27001953125,1190.510009765625,1191.3299560546875,2109490000
2005-07-31 00:00:00-04:00,1243.719970703125,1245.0400390625,1234.1800537109375,1234.1800537109375,1789600000
2005-08-31 00:00:00-04:00,1208.4100341796875,1220.3599853515625,1204.4000244140625,1220.3299560546875,2365510000
2005-09-30 00:00:00-04:00,1227.6800537109375,1229.5699462890625,1225.219970703125,1228.81005859375,2097520000
2005-10-31 00:00:00-05:00,1198.4100341796875,1211.4300537109375,1198.4100341796875,1207.010009765625,2567470000
2005-11-30 00:00:00-05:00,1257.47998046875,1260.9300537109375,1249.3900146484375,1249.47998046875,2374690000
2005-12-31 00:00:00-05:00,1254.4200439453125,1254.4200439453125,1246.5899658203125,1248.2900390625,1443500000
2006-01-31 00:00:00-05:00,1285.199951171875,1285.199951171875,1276.8499755859375,1280.0799560546875,2708310000
2006-02-28 00:00:00-05:00,1294.1199951171875,1294.1199951171875,1278.6600341796875,1280.6600341796875,2370860000
2006-03-31 00:00:00-05:00,1300.25,1303.0,1294.8699951171875,1294.8699951171875,2236710000
2006-04-30 00:00:00-04:00,1309.719970703125,1316.0400390625,1306.1600341796875,1310.6099853515625,2419920000
2006-05-31 00:00:00-04:00,1259.3800048828125,1270.0899658203125,1259.3800048828125,1270.0899658203125,2692160000
2006-06-30 00:00:00-04:00,1272.8599853515625,1276.300048828125,1270.199951171875,1270.199951171875,3049560000
2006-07-31 00:00:00-04:00,1278.530029296875,1278.6600341796875,1274.31005859375,1276.6600341796875,2461300000
2006-08-31 00:00:00-04:00,1304.25,1306.1099853515625,1302.449951171875,1303.8199462890625,1974540000
2006-09-30 00:00:00-04:00,1339.1500244140625,1339.8800048828125,1335.6400146484375,1335.8499755859375,2273430000
2006-10-31 00:00:00-05:00,1377.9300537109375,1381.2099609375,1372.18994140625,1377.93994140625,2803030000
2006-11-30 00:00:00-05:00,1399.469970703125,1406.300048828125,1393.8299560546875,1400.6300048828125,4006230000
2006-12-31 00:00:00-05:00,1424.7099609375,1427.0,1416.8399658203125,1418.300048828125,1678200000
2007-01-31 00:00:00-05:00,1428.6500244140625,1441.6099853515625,1424.780029296875,1438.239990234375,2976690000
2007-02-28 00:00:00-05:00,1398.6400146484375,1415.8900146484375,1396.6500244140625,1406.8199462890625,3925250000
2007-03-31 00:00:00-04:00,1422.52001953125,1429.219970703125,1408.9000244140625,1420.8599853515625,2903960000
2007-04-30 00:00:00-04:00,1494.0699462890625,1497.1600341796875,1482.2900390625,1482.3699951171875,3093420000
2007-05-31 00:00:00-04:00,1530.18994140625,1535.56005859375,1528.260009765625,1530.6199951171875,3335530000
2007-06-30 00:00:00-04:00,1505.699951171875,1517.530029296875,1493.6099853515625,1503.3499755859375,3165410000
2007-07-31 00:00:00-04:00,1473.9000244140625,1488.300048828125,1454.25,1455.27001953125,4524520000
2007-08-31 00:00:00-04:00,1457.6099853515625,1481.469970703125,1457.6099853515625,1473.989990234375,2731610000
2007-09-30 00:00:00-04:00,1531.239990234375,1533.739990234375,1521.989990234375,1526.75,2925350000
2007-10-31 00:00:00-04:00,1532.1500244140625,1552.760009765625,1529.4000244140625,1549.3800048828125,3953070000
2007-11-30 00:00:00-05:00,1471.8299560546875,1488.93994140625,1470.8900146484375,1481.1400146484375,4422200000
2007-12-31 00:00:00-05:00,1475.25,1475.8299560546875,1465.1300048828125,1468.3599853515625,2440880000
2008-01-31 00:00:00-05:00,1351.97998046875,1385.6199951171875,1334.0799560546875,1378.550048828125,4970290000
2008-02-29 00:00:00-05:00,1364.0699462890625,1364.0699462890625,1325.4200439453125,1330.6300048828125,4426730000
2008-03-31 00:00:00-04:00,1315.9200439453125,1328.52001953125,1312.81005859375,1322.699951171875,4188990000
2008-04-30 00:00:00-04:00,1391.219970703125,1404.5699462890625,1384.25,1385.5899658203125,4508890000
2008-05-31 00:00:00-04:00,1398.3599853515625,1404.4599609375,1398.0799560546875,1400.3800048828125,3845630000
2008-06-30 00:00:00-04:00,1278.06005859375,1290.31005859375,1274.8599853515625,1280.0,5032330000
2008-07-31 00:00:00-04:00,1281.3699951171875,1284.9300537109375,1265.969970703125,1267.3800048828125,5346050000
2008-08-31 00:00:00-04:00,1296.489990234375,1297.5899658203125,1282.739990234375,1282.8299560546875,3288120000
2008-09-30 00:00:00-04:00,1113.780029296875,1168.030029296875,1113.780029296875,1166.3599853515625,4937680000
2008-10-31 00:00:00-04:00,953.1099853515625,984.3800048828125,944.5900268554688,968.75,6394350000
2008-11-30 00:00:00-05:00,886.8900146484375,896.25,881.2100219726562,896.239990234375,2740860000
2008-12-31 00:00:00-05:00,890.5900268554688,910.3200073242188,889.6699829101562,903.25,4172940000
2009-01-31 00:00:00-05:00,845.6900024414062,851.6599731445312,821.6699829101562,825.8800048828125,5350580000
2009-02-28 00:00:00-05:00,749.9299926757812,751.27001953125,734.52001953125,735.0900268554688,8926480000
2009-03-31 00:00:00-04:00,790.8800048828125,810.47998046875,790.8800048828125,797.8699951171875,6089100000
2009-04-30 00:00:00-04:00,876.5900268554688,888.7000122070312,868.510009765625,872.8099975585938,6862540000
2009-05-31 00:00:00-04:00,907.02001953125,920.02001953125,903.5599975585938,919.1400146484375,6050420000
2009-06-30 00:00:00-04:00,927.1500244140625,930.010009765625,912.8599853515625,919.3200073242188,4627570000
2009-07-31 00:00:00-04:00,986.7999877929688,993.1799926757812,982.8499755859375,987.47998046875,5139070000
2009-08-31 00:00:00-04:00,1025.2099609375,1025.2099609375,1014.6199951171875,1020.6199951171875,5004560000
2009-09-30 00:00:00-04:00,1061.02001953125,1063.4000244140625,1046.469970703125,1057.0799560546875,5998860000
2009-10-31 00:00:00-04:00,1065.4100341796875,1065.4100341796875,1033.3800048828125,1036.18994140625,6512420000
2009-11-30 00:00:00-05:00,1091.0699462890625,1097.239990234375,1086.25,1095.6300048828125,3895520000
2009-12-31 00:00:00-05:00,1126.5999755859375,1127.6400146484375,1114.81005859375,1115.0999755859375,2076990000
2010-01-31 00:00:00-05:00,1087.6099853515625,1096.449951171875,1071.5899658203125,1073.8699951171875,5412850000
2010-02-28 00:00:00-05:00,1103.0999755859375,1107.239990234375,1097.56005859375,1104.489990234375,3945190000
2010-03-31 00:00:00-04:00,1171.75,1174.56005859375,1165.77001953125,1169.4300537109375,4484340000
2010-04-30 00:00:00-04:00,1206.77001953125,1207.989990234375,1186.3199462890625,1186.68994140625,6048260000
2010-05-31 00:00:00-04:00,1102.5899658203125,1102.5899658203125,1084.780029296875,1089.4100341796875,4871210000
2010-06-30 00:00:00-04:00,1040.56005859375,1048.0799560546875,1028.3299560546875,1030.7099609375,5067080000
2010-07-31 00:00:00-04:00,1098.43994140625,1106.43994140625,1088.010009765625,1101.5999755859375,4006450000
2010-08-31 00:00:00-04:00,1046.8800048828125,1055.1400146484375,1040.8800048828125,1049.3299560546875,4038770000
2010-09-30 00:00:00-04:00,1145.969970703125,1157.1600341796875,1136.0799560546875,1141.199951171875,4284160000
2010-10-31 00:00:00-04:00,1183.8699951171875,1185.4599609375,1179.699951171875,1183.260009765625,3537880000
2010-11-30 00:00:00-05:00,1182.9599609375,1187.4000244140625,1174.1400146484375,1180.550048828125,4284700000
2010-12-31 00:00:00-05:00,1256.760009765625,1259.3399658203125,1254.18994140625,1257.6400146484375,1799770000
2011-01-31 00:00:00-05:00,1276.5,1287.1700439453125,1276.5,1286.1199951171875,4167160000
2011-02-28 00:00:00-05:00,1321.6099853515625,1329.3800048828125,1320.550048828125,1327.219970703125,1252850000
2011-03-31 00:00:00-04:00,1327.43994140625,1329.77001953125,1325.030029296875,1325.8299560546875,3566270000
2011-04-30 00:00:00-04:00,1360.1400146484375,1364.56005859375,1358.68994140625,1363.6099853515625,3479070000
2011-05-31 00:00:00-04:00,1331.0999755859375,1345.199951171875,1331.0999755859375,1345.199951171875,4696240000
2011-06-30 00:00:00-04:00,1307.6400146484375,1321.969970703125,1307.6400146484375,1320.6400146484375,4200500000
2011-07-31 00:00:00-04:00,1300.1199951171875,1304.1600341796875,1282.8599853515625,1292.280029296875,5061190000
2011-08-31 00:00:00-04:00,1213.0,1230.7099609375,1209.3499755859375,1218.8900146484375,5267840000
2011-09-30 00:00:00-04:00,1159.9300537109375,1159.9300537109375,1131.3399658203125,1131.4200439453125,4416790000
2011-10-31 00:00:00-04:00,1284.9599609375,1284.9599609375,1253.1600341796875,1253.300048828125,4310210000
2011-11-30 00:00:00-05:00,1196.719970703125,1247.1099853515625,1196.719970703125,1246.9599609375,5801910000
2011-12-31 00:00:00-05:00,1262.8199462890625,1264.1199951171875,1257.4599609375,1257.5999755859375,2271850000
2012-01-31 00:00:00-05:00,1313.530029296875,1321.4100341796875,1306.68994140625,1312.4100341796875,4235550000
2012-02-29 00:00:00-05:00,1372.199951171875,1378.0400390625,1363.81005859375,1365.6800537109375,4482370000
2012-03-31 00:00:00-04:00,1403.31005859375,1410.8900146484375,1401.4200439453125,1408.469970703125,3676890000
2012-04-30 00:00:00-04:00,1403.260009765625,1403.260009765625,1394.0,1397.9100341796875,3574010000
2012-05-31 00:00:00-04:00,1313.0899658203125,1319.739990234375,1298.9000244140625,1310.3299560546875,4557620000
2012-06-30 00:00:00-04:00,1330.1199951171875,1362.1700439453125,1330.1199951171875,1362.1600341796875,4590480000
2012-07-31 00:00:00-04:00,1385.27001953125,1387.1600341796875,1379.1700439453125,1379.3199462890625,3821570000
2012-08-31 00:00:00-04:00,1400.0699462890625,1413.0899658203125,1398.9599609375,1406.5799560546875,2938250000
2012-09-30 00:00:00-04:00,1447.1300048828125,1447.1300048828125,1435.5999755859375,1440.6700439453125,3509230000
2012-10-31 00:00:00-04:00,1410.989990234375,1418.760009765625,1405.949951171875,1412.1600341796875,3577110000
2012-11-30 00:00:00-05:00,1415.949951171875,1418.8599853515625,1411.6300048828125,1416.1800537109375,3966000000
2012-12-31 00:00:00-05:00,1402.4300537109375,1426.739990234375,1398.1099853515625,1426.18994140625,3204330000
2013-01-31 00:00:00-05:00,1501.9599609375,1504.18994140625,1496.760009765625,1498.1099853515625,3999880000
2013-02-28 00:00:00-05:00,1515.989990234375,1525.3399658203125,1514.4599609375,1514.6800537109375,3912320000
2013-03-31 00:00:00-04:00,1562.8599853515625,1570.280029296875,1561.0799560546875,1569.18994140625,3304440000
2013-04-30 00:00:00-04:00,1593.5799560546875,1597.5699462890625,1586.5,1597.5699462890625,3745070000
2013-05-31 00:00:00-04:00,1652.1300048828125,1658.989990234375,1630.739990234375,1630.739990234375,4099600000
2013-06-30 00:00:00-04:00,1611.1199951171875,1615.93994140625,1601.06005859375,1606.280029296875,4977190000
2013-07-31 00:00:00-04:00,1687.760009765625,1698.4300537109375,1684.93994140625,1685.72998046875,3847390000
2013-08-31 00:00:00-04:00,1638.8900146484375,1640.0799560546875,1628.050048828125,1632.969970703125,2734300000
2013-09-30 00:00:00-04:00,1687.260009765625,1687.260009765625,1674.989990234375,1681.550048828125,3308630000
2013-10-31 00:00:00-04:00,1763.239990234375,1768.530029296875,1755.719970703125,1756.5400390625,3826530000
2013-11-30 00:00:00-05:00,1808.68994140625,1813.550048828125,1803.97998046875,1805.81005859375,1598300000
2013-12-31 00:00:00-05:00,1842.6099853515625,1849.43994140625,1842.4100341796875,1848.3599853515625,2312840000
2014-01-31 00:00:00-05:00,1790.8800048828125,1793.8800048828125,1772.260009765625,1782.5899658203125,4059690000
2014-02-28 00:00:00-05:00,1855.1199951171875,1867.9200439453125,1847.6700439453125,1859.449951171875,3917450000
2014-03-31 00:00:00-04:00,1859.1600341796875,1875.1800537109375,1859.1600341796875,1872.3399658203125,3274300000
2014-04-30 00:00:00-04:00,1877.0999755859375,1885.199951171875,1872.68994140625,1883.949951171875,3779230000
2014-05-31 00:00:00-04:00,1920.3299560546875,1924.030029296875,1916.6400146484375,1923.5699462890625,3263490000
2014-06-30 00:00:00-04:00,1960.7900390625,1964.239990234375,1958.219970703125,1960.22998046875,3037350000
2014-07-31 00:00:00-04:00,1965.1400146484375,1965.1400146484375,1930.6700439453125,1930.6700439453125,4193000000
2014-08-31 00:00:00-04:00,1998.449951171875,2003.3800048828125,1994.6500244140625,2003.3699951171875,2259130000
2014-09-30 00:00:00-04:00,1978.2099609375,1985.1700439453125,1968.9599609375,1972.2900390625,3951100000
2014-10-31 00:00:00-04:00,2001.199951171875,2018.18994140625,2001.199951171875,2018.050048828125,4292290000
2014-11-30 00:00:00-05:00,2074.780029296875,2075.760009765625,2065.06005859375,2067.56005859375,2504640000
2014-12-31 00:00:00-05:00,2082.110107421875,2085.580078125,2057.93994140625,2058.89990234375,2606070000
2015-01-31 00:00:00-05:00,2019.3499755859375,2023.3199462890625,1993.3800048828125,1994.989990234375,4568650000
2015-02-28 00:00:00-05:00,2110.8798828125,2112.739990234375,2103.75,2104.5,3547380000
2015-03-31 00:00:00-04:00,2084.050048828125,2084.050048828125,2067.0400390625,2067.889892578125,3376550000
2015-04-30 00:00:00-04:00,2105.52001953125,2105.52001953125,2077.590087890625,2085.510009765625,4509680000
2015-05-31 00:00:00-04:00,2120.659912109375,2120.659912109375,2104.889892578125,2107.389892578125,3927390000
2015-06-30 00:00:00-04:00,2061.18994140625,2074.280029296875,2056.320068359375,2063.110107421875,4078540000
2015-07-31 00:00:00-04:00,2111.60009765625,2114.239990234375,2102.070068359375,2103.840087890625,3681340000
2015-08-31 00:00:00-04:00,1986.72998046875,1986.72998046875,1965.97998046875,1972.1800537109375,3915100000
2015-09-30 00:00:00-04:00,1887.1400146484375,1920.530029296875,1887.1400146484375,1920.030029296875,4525070000
2015-10-31 00:00:00-04:00,2090.0,2094.320068359375,2079.340087890625,2079.360107421875,4256200000
2015-11-30 00:00:00-05:00,2090.949951171875,2093.81005859375,2080.409912109375,2080.409912109375,4275030000
2015-12-31 00:00:00-05:00,2060.590087890625,2062.5400390625,2043.6199951171875,2043.93994140625,2655330000
2016-01-31 00:00:00-05:00,1894.0,1940.239990234375,1894.0,1940.239990234375,5497570000
2016-02-29 00:00:00-05:00,1947.1300048828125,1958.27001953125,1931.81005859375,1932.22998046875,4588180000
2016-03-31 00:00:00-04:00,2063.77001953125,2067.919921875,2057.4599609375,2059.739990234375,3715280000
2016-04-30 00:00:00-04:00,2071.820068359375,2073.85009765625,2052.280029296875,2065.300048828125,4704720000
2016-05-31 00:00:00-04:00,2100.1298828125,2103.47998046875,2088.659912109375,2096.949951171875,4514410000
2016-06-30 00:00:00-04:00,2073.169921875,2098.93994140625,2070.0,2098.860107421875,4622820000
2016-07-31 00:00:00-04:00,2168.830078125,2177.090087890625,2163.489990234375,2173.60009765625,4038840000
2016-08-31 00:00:00-04:00,2173.56005859375,2173.7900390625,2161.35009765625,2170.949951171875,3766390000
2016-09-30 00:00:00-04:00,2156.510009765625,2175.300048828125,2156.510009765625,2168.27001953125,4158800000
2016-10-31 00:00:00-04:00,2129.780029296875,2133.25,2125.530029296875,2126.14990234375,3926560000
2016-11-30 00:00:00-05:00,2204.969970703125,2214.10009765625,2198.81005859375,2198.81005859375,5538400000
2016-12-31 00:00:00-05:00,2251.610107421875,2253.580078125,2233.6201171875,2238.830078125,2671550000
2017-01-31 00:00:00-05:00,2274.02001953125,2279.090087890625,2267.2099609375,2278.8701171875,4089730000
2017-02-28 00:00:00-05:00,2366.080078125,2367.7900390625,2358.9599609375,2363.639892578125,4212460000
2017-03-31 00:00:00-04:00,2364.820068359375,2370.35009765625,2362.60009765625,2362.719970703125,3356740000
2017-04-30 00:00:00-04:00,2393.679931640625,2393.679931640625,2382.360107421875,2384.199951171875,3721350000
2017-05-31 00:00:00-04:00,2415.6298828125,2415.989990234375,2403.590087890625,2411.800048828125,4518040000
2017-06-30 00:00:00-04:00,2429.199951171875,2432.7099609375,2421.64990234375,2423.409912109375,3366030000
2017-07-31 00:00:00-04:00,2475.93994140625,2477.9599609375,2468.530029296875,2470.300048828125,3475930000
2017-08-31 00:00:00-04:00,2462.64990234375,2475.010009765625,2462.64990234375,2471.64990234375,3353860000
2017-09-30 00:00:00-04:00,2509.9599609375,2519.43994140625,2507.989990234375,2519.360107421875,3220260000
2017-10-31 00:00:00-04:00,2575.989990234375,2578.2900390625,2572.14990234375,2575.260009765625,3844420000
2017-11-30 00:00:00-05:00,2633.929931640625,2657.739990234375,2633.929931640625,2647.580078125,4965700000
2017-12-31 00:00:00-05:00,2689.14990234375,2692.1201171875,2673.610107421875,2673.610107421875,2447760000
2018-01-31 00:00:00-05:00,2832.409912109375,2839.260009765625,2813.0400390625,2823.81005859375,4276270000
2018-02-28 00:00:00-05:00,2753.780029296875,2761.52001953125,2713.5400390625,2713.830078125,4244570000
2018-03-31 00:00:00-04:00,2614.409912109375,2659.070068359375,2609.719970703125,2640.8701171875,3572360000
2018-04-30 00:00:00-04:00,2682.510009765625,2682.8701171875,2648.0400390625,2648.050048828125,3749510000
2018-05-31 00:00:00-04:00,2720.97998046875,2722.5,2700.679931640625,2705.27001953125,4241100000
2018-06-30 00:00:00-04:00,2727.1298828125,2743.260009765625,2718.030029296875,2718.3701171875,3586800000
2018-07-31 00:00:00-04:00,2809.72998046875,2824.4599609375,2808.06005859375,2816.2900390625,3906890000
2018-08-31 00:00:00-04:00,2898.3701171875,2906.320068359375,2891.72998046875,2901.52001953125,2887220000
2018-09-30 00:00:00-04:00,2910.030029296875,2920.530029296875,2907.5,2913.97998046875,3461680000
2018-10-31 00:00:00-04:00,2705.60009765625,2736.68994140625,2705.60009765625,2711.739990234375,5133380000
2018-11-30 00:00:00-05:00,2737.760009765625,2760.8798828125,2732.760009765625,2760.169921875,4668310000
2018-12-31 00:00:00-05:00,2498.93994140625,2509.239990234375,2482.820068359375,2506.85009765625,3461920000
2019-01-31 00:00:00-05:00,2685.489990234375,2708.949951171875,2678.64990234375,2704.10009765625,4953800000
2019-02-28 00:00:00-05:00,2788.110107421875,2793.72998046875,2782.510009765625,2784.489990234375,4445780000
2019-03-31 00:00:00-04:00,2828.27001953125,2836.030029296875,2819.22998046875,2834.39990234375,3752520000
2019-04-30 00:00:00-04:00,2937.139892578125,2948.219970703125,2924.110107421875,2945.830078125,3939760000
2019-05-31 00:00:00-04:00,2766.14990234375,2768.97998046875,2750.52001953125,2752.06005859375,3982670000
2019-06-30 00:00:00-04:00,2932.93994140625,2943.97998046875,2929.050048828125,2941.760009765625,5422650000
2019-07-31 00:00:00-04:00,3016.219970703125,3017.39990234375,2958.080078125,2980.3798828125,4626330000
2019-08-31 00:00:00-04:00,2937.090087890625,2940.429931640625,2913.320068359375,2926.4599609375,3009910000
2019-09-30 00:00:00-04:00,2967.070068359375,2983.85009765625,2967.070068359375,2976.739990234375,3249130000
2019-10-31 00:00:00-04:00,3046.89990234375,3046.89990234375,3023.18994140625,3037.56005859375,4149310000
2019-11-30 00:00:00-05:00,3147.179931640625,3150.300048828125,3139.340087890625,3140.97998046875,1743420000
2019-12-31 00:00:00-05:00,3215.179931640625,3231.719970703125,3212.030029296875,3230.780029296875,2894760000
2020-01-31 00:00:00-05:00,3282.330078125,3282.330078125,3214.679931640625,3225.52001953125,4529700000
2020-02-29 00:00:00-05:00,2916.89990234375,2959.719970703125,2855.840087890625,2954.219970703125,8569570000
2020-03-31 00:00:00-04:00,2614.68994140625,2641.389892578125,2571.14990234375,2584.590087890625,6576210000
2020-04-30 00:00:00-04:00,2930.909912109375,2930.909912109375,2892.469970703125,2912.429931640625,6544980000
2020-05-31 00:00:00-04:00,3025.169921875,3049.169921875,2998.610107421875,3044.31005859375,7297550000
2020-06-30 00:00:00-04:00,3050.199951171875,3111.510009765625,3047.830078125,3100.2900390625,4705850000
2020-07-31 00:00:00-04:00,3270.449951171875,3272.169921875,3220.260009765625,3271.1201171875,5007530000
2020-08-31 00:00:00-04:00,3509.72998046875,3514.77001953125,3493.25,3500.31005859375,4348280000
2020-09-30 00:00:00-04:00,3341.2099609375,3393.56005859375,3340.469970703125,3363.0,4738640000
2020-10-31 00:00:00-04:00,3293.590087890625,3304.929931640625,3233.93994140625,3269.9599609375,4843930000
2020-11-30 00:00:00-05:00,3634.179931640625,3634.179931640625,3594.389892578125,3621.6298828125,6308410000
2020-12-31 00:00:00-05:00,3733.27001953125,3760.199951171875,3726.8798828125,3756.070068359375,3179040000
2021-01-31 00:00:00-05:00,3778.050048828125,3778.050048828125,3694.1201171875,3714.239990234375,6643370000
2021-02-28 00:00:00-05:00,3839.659912109375,3861.080078125,3789.5400390625,3811.14990234375,6526070000
2021-03-31 00:00:00-04:00,3967.25,3994.409912109375,3966.97998046875,3972.889892578125,4578050000
2021-04-30 00:00:00-04:00,4198.10009765625,4198.10009765625,4174.85009765625,4181.169921875,4300880000
2021-05-31 00:00:00-04:00,4210.77001953125,4218.35986328125,4203.56982421875,4204.10986328125,4649250000
2021-06-30 00:00:00-04:00,4290.64990234375,4302.43017578125,4287.9599609375,4297.5,4266040000
2021-07-31 00:00:00-04:00,4395.1201171875,4412.25,4389.64990234375,4395.259765625,3956740000
2021-08-31 00:00:00-04:00,4529.75,4531.39013671875,4515.7998046875,4522.68017578125,4290710000
2021-09-30 00:00:00-04:00,4370.669921875,4382.5498046875,4306.240234375,4307.5400390625,4448140000
2021-10-31 00:00:00-04:00,4572.8701171875,4608.080078125,4567.58984375,4605.3798828125,4510200000
2021-11-30 00:00:00-05:00,4640.25,4646.02001953125,4560.0,4567.0,6625990000
2021-12-31 00:00:00-05:00,4775.2099609375,4786.830078125,4765.75,4766.18017578125,2677820000
2022-01-31 00:00:00-05:00,4431.7900390625,4516.89013671875,4414.02001953125,4515.5498046875,5098610000
2022-02-28 00:00:00-05:00,4354.169921875,4388.83984375,4315.1201171875,4373.93994140625,6071370000
2022-03-31 00:00:00-04:00,4599.02001953125,4603.06982421875,4530.41015625,4530.41015625,4823020000
2022-04-30 00:00:00-04:00,4253.75,4269.68017578125,4124.27978515625,4131.93017578125,5084030000
2022-05-31 00:00:00-04:00,4151.08984375,4168.33984375,4104.8798828125,4132.14990234375,6822640000
2022-06-30 00:00:00-04:00,3785.989990234375,3818.989990234375,3738.669921875,3785.3798828125,4840070000
2022-07-31 00:00:00-04:00,4087.330078125,4140.14990234375,4079.219970703125,4130.2900390625,4616360000
2022-08-31 00:00:00-04:00,4000.669921875,4015.3701171875,3954.530029296875,3955.0,4542490000
2022-09-30 00:00:00-04:00,3633.47998046875,3671.43994140625,3584.1298828125,3585.6201171875,5645360000
2022-10-31 00:00:00-04:00,3881.85009765625,3893.72998046875,3863.179931640625,3871.97998046875,4820620000
2022-11-30 00:00:00-05:00,3957.179931640625,4080.110107421875,3938.580078125,4080.110107421875,6579360000
2022-12-31 00:00:00-05:00,3829.06005859375,3839.85009765625,3800.340087890625,3839.5,2979870000
2023-01-31 00:00:00-05:00,4020.85009765625,4077.159912109375,4020.43994140625,4076.60009765625,4679320000
2023-02-28 00:00:00-05:00,3977.18994140625,3997.5,3968.97998046875,3970.14990234375,5043400000
2023-03-31 00:00:00-04:00,4056.179931640625,4110.75,4056.179931640625,4109.31005859375,4525120000
2023-04-30 00:00:00-04:00,4129.6298828125,4170.06005859375,4127.18017578125,4169.47998046875,4087800000
2023-05-31 00:00:00-04:00,4190.740234375,4195.43994140625,4166.14990234375,4179.830078125,5980670000
2023-06-30 00:00:00-04:00,4422.43994140625,4458.47998046875,4422.43994140625,4450.3798828125,3923450000
2023-07-31 00:00:00-04:00,4584.81982421875,4594.22021484375,4573.14013671875,4588.9599609375,4503600000
2023-08-31 00:00:00-04:00,4517.009765625,4532.259765625,4507.39013671875,4507.66015625,3946360000
2023-09-30 00:00:00-04:00,4328.18017578125,4333.14990234375,4274.85986328125,4288.0498046875,3865960000
2023-10-31 00:00:00-04:00,4171.330078125,4195.5498046875,4153.1201171875,4193.7998046875,4249470000
2023-11-30 00:00:00-05:00,4554.8701171875,4569.89013671875,4537.240234375,4567.7998046875,5399300000
2023-12-31 00:00:00-05:00,4782.8798828125,4788.43017578125,4751.990234375,4769.830078125,3126060000
2024-01-31 00:00:00-05:00,4899.18994140625,4906.75,4845.14990234375,4845.64990234375,4696120000
2024-02-29 00:00:00-05:00,5085.35986328125,5104.990234375,5061.89013671875,5096.27001953125,5219740000
2024-03-31 00:00:00-04:00,5248.02978515625,5264.85009765625,5245.81982421875,5254.35009765625,3998270000
2024-04-30 00:00:00-04:00,5103.77978515625,5110.830078125,5035.31005859375,5035.68994140625,4082470000
2024-05-31 00:00:00-04:00,5243.2099609375,5280.330078125,5191.68017578125,5277.509765625,5437160000
2024-06-30 00:00:00-04:00,5488.47998046875,5523.64013671875,5451.1201171875,5460.47998046875,7199220000
2024-07-31 00:00:00-04:00,5505.58984375,5551.509765625,5493.75,5522.2998046875,4546910000
2024-08-31 00:00:00-04:00,5612.740234375,5651.3701171875,5581.7900390625,5648.39990234375,4185850000
2024-09-30 00:00:00-04:00,5726.52001953125,5765.14013671875,5703.52978515625,5762.47998046875,4425730000
2024-10-31 00:00:00-04:00,5775.33984375,5775.33984375,5702.85986328125,5705.4501953125,4425660000
2024-11-30 00:00:00-05:00,6003.97998046875,6044.169921875,6003.97998046875,6032.3798828125,2444420000
2024-12-31 00:00:00-05:00,5919.740234375,5929.740234375,5868.85986328125,5881.6298828125,3128350000
2025-01-31 00:00:00-05:00,6096.7900390625,6120.91015625,6030.93017578125,6040.52978515625,4843770000
2025-02-28 00:00:00-05:00,5856.740234375,5959.39990234375,5837.66015625,5954.5,6441140000
2025-03-31 00:00:00-04:00,5527.91015625,5627.56005859375,5488.72998046875,5611.85009765625,5257250000
2025-04-30 00:00:00-04:00,5499.43994140625,5581.83984375,5433.240234375,5569.06005859375,5449490000
2025-05-31 00:00:00-04:00,5903.669921875,5922.14013671875,5843.66015625,5911.68994140625,6378540000
2025-06-30 00:00:00-04:00,6193.35986328125,6215.080078125,6174.97021484375,6204.9501953125,5782900000
2025-07-31 00:00:00-04:00,6427.02001953125,6427.02001953125,6327.64013671875,6339.39013671875,6077080000
2025-08-31 00:00:00-04:00,6489.27978515625,6491.759765625,6444.56982421875,6460.259765625,4234840000
2025-09-30 00:00:00-04:00,6656.18994140625,6691.25,6641.0,6688.4599609375,6057210000
2025-10-31 00:00:00-04:00,6879.169921875,6879.169921875,6814.259765625,6840.2001953125,6398280000
2025-11-30 00:00:00-05:00,6822.52001953125,6850.85986328125,6819.75,6849.08984375,2558540000
2025-12-31 00:00:00-05:00,6812.2998046875,6843.64990234375,6799.93994140625,6812.6298828125,2786724000
