game_id,season,game_type,week,gameday,weekday,gametime,away_team,away_score,home_team,home_score,location,result,total,overtime,old_game_id,gsis,nfl_detail_id,pfr,pff,espn,ftn,away_rest,home_rest,away_moneyline,home_moneyline,spread_line,away_spread_odds,home_spread_odds,total_line,under_odds,over_odds,div_game,roof,surface,temp,wind,away_qb_id,home_qb_id,away_qb_name,home_qb_name,away_coach,home_coach,referee,stadium_id,stadium
2000_01_DET_NO,2000,REG,1,2000-09-03,Sunday,13:00,DET,14.0,NO,10.0,Home,-4.0,24.0,0.0,2000090304,992.0,,200009030nor,,200903018,,7,7,,,0.0,,,40.5,,,0,dome,astroturf,,,00-0002787,00-0001335,Stoney Case,Jeff Blake,Bobby Ross,Jim Haslett,Tony Corrente,NOR00,Louisiana Superdome
2000_02_WAS_DET,2000,REG,2,2000-09-10,Sunday,16:15,WAS,10.0,DET,15.0,Home,5.0,25.0,0.0,2000091012,1014.0,,200009100det,,200910008,,7,7,,,-5.5,,,43.0,,,0,dome,astroturf,,,00-0008442,00-0000865,Brad Johnson,Charlie Batch,Norv Turner,Bobby Ross,Jeff Triplette,DET99,Pontiac Silverdome
2000_03_TB_DET,2000,REG,3,2000-09-17,Sunday,13:00,TB,31.0,DET,10.0,Home,-21.0,41.0,0.0,2000091711,1028.0,,200009170det,,200917008,,7,7,,,-3.0,,,34.5,,,1,dome,astroturf,,,00-0009266,00-0000865,Shaun King,Charlie Batch,Tony Dungy,Bobby Ross,Gerry Austin,DET99,Pontiac Silverdome
2000_04_DET_CHI,2000,REG,4,2000-09-24,Sunday,13:00,DET,21.0,CHI,14.0,Home,-7.0,35.0,0.0,2000092402,1037.0,,200009240chi,,200924003,,7,7,,,1.0,,,37.5,,,1,outdoors,grass,58.0,12.0,00-0000865,00-0011044,Charlie Batch,Cade McNown,Bobby Ross,Dick Jauron,Ron Blum,CHI98,Soldier Field
2000_05_MIN_DET,2000,REG,5,2000-10-01,Sunday,13:00,MIN,31.0,DET,24.0,Home,-7.0,55.0,0.0,2000100106,1055.0,,200010010det,,201001008,,14,7,,,1.0,,,42.5,,,1,dome,astroturf,,,00-0003739,00-0000865,Daunte Culpepper,Charlie Batch,Dennis Green,Bobby Ross,Bill Carollo,DET99,Pontiac Silverdome
2000_06_GB_DET,2000,REG,6,2000-10-08,Sunday,13:00,GB,24.0,DET,31.0,Home,7.0,55.0,0.0,2000100803,1067.0,,200010080det,,201008008,,7,7,,,3.0,,,43.0,,,1,dome,astroturf,,,00-0005106,00-0000865,Brett Favre,Charlie Batch,Mike Sherman,Bobby Ross,Larry Nemmers,DET99,Pontiac Silverdome
2000_08_DET_TB,2000,REG,8,2000-10-19,Thursday,20:20,DET,28.0,TB,14.0,Home,-14.0,42.0,0.0,2000101900,1092.0,,200010190tam,,201019027,,11,10,,,8.0,,,37.5,,,1,outdoors,grass,76.0,5.0,00-0000865,00-0009266,Charlie Batch,Shaun King,Bobby Ross,Tony Dungy,Tom White,TAM00,Raymond James Stadium
2000_09_DET_IND,2000,REG,9,2000-10-29,Sunday,13:00,DET,18.0,IND,30.0,Home,12.0,48.0,0.0,2000102902,1108.0,,200010290clt,,201029011,,10,7,,,7.0,,,47.0,,,0,dome,astroturf,,,00-0000865,00-0010346,Charlie Batch,Peyton Manning,Gary Moeller,Jim Mora,Mike Carey,IND99,RCA Dome
2000_10_MIA_DET,2000,REG,10,2000-11-05,Sunday,13:00,MIA,23.0,DET,8.0,Home,-15.0,31.0,0.0,2000110506,1126.0,,200011050det,,201105008,,7,7,,,2.5,,,39.0,,,0,dome,astroturf,,,00-0005180,00-0000865,Jay Fiedler,Charlie Batch,Dave Wannstedt,Gary Moeller,Jeff Triplette,DET99,Pontiac Silverdome
2000_11_ATL_DET,2000,REG,11,2000-11-12,Sunday,13:00,ATL,10.0,DET,13.0,Home,3.0,23.0,0.0,2000111201,1137.0,,200011120det,,201112008,,7,7,,,8.5,,,40.0,,,0,dome,astroturf,,,00-0009007,00-0000865,Danny Kanell,Charlie Batch,Dan Reeves,Gary Moeller,Walt Coleman,DET99,Pontiac Silverdome
2000_12_DET_NYG,2000,REG,12,2000-11-19,Sunday,13:00,DET,31.0,NYG,21.0,Home,-10.0,52.0,0.0,2000111907,1158.0,,200011190nyg,,201119019,,7,7,,,5.0,,,36.5,,,0,outdoors,grass,40.0,9.0,00-0000865,00-0003292,Charlie Batch,Kerry Collins,Gary Moeller,Jim Fassel,Bill Carollo,NYC00,Giants Stadium
2000_13_NE_DET,2000,REG,13,2000-11-23,Thursday,12:30,NE,9.0,DET,34.0,Home,25.0,43.0,0.0,2000112301,1167.0,,200011230det,,201123008,,4,4,,,6.5,,,38.0,,,0,dome,astroturf,,,00-0001361,00-0000865,Drew Bledsoe,Charlie Batch,Bill Belichick,Gary Moeller,Ron Winter,DET99,Pontiac Silverdome
2000_14_DET_MIN,2000,REG,14,2000-11-30,Thursday,20:20,DET,17.0,MIN,24.0,Home,7.0,41.0,0.0,2000113000,1242.0,,200011300min,,201130016,,7,7,,,9.0,,,48.5,,,1,dome,astroturf,,,00-0000865,00-0003739,Charlie Batch,Daunte Culpepper,Gary Moeller,Dennis Green,Larry Nemmers,MIN00,Hubert H. Humphrey Metrodome
2000_15_DET_GB,2000,REG,15,2000-12-10,Sunday,13:00,DET,13.0,GB,26.0,Home,13.0,39.0,0.0,2000121003,1199.0,,200012100gnb,,201210009,,10,7,,,3.5,,,41.0,,,1,outdoors,grass,25.0,13.0,00-0000865,00-0005106,Charlie Batch,Brett Favre,Gary Moeller,Mike Sherman,Bob McElwee,GNB00,Lambeau Field
2000_16_DET_NYJ,2000,REG,16,2000-12-17,Sunday,13:00,DET,10.0,NYJ,7.0,Home,-3.0,17.0,0.0,2000121704,1212.0,,200012170nyj,,201217020,,7,7,,,6.5,,,39.5,,,0,outdoors,grass,63.0,20.0,00-0000865,00-0016193,Charlie Batch,Vinny Testaverde,Gary Moeller,Al Groh,Ron Blum,NYC00,Giants Stadium
2000_17_CHI_DET,2000,REG,17,2000-12-24,Sunday,13:00,CHI,23.0,DET,20.0,Home,-3.0,43.0,0.0,2000122402,1226.0,,200012240det,,201224008,,7,7,,,10.0,,,37.0,,,1,dome,astroturf,,,00-0010560,00-0002787,Shane Matthews,Stoney Case,Dick Jauron,Gary Moeller,Tom White,DET99,Pontiac Silverdome
2001_01_DET_GB,2001,REG,1,2001-09-09,Sunday,13:00,DET,6.0,GB,28.0,Home,22.0,34.0,0.0,2001090903,17673.0,,200109090gnb,,210909009,,7,7,,,5.5,,,41.5,,,1,outdoors,grass,60.0,5.0,00-0000865,00-0005106,Charlie Batch,Brett Favre,Marty Mornhinweg,Mike Sherman,Aster Sizemore,GNB00,Lambeau Field
2001_02_DET_CLE,2001,REG,2,2001-09-23,Sunday,13:00,DET,14.0,CLE,24.0,Home,10.0,38.0,0.0,2001092303,17703.0,,200109230cle,,210923005,,14,14,,,-1.5,,,33.0,,,0,outdoors,grass,66.0,6.0,00-0004230,00-0003535,Ty Detmer,Tim Couch,Marty Mornhinweg,Butch Davis,Terry McAulay,CLE00,Cleveland Browns Stadium
2001_04_STL_DET,2001,REG,4,2001-10-08,Monday,09:00,STL,35.0,DET,0.0,Home,-35.0,35.0,0.0,2001100800,17741.0,,200110080det,,211008008,,8,15,,,-12.5,,,48.5,,,0,dome,astroturf,,,00-0017200,00-0004230,Kurt Warner,Ty Detmer,Mike Martz,Marty Mornhinweg,Tom White,DET99,Pontiac Silverdome
2001_05_DET_MIN,2001,REG,5,2001-10-14,Sunday,13:00,DET,26.0,MIN,31.0,Home,5.0,57.0,0.0,2001101404,17746.0,,200110140min,,211014016,,6,7,,,10.0,,,44.0,,,1,dome,astroturf,,,00-0000865,00-0003739,Charlie Batch,Daunte Culpepper,Marty Mornhinweg,Dennis Green,Tony Corrente,MIN00,Hubert H. Humphrey Metrodome
2001_06_TEN_DET,2001,REG,6,2001-10-21,Sunday,13:00,TEN,27.0,DET,24.0,Home,-3.0,51.0,0.0,2001102111,17768.0,,200110210det,,211021008,,7,7,,,-5.5,,,38.5,,,0,dome,astroturf,,,00-0011024,00-0000865,Steve McNair,Charlie Batch,Jeff Fisher,Marty Mornhinweg,Mike Carey,DET99,Pontiac Silverdome
2001_07_CIN_DET,2001,REG,7,2001-10-28,Sunday,13:00,CIN,31.0,DET,27.0,Home,-4.0,58.0,0.0,2001102802,17772.0,,200110280det,,211028008,,7,7,,,3.0,,,39.5,,,0,dome,astroturf,,,00-0009311,00-0000865,Jon Kitna,Charlie Batch,Dick LeBeau,Marty Mornhinweg,Johnny Grier,DET99,Pontiac Silverdome
2001_08_DET_SF,2001,REG,8,2001-11-04,Sunday,16:05,DET,13.0,SF,21.0,Home,8.0,34.0,0.0,2001110404,17788.0,,200111040sfo,,211104025,,7,7,,,8.5,,,47.0,,,0,outdoors,grass,64.0,5.0,00-0000865,00-0005755,Charlie Batch,Jeff Garcia,Marty Mornhinweg,Steve Mariucci,Ed Hochuli,SFO00,3Com Park
2001_09_TB_DET,2001,REG,9,2001-11-11,Sunday,13:00,TB,20.0,DET,17.0,Home,-3.0,37.0,0.0,2001111112,17810.0,,200111110det,,211111008,,7,7,,,-5.0,,,40.0,,,1,dome,astroturf,,,00-0008442,00-0000865,Brad Johnson,Charlie Batch,Tony Dungy,Marty Mornhinweg,Ron Winter,DET99,Pontiac Silverdome
2001_10_DET_ARI,2001,REG,10,2001-11-18,Sunday,16:15,DET,38.0,ARI,45.0,Home,7.0,83.0,0.0,2001111803,17816.0,,200111180crd,,211118022,,7,7,,,2.0,,,39.5,,,0,outdoors,grass,79.0,0.0,00-0000865,00-0013042,Charlie Batch,Jake Plummer,Marty Mornhinweg,Dave McGinnis,Bill Carollo,PHO99,Sun Devil Stadium
2001_11_GB_DET,2001,REG,11,2001-11-22,Thursday,12:30,GB,29.0,DET,27.0,Home,-2.0,56.0,0.0,2001112200,17828.0,,200111220det,,211122008,,4,4,,,-7.0,,,47.0,,,1,dome,astroturf,,,00-0005106,00-0000865,Brett Favre,Charlie Batch,Mike Sherman,Marty Mornhinweg,Jeff Triplette,DET99,Pontiac Silverdome
2001_12_DET_CHI,2001,REG,12,2001-12-02,Sunday,13:00,DET,10.0,CHI,13.0,Home,3.0,23.0,0.0,2001120204,17848.0,,200112020chi,,211202003,,10,7,,,7.0,,,38.0,,,1,outdoors,grass,51.0,13.0,00-0000865,00-0011276,Charlie Batch,Jim Miller,Marty Mornhinweg,Dick Jauron,Terry McAulay,CHI98,Soldier Field
2001_13_DET_TB,2001,REG,13,2001-12-09,Sunday,13:00,DET,12.0,TB,15.0,Home,3.0,27.0,0.0,2001120903,17861.0,,200112090tam,,211209027,,7,7,,,8.0,,,36.5,,,1,outdoors,grass,83.0,5.0,00-0020308,00-0008442,Mike McMahon,Brad Johnson,Marty Mornhinweg,Tony Dungy,Gerry Austin,TAM00,Raymond James Stadium
2001_14_MIN_DET,2001,REG,14,2001-12-16,Sunday,13:00,MIN,24.0,DET,27.0,Home,3.0,51.0,0.0,2001121607,17882.0,,200112160det,,211216008,,7,7,,,-3.0,,,46.5,,,1,dome,astroturf,,,00-0001545,00-0020308,Todd Bouman,Mike McMahon,Dennis Green,Marty Mornhinweg,Ed Hochuli,DET99,Pontiac Silverdome
2001_15_DET_PIT,2001,REG,15,2001-12-23,Sunday,13:00,DET,14.0,PIT,47.0,Home,33.0,61.0,0.0,2001122305,17896.0,,200112230pit,,211223023,,7,7,,,10.0,,,36.0,,,0,outdoors,grass,45.0,13.0,00-0020308,00-0015700,Mike McMahon,Kordell Stewart,Marty Mornhinweg,Bill Cowher,Johnny Grier,PIT00,Heinz Field
2001_16_CHI_DET,2001,REG,16,2001-12-30,Sunday,13:00,CHI,24.0,DET,0.0,Home,-24.0,24.0,0.0,2001123003,17907.0,,200112300det,,211230008,,7,7,,,-5.5,,,38.5,,,1,dome,astroturf,,,00-0011276,00-0004230,Jim Miller,Ty Detmer,Dick Jauron,Marty Mornhinweg,Tony Corrente,DET99,Pontiac Silverdome
2001_17_DAL_DET,2001,REG,17,2002-01-06,Sunday,13:00,DAL,10.0,DET,15.0,Home,5.0,25.0,0.0,2002010604,17689.0,,200201060det,,220106008,,7,7,,,-3.0,,,36.0,,,0,dome,astroturf,,,00-0020404,00-0004230,Quincy Carter,Ty Detmer,Dave Campo,Marty Mornhinweg,Larry Nemmers,DET99,Pontiac Silverdome
2002_01_DET_MIA,2002,REG,1,2002-09-08,Sunday,13:00,DET,21.0,MIA,49.0,Home,28.0,70.0,0.0,2002090806,18102.0,,200209080mia,,220908015,,7,7,,,9.5,,,35.5,,,0,outdoors,grass,87.0,12.0,00-0020308,00-0005180,Mike McMahon,Jay Fiedler,Marty Mornhinweg,Dave Wannstedt,Jeff Triplette,MIA00,Pro Player Stadium
2002_02_DET_CAR,2002,REG,2,2002-09-15,Sunday,13:00,DET,7.0,CAR,31.0,Home,24.0,38.0,0.0,2002091504,18112.0,,200209150car,,220915029,,7,7,,,3.0,,,35.5,,,0,outdoors,grass,72.0,7.0,00-0020308,00-0012732,Mike McMahon,Rodney Peete,Marty Mornhinweg,John Fox,Gerald Austin,CAR00,Ericsson Stadium
2002_03_GB_DET,2002,REG,3,2002-09-22,Sunday,16:15,GB,37.0,DET,31.0,Home,-6.0,68.0,0.0,2002092207,18135.0,,200209220det,,220922008,,7,7,,,-7.5,,,44.0,,,1,dome,fieldturf,,,00-0005106,00-0021141,Brett Favre,Joey Harrington,Mike Sherman,Marty Mornhinweg,Bill Leavy,DET00,Ford Field
2002_04_NO_DET,2002,REG,4,2002-09-29,Sunday,13:00,NO,21.0,DET,26.0,Home,5.0,47.0,0.0,2002092912,18141.0,,200209290det,,220929008,,7,7,,,-9.0,,,45.0,,,0,dome,fieldturf,,,00-0001823,00-0021141,Aaron Brooks,Joey Harrington,Jim Haslett,Marty Mornhinweg,Ron Winter,DET00,Ford Field
2002_06_DET_MIN,2002,REG,6,2002-10-13,Sunday,13:00,DET,24.0,MIN,31.0,Home,7.0,55.0,0.0,2002101308,18172.0,,200210130min,,221013016,,14,14,,,4.5,,,49.0,,,1,dome,astroturf,,,00-0021141,00-0003739,Joey Harrington,Daunte Culpepper,Marty Mornhinweg,Mike Tice,Larry Nemmers,MIN00,Hubert H. Humphrey Metrodome
2002_07_CHI_DET,2002,REG,7,2002-10-20,Sunday,13:00,CHI,20.0,DET,23.0,Home,3.0,43.0,1.0,2002102004,18184.0,,200210200det,,221020008,,13,7,,,-3.0,,,44.5,,,1,dome,fieldturf,,,00-0002876,00-0021141,Chris Chandler,Joey Harrington,Dick Jauron,Marty Mornhinweg,Bernie Kukar,DET00,Ford Field
2002_08_DET_BUF,2002,REG,8,2002-10-27,Sunday,13:00,DET,17.0,BUF,24.0,Home,7.0,41.0,0.0,2002102706,18197.0,,200210270buf,,221027002,,7,7,,,7.5,,,50.0,,,0,outdoors,astroturf,47.0,18.0,00-0021141,00-0001361,Joey Harrington,Drew Bledsoe,Marty Mornhinweg,Gregg Williams,Jeff Triplette,BUF00,Ralph Wilson Stadium
2002_09_DAL_DET,2002,REG,9,2002-11-03,Sunday,13:00,DAL,7.0,DET,9.0,Home,2.0,16.0,0.0,2002110304,18214.0,,200211030det,,221103008,,7,7,,,3.0,,,37.0,,,0,dome,fieldturf,,,00-0020562,00-0021141,Chad Hutchinson,Joey Harrington,Dave Campo,Marty Mornhinweg,Walt Coleman,DET00,Ford Field
2002_10_DET_GB,2002,REG,10,2002-11-10,Sunday,13:00,DET,14.0,GB,40.0,Home,26.0,54.0,0.0,2002111004,18226.0,,200211100gnb,,221110009,,7,6,,,10.5,,,42.0,,,1,outdoors,grass,50.0,6.0,00-0021141,00-0005106,Joey Harrington,Brett Favre,Marty Mornhinweg,Mike Sherman,Dick Hantak,GNB00,Lambeau Field
2002_11_NYJ_DET,2002,REG,11,2002-11-17,Sunday,16:15,NYJ,31.0,DET,14.0,Home,-17.0,45.0,0.0,2002111713,18249.0,,200211170det,,221117008,,7,7,,,-3.0,,,43.0,,,0,dome,fieldturf,,,00-0019559,00-0021141,Chad Pennington,Joey Harrington,Herm Edwards,Marty Mornhinweg,Johnny Grier,DET00,Ford Field
2002_12_DET_CHI,2002,REG,12,2002-11-24,Sunday,13:00,DET,17.0,CHI,20.0,Home,3.0,37.0,1.0,2002112407,18256.0,,200211240chi,,221124003,,7,6,,,5.0,,,37.5,,,1,outdoors,astroplay,45.0,4.0,00-0021141,00-0002876,Joey Harrington,Chris Chandler,Marty Mornhinweg,Dick Jauron,Tony Corrente,CHI99,Memorial Stadium (Champaign)
2002_13_NE_DET,2002,REG,13,2002-11-28,Thursday,12:30,NE,20.0,DET,12.0,Home,-8.0,32.0,0.0,2002112800,18270.0,,200211280det,,221128008,,4,4,,,-6.0,,,46.0,,,0,dome,fieldturf,,,00-0019596,00-0021141,Tom Brady,Joey Harrington,Bill Belichick,Marty Mornhinweg,Larry Nemmers,DET00,Ford Field
2002_14_DET_ARI,2002,REG,14,2002-12-08,Sunday,16:05,DET,20.0,ARI,23.0,Home,3.0,43.0,1.0,2002120803,18295.0,,200212080crd,,221208022,,10,7,,,-1.0,,,39.5,,,0,outdoors,grass,67.0,3.0,00-0021141,00-0013042,Joey Harrington,Jake Plummer,Marty Mornhinweg,Dave McGinnis,Gerald Austin,PHO99,Sun Devil Stadium
2002_15_TB_DET,2002,REG,15,2002-12-15,Sunday,13:00,TB,23.0,DET,20.0,Home,-3.0,43.0,0.0,2002121503,18307.0,,200212150det,,221215008,,7,7,,,-9.5,,,37.0,,,0,dome,fieldturf,,,00-0008442,00-0021141,Brad Johnson,Joey Harrington,Jon Gruden,Marty Mornhinweg,Tom White,DET00,Ford Field
2002_16_DET_ATL,2002,REG,16,2002-12-22,Sunday,13:00,DET,15.0,ATL,36.0,Home,21.0,51.0,0.0,2002122204,18321.0,,200212220atl,,221222001,,7,7,,,10.5,,,44.0,,,0,dome,astroturf,,,00-0020308,00-0020245,Mike McMahon,Michael Vick,Marty Mornhinweg,Dan Reeves,Walt Coleman,ATL00,Georgia Dome
2002_17_MIN_DET,2002,REG,17,2002-12-29,Sunday,13:00,MIN,38.0,DET,36.0,Home,-2.0,74.0,0.0,2002122912,18338.0,,200212290det,,221229008,,8,7,,,-3.5,,,47.0,,,1,dome,fieldturf,,,00-0003739,00-0020308,Daunte Culpepper,Mike McMahon,Mike Tice,Marty Mornhinweg,Bill Carollo,DET00,Ford Field
2003_01_ARI_DET,2003,REG,1,2003-09-07,Sunday,13:00,ARI,24.0,DET,42.0,Home,18.0,66.0,0.0,2003090700,26499.0,,200309070det,,230907008,,7,7,,,3.5,,,39.0,,,0,dome,fieldturf,,,00-0001335,00-0021141,Jeff Blake,Joey Harrington,Dave McGinnis,Steve Mariucci,Bill Carollo,DET00,Ford Field
2003_02_DET_GB,2003,REG,2,2003-09-14,Sunday,13:00,DET,6.0,GB,31.0,Home,25.0,37.0,0.0,2003091402,26512.0,,200309140gnb,,230914009,,7,7,,,7.0,,,45.5,,,1,outdoors,grass,63.0,12.0,00-0021141,00-0005106,Joey Harrington,Brett Favre,Steve Mariucci,Mike Sherman,Bernie Kukar,GNB00,Lambeau Field
2003_03_MIN_DET,2003,REG,3,2003-09-21,Sunday,13:00,MIN,23.0,DET,13.0,Home,-10.0,36.0,0.0,2003092109,26528.0,,200309210det,,230921008,,7,7,,,-4.0,,,47.5,,,1,dome,fieldturf,,,00-0003739,00-0021141,Daunte Culpepper,Joey Harrington,Mike Tice,Steve Mariucci,Tom White,DET00,Ford Field
2003_04_DET_DEN,2003,REG,4,2003-09-28,Sunday,16:15,DET,16.0,DEN,20.0,Home,4.0,36.0,0.0,2003092812,26332.0,,200309280den,,230928007,,7,6,,,12.0,,,44.0,,,0,outdoors,grass,66.0,9.0,00-0021141,00-0013042,Joey Harrington,Jake Plummer,Steve Mariucci,Mike Shanahan,Ron Blum,DEN00,Invesco Field at Mile High
2003_05_DET_SF,2003,REG,5,2003-10-05,Sunday,16:15,DET,17.0,SF,24.0,Home,7.0,41.0,0.0,2003100505,26347.0,,200310050sfo,,231005025,,7,7,,,7.5,,,42.5,,,0,outdoors,grass,66.0,6.0,00-0021141,00-0005755,Joey Harrington,Jeff Garcia,Steve Mariucci,Dennis Erickson,Mike Carey,SFO00,3Com Park
2003_07_DAL_DET,2003,REG,7,2003-10-19,Sunday,13:00,DAL,38.0,DET,7.0,Home,-31.0,45.0,0.0,2003101907,26360.0,,200310190det,,231019008,,7,14,,,-3.0,,,39.0,,,0,dome,fieldturf,,,00-0020404,00-0021141,Quincy Carter,Joey Harrington,Bill Parcells,Steve Mariucci,Terry McAulay,DET00,Ford Field
2003_08_DET_CHI,2003,REG,8,2003-10-26,Sunday,13:00,DET,16.0,CHI,24.0,Home,8.0,40.0,0.0,2003102602,26379.0,,200310260chi,,231026003,,7,7,,,3.0,,,37.5,,,1,outdoors,grass,46.0,10.0,00-0021141,00-0002876,Joey Harrington,Chris Chandler,Steve Mariucci,Dick Jauron,Larry Nemmers,CHI98,Soldier Field
2003_09_OAK_DET,2003,REG,9,2003-11-02,Sunday,13:00,OAK,13.0,DET,23.0,Home,10.0,36.0,0.0,2003110209,26395.0,,200311020det,,231102008,,13,7,,,-3.5,,,39.5,,,0,dome,fieldturf,,,00-0020405,00-0021141,Marques Tuiasosopo,Joey Harrington,Bill Callahan,Steve Mariucci,Jeff Triplette,DET00,Ford Field
2003_10_CHI_DET,2003,REG,10,2003-11-09,Sunday,13:00,CHI,10.0,DET,12.0,Home,2.0,22.0,0.0,2003110901,26409.0,,200311090det,,231109008,,7,7,,,0.0,,,37.5,,,1,dome,fieldturf,,,00-0002876,00-0021141,Chris Chandler,Joey Harrington,Dick Jauron,Steve Mariucci,Bernie Kukar,DET00,Ford Field
2003_11_DET_SEA,2003,REG,11,2003-11-16,Sunday,16:15,DET,14.0,SEA,35.0,Home,21.0,49.0,0.0,2003111613,26432.0,,200311160sea,,231116026,,7,7,,,11.0,,,39.5,,,0,outdoors,fieldturf,46.0,9.0,00-0021141,00-0007091,Joey Harrington,Matt Hasselbeck,Steve Mariucci,Mike Holmgren,Mike Carey,SEA00,Seahawks Stadium
2003_12_DET_MIN,2003,REG,12,2003-11-23,Sunday,13:00,DET,14.0,MIN,24.0,Home,10.0,38.0,0.0,2003112308,26443.0,,200311230min,,231123016,,7,7,,,10.5,,,47.5,,,1,dome,astroturf,,,00-0021141,00-0003739,Joey Harrington,Daunte Culpepper,Steve Mariucci,Mike Tice,Peter Morelli,MIN00,Hubert H. Humphrey Metrodome
2003_13_GB_DET,2003,REG,13,2003-11-27,Thursday,12:30,GB,14.0,DET,22.0,Home,8.0,36.0,0.0,2003112700,26456.0,,200311270det,,231127008,,4,4,,,-6.5,,,44.0,,,1,dome,fieldturf,,,00-0005106,00-0021141,Brett Favre,Joey Harrington,Mike Sherman,Steve Mariucci,Ron Winter,DET00,Ford Field
2003_14_SD_DET,2003,REG,14,2003-12-07,Sunday,13:00,SD,14.0,DET,7.0,Home,-7.0,21.0,0.0,2003120703,26470.0,,200312070det,,231207008,,7,10,,,3.0,,,43.5,,,0,dome,fieldturf,,,00-0005363,00-0021141,Doug Flutie,Joey Harrington,Marty Schottenheimer,Steve Mariucci,Walt Anderson,DET00,Ford Field
2003_15_DET_KC,2003,REG,15,2003-12-14,Sunday,13:00,DET,17.0,KC,45.0,Home,28.0,62.0,0.0,2003121408,26487.0,,200312140kan,,231214012,,7,7,,,14.5,,,45.0,,,0,outdoors,grass,29.0,12.0,00-0021141,00-0006355,Joey Harrington,Trent Green,Steve Mariucci,Dick Vermeil,Bill Leavy,KAN00,Arrowhead Stadium
2003_16_DET_CAR,2003,REG,16,2003-12-21,Sunday,13:00,DET,14.0,CAR,20.0,Home,6.0,34.0,0.0,2003122101,26546.0,,200312210car,,231221029,,7,7,,,7.5,,,37.0,,,0,outdoors,grass,42.0,7.0,00-0021141,00-0004161,Joey Harrington,Jake Delhomme,Steve Mariucci,John Fox,Terry McAulay,CAR00,Ericsson Stadium
2003_17_STL_DET,2003,REG,17,2003-12-28,Sunday,13:00,STL,20.0,DET,30.0,Home,10.0,50.0,0.0,2003122805,26562.0,,200312280det,,231228008,,7,7,,,-12.0,,,45.0,,,0,dome,fieldturf,,,00-0019599,00-0021141,Marc Bulger,Joey Harrington,Mike Martz,Steve Mariucci,Johnny Grier,DET00,Ford Field
2004_01_DET_CHI,2004,REG,1,2004-09-12,Sunday,13:00,DET,20.0,CHI,16.0,Home,-4.0,36.0,0.0,2004091201,26911.0,,200409120chi,,240912003,,7,7,,,1.5,,,38.5,,,1,outdoors,grass,79.0,5.0,00-0021141,00-0022121,Joey Harrington,Rex Grossman,Steve Mariucci,Lovie Smith,Larry Nemmers,CHI98,Soldier Field
2004_02_HOU_DET,2004,REG,2,2004-09-19,Sunday,13:00,HOU,16.0,DET,28.0,Home,12.0,44.0,0.0,2004091902,26927.0,,200409190det,,240919008,,7,7,,,3.0,,,43.5,,,0,dome,fieldturf,,,00-0020608,00-0021141,David Carr,Joey Harrington,Dom Capers,Steve Mariucci,Jeff Triplette,DET00,Ford Field
2004_03_PHI_DET,2004,REG,3,2004-09-26,Sunday,13:00,PHI,30.0,DET,13.0,Home,-17.0,43.0,0.0,2004092602,26943.0,,200409260det,,240926008,,6,7,,,-4.5,,,44.0,,,0,dome,fieldturf,,,00-0011022,00-0021141,Donovan McNabb,Joey Harrington,Andy Reid,Steve Mariucci,Terry McAulay,DET00,Ford Field
2004_05_DET_ATL,2004,REG,5,2004-10-10,Sunday,13:00,DET,17.0,ATL,10.0,Home,-7.0,27.0,0.0,2004101000,26969.0,,200410100atl,,241010001,,14,7,,,6.5,,,41.0,,,0,dome,fieldturf,,,00-0021141,00-0020245,Joey Harrington,Michael Vick,Steve Mariucci,Jim Mora,Ron Winter,ATL00,Georgia Dome
2004_06_GB_DET,2004,REG,6,2004-10-17,Sunday,13:00,GB,38.0,DET,10.0,Home,-28.0,48.0,0.0,2004101704,26987.0,,200410170det,,241017010,,6,7,,,3.0,,,45.0,,,1,dome,fieldturf,,,00-0005106,00-0021141,Brett Favre,Joey Harrington,Mike Sherman,Steve Mariucci,Bill Leavy,DET00,Ford Field
2004_07_DET_NYG,2004,REG,7,2004-10-24,Sunday,13:00,DET,28.0,NYG,13.0,Home,-15.0,41.0,0.0,2004102407,27004.0,,200410240nyg,,241024019,,7,14,,,7.0,,,40.0,,,0,outdoors,fieldturf,52.0,8.0,00-0021141,00-0017200,Joey Harrington,Kurt Warner,Steve Mariucci,Tom Coughlin,Walt Coleman,NYC00,Giants Stadium
2004_08_DET_DAL,2004,REG,8,2004-10-31,Sunday,13:00,DET,21.0,DAL,31.0,Home,10.0,52.0,0.0,2004103101,27012.0,,200410310dal,,241031006,,7,7,,,3.0,,,40.0,,,0,outdoors,fieldturf,78.0,0.0,00-0021141,00-0016193,Joey Harrington,Vinny Testaverde,Steve Mariucci,Bill Parcells,Peter Morelli,DAL99,Texas Stadium
2004_09_WAS_DET,2004,REG,9,2004-11-07,Sunday,13:00,WAS,17.0,DET,10.0,Home,-7.0,27.0,0.0,2004110703,27028.0,,200411070det,,241107008,,7,7,,,3.5,,,37.0,,,0,dome,fieldturf,,,00-0002110,00-0021141,Mark Brunell,Joey Harrington,Joe Gibbs,Steve Mariucci,Mike Carey,DET00,Ford Field
2004_10_DET_JAX,2004,REG,10,2004-11-14,Sunday,13:00,DET,17.0,JAX,23.0,Home,6.0,40.0,1.0,2004111403,27042.0,,200411140jax,,241114030,,7,14,,,3.5,,,34.5,,,0,outdoors,grass,60.0,14.0,00-0021141,00-0021231,Joey Harrington,David Garrard,Steve Mariucci,Jack Del Rio,Scott Green,JAX00,Alltel Stadium
2004_11_DET_MIN,2004,REG,11,2004-11-21,Sunday,13:00,DET,19.0,MIN,22.0,Home,3.0,41.0,0.0,2004112107,27060.0,,200411210min,,241121018,,7,7,,,8.0,,,48.0,,,1,dome,fieldturf,,,00-0021141,00-0003739,Joey Harrington,Daunte Culpepper,Steve Mariucci,Mike Tice,Ed Hochuli,MIN00,Hubert H. Humphrey Metrodome
2004_12_IND_DET,2004,REG,12,2004-11-25,Thursday,12:30,IND,41.0,DET,9.0,Home,-32.0,50.0,0.0,2004112500,27069.0,,200411250det,,241125008,,4,4,,,-8.5,,,54.0,,,0,dome,fieldturf,,,00-0010346,00-0021141,Peyton Manning,Joey Harrington,Tony Dungy,Steve Mariucci,Tom White,DET00,Ford Field
2004_13_ARI_DET,2004,REG,13,2004-12-05,Sunday,13:00,ARI,12.0,DET,26.0,Home,14.0,38.0,0.0,2004120503,27088.0,,200412050det,,241205008,,7,10,,,6.0,,,37.0,,,0,dome,fieldturf,,,00-0022827,00-0021141,John Navarre,Joey Harrington,Dennis Green,Steve Mariucci,Jeff Triplette,DET00,Ford Field
2004_14_DET_GB,2004,REG,14,2004-12-12,Sunday,16:15,DET,13.0,GB,16.0,Home,3.0,29.0,0.0,2004121204,27105.0,,200412120gnb,,241212009,,7,7,,,9.0,,,41.0,,,1,outdoors,grass,33.0,28.0,00-0021141,00-0005106,Joey Harrington,Brett Favre,Steve Mariucci,Mike Sherman,Larry Nemmers,GNB00,Lambeau Field
2004_15_MIN_DET,2004,REG,15,2004-12-19,Sunday,13:00,MIN,28.0,DET,27.0,Home,-1.0,55.0,0.0,2004121903,27123.0,,200412190det,,241219008,,7,7,,,-3.0,,,48.5,,,1,dome,fieldturf,,,00-0003739,00-0021141,Daunte Culpepper,Joey Harrington,Mike Tice,Steve Mariucci,Bernie Kukar,DET00,Ford Field
2004_16_CHI_DET,2004,REG,16,2004-12-26,Sunday,13:00,CHI,13.0,DET,19.0,Home,6.0,32.0,0.0,2004122601,27137.0,,200412260det,,241226008,,7,7,,,6.0,,,37.0,,,1,dome,fieldturf,,,00-0020562,00-0021141,Chad Hutchinson,Joey Harrington,Lovie Smith,Steve Mariucci,Terry McAulay,DET00,Ford Field
2004_17_DET_TEN,2004,REG,17,2005-01-02,Sunday,13:00,DET,19.0,TEN,24.0,Home,5.0,43.0,0.0,2005010208,27157.0,,200501020oti,,250102010,,7,8,,,-2.5,,,45.5,,,0,outdoors,grass,62.0,7.0,00-0021141,00-0019041,Joey Harrington,Billy Volek,Steve Mariucci,Jeff Fisher,Ed Hochuli,NAS00,The Coliseum
2005_01_GB_DET,2005,REG,1,2005-09-11,Sunday,16:15,GB,3.0,DET,17.0,Home,14.0,20.0,0.0,2005091111,28535.0,,200509110det,,250911008,,7,7,,,3.0,,,46.0,,,1,dome,fieldturf,,,00-0005106,00-0021141,Brett Favre,Joey Harrington,Mike Sherman,Steve Mariucci,Jeff Triplette,DET00,Ford Field
2005_02_DET_CHI,2005,REG,2,2005-09-18,Sunday,13:00,DET,6.0,CHI,38.0,Home,32.0,44.0,0.0,2005091802,28542.0,,200509180chi,,250918003,,7,7,,,-2.5,,,34.0,,,1,outdoors,grass,76.0,14.0,00-0021141,00-0023541,Joey Harrington,Kyle Orton,Steve Mariucci,Lovie Smith,Tony Corrente,CHI98,Soldier Field
2005_04_DET_TB,2005,REG,4,2005-10-02,Sunday,13:00,DET,13.0,TB,17.0,Home,4.0,30.0,0.0,2005100202,28577.0,,200510020tam,,251002027,,14,7,,,6.5,,,35.0,,,0,outdoors,grass,87.0,10.0,00-0021141,00-0006423,Joey Harrington,Brian Griese,Steve Mariucci,Jon Gruden,Gerry Austin,TAM00,Raymond James Stadium
2005_05_BAL_DET,2005,REG,5,2005-10-09,Sunday,13:00,BAL,17.0,DET,35.0,Home,18.0,52.0,0.0,2005100900,28588.0,,200510090det,,251009008,,7,7,,,2.0,,,33.0,,,0,dome,fieldturf,,,00-0018272,00-0021141,Anthony Wright,Joey Harrington,Brian Billick,Steve Mariucci,Mike Carey,DET00,Ford Field
2005_06_CAR_DET,2005,REG,6,2005-10-16,Sunday,13:00,CAR,21.0,DET,20.0,Home,-1.0,41.0,0.0,2005101601,28602.0,,200510160det,,251016008,,7,7,,,0.0,,,42.0,,,0,dome,fieldturf,,,00-0004161,00-0021141,Jake Delhomme,Joey Harrington,John Fox,Steve Mariucci,Larry Nemmers,DET00,Ford Field
2005_07_DET_CLE,2005,REG,7,2005-10-23,Sunday,13:00,DET,13.0,CLE,10.0,Home,-3.0,23.0,0.0,2005102300,28614.0,,200510230cle,,251023005,,7,7,,,3.0,,,36.0,,,0,outdoors,grass,47.0,5.0,00-0005755,00-0004293,Jeff Garcia,Trent Dilfer,Steve Mariucci,Romeo Crennel,Walt Coleman,CLE00,Cleveland Browns Stadium
2005_08_CHI_DET,2005,REG,8,2005-10-30,Sunday,13:00,CHI,19.0,DET,13.0,Home,-6.0,32.0,1.0,2005103001,28630.0,,200510300det,,251030008,,7,7,,,3.0,,,32.5,,,1,dome,fieldturf,,,00-0023541,00-0005755,Kyle Orton,Jeff Garcia,Lovie Smith,Steve Mariucci,Bill Carollo,DET00,Ford Field
2005_09_DET_MIN,2005,REG,9,2005-11-06,Sunday,13:00,DET,14.0,MIN,27.0,Home,13.0,41.0,0.0,2005110604,28646.0,,200511060min,,251106016,,7,7,,,-1.5,,,37.5,,,1,dome,fieldturf,,,00-0021141,00-0008442,Joey Harrington,Brad Johnson,Steve Mariucci,Mike Tice,Bill Vinovich,MIN00,Hubert H. Humphrey Metrodome
2005_10_ARI_DET,2005,REG,10,2005-11-13,Sunday,13:00,ARI,21.0,DET,29.0,Home,8.0,50.0,0.0,2005111300,28657.0,,200511130det,,251113008,,7,7,,,4.0,,,40.0,,,0,dome,fieldturf,,,00-0017200,00-0021141,Kurt Warner,Joey Harrington,Dennis Green,Steve Mariucci,Scott Green,DET00,Ford Field
2005_11_DET_DAL,2005,REG,11,2005-11-20,Sunday,13:00,DET,7.0,DAL,20.0,Home,13.0,27.0,0.0,2005112002,28673.0,,200511200dal,,251120006,,7,6,,,8.0,,,39.0,,,0,outdoors,fieldturf,57.0,0.0,00-0021141,00-0001361,Joey Harrington,Drew Bledsoe,Steve Mariucci,Bill Parcells,Ed Hochuli,DAL99,Texas Stadium
2005_12_ATL_DET,2005,REG,12,2005-11-24,Thursday,12:30,ATL,27.0,DET,7.0,Home,-20.0,34.0,0.0,2005112400,28685.0,,200511240det,,251124008,,4,4,,,-3.0,,,40.5,,,0,dome,fieldturf,,,00-0020245,00-0021141,Michael Vick,Joey Harrington,Jim Mora,Steve Mariucci,Peter Morelli,DET00,Ford Field
2005_13_MIN_DET,2005,REG,13,2005-12-04,Sunday,13:00,MIN,21.0,DET,16.0,Home,-5.0,37.0,0.0,2005120407,28705.0,,200512040det,,251204008,,7,10,,,-3.0,,,38.0,,,1,dome,fieldturf,,,00-0008442,00-0005755,Brad Johnson,Jeff Garcia,Mike Tice,Dick Jauron,Tom White,DET00,Ford Field
2005_14_DET_GB,2005,REG,14,2005-12-11,Sunday,20:30,DET,13.0,GB,16.0,Home,3.0,29.0,1.0,2005121114,28731.0,,200512110gnb,,251211009,,7,7,,,5.5,,,37.0,,,1,outdoors,grass,14.0,8.0,00-0005755,00-0005106,Jeff Garcia,Brett Favre,Dick Jauron,Mike Sherman,Mike Carey,GNB00,Lambeau Field
2005_15_CIN_DET,2005,REG,15,2005-12-18,Sunday,16:05,CIN,41.0,DET,17.0,Home,-24.0,58.0,0.0,2005121808,28744.0,,200512180det,,251218008,,7,7,,,-7.5,,,44.0,,,0,dome,fieldturf,,,00-0021429,00-0005755,Carson Palmer,Jeff Garcia,Marvin Lewis,Dick Jauron,Walt Anderson,DET00,Ford Field
2005_16_DET_NO,2005,REG,16,2005-12-24,Saturday,13:00,DET,13.0,NO,12.0,Home,-1.0,25.0,0.0,2005122403,28755.0,,200512240nor,,251224018,,6,6,,,3.0,,,37.5,,,0,dome,fieldturf,,,00-0021141,00-0001545,Joey Harrington,Todd Bouman,Dick Jauron,Jim Haslett,Larry Nemmers,SAN00,Alamo Dome
2005_17_DET_PIT,2005,REG,17,2006-01-01,Sunday,13:00,DET,21.0,PIT,35.0,Home,14.0,56.0,0.0,2006010106,28774.0,,200601010pit,,260101023,,8,8,,,15.5,,,35.5,,,0,outdoors,dessograss,39.0,6.0,00-0021141,00-0022924,Joey Harrington,Ben Roethlisberger,Dick Jauron,Bill Cowher,Walt Coleman,PIT00,Heinz Field
2006_01_SEA_DET,2006,REG,1,2006-09-10,Sunday,13:00,SEA,9.0,DET,6.0,Home,-3.0,15.0,0.0,2006091002,28864.0,,200609100det,3747.0,260910008,,7,7,,,-6.0,,,44.0,,,0,dome,fieldturf,,,00-0007091,00-0009311,Matt Hasselbeck,Jon Kitna,Mike Holmgren,Rod Marinelli,Jeff Triplette,DET00,Ford Field
2006_02_DET_CHI,2006,REG,2,2006-09-17,Sunday,13:00,DET,7.0,CHI,34.0,Home,27.0,41.0,0.0,2006091702,28879.0,,200609170chi,3774.0,260917003,,7,7,,,7.0,,,32.0,,,1,outdoors,grass,68.0,7.0,00-0009311,00-0022121,Jon Kitna,Rex Grossman,Rod Marinelli,Lovie Smith,Mike Carey,CHI98,Soldier Field
2006_03_GB_DET,2006,REG,3,2006-09-24,Sunday,13:00,GB,31.0,DET,24.0,Home,-7.0,55.0,0.0,2006092401,28895.0,,200609240det,3788.0,260924008,,7,7,,,6.5,,,41.0,,,1,dome,fieldturf,,,00-0005106,00-0009311,Brett Favre,Jon Kitna,Mike McCarthy,Rod Marinelli,Walt Anderson,DET00,Ford Field
2006_04_DET_STL,2006,REG,4,2006-10-01,Sunday,16:05,DET,34.0,STL,41.0,Home,7.0,75.0,0.0,2006100108,28914.0,,200610010ram,3798.0,261001014,,7,7,190.0,-210.0,5.5,-108.0,100.0,42.0,101.0,-111.0,0,dome,fieldturf,,,00-0009311,00-0019599,Jon Kitna,Marc Bulger,Rod Marinelli,Scott Linehan,Larry Nemmers,STL00,Edward Jones Dome
2006_05_DET_MIN,2006,REG,5,2006-10-08,Sunday,13:00,DET,17.0,MIN,26.0,Home,9.0,43.0,0.0,2006100804,28926.0,,200610080min,3808.0,261008016,,7,7,249.0,-269.0,4.0,-105.0,-105.0,41.0,,,1,dome,fieldturf,,,00-0009311,00-0008442,Jon Kitna,Brad Johnson,Rod Marinelli,Brad Childress,Gerry Austin,MIN00,Hubert H. Humphrey Metrodome
2006_06_BUF_DET,2006,REG,6,2006-10-15,Sunday,13:00,BUF,17.0,DET,20.0,Home,3.0,37.0,0.0,2006101503,28938.0,,200610150det,3822.0,261015008,,7,7,-120.0,110.0,-1.0,-114.0,106.0,41.0,-105.0,-105.0,0,dome,fieldturf,,,00-0022912,00-0009311,J.P. Losman,Jon Kitna,Dick Jauron,Rod Marinelli,Gene Steratore,DET00,Ford Field
2006_07_DET_NYJ,2006,REG,7,2006-10-22,Sunday,13:00,DET,24.0,NYJ,31.0,Home,7.0,55.0,0.0,2006102206,28955.0,,200610220nyj,3840.0,261022020,,7,7,185.0,-200.0,4.0,-106.0,-102.0,43.5,-105.0,-105.0,0,outdoors,fieldturf,57.0,8.0,00-0009311,00-0019559,Jon Kitna,Chad Pennington,Rod Marinelli,Eric Mangini,Bill Carollo,NYC00,Giants Stadium
2006_09_ATL_DET,2006,REG,9,2006-11-05,Sunday,13:00,ATL,14.0,DET,30.0,Home,16.0,44.0,0.0,2006110503,28978.0,,200611050det,3872.0,261105008,,7,14,-233.0,213.0,-5.0,-106.0,-102.0,47.5,-106.0,-104.0,0,dome,fieldturf,,,00-0020245,00-0009311,Michael Vick,Jon Kitna,Jim Mora,Rod Marinelli,Jerome Boger,DET00,Ford Field
2006_10_SF_DET,2006,REG,10,2006-11-12,Sunday,13:00,SF,19.0,DET,13.0,Home,-6.0,32.0,0.0,2006111202,28991.0,,200611120det,3882.0,261112008,,7,7,250.0,-270.0,6.5,101.0,-109.0,46.0,100.0,-110.0,0,dome,fieldturf,,,00-0023436,00-0009311,Alex Smith,Jon Kitna,Mike Nolan,Rod Marinelli,Walt Coleman,DET00,Ford Field
2006_11_DET_ARI,2006,REG,11,2006-11-19,Sunday,16:05,DET,10.0,ARI,17.0,Home,7.0,27.0,0.0,2006111912,29017.0,,200611190crd,3892.0,261119022,,7,7,123.0,-133.0,2.5,102.0,-110.0,45.5,-118.0,108.0,0,closed,grass,,,00-0009311,00-0024225,Jon Kitna,Matt Leinart,Rod Marinelli,Dennis Green,Scott Green,PHO00,University of Phoenix Stadium
2006_12_MIA_DET,2006,REG,12,2006-11-23,Thursday,12:30,MIA,27.0,DET,10.0,Home,-17.0,37.0,0.0,2006112300,29023.0,,200611230det,3908.0,261123008,,4,4,-141.0,131.0,-3.0,106.0,-114.0,40.5,-101.0,-109.0,0,dome,fieldturf,,,00-0021141,00-0009311,Joey Harrington,Jon Kitna,Nick Saban,Rod Marinelli,Ron Winter,DET00,Ford Field
2006_13_DET_NE,2006,REG,13,2006-12-03,Sunday,13:00,DET,21.0,NE,28.0,Home,7.0,49.0,0.0,2006120303,29043.0,,200612030nwe,3932.0,261203017,,10,7,755.0,-835.0,13.0,-109.0,101.0,41.0,-110.0,100.0,0,outdoors,fieldturf,44.0,7.0,00-0009311,00-0019596,Jon Kitna,Tom Brady,Rod Marinelli,Bill Belichick,Jeff Triplette,BOS00,Gillette Stadium
2006_14_MIN_DET,2006,REG,14,2006-12-10,Sunday,13:00,MIN,30.0,DET,20.0,Home,-10.0,50.0,0.0,2006121003,29057.0,,200612100det,3946.0,261210008,,7,7,106.0,-116.0,1.0,102.0,-110.0,40.5,104.0,-114.0,1,dome,fieldturf,,,00-0008442,00-0009311,Brad Johnson,Jon Kitna,Brad Childress,Rod Marinelli,Bill Carollo,DET00,Ford Field
2006_15_DET_GB,2006,REG,15,2006-12-17,Sunday,13:00,DET,9.0,GB,17.0,Home,8.0,26.0,0.0,2006121704,29074.0,,200612170gnb,3961.0,261217009,,7,7,225.0,-245.0,6.0,102.0,-110.0,45.0,-112.0,102.0,1,outdoors,grass,41.0,10.0,00-0009311,00-0005106,Jon Kitna,Brett Favre,Rod Marinelli,Mike McCarthy,Ed Hochuli,GNB00,Lambeau Field
2006_16_CHI_DET,2006,REG,16,2006-12-24,Sunday,13:00,CHI,26.0,DET,21.0,Home,-5.0,47.0,0.0,2006122403,29090.0,,200612240det,3977.0,261224008,,7,7,-235.0,215.0,-6.0,100.0,-108.0,41.5,100.0,-110.0,1,dome,fieldturf,,,00-0022121,00-0009311,Rex Grossman,Jon Kitna,Lovie Smith,Rod Marinelli,Terry McAulay,DET00,Ford Field
2006_17_DET_DAL,2006,REG,17,2006-12-31,Sunday,13:00,DET,39.0,DAL,31.0,Home,-8.0,70.0,0.0,2006123103,29103.0,,200612310dal,3993.0,261231006,,7,6,773.0,-853.0,13.5,102.0,-110.0,45.5,-104.0,-106.0,0,outdoors,fieldturf,45.0,0.0,00-0009311,00-0021678,Jon Kitna,Tony Romo,Rod Marinelli,Bill Parcells,Gene Steratore,DAL99,Texas Stadium
2007_01_DET_OAK,2007,REG,1,2007-09-09,Sunday,16:15,DET,36.0,OAK,21.0,Home,-15.0,57.0,0.0,2007090908,29205.0,,200709090rai,741.0,270909013,,7,7,137.0,-147.0,3.0,-111.0,103.0,39.5,105.0,-115.0,0,outdoors,grass,66.0,8.0,00-0009311,00-0021206,Jon Kitna,Josh McCown,Rod Marinelli,Lane Kiffin,Tony Corrente,OAK00,McAfee Coliseum
2007_02_MIN_DET,2007,REG,2,2007-09-16,Sunday,16:05,MIN,17.0,DET,20.0,Home,3.0,37.0,1.0,2007091609,29220.0,,200709160det,756.0,270916008,,7,7,166.0,-176.0,3.0,110.0,-118.0,42.5,-105.0,-105.0,1,dome,fieldturf,,,00-0024279,00-0009311,Tarvaris Jackson,Jon Kitna,Brad Childress,Rod Marinelli,Bill Leavy,DET00,Ford Field
2007_03_DET_PHI,2007,REG,3,2007-09-23,Sunday,13:00,DET,21.0,PHI,56.0,Home,35.0,77.0,0.0,2007092306,29233.0,,200709230phi,769.0,270923021,,7,6,185.0,-200.0,5.0,-119.0,111.0,44.5,-104.0,-106.0,0,outdoors,grass,76.0,12.0,00-0009311,00-0011022,Jon Kitna,Donovan McNabb,Rod Marinelli,Andy Reid,Gene Steratore,PHI00,Lincoln Financial Field
2007_04_CHI_DET,2007,REG,4,2007-09-30,Sunday,13:00,CHI,27.0,DET,37.0,Home,10.0,64.0,0.0,2007093004,29247.0,,200709300det,783.0,270930008,,7,7,-125.0,115.0,-2.5,-101.0,-107.0,46.0,-103.0,-107.0,1,dome,fieldturf,,,00-0006423,00-0009311,Brian Griese,Jon Kitna,Lovie Smith,Rod Marinelli,Bill Carollo,DET00,Ford Field
2007_05_DET_WAS,2007,REG,5,2007-10-07,Sunday,13:00,DET,3.0,WAS,34.0,Home,31.0,37.0,0.0,2007100708,29265.0,,200710070was,801.0,271007028,,7,14,187.0,-205.0,4.0,-104.0,-104.0,44.5,-102.0,-108.0,0,outdoors,grass,88.0,8.0,00-0009311,00-0023460,Jon Kitna,Jason Campbell,Rod Marinelli,Joe Gibbs,Ed Hochuli,WAS00,FedExField
2007_07_TB_DET,2007,REG,7,2007-10-21,Sunday,13:00,TB,16.0,DET,23.0,Home,7.0,39.0,0.0,2007102102,29286.0,,200710210det,822.0,271021008,,7,14,119.0,-129.0,2.5,-103.0,-105.0,44.5,-102.0,-108.0,0,dome,fieldturf,,,00-0005755,00-0009311,Jeff Garcia,Jon Kitna,Jon Gruden,Rod Marinelli,John Parry,DET00,Ford Field
2007_08_DET_CHI,2007,REG,8,2007-10-28,Sunday,13:00,DET,16.0,CHI,7.0,Home,-9.0,23.0,0.0,2007102801,29299.0,,200710280chi,835.0,271028003,,7,7,239.0,-259.0,6.0,101.0,-109.0,45.5,-106.0,-104.0,1,outdoors,grass,51.0,5.0,00-0009311,00-0006423,Jon Kitna,Brian Griese,Rod Marinelli,Lovie Smith,Peter Morelli,CHI98,Soldier Field
2007_09_DEN_DET,2007,REG,9,2007-11-04,Sunday,13:00,DEN,7.0,DET,44.0,Home,37.0,51.0,0.0,2007110402,29313.0,,200711040det,849.0,271104008,,6,7,136.0,-146.0,3.0,-112.0,104.0,46.5,-105.0,-105.0,0,dome,fieldturf,,,00-0024226,00-0009311,Jay Cutler,Jon Kitna,Mike Shanahan,Rod Marinelli,Jerome Boger,DET00,Ford Field
2007_10_DET_ARI,2007,REG,10,2007-11-11,Sunday,16:15,DET,21.0,ARI,31.0,Home,10.0,52.0,0.0,2007111109,29334.0,,200711110crd,870.0,271111022,,7,7,124.0,-134.0,2.0,106.0,-114.0,45.0,-105.0,-105.0,0,closed,grass,,,00-0009311,00-0017200,Jon Kitna,Kurt Warner,Rod Marinelli,Ken Whisenhunt,Walt Coleman,PHO00,University of Phoenix Stadium
2007_11_NYG_DET,2007,REG,11,2007-11-18,Sunday,13:00,NYG,16.0,DET,10.0,Home,-6.0,26.0,0.0,2007111812,29351.0,,200711180det,887.0,271118008,,7,7,-139.0,129.0,-2.5,-114.0,106.0,47.5,-121.0,111.0,0,dome,fieldturf,,,00-0022803,00-0009311,Eli Manning,Jon Kitna,Tom Coughlin,Rod Marinelli,Tony Corrente,DET00,Ford Field
2007_12_GB_DET,2007,REG,12,2007-11-22,Thursday,12:30,GB,37.0,DET,26.0,Home,-11.0,63.0,0.0,2007112200,29355.0,,200711220det,891.0,271122008,,4,4,-170.0,160.0,-3.5,114.0,-122.0,46.5,-105.0,-105.0,1,dome,fieldturf,,,00-0005106,00-0009311,Brett Favre,Jon Kitna,Mike McCarthy,Rod Marinelli,Scott Green,DET00,Ford Field
2007_13_DET_MIN,2007,REG,13,2007-12-02,Sunday,13:00,DET,10.0,MIN,42.0,Home,32.0,52.0,0.0,2007120204,29376.0,,200712020min,912.0,271202016,,10,7,220.0,-240.0,5.5,101.0,-109.0,44.0,-106.0,-104.0,1,dome,fieldturf,,,00-0009311,00-0024279,Jon Kitna,Tarvaris Jackson,Rod Marinelli,Brad Childress,Larry Nemmers,MIN00,Hubert H. Humphrey Metrodome
2007_14_DAL_DET,2007,REG,14,2007-12-09,Sunday,13:00,DAL,28.0,DET,27.0,Home,-1.0,55.0,0.0,2007120902,29390.0,,200712090det,926.0,271209008,,10,7,-515.0,465.0,-10.0,-113.0,105.0,50.0,-106.0,-104.0,0,dome,fieldturf,,,00-0021678,00-0009311,Tony Romo,Jon Kitna,Wade Phillips,Rod Marinelli,Gerry Austin,DET00,Ford Field
2007_15_DET_SD,2007,REG,15,2007-12-16,Sunday,16:15,DET,14.0,SD,51.0,Home,37.0,65.0,0.0,2007121611,29416.0,,200712160sdg,952.0,271216024,,7,7,380.0,-420.0,9.5,-104.0,-104.0,45.5,-105.0,-105.0,0,outdoors,grass,67.0,8.0,00-0009311,00-0022942,Jon Kitna,Philip Rivers,Rod Marinelli,Norv Turner,Mike Carey,SDG00,Qualcomm Stadium
2007_16_KC_DET,2007,REG,16,2007-12-23,Sunday,13:00,KC,20.0,DET,25.0,Home,5.0,45.0,0.0,2007122303,29424.0,,200712230det,960.0,271223008,,7,7,240.0,-260.0,6.0,102.0,-110.0,43.5,100.0,-110.0,0,dome,fieldturf,,,00-0024300,00-0009311,Brodie Croyle,Jon Kitna,Herm Edwards,Rod Marinelli,Walt Coleman,DET00,Ford Field
2007_17_DET_GB,2007,REG,17,2007-12-30,Sunday,13:00,DET,13.0,GB,34.0,Home,21.0,47.0,0.0,2007123004,29440.0,,200712300gnb,976.0,271230009,,7,7,167.0,-177.0,3.5,-108.0,100.0,39.0,-101.0,-109.0,1,outdoors,grass,20.0,7.0,00-0009311,00-0005106,Jon Kitna,Brett Favre,Rod Marinelli,Mike McCarthy,Peter Morelli,GNB00,Lambeau Field
2008_01_DET_ATL,2008,REG,1,2008-09-07,Sunday,13:00,DET,21.0,ATL,34.0,Home,13.0,55.0,0.0,2008090700,29529.0,,200809070atl,1069.0,280907001,,7,7,,,-3.0,,,41.0,,,0,dome,fieldturf,,,00-0009311,00-0026143,Jon Kitna,Matt Ryan,Rod Marinelli,Mike Smith,Ron Winter,ATL00,Georgia Dome
2008_02_GB_DET,2008,REG,2,2008-09-14,Sunday,13:00,GB,48.0,DET,25.0,Home,-23.0,73.0,0.0,2008091402,29546.0,,200809140det,1084.0,280914008,,6,7,,,-3.0,,,47.0,,,1,dome,fieldturf,,,00-0023459,00-0009311,Aaron Rodgers,Jon Kitna,Mike McCarthy,Rod Marinelli,Walt Coleman,DET00,Ford Field
2008_03_DET_SF,2008,REG,3,2008-09-21,Sunday,16:05,DET,13.0,SF,31.0,Home,18.0,44.0,0.0,2008092109,29569.0,,200809210sfo,1104.0,280921025,,7,7,,,5.0,,,47.0,,,0,outdoors,grass,67.0,12.0,00-0009311,00-0021296,Jon Kitna,J.T. O'Sullivan,Rod Marinelli,Mike Nolan,Bill Leavy,SFO00,Candlestick Park
2008_05_CHI_DET,2008,REG,5,2008-10-05,Sunday,13:00,CHI,34.0,DET,7.0,Home,-27.0,41.0,0.0,2008100502,29591.0,,200810050det,1129.0,281005008,,7,14,-167.0,157.0,-3.5,114.0,-122.0,45.5,-101.0,-109.0,1,dome,fieldturf,,,00-0023541,00-0009311,Kyle Orton,Jon Kitna,Lovie Smith,Rod Marinelli,Scott Green,DET00,Ford Field
2008_06_DET_MIN,2008,REG,6,2008-10-12,Sunday,13:00,DET,10.0,MIN,12.0,Home,2.0,22.0,0.0,2008101203,29606.0,,200810120min,1143.0,281012016,,7,6,500.0,-700.0,13.0,-104.0,-104.0,44.5,-106.0,-104.0,1,dome,fieldturf,,,00-0023578,00-0005589,Dan Orlovsky,Gus Frerotte,Rod Marinelli,Brad Childress,Tony Corrente,MIN00,Hubert H. Humphrey Metrodome
2008_07_DET_HOU,2008,REG,7,2008-10-19,Sunday,16:05,DET,21.0,HOU,28.0,Home,7.0,49.0,0.0,2008101908,29625.0,,200810190htx,1160.0,281019034,,7,7,461.0,-521.0,11.0,103.0,-111.0,47.5,-111.0,101.0,0,open,grass,,,00-0023578,00-0022787,Dan Orlovsky,Matt Schaub,Rod Marinelli,Gary Kubiak,Bill Carollo,HOU00,Reliant Stadium
2008_08_WAS_DET,2008,REG,8,2008-10-26,Sunday,13:00,WAS,25.0,DET,17.0,Home,-8.0,42.0,0.0,2008102603,29634.0,,200810260det,1172.0,281026008,,7,7,-280.0,260.0,-7.0,-101.0,-107.0,42.0,-107.0,-103.0,0,dome,fieldturf,,,00-0023460,00-0023578,Jason Campbell,Dan Orlovsky,Jim Zorn,Rod Marinelli,John Parry,DET00,Ford Field
2008_09_DET_CHI,2008,REG,9,2008-11-02,Sunday,13:00,DET,23.0,CHI,27.0,Home,4.0,50.0,0.0,2008110201,29645.0,,200811020chi,1184.0,281102003,,7,14,536.0,-636.0,12.5,101.0,-109.0,43.5,-101.0,-109.0,1,outdoors,grass,60.0,9.0,00-0023578,00-0023541,Dan Orlovsky,Kyle Orton,Rod Marinelli,Lovie Smith,Peter Morelli,CHI98,Soldier Field
2008_10_JAX_DET,2008,REG,10,2008-11-09,Sunday,13:00,JAX,38.0,DET,14.0,Home,-24.0,52.0,0.0,2008110902,29661.0,,200811090det,1196.0,281109008,,7,7,-247.0,227.0,-5.5,-104.0,-104.0,43.0,101.0,-111.0,0,dome,fieldturf,,,00-0021231,00-0003739,David Garrard,Daunte Culpepper,Jack Del Rio,Rod Marinelli,Carl Cheffers,DET00,Ford Field
2008_11_DET_CAR,2008,REG,11,2008-11-16,Sunday,13:00,DET,22.0,CAR,31.0,Home,9.0,53.0,0.0,2008111601,29674.0,,200811160car,1213.0,281116029,,7,7,670.0,-740.0,14.0,-103.0,-105.0,40.5,-103.0,-107.0,0,outdoors,grass,54.0,10.0,00-0003739,00-0004161,Daunte Culpepper,Jake Delhomme,Rod Marinelli,John Fox,Bill Leavy,CAR00,Bank of America Stadium
2008_12_TB_DET,2008,REG,12,2008-11-23,Sunday,13:00,TB,38.0,DET,20.0,Home,-18.0,58.0,0.0,2008112304,29693.0,,200811230det,1231.0,281123008,,7,7,-330.0,300.0,-9.0,108.0,-116.0,42.0,-105.0,-105.0,0,dome,fieldturf,,,00-0005755,00-0003739,Jeff Garcia,Daunte Culpepper,Jon Gruden,Rod Marinelli,Bill Carollo,DET00,Ford Field
2008_13_TEN_DET,2008,REG,13,2008-11-27,Thursday,12:30,TEN,47.0,DET,10.0,Home,-37.0,57.0,0.0,2008112700,29704.0,,200811270det,1239.0,281127008,,4,4,-530.0,480.0,-11.0,101.0,-109.0,43.5,-107.0,-103.0,0,dome,fieldturf,,,00-0003292,00-0003739,Kerry Collins,Daunte Culpepper,Jeff Fisher,Rod Marinelli,Jeff Triplette,DET00,Ford Field
2008_14_MIN_DET,2008,REG,14,2008-12-07,Sunday,13:00,MIN,20.0,DET,16.0,Home,-4.0,36.0,0.0,2008120702,29723.0,,200812070det,1262.0,281207008,,7,10,-387.0,357.0,-10.5,-105.0,-103.0,45.0,103.0,-113.0,1,dome,fieldturf,,,00-0005589,00-0003739,Gus Frerotte,Daunte Culpepper,Brad Childress,Rod Marinelli,Jerome Boger,DET00,Ford Field
2008_15_DET_IND,2008,REG,15,2008-12-14,Sunday,13:00,DET,21.0,IND,31.0,Home,10.0,52.0,0.0,2008121405,29742.0,,200812140clt,1279.0,281214011,,7,7,1175.0,-1425.0,16.5,-102.0,-106.0,44.5,-105.0,-105.0,0,closed,fieldturf,,,00-0023578,00-0010346,Dan Orlovsky,Peyton Manning,Rod Marinelli,Tony Dungy,Peter Morelli,IND00,Lucas Oil Stadium
2008_16_NO_DET,2008,REG,16,2008-12-21,Sunday,13:00,NO,42.0,DET,7.0,Home,-35.0,49.0,0.0,2008122101,29755.0,,200812210det,1295.0,281221008,,10,7,-264.0,244.0,-7.0,111.0,-119.0,50.5,-106.0,-104.0,0,dome,fieldturf,,,00-0020531,00-0023578,Drew Brees,Dan Orlovsky,Sean Payton,Rod Marinelli,Alberto Riveron,DET00,Ford Field
2008_17_DET_GB,2008,REG,17,2008-12-28,Sunday,13:00,DET,21.0,GB,31.0,Home,10.0,52.0,0.0,2008122804,29772.0,,200812280gnb,1314.0,281228009,,7,6,490.0,-540.0,11.0,-107.0,-101.0,41.0,-108.0,-102.0,1,outdoors,grass,22.0,13.0,00-0023578,00-0023459,Dan Orlovsky,Aaron Rodgers,Rod Marinelli,Mike McCarthy,Ed Hochuli,GNB00,Lambeau Field
2009_01_DET_NO,2009,REG,1,2009-09-13,Sunday,13:00,DET,27.0,NO,45.0,Home,18.0,72.0,0.0,2009091307,54475.0,,200909130nor,1402.0,290913018,,7,7,660.0,-840.0,14.0,-105.0,-103.0,50.0,105.0,-115.0,0,dome,fieldturf,,,00-0026498,00-0020531,Matthew Stafford,Drew Brees,Jim Schwartz,Sean Payton,Mike Carey,NOR00,Louisiana Superdome
2009_02_MIN_DET,2009,REG,2,2009-09-20,Sunday,13:00,MIN,27.0,DET,13.0,Home,-14.0,40.0,0.0,2009092001,54484.0,,200909200det,1412.0,290920008,,7,7,-475.0,405.0,-10.0,104.0,-113.0,45.0,-109.0,-101.0,1,dome,fieldturf,,,00-0005106,00-0026498,Brett Favre,Matthew Stafford,Brad Childress,Jim Schwartz,Carl Cheffers,DET00,Ford Field
2009_03_WAS_DET,2009,REG,3,2009-09-27,Sunday,13:00,WAS,14.0,DET,19.0,Home,5.0,33.0,0.0,2009092702,54506.0,,200909270det,1428.0,290927008,,7,7,-260.0,228.0,-6.5,102.0,-110.0,39.5,-108.0,-102.0,0,dome,fieldturf,,,00-0023460,00-0026498,Jason Campbell,Matthew Stafford,Jim Zorn,Jim Schwartz,Scott Green,DET00,Ford Field
2009_04_DET_CHI,2009,REG,4,2009-10-04,Sunday,13:00,DET,24.0,CHI,48.0,Home,24.0,72.0,0.0,2009100400,54515.0,,200910040chi,1443.0,291004003,,7,7,420.0,-500.0,9.5,106.0,-115.0,43.0,105.0,-115.0,1,outdoors,grass,53.0,14.0,00-0026498,00-0024226,Matthew Stafford,Jay Cutler,Jim Schwartz,Lovie Smith,Walt Coleman,CHI98,Soldier Field
2009_05_PIT_DET,2009,REG,5,2009-10-11,Sunday,13:00,PIT,28.0,DET,20.0,Home,-8.0,48.0,0.0,2009101103,54532.0,,200910110det,1458.0,291011008,,7,7,-600.0,470.0,-11.0,-107.0,-101.0,44.0,-107.0,-103.0,0,dome,fieldturf,,,00-0022924,00-0003739,Ben Roethlisberger,Daunte Culpepper,Mike Tomlin,Jim Schwartz,Ed Hochuli,DET00,Ford Field
2009_06_DET_GB,2009,REG,6,2009-10-18,Sunday,13:00,DET,0.0,GB,26.0,Home,26.0,26.0,0.0,2009101801,54544.0,,200910180gnb,1472.0,291018009,,7,13,790.0,-1050.0,14.0,-104.0,-104.0,48.5,100.0,-110.0,1,outdoors,grass,46.0,13.0,00-0003739,00-0023459,Daunte Culpepper,Aaron Rodgers,Jim Schwartz,Mike McCarthy,Jerome Boger,GNB00,Lambeau Field
2009_08_STL_DET,2009,REG,8,2009-11-01,Sunday,13:00,STL,17.0,DET,10.0,Home,-7.0,27.0,0.0,2009110104,54574.0,,200911010det,1501.0,291101008,,7,14,149.0,-164.0,3.5,-127.0,117.0,43.5,-104.0,-106.0,0,dome,fieldturf,,,00-0019599,00-0026498,Marc Bulger,Matthew Stafford,Steve Spagnuolo,Jim Schwartz,Ron Winter,DET00,Ford Field
2009_09_DET_SEA,2009,REG,9,2009-11-08,Sunday,16:05,DET,20.0,SEA,32.0,Home,12.0,52.0,0.0,2009110808,54591.0,,200911080sea,1518.0,291108026,,7,7,480.0,-560.0,11.0,-103.0,-105.0,42.0,101.0,-111.0,0,outdoors,fieldturf,48.0,11.0,00-0026498,00-0007091,Matthew Stafford,Matt Hasselbeck,Jim Schwartz,Jim Mora,John Parry,SEA00,Qwest Field
2009_10_DET_MIN,2009,REG,10,2009-11-15,Sunday,13:00,DET,10.0,MIN,27.0,Home,17.0,37.0,0.0,2009111502,54599.0,,200911150min,1529.0,291115016,,7,14,990.0,-1350.0,17.0,-104.0,-104.0,47.5,101.0,-111.0,1,dome,fieldturf,,,00-0026498,00-0005106,Matthew Stafford,Brett Favre,Jim Schwartz,Brad Childress,Walt Anderson,MIN00,Hubert H. Humphrey Metrodome
2009_11_CLE_DET,2009,REG,11,2009-11-22,Sunday,13:00,CLE,37.0,DET,38.0,Home,1.0,75.0,0.0,2009112202,54614.0,,200911220det,1541.0,291122008,,6,7,158.0,-173.0,3.5,-119.0,110.0,37.5,-106.0,-104.0,0,dome,fieldturf,,,00-0025409,00-0026498,Brady Quinn,Matthew Stafford,Eric Mangini,Jim Schwartz,Terry McAulay,DET00,Ford Field
2009_12_GB_DET,2009,REG,12,2009-11-26,Thursday,12:30,GB,34.0,DET,12.0,Home,-22.0,46.0,0.0,2009112600,54627.0,,200911260det,1555.0,291126008,,4,4,-625.0,495.0,-11.0,-110.0,102.0,48.0,-105.0,-105.0,1,dome,fieldturf,,,00-0023459,00-0026498,Aaron Rodgers,Matthew Stafford,Mike McCarthy,Jim Schwartz,Bill Leavy,DET00,Ford Field
2009_13_DET_CIN,2009,REG,13,2009-12-06,Sunday,13:00,DET,13.0,CIN,23.0,Home,10.0,36.0,0.0,2009120603,54647.0,,200912060cin,1574.0,291206004,,10,7,620.0,-750.0,13.5,103.0,-111.0,42.0,-109.0,-101.0,0,outdoors,fieldturf,34.0,7.0,00-0026498,00-0021429,Matthew Stafford,Carson Palmer,Jim Schwartz,Marvin Lewis,Tony Corrente,CIN00,Paul Brown Stadium
2009_14_DET_BAL,2009,REG,14,2009-12-13,Sunday,13:00,DET,3.0,BAL,48.0,Home,45.0,51.0,0.0,2009121301,54661.0,,200912130rav,1595.0,291213033,,7,6,631.0,-811.0,14.0,-107.0,-101.0,40.5,-106.0,-104.0,0,outdoors,sportturf,36.0,3.0,00-0003739,00-0026158,Daunte Culpepper,Joe Flacco,Jim Schwartz,John Harbaugh,Don Carey,BAL00,M&T Bank Stadium
2009_15_ARI_DET,2009,REG,15,2009-12-20,Sunday,13:00,ARI,31.0,DET,24.0,Home,-7.0,55.0,0.0,2009122002,54679.0,,200912200det,1606.0,291220008,,6,7,-830.0,650.0,-14.0,100.0,-108.0,46.5,-111.0,101.0,0,dome,fieldturf,,,00-0017200,00-0003739,Kurt Warner,Daunte Culpepper,Ken Whisenhunt,Jim Schwartz,Jeff Triplette,DET00,Ford Field
2009_16_DET_SF,2009,REG,16,2009-12-27,Sunday,16:05,DET,6.0,SF,20.0,Home,14.0,26.0,0.0,2009122711,54703.0,,200912270sfo,1631.0,291227025,,7,7,655.0,-835.0,14.0,-101.0,-107.0,41.0,-105.0,-105.0,0,outdoors,grass,55.0,5.0,00-0025430,00-0023436,Drew Stanton,Alex Smith,Jim Schwartz,Mike Singletary,Walt Anderson,SFO00,Candlestick Park
2009_17_CHI_DET,2009,REG,17,2010-01-03,Sunday,13:00,CHI,37.0,DET,23.0,Home,-14.0,60.0,0.0,2010010304,54711.0,,201001030det,1638.0,300103008,,6,7,-215.0,189.0,-4.0,-110.0,102.0,44.0,-106.0,-104.0,1,dome,fieldturf,,,00-0024226,00-0003739,Jay Cutler,Daunte Culpepper,Lovie Smith,Jim Schwartz,Jerome Boger,DET00,Ford Field
2010_01_DET_CHI,2010,REG,1,2010-09-12,Sunday,13:00,DET,14.0,CHI,19.0,Home,5.0,33.0,0.0,2010091207,54865.0,,201009120chi,1736.0,300912003,,7,7,248.0,-280.0,6.5,103.0,-111.0,44.5,-105.0,-105.0,1,outdoors,grass,75.0,10.0,00-0026498,00-0024226,Matthew Stafford,Jay Cutler,Jim Schwartz,Lovie Smith,Gene Steratore,CHI98,Soldier Field
2010_02_PHI_DET,2010,REG,2,2010-09-19,Sunday,13:00,PHI,35.0,DET,32.0,Home,-3.0,67.0,0.0,2010091906,54884.0,,201009190det,1747.0,300919008,,7,7,-276.0,244.0,-6.5,101.0,-109.0,41.0,-108.0,-102.0,0,dome,fieldturf,,,00-0020245,00-0020679,Michael Vick,Shaun Hill,Andy Reid,Jim Schwartz,Clete Blakeman,DET00,Ford Field
2010_03_DET_MIN,2010,REG,3,2010-09-26,Sunday,13:00,DET,10.0,MIN,24.0,Home,14.0,34.0,0.0,2010092605,54899.0,,201009260min,1766.0,300926016,,7,7,534.0,-650.0,13.0,-103.0,-105.0,42.5,-105.0,-105.0,1,dome,sportturf,,,00-0020679,00-0005106,Shaun Hill,Brett Favre,Jim Schwartz,Brad Childress,Ed Hochuli,MIN00,Mall of America Field
2010_04_DET_GB,2010,REG,4,2010-10-03,Sunday,13:00,DET,26.0,GB,28.0,Home,2.0,54.0,0.0,2010100304,54914.0,,201010030gnb,1779.0,301003009,,7,6,816.0,-1100.0,14.5,-101.0,-107.0,46.0,-113.0,102.0,1,outdoors,grass,52.0,8.0,00-0020679,00-0023459,Shaun Hill,Aaron Rodgers,Jim Schwartz,Mike McCarthy,Mike Carey,GNB00,Lambeau Field
2010_05_STL_DET,2010,REG,5,2010-10-10,Sunday,13:00,STL,6.0,DET,44.0,Home,38.0,50.0,0.0,2010101004,54930.0,,201010100det,1793.0,301010008,,7,7,129.0,-143.0,3.0,-114.0,105.0,43.5,100.0,-110.0,0,dome,fieldturf,,,00-0027854,00-0020679,Sam Bradford,Shaun Hill,Steve Spagnuolo,Jim Schwartz,Bill Leavy,DET00,Ford Field
2010_06_DET_NYG,2010,REG,6,2010-10-17,Sunday,13:00,DET,20.0,NYG,28.0,Home,8.0,48.0,0.0,2010101705,54943.0,,201010170nyg,1808.0,301017019,,7,7,423.0,-500.0,10.0,-107.0,-101.0,45.5,-105.0,-105.0,0,outdoors,fieldturf,63.0,9.0,00-0020679,00-0022803,Shaun Hill,Eli Manning,Jim Schwartz,Tom Coughlin,Jeff Triplette,NYC01,New Meadowlands Stadium
2010_08_WAS_DET,2010,REG,8,2010-10-31,Sunday,13:00,WAS,25.0,DET,37.0,Home,12.0,62.0,0.0,2010103104,54829.0,,201010310det,1835.0,301031008,,7,14,122.0,-135.0,2.5,105.0,-114.0,44.5,-108.0,-102.0,0,dome,fieldturf,,,00-0011022,00-0026498,Donovan McNabb,Matthew Stafford,Mike Shanahan,Jim Schwartz,Jerome Boger,DET00,Ford Field
2010_09_NYJ_DET,2010,REG,9,2010-11-07,Sunday,13:00,NYJ,23.0,DET,20.0,Home,-3.0,43.0,1.0,2010110700,54845.0,,201011070det,1844.0,301107008,,7,7,-240.0,214.0,-5.5,-105.0,-103.0,42.5,100.0,-110.0,0,dome,fieldturf,,,00-0026898,00-0026498,Mark Sanchez,Matthew Stafford,Rex Ryan,Jim Schwartz,Alberto Riveron,DET00,Ford Field
2010_10_DET_BUF,2010,REG,10,2010-11-14,Sunday,13:00,DET,12.0,BUF,14.0,Home,2.0,26.0,0.0,2010111406,54854.0,,201011140buf,1864.0,301114002,,7,7,108.0,-119.0,1.5,-104.0,-104.0,45.0,104.0,-115.0,0,outdoors,astroplay,58.0,12.0,00-0020679,00-0023682,Shaun Hill,Ryan Fitzpatrick,Jim Schwartz,Chan Gailey,Walt Coleman,BUF00,Ralph Wilson Stadium
2010_11_DET_DAL,2010,REG,11,2010-11-21,Sunday,13:00,DET,19.0,DAL,35.0,Home,16.0,54.0,0.0,2010112105,54963.0,,201011210dal,1879.0,301121006,,7,7,211.0,-237.0,5.0,-108.0,100.0,47.5,102.0,-113.0,0,closed,matrixturf,,,00-0020679,00-0009311,Shaun Hill,Jon Kitna,Jim Schwartz,Jason Garrett,Carl Cheffers,DAL00,Cowboys Stadium
2010_12_NE_DET,2010,REG,12,2010-11-25,Thursday,12:30,NE,45.0,DET,24.0,Home,-21.0,69.0,0.0,2010112500,54976.0,,201011250det,1887.0,301125008,,4,4,-275.0,244.0,-6.0,-101.0,-107.0,50.5,104.0,-115.0,0,dome,fieldturf,,,00-0019596,00-0020679,Tom Brady,Shaun Hill,Bill Belichick,Jim Schwartz,Ron Winter,DET00,Ford Field
2010_13_CHI_DET,2010,REG,13,2010-12-05,Sunday,13:00,CHI,24.0,DET,20.0,Home,-4.0,44.0,0.0,2010120505,54994.0,,201012050det,1909.0,301205008,,7,10,-225.0,201.0,-5.0,-103.0,-105.0,43.0,100.0,-110.0,1,dome,fieldturf,,,00-0024226,00-0025430,Jay Cutler,Drew Stanton,Lovie Smith,Jim Schwartz,Ed Hochuli,DET00,Ford Field
2010_14_GB_DET,2010,REG,14,2010-12-12,Sunday,13:00,GB,3.0,DET,7.0,Home,4.0,10.0,0.0,2010121205,55014.0,,201012120det,1925.0,301212008,,7,7,-320.0,281.0,-7.0,102.0,-110.0,45.5,-102.0,-108.0,1,dome,fieldturf,,,00-0023459,00-0025430,Aaron Rodgers,Drew Stanton,Mike McCarthy,Jim Schwartz,Gene Steratore,DET00,Ford Field
2010_15_DET_TB,2010,REG,15,2010-12-19,Sunday,13:00,DET,23.0,TB,20.0,Home,-3.0,43.0,1.0,2010121908,55033.0,,201012190tam,1944.0,301219027,,7,7,177.0,-197.0,3.5,100.0,-108.0,43.0,-105.0,-105.0,0,outdoors,grass,54.0,10.0,00-0025430,00-0026993,Drew Stanton,Josh Freeman,Jim Schwartz,Raheem Morris,Terry McAulay,TAM00,Raymond James Stadium
2010_16_DET_MIA,2010,REG,16,2010-12-26,Sunday,13:00,DET,34.0,MIA,27.0,Home,-7.0,61.0,0.0,2010122607,55047.0,,201012260mia,1960.0,301226015,,7,7,167.0,-186.0,3.5,-105.0,-103.0,41.0,-108.0,-102.0,0,outdoors,grass,69.0,22.0,00-0020679,00-0026197,Shaun Hill,Chad Henne,Jim Schwartz,Tony Sparano,Tony Corrente,MIA00,Sun Life Stadium
2010_17_MIN_DET,2010,REG,17,2011-01-02,Sunday,13:00,MIN,13.0,DET,20.0,Home,7.0,33.0,0.0,2011010209,55059.0,,201101020det,1976.0,310102008,,5,7,171.0,-190.0,3.5,-107.0,-101.0,43.5,-115.0,104.0,1,dome,fieldturf,,,00-0027796,00-0020679,Joe Webb,Shaun Hill,Leslie Frazier,Jim Schwartz,Walt Anderson,DET00,Ford Field
2011_01_DET_TB,2011,REG,1,2011-09-11,Sunday,13:00,DET,27.0,TB,20.0,Home,-7.0,47.0,0.0,2011091106,55172.0,,201109110tam,2062.0,310911027,,7,7,113.0,-125.0,1.0,109.0,-118.0,43.5,-107.0,-103.0,0,outdoors,grass,86.0,6.0,00-0026498,00-0026993,Matthew Stafford,Josh Freeman,Jim Schwartz,Raheem Morris,Walt Anderson,TAM00,Raymond James Stadium
2011_02_KC_DET,2011,REG,2,2011-09-18,Sunday,13:00,KC,3.0,DET,48.0,Home,45.0,51.0,0.0,2011091800,55182.0,,201109180det,2081.0,310918008,,7,7,285.0,-325.0,9.0,-125.0,115.0,45.0,-104.0,-106.0,0,dome,fieldturf,,,00-0023662,00-0026498,Matt Cassel,Matthew Stafford,Todd Haley,Jim Schwartz,Tony Corrente,DET00,Ford Field
2011_03_DET_MIN,2011,REG,3,2011-09-25,Sunday,13:00,DET,26.0,MIN,23.0,Home,-3.0,49.0,1.0,2011092506,55200.0,,201109250min,2104.0,310925016,,7,7,-160.0,144.0,-3.0,-108.0,100.0,44.5,-102.0,-108.0,1,dome,sportturf,,,00-0026498,00-0011022,Matthew Stafford,Donovan McNabb,Jim Schwartz,Leslie Frazier,Ron Winter,MIN00,Mall of America Field
2011_04_DET_DAL,2011,REG,4,2011-10-02,Sunday,13:00,DET,34.0,DAL,30.0,Home,-4.0,64.0,0.0,2011100203,55215.0,,201110020dal,2112.0,311002006,,7,6,120.0,-133.0,2.5,-104.0,-104.0,46.0,-103.0,-107.0,0,closed,matrixturf,,,00-0026498,00-0021678,Matthew Stafford,Tony Romo,Jim Schwartz,Jason Garrett,John Parry,DAL00,Cowboys Stadium
2011_05_CHI_DET,2011,REG,5,2011-10-10,Monday,20:30,CHI,13.0,DET,24.0,Home,11.0,37.0,0.0,2011101000,55240.0,,201110100det,2134.0,311010008,,8,8,248.0,-280.0,6.5,-104.0,-104.0,47.0,100.0,-110.0,1,dome,fieldturf,,,00-0024226,00-0026498,Jay Cutler,Matthew Stafford,Lovie Smith,Jim Schwartz,Clete Blakeman,DET00,Ford Field
2011_06_SF_DET,2011,REG,6,2011-10-16,Sunday,13:00,SF,25.0,DET,19.0,Home,-6.0,44.0,0.0,2011101604,55243.0,,201110160det,2140.0,311016008,,7,6,203.0,-227.0,5.5,-109.0,101.0,45.0,100.0,-110.0,0,dome,fieldturf,,,00-0023436,00-0026498,Alex Smith,Matthew Stafford,Jim Harbaugh,Jim Schwartz,Mike Carey,DET00,Ford Field
2011_07_ATL_DET,2011,REG,7,2011-10-23,Sunday,13:00,ATL,23.0,DET,16.0,Home,-7.0,39.0,0.0,2011102303,55256.0,,201110230det,2154.0,311023008,,7,7,197.0,-220.0,4.5,-103.0,-105.0,47.0,101.0,-111.0,0,dome,fieldturf,,,00-0026143,00-0026498,Matt Ryan,Matthew Stafford,Mike Smith,Jim Schwartz,Bill Leavy,DET00,Ford Field
2011_08_DET_DEN,2011,REG,8,2011-10-30,Sunday,16:05,DET,45.0,DEN,10.0,Home,-35.0,55.0,0.0,2011103006,55274.0,,201110300den,2163.0,311030007,,7,7,-171.0,154.0,-3.0,-115.0,106.0,43.5,103.0,-114.0,0,outdoors,grass,56.0,5.0,00-0026498,00-0027876,Matthew Stafford,Tim Tebow,Jim Schwartz,John Fox,Walt Coleman,DEN00,Sports Authority Field at Mile High
2011_10_DET_CHI,2011,REG,10,2011-11-13,Sunday,16:15,DET,13.0,CHI,37.0,Home,24.0,50.0,0.0,2011111307,55297.0,,201111130chi,2190.0,311113003,,14,6,122.0,-135.0,2.5,102.0,-110.0,42.5,-108.0,-102.0,1,outdoors,grass,69.0,22.0,00-0026498,00-0024226,Matthew Stafford,Jay Cutler,Jim Schwartz,Lovie Smith,Peter Morelli,CHI98,Soldier Field
2011_11_CAR_DET,2011,REG,11,2011-11-20,Sunday,13:00,CAR,35.0,DET,49.0,Home,14.0,84.0,0.0,2011112006,55314.0,,201111200det,2211.0,311120008,,7,7,285.0,-325.0,7.0,-107.0,-101.0,47.5,-105.0,-105.0,0,dome,fieldturf,,,00-0027939,00-0026498,Cam Newton,Matthew Stafford,Ron Rivera,Jim Schwartz,Gene Steratore,DET00,Ford Field
2011_12_GB_DET,2011,REG,12,2011-11-24,Thursday,12:30,GB,27.0,DET,15.0,Home,-12.0,42.0,0.0,2011112400,55324.0,,201111240det,2219.0,311124008,,4,4,-190.0,171.0,-4.0,-103.0,-105.0,55.0,101.0,-111.0,1,dome,fieldturf,,,00-0023459,00-0026498,Aaron Rodgers,Matthew Stafford,Mike McCarthy,Jim Schwartz,Terry McAulay,DET00,Ford Field
2011_13_DET_NO,2011,REG,13,2011-12-04,Sunday,20:20,DET,17.0,NO,31.0,Home,14.0,48.0,0.0,2011120406,55346.0,,201112040nor,2245.0,311204018,,10,6,301.0,-345.0,9.5,-104.0,-104.0,55.0,-109.0,-101.0,0,dome,sportturf,,,00-0026498,00-0020531,Matthew Stafford,Drew Brees,Jim Schwartz,Sean Payton,Clete Blakeman,NOR00,Mercedes-Benz Superdome
2011_14_MIN_DET,2011,REG,14,2011-12-11,Sunday,13:00,MIN,28.0,DET,34.0,Home,6.0,62.0,0.0,2011121105,55360.0,,201112110det,2259.0,311211008,,7,7,423.0,-500.0,10.0,-103.0,-105.0,48.0,-105.0,-105.0,1,dome,fieldturf,,,00-0027950,00-0026498,Christian Ponder,Matthew Stafford,Leslie Frazier,Jim Schwartz,John Parry,DET00,Ford Field
2011_15_DET_OAK,2011,REG,15,2011-12-18,Sunday,16:05,DET,28.0,OAK,27.0,Home,-1.0,55.0,0.0,2011121808,55382.0,,201112180rai,2277.0,311218013,,7,7,-144.0,130.0,-1.0,-137.0,126.0,47.5,-101.0,-109.0,0,outdoors,grass,50.0,1.0,00-0026498,00-0021429,Matthew Stafford,Carson Palmer,Jim Schwartz,Hue Jackson,Bill Leavy,OAK00,O.co Coliseum
2011_16_SD_DET,2011,REG,16,2011-12-24,Saturday,16:05,SD,10.0,DET,38.0,Home,28.0,48.0,0.0,2011122410,55399.0,,201112240det,2288.0,311224008,,6,6,100.0,-110.0,-1.0,106.0,-115.0,52.5,-107.0,-103.0,0,dome,fieldturf,,,00-0022942,00-0026498,Philip Rivers,Matthew Stafford,Norv Turner,Jim Schwartz,Ed Hochuli,DET00,Ford Field
2011_17_DET_GB,2011,REG,17,2012-01-01,Sunday,13:00,DET,41.0,GB,45.0,Home,4.0,86.0,0.0,2012010108,55407.0,,201201010gnb,2307.0,320101009,,8,7,-260.0,231.0,-6.5,-105.0,-103.0,41.5,101.0,-111.0,1,outdoors,grass,31.0,20.0,00-0026498,00-0026349,Matthew Stafford,Matt Flynn,Jim Schwartz,Mike McCarthy,Walt Coleman,GNB00,Lambeau Field
2011_18_DET_NO,2011,WC,18,2012-01-07,Saturday,20:00,DET,28.0,NO,45.0,Home,17.0,73.0,0.0,2012010701,55491.0,,201201070nor,2315.0,320107018,,6,6,439.0,-520.0,10.5,-116.0,107.0,59.5,112.0,-124.0,0,dome,sportturf,,,00-0026498,00-0020531,Matthew Stafford,Drew Brees,Jim Schwartz,Sean Payton,Tony Corrente,NOR00,Mercedes-Benz Superdome
2012_01_STL_DET,2012,REG,1,2012-09-09,Sunday,13:00,STL,23.0,DET,27.0,Home,4.0,50.0,0.0,2012090905,55507.0,,201209090det,2402.0,320909008,,7,7,341.0,-394.0,9.0,-116.0,107.0,46.0,-104.0,-106.0,0,dome,fieldturf,,,00-0027854,00-0026498,Sam Bradford,Matthew Stafford,Jeff Fisher,Jim Schwartz,Donovan Briggans,DET00,Ford Field
2012_02_DET_SF,2012,REG,2,2012-09-16,Sunday,20:20,DET,19.0,SF,27.0,Home,8.0,46.0,0.0,2012091613,55534.0,,201209160sfo,2411.0,320916025,,7,7,239.0,-270.0,7.0,-117.0,108.0,46.0,-101.0,-109.0,0,outdoors,grass,62.0,15.0,00-0026498,00-0023436,Matthew Stafford,Alex Smith,Jim Schwartz,Jim Harbaugh,Matt Nicks,SFO00,Candlestick Park
2012_03_DET_TEN,2012,REG,3,2012-09-23,Sunday,13:00,DET,41.0,TEN,44.0,Home,3.0,85.0,1.0,2012092303,55544.0,,201209230oti,2426.0,320923010,,7,7,-195.0,175.0,-3.5,-108.0,100.0,47.0,-101.0,-109.0,0,outdoors,grass,68.0,5.0,00-0026498,00-0027946,Matthew Stafford,Jake Locker,Jim Schwartz,Mike Munchak,Gerald Wright,NAS00,LP Field
2012_04_MIN_DET,2012,REG,4,2012-09-30,Sunday,13:00,MIN,20.0,DET,13.0,Home,-7.0,33.0,0.0,2012093003,55555.0,,201209300det,2442.0,320930008,,7,7,171.0,-190.0,3.5,-108.0,100.0,48.0,-102.0,-108.0,1,dome,fieldturf,,,00-0027950,00-0026498,Christian Ponder,Matthew Stafford,Leslie Frazier,Jim Schwartz,Clete Blakeman,DET00,Ford Field
2012_06_DET_PHI,2012,REG,6,2012-10-14,Sunday,13:00,DET,26.0,PHI,23.0,Home,-3.0,49.0,1.0,2012101404,55587.0,,201210140phi,2471.0,321014021,,14,7,167.0,-186.0,3.5,-103.0,-105.0,47.5,-103.0,-107.0,0,outdoors,grass,66.0,15.0,00-0026498,00-0020245,Matthew Stafford,Michael Vick,Jim Schwartz,Andy Reid,Bill Vinocich,PHI00,Lincoln Financial Field
2012_07_DET_CHI,2012,REG,7,2012-10-22,Monday,20:30,DET,7.0,CHI,13.0,Home,6.0,20.0,0.0,2012102200,55607.0,,201210220chi,2493.0,321022003,,8,15,235.0,-265.0,6.5,-104.0,-104.0,45.5,109.0,-120.0,1,outdoors,grass,63.0,8.0,00-0026498,00-0024226,Matthew Stafford,Jay Cutler,Jim Schwartz,Lovie Smith,Alberto Riveron,CHI98,Soldier Field
2012_08_SEA_DET,2012,REG,8,2012-10-28,Sunday,13:00,SEA,24.0,DET,28.0,Home,4.0,52.0,0.0,2012102807,55611.0,,201210280det,2505.0,321028008,,10,6,133.0,-147.0,3.0,-110.0,102.0,42.5,-107.0,-103.0,0,dome,fieldturf,,,00-0029263,00-0026498,Russell Wilson,Matthew Stafford,Pete Carroll,Jim Schwartz,John Parry,DET00,Ford Field
2012_09_DET_JAX,2012,REG,9,2012-11-04,Sunday,13:00,DET,31.0,JAX,14.0,Home,-17.0,45.0,0.0,2012110402,55628.0,,201211040jax,2516.0,321104030,,7,7,-245.0,218.0,-6.0,-104.0,-104.0,44.0,-106.0,-104.0,0,outdoors,grass,81.0,10.0,00-0026498,00-0027948,Matthew Stafford,Blaine Gabbert,Jim Schwartz,Mike Mularkey,Gene Steratore,JAX00,EverBank Field
2012_10_DET_MIN,2012,REG,10,2012-11-11,Sunday,13:00,DET,24.0,MIN,34.0,Home,10.0,58.0,0.0,2012111107,55641.0,,201211110min,2527.0,321111016,,7,7,-171.0,154.0,-3.0,-114.0,105.0,46.0,-105.0,-105.0,1,dome,sportturf,,,00-0026498,00-0027950,Matthew Stafford,Christian Ponder,Jim Schwartz,Leslie Frazier,Peter Morelli,MIN00,Mall of America Field
2012_11_GB_DET,2012,REG,11,2012-11-18,Sunday,13:00,GB,24.0,DET,20.0,Home,-4.0,44.0,0.0,2012111801,55654.0,,201211180det,2541.0,321118008,,14,7,-160.0,144.0,-3.0,-106.0,-102.0,53.5,-108.0,-102.0,1,dome,fieldturf,,,00-0023459,00-0026498,Aaron Rodgers,Matthew Stafford,Mike McCarthy,Jim Schwartz,Ron Winter,DET00,Ford Field
2012_12_HOU_DET,2012,REG,12,2012-11-22,Thursday,12:30,HOU,34.0,DET,31.0,Home,-3.0,65.0,1.0,2012112200,55664.0,,201211220det,2550.0,321122008,,4,4,-170.0,153.0,-3.5,107.0,-116.0,48.5,-113.0,102.0,0,dome,fieldturf,,,00-0022787,00-0026498,Matt Schaub,Matthew Stafford,Gary Kubiak,Jim Schwartz,Walt Coleman,DET00,Ford Field
2012_13_IND_DET,2012,REG,13,2012-12-02,Sunday,13:00,IND,35.0,DET,33.0,Home,-2.0,68.0,0.0,2012120205,55683.0,,201212020det,2572.0,321202008,,7,10,273.0,-310.0,7.0,-102.0,-106.0,51.5,100.0,-110.0,0,dome,fieldturf,,,00-0029668,00-0026498,Andrew Luck,Matthew Stafford,Chuck Pagano,Jim Schwartz,Bill Vinovich,DET00,Ford Field
2012_14_DET_GB,2012,REG,14,2012-12-09,Sunday,20:20,DET,20.0,GB,27.0,Home,7.0,47.0,0.0,2012120913,55710.0,,201212090gnb,2588.0,321209009,,7,7,217.0,-244.0,6.0,-113.0,104.0,49.5,-111.0,101.0,1,outdoors,grass,33.0,10.0,00-0026498,00-0023459,Matthew Stafford,Aaron Rodgers,Jim Schwartz,Mike McCarthy,Tony Corrente,GNB00,Lambeau Field
2012_15_DET_ARI,2012,REG,15,2012-12-16,Sunday,16:05,DET,10.0,ARI,38.0,Home,28.0,48.0,0.0,2012121608,55721.0,,201212160crd,2601.0,321216022,,7,7,-224.0,200.0,-5.5,104.0,-113.0,43.5,100.0,-110.0,0,closed,grass,,,00-0026498,00-0029531,Matthew Stafford,Ryan Lindley,Jim Schwartz,Ken Whisenhunt,Jerome Boger,PHO00,University of Phoenix Stadium
2012_16_ATL_DET,2012,REG,16,2012-12-22,Saturday,20:30,ATL,31.0,DET,18.0,Home,-13.0,49.0,0.0,2012122200,55728.0,,201212220det,2614.0,321222008,,6,6,-190.0,171.0,-3.5,-104.0,-104.0,50.0,-104.0,-106.0,0,dome,fieldturf,,,00-0026143,00-0026498,Matt Ryan,Matthew Stafford,Mike Smith,Jim Schwartz,Gene Steratore,DET00,Ford Field
2012_17_CHI_DET,2012,REG,17,2012-12-30,Sunday,13:00,CHI,26.0,DET,24.0,Home,-2.0,50.0,0.0,2012123008,55747.0,,201212300det,2633.0,321230008,,7,8,-163.0,147.0,-3.0,-108.0,100.0,46.0,100.0,-110.0,1,dome,fieldturf,,,00-0024226,00-0026498,Jay Cutler,Matthew Stafford,Lovie Smith,Jim Schwartz,Bill Leavy,DET00,Ford Field
2013_01_MIN_DET,2013,REG,1,2013-09-08,Sunday,13:00,MIN,24.0,DET,34.0,Home,10.0,58.0,0.0,2013090804,55842.0,,201309080det,2747.0,330908008,,7,7,186.0,-208.0,4.0,-103.0,-107.0,46.0,-110.0,100.0,1,dome,fieldturf,,,00-0027950,00-0026498,Christian Ponder,Matthew Stafford,Leslie Frazier,Jim Schwartz,John Parry,DET00,Ford Field
2013_02_DET_ARI,2013,REG,2,2013-09-15,Sunday,16:05,DET,21.0,ARI,25.0,Home,4.0,46.0,0.0,2013091509,55863.0,,201309150crd,2768.0,330915022,,7,7,-109.0,-101.0,-1.0,-102.0,-108.0,47.5,-107.0,-103.0,0,closed,grass,,,00-0026498,00-0021429,Matthew Stafford,Carson Palmer,Jim Schwartz,Bruce Arians,Peter Morelli,PHO00,University of Phoenix Stadium
2013_03_DET_WAS,2013,REG,3,2013-09-22,Sunday,13:00,DET,27.0,WAS,20.0,Home,-7.0,47.0,0.0,2013092209,55878.0,,201309220was,2783.0,330922028,,7,7,-113.0,102.0,-1.0,-107.0,-103.0,48.5,-105.0,-105.0,0,outdoors,grass,72.0,8.0,00-0026498,00-0029665,Matthew Stafford,Robert Griffin,Jim Schwartz,Mike Shanahan,Ed Hochuli,WAS00,FedExField
2013_04_CHI_DET,2013,REG,4,2013-09-29,Sunday,13:00,CHI,32.0,DET,40.0,Home,8.0,72.0,0.0,2013092902,55888.0,,201309290det,2793.0,330929008,,7,7,134.0,-148.0,3.0,-115.0,104.0,48.0,-103.0,-107.0,1,dome,fieldturf,,,00-0024226,00-0026498,Jay Cutler,Matthew Stafford,Marc Trestman,Jim Schwartz,Mike Carey,DET00,Ford Field
2013_05_DET_GB,2013,REG,5,2013-10-06,Sunday,13:00,DET,9.0,GB,22.0,Home,13.0,31.0,0.0,2013100602,55903.0,,201310060gnb,2808.0,331006009,,7,14,381.0,-445.0,10.0,-111.0,101.0,53.0,-102.0,-108.0,1,outdoors,grass,59.0,10.0,00-0026498,00-0023459,Matthew Stafford,Aaron Rodgers,Jim Schwartz,Mike McCarthy,Jerome Boger,GNB00,Lambeau Field
2013_06_DET_CLE,2013,REG,6,2013-10-13,Sunday,13:00,DET,31.0,CLE,17.0,Home,-14.0,48.0,0.0,2013101302,55917.0,,201310130cle,2822.0,331013005,,7,10,-125.0,113.0,-1.0,-118.0,107.0,44.0,-110.0,100.0,0,outdoors,grass,66.0,8.0,00-0026498,00-0029677,Matthew Stafford,Brandon Weeden,Jim Schwartz,Rob Chudzinski,Walt Coleman,CLE00,FirstEnergy Stadium
2013_07_CIN_DET,2013,REG,7,2013-10-20,Sunday,13:00,CIN,27.0,DET,24.0,Home,-3.0,51.0,0.0,2013102002,55932.0,,201310200det,2837.0,331020008,,7,7,136.0,-150.0,2.5,111.0,-123.0,45.5,-102.0,-108.0,0,dome,fieldturf,,,00-0027973,00-0026498,Andy Dalton,Matthew Stafford,Marvin Lewis,Jim Schwartz,Scott Green,DET00,Ford Field
2013_08_DAL_DET,2013,REG,8,2013-10-27,Sunday,13:00,DAL,30.0,DET,31.0,Home,1.0,61.0,0.0,2013102700,55945.0,,201310270det,2850.0,331027008,,7,7,140.0,-155.0,3.0,-106.0,-104.0,51.0,-105.0,-105.0,0,dome,fieldturf,,,00-0021678,00-0026498,Tony Romo,Matthew Stafford,Jason Garrett,Jim Schwartz,Bill Vinovich,DET00,Ford Field
2013_10_DET_CHI,2013,REG,10,2013-11-10,Sunday,13:00,DET,21.0,CHI,19.0,Home,-2.0,40.0,0.0,2013111002,55973.0,,201311100chi,2879.0,331110003,,14,6,-107.0,-103.0,-1.0,102.0,-113.0,52.0,-110.0,100.0,1,outdoors,grass,47.0,6.0,00-0026498,00-0024226,Matthew Stafford,Jay Cutler,Jim Schwartz,Marc Trestman,Bill Leavy,CHI98,Soldier Field
2013_11_DET_PIT,2013,REG,11,2013-11-17,Sunday,13:00,DET,27.0,PIT,37.0,Home,10.0,64.0,0.0,2013111707,55992.0,,201311170pit,2897.0,331117023,,7,7,-154.0,139.0,-3.0,-108.0,-102.0,45.0,-113.0,102.0,0,outdoors,grass,60.0,12.0,00-0026498,00-0022924,Matthew Stafford,Ben Roethlisberger,Jim Schwartz,Mike Tomlin,Walt Anderson,PIT00,Heinz Field
2013_12_TB_DET,2013,REG,12,2013-11-24,Sunday,13:00,TB,24.0,DET,21.0,Home,-3.0,45.0,0.0,2013112402,56002.0,,201311240det,2907.0,331124008,,7,7,273.0,-310.0,7.0,-118.0,107.0,48.5,100.0,-110.0,0,dome,fieldturf,,,00-0030520,00-0026498,Mike Glennon,Matthew Stafford,Greg Schiano,Jim Schwartz,Clete Blakeman,DET00,Ford Field
2013_13_GB_DET,2013,REG,13,2013-11-28,Thursday,12:30,GB,10.0,DET,40.0,Home,30.0,50.0,0.0,2013112800,56013.0,,201311280det,2918.0,331128008,,4,4,235.0,-265.0,7.0,-119.0,108.0,48.5,100.0,-110.0,1,dome,fieldturf,,,00-0026349,00-0026498,Matt Flynn,Matthew Stafford,Mike McCarthy,Jim Schwartz,Gene Steratore,DET00,Ford Field
2013_14_DET_PHI,2013,REG,14,2013-12-08,Sunday,13:00,DET,20.0,PHI,34.0,Home,14.0,54.0,0.0,2013120805,56035.0,,201312080phi,2940.0,331208021,,10,7,126.0,-139.0,2.5,106.0,-117.0,54.0,-110.0,100.0,0,outdoors,grass,27.0,6.0,00-0026498,00-0029567,Matthew Stafford,Nick Foles,Jim Schwartz,Chip Kelly,Ed Hochuli,PHI00,Lincoln Financial Field
2013_15_BAL_DET,2013,REG,15,2013-12-16,Monday,20:30,BAL,18.0,DET,16.0,Home,-2.0,34.0,0.0,2013121600,56060.0,,201312160det,2965.0,331216008,,8,8,191.0,-213.0,4.5,-102.0,-108.0,49.0,-102.0,-108.0,0,dome,fieldturf,,,00-0026158,00-0026498,Joe Flacco,Matthew Stafford,John Harbaugh,Jim Schwartz,Carl Cheffers,DET00,Ford Field
2013_16_NYG_DET,2013,REG,16,2013-12-22,Sunday,16:05,NYG,23.0,DET,20.0,Home,-3.0,43.0,1.0,2013122210,56071.0,,201312220det,2976.0,331222008,,7,6,385.0,-450.0,9.5,-105.0,-105.0,47.0,-105.0,-105.0,0,dome,fieldturf,,,00-0022803,00-0026498,Eli Manning,Matthew Stafford,Tom Coughlin,Jim Schwartz,Jerome Boger,DET00,Ford Field
2013_17_DET_MIN,2013,REG,17,2013-12-29,Sunday,13:00,DET,13.0,MIN,14.0,Home,1.0,27.0,0.0,2013122906,56083.0,,201312290min,2988.0,331229016,,7,7,-130.0,118.0,-2.5,-108.0,-102.0,50.0,-101.0,-109.0,1,dome,sportturf,,,00-0026498,00-0023662,Matthew Stafford,Matt Cassel,Jim Schwartz,Leslie Frazier,Tony Corrente,MIN00,Mall of America Field
2014_01_NYG_DET,2014,REG,1,2014-09-08,Monday,19:10,NYG,14.0,DET,35.0,Home,21.0,49.0,0.0,2014090800,56184.0,,201409080det,3088.0,400554296,,7,7,241.0,-272.0,6.5,100.0,-110.0,45.0,100.0,-110.0,0,dome,fieldturf,,,00-0022803,00-0026498,Eli Manning,Matthew Stafford,Tom Coughlin,Jim Caldwell,Clete Blakeman,DET00,Ford Field
2014_02_DET_CAR,2014,REG,2,2014-09-14,Sunday,13:00,DET,7.0,CAR,24.0,Home,17.0,31.0,0.0,2014091401,56188.0,,201409140car,3092.0,400554249,,6,7,102.0,-113.0,1.0,-105.0,-105.0,43.5,101.0,-111.0,0,outdoors,grass,70.0,9.0,00-0026498,00-0027939,Matthew Stafford,Cam Newton,Jim Caldwell,Ron Rivera,Jerome Boger,CAR00,Bank of America Stadium
2014_03_GB_DET,2014,REG,3,2014-09-21,Sunday,13:00,GB,7.0,DET,19.0,Home,12.0,26.0,0.0,2014092103,56206.0,,201409210det,3110.0,400554244,,7,7,111.0,-123.0,1.5,-101.0,-109.0,51.0,-105.0,-105.0,1,dome,fieldturf,,,00-0023459,00-0026498,Aaron Rodgers,Matthew Stafford,Mike McCarthy,Jim Caldwell,Carl Cheffers,DET00,Ford Field
2014_04_DET_NYJ,2014,REG,4,2014-09-28,Sunday,13:00,DET,24.0,NYJ,17.0,Home,-7.0,41.0,0.0,2014092805,56223.0,,201409280nyj,3127.0,400554252,,7,6,108.0,-119.0,2.0,-109.0,-101.0,43.5,-101.0,-109.0,0,outdoors,fieldturf,80.0,0.0,00-0026498,00-0030565,Matthew Stafford,Geno Smith,Jim Caldwell,Rex Ryan,Walt Coleman,NYC01,MetLife Stadium
2014_05_BUF_DET,2014,REG,5,2014-10-05,Sunday,13:00,BUF,17.0,DET,14.0,Home,-3.0,31.0,0.0,2014100502,56234.0,,201410050det,3138.0,400554236,,7,7,197.0,-220.0,4.5,-108.0,-102.0,43.0,-108.0,-102.0,0,dome,fieldturf,,,00-0023541,00-0026498,Kyle Orton,Matthew Stafford,Doug Marrone,Jim Caldwell,Craig Wrolstad,DET00,Ford Field
2014_06_DET_MIN,2014,REG,6,2014-10-12,Sunday,13:00,DET,17.0,MIN,3.0,Home,-14.0,20.0,0.0,2014101205,56252.0,,201410120min,3156.0,400554255,,7,10,102.0,-113.0,1.0,-105.0,-105.0,43.0,-103.0,-107.0,1,outdoors,fieldturf,53.0,0.0,00-0026498,00-0031237,Matthew Stafford,Teddy Bridgewater,Jim Caldwell,Mike Zimmer,John Parry,MIN98,TCF Bank Stadium
2014_07_NO_DET,2014,REG,7,2014-10-19,Sunday,13:00,NO,23.0,DET,24.0,Home,1.0,47.0,0.0,2014101903,56265.0,,201410190det,3169.0,400554271,,14,7,108.0,-119.0,1.5,-103.0,-107.0,45.5,-105.0,-105.0,0,dome,fieldturf,,,00-0020531,00-0026498,Drew Brees,Matthew Stafford,Sean Payton,Jim Caldwell,Terry McAulay,DET00,Ford Field
2014_08_DET_ATL,2014,REG,8,2014-10-26,Sunday,09:30,DET,22.0,ATL,21.0,Neutral,-1.0,43.0,0.0,2014102600,56277.0,,201410260atl,3181.0,400554224,,7,7,-170.0,153.0,-3.5,107.0,-118.0,45.0,-105.0,-105.0,0,outdoors,fieldturf,59.0,13.0,00-0026498,00-0026143,Matthew Stafford,Matt Ryan,Jim Caldwell,Mike Smith,Peter Morelli,LON00,Wembley Stadium
2014_10_MIA_DET,2014,REG,10,2014-11-09,Sunday,13:00,MIA,16.0,DET,20.0,Home,4.0,36.0,0.0,2014110902,56307.0,,201411090det,3211.0,400554355,,7,14,131.0,-145.0,3.0,-115.0,104.0,43.0,-110.0,100.0,0,dome,fieldturf,,,00-0029701,00-0026498,Ryan Tannehill,Matthew Stafford,Joe Philbin,Jim Caldwell,Bill Leavy,DET00,Ford Field
2014_11_DET_ARI,2014,REG,11,2014-11-16,Sunday,16:25,DET,6.0,ARI,14.0,Home,8.0,20.0,0.0,2014111610,56328.0,,201411160crd,3232.0,400554414,,7,7,-115.0,104.0,-1.0,-108.0,-102.0,41.5,-110.0,100.0,0,closed,grass,,,00-0026498,00-0025430,Matthew Stafford,Drew Stanton,Jim Caldwell,Bruce Arians,Jerome Boger,PHO00,University of Phoenix Stadium
2014_12_DET_NE,2014,REG,12,2014-11-23,Sunday,13:00,DET,9.0,NE,34.0,Home,25.0,43.0,0.0,2014112306,56338.0,,201411230nwe,3242.0,400554322,,7,7,273.0,-310.0,7.5,-123.0,111.0,47.5,100.0,-110.0,0,outdoors,fieldturf,58.0,7.0,00-0026498,00-0019596,Matthew Stafford,Tom Brady,Jim Caldwell,Bill Belichick,Tony Corrente,BOS00,Gillette Stadium
2014_13_CHI_DET,2014,REG,13,2014-11-27,Thursday,12:30,CHI,17.0,DET,34.0,Home,17.0,51.0,0.0,2014112700,56346.0,,201411270det,3250.0,400554281,,4,4,289.0,-330.0,7.5,-107.0,-103.0,46.0,100.0,-110.0,1,dome,fieldturf,,,00-0024226,00-0026498,Jay Cutler,Matthew Stafford,Marc Trestman,Jim Caldwell,Bill Vinovich,DET00,Ford Field
2014_14_TB_DET,2014,REG,14,2014-12-07,Sunday,13:00,TB,17.0,DET,34.0,Home,17.0,51.0,0.0,2014120702,56365.0,,201412070det,3269.0,400554424,,7,10,408.0,-480.0,10.5,-115.0,104.0,42.0,-102.0,-108.0,0,dome,fieldturf,,,00-0021206,00-0026498,Josh McCown,Matthew Stafford,Lovie Smith,Jim Caldwell,Jeff Triplette,DET00,Ford Field
2014_15_MIN_DET,2014,REG,15,2014-12-14,Sunday,16:25,MIN,14.0,DET,16.0,Home,2.0,30.0,0.0,2014121405,56384.0,,201412140det,3288.0,400554415,,7,7,305.0,-350.0,8.0,-109.0,-101.0,42.5,-105.0,-105.0,1,dome,fieldturf,,,00-0031237,00-0026498,Teddy Bridgewater,Matthew Stafford,Mike Zimmer,Jim Caldwell,Peter Morelli,DET00,Ford Field
2014_16_DET_CHI,2014,REG,16,2014-12-21,Sunday,13:00,DET,20.0,CHI,14.0,Home,-6.0,34.0,0.0,2014122101,56398.0,,201412210chi,3302.0,400554401,,7,6,-410.0,354.0,-10.0,100.0,-110.0,44.5,-103.0,-107.0,1,outdoors,grass,36.0,13.0,00-0026498,00-0027659,Matthew Stafford,Jimmy Clausen,Jim Caldwell,Marc Trestman,Gene Steratore,CHI98,Soldier Field
2014_17_DET_GB,2014,REG,17,2014-12-28,Sunday,16:25,DET,20.0,GB,30.0,Home,10.0,50.0,0.0,2014122802,56412.0,,201412280gnb,3316.0,400554411,,7,7,346.0,-400.0,9.0,-110.0,100.0,46.5,100.0,-110.0,1,outdoors,grass,27.0,5.0,00-0026498,00-0023459,Matthew Stafford,Aaron Rodgers,Jim Caldwell,Mike McCarthy,Walt Anderson,GNB00,Lambeau Field
2014_18_DET_DAL,2014,WC,18,2015-01-04,Sunday,16:40,DET,20.0,DAL,24.0,Home,4.0,44.0,0.0,2015010401,56494.0,,201501040dal,3333.0,400749514,,7,7,231.0,-260.0,6.0,-107.0,-103.0,47.5,-106.0,-104.0,0,closed,matrixturf,,,00-0026498,00-0021678,Matthew Stafford,Tony Romo,Jim Caldwell,Jason Garrett,Peter Morelli,DAL00,AT&T Stadium
2015_01_DET_SD,2015,REG,1,2015-09-13,Sunday,16:05,DET,28.0,SD,33.0,Home,5.0,61.0,0.0,2015091308,56512.0,,201509130sdg,3415.0,400791558,,7,7,162.0,-180.0,3.5,-108.0,-102.0,45.5,-104.0,-106.0,0,outdoors,grass,84.0,10.0,00-0026498,00-0022942,Matthew Stafford,Philip Rivers,Jim Caldwell,Mike McCoy,Clete Blakeman,SDG00,Qualcomm Stadium
2015_02_DET_MIN,2015,REG,2,2015-09-20,Sunday,13:00,DET,16.0,MIN,26.0,Home,10.0,42.0,0.0,2015092007,56525.0,,201509200min,3423.0,400791638,,7,6,129.0,-143.0,2.5,104.0,-115.0,44.0,-105.0,-105.0,1,outdoors,fieldturf,67.0,0.0,00-0026498,00-0031237,Matthew Stafford,Teddy Bridgewater,Jim Caldwell,Mike Zimmer,Bill Vinovich,MIN98,TCF Bank Stadium
2015_03_DEN_DET,2015,REG,3,2015-09-27,Sunday,20:30,DEN,24.0,DET,12.0,Home,-12.0,36.0,0.0,2015092713,56549.0,,201509270det,3452.0,400791631,,10,7,-138.0,125.0,-3.0,108.0,-119.0,45.0,-105.0,-105.0,0,dome,fieldturf,,,00-0010346,00-0026498,Peyton Manning,Matthew Stafford,Gary Kubiak,Jim Caldwell,Jeff Triplette,DET00,Ford Field
2015_04_DET_SEA,2015,REG,4,2015-10-05,Monday,20:30,DET,10.0,SEA,13.0,Home,3.0,23.0,0.0,2015100500,56565.0,,201510050sea,3468.0,400791741,,8,8,400.0,-470.0,10.0,-113.0,102.0,43.0,-103.0,-107.0,0,outdoors,fieldturf,74.0,8.0,00-0026498,00-0029263,Matthew Stafford,Russell Wilson,Jim Caldwell,Pete Carroll,Tony Corrente,SEA00,CenturyLink Field
2015_05_ARI_DET,2015,REG,5,2015-10-11,Sunday,16:05,ARI,42.0,DET,17.0,Home,-25.0,59.0,0.0,2015101108,56575.0,,201510110det,3480.0,400791554,,7,6,-202.0,181.0,-4.5,-105.0,-105.0,46.0,-106.0,-104.0,0,dome,fieldturf,,,00-0021429,00-0026498,Carson Palmer,Matthew Stafford,Bruce Arians,Jim Caldwell,Gene Steratore,DET00,Ford Field
2015_06_CHI_DET,2015,REG,6,2015-10-18,Sunday,13:00,CHI,34.0,DET,37.0,Home,3.0,71.0,1.0,2015101800,56583.0,,201510180det,3491.0,400791629,,7,7,181.0,-202.0,3.5,102.0,-113.0,45.0,-103.0,-107.0,1,dome,fieldturf,,,00-0024226,00-0026498,Jay Cutler,Matthew Stafford,John Fox,Jim Caldwell,Walt Coleman,DET00,Ford Field
2015_07_MIN_DET,2015,REG,7,2015-10-25,Sunday,13:00,MIN,28.0,DET,19.0,Home,-9.0,47.0,0.0,2015102506,56596.0,,201510250det,3502.0,400791523,,7,7,104.0,-115.0,1.0,-102.0,-108.0,44.5,-102.0,-108.0,1,dome,fieldturf,,,00-0031237,00-0026498,Teddy Bridgewater,Matthew Stafford,Mike Zimmer,Jim Caldwell,Ed Hochuli,DET00,Ford Field
2015_08_DET_KC,2015,REG,8,2015-11-01,Sunday,09:30,DET,10.0,KC,45.0,Neutral,35.0,55.0,0.0,2015110100,56609.0,,201511010kan,3521.0,400761516,,7,7,153.0,-170.0,3.0,111.0,-123.0,45.0,102.0,-113.0,0,outdoors,grass,50.0,2.0,00-0026498,00-0023436,Matthew Stafford,Alex Smith,Jim Caldwell,Andy Reid,Jeff Triplette,LON00,Wembley Stadium
2015_10_DET_GB,2015,REG,10,2015-11-15,Sunday,13:00,DET,18.0,GB,16.0,Home,-2.0,34.0,0.0,2015111501,56637.0,,201511150gnb,3540.0,400791490,,14,7,491.0,-590.0,10.5,-113.0,102.0,50.0,-102.0,-108.0,1,outdoors,grass,55.0,7.0,00-0026498,00-0023459,Matthew Stafford,Aaron Rodgers,Jim Caldwell,Mike McCarthy,John Hussey,GNB00,Lambeau Field
2015_11_OAK_DET,2015,REG,11,2015-11-22,Sunday,13:00,OAK,13.0,DET,18.0,Home,5.0,31.0,0.0,2015112201,56654.0,,201511220det,3558.0,400791636,,7,7,-127.0,115.0,-2.0,-110.0,100.0,50.0,-107.0,-103.0,0,dome,fieldturf,,,00-0031280,00-0026498,Derek Carr,Matthew Stafford,Jack Del Rio,Jim Caldwell,Clete Blakeman,DET00,Ford Field
2015_12_PHI_DET,2015,REG,12,2015-11-26,Thursday,12:30,PHI,14.0,DET,45.0,Home,31.0,59.0,0.0,2015112600,56663.0,,201511260det,3566.0,400791507,,4,4,136.0,-150.0,3.0,-109.0,-101.0,46.5,-110.0,100.0,0,dome,fieldturf,,,00-0026898,00-0026498,Mark Sanchez,Matthew Stafford,Chip Kelly,Jim Caldwell,John Parry,DET00,Ford Field
2015_13_GB_DET,2015,REG,13,2015-12-03,Thursday,20:25,GB,27.0,DET,23.0,Home,-4.0,50.0,0.0,2015120300,56679.0,,201512030det,3582.0,400791568,,7,7,-121.0,110.0,-2.5,104.0,-115.0,46.0,-102.0,-108.0,1,dome,fieldturf,,,00-0023459,00-0026498,Aaron Rodgers,Matthew Stafford,Mike McCarthy,Jim Caldwell,Carl Cheffers,DET00,Ford Field
2015_14_DET_STL,2015,REG,14,2015-12-13,Sunday,13:00,DET,14.0,STL,21.0,Home,7.0,35.0,0.0,2015121309,56705.0,,201512130ram,3602.0,400791534,,10,7,-155.0,140.0,-3.0,-105.0,-105.0,41.5,-104.0,-106.0,0,dome,astroplay,,,00-0026498,00-0028986,Matthew Stafford,Case Keenum,Jim Caldwell,Jeff Fisher,Walt Anderson,STL00,Edward Jones Dome
2015_15_DET_NO,2015,REG,15,2015-12-21,Monday,20:30,DET,35.0,NO,27.0,Home,-8.0,62.0,0.0,2015122100,56726.0,,201512210nor,3629.0,400791729,,8,8,112.0,-124.0,2.5,-110.0,100.0,52.0,-102.0,-108.0,0,dome,sportturf,,,00-0026498,00-0020531,Matthew Stafford,Drew Brees,Jim Caldwell,Sean Payton,Peter Morelli,NOR00,Mercedes-Benz Superdome
2015_16_SF_DET,2015,REG,16,2015-12-27,Sunday,13:00,SF,17.0,DET,32.0,Home,15.0,49.0,0.0,2015122705,56731.0,,201512270det,3639.0,400791531,,7,6,346.0,-400.0,8.5,104.0,-115.0,42.5,-109.0,-101.0,0,dome,fieldturf,,,00-0027948,00-0026498,Blaine Gabbert,Matthew Stafford,Jim Tomsula,Jim Caldwell,Bill Vinovich,DET00,Ford Field
2015_17_DET_CHI,2015,REG,17,2016-01-03,Sunday,13:00,DET,24.0,CHI,20.0,Home,-4.0,44.0,0.0,2016010309,56746.0,,201601030chi,3646.0,400791659,,7,7,-124.0,112.0,-2.5,-103.0,-107.0,45.0,-106.0,-104.0,1,outdoors,grass,31.0,15.0,00-0026498,00-0024226,Matthew Stafford,Jay Cutler,Jim Caldwell,John Fox,John Hussey,CHI98,Soldier Field
2016_01_DET_IND,2016,REG,1,2016-09-11,Sunday,16:25,DET,39.0,IND,35.0,Home,-4.0,74.0,0.0,2016091111,56913.0,,201609110clt,4106.0,400874573,,7,7,131.0,-145.0,2.5,107.0,-118.0,51.5,-103.0,-107.0,0,open,fieldturf,,,00-0026498,00-0029668,Matthew Stafford,Andrew Luck,Jim Caldwell,Chuck Pagano,Ed Hochuli,IND00,Lucas Oil Stadium
2016_02_TEN_DET,2016,REG,2,2016-09-18,Sunday,13:00,TEN,16.0,DET,15.0,Home,-1.0,31.0,0.0,2016091802,56920.0,,201609180det,4120.0,400874488,,7,7,231.0,-260.0,6.0,-102.0,-108.0,48.0,-100.0,-110.0,0,dome,fieldturf,,,00-0032268,00-0026498,Marcus Mariota,Matthew Stafford,Mike Mularkey,Jim Caldwell,Brad Allen,DET00,Ford Field
2016_03_DET_GB,2016,REG,3,2016-09-25,Sunday,13:00,DET,27.0,GB,34.0,Home,7.0,61.0,0.0,2016092503,56937.0,,201609250gnb,4130.0,400874610,,7,7,231.0,-260.0,6.0,-102.0,-108.0,47.5,-102.0,-108.0,1,outdoors,grass,72.0,17.0,00-0026498,00-0023459,Matthew Stafford,Aaron Rodgers,Jim Caldwell,Mike McCarthy,Carl Cheffers,GNB00,Lambeau Field
2016_04_DET_CHI,2016,REG,4,2016-10-02,Sunday,13:00,DET,14.0,CHI,17.0,Home,3.0,31.0,0.0,2016100203,56953.0,,201610020chi,4146.0,400874668,,7,7,-177.0,159.0,-3.0,-124.0,112.0,48.0,102.0,-113.0,1,outdoors,grass,62.0,6.0,00-0026498,00-0026625,Matthew Stafford,Brian Hoyer,Jim Caldwell,John Fox,Tony Corrente,CHI98,Soldier Field
2016_05_PHI_DET,2016,REG,5,2016-10-09,Sunday,13:00,PHI,23.0,DET,24.0,Home,1.0,47.0,0.0,2016100902,56967.0,,201610090det,4160.0,400874533,,14,7,-185.0,166.0,-3.5,-102.0,-108.0,46.0,-110.0,-100.0,0,dome,fieldturf,,,00-0032950,00-0026498,Carson Wentz,Matthew Stafford,Doug Pederson,Jim Caldwell,Peter Morelli,DET00,Ford Field
2016_06_LA_DET,2016,REG,6,2016-10-16,Sunday,13:00,LA,28.0,DET,31.0,Home,3.0,59.0,0.0,2016101602,56981.0,,201610160det,4174.0,400874709,,7,7,131.0,-145.0,2.5,111.0,-123.0,44.0,-110.0,100.0,0,dome,fieldturf,,,00-0028986,00-0026498,Case Keenum,Matthew Stafford,Jeff Fisher,Jim Caldwell,John Hussey,DET00,Ford Field
2016_07_WAS_DET,2016,REG,7,2016-10-23,Sunday,13:00,WAS,17.0,DET,20.0,Home,3.0,37.0,0.0,2016102302,56996.0,,201610230det,4193.0,400874496,,7,7,-105.0,-105.0,-1.0,101.0,-111.0,50.0,-103.0,-107.0,0,dome,fieldturf,,,00-0029604,00-0026498,Kirk Cousins,Matthew Stafford,Jay Gruden,Jim Caldwell,Walt Coleman,DET00,Ford Field
2016_08_DET_HOU,2016,REG,8,2016-10-30,Sunday,13:00,DET,13.0,HOU,20.0,Home,7.0,33.0,0.0,2016103004,57013.0,,201610300htx,4206.0,400874569,,7,6,-101.0,-109.0,1.0,-109.0,-101.0,46.5,-105.0,-105.0,0,closed,fieldturf,,,00-0026498,00-0029682,Matthew Stafford,Brock Osweiler,Jim Caldwell,Bill O'Brien,Brad Allen,HOU00,NRG Stadium
2016_09_DET_MIN,2016,REG,9,2016-11-06,Sunday,13:00,DET,22.0,MIN,16.0,Home,-6.0,38.0,1.0,2016110605,57026.0,,201611060min,4219.0,400874604,,7,6,174.0,-194.0,4.0,-110.0,-100.0,42.5,-102.0,-108.0,1,dome,sportturf,,,00-0026498,00-0027854,Matthew Stafford,Sam Bradford,Jim Caldwell,Mike Zimmer,Ed Hochuli,MIN01,U.S. Bank Stadium
2016_11_JAX_DET,2016,REG,11,2016-11-20,Sunday,13:00,JAX,19.0,DET,26.0,Home,7.0,45.0,0.0,2016112003,57052.0,,201611200det,4246.0,400874641,,7,14,205.0,-230.0,5.5,-113.0,102.0,47.0,-105.0,-105.0,0,dome,fieldturf,,,00-0031407,00-0026498,Blake Bortles,Matthew Stafford,Gus Bradley,Jim Caldwell,Bill Vinovich,DET00,Ford Field
2016_12_MIN_DET,2016,REG,12,2016-11-24,Thursday,12:30,MIN,13.0,DET,16.0,Home,3.0,29.0,0.0,2016112400,57062.0,,201611240det,4255.0,400874495,,4,4,108.0,-119.0,2.0,-108.0,-102.0,42.0,-110.0,100.0,1,dome,fieldturf,,,00-0027854,00-0026498,Sam Bradford,Matthew Stafford,Mike Zimmer,Jim Caldwell,Carl Cheffers,DET00,Ford Field
2016_13_DET_NO,2016,REG,13,2016-12-04,Sunday,13:00,DET,28.0,NO,13.0,Home,-15.0,41.0,0.0,2016120407,57086.0,,201612040nor,4279.0,400874717,,10,7,251.0,-284.0,6.5,-102.0,-108.0,53.0,-113.0,102.0,0,dome,sportturf,,,00-0026498,00-0020531,Matthew Stafford,Drew Brees,Jim Caldwell,Sean Payton,Clete Blakeman,NOR00,Mercedes-Benz Superdome
2016_14_CHI_DET,2016,REG,14,2016-12-11,Sunday,13:00,CHI,17.0,DET,20.0,Home,3.0,37.0,0.0,2016121103,57097.0,,201612110det,4290.0,400874568,,7,7,276.0,-314.0,7.5,-123.0,111.0,42.0,-108.0,-102.0,1,dome,fieldturf,,,00-0030533,00-0026498,Matt Barkley,Matthew Stafford,John Fox,Jim Caldwell,Jeff Triplette,DET00,Ford Field
2016_15_DET_NYG,2016,REG,15,2016-12-18,Sunday,13:00,DET,6.0,NYG,17.0,Home,11.0,23.0,0.0,2016121807,57118.0,,201612180nyg,4307.0,400874687,,7,7,176.0,-196.0,4.0,-105.0,-105.0,42.5,-100.0,-110.0,0,outdoors,fieldturf,55.0,1.0,00-0026498,00-0022803,Matthew Stafford,Eli Manning,Jim Caldwell,Ben McAdoo,Tony Corrente,NYC01,MetLife Stadium
2016_16_DET_DAL,2016,REG,16,2016-12-26,Monday,20:30,DET,21.0,DAL,42.0,Home,21.0,63.0,0.0,2016122600,57140.0,,201612260dal,4333.0,400874588,,8,8,248.0,-280.0,6.5,103.0,-114.0,47.0,-103.0,-107.0,0,closed,matrixturf,,,00-0026498,00-0033077,Matthew Stafford,Dak Prescott,Jim Caldwell,Jason Garrett,John Hussey,DAL00,AT&T Stadium
2016_17_GB_DET,2016,REG,17,2017-01-01,Sunday,20:30,GB,31.0,DET,24.0,Home,-7.0,55.0,0.0,2017010102,57143.0,,201701010det,4336.0,400874637,,8,6,-190.0,171.0,-3.5,-108.0,-102.0,50.0,-113.0,102.0,1,dome,fieldturf,,,00-0023459,00-0026498,Aaron Rodgers,Matthew Stafford,Mike McCarthy,Jim Caldwell,Jerome Boger,DET00,Ford Field
2016_18_DET_SEA,2016,WC,18,2017-01-07,Saturday,20:15,DET,6.0,SEA,26.0,Home,20.0,32.0,0.0,2017010701,57158.0,,201701070sea,4351.0,400932689,,6,6,338.0,-390.0,8.0,-107.0,-103.0,45.5,-113.0,102.0,0,outdoors,fieldturf,38.0,7.0,00-0026498,00-0029263,Matthew Stafford,Russell Wilson,Jim Caldwell,Pete Carroll,Brad Allen,SEA00,CenturyLink Field
2017_01_ARI_DET,2017,REG,1,2017-09-10,Sunday,13:00,ARI,23.0,DET,35.0,Home,12.0,58.0,0.0,2017091004,57239.0,,201709100det,7923.0,400951576,,7,7,-117.0,106.0,-2.5,106.0,-117.0,48.5,-110.0,-100.0,0,dome,fieldturf,,,00-0021429,00-0026498,Carson Palmer,Matthew Stafford,Bruce Arians,Jim Caldwell,Walt Anderson,DET00,Ford Field
2017_02_DET_NYG,2017,REG,2,2017-09-18,Monday,20:30,DET,24.0,NYG,10.0,Home,-14.0,34.0,0.0,2017091800,57265.0,,201709180nyg,7953.0,400951681,,8,8,151.0,-167.0,3.0,107.0,-118.0,42.0,-106.0,-104.0,0,outdoors,fieldturf,72.0,5.0,00-0026498,00-0022803,Matthew Stafford,Eli Manning,Jim Caldwell,Ben McAdoo,John Parry,NYC01,MetLife Stadium
2017_03_ATL_DET,2017,REG,3,2017-09-24,Sunday,13:00,ATL,30.0,DET,26.0,Home,-4.0,56.0,0.0,2017092404,57271.0,,201709240det,7956.0,400951594,,7,6,-167.0,151.0,-3.0,-116.0,105.0,51.0,-105.0,-105.0,0,dome,fieldturf,,,00-0026143,00-0026498,Matt Ryan,Matthew Stafford,Dan Quinn,Jim Caldwell,Walt Coleman,DET00,Ford Field
2017_04_DET_MIN,2017,REG,4,2017-10-01,Sunday,13:00,DET,14.0,MIN,7.0,Home,-7.0,21.0,0.0,2017100106,57289.0,,201710010min,7975.0,400951724,,7,7,140.0,-155.0,2.5,115.0,-127.0,43.0,-110.0,-100.0,1,dome,sportturf,,,00-0026498,00-0028986,Matthew Stafford,Case Keenum,Jim Caldwell,Mike Zimmer,Bill Vinovich,MIN01,U.S. Bank Stadium
2017_05_CAR_DET,2017,REG,5,2017-10-08,Sunday,13:00,CAR,27.0,DET,24.0,Home,-3.0,51.0,0.0,2017100802,57301.0,,201710080det,7989.0,400951558,,7,7,118.0,-130.0,2.0,-105.0,-105.0,42.0,-102.0,-108.0,0,dome,fieldturf,,,00-0027939,00-0026498,Cam Newton,Matthew Stafford,Ron Rivera,Jim Caldwell,Craig Wrolstad,DET00,Ford Field
2017_06_DET_NO,2017,REG,6,2017-10-15,Sunday,13:00,DET,38.0,NO,52.0,Home,14.0,90.0,0.0,2017101504,57317.0,,201710150nor,8003.0,400951704,,7,14,205.0,-230.0,6.0,-115.0,104.0,50.5,-101.0,-109.0,0,dome,sportturf,,,00-0026498,00-0020531,Matthew Stafford,Drew Brees,Jim Caldwell,Sean Payton,Jeff Triplette,NOR00,Mercedes-Benz Superdome
2017_08_PIT_DET,2017,REG,8,2017-10-29,Sunday,20:30,PIT,20.0,DET,15.0,Home,-5.0,35.0,0.0,2017102910,57352.0,,201710290det,8040.0,400951736,,7,14,-170.0,153.0,-3.0,-120.0,109.0,44.5,-110.0,-100.0,0,dome,fieldturf,,,00-0022924,00-0026498,Ben Roethlisberger,Matthew Stafford,Mike Tomlin,Jim Caldwell,John Hussey,DET00,Ford Field
2017_09_DET_GB,2017,REG,9,2017-11-06,Monday,20:30,DET,30.0,GB,17.0,Home,-13.0,47.0,0.0,2017110600,57366.0,,201711060gnb,8054.0,400951790,,8,15,-130.0,118.0,-2.5,-108.0,-102.0,42.5,-110.0,-100.0,1,outdoors,grass,35.0,3.0,00-0026498,00-0031589,Matthew Stafford,Brett Hundley,Jim Caldwell,Mike McCarthy,Clete Blakeman,GNB00,Lambeau Field
2017_10_CLE_DET,2017,REG,10,2017-11-12,Sunday,13:00,CLE,24.0,DET,38.0,Home,14.0,62.0,0.0,2017111202,57370.0,,201711120det,8057.0,400951563,,14,6,385.0,-450.0,10.5,-119.0,108.0,42.5,-108.0,-102.0,0,dome,fieldturf,,,00-0033899,00-0026498,DeShone Kizer,Matthew Stafford,Hue Jackson,Jim Caldwell,Carl Cheffers,DET00,Ford Field
2017_11_DET_CHI,2017,REG,11,2017-11-19,Sunday,13:00,DET,27.0,CHI,24.0,Home,-3.0,51.0,0.0,2017111900,57382.0,,201711190chi,8072.0,400951701,,7,7,-155.0,140.0,-3.0,-103.0,-107.0,41.0,-101.0,-109.0,1,outdoors,grass,33.0,16.0,00-0026498,00-0033869,Matthew Stafford,Mitch Trubisky,Jim Caldwell,John Fox,Gene Steratore,CHI98,Soldier Field
2017_12_MIN_DET,2017,REG,12,2017-11-23,Thursday,12:30,MIN,30.0,DET,23.0,Home,-7.0,53.0,0.0,2017112300,57394.0,,201711230det,8082.0,400951569,,4,4,-135.0,122.0,-2.5,-110.0,100.0,46.0,-103.0,-107.0,1,dome,fieldturf,,,00-0028986,00-0026498,Case Keenum,Matthew Stafford,Mike Zimmer,Jim Caldwell,Tony Corrente,DET00,Ford Field
2017_13_DET_BAL,2017,REG,13,2017-12-03,Sunday,13:00,DET,20.0,BAL,44.0,Home,24.0,64.0,0.0,2017120301,57412.0,,201712030rav,8101.0,400951680,,10,6,117.0,-129.0,2.5,-106.0,-104.0,43.0,-100.0,-110.0,0,outdoors,grass,53.0,4.0,00-0026498,00-0026158,Matthew Stafford,Joe Flacco,Jim Caldwell,John Harbaugh,Jerome Boger,BAL00,M&T Bank Stadium
2017_14_DET_TB,2017,REG,14,2017-12-10,Sunday,13:00,DET,24.0,TB,21.0,Home,-3.0,45.0,0.0,2017121007,57434.0,,201712100tam,8116.0,400951660,,7,7,-123.0,111.0,-0.0,-102.0,-108.0,47.5,-117.0,106.0,0,outdoors,grass,55.0,9.0,00-0026498,00-0031503,Matthew Stafford,Jameis Winston,Jim Caldwell,Dirk Koetter,Ed Hochuli,TAM00,Raymond James Stadium
2017_15_CHI_DET,2017,REG,15,2017-12-16,Saturday,16:30,CHI,10.0,DET,20.0,Home,10.0,30.0,0.0,2017121600,57443.0,,201712160det,8131.0,400951768,,6,6,211.0,-236.0,5.0,-101.0,-109.0,43.5,-104.0,-106.0,1,dome,fieldturf,,,00-0033869,00-0026498,Mitch Trubisky,Matthew Stafford,John Fox,Jim Caldwell,Jeff Triplette,DET00,Ford Field
2017_16_DET_CIN,2017,REG,16,2017-12-24,Sunday,13:00,DET,17.0,CIN,26.0,Home,9.0,43.0,0.0,2017122402,57462.0,,201712240cin,8152.0,400951621,,8,7,-154.0,139.0,-3.0,-104.0,-106.0,43.5,-105.0,-105.0,0,outdoors,fieldturf,35.0,2.0,00-0026498,00-0027973,Matthew Stafford,Andy Dalton,Jim Caldwell,Marvin Lewis,Gene Steratore,CIN00,Paul Brown Stadium
2017_17_GB_DET,2017,REG,17,2017-12-31,Sunday,13:00,GB,11.0,DET,35.0,Home,24.0,46.0,0.0,2017123102,57476.0,,201712310det,8168.0,400951741,,8,7,277.0,-315.0,7.5,-114.0,103.0,45.0,-105.0,-105.0,1,dome,fieldturf,,,00-0031589,00-0026498,Brett Hundley,Matthew Stafford,Mike McCarthy,Jim Caldwell,Peter Morelli,DET00,Ford Field
2018_01_NYJ_DET,2018,REG,1,2018-09-10,Monday,19:10,NYJ,48.0,DET,17.0,Home,-31.0,65.0,0.0,2018091000,57581.0,,201809100det,9352.0,401030728,,7,7,297.0,-339.0,7.0,103.0,-114.0,44.0,-105.0,-105.0,0,dome,fieldturf,,,00-0034869,00-0026498,Sam Darnold,Matthew Stafford,Todd Bowles,Matt Patricia,Bill Vinovich,DET00,Ford Field
2018_02_DET_SF,2018,REG,2,2018-09-16,Sunday,16:05,DET,27.0,SF,30.0,Home,3.0,57.0,0.0,2018091610,57594.0,,201809160sfo,9365.0,401030730,,6,7,210.0,-235.0,6.0,-111.0,101.0,48.5,-105.0,-105.0,0,outdoors,grass,73.0,12.0,00-0026498,00-0031345,Matthew Stafford,Jimmy Garoppolo,Matt Patricia,Kyle Shanahan,Shawn Hochuli,SFO01,Levi's Stadium
2018_03_NE_DET,2018,REG,3,2018-09-23,Sunday,20:20,NE,10.0,DET,26.0,Home,16.0,36.0,0.0,2018092313,57613.0,,201809230det,9384.0,401030802,,7,7,-306.0,269.0,-7.0,107.0,-120.0,55.5,-101.0,-110.0,0,dome,fieldturf,,,00-0019596,00-0026498,Tom Brady,Matthew Stafford,Bill Belichick,Matt Patricia,Clete Blakeman,DET00,Ford Field
2018_04_DET_DAL,2018,REG,4,2018-09-30,Sunday,13:00,DET,24.0,DAL,26.0,Home,2.0,50.0,0.0,2018093002,57618.0,,201809300dal,9390.0,401030845,,7,7,127.0,-140.0,2.5,102.0,-113.0,44.0,-104.0,-106.0,0,closed,matrixturf,,,00-0026498,00-0033077,Matthew Stafford,Dak Prescott,Matt Patricia,Jason Garrett,Walt Coleman,DAL00,AT&T Stadium
2018_05_GB_DET,2018,REG,5,2018-10-07,Sunday,13:00,GB,23.0,DET,31.0,Home,8.0,54.0,0.0,2018100704,57635.0,,201810070det,9406.0,401030745,,7,7,114.0,-125.0,1.0,105.0,-117.0,50.0,-108.0,-103.0,1,dome,fieldturf,,,00-0023459,00-0026498,Aaron Rodgers,Matthew Stafford,Mike McCarthy,Matt Patricia,John Hussey,DET00,Ford Field
2018_07_DET_MIA,2018,REG,7,2018-10-21,Sunday,13:00,DET,32.0,MIA,21.0,Home,-11.0,53.0,0.0,2018102106,57667.0,,201810210mia,9437.0,401030830,,14,7,-177.0,159.0,-3.0,-124.0,110.0,47.0,101.0,-112.0,0,outdoors,grass,89.0,8.0,00-0026498,00-0029682,Matthew Stafford,Brock Osweiler,Matt Patricia,Adam Gase,Jerome Boger,MIA00,Hard Rock Stadium
2018_08_SEA_DET,2018,REG,8,2018-10-28,Sunday,13:00,SEA,28.0,DET,14.0,Home,-14.0,42.0,0.0,2018102804,57679.0,,201810280det,9450.0,401030740,,14,7,146.0,-162.0,3.0,-101.0,-110.0,47.5,-101.0,-110.0,0,dome,fieldturf,,,00-0029263,00-0026498,Russell Wilson,Matthew Stafford,Pete Carroll,Matt Patricia,Walt Anderson,DET00,Ford Field
2018_09_DET_MIN,2018,REG,9,2018-11-04,Sunday,13:00,DET,9.0,MIN,24.0,Home,15.0,33.0,0.0,2018110405,57694.0,,201811040min,9464.0,401030822,,7,7,195.0,-218.0,4.5,-101.0,-110.0,47.0,-101.0,-110.0,1,dome,sportturf,,,00-0026498,00-0029604,Matthew Stafford,Kirk Cousins,Matt Patricia,Mike Zimmer,Peter Morelli,MIN01,U.S. Bank Stadium
2018_10_DET_CHI,2018,REG,10,2018-11-11,Sunday,13:00,DET,22.0,CHI,34.0,Home,12.0,56.0,0.0,2018111100,57702.0,,201811110chi,9473.0,401030810,,7,7,281.0,-320.0,7.5,-114.0,102.0,44.5,-107.0,-103.0,1,outdoors,grass,37.0,12.0,00-0026498,00-0033869,Matthew Stafford,Mitch Trubisky,Matt Patricia,Matt Nagy,Alex Kemp,CHI98,Soldier Field
2018_11_CAR_DET,2018,REG,11,2018-11-18,Sunday,13:00,CAR,19.0,DET,20.0,Home,1.0,39.0,0.0,2018111803,57719.0,,201811180det,9490.0,401030910,,10,7,-192.0,173.0,-4.0,103.0,-115.0,48.0,-111.0,100.0,0,dome,fieldturf,,,00-0027939,00-0026498,Cam Newton,Matthew Stafford,Ron Rivera,Matt Patricia,Clay Martin,DET00,Ford Field
2018_12_CHI_DET,2018,REG,12,2018-11-22,Thursday,12:30,CHI,23.0,DET,16.0,Home,-7.0,39.0,0.0,2018112200,57728.0,,201811220det,9499.0,401030905,,4,4,-161.0,146.0,-3.0,-114.0,102.0,43.0,102.0,-114.0,1,dome,fieldturf,,,00-0026544,00-0026498,Chase Daniel,Matthew Stafford,Matt Nagy,Matt Patricia,Brad Allen,DET00,Ford Field
2018_13_LA_DET,2018,REG,13,2018-12-02,Sunday,13:00,LA,30.0,DET,16.0,Home,-14.0,46.0,0.0,2018120202,57746.0,,201812020det,9517.0,401030957,,13,10,-450.0,385.0,-10.5,102.0,-114.0,54.0,-103.0,-108.0,0,dome,fieldturf,,,00-0033106,00-0026498,Jared Goff,Matthew Stafford,Sean McVay,Matt Patricia,John Parry,DET00,Ford Field
2018_14_DET_ARI,2018,REG,14,2018-12-09,Sunday,16:25,DET,17.0,ARI,3.0,Home,-14.0,20.0,0.0,2018120911,57771.0,,201812090crd,9542.0,401030860,,7,7,-139.0,126.0,-2.5,-110.0,-101.0,40.0,-101.0,-110.0,0,closed,grass,,,00-0026498,00-0034343,Matthew Stafford,Josh Rosen,Matt Patricia,Steve Wilks,Shawn Hochuli,PHO00,State Farm Stadium
2018_15_DET_BUF,2018,REG,15,2018-12-16,Sunday,13:00,DET,13.0,BUF,14.0,Home,1.0,27.0,0.0,2018121602,57780.0,,201812160buf,9550.0,401030896,,7,7,132.0,-146.0,2.5,106.0,-119.0,40.0,100.0,-111.0,0,outdoors,a_turf,39.0,7.0,00-0026498,00-0034857,Matthew Stafford,Josh Allen,Matt Patricia,Sean McDermott,Jerome Boger,BUF00,New Era Field
2018_16_MIN_DET,2018,REG,16,2018-12-23,Sunday,13:00,MIN,27.0,DET,9.0,Home,-18.0,36.0,0.0,2018122307,57798.0,,201812230det,9566.0,401030877,,7,7,-266.0,236.0,-6.5,102.0,-114.0,41.5,-102.0,-109.0,1,dome,fieldturf,,,00-0029604,00-0026498,Kirk Cousins,Matthew Stafford,Mike Zimmer,Matt Patricia,Walt Anderson,DET00,Ford Field
2018_17_DET_GB,2018,REG,17,2018-12-30,Sunday,13:00,DET,31.0,GB,0.0,Home,-31.0,31.0,0.0,2018123002,57809.0,,201812300gnb,9579.0,401030757,,7,7,284.0,-324.0,7.5,-103.0,-108.0,44.5,-114.0,102.0,1,outdoors,grass,26.0,15.0,00-0026498,00-0033899,Matthew Stafford,DeShone Kizer,Matt Patricia,Joe Philbin,Alex Kemp,GNB00,Lambeau Field
2019_01_DET_ARI,2019,REG,1,2019-09-08,Sunday,16:25,DET,27.0,ARI,27.0,Home,0.0,54.0,1.0,2019090809,57910.0,,201909080crd,13773.0,401127999,5068.0,7,7,-147.0,133.0,-2.5,-121.0,108.0,45.5,-114.0,104.0,0,closed,grass,,,00-0026498,00-0035228,Matthew Stafford,Kyler Murray,Matt Patricia,Kliff Kingsbury,Scott Novak,PHO00,State Farm Stadium
2019_02_LAC_DET,2019,REG,2,2019-09-15,Sunday,13:00,LAC,10.0,DET,13.0,Home,3.0,23.0,0.0,2019091502,57919.0,,201909150det,13780.0,401128072,5080.0,7,7,-107.0,-103.0,-1.0,102.0,-113.0,47.0,-101.0,-110.0,0,dome,fieldturf,,,00-0022942,00-0026498,Philip Rivers,Matthew Stafford,Anthony Lynn,Matt Patricia,Craig Wrolstad,DET00,Ford Field
2019_03_DET_PHI,2019,REG,3,2019-09-22,Sunday,13:00,DET,27.0,PHI,24.0,Home,-3.0,51.0,0.0,2019092207,57940.0,,201909220phi,13802.0,401127959,5095.0,7,7,188.0,-212.0,4.0,-104.0,-106.0,45.0,103.0,-115.0,0,outdoors,grass,84.0,7.0,00-0026498,00-0032950,Matthew Stafford,Carson Wentz,Matt Patricia,Doug Pederson,Tony Corrente,PHI00,Lincoln Financial Field
2019_04_KC_DET,2019,REG,4,2019-09-29,Sunday,13:00,KC,34.0,DET,30.0,Home,-4.0,64.0,0.0,2019092903,57952.0,,201909290det,13813.0,401128023,5109.0,7,7,-364.0,307.0,-7.5,105.0,-116.0,54.5,101.0,-113.0,0,dome,fieldturf,,,00-0033873,00-0026498,Patrick Mahomes,Matthew Stafford,Andy Reid,Matt Patricia,Walt Anderson,DET00,Ford Field
2019_06_DET_GB,2019,REG,6,2019-10-14,Monday,20:15,DET,22.0,GB,23.0,Home,1.0,45.0,0.0,2019101400,57991.0,,201910140gnb,13853.0,401128132,5149.0,15,8,176.0,-198.0,3.5,-102.0,-108.0,47.0,100.0,-111.0,1,outdoors,grass,43.0,5.0,00-0026498,00-0023459,Matthew Stafford,Aaron Rodgers,Matt Patricia,Matt LaFleur,Clete Blakeman,GNB00,Lambeau Field
2019_07_MIN_DET,2019,REG,7,2019-10-20,Sunday,13:00,MIN,42.0,DET,30.0,Home,-12.0,72.0,0.0,2019102003,57996.0,,201910200det,13858.0,401127947,5156.0,7,6,-137.0,124.0,-2.5,-110.0,-100.0,43.5,102.0,-114.0,1,dome,fieldturf,,,00-0029604,00-0026498,Kirk Cousins,Matthew Stafford,Mike Zimmer,Matt Patricia,Bradley Rogers,DET00,Ford Field
2019_08_NYG_DET,2019,REG,8,2019-10-27,Sunday,13:00,NYG,26.0,DET,31.0,Home,5.0,57.0,0.0,2019102703,58010.0,,201910270det,13872.0,401128042,5168.0,7,7,232.0,-267.0,6.5,-113.0,102.0,49.0,100.0,-112.0,0,dome,fieldturf,,,00-0035710,00-0026498,Daniel Jones,Matthew Stafford,Pat Shurmur,Matt Patricia,Scott Novak,DET00,Ford Field
2019_09_DET_OAK,2019,REG,9,2019-11-03,Sunday,16:05,DET,24.0,OAK,31.0,Home,7.0,55.0,0.0,2019110307,58029.0,,201911030rai,13891.0,401128085,5187.0,7,7,129.0,-143.0,2.5,104.0,-115.0,51.5,-106.0,-105.0,0,outdoors,grass,71.0,6.0,00-0026498,00-0031280,Matthew Stafford,Derek Carr,Matt Patricia,Jon Gruden,Shawn Hochuli,OAK00,Ring Central Coliseum
2019_10_DET_CHI,2019,REG,10,2019-11-10,Sunday,13:00,DET,13.0,CHI,20.0,Home,7.0,33.0,0.0,2019111000,58036.0,,201911100chi,13898.0,401127911,5199.0,7,7,235.0,-270.0,6.0,101.0,-111.0,38.0,-114.0,103.0,1,outdoors,grass,40.0,12.0,00-0032436,00-0033869,Jeff Driskel,Mitch Trubisky,Matt Patricia,Matt Nagy,Carl Cheffers,CHI98,Soldier Field
2019_11_DAL_DET,2019,REG,11,2019-11-17,Sunday,13:00,DAL,35.0,DET,27.0,Home,-8.0,62.0,0.0,2019111702,58051.0,,201911170det,13911.0,401128052,5209.0,7,7,-369.0,310.0,-7.5,102.0,-113.0,46.5,101.0,-112.0,0,dome,fieldturf,,,00-0033077,00-0032436,Dak Prescott,Jeff Driskel,Jason Garrett,Matt Patricia,Tony Corrente,DET00,Ford Field
2019_12_DET_WAS,2019,REG,12,2019-11-24,Sunday,13:00,DET,16.0,WAS,19.0,Home,3.0,35.0,0.0,2019112407,58070.0,,201911240was,13932.0,401127996,5223.0,7,7,-190.0,169.0,-4.0,-102.0,-109.0,39.0,-110.0,-102.0,0,outdoors,grass,46.0,17.0,00-0032436,00-0035232,Jeff Driskel,Dwayne Haskins,Matt Patricia,Bill Callahan,Bill Vinovich,WAS00,FedExField
2019_13_CHI_DET,2019,REG,13,2019-11-28,Thursday,12:30,CHI,24.0,DET,20.0,Home,-4.0,44.0,0.0,2019112800,58076.0,,201911280det,13938.0,401128015,5234.0,4,4,-230.0,203.0,-5.5,-104.0,-106.0,37.5,-103.0,-108.0,1,dome,fieldturf,,,00-0033869,00-0035040,Mitch Trubisky,David Blough,Matt Nagy,Matt Patricia,Jerome Boger,DET00,Ford Field
2019_14_DET_MIN,2019,REG,14,2019-12-08,Sunday,13:00,DET,7.0,MIN,20.0,Home,13.0,27.0,0.0,2019120805,58098.0,,201912080min,13959.0,401127926,5255.0,10,6,463.0,-587.0,12.0,-117.0,106.0,43.5,-113.0,102.0,1,dome,sportturf,,,00-0035040,00-0029604,David Blough,Kirk Cousins,Matt Patricia,Mike Zimmer,Walt Anderson,MIN01,U.S. Bank Stadium
2019_15_TB_DET,2019,REG,15,2019-12-15,Sunday,13:00,TB,38.0,DET,17.0,Home,-21.0,55.0,0.0,2019121502,58111.0,,201912150det,13972.0,401128028,5275.0,7,7,-239.0,210.0,-5.5,-111.0,101.0,46.0,-100.0,-111.0,0,dome,fieldturf,,,00-0031503,00-0035040,Jameis Winston,David Blough,Bruce Arians,Matt Patricia,Adrian Hill,DET00,Ford Field
2019_16_DET_DEN,2019,REG,16,2019-12-22,Sunday,16:05,DET,17.0,DEN,27.0,Home,10.0,44.0,0.0,2019122200,58124.0,,201912220den,13986.0,401127893,5286.0,7,7,333.0,-400.0,9.5,102.0,-112.0,40.0,-107.0,-104.0,0,outdoors,grass,67.0,3.0,00-0035040,00-0035704,David Blough,Drew Lock,Matt Patricia,Vic Fangio,Craig Wrolstad,DEN00,Empower Field at Mile High
2019_17_GB_DET,2019,REG,17,2019-12-29,Sunday,13:00,GB,23.0,DET,20.0,Home,-3.0,43.0,0.0,2019122905,58145.0,,201912290det,14005.0,401127983,5301.0,6,7,-656.0,508.0,-13.5,103.0,-114.0,44.0,-110.0,-101.0,1,dome,fieldturf,,,00-0023459,00-0035040,Aaron Rodgers,David Blough,Matt LaFleur,Matt Patricia,Shawn Hochuli,DET00,Ford Field
2020_01_CHI_DET,2020,REG,1,2020-09-13,Sunday,13:00,CHI,27.0,DET,23.0,Home,-4.0,50.0,0.0,2020091304,58173.0,,202009130det,18537.0,401220282,5326.0,7,7,116.0,-128.0,2.5,-108.0,-102.0,42.5,-108.0,-103.0,1,dome,fieldturf,,,00-0033869,00-0026498,Mitch Trubisky,Matthew Stafford,Matt Nagy,Matt Patricia,Alex Kemp,DET00,Ford Field
2020_02_DET_GB,2020,REG,2,2020-09-20,Sunday,13:00,DET,21.0,GB,42.0,Home,21.0,63.0,0.0,2020092002,58187.0,,202009200gnb,18551.0,401220291,5346.0,7,7,245.0,-284.0,7.0,-113.0,102.0,51.0,-101.0,-110.0,1,outdoors,grass,66.0,12.0,00-0026498,00-0023459,Matthew Stafford,Aaron Rodgers,Matt Patricia,Matt LaFleur,Clete Blakeman,GNB00,Lambeau Field
2020_03_DET_ARI,2020,REG,3,2020-09-27,Sunday,16:25,DET,26.0,ARI,23.0,Home,-3.0,49.0,0.0,2020092710,58211.0,,202009270crd,18575.0,401220343,5369.0,7,7,193.0,-218.0,4.5,-105.0,-105.0,55.5,-113.0,101.0,0,closed,grass,,,00-0026498,00-0035228,Matthew Stafford,Kyler Murray,Matt Patricia,Kliff Kingsbury,Scott Novak,PHO00,State Farm Stadium
2020_04_NO_DET,2020,REG,4,2020-10-04,Sunday,13:00,NO,35.0,DET,29.0,Home,-6.0,64.0,0.0,2020100404,58221.0,,202010040det,18585.0,401220285,5381.0,7,7,-155.0,139.0,-3.0,-103.0,-107.0,51.5,-102.0,-109.0,0,dome,fieldturf,,,00-0020531,00-0026498,Drew Brees,Matthew Stafford,Sean Payton,Matt Patricia,Shawn Smith,DET00,Ford Field
2020_06_DET_JAX,2020,REG,6,2020-10-18,Sunday,13:00,DET,34.0,JAX,16.0,Home,-18.0,50.0,0.0,2020101802,58250.0,,202010180jax,18613.0,401220200,5410.0,14,7,-154.0,139.0,-3.0,-105.0,-105.0,52.5,100.0,-112.0,0,outdoors,grass,78.0,10.0,00-0026498,00-0035289,Matthew Stafford,Gardner Minshew II,Matt Patricia,Doug Marrone,Shawn Hochuli,JAX00,TIAA Bank Stadium
2020_07_DET_ATL,2020,REG,7,2020-10-25,Sunday,13:00,DET,23.0,ATL,22.0,Home,-1.0,45.0,0.0,2020102500,58262.0,,202010250atl,18625.0,401220310,5423.0,7,7,102.0,-113.0,1.0,-106.0,-104.0,54.0,-105.0,-106.0,0,closed,fieldturf,,,00-0026498,00-0026143,Matthew Stafford,Matt Ryan,Matt Patricia,Raheem Morris,Land Clark,ATL97,Mercedes-Benz Stadium
2020_08_IND_DET,2020,REG,8,2020-11-01,Sunday,13:00,IND,41.0,DET,21.0,Home,-20.0,62.0,0.0,2020110103,58279.0,,202011010det,18643.0,401220288,5433.0,14,7,-185.0,165.0,-3.5,-103.0,-107.0,49.0,-102.0,-109.0,0,dome,fieldturf,,,00-0022942,00-0026498,Philip Rivers,Matthew Stafford,Frank Reich,Matt Patricia,Clay Martin,DET00,Ford Field
2020_09_DET_MIN,2020,REG,9,2020-11-08,Sunday,13:00,DET,20.0,MIN,34.0,Home,14.0,54.0,0.0,2020110805,58294.0,,202011080min,18658.0,401220299,5450.0,7,7,155.0,-173.0,3.0,106.0,-117.0,51.5,-108.0,-104.0,1,dome,sportturf,,,00-0026498,00-0029604,Matthew Stafford,Kirk Cousins,Matt Patricia,Mike Zimmer,Clete Blakeman,MIN01,U.S. Bank Stadium
2020_10_WAS_DET,2020,REG,10,2020-11-15,Sunday,13:00,WAS,27.0,DET,30.0,Home,3.0,57.0,0.0,2020111502,58305.0,,202011150det,18669.0,401220289,5465.0,7,7,123.0,-136.0,2.5,100.0,-110.0,46.0,-111.0,100.0,0,dome,fieldturf,,,00-0023436,00-0026498,Alex Smith,Matthew Stafford,Ron Rivera,Matt Patricia,Alex Kemp,DET00,Ford Field
2020_11_DET_CAR,2020,REG,11,2020-11-22,Sunday,13:00,DET,0.0,CAR,20.0,Home,20.0,20.0,0.0,2020112201,58318.0,,202011220car,18682.0,401220318,5476.0,7,7,-169.0,152.0,-3.0,-119.0,108.0,47.0,-105.0,-106.0,0,outdoors,grass,65.0,7.0,00-0026498,00-0033275,Matthew Stafford,Phillip Walker,Matt Patricia,Matt Rhule,Ronald Torbert,CAR00,Bank of America Stadium
2020_12_HOU_DET,2020,REG,12,2020-11-26,Thursday,12:30,HOU,41.0,DET,25.0,Home,-16.0,66.0,0.0,2020112600,58329.0,,202011260det,18693.0,401220287,5487.0,4,4,-155.0,139.0,-3.0,-104.0,-106.0,52.5,-110.0,-101.0,0,dome,fieldturf,,,00-0033537,00-0026498,Deshaun Watson,Matthew Stafford,Romeo Crennel,Matt Patricia,Shawn Smith,DET00,Ford Field
2020_13_DET_CHI,2020,REG,13,2020-12-06,Sunday,13:00,DET,34.0,CHI,30.0,Home,-4.0,64.0,0.0,2020120601,58347.0,,202012060chi,18711.0,401220274,5505.0,10,7,145.0,-161.0,3.0,-100.0,-110.0,44.0,-108.0,-104.0,1,outdoors,grass,35.0,5.0,00-0026498,00-0033869,Matthew Stafford,Mitch Trubisky,Darrell Bevell,Matt Nagy,Clay Martin,CHI98,Soldier Field
2020_14_GB_DET,2020,REG,14,2020-12-13,Sunday,16:25,GB,31.0,DET,24.0,Home,-7.0,55.0,0.0,2020121303,58364.0,,202012130det,18728.0,401220283,5521.0,7,7,-345.0,292.0,-9.5,106.0,-117.0,55.5,-105.0,-106.0,1,dome,fieldturf,,,00-0023459,00-0026498,Aaron Rodgers,Matthew Stafford,Matt LaFleur,Darrell Bevell,Alex Kemp,DET00,Ford Field
2020_15_DET_TEN,2020,REG,15,2020-12-20,Sunday,13:00,DET,25.0,TEN,46.0,Home,21.0,71.0,0.0,2020122004,58381.0,,202012200oti,18745.0,401220208,5538.0,7,7,325.0,-389.0,9.5,-113.0,102.0,54.5,-109.0,-103.0,0,outdoors,grass,46.0,5.0,00-0026498,00-0029701,Matthew Stafford,Ryan Tannehill,Darrell Bevell,Mike Vrabel,Jerome Boger,NAS00,Nissan Stadium
2020_16_TB_DET,2020,REG,16,2020-12-26,Saturday,13:00,TB,47.0,DET,7.0,Home,-40.0,54.0,0.0,2020122600,58394.0,,202012260det,18758.0,401220286,5560.0,6,6,-591.0,455.0,-12.0,101.0,-111.0,55.0,-107.0,-104.0,0,dome,fieldturf,,,00-0019596,00-0026498,Tom Brady,Matthew Stafford,Bruce Arians,Darrell Bevell,Scott Novak,DET00,Ford Field
2020_17_MIN_DET,2020,REG,17,2021-01-03,Sunday,13:00,MIN,37.0,DET,35.0,Home,-2.0,72.0,0.0,2021010305,58413.0,,202101030det,18777.0,401220284,5572.0,9,8,-161.0,145.0,-3.0,-110.0,-100.0,54.0,-112.0,101.0,1,dome,fieldturf,,,00-0029604,00-0026498,Kirk Cousins,Matthew Stafford,Mike Zimmer,Darrell Bevell,Adrian Hill,DET00,Ford Field
2021_01_SF_DET,2021,REG,1,2021-09-12,Sunday,13:00,SF,41.0,DET,33.0,Home,-8.0,74.0,0.0,2021091204,58508.0,10160000-0585-08b2-196f-5fa85a77a226,202109120det,19613.0,401326317,5601.0,7,7,-415.0,344.0,-9.5,-105.0,-105.0,46.0,-103.0,-108.0,0,dome,fieldturf,,,00-0031345,00-0033106,Jimmy Garoppolo,Jared Goff,Kyle Shanahan,Dan Campbell,Brad Rogers,DET00,Ford Field
2021_02_DET_GB,2021,REG,2,2021-09-20,Monday,20:15,DET,17.0,GB,35.0,Home,18.0,52.0,0.0,2021092000,58534.0,10160000-0585-34b5-093d-5f75273b3261,202109200gnb,19639.0,401326362,5625.0,8,8,400.0,-494.0,11.5,-112.0,102.0,49.5,-101.0,-110.0,1,outdoors,grass ,73.0,12.0,00-0033106,00-0023459,Jared Goff,Aaron Rodgers,Dan Campbell,Matt LaFleur,Adrian Hill,GNB00,Lambeau Field
2021_03_BAL_DET,2021,REG,3,2021-09-26,Sunday,13:00,BAL,19.0,DET,17.0,Home,-2.0,36.0,0.0,2021092602,58538.0,10160000-0585-388c-6609-51e4cbf35097,202109260det,19643.0,401326366,5633.0,7,6,-344.0,292.0,-7.5,-100.0,-110.0,51.0,-105.0,-106.0,0,dome,fieldturf,,,00-0034796,00-0033106,Lamar Jackson,Jared Goff,John Harbaugh,Dan Campbell,Scott Novak,DET00,Ford Field
2021_04_DET_CHI,2021,REG,4,2021-10-03,Sunday,13:00,DET,14.0,CHI,24.0,Home,10.0,38.0,0.0,2021100302,58554.0,10160000-0585-5441-b92e-8090a507aee1,202110030chi,19659.0,401326382,5646.0,7,7,134.0,-148.0,3.0,-109.0,-101.0,42.0,-110.0,-101.0,1,outdoors,grass ,72.0,4.0,00-0033106,00-0036945,Jared Goff,Justin Fields,Dan Campbell,Matt Nagy,Shawn Smith,CHI98,Soldier Field
2021_05_DET_MIN,2021,REG,5,2021-10-10,Sunday,13:00,DET,17.0,MIN,19.0,Home,2.0,36.0,0.0,2021101005,58573.0,10160000-0585-73e2-70fa-b79fa0fe1599,202110100min,19676.0,401326400,5662.0,7,7,346.0,-418.0,10.0,-110.0,-100.0,49.5,102.0,-113.0,1,dome,sportturf,,,00-0033106,00-0029604,Jared Goff,Kirk Cousins,Dan Campbell,Mike Zimmer,Clete Blakeman,MIN01,U.S. Bank Stadium
2021_06_CIN_DET,2021,REG,6,2021-10-17,Sunday,13:00,CIN,34.0,DET,11.0,Home,-23.0,45.0,0.0,2021101704,58588.0,10160000-0585-8829-9fd7-4967d2260223,202110170det,19692.0,401326414,5677.0,7,7,-192.0,171.0,-3.5,-110.0,-100.0,46.5,-110.0,-101.0,0,dome,fieldturf,,,00-0036442,00-0033106,Joe Burrow,Jared Goff,Zac Taylor,Dan Campbell,Shawn Hochuli,DET00,Ford Field
2021_07_DET_LA,2021,REG,7,2021-10-24,Sunday,16:05,DET,19.0,LA,28.0,Home,9.0,47.0,0.0,2021102406,58604.0,10160000-0586-04bb-6de5-531e31c5e9f0,202110240ram,19710.0,401326430,5697.0,7,7,860.0,-1256.0,17.0,-116.0,105.0,51.0,-110.0,-101.0,0,dome,matrixturf,,,00-0033106,00-0026498,Jared Goff,Matthew Stafford,Dan Campbell,Sean McVay,Bill Vinovich,LAX01,SoFi Stadium
2021_08_PHI_DET,2021,REG,8,2021-10-31,Sunday,13:00,PHI,44.0,DET,6.0,Home,-38.0,50.0,0.0,2021103104,58615.0,10160000-0586-156a-46a9-a2c42dfd5cc3,202110310det,19720.0,401326441,5702.0,7,7,-168.0,151.0,-3.0,-116.0,105.0,48.5,-110.0,-101.0,0,dome,fieldturf,,,00-0036389,00-0033106,Jalen Hurts,Jared Goff,Nick Sirianni,Dan Campbell,Tony Corrente,DET00,Ford Field
2021_10_DET_PIT,2021,REG,10,2021-11-14,Sunday,13:00,DET,16.0,PIT,16.0,Home,0.0,32.0,1.0,2021111404,58644.0,10160000-0586-4425-bb77-9ad5d2181523,202111140pit,19750.0,401326470,5737.0,14,6,303.0,-359.0,9.0,-121.0,110.0,43.0,-114.0,102.0,0,outdoors,grass ,37.0,12.0,00-0033106,00-0034771,Jared Goff,Mason Rudolph,Dan Campbell,Mike Tomlin,Land Clark,PIT00,Heinz Field
2021_11_DET_CLE,2021,REG,11,2021-11-21,Sunday,13:00,DET,10.0,CLE,13.0,Home,3.0,23.0,0.0,2021112103,58657.0,10160000-0586-5732-3027-2b4e927a93f6,202111210cle,19761.0,401326483,5750.0,7,7,465.0,-590.0,13.0,-106.0,-104.0,42.5,-103.0,-108.0,0,outdoors,grass ,42.0,7.0,00-0034177,00-0034855,Tim Boyle,Baker Mayfield,Dan Campbell,Kevin Stefanski,Clay Martin,CLE00,FirstEnergy Stadium
2021_12_CHI_DET,2021,REG,12,2021-11-25,Thursday,12:30,CHI,16.0,DET,14.0,Home,-2.0,30.0,0.0,2021112500,58668.0,10160000-0586-6841-ae86-4a9be6190bcd,202111250det,19772.0,401326494,5759.0,4,4,-129.0,115.0,-2.0,-107.0,-104.0,41.5,-103.0,-108.0,1,dome,fieldturf,,,00-0027973,00-0033106,Andy Dalton,Jared Goff,Matt Nagy,Dan Campbell,Adrian Hill,DET00,Ford Field
2021_13_MIN_DET,2021,REG,13,2021-12-05,Sunday,13:00,MIN,27.0,DET,29.0,Home,2.0,56.0,0.0,2021120503,58687.0,10160000-0586-878a-59ca-b7231b3aaa03,202112050det,19791.0,401326513,5778.0,7,10,-296.0,255.0,-7.0,-104.0,-107.0,47.5,-107.0,-104.0,1,dome,fieldturf,,,00-0029604,00-0033106,Kirk Cousins,Jared Goff,Mike Zimmer,Dan Campbell,Craig Wrolstad,DET00,Ford Field
2021_14_DET_DEN,2021,REG,14,2021-12-12,Sunday,16:05,DET,10.0,DEN,38.0,Home,28.0,48.0,0.0,2021121208,58706.0,10160000-0587-06c4-5440-b3716d42c517,202112120den,19811.0,401326532,5796.0,7,7,495.0,-635.0,13.0,-109.0,-102.0,42.0,-106.0,-105.0,0,outdoors,grass ,63.0,8.0,00-0033106,00-0031237,Jared Goff,Teddy Bridgewater,Dan Campbell,Vic Fangio,John Hussey,DEN00,Empower Field at Mile High
2021_15_ARI_DET,2021,REG,15,2021-12-19,Sunday,13:00,ARI,12.0,DET,30.0,Home,18.0,42.0,0.0,2021121903,58718.0,10160000-0587-18d5-2c6a-d6bf3644f334,202112190det,19823.0,401326544,5806.0,6,7,-634.0,495.0,-13.0,-102.0,-109.0,48.0,-107.0,-104.0,0,dome,fieldturf,,,00-0035228,00-0033106,Kyler Murray,Jared Goff,Kliff Kingsbury,Dan Campbell,Land Clark,DET00,Ford Field
2021_16_DET_ATL,2021,REG,16,2021-12-26,Sunday,13:00,DET,16.0,ATL,20.0,Home,4.0,36.0,0.0,2021122600,58730.0,10160000-0587-3016-3336-a303205432c6,202112260atl,19835.0,401326556,5821.0,7,7,309.0,-373.0,7.5,-106.0,-105.0,42.5,102.0,-113.0,0,open,fieldturf,,,00-0034177,00-0026143,Tim Boyle,Matt Ryan,Dan Campbell,Arthur Smith,Ron Torbert,ATL97,Mercedes-Benz Stadium
2021_17_DET_SEA,2021,REG,17,2022-01-02,Sunday,16:25,DET,29.0,SEA,51.0,Home,22.0,80.0,0.0,2022010213,58756.0,10160000-0587-5645-a2c5-afe83747fb73,202201020sea,19861.0,401326582,5847.0,7,7,327.0,-399.0,8.5,103.0,-114.0,41.5,-111.0,-101.0,0,outdoors,fieldturf,37.0,0.0,00-0034177,00-0029263,Tim Boyle,Russell Wilson,Dan Campbell,Pete Carroll,Tony Corrente,SEA00,Lumen Field
2021_18_GB_DET,2021,REG,18,2022-01-09,Sunday,13:00,GB,30.0,DET,37.0,Home,7.0,67.0,0.0,2022010904,58763.0,10160000-0587-63ed-7f05-19dd0b2ca507,202201090det,19868.0,401326589,5855.0,7,7,-195.0,165.0,-4.0,-110.0,-110.0,45.0,-115.0,-105.0,1,dome,fieldturf,,,00-0023459,00-0033106,Aaron Rodgers,Jared Goff,Matt LaFleur,Dan Campbell,Scott Novak,DET00,Ford Field
2022_01_PHI_DET,2022,REG,1,2022-09-11,Sunday,13:00,PHI,38.0,DET,35.0,Home,-3.0,73.0,0.0,2022091104,58843.0,,202209110det,,401437648,5884.0,7,7,-240.0,211.0,-6.0,-110.0,-100.0,49.0,-117.0,104.0,0,dome,fieldturf,,,00-0036389,00-0033106,Jalen Hurts,Jared Goff,Nick Sirianni,Dan Campbell,Brad Allen,DET00,Ford Field
2022_02_WAS_DET,2022,REG,2,2022-09-18,Sunday,13:00,WAS,27.0,DET,36.0,Home,9.0,63.0,0.0,2022091802,58857.0,,202209180det,,401437732,5898.0,7,7,-114.0,103.0,-1.0,-107.0,-103.0,48.5,-114.0,101.0,0,dome,fieldturf,,,00-0032950,00-0033106,Carson Wentz,Jared Goff,Ron Rivera,Dan Campbell,Bill Vinovich,DET00,Ford Field
2022_03_DET_MIN,2022,REG,3,2022-09-25,Sunday,13:00,DET,24.0,MIN,28.0,Home,4.0,52.0,0.0,2022092504,58875.0,,202209250min,,401437739,5916.0,7,6,232.0,-266.0,6.5,-101.0,-110.0,52.0,-117.0,104.0,1,dome,sportturf,,,00-0033106,00-0029604,Jared Goff,Kirk Cousins,Dan Campbell,Kevin O'Connell,John Hussey,MIN01,U.S. Bank Stadium
2022_04_SEA_DET,2022,REG,4,2022-10-02,Sunday,13:00,SEA,48.0,DET,45.0,Home,-3.0,93.0,0.0,2022100205,58891.0,,202210020det,,401437752,5932.0,7,7,151.0,-169.0,3.0,103.0,-113.0,48.5,-112.0,-101.0,0,dome,fieldturf,,,00-0030565,00-0033106,Geno Smith,Jared Goff,Pete Carroll,Dan Campbell,Clay Martin,DET00,Ford Field
2022_05_DET_NE,2022,REG,5,2022-10-09,Sunday,13:00,DET,0.0,NE,29.0,Home,29.0,29.0,0.0,2022100905,58908.0,,202210090nwe,,401437767,5949.0,7,7,133.0,-148.0,3.0,-113.0,102.0,46.5,101.0,-114.0,0,outdoors,fieldturf,,,00-0033106,00-0038108,Jared Goff,Bailey Zappe,Dan Campbell,Bill Belichick,Craig Wrolstad,BOS00,Gillette Stadium
2022_07_DET_DAL,2022,REG,7,2022-10-23,Sunday,13:00,DET,6.0,DAL,24.0,Home,18.0,30.0,0.0,2022102303,58936.0,,202210230dal,,401437795,5977.0,14,7,241.0,-278.0,7.0,-112.0,102.0,49.5,-102.0,-110.0,0,closed,matrixturf,,,00-0033106,00-0033077,Jared Goff,Dak Prescott,Dan Campbell,Mike McCarthy,Adrian Hill,DAL00,AT&T Stadium
2022_08_MIA_DET,2022,REG,8,2022-10-30,Sunday,13:00,MIA,31.0,DET,27.0,Home,-4.0,58.0,0.0,2022103003,58950.0,,202210300det,,401437808,5991.0,7,7,-190.0,169.0,-3.5,-112.0,102.0,52.0,-108.0,-104.0,0,dome,fieldturf,,,00-0036212,00-0033106,Tua Tagovailoa,Jared Goff,Mike McDaniel,Dan Campbell,Alex Kemp,DET00,Ford Field
2022_09_GB_DET,2022,REG,9,2022-11-06,Sunday,13:00,GB,9.0,DET,15.0,Home,6.0,24.0,0.0,2022110603,58965.0,,202211060det,,401437823,6006.0,7,7,-191.0,170.0,-4.0,-107.0,-103.0,49.5,-107.0,-105.0,1,dome,fieldturf,,,00-0023459,00-0033106,Aaron Rodgers,Jared Goff,Matt LaFleur,Dan Campbell,Tra Blake,DET00,Ford Field
2022_10_DET_CHI,2022,REG,10,2022-11-13,Sunday,13:00,DET,31.0,CHI,30.0,Home,-1.0,61.0,0.0,2022111302,58977.0,,202211130chi,,401437834,6018.0,7,7,143.0,-159.0,3.0,-105.0,-105.0,48.5,-114.0,101.0,1,outdoors,grass,34.0,13.0,00-0033106,00-0036945,Jared Goff,Justin Fields,Dan Campbell,Matt Eberflus,Land Clark,CHI98,Soldier Field
2022_11_DET_NYG,2022,REG,11,2022-11-20,Sunday,13:00,DET,31.0,NYG,18.0,Home,-13.0,49.0,0.0,2022112007,58996.0,,202211200nyg,,401437852,6037.0,7,7,143.0,-159.0,3.0,-104.0,-107.0,44.0,103.0,-116.0,0,outdoors,fieldturf,35.0,21.0,00-0033106,00-0035710,Jared Goff,Daniel Jones,Dan Campbell,Brian Daboll,Brad Rogers,NYC01,MetLife Stadium
2022_12_BUF_DET,2022,REG,12,2022-11-24,Thursday,12:30,BUF,28.0,DET,25.0,Home,-3.0,53.0,0.0,2022112400,59002.0,,202211240det,,401437857,6043.0,4,4,-412.0,342.0,-10.0,105.0,-116.0,54.0,-102.0,-110.0,0,dome,fieldturf,,,00-0034857,00-0033106,Josh Allen,Jared Goff,Sean McDermott,Dan Campbell,Clete Blakeman,DET00,Ford Field
2022_13_JAX_DET,2022,REG,13,2022-12-04,Sunday,13:00,JAX,14.0,DET,40.0,Home,26.0,54.0,0.0,2022120403,59022.0,,202212040det,,401437877,6063.0,7,10,107.0,-118.0,1.0,-100.0,-110.0,51.5,-114.0,101.0,0,dome,fieldturf,,,00-0036971,00-0033106,Trevor Lawrence,Jared Goff,Doug Pederson,Dan Campbell,Jerome Boger,DET00,Ford Field
2022_14_MIN_DET,2022,REG,14,2022-12-11,Sunday,13:00,MIN,23.0,DET,34.0,Home,11.0,57.0,0.0,2022121103,59037.0,,202212110det,,401437892,6078.0,7,7,119.0,-132.0,2.5,-108.0,-102.0,51.5,-110.0,-102.0,1,dome,fieldturf,,,00-0029604,00-0033106,Kirk Cousins,Jared Goff,Kevin O'Connell,Dan Campbell,Ron Torbert,DET00,Ford Field
2022_15_DET_NYJ,2022,REG,15,2022-12-18,Sunday,13:00,DET,20.0,NYJ,17.0,Home,-3.0,37.0,0.0,2022121804,59056.0,,202212180nyj,,401437911,6097.0,7,7,120.0,-132.0,2.0,-100.0,-110.0,44.0,-109.0,-103.0,0,outdoors,fieldturf,38.0,13.0,00-0033106,00-0037013,Jared Goff,Zach Wilson,Dan Campbell,Robert Saleh,Craig Wrolstad,NYC01,MetLife Stadium
2022_16_DET_CAR,2022,REG,16,2022-12-24,Saturday,13:00,DET,23.0,CAR,37.0,Home,14.0,60.0,0.0,2022122401,59064.0,,202212240car,,401437919,6105.0,6,6,-129.0,117.0,-2.5,101.0,-111.0,43.5,-112.0,-100.0,0,outdoors,grass,20.0,12.0,00-0033106,00-0034869,Jared Goff,Sam Darnold,Dan Campbell,Steve Wilks,Shawn Hochuli,CAR00,Bank of America Stadium
2022_17_CHI_DET,2022,REG,17,2023-01-01,Sunday,13:00,CHI,10.0,DET,41.0,Home,31.0,51.0,0.0,2023010102,59081.0,,202301010det,,401437935,6122.0,8,8,194.0,-219.0,4.5,-105.0,-105.0,52.5,-111.0,-101.0,1,dome,fieldturf,,,00-0036945,00-0033106,Justin Fields,Jared Goff,Matt Eberflus,Dan Campbell,Adrian Hill,DET00,Ford Field
2022_18_DET_GB,2022,REG,18,2023-01-08,Sunday,20:20,DET,20.0,GB,16.0,Home,-4.0,36.0,0.0,2023010804,59098.0,,202301080gnb,,401437952,6139.0,7,7,237.0,-273.0,5.5,-110.0,-100.0,49.0,-113.0,101.0,1,outdoors,grass,21.0,4.0,00-0033106,00-0023459,Jared Goff,Aaron Rodgers,Dan Campbell,Matt LaFleur,Brad Rogers,GNB00,Lambeau Field
2023_01_DET_KC,2023,REG,1,2023-09-07,Thursday,20:20,DET,21.0,KC,20.0,Home,-1.0,41.0,0.0,2023090700,59173.0,,202309070kan,,401547353,,7,7,164.0,-198.0,4.0,-110.0,-110.0,53.0,-110.0,-110.0,0,outdoors,,,,00-0033106,00-0033873,Jared Goff,Patrick Mahomes,Dan Campbell,Andy Reid,John Hussey,KAN00,GEHA Field at Arrowhead Stadium
2023_02_SEA_DET,2023,REG,2,2023-09-17,Sunday,13:00,SEA,37.0,DET,31.0,Home,-6.0,68.0,1.0,2023091703,59193.0,,202309170det,,401547418,,7,10,180.0,-218.0,4.5,-110.0,-110.0,47.5,-108.0,-112.0,0,dome,,,,00-0030565,00-0033106,Geno Smith,Jared Goff,Pete Carroll,Dan Campbell,Alex Kemp,DET00,Ford Field
2023_03_ATL_DET,2023,REG,3,2023-09-24,Sunday,13:00,ATL,6.0,DET,20.0,Home,14.0,26.0,0.0,2023092402,59208.0,,202309240det,,401547433,,7,7,140.0,-166.0,3.0,100.0,-120.0,47.5,-108.0,-112.0,0,dome,fieldturf,,,00-0038122,00-0033106,Desmond Ridder,Jared Goff,Arthur Smith,Dan Campbell,Carl Cheffers,DET00,Ford Field
2023_04_DET_GB,2023,REG,4,2023-09-28,Thursday,20:15,DET,34.0,GB,20.0,Home,-14.0,54.0,0.0,2023092800,59221.0,,202309280gnb,,401547442,,4,4,-142.0,120.0,-2.5,-118.0,-102.0,45.0,-110.0,-110.0,1,outdoors,grass,64.0,8.0,00-0033106,00-0036264,Jared Goff,Jordan Love,Dan Campbell,Matt LaFleur,Alan Eck,GNB00,Lambeau Field
2023_05_CAR_DET,2023,REG,5,2023-10-08,Sunday,13:00,CAR,24.0,DET,42.0,Home,18.0,66.0,0.0,2023100802,59240.0,,202310080det,,401547464,,7,10,350.0,-455.0,9.5,-110.0,-110.0,43.5,-110.0,-110.0,0,dome,fieldturf,,,00-0039150,00-0033106,Bryce Young,Jared Goff,Frank Reich,Dan Campbell,Adrian Hill,DET00,Ford Field
2023_06_DET_TB,2023,REG,6,2023-10-15,Sunday,16:25,DET,20.0,TB,6.0,Home,-14.0,26.0,0.0,2023101508,59260.0,,202310150tam,,401547478,,7,14,-162.0,136.0,-3.0,-115.0,-105.0,43.5,-112.0,-108.0,0,outdoors,grass,77.0,13.0,00-0033106,00-0034855,Jared Goff,Baker Mayfield,Dan Campbell,Todd Bowles,Clay Martin,TAM00,Raymond James Stadium
2023_07_DET_BAL,2023,REG,7,2023-10-22,Sunday,13:00,DET,6.0,BAL,38.0,Home,32.0,44.0,0.0,2023102200,59267.0,,202310220rav,,401547489,,7,7,136.0,-162.0,3.0,-105.0,-115.0,43.5,-108.0,-112.0,0,outdoors,grass,62.0,16.0,00-0033106,00-0034796,Jared Goff,Lamar Jackson,Dan Campbell,John Harbaugh,Brad Rogers,BAL00,M&T Bank Stadium
2023_08_LV_DET,2023,REG,8,2023-10-30,Monday,20:15,LV,14.0,DET,26.0,Home,12.0,40.0,0.0,2023103000,59294.0,,202310300det,,401547511,,8,8,270.0,-340.0,7.0,-110.0,-110.0,46.0,-110.0,-110.0,0,dome,fieldturf,,,00-0031345,00-0033106,Jimmy Garoppolo,Jared Goff,Josh McDaniels,Dan Campbell,Clete Blakeman,DET00,Ford Field
2023_10_DET_LAC,2023,REG,10,2023-11-12,Sunday,16:05,DET,41.0,LAC,38.0,Home,-3.0,79.0,0.0,2023111208,59318.0,,202311120sdg,,401547530,,13,6,-142.0,120.0,-2.5,-110.0,-110.0,48.5,-110.0,-110.0,0,dome,matrixturf,,,00-0033106,00-0036355,Jared Goff,Justin Herbert,Dan Campbell,Brandon Staley,Shawn Smith,LAX01,SoFi Stadium
2023_11_CHI_DET,2023,REG,11,2023-11-19,Sunday,13:00,CHI,26.0,DET,31.0,Home,5.0,57.0,0.0,2023111902,59326.0,,202311190det,,401547546,,10,7,340.0,-440.0,8.0,-110.0,-110.0,48.0,-110.0,-110.0,1,dome,fieldturf,,,00-0036945,00-0033106,Justin Fields,Jared Goff,Matt Eberflus,Dan Campbell,Scott Novak,DET00,Ford Field
2023_12_GB_DET,2023,REG,12,2023-11-23,Thursday,12:30,GB,29.0,DET,22.0,Home,-7.0,51.0,0.0,2023112300,59337.0,,202311230det,,401547552,,4,4,330.0,-425.0,8.5,-105.0,-115.0,47.0,-108.0,-112.0,1,dome,fieldturf,,,00-0036264,00-0033106,Jordan Love,Jared Goff,Matt LaFleur,Dan Campbell,Carl Cheffers,DET00,Ford Field
2023_13_DET_NO,2023,REG,13,2023-12-03,Sunday,13:00,DET,33.0,NO,28.0,Home,-5.0,61.0,0.0,2023120301,59355.0,,202312030nor,,401547572,,10,7,-198.0,164.0,-4.0,-110.0,-110.0,47.5,-108.0,-112.0,0,dome,sportturf,,,00-0033106,00-0031280,Jared Goff,Derek Carr,Dan Campbell,Dennis Allen,Clay Martin,NOR00,Mercedes-Benz Superdome
2023_14_DET_CHI,2023,REG,14,2023-12-10,Sunday,13:00,DET,13.0,CHI,28.0,Home,15.0,41.0,0.0,2023121002,59369.0,,202312100chi,,401547586,,7,13,-170.0,142.0,-3.0,-120.0,100.0,44.5,-110.0,-110.0,1,outdoors,grass,36.0,12.0,00-0033106,00-0036945,Jared Goff,Justin Fields,Dan Campbell,Matt Eberflus,Tra Blake,CHI98,Soldier Field
2023_15_DEN_DET,2023,REG,15,2023-12-16,Saturday,20:15,DEN,17.0,DET,42.0,Home,25.0,59.0,0.0,2023121602,59385.0,,202312160det,,401547606,,6,6,210.0,-258.0,5.5,-108.0,-112.0,49.0,-108.0,-112.0,0,dome,fieldturf,,,00-0029263,00-0033106,Russell Wilson,Jared Goff,Sean Payton,Dan Campbell,John Hussey,DET00,Ford Field
2023_16_DET_MIN,2023,REG,16,2023-12-24,Sunday,13:00,DET,30.0,MIN,24.0,Home,-6.0,54.0,0.0,2023122405,59403.0,,202312240min,,401547618,,8,8,-148.0,124.0,-2.5,-125.0,105.0,47.5,-102.0,-118.0,1,dome,sportturf,,,00-0033106,00-0033319,Jared Goff,Nick Mullens,Dan Campbell,Kevin O'Connell,Land Clark,MIN01,U.S. Bank Stadium
2023_17_DET_DAL,2023,REG,17,2023-12-30,Saturday,20:15,DET,19.0,DAL,20.0,Home,1.0,39.0,0.0,2023123000,59414.0,,202312300dal,,401547624,,6,6,195.0,-238.0,5.5,-110.0,-110.0,53.0,-110.0,-110.0,0,closed,matrixturf,,,00-0033106,00-0033077,Jared Goff,Dak Prescott,Dan Campbell,Mike McCarthy,Brad Allen,DAL00,AT&T Stadium
2023_18_MIN_DET,2023,REG,18,2024-01-07,Sunday,13:00,MIN,20.0,DET,30.0,Home,10.0,50.0,0.0,2024010703,59433.0,,202401070det,,401547642,,7,8,170.0,-205.0,3.5,-102.0,-118.0,47.5,-110.0,-110.0,1,dome,fieldturf,,,00-0033319,00-0033106,Nick Mullens,Jared Goff,Kevin O'Connell,Dan Campbell,Brad Rogers,DET00,Ford Field
2023_19_LA_DET,2023,WC,19,2024-01-14,Sunday,20:00,LA,23.0,DET,24.0,Home,1.0,47.0,0.0,2024011402,59498.0,,202401140det,,401547753,,7,7,136.0,-162.0,3.5,-122.0,102.0,52.5,-102.0,-118.0,0,dome,fieldturf,,,00-0026498,00-0033106,Matthew Stafford,Jared Goff,Sean McVay,Dan Campbell,Craig Wrolstad,DET00,Ford Field
2023_20_TB_DET,2023,DIV,20,2024-01-21,Sunday,15:00,TB,23.0,DET,31.0,Home,8.0,54.0,0.0,2024012100,59502.0,,202401210det,,401547757,,6,7,225.0,-278.0,6.0,-102.0,-118.0,49.5,-105.0,-115.0,0,dome,fieldturf,,,00-0034855,00-0033106,Baker Mayfield,Jared Goff,Todd Bowles,Dan Campbell,Bill Vinovich,DET00,Ford Field
2023_21_DET_SF,2023,CON,21,2024-01-28,Sunday,18:30,DET,31.0,SF,34.0,Home,3.0,65.0,0.0,2024012801,59505.0,,202401280sfo,,401547380,,7,8,260.0,-325.0,7.5,-120.0,100.0,52.5,-110.0,-110.0,0,outdoors,grass,69.0,5.0,00-0033106,00-0037834,Jared Goff,Brock Purdy,Dan Campbell,Kyle Shanahan,Clete Blakeman,SFO01,Levi's Stadium
2024_01_LA_DET,2024,REG,1,2024-09-08,Sunday,20:20,LA,20.0,DET,26.0,Home,6.0,46.0,1.0,2024090812,59522.0,,202409080det,,401671792,6463.0,7,7,185.0,-225.0,5.0,-108.0,-112.0,54.0,-112.0,-108.0,0,dome,fieldturf,,,00-0026498,00-0033106,Matthew Stafford,Jared Goff,Sean McVay,Dan Campbell,Adrian Hill,DET00,Ford Field
2024_02_TB_DET,2024,REG,2,2024-09-15,Sunday,13:00,TB,20.0,DET,16.0,Home,-4.0,36.0,0.0,2024091503,59528.0,,202409150det,,401671721,6469.0,7,7,295.0,-375.0,7.5,-108.0,-112.0,51.5,-112.0,-108.0,0,dome,fieldturf,,,00-0034855,00-0033106,Baker Mayfield,Jared Goff,Todd Bowles,Dan Campbell,Clay Martin,DET00,Ford Field
2024_03_DET_ARI,2024,REG,3,2024-09-22,Sunday,16:25,DET,20.0,ARI,13.0,Home,-7.0,33.0,0.0,2024092209,59550.0,,202409220crd,,401671771,6491.0,7,7,-148.0,124.0,-3.0,-102.0,-118.0,51.5,-112.0,-108.0,0,closed,grass,,,00-0033106,00-0035228,Jared Goff,Kyler Murray,Dan Campbell,Jonathan Gannon,Brad Rogers,PHO00,State Farm Stadium
2024_04_SEA_DET,2024,REG,4,2024-09-30,Monday,20:15,SEA,29.0,DET,42.0,Home,13.0,71.0,0.0,2024093001,59571.0,,202409300det,,401671491,6512.0,8,8,154.0,-185.0,3.5,-108.0,-112.0,46.5,-108.0,-112.0,0,dome,fieldturf,,,00-0030565,00-0033106,Geno Smith,Jared Goff,Mike Macdonald,Dan Campbell,Alex Kemp,DET00,Ford Field
2024_06_DET_DAL,2024,REG,6,2024-10-13,Sunday,16:25,DET,47.0,DAL,9.0,Home,-38.0,56.0,0.0,2024101310,59597.0,,202410130dal,,401671764,6538.0,13,7,-180.0,150.0,-3.5,-105.0,-115.0,52.5,-110.0,-110.0,0,closed,matrixturf,,,00-0033106,00-0033077,Jared Goff,Dak Prescott,Dan Campbell,Mike McCarthy,John Hussey,DAL00,AT&T Stadium
2024_07_DET_MIN,2024,REG,7,2024-10-20,Sunday,13:00,DET,31.0,MIN,29.0,Home,-2.0,60.0,0.0,2024102006,59607.0,,202410200min,,401671724,6548.0,7,14,-102.0,-118.0,1.0,-108.0,-112.0,50.5,-112.0,-108.0,1,dome,sportturf,,,00-0033106,00-0034869,Jared Goff,Sam Darnold,Dan Campbell,Kevin O'Connell,Clay Martin,MIN01,U.S. Bank Stadium
2024_08_TEN_DET,2024,REG,8,2024-10-27,Sunday,13:00,TEN,14.0,DET,52.0,Home,38.0,66.0,0.0,2024102701,59617.0,,202410270det,,401671720,6558.0,7,7,550.0,-800.0,12.5,-105.0,-115.0,45.0,-108.0,-112.0,0,dome,fieldturf,,,00-0034771,00-0033106,Mason Rudolph,Jared Goff,Brian Callahan,Dan Campbell,Carl Cheffers,DET00,Ford Field
2024_09_DET_GB,2024,REG,9,2024-11-03,Sunday,16:25,DET,24.0,GB,14.0,Home,-10.0,38.0,0.0,2024110310,59642.0,,202411030gnb,,401671767,6583.0,7,7,-155.0,130.0,-2.5,-120.0,100.0,47.5,-108.0,-112.0,1,outdoors,grass,50.0,15.0,00-0033106,00-0036264,Jared Goff,Jordan Love,Dan Campbell,Matt LaFleur,Clete Blakeman,GNB00,Lambeau Field
2024_10_DET_HOU,2024,REG,10,2024-11-10,Sunday,20:20,DET,26.0,HOU,23.0,Home,-3.0,49.0,0.0,2024111011,59658.0,,202411100htx,,401671787,6599.0,7,10,-230.0,190.0,-4.5,-110.0,-110.0,49.0,-110.0,-112.0,0,closed,astroturf,,,00-0033106,00-0039163,Jared Goff,C.J. Stroud,Dan Campbell,DeMeco Ryans,Bill Vinovich,HOU00,NRG Stadium
2024_11_JAX_DET,2024,REG,11,2024-11-17,Sunday,13:00,JAX,6.0,DET,52.0,Home,46.0,58.0,0.0,2024111701,59662.0,,202411170det,,401671642,6603.0,7,7,650.0,-1000.0,14.0,-105.0,-115.0,47.5,-110.0,-110.0,0,dome,fieldturf,,,00-0036972,00-0033106,Mac Jones,Jared Goff,Doug Pederson,Dan Campbell,Scott Novak,DET00,Ford Field
2024_12_DET_IND,2024,REG,12,2024-11-24,Sunday,13:00,DET,24.0,IND,6.0,Home,-18.0,30.0,0.0,2024112403,59678.0,,202411240clt,,401671866,6619.0,7,7,-375.0,295.0,-7.0,-122.0,102.0,50.5,-110.0,-110.0,0,closed,fieldturf,,,00-0033106,00-0026158,Jared Goff,Joe Flacco,Dan Campbell,Shane Steichen,Shawn Hochuli,IND00,Lucas Oil Stadium
2024_13_CHI_DET,2024,REG,13,2024-11-28,Thursday,12:30,CHI,20.0,DET,23.0,Home,3.0,43.0,0.0,2024112800,59687.0,,202411280det,,401671492,6628.0,4,4,390.0,-520.0,9.5,-102.0,-118.0,47.5,100.0,-120.0,1,dome,fieldturf,,,00-0039918,00-0033106,Caleb Williams,Jared Goff,Matt Eberflus,Dan Campbell,Alan Eck,DET00,Ford Field
2024_14_GB_DET,2024,REG,14,2024-12-05,Thursday,20:15,GB,31.0,DET,34.0,Home,3.0,65.0,0.0,2024120500,59703.0,,202412050det,,401671814,6644.0,7,7,142.0,-170.0,3.0,100.0,-120.0,53.0,-110.0,-110.0,1,dome,fieldturf,,,00-0036264,00-0033106,Jordan Love,Jared Goff,Matt LaFleur,Dan Campbell,John Hussey,DET00,Ford Field
2024_15_BUF_DET,2024,REG,15,2024-12-15,Sunday,16:25,BUF,48.0,DET,42.0,Home,-6.0,90.0,0.0,2024121509,59726.0,,202412150det,,401671681,6667.0,7,10,110.0,-130.0,2.5,-110.0,-110.0,55.5,-110.0,-110.0,0,dome,fieldturf,,,00-0034857,00-0033106,Josh Allen,Jared Goff,Sean McDermott,Dan Campbell,Adrian Hill,DET00,Ford Field
2024_16_DET_CHI,2024,REG,16,2024-12-22,Sunday,13:00,DET,34.0,CHI,17.0,Home,-17.0,51.0,0.0,2024122205,59738.0,,202412220chi,,401671868,6679.0,7,6,-340.0,270.0,-7.0,-110.0,-110.0,47.5,-110.0,-110.0,1,outdoors,grass,29.0,7.0,00-0033106,00-0039918,Jared Goff,Caleb Williams,Dan Campbell,Matt Eberflus,Clete Blakeman,CHI98,Soldier Field
2024_17_DET_SF,2024,REG,17,2024-12-30,Monday,20:15,DET,40.0,SF,34.0,Home,-6.0,74.0,0.0,2024123000,59763.0,,202412300sfo,,401671698,6704.0,8,8,-230.0,190.0,-4.0,-112.0,-108.0,50.5,-110.0,-110.0,0,outdoors,grass,,,00-0033106,00-0037834,Jared Goff,Brock Purdy,Dan Campbell,Kyle Shanahan,Shawn Hochuli,SFO01,Levi's Stadium
2024_18_MIN_DET,2024,REG,18,2025-01-05,Sunday,20:20,MIN,9.0,DET,31.0,Home,22.0,40.0,0.0,2025010505,59769.0,,202501050det,,401671843,6710.0,7,6,124.0,-148.0,3.0,-118.0,-102.0,56.5,-102.0,-118.0,1,dome,fieldturf,,,00-0034869,00-0033106,Sam Darnold,Jared Goff,Kevin O'Connell,Dan Campbell,Brad Rogers,DET00,Ford Field
2024_20_WAS_DET,2024,DIV,20,2025-01-18,Saturday,20:00,WAS,45.0,DET,31.0,Home,-14.0,76.0,0.0,2025011801,59836.0,,202501180det,,401671885,,6,13,390.0,-520.0,8.5,-105.0,-115.0,55.5,-112.0,-108.0,0,dome,fieldturf,,,00-0039910,00-0033106,Jayden Daniels,Jared Goff,Dan Quinn,Dan Campbell,Ron Torbert,DET00,Ford Field
2025_01_DET_GB,2025,REG,1,2025-09-07,Sunday,16:25,DET,13.0,GB,27.0,Home,14.0,40.0,0.0,2025090710,59855.0,,202509070gnb,28430.0,401772722,6746.0,7,7,100.0,-120.0,1.5,-115.0,-105.0,48.5,-115.0,-105.0,1,outdoors,grass,60.0,5.0,00-0033106,00-0036264,Jared Goff,Jordan Love,Dan Campbell,Matt LaFleur,Clete Blakeman,GNB00,Lambeau Field
2025_02_CHI_DET,2025,REG,2,2025-09-14,Sunday,13:00,CHI,21.0,DET,52.0,Home,31.0,73.0,0.0,2025091403,59863.0,,202509140det,28438.0,401772835,6754.0,6,7,220.0,-270.0,6.0,-110.0,-110.0,46.5,-112.0,-108.0,1,dome,fieldturf,,,00-0039918,00-0033106,Caleb Williams,Jared Goff,Ben Johnson,Dan Campbell,Land Clark,DET00,Ford Field
2025_03_DET_BAL,2025,REG,3,2025-09-22,Monday,20:15,DET,38.0,BAL,30.0,Home,-8.0,68.0,0.0,2025092200,59890.0,,202509220rav,28451.0,401772812,6781.0,8,8,200.0,-245.0,4.5,-105.0,-115.0,53.5,-105.0,-115.0,0,outdoors,grass,74.0,7.0,00-0033106,00-0034796,Jared Goff,Lamar Jackson,Dan Campbell,John Harbaugh,Bill Vinovich,BAL00,M&T Bank Stadium
2025_04_CLE_DET,2025,REG,4,2025-09-28,Sunday,13:00,CLE,10.0,DET,34.0,Home,24.0,44.0,0.0,2025092803,59895.0,,202509280det,28470.0,401772846,6786.0,7,6,410.0,-550.0,10.0,-108.0,-112.0,44.5,-115.0,-105.0,0,dome,fieldturf,,,00-0026158,00-0033106,Joe Flacco,Jared Goff,Kevin Stefanski,Dan Campbell,Shawn Smith,DET00,Ford Field
2025_05_DET_CIN,2025,REG,5,2025-10-05,Sunday,16:25,DET,37.0,CIN,24.0,Home,-13.0,61.0,0.0,2025100509,59917.0,,202510050cin,28492.0,401772854,6808.0,7,6,-575.0,425.0,-10.5,-102.0,-118.0,49.5,-112.0,-108.0,0,outdoors,fieldturf,84.0,7.0,00-0033106,00-0035100,Jared Goff,Jake Browning,Dan Campbell,Zac Taylor,Carl Cheffers,CIN00,Paycor Stadium
2025_06_DET_KC,2025,REG,6,2025-10-12,Sunday,20:20,DET,17.0,KC,30.0,Home,13.0,47.0,0.0,2025101211,59933.0,,202510120kan,28508.0,401772923,6824.0,7,6,120.0,-142.0,2.5,-105.0,-115.0,51.5,-105.0,-115.0,0,outdoors,grass,85.0,13.0,00-0033106,00-0033873,Jared Goff,Patrick Mahomes,Dan Campbell,Andy Reid,Craig Wrolstad,KAN00,GEHA Field at Arrowhead Stadium
2025_07_TB_DET,2025,REG,7,2025-10-20,Monday,19:00,TB,9.0,DET,24.0,Home,15.0,33.0,0.0,2025102000,59949.0,,202510200det,28524.0,401772816,6841.0,8,8,225.0,-278.0,6.0,-112.0,-108.0,54.5,-115.0,-105.0,0,dome,fieldturf,,,00-0034855,00-0033106,Baker Mayfield,Jared Goff,Todd Bowles,Dan Campbell,John Hussey,DET00,Ford Field
2025_09_MIN_DET,2025,REG,9,2025-11-02,Sunday,13:00,MIN,27.0,DET,24.0,Home,-3.0,51.0,0.0,2025110201,59966.0,,202511020det,28541.0,401772871,6857.0,10,13,410.0,-550.0,9.5,-108.0,-112.0,47.5,-105.0,-115.0,1,dome,fieldturf,,,00-0039923,00-0033106,J.J. McCarthy,Jared Goff,Kevin O'Connell,Dan Campbell,Clay Martin,DET00,Ford Field
2025_10_DET_WAS,2025,REG,10,2025-11-09,Sunday,16:25,DET,44.0,WAS,22.0,Home,-22.0,66.0,0.0,2025110910,59989.0,,202511090was,28564.0,401772878,6880.0,7,7,-455.0,350.0,-8.5,-105.0,-115.0,49.5,-112.0,-108.0,0,outdoors,grass,64.0,9.0,00-0033106,00-0032268,Jared Goff,Marcus Mariota,Dan Campbell,Dan Quinn,Scott Novak,WAS00,FedExField
2025_11_DET_PHI,2025,REG,11,2025-11-16,Sunday,20:20,DET,9.0,PHI,16.0,Home,7.0,25.0,0.0,2025111612,60005.0,,202511160phi,28581.0,401772928,6896.0,7,6,130.0,-155.0,2.5,-102.0,-118.0,46.5,-108.0,-112.0,0,outdoors,grass,45.0,15.0,00-0033106,00-0036389,Jared Goff,Jalen Hurts,Dan Campbell,Nick Sirianni,Alex Kemp,PHI00,Lincoln Financial Field
2025_12_NYG_DET,2025,REG,12,2025-11-23,Sunday,13:00,NYG,27.0,DET,34.0,Home,7.0,61.0,1.0,2025112303,60011.0,,202511230det,28586.0,401772888,6902.0,7,7,675.0,-1050.0,14.0,-115.0,-105.0,50.5,100.0,-120.0,0,dome,fieldturf,,,00-0031503,00-0033106,Jameis Winston,Jared Goff,Brian Daboll,Dan Campbell,Craig Wrolstad,DET00,Ford Field
2025_13_GB_DET,2025,REG,13,2025-11-27,Thursday,13:00,GB,31.0,DET,24.0,Home,-7.0,55.0,0.0,2025112700,60021.0,,202511270det,28596.0,401772891,6912.0,4,4,130.0,-155.0,2.5,105.0,-125.0,48.5,-110.0,-110.0,1,dome,fieldturf,,,00-0036264,00-0033106,Jordan Love,Jared Goff,Matt LaFleur,Dan Campbell,Ron Torbert,DET00,Ford Field
2025_14_DAL_DET,2025,REG,14,2025-12-04,Thursday,20:15,DAL,30.0,DET,44.0,Home,14.0,74.0,0.0,2025120400,60037.0,,202512040det,28612.0,401772947,6928.0,7,7,160.0,-192.0,3.5,-110.0,-110.0,55.5,-110.0,-110.0,0,dome,fieldturf,,,00-0033077,00-0033106,Dak Prescott,Jared Goff,Brian Schottenheimer,Dan Campbell,Shawn Hochuli,DET00,Ford Field
2025_15_DET_LA,2025,REG,15,2025-12-14,Sunday,16:25,DET,,LA,,Home,,,,2025121409,,,202512140ram,28638.0,401772909,6952.0,10,7,200.0,-245.0,5.5,-108.0,-112.0,55.5,-115.0,-105.0,0,dome,matrixturf,,,00-0033106,00-0026498,Jared Goff,Matthew Stafford,Dan Campbell,Sean McVay,,LAX01,SoFi Stadium
2025_16_PIT_DET,2025,REG,16,2025-12-21,Sunday,16:25,PIT,,DET,,Home,,,,2025122109,,,202512210det,28654.0,401772806,6970.0,6,7,230.0,-285.0,6.5,-110.0,-110.0,49.5,-110.0,-110.0,0,dome,fieldturf,,,,,,,Mike Tomlin,Dan Campbell,,DET00,Ford Field
2025_17_DET_MIN,2025,REG,17,2025-12-25,Thursday,16:30,DET,,MIN,,Home,,,,2025122501,,,202512250min,28659.0,401772711,6975.0,4,4,,,,,,,,,1,dome,sportturf,,,,,,,Dan Campbell,Kevin O'Connell,,MIN01,U.S. Bank Stadium
2025_18_DET_CHI,2025,REG,18,2026-01-04,Sunday,13:00,DET,,CHI,,Home,,,,2025010402,,,202501040chi,28675.0,401772965,6992.0,5,9,,,,,,,,,1,outdoors,grass,,,,,,,Dan Campbell,Ben Johnson,,CHI98,Soldier Field
