game_id,season,game_type,week,gameday,weekday,gametime,away_team,away_score,home_team,home_score,location,result,total,overtime,old_game_id,gsis,nfl_detail_id,pfr,pff,espn,ftn,away_rest,home_rest,away_moneyline,home_moneyline,spread_line,away_spread_odds,home_spread_odds,total_line,under_odds,over_odds,div_game,roof,surface,temp,wind,away_qb_id,home_qb_id,away_qb_name,home_qb_name,away_coach,home_coach,referee,stadium_id,stadium
2000_01_TB_NE,2000,REG,1,2000-09-03,Sunday,13:00,TB,21.0,NE,16.0,Home,-5.0,37.0,0.0,2000090312,1000.0,,200009030nwe,,200903017,,7,7,,,-3.0,,,36.0,,,0,outdoors,grass,71.0,5.0,00-0009266,00-0001361,Shaun King,Drew Bledsoe,Tony Dungy,Bill Belichick,Jeff Triplette,BOS99,Foxboro Stadium
2000_02_CHI_TB,2000,REG,2,2000-09-10,Sunday,13:00,CHI,0.0,TB,41.0,Home,41.0,41.0,0.0,2000091002,1005.0,,200009100tam,,200910027,,7,7,,,7.0,,,36.5,,,1,outdoors,grass,89.0,10.0,00-0011044,00-0009266,Cade McNown,Shaun King,Dick Jauron,Tony Dungy,Bernie Kukar,TAM00,Raymond James Stadium
2000_03_TB_DET,2000,REG,3,2000-09-17,Sunday,13:00,TB,31.0,DET,10.0,Home,-21.0,41.0,0.0,2000091711,1028.0,,200009170det,,200917008,,7,7,,,-3.0,,,34.5,,,1,dome,astroturf,,,00-0009266,00-0000865,Shaun King,Charlie Batch,Tony Dungy,Bobby Ross,Gerry Austin,DET99,Pontiac Silverdome
2000_04_NYJ_TB,2000,REG,4,2000-09-24,Sunday,16:15,NYJ,21.0,TB,17.0,Home,-4.0,38.0,0.0,2000092406,1041.0,,200009240tam,,200924027,,7,7,,,7.0,,,36.0,,,0,outdoors,grass,82.0,9.0,00-0016193,00-0009266,Vinny Testaverde,Shaun King,Al Groh,Tony Dungy,Phil Luckett,TAM00,Raymond James Stadium
2000_05_TB_WAS,2000,REG,5,2000-10-01,Sunday,16:15,TB,17.0,WAS,20.0,Home,3.0,37.0,1.0,2000100111,1061.0,,200010010was,,201001028,,7,7,,,1.5,,,36.0,,,0,outdoors,grass,68.0,6.0,00-0009266,00-0008442,Shaun King,Brad Johnson,Tony Dungy,Terry Robiskie,Walt Coleman,WAS00,FedExField
2000_06_TB_MIN,2000,REG,6,2000-10-09,Monday,09:00,TB,23.0,MIN,30.0,Home,7.0,53.0,0.0,2000100900,1077.0,,200010090min,,201009016,,8,8,,,1.0,,,39.0,,,1,dome,astroturf,,,00-0009266,00-0003739,Shaun King,Daunte Culpepper,Tony Dungy,Dennis Green,Tony Corrente,MIN00,Hubert H. Humphrey Metrodome
2000_08_DET_TB,2000,REG,8,2000-10-19,Thursday,20:20,DET,28.0,TB,14.0,Home,-14.0,42.0,0.0,2000101900,1092.0,,200010190tam,,201019027,,11,10,,,8.0,,,37.5,,,1,outdoors,grass,76.0,5.0,00-0000865,00-0009266,Charlie Batch,Shaun King,Bobby Ross,Tony Dungy,Tom White,TAM00,Raymond James Stadium
2000_09_MIN_TB,2000,REG,9,2000-10-29,Sunday,13:00,MIN,13.0,TB,41.0,Home,28.0,54.0,0.0,2000102906,1112.0,,200010290tam,,201029027,,7,10,,,3.0,,,41.0,,,1,outdoors,grass,82.0,7.0,00-0003739,00-0009266,Daunte Culpepper,Shaun King,Dennis Green,Tony Dungy,Phil Luckett,TAM00,Raymond James Stadium
2000_10_TB_ATL,2000,REG,10,2000-11-05,Sunday,13:00,TB,27.0,ATL,14.0,Home,-13.0,41.0,0.0,2000110511,1131.0,,200011050atl,,201105001,,7,7,,,-7.0,,,40.0,,,0,dome,astroturf,,,00-0009266,00-0002876,Shaun King,Chris Chandler,Tony Dungy,Dan Reeves,Bernie Kukar,ATL00,Georgia Dome
2000_11_GB_TB,2000,REG,11,2000-11-12,Sunday,16:15,GB,15.0,TB,20.0,Home,5.0,35.0,0.0,2000111205,1141.0,,200011120tam,,201112027,,6,7,,,9.0,,,42.0,,,1,outdoors,grass,75.0,7.0,00-0005106,00-0009266,Brett Favre,Shaun King,Mike Sherman,Tony Dungy,Jeff Triplette,TAM00,Raymond James Stadium
2000_12_TB_CHI,2000,REG,12,2000-11-19,Sunday,13:00,TB,10.0,CHI,13.0,Home,3.0,23.0,0.0,2000111912,1163.0,,200011190chi,,201119003,,7,7,,,-8.0,,,36.0,,,1,outdoors,grass,37.0,15.0,00-0009266,00-0010560,Shaun King,Shane Matthews,Tony Dungy,Dick Jauron,Bob McElwee,CHI98,Soldier Field
2000_13_BUF_TB,2000,REG,13,2000-11-26,Sunday,13:00,BUF,17.0,TB,31.0,Home,14.0,48.0,0.0,2000112601,1169.0,,200011260tam,,201126027,,7,7,,,4.0,,,37.0,,,0,outdoors,grass,67.0,5.0,00-0008612,00-0009266,Rob Johnson,Shaun King,Wade Phillips,Tony Dungy,Ed Hochuli,TAM00,Raymond James Stadium
2000_14_DAL_TB,2000,REG,14,2000-12-03,Sunday,13:00,DAL,7.0,TB,27.0,Home,20.0,34.0,0.0,2000120302,1184.0,,200012030tam,,201203027,,10,7,,,10.0,,,37.0,,,0,outdoors,grass,63.0,12.0,00-0000104,00-0009266,Troy Aikman,Shaun King,Dave Campo,Tony Dungy,Dick Hantak,TAM00,Raymond James Stadium
2000_15_TB_MIA,2000,REG,15,2000-12-10,Sunday,13:00,TB,16.0,MIA,13.0,Home,-3.0,29.0,0.0,2000121011,1240.0,,200012100mia,,201210015,,7,7,,,2.5,,,34.5,,,0,outdoors,grass,73.0,5.0,00-0009266,00-0005180,Shaun King,Jay Fiedler,Tony Dungy,Dave Wannstedt,Bill Carollo,MIA00,Pro Player Stadium
2000_16_STL_TB,2000,REG,16,2000-12-18,Monday,09:00,STL,35.0,TB,38.0,Home,3.0,73.0,0.0,2000121800,1220.0,,200012180tam,,201218027,,8,8,,,-1.0,,,49.0,,,0,outdoors,grass,49.0,5.0,00-0017200,00-0009266,Kurt Warner,Shaun King,Mike Martz,Tony Dungy,Johnny Grier,TAM00,Raymond James Stadium
2000_17_TB_GB,2000,REG,17,2000-12-24,Sunday,13:00,TB,14.0,GB,17.0,Home,3.0,31.0,1.0,2000122410,1234.0,,200012240gnb,,201224009,,6,7,,,2.5,,,38.0,,,1,outdoors,grass,15.0,15.0,00-0009266,00-0005106,Shaun King,Brett Favre,Tony Dungy,Mike Sherman,Ron Winter,GNB00,Lambeau Field
2000_18_TB_PHI,2000,WC,18,2000-12-31,Sunday,16:15,TB,3.0,PHI,21.0,Home,18.0,24.0,0.0,2000123100,1246.0,,200012310phi,,201231021,,7,7,,,-3.0,,,34.0,,,0,outdoors,astroturf,34.0,18.0,00-0009266,00-0011022,Shaun King,Donovan McNabb,Tony Dungy,Andy Reid,Mike Carey,PHI99,Veterans Stadium
2001_01_TB_DAL,2001,REG,1,2001-09-09,Sunday,13:00,TB,10.0,DAL,6.0,Home,-4.0,16.0,0.0,2001090911,17681.0,,200109090dal,,210909006,,7,7,,,-9.0,,,34.0,,,0,outdoors,astroturf,69.0,10.0,00-0008442,00-0020404,Brad Johnson,Quincy Carter,Tony Dungy,Dave Campo,Paul Labenne,DAL99,Texas Stadium
2001_03_TB_MIN,2001,REG,3,2001-09-30,Sunday,13:00,TB,16.0,MIN,20.0,Home,4.0,36.0,0.0,2001093011,17725.0,,200109300min,,210930016,,21,7,,,-2.5,,,39.0,,,1,dome,astroturf,,,00-0008442,00-0003739,Brad Johnson,Daunte Culpepper,Tony Dungy,Dennis Green,Ed Hochuli,MIN00,Hubert H. Humphrey Metrodome
2001_04_GB_TB,2001,REG,4,2001-10-07,Sunday,16:15,GB,10.0,TB,14.0,Home,4.0,24.0,0.0,2001100703,17731.0,,200110070tam,,211007027,,7,7,,,3.0,,,36.5,,,1,outdoors,grass,80.0,9.0,00-0005106,00-0008442,Brett Favre,Brad Johnson,Mike Sherman,Tony Dungy,Bob McElwee,TAM00,Raymond James Stadium
2001_05_TB_TEN,2001,REG,5,2001-10-14,Sunday,13:00,TB,28.0,TEN,31.0,Home,3.0,59.0,1.0,2001101411,17753.0,,200110140oti,,211014010,,7,7,,,3.0,,,33.0,,,0,outdoors,grass,64.0,10.0,00-0008442,00-0011024,Brad Johnson,Steve McNair,Tony Dungy,Jeff Fisher,Dick Hantak,NAS00,Adelphia Coliseum
2001_06_PIT_TB,2001,REG,6,2001-10-21,Sunday,13:00,PIT,17.0,TB,10.0,Home,-7.0,27.0,0.0,2001102109,17766.0,,200110210tam,,211021027,,7,7,,,5.0,,,33.5,,,0,outdoors,grass,83.0,9.0,00-0015700,00-0008442,Kordell Stewart,Brad Johnson,Bill Cowher,Tony Dungy,Ed Hochuli,TAM00,Raymond James Stadium
2001_07_MIN_TB,2001,REG,7,2001-10-28,Sunday,13:00,MIN,14.0,TB,41.0,Home,27.0,55.0,0.0,2001102806,17776.0,,200110280tam,,211028027,,7,7,,,3.0,,,38.5,,,1,outdoors,grass,67.0,15.0,00-0003739,00-0008442,Daunte Culpepper,Brad Johnson,Dennis Green,Tony Dungy,Gerry Austin,TAM00,Raymond James Stadium
2001_08_TB_GB,2001,REG,8,2001-11-04,Sunday,13:00,TB,20.0,GB,21.0,Home,1.0,41.0,0.0,2001110411,17795.0,,200111040gnb,,211104009,,7,14,,,5.0,,,37.0,,,1,outdoors,grass,52.0,12.0,00-0008442,00-0005106,Brad Johnson,Brett Favre,Tony Dungy,Mike Sherman,Johnny Grier,GNB00,Lambeau Field
2001_09_TB_DET,2001,REG,9,2001-11-11,Sunday,13:00,TB,20.0,DET,17.0,Home,-3.0,37.0,0.0,2001111112,17810.0,,200111110det,,211111008,,7,7,,,-5.0,,,40.0,,,1,dome,astroturf,,,00-0008442,00-0000865,Brad Johnson,Charlie Batch,Tony Dungy,Marty Mornhinweg,Ron Winter,DET99,Pontiac Silverdome
2001_10_CHI_TB,2001,REG,10,2001-11-18,Sunday,16:15,CHI,27.0,TB,24.0,Home,-3.0,51.0,0.0,2001111801,17814.0,,200111180tam,,211118027,,7,7,,,5.0,,,35.0,,,1,outdoors,grass,80.0,10.0,00-0011276,00-0008442,Jim Miller,Brad Johnson,Dick Jauron,Tony Dungy,Tony Corrente,TAM00,Raymond James Stadium
2001_11_TB_STL,2001,REG,11,2001-11-26,Monday,09:00,TB,24.0,STL,17.0,Home,-7.0,41.0,0.0,2001112600,17842.0,,200111260ram,,211126014,,8,8,,,9.5,,,46.0,,,0,dome,astroturf,,,00-0008442,00-0017200,Brad Johnson,Kurt Warner,Tony Dungy,Mike Martz,Ron Blum,STL00,Dome at America's Center
2001_12_TB_CIN,2001,REG,12,2001-12-02,Sunday,13:00,TB,16.0,CIN,13.0,Home,-3.0,29.0,1.0,2001120210,17854.0,,200112020cin,,211202004,,6,7,,,-5.0,,,35.0,,,0,outdoors,grass,51.0,8.0,00-0008442,00-0009311,Brad Johnson,Jon Kitna,Tony Dungy,Dick LeBeau,Tom White,CIN00,Paul Brown Stadium
2001_13_DET_TB,2001,REG,13,2001-12-09,Sunday,13:00,DET,12.0,TB,15.0,Home,3.0,27.0,0.0,2001120903,17861.0,,200112090tam,,211209027,,7,7,,,8.0,,,36.5,,,1,outdoors,grass,83.0,5.0,00-0020308,00-0008442,Mike McMahon,Brad Johnson,Marty Mornhinweg,Tony Dungy,Gerry Austin,TAM00,Raymond James Stadium
2001_14_TB_CHI,2001,REG,14,2001-12-16,Sunday,13:00,TB,3.0,CHI,27.0,Home,24.0,30.0,0.0,2001121610,17885.0,,200112160chi,,211216003,,7,7,,,2.5,,,33.0,,,1,outdoors,grass,45.0,10.0,00-0008442,00-0011276,Brad Johnson,Jim Miller,Tony Dungy,Dick Jauron,Bob McElwee,CHI98,Soldier Field
2001_15_NO_TB,2001,REG,15,2001-12-23,Sunday,13:00,NO,21.0,TB,48.0,Home,27.0,69.0,0.0,2001122307,17898.0,,200112230tam,,211223027,,6,7,,,2.5,,,38.0,,,0,outdoors,grass,74.0,9.0,00-0001823,00-0008442,Aaron Brooks,Brad Johnson,Jim Haslett,Tony Dungy,Bernie Kukar,TAM00,Raymond James Stadium
2001_16_BAL_TB,2001,REG,16,2001-12-29,Saturday,09:00,BAL,10.0,TB,22.0,Home,12.0,32.0,0.0,2001122900,17903.0,,200112290tam,,211229027,,6,6,,,1.5,,,34.0,,,0,outdoors,grass,65.0,5.0,00-0006300,00-0008442,Elvis Grbac,Brad Johnson,Brian Billick,Tony Dungy,Dick Hantak,TAM00,Raymond James Stadium
2001_17_PHI_TB,2001,REG,17,2002-01-06,Sunday,20:30,PHI,17.0,TB,13.0,Home,-4.0,30.0,0.0,2002010611,17696.0,,200201060tam,,220106027,,7,8,,,3.0,,,33.0,,,0,outdoors,grass,60.0,15.0,00-0004229,00-0009266,Koy Detmer,Shaun King,Andy Reid,Tony Dungy,Walt Coleman,TAM00,Raymond James Stadium
2001_18_TB_PHI,2001,WC,18,2002-01-12,Saturday,16:30,TB,9.0,PHI,31.0,Home,22.0,40.0,0.0,2002011200,18001.0,,200201120phi,,220112021,,6,6,,,3.5,,,33.0,,,0,outdoors,fieldturf,46.0,10.0,00-0008442,00-0011022,Brad Johnson,Donovan McNabb,Tony Dungy,Andy Reid,Larry Nemmers,PHI99,Veterans Stadium
2002_01_NO_TB,2002,REG,1,2002-09-08,Sunday,16:15,NO,26.0,TB,20.0,Home,-6.0,46.0,1.0,2002090807,18107.0,,200209080tam,,220908027,,7,7,,,6.0,,,37.5,,,1,outdoors,grass,90.0,6.0,00-0001823,00-0008442,Aaron Brooks,Brad Johnson,Jim Haslett,Jon Gruden,Dick Hantak,TAM00,Raymond James Stadium
2002_02_TB_BAL,2002,REG,2,2002-09-15,Sunday,13:00,TB,25.0,BAL,0.0,Home,-25.0,25.0,0.0,2002091501,18111.0,,200209150rav,,220915033,,7,7,,,-4.5,,,32.0,,,0,outdoors,grass,78.0,0.0,00-0008442,00-0019709,Brad Johnson,Chris Redman,Jon Gruden,Brian Billick,Terry McAulay,BAL00,Ravens Stadium
2002_03_STL_TB,2002,REG,3,2002-09-23,Monday,09:00,STL,14.0,TB,26.0,Home,12.0,40.0,0.0,2002092300,18139.0,,200209230tam,,220923027,,8,8,,,-1.5,,,44.0,,,0,outdoors,grass,79.0,6.0,00-0017200,00-0008442,Kurt Warner,Brad Johnson,Mike Martz,Jon Gruden,Johnny Grier,TAM00,Raymond James Stadium
2002_04_TB_CIN,2002,REG,4,2002-09-29,Sunday,16:05,TB,35.0,CIN,7.0,Home,-28.0,42.0,0.0,2002092905,18149.0,,200209290cin,,220929004,,6,7,,,-6.5,,,33.5,,,0,outdoors,grass,76.0,6.0,00-0008442,00-0015082,Brad Johnson,Akili Smith,Jon Gruden,Dick LeBeau,Gerry Austin,CIN00,Paul Brown Stadium
2002_05_TB_ATL,2002,REG,5,2002-10-06,Sunday,13:00,TB,20.0,ATL,6.0,Home,-14.0,26.0,0.0,2002100612,18154.0,,200210060atl,,221006001,,7,14,,,2.5,,,38.5,,,1,dome,astroturf,,,00-0008442,00-0020245,Brad Johnson,Michael Vick,Jon Gruden,Dan Reeves,Bill Carollo,ATL00,Georgia Dome
2002_06_CLE_TB,2002,REG,6,2002-10-13,Sunday,13:00,CLE,3.0,TB,17.0,Home,14.0,20.0,0.0,2002101305,18179.0,,200210130tam,,221013027,,7,7,,,7.5,,,36.5,,,0,outdoors,grass,85.0,6.0,00-0003535,00-0008442,Tim Couch,Brad Johnson,Butch Davis,Jon Gruden,Tom White,TAM00,Raymond James Stadium
2002_07_TB_PHI,2002,REG,7,2002-10-20,Sunday,16:15,TB,10.0,PHI,20.0,Home,10.0,30.0,0.0,2002102003,18189.0,,200210200phi,,221020021,,7,14,,,3.0,,,37.0,,,0,outdoors,fieldturf,57.0,7.0,00-0008442,00-0011022,Brad Johnson,Donovan McNabb,Jon Gruden,Andy Reid,Ron Winter,PHI99,Veterans Stadium
2002_08_TB_CAR,2002,REG,8,2002-10-27,Sunday,13:00,TB,12.0,CAR,9.0,Home,-3.0,21.0,0.0,2002102701,18198.0,,200210270car,,221027029,,7,7,,,-8.0,,,31.5,,,1,outdoors,grass,70.0,7.0,00-0008612,00-0021254,Rob Johnson,Randy Fasani,Jon Gruden,John Fox,Dick Hantak,CAR00,Ericsson Stadium
2002_09_MIN_TB,2002,REG,9,2002-11-03,Sunday,13:00,MIN,24.0,TB,38.0,Home,14.0,62.0,0.0,2002110306,18217.0,,200211030tam,,221103027,,7,7,,,7.5,,,37.0,,,0,outdoors,grass,77.0,6.0,00-0003739,00-0008442,Daunte Culpepper,Brad Johnson,Mike Tice,Jon Gruden,Jeff Triplette,TAM00,Raymond James Stadium
2002_11_CAR_TB,2002,REG,11,2002-11-17,Sunday,16:05,CAR,10.0,TB,23.0,Home,13.0,33.0,0.0,2002111705,18248.0,,200211170tam,,221117027,,7,14,,,8.0,,,34.5,,,1,outdoors,grass,64.0,20.0,00-0012732,00-0008442,Rodney Peete,Brad Johnson,John Fox,Jon Gruden,Bob McElwee,TAM00,Raymond James Stadium
2002_12_GB_TB,2002,REG,12,2002-11-24,Sunday,16:15,GB,7.0,TB,21.0,Home,14.0,28.0,0.0,2002112409,18263.0,,200211240tam,,221124027,,7,7,,,3.0,,,38.5,,,0,outdoors,grass,70.0,5.0,00-0005106,00-0008442,Brett Favre,Brad Johnson,Mike Sherman,Jon Gruden,Johnny Grier,TAM00,Raymond James Stadium
2002_13_TB_NO,2002,REG,13,2002-12-01,Sunday,20:30,TB,20.0,NO,23.0,Home,3.0,43.0,0.0,2002120112,18284.0,,200212010nor,,221201018,,7,7,,,-1.5,,,40.0,,,1,dome,astroturf,,,00-0008442,00-0001823,Brad Johnson,Aaron Brooks,Jon Gruden,Jim Haslett,Mike Carey,NOR00,Louisiana Superdome
2002_14_ATL_TB,2002,REG,14,2002-12-08,Sunday,13:00,ATL,10.0,TB,34.0,Home,24.0,44.0,0.0,2002120800,18292.0,,200212080tam,,221208027,,7,7,,,3.5,,,37.0,,,1,outdoors,grass,74.0,7.0,00-0020245,00-0008442,Michael Vick,Brad Johnson,Dan Reeves,Jon Gruden,Tony Corrente,TAM00,Raymond James Stadium
2002_15_TB_DET,2002,REG,15,2002-12-15,Sunday,13:00,TB,23.0,DET,20.0,Home,-3.0,43.0,0.0,2002121503,18307.0,,200212150det,,221215008,,7,7,,,-9.5,,,37.0,,,0,dome,fieldturf,,,00-0008442,00-0021141,Brad Johnson,Joey Harrington,Jon Gruden,Marty Mornhinweg,Tom White,DET00,Ford Field
2002_16_PIT_TB,2002,REG,16,2002-12-23,Monday,09:00,PIT,17.0,TB,7.0,Home,-10.0,24.0,0.0,2002122300,18333.0,,200212230tam,,221223027,,8,8,,,4.5,,,38.0,,,0,outdoors,grass,64.0,8.0,00-0010261,00-0009266,Tommy Maddox,Shaun King,Bill Cowher,Jon Gruden,Larry Nemmers,TAM00,Raymond James Stadium
2002_17_TB_CHI,2002,REG,17,2002-12-29,Sunday,20:30,TB,15.0,CHI,0.0,Home,-15.0,15.0,0.0,2002122911,18348.0,,200212290chi,,221229003,,6,7,,,-7.0,,,32.0,,,0,outdoors,astroplay,38.0,7.0,00-0008612,00-0019764,Rob Johnson,Henry Burris,Jon Gruden,Dick Jauron,Bernie Kukar,CHI99,Memorial Stadium (Champaign)
2002_19_SF_TB,2002,DIV,19,2003-01-12,Sunday,13:00,SF,6.0,TB,31.0,Home,25.0,37.0,0.0,2003011201,26312.0,,200301120tam,,230112027,,7,14,,,6.0,,,39.5,,,0,outdoors,grass,54.0,10.0,00-0005755,00-0008442,Jeff Garcia,Brad Johnson,Steve Mariucci,Jon Gruden,Gerry Austin,TAM00,Raymond James Stadium
2002_20_TB_PHI,2002,CON,20,2003-01-19,Sunday,15:00,TB,27.0,PHI,10.0,Home,-17.0,37.0,0.0,2003011900,26315.0,,200301190phi,,230119021,,7,8,,,4.0,,,33.5,,,0,outdoors,fieldturf,26.0,14.0,00-0008442,00-0011022,Brad Johnson,Donovan McNabb,Jon Gruden,Andy Reid,Terry McAulay,PHI99,Veterans Stadium
2002_21_OAK_TB,2002,SB,21,2003-01-26,Sunday,18:18,OAK,21.0,TB,48.0,Neutral,27.0,69.0,0.0,2003012600,26317.0,,200301260rai,,230126027,,7,7,,,-3.5,,,44.0,,,0,outdoors,grass,81.0,0.0,00-0005741,00-0008442,Rich Gannon,Brad Johnson,Bill Callahan,Jon Gruden,Bill Carollo,SDG00,Qualcomm Stadium
2003_01_TB_PHI,2003,REG,1,2003-09-08,Monday,09:00,TB,17.0,PHI,0.0,Home,-17.0,17.0,0.0,2003090800,26509.0,,200309080phi,,230908021,,7,7,,,3.0,,,36.0,,,0,outdoors,grass,74.0,10.0,00-0008442,00-0011022,Brad Johnson,Donovan McNabb,Jon Gruden,Andy Reid,Bernie Kukar,PHI00,Lincoln Financial Field
2003_02_CAR_TB,2003,REG,2,2003-09-14,Sunday,16:05,CAR,12.0,TB,9.0,Home,-3.0,21.0,1.0,2003091409,26520.0,,200309140tam,,230914027,,7,6,,,9.0,,,34.5,,,1,outdoors,grass,91.0,5.0,00-0004161,00-0008442,Jake Delhomme,Brad Johnson,John Fox,Jon Gruden,Walt Anderson,TAM00,Raymond James Stadium
2003_03_TB_ATL,2003,REG,3,2003-09-21,Sunday,13:00,TB,31.0,ATL,10.0,Home,-21.0,41.0,0.0,2003092100,26526.0,,200309210atl,,230921001,,7,7,,,-6.5,,,35.5,,,1,dome,fieldturf,,,00-0008442,00-0019087,Brad Johnson,Doug Johnson,Jon Gruden,Dan Reeves,Terry McAulay,ATL00,Georgia Dome
2003_05_IND_TB,2003,REG,5,2003-10-06,Monday,09:00,IND,38.0,TB,35.0,Home,-3.0,73.0,1.0,2003100600,26349.0,,200310060tam,,231006027,,8,15,,,4.5,,,37.5,,,0,outdoors,grass,82.0,0.0,00-0010346,00-0008442,Peyton Manning,Brad Johnson,Tony Dungy,Jon Gruden,Johnny Grier,TAM00,Raymond James Stadium
2003_06_TB_WAS,2003,REG,6,2003-10-12,Sunday,13:00,TB,35.0,WAS,13.0,Home,-22.0,48.0,0.0,2003101204,26359.0,,200310120was,,231012028,,6,7,,,-3.5,,,37.0,,,0,outdoors,grass,71.0,7.0,00-0008442,00-0021379,Brad Johnson,Patrick Ramsey,Jon Gruden,Steve Spurrier,Jeff Triplette,WAS00,FedExField
2003_07_TB_SF,2003,REG,7,2003-10-19,Sunday,16:15,TB,7.0,SF,24.0,Home,17.0,31.0,0.0,2003101906,26375.0,,200310190sfo,,231019025,,7,7,,,-5.0,,,39.0,,,0,outdoors,grass,65.0,7.0,00-0008442,00-0005755,Brad Johnson,Jeff Garcia,Jon Gruden,Dennis Erickson,Ron Blum,SFO00,3Com Park
2003_08_DAL_TB,2003,REG,8,2003-10-26,Sunday,13:00,DAL,0.0,TB,16.0,Home,16.0,16.0,0.0,2003102601,26387.0,,200310260tam,,231026027,,7,7,,,6.0,,,37.0,,,0,outdoors,grass,82.0,8.0,00-0020404,00-0008442,Quincy Carter,Brad Johnson,Bill Parcells,Jon Gruden,Bill Carollo,TAM00,Raymond James Stadium
2003_09_NO_TB,2003,REG,9,2003-11-02,Sunday,13:00,NO,17.0,TB,14.0,Home,-3.0,31.0,0.0,2003110208,26399.0,,200311020tam,,231102027,,7,7,,,8.0,,,39.0,,,1,outdoors,grass,82.0,9.0,00-0001823,00-0008442,Aaron Brooks,Brad Johnson,Jim Haslett,Jon Gruden,Gerry Austin,TAM00,Raymond James Stadium
2003_10_TB_CAR,2003,REG,10,2003-11-09,Sunday,13:00,TB,24.0,CAR,27.0,Home,3.0,51.0,0.0,2003110904,26406.0,,200311090car,,231109029,,7,7,,,-3.5,,,34.5,,,1,outdoors,grass,50.0,13.0,00-0008442,00-0004161,Brad Johnson,Jake Delhomme,Jon Gruden,John Fox,Tom White,CAR00,Ericsson Stadium
2003_11_GB_TB,2003,REG,11,2003-11-16,Sunday,16:15,GB,20.0,TB,13.0,Home,-7.0,33.0,0.0,2003111606,26433.0,,200311160tam,,231116027,,6,7,,,3.5,,,41.0,,,0,outdoors,grass,80.0,5.0,00-0005106,00-0008442,Brett Favre,Brad Johnson,Mike Sherman,Jon Gruden,Walt Coleman,TAM00,Raymond James Stadium
2003_12_NYG_TB,2003,REG,12,2003-11-24,Monday,09:00,NYG,13.0,TB,19.0,Home,6.0,32.0,0.0,2003112400,26451.0,,200311240tam,,231124027,,8,8,,,6.0,,,38.0,,,0,outdoors,grass,70.0,0.0,00-0003292,00-0008442,Kerry Collins,Brad Johnson,Jim Fassel,Jon Gruden,Terry McAulay,TAM00,Raymond James Stadium
2003_13_TB_JAX,2003,REG,13,2003-11-30,Sunday,20:30,TB,10.0,JAX,17.0,Home,7.0,27.0,0.0,2003113006,26466.0,,200311300jax,,231130030,,6,7,,,-3.0,,,37.0,,,0,outdoors,grass,46.0,0.0,00-0008442,00-0022177,Brad Johnson,Byron Leftwich,Jon Gruden,Jack Del Rio,Tony Corrente,JAX00,Alltel Stadium
2003_14_TB_NO,2003,REG,14,2003-12-07,Sunday,13:00,TB,14.0,NO,7.0,Home,-7.0,21.0,0.0,2003120708,26474.0,,200312070nor,,231207018,,7,7,,,3.0,,,40.5,,,1,dome,fieldturf,,,00-0008442,00-0001823,Brad Johnson,Aaron Brooks,Jon Gruden,Jim Haslett,Bill Leavy,NOR00,Louisiana Superdome
2003_15_HOU_TB,2003,REG,15,2003-12-14,Sunday,13:00,HOU,3.0,TB,16.0,Home,13.0,19.0,0.0,2003121402,26492.0,,200312140tam,,231214027,,7,7,,,11.5,,,36.0,,,0,outdoors,grass,67.0,7.0,00-0022091,00-0008442,Dave Ragone,Brad Johnson,Dom Capers,Jon Gruden,Gerald Austin,TAM00,Raymond James Stadium
2003_16_ATL_TB,2003,REG,16,2003-12-20,Saturday,13:30,ATL,30.0,TB,28.0,Home,-2.0,58.0,0.0,2003122000,26544.0,,200312200tam,,231220027,,6,6,,,6.5,,,38.5,,,1,outdoors,grass,53.0,12.0,00-0020245,00-0008442,Michael Vick,Brad Johnson,Wade Phillips,Jon Gruden,Ron Winter,TAM00,Raymond James Stadium
2003_17_TB_TEN,2003,REG,17,2003-12-28,Sunday,13:00,TB,13.0,TEN,33.0,Home,20.0,46.0,0.0,2003122807,26568.0,,200312280oti,,231228010,,8,7,,,4.0,,,39.0,,,0,outdoors,grass,59.0,16.0,00-0008442,00-0012261,Brad Johnson,Neil O'Donnell,Jon Gruden,Jeff Fisher,Walt Coleman,NAS00,The Coliseum
2004_01_TB_WAS,2004,REG,1,2004-09-12,Sunday,13:00,TB,10.0,WAS,16.0,Home,6.0,26.0,0.0,2004091209,26919.0,,200409120was,,240912028,,7,7,,,2.5,,,38.5,,,0,outdoors,grass,81.0,5.0,00-0008442,00-0002110,Brad Johnson,Mark Brunell,Jon Gruden,Joe Gibbs,Terry McAulay,WAS00,FedExField
2004_02_SEA_TB,2004,REG,2,2004-09-19,Sunday,16:05,SEA,10.0,TB,6.0,Home,-4.0,16.0,0.0,2004091909,26934.0,,200409190tam,,240919027,,7,7,,,-3.0,,,37.0,,,0,outdoors,grass,88.0,8.0,00-0007091,00-0008442,Matt Hasselbeck,Brad Johnson,Mike Holmgren,Jon Gruden,Johnny Grier,TAM00,Raymond James Stadium
2004_03_TB_OAK,2004,REG,3,2004-09-26,Sunday,20:30,TB,20.0,OAK,30.0,Home,10.0,50.0,0.0,2004092612,26953.0,,200409260rai,,240926013,,7,7,,,3.0,,,35.5,,,0,outdoors,grass,71.0,12.0,00-0008442,00-0005741,Brad Johnson,Rich Gannon,Jon Gruden,Norv Turner,Tony Corrente,OAK00,McAfee Coliseum
2004_04_DEN_TB,2004,REG,4,2004-10-03,Sunday,16:15,DEN,16.0,TB,13.0,Home,-3.0,29.0,0.0,2004100311,26966.0,,200410030tam,,241003027,,7,7,,,-3.0,,,35.0,,,0,outdoors,grass,86.0,9.0,00-0013042,00-0008442,Jake Plummer,Brad Johnson,Mike Shanahan,Jon Gruden,Walt Coleman,TAM00,Raymond James Stadium
2004_05_TB_NO,2004,REG,5,2004-10-10,Sunday,13:00,TB,20.0,NO,17.0,Home,-3.0,37.0,0.0,2004101005,26974.0,,200410100nor,,241010018,,7,7,,,3.0,,,38.5,,,1,dome,fieldturf,,,00-0022005,00-0001823,Chris Simms,Aaron Brooks,Jon Gruden,Jim Haslett,Mike Carey,NOR00,Louisiana Superdome
2004_06_TB_STL,2004,REG,6,2004-10-18,Monday,09:00,TB,21.0,STL,28.0,Home,7.0,49.0,0.0,2004101800,26996.0,,200410180ram,,241018014,,8,8,,,6.5,,,42.5,,,0,dome,astroturf,,,00-0006423,00-0019599,Brian Griese,Marc Bulger,Jon Gruden,Mike Martz,Larry Nemmers,STL00,Edward Jones Dome
2004_07_CHI_TB,2004,REG,7,2004-10-24,Sunday,13:00,CHI,7.0,TB,19.0,Home,12.0,26.0,0.0,2004102408,27005.0,,200410240tam,,241024027,,7,6,,,7.0,,,32.0,,,0,outdoors,grass,80.0,7.0,00-0013338,00-0006423,Jonathan Quinn,Brian Griese,Lovie Smith,Jon Gruden,Jeff Triplette,TAM00,Raymond James Stadium
2004_09_KC_TB,2004,REG,9,2004-11-07,Sunday,13:00,KC,31.0,TB,34.0,Home,3.0,65.0,0.0,2004110706,27031.0,,200411070tam,,241107027,,7,14,,,-3.0,,,45.5,,,0,outdoors,grass,76.0,7.0,00-0006355,00-0006423,Trent Green,Brian Griese,Dick Vermeil,Jon Gruden,Ron Winter,TAM00,Raymond James Stadium
2004_10_TB_ATL,2004,REG,10,2004-11-14,Sunday,13:00,TB,14.0,ATL,24.0,Home,10.0,38.0,0.0,2004111400,27039.0,,200411140atl,,241114001,,7,14,,,3.5,,,41.0,,,1,dome,fieldturf,,,00-0006423,00-0020245,Brian Griese,Michael Vick,Jon Gruden,Jim Mora,Bernie Kukar,ATL00,Georgia Dome
2004_11_SF_TB,2004,REG,11,2004-11-21,Sunday,13:00,SF,3.0,TB,35.0,Home,32.0,38.0,0.0,2004112109,27062.0,,200411210tam,,241121027,,7,7,,,8.0,,,42.0,,,0,outdoors,grass,77.0,8.0,00-0019623,00-0006423,Tim Rattay,Brian Griese,Dennis Erickson,Jon Gruden,Terry McAulay,TAM00,Raymond James Stadium
2004_12_TB_CAR,2004,REG,12,2004-11-28,Sunday,13:00,TB,14.0,CAR,21.0,Home,7.0,35.0,0.0,2004112800,27071.0,,200411280car,,241128029,,7,7,,,-3.0,,,39.0,,,1,outdoors,grass,56.0,5.0,00-0006423,00-0004161,Brian Griese,Jake Delhomme,Jon Gruden,John Fox,Walt Coleman,CAR00,Bank of America Stadium
2004_13_ATL_TB,2004,REG,13,2004-12-05,Sunday,13:00,ATL,0.0,TB,27.0,Home,27.0,27.0,0.0,2004120509,27094.0,,200412050tam,,241205027,,7,7,,,2.0,,,39.5,,,1,outdoors,grass,71.0,3.0,00-0020245,00-0006423,Michael Vick,Brian Griese,Jim Mora,Jon Gruden,Peter Morelli,TAM00,Raymond James Stadium
2004_14_TB_SD,2004,REG,14,2004-12-12,Sunday,16:15,TB,24.0,SD,31.0,Home,7.0,55.0,0.0,2004121213,27114.0,,200412120sdg,,241212024,,7,7,,,4.0,,,42.5,,,0,outdoors,grass,69.0,8.0,00-0006423,00-0020531,Brian Griese,Drew Brees,Jon Gruden,Marty Schottenheimer,Mike Carey,SDG00,Qualcomm Stadium
2004_15_NO_TB,2004,REG,15,2004-12-19,Sunday,16:05,NO,21.0,TB,17.0,Home,-4.0,38.0,0.0,2004121908,27128.0,,200412190tam,,241219027,,7,7,,,7.5,,,43.5,,,1,outdoors,grass,64.0,13.0,00-0001823,00-0006423,Aaron Brooks,Brian Griese,Jim Haslett,Jon Gruden,Jeff Triplette,TAM00,Raymond James Stadium
2004_16_CAR_TB,2004,REG,16,2004-12-26,Sunday,16:15,CAR,37.0,TB,20.0,Home,-17.0,57.0,0.0,2004122606,27142.0,,200412260tam,,241226027,,8,7,,,1.5,,,39.0,,,1,outdoors,grass,50.0,15.0,00-0004161,00-0006423,Jake Delhomme,Brian Griese,John Fox,Jon Gruden,Gerald Austin,TAM00,Raymond James Stadium
2004_17_TB_ARI,2004,REG,17,2005-01-02,Sunday,16:05,TB,7.0,ARI,12.0,Home,5.0,19.0,0.0,2005010210,27159.0,,200501020crd,,250102022,,7,7,,,4.0,,,38.5,,,0,outdoors,grass,63.0,7.0,00-0022005,00-0021206,Chris Simms,Josh McCown,Jon Gruden,Dennis Green,Walt Anderson,PHO99,Sun Devil Stadium
2005_01_TB_MIN,2005,REG,1,2005-09-11,Sunday,13:00,TB,24.0,MIN,13.0,Home,-11.0,37.0,0.0,2005091109,28532.0,,200509110min,,250911016,,7,7,,,6.0,,,43.5,,,0,dome,fieldturf,,,00-0006423,00-0003739,Brian Griese,Daunte Culpepper,Jon Gruden,Mike Tice,Mike Carey,MIN00,Hubert H. Humphrey Metrodome
2005_02_BUF_TB,2005,REG,2,2005-09-18,Sunday,13:00,BUF,3.0,TB,19.0,Home,16.0,22.0,0.0,2005091801,28548.0,,200509180tam,,250918027,,7,7,,,2.5,,,35.0,,,0,outdoors,grass,91.0,4.0,00-0022912,00-0006423,J.P. Losman,Brian Griese,Mike Mularkey,Jon Gruden,Terry McAulay,TAM00,Raymond James Stadium
2005_03_TB_GB,2005,REG,3,2005-09-25,Sunday,13:00,TB,17.0,GB,16.0,Home,-1.0,33.0,0.0,2005092507,28559.0,,200509250gnb,,250925009,,7,7,,,-3.0,,,38.0,,,0,outdoors,grass,65.0,3.0,00-0006423,00-0005106,Brian Griese,Brett Favre,Jon Gruden,Mike Sherman,Ron Winter,GNB00,Lambeau Field
2005_04_DET_TB,2005,REG,4,2005-10-02,Sunday,13:00,DET,13.0,TB,17.0,Home,4.0,30.0,0.0,2005100202,28577.0,,200510020tam,,251002027,,14,7,,,6.5,,,35.0,,,0,outdoors,grass,87.0,10.0,00-0021141,00-0006423,Joey Harrington,Brian Griese,Steve Mariucci,Jon Gruden,Gerry Austin,TAM00,Raymond James Stadium
2005_05_TB_NYJ,2005,REG,5,2005-10-09,Sunday,13:00,TB,12.0,NYJ,14.0,Home,2.0,26.0,0.0,2005100906,28591.0,,200510090nyj,,251009020,,7,7,,,-3.5,,,32.0,,,0,outdoors,fieldturf,57.0,7.0,00-0006423,00-0016193,Brian Griese,Vinny Testaverde,Jon Gruden,Herm Edwards,Walt Anderson,NYC00,Giants Stadium
2005_06_MIA_TB,2005,REG,6,2005-10-16,Sunday,13:00,MIA,13.0,TB,27.0,Home,14.0,40.0,0.0,2005101605,28606.0,,200510160tam,,251016027,,7,7,,,4.5,,,33.0,,,0,outdoors,grass,81.0,9.0,00-0005589,00-0006423,Gus Frerotte,Brian Griese,Nick Saban,Jon Gruden,Ed Hochuli,TAM00,Raymond James Stadium
2005_08_TB_SF,2005,REG,8,2005-10-30,Sunday,16:15,TB,10.0,SF,15.0,Home,5.0,25.0,0.0,2005103011,28638.0,,200510300sfo,,251030025,,14,7,,,-11.5,,,37.0,,,0,outdoors,grass,61.0,3.0,00-0022005,00-0022039,Chris Simms,Ken Dorsey,Jon Gruden,Mike Nolan,Tony Corrente,SFO00,Monster Park
2005_09_CAR_TB,2005,REG,9,2005-11-06,Sunday,13:00,CAR,34.0,TB,14.0,Home,-20.0,48.0,0.0,2005110601,28649.0,,200511060tam,,251106027,,7,7,,,0.0,,,36.5,,,1,outdoors,grass,84.0,8.0,00-0004161,00-0022005,Jake Delhomme,Chris Simms,John Fox,Jon Gruden,Bill Carollo,TAM00,Raymond James Stadium
2005_10_WAS_TB,2005,REG,10,2005-11-13,Sunday,16:15,WAS,35.0,TB,36.0,Home,1.0,71.0,0.0,2005111307,28662.0,,200511130tam,,251113027,,7,7,,,-1.0,,,34.0,,,0,outdoors,grass,81.0,9.0,00-0002110,00-0022005,Mark Brunell,Chris Simms,Joe Gibbs,Jon Gruden,Bill Vinovich,TAM00,Raymond James Stadium
2005_11_TB_ATL,2005,REG,11,2005-11-20,Sunday,13:00,TB,30.0,ATL,27.0,Home,-3.0,57.0,0.0,2005112009,28669.0,,200511200atl,,251120001,,7,7,,,6.0,,,38.0,,,1,dome,fieldturf,,,00-0022005,00-0020245,Chris Simms,Michael Vick,Jon Gruden,Jim Mora,Larry Nemmers,ATL00,Georgia Dome
2005_12_CHI_TB,2005,REG,12,2005-11-27,Sunday,13:00,CHI,13.0,TB,10.0,Home,-3.0,23.0,0.0,2005112702,28692.0,,200511270tam,,251127027,,7,7,,,3.0,,,33.0,,,0,outdoors,grass,76.0,10.0,00-0023541,00-0022005,Kyle Orton,Chris Simms,Lovie Smith,Jon Gruden,Bernie Kukar,TAM00,Raymond James Stadium
2005_13_TB_NO,2005,REG,13,2005-12-04,Sunday,13:00,TB,10.0,NO,3.0,Home,-7.0,13.0,0.0,2005120408,28708.0,,200512040nor,,251204018,,7,7,,,-3.5,,,39.0,,,1,outdoors,grass,74.0,9.0,00-0022005,00-0001823,Chris Simms,Aaron Brooks,Jon Gruden,Jim Haslett,Peter Morelli,BRG00,Tiger Stadium (LSU)
2005_14_TB_CAR,2005,REG,14,2005-12-11,Sunday,13:00,TB,20.0,CAR,10.0,Home,-10.0,30.0,0.0,2005121107,28718.0,,200512110car,,251211029,,7,7,,,5.5,,,37.0,,,1,outdoors,grass,52.0,10.0,00-0022005,00-0004161,Chris Simms,Jake Delhomme,Jon Gruden,John Fox,Walt Coleman,CAR00,Bank of America Stadium
2005_15_TB_NE,2005,REG,15,2005-12-17,Saturday,13:30,TB,0.0,NE,28.0,Home,28.0,28.0,0.0,2005121700,28733.0,,200512170nwe,,251217017,,6,6,,,4.5,,,36.0,,,0,outdoors,grass,38.0,0.0,00-0022005,00-0019596,Chris Simms,Tom Brady,Jon Gruden,Bill Belichick,Scott Green,BOS00,Gillette Stadium
2005_16_ATL_TB,2005,REG,16,2005-12-24,Saturday,13:00,ATL,24.0,TB,27.0,Home,3.0,51.0,1.0,2005122400,28757.0,,200512240tam,,251224027,,6,7,,,3.0,,,37.5,,,1,outdoors,grass,66.0,9.0,00-0020245,00-0022005,Michael Vick,Chris Simms,Jim Mora,Jon Gruden,Bill Leavy,TAM00,Raymond James Stadium
2005_17_NO_TB,2005,REG,17,2006-01-01,Sunday,13:00,NO,13.0,TB,27.0,Home,14.0,40.0,0.0,2006010108,28775.0,,200601010tam,,260101027,,8,8,,,13.0,,,37.5,,,1,outdoors,grass,74.0,7.0,00-0001545,00-0022005,Todd Bouman,Chris Simms,Jim Haslett,Jon Gruden,Jeff Triplette,TAM00,Raymond James Stadium
2005_18_WAS_TB,2005,WC,18,2006-01-07,Saturday,16:30,WAS,17.0,TB,10.0,Home,-7.0,27.0,0.0,2006010701,28847.0,,200601070tam,,260107027,,6,6,,,2.5,,,37.5,,,0,outdoors,grass,52.0,12.0,00-0002110,00-0022005,Mark Brunell,Chris Simms,Joe Gibbs,Jon Gruden,Mike Carey,TAM00,Raymond James Stadium
2006_01_BAL_TB,2006,REG,1,2006-09-10,Sunday,13:00,BAL,27.0,TB,0.0,Home,-27.0,27.0,0.0,2006091007,28870.0,,200609100tam,3750.0,260910027,,7,7,,,3.0,,,33.0,,,0,outdoors,grass,87.0,3.0,00-0011024,00-0022005,Steve McNair,Chris Simms,Brian Billick,Jon Gruden,Ron Winter,TAM00,Raymond James Stadium
2006_02_TB_ATL,2006,REG,2,2006-09-17,Sunday,13:00,TB,3.0,ATL,14.0,Home,11.0,17.0,0.0,2006091700,28877.0,,200609170atl,3760.0,260917001,,7,7,,,4.5,,,36.0,,,1,dome,fieldturf,,,00-0022005,00-0020245,Chris Simms,Michael Vick,Jon Gruden,Jim Mora,Bill Vinovich,ATL00,Georgia Dome
2006_03_CAR_TB,2006,REG,3,2006-09-24,Sunday,13:00,CAR,26.0,TB,24.0,Home,-2.0,50.0,0.0,2006092407,28901.0,,200609240tam,3782.0,260924027,,7,7,,,-3.0,,,33.5,,,1,outdoors,grass,89.0,3.0,00-0004161,00-0022005,Jake Delhomme,Chris Simms,John Fox,Jon Gruden,Tony Corrente,TAM00,Raymond James Stadium
2006_05_TB_NO,2006,REG,5,2006-10-08,Sunday,13:00,TB,21.0,NO,24.0,Home,3.0,45.0,0.0,2006100806,28928.0,,200610080nor,3810.0,261008018,,14,7,270.0,-290.0,7.0,-115.0,107.0,34.5,-105.0,-105.0,1,dome,fieldturf,,,00-0024408,00-0020531,Bruce Gradkowski,Drew Brees,Jon Gruden,Sean Payton,Gene Steratore,NOR00,Louisiana Superdome
2006_06_CIN_TB,2006,REG,6,2006-10-15,Sunday,13:00,CIN,13.0,TB,14.0,Home,1.0,27.0,0.0,2006101506,28941.0,,200610150tam,3829.0,261015027,,14,7,-207.0,187.0,-4.5,-102.0,-106.0,44.0,-106.0,-104.0,0,outdoors,grass,77.0,8.0,00-0021429,00-0024408,Carson Palmer,Bruce Gradkowski,Marvin Lewis,Jon Gruden,Mike Carey,TAM00,Raymond James Stadium
2006_07_PHI_TB,2006,REG,7,2006-10-22,Sunday,13:00,PHI,21.0,TB,23.0,Home,2.0,44.0,0.0,2006102207,28956.0,,200610220tam,3843.0,261022027,,7,7,-269.0,249.0,-6.0,-111.0,103.0,42.0,100.0,-110.0,0,outdoors,grass,88.0,8.0,00-0011022,00-0024408,Donovan McNabb,Bruce Gradkowski,Andy Reid,Jon Gruden,Gerry Austin,TAM00,Raymond James Stadium
2006_08_TB_NYG,2006,REG,8,2006-10-29,Sunday,13:00,TB,3.0,NYG,17.0,Home,14.0,20.0,0.0,2006102905,28971.0,,200610290nyg,3857.0,261029019,,7,6,385.0,-425.0,9.5,-113.0,105.0,38.5,100.0,-110.0,0,outdoors,fieldturf,53.0,20.0,00-0024408,00-0022803,Bruce Gradkowski,Eli Manning,Jon Gruden,Tom Coughlin,Jeff Triplette,NYC00,Giants Stadium
2006_09_NO_TB,2006,REG,9,2006-11-05,Sunday,13:00,NO,31.0,TB,14.0,Home,-17.0,45.0,0.0,2006110507,28981.0,,200611050tam,3865.0,261105027,,7,7,104.0,-114.0,1.0,100.0,-108.0,37.5,-115.0,105.0,1,outdoors,grass,81.0,16.0,00-0020531,00-0024408,Drew Brees,Bruce Gradkowski,Sean Payton,Jon Gruden,Bill Leavy,TAM00,Raymond James Stadium
2006_10_TB_CAR,2006,REG,10,2006-11-13,Monday,20:30,TB,10.0,CAR,24.0,Home,14.0,34.0,0.0,2006111300,29004.0,,200611130car,3889.0,261113029,,8,15,450.0,-500.0,10.0,-101.0,-107.0,37.0,101.0,-111.0,1,outdoors,grass,58.0,3.0,00-0024408,00-0004161,Bruce Gradkowski,Jake Delhomme,Jon Gruden,John Fox,Bill Vinovich,CAR00,Bank of America Stadium
2006_11_WAS_TB,2006,REG,11,2006-11-19,Sunday,13:00,WAS,17.0,TB,20.0,Home,3.0,37.0,0.0,2006111911,29016.0,,200611190tam,3904.0,261119027,,7,6,155.0,-165.0,3.0,-102.0,-106.0,33.5,-104.0,-106.0,0,outdoors,grass,69.0,11.0,00-0023460,00-0024408,Jason Campbell,Bruce Gradkowski,Joe Gibbs,Jon Gruden,Peter Morelli,TAM00,Raymond James Stadium
2006_12_TB_DAL,2006,REG,12,2006-11-23,Thursday,16:25,TB,10.0,DAL,38.0,Home,28.0,48.0,0.0,2006112301,29022.0,,200611230dal,3907.0,261123006,,4,4,600.0,-660.0,12.5,-107.0,-101.0,39.0,-107.0,-103.0,0,outdoors,fieldturf,76.0,0.0,00-0024408,00-0021678,Bruce Gradkowski,Tony Romo,Jon Gruden,Bill Parcells,Walt Anderson,DAL99,Texas Stadium
2006_13_TB_PIT,2006,REG,13,2006-12-03,Sunday,16:15,TB,3.0,PIT,20.0,Home,17.0,23.0,0.0,2006120306,29048.0,,200612030pit,3928.0,261203023,,10,7,305.0,-335.0,9.0,-113.0,105.0,39.5,-110.0,100.0,0,outdoors,dessograss,42.0,7.0,00-0024408,00-0022924,Bruce Gradkowski,Ben Roethlisberger,Jon Gruden,Bill Cowher,Terry McAulay,PIT00,Heinz Field
2006_14_ATL_TB,2006,REG,14,2006-12-10,Sunday,13:00,ATL,17.0,TB,6.0,Home,-11.0,23.0,0.0,2006121009,29061.0,,200612100tam,3941.0,261210027,,7,7,-180.0,170.0,-4.0,102.0,-110.0,37.5,102.0,-112.0,1,outdoors,grass,72.0,14.0,00-0020245,00-0024408,Michael Vick,Bruce Gradkowski,Jim Mora,Jon Gruden,Walt Coleman,TAM00,Raymond James Stadium
2006_15_TB_CHI,2006,REG,15,2006-12-17,Sunday,13:00,TB,31.0,CHI,34.0,Home,3.0,65.0,1.0,2006121703,29079.0,,200612170chi,3960.0,261217003,,7,6,698.0,-768.0,13.0,-103.0,-105.0,35.0,-107.0,-103.0,0,outdoors,grass,46.0,0.0,00-0024408,00-0022121,Bruce Gradkowski,Rex Grossman,Jon Gruden,Lovie Smith,Larry Nemmers,CHI98,Soldier Field
2006_16_TB_CLE,2006,REG,16,2006-12-24,Sunday,13:00,TB,22.0,CLE,7.0,Home,-15.0,29.0,0.0,2006122402,29089.0,,200612240cle,3981.0,261224005,,7,7,178.0,-188.0,3.5,100.0,-108.0,37.5,-102.0,-108.0,0,outdoors,grass,41.0,8.0,00-0019623,00-0023645,Tim Rattay,Derek Anderson,Jon Gruden,Romeo Crennel,Scott Green,CLE00,Cleveland Browns Stadium
2006_17_SEA_TB,2006,REG,17,2006-12-31,Sunday,13:00,SEA,23.0,TB,7.0,Home,-16.0,30.0,0.0,2006123111,29110.0,,200612310tam,3987.0,261231027,,7,7,144.0,-154.0,3.0,-106.0,-102.0,37.0,-116.0,106.0,0,outdoors,grass,78.0,10.0,00-0007091,00-0019623,Matt Hasselbeck,Tim Rattay,Mike Holmgren,Jon Gruden,Jerome Boger,TAM00,Raymond James Stadium
2007_01_TB_SEA,2007,REG,1,2007-09-09,Sunday,16:15,TB,6.0,SEA,20.0,Home,14.0,26.0,0.0,2007090910,29207.0,,200709090sea,743.0,270909026,,7,7,245.0,-265.0,6.0,104.0,-112.0,40.5,-109.0,-101.0,0,outdoors,fieldturf,67.0,12.0,00-0005755,00-0007091,Jeff Garcia,Matt Hasselbeck,Jon Gruden,Mike Holmgren,Larry Nemmers,SEA00,Qwest Field
2007_02_NO_TB,2007,REG,2,2007-09-16,Sunday,13:00,NO,14.0,TB,31.0,Home,17.0,45.0,0.0,2007091606,29217.0,,200709160tam,753.0,270916027,,10,7,-238.0,218.0,-5.0,-107.0,-101.0,41.5,100.0,-110.0,1,outdoors,grass,88.0,7.0,00-0020531,00-0005755,Drew Brees,Jeff Garcia,Sean Payton,Jon Gruden,Gerry Austin,TAM00,Raymond James Stadium
2007_03_STL_TB,2007,REG,3,2007-09-23,Sunday,13:00,STL,3.0,TB,24.0,Home,21.0,27.0,0.0,2007092308,29235.0,,200709230tam,771.0,270923027,,7,7,173.0,-183.0,3.5,-109.0,101.0,38.5,-108.0,-102.0,0,outdoors,grass,86.0,5.0,00-0019599,00-0005755,Marc Bulger,Jeff Garcia,Scott Linehan,Jon Gruden,Bill Carollo,TAM00,Raymond James Stadium
2007_04_TB_CAR,2007,REG,4,2007-09-30,Sunday,16:05,TB,20.0,CAR,7.0,Home,-13.0,27.0,0.0,2007093007,29250.0,,200709300car,786.0,270930029,,7,7,140.0,-150.0,3.0,-109.0,101.0,39.0,100.0,-110.0,1,outdoors,grass,78.0,12.0,00-0005755,00-0020608,Jeff Garcia,David Carr,Jon Gruden,John Fox,Peter Morelli,CAR00,Bank of America Stadium
2007_05_TB_IND,2007,REG,5,2007-10-07,Sunday,16:05,TB,14.0,IND,33.0,Home,19.0,47.0,0.0,2007100709,29266.0,,200710070clt,802.0,271007011,,7,7,350.0,-380.0,9.0,-119.0,111.0,44.5,-103.0,-107.0,0,dome,fieldturf,,,00-0005755,00-0010346,Jeff Garcia,Peyton Manning,Jon Gruden,Tony Dungy,Mike Carey,IND99,RCA Dome
2007_06_TEN_TB,2007,REG,6,2007-10-14,Sunday,13:00,TEN,10.0,TB,13.0,Home,3.0,23.0,0.0,2007101407,29278.0,,200710140tam,814.0,271014027,,7,7,118.0,-128.0,1.0,108.0,-116.0,37.0,-105.0,-105.0,0,outdoors,grass,81.0,10.0,00-0024218,00-0005755,Vince Young,Jeff Garcia,Jeff Fisher,Jon Gruden,Scott Green,TAM00,Raymond James Stadium
2007_07_TB_DET,2007,REG,7,2007-10-21,Sunday,13:00,TB,16.0,DET,23.0,Home,7.0,39.0,0.0,2007102102,29286.0,,200710210det,822.0,271021008,,7,14,119.0,-129.0,2.5,-103.0,-105.0,44.5,-102.0,-108.0,0,dome,fieldturf,,,00-0005755,00-0009311,Jeff Garcia,Jon Kitna,Jon Gruden,Rod Marinelli,John Parry,DET00,Ford Field
2007_08_JAX_TB,2007,REG,8,2007-10-28,Sunday,16:05,JAX,24.0,TB,23.0,Home,-1.0,47.0,0.0,2007102809,29307.0,,200710280tam,843.0,271028027,,6,7,175.0,-185.0,3.5,-115.0,107.0,32.5,-106.0,-104.0,0,outdoors,grass,84.0,11.0,00-0020613,00-0005755,Quinn Gray,Jeff Garcia,Jack Del Rio,Jon Gruden,Gene Steratore,TAM00,Raymond James Stadium
2007_09_ARI_TB,2007,REG,9,2007-11-04,Sunday,13:00,ARI,10.0,TB,17.0,Home,7.0,27.0,0.0,2007110407,29318.0,,200711040tam,854.0,271104027,,14,7,164.0,-174.0,3.5,-118.0,110.0,39.0,104.0,-114.0,0,outdoors,grass,78.0,10.0,00-0017200,00-0005755,Kurt Warner,Jeff Garcia,Ken Whisenhunt,Jon Gruden,Terry McAulay,TAM00,Raymond James Stadium
2007_11_TB_ATL,2007,REG,11,2007-11-18,Sunday,13:00,TB,31.0,ATL,7.0,Home,-24.0,38.0,0.0,2007111800,29339.0,,200711180atl,875.0,271118001,,14,7,-175.0,165.0,-3.0,-119.0,111.0,35.5,-110.0,100.0,1,dome,fieldturf,,,00-0005755,00-0022177,Jeff Garcia,Byron Leftwich,Jon Gruden,Bobby Petrino,Walt Coleman,ATL00,Georgia Dome
2007_12_WAS_TB,2007,REG,12,2007-11-25,Sunday,13:00,WAS,13.0,TB,19.0,Home,6.0,32.0,0.0,2007112508,29366.0,,200711250tam,902.0,271125027,,7,7,171.0,-181.0,3.5,-109.0,101.0,38.0,-105.0,-105.0,0,outdoors,grass,81.0,8.0,00-0023460,00-0005755,Jason Campbell,Jeff Garcia,Joe Gibbs,Jon Gruden,Ed Hochuli,TAM00,Raymond James Stadium
2007_13_TB_NO,2007,REG,13,2007-12-02,Sunday,16:15,TB,27.0,NO,23.0,Home,-4.0,50.0,0.0,2007120205,29377.0,,200712020nor,913.0,271202018,,7,7,240.0,-260.0,5.5,104.0,-112.0,41.0,-109.0,-101.0,1,dome,fieldturf,,,00-0022864,00-0020531,Luke McCown,Drew Brees,Jon Gruden,Sean Payton,Ron Winter,NOR00,Louisiana Superdome
2007_14_TB_HOU,2007,REG,14,2007-12-09,Sunday,13:00,TB,14.0,HOU,28.0,Home,14.0,42.0,0.0,2007120904,29392.0,,200712090htx,928.0,271209034,,7,7,-141.0,131.0,-3.0,105.0,-113.0,39.0,-110.0,100.0,0,closed,grass,,,00-0022864,00-0020480,Luke McCown,Sage Rosenfels,Jon Gruden,Gary Kubiak,Bill Leavy,HOU00,Reliant Stadium
2007_15_ATL_TB,2007,REG,15,2007-12-16,Sunday,13:00,ATL,3.0,TB,37.0,Home,34.0,40.0,0.0,2007121608,29413.0,,200712160tam,949.0,271216027,,6,7,581.0,-641.0,13.0,-102.0,-106.0,37.5,-102.0,-108.0,1,outdoors,grass,68.0,25.0,00-0019709,00-0005755,Chris Redman,Jeff Garcia,Emmitt Thomas,Jon Gruden,Jeff Triplette,TAM00,Raymond James Stadium
2007_16_TB_SF,2007,REG,16,2007-12-23,Sunday,16:05,TB,19.0,SF,21.0,Home,2.0,40.0,0.0,2007122312,29433.0,,200712230sfo,969.0,271223025,,7,8,-270.0,250.0,-6.5,-110.0,102.0,36.5,-113.0,103.0,0,outdoors,grass,51.0,5.0,00-0005755,00-0020679,Jeff Garcia,Shaun Hill,Jon Gruden,Mike Nolan,Tony Corrente,SFO00,Monster Park
2007_17_CAR_TB,2007,REG,17,2007-12-30,Sunday,13:00,CAR,31.0,TB,23.0,Home,-8.0,54.0,0.0,2007123009,29445.0,,200712300tam,981.0,271230027,,8,7,-150.0,140.0,-3.0,102.0,-110.0,35.5,-105.0,-105.0,1,outdoors,grass,80.0,14.0,00-0025708,00-0022864,Matt Moore,Luke McCown,John Fox,Jon Gruden,Gene Steratore,TAM00,Raymond James Stadium
2007_18_NYG_TB,2007,WC,18,2008-01-06,Sunday,13:00,NYG,24.0,TB,14.0,Home,-10.0,38.0,0.0,2008010600,29518.0,,200801060tam,989.0,280106027,,8,7,156.0,-166.0,3.0,106.0,-114.0,39.5,-105.0,-105.0,0,outdoors,grass,70.0,5.0,00-0022803,00-0005755,Eli Manning,Jeff Garcia,Tom Coughlin,Jon Gruden,Walt Anderson,TAM00,Raymond James Stadium
2008_01_TB_NO,2008,REG,1,2008-09-07,Sunday,13:00,TB,20.0,NO,24.0,Home,4.0,44.0,0.0,2008090705,29534.0,,200809070nor,1071.0,280907018,,7,7,,,3.0,,,42.5,,,1,dome,fieldturf,,,00-0005755,00-0020531,Jeff Garcia,Drew Brees,Jon Gruden,Sean Payton,Alberto Riveron,NOR00,Louisiana Superdome
2008_02_ATL_TB,2008,REG,2,2008-09-14,Sunday,16:05,ATL,9.0,TB,24.0,Home,15.0,33.0,0.0,2008091409,29553.0,,200809140tam,1087.0,280914027,,7,7,,,7.0,,,37.5,,,1,outdoors,grass,89.0,8.0,00-0026143,00-0006423,Matt Ryan,Brian Griese,Mike Smith,Jon Gruden,Jeff Triplette,TAM00,Raymond James Stadium
2008_03_TB_CHI,2008,REG,3,2008-09-21,Sunday,13:00,TB,27.0,CHI,24.0,Home,-3.0,51.0,1.0,2008092102,29562.0,,200809210chi,1100.0,280921003,,7,7,,,3.0,,,35.0,,,0,outdoors,grass,76.0,5.0,00-0006423,00-0023541,Brian Griese,Kyle Orton,Jon Gruden,Lovie Smith,Tony Corrente,CHI98,Soldier Field
2008_04_GB_TB,2008,REG,4,2008-09-28,Sunday,13:00,GB,21.0,TB,30.0,Home,9.0,51.0,0.0,2008092806,29582.0,,200809280tam,1117.0,280928027,,7,7,,,2.0,,,43.0,,,0,outdoors,grass,81.0,5.0,00-0023459,00-0006423,Aaron Rodgers,Brian Griese,Mike McCarthy,Jon Gruden,Terry McAulay,TAM00,Raymond James Stadium
2008_05_TB_DEN,2008,REG,5,2008-10-05,Sunday,16:05,TB,13.0,DEN,16.0,Home,3.0,29.0,0.0,2008100508,29597.0,,200810050den,1133.0,281005007,,7,7,176.0,-189.0,3.5,102.0,-110.0,47.0,-109.0,-101.0,0,outdoors,grass,70.0,9.0,00-0006423,00-0024226,Brian Griese,Jay Cutler,Jon Gruden,Mike Shanahan,Walt Anderson,DEN00,Invesco Field at Mile High
2008_06_CAR_TB,2008,REG,6,2008-10-12,Sunday,13:00,CAR,3.0,TB,27.0,Home,24.0,30.0,0.0,2008101206,29609.0,,200810120tam,1144.0,281012027,,7,7,121.0,-131.0,1.0,113.0,-121.0,37.0,-108.0,-102.0,1,outdoors,grass,84.0,8.0,00-0004161,00-0005755,Jake Delhomme,Jeff Garcia,John Fox,Jon Gruden,Carl Cheffers,TAM00,Raymond James Stadium
2008_07_SEA_TB,2008,REG,7,2008-10-19,Sunday,20:15,SEA,10.0,TB,20.0,Home,10.0,30.0,0.0,2008101912,29629.0,,200810190tam,1164.0,281019027,,7,7,460.0,-520.0,10.5,100.0,-108.0,39.5,-110.0,100.0,0,outdoors,grass,75.0,10.0,00-0022055,00-0005755,Seneca Wallace,Jeff Garcia,Mike Holmgren,Jon Gruden,Scott Green,TAM00,Raymond James Stadium
2008_08_TB_DAL,2008,REG,8,2008-10-26,Sunday,13:00,TB,9.0,DAL,13.0,Home,4.0,22.0,0.0,2008102602,29633.0,,200810260dal,1171.0,281026006,,7,7,114.0,-124.0,1.0,104.0,-112.0,40.5,-109.0,-101.0,0,outdoors,fieldturf,74.0,0.0,00-0005755,00-0008442,Jeff Garcia,Brad Johnson,Jon Gruden,Wade Phillips,Gene Steratore,DAL99,Texas Stadium
2008_09_TB_KC,2008,REG,9,2008-11-02,Sunday,13:00,TB,30.0,KC,27.0,Home,-3.0,57.0,1.0,2008110204,29648.0,,200811020kan,1185.0,281102012,,7,7,-420.0,380.0,-9.5,100.0,-108.0,36.5,-108.0,-102.0,0,outdoors,grass,69.0,0.0,00-0005755,00-0025604,Jeff Garcia,Tyler Thigpen,Jon Gruden,Herm Edwards,Ed Hochuli,KAN00,Arrowhead Stadium
2008_11_MIN_TB,2008,REG,11,2008-11-16,Sunday,13:00,MIN,13.0,TB,19.0,Home,6.0,32.0,0.0,2008111609,29682.0,,200811160tam,1217.0,281116027,,7,14,200.0,-220.0,4.5,-104.0,-104.0,39.5,-103.0,-107.0,0,outdoors,grass,62.0,10.0,00-0005589,00-0005755,Gus Frerotte,Jeff Garcia,Brad Childress,Jon Gruden,Mike Carey,TAM00,Raymond James Stadium
2008_12_TB_DET,2008,REG,12,2008-11-23,Sunday,13:00,TB,38.0,DET,20.0,Home,-18.0,58.0,0.0,2008112304,29693.0,,200811230det,1231.0,281123008,,7,7,-330.0,300.0,-9.0,108.0,-116.0,42.0,-105.0,-105.0,0,dome,fieldturf,,,00-0005755,00-0003739,Jeff Garcia,Daunte Culpepper,Jon Gruden,Rod Marinelli,Bill Carollo,DET00,Ford Field
2008_13_NO_TB,2008,REG,13,2008-11-30,Sunday,13:00,NO,20.0,TB,23.0,Home,3.0,43.0,0.0,2008113006,29713.0,,200811300tam,1249.0,281130027,,6,7,177.0,-187.0,3.5,-108.0,100.0,44.0,-101.0,-109.0,1,outdoors,grass,73.0,30.0,00-0020531,00-0005755,Drew Brees,Jeff Garcia,Sean Payton,Jon Gruden,Jerome Boger,TAM00,Raymond James Stadium
2008_14_TB_CAR,2008,REG,14,2008-12-08,Monday,20:30,TB,23.0,CAR,38.0,Home,15.0,61.0,0.0,2008120800,29735.0,,200812080car,1270.0,281208029,,8,8,,,3.0,,,38.5,,,1,outdoors,grass,38.0,4.0,00-0005755,00-0004161,Jeff Garcia,Jake Delhomme,Jon Gruden,John Fox,Walt Anderson,CAR00,Bank of America Stadium
2008_15_TB_ATL,2008,REG,15,2008-12-14,Sunday,13:00,TB,10.0,ATL,13.0,Home,3.0,23.0,1.0,2008121400,29737.0,,200812140atl,1277.0,281214001,,6,7,195.0,-215.0,5.5,-110.0,102.0,43.5,100.0,-110.0,1,dome,fieldturf,,,00-0006423,00-0026143,Brian Griese,Matt Ryan,Jon Gruden,Mike Smith,Terry McAulay,ATL00,Georgia Dome
2008_16_SD_TB,2008,REG,16,2008-12-21,Sunday,13:00,SD,41.0,TB,24.0,Home,-17.0,65.0,0.0,2008122112,29766.0,,200812210tam,1301.0,281221027,,7,7,,,4.5,,,42.5,,,0,outdoors,grass,72.0,10.0,00-0022942,00-0005755,Philip Rivers,Jeff Garcia,Norv Turner,Jon Gruden,Peter Morelli,TAM00,Raymond James Stadium
2008_17_OAK_TB,2008,REG,17,2008-12-28,Sunday,13:00,OAK,31.0,TB,24.0,Home,-7.0,55.0,0.0,2008122812,29780.0,,200812280tam,1309.0,281228027,,7,7,475.0,-540.0,11.0,-108.0,100.0,38.5,101.0,-111.0,0,outdoors,grass,77.0,5.0,00-0025388,00-0005755,JaMarcus Russell,Jeff Garcia,Tom Cable,Jon Gruden,Ron Winter,TAM00,Raymond James Stadium
2009_01_DAL_TB,2009,REG,1,2009-09-13,Sunday,13:00,DAL,34.0,TB,21.0,Home,-13.0,55.0,0.0,2009091308,54476.0,,200909130tam,1401.0,290913027,,7,7,-230.0,204.0,-4.5,101.0,-109.0,40.0,103.0,-113.0,0,outdoors,grass,85.0,6.0,00-0021678,00-0022177,Tony Romo,Byron Leftwich,Wade Phillips,Raheem Morris,Alberto Riveron,TAM00,Raymond James Stadium
2009_02_TB_BUF,2009,REG,2,2009-09-20,Sunday,16:05,TB,20.0,BUF,33.0,Home,13.0,53.0,0.0,2009092009,54492.0,,200909200buf,1421.0,290920002,,7,6,180.0,-200.0,4.5,-109.0,101.0,42.0,-103.0,-107.0,0,outdoors,astroplay,74.0,4.0,00-0022177,00-0025479,Byron Leftwich,Trent Edwards,Raheem Morris,Dick Jauron,Ron Winter,BUF00,Ralph Wilson Stadium
2009_03_NYG_TB,2009,REG,3,2009-09-27,Sunday,13:00,NYG,24.0,TB,0.0,Home,-24.0,24.0,0.0,2009092708,54512.0,,200909270tam,1433.0,290927027,,7,7,-245.0,219.0,-6.0,102.0,-110.0,46.0,-110.0,100.0,0,outdoors,grass,88.0,12.0,00-0022803,00-0022177,Eli Manning,Byron Leftwich,Tom Coughlin,Raheem Morris,Jeff Triplette,TAM00,Raymond James Stadium
2009_04_TB_WAS,2009,REG,4,2009-10-04,Sunday,13:00,TB,13.0,WAS,16.0,Home,3.0,29.0,0.0,2009100407,54522.0,,200910040was,1448.0,291004028,,7,7,350.0,-400.0,9.5,-105.0,-103.0,36.5,101.0,-111.0,0,outdoors,grass,69.0,10.0,00-0026300,00-0023460,Josh Johnson,Jason Campbell,Raheem Morris,Jim Zorn,Ed Hochuli,WAS00,FedExField
2009_05_TB_PHI,2009,REG,5,2009-10-11,Sunday,13:00,TB,14.0,PHI,33.0,Home,19.0,47.0,0.0,2009101106,54535.0,,200910110phi,1462.0,291011021,,7,14,750.0,-1010.0,15.5,-107.0,-101.0,41.5,-106.0,-104.0,0,outdoors,grass,62.0,7.0,00-0026300,00-0011022,Josh Johnson,Donovan McNabb,Raheem Morris,Andy Reid,Terry McAulay,PHI00,Lincoln Financial Field
2009_06_CAR_TB,2009,REG,6,2009-10-18,Sunday,13:00,CAR,28.0,TB,21.0,Home,-7.0,49.0,0.0,2009101806,54549.0,,200910180tam,1475.0,291018027,,7,7,-171.0,156.0,-3.0,-116.0,107.0,40.5,-106.0,-104.0,1,outdoors,grass,64.0,17.0,00-0004161,00-0026300,Jake Delhomme,Josh Johnson,John Fox,Raheem Morris,John Parry,TAM00,Raymond James Stadium
2009_07_NE_TB,2009,REG,7,2009-10-25,Sunday,13:00,NE,35.0,TB,7.0,Neutral,-28.0,42.0,0.0,2009102506,54563.0,,200910250tam,1491.0,291025027,,7,7,-1300.0,940.0,-15.5,-106.0,-102.0,44.5,-111.0,101.0,0,outdoors,grass,59.0,16.0,00-0019596,00-0026300,Tom Brady,Josh Johnson,Bill Belichick,Raheem Morris,Jerome Boger,LON00,Wembley Stadium
2009_09_GB_TB,2009,REG,9,2009-11-08,Sunday,13:00,GB,28.0,TB,38.0,Home,10.0,66.0,0.0,2009110806,54589.0,,200911080tam,1516.0,291108027,,7,14,-480.0,410.0,-9.5,-102.0,-106.0,43.0,-105.0,-105.0,0,outdoors,grass,82.0,13.0,00-0023459,00-0026993,Aaron Rodgers,Josh Freeman,Mike McCarthy,Raheem Morris,Peter Morelli,TAM00,Raymond James Stadium
2009_10_TB_MIA,2009,REG,10,2009-11-15,Sunday,13:00,TB,23.0,MIA,25.0,Home,2.0,48.0,0.0,2009111501,54598.0,,200911150mia,1528.0,291115015,,7,7,385.0,-445.0,10.0,-108.0,100.0,43.0,-105.0,-105.0,0,outdoors,grass,80.0,9.0,00-0026993,00-0026197,Josh Freeman,Chad Henne,Raheem Morris,Tony Sparano,Tony Corrente,MIA00,Dolphin Stadium
2009_11_NO_TB,2009,REG,11,2009-11-22,Sunday,13:00,NO,38.0,TB,7.0,Home,-31.0,45.0,0.0,2009112208,54620.0,,200911220tam,1545.0,291122027,,7,7,-500.0,420.0,-10.5,104.0,-112.0,51.0,104.0,-114.0,1,outdoors,grass,79.0,8.0,00-0020531,00-0026993,Drew Brees,Josh Freeman,Sean Payton,Raheem Morris,Walt Coleman,TAM00,Raymond James Stadium
2009_12_TB_ATL,2009,REG,12,2009-11-29,Sunday,13:00,TB,17.0,ATL,20.0,Home,3.0,37.0,0.0,2009112900,54630.0,,200911290atl,1558.0,291129001,,7,7,500.0,-625.0,12.0,-104.0,-104.0,46.0,-102.0,-108.0,1,dome,fieldturf,,,00-0026993,00-0026143,Josh Freeman,Matt Ryan,Raheem Morris,Mike Smith,Walt Anderson,ATL00,Georgia Dome
2009_13_TB_CAR,2009,REG,13,2009-12-06,Sunday,13:00,TB,6.0,CAR,16.0,Home,10.0,22.0,0.0,2009120601,54645.0,,200912060car,1578.0,291206029,,7,7,178.0,-198.0,3.5,-105.0,-103.0,40.0,100.0,-110.0,1,outdoors,grass,43.0,7.0,00-0026993,00-0025708,Josh Freeman,Matt Moore,Raheem Morris,John Fox,Don Carey,CAR00,Bank of America Stadium
2009_14_NYJ_TB,2009,REG,14,2009-12-13,Sunday,13:00,NYJ,26.0,TB,3.0,Home,-23.0,29.0,0.0,2009121309,54669.0,,200912130tam,1593.0,291213027,,10,7,-195.0,177.0,-3.5,-104.0,-104.0,36.5,-103.0,-107.0,0,outdoors,grass,73.0,5.0,00-0024264,00-0026993,Kellen Clemens,Josh Freeman,Rex Ryan,Raheem Morris,Carl Cheffers,TAM00,Raymond James Stadium
2009_15_TB_SEA,2009,REG,15,2009-12-20,Sunday,16:15,TB,24.0,SEA,7.0,Home,-17.0,31.0,0.0,2009122011,54688.0,,200912200sea,1616.0,291220026,,7,7,238.0,-270.0,6.5,-102.0,-106.0,39.0,-111.0,101.0,0,outdoors,fieldturf,52.0,12.0,00-0026993,00-0007091,Josh Freeman,Matt Hasselbeck,Raheem Morris,Jim Mora,Mike Carey,SEA00,Qwest Field
2009_16_TB_NO,2009,REG,16,2009-12-27,Sunday,13:00,TB,20.0,NO,17.0,Home,-3.0,37.0,1.0,2009122707,54699.0,,200912270nor,1627.0,291227018,,7,8,640.0,-770.0,14.0,-110.0,102.0,48.5,-104.0,-106.0,1,dome,fieldturf,,,00-0026993,00-0020531,Josh Freeman,Drew Brees,Raheem Morris,Sean Payton,Jerome Boger,NOR00,Louisiana Superdome
2009_17_ATL_TB,2009,REG,17,2010-01-03,Sunday,13:00,ATL,20.0,TB,10.0,Home,-10.0,30.0,0.0,2010010310,54717.0,,201001030tam,1639.0,300103027,,7,7,-145.0,133.0,-3.0,100.0,-108.0,41.5,-114.0,104.0,1,outdoors,grass,44.0,5.0,00-0026143,00-0026993,Matt Ryan,Josh Freeman,Mike Smith,Raheem Morris,Gene Steratore,TAM00,Raymond James Stadium
2010_01_CLE_TB,2010,REG,1,2010-09-12,Sunday,13:00,CLE,14.0,TB,17.0,Home,3.0,31.0,0.0,2010091200,54871.0,,201009120tam,1728.0,300912027,,7,7,122.0,-135.0,2.5,102.0,-110.0,37.0,-106.0,-104.0,0,outdoors,grass,87.0,6.0,00-0004161,00-0026993,Jake Delhomme,Josh Freeman,Eric Mangini,Raheem Morris,Jeff Triplette,TAM00,Raymond James Stadium
2010_02_TB_CAR,2010,REG,2,2010-09-19,Sunday,13:00,TB,20.0,CAR,7.0,Home,-13.0,27.0,0.0,2010091908,54880.0,,201009190car,1748.0,300919029,,7,7,188.0,-210.0,4.0,-101.0,-107.0,38.0,100.0,-110.0,1,outdoors,grass,89.0,4.0,00-0026993,00-0025708,Josh Freeman,Matt Moore,Raheem Morris,John Fox,Walt Coleman,CAR00,Bank of America Stadium
2010_03_PIT_TB,2010,REG,3,2010-09-26,Sunday,13:00,PIT,38.0,TB,13.0,Home,-25.0,51.0,0.0,2010092602,54903.0,,201009260tam,1763.0,300926027,,7,7,-140.0,127.0,-2.0,-113.0,104.0,33.0,-114.0,103.0,0,outdoors,grass,90.0,7.0,00-0000865,00-0026993,Charlie Batch,Josh Freeman,Mike Tomlin,Raheem Morris,Bill Leavy,TAM00,Raymond James Stadium
2010_05_TB_CIN,2010,REG,5,2010-10-10,Sunday,13:00,TB,24.0,CIN,21.0,Home,-3.0,45.0,0.0,2010101006,54928.0,,201010100cin,1795.0,301010004,,14,7,252.0,-285.0,6.5,-108.0,100.0,38.0,-110.0,100.0,0,outdoors,fieldturf,81.0,2.0,00-0026993,00-0021429,Josh Freeman,Carson Palmer,Raheem Morris,Marvin Lewis,Scott Green,CIN00,Paul Brown Stadium
2010_06_NO_TB,2010,REG,6,2010-10-17,Sunday,13:00,NO,31.0,TB,6.0,Home,-25.0,37.0,0.0,2010101708,54947.0,,201010170tam,1811.0,301017027,,7,7,-230.0,205.0,-5.5,100.0,-108.0,43.5,-102.0,-108.0,1,outdoors,grass,81.0,9.0,00-0020531,00-0026993,Drew Brees,Josh Freeman,Sean Payton,Raheem Morris,Clete Blakeman,TAM00,Raymond James Stadium
2010_07_STL_TB,2010,REG,7,2010-10-24,Sunday,13:00,STL,17.0,TB,18.0,Home,1.0,35.0,0.0,2010102407,54820.0,,201010240tam,1824.0,301024027,,7,7,149.0,-165.0,3.0,105.0,-114.0,38.5,-107.0,-103.0,0,outdoors,grass,84.0,9.0,00-0027854,00-0026993,Sam Bradford,Josh Freeman,Steve Spagnuolo,Raheem Morris,Mike Carey,TAM00,Raymond James Stadium
2010_08_TB_ARI,2010,REG,8,2010-10-31,Sunday,16:15,TB,38.0,ARI,35.0,Home,-3.0,73.0,0.0,2010103109,54837.0,,201010310crd,1840.0,301031022,,7,7,157.0,-174.0,3.0,107.0,-116.0,38.0,102.0,-112.0,0,closed,grass,,,00-0026993,00-0027347,Josh Freeman,Max Hall,Raheem Morris,Ken Whisenhunt,Ron Winter,PHO00,University of Phoenix Stadium
2010_09_TB_ATL,2010,REG,9,2010-11-07,Sunday,13:00,TB,21.0,ATL,27.0,Home,6.0,48.0,0.0,2010110706,54840.0,,201011070atl,1850.0,301107001,,7,14,404.0,-475.0,10.0,-102.0,-106.0,44.5,-106.0,-104.0,1,dome,fieldturf,,,00-0026993,00-0026143,Josh Freeman,Matt Ryan,Raheem Morris,Mike Smith,Terry McAulay,ATL00,Georgia Dome
2010_10_CAR_TB,2010,REG,10,2010-11-14,Sunday,13:00,CAR,16.0,TB,31.0,Home,15.0,47.0,0.0,2010111405,54860.0,,201011140tam,1863.0,301114027,,7,7,249.0,-282.0,7.0,-115.0,106.0,36.5,-110.0,100.0,1,outdoors,grass,73.0,7.0,00-0027659,00-0026993,Jimmy Clausen,Josh Freeman,John Fox,Raheem Morris,Jerome Boger,TAM00,Raymond James Stadium
2010_11_TB_SF,2010,REG,11,2010-11-21,Sunday,16:05,TB,21.0,SF,0.0,Home,-21.0,21.0,0.0,2010112111,54972.0,,201011210sfo,1883.0,301121025,,7,7,179.0,-199.0,3.5,103.0,-111.0,41.0,-108.0,-102.0,0,outdoors,grass,54.0,25.0,00-0026993,00-0025561,Josh Freeman,Troy Smith,Raheem Morris,Mike Singletary,John Parry,SFO00,Candlestick Park
2010_12_TB_BAL,2010,REG,12,2010-11-28,Sunday,16:15,TB,10.0,BAL,17.0,Home,7.0,27.0,0.0,2010112806,54980.0,,201011280rav,1896.0,301128033,,7,7,292.0,-334.0,7.5,-108.0,100.0,41.0,-114.0,103.0,0,outdoors,fieldturf,48.0,3.0,00-0026993,00-0026158,Josh Freeman,Joe Flacco,Raheem Morris,John Harbaugh,Carl Cheffers,BAL00,M&T Bank Stadium
2010_13_ATL_TB,2010,REG,13,2010-12-05,Sunday,16:15,ATL,28.0,TB,24.0,Home,-4.0,52.0,0.0,2010120507,55000.0,,201012050tam,1911.0,301205027,,7,7,-154.0,139.0,-3.0,104.0,-112.0,43.5,-102.0,-108.0,1,outdoors,grass,72.0,9.0,00-0026143,00-0026993,Matt Ryan,Josh Freeman,Mike Smith,Raheem Morris,Tony Corrente,TAM00,Raymond James Stadium
2010_14_TB_WAS,2010,REG,14,2010-12-12,Sunday,13:00,TB,17.0,WAS,16.0,Home,-1.0,33.0,0.0,2010121204,55013.0,,201012120was,1924.0,301212028,,7,7,-117.0,106.0,-1.0,-111.0,103.0,41.0,-107.0,-103.0,0,outdoors,grass,43.0,5.0,00-0026993,00-0011022,Josh Freeman,Donovan McNabb,Raheem Morris,Mike Shanahan,Peter Morelli,WAS00,FedExField
2010_15_DET_TB,2010,REG,15,2010-12-19,Sunday,13:00,DET,23.0,TB,20.0,Home,-3.0,43.0,1.0,2010121908,55033.0,,201012190tam,1944.0,301219027,,7,7,177.0,-197.0,3.5,100.0,-108.0,43.0,-105.0,-105.0,0,outdoors,grass,54.0,10.0,00-0025430,00-0026993,Drew Stanton,Josh Freeman,Jim Schwartz,Raheem Morris,Terry McAulay,TAM00,Raymond James Stadium
2010_16_SEA_TB,2010,REG,16,2010-12-26,Sunday,16:15,SEA,15.0,TB,38.0,Home,23.0,53.0,0.0,2010122605,55050.0,,201012260tam,1958.0,301226027,,7,7,205.0,-230.0,5.0,104.0,-112.0,43.5,103.0,-114.0,0,outdoors,grass,49.0,16.0,00-0007091,00-0026993,Matt Hasselbeck,Josh Freeman,Pete Carroll,Raheem Morris,Clete Blakeman,TAM00,Raymond James Stadium
2010_17_TB_NO,2010,REG,17,2011-01-02,Sunday,13:00,TB,23.0,NO,13.0,Home,-10.0,36.0,0.0,2011010212,55065.0,,201101020nor,1979.0,310102018,,7,6,248.0,-280.0,7.0,-119.0,110.0,46.5,-106.0,-104.0,1,dome,sportturf,,,00-0026993,00-0020531,Josh Freeman,Drew Brees,Raheem Morris,Sean Payton,Gene Steratore,NOR00,Louisiana Superdome
2011_01_DET_TB,2011,REG,1,2011-09-11,Sunday,13:00,DET,27.0,TB,20.0,Home,-7.0,47.0,0.0,2011091106,55172.0,,201109110tam,2062.0,310911027,,7,7,113.0,-125.0,1.0,109.0,-118.0,43.5,-107.0,-103.0,0,outdoors,grass,86.0,6.0,00-0026498,00-0026993,Matthew Stafford,Josh Freeman,Jim Schwartz,Raheem Morris,Walt Anderson,TAM00,Raymond James Stadium
2011_02_TB_MIN,2011,REG,2,2011-09-18,Sunday,13:00,TB,24.0,MIN,20.0,Home,-4.0,44.0,0.0,2011091806,55184.0,,201109180min,2088.0,310918016,,7,7,102.0,-112.0,1.0,-102.0,-106.0,41.0,-105.0,-105.0,0,dome,sportturf,,,00-0026993,00-0011022,Josh Freeman,Donovan McNabb,Raheem Morris,Leslie Frazier,Jeff Triplette,MIN00,Mall of America Field
2011_03_ATL_TB,2011,REG,3,2011-09-25,Sunday,16:15,ATL,13.0,TB,16.0,Home,3.0,29.0,0.0,2011092513,55209.0,,201109250tam,2094.0,310925027,,7,7,102.0,-113.0,1.0,100.0,-108.0,45.0,-108.0,-102.0,1,outdoors,grass,89.0,9.0,00-0026143,00-0026993,Matt Ryan,Josh Freeman,Mike Smith,Raheem Morris,Clete Blakeman,TAM00,Raymond James Stadium
2011_04_IND_TB,2011,REG,4,2011-10-03,Monday,20:30,IND,17.0,TB,24.0,Home,7.0,41.0,0.0,2011100300,55227.0,,201110030tam,2121.0,311003027,,8,8,423.0,-500.0,10.0,-103.0,-105.0,40.0,-105.0,-105.0,0,outdoors,grass,80.0,0.0,00-0027134,00-0026993,Curtis Painter,Josh Freeman,Jim Caldwell,Raheem Morris,Ron Winter,TAM00,Raymond James Stadium
2011_05_TB_SF,2011,REG,5,2011-10-09,Sunday,16:05,TB,3.0,SF,48.0,Home,45.0,51.0,0.0,2011100908,55236.0,,201110090sfo,2122.0,311009025,,6,7,127.0,-140.0,2.5,105.0,-114.0,41.0,-105.0,-105.0,0,outdoors,grass,62.0,6.0,00-0026993,00-0023436,Josh Freeman,Alex Smith,Raheem Morris,Jim Harbaugh,Terry McAulay,SFO00,Candlestick Park
2011_06_NO_TB,2011,REG,6,2011-10-16,Sunday,16:15,NO,20.0,TB,26.0,Home,6.0,46.0,0.0,2011101609,55251.0,,201110160tam,2137.0,311016027,,7,7,-257.0,228.0,-6.0,-106.0,-102.0,49.5,-103.0,-107.0,1,outdoors,grass,84.0,11.0,00-0020531,00-0026993,Drew Brees,Josh Freeman,Sean Payton,Raheem Morris,Jerome Boger,TAM00,Raymond James Stadium
2011_07_CHI_TB,2011,REG,7,2011-10-23,Sunday,13:00,CHI,24.0,TB,18.0,Neutral,-6.0,42.0,0.0,2011102305,55259.0,,201110230tam,2149.0,311023027,,7,7,-122.0,111.0,-1.5,-111.0,103.0,44.0,100.0,-110.0,0,outdoors,grass,62.0,15.0,00-0024226,00-0026993,Jay Cutler,Josh Freeman,Lovie Smith,Raheem Morris,Tony Corrente,LON00,Wembley Stadium
2011_09_TB_NO,2011,REG,9,2011-11-06,Sunday,13:00,TB,16.0,NO,27.0,Home,11.0,43.0,0.0,2011110605,55285.0,,201111060nor,2183.0,311106018,,14,7,389.0,-455.0,9.0,-106.0,-102.0,50.5,-109.0,-101.0,1,dome,sportturf,,,00-0026993,00-0020531,Josh Freeman,Drew Brees,Raheem Morris,Sean Payton,Carl Cheffers,NOR00,Mercedes-Benz Superdome
2011_10_HOU_TB,2011,REG,10,2011-11-13,Sunday,13:00,HOU,37.0,TB,9.0,Home,-28.0,46.0,0.0,2011111302,55305.0,,201111130tam,2193.0,311113027,,7,7,-183.0,165.0,-3.5,102.0,-110.0,45.5,-102.0,-108.0,0,outdoors,grass,77.0,9.0,00-0022787,00-0026993,Matt Schaub,Josh Freeman,Gary Kubiak,Raheem Morris,John Parry,TAM00,Raymond James Stadium
2011_11_TB_GB,2011,REG,11,2011-11-20,Sunday,13:00,TB,26.0,GB,35.0,Home,9.0,61.0,0.0,2011112007,55315.0,,201111200gnb,2212.0,311120009,,7,6,583.0,-720.0,13.5,-108.0,100.0,48.5,-105.0,-105.0,0,outdoors,grass,32.0,7.0,00-0026993,00-0023459,Josh Freeman,Aaron Rodgers,Raheem Morris,Mike McCarthy,Alberto Riveron,GNB00,Lambeau Field
2011_12_TB_TEN,2011,REG,12,2011-11-27,Sunday,13:00,TB,17.0,TEN,23.0,Home,6.0,40.0,0.0,2011112706,55333.0,,201111270oti,2232.0,311127010,,7,7,153.0,-170.0,3.0,100.0,-108.0,43.5,-108.0,-102.0,0,outdoors,grass,47.0,20.0,00-0026993,00-0007091,Josh Freeman,Matt Hasselbeck,Raheem Morris,Mike Munchak,Bill Leavy,NAS00,LP Field
2011_13_CAR_TB,2011,REG,13,2011-12-04,Sunday,13:00,CAR,38.0,TB,19.0,Home,-19.0,57.0,0.0,2011120407,55348.0,,201112040tam,2239.0,311204027,,7,7,-135.0,122.0,-1.0,-125.0,115.0,45.5,100.0,-110.0,1,outdoors,grass,79.0,13.0,00-0027939,00-0026300,Cam Newton,Josh Johnson,Ron Rivera,Raheem Morris,Gene Steratore,TAM00,Raymond James Stadium
2011_14_TB_JAX,2011,REG,14,2011-12-11,Sunday,13:00,TB,14.0,JAX,41.0,Home,27.0,55.0,0.0,2011121108,55362.0,,201112110jax,2257.0,311211030,,7,6,-146.0,132.0,-3.0,110.0,-119.0,41.5,-101.0,-109.0,0,outdoors,grass,58.0,12.0,00-0026993,00-0027948,Josh Freeman,Blaine Gabbert,Raheem Morris,Mel Tucker,Jerome Boger,JAX00,EverBank Field
2011_15_DAL_TB,2011,REG,15,2011-12-17,Saturday,20:20,DAL,31.0,TB,15.0,Home,-16.0,46.0,0.0,2011121700,55373.0,,201112170tam,2267.0,311217027,,6,6,-335.0,293.0,-7.0,-110.0,102.0,47.0,101.0,-111.0,0,outdoors,grass,66.0,3.0,00-0021678,00-0026993,Tony Romo,Josh Freeman,Jason Garrett,Raheem Morris,Terry McAulay,TAM00,Raymond James Stadium
2011_16_TB_CAR,2011,REG,16,2011-12-24,Saturday,13:00,TB,16.0,CAR,48.0,Home,32.0,64.0,0.0,2011122407,55391.0,,201112240car,2289.0,311224029,,7,6,305.0,-350.0,9.0,-120.0,111.0,48.5,-108.0,-102.0,1,outdoors,grass,51.0,9.0,00-0026993,00-0027939,Josh Freeman,Cam Newton,Raheem Morris,Ron Rivera,Carl Cheffers,CAR00,Bank of America Stadium
2011_17_TB_ATL,2011,REG,17,2012-01-01,Sunday,16:15,TB,24.0,ATL,45.0,Home,21.0,69.0,0.0,2012010110,55404.0,,201201010atl,2304.0,320101001,,8,6,400.0,-470.0,10.0,108.0,-117.0,45.5,-102.0,-108.0,1,dome,fieldturf,,,00-0026993,00-0026143,Josh Freeman,Matt Ryan,Raheem Morris,Mike Smith,Scott Green,ATL00,Georgia Dome
2012_01_CAR_TB,2012,REG,1,2012-09-09,Sunday,16:25,CAR,10.0,TB,16.0,Home,6.0,26.0,0.0,2012090911,55516.0,,201209090tam,2393.0,320909027,,7,7,-161.0,145.0,-3.0,-106.0,-102.0,45.5,-106.0,-104.0,1,outdoors,grass,83.0,15.0,00-0027939,00-0026993,Cam Newton,Josh Freeman,Ron Rivera,Greg Schiano,Jerry Hughes,TAM00,Raymond James Stadium
2012_02_TB_NYG,2012,REG,2,2012-09-16,Sunday,13:00,TB,34.0,NYG,41.0,Home,7.0,75.0,0.0,2012091600,55527.0,,201209160nyg,2418.0,320916019,,7,11,314.0,-360.0,9.0,-120.0,111.0,43.5,-106.0,-104.0,0,outdoors,fieldturf,73.0,1.0,00-0026993,00-0022803,Josh Freeman,Eli Manning,Greg Schiano,Tom Coughlin,Jim Core,NYC01,MetLife Stadium
2012_03_TB_DAL,2012,REG,3,2012-09-23,Sunday,13:00,TB,10.0,DAL,16.0,Home,6.0,26.0,0.0,2012092300,55539.0,,201209230dal,2436.0,320923006,,7,7,301.0,-345.0,7.0,102.0,-110.0,45.5,-102.0,-108.0,0,closed,matrixturf,,,00-0026993,00-0021678,Josh Freeman,Tony Romo,Greg Schiano,Jason Garrett,Robert Dalton,DAL00,Cowboys Stadium
2012_04_WAS_TB,2012,REG,4,2012-09-30,Sunday,16:25,WAS,24.0,TB,22.0,Home,-2.0,46.0,0.0,2012093011,55561.0,,201209300tam,2451.0,320930027,,7,7,122.0,-135.0,1.5,111.0,-120.0,44.5,-108.0,-102.0,0,outdoors,grass,89.0,11.0,00-0029665,00-0026993,Robert Griffin,Josh Freeman,Mike Shanahan,Greg Schiano,Alberto Riveron,TAM00,Raymond James Stadium
2012_06_KC_TB,2012,REG,6,2012-10-14,Sunday,13:00,KC,10.0,TB,38.0,Home,28.0,48.0,0.0,2012101401,55588.0,,201210140tam,2474.0,321014027,,7,14,210.0,-235.0,5.0,-103.0,-105.0,39.5,-108.0,-102.0,0,outdoors,grass,85.0,9.0,00-0025409,00-0026993,Brady Quinn,Josh Freeman,Romeo Crennel,Greg Schiano,Walt Coleman,TAM00,Raymond James Stadium
2012_07_NO_TB,2012,REG,7,2012-10-21,Sunday,13:00,NO,35.0,TB,28.0,Home,-7.0,63.0,0.0,2012102103,55603.0,,201210210tam,2488.0,321021027,,14,7,-116.0,105.0,-1.0,-108.0,100.0,49.5,-107.0,-103.0,1,outdoors,grass,77.0,8.0,00-0020531,00-0026993,Drew Brees,Josh Freeman,Aaron Kromer,Greg Schiano,Jerome Boger,TAM00,Raymond James Stadium
2012_08_TB_MIN,2012,REG,8,2012-10-25,Thursday,20:20,TB,36.0,MIN,17.0,Home,-19.0,53.0,0.0,2012102500,55608.0,,201210250min,2494.0,321025016,,4,4,210.0,-235.0,5.0,-104.0,-104.0,43.0,-105.0,-105.0,0,dome,sportturf,,,00-0026993,00-0027950,Josh Freeman,Christian Ponder,Greg Schiano,Leslie Frazier,Ron Winter,MIN00,Mall of America Field
2012_09_TB_OAK,2012,REG,9,2012-11-04,Sunday,16:05,TB,42.0,OAK,32.0,Home,-10.0,74.0,0.0,2012110409,55631.0,,201211040rai,2520.0,321104013,,10,7,101.0,-111.0,1.0,-103.0,-105.0,47.0,100.0,-110.0,0,outdoors,grass,71.0,7.0,00-0026993,00-0021429,Josh Freeman,Carson Palmer,Greg Schiano,Dennis Allen,Walt Anderson,OAK00,O.co Coliseum
2012_10_SD_TB,2012,REG,10,2012-11-11,Sunday,13:00,SD,24.0,TB,34.0,Home,10.0,58.0,0.0,2012111101,55644.0,,201211110tam,2532.0,321111027,,10,7,152.0,-168.0,3.0,102.0,-110.0,46.5,-102.0,-108.0,0,outdoors,grass,80.0,10.0,00-0022942,00-0026993,Philip Rivers,Josh Freeman,Norv Turner,Greg Schiano,Bill Vinovich,TAM00,Raymond James Stadium
2012_11_TB_CAR,2012,REG,11,2012-11-18,Sunday,13:00,TB,27.0,CAR,21.0,Home,-6.0,48.0,1.0,2012111803,55652.0,,201211180car,2548.0,321118029,,7,7,-110.0,100.0,-1.0,-103.0,-105.0,46.0,-105.0,-105.0,1,outdoors,grass,53.0,9.0,00-0026993,00-0027939,Josh Freeman,Cam Newton,Greg Schiano,Ron Rivera,Bill Leavy,CAR00,Bank of America Stadium
2012_12_ATL_TB,2012,REG,12,2012-11-25,Sunday,13:00,ATL,24.0,TB,23.0,Home,-1.0,47.0,0.0,2012112506,55674.0,,201211250tam,2553.0,321125027,,7,7,-116.0,105.0,-1.0,-108.0,100.0,50.5,-103.0,-107.0,1,outdoors,grass,65.0,7.0,00-0026143,00-0026993,Matt Ryan,Josh Freeman,Mike Smith,Greg Schiano,Jeff Triplette,TAM00,Raymond James Stadium
2012_13_TB_DEN,2012,REG,13,2012-12-02,Sunday,16:05,TB,23.0,DEN,31.0,Home,8.0,54.0,0.0,2012120209,55690.0,,201212020den,2580.0,321202007,,7,7,346.0,-400.0,9.5,-121.0,112.0,50.0,-105.0,-105.0,0,outdoors,grass,64.0,4.0,00-0026993,00-0010346,Josh Freeman,Peyton Manning,Greg Schiano,John Fox,Terry McAulay,DEN00,Sports Authority Field at Mile High
2012_14_PHI_TB,2012,REG,14,2012-12-09,Sunday,13:00,PHI,23.0,TB,21.0,Home,-2.0,44.0,0.0,2012120907,55705.0,,201212090tam,2593.0,321209027,,7,7,289.0,-330.0,8.0,-125.0,115.0,47.5,100.0,-110.0,0,outdoors,grass,69.0,1.0,00-0029567,00-0026993,Nick Foles,Josh Freeman,Andy Reid,Greg Schiano,Ron Winter,TAM00,Raymond James Stadium
2012_15_TB_NO,2012,REG,15,2012-12-16,Sunday,13:00,TB,0.0,NO,41.0,Home,41.0,41.0,0.0,2012121602,55719.0,,201212160nor,2611.0,321216018,,7,7,173.0,-192.0,3.5,-104.0,-104.0,54.5,-105.0,-105.0,1,dome,sportturf,,,00-0026993,00-0020531,Josh Freeman,Drew Brees,Greg Schiano,Joe Vitt,Mike Carey,NOR00,Mercedes-Benz Superdome
2012_16_STL_TB,2012,REG,16,2012-12-23,Sunday,13:00,STL,28.0,TB,13.0,Home,-15.0,41.0,0.0,2012122308,55739.0,,201212230tam,2627.0,321223027,,7,7,140.0,-155.0,3.0,-105.0,-103.0,43.5,-102.0,-108.0,0,outdoors,grass,59.0,8.0,00-0027854,00-0026993,Sam Bradford,Josh Freeman,Jeff Fisher,Greg Schiano,Scott Green,TAM00,Raymond James Stadium
2012_17_TB_ATL,2012,REG,17,2012-12-30,Sunday,13:00,TB,22.0,ATL,17.0,Home,-5.0,39.0,0.0,2012123010,55744.0,,201212300atl,2645.0,321230001,,7,8,131.0,-145.0,3.0,-115.0,106.0,46.0,-110.0,100.0,1,dome,fieldturf,,,00-0026993,00-0026143,Josh Freeman,Matt Ryan,Greg Schiano,Mike Smith,Carl Cheffers,ATL00,Georgia Dome
2013_01_TB_NYJ,2013,REG,1,2013-09-08,Sunday,13:00,TB,17.0,NYJ,18.0,Home,1.0,35.0,0.0,2013090807,55846.0,,201309080nyj,2751.0,330908020,,7,7,-199.0,179.0,-4.0,-110.0,100.0,40.0,106.0,-117.0,0,outdoors,fieldturf,82.0,9.0,00-0026993,00-0030565,Josh Freeman,Geno Smith,Greg Schiano,Rex Ryan,Ed Hochuli,NYC01,MetLife Stadium
2013_02_NO_TB,2013,REG,2,2013-09-15,Sunday,16:05,NO,16.0,TB,14.0,Home,-2.0,30.0,0.0,2013091510,55864.0,,201309150tam,2769.0,330915027,,7,7,-158.0,143.0,-3.0,-114.0,103.0,48.5,-110.0,100.0,1,outdoors,grass,93.0,8.0,00-0020531,00-0026993,Drew Brees,Josh Freeman,Sean Payton,Greg Schiano,Bill Leavy,TAM00,Raymond James Stadium
2013_03_TB_NE,2013,REG,3,2013-09-22,Sunday,13:00,TB,3.0,NE,23.0,Home,20.0,26.0,0.0,2013092206,55875.0,,201309220nwe,2780.0,330922017,,7,10,285.0,-325.0,7.5,-117.0,106.0,44.5,-105.0,-105.0,0,outdoors,fieldturf,65.0,9.0,00-0026993,00-0019596,Josh Freeman,Tom Brady,Greg Schiano,Bill Belichick,Jeff Triplette,BOS00,Gillette Stadium
2013_04_ARI_TB,2013,REG,4,2013-09-29,Sunday,13:00,ARI,13.0,TB,10.0,Home,-3.0,23.0,0.0,2013092907,55893.0,,201309290tam,2798.0,330929027,,7,7,121.0,-134.0,2.5,102.0,-113.0,40.0,-102.0,-108.0,0,outdoors,grass,84.0,5.0,00-0021429,00-0030520,Carson Palmer,Mike Glennon,Bruce Arians,Greg Schiano,Gene Steratore,TAM00,Raymond James Stadium
2013_06_PHI_TB,2013,REG,6,2013-10-13,Sunday,13:00,PHI,31.0,TB,20.0,Home,-11.0,51.0,0.0,2013101307,55922.0,,201310130tam,2827.0,331013027,,7,14,-139.0,126.0,-2.5,-115.0,104.0,44.5,-102.0,-108.0,0,outdoors,grass,82.0,3.0,00-0029567,00-0030520,Nick Foles,Mike Glennon,Chip Kelly,Greg Schiano,Clete Blakeman,TAM00,Raymond James Stadium
2013_07_TB_ATL,2013,REG,7,2013-10-20,Sunday,13:00,TB,23.0,ATL,31.0,Home,8.0,54.0,0.0,2013102000,55930.0,,201310200atl,2835.0,331020001,,7,13,222.0,-250.0,6.0,-105.0,-105.0,43.0,-105.0,-105.0,1,dome,fieldturf,,,00-0030520,00-0026143,Mike Glennon,Matt Ryan,Greg Schiano,Mike Smith,Walt Anderson,ATL00,Georgia Dome
2013_08_CAR_TB,2013,REG,8,2013-10-24,Thursday,20:25,CAR,31.0,TB,13.0,Home,-18.0,44.0,0.0,2013102400,55944.0,,201310240tam,2849.0,331024027,,4,4,-270.0,239.0,-6.5,-106.0,-104.0,39.0,-108.0,-102.0,1,outdoors,grass,70.0,5.0,00-0027939,00-0030520,Cam Newton,Mike Glennon,Ron Rivera,Greg Schiano,Jerome Boger,TAM00,Raymond James Stadium
2013_09_TB_SEA,2013,REG,9,2013-11-03,Sunday,16:05,TB,24.0,SEA,27.0,Home,3.0,51.0,1.0,2013110307,55965.0,,201311030sea,2870.0,331103026,,10,6,1025.0,-1500.0,16.0,102.0,-113.0,40.0,-105.0,-105.0,0,outdoors,fieldturf,48.0,4.0,00-0030520,00-0029263,Mike Glennon,Russell Wilson,Greg Schiano,Pete Carroll,Mike Carey,SEA00,CenturyLink Field
2013_10_MIA_TB,2013,REG,10,2013-11-11,Monday,20:30,MIA,19.0,TB,22.0,Home,3.0,41.0,0.0,2013111100,55983.0,,201311110tam,2888.0,331111027,,11,8,-125.0,113.0,-1.0,-120.0,109.0,39.0,100.0,-110.0,0,outdoors,grass,73.0,5.0,00-0029701,00-0030520,Ryan Tannehill,Mike Glennon,Joe Philbin,Greg Schiano,Jeff Triplette,TAM00,Raymond James Stadium
2013_11_ATL_TB,2013,REG,11,2013-11-17,Sunday,13:00,ATL,28.0,TB,41.0,Home,13.0,69.0,0.0,2013111708,55993.0,,201311170tam,2898.0,331117027,,7,6,115.0,-127.0,1.0,109.0,-120.0,44.0,-105.0,-105.0,1,outdoors,grass,79.0,6.0,00-0026143,00-0030520,Matt Ryan,Mike Glennon,Mike Smith,Greg Schiano,Ed Hochuli,TAM00,Raymond James Stadium
2013_12_TB_DET,2013,REG,12,2013-11-24,Sunday,13:00,TB,24.0,DET,21.0,Home,-3.0,45.0,0.0,2013112402,56002.0,,201311240det,2907.0,331124008,,7,7,273.0,-310.0,7.0,-118.0,107.0,48.5,100.0,-110.0,0,dome,fieldturf,,,00-0030520,00-0026498,Mike Glennon,Matthew Stafford,Greg Schiano,Jim Schwartz,Clete Blakeman,DET00,Ford Field
2013_13_TB_CAR,2013,REG,13,2013-12-01,Sunday,13:00,TB,6.0,CAR,27.0,Home,21.0,33.0,0.0,2013120100,56016.0,,201312010car,2921.0,331201029,,7,7,293.0,-335.0,7.5,-113.0,102.0,41.0,-105.0,-105.0,1,outdoors,grass,56.0,2.0,00-0030520,00-0027939,Mike Glennon,Cam Newton,Greg Schiano,Ron Rivera,Ron Winter,CAR00,Bank of America Stadium
2013_14_BUF_TB,2013,REG,14,2013-12-08,Sunday,13:00,BUF,6.0,TB,27.0,Home,21.0,33.0,0.0,2013120807,56037.0,,201312080tam,2942.0,331208027,,7,7,160.0,-178.0,3.0,107.0,-118.0,42.5,-104.0,-106.0,0,outdoors,grass,82.0,13.0,00-0030526,00-0030520,EJ Manuel,Mike Glennon,Doug Marrone,Greg Schiano,Bill Vinovich,TAM00,Raymond James Stadium
2013_15_SF_TB,2013,REG,15,2013-12-15,Sunday,13:00,SF,33.0,TB,14.0,Home,-19.0,47.0,0.0,2013121508,56054.0,,201312150tam,2959.0,331215027,,7,7,-219.0,196.0,-4.5,-107.0,-103.0,41.0,-101.0,-109.0,0,outdoors,grass,70.0,7.0,00-0027974,00-0030520,Colin Kaepernick,Mike Glennon,Jim Harbaugh,Greg Schiano,Scott Green,TAM00,Raymond James Stadium
2013_16_TB_STL,2013,REG,16,2013-12-22,Sunday,13:00,TB,13.0,STL,23.0,Home,10.0,36.0,0.0,2013122208,56069.0,,201312220ram,2974.0,331222014,,7,7,155.0,-172.0,3.5,-118.0,107.0,43.0,-110.0,100.0,0,dome,astroplay,,,00-0030520,00-0024264,Mike Glennon,Kellen Clemens,Greg Schiano,Jeff Fisher,John Parry,STL00,Edward Jones Dome
2013_17_TB_NO,2013,REG,17,2013-12-29,Sunday,16:25,TB,17.0,NO,42.0,Home,25.0,59.0,0.0,2013122908,56085.0,,201312290nor,2990.0,331229018,,7,7,520.0,-630.0,11.0,-105.0,-105.0,47.0,-105.0,-105.0,1,dome,sportturf,,,00-0030520,00-0020531,Mike Glennon,Drew Brees,Greg Schiano,Sean Payton,Carl Cheffers,NOR00,Mercedes-Benz Superdome
2014_01_CAR_TB,2014,REG,1,2014-09-07,Sunday,16:25,CAR,20.0,TB,14.0,Home,-6.0,34.0,0.0,2014090711,56182.0,,201409070tam,3086.0,400554266,,7,7,201.0,-225.0,5.5,-106.0,-104.0,38.5,-108.0,-102.0,1,outdoors,grass,88.0,6.0,00-0023645,00-0021206,Derek Anderson,Josh McCown,Ron Rivera,Lovie Smith,Peter Morelli,TAM00,Raymond James Stadium
2014_02_STL_TB,2014,REG,2,2014-09-14,Sunday,16:05,STL,19.0,TB,17.0,Home,-2.0,36.0,0.0,2014091409,56196.0,,201409140tam,3100.0,400554274,,7,7,184.0,-205.0,4.0,-105.0,-105.0,37.5,-105.0,-105.0,0,outdoors,grass,88.0,8.0,00-0028957,00-0021206,Austin Davis,Josh McCown,Jeff Fisher,Lovie Smith,Jeff Triplette,TAM00,Raymond James Stadium
2014_03_TB_ATL,2014,REG,3,2014-09-18,Thursday,20:25,TB,14.0,ATL,56.0,Home,42.0,70.0,0.0,2014091800,56202.0,,201409180atl,3106.0,400554194,,4,4,245.0,-277.0,6.5,-102.0,-108.0,47.0,-103.0,-107.0,1,dome,fieldturf,,,00-0021206,00-0026143,Josh McCown,Matt Ryan,Lovie Smith,Mike Smith,Craig Wrolstad,ATL00,Georgia Dome
2014_04_TB_PIT,2014,REG,4,2014-09-28,Sunday,13:00,TB,27.0,PIT,24.0,Home,-3.0,51.0,0.0,2014092807,56225.0,,201409280pit,3129.0,400554279,,10,7,301.0,-345.0,7.5,-120.0,109.0,44.5,-105.0,-105.0,0,outdoors,grass,74.0,3.0,00-0030520,00-0022924,Mike Glennon,Ben Roethlisberger,Lovie Smith,Mike Tomlin,Walt Anderson,PIT00,Heinz Field
2014_05_TB_NO,2014,REG,5,2014-10-05,Sunday,13:00,TB,31.0,NO,37.0,Home,6.0,68.0,1.0,2014100505,56237.0,,201410050nor,3141.0,400554210,,7,7,461.0,-550.0,11.0,-107.0,-103.0,47.5,102.0,-113.0,1,dome,sportturf,,,00-0030520,00-0020531,Mike Glennon,Drew Brees,Lovie Smith,Sean Payton,Carl Cheffers,NOR00,Mercedes-Benz Superdome
2014_06_BAL_TB,2014,REG,6,2014-10-12,Sunday,13:00,BAL,48.0,TB,17.0,Home,-31.0,65.0,0.0,2014101207,56254.0,,201410120tam,3158.0,400554225,,7,7,-177.0,159.0,-3.5,104.0,-115.0,44.0,-105.0,-105.0,0,outdoors,grass,84.0,6.0,00-0026158,00-0030520,Joe Flacco,Mike Glennon,John Harbaugh,Lovie Smith,Jerome Boger,TAM00,Raymond James Stadium
2014_08_MIN_TB,2014,REG,8,2014-10-26,Sunday,13:00,MIN,19.0,TB,13.0,Home,-6.0,32.0,1.0,2014102607,56284.0,,201410260tam,3188.0,400554254,,7,14,104.0,-115.0,1.0,-102.0,-108.0,43.0,-103.0,-107.0,0,outdoors,grass,77.0,5.0,00-0031237,00-0030520,Teddy Bridgewater,Mike Glennon,Mike Zimmer,Lovie Smith,Craig Wrolstad,TAM00,Raymond James Stadium
2014_09_TB_CLE,2014,REG,9,2014-11-02,Sunday,13:00,TB,17.0,CLE,22.0,Home,5.0,39.0,0.0,2014110201,56293.0,,201411020cle,3197.0,400554334,,7,7,281.0,-320.0,7.0,-105.0,-105.0,44.0,-110.0,100.0,0,outdoors,grass,42.0,8.0,00-0030520,00-0026625,Mike Glennon,Brian Hoyer,Lovie Smith,Mike Pettine,Terry McAulay,CLE00,FirstEnergy Stadium
2014_10_ATL_TB,2014,REG,10,2014-11-09,Sunday,13:00,ATL,27.0,TB,17.0,Home,-10.0,44.0,0.0,2014110906,56311.0,,201411090tam,3215.0,400554372,,14,7,-170.0,153.0,-3.5,106.0,-117.0,47.0,-110.0,100.0,1,outdoors,grass,64.0,5.0,00-0026143,00-0021206,Matt Ryan,Josh McCown,Mike Smith,Lovie Smith,Clete Blakeman,TAM00,Raymond James Stadium
2014_11_TB_WAS,2014,REG,11,2014-11-16,Sunday,13:00,TB,27.0,WAS,7.0,Home,-20.0,34.0,0.0,2014111608,56326.0,,201411160was,3230.0,400554378,,7,14,264.0,-300.0,6.5,102.0,-113.0,45.5,-106.0,-104.0,0,outdoors,grass,45.0,6.0,00-0021206,00-0029665,Josh McCown,Robert Griffin,Lovie Smith,Jay Gruden,Bill Vinovich,WAS00,FedExField
2014_12_TB_CHI,2014,REG,12,2014-11-23,Sunday,13:00,TB,13.0,CHI,21.0,Home,8.0,34.0,0.0,2014112302,56334.0,,201411230chi,3238.0,400554333,,7,7,181.0,-202.0,4.0,100.0,-110.0,47.0,100.0,-110.0,0,outdoors,grass,54.0,12.0,00-0021206,00-0024226,Josh McCown,Jay Cutler,Lovie Smith,Marc Trestman,Walt Coleman,CHI98,Soldier Field
2014_13_CIN_TB,2014,REG,13,2014-11-30,Sunday,13:00,CIN,14.0,TB,13.0,Home,-1.0,27.0,0.0,2014113008,56357.0,,201411300tam,3261.0,400554330,,7,7,-235.0,210.0,-6.0,102.0,-113.0,43.5,-109.0,-101.0,0,outdoors,grass,77.0,7.0,00-0027973,00-0021206,Andy Dalton,Josh McCown,Marvin Lewis,Lovie Smith,Bill Leavy,TAM00,Raymond James Stadium
2014_14_TB_DET,2014,REG,14,2014-12-07,Sunday,13:00,TB,17.0,DET,34.0,Home,17.0,51.0,0.0,2014120702,56365.0,,201412070det,3269.0,400554424,,7,10,408.0,-480.0,10.5,-115.0,104.0,42.0,-102.0,-108.0,0,dome,fieldturf,,,00-0021206,00-0026498,Josh McCown,Matthew Stafford,Lovie Smith,Jim Caldwell,Jeff Triplette,DET00,Ford Field
2014_15_TB_CAR,2014,REG,15,2014-12-14,Sunday,13:00,TB,17.0,CAR,19.0,Home,2.0,36.0,0.0,2014121403,56382.0,,201412140car,3286.0,400554390,,7,7,166.0,-185.0,3.5,-107.0,-103.0,41.0,-101.0,-109.0,1,outdoors,grass,60.0,0.0,00-0021206,00-0023645,Josh McCown,Derek Anderson,Lovie Smith,Ron Rivera,Ronald Torbert,CAR00,Bank of America Stadium
2014_16_GB_TB,2014,REG,16,2014-12-21,Sunday,13:00,GB,20.0,TB,3.0,Home,-17.0,23.0,0.0,2014122107,56404.0,,201412210tam,3308.0,400554410,,7,7,-630.0,520.0,-11.5,102.0,-113.0,48.5,-108.0,-102.0,0,outdoors,grass,75.0,7.0,00-0023459,00-0021206,Aaron Rodgers,Josh McCown,Mike McCarthy,Lovie Smith,Terry McAulay,TAM00,Raymond James Stadium
2014_17_NO_TB,2014,REG,17,2014-12-28,Sunday,13:00,NO,23.0,TB,20.0,Home,-3.0,43.0,0.0,2014122810,56420.0,,201412280tam,3324.0,400554443,,7,7,-242.0,216.0,-6.0,-102.0,-108.0,47.0,-102.0,-108.0,1,outdoors,grass,79.0,6.0,00-0020531,00-0021206,Drew Brees,Josh McCown,Sean Payton,Lovie Smith,Brad Allen,TAM00,Raymond James Stadium
2015_01_TEN_TB,2015,REG,1,2015-09-13,Sunday,16:25,TEN,42.0,TB,14.0,Home,-28.0,56.0,0.0,2015091311,56515.0,,201509130tam,3418.0,400791582,,7,7,140.0,-155.0,3.0,-104.0,-106.0,40.5,-102.0,-108.0,0,outdoors,grass,84.0,8.0,00-0032268,00-0031503,Marcus Mariota,Jameis Winston,Ken Whisenhunt,Lovie Smith,John Hussey,TAM00,Raymond James Stadium
2015_02_TB_NO,2015,REG,2,2015-09-20,Sunday,13:00,TB,26.0,NO,19.0,Home,-7.0,45.0,0.0,2015092008,56526.0,,201509200nor,3424.0,400791634,,7,7,354.0,-410.0,9.5,-110.0,100.0,47.0,-101.0,-109.0,1,dome,sportturf,,,00-0031503,00-0020531,Jameis Winston,Drew Brees,Lovie Smith,Sean Payton,Carl Cheffers,NOR00,Mercedes-Benz Superdome
2015_03_TB_HOU,2015,REG,3,2015-09-27,Sunday,13:00,TB,9.0,HOU,19.0,Home,10.0,28.0,0.0,2015092703,56540.0,,201509270htx,3443.0,400791589,,7,7,225.0,-253.0,6.0,-105.0,-105.0,41.0,102.0,-113.0,0,closed,fieldturf,,,00-0031503,00-0028012,Jameis Winston,Ryan Mallett,Lovie Smith,Bill O'Brien,Bill Vinovich,HOU00,NRG Stadium
2015_04_CAR_TB,2015,REG,4,2015-10-04,Sunday,13:00,CAR,37.0,TB,23.0,Home,-14.0,60.0,0.0,2015100406,56558.0,,201510040tam,3460.0,400791701,,7,7,-145.0,131.0,-3.0,100.0,-110.0,40.0,-110.0,-100.0,1,outdoors,grass,74.0,5.0,00-0027939,00-0031503,Cam Newton,Jameis Winston,Ron Rivera,Lovie Smith,Gene Steratore,TAM00,Raymond James Stadium
2015_05_JAX_TB,2015,REG,5,2015-10-11,Sunday,13:00,JAX,31.0,TB,38.0,Home,7.0,69.0,0.0,2015101104,56573.0,,201510110tam,3473.0,400791498,,7,7,104.0,-115.0,1.0,-103.0,-107.0,41.0,-110.0,100.0,0,outdoors,grass,84.0,9.0,00-0031407,00-0031503,Blake Bortles,Jameis Winston,Gus Bradley,Lovie Smith,Jerome Boger,TAM00,Raymond James Stadium
2015_07_TB_WAS,2015,REG,7,2015-10-25,Sunday,13:00,TB,30.0,WAS,31.0,Home,1.0,61.0,0.0,2015102505,56603.0,,201510250was,3505.0,400791511,,14,7,136.0,-150.0,3.0,-110.0,100.0,42.0,-107.0,-103.0,0,outdoors,grass,64.0,5.0,00-0031503,00-0029604,Jameis Winston,Kirk Cousins,Lovie Smith,Jay Gruden,Jeff Triplette,WAS00,FedExField
2015_08_TB_ATL,2015,REG,8,2015-11-01,Sunday,13:00,TB,23.0,ATL,20.0,Home,-3.0,43.0,1.0,2015110105,56610.0,,201511010atl,3518.0,400791605,,7,7,346.0,-400.0,8.0,-114.0,103.0,47.5,100.0,-110.0,1,dome,fieldturf,,,00-0031503,00-0026143,Jameis Winston,Matt Ryan,Lovie Smith,Dan Quinn,Ron Torbert,ATL00,Georgia Dome
2015_09_NYG_TB,2015,REG,9,2015-11-08,Sunday,16:05,NYG,32.0,TB,18.0,Home,-14.0,50.0,0.0,2015110807,56631.0,,201511080tam,3534.0,400791731,,7,7,-115.0,104.0,-1.5,-102.0,-108.0,49.0,101.0,-111.0,0,outdoors,grass,80.0,3.0,00-0022803,00-0031503,Eli Manning,Jameis Winston,Tom Coughlin,Lovie Smith,Clete Blakeman,TAM00,Raymond James Stadium
2015_10_DAL_TB,2015,REG,10,2015-11-15,Sunday,13:00,DAL,6.0,TB,10.0,Home,4.0,16.0,0.0,2015111502,56641.0,,201511150tam,3543.0,400791494,,7,7,-109.0,-101.0,-1.0,-102.0,-108.0,43.5,104.0,-115.0,0,outdoors,grass,79.0,13.0,00-0023662,00-0031503,Matt Cassel,Jameis Winston,Jason Garrett,Lovie Smith,Bill Vinovich,TAM00,Raymond James Stadium
2015_11_TB_PHI,2015,REG,11,2015-11-22,Sunday,13:00,TB,45.0,PHI,17.0,Home,-28.0,62.0,0.0,2015112204,56658.0,,201511220phi,3556.0,400791668,,7,7,270.0,-307.0,7.0,-113.0,102.0,46.0,-105.0,-105.0,0,outdoors,grass,48.0,15.0,00-0031503,00-0026898,Jameis Winston,Mark Sanchez,Lovie Smith,Chip Kelly,Brad Allen,PHI00,Lincoln Financial Field
2015_12_TB_IND,2015,REG,12,2015-11-29,Sunday,13:00,TB,12.0,IND,25.0,Home,13.0,37.0,0.0,2015112904,56669.0,,201511290clt,3575.0,400791505,,7,7,120.0,-133.0,3.0,-127.0,115.0,46.5,-107.0,-103.0,0,closed,fieldturf,,,00-0031503,00-0007091,Jameis Winston,Matt Hasselbeck,Lovie Smith,Chuck Pagano,Walt Coleman,IND00,Lucas Oil Stadium
2015_13_ATL_TB,2015,REG,13,2015-12-06,Sunday,13:00,ATL,19.0,TB,23.0,Home,4.0,42.0,0.0,2015120608,56688.0,,201512060tam,3588.0,400791579,,7,7,104.0,-115.0,1.0,-101.0,-109.0,46.5,-106.0,-104.0,1,outdoors,grass,79.0,18.0,00-0026143,00-0031503,Matt Ryan,Jameis Winston,Dan Quinn,Lovie Smith,Ed Hochuli,TAM00,Raymond James Stadium
2015_14_NO_TB,2015,REG,14,2015-12-13,Sunday,13:00,NO,24.0,TB,17.0,Home,-7.0,41.0,0.0,2015121308,56706.0,,201512130tam,3606.0,400791539,,7,7,220.0,-247.0,6.0,-102.0,-108.0,52.0,-106.0,-104.0,1,outdoors,grass,81.0,15.0,00-0020531,00-0031503,Drew Brees,Jameis Winston,Sean Payton,Lovie Smith,Clete Blakeman,TAM00,Raymond James Stadium
2015_15_TB_STL,2015,REG,15,2015-12-17,Thursday,20:25,TB,23.0,STL,31.0,Home,8.0,54.0,0.0,2015121700,56711.0,,201512170ram,3614.0,400791650,,4,4,-105.0,-105.0,1.0,-113.0,102.0,41.0,-106.0,-104.0,0,dome,astroplay,,,00-0031503,00-0028986,Jameis Winston,Case Keenum,Lovie Smith,Jeff Fisher,Jerome Boger,STL00,Edward Jones Dome
2015_16_CHI_TB,2015,REG,16,2015-12-27,Sunday,13:00,CHI,26.0,TB,21.0,Home,-5.0,47.0,0.0,2015122708,56737.0,,201512270tam,3638.0,400791538,,7,10,161.0,-179.0,3.0,111.0,-123.0,44.0,-102.0,-108.0,0,outdoors,grass,83.0,13.0,00-0024226,00-0031503,Jay Cutler,Jameis Winston,John Fox,Lovie Smith,Peter Morelli,TAM00,Raymond James Stadium
2015_17_TB_CAR,2015,REG,17,2016-01-03,Sunday,16:25,TB,10.0,CAR,38.0,Home,28.0,48.0,0.0,2016010312,56745.0,,201601030car,3653.0,400791610,,7,7,347.0,-402.0,10.0,-118.0,107.0,44.0,-110.0,100.0,1,outdoors,grass,54.0,4.0,00-0031503,00-0027939,Jameis Winston,Cam Newton,Lovie Smith,Ron Rivera,Jerome Boger,CAR00,Bank of America Stadium
2016_01_TB_ATL,2016,REG,1,2016-09-11,Sunday,13:00,TB,31.0,ATL,24.0,Home,-7.0,55.0,0.0,2016091100,56902.0,,201609110atl,4095.0,400874522,,7,7,120.0,-133.0,2.5,-102.0,-108.0,46.5,-105.0,-105.0,1,dome,fieldturf,,,00-0031503,00-0026143,Jameis Winston,Matt Ryan,Dirk Koetter,Dan Quinn,Jeff Triplette,ATL00,Georgia Dome
2016_02_TB_ARI,2016,REG,2,2016-09-18,Sunday,13:00,TB,7.0,ARI,40.0,Home,33.0,47.0,0.0,2016091808,56926.0,,201609180crd,4110.0,400874515,,7,7,289.0,-330.0,7.5,-119.0,108.0,49.5,-105.0,-105.0,0,closed,grass,,,00-0031503,00-0021429,Jameis Winston,Carson Palmer,Dirk Koetter,Bruce Arians,Ron Torbert,PHO00,University of Phoenix Stadium
2016_03_LA_TB,2016,REG,3,2016-09-25,Sunday,16:05,LA,37.0,TB,32.0,Home,-5.0,69.0,0.0,2016092509,56943.0,,201609250tam,4136.0,400874618,,7,7,156.0,-173.0,3.5,-103.0,-107.0,40.5,-104.0,-106.0,0,outdoors,grass,91.0,4.0,00-0028986,00-0031503,Case Keenum,Jameis Winston,Jeff Fisher,Dirk Koetter,Ed Hochuli,TAM00,Raymond James Stadium
2016_04_DEN_TB,2016,REG,4,2016-10-02,Sunday,16:05,DEN,27.0,TB,7.0,Home,-20.0,34.0,0.0,2016100208,56958.0,,201610020tam,4151.0,400874669,,7,7,-173.0,156.0,-3.5,102.0,-113.0,43.0,-106.0,-104.0,0,outdoors,grass,88.0,7.0,00-0032156,00-0031503,Trevor Siemian,Jameis Winston,Gary Kubiak,Dirk Koetter,Jerome Boger,TAM00,Raymond James Stadium
2016_05_TB_CAR,2016,REG,5,2016-10-10,Monday,20:30,TB,17.0,CAR,14.0,Home,-3.0,31.0,0.0,2016101000,56977.0,,201610100car,4170.0,400874648,,8,8,217.0,-244.0,6.0,-107.0,-103.0,46.5,-116.0,105.0,1,outdoors,grass,66.0,7.0,00-0031503,00-0023645,Jameis Winston,Derek Anderson,Dirk Koetter,Ron Rivera,Clete Blakeman,CAR00,Bank of America Stadium
2016_07_TB_SF,2016,REG,7,2016-10-23,Sunday,16:05,TB,34.0,SF,17.0,Home,-17.0,51.0,0.0,2016102310,57004.0,,201610230sfo,4186.0,400874503,,13,7,104.0,-115.0,1.0,-103.0,-107.0,45.0,-104.0,-106.0,0,outdoors,grass,68.0,5.0,00-0031503,00-0027974,Jameis Winston,Colin Kaepernick,Dirk Koetter,Chip Kelly,Peter Morelli,SFO01,Levi's Stadium
2016_08_OAK_TB,2016,REG,8,2016-10-30,Sunday,13:00,OAK,30.0,TB,24.0,Home,-6.0,54.0,1.0,2016103007,57016.0,,201610300tam,4209.0,400874561,,7,7,106.0,-117.0,1.0,-100.0,-110.0,48.0,111.0,-123.0,0,outdoors,grass,86.0,15.0,00-0031280,00-0031503,Derek Carr,Jameis Winston,Jack Del Rio,Dirk Koetter,Terry McAulay,TAM00,Raymond James Stadium
2016_09_ATL_TB,2016,REG,9,2016-11-03,Thursday,20:25,ATL,43.0,TB,28.0,Home,-15.0,71.0,0.0,2016110300,57021.0,,201611030tam,4214.0,400874605,,4,4,-205.0,184.0,-4.5,-103.0,-107.0,49.0,-110.0,-100.0,1,outdoors,grass,76.0,2.0,00-0026143,00-0031503,Matt Ryan,Jameis Winston,Dan Quinn,Dirk Koetter,Ron Torbert,TAM00,Raymond James Stadium
2016_10_CHI_TB,2016,REG,10,2016-11-13,Sunday,13:00,CHI,10.0,TB,36.0,Home,26.0,46.0,0.0,2016111306,57040.0,,201611130tam,4233.0,400874578,,13,10,-145.0,131.0,-2.5,-117.0,106.0,45.0,105.0,-116.0,0,outdoors,grass,81.0,4.0,00-0024226,00-0031503,Jay Cutler,Jameis Winston,John Fox,Dirk Koetter,Walt Coleman,TAM00,Raymond James Stadium
2016_11_TB_KC,2016,REG,11,2016-11-20,Sunday,13:00,TB,19.0,KC,17.0,Home,-2.0,36.0,0.0,2016112005,57054.0,,201611200kan,4248.0,400874649,,7,7,256.0,-290.0,7.0,-117.0,106.0,45.0,-105.0,-105.0,0,outdoors,grass,46.0,9.0,00-0031503,00-0023436,Jameis Winston,Alex Smith,Dirk Koetter,Andy Reid,Ed Hochuli,KAN00,Arrowhead Stadium
2016_12_SEA_TB,2016,REG,12,2016-11-27,Sunday,16:05,SEA,5.0,TB,14.0,Home,9.0,19.0,0.0,2016112708,57073.0,,201611270tam,4266.0,400874665,,7,7,-220.0,197.0,-5.0,-100.0,-110.0,46.0,-105.0,-105.0,0,outdoors,grass,81.0,6.0,00-0029263,00-0031503,Russell Wilson,Jameis Winston,Pete Carroll,Dirk Koetter,Bill Vinovich,TAM00,Raymond James Stadium
2016_13_TB_SD,2016,REG,13,2016-12-04,Sunday,16:25,TB,28.0,SD,21.0,Home,-7.0,49.0,0.0,2016120411,57090.0,,201612040sdg,4283.0,400874727,,7,7,166.0,-185.0,3.5,-113.0,102.0,49.0,-101.0,-109.0,0,outdoors,grass,72.0,7.0,00-0031503,00-0022942,Jameis Winston,Philip Rivers,Dirk Koetter,Mike McCoy,John Hussey,SDG00,Qualcomm Stadium
2016_14_NO_TB,2016,REG,14,2016-12-11,Sunday,16:25,NO,11.0,TB,16.0,Home,5.0,27.0,0.0,2016121108,57102.0,,201612110tam,4295.0,400874550,,7,7,116.0,-128.0,2.0,-100.0,-110.0,52.0,-105.0,-105.0,1,outdoors,grass,79.0,9.0,00-0020531,00-0031503,Drew Brees,Jameis Winston,Sean Payton,Dirk Koetter,Walt Anderson,TAM00,Raymond James Stadium
2016_15_TB_DAL,2016,REG,15,2016-12-18,Sunday,20:30,TB,20.0,DAL,26.0,Home,6.0,46.0,0.0,2016121803,57114.0,,201612180dal,4314.0,400874679,,7,7,260.0,-295.0,7.0,-113.0,102.0,47.5,-116.0,105.0,0,closed,matrixturf,,,00-0031503,00-0033077,Jameis Winston,Dak Prescott,Dirk Koetter,Jason Garrett,Terry McAulay,DAL00,AT&T Stadium
2016_16_TB_NO,2016,REG,16,2016-12-24,Saturday,16:25,TB,24.0,NO,31.0,Home,7.0,55.0,0.0,2016122407,57133.0,,201612240nor,4326.0,400874513,,6,6,153.0,-170.0,3.0,106.0,-117.0,53.0,-107.0,-103.0,1,dome,sportturf,,,00-0031503,00-0020531,Jameis Winston,Drew Brees,Dirk Koetter,Sean Payton,Jerome Boger,NOR00,Mercedes-Benz Superdome
2016_17_CAR_TB,2016,REG,17,2017-01-01,Sunday,13:00,CAR,16.0,TB,17.0,Home,1.0,33.0,0.0,2017010109,57150.0,,201701010tam,4343.0,400874635,,8,8,171.0,-190.0,3.5,-100.0,-110.0,44.5,-110.0,100.0,1,outdoors,grass,81.0,6.0,00-0027939,00-0031503,Cam Newton,Jameis Winston,Ron Rivera,Dirk Koetter,Carl Cheffers,TAM00,Raymond James Stadium
2017_02_CHI_TB,2017,REG,2,2017-09-17,Sunday,13:00,CHI,7.0,TB,29.0,Home,22.0,36.0,0.0,2017091707,57258.0,,201709170tam,7941.0,400951645,,7,14,270.0,-307.0,7.0,-100.0,-110.0,44.0,-110.0,-100.0,0,outdoors,grass,88.0,7.0,00-0030520,00-0031503,Mike Glennon,Jameis Winston,John Fox,Dirk Koetter,Ron Torbert,TAM00,Raymond James Stadium
2017_03_TB_MIN,2017,REG,3,2017-09-24,Sunday,13:00,TB,17.0,MIN,34.0,Home,17.0,51.0,0.0,2017092406,57273.0,,201709240min,7964.0,400951604,,7,7,-104.0,-106.0,-0.0,-100.0,-110.0,41.0,100.0,-110.0,0,dome,sportturf,,,00-0031503,00-0028986,Jameis Winston,Case Keenum,Dirk Koetter,Mike Zimmer,John Hussey,MIN01,U.S. Bank Stadium
2017_04_NYG_TB,2017,REG,4,2017-10-01,Sunday,16:05,NYG,23.0,TB,25.0,Home,2.0,48.0,0.0,2017100111,57294.0,,201710010tam,7980.0,400951742,,7,7,126.0,-139.0,2.5,-103.0,-107.0,46.0,-108.0,-102.0,0,outdoors,grass,91.0,8.0,00-0022803,00-0031503,Eli Manning,Jameis Winston,Ben McAdoo,Dirk Koetter,Craig Wrolstad,TAM00,Raymond James Stadium
2017_05_NE_TB,2017,REG,5,2017-10-05,Thursday,20:25,NE,19.0,TB,14.0,Home,-5.0,33.0,0.0,2017100500,57298.0,,201710050tam,7986.0,400951552,,4,4,-180.0,162.0,-3.5,-100.0,-110.0,54.5,-103.0,-107.0,0,outdoors,grass,76.0,9.0,00-0019596,00-0031503,Tom Brady,Jameis Winston,Bill Belichick,Dirk Koetter,Carl Cheffers,TAM00,Raymond James Stadium
2017_06_TB_ARI,2017,REG,6,2017-10-15,Sunday,16:05,TB,33.0,ARI,38.0,Home,5.0,71.0,0.0,2017101507,57320.0,,201710150crd,8009.0,400951770,,10,7,-134.0,121.0,-2.5,-115.0,104.0,46.5,-105.0,-105.0,0,closed,grass,,,00-0031503,00-0021429,Jameis Winston,Carson Palmer,Dirk Koetter,Bruce Arians,Tony Steratore,PHO00,University of Phoenix Stadium
2017_07_TB_BUF,2017,REG,7,2017-10-22,Sunday,13:00,TB,27.0,BUF,30.0,Home,3.0,57.0,0.0,2017102200,57327.0,,201710220buf,8022.0,400951575,,7,14,150.0,-166.0,3.0,105.0,-116.0,46.5,-108.0,-102.0,0,outdoors,a_turf,74.0,9.0,00-0031503,00-0028118,Jameis Winston,Tyrod Taylor,Dirk Koetter,Sean McDermott,Clete Blakeman,BUF00,New Era Field
2017_08_CAR_TB,2017,REG,8,2017-10-29,Sunday,13:00,CAR,17.0,TB,3.0,Home,-14.0,20.0,0.0,2017102907,57349.0,,201710290tam,8032.0,400951725,,7,7,111.0,-123.0,1.5,-100.0,-110.0,46.0,102.0,-113.0,1,outdoors,grass,63.0,13.0,00-0027939,00-0031503,Cam Newton,Jameis Winston,Ron Rivera,Dirk Koetter,Walt Coleman,TAM00,Raymond James Stadium
2017_09_TB_NO,2017,REG,9,2017-11-05,Sunday,13:00,TB,10.0,NO,30.0,Home,20.0,40.0,0.0,2017110503,57358.0,,201711050nor,8049.0,400951755,,7,7,264.0,-300.0,7.0,-109.0,-101.0,54.0,-110.0,-100.0,1,dome,sportturf,,,00-0031503,00-0020531,Jameis Winston,Drew Brees,Dirk Koetter,Sean Payton,Bill Vinovich,NOR00,Mercedes-Benz Superdome
2017_10_NYJ_TB,2017,REG,10,2017-11-12,Sunday,13:00,NYJ,10.0,TB,15.0,Home,5.0,25.0,0.0,2017111205,57373.0,,201711120tam,8062.0,400951653,,10,7,113.0,-125.0,1.0,106.0,-117.0,44.5,-106.0,-104.0,0,outdoors,grass,79.0,16.0,00-0021206,00-0023682,Josh McCown,Ryan Fitzpatrick,Todd Bowles,Dirk Koetter,Brad Allen,TAM00,Raymond James Stadium
2017_11_TB_MIA,2017,REG,11,2017-11-19,Sunday,13:00,TB,30.0,MIA,20.0,Home,-10.0,50.0,0.0,2017111911,57241.0,,201711190mia,7931.0,400981391,,7,6,-119.0,108.0,-1.0,-113.0,102.0,44.0,100.0,-110.0,0,outdoors,grass,81.0,9.0,00-0023682,00-0024226,Ryan Fitzpatrick,Jay Cutler,Dirk Koetter,Adam Gase,Tony Corrente,MIA00,Hard Rock Stadium
2017_12_TB_ATL,2017,REG,12,2017-11-26,Sunday,13:00,TB,20.0,ATL,34.0,Home,14.0,54.0,0.0,2017112600,57397.0,,201711260atl,8090.0,400951586,,7,6,400.0,-470.0,10.5,-117.0,106.0,47.0,-115.0,104.0,1,closed,fieldturf,,,00-0023682,00-0026143,Ryan Fitzpatrick,Matt Ryan,Dirk Koetter,Dan Quinn,Jeff Triplette,ATL97,Mercedes-Benz Stadium
2017_13_TB_GB,2017,REG,13,2017-12-03,Sunday,13:00,TB,20.0,GB,26.0,Home,6.0,46.0,1.0,2017120304,57415.0,,201712030gnb,8108.0,400951710,,7,7,146.0,-162.0,3.0,104.0,-115.0,45.0,-115.0,104.0,0,outdoors,grass,42.0,8.0,00-0031503,00-0031589,Jameis Winston,Brett Hundley,Dirk Koetter,Mike McCarthy,Terry McAulay,GNB00,Lambeau Field
2017_14_DET_TB,2017,REG,14,2017-12-10,Sunday,13:00,DET,24.0,TB,21.0,Home,-3.0,45.0,0.0,2017121007,57434.0,,201712100tam,8116.0,400951660,,7,7,-123.0,111.0,-0.0,-102.0,-108.0,47.5,-117.0,106.0,0,outdoors,grass,55.0,9.0,00-0026498,00-0031503,Matthew Stafford,Jameis Winston,Jim Caldwell,Dirk Koetter,Ed Hochuli,TAM00,Raymond James Stadium
2017_15_ATL_TB,2017,REG,15,2017-12-18,Monday,20:30,ATL,24.0,TB,21.0,Home,-3.0,45.0,0.0,2017121800,57457.0,,201712180tam,8145.0,400951816,,11,8,-320.0,281.0,-7.0,-105.0,-105.0,49.5,-101.0,-109.0,1,outdoors,grass,71.0,2.0,00-0026143,00-0031503,Matt Ryan,Jameis Winston,Dan Quinn,Dirk Koetter,John Hussey,TAM00,Raymond James Stadium
2017_16_TB_CAR,2017,REG,16,2017-12-24,Sunday,13:00,TB,19.0,CAR,22.0,Home,3.0,41.0,0.0,2017122400,57460.0,,201712240car,8156.0,400951613,,6,7,385.0,-450.0,10.0,-108.0,-102.0,46.5,-115.0,104.0,1,outdoors,grass,55.0,6.0,00-0031503,00-0027939,Jameis Winston,Cam Newton,Dirk Koetter,Ron Rivera,Jerome Boger,CAR00,Bank of America Stadium
2017_17_NO_TB,2017,REG,17,2017-12-31,Sunday,16:25,NO,24.0,TB,31.0,Home,7.0,55.0,0.0,2017123110,57484.0,,201712310tam,8171.0,400951764,,7,7,-250.0,222.0,-6.0,-102.0,-108.0,49.0,-123.0,111.0,1,outdoors,grass,71.0,3.0,00-0020531,00-0031503,Drew Brees,Jameis Winston,Sean Payton,Dirk Koetter,Walt Anderson,TAM00,Raymond James Stadium
2018_01_TB_NO,2018,REG,1,2018-09-09,Sunday,13:00,TB,48.0,NO,40.0,Home,-8.0,88.0,0.0,2018090906,57574.0,,201809090nor,9343.0,401030713,,7,7,385.0,-450.0,10.0,-108.0,-102.0,50.0,102.0,-113.0,1,dome,sportturf,,,00-0023682,00-0020531,Ryan Fitzpatrick,Drew Brees,Dirk Koetter,Sean Payton,John Parry,NOR00,Mercedes-Benz Superdome
2018_02_PHI_TB,2018,REG,2,2018-09-16,Sunday,13:00,PHI,21.0,TB,27.0,Home,6.0,48.0,0.0,2018091606,57590.0,,201809160tam,9362.0,401030696,,10,7,-142.0,129.0,-3.0,106.0,-117.0,46.5,100.0,-110.0,0,outdoors,grass,91.0,9.0,00-0029567,00-0023682,Nick Foles,Ryan Fitzpatrick,Doug Pederson,Dirk Koetter,Alex Kemp,TAM00,Raymond James Stadium
2018_03_PIT_TB,2018,REG,3,2018-09-24,Monday,20:15,PIT,30.0,TB,27.0,Home,-3.0,57.0,0.0,2018092400,57614.0,,201809240tam,9385.0,401030805,,8,8,106.0,-117.0,1.0,101.0,-112.0,55.0,-105.0,-105.0,0,outdoors,grass,77.0,5.0,00-0022924,00-0023682,Ben Roethlisberger,Ryan Fitzpatrick,Mike Tomlin,Dirk Koetter,Peter Morelli,TAM00,Raymond James Stadium
2018_04_TB_CHI,2018,REG,4,2018-09-30,Sunday,13:00,TB,10.0,CHI,48.0,Home,38.0,58.0,0.0,2018093001,57617.0,,201809300chi,9388.0,401030846,,6,7,126.0,-140.0,3.0,-127.0,113.0,46.0,-101.0,-110.0,0,outdoors,grass,66.0,5.0,00-0023682,00-0033869,Ryan Fitzpatrick,Mitch Trubisky,Dirk Koetter,Matt Nagy,Jerome Boger,CHI98,Soldier Field
2018_06_TB_ATL,2018,REG,6,2018-10-14,Sunday,13:00,TB,29.0,ATL,34.0,Home,5.0,63.0,0.0,2018101400,57646.0,,201810140atl,9417.0,401030695,,14,7,144.0,-159.0,3.0,-103.0,-107.0,57.5,-108.0,-103.0,1,open,fieldturf,,,00-0031503,00-0026143,Jameis Winston,Matt Ryan,Dirk Koetter,Dan Quinn,Walt Coleman,ATL97,Mercedes-Benz Stadium
2018_07_CLE_TB,2018,REG,7,2018-10-21,Sunday,13:00,CLE,23.0,TB,26.0,Home,3.0,49.0,1.0,2018102109,57670.0,,201810210tam,9440.0,401030806,,7,7,163.0,-181.0,3.5,-105.0,-105.0,52.5,-101.0,-110.0,0,outdoors,grass,79.0,7.0,00-0034855,00-0031503,Baker Mayfield,Jameis Winston,Hue Jackson,Dirk Koetter,Shawn Hochuli,TAM00,Raymond James Stadium
2018_08_TB_CIN,2018,REG,8,2018-10-28,Sunday,13:00,TB,34.0,CIN,37.0,Home,3.0,71.0,0.0,2018102803,57678.0,,201810280cin,9449.0,401030744,,7,7,173.0,-192.0,3.5,-103.0,-108.0,55.0,-103.0,-108.0,0,outdoors,fieldturf,55.0,7.0,00-0031503,00-0027973,Jameis Winston,Andy Dalton,Dirk Koetter,Marvin Lewis,Alex Kemp,CIN00,Paul Brown Stadium
2018_09_TB_CAR,2018,REG,9,2018-11-04,Sunday,13:00,TB,28.0,CAR,42.0,Home,14.0,70.0,0.0,2018110402,57691.0,,201811040car,9461.0,401030811,,7,7,253.0,-286.0,6.0,100.0,-111.0,55.5,102.0,-113.0,1,outdoors,grass,62.0,8.0,00-0023682,00-0027939,Ryan Fitzpatrick,Cam Newton,Dirk Koetter,Ron Rivera,Tony Corrente,CAR00,Bank of America Stadium
2018_10_WAS_TB,2018,REG,10,2018-11-11,Sunday,13:00,WAS,16.0,TB,3.0,Home,-13.0,19.0,0.0,2018111107,57709.0,,201811110tam,9481.0,401030828,,7,7,165.0,-183.0,3.5,-108.0,-103.0,51.0,-105.0,-105.0,0,outdoors,grass,82.0,3.0,00-0023436,00-0023682,Alex Smith,Ryan Fitzpatrick,Jay Gruden,Dirk Koetter,Brad Allen,TAM00,Raymond James Stadium
2018_11_TB_NYG,2018,REG,11,2018-11-18,Sunday,13:00,TB,35.0,NYG,38.0,Home,3.0,73.0,0.0,2018111805,57721.0,,201811180nyg,9492.0,401030952,,7,6,146.0,-162.0,3.0,102.0,-114.0,54.5,-110.0,-101.0,0,outdoors,fieldturf,42.0,1.0,00-0023682,00-0022803,Ryan Fitzpatrick,Eli Manning,Dirk Koetter,Pat Shurmur,Shawn Smith,NYC01,MetLife Stadium
2018_12_SF_TB,2018,REG,12,2018-11-25,Sunday,13:00,SF,9.0,TB,27.0,Home,18.0,36.0,0.0,2018112507,57738.0,,201811250tam,9509.0,401030902,,13,7,115.0,-127.0,1.5,-101.0,-110.0,54.5,107.0,-120.0,0,outdoors,grass,77.0,7.0,00-0033319,00-0031503,Nick Mullens,Jameis Winston,Kyle Shanahan,Dirk Koetter,John Parry,TAM00,Raymond James Stadium
2018_13_CAR_TB,2018,REG,13,2018-12-02,Sunday,13:00,CAR,17.0,TB,24.0,Home,7.0,41.0,0.0,2018120209,57753.0,,201812020tam,9524.0,401030968,,7,7,-185.0,166.0,-3.5,-101.0,-110.0,52.0,-104.0,-106.0,1,outdoors,grass,81.0,15.0,00-0027939,00-0031503,Cam Newton,Jameis Winston,Ron Rivera,Dirk Koetter,Carl Cheffers,TAM00,Raymond James Stadium
2018_14_NO_TB,2018,REG,14,2018-12-09,Sunday,13:00,NO,28.0,TB,14.0,Home,-14.0,42.0,0.0,2018120907,57767.0,,201812090tam,9538.0,401030758,,10,7,-380.0,330.0,-8.5,-103.0,-108.0,55.0,-110.0,-101.0,1,outdoors,grass,71.0,7.0,00-0020531,00-0031503,Drew Brees,Jameis Winston,Sean Payton,Dirk Koetter,Jerome Boger,TAM00,Raymond James Stadium
2018_15_TB_BAL,2018,REG,15,2018-12-16,Sunday,13:00,TB,12.0,BAL,20.0,Home,8.0,32.0,0.0,2018121601,57779.0,,201812160rav,9557.0,401030898,,7,7,328.0,-378.0,8.5,-103.0,-107.0,44.5,-104.0,-106.0,0,outdoors,grass,43.0,10.0,00-0031503,00-0034796,Jameis Winston,Lamar Jackson,Dirk Koetter,John Harbaugh,Ron Torbert,BAL00,M&T Bank Stadium
2018_16_TB_DAL,2018,REG,16,2018-12-23,Sunday,13:00,TB,20.0,DAL,27.0,Home,7.0,47.0,0.0,2018122306,57797.0,,201812230dal,9565.0,401030875,,7,7,277.0,-315.0,7.0,-110.0,-101.0,48.0,-103.0,-108.0,0,closed,matrixturf,,,00-0031503,00-0033077,Jameis Winston,Dak Prescott,Dirk Koetter,Jason Garrett,Shawn Hochuli,DAL00,AT&T Stadium
2018_17_ATL_TB,2018,REG,17,2018-12-30,Sunday,13:00,ATL,34.0,TB,32.0,Home,-2.0,66.0,0.0,2018123010,57817.0,,201812300tam,9589.0,401030820,,7,7,-142.0,129.0,-2.5,-108.0,-103.0,52.0,-110.0,-101.0,1,outdoors,grass,80.0,5.0,00-0026143,00-0031503,Matt Ryan,Jameis Winston,Dan Quinn,Dirk Koetter,Brad Allen,TAM00,Raymond James Stadium
2019_01_SF_TB,2019,REG,1,2019-09-08,Sunday,16:25,SF,31.0,TB,17.0,Home,-14.0,48.0,0.0,2019090811,57912.0,,201909080tam,13774.0,401128010,5070.0,7,7,-102.0,-108.0,1.0,-106.0,-104.0,51.0,-100.0,-110.0,0,outdoors,grass,93.0,9.0,00-0031345,00-0031503,Jimmy Garoppolo,Jameis Winston,Kyle Shanahan,Bruce Arians,Alex Kemp,TAM00,Raymond James Stadium
2019_02_TB_CAR,2019,REG,2,2019-09-12,Thursday,20:20,TB,20.0,CAR,14.0,Home,-6.0,34.0,0.0,2019091200,57916.0,,201909120car,13778.0,401128054,5074.0,4,4,240.0,-277.0,6.5,-110.0,-100.0,48.0,-105.0,-105.0,1,outdoors,grass,85.0,3.0,00-0031503,00-0027939,Jameis Winston,Cam Newton,Bruce Arians,Ron Rivera,Jerome Boger,CAR00,Bank of America Stadium
2019_03_NYG_TB,2019,REG,3,2019-09-22,Sunday,16:05,NYG,32.0,TB,31.0,Home,-1.0,63.0,0.0,2019092209,57942.0,,201909220tam,13804.0,401127966,5100.0,7,10,202.0,-230.0,5.0,-103.0,-107.0,48.0,101.0,-113.0,0,outdoors,grass,88.0,11.0,00-0035710,00-0031503,Daniel Jones,Jameis Winston,Pat Shurmur,Bruce Arians,Bill Vinovich,TAM00,Raymond James Stadium
2019_04_TB_LA,2019,REG,4,2019-09-29,Sunday,16:05,TB,55.0,LA,40.0,Home,-15.0,95.0,0.0,2019092909,57958.0,,201909290ram,13819.0,401128069,5116.0,7,7,385.0,-473.0,9.0,-104.0,-106.0,48.5,-104.0,-107.0,0,outdoors,grass,74.0,2.0,00-0031503,00-0033106,Jameis Winston,Jared Goff,Bruce Arians,Sean McVay,Bradley Rogers,LAX99,Los Angeles Memorial Coliseum
2019_05_TB_NO,2019,REG,5,2019-10-06,Sunday,13:00,TB,24.0,NO,31.0,Home,7.0,55.0,0.0,2019100603,57967.0,,201910060nor,13829.0,401127965,5131.0,7,7,133.0,-148.0,3.0,-118.0,107.0,46.0,-102.0,-109.0,1,dome,astroturf,,,00-0031503,00-0031237,Jameis Winston,Teddy Bridgewater,Bruce Arians,Sean Payton,Brad Allen,NOR00,Mercedes-Benz Superdome
2019_06_CAR_TB,2019,REG,6,2019-10-13,Sunday,09:30,CAR,37.0,TB,26.0,Neutral,-11.0,63.0,0.0,2019101300,57979.0,,201910130tam,13841.0,401128096,5137.0,7,7,-125.0,113.0,-2.0,-100.0,-110.0,48.5,-104.0,-107.0,1,outdoors,grass,61.0,14.0,00-0034577,00-0031503,Kyle Allen,Jameis Winston,Ron Rivera,Bruce Arians,Walt Anderson,LON02,Tottenham Stadium
2019_08_TB_TEN,2019,REG,8,2019-10-27,Sunday,13:00,TB,23.0,TEN,27.0,Home,4.0,50.0,0.0,2019102708,58015.0,,201910270oti,13873.0,401128048,5173.0,14,7,110.0,-122.0,2.0,-110.0,-100.0,45.5,102.0,-114.0,0,outdoors,grass,59.0,3.0,00-0031503,00-0029701,Jameis Winston,Ryan Tannehill,Bruce Arians,Mike Vrabel,Adrian Hill,NAS00,Nissan Stadium
2019_09_TB_SEA,2019,REG,9,2019-11-03,Sunday,16:05,TB,34.0,SEA,40.0,Home,6.0,74.0,1.0,2019110308,58030.0,,201911030sea,13892.0,401128087,5188.0,7,7,185.0,-209.0,4.0,-105.0,-105.0,51.0,107.0,-119.0,0,outdoors,fieldturf,54.0,6.0,00-0031503,00-0029263,Jameis Winston,Russell Wilson,Bruce Arians,Pete Carroll,John Hussey,SEA00,CenturyLink Field
2019_10_ARI_TB,2019,REG,10,2019-11-10,Sunday,13:00,ARI,27.0,TB,30.0,Home,3.0,57.0,0.0,2019111006,58042.0,,201911100tam,13905.0,401127976,5194.0,10,7,207.0,-235.0,5.5,100.0,-110.0,51.0,-113.0,101.0,0,outdoors,grass,77.0,8.0,00-0035228,00-0031503,Kyler Murray,Jameis Winston,Kliff Kingsbury,Bruce Arians,Craig Wrolstad,TAM00,Raymond James Stadium
2019_11_NO_TB,2019,REG,11,2019-11-17,Sunday,13:00,NO,34.0,TB,17.0,Home,-17.0,51.0,0.0,2019111706,58055.0,,201911170tam,13915.0,401128084,5213.0,7,7,-230.0,202.0,-5.0,-108.0,-102.0,50.5,-114.0,102.0,1,outdoors,grass,55.0,4.0,00-0020531,00-0031503,Drew Brees,Jameis Winston,Sean Payton,Bruce Arians,Bradley Rogers,TAM00,Raymond James Stadium
2019_12_TB_ATL,2019,REG,12,2019-11-24,Sunday,13:00,TB,35.0,ATL,22.0,Home,-13.0,57.0,0.0,2019112400,58063.0,,201911240atl,13925.0,401127870,5228.0,7,7,163.0,-183.0,3.5,-110.0,-100.0,51.5,-111.0,100.0,1,closed,fieldturf,,,00-0031503,00-0026143,Jameis Winston,Matt Ryan,Bruce Arians,Dan Quinn,Clay Martin,ATL97,Mercedes-Benz Stadium
2019_13_TB_JAX,2019,REG,13,2019-12-01,Sunday,13:00,TB,28.0,JAX,11.0,Home,-17.0,39.0,0.0,2019120104,58083.0,,201912010jax,13947.0,401128063,5242.0,7,7,-155.0,140.0,-3.0,-105.0,-105.0,46.5,-105.0,-106.0,0,outdoors,grass,77.0,15.0,00-0031503,00-0029567,Jameis Winston,Nick Foles,Bruce Arians,Doug Marrone,Walt Anderson,JAX00,TIAA Bank Stadium
2019_14_IND_TB,2019,REG,14,2019-12-08,Sunday,13:00,IND,35.0,TB,38.0,Home,3.0,73.0,0.0,2019120808,58101.0,,201912080tam,13962.0,401127994,5256.0,7,7,149.0,-166.0,3.0,101.0,-111.0,46.5,-105.0,-106.0,0,outdoors,grass,78.0,9.0,00-0033119,00-0031503,Jacoby Brissett,Jameis Winston,Frank Reich,Bruce Arians,Tony Corrente,TAM00,Raymond James Stadium
2019_15_TB_DET,2019,REG,15,2019-12-15,Sunday,13:00,TB,38.0,DET,17.0,Home,-21.0,55.0,0.0,2019121502,58111.0,,201912150det,13972.0,401128028,5275.0,7,7,-239.0,210.0,-5.5,-111.0,101.0,46.0,-100.0,-111.0,0,dome,fieldturf,,,00-0031503,00-0035040,Jameis Winston,David Blough,Bruce Arians,Matt Patricia,Adrian Hill,DET00,Ford Field
2019_16_HOU_TB,2019,REG,16,2019-12-21,Saturday,13:00,HOU,23.0,TB,20.0,Home,-3.0,43.0,0.0,2019122100,58128.0,,201912210tam,13990.0,401127901,5287.0,7,7,-150.0,135.0,-3.0,102.0,-112.0,50.0,-108.0,-103.0,0,outdoors,grass,73.0,11.0,00-0033537,00-0031503,Deshaun Watson,Jameis Winston,Bill O'Brien,Bruce Arians,Scott Novak,TAM00,Raymond James Stadium
2019_17_ATL_TB,2019,REG,17,2019-12-29,Sunday,13:00,ATL,28.0,TB,22.0,Home,-6.0,50.0,1.0,2019122912,58152.0,,201912290tam,14010.0,401128034,5298.0,7,7,109.0,-120.0,1.0,101.0,-111.0,48.0,-107.0,-104.0,1,outdoors,grass,78.0,12.0,00-0026143,00-0031503,Matt Ryan,Jameis Winston,Dan Quinn,Bruce Arians,Carl Cheffers,TAM00,Raymond James Stadium
2020_01_TB_NO,2020,REG,1,2020-09-13,Sunday,16:25,TB,23.0,NO,34.0,Home,11.0,57.0,0.0,2020091310,58179.0,,202009130nor,18543.0,401220369,5337.0,7,7,174.0,-196.0,4.0,102.0,-113.0,48.5,-112.0,101.0,1,dome,astroturf,,,00-0019596,00-0020531,Tom Brady,Drew Brees,Bruce Arians,Sean Payton,Jerome Boger,NOR00,Mercedes-Benz Superdome
2020_02_CAR_TB,2020,REG,2,2020-09-20,Sunday,13:00,CAR,17.0,TB,31.0,Home,14.0,48.0,0.0,2020092008,58193.0,,202009200tam,18557.0,401220329,5344.0,7,7,290.0,-342.0,7.5,-106.0,-104.0,47.0,-108.0,-103.0,1,outdoors,grass,85.0,17.0,00-0031237,00-0019596,Teddy Bridgewater,Tom Brady,Matt Rhule,Bruce Arians,John Hussey,TAM00,Raymond James Stadium
2020_03_TB_DEN,2020,REG,3,2020-09-27,Sunday,16:25,TB,28.0,DEN,10.0,Home,-18.0,38.0,0.0,2020092711,58212.0,,202009270den,18576.0,401220216,5370.0,7,7,-264.0,230.0,-6.0,-105.0,-105.0,42.5,-103.0,-108.0,0,outdoors,grass,55.0,7.0,00-0019596,00-0032436,Tom Brady,Jeff Driskel,Bruce Arians,Vic Fangio,Land Clark,DEN00,Empower Field at Mile High
2020_04_LAC_TB,2020,REG,4,2020-10-04,Sunday,13:00,LAC,31.0,TB,38.0,Home,7.0,69.0,0.0,2020100407,58224.0,,202010040tam,18588.0,401220334,5379.0,7,7,282.0,-331.0,7.5,-114.0,103.0,42.5,-111.0,-100.0,0,outdoors,grass,75.0,6.0,00-0036355,00-0019596,Justin Herbert,Tom Brady,Anthony Lynn,Bruce Arians,Brad Allen,TAM00,Raymond James Stadium
2020_05_TB_CHI,2020,REG,5,2020-10-08,Thursday,20:20,TB,19.0,CHI,20.0,Home,1.0,39.0,0.0,2020100800,58232.0,,202010080chi,18596.0,401220278,5389.0,4,4,-184.0,164.0,-3.5,-102.0,-108.0,44.0,-109.0,-102.0,0,outdoors,grass,57.0,7.0,00-0019596,00-0029567,Tom Brady,Nick Foles,Bruce Arians,Matt Nagy,Alex Kemp,CHI98,Soldier Field
2020_06_GB_TB,2020,REG,6,2020-10-18,Sunday,16:25,GB,10.0,TB,38.0,Home,28.0,48.0,0.0,2020101810,58258.0,,202010180tam,18621.0,401220331,5415.0,13,10,-145.0,131.0,-3.0,109.0,-121.0,55.0,-114.0,102.0,0,outdoors,grass,88.0,12.0,00-0023459,00-0019596,Aaron Rodgers,Tom Brady,Matt LaFleur,Bruce Arians,Jerome Boger,TAM00,Raymond James Stadium
2020_07_TB_LV,2020,REG,7,2020-10-25,Sunday,16:05,TB,45.0,LV,20.0,Home,-25.0,65.0,0.0,2020102511,58273.0,,202010250rai,18637.0,401220232,5430.0,7,14,-192.0,171.0,-3.5,-108.0,-102.0,51.5,-106.0,-105.0,0,dome,grass,,,00-0019596,00-0031280,Tom Brady,Derek Carr,Bruce Arians,Jon Gruden,Scott Novak,VEG00,Allegiant Stadium
2020_08_TB_NYG,2020,REG,8,2020-11-02,Monday,20:15,TB,25.0,NYG,23.0,Home,-2.0,48.0,0.0,2020110200,58287.0,,202011020nyg,18651.0,401220257,5444.0,8,11,-598.0,470.0,-13.0,105.0,-115.0,47.0,-115.0,103.0,0,outdoors,fieldturf,39.0,8.0,00-0019596,00-0035710,Tom Brady,Daniel Jones,Bruce Arians,Joe Judge,Brad Rogers,NYC01,MetLife Stadium
2020_09_NO_TB,2020,REG,9,2020-11-08,Sunday,20:20,NO,38.0,TB,3.0,Home,-35.0,41.0,0.0,2020110811,58300.0,,202011080tam,18664.0,401220330,5457.0,7,6,160.0,-179.0,3.0,107.0,-118.0,51.0,-106.0,-105.0,1,outdoors,grass,77.0,17.0,00-0020531,00-0019596,Drew Brees,Tom Brady,Sean Payton,Bruce Arians,John Hussey,TAM00,Raymond James Stadium
2020_10_TB_CAR,2020,REG,10,2020-11-15,Sunday,13:00,TB,46.0,CAR,23.0,Home,-23.0,69.0,0.0,2020111500,58303.0,,202011150car,18667.0,401220368,5464.0,7,7,-259.0,226.0,-6.0,-108.0,-102.0,49.5,-105.0,-106.0,1,outdoors,grass,65.0,15.0,00-0019596,00-0031237,Tom Brady,Teddy Bridgewater,Bruce Arians,Matt Rhule,Land Clark,CAR00,Bank of America Stadium
2020_11_LA_TB,2020,REG,11,2020-11-23,Monday,20:15,LA,27.0,TB,24.0,Home,-3.0,51.0,0.0,2020112300,58328.0,,202011230tam,18692.0,401220335,5485.0,8,8,173.0,-195.0,4.0,-109.0,-102.0,47.5,-109.0,-102.0,0,outdoors,grass,69.0,5.0,00-0033106,00-0019596,Jared Goff,Tom Brady,Sean McVay,Bruce Arians,Jerome Boger,TAM00,Raymond James Stadium
2020_12_KC_TB,2020,REG,12,2020-11-29,Sunday,16:25,KC,27.0,TB,24.0,Home,-3.0,51.0,0.0,2020112910,58342.0,,202011290tam,18706.0,401220333,5499.0,7,6,-166.0,149.0,-3.5,112.0,-124.0,56.0,-103.0,-108.0,0,outdoors,grass,81.0,5.0,00-0033873,00-0019596,Patrick Mahomes,Tom Brady,Andy Reid,Bruce Arians,Shawn Hochuli,TAM00,Raymond James Stadium
2020_14_MIN_TB,2020,REG,14,2020-12-13,Sunday,13:00,MIN,14.0,TB,26.0,Home,12.0,40.0,0.0,2020121307,58368.0,,202012130tam,18732.0,401220332,5524.0,7,14,271.0,-317.0,7.0,-106.0,-104.0,52.5,-116.0,104.0,0,outdoors,grass,78.0,5.0,00-0029604,00-0019596,Kirk Cousins,Tom Brady,Mike Zimmer,Bruce Arians,Brad Allen,TAM00,Raymond James Stadium
2020_15_TB_ATL,2020,REG,15,2020-12-20,Sunday,13:00,TB,31.0,ATL,27.0,Home,-4.0,58.0,0.0,2020122005,58382.0,,202012200atl,18746.0,401220308,5544.0,7,7,-258.0,225.0,-6.0,-104.0,-106.0,49.5,-103.0,-108.0,1,closed,fieldturf,,,00-0019596,00-0026143,Tom Brady,Matt Ryan,Bruce Arians,Raheem Morris,Brad Rogers,ATL97,Mercedes-Benz Stadium
2020_16_TB_DET,2020,REG,16,2020-12-26,Saturday,13:00,TB,47.0,DET,7.0,Home,-40.0,54.0,0.0,2020122600,58394.0,,202012260det,18758.0,401220286,5560.0,6,6,-591.0,455.0,-12.0,101.0,-111.0,55.0,-107.0,-104.0,0,dome,fieldturf,,,00-0019596,00-0026498,Tom Brady,Matthew Stafford,Bruce Arians,Darrell Bevell,Scott Novak,DET00,Ford Field
2020_17_ATL_TB,2020,REG,17,2021-01-03,Sunday,13:00,ATL,27.0,TB,44.0,Home,17.0,71.0,0.0,2021010310,58418.0,,202101030tam,18784.0,401220328,5565.0,7,8,276.0,-323.0,7.5,-123.0,111.0,51.0,-100.0,-111.0,1,outdoors,grass,65.0,4.0,00-0026143,00-0019596,Matt Ryan,Tom Brady,Raheem Morris,Bruce Arians,Alex Kemp,TAM00,Raymond James Stadium
2020_18_TB_WAS,2020,WC,18,2021-01-09,Saturday,20:15,TB,31.0,WAS,23.0,Home,-8.0,54.0,0.0,2021010902,58491.0,,202101090was,19259.0,401220371,5583.0,6,6,-456.0,373.0,-10.0,-101.0,-109.0,45.0,-104.0,-107.0,0,outdoors,grass,40.0,10.0,00-0019596,00-0031800,Tom Brady,Taylor Heinicke,Bruce Arians,Ron Rivera,Scott Novak,WAS00,FedExField
2020_19_TB_NO,2020,DIV,19,2021-01-17,Sunday,18:40,TB,30.0,NO,20.0,Home,-10.0,50.0,0.0,2021011701,58498.0,,202101170nor,19287.0,401220399,5590.0,8,7,120.0,-133.0,2.5,-104.0,-106.0,53.0,-108.0,-103.0,1,dome,astroturf,,,00-0019596,00-0020531,Tom Brady,Drew Brees,Bruce Arians,Sean Payton,Shawn Hochuli,NOR00,Mercedes-Benz Superdome
2020_20_TB_GB,2020,CON,20,2021-01-24,Sunday,15:05,TB,31.0,GB,26.0,Home,-5.0,57.0,0.0,2021012400,58499.0,,202101240gnb,19288.0,401220402,5591.0,7,8,157.0,-176.0,3.0,108.0,-119.0,53.0,-102.0,-109.0,0,outdoors,grass,29.0,10.0,00-0019596,00-0023459,Tom Brady,Aaron Rodgers,Bruce Arians,Matt LaFleur,Clete Blakeman,GNB00,Lambeau Field
2020_21_KC_TB,2020,SB,21,2021-02-07,Sunday,18:30,KC,9.0,TB,31.0,Neutral,22.0,40.0,0.0,2021020700,58501.0,,202102070tam,19290.0,401220403,5593.0,14,14,-161.0,145.0,-3.0,-107.0,-103.0,55.0,-112.0,101.0,0,outdoors,grass,63.0,9.0,00-0033873,00-0019596,Patrick Mahomes,Tom Brady,Andy Reid,Bruce Arians,Carl Cheffers,TAM00,Raymond James Stadium
2021_01_DAL_TB,2021,REG,1,2021-09-09,Thursday,20:20,DAL,29.0,TB,31.0,Home,2.0,60.0,0.0,2021090900,58503.0,10160000-0585-0395-7f87-0c3334b38e2e,202109090tam,19608.0,401326322,5594.0,7,7,351.0,-425.0,10.0,-121.0,110.0,52.5,-108.0,-103.0,0,outdoors,grass ,82.0,9.0,00-0033077,00-0019596,Dak Prescott,Tom Brady,Mike McCarthy,Bruce Arians,Shawn Hochuli,TAM00,Raymond James Stadium
2021_02_ATL_TB,2021,REG,2,2021-09-19,Sunday,16:05,ATL,25.0,TB,48.0,Home,23.0,73.0,0.0,2021091910,58530.0,10160000-0585-30bd-05c9-75bc16e1a032,202109190tam,19635.0,401326358,5620.0,7,10,582.0,-772.0,13.5,-108.0,-102.0,52.0,-103.0,-108.0,1,outdoors,grass ,85.0,0.0,00-0026143,00-0019596,Matt Ryan,Tom Brady,Arthur Smith,Bruce Arians,Carl Cheffers,TAM00,Raymond James Stadium
2021_03_TB_LA,2021,REG,3,2021-09-26,Sunday,16:25,TB,24.0,LA,34.0,Home,10.0,58.0,0.0,2021092611,58547.0,10160000-0585-4742-49b7-1fdf9e3d3c62,202109260ram,19652.0,401326375,5638.0,7,7,-106.0,-104.0,-1.0,100.0,-110.0,55.0,-102.0,-109.0,0,dome,matrixturf,,,00-0019596,00-0026498,Tom Brady,Matthew Stafford,Bruce Arians,Sean McVay,Craig Wrolstad,LAX01,SoFi Stadium
2021_04_TB_NE,2021,REG,4,2021-10-03,Sunday,20:20,TB,19.0,NE,17.0,Home,-2.0,36.0,0.0,2021100313,58565.0,10160000-0585-658f-cb6d-a0b13013dcc4,202110030nwe,19669.0,401326393,5656.0,7,7,-255.0,223.0,-6.0,-105.0,-105.0,49.5,-110.0,-101.0,0,outdoors,fieldturf,62.0,4.0,00-0019596,00-0036972,Tom Brady,Mac Jones,Bruce Arians,Bill Belichick,Bill Vinovich,BOS00,Gillette Stadium
2021_05_MIA_TB,2021,REG,5,2021-10-10,Sunday,13:00,MIA,17.0,TB,45.0,Home,28.0,62.0,0.0,2021101007,58575.0,10160000-0585-758f-53e6-0cf6efe206ae,202110100tam,19678.0,401326402,5660.0,7,7,448.0,-564.0,11.0,-100.0,-110.0,48.0,-104.0,-107.0,0,outdoors,grass ,84.0,7.0,00-0033119,00-0019596,Jacoby Brissett,Tom Brady,Brian Flores,Bruce Arians,Jerome Boger,TAM00,Raymond James Stadium
2021_06_TB_PHI,2021,REG,6,2021-10-14,Thursday,20:20,TB,28.0,PHI,22.0,Home,-6.0,50.0,0.0,2021101400,58583.0,10160000-0585-83ea-df72-197ac0e03827,202110140phi,19688.0,401326410,5674.0,4,4,-274.0,238.0,-7.0,103.0,-114.0,53.0,-107.0,-104.0,0,outdoors,grass ,74.0,8.0,00-0019596,00-0036389,Tom Brady,Jalen Hurts,Bruce Arians,Nick Sirianni,Clay Martin,PHI00,Lincoln Financial Field
2021_07_CHI_TB,2021,REG,7,2021-10-24,Sunday,16:25,CHI,3.0,TB,38.0,Home,35.0,41.0,0.0,2021102409,58607.0,10160000-0586-073c-ee46-d0dc27fed855,202110240tam,19712.0,401326433,5696.0,7,10,501.0,-644.0,12.5,-114.0,103.0,47.0,-110.0,-101.0,0,outdoors,grass ,83.0,7.0,00-0036945,00-0019596,Justin Fields,Tom Brady,Matt Nagy,Bruce Arians,Alex Kemp,TAM00,Raymond James Stadium
2021_08_TB_NO,2021,REG,8,2021-10-31,Sunday,16:25,TB,27.0,NO,36.0,Home,9.0,63.0,0.0,2021103111,58622.0,10160000-0586-2232-ad98-be22e2b9e559,202110310nor,19727.0,401326448,5712.0,7,6,-188.0,168.0,-4.0,-101.0,-109.0,48.5,-109.0,-102.0,1,dome,sportturf,,,00-0019596,00-0031503,Tom Brady,Jameis Winston,Bruce Arians,Sean Payton,Clete Blakeman,NOR00,Mercedes-Benz Superdome
2021_10_TB_WAS,2021,REG,10,2021-11-14,Sunday,13:00,TB,19.0,WAS,29.0,Home,10.0,48.0,0.0,2021111406,58646.0,10160000-0586-4622-f11e-15f7482640be,202111140was,19745.0,401326472,5732.0,14,14,-435.0,359.0,-10.0,106.0,-117.0,51.0,-109.0,-102.0,0,outdoors,grass ,47.0,8.0,00-0019596,00-0031800,Tom Brady,Taylor Heinicke,Bruce Arians,Ron Rivera,Brad Rogers,WAS00,FedExField
2021_11_NYG_TB,2021,REG,11,2021-11-22,Monday,20:15,NYG,10.0,TB,30.0,Home,20.0,40.0,0.0,2021112200,58667.0,10160000-0586-6749-7b55-06f7a253d023,202111220tam,19771.0,401326493,5758.0,15,8,423.0,-527.0,11.5,-113.0,102.0,49.5,-102.0,-109.0,0,outdoors,grass ,68.0,6.0,00-0035710,00-0019596,Daniel Jones,Tom Brady,Joe Judge,Bruce Arians,Craig Wrolstad,TAM00,Raymond James Stadium
2021_12_TB_IND,2021,REG,12,2021-11-28,Sunday,13:00,TB,38.0,IND,31.0,Home,-7.0,69.0,0.0,2021112802,58673.0,10160000-0586-73c7-3f7d-85cc3c5f3571,202111280clt,19777.0,401326499,5768.0,6,7,-149.0,135.0,-3.0,101.0,-112.0,53.0,-109.0,-102.0,0,closed,fieldturf,,,00-0019596,00-0032950,Tom Brady,Carson Wentz,Bruce Arians,Frank Reich,Shawn Smith,IND00,Lucas Oil Stadium
2021_13_TB_ATL,2021,REG,13,2021-12-05,Sunday,13:00,TB,30.0,ATL,17.0,Home,-13.0,47.0,0.0,2021120500,58684.0,10160000-0586-849f-e1a7-823889c5fa0c,202112050atl,19788.0,401326510,5780.0,7,7,-475.0,387.0,-11.0,-103.0,-108.0,51.0,-107.0,-104.0,1,closed,fieldturf,,,00-0019596,00-0026143,Tom Brady,Matt Ryan,Bruce Arians,Arthur Smith,Tony Corrente,ATL97,Mercedes-Benz Stadium
2021_14_BUF_TB,2021,REG,14,2021-12-12,Sunday,16:25,BUF,27.0,TB,33.0,Home,6.0,60.0,1.0,2021121210,58708.0,10160000-0587-0856-cc96-862ce802696a,202112120tam,19813.0,401326534,5798.0,6,7,161.0,-181.0,3.5,-106.0,-105.0,52.5,-101.0,-110.0,0,outdoors,grass ,82.0,4.0,00-0034857,00-0019596,Josh Allen,Tom Brady,Sean McDermott,Bruce Arians,Scott Novak,TAM00,Raymond James Stadium
2021_15_NO_TB,2021,REG,15,2021-12-19,Sunday,20:20,NO,9.0,TB,0.0,Home,-9.0,9.0,0.0,2021121913,58725.0,10160000-0587-255d-2fb8-e234693f4405,202112190tam,19830.0,401326551,5813.0,7,7,417.0,-518.0,11.5,-101.0,-110.0,45.5,-101.0,-110.0,1,outdoors,grass,75.0,0.0,00-0033357,00-0019596,Taysom Hill,Tom Brady,Sean Payton,Bruce Arians,John Hussey,TAM00,Raymond James Stadium
2021_16_TB_CAR,2021,REG,16,2021-12-26,Sunday,13:00,TB,32.0,CAR,6.0,Home,-26.0,38.0,0.0,2021122601,58731.0,10160000-0587-3139-5262-d8b905c1d289,202112260car,19836.0,401326557,5825.0,7,7,-503.0,399.0,-11.5,105.0,-117.0,44.5,-113.0,101.0,1,outdoors,grass,73.0,8.0,00-0019596,00-0034869,Tom Brady,Sam Darnold,Bruce Arians,Matt Rhule,Brad Allen,CAR00,Bank of America Stadium
2021_17_TB_NYJ,2021,REG,17,2022-01-02,Sunday,13:00,TB,28.0,NYJ,24.0,Home,-4.0,52.0,0.0,2022010207,58750.0,10160000-0587-50d6-8d09-d134bbe3f510,202201020nyj,19853.0,401326576,5840.0,7,7,-868.0,623.0,-14.5,-101.0,-110.0,48.0,-104.0,-107.0,0,outdoors,fieldturf,57.0,9.0,00-0019596,00-0037013,Tom Brady,Zach Wilson,Bruce Arians,Robert Saleh,Alex Kemp,NYC01,MetLife Stadium
2021_18_CAR_TB,2021,REG,18,2022-01-09,Sunday,16:25,CAR,17.0,TB,41.0,Home,24.0,58.0,0.0,2022010911,58770.0,10160000-0587-704e-6295-0c29cd0a1891,202201090tam,19874.0,401326596,5859.0,7,7,375.0,-510.0,11.0,-110.0,-110.0,43.0,-105.0,-115.0,1,outdoors,grass,80.0,4.0,00-0034869,00-0019596,Sam Darnold,Tom Brady,Matt Rhule,Bruce Arians,Tony Corrente,TAM00,Raymond James Stadium
2021_19_PHI_TB,2021,WC,19,2022-01-16,Sunday,13:00,PHI,15.0,TB,31.0,Home,16.0,46.0,0.0,2022011600,58826.0,,202201160tam,21525.0,401326630,5868.0,8,7,293.0,-352.0,7.5,-107.0,-104.0,45.5,100.0,-112.0,0,outdoors,grass,66.0,21.0,00-0036389,00-0019596,Jalen Hurts,Tom Brady,Nick Sirianni,Bruce Arians,Craig Wrolstad,TAM00,Raymond James Stadium
2021_20_LA_TB,2021,DIV,20,2022-01-23,Sunday,15:00,LA,30.0,TB,27.0,Home,-3.0,57.0,0.0,2022012300,58833.0,,202201230tam,21531.0,401326634,5874.0,6,7,131.0,-145.0,2.5,108.0,-121.0,48.0,-102.0,-109.0,0,outdoors,grass,50.0,11.0,00-0026498,00-0019596,Matthew Stafford,Tom Brady,Sean McVay,Bruce Arians,Shawn Hochuli,TAM00,Raymond James Stadium
2022_01_TB_DAL,2022,REG,1,2022-09-11,Sunday,20:20,TB,19.0,DAL,3.0,Home,-16.0,22.0,0.0,2022091113,58852.0,,202209110dal,,401437644,5893.0,7,7,-133.0,120.0,-2.5,-108.0,-102.0,49.5,-102.0,-110.0,0,closed,matrixturf,,,00-0019596,00-0033077,Tom Brady,Dak Prescott,Todd Bowles,Mike McCarthy,Ron Torbert,DAL00,AT&T Stadium
2022_02_TB_NO,2022,REG,2,2022-09-18,Sunday,13:00,TB,20.0,NO,10.0,Home,-10.0,30.0,0.0,2022091804,58859.0,,202209180nor,,401437652,5900.0,7,7,-138.0,124.0,-2.5,-109.0,-102.0,44.0,-117.0,104.0,1,dome,sportturf,,,00-0019596,00-0031503,Tom Brady,Jameis Winston,Todd Bowles,Dennis Allen,Shawn Hochuli,NOR00,Mercedes-Benz Superdome
2022_03_GB_TB,2022,REG,3,2022-09-25,Sunday,16:25,GB,14.0,TB,12.0,Home,-2.0,26.0,0.0,2022092512,58883.0,,202209250tam,,401437607,5924.0,7,7,112.0,-123.0,1.0,105.0,-115.0,41.5,-103.0,-109.0,0,outdoors,grass,,,00-0023459,00-0019596,Aaron Rodgers,Tom Brady,Matt LaFleur,Todd Bowles,Scott Novak,TAM00,Raymond James Stadium
2022_04_KC_TB,2022,REG,4,2022-10-02,Sunday,20:20,KC,41.0,TB,31.0,Home,-10.0,72.0,0.0,2022100213,58900.0,,202210020tam,,401437470,5941.0,7,7,113.0,-125.0,1.0,107.0,-118.0,46.5,102.0,-115.0,0,outdoors,grass,,,00-0033873,00-0019596,Patrick Mahomes,Tom Brady,Andy Reid,Todd Bowles,Bill Vinovich,TAM00,Raymond James Stadium
2022_05_ATL_TB,2022,REG,5,2022-10-09,Sunday,13:00,ATL,15.0,TB,21.0,Home,6.0,36.0,0.0,2022100908,58911.0,,202210090tam,,401437770,5952.0,7,7,355.0,-430.0,10.5,-113.0,102.0,46.0,101.0,-113.0,1,outdoors,grass,,,00-0032268,00-0019596,Marcus Mariota,Tom Brady,Arthur Smith,Todd Bowles,Jerome Boger,TAM00,Raymond James Stadium
2022_06_TB_PIT,2022,REG,6,2022-10-16,Sunday,13:00,TB,18.0,PIT,20.0,Home,2.0,38.0,0.0,2022101607,58926.0,,202210160pit,,401437785,5967.0,7,7,-386.0,323.0,-10.0,103.0,-113.0,47.0,-117.0,104.0,0,outdoors,grass,,,00-0019596,00-0038102,Tom Brady,Kenny Pickett,Todd Bowles,Mike Tomlin,Shawn Smith,PIT00,Acrisure Stadium
2022_07_TB_CAR,2022,REG,7,2022-10-23,Sunday,13:00,TB,3.0,CAR,21.0,Home,18.0,24.0,0.0,2022102301,58934.0,,202210230car,,401437793,5975.0,7,7,-680.0,524.0,-13.0,-103.0,-107.0,39.5,-116.0,103.0,1,outdoors,grass,,,00-0019596,00-0033275,Tom Brady,Phillip Walker,Todd Bowles,Steve Wilks,Craig Wrolstad,CAR00,Bank of America Stadium
2022_08_BAL_TB,2022,REG,8,2022-10-27,Thursday,20:15,BAL,27.0,TB,22.0,Home,-5.0,49.0,0.0,2022102700,58946.0,,202210270tam,,401437805,5987.0,4,4,116.0,-128.0,2.0,-104.0,-106.0,46.0,-102.0,-110.0,0,outdoors,grass,,,00-0034796,00-0019596,Lamar Jackson,Tom Brady,John Harbaugh,Todd Bowles,Carl Cheffers,TAM00,Raymond James Stadium
2022_09_LA_TB,2022,REG,9,2022-11-06,Sunday,16:25,LA,13.0,TB,16.0,Home,3.0,29.0,0.0,2022110609,58971.0,,202211060tam,,401437829,6012.0,7,10,142.0,-158.0,3.0,-104.0,-106.0,43.0,-108.0,-104.0,0,outdoors,grass,88.0,2.0,00-0026498,00-0019596,Matthew Stafford,Tom Brady,Sean McVay,Todd Bowles,Shawn Hochuli,TAM00,Raymond James Stadium
2022_10_SEA_TB,2022,REG,10,2022-11-13,Sunday,09:30,SEA,16.0,TB,21.0,Neutral,5.0,37.0,0.0,2022111300,58975.0,,202211130tam,,401435638,6016.0,7,7,124.0,-138.0,2.5,103.0,-114.0,45.0,-104.0,-108.0,0,outdoors,,,,00-0030565,00-0019596,Geno Smith,Tom Brady,Pete Carroll,Todd Bowles,John Hussey,GER00,Allianz Arena
2022_12_TB_CLE,2022,REG,12,2022-11-27,Sunday,13:00,TB,17.0,CLE,23.0,Home,6.0,40.0,1.0,2022112701,59006.0,,202211270cle,,401437861,6047.0,14,7,-169.0,151.0,-3.0,-118.0,107.0,42.0,-103.0,-109.0,0,outdoors,grass,56.0,14.0,00-0019596,00-0033119,Tom Brady,Jacoby Brissett,Todd Bowles,Kevin Stefanski,Tra Blake,CLE00,FirstEnergy Stadium
2022_13_NO_TB,2022,REG,13,2022-12-05,Monday,20:15,NO,16.0,TB,17.0,Home,1.0,33.0,0.0,2022120500,59032.0,,202212050tam,,401437887,6073.0,8,8,169.0,-190.0,3.5,-105.0,-105.0,41.0,-107.0,-105.0,1,outdoors,grass,69.0,2.0,00-0027973,00-0019596,Andy Dalton,Tom Brady,Dennis Allen,Todd Bowles,Clay Martin,TAM00,Raymond James Stadium
2022_14_TB_SF,2022,REG,14,2022-12-11,Sunday,16:25,TB,7.0,SF,35.0,Home,28.0,42.0,0.0,2022121109,59043.0,,202212110sfo,,401437897,6084.0,6,7,175.0,-196.0,3.5,-107.0,-103.0,38.0,104.0,-117.0,0,outdoors,grass,54.0,8.0,00-0019596,00-0037834,Tom Brady,Brock Purdy,Todd Bowles,Kyle Shanahan,Brad Allen,SFO01,Levi's Stadium
2022_15_CIN_TB,2022,REG,15,2022-12-18,Sunday,16:25,CIN,34.0,TB,23.0,Home,-11.0,57.0,0.0,2022121807,59059.0,,202212180tam,,401437914,6100.0,7,7,-167.0,150.0,-3.5,108.0,-120.0,47.0,101.0,-114.0,0,outdoors,grass,66.0,6.0,00-0036442,00-0019596,Joe Burrow,Tom Brady,Zac Taylor,Todd Bowles,Adrian Hill,TAM00,Raymond James Stadium
2022_16_TB_ARI,2022,REG,16,2022-12-25,Sunday,20:20,TB,19.0,ARI,16.0,Home,-3.0,35.0,1.0,2022122502,59076.0,,202212250crd,,401437930,6117.0,7,7,-320.0,273.0,-7.5,102.0,-113.0,41.5,-104.0,-108.0,0,open,grass,,,00-0019596,00-0035146,Tom Brady,Trace McSorley,Todd Bowles,Kliff Kingsbury,John Hussey,PHO00,State Farm Stadium
2022_17_CAR_TB,2022,REG,17,2023-01-01,Sunday,13:00,CAR,24.0,TB,30.0,Home,6.0,54.0,0.0,2023010108,59087.0,,202301010tam,,401437941,6128.0,8,7,164.0,-184.0,3.5,-110.0,-100.0,40.5,-103.0,-109.0,1,outdoors,grass,75.0,2.0,00-0034869,00-0019596,Sam Darnold,Tom Brady,Steve Wilks,Todd Bowles,Brad Rogers,TAM00,Raymond James Stadium
2022_18_TB_ATL,2022,REG,18,2023-01-08,Sunday,13:00,TB,17.0,ATL,30.0,Home,13.0,47.0,0.0,2023010800,59094.0,,202301080atl,,401437948,6135.0,7,7,207.0,-235.0,6.0,-110.0,100.0,40.5,-106.0,-106.0,1,closed,fieldturf,,,00-0027948,00-0038122,Blaine Gabbert,Desmond Ridder,Todd Bowles,Arthur Smith,Land Clark,ATL97,Mercedes-Benz Stadium
2022_19_DAL_TB,2022,WC,19,2023-01-16,Monday,20:15,DAL,31.0,TB,14.0,Home,-17.0,45.0,0.0,2023011600,59164.0,,202301160tam,,401438003,6156.0,8,8,-135.0,122.0,-2.5,-108.0,-103.0,45.5,-105.0,-107.0,0,outdoors,grass,58.0,2.0,00-0033077,00-0019596,Dak Prescott,Tom Brady,Mike McCarthy,Todd Bowles,Craig Wrolstad,TAM00,Raymond James Stadium
2023_01_TB_MIN,2023,REG,1,2023-09-10,Sunday,13:00,TB,20.0,MIN,17.0,Home,-3.0,37.0,0.0,2023091004,59178.0,,202309100min,,401547398,,7,7,170.0,-205.0,4.0,-110.0,-110.0,45.0,-110.0,-110.0,0,dome,,,,00-0034855,00-0029604,Baker Mayfield,Kirk Cousins,Todd Bowles,Kevin O'Connell,Scott Novak,MIN01,U.S. Bank Stadium
2023_02_CHI_TB,2023,REG,2,2023-09-17,Sunday,13:00,CHI,17.0,TB,27.0,Home,10.0,44.0,0.0,2023091706,59196.0,,202309170tam,,401547420,,7,7,114.0,-135.0,2.5,-110.0,-110.0,41.0,-110.0,-110.0,0,outdoors,,,,00-0036945,00-0034855,Justin Fields,Baker Mayfield,Matt Eberflus,Todd Bowles,Bill Vinovich,TAM00,Raymond James Stadium
2023_03_PHI_TB,2023,REG,3,2023-09-25,Monday,19:15,PHI,25.0,TB,11.0,Home,-14.0,36.0,0.0,2023092500,59219.0,,202309250tam,,401547440,,11,8,-258.0,210.0,-6.0,-110.0,-110.0,44.0,-108.0,-112.0,0,outdoors,grass,90.0,4.0,00-0036389,00-0034855,Jalen Hurts,Baker Mayfield,Nick Sirianni,Todd Bowles,Adrian Hill,TAM00,Raymond James Stadium
2023_04_TB_NO,2023,REG,4,2023-10-01,Sunday,13:00,TB,26.0,NO,9.0,Home,-17.0,35.0,0.0,2023100107,59229.0,,202310010nor,,401547450,,6,7,170.0,-205.0,4.0,-110.0,-110.0,41.0,-110.0,-110.0,1,dome,sportturf,,,00-0034855,00-0031280,Baker Mayfield,Derek Carr,Todd Bowles,Dennis Allen,Shawn Hochuli,NOR00,Mercedes-Benz Superdome
2023_06_DET_TB,2023,REG,6,2023-10-15,Sunday,16:25,DET,20.0,TB,6.0,Home,-14.0,26.0,0.0,2023101508,59260.0,,202310150tam,,401547478,,7,14,-162.0,136.0,-3.0,-115.0,-105.0,43.5,-112.0,-108.0,0,outdoors,grass,77.0,13.0,00-0033106,00-0034855,Jared Goff,Baker Mayfield,Dan Campbell,Todd Bowles,Clay Martin,TAM00,Raymond James Stadium
2023_07_ATL_TB,2023,REG,7,2023-10-22,Sunday,13:00,ATL,16.0,TB,13.0,Home,-3.0,29.0,0.0,2023102205,59272.0,,202310220tam,,401547491,,7,7,124.0,-148.0,3.0,-115.0,-105.0,37.5,-115.0,-105.0,1,outdoors,grass,79.0,3.0,00-0038122,00-0034855,Desmond Ridder,Baker Mayfield,Arthur Smith,Todd Bowles,Ron Torbert,TAM00,Raymond James Stadium
2023_08_TB_BUF,2023,REG,8,2023-10-26,Thursday,20:15,TB,18.0,BUF,24.0,Home,6.0,42.0,0.0,2023102600,59279.0,,202310260buf,,401547496,,4,4,370.0,-485.0,10.0,-112.0,-108.0,43.0,-110.0,-110.0,0,outdoors,a_turf,66.0,10.0,00-0034855,00-0034857,Baker Mayfield,Josh Allen,Todd Bowles,Sean McDermott,Scott Novak,BUF00,New Era Field
2023_09_TB_HOU,2023,REG,9,2023-11-05,Sunday,13:00,TB,37.0,HOU,39.0,Home,2.0,76.0,0.0,2023110505,59301.0,,202311050htx,,401547515,,10,7,124.0,-148.0,2.5,100.0,-120.0,39.5,-110.0,-110.0,0,closed,astroturf,,,00-0034855,00-0039163,Baker Mayfield,C.J. Stroud,Todd Bowles,DeMeco Ryans,Land Clark,HOU00,NRG Stadium
2023_10_TEN_TB,2023,REG,10,2023-11-12,Sunday,13:00,TEN,6.0,TB,20.0,Home,14.0,26.0,0.0,2023111206,59316.0,,202311120tam,,401547528,,10,7,120.0,-142.0,2.5,-105.0,-115.0,39.5,-110.0,-110.0,0,outdoors,grass,85.0,6.0,00-0039152,00-0034855,Will Levis,Baker Mayfield,Mike Vrabel,Todd Bowles,Alan Eck,TAM00,Raymond James Stadium
2023_11_TB_SF,2023,REG,11,2023-11-19,Sunday,16:05,TB,14.0,SF,27.0,Home,13.0,41.0,0.0,2023111908,59332.0,,202311190sfo,,401547549,,7,7,625.0,-950.0,13.5,-110.0,-110.0,41.5,-108.0,-112.0,0,outdoors,grass,65.0,10.0,00-0034855,00-0037834,Baker Mayfield,Brock Purdy,Todd Bowles,Kyle Shanahan,Craig Wrolstad,SFO01,Levi's Stadium
2023_12_TB_IND,2023,REG,12,2023-11-26,Sunday,13:00,TB,20.0,IND,27.0,Home,7.0,47.0,0.0,2023112603,59344.0,,202311260clt,,401547556,,7,14,130.0,-155.0,2.5,-105.0,-115.0,45.0,-112.0,-108.0,0,closed,fieldturf,,,00-0034855,00-0035289,Baker Mayfield,Gardner Minshew,Todd Bowles,Shane Steichen,Clete Blakeman,IND00,Lucas Oil Stadium
2023_13_CAR_TB,2023,REG,13,2023-12-03,Sunday,16:05,CAR,18.0,TB,21.0,Home,3.0,39.0,0.0,2023120304,59358.0,,202312030tam,,401547569,,7,7,164.0,-198.0,4.0,-110.0,-110.0,37.0,-110.0,-110.0,1,outdoors,grass,81.0,8.0,00-0039150,00-0034855,Bryce Young,Baker Mayfield,Chris Tabor,Todd Bowles,Brad Rogers,TAM00,Raymond James Stadium
2023_14_TB_ATL,2023,REG,14,2023-12-10,Sunday,13:00,TB,29.0,ATL,25.0,Home,-4.0,54.0,0.0,2023121000,59367.0,,202312100atl,,401547579,,7,7,105.0,-125.0,1.5,-108.0,-112.0,41.5,-110.0,-110.0,1,closed,fieldturf,,,00-0034855,00-0038122,Baker Mayfield,Desmond Ridder,Todd Bowles,Arthur Smith,Alex Kemp,ATL97,Mercedes-Benz Stadium
2023_15_TB_GB,2023,REG,15,2023-12-17,Sunday,13:00,TB,34.0,GB,20.0,Home,-14.0,54.0,0.0,2023121700,59387.0,,202312170gnb,,401547598,,7,6,180.0,-218.0,4.0,-110.0,-110.0,41.5,-110.0,-110.0,0,outdoors,grass,42.0,8.0,00-0034855,00-0036264,Baker Mayfield,Jordan Love,Todd Bowles,Matt LaFleur,Tra Blake,GNB00,Lambeau Field
2023_16_JAX_TB,2023,REG,16,2023-12-24,Sunday,16:05,JAX,12.0,TB,30.0,Home,18.0,42.0,0.0,2023122408,59406.0,,202312240tam,,401547615,,7,7,-125.0,105.0,-2.0,-110.0,-110.0,43.0,-108.0,-112.0,0,outdoors,grass,72.0,11.0,00-0036971,00-0034855,Trevor Lawrence,Baker Mayfield,Doug Pederson,Todd Bowles,Brad Allen,TAM00,Raymond James Stadium
2023_17_NO_TB,2023,REG,17,2023-12-31,Sunday,13:00,NO,23.0,TB,13.0,Home,-10.0,36.0,0.0,2023123109,59423.0,,202312310tam,,401547634,,10,7,124.0,-148.0,2.5,100.0,-120.0,42.5,-112.0,-108.0,1,outdoors,grass,66.0,5.0,00-0031280,00-0034855,Derek Carr,Baker Mayfield,Dennis Allen,Todd Bowles,Land Clark,TAM00,Raymond James Stadium
2023_18_TB_CAR,2023,REG,18,2024-01-07,Sunday,13:00,TB,9.0,CAR,0.0,Home,-9.0,9.0,0.0,2024010705,59431.0,,202401070car,,401547640,,7,7,-245.0,200.0,-5.0,-105.0,-115.0,36.5,-110.0,-110.0,1,outdoors,grass,54.0,19.0,00-0034855,00-0039150,Baker Mayfield,Bryce Young,Todd Bowles,Chris Tabor,Clete Blakeman,CAR00,Bank of America Stadium
2023_19_PHI_TB,2023,WC,19,2024-01-15,Monday,20:00,PHI,9.0,TB,32.0,Home,23.0,41.0,0.0,2024011500,59499.0,,202401150tam,,401547754,,8,8,-162.0,136.0,-2.5,-125.0,105.0,43.0,-102.0,-118.0,0,outdoors,grass,65.0,2.0,00-0036389,00-0034855,Jalen Hurts,Baker Mayfield,Nick Sirianni,Todd Bowles,Adrian Hill,TAM00,Raymond James Stadium
2023_20_TB_DET,2023,DIV,20,2024-01-21,Sunday,15:00,TB,23.0,DET,31.0,Home,8.0,54.0,0.0,2024012100,59502.0,,202401210det,,401547757,,6,7,225.0,-278.0,6.0,-102.0,-118.0,49.5,-105.0,-115.0,0,dome,fieldturf,,,00-0034855,00-0033106,Baker Mayfield,Jared Goff,Todd Bowles,Dan Campbell,Bill Vinovich,DET00,Ford Field
2024_01_WAS_TB,2024,REG,1,2024-09-08,Sunday,16:25,WAS,20.0,TB,37.0,Home,17.0,57.0,0.0,2024090811,59521.0,,202409080tam,,401671770,6462.0,7,7,164.0,-198.0,4.0,-112.0,-108.0,42.0,-110.0,-110.0,0,outdoors,grass,93.0,6.0,00-0039910,00-0034855,Jayden Daniels,Baker Mayfield,Dan Quinn,Todd Bowles,Bill Vinovich,TAM00,Raymond James Stadium
2024_02_TB_DET,2024,REG,2,2024-09-15,Sunday,13:00,TB,20.0,DET,16.0,Home,-4.0,36.0,0.0,2024091503,59528.0,,202409150det,,401671721,6469.0,7,7,295.0,-375.0,7.5,-108.0,-112.0,51.5,-112.0,-108.0,0,dome,fieldturf,,,00-0034855,00-0033106,Baker Mayfield,Jared Goff,Todd Bowles,Dan Campbell,Clay Martin,DET00,Ford Field
2024_03_DEN_TB,2024,REG,3,2024-09-22,Sunday,13:00,DEN,26.0,TB,7.0,Home,-19.0,33.0,0.0,2024092205,59546.0,,202409220tam,,401671741,6487.0,7,7,200.0,-245.0,6.0,-112.0,-108.0,40.5,-108.0,-112.0,0,outdoors,grass,85.0,6.0,00-0039732,00-0034855,Bo Nix,Baker Mayfield,Sean Payton,Todd Bowles,Alan Eck,TAM00,Raymond James Stadium
2024_04_PHI_TB,2024,REG,4,2024-09-29,Sunday,13:00,PHI,16.0,TB,33.0,Home,17.0,49.0,0.0,2024092907,59564.0,,202409290tam,,401671740,6505.0,7,7,-115.0,-105.0,-1.0,-110.0,-110.0,42.0,-108.0,-112.0,0,outdoors,grass,88.0,9.0,00-0036389,00-0034855,Jalen Hurts,Baker Mayfield,Nick Sirianni,Todd Bowles,Carl Cheffers,TAM00,Raymond James Stadium
2024_05_TB_ATL,2024,REG,5,2024-10-03,Thursday,20:15,TB,30.0,ATL,36.0,Home,6.0,66.0,1.0,2024100300,59572.0,,202410030atl,,401671815,6513.0,4,4,120.0,-142.0,2.5,-102.0,-118.0,44.0,-110.0,-110.0,1,closed,fieldturf,,,00-0034855,00-0029604,Baker Mayfield,Kirk Cousins,Todd Bowles,Raheem Morris,Ron Torbert,ATL97,Mercedes-Benz Stadium
2024_06_TB_NO,2024,REG,6,2024-10-13,Sunday,13:00,TB,51.0,NO,27.0,Home,-24.0,78.0,0.0,2024101304,59591.0,,202410130nor,,401671735,6532.0,10,6,-175.0,145.0,-3.5,-108.0,-112.0,42.5,-110.0,-110.0,1,dome,sportturf,,,00-0034855,00-0039376,Baker Mayfield,Spencer Rattler,Todd Bowles,Dennis Allen,Clete Blakeman,NOR00,Mercedes-Benz Superdome
2024_07_BAL_TB,2024,REG,7,2024-10-21,Monday,20:15,BAL,41.0,TB,31.0,Home,-10.0,72.0,0.0,2024102100,59613.0,,202410210tam,,401671695,6554.0,8,8,-225.0,185.0,-4.5,-110.0,-110.0,51.0,-110.0,-110.0,0,outdoors,grass,80.0,8.0,00-0034796,00-0034855,Lamar Jackson,Baker Mayfield,John Harbaugh,Todd Bowles,Alex Kemp,TAM00,Raymond James Stadium
2024_08_ATL_TB,2024,REG,8,2024-10-27,Sunday,13:00,ATL,31.0,TB,26.0,Home,-5.0,57.0,0.0,2024102706,59622.0,,202410270tam,,401671739,6563.0,7,6,-122.0,102.0,-1.5,-110.0,-110.0,47.0,-108.0,-112.0,1,outdoors,grass,79.0,6.0,00-0029604,00-0034855,Kirk Cousins,Baker Mayfield,Raheem Morris,Todd Bowles,Shawn Hochuli,TAM00,Raymond James Stadium
2024_09_TB_KC,2024,REG,9,2024-11-04,Monday,20:15,TB,24.0,KC,30.0,Home,6.0,54.0,1.0,2024110400,59645.0,,202411040kan,,401671688,6586.0,8,8,330.0,-425.0,9.0,-110.0,-110.0,45.5,-108.0,-112.0,0,outdoors,grass,63.0,6.0,00-0034855,00-0033873,Baker Mayfield,Patrick Mahomes,Todd Bowles,Andy Reid,John Hussey,KAN00,GEHA Field at Arrowhead Stadium
2024_10_SF_TB,2024,REG,10,2024-11-10,Sunday,13:00,SF,23.0,TB,20.0,Home,-3.0,43.0,0.0,2024111006,59653.0,,202411100tam,,401671742,6594.0,14,6,-298.0,240.0,-6.5,-118.0,-102.0,50.5,-112.0,-108.0,0,outdoors,grass,85.0,9.0,00-0037834,00-0034855,Brock Purdy,Baker Mayfield,Kyle Shanahan,Todd Bowles,Shawn Smith,TAM00,Raymond James Stadium
2024_12_TB_NYG,2024,REG,12,2024-11-24,Sunday,13:00,TB,30.0,NYG,7.0,Home,-23.0,37.0,0.0,2024112405,59680.0,,202411240nyg,,401671638,6621.0,14,14,-298.0,240.0,-6.5,-108.0,-112.0,40.5,-110.0,-110.0,0,outdoors,fieldturf,50.0,13.0,00-0034855,00-0038476,Baker Mayfield,Tommy DeVito,Todd Bowles,Brian Daboll,Adrian Hill,NYC01,MetLife Stadium
2024_13_TB_CAR,2024,REG,13,2024-12-01,Sunday,16:05,TB,26.0,CAR,23.0,Home,-3.0,49.0,1.0,2024120107,59698.0,,202412010car,,401671752,6639.0,7,7,-290.0,235.0,-6.5,-115.0,-105.0,46.0,-110.0,-110.0,1,outdoors,grass,51.0,7.0,00-0034855,00-0027973,Baker Mayfield,Andy Dalton,Todd Bowles,Dave Canales,Tra Blake,CAR00,Bank of America Stadium
2024_14_LV_TB,2024,REG,14,2024-12-08,Sunday,13:00,LV,13.0,TB,28.0,Home,15.0,41.0,0.0,2024120805,59709.0,,202412080tam,,401671654,6650.0,9,7,260.0,-325.0,7.0,-115.0,-105.0,47.0,-112.0,-108.0,0,outdoors,grass,71.0,4.0,00-0035289,00-0034855,Gardner Minshew,Baker Mayfield,Antonio Pierce,Todd Bowles,Alan Eck,TAM00,Raymond James Stadium
2024_15_TB_LAC,2024,REG,15,2024-12-15,Sunday,16:25,TB,40.0,LAC,17.0,Home,-23.0,57.0,0.0,2024121510,59727.0,,202412150sdg,,401671762,6668.0,7,7,136.0,-162.0,3.0,-105.0,-115.0,46.0,-108.0,-112.0,0,dome,matrixturf,,,00-0034855,00-0036355,Baker Mayfield,Justin Herbert,Todd Bowles,Jim Harbaugh,Scott Novak,LAX01,SoFi Stadium
2024_16_TB_DAL,2024,REG,16,2024-12-22,Sunday,20:20,TB,24.0,DAL,26.0,Home,2.0,50.0,0.0,2024122213,59746.0,,202412220dal,,401671790,6687.0,7,7,-218.0,180.0,-4.5,-105.0,-115.0,47.5,-110.0,-110.0,0,closed,matrixturf,,,00-0034855,00-0033662,Baker Mayfield,Cooper Rush,Todd Bowles,Mike McCarthy,Land Clark,DAL00,AT&T Stadium
2024_17_CAR_TB,2024,REG,17,2024-12-29,Sunday,13:00,CAR,14.0,TB,48.0,Home,34.0,62.0,0.0,2024122909,59760.0,,202412290tam,,401671653,6701.0,7,7,380.0,-500.0,9.5,-105.0,-115.0,47.5,-108.0,-112.0,1,outdoors,grass,76.0,8.0,00-0039150,00-0034855,Bryce Young,Baker Mayfield,Dave Canales,Todd Bowles,Clay Martin,TAM00,Raymond James Stadium
2024_18_NO_TB,2024,REG,18,2025-01-05,Sunday,13:00,NO,19.0,TB,27.0,Home,8.0,46.0,0.0,2025010514,59778.0,,202501050tam,,401671828,6719.0,7,7,675.0,-1050.0,14.5,-102.0,-118.0,44.5,-112.0,-108.0,1,outdoors,grass,68.0,6.0,00-0039376,00-0034855,Spencer Rattler,Baker Mayfield,Dennis Allen,Todd Bowles,Adrian Hill,TAM00,Raymond James Stadium
2024_19_WAS_TB,2024,WC,19,2025-01-12,Sunday,20:00,WAS,23.0,TB,20.0,Home,-3.0,43.0,0.0,2025011202,59833.0,,202501120tam,,401671883,,7,7,136.0,-162.0,3.0,-110.0,-110.0,51.5,-105.0,-115.0,0,outdoors,grass,58.0,2.0,00-0039910,00-0034855,Jayden Daniels,Baker Mayfield,Dan Quinn,Todd Bowles,Craig Wrolstad,TAM00,Raymond James Stadium
2025_01_TB_ATL,2025,REG,1,2025-09-07,Sunday,13:00,TB,23.0,ATL,20.0,Home,-3.0,43.0,0.0,2025090700,59845.0,,202509070atl,28420.0,401772830,6736.0,7,7,-115.0,-105.0,-1.5,-102.0,-118.0,47.5,-105.0,-115.0,1,closed,fieldturf,,,00-0034855,00-0039917,Baker Mayfield,Michael Penix,Todd Bowles,Raheem Morris,Land Clark,ATL97,Mercedes-Benz Stadium
2025_02_TB_HOU,2025,REG,2,2025-09-15,Monday,19:00,TB,20.0,HOU,19.0,Home,-1.0,39.0,0.0,2025091500,59873.0,,202509150htx,28448.0,401772715,6765.0,8,8,114.0,-135.0,2.5,-110.0,-110.0,42.5,-110.0,-110.0,0,closed,astroturf,,,00-0034855,00-0039163,Baker Mayfield,C.J. Stroud,Todd Bowles,DeMeco Ryans,Shawn Hochuli,HOU00,NRG Stadium
2025_03_NYJ_TB,2025,REG,3,2025-09-21,Sunday,13:00,NYJ,27.0,TB,29.0,Home,2.0,56.0,0.0,2025092106,59882.0,,202509210tam,28458.0,401772840,6773.0,7,6,275.0,-345.0,6.5,-105.0,-115.0,43.5,-115.0,-105.0,0,outdoors,grass,88.0,5.0,00-0028118,00-0034855,Tyrod Taylor,Baker Mayfield,Aaron Glenn,Todd Bowles,Adrian Hill,TAM00,Raymond James Stadium
2025_04_PHI_TB,2025,REG,4,2025-09-28,Sunday,13:00,PHI,31.0,TB,25.0,Home,-6.0,56.0,0.0,2025092807,59899.0,,202509280tam,28474.0,401772845,6790.0,7,7,-185.0,154.0,-3.5,-102.0,-118.0,44.5,-118.0,-102.0,0,outdoors,grass,88.0,6.0,00-0036389,00-0034855,Jalen Hurts,Baker Mayfield,Nick Sirianni,Todd Bowles,Alan Eck,TAM00,Raymond James Stadium
2025_05_TB_SEA,2025,REG,5,2025-10-05,Sunday,16:05,TB,38.0,SEA,35.0,Home,-3.0,73.0,0.0,2025100508,59916.0,,202510050sea,28490.0,401772746,6807.0,7,10,150.0,-180.0,3.5,-115.0,-105.0,44.5,-110.0,-110.0,0,outdoors,fieldturf,61.0,8.0,00-0034855,00-0034869,Baker Mayfield,Sam Darnold,Todd Bowles,Mike Macdonald,Craig Wrolstad,SEA00,Lumen Field
2025_06_SF_TB,2025,REG,6,2025-10-12,Sunday,16:25,SF,19.0,TB,30.0,Home,11.0,49.0,0.0,2025101207,59929.0,,202510120tam,28504.0,401772749,6820.0,10,7,160.0,-192.0,3.5,-105.0,-115.0,46.5,-105.0,-115.0,0,outdoors,grass,82.0,10.0,00-0036972,00-0034855,Mac Jones,Baker Mayfield,Kyle Shanahan,Todd Bowles,Brad Rogers,TAM00,Raymond James Stadium
2025_07_TB_DET,2025,REG,7,2025-10-20,Monday,19:00,TB,9.0,DET,24.0,Home,15.0,33.0,0.0,2025102000,59949.0,,202510200det,28524.0,401772816,6841.0,8,8,225.0,-278.0,6.0,-112.0,-108.0,54.5,-115.0,-105.0,0,dome,fieldturf,,,00-0034855,00-0033106,Baker Mayfield,Jared Goff,Todd Bowles,Dan Campbell,John Hussey,DET00,Ford Field
2025_08_TB_NO,2025,REG,8,2025-10-26,Sunday,16:05,TB,23.0,NO,3.0,Home,-20.0,26.0,0.0,2025102607,59959.0,,202510260nor,28534.0,401772869,6850.0,6,7,-218.0,180.0,-4.5,-105.0,-115.0,46.5,-110.0,-110.0,1,dome,sportturf,,,00-0034855,00-0039376,Baker Mayfield,Spencer Rattler,Todd Bowles,Kellen Moore,Ron Torbert,NOR00,Mercedes-Benz Superdome
2025_10_NE_TB,2025,REG,10,2025-11-09,Sunday,13:00,NE,28.0,TB,23.0,Home,-5.0,51.0,0.0,2025110907,59986.0,,202511090tam,28561.0,401772772,6877.0,7,14,124.0,-148.0,2.5,100.0,-120.0,48.5,-105.0,-115.0,0,outdoors,grass,82.0,11.0,00-0039851,00-0034855,Drake Maye,Baker Mayfield,Mike Vrabel,Todd Bowles,Alex Kemp,TAM00,Raymond James Stadium
2025_11_TB_BUF,2025,REG,11,2025-11-16,Sunday,13:00,TB,32.0,BUF,44.0,Home,12.0,76.0,0.0,2025111602,59995.0,,202511160buf,28570.0,401772776,6886.0,7,7,230.0,-285.0,6.0,-108.0,-112.0,46.5,-112.0,-108.0,0,outdoors,a_turf,38.0,20.0,00-0034855,00-0034857,Baker Mayfield,Josh Allen,Todd Bowles,Sean McDermott,Alex Moore,BUF00,New Era Field
2025_12_TB_LA,2025,REG,12,2025-11-23,Sunday,20:20,TB,7.0,LA,34.0,Home,27.0,41.0,0.0,2025112311,60019.0,,202511230ram,28594.0,401772929,6910.0,7,7,295.0,-375.0,7.0,-110.0,-110.0,49.5,100.0,-120.0,0,dome,matrixturf,,,00-0034855,00-0026498,Baker Mayfield,Matthew Stafford,Todd Bowles,Sean McVay,Clay Martin,LAX01,SoFi Stadium
2025_13_ARI_TB,2025,REG,13,2025-11-30,Sunday,13:00,ARI,17.0,TB,20.0,Home,3.0,37.0,0.0,2025113005,60030.0,,202511300tam,28605.0,401772895,6921.0,7,7,164.0,-198.0,4.5,-115.0,-105.0,44.5,-108.0,-112.0,0,outdoors,grass,80.0,8.0,00-0033119,00-0034855,Jacoby Brissett,Baker Mayfield,Jonathan Gannon,Todd Bowles,Bill Vinovich,TAM00,Raymond James Stadium
2025_14_NO_TB,2025,REG,14,2025-12-07,Sunday,13:00,NO,24.0,TB,20.0,Home,-4.0,44.0,0.0,2025120707,60045.0,,202512070tam,28620.0,401772792,6936.0,7,7,330.0,-425.0,7.5,-102.0,-118.0,41.5,-105.0,-115.0,1,outdoors,grass,73.0,6.0,00-0040743,00-0034855,Tyler Shough,Baker Mayfield,Kellen Moore,Todd Bowles,Clete Blakeman,TAM00,Raymond James Stadium
2025_15_ATL_TB,2025,REG,15,2025-12-11,Thursday,20:15,ATL,,TB,,Home,,,,2025121100,,,202512110tam,28626.0,401772948,6942.0,4,4,190.0,-230.0,4.5,-115.0,-105.0,44.5,-105.0,-115.0,1,outdoors,grass,,,00-0029604,00-0034855,Kirk Cousins,Baker Mayfield,Raheem Morris,Todd Bowles,,TAM00,Raymond James Stadium
2025_16_TB_CAR,2025,REG,16,2025-12-21,Sunday,13:00,TB,,CAR,,Home,,,,2025122101,,,202512210car,28646.0,401772912,6962.0,10,7,-125.0,105.0,-1.5,-110.0,-110.0,45.5,-110.0,-110.0,1,outdoors,grass,,,,,,,Todd Bowles,Dave Canales,,CAR00,Bank of America Stadium
2025_17_TB_MIA,2025,REG,17,2025-12-28,Sunday,13:00,TB,,MIA,,Home,,,,2025122802,,,202512280mia,28668.0,401772916,6984.0,7,7,,,,,,,,,0,outdoors,grass,,,,,,,Todd Bowles,Mike McDaniel,,MIA00,Hard Rock Stadium
2025_18_CAR_TB,2025,REG,18,2026-01-04,Sunday,13:00,CAR,,TB,,Home,,,,2025010415,,,202501040tam,28688.0,401772969,7005.0,6,6,,,,,,,,,1,outdoors,grass,,,,,,,Dave Canales,Todd Bowles,,TAM00,Raymond James Stadium
