game_id,season,game_type,week,gameday,weekday,gametime,away_team,away_score,home_team,home_score,location,result,total,overtime,old_game_id,gsis,nfl_detail_id,pfr,pff,espn,ftn,away_rest,home_rest,away_moneyline,home_moneyline,spread_line,away_spread_odds,home_spread_odds,total_line,under_odds,over_odds,div_game,roof,surface,temp,wind,away_qb_id,home_qb_id,away_qb_name,home_qb_name,away_coach,home_coach,referee,stadium_id,stadium
2000_01_SF_ATL,2000,REG,1,2000-09-03,Sunday,13:00,SF,28.0,ATL,36.0,Home,8.0,64.0,0.0,2000090310,998.0,,200009030atl,,200903001,,7,7,,,6.5,,,46.5,,,1,dome,astroturf,,,00-0005755,00-0002876,Jeff Garcia,Chris Chandler,Steve Mariucci,Dan Reeves,Walt Coleman,ATL00,Georgia Dome
2000_02_ATL_DEN,2000,REG,2,2000-09-10,Sunday,16:15,ATL,14.0,DEN,42.0,Home,28.0,56.0,0.0,2000091000,1003.0,,200009100den,,200910007,,7,6,,,4.5,,,47.0,,,0,outdoors,grass,84.0,10.0,00-0002876,00-0006423,Chris Chandler,Brian Griese,Dan Reeves,Mike Shanahan,Tony Corrente,DEN99,Mile High Stadium
2000_03_ATL_CAR,2000,REG,3,2000-09-17,Sunday,13:00,ATL,15.0,CAR,10.0,Home,-5.0,25.0,0.0,2000091700,1017.0,,200009170car,,200917029,,7,7,,,6.0,,,48.5,,,1,outdoors,grass,63.0,3.0,00-0002876,00-0001218,Chris Chandler,Steve Beuerlein,Dan Reeves,George Seifert,Larry Nemmers,CAR00,Ericsson Stadium
2000_04_STL_ATL,2000,REG,4,2000-09-24,Sunday,13:00,STL,41.0,ATL,20.0,Home,-21.0,61.0,0.0,2000092408,1043.0,,200009240atl,,200924001,,7,7,,,-6.5,,,55.0,,,1,dome,astroturf,,,00-0017200,00-0002876,Kurt Warner,Chris Chandler,Mike Martz,Dan Reeves,Bill Carollo,ATL00,Georgia Dome
2000_05_ATL_PHI,2000,REG,5,2000-10-01,Sunday,20:20,ATL,10.0,PHI,38.0,Home,28.0,48.0,0.0,2000100112,1062.0,,200010010phi,,201001021,,7,7,,,3.0,,,41.5,,,0,outdoors,astroturf,68.0,8.0,00-0002876,00-0011022,Chris Chandler,Donovan McNabb,Dan Reeves,Andy Reid,Phil Luckett,PHI99,Veterans Stadium
2000_06_NYG_ATL,2000,REG,6,2000-10-08,Sunday,16:05,NYG,13.0,ATL,6.0,Home,-7.0,19.0,0.0,2000100806,1070.0,,200010080atl,,201008001,,7,7,,,1.0,,,42.0,,,0,dome,astroturf,,,00-0003292,00-0002876,Kerry Collins,Chris Chandler,Jim Fassel,Dan Reeves,Johnny Grier,ATL00,Georgia Dome
2000_07_ATL_STL,2000,REG,7,2000-10-15,Sunday,13:00,ATL,29.0,STL,45.0,Home,16.0,74.0,0.0,2000101500,1078.0,,200010150ram,,201015014,,7,14,,,18.0,,,58.5,,,1,dome,astroturf,,,00-0002876,00-0017200,Chris Chandler,Kurt Warner,Dan Reeves,Mike Martz,Jeff Triplette,STL00,TWA Dome
2000_08_NO_ATL,2000,REG,8,2000-10-22,Sunday,13:00,NO,21.0,ATL,19.0,Home,-2.0,40.0,0.0,2000102206,1099.0,,200010220atl,,201022001,,7,7,,,-1.5,,,40.0,,,1,dome,astroturf,,,00-0001335,00-0002876,Jeff Blake,Chris Chandler,Jim Haslett,Dan Reeves,Dick Hantak,ATL00,Georgia Dome
2000_09_CAR_ATL,2000,REG,9,2000-10-29,Sunday,13:00,CAR,12.0,ATL,13.0,Home,1.0,25.0,0.0,2000102900,1106.0,,200010290atl,,201029001,,7,7,,,-3.0,,,45.5,,,1,dome,astroturf,,,00-0001218,00-0002876,Steve Beuerlein,Chris Chandler,George Seifert,Dan Reeves,Tom White,ATL00,Georgia Dome
2000_10_TB_ATL,2000,REG,10,2000-11-05,Sunday,13:00,TB,27.0,ATL,14.0,Home,-13.0,41.0,0.0,2000110511,1131.0,,200011050atl,,201105001,,7,7,,,-7.0,,,40.0,,,0,dome,astroturf,,,00-0009266,00-0002876,Shaun King,Chris Chandler,Tony Dungy,Dan Reeves,Bernie Kukar,ATL00,Georgia Dome
2000_11_ATL_DET,2000,REG,11,2000-11-12,Sunday,13:00,ATL,10.0,DET,13.0,Home,3.0,23.0,0.0,2000111201,1137.0,,200011120det,,201112008,,7,7,,,8.5,,,40.0,,,0,dome,astroturf,,,00-0009007,00-0000865,Danny Kanell,Charlie Batch,Dan Reeves,Gary Moeller,Walt Coleman,DET99,Pontiac Silverdome
2000_12_ATL_SF,2000,REG,12,2000-11-19,Sunday,16:15,ATL,6.0,SF,16.0,Home,10.0,22.0,0.0,2000111901,1152.0,,200011190sfo,,201119025,,7,7,,,5.5,,,47.5,,,1,outdoors,grass,57.0,3.0,00-0002876,00-0005755,Chris Chandler,Jeff Garcia,Dan Reeves,Steve Mariucci,Mike Carey,SFO00,3Com Park
2000_13_ATL_OAK,2000,REG,13,2000-11-26,Sunday,16:05,ATL,14.0,OAK,41.0,Home,27.0,55.0,0.0,2000112600,1168.0,,200011260rai,,201126013,,7,7,,,11.0,,,44.0,,,0,outdoors,grass,57.0,8.0,00-0002876,00-0005741,Chris Chandler,Rich Gannon,Dan Reeves,Jon Gruden,Jeff Triplette,OAK00,Network Associates Coliseum
2000_14_SEA_ATL,2000,REG,14,2000-12-03,Sunday,13:00,SEA,30.0,ATL,10.0,Home,-20.0,40.0,0.0,2000120310,1192.0,,200012030atl,,201203001,,7,7,,,0.0,,,42.0,,,0,dome,astroturf,,,00-0009311,00-0019087,Jon Kitna,Doug Johnson,Mike Holmgren,Dan Reeves,Ron Winter,ATL00,Georgia Dome
2000_16_ATL_NO,2000,REG,16,2000-12-17,Sunday,13:00,ATL,7.0,NO,23.0,Home,16.0,30.0,0.0,2000121700,1208.0,,200012170nor,,201217018,,14,7,,,10.0,,,41.0,,,1,dome,astroturf,,,00-0019087,00-0001823,Doug Johnson,Aaron Brooks,Dan Reeves,Jim Haslett,Ed Hochuli,NOR00,Louisiana Superdome
2000_17_KC_ATL,2000,REG,17,2000-12-24,Sunday,13:00,KC,13.0,ATL,29.0,Home,16.0,42.0,0.0,2000122404,1228.0,,200012240atl,,201224001,,7,7,,,-4.5,,,40.5,,,0,dome,astroturf,,,00-0006300,00-0002876,Elvis Grbac,Chris Chandler,Gunther Cunningham,Dan Reeves,Larry Nemmers,ATL00,Georgia Dome
2001_01_ATL_SF,2001,REG,1,2001-09-09,Sunday,16:15,ATL,13.0,SF,16.0,Home,3.0,29.0,1.0,2001090900,17670.0,,200109090sfo,,210909025,,7,7,,,3.5,,,46.0,,,1,outdoors,grass,68.0,12.0,00-0002876,00-0005755,Chris Chandler,Jeff Garcia,Dan Reeves,Steve Mariucci,Riley Johnson,SFO00,3Com Park
2001_02_CAR_ATL,2001,REG,2,2001-09-23,Sunday,13:00,CAR,16.0,ATL,24.0,Home,8.0,40.0,0.0,2001092302,17702.0,,200109230atl,,210923001,,14,14,,,3.5,,,41.0,,,1,dome,astroturf,,,00-0020434,00-0002876,Chris Weinke,Chris Chandler,George Seifert,Dan Reeves,Bob McElwee,ATL00,Georgia Dome
2001_03_ATL_ARI,2001,REG,3,2001-09-30,Sunday,16:05,ATL,34.0,ARI,14.0,Home,-20.0,48.0,0.0,2001093000,17714.0,,200109300crd,,210930022,,7,7,,,-3.0,,,42.0,,,0,outdoors,grass,104.0,20.0,00-0002876,00-0013042,Chris Chandler,Jake Plummer,Dan Reeves,Dave McGinnis,Gerry Austin,PHO99,Sun Devil Stadium
2001_04_CHI_ATL,2001,REG,4,2001-10-07,Sunday,13:00,CHI,31.0,ATL,3.0,Home,-28.0,34.0,0.0,2001100701,17729.0,,200110070atl,,211007001,,14,7,,,3.5,,,39.5,,,0,dome,astroturf,,,00-0011276,00-0002876,Jim Miller,Chris Chandler,Dick Jauron,Dan Reeves,Bill Carollo,ATL00,Georgia Dome
2001_05_SF_ATL,2001,REG,5,2001-10-14,Sunday,13:00,SF,37.0,ATL,31.0,Home,-6.0,68.0,1.0,2001101410,17752.0,,200110140atl,,211014001,,7,7,,,-3.0,,,43.5,,,1,dome,astroturf,,,00-0005755,00-0002876,Jeff Garcia,Chris Chandler,Steve Mariucci,Dan Reeves,Jeff Triplette,ATL00,Georgia Dome
2001_06_ATL_NO,2001,REG,6,2001-10-21,Sunday,13:00,ATL,20.0,NO,13.0,Home,-7.0,33.0,0.0,2001102100,17757.0,,200110210nor,,211021018,,7,7,,,8.0,,,42.0,,,1,dome,astroturf,,,00-0002876,00-0001823,Chris Chandler,Aaron Brooks,Dan Reeves,Jim Haslett,Walt Coleman,NOR00,Louisiana Superdome
2001_08_NE_ATL,2001,REG,8,2001-11-04,Sunday,13:00,NE,24.0,ATL,10.0,Home,-14.0,34.0,0.0,2001110408,17792.0,,200111040atl,,211104001,,7,14,,,3.0,,,42.5,,,0,dome,astroturf,,,00-0019596,00-0002876,Tom Brady,Chris Chandler,Bill Belichick,Dan Reeves,Dick Hantak,ATL00,Georgia Dome
2001_09_DAL_ATL,2001,REG,9,2001-11-11,Sunday,13:00,DAL,13.0,ATL,20.0,Home,7.0,33.0,0.0,2001111103,17801.0,,200111110atl,,211111001,,7,7,,,6.0,,,37.0,,,0,dome,astroturf,,,00-0009715,00-0020245,Ryan Leaf,Michael Vick,Dave Campo,Dan Reeves,Judson Mitchell,ATL00,Georgia Dome
2001_10_ATL_GB,2001,REG,10,2001-11-18,Sunday,13:00,ATL,23.0,GB,20.0,Home,-3.0,43.0,0.0,2001111800,17813.0,,200111180gnb,,211118009,,7,7,,,10.0,,,39.5,,,0,outdoors,grass,59.0,16.0,00-0002876,00-0005106,Chris Chandler,Brett Favre,Dan Reeves,Mike Sherman,Tom White,GNB00,Lambeau Field
2001_11_ATL_CAR,2001,REG,11,2001-11-25,Sunday,13:00,ATL,10.0,CAR,7.0,Home,-3.0,17.0,0.0,2001112501,17831.0,,200111250car,,211125029,,7,7,,,-3.0,,,40.0,,,1,outdoors,grass,73.0,12.0,00-0002876,00-0020434,Chris Chandler,Chris Weinke,Dan Reeves,George Seifert,Tony Corrente,CAR00,Ericsson Stadium
2001_12_STL_ATL,2001,REG,12,2001-12-02,Sunday,16:15,STL,35.0,ATL,6.0,Home,-29.0,41.0,0.0,2001120208,17852.0,,200112020atl,,211202001,,6,7,,,-8.0,,,47.0,,,1,dome,astroturf,,,00-0017200,00-0002876,Kurt Warner,Chris Chandler,Mike Martz,Dan Reeves,Walt Coleman,ATL00,Georgia Dome
2001_13_NO_ATL,2001,REG,13,2001-12-09,Sunday,13:00,NO,28.0,ATL,10.0,Home,-18.0,38.0,0.0,2001120906,17864.0,,200112090atl,,211209001,,7,7,,,-3.0,,,39.0,,,1,dome,astroturf,,,00-0001823,00-0002876,Aaron Brooks,Chris Chandler,Jim Haslett,Dan Reeves,Johnny Grier,ATL00,Georgia Dome
2001_14_ATL_IND,2001,REG,14,2001-12-16,Sunday,13:00,ATL,27.0,IND,41.0,Home,14.0,68.0,0.0,2001121600,17875.0,,200112160clt,,211216011,,7,6,,,4.0,,,46.5,,,0,dome,astroturf,,,00-0002876,00-0010346,Chris Chandler,Peyton Manning,Dan Reeves,Jim Mora,Ron Blum,IND99,RCA Dome
2001_15_BUF_ATL,2001,REG,15,2001-12-23,Sunday,13:00,BUF,30.0,ATL,33.0,Home,3.0,63.0,0.0,2001122300,17891.0,,200112230atl,,211223001,,7,7,,,4.0,,,41.0,,,0,dome,astroturf,,,00-0016838,00-0002876,Alex Van Pelt,Chris Chandler,Gregg Williams,Dan Reeves,Larry Nemmers,ATL00,Georgia Dome
2001_16_ATL_MIA,2001,REG,16,2001-12-30,Sunday,13:00,ATL,14.0,MIA,21.0,Home,7.0,35.0,0.0,2001123001,17905.0,,200112300mia,,211230015,,7,8,,,7.0,,,38.5,,,0,outdoors,grass,75.0,5.0,00-0002876,00-0005180,Chris Chandler,Jay Fiedler,Dan Reeves,Dave Wannstedt,Bernie Kukar,MIA00,Pro Player Stadium
2001_17_ATL_STL,2001,REG,17,2002-01-06,Sunday,16:05,ATL,13.0,STL,31.0,Home,18.0,44.0,0.0,2002010600,17686.0,,200201060ram,,220106014,,7,7,,,14.5,,,48.0,,,1,dome,astroturf,,,00-0020245,00-0017200,Michael Vick,Kurt Warner,Dan Reeves,Mike Martz,Mike Carey,STL00,Dome at America's Center
2002_01_ATL_GB,2002,REG,1,2002-09-08,Sunday,13:00,ATL,34.0,GB,37.0,Home,3.0,71.0,1.0,2002090802,18100.0,,200209080gnb,,220908009,,7,7,,,7.0,,,42.5,,,0,outdoors,grass,83.0,9.0,00-0020245,00-0005106,Michael Vick,Brett Favre,Dan Reeves,Mike Sherman,Ron Winter,GNB00,Lambeau Field
2002_02_CHI_ATL,2002,REG,2,2002-09-15,Sunday,13:00,CHI,14.0,ATL,13.0,Home,-1.0,27.0,0.0,2002091500,18110.0,,200209150atl,,220915001,,7,7,,,2.5,,,45.0,,,0,dome,astroturf,,,00-0011276,00-0020245,Jim Miller,Michael Vick,Dick Jauron,Dan Reeves,Jeff Triplette,ATL00,Georgia Dome
2002_03_CIN_ATL,2002,REG,3,2002-09-22,Sunday,20:30,CIN,3.0,ATL,30.0,Home,27.0,33.0,0.0,2002092212,18138.0,,200209220atl,,220922001,,7,7,,,7.0,,,42.5,,,0,dome,astroturf,,,00-0005589,00-0020245,Gus Frerotte,Michael Vick,Dick LeBeau,Dan Reeves,Terry McAulay,ATL00,Georgia Dome
2002_05_TB_ATL,2002,REG,5,2002-10-06,Sunday,13:00,TB,20.0,ATL,6.0,Home,-14.0,26.0,0.0,2002100612,18154.0,,200210060atl,,221006001,,7,14,,,2.5,,,38.5,,,1,dome,astroturf,,,00-0008442,00-0020245,Brad Johnson,Michael Vick,Jon Gruden,Dan Reeves,Bill Carollo,ATL00,Georgia Dome
2002_06_ATL_NYG,2002,REG,6,2002-10-13,Sunday,13:00,ATL,17.0,NYG,10.0,Home,-7.0,27.0,0.0,2002101300,18174.0,,200210130nyg,,221013019,,7,7,,,6.0,,,35.5,,,0,outdoors,grass,60.0,5.0,00-0019087,00-0003292,Doug Johnson,Kerry Collins,Dan Reeves,Jim Fassel,Bob McElwee,NYC00,Giants Stadium
2002_07_CAR_ATL,2002,REG,7,2002-10-20,Sunday,13:00,CAR,0.0,ATL,30.0,Home,30.0,30.0,0.0,2002102002,18182.0,,200210200atl,,221020001,,7,7,,,4.0,,,35.5,,,1,dome,astroturf,,,00-0020434,00-0020245,Chris Weinke,Michael Vick,John Fox,Dan Reeves,Tom White,ATL00,Georgia Dome
2002_08_ATL_NO,2002,REG,8,2002-10-27,Sunday,13:00,ATL,37.0,NO,35.0,Home,-2.0,72.0,0.0,2002102700,18203.0,,200210270nor,,221027018,,7,7,,,3.5,,,47.0,,,1,dome,astroturf,,,00-0020245,00-0001823,Michael Vick,Aaron Brooks,Dan Reeves,Jim Haslett,Tony Corrente,NOR00,Louisiana Superdome
2002_09_BAL_ATL,2002,REG,9,2002-11-03,Sunday,13:00,BAL,17.0,ATL,20.0,Home,3.0,37.0,0.0,2002110300,18210.0,,200211030atl,,221103001,,7,7,,,7.0,,,40.5,,,0,dome,astroturf,,,00-0001335,00-0020245,Jeff Blake,Michael Vick,Brian Billick,Dan Reeves,Bernie Kukar,ATL00,Georgia Dome
2002_10_ATL_PIT,2002,REG,10,2002-11-10,Sunday,13:00,ATL,34.0,PIT,34.0,Home,0.0,68.0,1.0,2002111000,18229.0,,200211100pit,,221110023,,7,7,,,5.5,,,42.5,,,0,outdoors,grass,64.0,15.0,00-0020245,00-0010261,Michael Vick,Tommy Maddox,Dan Reeves,Bill Cowher,Terry McAulay,PIT00,Heinz Field
2002_11_NO_ATL,2002,REG,11,2002-11-17,Sunday,13:00,NO,17.0,ATL,24.0,Home,7.0,41.0,0.0,2002111712,18238.0,,200211170atl,,221117001,,7,7,,,1.5,,,51.0,,,1,dome,astroturf,,,00-0001823,00-0020245,Aaron Brooks,Michael Vick,Jim Haslett,Dan Reeves,Jeff Triplette,ATL00,Georgia Dome
2002_12_ATL_CAR,2002,REG,12,2002-11-24,Sunday,13:00,ATL,41.0,CAR,0.0,Home,-41.0,41.0,0.0,2002112400,18255.0,,200211240car,,221124029,,7,7,,,-3.5,,,37.0,,,1,outdoors,grass,59.0,0.0,00-0020245,00-0012732,Michael Vick,Rodney Peete,Dan Reeves,John Fox,Bill Leavy,CAR00,Ericsson Stadium
2002_13_ATL_MIN,2002,REG,13,2002-12-01,Sunday,13:00,ATL,30.0,MIN,24.0,Home,-6.0,54.0,1.0,2002120102,18278.0,,200212010min,,221201016,,7,7,,,-3.5,,,47.5,,,0,dome,astroturf,,,00-0020245,00-0003739,Michael Vick,Daunte Culpepper,Dan Reeves,Mike Tice,Ed Hochuli,MIN00,Hubert H. Humphrey Metrodome
2002_14_ATL_TB,2002,REG,14,2002-12-08,Sunday,13:00,ATL,10.0,TB,34.0,Home,24.0,44.0,0.0,2002120800,18292.0,,200212080tam,,221208027,,7,7,,,3.5,,,37.0,,,1,outdoors,grass,74.0,7.0,00-0020245,00-0008442,Michael Vick,Brad Johnson,Dan Reeves,Jon Gruden,Tony Corrente,TAM00,Raymond James Stadium
2002_15_SEA_ATL,2002,REG,15,2002-12-15,Sunday,13:00,SEA,30.0,ATL,24.0,Home,-6.0,54.0,1.0,2002121501,18302.0,,200212150atl,,221215001,,7,7,,,9.5,,,46.0,,,0,dome,astroturf,,,00-0007091,00-0020245,Matt Hasselbeck,Michael Vick,Mike Holmgren,Dan Reeves,Ron Blum,ATL00,Georgia Dome
2002_16_DET_ATL,2002,REG,16,2002-12-22,Sunday,13:00,DET,15.0,ATL,36.0,Home,21.0,51.0,0.0,2002122204,18321.0,,200212220atl,,221222001,,7,7,,,10.5,,,44.0,,,0,dome,astroturf,,,00-0020308,00-0020245,Mike McMahon,Michael Vick,Marty Mornhinweg,Dan Reeves,Walt Coleman,ATL00,Georgia Dome
2002_17_ATL_CLE,2002,REG,17,2002-12-29,Sunday,13:00,ATL,16.0,CLE,24.0,Home,8.0,40.0,0.0,2002122900,18337.0,,200212290cle,,221229005,,7,7,,,-2.5,,,41.0,,,0,outdoors,grass,34.0,6.0,00-0020245,00-0007576,Michael Vick,Kelly Holcomb,Dan Reeves,Butch Davis,Johnny Grier,CLE00,Cleveland Browns Stadium
2002_18_ATL_GB,2002,WC,18,2003-01-04,Saturday,20:00,ATL,27.0,GB,7.0,Home,-20.0,34.0,0.0,2003010401,26307.0,,200301040gnb,,230104009,,6,6,,,6.5,,,40.5,,,0,outdoors,grass,31.0,5.0,00-0020245,00-0005106,Michael Vick,Brett Favre,Dan Reeves,Mike Sherman,Bernie Kukar,GNB00,Lambeau Field
2002_19_ATL_PHI,2002,DIV,19,2003-01-11,Saturday,20:00,ATL,6.0,PHI,20.0,Home,14.0,26.0,0.0,2003011101,26311.0,,200301110phi,,230111021,,7,14,,,7.5,,,38.5,,,0,outdoors,fieldturf,29.0,10.0,00-0020245,00-0011022,Michael Vick,Donovan McNabb,Dan Reeves,Andy Reid,Mike Carey,PHI99,Veterans Stadium
2003_01_ATL_DAL,2003,REG,1,2003-09-07,Sunday,16:15,ATL,27.0,DAL,13.0,Home,-14.0,40.0,0.0,2003090710,26505.0,,200309070dal,,230907006,,7,7,,,2.0,,,36.5,,,0,outdoors,fieldturf,82.0,5.0,00-0019087,00-0020404,Doug Johnson,Quincy Carter,Dan Reeves,Bill Parcells,Mike Carey,DAL99,Texas Stadium
2003_02_WAS_ATL,2003,REG,2,2003-09-14,Sunday,13:00,WAS,33.0,ATL,31.0,Home,-2.0,64.0,0.0,2003091408,26510.0,,200309140atl,,230914001,,10,7,,,3.0,,,39.5,,,0,dome,fieldturf,,,00-0021379,00-0019087,Patrick Ramsey,Doug Johnson,Steve Spurrier,Dan Reeves,Ron Winter,ATL00,Georgia Dome
2003_03_TB_ATL,2003,REG,3,2003-09-21,Sunday,13:00,TB,31.0,ATL,10.0,Home,-21.0,41.0,0.0,2003092100,26526.0,,200309210atl,,230921001,,7,7,,,-6.5,,,35.5,,,1,dome,fieldturf,,,00-0008442,00-0019087,Brad Johnson,Doug Johnson,Jon Gruden,Dan Reeves,Terry McAulay,ATL00,Georgia Dome
2003_04_ATL_CAR,2003,REG,4,2003-09-28,Sunday,16:15,ATL,3.0,CAR,23.0,Home,20.0,26.0,0.0,2003092807,26324.0,,200309280car,,230928029,,7,14,,,6.0,,,35.5,,,1,outdoors,grass,75.0,10.0,00-0019087,00-0004161,Doug Johnson,Jake Delhomme,Dan Reeves,John Fox,Gerald Austin,CAR00,Ericsson Stadium
2003_05_MIN_ATL,2003,REG,5,2003-10-05,Sunday,13:00,MIN,39.0,ATL,26.0,Home,-13.0,65.0,0.0,2003100502,26336.0,,200310050atl,,231005001,,7,7,,,-4.5,,,43.5,,,0,dome,fieldturf,,,00-0005589,00-0019087,Gus Frerotte,Doug Johnson,Mike Tice,Dan Reeves,Ron Blum,ATL00,Georgia Dome
2003_06_ATL_STL,2003,REG,6,2003-10-13,Monday,09:00,ATL,0.0,STL,36.0,Home,36.0,36.0,0.0,2003101300,26364.0,,200310130ram,,231013014,,8,15,,,10.0,,,46.0,,,0,dome,astroturf,,,00-0019087,00-0019599,Doug Johnson,Marc Bulger,Dan Reeves,Mike Martz,Bill Leavy,STL00,Edward Jones Dome
2003_07_NO_ATL,2003,REG,7,2003-10-19,Sunday,13:00,NO,45.0,ATL,17.0,Home,-28.0,62.0,0.0,2003101909,26365.0,,200310190atl,,231019001,,7,6,,,-3.0,,,42.0,,,1,dome,fieldturf,,,00-0001823,00-0021271,Aaron Brooks,Kurt Kittner,Jim Haslett,Dan Reeves,Bernie Kukar,ATL00,Georgia Dome
2003_09_PHI_ATL,2003,REG,9,2003-11-02,Sunday,16:15,PHI,23.0,ATL,16.0,Home,-7.0,39.0,0.0,2003110205,26401.0,,200311020atl,,231102001,,7,14,,,-6.0,,,39.5,,,0,dome,fieldturf,,,00-0011022,00-0021271,Donovan McNabb,Kurt Kittner,Andy Reid,Dan Reeves,Terry McAulay,ATL00,Georgia Dome
2003_10_ATL_NYG,2003,REG,10,2003-11-09,Sunday,13:00,ATL,27.0,NYG,7.0,Home,-20.0,34.0,0.0,2003110907,26412.0,,200311090nyg,,231109019,,7,7,,,11.5,,,41.0,,,0,outdoors,fieldturf,40.0,5.0,00-0021271,00-0003292,Kurt Kittner,Kerry Collins,Dan Reeves,Jim Fassel,Walt Anderson,NYC00,Giants Stadium
2003_11_ATL_NO,2003,REG,11,2003-11-16,Sunday,13:00,ATL,20.0,NO,23.0,Home,3.0,43.0,1.0,2003111608,26427.0,,200311160nor,,231116018,,7,14,,,9.0,,,44.0,,,1,dome,fieldturf,,,00-0021271,00-0001823,Kurt Kittner,Aaron Brooks,Dan Reeves,Jim Haslett,Tony Corrente,NOR00,Louisiana Superdome
2003_12_TEN_ATL,2003,REG,12,2003-11-23,Sunday,16:15,TEN,38.0,ATL,31.0,Home,-7.0,69.0,0.0,2003112314,26447.0,,200311230atl,,231123001,,7,7,,,-6.5,,,44.0,,,0,dome,fieldturf,,,00-0011024,00-0019087,Steve McNair,Doug Johnson,Jeff Fisher,Dan Reeves,Gerry Austin,ATL00,Georgia Dome
2003_13_ATL_HOU,2003,REG,13,2003-11-30,Sunday,13:00,ATL,13.0,HOU,17.0,Home,4.0,30.0,0.0,2003113007,26457.0,,200311300htx,,231130034,,7,7,,,3.0,,,42.5,,,0,closed,grass,,,00-0019087,00-0000722,Doug Johnson,Tony Banks,Dan Reeves,Dom Capers,Larry Nemmers,HOU00,Reliant Stadium
2003_14_CAR_ATL,2003,REG,14,2003-12-07,Sunday,20:30,CAR,14.0,ATL,20.0,Home,6.0,34.0,1.0,2003120714,26482.0,,200312070atl,,231207001,,7,7,,,-1.0,,,41.0,,,1,dome,fieldturf,,,00-0004161,00-0020245,Jake Delhomme,Michael Vick,John Fox,Dan Reeves,Bill Carollo,ATL00,Georgia Dome
2003_15_ATL_IND,2003,REG,15,2003-12-14,Sunday,13:00,ATL,7.0,IND,38.0,Home,31.0,45.0,0.0,2003121400,26486.0,,200312140clt,,231214011,,7,7,,,7.5,,,48.0,,,0,dome,astroturf,,,00-0020245,00-0010346,Michael Vick,Peyton Manning,Wade Phillips,Tony Dungy,Johnny Grier,IND99,RCA Dome
2003_16_ATL_TB,2003,REG,16,2003-12-20,Saturday,13:30,ATL,30.0,TB,28.0,Home,-2.0,58.0,0.0,2003122000,26544.0,,200312200tam,,231220027,,6,6,,,6.5,,,38.5,,,1,outdoors,grass,53.0,12.0,00-0020245,00-0008442,Michael Vick,Brad Johnson,Wade Phillips,Jon Gruden,Ron Winter,TAM00,Raymond James Stadium
2003_17_JAX_ATL,2003,REG,17,2003-12-28,Sunday,13:00,JAX,14.0,ATL,21.0,Home,7.0,35.0,0.0,2003122804,26560.0,,200312280atl,,231228001,,7,8,,,2.5,,,44.0,,,0,dome,fieldturf,,,00-0022177,00-0020245,Byron Leftwich,Michael Vick,Jack Del Rio,Wade Phillips,Tom White,ATL00,Georgia Dome
2004_01_ATL_SF,2004,REG,1,2004-09-12,Sunday,16:15,ATL,21.0,SF,19.0,Home,-2.0,40.0,0.0,2004091212,26922.0,,200409120sfo,,240912025,,7,7,,,-3.0,,,44.5,,,0,outdoors,grass,67.0,15.0,00-0020245,00-0019623,Michael Vick,Tim Rattay,Jim Mora,Dennis Erickson,Tony Corrente,SFO00,3Com Park
2004_02_STL_ATL,2004,REG,2,2004-09-19,Sunday,13:00,STL,17.0,ATL,34.0,Home,17.0,51.0,0.0,2004091900,26925.0,,200409190atl,,240919001,,7,7,,,2.0,,,46.0,,,0,dome,fieldturf,,,00-0019599,00-0020245,Marc Bulger,Michael Vick,Mike Martz,Jim Mora,Terry McAulay,ATL00,Georgia Dome
2004_03_ARI_ATL,2004,REG,3,2004-09-26,Sunday,13:00,ARI,3.0,ATL,6.0,Home,3.0,9.0,0.0,2004092600,26941.0,,200409260atl,,240926001,,7,7,,,11.0,,,44.0,,,0,dome,fieldturf,,,00-0021206,00-0020245,Josh McCown,Michael Vick,Dennis Green,Jim Mora,Walt Coleman,ATL00,Georgia Dome
2004_04_ATL_CAR,2004,REG,4,2004-10-03,Sunday,16:05,ATL,27.0,CAR,10.0,Home,-17.0,37.0,0.0,2004100308,26963.0,,200410030car,,241003029,,7,14,,,3.5,,,39.0,,,1,outdoors,grass,71.0,6.0,00-0020245,00-0004161,Michael Vick,Jake Delhomme,Jim Mora,John Fox,Bernie Kukar,CAR00,Bank of America Stadium
2004_05_DET_ATL,2004,REG,5,2004-10-10,Sunday,13:00,DET,17.0,ATL,10.0,Home,-7.0,27.0,0.0,2004101000,26969.0,,200410100atl,,241010001,,14,7,,,6.5,,,41.0,,,0,dome,fieldturf,,,00-0021141,00-0020245,Joey Harrington,Michael Vick,Steve Mariucci,Jim Mora,Ron Winter,ATL00,Georgia Dome
2004_06_SD_ATL,2004,REG,6,2004-10-17,Sunday,13:00,SD,20.0,ATL,21.0,Home,1.0,41.0,0.0,2004101700,26983.0,,200410170atl,,241017001,,7,7,,,5.5,,,43.0,,,0,dome,fieldturf,,,00-0020531,00-0020245,Drew Brees,Michael Vick,Marty Schottenheimer,Jim Mora,Walt Anderson,ATL00,Georgia Dome
2004_07_ATL_KC,2004,REG,7,2004-10-24,Sunday,13:00,ATL,10.0,KC,56.0,Home,46.0,66.0,0.0,2004102404,27001.0,,200410240kan,,241024012,,7,7,,,3.5,,,44.5,,,0,outdoors,grass,69.0,9.0,00-0020245,00-0006355,Michael Vick,Trent Green,Jim Mora,Dick Vermeil,Tony Corrente,KAN00,Arrowhead Stadium
2004_08_ATL_DEN,2004,REG,8,2004-10-31,Sunday,16:05,ATL,41.0,DEN,28.0,Home,-13.0,69.0,0.0,2004103108,27019.0,,200410310den,,241031007,,7,6,,,7.0,,,39.5,,,0,outdoors,grass,54.0,12.0,00-0020245,00-0013042,Michael Vick,Jake Plummer,Jim Mora,Mike Shanahan,Terry McAulay,DEN00,Invesco Field at Mile High
2004_10_TB_ATL,2004,REG,10,2004-11-14,Sunday,13:00,TB,14.0,ATL,24.0,Home,10.0,38.0,0.0,2004111400,27039.0,,200411140atl,,241114001,,7,14,,,3.5,,,41.0,,,1,dome,fieldturf,,,00-0006423,00-0020245,Brian Griese,Michael Vick,Jon Gruden,Jim Mora,Bernie Kukar,ATL00,Georgia Dome
2004_11_ATL_NYG,2004,REG,11,2004-11-21,Sunday,16:15,ATL,14.0,NYG,10.0,Home,-4.0,24.0,0.0,2004112112,27065.0,,200411210nyg,,241121019,,7,7,,,-3.0,,,40.0,,,0,outdoors,fieldturf,57.0,3.0,00-0020245,00-0022803,Michael Vick,Eli Manning,Jim Mora,Tom Coughlin,Jeff Triplette,NYC00,Giants Stadium
2004_12_NO_ATL,2004,REG,12,2004-11-28,Sunday,16:05,NO,21.0,ATL,24.0,Home,3.0,45.0,0.0,2004112808,27079.0,,200411280atl,,241128001,,7,7,,,9.0,,,47.5,,,1,dome,fieldturf,,,00-0001823,00-0020245,Aaron Brooks,Michael Vick,Jim Haslett,Jim Mora,Walt Anderson,ATL00,Georgia Dome
2004_13_ATL_TB,2004,REG,13,2004-12-05,Sunday,13:00,ATL,0.0,TB,27.0,Home,27.0,27.0,0.0,2004120509,27094.0,,200412050tam,,241205027,,7,7,,,2.0,,,39.5,,,1,outdoors,grass,71.0,3.0,00-0020245,00-0006423,Michael Vick,Brian Griese,Jim Mora,Jon Gruden,Peter Morelli,TAM00,Raymond James Stadium
2004_14_OAK_ATL,2004,REG,14,2004-12-12,Sunday,13:00,OAK,10.0,ATL,35.0,Home,25.0,45.0,0.0,2004121200,27101.0,,200412120atl,,241212001,,7,7,,,7.5,,,46.0,,,0,dome,fieldturf,,,00-0003292,00-0020245,Kerry Collins,Michael Vick,Norv Turner,Jim Mora,Gerry Austin,ATL00,Georgia Dome
2004_15_CAR_ATL,2004,REG,15,2004-12-18,Saturday,20:30,CAR,31.0,ATL,34.0,Home,3.0,65.0,1.0,2004121802,27119.0,,200412180atl,,241218001,,6,6,,,3.5,,,41.0,,,1,dome,fieldturf,,,00-0004161,00-0020245,Jake Delhomme,Michael Vick,John Fox,Jim Mora,Larry Nemmers,ATL00,Georgia Dome
2004_16_ATL_NO,2004,REG,16,2004-12-26,Sunday,13:00,ATL,13.0,NO,26.0,Home,13.0,39.0,0.0,2004122604,27140.0,,200412260nor,,241226018,,8,7,,,6.5,,,44.0,,,1,dome,fieldturf,,,00-0022787,00-0001823,Matt Schaub,Aaron Brooks,Jim Mora,Jim Haslett,Ron Winter,NOR00,Louisiana Superdome
2004_17_ATL_SEA,2004,REG,17,2005-01-02,Sunday,16:05,ATL,26.0,SEA,28.0,Home,2.0,54.0,0.0,2005010211,27160.0,,200501020sea,,250102026,,7,7,,,5.5,,,41.0,,,0,outdoors,fieldturf,40.0,5.0,00-0022787,00-0007091,Matt Schaub,Matt Hasselbeck,Jim Mora,Mike Holmgren,Mike Carey,SEA00,Qwest Field
2004_19_STL_ATL,2004,DIV,19,2005-01-15,Saturday,20:00,STL,17.0,ATL,47.0,Home,30.0,64.0,0.0,2005011501,27238.0,,200501150atl,,250115001,,7,13,,,6.5,,,49.0,,,0,dome,fieldturf,,,00-0019599,00-0020245,Marc Bulger,Michael Vick,Mike Martz,Jim Mora,Terry McAulay,ATL00,Georgia Dome
2004_20_ATL_PHI,2004,CON,20,2005-01-23,Sunday,15:00,ATL,10.0,PHI,27.0,Home,17.0,37.0,0.0,2005012300,27241.0,,200501230phi,,250123021,,8,7,,,6.0,,,37.0,,,0,outdoors,grass,17.0,26.0,00-0020245,00-0011022,Michael Vick,Donovan McNabb,Jim Mora,Andy Reid,Bill Carollo,PHI00,Lincoln Financial Field
2005_01_PHI_ATL,2005,REG,1,2005-09-12,Monday,09:00,PHI,10.0,ATL,14.0,Home,4.0,24.0,0.0,2005091200,28540.0,,200509120atl,,250912001,,7,7,,,-2.0,,,41.5,,,0,dome,fieldturf,,,00-0011022,00-0020245,Donovan McNabb,Michael Vick,Andy Reid,Jim Mora,Walt Coleman,ATL00,Georgia Dome
2005_02_ATL_SEA,2005,REG,2,2005-09-18,Sunday,16:05,ATL,18.0,SEA,21.0,Home,3.0,39.0,0.0,2005091809,28551.0,,200509180sea,,250918026,,6,7,,,1.0,,,41.5,,,0,outdoors,fieldturf,60.0,4.0,00-0020245,00-0007091,Michael Vick,Matt Hasselbeck,Jim Mora,Mike Holmgren,Mike Carey,SEA00,Qwest Field
2005_03_ATL_BUF,2005,REG,3,2005-09-25,Sunday,13:00,ATL,24.0,BUF,16.0,Home,-8.0,40.0,0.0,2005092500,28557.0,,200509250buf,,250925002,,7,7,,,3.0,,,36.0,,,0,outdoors,astroplay,77.0,12.0,00-0020245,00-0022912,Michael Vick,J.P. Losman,Jim Mora,Mike Mularkey,Scott Green,BUF00,Ralph Wilson Stadium
2005_04_MIN_ATL,2005,REG,4,2005-10-02,Sunday,16:15,MIN,10.0,ATL,30.0,Home,20.0,40.0,0.0,2005100211,28581.0,,200510020atl,,251002001,,7,7,,,6.0,,,44.5,,,0,dome,fieldturf,,,00-0003739,00-0020245,Daunte Culpepper,Michael Vick,Mike Tice,Jim Mora,Jeff Triplette,ATL00,Georgia Dome
2005_05_NE_ATL,2005,REG,5,2005-10-09,Sunday,13:00,NE,31.0,ATL,28.0,Home,-3.0,59.0,0.0,2005100903,28585.0,,200510090atl,,251009001,,7,7,,,2.5,,,43.5,,,0,dome,fieldturf,,,00-0019596,00-0022787,Tom Brady,Matt Schaub,Bill Belichick,Jim Mora,Terry McAulay,ATL00,Georgia Dome
2005_06_ATL_NO,2005,REG,6,2005-10-16,Sunday,13:00,ATL,34.0,NO,31.0,Home,-3.0,65.0,0.0,2005101600,28604.0,,200510160nor,,251016018,,7,7,,,-4.0,,,42.0,,,1,dome,fieldturf,,,00-0020245,00-0001823,Michael Vick,Aaron Brooks,Jim Mora,Jim Haslett,Bill Carollo,SAN00,Alamo Dome
2005_07_NYJ_ATL,2005,REG,7,2005-10-24,Monday,09:00,NYJ,14.0,ATL,27.0,Home,13.0,41.0,0.0,2005102400,28626.0,,200510240atl,,251024001,,8,8,,,7.5,,,41.0,,,0,dome,fieldturf,,,00-0016193,00-0020245,Vinny Testaverde,Michael Vick,Herm Edwards,Jim Mora,Bill Vinovich,ATL00,Georgia Dome
2005_09_ATL_MIA,2005,REG,9,2005-11-06,Sunday,13:00,ATL,17.0,MIA,10.0,Home,-7.0,27.0,0.0,2005110600,28645.0,,200511060mia,,251106015,,13,7,,,-2.0,,,39.5,,,0,outdoors,grass,80.0,8.0,00-0020245,00-0005589,Michael Vick,Gus Frerotte,Jim Mora,Nick Saban,Scott Green,MIA00,Dolphin Stadium
2005_10_GB_ATL,2005,REG,10,2005-11-13,Sunday,16:15,GB,33.0,ATL,25.0,Home,-8.0,58.0,0.0,2005111310,28665.0,,200511130atl,,251113001,,7,7,,,9.5,,,42.0,,,0,dome,fieldturf,,,00-0005106,00-0020245,Brett Favre,Michael Vick,Mike Sherman,Jim Mora,Bernie Kukar,ATL00,Georgia Dome
2005_11_TB_ATL,2005,REG,11,2005-11-20,Sunday,13:00,TB,30.0,ATL,27.0,Home,-3.0,57.0,0.0,2005112009,28669.0,,200511200atl,,251120001,,7,7,,,6.0,,,38.0,,,1,dome,fieldturf,,,00-0022005,00-0020245,Chris Simms,Michael Vick,Jon Gruden,Jim Mora,Larry Nemmers,ATL00,Georgia Dome
2005_12_ATL_DET,2005,REG,12,2005-11-24,Thursday,12:30,ATL,27.0,DET,7.0,Home,-20.0,34.0,0.0,2005112400,28685.0,,200511240det,,251124008,,4,4,,,-3.0,,,40.5,,,0,dome,fieldturf,,,00-0020245,00-0021141,Michael Vick,Joey Harrington,Jim Mora,Steve Mariucci,Peter Morelli,DET00,Ford Field
2005_13_ATL_CAR,2005,REG,13,2005-12-04,Sunday,13:00,ATL,6.0,CAR,24.0,Home,18.0,30.0,0.0,2005120400,28702.0,,200512040car,,251204029,,10,7,,,3.0,,,43.5,,,1,outdoors,grass,60.0,12.0,00-0020245,00-0004161,Michael Vick,Jake Delhomme,Jim Mora,John Fox,Gerald Austin,CAR00,Bank of America Stadium
2005_14_NO_ATL,2005,REG,14,2005-12-12,Monday,09:00,NO,17.0,ATL,36.0,Home,19.0,53.0,0.0,2005121200,28732.0,,200512120atl,,251212001,,8,8,,,10.0,,,44.0,,,1,dome,fieldturf,,,00-0001823,00-0020245,Aaron Brooks,Michael Vick,Jim Haslett,Jim Mora,Ron Winter,ATL00,Georgia Dome
2005_15_ATL_CHI,2005,REG,15,2005-12-18,Sunday,20:30,ATL,3.0,CHI,16.0,Home,13.0,19.0,0.0,2005121811,28747.0,,200512180chi,,251218003,,6,7,,,3.0,,,30.5,,,0,outdoors,grass,12.0,8.0,00-0020245,00-0023541,Michael Vick,Kyle Orton,Jim Mora,Lovie Smith,Jeff Triplette,CHI98,Soldier Field
2005_16_ATL_TB,2005,REG,16,2005-12-24,Saturday,13:00,ATL,24.0,TB,27.0,Home,3.0,51.0,1.0,2005122400,28757.0,,200512240tam,,251224027,,6,7,,,3.0,,,37.5,,,1,outdoors,grass,66.0,9.0,00-0020245,00-0022005,Michael Vick,Chris Simms,Jim Mora,Jon Gruden,Bill Leavy,TAM00,Raymond James Stadium
2005_17_CAR_ATL,2005,REG,17,2006-01-01,Sunday,13:00,CAR,44.0,ATL,11.0,Home,-33.0,55.0,0.0,2006010103,28767.0,,200601010atl,,260101001,,8,8,,,-3.5,,,42.0,,,1,dome,fieldturf,,,00-0004161,00-0020245,Jake Delhomme,Michael Vick,John Fox,Jim Mora,Walt Anderson,ATL00,Georgia Dome
2006_01_ATL_CAR,2006,REG,1,2006-09-10,Sunday,13:00,ATL,20.0,CAR,6.0,Home,-14.0,26.0,0.0,2006091000,28862.0,,200609100car,3693.0,260910029,,7,7,,,4.5,,,39.0,,,1,outdoors,grass,86.0,5.0,00-0020245,00-0004161,Michael Vick,Jake Delhomme,Jim Mora,John Fox,Bill Carollo,CAR00,Bank of America Stadium
2006_02_TB_ATL,2006,REG,2,2006-09-17,Sunday,13:00,TB,3.0,ATL,14.0,Home,11.0,17.0,0.0,2006091700,28877.0,,200609170atl,3760.0,260917001,,7,7,,,4.5,,,36.0,,,1,dome,fieldturf,,,00-0022005,00-0020245,Chris Simms,Michael Vick,Jon Gruden,Jim Mora,Bill Vinovich,ATL00,Georgia Dome
2006_03_ATL_NO,2006,REG,3,2006-09-25,Monday,20:30,ATL,3.0,NO,23.0,Home,20.0,26.0,0.0,2006092500,28906.0,,200609250nor,3789.0,260925018,,8,8,,,-4.0,,,45.0,,,1,dome,fieldturf,,,00-0020245,00-0020531,Michael Vick,Drew Brees,Jim Mora,Sean Payton,Ed Hochuli,NOR00,Louisiana Superdome
2006_04_ARI_ATL,2006,REG,4,2006-10-01,Sunday,13:00,ARI,10.0,ATL,32.0,Home,22.0,42.0,0.0,2006100100,28907.0,,200610010atl,3790.0,261001001,,7,6,286.0,-316.0,7.0,103.0,-111.0,41.0,-116.0,106.0,0,dome,fieldturf,,,00-0017200,00-0020245,Kurt Warner,Michael Vick,Dennis Green,Jim Mora,Gene Steratore,ATL00,Georgia Dome
2006_06_NYG_ATL,2006,REG,6,2006-10-15,Sunday,13:00,NYG,27.0,ATL,14.0,Home,-13.0,41.0,0.0,2006101500,28935.0,,200610150atl,3823.0,261015001,,7,14,144.0,-154.0,3.0,-103.0,-105.0,41.0,-103.0,-107.0,0,dome,fieldturf,,,00-0022803,00-0020245,Eli Manning,Michael Vick,Tom Coughlin,Jim Mora,Walt Coleman,ATL00,Georgia Dome
2006_07_PIT_ATL,2006,REG,7,2006-10-22,Sunday,13:00,PIT,38.0,ATL,41.0,Home,3.0,79.0,1.0,2006102200,28948.0,,200610220atl,3833.0,261022001,,7,7,-155.0,145.0,-2.5,-124.0,116.0,39.5,-112.0,102.0,0,dome,fieldturf,,,00-0022924,00-0020245,Ben Roethlisberger,Michael Vick,Bill Cowher,Jim Mora,Ron Winter,ATL00,Georgia Dome
2006_08_ATL_CIN,2006,REG,8,2006-10-29,Sunday,13:00,ATL,29.0,CIN,27.0,Home,-2.0,56.0,0.0,2006102901,28962.0,,200610290cin,3850.0,261029004,,7,7,174.0,-184.0,3.5,-103.0,-105.0,44.5,-111.0,101.0,0,outdoors,fieldturf,56.0,11.0,00-0020245,00-0021429,Michael Vick,Carson Palmer,Jim Mora,Marvin Lewis,Walt Anderson,CIN00,Paul Brown Stadium
2006_09_ATL_DET,2006,REG,9,2006-11-05,Sunday,13:00,ATL,14.0,DET,30.0,Home,16.0,44.0,0.0,2006110503,28978.0,,200611050det,3872.0,261105008,,7,14,-233.0,213.0,-5.0,-106.0,-102.0,47.5,-106.0,-104.0,0,dome,fieldturf,,,00-0020245,00-0009311,Michael Vick,Jon Kitna,Jim Mora,Rod Marinelli,Jerome Boger,DET00,Ford Field
2006_10_CLE_ATL,2006,REG,10,2006-11-12,Sunday,13:00,CLE,17.0,ATL,13.0,Home,-4.0,30.0,0.0,2006111200,28989.0,,200611120atl,3885.0,261112001,,7,7,342.0,-372.0,9.0,-109.0,101.0,42.0,-109.0,-101.0,0,dome,fieldturf,,,00-0023502,00-0020245,Charlie Frye,Michael Vick,Romeo Crennel,Jim Mora,Larry Nemmers,ATL00,Georgia Dome
2006_11_ATL_BAL,2006,REG,11,2006-11-19,Sunday,13:00,ATL,10.0,BAL,24.0,Home,14.0,34.0,0.0,2006111900,29005.0,,200611190rav,3893.0,261119033,,7,7,161.0,-171.0,3.5,-118.0,110.0,41.0,-107.0,-103.0,0,outdoors,sportturf,49.0,8.0,00-0020245,00-0011024,Michael Vick,Steve McNair,Jim Mora,Brian Billick,Bill Leavy,BAL00,M&T Bank Stadium
2006_12_NO_ATL,2006,REG,12,2006-11-26,Sunday,13:00,NO,31.0,ATL,13.0,Home,-18.0,44.0,0.0,2006112600,29024.0,,200611260atl,3912.0,261126001,,7,7,162.0,-172.0,3.0,111.0,-119.0,48.0,105.0,-115.0,1,dome,fieldturf,,,00-0020531,00-0020245,Drew Brees,Michael Vick,Sean Payton,Jim Mora,Scott Green,ATL00,Georgia Dome
2006_13_ATL_WAS,2006,REG,13,2006-12-03,Sunday,13:00,ATL,24.0,WAS,14.0,Home,-10.0,38.0,0.0,2006120309,29047.0,,200612030was,3929.0,261203028,,7,7,-128.0,118.0,-1.0,-119.0,111.0,39.0,-115.0,105.0,0,outdoors,grass,44.0,5.0,00-0020245,00-0023460,Michael Vick,Jason Campbell,Jim Mora,Joe Gibbs,Gerry Austin,WAS00,FedExField
2006_14_ATL_TB,2006,REG,14,2006-12-10,Sunday,13:00,ATL,17.0,TB,6.0,Home,-11.0,23.0,0.0,2006121009,29061.0,,200612100tam,3941.0,261210027,,7,7,-180.0,170.0,-4.0,102.0,-110.0,37.5,102.0,-112.0,1,outdoors,grass,72.0,14.0,00-0020245,00-0024408,Michael Vick,Bruce Gradkowski,Jim Mora,Jon Gruden,Walt Coleman,TAM00,Raymond James Stadium
2006_15_DAL_ATL,2006,REG,15,2006-12-16,Saturday,20:00,DAL,38.0,ATL,28.0,Home,-10.0,66.0,0.0,2006121600,29070.0,,200612160atl,3955.0,261216001,,6,6,-192.0,179.0,-4.0,-103.0,-105.0,45.0,-110.0,100.0,0,dome,fieldturf,,,00-0021678,00-0020245,Tony Romo,Michael Vick,Bill Parcells,Jim Mora,Jerome Boger,ATL00,Georgia Dome
2006_16_CAR_ATL,2006,REG,16,2006-12-24,Sunday,13:00,CAR,10.0,ATL,3.0,Home,-7.0,13.0,0.0,2006122400,29087.0,,200612240atl,3983.0,261224001,,7,8,214.0,-234.0,6.0,-112.0,104.0,40.5,102.0,-112.0,1,dome,fieldturf,,,00-0020434,00-0020245,Chris Weinke,Michael Vick,John Fox,Jim Mora,Tony Corrente,ATL00,Georgia Dome
2006_17_ATL_PHI,2006,REG,17,2006-12-31,Sunday,16:15,ATL,17.0,PHI,24.0,Home,7.0,41.0,0.0,2006123110,29109.0,,200612310phi,3992.0,261231021,,7,6,256.0,-276.0,7.0,-113.0,105.0,43.0,100.0,-110.0,0,outdoors,grass,47.0,6.0,00-0022787,00-0020305,Matt Schaub,A.J. Feeley,Jim Mora,Andy Reid,Terry McAulay,PHI00,Lincoln Financial Field
2007_01_ATL_MIN,2007,REG,1,2007-09-09,Sunday,13:00,ATL,3.0,MIN,24.0,Home,21.0,27.0,0.0,2007090904,29201.0,,200709090min,737.0,270909016,,7,7,152.0,-162.0,3.0,104.0,-112.0,34.5,-105.0,-105.0,0,dome,fieldturf,,,00-0021141,00-0024279,Joey Harrington,Tarvaris Jackson,Bobby Petrino,Brad Childress,John Parry,MIN00,Hubert H. Humphrey Metrodome
2007_02_ATL_JAX,2007,REG,2,2007-09-16,Sunday,13:00,ATL,7.0,JAX,13.0,Home,6.0,20.0,0.0,2007091602,29213.0,,200709160jax,749.0,270916030,,7,7,468.0,-518.0,10.0,-105.0,-103.0,34.5,-102.0,-108.0,0,outdoors,grass,88.0,9.0,00-0021141,00-0021231,Joey Harrington,David Garrard,Bobby Petrino,Jack Del Rio,Tony Corrente,JAX00,Jacksonville Municipal Stadium
2007_03_CAR_ATL,2007,REG,3,2007-09-23,Sunday,16:15,CAR,27.0,ATL,20.0,Home,-7.0,47.0,0.0,2007092312,29239.0,,200709230atl,775.0,270923001,,7,7,-211.0,191.0,-4.0,-106.0,-102.0,38.0,-112.0,102.0,1,dome,fieldturf,,,00-0004161,00-0021141,Jake Delhomme,Joey Harrington,John Fox,Bobby Petrino,Larry Nemmers,ATL00,Georgia Dome
2007_04_HOU_ATL,2007,REG,4,2007-09-30,Sunday,13:00,HOU,16.0,ATL,26.0,Home,10.0,42.0,0.0,2007093000,29243.0,,200709300atl,779.0,270930001,,7,7,-125.0,115.0,-2.5,-106.0,-102.0,39.0,-101.0,-109.0,0,dome,fieldturf,,,00-0022787,00-0021141,Matt Schaub,Joey Harrington,Gary Kubiak,Bobby Petrino,Gerry Austin,ATL00,Georgia Dome
2007_05_ATL_TEN,2007,REG,5,2007-10-07,Sunday,13:00,ATL,13.0,TEN,20.0,Home,7.0,33.0,0.0,2007100707,29264.0,,200710070oti,800.0,271007010,,7,13,295.0,-325.0,9.0,-130.0,122.0,41.0,-112.0,102.0,0,outdoors,grass,84.0,5.0,00-0021141,00-0024218,Joey Harrington,Vince Young,Bobby Petrino,Jeff Fisher,Jerome Boger,NAS00,LP Field
2007_06_NYG_ATL,2007,REG,6,2007-10-15,Monday,20:40,NYG,31.0,ATL,10.0,Home,-21.0,41.0,0.0,2007101500,29283.0,,200710150atl,819.0,271015001,,8,8,-230.0,210.0,-4.5,-110.0,102.0,43.5,105.0,-115.0,0,dome,fieldturf,,,00-0022803,00-0021141,Eli Manning,Joey Harrington,Tom Coughlin,Bobby Petrino,Bill Leavy,ATL00,Georgia Dome
2007_07_ATL_NO,2007,REG,7,2007-10-21,Sunday,13:00,ATL,16.0,NO,22.0,Home,6.0,38.0,0.0,2007102106,29290.0,,200710210nor,826.0,271021018,,6,7,300.0,-330.0,9.0,-132.0,124.0,42.5,-108.0,-102.0,1,dome,fieldturf,,,00-0022177,00-0020531,Byron Leftwich,Drew Brees,Bobby Petrino,Sean Payton,Walt Anderson,NOR00,Louisiana Superdome
2007_09_SF_ATL,2007,REG,9,2007-11-04,Sunday,13:00,SF,16.0,ATL,20.0,Home,4.0,36.0,0.0,2007110400,29311.0,,200711040atl,847.0,271104001,,7,14,186.0,-204.0,3.5,100.0,-108.0,37.0,-107.0,-103.0,0,dome,fieldturf,,,00-0023436,00-0021141,Alex Smith,Joey Harrington,Mike Nolan,Bobby Petrino,Bill Carollo,ATL00,Georgia Dome
2007_10_ATL_CAR,2007,REG,10,2007-11-11,Sunday,13:00,ATL,20.0,CAR,13.0,Home,-7.0,33.0,0.0,2007111100,29325.0,,200711110car,861.0,271111029,,7,7,162.0,-172.0,3.5,-120.0,112.0,35.5,100.0,-110.0,1,outdoors,grass,63.0,6.0,00-0021141,00-0016193,Joey Harrington,Vinny Testaverde,Bobby Petrino,John Fox,Terry McAulay,CAR00,Bank of America Stadium
2007_11_TB_ATL,2007,REG,11,2007-11-18,Sunday,13:00,TB,31.0,ATL,7.0,Home,-24.0,38.0,0.0,2007111800,29339.0,,200711180atl,875.0,271118001,,14,7,-175.0,165.0,-3.0,-119.0,111.0,35.5,-110.0,100.0,1,dome,fieldturf,,,00-0005755,00-0022177,Jeff Garcia,Byron Leftwich,Jon Gruden,Bobby Petrino,Walt Coleman,ATL00,Georgia Dome
2007_12_IND_ATL,2007,REG,12,2007-11-22,Thursday,20:15,IND,31.0,ATL,13.0,Home,-18.0,44.0,0.0,2007112202,29357.0,,200711220atl,893.0,271122001,,4,4,-700.0,630.0,-13.5,-102.0,-106.0,41.0,-115.0,105.0,0,dome,fieldturf,,,00-0010346,00-0021141,Peyton Manning,Joey Harrington,Tony Dungy,Bobby Petrino,Mike Carey,ATL00,Georgia Dome
2007_13_ATL_STL,2007,REG,13,2007-12-02,Sunday,13:00,ATL,16.0,STL,28.0,Home,12.0,44.0,0.0,2007120207,29379.0,,200712020ram,915.0,271202014,,10,7,153.0,-163.0,3.0,101.0,-109.0,40.0,-101.0,-109.0,0,dome,fieldturf,,,00-0021141,00-0005589,Joey Harrington,Gus Frerotte,Bobby Petrino,Scott Linehan,Peter Morelli,STL00,Edward Jones Dome
2007_14_NO_ATL,2007,REG,14,2007-12-10,Monday,20:40,NO,34.0,ATL,14.0,Home,-20.0,48.0,0.0,2007121000,29402.0,,200712100atl,938.0,271210001,,8,8,-201.0,183.0,-4.0,-107.0,-101.0,44.0,-102.0,-108.0,1,dome,fieldturf,,,00-0020531,00-0019709,Drew Brees,Chris Redman,Sean Payton,Emmitt Thomas,Gene Steratore,ATL00,Georgia Dome
2007_15_ATL_TB,2007,REG,15,2007-12-16,Sunday,13:00,ATL,3.0,TB,37.0,Home,34.0,40.0,0.0,2007121608,29413.0,,200712160tam,949.0,271216027,,6,7,581.0,-641.0,13.0,-102.0,-106.0,37.5,-102.0,-108.0,1,outdoors,grass,68.0,25.0,00-0019709,00-0005755,Chris Redman,Jeff Garcia,Emmitt Thomas,Jon Gruden,Jeff Triplette,TAM00,Raymond James Stadium
2007_16_ATL_ARI,2007,REG,16,2007-12-23,Sunday,16:05,ATL,27.0,ARI,30.0,Home,3.0,57.0,1.0,2007122309,29430.0,,200712230crd,966.0,271223022,,7,7,440.0,-480.0,11.0,-103.0,-105.0,44.0,101.0,-111.0,0,open,grass,,,00-0019709,00-0017200,Chris Redman,Kurt Warner,Emmitt Thomas,Ken Whisenhunt,Scott Green,PHO00,University of Phoenix Stadium
2007_17_SEA_ATL,2007,REG,17,2007-12-30,Sunday,13:00,SEA,41.0,ATL,44.0,Home,3.0,85.0,0.0,2007123000,29436.0,,200712300atl,972.0,271230001,,7,7,-127.0,117.0,-2.0,-106.0,-102.0,38.0,-104.0,-106.0,0,dome,fieldturf,,,00-0007091,00-0019709,Matt Hasselbeck,Chris Redman,Mike Holmgren,Emmitt Thomas,Ed Hochuli,ATL00,Georgia Dome
2008_01_DET_ATL,2008,REG,1,2008-09-07,Sunday,13:00,DET,21.0,ATL,34.0,Home,13.0,55.0,0.0,2008090700,29529.0,,200809070atl,1069.0,280907001,,7,7,,,-3.0,,,41.0,,,0,dome,fieldturf,,,00-0009311,00-0026143,Jon Kitna,Matt Ryan,Rod Marinelli,Mike Smith,Ron Winter,ATL00,Georgia Dome
2008_02_ATL_TB,2008,REG,2,2008-09-14,Sunday,16:05,ATL,9.0,TB,24.0,Home,15.0,33.0,0.0,2008091409,29553.0,,200809140tam,1087.0,280914027,,7,7,,,7.0,,,37.5,,,1,outdoors,grass,89.0,8.0,00-0026143,00-0006423,Matt Ryan,Brian Griese,Mike Smith,Jon Gruden,Jeff Triplette,TAM00,Raymond James Stadium
2008_03_KC_ATL,2008,REG,3,2008-09-21,Sunday,13:00,KC,14.0,ATL,38.0,Home,24.0,52.0,0.0,2008092100,29560.0,,200809210atl,1095.0,280921001,,7,7,,,6.5,,,37.0,,,0,dome,fieldturf,,,00-0025604,00-0026143,Tyler Thigpen,Matt Ryan,Herm Edwards,Mike Smith,Scott Green,ATL00,Georgia Dome
2008_04_ATL_CAR,2008,REG,4,2008-09-28,Sunday,13:00,ATL,9.0,CAR,24.0,Home,15.0,33.0,0.0,2008092800,29576.0,,200809280car,1114.0,280928029,,7,7,,,7.0,,,39.0,,,1,outdoors,grass,78.0,4.0,00-0026143,00-0004161,Matt Ryan,Jake Delhomme,Mike Smith,John Fox,Ed Hochuli,CAR00,Bank of America Stadium
2008_05_ATL_GB,2008,REG,5,2008-10-05,Sunday,13:00,ATL,27.0,GB,24.0,Home,-3.0,51.0,0.0,2008100503,29592.0,,200810050gnb,1130.0,281005009,,7,7,210.0,-230.0,5.0,101.0,-109.0,42.0,-109.0,-101.0,0,outdoors,grass,60.0,8.0,00-0026143,00-0023459,Matt Ryan,Aaron Rodgers,Mike Smith,Mike McCarthy,Carl Cheffers,GNB00,Lambeau Field
2008_06_CHI_ATL,2008,REG,6,2008-10-12,Sunday,13:00,CHI,20.0,ATL,22.0,Home,2.0,42.0,0.0,2008101200,29603.0,,200810120atl,1142.0,281012001,,7,7,-130.0,120.0,-3.0,116.0,-124.0,43.0,-105.0,-105.0,0,dome,fieldturf,,,00-0023541,00-0026143,Kyle Orton,Matt Ryan,Lovie Smith,Mike Smith,Alberto Riveron,ATL00,Georgia Dome
2008_08_ATL_PHI,2008,REG,8,2008-10-26,Sunday,13:00,ATL,14.0,PHI,27.0,Home,13.0,41.0,0.0,2008102608,29639.0,,200810260phi,1174.0,281026021,,14,14,340.0,-400.0,9.5,-108.0,100.0,45.0,107.0,-117.0,0,outdoors,grass,63.0,10.0,00-0026143,00-0011022,Matt Ryan,Donovan McNabb,Mike Smith,Andy Reid,Jerome Boger,PHI00,Lincoln Financial Field
2008_09_ATL_OAK,2008,REG,9,2008-11-02,Sunday,16:15,ATL,24.0,OAK,0.0,Home,-24.0,24.0,0.0,2008110210,29654.0,,200811020rai,1191.0,281102013,,7,7,-136.0,126.0,-3.0,114.0,-122.0,41.0,-103.0,-107.0,0,outdoors,grass,63.0,10.0,00-0026143,00-0025388,Matt Ryan,JaMarcus Russell,Mike Smith,Tom Cable,Walt Anderson,OAK00,Oakland-Alameda County Coliseum
2008_10_NO_ATL,2008,REG,10,2008-11-09,Sunday,13:00,NO,20.0,ATL,34.0,Home,14.0,54.0,0.0,2008110900,29659.0,,200811090atl,1198.0,281109001,,14,7,111.0,-121.0,1.0,108.0,-116.0,51.0,101.0,-111.0,1,dome,fieldturf,,,00-0020531,00-0026143,Drew Brees,Matt Ryan,Sean Payton,Mike Smith,Gene Steratore,ATL00,Georgia Dome
2008_11_DEN_ATL,2008,REG,11,2008-11-16,Sunday,13:00,DEN,24.0,ATL,20.0,Home,-4.0,44.0,0.0,2008111600,29673.0,,200811160atl,1208.0,281116001,,10,7,240.0,-260.0,6.5,-103.0,-105.0,51.5,-101.0,-109.0,0,dome,fieldturf,,,00-0024226,00-0026143,Jay Cutler,Matt Ryan,Mike Shanahan,Mike Smith,Peter Morelli,ATL00,Georgia Dome
2008_12_CAR_ATL,2008,REG,12,2008-11-23,Sunday,16:15,CAR,28.0,ATL,45.0,Home,17.0,73.0,0.0,2008112300,29689.0,,200811230atl,1228.0,281123001,,7,7,-113.0,103.0,1.0,-114.0,106.0,41.0,-104.0,-106.0,1,dome,fieldturf,,,00-0004161,00-0026143,Jake Delhomme,Matt Ryan,John Fox,Mike Smith,Tony Corrente,ATL00,Georgia Dome
2008_13_ATL_SD,2008,REG,13,2008-11-30,Sunday,16:05,ATL,22.0,SD,16.0,Home,-6.0,38.0,0.0,2008113008,29715.0,,200811300sdg,1251.0,281130024,,7,7,225.0,-245.0,6.5,-104.0,-104.0,48.0,100.0,-110.0,0,outdoors,grass,73.0,8.0,00-0026143,00-0022942,Matt Ryan,Philip Rivers,Mike Smith,Norv Turner,Mike Carey,SDG00,Qualcomm Stadium
2008_14_ATL_NO,2008,REG,14,2008-12-07,Sunday,13:00,ATL,25.0,NO,29.0,Home,4.0,54.0,0.0,2008120705,29726.0,,200812070nor,1264.0,281207018,,7,7,,,3.0,,,51.5,,,1,dome,fieldturf,,,00-0026143,00-0020531,Matt Ryan,Drew Brees,Mike Smith,Sean Payton,Bill Leavy,NOR00,Louisiana Superdome
2008_15_TB_ATL,2008,REG,15,2008-12-14,Sunday,13:00,TB,10.0,ATL,13.0,Home,3.0,23.0,1.0,2008121400,29737.0,,200812140atl,1277.0,281214001,,6,7,195.0,-215.0,5.5,-110.0,102.0,43.5,100.0,-110.0,1,dome,fieldturf,,,00-0006423,00-0026143,Brian Griese,Matt Ryan,Jon Gruden,Mike Smith,Terry McAulay,ATL00,Georgia Dome
2008_16_ATL_MIN,2008,REG,16,2008-12-21,Sunday,16:15,ATL,24.0,MIN,17.0,Home,-7.0,41.0,0.0,2008122103,29757.0,,200812210min,1296.0,281221016,,7,7,154.0,-164.0,3.0,100.0,-108.0,43.0,-101.0,-109.0,0,dome,fieldturf,,,00-0026143,00-0024279,Matt Ryan,Tarvaris Jackson,Mike Smith,Brad Childress,Scott Green,MIN00,Hubert H. Humphrey Metrodome
2008_17_STL_ATL,2008,REG,17,2008-12-28,Sunday,13:00,STL,27.0,ATL,31.0,Home,4.0,58.0,0.0,2008122800,29768.0,,200812280atl,1313.0,281228001,,7,7,600.0,-800.0,14.0,-113.0,105.0,44.0,-109.0,-101.0,0,dome,fieldturf,,,00-0019599,00-0026143,Marc Bulger,Matt Ryan,Jim Haslett,Mike Smith,Walt Anderson,ATL00,Georgia Dome
2008_18_ATL_ARI,2008,WC,18,2009-01-03,Saturday,16:30,ATL,24.0,ARI,30.0,Home,6.0,54.0,0.0,2009010300,54455.0,,200901030crd,1319.0,290103022,,6,6,,,2.0,,,52.0,,,0,closed,grass,,,00-0026143,00-0017200,Matt Ryan,Kurt Warner,Mike Smith,Ken Whisenhunt,John Parry,PHO00,University of Phoenix Stadium
2009_01_MIA_ATL,2009,REG,1,2009-09-13,Sunday,13:00,MIA,7.0,ATL,19.0,Home,12.0,26.0,0.0,2009091300,54468.0,,200909130atl,1396.0,290913001,,7,7,190.0,-210.0,4.0,-104.0,-104.0,44.0,-103.0,-107.0,0,dome,fieldturf,,,00-0019559,00-0026143,Chad Pennington,Matt Ryan,Tony Sparano,Mike Smith,Walt Coleman,ATL00,Georgia Dome
2009_02_CAR_ATL,2009,REG,2,2009-09-20,Sunday,13:00,CAR,20.0,ATL,28.0,Home,8.0,48.0,0.0,2009092000,54483.0,,200909200atl,1411.0,290920001,,7,7,,,5.5,,,43.5,,,1,dome,fieldturf,,,00-0004161,00-0026143,Jake Delhomme,Matt Ryan,John Fox,Mike Smith,Don Carey,ATL00,Georgia Dome
2009_03_ATL_NE,2009,REG,3,2009-09-27,Sunday,13:00,ATL,10.0,NE,26.0,Home,16.0,36.0,0.0,2009092705,54509.0,,200909270nwe,1432.0,290927017,,7,7,194.0,-220.0,4.5,-109.0,101.0,45.5,100.0,-110.0,0,outdoors,fieldturf,62.0,0.0,00-0026143,00-0019596,Matt Ryan,Tom Brady,Mike Smith,Bill Belichick,Alberto Riveron,BOS00,Gillette Stadium
2009_05_ATL_SF,2009,REG,5,2009-10-11,Sunday,16:05,ATL,45.0,SF,10.0,Home,-35.0,55.0,0.0,2009101108,54537.0,,200910110sfo,1465.0,291011025,,14,7,-109.0,-101.0,1.0,-114.0,105.0,40.0,100.0,-110.0,0,outdoors,grass,58.0,9.0,00-0026143,00-0020679,Matt Ryan,Shaun Hill,Mike Smith,Mike Singletary,Peter Morelli,SFO00,Candlestick Park
2009_06_CHI_ATL,2009,REG,6,2009-10-18,Sunday,20:20,CHI,14.0,ATL,21.0,Home,7.0,35.0,0.0,2009101812,54555.0,,200910180atl,1483.0,291018001,,14,7,184.0,-204.0,4.0,-102.0,-106.0,46.0,-108.0,-102.0,0,dome,fieldturf,,,00-0024226,00-0026143,Jay Cutler,Matt Ryan,Lovie Smith,Mike Smith,Terry McAulay,ATL00,Georgia Dome
2009_07_ATL_DAL,2009,REG,7,2009-10-25,Sunday,16:15,ATL,21.0,DAL,37.0,Home,16.0,58.0,0.0,2009102509,54566.0,,200910250dal,1494.0,291025006,,7,14,205.0,-231.0,5.5,102.0,-110.0,47.5,-109.0,-101.0,0,closed,fieldturf,,,00-0026143,00-0021678,Matt Ryan,Tony Romo,Mike Smith,Wade Phillips,Scott Green,DAL00,Cowboys Stadium
2009_08_ATL_NO,2009,REG,8,2009-11-02,Monday,20:30,ATL,27.0,NO,35.0,Home,8.0,62.0,0.0,2009110200,54582.0,,200911020nor,1510.0,291102018,,8,8,450.0,-530.0,11.0,-109.0,101.0,56.0,-104.0,-106.0,1,dome,fieldturf,,,00-0026143,00-0020531,Matt Ryan,Drew Brees,Mike Smith,Sean Payton,Jeff Triplette,NOR00,Louisiana Superdome
2009_09_WAS_ATL,2009,REG,9,2009-11-08,Sunday,13:00,WAS,17.0,ATL,31.0,Home,14.0,48.0,0.0,2009110800,54583.0,,200911080atl,1511.0,291108001,,13,6,365.0,-425.0,9.0,-116.0,107.0,41.0,-102.0,-108.0,0,dome,fieldturf,,,00-0023460,00-0026143,Jason Campbell,Matt Ryan,Jim Zorn,Mike Smith,Ron Winter,ATL00,Georgia Dome
2009_10_ATL_CAR,2009,REG,10,2009-11-15,Sunday,13:00,ATL,19.0,CAR,28.0,Home,9.0,47.0,0.0,2009111500,54597.0,,200911150car,1532.0,291115029,,7,7,-105.0,-105.0,-1.0,100.0,-108.0,43.5,-108.0,-102.0,1,outdoors,grass,73.0,3.0,00-0026143,00-0004161,Matt Ryan,Jake Delhomme,Mike Smith,John Fox,Bill Leavy,CAR00,Bank of America Stadium
2009_11_ATL_NYG,2009,REG,11,2009-11-22,Sunday,13:00,ATL,31.0,NYG,34.0,Home,3.0,65.0,1.0,2009112207,54619.0,,200911220nyg,1544.0,291122019,,7,14,300.0,-340.0,7.0,102.0,-110.0,46.0,-109.0,-101.0,0,outdoors,fieldturf,53.0,10.0,00-0026143,00-0022803,Matt Ryan,Eli Manning,Mike Smith,Tom Coughlin,Gene Steratore,NYC00,Giants Stadium
2009_12_TB_ATL,2009,REG,12,2009-11-29,Sunday,13:00,TB,17.0,ATL,20.0,Home,3.0,37.0,0.0,2009112900,54630.0,,200911290atl,1558.0,291129001,,7,7,500.0,-625.0,12.0,-104.0,-104.0,46.0,-102.0,-108.0,1,dome,fieldturf,,,00-0026993,00-0026143,Josh Freeman,Matt Ryan,Raheem Morris,Mike Smith,Walt Anderson,ATL00,Georgia Dome
2009_13_PHI_ATL,2009,REG,13,2009-12-06,Sunday,13:00,PHI,34.0,ATL,7.0,Home,-27.0,41.0,0.0,2009120600,54644.0,,200912060atl,1572.0,291206001,,7,7,-215.0,189.0,-4.0,-101.0,-107.0,43.5,100.0,-110.0,0,dome,fieldturf,,,00-0011022,00-0019709,Donovan McNabb,Chris Redman,Andy Reid,Mike Smith,Ed Hochuli,ATL00,Georgia Dome
2009_14_NO_ATL,2009,REG,14,2009-12-13,Sunday,13:00,NO,26.0,ATL,23.0,Home,-3.0,49.0,0.0,2009121300,54660.0,,200912130atl,1588.0,291213001,,7,7,-430.0,370.0,-10.0,-101.0,-107.0,50.5,-103.0,-107.0,1,dome,fieldturf,,,00-0020531,00-0019709,Drew Brees,Chris Redman,Sean Payton,Mike Smith,Tony Corrente,ATL00,Georgia Dome
2009_15_ATL_NYJ,2009,REG,15,2009-12-20,Sunday,13:00,ATL,10.0,NYJ,7.0,Home,-3.0,17.0,0.0,2009122004,54681.0,,200912200nyj,1610.0,291220020,,7,7,207.0,-233.0,5.5,-111.0,103.0,36.5,103.0,-113.0,0,outdoors,fieldturf,29.0,18.0,00-0026143,00-0026898,Matt Ryan,Mark Sanchez,Mike Smith,Rex Ryan,Ron Winter,NYC00,Giants Stadium
2009_16_BUF_ATL,2009,REG,16,2009-12-27,Sunday,13:00,BUF,3.0,ATL,31.0,Home,28.0,34.0,0.0,2009122700,54692.0,,200912270atl,1620.0,291227001,,7,7,310.0,-350.0,9.0,-126.0,116.0,40.5,-105.0,-105.0,0,dome,fieldturf,,,00-0026196,00-0026143,Brian Brohm,Matt Ryan,Perry Fewell,Mike Smith,Bill Leavy,ATL00,Georgia Dome
2009_17_ATL_TB,2009,REG,17,2010-01-03,Sunday,13:00,ATL,20.0,TB,10.0,Home,-10.0,30.0,0.0,2010010310,54717.0,,201001030tam,1639.0,300103027,,7,7,-145.0,133.0,-3.0,100.0,-108.0,41.5,-114.0,104.0,1,outdoors,grass,44.0,5.0,00-0026143,00-0026993,Matt Ryan,Josh Freeman,Mike Smith,Raheem Morris,Gene Steratore,TAM00,Raymond James Stadium
2010_01_ATL_PIT,2010,REG,1,2010-09-12,Sunday,13:00,ATL,9.0,PIT,15.0,Home,6.0,24.0,1.0,2010091209,54870.0,,201009120pit,1733.0,300912023,,7,7,-112.0,102.0,-1.0,-106.0,-102.0,38.5,-108.0,-102.0,0,outdoors,grass,65.0,9.0,00-0026143,00-0026296,Matt Ryan,Dennis Dixon,Mike Smith,Mike Tomlin,Scott Green,PIT00,Heinz Field
2010_02_ARI_ATL,2010,REG,2,2010-09-19,Sunday,13:00,ARI,7.0,ATL,41.0,Home,34.0,48.0,0.0,2010091907,54879.0,,201009190atl,1749.0,300919001,,7,7,248.0,-280.0,7.0,-113.0,104.0,43.0,-115.0,104.0,0,dome,fieldturf,,,00-0023645,00-0026143,Derek Anderson,Matt Ryan,Ken Whisenhunt,Mike Smith,Jerome Boger,ATL00,Georgia Dome
2010_03_ATL_NO,2010,REG,3,2010-09-26,Sunday,13:00,ATL,27.0,NO,24.0,Home,-3.0,51.0,1.0,2010092606,54901.0,,201009260nor,1767.0,300926018,,7,6,155.0,-172.0,3.0,111.0,-120.0,49.5,100.0,-110.0,1,dome,sportturf,,,00-0026143,00-0020531,Matt Ryan,Drew Brees,Mike Smith,Sean Payton,Walt Anderson,NOR00,Louisiana Superdome
2010_04_SF_ATL,2010,REG,4,2010-10-03,Sunday,13:00,SF,14.0,ATL,16.0,Home,2.0,30.0,0.0,2010100305,54911.0,,201010030atl,1780.0,301003001,,7,7,272.0,-309.0,7.0,-109.0,101.0,42.5,100.0,-110.0,0,dome,fieldturf,,,00-0023436,00-0026143,Alex Smith,Matt Ryan,Mike Singletary,Mike Smith,Tony Corrente,ATL00,Georgia Dome
2010_05_ATL_CLE,2010,REG,5,2010-10-10,Sunday,13:00,ATL,20.0,CLE,10.0,Home,-10.0,30.0,0.0,2010101007,54929.0,,201010100cle,1796.0,301010005,,7,7,-160.0,144.0,-3.0,-105.0,-103.0,41.5,-107.0,-103.0,0,outdoors,grass,71.0,9.0,00-0026143,00-0022055,Matt Ryan,Seneca Wallace,Mike Smith,Eric Mangini,John Parry,CLE00,Cleveland Browns Stadium
2010_06_ATL_PHI,2010,REG,6,2010-10-17,Sunday,13:00,ATL,17.0,PHI,31.0,Home,14.0,48.0,0.0,2010101706,54944.0,,201010170phi,1809.0,301017021,,7,7,107.0,-118.0,1.0,104.0,-113.0,43.0,-107.0,-103.0,0,outdoors,grass,66.0,12.0,00-0026143,00-0025423,Matt Ryan,Kevin Kolb,Mike Smith,Andy Reid,Walt Coleman,PHI00,Lincoln Financial Field
2010_07_CIN_ATL,2010,REG,7,2010-10-24,Sunday,13:00,CIN,32.0,ATL,39.0,Home,7.0,71.0,0.0,2010102400,54953.0,,201010240atl,1817.0,301024001,,14,7,175.0,-195.0,3.5,100.0,-108.0,43.0,100.0,-110.0,0,dome,fieldturf,,,00-0021429,00-0026143,Carson Palmer,Matt Ryan,Marvin Lewis,Mike Smith,Alberto Riveron,ATL00,Georgia Dome
2010_09_TB_ATL,2010,REG,9,2010-11-07,Sunday,13:00,TB,21.0,ATL,27.0,Home,6.0,48.0,0.0,2010110706,54840.0,,201011070atl,1850.0,301107001,,7,14,404.0,-475.0,10.0,-102.0,-106.0,44.5,-106.0,-104.0,1,dome,fieldturf,,,00-0026993,00-0026143,Josh Freeman,Matt Ryan,Raheem Morris,Mike Smith,Terry McAulay,ATL00,Georgia Dome
2010_10_BAL_ATL,2010,REG,10,2010-11-11,Thursday,20:20,BAL,21.0,ATL,26.0,Home,5.0,47.0,0.0,2010111100,54853.0,,201011110atl,1857.0,301111001,,4,4,113.0,-125.0,1.0,111.0,-120.0,43.5,-113.0,102.0,0,dome,fieldturf,,,00-0026158,00-0026143,Joe Flacco,Matt Ryan,John Harbaugh,Mike Smith,Ron Winter,ATL00,Georgia Dome
2010_11_ATL_STL,2010,REG,11,2010-11-21,Sunday,16:05,ATL,34.0,STL,17.0,Home,-17.0,51.0,0.0,2010112110,54971.0,,201011210ram,1882.0,301121014,,10,7,-180.0,162.0,-3.5,103.0,-111.0,43.0,-105.0,-105.0,0,dome,astroplay,,,00-0026143,00-0027854,Matt Ryan,Sam Bradford,Mike Smith,Steve Spagnuolo,Walt Anderson,STL00,Edward Jones Dome
2010_12_GB_ATL,2010,REG,12,2010-11-28,Sunday,13:00,GB,17.0,ATL,20.0,Home,3.0,37.0,0.0,2010112805,54979.0,,201011280atl,1895.0,301128001,,7,7,113.0,-125.0,2.5,-104.0,-104.0,47.5,-101.0,-109.0,0,dome,fieldturf,,,00-0023459,00-0026143,Aaron Rodgers,Matt Ryan,Mike McCarthy,Mike Smith,Peter Morelli,ATL00,Georgia Dome
2010_13_ATL_TB,2010,REG,13,2010-12-05,Sunday,16:15,ATL,28.0,TB,24.0,Home,-4.0,52.0,0.0,2010120507,55000.0,,201012050tam,1911.0,301205027,,7,7,-154.0,139.0,-3.0,104.0,-112.0,43.5,-102.0,-108.0,1,outdoors,grass,72.0,9.0,00-0026143,00-0026993,Matt Ryan,Josh Freeman,Mike Smith,Raheem Morris,Tony Corrente,TAM00,Raymond James Stadium
2010_14_ATL_CAR,2010,REG,14,2010-12-12,Sunday,13:00,ATL,31.0,CAR,10.0,Home,-21.0,41.0,0.0,2010121207,55016.0,,201012120car,1927.0,301212029,,7,7,-300.0,264.0,-7.0,-102.0,-106.0,41.0,-106.0,-104.0,1,outdoors,grass,44.0,14.0,00-0026143,00-0027659,Matt Ryan,Jimmy Clausen,Mike Smith,John Fox,Clete Blakeman,CAR00,Bank of America Stadium
2010_15_ATL_SEA,2010,REG,15,2010-12-19,Sunday,16:05,ATL,34.0,SEA,18.0,Home,-16.0,52.0,0.0,2010121910,55035.0,,201012190sea,1946.0,301219026,,7,7,-229.0,205.0,-5.5,-102.0,-106.0,46.0,-119.0,108.0,0,outdoors,fieldturf,45.0,2.0,00-0026143,00-0007091,Matt Ryan,Matt Hasselbeck,Mike Smith,Pete Carroll,Walt Coleman,SEA00,Qwest Field
2010_16_NO_ATL,2010,REG,16,2010-12-27,Monday,20:30,NO,17.0,ATL,14.0,Home,-3.0,31.0,0.0,2010122700,55055.0,,201012270atl,1966.0,301227001,,8,8,117.0,-129.0,2.0,103.0,-111.0,50.0,103.0,-114.0,1,dome,fieldturf,,,00-0020531,00-0026143,Drew Brees,Matt Ryan,Sean Payton,Mike Smith,Ed Hochuli,ATL00,Georgia Dome
2010_17_CAR_ATL,2010,REG,17,2011-01-02,Sunday,13:00,CAR,10.0,ATL,31.0,Home,21.0,41.0,0.0,2011010211,55056.0,,201101020atl,1978.0,310102001,,10,6,730.0,-940.0,14.0,-112.0,104.0,41.0,-108.0,-102.0,1,dome,fieldturf,,,00-0027659,00-0026143,Jimmy Clausen,Matt Ryan,John Fox,Mike Smith,John Parry,ATL00,Georgia Dome
2010_19_GB_ATL,2010,DIV,19,2011-01-15,Saturday,20:00,GB,48.0,ATL,21.0,Home,-27.0,69.0,0.0,2011011501,55157.0,,201101150atl,1988.0,310115001,,6,13,103.0,-114.0,1.0,101.0,-109.0,43.5,-107.0,-103.0,0,dome,fieldturf,,,00-0023459,00-0026143,Aaron Rodgers,Matt Ryan,Mike McCarthy,Mike Smith,John Parry,ATL00,Georgia Dome
2011_01_ATL_CHI,2011,REG,1,2011-09-11,Sunday,13:00,ATL,12.0,CHI,30.0,Home,18.0,42.0,0.0,2011091105,55166.0,,201109110chi,2060.0,310911003,,7,7,-116.0,105.0,-1.0,-109.0,101.0,40.5,-101.0,-109.0,0,outdoors,grass,76.0,7.0,00-0026143,00-0024226,Matt Ryan,Jay Cutler,Mike Smith,Lovie Smith,Ed Hochuli,CHI98,Soldier Field
2011_02_PHI_ATL,2011,REG,2,2011-09-18,Sunday,20:20,PHI,31.0,ATL,35.0,Home,4.0,66.0,0.0,2011091814,55194.0,,201109180atl,2079.0,310918001,,7,7,-133.0,120.0,-2.5,-106.0,-102.0,49.0,-110.0,100.0,0,dome,fieldturf,,,00-0020245,00-0026143,Michael Vick,Matt Ryan,Andy Reid,Mike Smith,Carl Cheffers,ATL00,Georgia Dome
2011_03_ATL_TB,2011,REG,3,2011-09-25,Sunday,16:15,ATL,13.0,TB,16.0,Home,3.0,29.0,0.0,2011092513,55209.0,,201109250tam,2094.0,310925027,,7,7,102.0,-113.0,1.0,100.0,-108.0,45.0,-108.0,-102.0,1,outdoors,grass,89.0,9.0,00-0026143,00-0026993,Matt Ryan,Josh Freeman,Mike Smith,Raheem Morris,Clete Blakeman,TAM00,Raymond James Stadium
2011_04_ATL_SEA,2011,REG,4,2011-10-02,Sunday,16:05,ATL,30.0,SEA,28.0,Home,-2.0,58.0,0.0,2011100210,55222.0,,201110020sea,2119.0,311002026,,7,7,-261.0,232.0,-6.0,-104.0,-104.0,39.5,-107.0,-103.0,0,outdoors,fieldturf,58.0,0.0,00-0026143,00-0024279,Matt Ryan,Tarvaris Jackson,Mike Smith,Pete Carroll,Walt Anderson,SEA00,CenturyLink Field
2011_05_GB_ATL,2011,REG,5,2011-10-09,Sunday,20:20,GB,25.0,ATL,14.0,Home,-11.0,39.0,0.0,2011100911,55239.0,,201110090atl,2126.0,311009001,,7,7,-248.0,221.0,-6.0,-103.0,-105.0,53.5,-105.0,-105.0,0,dome,fieldturf,,,00-0023459,00-0026143,Aaron Rodgers,Matt Ryan,Mike McCarthy,Mike Smith,Jeff Triplette,ATL00,Georgia Dome
2011_06_CAR_ATL,2011,REG,6,2011-10-16,Sunday,13:00,CAR,17.0,ATL,31.0,Home,14.0,48.0,0.0,2011101606,55241.0,,201110160atl,2138.0,311016001,,7,7,171.0,-190.0,3.5,-104.0,-104.0,49.0,-105.0,-105.0,1,dome,fieldturf,,,00-0027939,00-0026143,Cam Newton,Matt Ryan,Ron Rivera,Mike Smith,Peter Morelli,ATL00,Georgia Dome
2011_07_ATL_DET,2011,REG,7,2011-10-23,Sunday,13:00,ATL,23.0,DET,16.0,Home,-7.0,39.0,0.0,2011102303,55256.0,,201110230det,2154.0,311023008,,7,7,197.0,-220.0,4.5,-103.0,-105.0,47.0,101.0,-111.0,0,dome,fieldturf,,,00-0026143,00-0026498,Matt Ryan,Matthew Stafford,Mike Smith,Jim Schwartz,Bill Leavy,DET00,Ford Field
2011_09_ATL_IND,2011,REG,9,2011-11-06,Sunday,13:00,ATL,31.0,IND,7.0,Home,-24.0,38.0,0.0,2011110606,55283.0,,201111060clt,2178.0,311106011,,14,7,-300.0,264.0,-6.5,-111.0,103.0,45.0,-103.0,-107.0,0,open,fieldturf,,,00-0026143,00-0027134,Matt Ryan,Curtis Painter,Mike Smith,Jim Caldwell,Mike Carey,IND00,Lucas Oil Stadium
2011_10_NO_ATL,2011,REG,10,2011-11-13,Sunday,13:00,NO,26.0,ATL,23.0,Home,-3.0,49.0,1.0,2011111308,55295.0,,201111130atl,2199.0,311113001,,7,7,103.0,-114.0,1.0,101.0,-109.0,49.5,-110.0,100.0,1,dome,fieldturf,,,00-0020531,00-0026143,Drew Brees,Matt Ryan,Sean Payton,Mike Smith,Terry McAulay,ATL00,Georgia Dome
2011_11_TEN_ATL,2011,REG,11,2011-11-20,Sunday,16:15,TEN,17.0,ATL,23.0,Home,6.0,40.0,0.0,2011112001,55311.0,,201111200atl,2209.0,311120001,,7,7,222.0,-250.0,6.0,-109.0,101.0,44.0,-108.0,-102.0,0,dome,fieldturf,,,00-0007091,00-0026143,Matt Hasselbeck,Matt Ryan,Mike Munchak,Mike Smith,John Parry,ATL00,Georgia Dome
2011_12_MIN_ATL,2011,REG,12,2011-11-27,Sunday,13:00,MIN,14.0,ATL,24.0,Home,10.0,38.0,0.0,2011112703,55327.0,,201111270atl,2226.0,311127001,,7,7,416.0,-490.0,10.0,-108.0,100.0,44.0,-103.0,-107.0,0,dome,fieldturf,,,00-0027950,00-0026143,Christian Ponder,Matt Ryan,Leslie Frazier,Mike Smith,Alberto Riveron,ATL00,Georgia Dome
2011_13_ATL_HOU,2011,REG,13,2011-12-04,Sunday,13:00,ATL,10.0,HOU,17.0,Home,7.0,27.0,0.0,2011120408,55344.0,,201112040htx,2247.0,311204034,,7,7,-119.0,108.0,-1.0,-113.0,104.0,38.5,-113.0,102.0,0,closed,grass,,,00-0026143,00-0028090,Matt Ryan,T.J. Yates,Mike Smith,Gary Kubiak,Bill Leavy,HOU00,Reliant Stadium
2011_14_ATL_CAR,2011,REG,14,2011-12-11,Sunday,13:00,ATL,31.0,CAR,23.0,Home,-8.0,54.0,0.0,2011121106,55358.0,,201112110car,2261.0,311211029,,7,7,-145.0,131.0,-3.0,110.0,-119.0,48.0,-103.0,-107.0,1,outdoors,grass,43.0,10.0,00-0026143,00-0027939,Matt Ryan,Cam Newton,Mike Smith,Ron Rivera,Walt Anderson,CAR00,Bank of America Stadium
2011_15_JAX_ATL,2011,REG,15,2011-12-15,Thursday,20:20,JAX,14.0,ATL,41.0,Home,27.0,55.0,0.0,2011121500,55372.0,,201112150atl,2266.0,311215001,,4,4,742.0,-960.0,14.0,-104.0,-104.0,41.5,104.0,-115.0,0,dome,fieldturf,,,00-0027948,00-0026143,Blaine Gabbert,Matt Ryan,Mel Tucker,Mike Smith,Ron Winter,ATL00,Georgia Dome
2011_16_ATL_NO,2011,REG,16,2011-12-26,Monday,20:30,ATL,16.0,NO,45.0,Home,29.0,61.0,0.0,2011122600,55403.0,,201112260nor,2297.0,311226018,,11,8,273.0,-310.0,7.0,-105.0,-103.0,53.0,100.0,-110.0,1,dome,sportturf,,,00-0026143,00-0020531,Matt Ryan,Drew Brees,Mike Smith,Sean Payton,Jeff Triplette,NOR00,Mercedes-Benz Superdome
2011_17_TB_ATL,2011,REG,17,2012-01-01,Sunday,16:15,TB,24.0,ATL,45.0,Home,21.0,69.0,0.0,2012010110,55404.0,,201201010atl,2304.0,320101001,,8,6,400.0,-470.0,10.0,108.0,-117.0,45.5,-102.0,-108.0,1,dome,fieldturf,,,00-0026993,00-0026143,Josh Freeman,Matt Ryan,Raheem Morris,Mike Smith,Scott Green,ATL00,Georgia Dome
2011_18_ATL_NYG,2011,WC,18,2012-01-08,Sunday,13:00,ATL,2.0,NYG,24.0,Home,22.0,26.0,0.0,2012010801,55492.0,,201201080nyg,2316.0,320108019,,7,7,130.0,-144.0,3.0,-122.0,113.0,47.5,110.0,-121.0,0,outdoors,fieldturf,44.0,12.0,00-0026143,00-0022803,Matt Ryan,Eli Manning,Mike Smith,Tom Coughlin,Carl Cheffers,NYC01,MetLife Stadium
2012_01_ATL_KC,2012,REG,1,2012-09-09,Sunday,13:00,ATL,40.0,KC,24.0,Home,-16.0,64.0,0.0,2012090908,55509.0,,201209090kan,2391.0,320909012,,7,7,-130.0,118.0,-1.0,-123.0,114.0,43.0,-104.0,-106.0,0,outdoors,grass,69.0,7.0,00-0026143,00-0023662,Matt Ryan,Matt Cassel,Mike Smith,Romeo Crennel,Mike Shepherd,KAN00,Arrowhead Stadium
2012_02_DEN_ATL,2012,REG,2,2012-09-17,Monday,20:30,DEN,21.0,ATL,27.0,Home,6.0,48.0,0.0,2012091700,55535.0,,201209170atl,2421.0,320917001,,8,8,142.0,-157.0,3.0,100.0,-108.0,50.0,102.0,-113.0,0,dome,fieldturf,,,00-0010346,00-0026143,Peyton Manning,Matt Ryan,John Fox,Mike Smith,Ken Roan,ATL00,Georgia Dome
2012_03_ATL_SD,2012,REG,3,2012-09-23,Sunday,16:05,ATL,27.0,SD,3.0,Home,-24.0,30.0,0.0,2012092310,55547.0,,201209230sdg,2423.0,320923024,,6,7,145.0,-161.0,3.0,-101.0,-107.0,47.0,-106.0,-104.0,0,outdoors,grass,82.0,13.0,00-0026143,00-0022942,Matt Ryan,Philip Rivers,Mike Smith,Norv Turner,Jim Core,SDG00,Qualcomm Stadium
2012_04_CAR_ATL,2012,REG,4,2012-09-30,Sunday,13:00,CAR,28.0,ATL,30.0,Home,2.0,58.0,0.0,2012093004,55553.0,,201209300atl,2439.0,320930001,,10,7,269.0,-305.0,7.0,-110.0,102.0,48.0,-108.0,-102.0,1,dome,fieldturf,,,00-0027939,00-0026143,Cam Newton,Matt Ryan,Ron Rivera,Mike Smith,Walt Coleman,ATL00,Georgia Dome
2012_05_ATL_WAS,2012,REG,5,2012-10-07,Sunday,13:00,ATL,24.0,WAS,17.0,Home,-7.0,41.0,0.0,2012100700,55574.0,,201210070was,2454.0,321007028,,7,7,-157.0,142.0,-3.0,-105.0,-103.0,50.5,-108.0,-102.0,0,outdoors,grass,52.0,3.0,00-0026143,00-0029665,Matt Ryan,Robert Griffin,Mike Smith,Mike Shanahan,Bill Leavy,WAS00,FedExField
2012_06_OAK_ATL,2012,REG,6,2012-10-14,Sunday,13:00,OAK,20.0,ATL,23.0,Home,3.0,43.0,0.0,2012101400,55582.0,,201210140atl,2478.0,321014001,,14,7,385.0,-450.0,10.0,-106.0,-102.0,49.0,-108.0,-102.0,0,dome,fieldturf,,,00-0021429,00-0026143,Carson Palmer,Matt Ryan,Dennis Allen,Mike Smith,Terry McAulay,ATL00,Georgia Dome
2012_08_ATL_PHI,2012,REG,8,2012-10-28,Sunday,13:00,ATL,30.0,PHI,17.0,Home,-13.0,47.0,0.0,2012102805,55614.0,,201210280phi,2495.0,321028021,,14,14,127.0,-140.0,1.5,116.0,-126.0,43.5,-103.0,-107.0,0,outdoors,grass,58.0,16.0,00-0026143,00-0020245,Matt Ryan,Michael Vick,Mike Smith,Andy Reid,Gene Steratore,PHI00,Lincoln Financial Field
2012_09_DAL_ATL,2012,REG,9,2012-11-04,Sunday,20:20,DAL,13.0,ATL,19.0,Home,6.0,32.0,0.0,2012110411,55634.0,,201211040atl,2514.0,321104001,,7,7,166.0,-185.0,4.0,-115.0,106.0,47.0,-110.0,100.0,0,dome,fieldturf,,,00-0021678,00-0026143,Tony Romo,Matt Ryan,Jason Garrett,Mike Smith,John Parry,ATL00,Georgia Dome
2012_10_ATL_NO,2012,REG,10,2012-11-11,Sunday,13:00,ATL,27.0,NO,31.0,Home,4.0,58.0,0.0,2012111106,55643.0,,201211110nor,2523.0,321111018,,7,6,-122.0,111.0,-1.0,-115.0,106.0,54.0,-110.0,100.0,1,dome,sportturf,,,00-0026143,00-0020531,Matt Ryan,Drew Brees,Mike Smith,Joe Vitt,Tony Corrente,NOR00,Mercedes-Benz Superdome
2012_11_ARI_ATL,2012,REG,11,2012-11-18,Sunday,13:00,ARI,19.0,ATL,23.0,Home,4.0,42.0,0.0,2012111802,55651.0,,201211180atl,2537.0,321118001,,14,7,361.0,-420.0,9.5,-108.0,100.0,43.0,-106.0,-104.0,0,dome,fieldturf,,,00-0027754,00-0026143,John Skelton,Matt Ryan,Ken Whisenhunt,Mike Smith,Bill Vinovich,ATL00,Georgia Dome
2012_12_ATL_TB,2012,REG,12,2012-11-25,Sunday,13:00,ATL,24.0,TB,23.0,Home,-1.0,47.0,0.0,2012112506,55674.0,,201211250tam,2553.0,321125027,,7,7,-116.0,105.0,-1.0,-108.0,100.0,50.5,-103.0,-107.0,1,outdoors,grass,65.0,7.0,00-0026143,00-0026993,Matt Ryan,Josh Freeman,Mike Smith,Greg Schiano,Jeff Triplette,TAM00,Raymond James Stadium
2012_13_NO_ATL,2012,REG,13,2012-11-29,Thursday,20:20,NO,13.0,ATL,23.0,Home,10.0,36.0,0.0,2012112900,55680.0,,201211290atl,2566.0,321129001,,4,4,164.0,-182.0,3.5,-106.0,-102.0,54.5,-102.0,-108.0,1,dome,fieldturf,,,00-0020531,00-0026143,Drew Brees,Matt Ryan,Joe Vitt,Mike Smith,Scott Green,ATL00,Georgia Dome
2012_14_ATL_CAR,2012,REG,14,2012-12-09,Sunday,13:00,ATL,20.0,CAR,30.0,Home,10.0,50.0,0.0,2012120906,55698.0,,201212090car,2584.0,321209029,,10,7,-162.0,146.0,-3.0,-113.0,104.0,46.5,100.0,-110.0,1,outdoors,grass,70.0,4.0,00-0026143,00-0027939,Matt Ryan,Cam Newton,Mike Smith,Ron Rivera,Ed Hochuli,CAR00,Bank of America Stadium
2012_15_NYG_ATL,2012,REG,15,2012-12-16,Sunday,13:00,NYG,0.0,ATL,34.0,Home,34.0,34.0,0.0,2012121601,55713.0,,201212160atl,2607.0,321216001,,7,7,100.0,-110.0,1.0,-104.0,-104.0,50.0,-109.0,-101.0,0,dome,fieldturf,,,00-0022803,00-0026143,Eli Manning,Matt Ryan,Tom Coughlin,Mike Smith,Bill Leavy,ATL00,Georgia Dome
2012_16_ATL_DET,2012,REG,16,2012-12-22,Saturday,20:30,ATL,31.0,DET,18.0,Home,-13.0,49.0,0.0,2012122200,55728.0,,201212220det,2614.0,321222008,,6,6,-190.0,171.0,-3.5,-104.0,-104.0,50.0,-104.0,-106.0,0,dome,fieldturf,,,00-0026143,00-0026498,Matt Ryan,Matthew Stafford,Mike Smith,Jim Schwartz,Gene Steratore,DET00,Ford Field
2012_17_TB_ATL,2012,REG,17,2012-12-30,Sunday,13:00,TB,22.0,ATL,17.0,Home,-5.0,39.0,0.0,2012123010,55744.0,,201212300atl,2645.0,321230001,,7,8,131.0,-145.0,3.0,-115.0,106.0,46.0,-110.0,100.0,1,dome,fieldturf,,,00-0026993,00-0026143,Josh Freeman,Matt Ryan,Greg Schiano,Mike Smith,Carl Cheffers,ATL00,Georgia Dome
2012_19_SEA_ATL,2012,DIV,19,2013-01-13,Sunday,13:00,SEA,28.0,ATL,30.0,Home,2.0,58.0,0.0,2013011301,55831.0,,201301130atl,2672.0,330113001,,7,14,126.0,-139.0,2.5,101.0,-109.0,46.0,-105.0,-105.0,0,dome,fieldturf,,,00-0029263,00-0026143,Russell Wilson,Matt Ryan,Pete Carroll,Mike Smith,Walt Coleman,ATL00,Georgia Dome
2012_20_SF_ATL,2012,CON,20,2013-01-20,Sunday,15:00,SF,28.0,ATL,24.0,Home,-4.0,52.0,0.0,2013012001,55833.0,,201301200atl,2674.0,330120001,,8,7,-186.0,167.0,-3.5,-105.0,-103.0,47.5,100.0,-110.0,0,dome,fieldturf,,,00-0027974,00-0026143,Colin Kaepernick,Matt Ryan,Jim Harbaugh,Mike Smith,Terry McAulay,ATL00,Georgia Dome
2013_01_ATL_NO,2013,REG,1,2013-09-08,Sunday,13:00,ATL,17.0,NO,23.0,Home,6.0,40.0,0.0,2013090808,55845.0,,201309080nor,2750.0,330908018,,7,7,166.0,-185.0,3.5,-109.0,-101.0,54.5,-104.0,-106.0,1,dome,sportturf,,,00-0026143,00-0020531,Matt Ryan,Drew Brees,Mike Smith,Sean Payton,Gene Steratore,NOR00,Mercedes-Benz Superdome
2013_02_STL_ATL,2013,REG,2,2013-09-15,Sunday,13:00,STL,24.0,ATL,31.0,Home,7.0,55.0,0.0,2013091500,55854.0,,201309150atl,2759.0,330915001,,7,7,183.0,-204.0,4.0,-106.0,-104.0,47.5,103.0,-114.0,0,dome,fieldturf,,,00-0027854,00-0026143,Sam Bradford,Matt Ryan,Jeff Fisher,Mike Smith,Scott Green,ATL00,Georgia Dome
2013_03_ATL_MIA,2013,REG,3,2013-09-22,Sunday,16:05,ATL,23.0,MIA,27.0,Home,4.0,50.0,0.0,2013092203,55879.0,,201309220mia,2784.0,330922015,,7,7,127.0,-140.0,3.0,-117.0,106.0,45.5,-102.0,-108.0,0,outdoors,grass,89.0,8.0,00-0026143,00-0029701,Matt Ryan,Ryan Tannehill,Mike Smith,Joe Philbin,Ron Winter,MIA00,Sun Life Stadium
2013_04_NE_ATL,2013,REG,4,2013-09-29,Sunday,20:30,NE,30.0,ATL,23.0,Home,-7.0,53.0,0.0,2013092912,55898.0,,201309290atl,2803.0,330929001,,7,7,141.0,-156.0,3.0,-109.0,-101.0,49.0,-107.0,-103.0,0,dome,fieldturf,,,00-0019596,00-0026143,Tom Brady,Matt Ryan,Bill Belichick,Mike Smith,Walt Coleman,ATL00,Georgia Dome
2013_05_NYJ_ATL,2013,REG,5,2013-10-07,Monday,20:30,NYJ,30.0,ATL,28.0,Home,-2.0,58.0,0.0,2013100700,55913.0,,201310070atl,2818.0,331007001,,8,8,398.0,-467.0,10.0,-119.0,108.0,45.0,100.0,-110.0,0,dome,fieldturf,,,00-0030565,00-0026143,Geno Smith,Matt Ryan,Rex Ryan,Mike Smith,Bill Leavy,ATL00,Georgia Dome
2013_07_TB_ATL,2013,REG,7,2013-10-20,Sunday,13:00,TB,23.0,ATL,31.0,Home,8.0,54.0,0.0,2013102000,55930.0,,201310200atl,2835.0,331020001,,7,13,222.0,-250.0,6.0,-105.0,-105.0,43.0,-105.0,-105.0,1,dome,fieldturf,,,00-0030520,00-0026143,Mike Glennon,Matt Ryan,Greg Schiano,Mike Smith,Walt Anderson,ATL00,Georgia Dome
2013_08_ATL_ARI,2013,REG,8,2013-10-27,Sunday,16:25,ATL,13.0,ARI,27.0,Home,14.0,40.0,0.0,2013102708,55953.0,,201310270crd,2858.0,331027022,,7,10,136.0,-150.0,2.5,111.0,-122.0,44.5,-103.0,-107.0,0,closed,grass,,,00-0026143,00-0021429,Matt Ryan,Carson Palmer,Mike Smith,Bruce Arians,Mike Carey,PHO00,University of Phoenix Stadium
2013_09_ATL_CAR,2013,REG,9,2013-11-03,Sunday,13:00,ATL,10.0,CAR,34.0,Home,24.0,44.0,0.0,2013110301,55959.0,,201311030car,2864.0,331103029,,7,10,361.0,-420.0,10.0,-123.0,111.0,46.5,100.0,-110.0,1,outdoors,grass,62.0,12.0,00-0026143,00-0027939,Matt Ryan,Cam Newton,Mike Smith,Ron Rivera,Tony Corrente,CAR00,Bank of America Stadium
2013_10_SEA_ATL,2013,REG,10,2013-11-10,Sunday,13:00,SEA,33.0,ATL,10.0,Home,-23.0,43.0,0.0,2013111000,55971.0,,201311100atl,2877.0,331110001,,7,7,-177.0,159.0,-3.5,-101.0,-109.0,47.0,100.0,-110.0,0,dome,fieldturf,,,00-0029263,00-0026143,Russell Wilson,Matt Ryan,Pete Carroll,Mike Smith,Bill Vinovich,ATL00,Georgia Dome
2013_11_ATL_TB,2013,REG,11,2013-11-17,Sunday,13:00,ATL,28.0,TB,41.0,Home,13.0,69.0,0.0,2013111708,55993.0,,201311170tam,2898.0,331117027,,7,6,115.0,-127.0,1.0,109.0,-120.0,44.0,-105.0,-105.0,1,outdoors,grass,79.0,6.0,00-0026143,00-0030520,Matt Ryan,Mike Glennon,Mike Smith,Greg Schiano,Ed Hochuli,TAM00,Raymond James Stadium
2013_12_NO_ATL,2013,REG,12,2013-11-21,Thursday,20:25,NO,17.0,ATL,13.0,Home,-4.0,30.0,0.0,2013112100,55999.0,,201311210atl,2904.0,331121001,,4,4,-330.0,289.0,-7.5,102.0,-113.0,52.5,-103.0,-107.0,1,dome,fieldturf,,,00-0020531,00-0026143,Drew Brees,Matt Ryan,Sean Payton,Mike Smith,Ron Winter,ATL00,Georgia Dome
2013_13_ATL_BUF,2013,REG,13,2013-12-01,Sunday,16:05,ATL,34.0,BUF,31.0,Neutral,-3.0,65.0,1.0,2013120107,56023.0,,201312010buf,2928.0,331201002,,10,14,190.0,-212.0,5.0,-107.0,-103.0,48.0,-105.0,-105.0,0,dome,a_turf,,,00-0026143,00-0030526,Matt Ryan,EJ Manuel,Mike Smith,Doug Marrone,Walt Anderson,BUF01,Rogers Centre
2013_14_ATL_GB,2013,REG,14,2013-12-08,Sunday,13:00,ATL,21.0,GB,22.0,Home,1.0,43.0,0.0,2013120813,56043.0,,201312080gnb,2948.0,331208009,,7,10,166.0,-185.0,3.5,-105.0,-105.0,47.0,-108.0,-102.0,0,outdoors,grass,9.0,6.0,00-0026143,00-0026349,Matt Ryan,Matt Flynn,Mike Smith,Mike McCarthy,Bill Leavy,GNB00,Lambeau Field
2013_15_WAS_ATL,2013,REG,15,2013-12-15,Sunday,13:00,WAS,26.0,ATL,27.0,Home,1.0,53.0,0.0,2013121500,56046.0,,201312150atl,2951.0,331215001,,7,7,205.0,-230.0,5.5,100.0,-110.0,50.0,-110.0,100.0,0,dome,fieldturf,,,00-0029604,00-0026143,Kirk Cousins,Matt Ryan,Mike Shanahan,Mike Smith,Gene Steratore,ATL00,Georgia Dome
2013_16_ATL_SF,2013,REG,16,2013-12-23,Monday,20:30,ATL,24.0,SF,34.0,Home,10.0,58.0,0.0,2013122300,56076.0,,201312230sfo,2981.0,331223025,,8,8,760.0,-1000.0,15.5,-104.0,-106.0,46.0,100.0,-110.0,0,outdoors,grass,60.0,0.0,00-0026143,00-0027974,Matt Ryan,Colin Kaepernick,Mike Smith,Jim Harbaugh,Walt Coleman,SFO00,Candlestick Park
2013_17_CAR_ATL,2013,REG,17,2013-12-29,Sunday,13:00,CAR,21.0,ATL,20.0,Home,-1.0,41.0,0.0,2013122900,56077.0,,201312290atl,2982.0,331229001,,7,6,-230.0,205.0,-5.5,-109.0,-101.0,46.5,-108.0,-102.0,1,dome,fieldturf,,,00-0027939,00-0026143,Cam Newton,Matt Ryan,Ron Rivera,Mike Smith,John Parry,ATL00,Georgia Dome
2014_01_NO_ATL,2014,REG,1,2014-09-07,Sunday,13:00,NO,34.0,ATL,37.0,Home,3.0,71.0,1.0,2014090700,56171.0,,201409070atl,3075.0,400554215,,7,7,-160.0,144.0,-3.0,-106.0,-104.0,51.0,-104.0,-106.0,1,dome,fieldturf,,,00-0020531,00-0026143,Drew Brees,Matt Ryan,Sean Payton,Mike Smith,Bill Leavy,ATL00,Georgia Dome
2014_02_ATL_CIN,2014,REG,2,2014-09-14,Sunday,13:00,ATL,10.0,CIN,24.0,Home,14.0,34.0,0.0,2014091402,56189.0,,201409140cin,3093.0,400554245,,7,7,216.0,-242.0,5.5,-108.0,-102.0,48.5,-109.0,-101.0,0,outdoors,fieldturf,66.0,4.0,00-0026143,00-0027973,Matt Ryan,Andy Dalton,Mike Smith,Marvin Lewis,Bill Vinovich,CIN00,Paul Brown Stadium
2014_03_TB_ATL,2014,REG,3,2014-09-18,Thursday,20:25,TB,14.0,ATL,56.0,Home,42.0,70.0,0.0,2014091800,56202.0,,201409180atl,3106.0,400554194,,4,4,245.0,-277.0,6.5,-102.0,-108.0,47.0,-103.0,-107.0,1,dome,fieldturf,,,00-0021206,00-0026143,Josh McCown,Matt Ryan,Lovie Smith,Mike Smith,Craig Wrolstad,ATL00,Georgia Dome
2014_04_ATL_MIN,2014,REG,4,2014-09-28,Sunday,16:25,ATL,28.0,MIN,41.0,Home,13.0,69.0,0.0,2014092804,56227.0,,201409280min,3131.0,400554242,,10,7,-231.0,206.0,-5.5,-109.0,-101.0,48.0,-110.0,100.0,0,outdoors,fieldturf,82.0,0.0,00-0026143,00-0031237,Matt Ryan,Teddy Bridgewater,Mike Smith,Mike Zimmer,Ronald Torbert,MIN98,TCF Bank Stadium
2014_05_ATL_NYG,2014,REG,5,2014-10-05,Sunday,13:00,ATL,20.0,NYG,30.0,Home,10.0,50.0,0.0,2014100506,56238.0,,201410050nyg,3142.0,400554209,,7,10,176.0,-196.0,4.0,-107.0,-103.0,50.5,-104.0,-106.0,0,outdoors,fieldturf,55.0,9.0,00-0026143,00-0022803,Matt Ryan,Eli Manning,Mike Smith,Tom Coughlin,Ed Hochuli,NYC01,MetLife Stadium
2014_06_CHI_ATL,2014,REG,6,2014-10-12,Sunday,16:25,CHI,27.0,ATL,13.0,Home,-14.0,40.0,0.0,2014101200,56247.0,,201410120atl,3151.0,400554220,,7,7,171.0,-190.0,3.5,100.0,-110.0,55.5,-106.0,-104.0,0,dome,fieldturf,,,00-0024226,00-0026143,Jay Cutler,Matt Ryan,Marc Trestman,Mike Smith,Walt Anderson,ATL00,Georgia Dome
2014_07_ATL_BAL,2014,REG,7,2014-10-19,Sunday,13:00,ATL,7.0,BAL,29.0,Home,22.0,36.0,0.0,2014101900,56262.0,,201410190rav,3166.0,400554228,,7,7,264.0,-300.0,7.0,-113.0,102.0,49.5,-101.0,-109.0,0,outdoors,sportturf,54.0,14.0,00-0026143,00-0026158,Matt Ryan,Joe Flacco,Mike Smith,John Harbaugh,Carl Cheffers,BAL00,M&T Bank Stadium
2014_08_DET_ATL,2014,REG,8,2014-10-26,Sunday,09:30,DET,22.0,ATL,21.0,Neutral,-1.0,43.0,0.0,2014102600,56277.0,,201410260atl,3181.0,400554224,,7,7,-170.0,153.0,-3.5,107.0,-118.0,45.0,-105.0,-105.0,0,outdoors,fieldturf,59.0,13.0,00-0026498,00-0026143,Matthew Stafford,Matt Ryan,Jim Caldwell,Mike Smith,Peter Morelli,LON00,Wembley Stadium
2014_10_ATL_TB,2014,REG,10,2014-11-09,Sunday,13:00,ATL,27.0,TB,17.0,Home,-10.0,44.0,0.0,2014110906,56311.0,,201411090tam,3215.0,400554372,,14,7,-170.0,153.0,-3.5,106.0,-117.0,47.0,-110.0,100.0,1,outdoors,grass,64.0,5.0,00-0026143,00-0021206,Matt Ryan,Josh McCown,Mike Smith,Lovie Smith,Clete Blakeman,TAM00,Raymond James Stadium
2014_11_ATL_CAR,2014,REG,11,2014-11-16,Sunday,13:00,ATL,19.0,CAR,17.0,Home,-2.0,36.0,0.0,2014111600,56318.0,,201411160car,3222.0,400554352,,7,6,-139.0,126.0,-2.5,-110.0,100.0,46.5,-109.0,-101.0,1,outdoors,grass,48.0,3.0,00-0026143,00-0027939,Matt Ryan,Cam Newton,Mike Smith,Ron Rivera,Walt Anderson,CAR00,Bank of America Stadium
2014_12_CLE_ATL,2014,REG,12,2014-11-23,Sunday,13:00,CLE,26.0,ATL,24.0,Home,-2.0,50.0,0.0,2014112300,56332.0,,201411230atl,3236.0,400554317,,7,7,131.0,-145.0,3.0,-119.0,108.0,48.5,-110.0,100.0,0,dome,fieldturf,,,00-0026625,00-0026143,Brian Hoyer,Matt Ryan,Mike Pettine,Mike Smith,Brad Allen,ATL00,Georgia Dome
2014_13_ARI_ATL,2014,REG,13,2014-11-30,Sunday,16:05,ARI,18.0,ATL,29.0,Home,11.0,47.0,0.0,2014113009,56358.0,,201411300atl,3262.0,400554368,,7,7,-117.0,106.0,-1.5,-102.0,-108.0,45.5,102.0,-112.0,0,dome,fieldturf,,,00-0025430,00-0026143,Drew Stanton,Matt Ryan,Bruce Arians,Mike Smith,Terry McAulay,ATL00,Georgia Dome
2014_14_ATL_GB,2014,REG,14,2014-12-08,Monday,20:30,ATL,37.0,GB,43.0,Home,6.0,80.0,0.0,2014120800,56377.0,,201412080gnb,3281.0,400554433,,8,8,590.0,-730.0,13.5,-103.0,-107.0,54.5,-102.0,-108.0,0,outdoors,grass,33.0,0.0,00-0026143,00-0023459,Matt Ryan,Aaron Rodgers,Mike Smith,Mike McCarthy,Peter Morelli,GNB00,Lambeau Field
2014_15_PIT_ATL,2014,REG,15,2014-12-14,Sunday,13:00,PIT,27.0,ATL,20.0,Home,-7.0,47.0,0.0,2014121400,56379.0,,201412140atl,3283.0,400554346,,7,6,-150.0,136.0,-3.0,102.0,-113.0,55.0,-108.0,-102.0,0,dome,fieldturf,,,00-0022924,00-0026143,Ben Roethlisberger,Matt Ryan,Mike Tomlin,Mike Smith,Clete Blakeman,ATL00,Georgia Dome
2014_16_ATL_NO,2014,REG,16,2014-12-21,Sunday,13:00,ATL,30.0,NO,14.0,Home,-16.0,44.0,0.0,2014122104,56401.0,,201412210nor,3305.0,400554406,,7,6,208.0,-233.0,6.0,-107.0,-103.0,56.0,-103.0,-107.0,1,dome,sportturf,,,00-0026143,00-0020531,Matt Ryan,Drew Brees,Mike Smith,Sean Payton,John Parry,NOR00,Mercedes-Benz Superdome
2014_17_CAR_ATL,2014,REG,17,2014-12-28,Sunday,16:25,CAR,34.0,ATL,3.0,Home,-31.0,37.0,0.0,2014122800,56410.0,,201412280atl,3314.0,400554404,,7,7,116.0,-128.0,2.5,-108.0,-102.0,48.0,-103.0,-107.0,1,dome,fieldturf,,,00-0027939,00-0026143,Cam Newton,Matt Ryan,Ron Rivera,Mike Smith,Bill Leavy,ATL00,Georgia Dome
2015_01_PHI_ATL,2015,REG,1,2015-09-14,Monday,19:10,PHI,24.0,ATL,26.0,Home,2.0,50.0,0.0,2015091400,56517.0,,201509140atl,3420.0,400791596,,7,7,-177.0,159.0,-3.5,100.0,-110.0,55.0,-106.0,-104.0,0,dome,fieldturf,,,00-0027854,00-0026143,Sam Bradford,Matt Ryan,Chip Kelly,Dan Quinn,Terry McAulay,ATL00,Georgia Dome
2015_02_ATL_NYG,2015,REG,2,2015-09-20,Sunday,13:00,ATL,24.0,NYG,20.0,Home,-4.0,44.0,0.0,2015092004,56527.0,,201509200nyg,3427.0,400791672,,6,7,111.0,-123.0,2.0,-103.0,-107.0,49.5,-107.0,-103.0,0,outdoors,fieldturf,73.0,9.0,00-0026143,00-0022803,Matt Ryan,Eli Manning,Dan Quinn,Tom Coughlin,Brad Allen,NYC01,MetLife Stadium
2015_03_ATL_DAL,2015,REG,3,2015-09-27,Sunday,13:00,ATL,39.0,DAL,28.0,Home,-11.0,67.0,0.0,2015092700,56539.0,,201509270dal,3442.0,400791491,,7,7,104.0,-115.0,1.0,-102.0,-108.0,43.5,-107.0,-103.0,0,closed,matrixturf,,,00-0026143,00-0029677,Matt Ryan,Brandon Weeden,Dan Quinn,Jason Garrett,Peter Morelli,DAL00,AT&T Stadium
2015_04_HOU_ATL,2015,REG,4,2015-10-04,Sunday,13:00,HOU,21.0,ATL,48.0,Home,27.0,69.0,0.0,2015100402,56553.0,,201510040atl,3458.0,400791709,,7,7,181.0,-202.0,4.0,-108.0,-102.0,47.5,-110.0,100.0,0,dome,fieldturf,,,00-0028012,00-0026143,Ryan Mallett,Matt Ryan,Bill O'Brien,Dan Quinn,Carl Cheffers,ATL00,Georgia Dome
2015_05_WAS_ATL,2015,REG,5,2015-10-11,Sunday,13:00,WAS,19.0,ATL,25.0,Home,6.0,44.0,1.0,2015101103,56567.0,,201510110atl,3475.0,400791495,,7,7,285.0,-325.0,7.5,-120.0,109.0,48.5,-106.0,-104.0,0,dome,fieldturf,,,00-0029604,00-0026143,Kirk Cousins,Matt Ryan,Jay Gruden,Dan Quinn,Bill Vinovich,ATL00,Georgia Dome
2015_06_ATL_NO,2015,REG,6,2015-10-15,Thursday,20:25,ATL,21.0,NO,31.0,Home,10.0,52.0,0.0,2015101500,56580.0,,201510150nor,3483.0,400791593,,4,4,-148.0,134.0,-3.0,100.0,-110.0,52.0,-107.0,-103.0,1,dome,sportturf,,,00-0026143,00-0020531,Matt Ryan,Drew Brees,Dan Quinn,Sean Payton,Gene Steratore,NOR00,Mercedes-Benz Superdome
2015_07_ATL_TEN,2015,REG,7,2015-10-25,Sunday,13:00,ATL,10.0,TEN,7.0,Home,-3.0,17.0,0.0,2015102508,56602.0,,201510250oti,3500.0,400791517,,10,7,-230.0,205.0,-5.5,-108.0,-102.0,45.5,-105.0,-105.0,0,outdoors,grass,59.0,8.0,00-0026143,00-0031266,Matt Ryan,Zach Mettenberger,Dan Quinn,Ken Whisenhunt,Brad Allen,NAS00,Nissan Stadium
2015_08_TB_ATL,2015,REG,8,2015-11-01,Sunday,13:00,TB,23.0,ATL,20.0,Home,-3.0,43.0,1.0,2015110105,56610.0,,201511010atl,3518.0,400791605,,7,7,346.0,-400.0,8.0,-114.0,103.0,47.5,100.0,-110.0,1,dome,fieldturf,,,00-0031503,00-0026143,Jameis Winston,Matt Ryan,Lovie Smith,Dan Quinn,Ron Torbert,ATL00,Georgia Dome
2015_09_ATL_SF,2015,REG,9,2015-11-08,Sunday,16:05,ATL,16.0,SF,17.0,Home,1.0,33.0,0.0,2015110808,56630.0,,201511080sfo,3533.0,400791732,,7,7,-420.0,361.0,-9.5,-105.0,-105.0,43.5,100.0,-110.0,0,outdoors,grass,58.0,0.0,00-0026143,00-0027948,Matt Ryan,Blaine Gabbert,Dan Quinn,Jim Tomsula,Tony Corrente,SFO01,Levi's Stadium
2015_11_IND_ATL,2015,REG,11,2015-11-22,Sunday,13:00,IND,24.0,ATL,21.0,Home,-3.0,45.0,0.0,2015112202,56650.0,,201511220atl,3560.0,400791640,,14,14,162.0,-180.0,3.5,-114.0,103.0,47.5,-108.0,-102.0,0,dome,fieldturf,,,00-0007091,00-0026143,Matt Hasselbeck,Matt Ryan,Chuck Pagano,Dan Quinn,Walt Anderson,ATL00,Georgia Dome
2015_12_MIN_ATL,2015,REG,12,2015-11-29,Sunday,13:00,MIN,20.0,ATL,10.0,Home,-10.0,30.0,0.0,2015112901,56666.0,,201511290atl,3576.0,400791514,,7,7,116.0,-128.0,2.0,100.0,-110.0,45.0,-104.0,-106.0,0,dome,fieldturf,,,00-0031237,00-0026143,Teddy Bridgewater,Matt Ryan,Mike Zimmer,Dan Quinn,Clete Blakeman,ATL00,Georgia Dome
2015_13_ATL_TB,2015,REG,13,2015-12-06,Sunday,13:00,ATL,19.0,TB,23.0,Home,4.0,42.0,0.0,2015120608,56688.0,,201512060tam,3588.0,400791579,,7,7,104.0,-115.0,1.0,-101.0,-109.0,46.5,-106.0,-104.0,1,outdoors,grass,79.0,18.0,00-0026143,00-0031503,Matt Ryan,Jameis Winston,Dan Quinn,Lovie Smith,Ed Hochuli,TAM00,Raymond James Stadium
2015_14_ATL_CAR,2015,REG,14,2015-12-13,Sunday,13:00,ATL,0.0,CAR,38.0,Home,38.0,38.0,0.0,2015121307,56696.0,,201512130car,3607.0,400791604,,7,7,322.0,-370.0,8.5,-101.0,-109.0,45.5,-110.0,100.0,1,outdoors,grass,63.0,6.0,00-0026143,00-0027939,Matt Ryan,Cam Newton,Dan Quinn,Ron Rivera,Tony Corrente,CAR00,Bank of America Stadium
2015_15_ATL_JAX,2015,REG,15,2015-12-20,Sunday,13:00,ATL,23.0,JAX,17.0,Home,-6.0,40.0,0.0,2015122003,56715.0,,201512200jax,3622.0,400791685,,7,7,113.0,-125.0,2.0,-103.0,-107.0,47.5,-109.0,-101.0,0,outdoors,grass,65.0,8.0,00-0026143,00-0031407,Matt Ryan,Blake Bortles,Dan Quinn,Gus Bradley,Bill Vinovich,JAX00,EverBank Field
2015_16_CAR_ATL,2015,REG,16,2015-12-27,Sunday,13:00,CAR,13.0,ATL,20.0,Home,7.0,33.0,0.0,2015122707,56729.0,,201512270atl,3640.0,400791563,,7,7,-270.0,239.0,-7.0,102.0,-113.0,45.5,-102.0,-108.0,1,dome,fieldturf,,,00-0027939,00-0026143,Cam Newton,Matt Ryan,Ron Rivera,Dan Quinn,John Parry,ATL00,Georgia Dome
2015_17_NO_ATL,2015,REG,17,2016-01-03,Sunday,13:00,NO,20.0,ATL,17.0,Home,-3.0,37.0,0.0,2016010311,56743.0,,201601030atl,3657.0,400791614,,7,7,221.0,-248.0,6.0,-106.0,-104.0,53.5,-107.0,-103.0,1,dome,fieldturf,,,00-0020531,00-0026143,Drew Brees,Matt Ryan,Sean Payton,Dan Quinn,Craig Wrolstad,ATL00,Georgia Dome
2016_01_TB_ATL,2016,REG,1,2016-09-11,Sunday,13:00,TB,31.0,ATL,24.0,Home,-7.0,55.0,0.0,2016091100,56902.0,,201609110atl,4095.0,400874522,,7,7,120.0,-133.0,2.5,-102.0,-108.0,46.5,-105.0,-105.0,1,dome,fieldturf,,,00-0031503,00-0026143,Jameis Winston,Matt Ryan,Dirk Koetter,Dan Quinn,Jeff Triplette,ATL00,Georgia Dome
2016_02_ATL_OAK,2016,REG,2,2016-09-18,Sunday,16:25,ATL,35.0,OAK,28.0,Home,-7.0,63.0,0.0,2016091811,56929.0,,201609180rai,4113.0,400874525,,7,7,175.0,-195.0,4.0,-104.0,-106.0,47.5,102.0,-113.0,0,outdoors,grass,79.0,7.0,00-0026143,00-0031280,Matt Ryan,Derek Carr,Dan Quinn,Jack Del Rio,Clete Blakeman,OAK00,Oakland-Alameda County Coliseum
2016_03_ATL_NO,2016,REG,3,2016-09-26,Monday,20:30,ATL,45.0,NO,32.0,Home,-13.0,77.0,0.0,2016092600,56948.0,,201609260nor,4141.0,400874653,,8,8,142.0,-157.0,2.5,115.0,-127.0,54.0,-110.0,-100.0,1,dome,sportturf,,,00-0026143,00-0020531,Matt Ryan,Drew Brees,Dan Quinn,Sean Payton,Peter Morelli,NOR00,Mercedes-Benz Superdome
2016_04_CAR_ATL,2016,REG,4,2016-10-02,Sunday,13:00,CAR,33.0,ATL,48.0,Home,15.0,81.0,0.0,2016100201,56951.0,,201610020atl,4144.0,400874664,,7,6,-138.0,125.0,-2.5,-114.0,103.0,48.5,-105.0,-105.0,1,dome,fieldturf,,,00-0027939,00-0026143,Cam Newton,Matt Ryan,Ron Rivera,Dan Quinn,John Hussey,ATL00,Georgia Dome
2016_05_ATL_DEN,2016,REG,5,2016-10-09,Sunday,16:05,ATL,23.0,DEN,16.0,Home,-7.0,39.0,0.0,2016100907,56972.0,,201610090den,4165.0,400874607,,7,7,175.0,-195.0,3.5,102.0,-113.0,44.5,-110.0,-100.0,0,outdoors,grass,72.0,5.0,00-0026143,00-0033108,Matt Ryan,Paxton Lynch,Dan Quinn,Gary Kubiak,Terry McAulay,DEN00,Sports Authority Field at Mile High
2016_06_ATL_SEA,2016,REG,6,2016-10-16,Sunday,16:25,ATL,24.0,SEA,26.0,Home,2.0,50.0,0.0,2016101611,56990.0,,201610160sea,4183.0,400874732,,7,14,266.0,-302.0,7.0,-107.0,-103.0,45.5,-110.0,100.0,0,outdoors,fieldturf,54.0,10.0,00-0026143,00-0029263,Matt Ryan,Russell Wilson,Dan Quinn,Pete Carroll,Tony Corrente,SEA00,CenturyLink Field
2016_07_SD_ATL,2016,REG,7,2016-10-23,Sunday,16:05,SD,33.0,ATL,30.0,Home,-3.0,63.0,1.0,2016102309,57003.0,,201610230atl,4200.0,400874505,,10,7,186.0,-208.0,4.5,-103.0,-107.0,52.5,-104.0,-106.0,0,dome,fieldturf,,,00-0022942,00-0026143,Philip Rivers,Matt Ryan,Mike McCoy,Dan Quinn,Bill Vinovich,ATL00,Georgia Dome
2016_08_GB_ATL,2016,REG,8,2016-10-30,Sunday,16:25,GB,32.0,ATL,33.0,Home,1.0,65.0,0.0,2016103001,57010.0,,201610300atl,4203.0,400874616,,10,7,139.0,-154.0,3.0,-106.0,-104.0,51.0,-105.0,-105.0,0,dome,fieldturf,,,00-0023459,00-0026143,Aaron Rodgers,Matt Ryan,Mike McCarthy,Dan Quinn,Walt Anderson,ATL00,Georgia Dome
2016_09_ATL_TB,2016,REG,9,2016-11-03,Thursday,20:25,ATL,43.0,TB,28.0,Home,-15.0,71.0,0.0,2016110300,57021.0,,201611030tam,4214.0,400874605,,4,4,-205.0,184.0,-4.5,-103.0,-107.0,49.0,-110.0,-100.0,1,outdoors,grass,76.0,2.0,00-0026143,00-0031503,Matt Ryan,Jameis Winston,Dan Quinn,Dirk Koetter,Ron Torbert,TAM00,Raymond James Stadium
2016_10_ATL_PHI,2016,REG,10,2016-11-13,Sunday,13:00,ATL,15.0,PHI,24.0,Home,9.0,39.0,0.0,2016111305,57039.0,,201611130phi,4232.0,400874582,,10,7,111.0,-123.0,2.0,-105.0,-105.0,48.5,-107.0,-103.0,0,outdoors,grass,58.0,10.0,00-0026143,00-0032950,Matt Ryan,Carson Wentz,Dan Quinn,Doug Pederson,Craig Wrolstad,PHI00,Lincoln Financial Field
2016_12_ARI_ATL,2016,REG,12,2016-11-27,Sunday,13:00,ARI,19.0,ATL,38.0,Home,19.0,57.0,0.0,2016112700,57065.0,,201611270atl,4258.0,400874566,,7,14,168.0,-187.0,3.5,-103.0,-107.0,49.0,-105.0,-105.0,0,dome,fieldturf,,,00-0021429,00-0026143,Carson Palmer,Matt Ryan,Bruce Arians,Dan Quinn,John Parry,ATL00,Georgia Dome
2016_13_KC_ATL,2016,REG,13,2016-12-04,Sunday,13:00,KC,29.0,ATL,28.0,Home,-1.0,57.0,0.0,2016120400,57079.0,,201612040atl,4272.0,400874715,,7,7,186.0,-208.0,5.0,-104.0,-106.0,50.0,-107.0,-103.0,0,dome,fieldturf,,,00-0023436,00-0026143,Alex Smith,Matt Ryan,Andy Reid,Dan Quinn,Walt Coleman,ATL00,Georgia Dome
2016_14_ATL_LA,2016,REG,14,2016-12-11,Sunday,16:25,ATL,42.0,LA,14.0,Home,-28.0,56.0,0.0,2016121112,57106.0,,201612110ram,4299.0,400874627,,7,7,-208.0,186.0,-4.5,-100.0,-110.0,44.0,104.0,-115.0,0,outdoors,grass,65.0,1.0,00-0026143,00-0033106,Matt Ryan,Jared Goff,Dan Quinn,Jeff Fisher,Clete Blakeman,LAX99,Los Angeles Memorial Coliseum
2016_15_SF_ATL,2016,REG,15,2016-12-18,Sunday,16:05,SF,13.0,ATL,41.0,Home,28.0,54.0,0.0,2016121809,57120.0,,201612180atl,4309.0,400874710,,7,7,704.0,-900.0,13.5,-100.0,-110.0,51.5,-110.0,-100.0,0,dome,fieldturf,,,00-0027974,00-0026143,Colin Kaepernick,Matt Ryan,Chip Kelly,Dan Quinn,Gene Steratore,ATL00,Georgia Dome
2016_16_ATL_CAR,2016,REG,16,2016-12-24,Saturday,13:00,ATL,33.0,CAR,16.0,Home,-17.0,49.0,0.0,2016122401,57127.0,,201612240car,4320.0,400874540,,6,5,-150.0,136.0,-3.0,-103.0,-107.0,48.5,-115.0,104.0,1,outdoors,grass,56.0,5.0,00-0026143,00-0027939,Matt Ryan,Cam Newton,Dan Quinn,Ron Rivera,Bill Vinovich,CAR00,Bank of America Stadium
2016_17_NO_ATL,2016,REG,17,2017-01-01,Sunday,16:25,NO,32.0,ATL,38.0,Home,6.0,70.0,0.0,2017010100,57141.0,,201701010atl,4334.0,400874606,,8,8,305.0,-350.0,7.5,-107.0,-103.0,58.5,-107.0,-103.0,1,dome,fieldturf,,,00-0020531,00-0026143,Drew Brees,Matt Ryan,Sean Payton,Dan Quinn,Ron Torbert,ATL00,Georgia Dome
2016_19_SEA_ATL,2016,DIV,19,2017-01-14,Saturday,16:35,SEA,20.0,ATL,36.0,Home,16.0,56.0,0.0,2017011400,57161.0,,201701140atl,4354.0,400927747,,7,13,241.0,-272.0,6.5,-102.0,-108.0,51.0,102.0,-113.0,0,dome,fieldturf,,,00-0029263,00-0026143,Russell Wilson,Matt Ryan,Pete Carroll,Dan Quinn,Gene Steratore,ATL00,Georgia Dome
2016_20_GB_ATL,2016,CON,20,2017-01-22,Sunday,15:05,GB,21.0,ATL,44.0,Home,23.0,65.0,0.0,2017012200,57165.0,,201701220atl,4359.0,400927751,,7,8,221.0,-248.0,6.5,-102.0,-108.0,59.5,-100.0,-110.0,0,dome,fieldturf,,,00-0023459,00-0026143,Aaron Rodgers,Matt Ryan,Mike McCarthy,Dan Quinn,Bill Vinovich,ATL00,Georgia Dome
2016_21_NE_ATL,2016,SB,21,2017-02-05,Sunday,18:30,NE,34.0,ATL,28.0,Neutral,-6.0,62.0,1.0,2017020500,57167.0,,201702050atl,4361.0,400927752,,14,14,-139.0,126.0,-3.0,109.0,-120.0,57.0,-100.0,-110.0,0,closed,fieldturf,,,00-0019596,00-0026143,Tom Brady,Matt Ryan,Bill Belichick,Dan Quinn,Carl Cheffers,HOU00,NRG Stadium
2017_01_ATL_CHI,2017,REG,1,2017-09-10,Sunday,13:00,ATL,23.0,CHI,17.0,Home,-6.0,40.0,0.0,2017091001,57236.0,,201709100chi,7924.0,400951570,,7,7,-277.0,245.0,-6.5,-107.0,-103.0,48.0,-103.0,-107.0,0,outdoors,grass,64.0,10.0,00-0026143,00-0030520,Matt Ryan,Mike Glennon,Dan Quinn,John Fox,Jeff Triplette,CHI98,Soldier Field
2017_02_GB_ATL,2017,REG,2,2017-09-17,Sunday,20:30,GB,23.0,ATL,34.0,Home,11.0,57.0,0.0,2017091713,57264.0,,201709170atl,7952.0,400951679,,7,7,159.0,-177.0,3.5,-110.0,-100.0,55.0,102.0,-113.0,0,open,fieldturf,,,00-0023459,00-0026143,Aaron Rodgers,Matt Ryan,Mike McCarthy,Dan Quinn,Walt Anderson,ATL97,Mercedes-Benz Stadium
2017_03_ATL_DET,2017,REG,3,2017-09-24,Sunday,13:00,ATL,30.0,DET,26.0,Home,-4.0,56.0,0.0,2017092404,57271.0,,201709240det,7956.0,400951594,,7,6,-167.0,151.0,-3.0,-116.0,105.0,51.0,-105.0,-105.0,0,dome,fieldturf,,,00-0026143,00-0026498,Matt Ryan,Matthew Stafford,Dan Quinn,Jim Caldwell,Walt Coleman,DET00,Ford Field
2017_04_BUF_ATL,2017,REG,4,2017-10-01,Sunday,13:00,BUF,23.0,ATL,17.0,Home,-6.0,40.0,0.0,2017100101,57284.0,,201710010atl,7972.0,400951685,,7,7,330.0,-380.0,8.0,-105.0,-105.0,48.0,-110.0,-100.0,0,closed,fieldturf,,,00-0028118,00-0026143,Tyrod Taylor,Matt Ryan,Sean McDermott,Dan Quinn,Terry McAulay,ATL97,Mercedes-Benz Stadium
2017_06_MIA_ATL,2017,REG,6,2017-10-15,Sunday,13:00,MIA,20.0,ATL,17.0,Home,-3.0,37.0,0.0,2017101500,57313.0,,201710150atl,8005.0,400951697,,7,14,638.0,-800.0,14.0,-110.0,100.0,46.0,-110.0,-100.0,0,closed,fieldturf,,,00-0024226,00-0026143,Jay Cutler,Matt Ryan,Adam Gase,Dan Quinn,John Hussey,ATL97,Mercedes-Benz Stadium
2017_07_ATL_NE,2017,REG,7,2017-10-22,Sunday,20:30,ATL,7.0,NE,23.0,Home,16.0,30.0,0.0,2017102212,57339.0,,201710220nwe,8027.0,400951638,,7,7,136.0,-150.0,3.0,-115.0,104.0,56.5,-101.0,-109.0,0,outdoors,fieldturf,56.0,2.0,00-0026143,00-0019596,Matt Ryan,Tom Brady,Dan Quinn,Bill Belichick,Gene Steratore,BOS00,Gillette Stadium
2017_08_ATL_NYJ,2017,REG,8,2017-10-29,Sunday,13:00,ATL,25.0,NYJ,20.0,Home,-5.0,45.0,0.0,2017102905,57347.0,,201710290nyj,8031.0,400951721,,7,7,-280.0,248.0,-6.5,-113.0,102.0,43.5,-119.0,108.0,0,outdoors,fieldturf,63.0,5.0,00-0026143,00-0021206,Matt Ryan,Josh McCown,Dan Quinn,Todd Bowles,Craig Wrolstad,NYC01,MetLife Stadium
2017_09_ATL_CAR,2017,REG,9,2017-11-05,Sunday,13:00,ATL,17.0,CAR,20.0,Home,3.0,37.0,0.0,2017110500,57355.0,,201711050car,8043.0,400951749,,7,7,-148.0,134.0,-3.0,104.0,-115.0,42.0,102.0,-113.0,1,outdoors,grass,61.0,4.0,00-0026143,00-0027939,Matt Ryan,Cam Newton,Dan Quinn,Ron Rivera,Tony Corrente,CAR00,Bank of America Stadium
2017_10_DAL_ATL,2017,REG,10,2017-11-12,Sunday,16:25,DAL,7.0,ATL,27.0,Home,20.0,34.0,0.0,2017111209,57377.0,,201711120atl,8065.0,400951686,,7,7,166.0,-185.0,3.5,-105.0,-105.0,49.0,-101.0,-109.0,0,closed,fieldturf,,,00-0033077,00-0026143,Dak Prescott,Matt Ryan,Jason Garrett,Dan Quinn,Ed Hochuli,ATL97,Mercedes-Benz Stadium
2017_11_ATL_SEA,2017,REG,11,2017-11-20,Monday,20:30,ATL,34.0,SEA,31.0,Home,-3.0,65.0,0.0,2017112000,57393.0,,201711200sea,8081.0,400951818,,8,11,103.0,-114.0,1.0,-104.0,-106.0,46.0,-108.0,-102.0,0,outdoors,fieldturf,45.0,6.0,00-0026143,00-0029263,Matt Ryan,Russell Wilson,Dan Quinn,Pete Carroll,Carl Cheffers,SEA00,CenturyLink Field
2017_12_TB_ATL,2017,REG,12,2017-11-26,Sunday,13:00,TB,20.0,ATL,34.0,Home,14.0,54.0,0.0,2017112600,57397.0,,201711260atl,8090.0,400951586,,7,6,400.0,-470.0,10.5,-117.0,106.0,47.0,-115.0,104.0,1,closed,fieldturf,,,00-0023682,00-0026143,Ryan Fitzpatrick,Matt Ryan,Dirk Koetter,Dan Quinn,Jeff Triplette,ATL97,Mercedes-Benz Stadium
2017_13_MIN_ATL,2017,REG,13,2017-12-03,Sunday,13:00,MIN,14.0,ATL,9.0,Home,-5.0,23.0,0.0,2017120300,57411.0,,201712030atl,8105.0,400951677,,10,7,110.0,-121.0,2.0,-110.0,100.0,48.5,-102.0,-108.0,0,closed,fieldturf,,,00-0028986,00-0026143,Case Keenum,Matt Ryan,Mike Zimmer,Dan Quinn,Brad Allen,ATL97,Mercedes-Benz Stadium
2017_14_NO_ATL,2017,REG,14,2017-12-07,Thursday,20:25,NO,17.0,ATL,20.0,Home,3.0,37.0,0.0,2017120700,57426.0,,201712070atl,8114.0,400951557,,4,4,121.0,-134.0,2.5,-105.0,-105.0,51.5,-108.0,-102.0,1,closed,fieldturf,,,00-0020531,00-0026143,Drew Brees,Matt Ryan,Sean Payton,Dan Quinn,Clete Blakeman,ATL97,Mercedes-Benz Stadium
2017_15_ATL_TB,2017,REG,15,2017-12-18,Monday,20:30,ATL,24.0,TB,21.0,Home,-3.0,45.0,0.0,2017121800,57457.0,,201712180tam,8145.0,400951816,,11,8,-320.0,281.0,-7.0,-105.0,-105.0,49.5,-101.0,-109.0,1,outdoors,grass,71.0,2.0,00-0026143,00-0031503,Matt Ryan,Jameis Winston,Dan Quinn,Dirk Koetter,John Hussey,TAM00,Raymond James Stadium
2017_16_ATL_NO,2017,REG,16,2017-12-24,Sunday,13:00,ATL,13.0,NO,23.0,Home,10.0,36.0,0.0,2017122405,57465.0,,201712240nor,8148.0,400951637,,6,7,216.0,-242.0,5.5,-102.0,-108.0,52.0,-103.0,-107.0,1,dome,sportturf,,,00-0026143,00-0020531,Matt Ryan,Drew Brees,Dan Quinn,Sean Payton,Peter Morelli,NOR00,Mercedes-Benz Superdome
2017_17_CAR_ATL,2017,REG,17,2017-12-31,Sunday,16:25,CAR,10.0,ATL,22.0,Home,12.0,32.0,0.0,2017123100,57474.0,,201712310atl,8163.0,400951734,,7,7,211.0,-236.0,5.0,-100.0,-110.0,44.5,-100.0,-110.0,1,closed,fieldturf,,,00-0027939,00-0026143,Cam Newton,Matt Ryan,Ron Rivera,Dan Quinn,Bill Vinovich,ATL97,Mercedes-Benz Stadium
2017_18_ATL_LA,2017,WC,18,2018-01-06,Saturday,20:15,ATL,26.0,LA,13.0,Home,-13.0,39.0,0.0,2018010601,57491.0,,201801060ram,9298.0,400999171,,6,6,222.0,-250.0,6.5,-113.0,102.0,48.0,-110.0,-100.0,0,outdoors,grass,62.0,3.0,00-0026143,00-0033106,Matt Ryan,Jared Goff,Dan Quinn,Sean McVay,Ed Hochuli,LAX99,Los Angeles Memorial Coliseum
2017_19_ATL_PHI,2017,DIV,19,2018-01-13,Saturday,16:35,ATL,10.0,PHI,15.0,Home,5.0,25.0,0.0,2018011300,57494.0,,201801130phi,9302.0,400999179,,7,13,-133.0,120.0,-2.5,-107.0,-103.0,40.0,-110.0,-100.0,0,outdoors,grass,32.0,16.0,00-0026143,00-0029567,Matt Ryan,Nick Foles,Dan Quinn,Doug Pederson,Bill Vinovich,PHI00,Lincoln Financial Field
2018_01_ATL_PHI,2018,REG,1,2018-09-06,Thursday,20:20,ATL,12.0,PHI,18.0,Home,6.0,30.0,0.0,2018090600,57567.0,,201809060phi,9338.0,401030710,,7,7,-104.0,-106.0,1.0,-111.0,101.0,44.5,-101.0,-109.0,0,outdoors,grass,81.0,8.0,00-0026143,00-0029567,Matt Ryan,Nick Foles,Dan Quinn,Doug Pederson,John Hussey,PHI00,Lincoln Financial Field
2018_02_CAR_ATL,2018,REG,2,2018-09-16,Sunday,13:00,CAR,24.0,ATL,31.0,Home,7.0,55.0,0.0,2018091600,57584.0,,201809160atl,9355.0,401030691,,7,10,214.0,-240.0,5.5,-102.0,-108.0,44.0,-102.0,-108.0,1,closed,fieldturf,,,00-0027939,00-0026143,Cam Newton,Matt Ryan,Ron Rivera,Dan Quinn,Bill Vinovich,ATL97,Mercedes-Benz Stadium
2018_03_NO_ATL,2018,REG,3,2018-09-23,Sunday,13:00,NO,43.0,ATL,37.0,Home,-6.0,80.0,1.0,2018092300,57600.0,,201809230atl,9371.0,401030777,,7,7,113.0,-125.0,1.5,-101.0,-110.0,54.0,-104.0,-106.0,1,closed,fieldturf,,,00-0020531,00-0026143,Drew Brees,Matt Ryan,Sean Payton,Dan Quinn,Walt Anderson,ATL97,Mercedes-Benz Stadium
2018_04_CIN_ATL,2018,REG,4,2018-09-30,Sunday,13:00,CIN,37.0,ATL,36.0,Home,-1.0,73.0,0.0,2018093000,57616.0,,201809300atl,9387.0,401030847,,7,7,161.0,-179.0,3.5,-114.0,102.0,52.0,-103.0,-108.0,0,closed,fieldturf,,,00-0027973,00-0026143,Andy Dalton,Matt Ryan,Marvin Lewis,Dan Quinn,Shawn Smith,ATL97,Mercedes-Benz Stadium
2018_05_ATL_PIT,2018,REG,5,2018-10-07,Sunday,13:00,ATL,17.0,PIT,41.0,Home,24.0,58.0,0.0,2018100707,57638.0,,201810070pit,9409.0,401030709,,7,7,162.0,-180.0,3.5,-108.0,-103.0,57.0,-110.0,-101.0,0,outdoors,grass,83.0,5.0,00-0026143,00-0022924,Matt Ryan,Ben Roethlisberger,Dan Quinn,Mike Tomlin,John Parry,PIT00,Heinz Field
2018_06_TB_ATL,2018,REG,6,2018-10-14,Sunday,13:00,TB,29.0,ATL,34.0,Home,5.0,63.0,0.0,2018101400,57646.0,,201810140atl,9417.0,401030695,,14,7,144.0,-159.0,3.0,-103.0,-107.0,57.5,-108.0,-103.0,1,open,fieldturf,,,00-0031503,00-0026143,Jameis Winston,Matt Ryan,Dirk Koetter,Dan Quinn,Walt Coleman,ATL97,Mercedes-Benz Stadium
2018_07_NYG_ATL,2018,REG,7,2018-10-22,Monday,20:15,NYG,20.0,ATL,23.0,Home,3.0,43.0,0.0,2018102200,57673.0,,201810220atl,9444.0,401030796,,11,8,187.0,-209.0,4.5,-110.0,-101.0,52.0,-103.0,-108.0,0,open,fieldturf,,,00-0022803,00-0026143,Eli Manning,Matt Ryan,Pat Shurmur,Dan Quinn,Tony Corrente,ATL97,Mercedes-Benz Stadium
2018_09_ATL_WAS,2018,REG,9,2018-11-04,Sunday,13:00,ATL,38.0,WAS,14.0,Home,-24.0,52.0,0.0,2018110406,57695.0,,201811040was,9466.0,401030826,,13,7,116.0,-128.0,1.5,102.0,-114.0,46.5,-103.0,-108.0,0,outdoors,grass,55.0,5.0,00-0026143,00-0023436,Matt Ryan,Alex Smith,Dan Quinn,Jay Gruden,Walt Anderson,WAS00,FedExField
2018_10_ATL_CLE,2018,REG,10,2018-11-11,Sunday,13:00,ATL,16.0,CLE,28.0,Home,12.0,44.0,0.0,2018111102,57704.0,,201811110cle,9475.0,401030754,,7,7,-238.0,212.0,-5.5,-103.0,-108.0,49.5,100.0,-111.0,0,outdoors,grass,36.0,9.0,00-0026143,00-0034855,Matt Ryan,Baker Mayfield,Dan Quinn,Gregg Williams,Peter Morelli,CLE00,FirstEnergy Stadium
2018_11_DAL_ATL,2018,REG,11,2018-11-18,Sunday,13:00,DAL,22.0,ATL,19.0,Home,-3.0,41.0,0.0,2018111800,57716.0,,201811180atl,9487.0,401030929,,7,7,168.0,-186.0,3.5,-108.0,-103.0,50.0,102.0,-114.0,0,open,fieldturf,,,00-0033077,00-0026143,Dak Prescott,Matt Ryan,Jason Garrett,Dan Quinn,Craig Wrolstad,ATL97,Mercedes-Benz Stadium
2018_12_ATL_NO,2018,REG,12,2018-11-22,Thursday,20:20,ATL,17.0,NO,31.0,Home,14.0,48.0,0.0,2018112202,57730.0,,201811220nor,9501.0,401030923,,4,4,433.0,-550.0,11.5,-101.0,-110.0,61.0,-101.0,-110.0,1,dome,sportturf,,,00-0026143,00-0020531,Matt Ryan,Drew Brees,Dan Quinn,Sean Payton,John Hussey,NOR00,Mercedes-Benz Superdome
2018_13_BAL_ATL,2018,REG,13,2018-12-02,Sunday,13:00,BAL,26.0,ATL,16.0,Home,-10.0,42.0,0.0,2018120200,57744.0,,201812020atl,9515.0,401030928,,7,10,133.0,-147.0,2.5,102.0,-114.0,46.5,-101.0,-110.0,0,open,fieldturf,,,00-0034796,00-0026143,Lamar Jackson,Matt Ryan,John Harbaugh,Dan Quinn,Brad Allen,ATL97,Mercedes-Benz Stadium
2018_14_ATL_GB,2018,REG,14,2018-12-09,Sunday,13:00,ATL,20.0,GB,34.0,Home,14.0,54.0,0.0,2018120903,57763.0,,201812090gnb,9534.0,401030825,,7,7,166.0,-185.0,4.0,-116.0,104.0,51.0,-101.0,-110.0,0,outdoors,grass,25.0,10.0,00-0026143,00-0023459,Matt Ryan,Aaron Rodgers,Dan Quinn,Joe Philbin,Walt Coleman,GNB00,Lambeau Field
2018_15_ARI_ATL,2018,REG,15,2018-12-16,Sunday,13:00,ARI,14.0,ATL,40.0,Home,26.0,54.0,0.0,2018121600,57778.0,,201812160atl,9549.0,401030900,,7,7,332.0,-382.0,10.0,-129.0,114.0,43.5,100.0,-111.0,0,closed,fieldturf,,,00-0034343,00-0026143,Josh Rosen,Matt Ryan,Steve Wilks,Dan Quinn,Shawn Smith,ATL97,Mercedes-Benz Stadium
2018_16_ATL_CAR,2018,REG,16,2018-12-23,Sunday,13:00,ATL,24.0,CAR,10.0,Home,-14.0,34.0,0.0,2018122304,57795.0,,201812230car,9562.0,401030895,,7,6,-147.0,133.0,-2.5,-119.0,106.0,46.5,-107.0,-103.0,1,outdoors,grass,52.0,7.0,00-0026143,00-0031800,Matt Ryan,Taylor Heinicke,Dan Quinn,Ron Rivera,Peter Morelli,CAR00,Bank of America Stadium
2018_17_ATL_TB,2018,REG,17,2018-12-30,Sunday,13:00,ATL,34.0,TB,32.0,Home,-2.0,66.0,0.0,2018123010,57817.0,,201812300tam,9589.0,401030820,,7,7,-142.0,129.0,-2.5,-108.0,-103.0,52.0,-110.0,-101.0,1,outdoors,grass,80.0,5.0,00-0026143,00-0031503,Matt Ryan,Jameis Winston,Dan Quinn,Dirk Koetter,Brad Allen,TAM00,Raymond James Stadium
2019_01_ATL_MIN,2019,REG,1,2019-09-08,Sunday,13:00,ATL,12.0,MIN,28.0,Home,16.0,40.0,0.0,2019090804,57905.0,,201909080min,13765.0,401127961,5059.0,7,7,159.0,-176.0,3.5,-115.0,104.0,47.0,101.0,-112.0,0,dome,sportturf,,,00-0026143,00-0029604,Matt Ryan,Kirk Cousins,Dan Quinn,Mike Zimmer,Bill Vinovich,MIN01,U.S. Bank Stadium
2019_02_PHI_ATL,2019,REG,2,2019-09-15,Sunday,20:20,PHI,20.0,ATL,24.0,Home,4.0,44.0,0.0,2019091513,57930.0,,201909150atl,13792.0,401128124,5088.0,7,7,-105.0,-105.0,-1.0,102.0,-112.0,53.0,-105.0,-106.0,0,open,fieldturf,,,00-0032950,00-0026143,Carson Wentz,Matt Ryan,Doug Pederson,Dan Quinn,Brad Allen,ATL97,Mercedes-Benz Stadium
2019_03_ATL_IND,2019,REG,3,2019-09-22,Sunday,13:00,ATL,24.0,IND,27.0,Home,3.0,51.0,0.0,2019092203,57936.0,,201909220clt,13798.0,401127929,5091.0,7,7,105.0,-116.0,1.0,100.0,-111.0,48.0,-107.0,-104.0,0,closed,fieldturf,,,00-0026143,00-0033119,Matt Ryan,Jacoby Brissett,Dan Quinn,Frank Reich,Alex Kemp,IND00,Lucas Oil Stadium
2019_04_TEN_ATL,2019,REG,4,2019-09-29,Sunday,13:00,TEN,24.0,ATL,10.0,Home,-14.0,34.0,0.0,2019092900,57949.0,,201909290atl,13811.0,401128016,5113.0,10,7,156.0,-174.0,3.5,-113.0,102.0,46.0,-113.0,101.0,0,closed,fieldturf,,,00-0032268,00-0026143,Marcus Mariota,Matt Ryan,Mike Vrabel,Dan Quinn,John Hussey,ATL97,Mercedes-Benz Stadium
2019_05_ATL_HOU,2019,REG,5,2019-10-06,Sunday,13:00,ATL,32.0,HOU,53.0,Home,21.0,85.0,0.0,2019100602,57966.0,,201910060htx,13835.0,401127960,5123.0,7,7,184.0,-207.0,4.0,-101.0,-109.0,49.0,-110.0,-101.0,0,closed,grass,,,00-0026143,00-0033537,Matt Ryan,Deshaun Watson,Dan Quinn,Bill O'Brien,Shawn Smith,HOU00,NRG Stadium
2019_06_ATL_ARI,2019,REG,6,2019-10-13,Sunday,16:05,ATL,33.0,ARI,34.0,Home,1.0,67.0,0.0,2019101307,57986.0,,201910130crd,13849.0,401128126,5144.0,7,7,-161.0,145.0,-3.0,-108.0,-102.0,52.5,101.0,-113.0,0,closed,grass,,,00-0026143,00-0035228,Matt Ryan,Kyler Murray,Dan Quinn,Kliff Kingsbury,Carl Cheffers,PHO00,State Farm Stadium
2019_07_LA_ATL,2019,REG,7,2019-10-20,Sunday,13:00,LA,37.0,ATL,10.0,Home,-27.0,47.0,0.0,2019102000,57993.0,,201910200atl,13855.0,401127940,5154.0,7,7,-154.0,139.0,-3.0,-105.0,-105.0,54.5,-107.0,-104.0,0,open,fieldturf,,,00-0033106,00-0026143,Jared Goff,Matt Ryan,Sean McVay,Dan Quinn,Ronald Torbert,ATL97,Mercedes-Benz Stadium
2019_08_SEA_ATL,2019,REG,8,2019-10-27,Sunday,13:00,SEA,27.0,ATL,20.0,Home,-7.0,47.0,0.0,2019102700,58007.0,,201910270atl,13869.0,401128035,5172.0,7,7,-323.0,275.0,-7.5,106.0,-117.0,48.5,-102.0,-110.0,0,open,fieldturf,,,00-0029263,00-0022787,Russell Wilson,Matt Schaub,Pete Carroll,Dan Quinn,Clete Blakeman,ATL97,Mercedes-Benz Stadium
2019_10_ATL_NO,2019,REG,10,2019-11-10,Sunday,13:00,ATL,26.0,NO,9.0,Home,-17.0,35.0,0.0,2019111004,58040.0,,201911100nor,13903.0,401127948,5195.0,14,14,503.0,-649.0,14.0,-114.0,103.0,51.5,-110.0,-101.0,1,dome,astroturf,,,00-0026143,00-0020531,Matt Ryan,Drew Brees,Dan Quinn,Sean Payton,Brad Allen,NOR00,Mercedes-Benz Superdome
2019_11_ATL_CAR,2019,REG,11,2019-11-17,Sunday,13:00,ATL,29.0,CAR,3.0,Home,-26.0,32.0,0.0,2019111701,58050.0,,201911170car,13917.0,401128049,5207.0,7,7,177.0,-199.0,3.5,-100.0,-110.0,49.0,-108.0,-103.0,1,outdoors,grass,51.0,11.0,00-0026143,00-0034577,Matt Ryan,Kyle Allen,Dan Quinn,Ron Rivera,Adrian Hill,CAR00,Bank of America Stadium
2019_12_TB_ATL,2019,REG,12,2019-11-24,Sunday,13:00,TB,35.0,ATL,22.0,Home,-13.0,57.0,0.0,2019112400,58063.0,,201911240atl,13925.0,401127870,5228.0,7,7,163.0,-183.0,3.5,-110.0,-100.0,51.5,-111.0,100.0,1,closed,fieldturf,,,00-0031503,00-0026143,Jameis Winston,Matt Ryan,Bruce Arians,Dan Quinn,Clay Martin,ATL97,Mercedes-Benz Stadium
2019_13_NO_ATL,2019,REG,13,2019-11-28,Thursday,20:20,NO,26.0,ATL,18.0,Home,-8.0,44.0,0.0,2019112802,58078.0,,201911280atl,13940.0,401128022,5236.0,4,4,-319.0,272.0,-7.0,-106.0,-104.0,48.0,-103.0,-108.0,1,closed,fieldturf,,,00-0020531,00-0026143,Drew Brees,Matt Ryan,Sean Payton,Dan Quinn,Shawn Smith,ATL97,Mercedes-Benz Stadium
2019_14_CAR_ATL,2019,REG,14,2019-12-08,Sunday,13:00,CAR,20.0,ATL,40.0,Home,20.0,60.0,0.0,2019120800,58093.0,,201912080atl,13955.0,401127869,5252.0,7,10,161.0,-180.0,3.5,-110.0,100.0,48.0,-107.0,-104.0,1,closed,fieldturf,,,00-0034577,00-0026143,Kyle Allen,Matt Ryan,Ron Rivera,Dan Quinn,Clete Blakeman,ATL97,Mercedes-Benz Stadium
2019_15_ATL_SF,2019,REG,15,2019-12-15,Sunday,16:25,ATL,29.0,SF,22.0,Home,-7.0,51.0,0.0,2019121512,58121.0,,201912150sfo,13983.0,401128108,5278.0,7,7,376.0,-460.0,10.5,-117.0,106.0,50.0,-103.0,-108.0,0,outdoors,grass,55.0,6.0,00-0026143,00-0031345,Matt Ryan,Jimmy Garoppolo,Dan Quinn,Kyle Shanahan,Craig Wrolstad,SFO01,Levi's Stadium
2019_16_JAX_ATL,2019,REG,16,2019-12-22,Sunday,13:00,JAX,12.0,ATL,24.0,Home,12.0,36.0,0.0,2019122205,58129.0,,201912220atl,13991.0,401127903,5288.0,7,7,268.0,-313.0,7.5,-114.0,103.0,48.0,-102.0,-110.0,0,closed,fieldturf,,,00-0035289,00-0026143,Gardner Minshew,Matt Ryan,Doug Marrone,Dan Quinn,Adrian Hill,ATL97,Mercedes-Benz Stadium
2019_17_ATL_TB,2019,REG,17,2019-12-29,Sunday,13:00,ATL,28.0,TB,22.0,Home,-6.0,50.0,1.0,2019122912,58152.0,,201912290tam,14010.0,401128034,5298.0,7,7,109.0,-120.0,1.0,101.0,-111.0,48.0,-107.0,-104.0,1,outdoors,grass,78.0,12.0,00-0026143,00-0031503,Matt Ryan,Jameis Winston,Dan Quinn,Bruce Arians,Carl Cheffers,TAM00,Raymond James Stadium
2020_01_SEA_ATL,2020,REG,1,2020-09-13,Sunday,13:00,SEA,38.0,ATL,25.0,Home,-13.0,63.0,0.0,2020091300,58169.0,,202009130atl,18533.0,401220313,5334.0,7,7,102.0,-112.0,1.0,-105.0,-105.0,49.5,-108.0,-103.0,0,closed,fieldturf,,,00-0029263,00-0026143,Russell Wilson,Matt Ryan,Pete Carroll,Dan Quinn,Shawn Hochuli,ATL97,Mercedes-Benz Stadium
2020_02_ATL_DAL,2020,REG,2,2020-09-20,Sunday,13:00,ATL,39.0,DAL,40.0,Home,1.0,79.0,0.0,2020092001,58186.0,,202009200dal,18550.0,401220249,5342.0,7,7,131.0,-145.0,3.0,-119.0,108.0,53.0,-102.0,-109.0,0,closed,fieldturf,,,00-0026143,00-0033077,Matt Ryan,Dak Prescott,Dan Quinn,Mike McCarthy,Brad Rogers,DAL00,AT&T Stadium
2020_03_CHI_ATL,2020,REG,3,2020-09-27,Sunday,13:00,CHI,30.0,ATL,26.0,Home,-4.0,56.0,0.0,2020092700,58201.0,,202009270atl,18565.0,401220309,5358.0,7,7,122.0,-135.0,2.5,101.0,-111.0,46.0,-102.0,-109.0,0,closed,fieldturf,,,00-0033869,00-0026143,Mitch Trubisky,Matt Ryan,Matt Nagy,Dan Quinn,Jerome Boger,ATL97,Mercedes-Benz Stadium
2020_04_ATL_GB,2020,REG,4,2020-10-05,Monday,21:00,ATL,16.0,GB,30.0,Home,14.0,46.0,0.0,2020100500,58231.0,,202010050gnb,18595.0,401220293,5388.0,8,8,195.0,-221.0,5.0,-110.0,-100.0,56.5,-112.0,100.0,0,outdoors,grass,53.0,9.0,00-0026143,00-0023459,Matt Ryan,Aaron Rodgers,Dan Quinn,Matt LaFleur,Carl Cheffers,GNB00,Lambeau Field
2020_05_CAR_ATL,2020,REG,5,2020-10-11,Sunday,13:00,CAR,23.0,ATL,16.0,Home,-7.0,39.0,0.0,2020101100,58233.0,,202010110atl,18597.0,401220306,5392.0,7,6,125.0,-139.0,2.5,-101.0,-109.0,53.5,-107.0,-104.0,1,closed,fieldturf,,,00-0031237,00-0026143,Teddy Bridgewater,Matt Ryan,Matt Rhule,Dan Quinn,Brad Allen,ATL97,Mercedes-Benz Stadium
2020_06_ATL_MIN,2020,REG,6,2020-10-18,Sunday,13:00,ATL,40.0,MIN,23.0,Home,-17.0,63.0,0.0,2020101803,58251.0,,202010180min,18614.0,401220301,5405.0,7,7,167.0,-188.0,3.5,-102.0,-108.0,53.0,103.0,-115.0,0,dome,sportturf,,,00-0026143,00-0029604,Matt Ryan,Kirk Cousins,Raheem Morris,Mike Zimmer,Craig Wrolstad,MIN01,U.S. Bank Stadium
2020_07_DET_ATL,2020,REG,7,2020-10-25,Sunday,13:00,DET,23.0,ATL,22.0,Home,-1.0,45.0,0.0,2020102500,58262.0,,202010250atl,18625.0,401220310,5423.0,7,7,102.0,-113.0,1.0,-106.0,-104.0,54.0,-105.0,-106.0,0,closed,fieldturf,,,00-0026498,00-0026143,Matthew Stafford,Matt Ryan,Matt Patricia,Raheem Morris,Land Clark,ATL97,Mercedes-Benz Stadium
2020_08_ATL_CAR,2020,REG,8,2020-10-29,Thursday,20:20,ATL,25.0,CAR,17.0,Home,-8.0,42.0,0.0,2020102900,58275.0,,202010290car,18639.0,401220314,5432.0,4,4,104.0,-115.0,1.5,-109.0,-102.0,52.0,-110.0,-101.0,1,outdoors,grass,76.0,8.0,00-0026143,00-0031237,Matt Ryan,Teddy Bridgewater,Raheem Morris,Matt Rhule,Shawn Hochuli,CAR00,Bank of America Stadium
2020_09_DEN_ATL,2020,REG,9,2020-11-08,Sunday,13:00,DEN,27.0,ATL,34.0,Home,7.0,61.0,0.0,2020110800,58289.0,,202011080atl,18653.0,401220311,5449.0,7,10,193.0,-218.0,4.5,-108.0,-102.0,50.0,-101.0,-110.0,0,closed,fieldturf,,,00-0035704,00-0026143,Drew Lock,Matt Ryan,Vic Fangio,Raheem Morris,Jerome Boger,ATL97,Mercedes-Benz Stadium
2020_11_ATL_NO,2020,REG,11,2020-11-22,Sunday,13:00,ATL,9.0,NO,24.0,Home,15.0,33.0,0.0,2020112206,58323.0,,202011220nor,18687.0,401220321,5474.0,14,7,162.0,-181.0,3.5,-109.0,-101.0,49.5,-103.0,-108.0,1,dome,astroturf,,,00-0026143,00-0033357,Matt Ryan,Taysom Hill,Raheem Morris,Sean Payton,Brad Allen,NOR00,Mercedes-Benz Superdome
2020_12_LV_ATL,2020,REG,12,2020-11-29,Sunday,13:00,LV,6.0,ATL,43.0,Home,37.0,49.0,0.0,2020112900,58332.0,,202011290atl,18696.0,401220312,5492.0,7,7,-184.0,164.0,-3.5,-105.0,-105.0,53.0,-109.0,-102.0,0,closed,fieldturf,,,00-0031280,00-0026143,Derek Carr,Matt Ryan,Jon Gruden,Raheem Morris,Land Clark,ATL97,Mercedes-Benz Stadium
2020_13_NO_ATL,2020,REG,13,2020-12-06,Sunday,13:00,NO,21.0,ATL,16.0,Home,-5.0,37.0,0.0,2020120600,58346.0,,202012060atl,18710.0,401220307,5509.0,7,7,-141.0,127.0,-2.5,-113.0,102.0,46.0,-101.0,-110.0,1,closed,fieldturf,,,00-0033357,00-0026143,Taysom Hill,Matt Ryan,Sean Payton,Raheem Morris,Adrian Hill,ATL97,Mercedes-Benz Stadium
2020_14_ATL_LAC,2020,REG,14,2020-12-13,Sunday,16:25,ATL,17.0,LAC,20.0,Home,3.0,37.0,0.0,2020121310,58371.0,,202012130sdg,18735.0,401220239,5528.0,7,7,107.0,-118.0,1.0,100.0,-110.0,49.0,-101.0,-111.0,0,dome,matrixturf,,,00-0026143,00-0036355,Matt Ryan,Justin Herbert,Raheem Morris,Anthony Lynn,Tony Corrente,LAX01,SoFi Stadium
2020_15_TB_ATL,2020,REG,15,2020-12-20,Sunday,13:00,TB,31.0,ATL,27.0,Home,-4.0,58.0,0.0,2020122005,58382.0,,202012200atl,18746.0,401220308,5544.0,7,7,-258.0,225.0,-6.0,-104.0,-106.0,49.5,-103.0,-108.0,1,closed,fieldturf,,,00-0019596,00-0026143,Tom Brady,Matt Ryan,Bruce Arians,Raheem Morris,Brad Rogers,ATL97,Mercedes-Benz Stadium
2020_16_ATL_KC,2020,REG,16,2020-12-27,Sunday,13:00,ATL,14.0,KC,17.0,Home,3.0,31.0,0.0,2020122708,58401.0,,202012270kan,18765.0,401220223,5550.0,7,7,409.0,-508.0,11.0,-110.0,-100.0,54.0,-106.0,-105.0,0,outdoors,astroturf,49.0,8.0,00-0026143,00-0033873,Matt Ryan,Patrick Mahomes,Raheem Morris,Andy Reid,Craig Wrolstad,KAN00,Arrowhead Stadium
2020_17_ATL_TB,2020,REG,17,2021-01-03,Sunday,13:00,ATL,27.0,TB,44.0,Home,17.0,71.0,0.0,2021010310,58418.0,,202101030tam,18784.0,401220328,5565.0,7,8,276.0,-323.0,7.5,-123.0,111.0,51.0,-100.0,-111.0,1,outdoors,grass,65.0,4.0,00-0026143,00-0019596,Matt Ryan,Tom Brady,Raheem Morris,Bruce Arians,Alex Kemp,TAM00,Raymond James Stadium
2021_01_PHI_ATL,2021,REG,1,2021-09-12,Sunday,13:00,PHI,32.0,ATL,6.0,Home,-26.0,38.0,0.0,2021091200,58504.0,10160000-0585-0480-6b01-c3eef69858d5,202109120atl,19609.0,401326315,5600.0,7,7,161.0,-180.0,3.5,-109.0,-101.0,49.0,-108.0,-103.0,0,open,fieldturf,,,00-0036389,00-0026143,Jalen Hurts,Matt Ryan,Nick Sirianni,Arthur Smith,Scott Novak,ATL97,Mercedes-Benz Stadium
2021_02_ATL_TB,2021,REG,2,2021-09-19,Sunday,16:05,ATL,25.0,TB,48.0,Home,23.0,73.0,0.0,2021091910,58530.0,10160000-0585-30bd-05c9-75bc16e1a032,202109190tam,19635.0,401326358,5620.0,7,10,582.0,-772.0,13.5,-108.0,-102.0,52.0,-103.0,-108.0,1,outdoors,grass ,85.0,0.0,00-0026143,00-0019596,Matt Ryan,Tom Brady,Arthur Smith,Bruce Arians,Carl Cheffers,TAM00,Raymond James Stadium
2021_03_ATL_NYG,2021,REG,3,2021-09-26,Sunday,13:00,ATL,17.0,NYG,14.0,Home,-3.0,31.0,0.0,2021092606,58542.0,10160000-0585-42f8-a139-c5c7f3ad05a5,202109260nyg,19646.0,401326370,5632.0,7,10,129.0,-143.0,3.0,-115.0,105.0,48.0,-110.0,-101.0,0,outdoors,fieldturf,69.0,13.0,00-0026143,00-0035710,Matt Ryan,Daniel Jones,Arthur Smith,Joe Judge,Adrian Hill,NYC01,MetLife Stadium
2021_04_WAS_ATL,2021,REG,4,2021-10-03,Sunday,13:00,WAS,34.0,ATL,30.0,Home,-4.0,64.0,0.0,2021100300,58552.0,10160000-0585-5257-aab2-51126edaa21f,202110030atl,19657.0,401326380,5648.0,7,7,-117.0,106.0,-1.0,-111.0,100.0,47.5,-114.0,102.0,0,open,fieldturf,,,00-0031800,00-0026143,Taylor Heinicke,Matt Ryan,Ron Rivera,Arthur Smith,Clay Martin,ATL97,Mercedes-Benz Stadium
2021_05_NYJ_ATL,2021,REG,5,2021-10-10,Sunday,09:30,NYJ,20.0,ATL,27.0,Neutral,7.0,47.0,0.0,2021101000,58568.0,10160000-0585-68dd-bfda-5da5ee18b8a5,202110100atl,19686.0,401326324,5659.0,7,7,138.0,-153.0,3.0,-107.0,-103.0,45.5,102.0,-113.0,0,outdoors,grass,63.0,8.0,00-0037013,00-0026143,Zach Wilson,Matt Ryan,Robert Saleh,Arthur Smith,Tony Corrente,LON02,Tottenham Stadium
2021_07_ATL_MIA,2021,REG,7,2021-10-24,Sunday,13:00,ATL,30.0,MIA,28.0,Home,-2.0,58.0,0.0,2021102402,58600.0,10160000-0586-00e3-5c25-2c5e09c87bf7,202110240mia,19705.0,401326426,5693.0,14,7,-129.0,117.0,-1.5,-113.0,103.0,48.5,-113.0,101.0,0,outdoors,grass ,85.0,9.0,00-0026143,00-0036212,Matt Ryan,Tua Tagovailoa,Arthur Smith,Brian Flores,Scott Novak,MIA00,Hard Rock Stadium
2021_08_CAR_ATL,2021,REG,8,2021-10-31,Sunday,13:00,CAR,19.0,ATL,13.0,Home,-6.0,32.0,0.0,2021103100,58611.0,10160000-0586-1198-2eae-cbb06a08f7e4,202110310atl,19716.0,401326437,5703.0,7,7,117.0,-129.0,2.5,-109.0,-101.0,47.0,-111.0,100.0,1,open,fieldturf,,,00-0034869,00-0026143,Sam Darnold,Matt Ryan,Matt Rhule,Arthur Smith,Brad Allen,ATL97,Mercedes-Benz Stadium
2021_09_ATL_NO,2021,REG,9,2021-11-07,Sunday,13:00,ATL,27.0,NO,25.0,Home,-2.0,52.0,0.0,2021110706,58632.0,10160000-0586-3236-e5c0-11e0241636f0,202111070nor,19737.0,401326458,5719.0,7,7,240.0,-277.0,7.0,-117.0,106.0,43.0,-101.0,-110.0,1,dome,sportturf,,,00-0026143,00-0032156,Matt Ryan,Trevor Siemian,Arthur Smith,Sean Payton,Alex Kemp,NOR00,Mercedes-Benz Superdome
2021_10_ATL_DAL,2021,REG,10,2021-11-14,Sunday,13:00,ATL,3.0,DAL,43.0,Home,40.0,46.0,0.0,2021111400,58640.0,10160000-0586-4081-1e73-e81083e4af9e,202111140dal,19746.0,401326466,5733.0,7,7,328.0,-392.0,8.0,-105.0,-105.0,55.0,-108.0,-103.0,0,closed,matrixturf,,,00-0026143,00-0033077,Matt Ryan,Dak Prescott,Arthur Smith,Mike McCarthy,Craig Wrolstad,DAL00,AT&T Stadium
2021_11_NE_ATL,2021,REG,11,2021-11-18,Thursday,20:20,NE,25.0,ATL,0.0,Home,-25.0,25.0,0.0,2021111800,58653.0,10160000-0586-5342-6d41-c810cff5d936,202111180atl,19757.0,401326479,5744.0,4,4,-329.0,280.0,-7.0,-111.0,101.0,47.5,-108.0,-103.0,0,closed,fieldturf,,,00-0036972,00-0026143,Mac Jones,Matt Ryan,Bill Belichick,Arthur Smith,Land Clark,ATL97,Mercedes-Benz Stadium
2021_12_ATL_JAX,2021,REG,12,2021-11-28,Sunday,13:00,ATL,21.0,JAX,14.0,Home,-7.0,35.0,0.0,2021112803,58674.0,10160000-0586-748f-b4fd-44ee65f2acc4,202111280jax,19778.0,401326500,5763.0,10,7,-115.0,105.0,-1.5,-102.0,-108.0,46.0,-108.0,-103.0,0,outdoors,grass ,61.0,4.0,00-0026143,00-0036971,Matt Ryan,Trevor Lawrence,Arthur Smith,Urban Meyer,Carl Cheffers,JAX00,TIAA Bank Stadium
2021_13_TB_ATL,2021,REG,13,2021-12-05,Sunday,13:00,TB,30.0,ATL,17.0,Home,-13.0,47.0,0.0,2021120500,58684.0,10160000-0586-849f-e1a7-823889c5fa0c,202112050atl,19788.0,401326510,5780.0,7,7,-475.0,387.0,-11.0,-103.0,-108.0,51.0,-107.0,-104.0,1,closed,fieldturf,,,00-0019596,00-0026143,Tom Brady,Matt Ryan,Bruce Arians,Arthur Smith,Tony Corrente,ATL97,Mercedes-Benz Stadium
2021_14_ATL_CAR,2021,REG,14,2021-12-12,Sunday,13:00,ATL,29.0,CAR,21.0,Home,-8.0,50.0,0.0,2021121200,58698.0,10160000-0586-98bb-eb7e-c578a377c768,202112120car,19802.0,401326524,5789.0,7,14,123.0,-136.0,2.5,-104.0,-107.0,41.0,105.0,-116.0,1,outdoors,grass ,48.0,9.0,00-0026143,00-0027939,Matt Ryan,Cam Newton,Arthur Smith,Matt Rhule,Shawn Smith,CAR00,Bank of America Stadium
2021_15_ATL_SF,2021,REG,15,2021-12-19,Sunday,16:05,ATL,13.0,SF,31.0,Home,18.0,44.0,0.0,2021121911,58723.0,10160000-0587-2335-f722-abf160161b04,202112190sfo,19828.0,401326549,5810.0,7,7,319.0,-380.0,9.5,-114.0,102.0,48.0,-106.0,-105.0,0,outdoors,grass,46.0,0.0,00-0026143,00-0031345,Matt Ryan,Jimmy Garoppolo,Arthur Smith,Kyle Shanahan,Clay Martin,SFO01,Levi's Stadium
2021_16_DET_ATL,2021,REG,16,2021-12-26,Sunday,13:00,DET,16.0,ATL,20.0,Home,4.0,36.0,0.0,2021122600,58730.0,10160000-0587-3016-3336-a303205432c6,202112260atl,19835.0,401326556,5821.0,7,7,309.0,-373.0,7.5,-106.0,-105.0,42.5,102.0,-113.0,0,open,fieldturf,,,00-0034177,00-0026143,Tim Boyle,Matt Ryan,Dan Campbell,Arthur Smith,Ron Torbert,ATL97,Mercedes-Benz Stadium
2021_17_ATL_BUF,2021,REG,17,2022-01-02,Sunday,13:00,ATL,15.0,BUF,29.0,Home,14.0,44.0,0.0,2022010200,58743.0,10160000-0587-43c0-4814-9a7376e0395c,202201020buf,19848.0,401326569,5839.0,7,7,625.0,-871.0,14.0,-101.0,-111.0,46.5,-103.0,-108.0,0,outdoors,a_turf,26.0,11.0,00-0026143,00-0034857,Matt Ryan,Josh Allen,Arthur Smith,Sean McDermott,Land Clark,BUF00,New Era Field
2021_18_NO_ATL,2021,REG,18,2022-01-09,Sunday,16:25,NO,30.0,ATL,20.0,Home,-10.0,50.0,0.0,2022010900,58759.0,10160000-0587-592f-94b1-30be78f17918,202201090atl,19864.0,401326585,5860.0,7,7,-213.0,186.0,-4.5,-111.0,-100.0,40.0,102.0,-113.0,1,closed,fieldturf,,,00-0033357,00-0026143,Taysom Hill,Matt Ryan,Sean Payton,Arthur Smith,Craig Wrolstad,ATL97,Mercedes-Benz Stadium
2022_01_NO_ATL,2022,REG,1,2022-09-11,Sunday,13:00,NO,27.0,ATL,26.0,Home,-1.0,53.0,0.0,2022091100,58839.0,,202209110atl,,401437650,5880.0,7,7,-228.0,201.0,-6.0,-103.0,-107.0,43.5,-104.0,-108.0,1,closed,fieldturf,,,00-0031503,00-0032268,Jameis Winston,Marcus Mariota,Dennis Allen,Arthur Smith,Alex Kemp,ATL97,Mercedes-Benz Stadium
2022_02_ATL_LA,2022,REG,2,2022-09-18,Sunday,16:05,ATL,27.0,LA,31.0,Home,4.0,58.0,0.0,2022091807,58862.0,,202209180ram,,401437733,5903.0,7,10,385.0,-473.0,10.5,-113.0,103.0,46.5,-116.0,103.0,0,dome,matrixturf,,,00-0032268,00-0026498,Marcus Mariota,Matthew Stafford,Arthur Smith,Sean McVay,Clay Martin,LAX01,SoFi Stadium
2022_03_ATL_SEA,2022,REG,3,2022-09-25,Sunday,16:25,ATL,27.0,SEA,23.0,Home,-4.0,50.0,0.0,2022092511,58882.0,,202209250sea,,401437745,5923.0,7,7,-104.0,-106.0,1.0,-112.0,102.0,43.0,103.0,-115.0,0,outdoors,fieldturf,,,00-0032268,00-0030565,Marcus Mariota,Geno Smith,Arthur Smith,Pete Carroll,Tra Blake,SEA00,Lumen Field
2022_04_CLE_ATL,2022,REG,4,2022-10-02,Sunday,13:00,CLE,20.0,ATL,23.0,Home,3.0,43.0,0.0,2022100201,58888.0,,202210020atl,,401437749,5929.0,10,7,-107.0,-103.0,-1.0,-101.0,-109.0,48.0,-100.0,-112.0,0,open,fieldturf,,,00-0033119,00-0032268,Jacoby Brissett,Marcus Mariota,Kevin Stefanski,Arthur Smith,Craig Wrolstad,ATL97,Mercedes-Benz Stadium
2022_05_ATL_TB,2022,REG,5,2022-10-09,Sunday,13:00,ATL,15.0,TB,21.0,Home,6.0,36.0,0.0,2022100908,58911.0,,202210090tam,,401437770,5952.0,7,7,355.0,-430.0,10.5,-113.0,102.0,46.0,101.0,-113.0,1,outdoors,grass,,,00-0032268,00-0019596,Marcus Mariota,Tom Brady,Arthur Smith,Todd Bowles,Jerome Boger,TAM00,Raymond James Stadium
2022_06_SF_ATL,2022,REG,6,2022-10-16,Sunday,13:00,SF,14.0,ATL,28.0,Home,14.0,42.0,0.0,2022101600,58919.0,,202210160atl,,401437778,5960.0,7,7,-185.0,166.0,-3.5,-100.0,-110.0,46.0,-109.0,-103.0,0,open,fieldturf,,,00-0031345,00-0032268,Jimmy Garoppolo,Marcus Mariota,Kyle Shanahan,Arthur Smith,Carl Cheffers,ATL97,Mercedes-Benz Stadium
2022_07_ATL_CIN,2022,REG,7,2022-10-23,Sunday,13:00,ATL,17.0,CIN,35.0,Home,18.0,52.0,0.0,2022102302,58935.0,,202210230cin,,401437794,5976.0,7,7,235.0,-271.0,6.5,-100.0,-110.0,47.5,100.0,-112.0,0,outdoors,fieldturf,,,00-0032268,00-0036442,Marcus Mariota,Joe Burrow,Arthur Smith,Zac Taylor,Clete Blakeman,CIN00,Paycor Stadium
2022_08_CAR_ATL,2022,REG,8,2022-10-30,Sunday,13:00,CAR,34.0,ATL,37.0,Home,3.0,71.0,1.0,2022103001,58948.0,,202210300atl,,401437806,5989.0,7,7,178.0,-201.0,4.5,-110.0,-100.0,41.0,-106.0,-106.0,1,closed,fieldturf,,,00-0033275,00-0032268,Phillip Walker,Marcus Mariota,Steve Wilks,Arthur Smith,Shawn Hochuli,ATL97,Mercedes-Benz Stadium
2022_09_LAC_ATL,2022,REG,9,2022-11-06,Sunday,13:00,LAC,20.0,ATL,17.0,Home,-3.0,37.0,0.0,2022110600,58962.0,,202211060atl,,401437820,6003.0,14,7,-143.0,130.0,-2.5,-114.0,103.0,49.5,-105.0,-107.0,0,open,fieldturf,,,00-0036355,00-0032268,Justin Herbert,Marcus Mariota,Brandon Staley,Arthur Smith,John Hussey,ATL97,Mercedes-Benz Stadium
2022_10_ATL_CAR,2022,REG,10,2022-11-10,Thursday,20:15,ATL,15.0,CAR,25.0,Home,10.0,40.0,0.0,2022111000,58974.0,,202211100car,,401437832,6015.0,4,4,-132.0,119.0,-2.5,-103.0,-107.0,41.5,-106.0,-106.0,1,outdoors,grass,61.0,12.0,00-0032268,00-0033275,Marcus Mariota,Phillip Walker,Arthur Smith,Steve Wilks,Adrian Hill,CAR00,Bank of America Stadium
2022_11_CHI_ATL,2022,REG,11,2022-11-20,Sunday,13:00,CHI,24.0,ATL,27.0,Home,3.0,51.0,0.0,2022112000,58989.0,,202211200atl,,401437845,6030.0,7,10,125.0,-138.0,3.0,-122.0,110.0,48.5,-108.0,-104.0,0,closed,fieldturf,,,00-0036945,00-0032268,Justin Fields,Marcus Mariota,Matt Eberflus,Arthur Smith,Tra Blake,ATL97,Mercedes-Benz Stadium
2022_12_ATL_WAS,2022,REG,12,2022-11-27,Sunday,13:00,ATL,13.0,WAS,19.0,Home,6.0,32.0,0.0,2022112706,59011.0,,202211270was,,401437866,6052.0,7,7,163.0,-183.0,3.5,-110.0,-100.0,40.5,-114.0,101.0,0,outdoors,grass,46.0,9.0,00-0032268,00-0031800,Marcus Mariota,Taylor Heinicke,Arthur Smith,Ron Rivera,Brad Rogers,WAS00,FedExField
2022_13_PIT_ATL,2022,REG,13,2022-12-04,Sunday,13:00,PIT,19.0,ATL,16.0,Home,-3.0,35.0,0.0,2022120400,59019.0,,202212040atl,,401437874,6060.0,6,7,-113.0,103.0,-1.0,-105.0,-105.0,43.0,-108.0,-104.0,0,closed,fieldturf,,,00-0038102,00-0032268,Kenny Pickett,Marcus Mariota,Mike Tomlin,Arthur Smith,Ron Torbert,ATL97,Mercedes-Benz Stadium
2022_15_ATL_NO,2022,REG,15,2022-12-18,Sunday,13:00,ATL,18.0,NO,21.0,Home,3.0,39.0,0.0,2022121809,59050.0,,202212180nor,,401437905,6091.0,14,13,203.0,-231.0,5.0,103.0,-113.0,43.5,-109.0,-103.0,1,dome,sportturf,,,00-0038122,00-0027973,Desmond Ridder,Andy Dalton,Arthur Smith,Dennis Allen,Clete Blakeman,NOR00,Mercedes-Benz Superdome
2022_16_ATL_BAL,2022,REG,16,2022-12-24,Saturday,13:00,ATL,9.0,BAL,17.0,Home,8.0,26.0,0.0,2022122400,59063.0,,202212240rav,,401437918,6104.0,6,7,238.0,-274.0,6.5,-108.0,-102.0,35.0,-105.0,-107.0,0,outdoors,grass,17.0,9.0,00-0038122,00-0035993,Desmond Ridder,Tyler Huntley,Arthur Smith,John Harbaugh,Bill Vinovich,BAL00,M&T Bank Stadium
2022_17_ARI_ATL,2022,REG,17,2023-01-01,Sunday,13:00,ARI,19.0,ATL,20.0,Home,1.0,39.0,0.0,2023010100,59079.0,,202301010atl,,401437933,6120.0,7,8,241.0,-279.0,7.0,-119.0,108.0,41.0,-113.0,100.0,0,closed,fieldturf,,,00-0035040,00-0038122,David Blough,Desmond Ridder,Kliff Kingsbury,Arthur Smith,Alex Kemp,ATL97,Mercedes-Benz Stadium
2022_18_TB_ATL,2022,REG,18,2023-01-08,Sunday,13:00,TB,17.0,ATL,30.0,Home,13.0,47.0,0.0,2023010800,59094.0,,202301080atl,,401437948,6135.0,7,7,207.0,-235.0,6.0,-110.0,100.0,40.5,-106.0,-106.0,1,closed,fieldturf,,,00-0027948,00-0038122,Blaine Gabbert,Desmond Ridder,Todd Bowles,Arthur Smith,Land Clark,ATL97,Mercedes-Benz Stadium
2023_01_CAR_ATL,2023,REG,1,2023-09-10,Sunday,13:00,CAR,10.0,ATL,24.0,Home,14.0,34.0,0.0,2023091000,59174.0,,202309100atl,,401547403,,7,7,160.0,-192.0,3.5,-108.0,-112.0,40.5,-110.0,-110.0,1,closed,,,,00-0039150,00-0038122,Bryce Young,Desmond Ridder,Frank Reich,Arthur Smith,Brad Rogers,ATL97,Mercedes-Benz Stadium
2023_02_GB_ATL,2023,REG,2,2023-09-17,Sunday,13:00,GB,24.0,ATL,25.0,Home,1.0,49.0,0.0,2023091700,59190.0,,202309170atl,,401547417,,7,7,124.0,-148.0,3.0,-115.0,-105.0,40.5,-110.0,-110.0,0,open,,,,00-0036264,00-0038122,Jordan Love,Desmond Ridder,Matt LaFleur,Arthur Smith,Tra Blake,ATL97,Mercedes-Benz Stadium
2023_03_ATL_DET,2023,REG,3,2023-09-24,Sunday,13:00,ATL,6.0,DET,20.0,Home,14.0,26.0,0.0,2023092402,59208.0,,202309240det,,401547433,,7,7,140.0,-166.0,3.0,100.0,-120.0,47.5,-108.0,-112.0,0,dome,fieldturf,,,00-0038122,00-0033106,Desmond Ridder,Jared Goff,Arthur Smith,Dan Campbell,Carl Cheffers,DET00,Ford Field
2023_04_ATL_JAX,2023,REG,4,2023-10-01,Sunday,09:30,ATL,7.0,JAX,23.0,Neutral,16.0,30.0,0.0,2023100100,59222.0,,202310010jax,,401547227,,7,7,154.0,-185.0,3.5,-110.0,-110.0,42.5,-112.0,-108.0,0,outdoors,,,,00-0038122,00-0036971,Desmond Ridder,Trevor Lawrence,Arthur Smith,Doug Pederson,Craig Wrolstad,LON00,Wembley Stadium
2023_05_HOU_ATL,2023,REG,5,2023-10-08,Sunday,13:00,HOU,19.0,ATL,21.0,Home,2.0,40.0,0.0,2023100801,59239.0,,202310080atl,,401547463,,7,7,120.0,-142.0,2.5,-110.0,-110.0,42.0,-110.0,-110.0,0,open,fieldturf,,,00-0039163,00-0038122,C.J. Stroud,Desmond Ridder,DeMeco Ryans,Arthur Smith,Shawn Hochuli,ATL97,Mercedes-Benz Stadium
2023_06_WAS_ATL,2023,REG,6,2023-10-15,Sunday,13:00,WAS,24.0,ATL,16.0,Home,-8.0,40.0,0.0,2023101501,59253.0,,202310150atl,,401547470,,10,7,105.0,-125.0,1.5,-108.0,-112.0,42.0,-110.0,-110.0,0,closed,fieldturf,,,00-0037077,00-0038122,Sam Howell,Desmond Ridder,Ron Rivera,Arthur Smith,Clete Blakeman,ATL97,Mercedes-Benz Stadium
2023_07_ATL_TB,2023,REG,7,2023-10-22,Sunday,13:00,ATL,16.0,TB,13.0,Home,-3.0,29.0,0.0,2023102205,59272.0,,202310220tam,,401547491,,7,7,124.0,-148.0,3.0,-115.0,-105.0,37.5,-115.0,-105.0,1,outdoors,grass,79.0,3.0,00-0038122,00-0034855,Desmond Ridder,Baker Mayfield,Arthur Smith,Todd Bowles,Ron Torbert,TAM00,Raymond James Stadium
2023_08_ATL_TEN,2023,REG,8,2023-10-29,Sunday,13:00,ATL,23.0,TEN,28.0,Home,5.0,51.0,0.0,2023102907,59287.0,,202310290oti,,401547500,,7,14,-130.0,110.0,-2.5,-110.0,-110.0,35.0,-110.0,-110.0,0,outdoors,grass,77.0,7.0,00-0038122,00-0039152,Desmond Ridder,Will Levis,Arthur Smith,Mike Vrabel,Clay Martin,NAS00,Nissan Stadium
2023_09_MIN_ATL,2023,REG,9,2023-11-05,Sunday,13:00,MIN,31.0,ATL,28.0,Home,-3.0,59.0,0.0,2023110501,59297.0,,202311050atl,,401547518,,7,7,160.0,-192.0,3.5,-108.0,-112.0,38.5,-112.0,-108.0,0,open,fieldturf,,,00-0038598,00-0031800,Jaren Hall,Taylor Heinicke,Kevin O'Connell,Arthur Smith,Shawn Smith,ATL97,Mercedes-Benz Stadium
2023_10_ATL_ARI,2023,REG,10,2023-11-12,Sunday,16:05,ATL,23.0,ARI,25.0,Home,2.0,48.0,0.0,2023111207,59317.0,,202311120crd,,401547529,,7,7,-130.0,110.0,-2.0,-110.0,-110.0,43.5,-108.0,-112.0,0,closed,grass,,,00-0031800,00-0035228,Taylor Heinicke,Kyler Murray,Arthur Smith,Jonathan Gannon,Craig Wrolstad,PHO00,State Farm Stadium
2023_12_NO_ATL,2023,REG,12,2023-11-26,Sunday,13:00,NO,15.0,ATL,24.0,Home,9.0,39.0,0.0,2023112600,59341.0,,202311260atl,,401547559,,14,14,-130.0,110.0,-2.0,-110.0,-110.0,42.0,-110.0,-110.0,1,closed,fieldturf,,,00-0031280,00-0038122,Derek Carr,Desmond Ridder,Dennis Allen,Arthur Smith,Brad Allen,ATL97,Mercedes-Benz Stadium
2023_13_ATL_NYJ,2023,REG,13,2023-12-03,Sunday,13:00,ATL,13.0,NYJ,8.0,Home,-5.0,21.0,0.0,2023120302,59356.0,,202312030nyj,,401547573,,7,9,-125.0,105.0,-2.0,-108.0,-112.0,33.0,-110.0,-110.0,0,outdoors,fieldturf,50.0,8.0,00-0038122,00-0034177,Desmond Ridder,Tim Boyle,Arthur Smith,Robert Saleh,Ron Torbert,NYC01,MetLife Stadium
2023_14_TB_ATL,2023,REG,14,2023-12-10,Sunday,13:00,TB,29.0,ATL,25.0,Home,-4.0,54.0,0.0,2023121000,59367.0,,202312100atl,,401547579,,7,7,105.0,-125.0,1.5,-108.0,-112.0,41.5,-110.0,-110.0,1,closed,fieldturf,,,00-0034855,00-0038122,Baker Mayfield,Desmond Ridder,Todd Bowles,Arthur Smith,Alex Kemp,ATL97,Mercedes-Benz Stadium
2023_15_ATL_CAR,2023,REG,15,2023-12-17,Sunday,13:00,ATL,7.0,CAR,9.0,Home,2.0,16.0,0.0,2023121709,59382.0,,202312170car,,401547603,,7,7,-155.0,130.0,-3.0,-102.0,-118.0,32.0,-110.0,-110.0,1,outdoors,grass,47.0,11.0,00-0038122,00-0039150,Desmond Ridder,Bryce Young,Arthur Smith,Chris Tabor,Land Clark,CAR00,Bank of America Stadium
2023_16_IND_ATL,2023,REG,16,2023-12-24,Sunday,13:00,IND,10.0,ATL,29.0,Home,19.0,39.0,0.0,2023122402,59400.0,,202312240atl,,401547616,,8,7,130.0,-155.0,3.0,-115.0,-105.0,44.0,-105.0,-115.0,0,closed,fieldturf,,,00-0035289,00-0031800,Gardner Minshew,Taylor Heinicke,Shane Steichen,Arthur Smith,Alan Eck,ATL97,Mercedes-Benz Stadium
2023_17_ATL_CHI,2023,REG,17,2023-12-31,Sunday,13:00,ATL,17.0,CHI,37.0,Home,20.0,54.0,0.0,2023123103,59417.0,,202312310chi,,401547627,,7,7,130.0,-155.0,3.0,-115.0,-105.0,39.0,-110.0,-110.0,0,outdoors,grass,32.0,5.0,00-0031800,00-0036945,Taylor Heinicke,Justin Fields,Arthur Smith,Matt Eberflus,Adrian Hill,CHI98,Soldier Field
2023_18_ATL_NO,2023,REG,18,2024-01-07,Sunday,13:00,ATL,17.0,NO,48.0,Home,31.0,65.0,0.0,2024010700,59440.0,,202401070nor,,401547649,,7,7,145.0,-175.0,3.5,-122.0,102.0,41.5,-108.0,-112.0,1,dome,sportturf,,,00-0038122,00-0031280,Desmond Ridder,Derek Carr,Arthur Smith,Dennis Allen,John Hussey,NOR00,Mercedes-Benz Superdome
2024_01_PIT_ATL,2024,REG,1,2024-09-08,Sunday,13:00,PIT,18.0,ATL,10.0,Home,-8.0,28.0,0.0,2024090800,59510.0,,202409080atl,,401671744,6451.0,7,7,160.0,-192.0,4.0,-110.0,-110.0,43.0,-115.0,-105.0,0,closed,fieldturf,,,00-0036945,00-0029604,Justin Fields,Kirk Cousins,Mike Tomlin,Raheem Morris,Brad Rogers,ATL97,Mercedes-Benz Stadium
2024_02_ATL_PHI,2024,REG,2,2024-09-16,Monday,20:15,ATL,22.0,PHI,21.0,Home,-1.0,43.0,0.0,2024091600,59539.0,,202409160phi,,401671691,6480.0,8,10,215.0,-265.0,5.5,-105.0,-115.0,46.5,-110.0,-110.0,0,outdoors,grass,71.0,9.0,00-0029604,00-0036389,Kirk Cousins,Jalen Hurts,Raheem Morris,Nick Sirianni,Craig Wrolstad,PHI00,Lincoln Financial Field
2024_03_KC_ATL,2024,REG,3,2024-09-22,Sunday,20:20,KC,22.0,ATL,17.0,Home,-5.0,39.0,0.0,2024092212,59553.0,,202409220atl,,401671793,6494.0,7,6,-170.0,142.0,-3.0,-118.0,-102.0,46.0,-108.0,-112.0,0,closed,fieldturf,,,00-0033873,00-0029604,Patrick Mahomes,Kirk Cousins,Andy Reid,Raheem Morris,Tra Blake,ATL97,Mercedes-Benz Stadium
2024_04_NO_ATL,2024,REG,4,2024-09-29,Sunday,13:00,NO,24.0,ATL,26.0,Home,2.0,50.0,0.0,2024092900,59557.0,,202409290atl,,401671727,6498.0,7,7,120.0,-142.0,2.5,-105.0,-115.0,41.5,-112.0,-108.0,1,closed,fieldturf,,,00-0031280,00-0029604,Derek Carr,Kirk Cousins,Dennis Allen,Raheem Morris,John Hussey,ATL97,Mercedes-Benz Stadium
2024_05_TB_ATL,2024,REG,5,2024-10-03,Thursday,20:15,TB,30.0,ATL,36.0,Home,6.0,66.0,1.0,2024100300,59572.0,,202410030atl,,401671815,6513.0,4,4,120.0,-142.0,2.5,-102.0,-118.0,44.0,-110.0,-110.0,1,closed,fieldturf,,,00-0034855,00-0029604,Baker Mayfield,Kirk Cousins,Todd Bowles,Raheem Morris,Ron Torbert,ATL97,Mercedes-Benz Stadium
2024_06_ATL_CAR,2024,REG,6,2024-10-13,Sunday,16:25,ATL,38.0,CAR,20.0,Home,-18.0,58.0,0.0,2024101309,59596.0,,202410130car,,401671769,6537.0,10,7,-258.0,210.0,-6.0,-112.0,-108.0,45.5,-110.0,-110.0,1,outdoors,grass,79.0,9.0,00-0029604,00-0027973,Kirk Cousins,Andy Dalton,Raheem Morris,Dave Canales,Clay Martin,CAR00,Bank of America Stadium
2024_07_SEA_ATL,2024,REG,7,2024-10-20,Sunday,13:00,SEA,34.0,ATL,14.0,Home,-20.0,48.0,0.0,2024102001,59602.0,,202410200atl,,401671730,6543.0,10,7,136.0,-162.0,3.0,-115.0,-105.0,51.5,-110.0,-110.0,0,closed,fieldturf,,,00-0030565,00-0029604,Geno Smith,Kirk Cousins,Mike Macdonald,Raheem Morris,Bill Vinovich,ATL97,Mercedes-Benz Stadium
2024_08_ATL_TB,2024,REG,8,2024-10-27,Sunday,13:00,ATL,31.0,TB,26.0,Home,-5.0,57.0,0.0,2024102706,59622.0,,202410270tam,,401671739,6563.0,7,6,-122.0,102.0,-1.5,-110.0,-110.0,47.0,-108.0,-112.0,1,outdoors,grass,79.0,6.0,00-0029604,00-0034855,Kirk Cousins,Baker Mayfield,Raheem Morris,Todd Bowles,Shawn Hochuli,TAM00,Raymond James Stadium
2024_09_DAL_ATL,2024,REG,9,2024-11-03,Sunday,13:00,DAL,21.0,ATL,27.0,Home,6.0,48.0,0.0,2024110300,59632.0,,202411030atl,,401671728,6573.0,7,7,140.0,-166.0,3.0,-105.0,-115.0,52.0,-112.0,-108.0,0,closed,fieldturf,,,00-0033077,00-0029604,Dak Prescott,Kirk Cousins,Mike McCarthy,Raheem Morris,Scott Novak,ATL97,Mercedes-Benz Stadium
2024_10_ATL_NO,2024,REG,10,2024-11-10,Sunday,13:00,ATL,17.0,NO,20.0,Home,3.0,37.0,0.0,2024111005,59652.0,,202411100nor,,401671733,6593.0,7,7,-192.0,160.0,-3.5,-112.0,-108.0,46.5,-112.0,-108.0,1,dome,sportturf,,,00-0029604,00-0031280,Kirk Cousins,Derek Carr,Raheem Morris,Dennis Allen,Carl Cheffers,NOR00,Mercedes-Benz Superdome
2024_11_ATL_DEN,2024,REG,11,2024-11-17,Sunday,16:05,ATL,6.0,DEN,38.0,Home,32.0,44.0,0.0,2024111707,59668.0,,202411170den,,401671748,6609.0,7,7,114.0,-135.0,2.0,-108.0,-112.0,44.5,-112.0,-108.0,0,outdoors,grass,55.0,9.0,00-0029604,00-0039732,Kirk Cousins,Bo Nix,Raheem Morris,Sean Payton,Alan Eck,DEN00,Empower Field at Mile High
2024_13_LAC_ATL,2024,REG,13,2024-12-01,Sunday,13:00,LAC,17.0,ATL,13.0,Home,-4.0,30.0,0.0,2024120100,59691.0,,202412010atl,,401671649,6632.0,6,14,-118.0,-102.0,-1.0,-108.0,-112.0,47.0,-110.0,-110.0,0,closed,fieldturf,,,00-0036355,00-0029604,Justin Herbert,Kirk Cousins,Jim Harbaugh,Raheem Morris,Clete Blakeman,ATL97,Mercedes-Benz Stadium
2024_14_ATL_MIN,2024,REG,14,2024-12-08,Sunday,13:00,ATL,21.0,MIN,42.0,Home,21.0,63.0,0.0,2024120801,59705.0,,202412080min,,401671648,6646.0,7,7,205.0,-250.0,6.0,-110.0,-110.0,46.5,-108.0,-112.0,0,dome,sportturf,,,00-0029604,00-0034869,Kirk Cousins,Sam Darnold,Raheem Morris,Kevin O'Connell,Alex Kemp,MIN01,U.S. Bank Stadium
2024_15_ATL_LV,2024,REG,15,2024-12-16,Monday,20:30,ATL,15.0,LV,9.0,Home,-6.0,24.0,0.0,2024121601,59731.0,,202412160rai,,401671697,6672.0,8,8,-345.0,275.0,-6.5,-110.0,-110.0,44.5,-110.0,-110.0,0,dome,grass,,,00-0029604,00-0038579,Kirk Cousins,Aidan O'Connell,Raheem Morris,Antonio Pierce,Shawn Smith,VEG00,Allegiant Stadium
2024_16_NYG_ATL,2024,REG,16,2024-12-22,Sunday,13:00,NYG,7.0,ATL,34.0,Home,27.0,41.0,0.0,2024122202,59735.0,,202412220atl,,401671729,6676.0,7,6,410.0,-550.0,9.5,-110.0,-110.0,42.5,-110.0,-110.0,0,closed,fieldturf,,,00-0038476,00-0039917,Tommy DeVito,Michael Penix Jr.,Brian Daboll,Raheem Morris,Tra Blake,ATL97,Mercedes-Benz Stadium
2024_17_ATL_WAS,2024,REG,17,2024-12-29,Sunday,20:20,ATL,24.0,WAS,30.0,Home,6.0,54.0,1.0,2024122904,59755.0,,202412290was,,401671842,6696.0,7,7,160.0,-192.0,3.5,-115.0,-105.0,46.5,-110.0,-110.0,0,outdoors,grass,58.0,10.0,00-0039917,00-0039910,Michael Penix Jr.,Jayden Daniels,Raheem Morris,Dan Quinn,Alex Kemp,WAS00,FedExField
2024_18_CAR_ATL,2024,REG,18,2025-01-05,Sunday,13:00,CAR,44.0,ATL,38.0,Home,-6.0,82.0,1.0,2025010501,59765.0,,202501050atl,,401671827,6706.0,7,7,300.0,-380.0,7.5,-105.0,-115.0,48.5,-108.0,-112.0,1,closed,fieldturf,,,00-0039150,00-0039917,Bryce Young,Michael Penix Jr.,Dave Canales,Raheem Morris,Land Clark,ATL97,Mercedes-Benz Stadium
2025_01_TB_ATL,2025,REG,1,2025-09-07,Sunday,13:00,TB,23.0,ATL,20.0,Home,-3.0,43.0,0.0,2025090700,59845.0,,202509070atl,28420.0,401772830,6736.0,7,7,-115.0,-105.0,-1.5,-102.0,-118.0,47.5,-105.0,-115.0,1,closed,fieldturf,,,00-0034855,00-0039917,Baker Mayfield,Michael Penix,Todd Bowles,Raheem Morris,Land Clark,ATL97,Mercedes-Benz Stadium
2025_02_ATL_MIN,2025,REG,2,2025-09-14,Sunday,20:20,ATL,22.0,MIN,6.0,Home,-16.0,28.0,0.0,2025091412,59872.0,,202509140min,28447.0,401772919,6763.0,7,6,150.0,-180.0,3.5,-115.0,-105.0,44.5,-110.0,-110.0,0,dome,sportturf,,,00-0039917,00-0039923,Michael Penix,J.J. McCarthy,Raheem Morris,Kevin O'Connell,Adrian Hill,MIN01,U.S. Bank Stadium
2025_03_ATL_CAR,2025,REG,3,2025-09-21,Sunday,13:00,ATL,0.0,CAR,30.0,Home,30.0,30.0,0.0,2025092100,59876.0,,202509210car,28452.0,401772838,6767.0,7,7,-225.0,185.0,-5.5,-105.0,-115.0,44.5,-115.0,-105.0,1,outdoors,grass,83.0,5.0,00-0039917,00-0039150,Michael Penix,Bryce Young,Raheem Morris,Dave Canales,Craig Wrolstad,CAR00,Bank of America Stadium
2025_04_WAS_ATL,2025,REG,4,2025-09-28,Sunday,13:00,WAS,27.0,ATL,34.0,Home,7.0,61.0,0.0,2025092801,59893.0,,202509280atl,28468.0,401772739,6784.0,7,7,120.0,-142.0,2.5,-110.0,-110.0,43.5,-112.0,-108.0,0,closed,fieldturf,,,00-0039910,00-0039917,Jayden Daniels,Michael Penix,Dan Quinn,Raheem Morris,Scott Novak,ATL97,Mercedes-Benz Stadium
2025_06_BUF_ATL,2025,REG,6,2025-10-13,Monday,19:15,BUF,14.0,ATL,24.0,Home,10.0,38.0,0.0,2025101300,59934.0,,202510130atl,28509.0,401772815,6825.0,8,15,-205.0,170.0,-3.5,-120.0,100.0,49.5,-102.0,-118.0,0,closed,fieldturf,,,00-0034857,00-0039917,Josh Allen,Michael Penix,Sean McDermott,Raheem Morris,Shawn Smith,ATL97,Mercedes-Benz Stadium
2025_07_ATL_SF,2025,REG,7,2025-10-19,Sunday,20:20,ATL,10.0,SF,20.0,Home,10.0,30.0,0.0,2025101911,59948.0,,202510190sfo,28523.0,401772924,6839.0,6,7,-105.0,-115.0,1.5,-120.0,100.0,46.5,-112.0,-108.0,0,outdoors,grass,74.0,5.0,00-0039917,00-0036972,Michael Penix,Mac Jones,Raheem Morris,Kyle Shanahan,Ron Torbert,SFO01,Levi's Stadium
2025_08_MIA_ATL,2025,REG,8,2025-10-26,Sunday,13:00,MIA,34.0,ATL,10.0,Home,-24.0,44.0,0.0,2025102600,59952.0,,202510260atl,28527.0,401772760,6843.0,7,7,280.0,-355.0,7.0,-115.0,-105.0,44.5,-115.0,-105.0,0,closed,fieldturf,,,00-0036212,00-0029604,Tua Tagovailoa,Kirk Cousins,Mike McDaniel,Raheem Morris,John Hussey,ATL97,Mercedes-Benz Stadium
2025_09_ATL_NE,2025,REG,9,2025-11-02,Sunday,13:00,ATL,23.0,NE,24.0,Home,1.0,47.0,0.0,2025110204,59969.0,,202511020nwe,28544.0,401772763,6860.0,7,7,205.0,-250.0,5.5,-110.0,-110.0,45.5,-112.0,-108.0,0,outdoors,fieldturf,52.0,7.0,00-0039917,00-0039851,Michael Penix,Drake Maye,Raheem Morris,Mike Vrabel,Brad Allen,BOS00,Gillette Stadium
2025_10_ATL_IND,2025,REG,10,2025-11-09,Sunday,09:30,ATL,25.0,IND,31.0,Neutral,6.0,56.0,1.0,2025110900,59979.0,,202511090clt,28554.0,401772636,6870.0,7,7,250.0,-310.0,6.5,-112.0,-108.0,48.5,-112.0,-108.0,0,closed,grass,46.0,2.0,00-0039917,00-0035710,Michael Penix,Daniel Jones,Raheem Morris,Shane Steichen,Clete Blakeman,IND00,Lucas Oil Stadium
2025_11_CAR_ATL,2025,REG,11,2025-11-16,Sunday,13:00,CAR,30.0,ATL,27.0,Home,-3.0,57.0,1.0,2025111601,59994.0,,202511160atl,28569.0,401772882,6885.0,7,7,180.0,-218.0,4.5,-118.0,-102.0,42.5,-110.0,-110.0,1,closed,fieldturf,,,00-0039150,00-0039917,Bryce Young,Michael Penix,Dave Canales,Raheem Morris,Clay Martin,ATL97,Mercedes-Benz Stadium
2025_12_ATL_NO,2025,REG,12,2025-11-23,Sunday,16:25,ATL,24.0,NO,10.0,Home,-14.0,34.0,0.0,2025112310,60018.0,,202511230nor,28593.0,401772889,6909.0,7,14,102.0,-122.0,1.5,-112.0,-108.0,41.5,-118.0,-102.0,1,dome,sportturf,,,00-0029604,00-0040743,Kirk Cousins,Tyler Shough,Raheem Morris,Kellen Moore,Brad Rogers,NOR00,Mercedes-Benz Superdome
2025_13_ATL_NYJ,2025,REG,13,2025-11-30,Sunday,13:00,ATL,24.0,NYJ,27.0,Home,3.0,51.0,0.0,2025113004,60029.0,,202511300nyj,28604.0,401772893,6920.0,7,7,-166.0,140.0,-3.0,-112.0,-108.0,38.5,-105.0,-115.0,0,outdoors,fieldturf,43.0,8.0,00-0029604,00-0028118,Kirk Cousins,Tyrod Taylor,Raheem Morris,Aaron Glenn,Shawn Hochuli,NYC01,MetLife Stadium
2025_14_SEA_ATL,2025,REG,14,2025-12-07,Sunday,13:00,SEA,37.0,ATL,9.0,Home,-28.0,46.0,0.0,2025120700,60038.0,,202512070atl,28613.0,401772900,6929.0,7,7,-355.0,280.0,-7.0,100.0,-120.0,44.5,-108.0,-112.0,0,closed,fieldturf,,,00-0034869,00-0029604,Sam Darnold,Kirk Cousins,Mike Macdonald,Raheem Morris,Alex Kemp,ATL97,Mercedes-Benz Stadium
2025_15_ATL_TB,2025,REG,15,2025-12-11,Thursday,20:15,ATL,,TB,,Home,,,,2025121100,,,202512110tam,28626.0,401772948,6942.0,4,4,190.0,-230.0,4.5,-115.0,-105.0,44.5,-105.0,-115.0,1,outdoors,grass,,,00-0029604,00-0034855,Kirk Cousins,Baker Mayfield,Raheem Morris,Todd Bowles,,TAM00,Raymond James Stadium
2025_16_ATL_ARI,2025,REG,16,2025-12-21,Sunday,16:05,ATL,,ARI,,Home,,,,2025122107,,,202512210crd,28652.0,401772914,6968.0,10,7,100.0,-120.0,1.5,-115.0,-105.0,45.5,-105.0,-115.0,0,closed,grass,,,,,,,Raheem Morris,Jonathan Gannon,,PHO00,State Farm Stadium
2025_17_LA_ATL,2025,REG,17,2025-12-29,Monday,20:15,LA,,ATL,,Home,,,,2025122900,,,202512290atl,28673.0,401772825,6989.0,11,8,,,,,,,,,0,closed,fieldturf,,,,,,,Sean McVay,Raheem Morris,,ATL97,Mercedes-Benz Stadium
2025_18_NO_ATL,2025,REG,18,2026-01-04,Sunday,13:00,NO,,ATL,,Home,,,,2025010400,,,202501040atl,28689.0,401772966,6990.0,6,6,,,,,,,,,1,closed,fieldturf,,,,,,,Kellen Moore,Raheem Morris,,ATL97,Mercedes-Benz Stadium
