game_id,season,game_type,week,gameday,weekday,gametime,away_team,away_score,home_team,home_score,location,result,total,overtime,old_game_id,gsis,nfl_detail_id,pfr,pff,espn,ftn,away_rest,home_rest,away_moneyline,home_moneyline,spread_line,away_spread_odds,home_spread_odds,total_line,under_odds,over_odds,div_game,roof,surface,temp,wind,away_qb_id,home_qb_id,away_qb_name,home_qb_name,away_coach,home_coach,referee,stadium_id,stadium
2000_01_ARI_NYG,2000,REG,1,2000-09-03,Sunday,13:00,ARI,16.0,NYG,21.0,Home,5.0,37.0,0.0,2000090300,987.0,,200009030nyg,,200903019,,7,7,,,6.5,,,40.0,,,1,outdoors,grass,80.0,3.0,00-0013042,00-0003292,Jake Plummer,Kerry Collins,Vince Tobin,Jim Fassel,Bill Carollo,NYC00,Giants Stadium
2000_02_DAL_ARI,2000,REG,2,2000-09-10,Sunday,20:20,DAL,31.0,ARI,32.0,Home,1.0,63.0,0.0,2000091013,1015.0,,200009100crd,,200910022,,7,7,,,3.0,,,38.5,,,1,outdoors,grass,100.0,7.0,00-0003761,00-0013042,Randall Cunningham,Jake Plummer,Dave Campo,Vince Tobin,Ron Blum,PHO99,Sun Devil Stadium
2000_04_GB_ARI,2000,REG,4,2000-09-24,Sunday,15:05,GB,29.0,ARI,3.0,Home,-26.0,32.0,0.0,2000092403,1038.0,,200009240crd,,200924022,,7,14,,,1.0,,,42.0,,,0,outdoors,grass,87.0,6.0,00-0005106,00-0013042,Brett Favre,Jake Plummer,Mike Sherman,Vince Tobin,Dick Hantak,PHO99,Sun Devil Stadium
2000_05_ARI_SF,2000,REG,5,2000-10-01,Sunday,16:15,ARI,20.0,SF,27.0,Home,7.0,47.0,0.0,2000100100,1049.0,,200010010sfo,,201001025,,7,7,,,3.5,,,47.5,,,0,outdoors,grass,72.0,10.0,00-0013042,00-0005755,Jake Plummer,Jeff Garcia,Vince Tobin,Steve Mariucci,Mike Carey,SFO00,3Com Park
2000_06_CLE_ARI,2000,REG,6,2000-10-08,Sunday,15:15,CLE,21.0,ARI,29.0,Home,8.0,50.0,0.0,2000100801,1065.0,,200010080crd,,201008022,,7,7,,,4.5,,,40.5,,,0,outdoors,grass,87.0,15.0,00-0003535,00-0013042,Tim Couch,Jake Plummer,Chris Palmer,Vince Tobin,Tom White,PHO99,Sun Devil Stadium
2000_07_PHI_ARI,2000,REG,7,2000-10-15,Sunday,15:15,PHI,33.0,ARI,14.0,Home,-19.0,47.0,0.0,2000101509,1087.0,,200010150crd,,201015022,,7,7,,,-2.5,,,39.0,,,1,outdoors,grass,80.0,3.0,00-0011022,00-0013042,Donovan McNabb,Jake Plummer,Andy Reid,Vince Tobin,Ron Blum,PHO99,Sun Devil Stadium
2000_08_ARI_DAL,2000,REG,8,2000-10-22,Sunday,13:00,ARI,7.0,DAL,48.0,Home,41.0,55.0,0.0,2000102200,1093.0,,200010220dal,,201022006,,7,7,,,7.0,,,41.5,,,1,outdoors,astroturf,70.0,10.0,00-0013042,00-0000104,Jake Plummer,Troy Aikman,Vince Tobin,Dave Campo,Bernie Kukar,DAL99,Texas Stadium
2000_09_NO_ARI,2000,REG,9,2000-10-29,Sunday,16:05,NO,21.0,ARI,10.0,Home,-11.0,31.0,0.0,2000102907,1113.0,,200010290crd,,201029022,,7,7,,,-6.0,,,41.0,,,0,outdoors,grass,70.0,9.0,00-0001335,00-0013042,Jeff Blake,Jake Plummer,Jim Haslett,Vince Tobin,Larry Nemmers,PHO99,Sun Devil Stadium
2000_10_WAS_ARI,2000,REG,10,2000-11-05,Sunday,16:05,WAS,15.0,ARI,16.0,Home,1.0,31.0,0.0,2000110512,1132.0,,200011050crd,,201105022,,6,7,,,-10.0,,,40.0,,,1,outdoors,grass,65.0,8.0,00-0005885,00-0013042,Jeff George,Jake Plummer,Terry Robiskie,Vince Tobin,Bill Carollo,PHO99,Sun Devil Stadium
2000_11_ARI_MIN,2000,REG,11,2000-11-12,Sunday,13:00,ARI,14.0,MIN,31.0,Home,17.0,45.0,0.0,2000111200,1136.0,,200011120min,,201112016,,7,6,,,12.5,,,46.0,,,0,dome,astroturf,,,00-0013042,00-0003739,Jake Plummer,Daunte Culpepper,Dave McGinnis,Dennis Green,Bob McElwee,MIN00,Hubert H. Humphrey Metrodome
2000_12_ARI_PHI,2000,REG,12,2000-11-19,Sunday,13:00,ARI,9.0,PHI,34.0,Home,25.0,43.0,0.0,2000111900,1151.0,,200011190phi,,201119021,,7,7,,,7.0,,,38.0,,,1,outdoors,astroturf,39.0,10.0,00-0013042,00-0011022,Jake Plummer,Donovan McNabb,Dave McGinnis,Andy Reid,Phil Luckett,PHI99,Veterans Stadium
2000_13_NYG_ARI,2000,REG,13,2000-11-26,Sunday,20:20,NYG,31.0,ARI,7.0,Home,-24.0,38.0,0.0,2000112611,1179.0,,200011260crd,,201126022,,7,7,,,-6.0,,,39.0,,,1,outdoors,grass,64.0,3.0,00-0003292,00-0001907,Kerry Collins,Dave Brown,Jim Fassel,Dave McGinnis,Walt Coleman,PHO99,Sun Devil Stadium
2000_14_ARI_CIN,2000,REG,14,2000-12-03,Sunday,13:00,ARI,13.0,CIN,24.0,Home,11.0,37.0,0.0,2000120300,1182.0,,200012030cin,,201203004,,7,7,,,4.0,,,38.5,,,0,outdoors,grass,32.0,12.0,00-0013042,00-0011434,Jake Plummer,Scott Mitchell,Dave McGinnis,Dick LeBeau,Johnny Grier,CIN00,Paul Brown Stadium
2000_15_ARI_JAX,2000,REG,15,2000-12-10,Sunday,13:00,ARI,10.0,JAX,44.0,Home,34.0,54.0,0.0,2000121000,1196.0,,200012100jax,,201210030,,7,7,,,15.0,,,42.0,,,0,outdoors,grass,61.0,6.0,00-0001907,00-0002110,Dave Brown,Mark Brunell,Dave McGinnis,Tom Coughlin,Mike Carey,JAX00,Alltel Stadium
2000_16_BAL_ARI,2000,REG,16,2000-12-17,Sunday,16:15,BAL,13.0,ARI,7.0,Home,-6.0,20.0,0.0,2000121701,1209.0,,200012170crd,,201217022,,7,7,,,-15.0,,,37.5,,,0,outdoors,grass,68.0,3.0,00-0004293,00-0013042,Trent Dilfer,Jake Plummer,Brian Billick,Dave McGinnis,Larry Nemmers,PHO99,Sun Devil Stadium
2000_17_ARI_WAS,2000,REG,17,2000-12-24,Sunday,13:00,ARI,3.0,WAS,20.0,Home,17.0,23.0,0.0,2000122400,1224.0,,200012240was,,201224028,,7,8,,,7.0,,,38.5,,,1,outdoors,grass,34.0,7.0,00-0013042,00-0008442,Jake Plummer,Brad Johnson,Dave McGinnis,Terry Robiskie,Jeff Triplette,WAS00,FedExField
2001_02_DEN_ARI,2001,REG,2,2001-09-23,Sunday,20:30,DEN,38.0,ARI,17.0,Home,-21.0,55.0,0.0,2001092312,17712.0,,200109230crd,,210923022,,13,14,,,-8.5,,,45.0,,,0,outdoors,grass,103.0,6.0,00-0006423,00-0013042,Brian Griese,Jake Plummer,Mike Shanahan,Dave McGinnis,Ron Blum,PHO99,Sun Devil Stadium
2001_03_ATL_ARI,2001,REG,3,2001-09-30,Sunday,16:05,ATL,34.0,ARI,14.0,Home,-20.0,48.0,0.0,2001093000,17714.0,,200109300crd,,210930022,,7,7,,,-3.0,,,42.0,,,0,outdoors,grass,104.0,20.0,00-0002876,00-0013042,Chris Chandler,Jake Plummer,Dan Reeves,Dave McGinnis,Gerry Austin,PHO99,Sun Devil Stadium
2001_04_ARI_PHI,2001,REG,4,2001-10-07,Sunday,13:00,ARI,21.0,PHI,20.0,Home,-1.0,41.0,0.0,2001100700,17728.0,,200110070phi,,211007021,,7,7,,,14.5,,,41.0,,,1,outdoors,fieldturf,53.0,17.0,00-0013042,00-0011022,Jake Plummer,Donovan McNabb,Dave McGinnis,Andy Reid,Bernie Kukar,PHI99,Veterans Stadium
2001_05_ARI_CHI,2001,REG,5,2001-10-14,Sunday,13:00,ARI,13.0,CHI,20.0,Home,7.0,33.0,0.0,2001101400,17742.0,,200110140chi,,211014003,,7,7,,,7.0,,,39.5,,,0,outdoors,grass,54.0,9.0,00-0013042,00-0011276,Jake Plummer,Jim Miller,Dave McGinnis,Dick Jauron,Johnny Grier,CHI98,Soldier Field
2001_06_KC_ARI,2001,REG,6,2001-10-21,Sunday,16:00,KC,16.0,ARI,24.0,Home,8.0,40.0,0.0,2001102107,17764.0,,200110210crd,,211021022,,7,7,,,-2.0,,,41.0,,,0,outdoors,grass,88.0,2.0,00-0006355,00-0013042,Trent Green,Jake Plummer,Dick Vermeil,Dave McGinnis,Tony Corrente,PHO99,Sun Devil Stadium
2001_07_ARI_DAL,2001,REG,7,2001-10-28,Sunday,16:05,ARI,3.0,DAL,17.0,Home,14.0,20.0,0.0,2001102800,17770.0,,200110280dal,,211028006,,7,13,,,-3.0,,,38.0,,,1,outdoors,astroturf,70.0,5.0,00-0013042,00-0019442,Jake Plummer,Clint Stoerner,Dave McGinnis,Dave Campo,Ron Blum,DAL99,Texas Stadium
2001_08_PHI_ARI,2001,REG,8,2001-11-04,Sunday,16:05,PHI,21.0,ARI,7.0,Home,-14.0,28.0,0.0,2001110409,17793.0,,200111040crd,,211104022,,7,7,,,-7.0,,,39.5,,,1,outdoors,grass,94.0,16.0,00-0011022,00-0013042,Donovan McNabb,Jake Plummer,Andy Reid,Dave McGinnis,Bill Leavy,PHO99,Sun Devil Stadium
2001_09_NYG_ARI,2001,REG,9,2001-11-11,Sunday,16:15,NYG,17.0,ARI,10.0,Home,-7.0,27.0,0.0,2001111109,17807.0,,200111110crd,,211111022,,7,7,,,-5.5,,,37.5,,,1,outdoors,grass,83.0,7.0,00-0003292,00-0013042,Kerry Collins,Jake Plummer,Jim Fassel,Dave McGinnis,Mike Carey,PHO99,Sun Devil Stadium
2001_10_DET_ARI,2001,REG,10,2001-11-18,Sunday,16:15,DET,38.0,ARI,45.0,Home,7.0,83.0,0.0,2001111803,17816.0,,200111180crd,,211118022,,7,7,,,2.0,,,39.5,,,0,outdoors,grass,79.0,0.0,00-0000865,00-0013042,Charlie Batch,Jake Plummer,Marty Mornhinweg,Dave McGinnis,Bill Carollo,PHO99,Sun Devil Stadium
2001_11_ARI_SD,2001,REG,11,2001-11-25,Sunday,16:05,ARI,20.0,SD,17.0,Home,-3.0,37.0,0.0,2001112500,17830.0,,200111250sdg,,211125024,,7,7,,,7.0,,,44.0,,,0,outdoors,grass,63.0,9.0,00-0013042,00-0005363,Jake Plummer,Doug Flutie,Dave McGinnis,Mike Riley,Walt Coleman,SDG00,Qualcomm Stadium
2001_12_ARI_OAK,2001,REG,12,2001-12-02,Sunday,16:15,ARI,34.0,OAK,31.0,Home,-3.0,65.0,1.0,2001120200,17844.0,,200112020rai,,211202013,,7,7,,,13.0,,,44.0,,,0,outdoors,grass,58.0,20.0,00-0013042,00-0005741,Jake Plummer,Rich Gannon,Dave McGinnis,Jon Gruden,Jeff Triplette,OAK00,Network Associates Coliseum
2001_13_WAS_ARI,2001,REG,13,2001-12-09,Sunday,16:05,WAS,20.0,ARI,10.0,Home,-10.0,30.0,0.0,2001120912,17870.0,,200112090crd,,211209022,,7,7,,,2.0,,,38.5,,,1,outdoors,grass,71.0,8.0,00-0000722,00-0013042,Tony Banks,Jake Plummer,Marty Schottenheimer,Dave McGinnis,Larry Nemmers,PHO99,Sun Devil Stadium
2001_14_ARI_NYG,2001,REG,14,2001-12-15,Saturday,13:30,ARI,13.0,NYG,17.0,Home,4.0,30.0,0.0,2001121500,17873.0,,200112150nyg,,211215019,,6,6,,,5.0,,,37.5,,,1,outdoors,grass,46.0,18.0,00-0013042,00-0003292,Jake Plummer,Kerry Collins,Dave McGinnis,Jim Fassel,Dick Hantak,NYC00,Giants Stadium
2001_15_DAL_ARI,2001,REG,15,2001-12-23,Sunday,16:05,DAL,10.0,ARI,17.0,Home,7.0,27.0,0.0,2001122304,17895.0,,200112230crd,,211223022,,7,8,,,3.5,,,37.0,,,1,outdoors,grass,58.0,5.0,00-0020404,00-0013042,Quincy Carter,Jake Plummer,Dave Campo,Dave McGinnis,Bill Leavy,PHO99,Sun Devil Stadium
2001_16_ARI_CAR,2001,REG,16,2001-12-30,Sunday,13:00,ARI,30.0,CAR,7.0,Home,-23.0,37.0,0.0,2001123000,17904.0,,200112300car,,211230029,,7,7,,,1.0,,,39.5,,,0,outdoors,grass,42.0,7.0,00-0013042,00-0020434,Jake Plummer,Chris Weinke,Dave McGinnis,George Seifert,Mike Carey,CAR00,Ericsson Stadium
2001_17_ARI_WAS,2001,REG,17,2002-01-06,Sunday,13:00,ARI,17.0,WAS,20.0,Home,3.0,37.0,0.0,2002010601,17685.0,,200201060was,,220106028,,7,7,,,3.5,,,36.5,,,1,outdoors,grass,40.0,8.0,00-0013042,00-0000722,Jake Plummer,Tony Banks,Dave McGinnis,Marty Schottenheimer,Bob McElwee,WAS00,FedExField
2002_01_ARI_WAS,2002,REG,1,2002-09-08,Sunday,13:00,ARI,23.0,WAS,31.0,Home,8.0,54.0,0.0,2002090800,18104.0,,200209080was,,220908028,,7,7,,,6.0,,,44.5,,,0,outdoors,grass,76.0,5.0,00-0013042,00-0010560,Jake Plummer,Shane Matthews,Dave McGinnis,Steve Spurrier,Tom White,WAS00,FedExField
2002_02_ARI_SEA,2002,REG,2,2002-09-15,Sunday,16:05,ARI,24.0,SEA,13.0,Home,-11.0,37.0,0.0,2002091505,18120.0,,200209150sea,,220915026,,7,7,,,4.0,,,40.5,,,1,outdoors,fieldturf,62.0,8.0,00-0013042,00-0004293,Jake Plummer,Trent Dilfer,Dave McGinnis,Mike Holmgren,Tony Corrente,SEA00,Seahawks Stadium
2002_03_SD_ARI,2002,REG,3,2002-09-22,Sunday,16:05,SD,23.0,ARI,15.0,Home,-8.0,38.0,0.0,2002092205,18133.0,,200209220crd,,220922022,,7,7,,,-2.5,,,39.0,,,0,outdoors,grass,100.0,0.0,00-0020531,00-0013042,Drew Brees,Jake Plummer,Marty Schottenheimer,Dave McGinnis,Ed Hochuli,PHO99,Sun Devil Stadium
2002_04_NYG_ARI,2002,REG,4,2002-09-29,Sunday,16:05,NYG,7.0,ARI,21.0,Home,14.0,28.0,0.0,2002092903,18148.0,,200209290crd,,220929022,,7,7,,,-3.0,,,38.5,,,0,outdoors,grass,90.0,13.0,00-0003292,00-0013042,Kerry Collins,Jake Plummer,Jim Fassel,Dave McGinnis,Mike Carey,PHO99,Sun Devil Stadium
2002_05_ARI_CAR,2002,REG,5,2002-10-06,Sunday,13:00,ARI,16.0,CAR,13.0,Home,-3.0,29.0,0.0,2002100600,18156.0,,200210060car,,221006029,,7,7,,,5.0,,,35.0,,,0,outdoors,grass,74.0,9.0,00-0013042,00-0012732,Jake Plummer,Rodney Peete,Dave McGinnis,John Fox,Bob McElwee,CAR00,Ericsson Stadium
2002_07_DAL_ARI,2002,REG,7,2002-10-20,Sunday,16:15,DAL,6.0,ARI,9.0,Home,3.0,15.0,1.0,2002102009,18193.0,,200210200crd,,221020022,,7,14,,,3.5,,,36.5,,,0,outdoors,grass,81.0,5.0,00-0020404,00-0013042,Quincy Carter,Jake Plummer,Dave Campo,Dave McGinnis,Dick Hantak,PHO99,Sun Devil Stadium
2002_08_ARI_SF,2002,REG,8,2002-10-27,Sunday,16:05,ARI,28.0,SF,38.0,Home,10.0,66.0,0.0,2002102705,18205.0,,200210270sfo,,221027025,,7,7,,,8.5,,,40.5,,,1,outdoors,grass,62.0,5.0,00-0013042,00-0005755,Jake Plummer,Jeff Garcia,Dave McGinnis,Steve Mariucci,Larry Nemmers,SFO00,3Com Park
2002_09_STL_ARI,2002,REG,9,2002-11-03,Sunday,16:15,STL,27.0,ARI,14.0,Home,-13.0,41.0,0.0,2002110307,18219.0,,200211030crd,,221103022,,14,7,,,-5.0,,,43.5,,,1,outdoors,grass,76.0,3.0,00-0019599,00-0013042,Marc Bulger,Jake Plummer,Mike Martz,Dave McGinnis,Ron Blum,PHO99,Sun Devil Stadium
2002_10_SEA_ARI,2002,REG,10,2002-11-10,Sunday,16:05,SEA,27.0,ARI,6.0,Home,-21.0,33.0,0.0,2002111003,18232.0,,200211100crd,,221110022,,7,7,,,3.0,,,37.0,,,1,outdoors,grass,76.0,8.0,00-0007091,00-0013042,Matt Hasselbeck,Jake Plummer,Mike Holmgren,Dave McGinnis,Walt Coleman,PHO99,Sun Devil Stadium
2002_11_ARI_PHI,2002,REG,11,2002-11-17,Sunday,13:00,ARI,14.0,PHI,38.0,Home,24.0,52.0,0.0,2002111700,18245.0,,200211170phi,,221117021,,7,7,,,12.0,,,37.5,,,0,outdoors,fieldturf,43.0,8.0,00-0013042,00-0011022,Jake Plummer,Donovan McNabb,Dave McGinnis,Andy Reid,Bill Leavy,PHI99,Veterans Stadium
2002_12_OAK_ARI,2002,REG,12,2002-11-24,Sunday,16:05,OAK,41.0,ARI,20.0,Home,-21.0,61.0,0.0,2002112414,18264.0,,200211240crd,,221124022,,7,7,,,-9.5,,,44.0,,,0,outdoors,grass,75.0,5.0,00-0005741,00-0013042,Rich Gannon,Jake Plummer,Bill Callahan,Dave McGinnis,Bill Carollo,PHO99,Sun Devil Stadium
2002_13_ARI_KC,2002,REG,13,2002-12-01,Sunday,13:00,ARI,0.0,KC,49.0,Home,49.0,49.0,0.0,2002120100,18277.0,,200212010kan,,221201012,,7,7,,,9.0,,,47.0,,,0,outdoors,grass,44.0,17.0,00-0013042,00-0006355,Jake Plummer,Trent Green,Dave McGinnis,Dick Vermeil,Dick Hantak,KAN00,Arrowhead Stadium
2002_14_DET_ARI,2002,REG,14,2002-12-08,Sunday,16:05,DET,20.0,ARI,23.0,Home,3.0,43.0,1.0,2002120803,18295.0,,200212080crd,,221208022,,10,7,,,-1.0,,,39.5,,,0,outdoors,grass,67.0,3.0,00-0021141,00-0013042,Joey Harrington,Jake Plummer,Marty Mornhinweg,Dave McGinnis,Gerald Austin,PHO99,Sun Devil Stadium
2002_15_ARI_STL,2002,REG,15,2002-12-15,Sunday,20:30,ARI,28.0,STL,30.0,Home,2.0,58.0,0.0,2002121513,18316.0,,200212150ram,,221215014,,7,7,,,11.0,,,43.0,,,1,dome,astroturf,,,00-0013042,00-0019599,Jake Plummer,Marc Bulger,Dave McGinnis,Mike Martz,Jeff Triplette,STL00,Edward Jones Dome
2002_16_SF_ARI,2002,REG,16,2002-12-21,Saturday,17:00,SF,17.0,ARI,14.0,Home,-3.0,31.0,0.0,2002122101,18319.0,,200212210crd,,221221022,,6,6,,,-3.5,,,41.0,,,1,outdoors,grass,50.0,0.0,00-0005755,00-0013042,Jeff Garcia,Jake Plummer,Steve Mariucci,Dave McGinnis,Bob McElwee,PHO99,Sun Devil Stadium
2002_17_ARI_DEN,2002,REG,17,2002-12-29,Sunday,16:15,ARI,7.0,DEN,37.0,Home,30.0,44.0,0.0,2002122905,18345.0,,200212290den,,221229007,,8,7,,,13.5,,,42.0,,,0,outdoors,grass,57.0,6.0,00-0013042,00-0001218,Jake Plummer,Steve Beuerlein,Dave McGinnis,Mike Shanahan,Larry Nemmers,DEN00,Invesco Field at Mile High
2003_01_ARI_DET,2003,REG,1,2003-09-07,Sunday,13:00,ARI,24.0,DET,42.0,Home,18.0,66.0,0.0,2003090700,26499.0,,200309070det,,230907008,,7,7,,,3.5,,,39.0,,,0,dome,fieldturf,,,00-0001335,00-0021141,Jeff Blake,Joey Harrington,Dave McGinnis,Steve Mariucci,Bill Carollo,DET00,Ford Field
2003_02_SEA_ARI,2003,REG,2,2003-09-14,Sunday,16:05,SEA,38.0,ARI,0.0,Home,-38.0,38.0,0.0,2003091410,26521.0,,200309140crd,,230914022,,7,7,,,-5.0,,,44.5,,,1,outdoors,grass,98.0,7.0,00-0007091,00-0001335,Matt Hasselbeck,Jeff Blake,Mike Holmgren,Dave McGinnis,Ron Blum,PHO99,Sun Devil Stadium
2003_03_GB_ARI,2003,REG,3,2003-09-21,Sunday,16:05,GB,13.0,ARI,20.0,Home,7.0,33.0,0.0,2003092104,26534.0,,200309210crd,,230921022,,7,7,,,-7.5,,,42.5,,,0,outdoors,grass,102.0,4.0,00-0005106,00-0001335,Brett Favre,Jeff Blake,Mike Sherman,Dave McGinnis,Mike Carey,PHO99,Sun Devil Stadium
2003_04_ARI_STL,2003,REG,4,2003-09-28,Sunday,13:00,ARI,13.0,STL,37.0,Home,24.0,50.0,0.0,2003092800,26330.0,,200309280ram,,230928014,,7,7,,,11.5,,,45.5,,,1,dome,astroturf,,,00-0001335,00-0019599,Jeff Blake,Marc Bulger,Dave McGinnis,Mike Martz,Walt Coleman,STL00,Edward Jones Dome
2003_05_ARI_DAL,2003,REG,5,2003-10-05,Sunday,13:00,ARI,7.0,DAL,24.0,Home,17.0,31.0,0.0,2003100500,26340.0,,200310050dal,,231005006,,7,7,,,7.5,,,39.5,,,0,outdoors,fieldturf,70.0,8.0,00-0001335,00-0020404,Jeff Blake,Quincy Carter,Dave McGinnis,Bill Parcells,Peter Morelli,DAL99,Texas Stadium
2003_06_BAL_ARI,2003,REG,6,2003-10-12,Sunday,16:15,BAL,26.0,ARI,18.0,Home,-8.0,44.0,0.0,2003101211,26361.0,,200310120crd,,231012022,,14,7,,,-6.5,,,37.0,,,0,outdoors,grass,96.0,6.0,00-0022164,00-0001335,Kyle Boller,Jeff Blake,Brian Billick,Dave McGinnis,Tony Corrente,PHO99,Sun Devil Stadium
2003_08_SF_ARI,2003,REG,8,2003-10-26,Sunday,16:05,SF,13.0,ARI,16.0,Home,3.0,29.0,1.0,2003102611,26388.0,,200310260crd,,231026022,,7,14,,,-7.0,,,41.0,,,1,outdoors,grass,80.0,3.0,00-0005755,00-0001335,Jeff Garcia,Jeff Blake,Dennis Erickson,Dave McGinnis,Bill Leavy,PHO99,Sun Devil Stadium
2003_09_CIN_ARI,2003,REG,9,2003-11-02,Sunday,16:05,CIN,14.0,ARI,17.0,Home,3.0,31.0,0.0,2003110204,26400.0,,200311020crd,,231102022,,7,7,,,-3.0,,,39.0,,,0,outdoors,grass,75.0,9.0,00-0009311,00-0001335,Jon Kitna,Jeff Blake,Marvin Lewis,Dave McGinnis,Mike Carey,PHO99,Sun Devil Stadium
2003_10_ARI_PIT,2003,REG,10,2003-11-09,Sunday,13:00,ARI,15.0,PIT,28.0,Home,13.0,43.0,0.0,2003110900,26413.0,,200311090pit,,231109023,,7,7,,,7.0,,,40.5,,,0,outdoors,dessograss,38.0,5.0,00-0001335,00-0010261,Jeff Blake,Tommy Maddox,Dave McGinnis,Bill Cowher,Jeff Triplette,PIT00,Heinz Field
2003_11_ARI_CLE,2003,REG,11,2003-11-16,Sunday,13:00,ARI,6.0,CLE,44.0,Home,38.0,50.0,0.0,2003111600,26424.0,,200311160cle,,231116005,,7,7,,,5.0,,,37.5,,,0,outdoors,grass,43.0,5.0,00-0001335,00-0007576,Jeff Blake,Kelly Holcomb,Dave McGinnis,Butch Davis,Ron Winter,CLE00,Cleveland Browns Stadium
2003_12_STL_ARI,2003,REG,12,2003-11-23,Sunday,16:05,STL,30.0,ARI,27.0,Home,-3.0,57.0,1.0,2003112305,26446.0,,200311230crd,,231123022,,7,7,,,-7.0,,,44.0,,,1,outdoors,grass,58.0,0.0,00-0019599,00-0001335,Marc Bulger,Jeff Blake,Mike Martz,Dave McGinnis,Ron Blum,PHO99,Sun Devil Stadium
2003_13_ARI_CHI,2003,REG,13,2003-11-30,Sunday,13:00,ARI,3.0,CHI,28.0,Home,25.0,31.0,0.0,2003113000,26454.0,,200311300chi,,231130003,,7,7,,,4.5,,,36.0,,,0,outdoors,grass,51.0,12.0,00-0001335,00-0015700,Jeff Blake,Kordell Stewart,Dave McGinnis,Dick Jauron,Johnny Grier,CHI98,Soldier Field
2003_14_ARI_SF,2003,REG,14,2003-12-07,Sunday,16:05,ARI,14.0,SF,50.0,Home,36.0,64.0,0.0,2003120710,26481.0,,200312070sfo,,231207025,,7,7,,,10.5,,,40.5,,,1,outdoors,grass,58.0,15.0,00-0001335,00-0005755,Jeff Blake,Jeff Garcia,Dave McGinnis,Dennis Erickson,Peter Morelli,SFO00,3Com Park
2003_15_CAR_ARI,2003,REG,15,2003-12-14,Sunday,16:15,CAR,20.0,ARI,17.0,Home,-3.0,37.0,0.0,2003121405,26537.0,,200312140crd,,231214022,,7,7,,,-7.0,,,38.5,,,0,outdoors,grass,63.0,4.0,00-0004161,00-0021206,Jake Delhomme,Josh McCown,John Fox,Dave McGinnis,Larry Nemmers,PHO99,Sun Devil Stadium
2003_16_ARI_SEA,2003,REG,16,2003-12-21,Sunday,16:15,ARI,10.0,SEA,28.0,Home,18.0,38.0,0.0,2003122110,26555.0,,200312210sea,,231221026,,7,7,,,15.5,,,44.5,,,1,outdoors,fieldturf,49.0,3.0,00-0021206,00-0007091,Josh McCown,Matt Hasselbeck,Dave McGinnis,Mike Holmgren,Bill Leavy,SEA00,Seahawks Stadium
2003_17_MIN_ARI,2003,REG,17,2003-12-28,Sunday,16:05,MIN,17.0,ARI,18.0,Home,1.0,35.0,0.0,2003122809,26569.0,,200312280crd,,231228022,,8,7,,,-7.5,,,45.5,,,0,outdoors,grass,51.0,4.0,00-0003739,00-0021206,Daunte Culpepper,Josh McCown,Mike Tice,Dave McGinnis,Tony Corrente,PHO99,Sun Devil Stadium
2004_01_ARI_STL,2004,REG,1,2004-09-12,Sunday,13:00,ARI,10.0,STL,17.0,Home,7.0,27.0,0.0,2004091208,26918.0,,200409120ram,,240912014,,7,7,,,11.0,,,46.0,,,1,dome,astroturf,,,00-0021206,00-0019599,Josh McCown,Marc Bulger,Dennis Green,Mike Martz,Bill Carollo,STL00,Edward Jones Dome
2004_02_NE_ARI,2004,REG,2,2004-09-19,Sunday,16:15,NE,23.0,ARI,12.0,Home,-11.0,35.0,0.0,2004091910,26935.0,,200409190crd,,240919022,,10,7,,,-8.0,,,41.5,,,0,outdoors,grass,89.0,15.0,00-0019596,00-0021206,Tom Brady,Josh McCown,Bill Belichick,Dennis Green,Tony Corrente,PHO99,Sun Devil Stadium
2004_03_ARI_ATL,2004,REG,3,2004-09-26,Sunday,13:00,ARI,3.0,ATL,6.0,Home,3.0,9.0,0.0,2004092600,26941.0,,200409260atl,,240926001,,7,7,,,11.0,,,44.0,,,0,dome,fieldturf,,,00-0021206,00-0020245,Josh McCown,Michael Vick,Dennis Green,Jim Mora,Walt Coleman,ATL00,Georgia Dome
2004_04_NO_ARI,2004,REG,4,2004-10-03,Sunday,16:05,NO,10.0,ARI,34.0,Home,24.0,44.0,0.0,2004100307,26962.0,,200410030crd,,241003022,,7,7,,,-3.5,,,40.0,,,0,outdoors,grass,93.0,3.0,00-0001823,00-0021206,Aaron Brooks,Josh McCown,Jim Haslett,Dennis Green,Tom White,PHO99,Sun Devil Stadium
2004_05_ARI_SF,2004,REG,5,2004-10-10,Sunday,16:15,ARI,28.0,SF,31.0,Home,3.0,59.0,1.0,2004101010,26979.0,,200410100sfo,,241010025,,7,7,,,1.0,,,36.5,,,1,outdoors,grass,68.0,3.0,00-0021206,00-0019623,Josh McCown,Tim Rattay,Dennis Green,Dennis Erickson,Walt Anderson,SFO00,3Com Park
2004_07_SEA_ARI,2004,REG,7,2004-10-24,Sunday,16:15,SEA,17.0,ARI,25.0,Home,8.0,42.0,0.0,2004102410,27007.0,,200410240crd,,241024022,,7,14,,,-6.5,,,40.0,,,1,outdoors,grass,77.0,0.0,00-0007091,00-0021206,Matt Hasselbeck,Josh McCown,Mike Holmgren,Dennis Green,Bill Vinovich,PHO99,Sun Devil Stadium
2004_08_ARI_BUF,2004,REG,8,2004-10-31,Sunday,13:00,ARI,14.0,BUF,38.0,Home,24.0,52.0,0.0,2004103100,27011.0,,200410310buf,,241031002,,7,7,,,4.5,,,33.5,,,0,outdoors,astroplay,55.0,21.0,00-0021206,00-0001361,Josh McCown,Drew Bledsoe,Dennis Green,Mike Mularkey,Bernie Kukar,BUF00,Ralph Wilson Stadium
2004_09_ARI_MIA,2004,REG,9,2004-11-07,Sunday,13:00,ARI,24.0,MIA,23.0,Home,-1.0,47.0,0.0,2004110704,27029.0,,200411070mia,,241107015,,7,6,,,3.0,,,34.5,,,0,outdoors,grass,80.0,12.0,00-0021206,00-0005180,Josh McCown,Jay Fiedler,Dennis Green,Dave Wannstedt,Larry Nemmers,MIA00,Pro Player Stadium
2004_10_NYG_ARI,2004,REG,10,2004-11-14,Sunday,16:15,NYG,14.0,ARI,17.0,Home,3.0,31.0,0.0,2004111409,27048.0,,200411140crd,,241114022,,7,7,,,1.0,,,39.0,,,0,outdoors,grass,72.0,16.0,00-0017200,00-0021206,Kurt Warner,Josh McCown,Tom Coughlin,Dennis Green,Peter Morelli,PHO99,Sun Devil Stadium
2004_11_ARI_CAR,2004,REG,11,2004-11-21,Sunday,13:00,ARI,10.0,CAR,35.0,Home,25.0,45.0,0.0,2004112102,27055.0,,200411210car,,241121029,,7,7,,,3.0,,,38.0,,,0,outdoors,grass,68.0,3.0,00-0009266,00-0004161,Shaun King,Jake Delhomme,Dennis Green,John Fox,Bill Carollo,CAR00,Bank of America Stadium
2004_12_NYJ_ARI,2004,REG,12,2004-11-28,Sunday,16:15,NYJ,13.0,ARI,3.0,Home,-10.0,16.0,0.0,2004112809,27080.0,,200411280crd,,241128022,,7,7,,,-3.0,,,36.5,,,0,outdoors,grass,63.0,22.0,00-0020404,00-0009266,Quincy Carter,Shaun King,Herm Edwards,Dennis Green,Gerry Austin,PHO99,Sun Devil Stadium
2004_13_ARI_DET,2004,REG,13,2004-12-05,Sunday,13:00,ARI,12.0,DET,26.0,Home,14.0,38.0,0.0,2004120503,27088.0,,200412050det,,241205008,,7,10,,,6.0,,,37.0,,,0,dome,fieldturf,,,00-0022827,00-0021141,John Navarre,Joey Harrington,Dennis Green,Steve Mariucci,Jeff Triplette,DET00,Ford Field
2004_14_SF_ARI,2004,REG,14,2004-12-12,Sunday,16:15,SF,31.0,ARI,28.0,Home,-3.0,59.0,1.0,2004121211,27112.0,,200412120crd,,241212022,,7,7,,,7.0,,,36.0,,,1,outdoors,grass,74.0,0.0,00-0022039,00-0021206,Ken Dorsey,Josh McCown,Dennis Erickson,Dennis Green,Bill Leavy,PHO99,Sun Devil Stadium
2004_15_STL_ARI,2004,REG,15,2004-12-19,Sunday,16:05,STL,7.0,ARI,31.0,Home,24.0,38.0,0.0,2004121907,27127.0,,200412190crd,,241219022,,7,7,,,-3.0,,,41.5,,,1,outdoors,grass,75.0,10.0,00-0002876,00-0021206,Chris Chandler,Josh McCown,Mike Martz,Dennis Green,Mike Carey,PHO99,Sun Devil Stadium
2004_16_ARI_SEA,2004,REG,16,2004-12-26,Sunday,16:15,ARI,21.0,SEA,24.0,Home,3.0,45.0,0.0,2004122610,27146.0,,200412260sea,,241226026,,7,7,,,7.0,,,44.0,,,1,outdoors,fieldturf,46.0,3.0,00-0021206,00-0004293,Josh McCown,Trent Dilfer,Dennis Green,Mike Holmgren,Tony Corrente,SEA00,Qwest Field
2004_17_TB_ARI,2004,REG,17,2005-01-02,Sunday,16:05,TB,7.0,ARI,12.0,Home,5.0,19.0,0.0,2005010210,27159.0,,200501020crd,,250102022,,7,7,,,4.0,,,38.5,,,0,outdoors,grass,63.0,7.0,00-0022005,00-0021206,Chris Simms,Josh McCown,Jon Gruden,Dennis Green,Walt Anderson,PHO99,Sun Devil Stadium
2005_01_ARI_NYG,2005,REG,1,2005-09-11,Sunday,16:15,ARI,19.0,NYG,42.0,Home,23.0,61.0,0.0,2005091110,28536.0,,200509110nyg,,250911019,,7,7,,,1.5,,,37.5,,,0,outdoors,fieldturf,85.0,9.0,00-0017200,00-0022803,Kurt Warner,Eli Manning,Dennis Green,Tom Coughlin,Bernie Kukar,NYC00,Giants Stadium
2005_02_STL_ARI,2005,REG,2,2005-09-18,Sunday,16:05,STL,17.0,ARI,12.0,Home,-5.0,29.0,0.0,2005091810,28550.0,,200509180crd,,250918022,,7,7,,,-1.0,,,44.0,,,1,outdoors,grass,94.0,0.0,00-0019599,00-0017200,Marc Bulger,Kurt Warner,Mike Martz,Dennis Green,Jeff Triplette,PHO99,Sun Devil Stadium
2005_03_ARI_SEA,2005,REG,3,2005-09-25,Sunday,16:05,ARI,12.0,SEA,37.0,Home,25.0,49.0,0.0,2005092509,28567.0,,200509250sea,,250925026,,7,7,,,6.5,,,42.0,,,1,outdoors,fieldturf,60.0,0.0,00-0017200,00-0007091,Kurt Warner,Matt Hasselbeck,Dennis Green,Mike Holmgren,Tony Corrente,SEA00,Qwest Field
2005_04_SF_ARI,2005,REG,4,2005-10-02,Sunday,20:30,SF,14.0,ARI,31.0,Neutral,17.0,45.0,0.0,2005100212,28583.0,,200510020crd,,251002022,,7,7,,,3.0,,,42.0,,,1,outdoors,grass,66.0,13.0,00-0019623,00-0021206,Tim Rattay,Josh McCown,Mike Nolan,Dennis Green,Ed Hochuli,MEX00,Azteca Stadium
2005_05_CAR_ARI,2005,REG,5,2005-10-09,Sunday,16:15,CAR,24.0,ARI,20.0,Home,-4.0,44.0,0.0,2005100909,28594.0,,200510090crd,,251009022,,6,7,,,-3.0,,,42.0,,,0,outdoors,grass,81.0,10.0,00-0004161,00-0021206,Jake Delhomme,Josh McCown,John Fox,Dennis Green,Gerald Austin,PHO99,Sun Devil Stadium
2005_07_TEN_ARI,2005,REG,7,2005-10-23,Sunday,16:15,TEN,10.0,ARI,20.0,Home,10.0,30.0,0.0,2005102312,28622.0,,200510230crd,,251023022,,7,14,,,3.0,,,45.0,,,0,outdoors,grass,83.0,5.0,00-0019041,00-0021206,Billy Volek,Josh McCown,Jeff Fisher,Dennis Green,Larry Nemmers,PHO99,Sun Devil Stadium
2005_08_ARI_DAL,2005,REG,8,2005-10-30,Sunday,13:00,ARI,13.0,DAL,34.0,Home,21.0,47.0,0.0,2005103000,28629.0,,200510300dal,,251030006,,7,7,,,7.0,,,41.0,,,0,outdoors,fieldturf,71.0,0.0,00-0021206,00-0001361,Josh McCown,Drew Bledsoe,Dennis Green,Bill Parcells,Mike Carey,DAL99,Texas Stadium
2005_09_SEA_ARI,2005,REG,9,2005-11-06,Sunday,16:05,SEA,33.0,ARI,19.0,Home,-14.0,52.0,0.0,2005110610,28650.0,,200511060crd,,251106022,,14,7,,,-4.5,,,44.0,,,1,outdoors,grass,79.0,0.0,00-0007091,00-0017200,Matt Hasselbeck,Kurt Warner,Mike Holmgren,Dennis Green,Walt Anderson,PHO99,Sun Devil Stadium
2005_10_ARI_DET,2005,REG,10,2005-11-13,Sunday,13:00,ARI,21.0,DET,29.0,Home,8.0,50.0,0.0,2005111300,28657.0,,200511130det,,251113008,,7,7,,,4.0,,,40.0,,,0,dome,fieldturf,,,00-0017200,00-0021141,Kurt Warner,Joey Harrington,Dennis Green,Steve Mariucci,Scott Green,DET00,Ford Field
2005_11_ARI_STL,2005,REG,11,2005-11-20,Sunday,13:00,ARI,38.0,STL,28.0,Home,-10.0,66.0,0.0,2005112000,28676.0,,200511200ram,,251120014,,7,7,,,9.0,,,48.0,,,1,dome,fieldturf,,,00-0017200,00-0019599,Kurt Warner,Marc Bulger,Dennis Green,Joe Vitt,Terry McAulay,STL00,Edward Jones Dome
2005_12_JAX_ARI,2005,REG,12,2005-11-27,Sunday,16:05,JAX,24.0,ARI,17.0,Home,-7.0,41.0,0.0,2005112708,28695.0,,200511270crd,,251127022,,7,7,,,-3.5,,,41.5,,,0,outdoors,grass,58.0,14.0,00-0022177,00-0017200,Byron Leftwich,Kurt Warner,Jack Del Rio,Dennis Green,Tom White,PHO99,Sun Devil Stadium
2005_13_ARI_SF,2005,REG,13,2005-12-04,Sunday,16:05,ARI,17.0,SF,10.0,Home,-7.0,27.0,0.0,2005120410,28712.0,,200512040sfo,,251204025,,7,7,,,-3.0,,,43.5,,,1,outdoors,grass,54.0,3.0,00-0017200,00-0023436,Kurt Warner,Alex Smith,Dennis Green,Mike Nolan,Walt Coleman,SFO00,Monster Park
2005_14_WAS_ARI,2005,REG,14,2005-12-11,Sunday,16:05,WAS,17.0,ARI,13.0,Home,-4.0,30.0,0.0,2005121110,28725.0,,200512110crd,,251211022,,7,7,,,-3.0,,,41.5,,,0,outdoors,grass,66.0,0.0,00-0002110,00-0017200,Mark Brunell,Kurt Warner,Joe Gibbs,Dennis Green,Bill Leavy,PHO99,Sun Devil Stadium
2005_15_ARI_HOU,2005,REG,15,2005-12-18,Sunday,13:00,ARI,19.0,HOU,30.0,Home,11.0,49.0,0.0,2005121800,28736.0,,200512180htx,,251218034,,7,7,,,-1.0,,,43.5,,,0,closed,grass,,,00-0017200,00-0020608,Kurt Warner,David Carr,Dennis Green,Dom Capers,Bill Vinovich,HOU00,Reliant Stadium
2005_16_PHI_ARI,2005,REG,16,2005-12-24,Saturday,16:05,PHI,21.0,ARI,27.0,Home,6.0,48.0,0.0,2005122410,28759.0,,200512240crd,,251224022,,6,6,,,1.0,,,39.5,,,0,outdoors,grass,75.0,3.0,00-0020308,00-0021206,Mike McMahon,Josh McCown,Andy Reid,Dennis Green,Bernie Kukar,PHO99,Sun Devil Stadium
2005_17_ARI_IND,2005,REG,17,2006-01-01,Sunday,13:00,ARI,13.0,IND,17.0,Home,4.0,30.0,0.0,2006010100,28769.0,,200601010clt,,260101011,,8,8,,,6.0,,,43.5,,,0,dome,fieldturf,,,00-0021206,00-0022744,Josh McCown,Jim Sorgi,Dennis Green,Tony Dungy,Ron Winter,IND99,RCA Dome
2006_01_SF_ARI,2006,REG,1,2006-09-10,Sunday,16:15,SF,27.0,ARI,34.0,Home,7.0,61.0,0.0,2006091009,28874.0,,200609100crd,3752.0,260910022,,7,7,,,9.5,,,44.0,,,1,closed,grass,,,00-0023436,00-0017200,Alex Smith,Kurt Warner,Mike Nolan,Dennis Green,Ed Hochuli,PHO00,University of Phoenix Stadium
2006_02_ARI_SEA,2006,REG,2,2006-09-17,Sunday,16:05,ARI,10.0,SEA,21.0,Home,11.0,31.0,0.0,2006091710,28891.0,,200609170sea,3766.0,260917026,,7,7,,,7.0,,,48.0,,,1,outdoors,fieldturf,61.0,7.0,00-0017200,00-0007091,Kurt Warner,Matt Hasselbeck,Dennis Green,Mike Holmgren,Larry Nemmers,SEA00,Qwest Field
2006_03_STL_ARI,2006,REG,3,2006-09-24,Sunday,16:15,STL,16.0,ARI,14.0,Home,-2.0,30.0,0.0,2006092409,28904.0,,200609240crd,3784.0,260924022,,7,7,,,5.5,,,45.0,,,1,closed,grass,,,00-0019599,00-0017200,Marc Bulger,Kurt Warner,Scott Linehan,Dennis Green,Bill Carollo,PHO00,University of Phoenix Stadium
2006_04_ARI_ATL,2006,REG,4,2006-10-01,Sunday,13:00,ARI,10.0,ATL,32.0,Home,22.0,42.0,0.0,2006100100,28907.0,,200610010atl,3790.0,261001001,,7,6,286.0,-316.0,7.0,103.0,-111.0,41.0,-116.0,106.0,0,dome,fieldturf,,,00-0017200,00-0020245,Kurt Warner,Michael Vick,Dennis Green,Jim Mora,Gene Steratore,ATL00,Georgia Dome
2006_05_KC_ARI,2006,REG,5,2006-10-08,Sunday,16:05,KC,23.0,ARI,20.0,Home,-3.0,43.0,0.0,2006100808,28931.0,,200610080crd,3812.0,261008022,,7,7,-193.0,180.0,-3.5,-104.0,-104.0,40.0,106.0,-116.0,0,closed,grass,,,00-0007835,00-0024225,Damon Huard,Matt Leinart,Herm Edwards,Dennis Green,Terry McAulay,PHO00,University of Phoenix Stadium
2006_06_CHI_ARI,2006,REG,6,2006-10-16,Monday,20:30,CHI,24.0,ARI,23.0,Home,-1.0,47.0,0.0,2006101600,28947.0,,200610160crd,3832.0,261016022,,8,8,-640.0,580.0,-11.5,-101.0,-107.0,40.0,-105.0,-105.0,0,open,grass,,,00-0022121,00-0024225,Rex Grossman,Matt Leinart,Lovie Smith,Dennis Green,Jerome Boger,PHO00,University of Phoenix Stadium
2006_07_ARI_OAK,2006,REG,7,2006-10-22,Sunday,16:15,ARI,9.0,OAK,22.0,Home,13.0,31.0,0.0,2006102210,28958.0,,200610220rai,3841.0,261022013,,6,7,-147.0,137.0,-3.0,107.0,-115.0,39.5,-118.0,108.0,0,outdoors,grass,67.0,6.0,00-0024225,00-0023504,Matt Leinart,Andrew Walter,Dennis Green,Art Shell,Bill Vinovich,OAK00,McAfee Coliseum
2006_08_ARI_GB,2006,REG,8,2006-10-29,Sunday,13:00,ARI,14.0,GB,31.0,Home,17.0,45.0,0.0,2006102902,28964.0,,200610290gnb,3847.0,261029009,,7,7,183.0,-201.0,4.0,-105.0,-103.0,44.5,-103.0,-107.0,0,outdoors,grass,45.0,10.0,00-0024225,00-0005106,Matt Leinart,Brett Favre,Dennis Green,Mike McCarthy,Bill Leavy,GNB00,Lambeau Field
2006_10_DAL_ARI,2006,REG,10,2006-11-12,Sunday,16:15,DAL,27.0,ARI,10.0,Home,-17.0,37.0,0.0,2006111213,29000.0,,200611120crd,3886.0,261112022,,7,14,-270.0,250.0,-6.5,107.0,-115.0,43.0,-110.0,100.0,0,open,grass,,,00-0021678,00-0024225,Tony Romo,Matt Leinart,Bill Parcells,Dennis Green,Mike Carey,PHO00,University of Phoenix Stadium
2006_11_DET_ARI,2006,REG,11,2006-11-19,Sunday,16:05,DET,10.0,ARI,17.0,Home,7.0,27.0,0.0,2006111912,29017.0,,200611190crd,3892.0,261119022,,7,7,123.0,-133.0,2.5,102.0,-110.0,45.5,-118.0,108.0,0,closed,grass,,,00-0009311,00-0024225,Jon Kitna,Matt Leinart,Rod Marinelli,Dennis Green,Scott Green,PHO00,University of Phoenix Stadium
2006_12_ARI_MIN,2006,REG,12,2006-11-26,Sunday,13:00,ARI,26.0,MIN,31.0,Home,5.0,57.0,0.0,2006112605,29028.0,,200611260min,3919.0,261126016,,7,7,255.0,-275.0,7.0,-110.0,102.0,39.0,-112.0,102.0,0,dome,fieldturf,,,00-0024225,00-0008442,Matt Leinart,Brad Johnson,Dennis Green,Brad Childress,Jerome Boger,MIN00,Hubert H. Humphrey Metrodome
2006_13_ARI_STL,2006,REG,13,2006-12-03,Sunday,13:00,ARI,34.0,STL,20.0,Home,-14.0,54.0,0.0,2006120307,29045.0,,200612030ram,3930.0,261203014,,7,7,210.0,-230.0,6.0,-118.0,110.0,45.5,-109.0,-101.0,1,dome,fieldturf,,,00-0024225,00-0019599,Matt Leinart,Marc Bulger,Dennis Green,Scott Linehan,Ron Winter,STL00,Edward Jones Dome
2006_14_SEA_ARI,2006,REG,14,2006-12-10,Sunday,16:05,SEA,21.0,ARI,27.0,Home,6.0,48.0,0.0,2006121011,29065.0,,200612100crd,3950.0,261210022,,7,7,-161.0,151.0,-3.0,-112.0,104.0,44.5,102.0,-112.0,1,closed,grass,,,00-0007091,00-0024225,Matt Hasselbeck,Matt Leinart,Mike Holmgren,Dennis Green,Gene Steratore,PHO00,University of Phoenix Stadium
2006_15_DEN_ARI,2006,REG,15,2006-12-17,Sunday,16:05,DEN,37.0,ARI,20.0,Home,-17.0,57.0,0.0,2006121709,29081.0,,200612170crd,3956.0,261217022,,7,7,-152.0,142.0,-2.5,-121.0,113.0,44.0,-109.0,-101.0,0,open,grass,,,00-0024226,00-0024225,Jay Cutler,Matt Leinart,Mike Shanahan,Dennis Green,Walt Anderson,PHO00,University of Phoenix Stadium
2006_16_ARI_SF,2006,REG,16,2006-12-24,Sunday,16:05,ARI,26.0,SF,20.0,Home,-6.0,46.0,0.0,2006122409,29098.0,,200612240sfo,3975.0,261224025,,7,10,170.0,-180.0,3.5,-108.0,100.0,45.0,102.0,-112.0,1,outdoors,grass,50.0,5.0,00-0024225,00-0023436,Matt Leinart,Alex Smith,Dennis Green,Mike Nolan,Bill Vinovich,SFO00,Monster Park
2006_17_ARI_SD,2006,REG,17,2006-12-31,Sunday,16:15,ARI,20.0,SD,27.0,Home,7.0,47.0,0.0,2006123114,29116.0,,200612310sdg,3988.0,261231024,,7,7,650.0,-850.0,13.5,-105.0,-103.0,44.5,-105.0,-105.0,0,outdoors,grass,57.0,4.0,00-0017200,00-0022942,Kurt Warner,Philip Rivers,Dennis Green,Marty Schottenheimer,Gerry Austin,SDG00,Qualcomm Stadium
2007_01_ARI_SF,2007,REG,1,2007-09-10,Monday,22:25,ARI,17.0,SF,20.0,Home,3.0,37.0,0.0,2007091001,29210.0,,200709100sfo,746.0,270910025,,7,7,179.0,-189.0,3.5,-102.0,-106.0,47.0,100.0,-110.0,1,outdoors,grass,64.0,18.0,00-0024225,00-0023436,Matt Leinart,Alex Smith,Ken Whisenhunt,Mike Nolan,Walt Coleman,SFO00,Monster Park
2007_02_SEA_ARI,2007,REG,2,2007-09-16,Sunday,16:05,SEA,20.0,ARI,23.0,Home,3.0,43.0,0.0,2007091608,29219.0,,200709160crd,755.0,270916022,,7,6,-137.0,127.0,-3.0,110.0,-118.0,42.5,-104.0,-106.0,1,closed,grass,,,00-0007091,00-0024225,Matt Hasselbeck,Matt Leinart,Mike Holmgren,Ken Whisenhunt,Ron Winter,PHO00,University of Phoenix Stadium
2007_03_ARI_BAL,2007,REG,3,2007-09-23,Sunday,13:00,ARI,23.0,BAL,26.0,Home,3.0,49.0,0.0,2007092300,29227.0,,200709230rav,763.0,270923033,,7,7,287.0,-317.0,7.0,-106.0,-102.0,35.5,-107.0,-103.0,0,outdoors,sportturf,75.0,9.0,00-0024225,00-0011024,Matt Leinart,Steve McNair,Ken Whisenhunt,Brian Billick,Jerome Boger,BAL00,M&T Bank Stadium
2007_04_PIT_ARI,2007,REG,4,2007-09-30,Sunday,16:15,PIT,14.0,ARI,21.0,Home,7.0,35.0,0.0,2007093009,29252.0,,200709300crd,788.0,270930022,,7,7,-226.0,206.0,-5.5,103.0,-111.0,42.5,-104.0,-106.0,0,closed,grass,,,00-0022924,00-0024225,Ben Roethlisberger,Matt Leinart,Mike Tomlin,Ken Whisenhunt,Gene Steratore,PHO00,University of Phoenix Stadium
2007_05_ARI_STL,2007,REG,5,2007-10-07,Sunday,13:00,ARI,34.0,STL,31.0,Home,-3.0,65.0,0.0,2007100706,29263.0,,200710070ram,799.0,271007014,,7,7,-202.0,184.0,-3.5,-108.0,100.0,40.0,-112.0,102.0,1,dome,fieldturf,,,00-0024225,00-0005589,Matt Leinart,Gus Frerotte,Ken Whisenhunt,Scott Linehan,Gerry Austin,STL00,Edward Jones Dome
2007_06_CAR_ARI,2007,REG,6,2007-10-14,Sunday,16:05,CAR,25.0,ARI,10.0,Home,-15.0,35.0,0.0,2007101408,29279.0,,200710140crd,815.0,271014022,,7,7,229.0,-249.0,6.0,-105.0,-103.0,38.5,102.0,-112.0,0,closed,grass,,,00-0016193,00-0017200,Vinny Testaverde,Kurt Warner,John Fox,Ken Whisenhunt,Walt Anderson,PHO00,University of Phoenix Stadium
2007_07_ARI_WAS,2007,REG,7,2007-10-21,Sunday,13:00,ARI,19.0,WAS,21.0,Home,2.0,40.0,0.0,2007102107,29291.0,,200710210was,827.0,271021028,,7,7,344.0,-374.0,9.0,-127.0,119.0,35.0,-112.0,102.0,0,outdoors,grass,75.0,9.0,00-0017200,00-0023460,Kurt Warner,Jason Campbell,Ken Whisenhunt,Joe Gibbs,Jeff Triplette,WAS00,FedExField
2007_09_ARI_TB,2007,REG,9,2007-11-04,Sunday,13:00,ARI,10.0,TB,17.0,Home,7.0,27.0,0.0,2007110407,29318.0,,200711040tam,854.0,271104027,,14,7,164.0,-174.0,3.5,-118.0,110.0,39.0,104.0,-114.0,0,outdoors,grass,78.0,10.0,00-0017200,00-0005755,Kurt Warner,Jeff Garcia,Ken Whisenhunt,Jon Gruden,Terry McAulay,TAM00,Raymond James Stadium
2007_10_DET_ARI,2007,REG,10,2007-11-11,Sunday,16:15,DET,21.0,ARI,31.0,Home,10.0,52.0,0.0,2007111109,29334.0,,200711110crd,870.0,271111022,,7,7,124.0,-134.0,2.0,106.0,-114.0,45.0,-105.0,-105.0,0,closed,grass,,,00-0009311,00-0017200,Jon Kitna,Kurt Warner,Rod Marinelli,Ken Whisenhunt,Walt Coleman,PHO00,University of Phoenix Stadium
2007_11_ARI_CIN,2007,REG,11,2007-11-18,Sunday,13:00,ARI,35.0,CIN,27.0,Home,-8.0,62.0,0.0,2007111803,29342.0,,200711180cin,878.0,271118004,,7,7,155.0,-165.0,3.0,106.0,-114.0,48.5,-107.0,-103.0,0,outdoors,fieldturf,44.0,5.0,00-0017200,00-0021429,Kurt Warner,Carson Palmer,Ken Whisenhunt,Marvin Lewis,Ron Winter,CIN00,Paul Brown Stadium
2007_12_SF_ARI,2007,REG,12,2007-11-25,Sunday,16:05,SF,37.0,ARI,31.0,Home,-6.0,68.0,1.0,2007112509,29367.0,,200711250crd,903.0,271125022,,7,7,460.0,-510.0,10.0,108.0,-116.0,37.5,-107.0,-103.0,1,open,grass,,,00-0004293,00-0017200,Trent Dilfer,Kurt Warner,Mike Nolan,Ken Whisenhunt,Gerry Austin,PHO00,University of Phoenix Stadium
2007_13_CLE_ARI,2007,REG,13,2007-12-02,Sunday,16:05,CLE,21.0,ARI,27.0,Home,6.0,48.0,0.0,2007120210,29382.0,,200712020crd,918.0,271202022,,7,7,-101.0,-109.0,1.0,-104.0,-104.0,52.0,-110.0,100.0,0,open,grass,,,00-0023645,00-0017200,Derek Anderson,Kurt Warner,Romeo Crennel,Ken Whisenhunt,Jerome Boger,PHO00,University of Phoenix Stadium
2007_14_ARI_SEA,2007,REG,14,2007-12-09,Sunday,16:05,ARI,21.0,SEA,42.0,Home,21.0,63.0,0.0,2007120910,29398.0,,200712090sea,934.0,271209026,,7,7,330.0,-360.0,7.5,108.0,-116.0,44.0,-106.0,-104.0,1,outdoors,fieldturf,35.0,0.0,00-0017200,00-0007091,Kurt Warner,Matt Hasselbeck,Ken Whisenhunt,Mike Holmgren,Tony Corrente,SEA00,Qwest Field
2007_15_ARI_NO,2007,REG,15,2007-12-16,Sunday,13:00,ARI,24.0,NO,31.0,Home,7.0,55.0,0.0,2007121605,29410.0,,200712160nor,946.0,271216018,,7,6,190.0,-210.0,4.0,-104.0,-104.0,49.5,-105.0,-105.0,0,dome,fieldturf,,,00-0017200,00-0020531,Kurt Warner,Drew Brees,Ken Whisenhunt,Sean Payton,Ed Hochuli,NOR00,Louisiana Superdome
2007_16_ATL_ARI,2007,REG,16,2007-12-23,Sunday,16:05,ATL,27.0,ARI,30.0,Home,3.0,57.0,1.0,2007122309,29430.0,,200712230crd,966.0,271223022,,7,7,440.0,-480.0,11.0,-103.0,-105.0,44.0,101.0,-111.0,0,open,grass,,,00-0019709,00-0017200,Chris Redman,Kurt Warner,Emmitt Thomas,Ken Whisenhunt,Scott Green,PHO00,University of Phoenix Stadium
2007_17_STL_ARI,2007,REG,17,2007-12-30,Sunday,16:15,STL,19.0,ARI,48.0,Home,29.0,67.0,0.0,2007123011,29447.0,,200712300crd,983.0,271230022,,10,7,195.0,-215.0,6.0,-110.0,102.0,49.5,-111.0,101.0,1,open,grass,,,00-0019599,00-0017200,Marc Bulger,Kurt Warner,Scott Linehan,Ken Whisenhunt,Jeff Triplette,PHO00,University of Phoenix Stadium
2008_01_ARI_SF,2008,REG,1,2008-09-07,Sunday,16:15,ARI,23.0,SF,13.0,Home,-10.0,36.0,0.0,2008090711,29540.0,,200809070sfo,1075.0,280907025,,7,7,,,-2.5,,,42.0,,,1,outdoors,grass,70.0,20.0,00-0017200,00-0021296,Kurt Warner,J.T. O'Sullivan,Ken Whisenhunt,Mike Nolan,Gene Steratore,SFO00,Candlestick Park
2008_02_MIA_ARI,2008,REG,2,2008-09-14,Sunday,16:15,MIA,10.0,ARI,31.0,Home,21.0,41.0,0.0,2008091410,29554.0,,200809140crd,1091.0,280914022,,7,7,,,6.5,,,40.5,,,0,closed,grass,,,00-0019559,00-0017200,Chad Pennington,Kurt Warner,Tony Sparano,Ken Whisenhunt,Carl Cheffers,PHO00,University of Phoenix Stadium
2008_03_ARI_WAS,2008,REG,3,2008-09-21,Sunday,13:00,ARI,17.0,WAS,24.0,Home,7.0,41.0,0.0,2008092107,29567.0,,200809210was,1101.0,280921028,,7,7,,,3.0,,,43.5,,,0,outdoors,grass,75.0,1.0,00-0017200,00-0023460,Kurt Warner,Jason Campbell,Ken Whisenhunt,Jim Zorn,Alberto Riveron,WAS00,FedExField
2008_04_ARI_NYJ,2008,REG,4,2008-09-28,Sunday,13:00,ARI,35.0,NYJ,56.0,Home,21.0,91.0,0.0,2008092805,29581.0,,200809280nyj,1115.0,280928020,,7,6,,,1.5,,,43.5,,,0,outdoors,fieldturf,69.0,0.0,00-0017200,00-0005106,Kurt Warner,Brett Favre,Ken Whisenhunt,Eric Mangini,Scott Green,NYC00,Giants Stadium
2008_05_BUF_ARI,2008,REG,5,2008-10-05,Sunday,16:15,BUF,17.0,ARI,41.0,Home,24.0,58.0,0.0,2008100509,29598.0,,200810050crd,1124.0,281005022,,7,7,124.0,-134.0,1.0,115.0,-123.0,44.5,-107.0,-103.0,0,closed,grass,,,00-0025479,00-0017200,Trent Edwards,Kurt Warner,Dick Jauron,Ken Whisenhunt,Jerome Boger,PHO00,University of Phoenix Stadium
2008_06_DAL_ARI,2008,REG,6,2008-10-12,Sunday,16:15,DAL,24.0,ARI,30.0,Home,6.0,54.0,1.0,2008101209,29612.0,,200810120crd,1148.0,281012022,,7,7,-222.0,202.0,-4.5,-111.0,103.0,53.0,-112.0,102.0,0,closed,grass,,,00-0021678,00-0017200,Tony Romo,Kurt Warner,Wade Phillips,Ken Whisenhunt,Peter Morelli,PHO00,University of Phoenix Stadium
2008_08_ARI_CAR,2008,REG,8,2008-10-26,Sunday,13:00,ARI,23.0,CAR,27.0,Home,4.0,50.0,0.0,2008102601,29632.0,,200810260car,1170.0,281026029,,14,7,199.0,-219.0,5.0,-102.0,-106.0,43.0,-110.0,100.0,0,outdoors,grass,70.0,0.0,00-0017200,00-0004161,Kurt Warner,Jake Delhomme,Ken Whisenhunt,John Fox,Walt Coleman,CAR00,Bank of America Stadium
2008_09_ARI_STL,2008,REG,9,2008-11-02,Sunday,13:00,ARI,34.0,STL,13.0,Home,-21.0,47.0,0.0,2008110206,29650.0,,200811020ram,1186.0,281102014,,7,7,-167.0,157.0,-3.0,-122.0,114.0,49.5,101.0,-111.0,1,dome,fieldturf,,,00-0017200,00-0019599,Kurt Warner,Marc Bulger,Ken Whisenhunt,Jim Haslett,Jeff Triplette,STL00,Edward Jones Dome
2008_10_SF_ARI,2008,REG,10,2008-11-10,Monday,20:30,SF,24.0,ARI,29.0,Home,5.0,53.0,0.0,2008111000,29671.0,,200811100crd,1206.0,281110022,,15,8,425.0,-465.0,9.5,102.0,-110.0,47.5,102.0,-112.0,1,open,grass,,,00-0020679,00-0017200,Shaun Hill,Kurt Warner,Mike Singletary,Ken Whisenhunt,Tony Corrente,PHO00,University of Phoenix Stadium
2008_11_ARI_SEA,2008,REG,11,2008-11-16,Sunday,16:05,ARI,26.0,SEA,20.0,Home,-6.0,46.0,0.0,2008111611,29684.0,,200811160sea,1219.0,281116026,,6,7,-135.0,125.0,-3.0,112.0,-120.0,47.5,-110.0,100.0,1,outdoors,fieldturf,52.0,3.0,00-0017200,00-0007091,Kurt Warner,Matt Hasselbeck,Ken Whisenhunt,Mike Holmgren,Bill Carollo,SEA00,Qwest Field
2008_12_NYG_ARI,2008,REG,12,2008-11-23,Sunday,16:15,NYG,37.0,ARI,29.0,Home,-8.0,66.0,0.0,2008112311,29700.0,,200811230crd,1235.0,281123022,,7,7,-142.0,132.0,-3.0,108.0,-116.0,48.0,-113.0,103.0,0,closed,grass,,,00-0022803,00-0017200,Eli Manning,Kurt Warner,Tom Coughlin,Ken Whisenhunt,Peter Morelli,PHO00,University of Phoenix Stadium
2008_13_ARI_PHI,2008,REG,13,2008-11-27,Thursday,20:15,ARI,20.0,PHI,48.0,Home,28.0,68.0,0.0,2008112702,29706.0,,200811270phi,1241.0,281127021,,4,4,156.0,-166.0,3.0,108.0,-116.0,48.5,-107.0,-103.0,0,outdoors,grass,41.0,5.0,00-0017200,00-0011022,Kurt Warner,Donovan McNabb,Ken Whisenhunt,Andy Reid,Alberto Riveron,PHI00,Lincoln Financial Field
2008_14_STL_ARI,2008,REG,14,2008-12-07,Sunday,16:15,STL,10.0,ARI,34.0,Home,24.0,44.0,0.0,2008120711,29732.0,,200812070crd,1268.0,281207022,,7,10,650.0,-800.0,14.0,107.0,-115.0,48.5,-102.0,-108.0,1,open,grass,,,00-0019599,00-0017200,Marc Bulger,Kurt Warner,Jim Haslett,Ken Whisenhunt,Walt Coleman,PHO00,University of Phoenix Stadium
2008_15_MIN_ARI,2008,REG,15,2008-12-14,Sunday,16:05,MIN,35.0,ARI,14.0,Home,-21.0,49.0,0.0,2008121411,29748.0,,200812140crd,1283.0,281214022,,7,7,180.0,-198.0,4.0,-103.0,-105.0,46.5,-107.0,-103.0,0,open,grass,,,00-0024279,00-0017200,Tarvaris Jackson,Kurt Warner,Brad Childress,Ken Whisenhunt,Ron Winter,PHO00,University of Phoenix Stadium
2008_16_ARI_NE,2008,REG,16,2008-12-21,Sunday,13:00,ARI,7.0,NE,47.0,Home,40.0,54.0,0.0,2008122104,29758.0,,200812210nwe,1294.0,281221017,,7,7,330.0,-360.0,9.0,-110.0,102.0,41.0,-103.0,-107.0,0,outdoors,fieldturf,30.0,10.0,00-0017200,00-0023662,Kurt Warner,Matt Cassel,Ken Whisenhunt,Bill Belichick,Bill Leavy,BOS00,Gillette Stadium
2008_17_SEA_ARI,2008,REG,17,2008-12-28,Sunday,16:15,SEA,21.0,ARI,34.0,Home,13.0,55.0,0.0,2008122813,29781.0,,200812280crd,1318.0,281228022,,7,7,270.0,-300.0,7.0,-106.0,-102.0,47.0,-103.0,-107.0,1,closed,grass,,,00-0022055,00-0017200,Seneca Wallace,Kurt Warner,Mike Holmgren,Ken Whisenhunt,Mike Carey,PHO00,University of Phoenix Stadium
2008_18_ATL_ARI,2008,WC,18,2009-01-03,Saturday,16:30,ATL,24.0,ARI,30.0,Home,6.0,54.0,0.0,2009010300,54455.0,,200901030crd,1319.0,290103022,,6,6,,,2.0,,,52.0,,,0,closed,grass,,,00-0026143,00-0017200,Matt Ryan,Kurt Warner,Mike Smith,Ken Whisenhunt,John Parry,PHO00,University of Phoenix Stadium
2008_19_ARI_CAR,2008,DIV,19,2009-01-10,Saturday,20:15,ARI,33.0,CAR,13.0,Home,-20.0,46.0,0.0,2009011001,54460.0,,200901100car,1324.0,290110029,,7,13,405.0,-445.0,10.0,-106.0,-102.0,49.5,108.0,-118.0,0,outdoors,grass,45.0,10.0,00-0017200,00-0004161,Kurt Warner,Jake Delhomme,Ken Whisenhunt,John Fox,Gene Steratore,CAR00,Bank of America Stadium
2008_20_PHI_ARI,2008,CON,20,2009-01-18,Sunday,16:05,PHI,25.0,ARI,32.0,Home,7.0,57.0,0.0,2009011800,54463.0,,200901180crd,1327.0,290118022,,7,8,-164.0,154.0,-3.5,114.0,-120.0,47.0,105.0,-115.0,0,closed,grass,,,00-0011022,00-0017200,Donovan McNabb,Kurt Warner,Andy Reid,Ken Whisenhunt,Walt Anderson,PHO00,University of Phoenix Stadium
2008_21_PIT_ARI,2008,SB,21,2009-02-01,Sunday,18:31,PIT,27.0,ARI,23.0,Neutral,-4.0,50.0,0.0,2009020100,54465.0,,200902010crd,1329.0,290201022,,14,14,-230.0,210.0,-6.5,-103.0,-103.0,46.5,106.0,-116.0,0,outdoors,grass,66.0,1.0,00-0022924,00-0017200,Ben Roethlisberger,Kurt Warner,Mike Tomlin,Ken Whisenhunt,Terry McAulay,TAM00,Raymond James Stadium
2009_01_SF_ARI,2009,REG,1,2009-09-13,Sunday,16:15,SF,20.0,ARI,16.0,Home,-4.0,36.0,0.0,2009091309,54477.0,,200909130crd,1405.0,290913022,,7,7,207.0,-233.0,5.0,-107.0,-101.0,45.5,-104.0,-106.0,1,closed,grass,,,00-0020679,00-0017200,Shaun Hill,Kurt Warner,Mike Singletary,Ken Whisenhunt,Don Carey,PHO00,University of Phoenix Stadium
2009_02_ARI_JAX,2009,REG,2,2009-09-20,Sunday,13:00,ARI,31.0,JAX,17.0,Home,-14.0,48.0,0.0,2009092003,54486.0,,200909200jax,1419.0,290920030,,7,7,142.0,-157.0,3.0,-104.0,-104.0,42.5,-110.0,100.0,0,outdoors,grass,83.0,8.0,00-0017200,00-0021231,Kurt Warner,David Garrard,Ken Whisenhunt,Jack Del Rio,Gene Steratore,JAX00,Jacksonville Municipal Stadium
2009_03_IND_ARI,2009,REG,3,2009-09-27,Sunday,20:20,IND,31.0,ARI,10.0,Home,-21.0,41.0,0.0,2009092714,54502.0,,200909270crd,1441.0,290927022,,6,7,144.0,-159.0,3.0,101.0,-109.0,49.0,103.0,-113.0,0,closed,grass,,,00-0010346,00-0017200,Peyton Manning,Kurt Warner,Jim Caldwell,Ken Whisenhunt,Peter Morelli,PHO00,University of Phoenix Stadium
2009_05_HOU_ARI,2009,REG,5,2009-10-11,Sunday,16:15,HOU,21.0,ARI,28.0,Home,7.0,49.0,0.0,2009101109,54538.0,,200910110crd,1467.0,291011022,,7,14,219.0,-245.0,5.5,100.0,-108.0,50.5,-108.0,-102.0,0,closed,grass,,,00-0022787,00-0017200,Matt Schaub,Kurt Warner,Gary Kubiak,Ken Whisenhunt,Tony Corrente,PHO00,University of Phoenix Stadium
2009_06_ARI_SEA,2009,REG,6,2009-10-18,Sunday,16:05,ARI,27.0,SEA,3.0,Home,-24.0,30.0,0.0,2009101809,54552.0,,200910180sea,1479.0,291018026,,7,7,134.0,-146.0,3.0,-118.0,109.0,45.5,-113.0,103.0,1,outdoors,fieldturf,58.0,4.0,00-0017200,00-0007091,Kurt Warner,Matt Hasselbeck,Ken Whisenhunt,Jim Mora,Carl Cheffers,SEA00,Qwest Field
2009_07_ARI_NYG,2009,REG,7,2009-10-25,Sunday,20:20,ARI,24.0,NYG,17.0,Home,-7.0,41.0,0.0,2009102511,54568.0,,200910250nyg,1496.0,291025019,,7,7,295.0,-335.0,9.0,-127.0,117.0,46.5,-103.0,-107.0,0,outdoors,fieldturf,57.0,3.0,00-0017200,00-0022803,Kurt Warner,Eli Manning,Ken Whisenhunt,Tom Coughlin,Alberto Riveron,NYC00,Giants Stadium
2009_08_CAR_ARI,2009,REG,8,2009-11-01,Sunday,16:15,CAR,34.0,ARI,21.0,Home,-13.0,55.0,0.0,2009110110,54580.0,,200911010crd,1509.0,291101022,,7,7,385.0,-445.0,10.0,-115.0,106.0,43.5,102.0,-112.0,0,closed,grass,,,00-0004161,00-0017200,Jake Delhomme,Kurt Warner,John Fox,Ken Whisenhunt,Mike Carey,PHO00,University of Phoenix Stadium
2009_09_ARI_CHI,2009,REG,9,2009-11-08,Sunday,13:00,ARI,41.0,CHI,21.0,Home,-20.0,62.0,0.0,2009110801,54584.0,,200911080chi,1512.0,291108003,,7,7,125.0,-137.0,1.0,116.0,-126.0,44.5,-107.0,-103.0,0,outdoors,grass,65.0,12.0,00-0017200,00-0024226,Kurt Warner,Jay Cutler,Ken Whisenhunt,Lovie Smith,Ed Hochuli,CHI98,Soldier Field
2009_10_SEA_ARI,2009,REG,10,2009-11-15,Sunday,16:15,SEA,20.0,ARI,31.0,Home,11.0,51.0,0.0,2009111509,54606.0,,200911150crd,1534.0,291115022,,7,7,280.0,-320.0,9.0,-119.0,110.0,46.5,-105.0,-105.0,1,closed,grass,,,00-0007091,00-0017200,Matt Hasselbeck,Kurt Warner,Jim Mora,Ken Whisenhunt,Walt Coleman,PHO00,University of Phoenix Stadium
2009_11_ARI_STL,2009,REG,11,2009-11-22,Sunday,16:05,ARI,21.0,STL,13.0,Home,-8.0,34.0,0.0,2009112209,54621.0,,200911220ram,1549.0,291122014,,7,7,-380.0,330.0,-9.5,106.0,-115.0,46.5,-109.0,-101.0,1,dome,fieldturf,,,00-0017200,00-0019599,Kurt Warner,Marc Bulger,Ken Whisenhunt,Steve Spagnuolo,Bill Leavy,STL00,Edward Jones Dome
2009_12_ARI_TEN,2009,REG,12,2009-11-29,Sunday,16:15,ARI,17.0,TEN,20.0,Home,3.0,37.0,0.0,2009112908,54638.0,,200911290oti,1561.0,291129010,,7,6,173.0,-191.0,3.5,-106.0,-102.0,44.5,105.0,-115.0,0,outdoors,grass,59.0,9.0,00-0024225,00-0024218,Matt Leinart,Vince Young,Ken Whisenhunt,Jeff Fisher,Terry McAulay,NAS00,LP Field
2009_13_MIN_ARI,2009,REG,13,2009-12-06,Sunday,20:20,MIN,17.0,ARI,30.0,Home,13.0,47.0,0.0,2009120610,54654.0,,200912060crd,1584.0,291206022,,7,7,-170.0,155.0,-3.5,112.0,-121.0,48.0,-102.0,-108.0,0,closed,grass,,,00-0005106,00-0017200,Brett Favre,Kurt Warner,Brad Childress,Ken Whisenhunt,John Parry,PHO00,University of Phoenix Stadium
2009_14_ARI_SF,2009,REG,14,2009-12-14,Monday,20:30,ARI,9.0,SF,24.0,Home,15.0,33.0,0.0,2009121400,54674.0,,200912140sfo,1602.0,291214025,,8,8,-201.0,181.0,-4.0,100.0,-108.0,44.5,-102.0,-108.0,1,outdoors,grass,53.0,0.0,00-0017200,00-0023436,Kurt Warner,Alex Smith,Ken Whisenhunt,Mike Singletary,Jerome Boger,SFO00,Candlestick Park
2009_15_ARI_DET,2009,REG,15,2009-12-20,Sunday,13:00,ARI,31.0,DET,24.0,Home,-7.0,55.0,0.0,2009122002,54679.0,,200912200det,1606.0,291220008,,6,7,-830.0,650.0,-14.0,100.0,-108.0,46.5,-111.0,101.0,0,dome,fieldturf,,,00-0017200,00-0003739,Kurt Warner,Daunte Culpepper,Ken Whisenhunt,Jim Schwartz,Jeff Triplette,DET00,Ford Field
2009_16_STL_ARI,2009,REG,16,2009-12-27,Sunday,16:05,STL,10.0,ARI,31.0,Home,21.0,41.0,0.0,2009122710,54702.0,,200912270crd,1630.0,291227022,,7,7,1040.0,-1400.0,16.0,106.0,-115.0,44.0,-111.0,101.0,1,open,grass,,,00-0027131,00-0017200,Keith Null,Kurt Warner,Steve Spagnuolo,Ken Whisenhunt,Alberto Riveron,PHO00,University of Phoenix Stadium
2009_17_GB_ARI,2009,REG,17,2010-01-03,Sunday,16:15,GB,33.0,ARI,7.0,Home,-26.0,40.0,0.0,2010010311,54718.0,,201001030crd,1646.0,300103022,,7,7,138.0,-153.0,3.0,-111.0,103.0,42.0,-105.0,-105.0,0,closed,grass,,,00-0023459,00-0017200,Aaron Rodgers,Kurt Warner,Mike McCarthy,Ken Whisenhunt,Carl Cheffers,PHO00,University of Phoenix Stadium
2009_18_GB_ARI,2009,WC,18,2010-01-10,Sunday,16:30,GB,45.0,ARI,51.0,Home,6.0,96.0,1.0,2010011000,54806.0,,201001100crd,1654.0,300110022,,7,7,-127.0,117.0,-2.5,-101.0,-107.0,48.0,-107.0,-103.0,0,closed,grass,,,00-0023459,00-0017200,Aaron Rodgers,Kurt Warner,Mike McCarthy,Ken Whisenhunt,Scott Green,PHO00,University of Phoenix Stadium
2009_19_ARI_NO,2009,DIV,19,2010-01-16,Saturday,16:30,ARI,14.0,NO,45.0,Home,31.0,59.0,0.0,2010011601,54807.0,,201001160nor,1655.0,300116018,,6,13,280.0,-320.0,7.0,104.0,-113.0,57.0,106.0,-116.0,0,dome,fieldturf,,,00-0017200,00-0020531,Kurt Warner,Drew Brees,Ken Whisenhunt,Sean Payton,Ron Winter,NOR00,Louisiana Superdome
2010_01_ARI_STL,2010,REG,1,2010-09-12,Sunday,16:15,ARI,17.0,STL,13.0,Home,-4.0,30.0,0.0,2010091208,54874.0,,201009120ram,1737.0,300912014,,7,7,-163.0,147.0,-3.0,-104.0,-104.0,39.5,-101.0,-109.0,1,dome,astroplay,,,00-0023645,00-0027854,Derek Anderson,Sam Bradford,Ken Whisenhunt,Steve Spagnuolo,Alberto Riveron,STL00,Edward Jones Dome
2010_02_ARI_ATL,2010,REG,2,2010-09-19,Sunday,13:00,ARI,7.0,ATL,41.0,Home,34.0,48.0,0.0,2010091907,54879.0,,201009190atl,1749.0,300919001,,7,7,248.0,-280.0,7.0,-113.0,104.0,43.0,-115.0,104.0,0,dome,fieldturf,,,00-0023645,00-0026143,Derek Anderson,Matt Ryan,Ken Whisenhunt,Mike Smith,Jerome Boger,ATL00,Georgia Dome
2010_03_OAK_ARI,2010,REG,3,2010-09-26,Sunday,16:15,OAK,23.0,ARI,24.0,Home,1.0,47.0,0.0,2010092612,54906.0,,201009260crd,1771.0,300926022,,7,7,209.0,-234.0,5.5,-104.0,-104.0,38.5,-105.0,-105.0,0,closed,grass,,,00-0024408,00-0023645,Bruce Gradkowski,Derek Anderson,Tom Cable,Ken Whisenhunt,Mike Carey,PHO00,University of Phoenix Stadium
2010_04_ARI_SD,2010,REG,4,2010-10-03,Sunday,16:15,ARI,10.0,SD,41.0,Home,31.0,51.0,0.0,2010100311,54922.0,,201010030sdg,1786.0,301003024,,7,7,423.0,-500.0,10.0,-104.0,-104.0,47.0,106.0,-117.0,0,outdoors,grass,72.0,8.0,00-0023645,00-0022942,Derek Anderson,Philip Rivers,Ken Whisenhunt,Norv Turner,Gene Steratore,SDG00,Qualcomm Stadium
2010_05_NO_ARI,2010,REG,5,2010-10-10,Sunday,16:05,NO,20.0,ARI,30.0,Home,10.0,50.0,0.0,2010101009,54934.0,,201010100crd,1798.0,301010022,,7,7,-285.0,252.0,-6.5,-105.0,-103.0,45.5,-107.0,-103.0,0,closed,grass,,,00-0020531,00-0027347,Drew Brees,Max Hall,Sean Payton,Ken Whisenhunt,Tony Corrente,PHO00,University of Phoenix Stadium
2010_07_ARI_SEA,2010,REG,7,2010-10-24,Sunday,16:05,ARI,10.0,SEA,22.0,Home,12.0,32.0,0.0,2010102409,54822.0,,201010240sea,1826.0,301024026,,14,7,244.0,-276.0,6.5,-103.0,-105.0,40.5,100.0,-110.0,1,outdoors,fieldturf,52.0,12.0,00-0027347,00-0007091,Max Hall,Matt Hasselbeck,Ken Whisenhunt,Pete Carroll,Jeff Triplette,SEA00,Qwest Field
2010_08_TB_ARI,2010,REG,8,2010-10-31,Sunday,16:15,TB,38.0,ARI,35.0,Home,-3.0,73.0,0.0,2010103109,54837.0,,201010310crd,1840.0,301031022,,7,7,157.0,-174.0,3.0,107.0,-116.0,38.0,102.0,-112.0,0,closed,grass,,,00-0026993,00-0027347,Josh Freeman,Max Hall,Raheem Morris,Ken Whisenhunt,Ron Winter,PHO00,University of Phoenix Stadium
2010_09_ARI_MIN,2010,REG,9,2010-11-07,Sunday,13:00,ARI,24.0,MIN,27.0,Home,3.0,51.0,1.0,2010110705,54847.0,,201011070min,1849.0,301107016,,7,7,285.0,-325.0,7.0,102.0,-110.0,42.5,100.0,-110.0,0,dome,sportturf,,,00-0023645,00-0005106,Derek Anderson,Brett Favre,Ken Whisenhunt,Brad Childress,Bill Leavy,MIN00,Mall of America Field
2010_10_SEA_ARI,2010,REG,10,2010-11-14,Sunday,16:15,SEA,36.0,ARI,18.0,Home,-18.0,54.0,0.0,2010111409,54956.0,,201011140crd,1867.0,301114022,,7,7,180.0,-200.0,3.5,103.0,-111.0,41.0,-104.0,-106.0,1,closed,grass,,,00-0007091,00-0023645,Matt Hasselbeck,Derek Anderson,Pete Carroll,Ken Whisenhunt,Scott Green,PHO00,University of Phoenix Stadium
2010_11_ARI_KC,2010,REG,11,2010-11-21,Sunday,13:00,ARI,13.0,KC,31.0,Home,18.0,44.0,0.0,2010112109,54965.0,,201011210kan,1874.0,301121012,,7,7,267.0,-303.0,7.0,-108.0,100.0,45.0,100.0,-110.0,0,outdoors,grass,66.0,20.0,00-0023645,00-0023662,Derek Anderson,Matt Cassel,Ken Whisenhunt,Todd Haley,Walt Coleman,KAN00,Arrowhead Stadium
2010_12_SF_ARI,2010,REG,12,2010-11-29,Monday,20:30,SF,27.0,ARI,6.0,Home,-21.0,33.0,0.0,2010112900,54991.0,,201011290crd,1902.0,301129022,,8,8,-125.0,113.0,-1.0,-116.0,107.0,41.5,102.0,-112.0,1,closed,grass,,,00-0025561,00-0023645,Troy Smith,Derek Anderson,Mike Singletary,Ken Whisenhunt,Gene Steratore,PHO00,University of Phoenix Stadium
2010_13_STL_ARI,2010,REG,13,2010-12-05,Sunday,16:15,STL,19.0,ARI,6.0,Home,-13.0,25.0,0.0,2010120511,55003.0,,201012050crd,1915.0,301205022,,7,6,-169.0,152.0,-3.0,-112.0,104.0,43.5,-105.0,-105.0,1,closed,grass,,,00-0027854,00-0023645,Sam Bradford,Derek Anderson,Steve Spagnuolo,Ken Whisenhunt,Clete Blakeman,PHO00,University of Phoenix Stadium
2010_14_DEN_ARI,2010,REG,14,2010-12-12,Sunday,16:15,DEN,13.0,ARI,43.0,Home,30.0,56.0,0.0,2010121211,55019.0,,201012120crd,1931.0,301212022,,7,7,-190.0,171.0,-4.0,100.0,-108.0,44.5,102.0,-113.0,0,closed,grass,,,00-0023541,00-0027754,Kyle Orton,John Skelton,Eric Studesville,Ken Whisenhunt,Jerome Boger,PHO00,University of Phoenix Stadium
2010_15_ARI_CAR,2010,REG,15,2010-12-19,Sunday,13:00,ARI,12.0,CAR,19.0,Home,7.0,31.0,0.0,2010121907,55026.0,,201012190car,1943.0,301219029,,7,7,116.0,-128.0,2.5,-104.0,-104.0,37.5,100.0,-110.0,0,outdoors,grass,42.0,6.0,00-0027754,00-0027659,John Skelton,Jimmy Clausen,Ken Whisenhunt,John Fox,Tony Corrente,CAR00,Bank of America Stadium
2010_16_DAL_ARI,2010,REG,16,2010-12-25,Saturday,19:30,DAL,26.0,ARI,27.0,Home,1.0,53.0,0.0,2010122500,55041.0,,201012250crd,1952.0,301225022,,6,6,-305.0,269.0,-7.0,104.0,-113.0,45.0,107.0,-118.0,0,closed,grass,,,00-0009311,00-0027754,Jon Kitna,John Skelton,Jason Garrett,Ken Whisenhunt,Jeff Triplette,PHO00,University of Phoenix Stadium
2010_17_ARI_SF,2010,REG,17,2011-01-02,Sunday,16:15,ARI,7.0,SF,38.0,Home,31.0,45.0,0.0,2011010214,55070.0,,201101020sfo,1981.0,310102025,,8,7,205.0,-230.0,6.0,-109.0,101.0,39.5,-108.0,-102.0,1,outdoors,grass,49.0,3.0,00-0027754,00-0023436,John Skelton,Alex Smith,Ken Whisenhunt,Jim Tomsula,Mike Carey,SFO00,Candlestick Park
2011_01_CAR_ARI,2011,REG,1,2011-09-11,Sunday,16:15,CAR,21.0,ARI,28.0,Home,7.0,49.0,0.0,2011091109,55173.0,,201109110crd,2063.0,310911022,,7,7,266.0,-302.0,6.5,104.0,-113.0,37.5,-107.0,-103.0,0,closed,grass,,,00-0027939,00-0025423,Cam Newton,Kevin Kolb,Ron Rivera,Ken Whisenhunt,Carl Cheffers,PHO00,University of Phoenix Stadium
2011_02_ARI_WAS,2011,REG,2,2011-09-18,Sunday,13:00,ARI,21.0,WAS,22.0,Home,1.0,43.0,0.0,2011091805,55189.0,,201109180was,2084.0,310918028,,7,7,193.0,-215.0,4.5,-106.0,-102.0,44.5,-109.0,-101.0,0,outdoors,grass,66.0,7.0,00-0025423,00-0022121,Kevin Kolb,Rex Grossman,Ken Whisenhunt,Mike Shanahan,Peter Morelli,WAS00,FedExField
2011_03_ARI_SEA,2011,REG,3,2011-09-25,Sunday,16:15,ARI,10.0,SEA,13.0,Home,3.0,23.0,0.0,2011092512,55208.0,,201109250sea,2102.0,310925026,,7,7,-155.0,140.0,-3.0,-105.0,-103.0,42.5,-103.0,-107.0,1,outdoors,fieldturf,68.0,20.0,00-0025423,00-0024279,Kevin Kolb,Tarvaris Jackson,Ken Whisenhunt,Pete Carroll,Alberto Riveron,SEA00,CenturyLink Field
2011_04_NYG_ARI,2011,REG,4,2011-10-02,Sunday,16:05,NYG,31.0,ARI,27.0,Home,-4.0,58.0,0.0,2011100209,55221.0,,201110020crd,2109.0,311002022,,7,7,-107.0,-103.0,-1.0,-101.0,-107.0,45.5,-105.0,-105.0,0,closed,grass,,,00-0022803,00-0025423,Eli Manning,Kevin Kolb,Tom Coughlin,Ken Whisenhunt,Jerome Boger,PHO00,University of Phoenix Stadium
2011_05_ARI_MIN,2011,REG,5,2011-10-09,Sunday,13:00,ARI,10.0,MIN,34.0,Home,24.0,44.0,0.0,2011100905,55233.0,,201110090min,2133.0,311009016,,7,7,171.0,-190.0,3.5,-101.0,-107.0,44.5,-105.0,-105.0,0,dome,sportturf,,,00-0025423,00-0011022,Kevin Kolb,Donovan McNabb,Ken Whisenhunt,Leslie Frazier,Scott Green,MIN00,Mall of America Field
2011_07_PIT_ARI,2011,REG,7,2011-10-23,Sunday,16:05,PIT,32.0,ARI,20.0,Home,-12.0,52.0,0.0,2011102307,55261.0,,201110230crd,2150.0,311023022,,7,14,-215.0,193.0,-4.0,-103.0,-105.0,46.0,-106.0,-104.0,0,closed,grass,,,00-0022924,00-0025423,Ben Roethlisberger,Kevin Kolb,Mike Tomlin,Ken Whisenhunt,John Parry,PHO00,University of Phoenix Stadium
2011_08_ARI_BAL,2011,REG,8,2011-10-30,Sunday,13:00,ARI,27.0,BAL,30.0,Home,3.0,57.0,0.0,2011103005,55267.0,,201110300rav,2168.0,311030033,,7,6,635.0,-796.0,12.0,-103.0,-105.0,43.0,-110.0,100.0,0,outdoors,sportturf,48.0,9.0,00-0025423,00-0026158,Kevin Kolb,Joe Flacco,Ken Whisenhunt,John Harbaugh,Jeff Triplette,BAL00,M&T Bank Stadium
2011_09_STL_ARI,2011,REG,9,2011-11-06,Sunday,16:15,STL,13.0,ARI,19.0,Home,6.0,32.0,1.0,2011110611,55289.0,,201111060crd,2175.0,311106022,,7,7,106.0,-117.0,1.0,103.0,-111.0,41.5,-107.0,-103.0,1,closed,grass,,,00-0027854,00-0027754,Sam Bradford,John Skelton,Steve Spagnuolo,Ken Whisenhunt,Ron Winter,PHO00,University of Phoenix Stadium
2011_10_ARI_PHI,2011,REG,10,2011-11-13,Sunday,13:00,ARI,21.0,PHI,17.0,Home,-4.0,38.0,0.0,2011111306,55304.0,,201111130phi,2198.0,311113021,,7,6,569.0,-700.0,13.5,-110.0,102.0,47.0,102.0,-113.0,0,outdoors,grass,60.0,15.0,00-0027754,00-0020245,John Skelton,Michael Vick,Ken Whisenhunt,Andy Reid,Walt Anderson,PHI00,Lincoln Financial Field
2011_11_ARI_SF,2011,REG,11,2011-11-20,Sunday,16:05,ARI,7.0,SF,23.0,Home,16.0,30.0,0.0,2011112008,55320.0,,201111200sfo,2205.0,311120025,,7,7,442.0,-525.0,10.0,-108.0,100.0,40.5,-107.0,-103.0,1,outdoors,grass,55.0,15.0,00-0027754,00-0023436,John Skelton,Alex Smith,Ken Whisenhunt,Jim Harbaugh,Peter Morelli,SFO00,Candlestick Park
2011_12_ARI_STL,2011,REG,12,2011-11-27,Sunday,13:00,ARI,23.0,STL,20.0,Home,-3.0,43.0,0.0,2011112704,55332.0,,201111270ram,2230.0,311127014,,7,7,127.0,-140.0,1.0,120.0,-130.0,40.0,-104.0,-106.0,1,dome,astroplay,,,00-0027754,00-0027854,John Skelton,Sam Bradford,Ken Whisenhunt,Steve Spagnuolo,Mike Carey,STL00,Edward Jones Dome
2011_13_DAL_ARI,2011,REG,13,2011-12-04,Sunday,16:15,DAL,13.0,ARI,19.0,Home,6.0,32.0,1.0,2011120411,55351.0,,201112040crd,2240.0,311204022,,10,7,-200.0,180.0,-4.0,-105.0,-103.0,46.5,-110.0,100.0,0,closed,grass,,,00-0021678,00-0025423,Tony Romo,Kevin Kolb,Jason Garrett,Ken Whisenhunt,Walt Coleman,PHO00,University of Phoenix Stadium
2011_14_SF_ARI,2011,REG,14,2011-12-11,Sunday,16:05,SF,19.0,ARI,21.0,Home,2.0,40.0,0.0,2011121110,55367.0,,201112110crd,2253.0,311211022,,7,7,-165.0,149.0,-3.5,112.0,-121.0,39.0,-105.0,-105.0,1,closed,grass,,,00-0023436,00-0025423,Alex Smith,Kevin Kolb,Jim Harbaugh,Ken Whisenhunt,Alberto Riveron,PHO00,University of Phoenix Stadium
2011_15_CLE_ARI,2011,REG,15,2011-12-18,Sunday,16:15,CLE,17.0,ARI,20.0,Home,3.0,37.0,1.0,2011121810,55383.0,,201112180crd,2271.0,311218022,,10,7,218.0,-245.0,6.0,-104.0,-104.0,37.0,-107.0,-103.0,0,closed,grass,,,00-0022055,00-0027754,Seneca Wallace,John Skelton,Pat Shurmur,Ken Whisenhunt,Scott Green,PHO00,University of Phoenix Stadium
2011_16_ARI_CIN,2011,REG,16,2011-12-24,Saturday,13:00,ARI,16.0,CIN,23.0,Home,7.0,39.0,0.0,2011122408,55392.0,,201112240cin,2283.0,311224004,,6,6,180.0,-200.0,3.5,102.0,-110.0,41.0,-106.0,-104.0,0,outdoors,fieldturf,38.0,8.0,00-0027754,00-0027973,John Skelton,Andy Dalton,Ken Whisenhunt,Marvin Lewis,Terry McAulay,CIN00,Paul Brown Stadium
2011_17_SEA_ARI,2011,REG,17,2012-01-01,Sunday,16:15,SEA,20.0,ARI,23.0,Home,3.0,43.0,1.0,2012010115,55417.0,,201201010crd,2301.0,320101022,,8,8,123.0,-136.0,2.5,-102.0,-106.0,40.5,-107.0,-103.0,1,closed,grass,,,00-0024279,00-0027754,Tarvaris Jackson,John Skelton,Pete Carroll,Ken Whisenhunt,Gene Steratore,PHO00,University of Phoenix Stadium
2012_01_SEA_ARI,2012,REG,1,2012-09-09,Sunday,16:25,SEA,16.0,ARI,20.0,Home,4.0,36.0,0.0,2012090910,55514.0,,201209090crd,2400.0,320909022,,7,7,-135.0,122.0,-1.0,-128.0,118.0,40.5,-108.0,-102.0,1,closed,grass,,,00-0029263,00-0027754,Russell Wilson,John Skelton,Pete Carroll,Ken Whisenhunt,Bruce Hermansen,PHO00,University of Phoenix Stadium
2012_02_ARI_NE,2012,REG,2,2012-09-16,Sunday,13:00,ARI,20.0,NE,18.0,Home,-2.0,38.0,0.0,2012091602,55526.0,,201209160nwe,2407.0,320916017,,7,7,534.0,-650.0,13.0,-104.0,-104.0,47.0,-105.0,-105.0,0,outdoors,fieldturf,64.0,2.0,00-0025423,00-0019596,Kevin Kolb,Tom Brady,Ken Whisenhunt,Bill Belichick,David Scott,BOS00,Gillette Stadium
2012_03_PHI_ARI,2012,REG,3,2012-09-23,Sunday,16:05,PHI,6.0,ARI,27.0,Home,21.0,33.0,0.0,2012092309,55546.0,,201209230crd,2432.0,320923022,,7,7,-177.0,159.0,-3.0,-125.0,115.0,42.5,-108.0,-102.0,0,closed,grass,,,00-0020245,00-0025423,Michael Vick,Kevin Kolb,Andy Reid,Ken Whisenhunt,Mike Shepherd,PHO00,University of Phoenix Stadium
2012_04_MIA_ARI,2012,REG,4,2012-09-30,Sunday,16:05,MIA,21.0,ARI,24.0,Home,3.0,45.0,1.0,2012093007,55562.0,,201209300crd,2441.0,320930022,,7,7,186.0,-208.0,4.0,-102.0,-106.0,38.5,-107.0,-103.0,0,closed,grass,,,00-0029701,00-0025423,Ryan Tannehill,Kevin Kolb,Joe Philbin,Ken Whisenhunt,Scott Green,PHO00,University of Phoenix Stadium
2012_05_ARI_STL,2012,REG,5,2012-10-04,Thursday,20:20,ARI,3.0,STL,17.0,Home,14.0,20.0,0.0,2012100400,55567.0,,201210040ram,2453.0,321004014,,4,4,-113.0,102.0,-1.0,-105.0,-103.0,37.5,-103.0,-107.0,1,dome,astroplay,,,00-0025423,00-0027854,Kevin Kolb,Sam Bradford,Ken Whisenhunt,Jeff Fisher,John Parry,STL00,Edward Jones Dome
2012_06_BUF_ARI,2012,REG,6,2012-10-14,Sunday,16:05,BUF,19.0,ARI,16.0,Home,-3.0,35.0,1.0,2012101407,55589.0,,201210140crd,2468.0,321014022,,7,10,210.0,-235.0,5.0,100.0,-108.0,44.0,-103.0,-107.0,0,closed,grass,,,00-0023682,00-0025423,Ryan Fitzpatrick,Kevin Kolb,Chan Gailey,Ken Whisenhunt,Al Riveron,PHO00,University of Phoenix Stadium
2012_07_ARI_MIN,2012,REG,7,2012-10-21,Sunday,13:00,ARI,14.0,MIN,21.0,Home,7.0,35.0,0.0,2012102101,55600.0,,201210210min,2482.0,321021016,,7,7,256.0,-290.0,7.0,-114.0,105.0,38.5,-105.0,-105.0,0,dome,sportturf,,,00-0027754,00-0027950,John Skelton,Christian Ponder,Ken Whisenhunt,Leslie Frazier,Terry McAulay,MIN00,Mall of America Field
2012_08_SF_ARI,2012,REG,8,2012-10-29,Monday,20:30,SF,24.0,ARI,3.0,Home,-21.0,27.0,0.0,2012102900,55621.0,,201210290crd,2507.0,321029022,,11,8,-325.0,285.0,-7.0,-103.0,-105.0,37.5,102.0,-113.0,1,closed,grass,,,00-0023436,00-0027754,Alex Smith,John Skelton,Jim Harbaugh,Ken Whisenhunt,Bill Leavy,PHO00,University of Phoenix Stadium
2012_09_ARI_GB,2012,REG,9,2012-11-04,Sunday,13:00,ARI,17.0,GB,31.0,Home,14.0,48.0,0.0,2012110401,55625.0,,201211040gnb,2509.0,321104009,,6,7,400.0,-470.0,10.5,-106.0,-102.0,43.0,-108.0,-102.0,0,outdoors,grass,39.0,7.0,00-0027754,00-0023459,John Skelton,Aaron Rodgers,Ken Whisenhunt,Mike McCarthy,Walt Coleman,GNB00,Lambeau Field
2012_11_ARI_ATL,2012,REG,11,2012-11-18,Sunday,13:00,ARI,19.0,ATL,23.0,Home,4.0,42.0,0.0,2012111802,55651.0,,201211180atl,2537.0,321118001,,14,7,361.0,-420.0,9.5,-108.0,100.0,43.0,-106.0,-104.0,0,dome,fieldturf,,,00-0027754,00-0026143,John Skelton,Matt Ryan,Ken Whisenhunt,Mike Smith,Bill Vinovich,ATL00,Georgia Dome
2012_12_STL_ARI,2012,REG,12,2012-11-25,Sunday,16:25,STL,31.0,ARI,17.0,Home,-14.0,48.0,0.0,2012112510,55676.0,,201211250crd,2563.0,321125022,,7,7,105.0,-116.0,1.0,101.0,-109.0,36.0,102.0,-113.0,1,closed,grass,,,00-0027854,00-0029531,Sam Bradford,Ryan Lindley,Jeff Fisher,Ken Whisenhunt,Tony Corrente,PHO00,University of Phoenix Stadium
2012_13_ARI_NYJ,2012,REG,13,2012-12-02,Sunday,13:00,ARI,6.0,NYJ,7.0,Home,1.0,13.0,0.0,2012120203,55687.0,,201212020nyj,2567.0,321202020,,7,10,222.0,-250.0,6.0,-104.0,-104.0,37.0,104.0,-115.0,0,outdoors,fieldturf,46.0,6.0,00-0029531,00-0026898,Ryan Lindley,Mark Sanchez,Ken Whisenhunt,Rex Ryan,Walt Anderson,NYC01,MetLife Stadium
2012_14_ARI_SEA,2012,REG,14,2012-12-09,Sunday,16:25,ARI,0.0,SEA,58.0,Home,58.0,58.0,0.0,2012120912,55709.0,,201212090sea,2583.0,321209026,,7,7,457.0,-545.0,10.5,-106.0,-102.0,36.0,-105.0,-105.0,1,outdoors,fieldturf,48.0,8.0,00-0027754,00-0029263,John Skelton,Russell Wilson,Ken Whisenhunt,Pete Carroll,Carl Cheffers,SEA00,CenturyLink Field
2012_15_DET_ARI,2012,REG,15,2012-12-16,Sunday,16:05,DET,10.0,ARI,38.0,Home,28.0,48.0,0.0,2012121608,55721.0,,201212160crd,2601.0,321216022,,7,7,-224.0,200.0,-5.5,104.0,-113.0,43.5,100.0,-110.0,0,closed,grass,,,00-0026498,00-0029531,Matthew Stafford,Ryan Lindley,Jim Schwartz,Ken Whisenhunt,Jerome Boger,PHO00,University of Phoenix Stadium
2012_16_CHI_ARI,2012,REG,16,2012-12-23,Sunday,16:25,CHI,28.0,ARI,13.0,Home,-15.0,41.0,0.0,2012122312,55741.0,,201212230crd,2616.0,321223022,,7,7,-290.0,256.0,-7.0,104.0,-113.0,35.5,-112.0,102.0,0,closed,grass,,,00-0024226,00-0029531,Jay Cutler,Ryan Lindley,Lovie Smith,Ken Whisenhunt,Terry McAulay,PHO00,University of Phoenix Stadium
2012_17_ARI_SF,2012,REG,17,2012-12-30,Sunday,16:25,ARI,13.0,SF,27.0,Home,14.0,40.0,0.0,2012123014,55758.0,,201212300sfo,2630.0,321230025,,7,7,865.0,-1200.0,16.0,-110.0,102.0,39.0,100.0,-110.0,1,outdoors,grass,50.0,5.0,00-0026625,00-0027974,Brian Hoyer,Colin Kaepernick,Ken Whisenhunt,Jim Harbaugh,Peter Morelli,SFO00,Candlestick Park
2013_01_ARI_STL,2013,REG,1,2013-09-08,Sunday,16:25,ARI,24.0,STL,27.0,Home,3.0,51.0,0.0,2013090810,55848.0,,201309080ram,2754.0,330908014,,7,7,166.0,-185.0,3.5,-104.0,-106.0,42.5,-115.0,104.0,1,dome,astroplay,,,00-0021429,00-0027854,Carson Palmer,Sam Bradford,Bruce Arians,Jeff Fisher,Clete Blakeman,STL00,Edward Jones Dome
2013_02_DET_ARI,2013,REG,2,2013-09-15,Sunday,16:05,DET,21.0,ARI,25.0,Home,4.0,46.0,0.0,2013091509,55863.0,,201309150crd,2768.0,330915022,,7,7,-109.0,-101.0,-1.0,-102.0,-108.0,47.5,-107.0,-103.0,0,closed,grass,,,00-0026498,00-0021429,Matthew Stafford,Carson Palmer,Jim Schwartz,Bruce Arians,Peter Morelli,PHO00,University of Phoenix Stadium
2013_03_ARI_NO,2013,REG,3,2013-09-22,Sunday,13:00,ARI,7.0,NO,31.0,Home,24.0,38.0,0.0,2013092207,55876.0,,201309220nor,2781.0,330922018,,7,7,310.0,-355.0,8.0,-110.0,100.0,48.5,-102.0,-108.0,0,dome,sportturf,,,00-0021429,00-0020531,Carson Palmer,Drew Brees,Bruce Arians,Sean Payton,Walt Coleman,NOR00,Mercedes-Benz Superdome
2013_04_ARI_TB,2013,REG,4,2013-09-29,Sunday,13:00,ARI,13.0,TB,10.0,Home,-3.0,23.0,0.0,2013092907,55893.0,,201309290tam,2798.0,330929027,,7,7,121.0,-134.0,2.5,102.0,-113.0,40.0,-102.0,-108.0,0,outdoors,grass,84.0,5.0,00-0021429,00-0030520,Carson Palmer,Mike Glennon,Bruce Arians,Greg Schiano,Gene Steratore,TAM00,Raymond James Stadium
2013_05_CAR_ARI,2013,REG,5,2013-10-06,Sunday,16:05,CAR,6.0,ARI,22.0,Home,16.0,28.0,0.0,2013100608,55909.0,,201310060crd,2814.0,331006022,,14,7,-167.0,151.0,-3.0,-113.0,102.0,41.0,-105.0,-105.0,0,closed,grass,,,00-0027939,00-0021429,Cam Newton,Carson Palmer,Ron Rivera,Bruce Arians,John Parry,PHO00,University of Phoenix Stadium
2013_06_ARI_SF,2013,REG,6,2013-10-13,Sunday,16:25,ARI,20.0,SF,32.0,Home,12.0,52.0,0.0,2013101311,55926.0,,201310130sfo,2831.0,331013025,,7,7,369.0,-430.0,10.0,-123.0,111.0,40.5,-108.0,-102.0,1,outdoors,grass,65.0,5.0,00-0021429,00-0027974,Carson Palmer,Colin Kaepernick,Bruce Arians,Jim Harbaugh,Scott Green,SFO00,Candlestick Park
2013_07_SEA_ARI,2013,REG,7,2013-10-17,Thursday,20:25,SEA,34.0,ARI,22.0,Home,-12.0,56.0,0.0,2013101700,55929.0,,201310170crd,2834.0,331017022,,4,4,-227.0,203.0,-5.0,-104.0,-106.0,41.0,101.0,-111.0,1,closed,grass,,,00-0029263,00-0021429,Russell Wilson,Carson Palmer,Pete Carroll,Bruce Arians,Terry McAulay,PHO00,University of Phoenix Stadium
2013_08_ATL_ARI,2013,REG,8,2013-10-27,Sunday,16:25,ATL,13.0,ARI,27.0,Home,14.0,40.0,0.0,2013102708,55953.0,,201310270crd,2858.0,331027022,,7,10,136.0,-150.0,2.5,111.0,-122.0,44.5,-103.0,-107.0,0,closed,grass,,,00-0026143,00-0021429,Matt Ryan,Carson Palmer,Mike Smith,Bruce Arians,Mike Carey,PHO00,University of Phoenix Stadium
2013_10_HOU_ARI,2013,REG,10,2013-11-10,Sunday,16:25,HOU,24.0,ARI,27.0,Home,3.0,51.0,0.0,2013111009,55980.0,,201311100crd,2885.0,331110022,,7,14,191.0,-213.0,4.0,102.0,-113.0,41.5,-105.0,-105.0,0,closed,grass,,,00-0028986,00-0021429,Case Keenum,Carson Palmer,Gary Kubiak,Bruce Arians,Gene Steratore,PHO00,University of Phoenix Stadium
2013_11_ARI_JAX,2013,REG,11,2013-11-17,Sunday,13:00,ARI,27.0,JAX,14.0,Home,-13.0,41.0,0.0,2013111704,55989.0,,201311170jax,2894.0,331117030,,7,7,-385.0,334.0,-9.5,-105.0,-105.0,40.5,-103.0,-107.0,0,outdoors,grass,76.0,8.0,00-0021429,00-0026197,Carson Palmer,Chad Henne,Bruce Arians,Gus Bradley,Jeff Triplette,JAX00,EverBank Field
2013_12_IND_ARI,2013,REG,12,2013-11-24,Sunday,16:05,IND,11.0,ARI,40.0,Home,29.0,51.0,0.0,2013112408,56008.0,,201311240crd,2913.0,331124022,,10,7,166.0,-185.0,3.5,-113.0,102.0,44.5,-102.0,-108.0,0,closed,grass,,,00-0029668,00-0021429,Andrew Luck,Carson Palmer,Chuck Pagano,Bruce Arians,Bill Leavy,PHO00,University of Phoenix Stadium
2013_13_ARI_PHI,2013,REG,13,2013-12-01,Sunday,13:00,ARI,21.0,PHI,24.0,Home,3.0,45.0,0.0,2013120106,56022.0,,201312010phi,2927.0,331201021,,7,14,166.0,-185.0,3.5,100.0,-110.0,48.0,-106.0,-104.0,0,outdoors,grass,46.0,4.0,00-0021429,00-0029567,Carson Palmer,Nick Foles,Bruce Arians,Chip Kelly,Tony Corrente,PHI00,Lincoln Financial Field
2013_14_STL_ARI,2013,REG,14,2013-12-08,Sunday,16:25,STL,10.0,ARI,30.0,Home,20.0,40.0,0.0,2013120810,56040.0,,201312080crd,2945.0,331208022,,7,7,179.0,-199.0,4.0,-107.0,-103.0,41.0,-105.0,-105.0,1,closed,grass,,,00-0024264,00-0021429,Kellen Clemens,Carson Palmer,Jeff Fisher,Bruce Arians,Walt Coleman,PHO00,University of Phoenix Stadium
2013_15_ARI_TEN,2013,REG,15,2013-12-15,Sunday,16:25,ARI,37.0,TEN,34.0,Home,-3.0,71.0,1.0,2013121509,56055.0,,201312150oti,2960.0,331215010,,7,7,-144.0,130.0,-3.0,102.0,-113.0,43.0,-102.0,-108.0,0,outdoors,grass,37.0,4.0,00-0021429,00-0023682,Carson Palmer,Ryan Fitzpatrick,Bruce Arians,Mike Munchak,Peter Morelli,NAS00,LP Field
2013_16_ARI_SEA,2013,REG,16,2013-12-22,Sunday,16:05,ARI,17.0,SEA,10.0,Home,-7.0,27.0,0.0,2013122211,56072.0,,201312220sea,2977.0,331222026,,7,7,365.0,-425.0,8.0,-105.0,-105.0,42.5,-105.0,-105.0,1,outdoors,fieldturf,48.0,6.0,00-0021429,00-0029263,Carson Palmer,Russell Wilson,Bruce Arians,Pete Carroll,Scott Green,SEA00,CenturyLink Field
2013_17_SF_ARI,2013,REG,17,2013-12-29,Sunday,16:25,SF,23.0,ARI,20.0,Home,-3.0,43.0,0.0,2013122912,56089.0,,201312290crd,2994.0,331229022,,6,7,144.0,-160.0,3.0,-105.0,-105.0,41.0,-108.0,-102.0,1,closed,grass,,,00-0027974,00-0021429,Colin Kaepernick,Carson Palmer,Jim Harbaugh,Bruce Arians,Walt Anderson,PHO00,University of Phoenix Stadium
2014_01_SD_ARI,2014,REG,1,2014-09-08,Monday,21:20,SD,17.0,ARI,18.0,Home,1.0,35.0,0.0,2014090801,56185.0,,201409080crd,3089.0,400554301,,7,7,139.0,-154.0,3.0,-108.0,-102.0,45.5,-105.0,-105.0,0,closed,grass,,,00-0022942,00-0021429,Philip Rivers,Carson Palmer,Mike McCoy,Bruce Arians,Bill Vinovich,PHO00,University of Phoenix Stadium
2014_02_ARI_NYG,2014,REG,2,2014-09-14,Sunday,13:00,ARI,25.0,NYG,14.0,Home,-11.0,39.0,0.0,2014091405,56192.0,,201409140nyg,3096.0,400554211,,6,6,104.0,-115.0,1.0,-102.0,-108.0,41.5,-102.0,-108.0,0,outdoors,fieldturf,66.0,1.0,00-0025430,00-0022803,Drew Stanton,Eli Manning,Bruce Arians,Tom Coughlin,John Parry,NYC01,MetLife Stadium
2014_03_SF_ARI,2014,REG,3,2014-09-21,Sunday,16:05,SF,14.0,ARI,23.0,Home,9.0,37.0,0.0,2014092110,56213.0,,201409210crd,3117.0,400554253,,7,7,-150.0,136.0,-3.0,106.0,-117.0,41.0,-102.0,-108.0,1,closed,grass,,,00-0027974,00-0025430,Colin Kaepernick,Drew Stanton,Jim Harbaugh,Bruce Arians,Gene Steratore,PHO00,University of Phoenix Stadium
2014_05_ARI_DEN,2014,REG,5,2014-10-05,Sunday,16:05,ARI,20.0,DEN,41.0,Home,21.0,61.0,0.0,2014100509,56241.0,,201410050den,3145.0,400554246,,14,14,305.0,-350.0,8.0,-104.0,-106.0,47.0,-107.0,-103.0,0,outdoors,grass,71.0,10.0,00-0025430,00-0010346,Drew Stanton,Peyton Manning,Bruce Arians,John Fox,Bill Leavy,DEN00,Sports Authority Field at Mile High
2014_06_WAS_ARI,2014,REG,6,2014-10-12,Sunday,16:25,WAS,20.0,ARI,30.0,Home,10.0,50.0,0.0,2014101210,56257.0,,201410120crd,3161.0,400554308,,6,7,205.0,-230.0,5.0,-101.0,-109.0,47.0,-102.0,-108.0,0,closed,grass,,,00-0029604,00-0021429,Kirk Cousins,Carson Palmer,Jay Gruden,Bruce Arians,Ed Hochuli,PHO00,University of Phoenix Stadium
2014_07_ARI_OAK,2014,REG,7,2014-10-19,Sunday,16:25,ARI,24.0,OAK,13.0,Home,-11.0,37.0,0.0,2014101911,56273.0,,201410190rai,3177.0,400554300,,7,7,-185.0,166.0,-3.5,-106.0,-104.0,46.0,-108.0,-102.0,0,outdoors,grass,69.0,6.0,00-0021429,00-0031280,Carson Palmer,Derek Carr,Bruce Arians,Tony Sparano,Clete Blakeman,OAK00,O.co Coliseum
2014_08_PHI_ARI,2014,REG,8,2014-10-26,Sunday,16:05,PHI,20.0,ARI,24.0,Home,4.0,44.0,0.0,2014102609,56286.0,,201410260crd,3190.0,400554303,,14,7,-105.0,-105.0,1.0,-113.0,102.0,49.0,-105.0,-105.0,0,closed,grass,,,00-0029567,00-0021429,Nick Foles,Carson Palmer,Chip Kelly,Bruce Arians,Walt Anderson,PHO00,University of Phoenix Stadium
2014_09_ARI_DAL,2014,REG,9,2014-11-02,Sunday,13:00,ARI,28.0,DAL,17.0,Home,-11.0,45.0,0.0,2014110202,56294.0,,201411020dal,3198.0,400554337,,7,6,108.0,-119.0,1.5,-105.0,-105.0,45.0,102.0,-113.0,0,closed,matrixturf,,,00-0021429,00-0029677,Carson Palmer,Brandon Weeden,Bruce Arians,Jason Garrett,Craig Wrolstad,DAL00,AT&T Stadium
2014_10_STL_ARI,2014,REG,10,2014-11-09,Sunday,16:25,STL,14.0,ARI,31.0,Home,17.0,45.0,0.0,2014110908,56313.0,,201411090crd,3217.0,400554397,,7,7,264.0,-300.0,7.0,100.0,-110.0,43.0,-105.0,-105.0,1,closed,grass,,,00-0028957,00-0021429,Austin Davis,Carson Palmer,Jeff Fisher,Bruce Arians,Ronald Torbert,PHO00,University of Phoenix Stadium
2014_11_DET_ARI,2014,REG,11,2014-11-16,Sunday,16:25,DET,6.0,ARI,14.0,Home,8.0,20.0,0.0,2014111610,56328.0,,201411160crd,3232.0,400554414,,7,7,-115.0,104.0,-1.0,-108.0,-102.0,41.5,-110.0,100.0,0,closed,grass,,,00-0026498,00-0025430,Matthew Stafford,Drew Stanton,Jim Caldwell,Bruce Arians,Jerome Boger,PHO00,University of Phoenix Stadium
2014_12_ARI_SEA,2014,REG,12,2014-11-23,Sunday,16:05,ARI,3.0,SEA,19.0,Home,16.0,22.0,0.0,2014112309,56341.0,,201411230sea,3245.0,400554357,,7,7,314.0,-360.0,7.5,100.0,-110.0,42.0,-102.0,-108.0,1,outdoors,fieldturf,51.0,10.0,00-0025430,00-0029263,Drew Stanton,Russell Wilson,Bruce Arians,Pete Carroll,Gene Steratore,SEA00,CenturyLink Field
2014_13_ARI_ATL,2014,REG,13,2014-11-30,Sunday,16:05,ARI,18.0,ATL,29.0,Home,11.0,47.0,0.0,2014113009,56358.0,,201411300atl,3262.0,400554368,,7,7,-117.0,106.0,-1.5,-102.0,-108.0,45.5,102.0,-112.0,0,dome,fieldturf,,,00-0025430,00-0026143,Drew Stanton,Matt Ryan,Bruce Arians,Mike Smith,Terry McAulay,ATL00,Georgia Dome
2014_14_KC_ARI,2014,REG,14,2014-12-07,Sunday,16:05,KC,14.0,ARI,17.0,Home,3.0,31.0,0.0,2014120709,56372.0,,201412070crd,3276.0,400554429,,7,7,-145.0,131.0,-2.5,-123.0,111.0,41.5,-103.0,-107.0,0,closed,grass,,,00-0023436,00-0025430,Alex Smith,Drew Stanton,Andy Reid,Bruce Arians,Craig Wrolstad,PHO00,University of Phoenix Stadium
2014_15_ARI_STL,2014,REG,15,2014-12-11,Thursday,20:25,ARI,12.0,STL,6.0,Home,-6.0,18.0,0.0,2014121100,56378.0,,201412110ram,3282.0,400554342,,4,4,227.0,-255.0,6.0,-101.0,-109.0,40.5,100.0,-110.0,1,dome,astroplay,,,00-0025430,00-0020679,Drew Stanton,Shaun Hill,Bruce Arians,Jeff Fisher,Walt Coleman,STL00,Edward Jones Dome
2014_16_SEA_ARI,2014,REG,16,2014-12-21,Sunday,20:30,SEA,35.0,ARI,6.0,Home,-29.0,41.0,0.0,2014122111,56408.0,,201412210crd,3312.0,400554447,,7,10,-390.0,338.0,-9.5,-102.0,-108.0,36.5,-110.0,100.0,1,closed,grass,,,00-0029263,00-0029531,Russell Wilson,Ryan Lindley,Pete Carroll,Bruce Arians,Walt Anderson,PHO00,University of Phoenix Stadium
2014_17_ARI_SF,2014,REG,17,2014-12-28,Sunday,16:25,ARI,17.0,SF,20.0,Home,3.0,37.0,0.0,2014122814,56424.0,,201412280sfo,3328.0,400554446,,7,8,220.0,-247.0,6.0,-110.0,100.0,38.0,-110.0,100.0,1,outdoors,grass,51.0,3.0,00-0029531,00-0027974,Ryan Lindley,Colin Kaepernick,Bruce Arians,Jim Harbaugh,Carl Cheffers,SFO01,Levi's Stadium
2014_18_ARI_CAR,2014,WC,18,2015-01-03,Saturday,16:35,ARI,16.0,CAR,27.0,Home,11.0,43.0,0.0,2015010300,56491.0,,201501030car,3330.0,400749512,,6,6,216.0,-242.0,5.5,-110.0,100.0,37.5,-107.0,-103.0,0,outdoors,grass,51.0,6.0,00-0029531,00-0027939,Ryan Lindley,Cam Newton,Bruce Arians,Ron Rivera,Ed Hochuli,CAR00,Bank of America Stadium
2015_01_NO_ARI,2015,REG,1,2015-09-13,Sunday,16:05,NO,19.0,ARI,31.0,Home,12.0,50.0,0.0,2015091307,56511.0,,201509130crd,3414.0,400791555,,7,7,118.0,-130.0,2.0,100.0,-110.0,48.5,-105.0,-105.0,0,closed,grass,,,00-0020531,00-0021429,Drew Brees,Carson Palmer,Sean Payton,Bruce Arians,Walt Anderson,PHO00,University of Phoenix Stadium
2015_02_ARI_CHI,2015,REG,2,2015-09-20,Sunday,13:00,ARI,48.0,CHI,23.0,Home,-25.0,71.0,0.0,2015092006,56522.0,,201509200chi,3425.0,400791661,,7,7,-119.0,108.0,-2.0,-103.0,-107.0,45.5,-105.0,-105.0,0,outdoors,grass,70.0,6.0,00-0021429,00-0024226,Carson Palmer,Jay Cutler,Bruce Arians,John Fox,Jerome Boger,CHI98,Soldier Field
2015_03_SF_ARI,2015,REG,3,2015-09-27,Sunday,16:05,SF,7.0,ARI,47.0,Home,40.0,54.0,0.0,2015092710,56546.0,,201509270crd,3449.0,400791597,,7,7,265.0,-301.0,7.0,-109.0,-101.0,45.0,-102.0,-108.0,1,closed,grass,,,00-0027974,00-0021429,Colin Kaepernick,Carson Palmer,Jim Tomsula,Bruce Arians,Tony Corrente,PHO00,University of Phoenix Stadium
2015_04_STL_ARI,2015,REG,4,2015-10-04,Sunday,16:25,STL,24.0,ARI,22.0,Home,-2.0,46.0,0.0,2015100410,56561.0,,201510040crd,3464.0,400791718,,7,7,252.0,-285.0,7.0,-115.0,104.0,43.5,-110.0,100.0,1,closed,grass,,,00-0029567,00-0021429,Nick Foles,Carson Palmer,Jeff Fisher,Bruce Arians,John Parry,PHO00,University of Phoenix Stadium
2015_05_ARI_DET,2015,REG,5,2015-10-11,Sunday,16:05,ARI,42.0,DET,17.0,Home,-25.0,59.0,0.0,2015101108,56575.0,,201510110det,3480.0,400791554,,7,6,-202.0,181.0,-4.5,-105.0,-105.0,46.0,-106.0,-104.0,0,dome,fieldturf,,,00-0021429,00-0026498,Carson Palmer,Matthew Stafford,Bruce Arians,Jim Caldwell,Gene Steratore,DET00,Ford Field
2015_06_ARI_PIT,2015,REG,6,2015-10-18,Sunday,13:00,ARI,13.0,PIT,25.0,Home,12.0,38.0,0.0,2015101802,56587.0,,201510180pit,3486.0,400791621,,7,6,-230.0,205.0,-5.5,-102.0,-108.0,45.0,-109.0,-101.0,0,outdoors,grass,45.0,12.0,00-0021429,00-0020245,Carson Palmer,Michael Vick,Bruce Arians,Mike Tomlin,Ed Hochuli,PIT00,Heinz Field
2015_07_BAL_ARI,2015,REG,7,2015-10-26,Monday,20:30,BAL,18.0,ARI,26.0,Home,8.0,44.0,0.0,2015102600,56607.0,,201510260crd,3510.0,400791574,,8,8,389.0,-455.0,10.0,-108.0,-102.0,49.5,-108.0,-102.0,0,closed,grass,,,00-0026158,00-0021429,Joe Flacco,Carson Palmer,John Harbaugh,Bruce Arians,Ron Torbert,PHO00,University of Phoenix Stadium
2015_08_ARI_CLE,2015,REG,8,2015-11-01,Sunday,13:00,ARI,34.0,CLE,20.0,Home,-14.0,54.0,0.0,2015110108,56613.0,,201511010cle,3519.0,400791609,,6,7,-308.0,271.0,-7.0,100.0,-110.0,46.0,-102.0,-108.0,0,outdoors,grass,58.0,21.0,00-0021429,00-0021206,Carson Palmer,Josh McCown,Bruce Arians,Mike Pettine,Walt Coleman,CLE00,FirstEnergy Stadium
2015_10_ARI_SEA,2015,REG,10,2015-11-15,Sunday,20:30,ARI,39.0,SEA,32.0,Home,-7.0,71.0,0.0,2015111511,56647.0,,201511150sea,3550.0,400791599,,14,14,136.0,-150.0,3.0,-113.0,102.0,43.5,-106.0,-104.0,1,outdoors,fieldturf,49.0,0.0,00-0021429,00-0029263,Carson Palmer,Russell Wilson,Bruce Arians,Pete Carroll,Clete Blakeman,SEA00,CenturyLink Field
2015_11_CIN_ARI,2015,REG,11,2015-11-22,Sunday,20:30,CIN,31.0,ARI,34.0,Home,3.0,65.0,0.0,2015112209,56659.0,,201511220crd,3563.0,400791710,,6,7,179.0,-199.0,4.0,-113.0,102.0,48.0,102.0,-113.0,0,closed,grass,,,00-0027973,00-0021429,Andy Dalton,Carson Palmer,Marvin Lewis,Bruce Arians,Terry McAulay,PHO00,University of Phoenix Stadium
2015_12_ARI_SF,2015,REG,12,2015-11-29,Sunday,16:05,ARI,19.0,SF,13.0,Home,-6.0,32.0,0.0,2015112909,56675.0,,201511290sfo,3578.0,400791526,,7,7,-365.0,318.0,-7.5,-106.0,-104.0,45.0,-105.0,-105.0,1,outdoors,grass,54.0,4.0,00-0021429,00-0027948,Carson Palmer,Blaine Gabbert,Bruce Arians,Jim Tomsula,Peter Morelli,SFO01,Levi's Stadium
2015_13_ARI_STL,2015,REG,13,2015-12-06,Sunday,13:00,ARI,27.0,STL,3.0,Home,-24.0,30.0,0.0,2015120609,56687.0,,201512060ram,3584.0,400791576,,7,7,-180.0,162.0,-3.5,100.0,-110.0,43.0,-105.0,-105.0,1,dome,astroplay,,,00-0021429,00-0029567,Carson Palmer,Nick Foles,Bruce Arians,Jeff Fisher,Bill Vinovich,STL00,Edward Jones Dome
2015_14_MIN_ARI,2015,REG,14,2015-12-10,Thursday,20:25,MIN,20.0,ARI,23.0,Home,3.0,43.0,0.0,2015121000,56695.0,,201512100crd,3598.0,400791513,,4,4,385.0,-450.0,10.0,-105.0,-105.0,46.5,103.0,-114.0,0,open,grass,,,00-0031237,00-0021429,Teddy Bridgewater,Carson Palmer,Mike Zimmer,Bruce Arians,Gene Steratore,PHO00,University of Phoenix Stadium
2015_15_ARI_PHI,2015,REG,15,2015-12-20,Sunday,20:30,ARI,40.0,PHI,17.0,Home,-23.0,57.0,0.0,2015122001,56719.0,,201512200phi,3620.0,400791692,,10,7,-173.0,156.0,-3.5,104.0,-115.0,50.5,-110.0,100.0,0,outdoors,grass,37.0,4.0,00-0021429,00-0027854,Carson Palmer,Sam Bradford,Bruce Arians,Chip Kelly,Tony Corrente,PHI00,Lincoln Financial Field
2015_16_GB_ARI,2015,REG,16,2015-12-27,Sunday,16:25,GB,8.0,ARI,38.0,Home,30.0,46.0,0.0,2015122710,56739.0,,201512270crd,3643.0,400791571,,7,7,221.0,-248.0,6.0,-102.0,-108.0,50.0,-107.0,-103.0,0,closed,grass,,,00-0023459,00-0021429,Aaron Rodgers,Carson Palmer,Mike McCarthy,Bruce Arians,Terry McAulay,PHO00,University of Phoenix Stadium
2015_17_SEA_ARI,2015,REG,17,2016-01-03,Sunday,16:25,SEA,36.0,ARI,6.0,Home,-30.0,42.0,0.0,2016010314,56756.0,,201601030crd,3660.0,400791689,,7,7,209.0,-234.0,6.0,-109.0,-101.0,46.5,-105.0,-105.0,1,closed,grass,,,00-0029263,00-0021429,Russell Wilson,Carson Palmer,Pete Carroll,Bruce Arians,Brad Allen,PHO00,University of Phoenix Stadium
2015_19_GB_ARI,2015,DIV,19,2016-01-16,Saturday,20:15,GB,20.0,ARI,26.0,Home,6.0,46.0,1.0,2016011601,56829.0,,201601160crd,3667.0,400820433,,6,13,244.0,-275.0,7.0,-116.0,105.0,49.0,-102.0,-108.0,0,closed,grass,,,00-0023459,00-0021429,Aaron Rodgers,Carson Palmer,Mike McCarthy,Bruce Arians,Clete Blakeman,PHO00,University of Phoenix Stadium
2015_20_ARI_CAR,2015,CON,20,2016-01-24,Sunday,18:40,ARI,15.0,CAR,49.0,Home,34.0,64.0,0.0,2016012401,56833.0,,201601240car,3671.0,400820437,,8,7,154.0,-174.0,3.5,-105.0,-115.0,47.0,-110.0,100.0,0,outdoors,grass,39.0,4.0,00-0021429,00-0027939,Carson Palmer,Cam Newton,Bruce Arians,Ron Rivera,Bill Vinovich,CAR00,Bank of America Stadium
2016_01_NE_ARI,2016,REG,1,2016-09-11,Sunday,20:30,NE,23.0,ARI,21.0,Home,-2.0,44.0,0.0,2016091112,56914.0,,201609110crd,4107.0,400874539,,7,7,330.0,-380.0,9.0,-103.0,-107.0,44.5,-110.0,100.0,0,closed,grass,,,00-0031345,00-0021429,Jimmy Garoppolo,Carson Palmer,Bill Belichick,Bruce Arians,Tony Corrente,PHO00,University of Phoenix Stadium
2016_02_TB_ARI,2016,REG,2,2016-09-18,Sunday,13:00,TB,7.0,ARI,40.0,Home,33.0,47.0,0.0,2016091808,56926.0,,201609180crd,4110.0,400874515,,7,7,289.0,-330.0,7.5,-119.0,108.0,49.5,-105.0,-105.0,0,closed,grass,,,00-0031503,00-0021429,Jameis Winston,Carson Palmer,Dirk Koetter,Bruce Arians,Ron Torbert,PHO00,University of Phoenix Stadium
2016_03_ARI_BUF,2016,REG,3,2016-09-25,Sunday,13:00,ARI,18.0,BUF,33.0,Home,15.0,51.0,0.0,2016092500,56934.0,,201609250buf,4127.0,400874558,,7,10,-218.0,195.0,-5.0,-104.0,-106.0,48.0,-100.0,-110.0,0,outdoors,a_turf,64.0,8.0,00-0021429,00-0028118,Carson Palmer,Tyrod Taylor,Bruce Arians,Rex Ryan,Walt Anderson,BUF00,New Era Field
2016_04_LA_ARI,2016,REG,4,2016-10-02,Sunday,16:25,LA,17.0,ARI,13.0,Home,-4.0,30.0,0.0,2016100209,56959.0,,201610020crd,4152.0,400874671,,7,7,357.0,-414.0,10.0,-114.0,103.0,43.5,-111.0,101.0,1,closed,grass,,,00-0028986,00-0021429,Case Keenum,Carson Palmer,Jeff Fisher,Bruce Arians,Gene Steratore,PHO00,University of Phoenix Stadium
2016_05_ARI_SF,2016,REG,5,2016-10-06,Thursday,20:25,ARI,33.0,SF,21.0,Home,-12.0,54.0,0.0,2016100600,56964.0,,201610060sfo,4157.0,400874483,,4,4,-188.0,169.0,-3.5,-106.0,-104.0,42.5,-110.0,-100.0,1,outdoors,grass,75.0,16.0,00-0025430,00-0027948,Drew Stanton,Blaine Gabbert,Bruce Arians,Chip Kelly,Carl Cheffers,SFO01,Levi's Stadium
2016_06_NYJ_ARI,2016,REG,6,2016-10-17,Monday,20:30,NYJ,3.0,ARI,28.0,Home,25.0,31.0,0.0,2016101700,56992.0,,201610170crd,4185.0,400874735,,8,11,305.0,-350.0,7.5,-102.0,-108.0,46.0,-104.0,-106.0,0,closed,grass,,,00-0023682,00-0021429,Ryan Fitzpatrick,Carson Palmer,Todd Bowles,Bruce Arians,Jerome Boger,PHO00,University of Phoenix Stadium
2016_07_SEA_ARI,2016,REG,7,2016-10-23,Sunday,20:30,SEA,6.0,ARI,6.0,Home,0.0,12.0,1.0,2016102312,57006.0,,201610230crd,4188.0,400874508,,7,6,121.0,-134.0,2.5,-100.0,-110.0,43.0,101.0,-111.0,1,closed,grass,,,00-0029263,00-0021429,Russell Wilson,Carson Palmer,Pete Carroll,Bruce Arians,Terry McAulay,PHO00,University of Phoenix Stadium
2016_08_ARI_CAR,2016,REG,8,2016-10-30,Sunday,13:00,ARI,20.0,CAR,30.0,Home,10.0,50.0,0.0,2016103009,57018.0,,201610300car,4211.0,400874625,,7,14,121.0,-134.0,2.5,-100.0,-110.0,45.5,-104.0,-106.0,0,outdoors,grass,85.0,5.0,00-0021429,00-0027939,Carson Palmer,Cam Newton,Bruce Arians,Ron Rivera,Walt Coleman,CAR00,Bank of America Stadium
2016_10_SF_ARI,2016,REG,10,2016-11-13,Sunday,16:25,SF,20.0,ARI,23.0,Home,3.0,43.0,0.0,2016111310,57044.0,,201611130crd,4237.0,400874542,,7,14,671.0,-850.0,14.0,-105.0,-105.0,46.5,-110.0,-100.0,1,closed,grass,,,00-0027974,00-0021429,Colin Kaepernick,Carson Palmer,Chip Kelly,Bruce Arians,Brad Allen,PHO00,University of Phoenix Stadium
2016_11_ARI_MIN,2016,REG,11,2016-11-20,Sunday,13:00,ARI,24.0,MIN,30.0,Home,6.0,54.0,0.0,2016112006,57055.0,,201611200min,4249.0,400874695,,7,7,113.0,-125.0,2.0,-108.0,-102.0,39.5,-107.0,-103.0,0,dome,sportturf,,,00-0021429,00-0027854,Carson Palmer,Sam Bradford,Bruce Arians,Mike Zimmer,Clete Blakeman,MIN01,U.S. Bank Stadium
2016_12_ARI_ATL,2016,REG,12,2016-11-27,Sunday,13:00,ARI,19.0,ATL,38.0,Home,19.0,57.0,0.0,2016112700,57065.0,,201611270atl,4258.0,400874566,,7,14,168.0,-187.0,3.5,-103.0,-107.0,49.0,-105.0,-105.0,0,dome,fieldturf,,,00-0021429,00-0026143,Carson Palmer,Matt Ryan,Bruce Arians,Dan Quinn,John Parry,ATL00,Georgia Dome
2016_13_WAS_ARI,2016,REG,13,2016-12-04,Sunday,16:25,WAS,23.0,ARI,31.0,Home,8.0,54.0,0.0,2016120409,57088.0,,201612040crd,4281.0,400874726,,10,7,120.0,-133.0,2.5,-101.0,-109.0,48.5,-102.0,-108.0,0,closed,grass,,,00-0029604,00-0021429,Kirk Cousins,Carson Palmer,Jay Gruden,Bruce Arians,Walt Anderson,PHO00,University of Phoenix Stadium
2016_14_ARI_MIA,2016,REG,14,2016-12-11,Sunday,13:00,ARI,23.0,MIA,26.0,Home,3.0,49.0,0.0,2016121106,57100.0,,201612110mia,4293.0,400874556,,7,7,-123.0,111.0,-2.0,-105.0,-105.0,44.0,-105.0,-105.0,0,outdoors,grass,77.0,18.0,00-0021429,00-0029701,Carson Palmer,Ryan Tannehill,Bruce Arians,Adam Gase,Jerome Boger,MIA00,Hard Rock Stadium
2016_15_NO_ARI,2016,REG,15,2016-12-18,Sunday,16:05,NO,48.0,ARI,41.0,Home,-7.0,89.0,0.0,2016121808,57119.0,,201612180crd,4308.0,400874689,,7,7,139.0,-154.0,3.0,-105.0,-105.0,48.5,-110.0,-100.0,0,closed,grass,,,00-0020531,00-0021429,Drew Brees,Carson Palmer,Sean Payton,Bruce Arians,Carl Cheffers,PHO00,University of Phoenix Stadium
2016_16_ARI_SEA,2016,REG,16,2016-12-24,Saturday,16:25,ARI,34.0,SEA,31.0,Home,-3.0,65.0,0.0,2016122410,57136.0,,201612240sea,4329.0,400874571,,6,9,330.0,-380.0,9.0,-113.0,102.0,43.5,-105.0,-105.0,1,outdoors,fieldturf,39.0,2.0,00-0021429,00-0029263,Carson Palmer,Russell Wilson,Bruce Arians,Pete Carroll,Ron Torbert,SEA00,CenturyLink Field
2016_17_ARI_LA,2016,REG,17,2017-01-01,Sunday,16:25,ARI,44.0,LA,6.0,Home,-38.0,50.0,0.0,2017010113,57154.0,,201701010ram,4347.0,400874692,,8,8,-285.0,252.0,-7.0,102.0,-113.0,39.0,-110.0,-100.0,1,outdoors,grass,59.0,0.0,00-0021429,00-0033106,Carson Palmer,Jared Goff,Bruce Arians,Jeff Fisher,Craig Wrolstad,LAX99,Los Angeles Memorial Coliseum
2017_01_ARI_DET,2017,REG,1,2017-09-10,Sunday,13:00,ARI,23.0,DET,35.0,Home,12.0,58.0,0.0,2017091004,57239.0,,201709100det,7923.0,400951576,,7,7,-117.0,106.0,-2.5,106.0,-117.0,48.5,-110.0,-100.0,0,dome,fieldturf,,,00-0021429,00-0026498,Carson Palmer,Matthew Stafford,Bruce Arians,Jim Caldwell,Walt Anderson,DET00,Ford Field
2017_02_ARI_IND,2017,REG,2,2017-09-17,Sunday,13:00,ARI,16.0,IND,13.0,Home,-3.0,29.0,1.0,2017091702,57253.0,,201709170clt,7939.0,400951632,,7,7,-285.0,252.0,-7.0,106.0,-117.0,44.0,111.0,-122.0,0,closed,fieldturf,,,00-0021429,00-0033119,Carson Palmer,Jacoby Brissett,Bruce Arians,Chuck Pagano,Carl Cheffers,IND00,Lucas Oil Stadium
2017_03_DAL_ARI,2017,REG,3,2017-09-25,Monday,20:30,DAL,28.0,ARI,17.0,Home,-11.0,45.0,0.0,2017092500,57281.0,,201709250crd,7969.0,400951668,,8,8,-151.0,137.0,-3.0,104.0,-115.0,46.5,-100.0,-110.0,0,closed,grass,,,00-0033077,00-0021429,Dak Prescott,Carson Palmer,Jason Garrett,Bruce Arians,Craig Wrolstad,PHO00,University of Phoenix Stadium
2017_04_SF_ARI,2017,REG,4,2017-10-01,Sunday,16:05,SF,15.0,ARI,18.0,Home,3.0,33.0,1.0,2017100109,57292.0,,201710010crd,7982.0,400951735,,10,6,235.0,-265.0,6.5,-104.0,-106.0,43.0,-109.0,-101.0,1,closed,grass,,,00-0026625,00-0021429,Brian Hoyer,Carson Palmer,Kyle Shanahan,Bruce Arians,Tony Corrente,PHO00,University of Phoenix Stadium
2017_05_ARI_PHI,2017,REG,5,2017-10-08,Sunday,13:00,ARI,7.0,PHI,34.0,Home,27.0,41.0,0.0,2017100806,57305.0,,201710080phi,7987.0,400951651,,7,7,226.0,-254.0,6.0,100.0,-110.0,45.0,104.0,-115.0,0,outdoors,grass,77.0,10.0,00-0021429,00-0032950,Carson Palmer,Carson Wentz,Bruce Arians,Doug Pederson,John Hussey,PHI00,Lincoln Financial Field
2017_06_TB_ARI,2017,REG,6,2017-10-15,Sunday,16:05,TB,33.0,ARI,38.0,Home,5.0,71.0,0.0,2017101507,57320.0,,201710150crd,8009.0,400951770,,10,7,-134.0,121.0,-2.5,-115.0,104.0,46.5,-105.0,-105.0,0,closed,grass,,,00-0031503,00-0021429,Jameis Winston,Carson Palmer,Dirk Koetter,Bruce Arians,Tony Steratore,PHO00,University of Phoenix Stadium
2017_07_ARI_LA,2017,REG,7,2017-10-22,Sunday,13:00,ARI,0.0,LA,33.0,Neutral,33.0,33.0,0.0,2017102205,57332.0,,201710220ram,8015.0,400951593,,7,7,148.0,-164.0,3.0,106.0,-117.0,45.5,-103.0,-107.0,1,outdoors,grass,54.0,10.0,00-0021429,00-0033106,Carson Palmer,Jared Goff,Bruce Arians,Sean McVay,Brad Allen,LON01,Twickenham Stadium
2017_09_ARI_SF,2017,REG,9,2017-11-05,Sunday,16:05,ARI,20.0,SF,10.0,Home,-10.0,30.0,0.0,2017110507,57362.0,,201711050sfo,8050.0,400951763,,14,7,-130.0,118.0,-2.5,-102.0,-108.0,39.0,-104.0,-106.0,1,outdoors,grass,61.0,8.0,00-0025430,00-0033936,Drew Stanton,C.J. Beathard,Bruce Arians,Kyle Shanahan,Craig Wrolstad,SFO01,Levi's Stadium
2017_10_SEA_ARI,2017,REG,10,2017-11-09,Thursday,20:25,SEA,22.0,ARI,16.0,Home,-6.0,38.0,0.0,2017110900,57367.0,,201711090crd,8055.0,400951553,,4,4,-245.0,218.0,-6.0,-101.0,-109.0,40.0,-109.0,-101.0,1,open,grass,,,00-0029263,00-0025430,Russell Wilson,Drew Stanton,Pete Carroll,Bruce Arians,Walt Anderson,PHO00,University of Phoenix Stadium
2017_11_ARI_HOU,2017,REG,11,2017-11-19,Sunday,13:00,ARI,21.0,HOU,31.0,Home,10.0,52.0,0.0,2017111903,57385.0,,201711190htx,8070.0,400951771,,10,7,118.0,-130.0,2.5,-107.0,-103.0,38.0,-103.0,-107.0,0,closed,astroturf,,,00-0027948,00-0031064,Blaine Gabbert,Tom Savage,Bruce Arians,Bill O'Brien,Ed Hochuli,HOU00,NRG Stadium
2017_12_JAX_ARI,2017,REG,12,2017-11-26,Sunday,16:25,JAX,24.0,ARI,27.0,Home,3.0,51.0,0.0,2017112609,57406.0,,201711260crd,8095.0,400951622,,7,7,-260.0,231.0,-6.5,100.0,-110.0,37.5,108.0,-119.0,0,closed,grass,,,00-0031407,00-0027948,Blake Bortles,Blaine Gabbert,Doug Marrone,Bruce Arians,Clete Blakeman,PHO00,University of Phoenix Stadium
2017_13_LA_ARI,2017,REG,13,2017-12-03,Sunday,16:25,LA,32.0,ARI,16.0,Home,-16.0,48.0,0.0,2017120311,57422.0,,201712030crd,8110.0,400951733,,7,7,-310.0,273.0,-7.5,106.0,-117.0,43.0,101.0,-111.0,1,closed,grass,,,00-0033106,00-0027948,Jared Goff,Blaine Gabbert,Sean McVay,Bruce Arians,Ron Torbert,PHO00,University of Phoenix Stadium
2017_14_TEN_ARI,2017,REG,14,2017-12-10,Sunday,16:05,TEN,7.0,ARI,12.0,Home,5.0,19.0,0.0,2017121008,57435.0,,201712100crd,8124.0,400951662,,7,7,-143.0,129.0,-2.5,-115.0,104.0,42.0,-103.0,-107.0,0,closed,grass,,,00-0032268,00-0027948,Marcus Mariota,Blaine Gabbert,Mike Mularkey,Bruce Arians,Jerome Boger,PHO00,University of Phoenix Stadium
2017_15_ARI_WAS,2017,REG,15,2017-12-17,Sunday,13:00,ARI,15.0,WAS,20.0,Home,5.0,35.0,0.0,2017121707,57452.0,,201712170was,8133.0,400951809,,7,7,181.0,-202.0,4.0,-100.0,-110.0,40.0,-102.0,-108.0,0,outdoors,grass,50.0,1.0,00-0027948,00-0029604,Blaine Gabbert,Kirk Cousins,Bruce Arians,Jay Gruden,Peter Morelli,WAS00,FedExField
2017_16_NYG_ARI,2017,REG,16,2017-12-24,Sunday,16:25,NYG,0.0,ARI,23.0,Home,23.0,23.0,0.0,2017122410,57470.0,,201712240crd,8158.0,400951682,,7,7,156.0,-173.0,3.0,105.0,-116.0,39.0,-106.0,-104.0,0,closed,grass,,,00-0022803,00-0025430,Eli Manning,Drew Stanton,Steve Spagnuolo,Bruce Arians,John Parry,PHO00,University of Phoenix Stadium
2017_17_ARI_SEA,2017,REG,17,2017-12-31,Sunday,16:25,ARI,26.0,SEA,24.0,Home,-2.0,50.0,0.0,2017123115,57489.0,,201712310sea,8174.0,400951793,,7,7,325.0,-374.0,8.0,-111.0,101.0,38.0,-110.0,100.0,1,outdoors,fieldturf,40.0,7.0,00-0025430,00-0029263,Drew Stanton,Russell Wilson,Bruce Arians,Pete Carroll,Walt Coleman,SEA00,CenturyLink Field
2018_01_WAS_ARI,2018,REG,1,2018-09-09,Sunday,16:25,WAS,24.0,ARI,6.0,Home,-18.0,30.0,0.0,2018090909,57577.0,,201809090crd,9349.0,401030725,,7,7,117.0,-129.0,2.0,-104.0,-106.0,43.5,-112.0,102.0,0,closed,grass,,,00-0023436,00-0027854,Alex Smith,Sam Bradford,Jay Gruden,Steve Wilks,Walt Coleman,PHO00,State Farm Stadium
2018_02_ARI_LA,2018,REG,2,2018-09-16,Sunday,16:05,ARI,0.0,LA,34.0,Home,34.0,34.0,0.0,2018091609,57593.0,,201809160ram,9364.0,401030732,,7,6,621.0,-775.0,13.5,-110.0,-100.0,43.5,-109.0,-101.0,1,outdoors,grass,86.0,2.0,00-0027854,00-0033106,Sam Bradford,Jared Goff,Steve Wilks,Sean McVay,Craig Wrolstad,LAX99,Los Angeles Memorial Coliseum
2018_03_CHI_ARI,2018,REG,3,2018-09-23,Sunday,16:25,CHI,16.0,ARI,14.0,Home,-2.0,30.0,0.0,2018092311,57611.0,,201809230crd,9382.0,401030801,,6,7,-252.0,224.0,-6.0,-100.0,-111.0,39.0,-105.0,-105.0,0,closed,grass,,,00-0033869,00-0027854,Mitch Trubisky,Sam Bradford,Matt Nagy,Steve Wilks,Bill Vinovich,PHO00,State Farm Stadium
2018_04_SEA_ARI,2018,REG,4,2018-09-30,Sunday,16:05,SEA,20.0,ARI,17.0,Home,-3.0,37.0,0.0,2018093008,57624.0,,201809300crd,9395.0,401030848,,7,7,-192.0,173.0,-3.5,-111.0,100.0,40.0,-103.0,-108.0,1,closed,grass,,,00-0029263,00-0034343,Russell Wilson,Josh Rosen,Pete Carroll,Steve Wilks,John Hussey,PHO00,State Farm Stadium
2018_05_ARI_SF,2018,REG,5,2018-10-07,Sunday,16:25,ARI,28.0,SF,18.0,Home,-10.0,46.0,0.0,2018100710,57641.0,,201810070sfo,9413.0,401030797,,7,7,146.0,-161.0,3.0,-103.0,-108.0,40.5,106.0,-118.0,1,outdoors,grass,79.0,15.0,00-0034343,00-0033936,Josh Rosen,C.J. Beathard,Steve Wilks,Kyle Shanahan,Shawn Smith,SFO01,Levi's Stadium
2018_06_ARI_MIN,2018,REG,6,2018-10-14,Sunday,13:00,ARI,17.0,MIN,27.0,Home,10.0,44.0,0.0,2018101405,57651.0,,201810140min,9422.0,401030742,,7,7,350.0,-405.0,10.0,-126.0,112.0,43.5,-105.0,-105.0,0,dome,sportturf,,,00-0034343,00-0029604,Josh Rosen,Kirk Cousins,Steve Wilks,Mike Zimmer,Jerome Boger,MIN01,U.S. Bank Stadium
2018_07_DEN_ARI,2018,REG,7,2018-10-18,Thursday,20:20,DEN,45.0,ARI,10.0,Home,-35.0,55.0,0.0,2018101800,57660.0,,201810180crd,9431.0,401030800,,4,4,-110.0,-101.0,-1.0,-101.0,-110.0,42.5,104.0,-116.0,0,closed,grass,,,00-0028986,00-0034343,Case Keenum,Josh Rosen,Vance Joseph,Steve Wilks,Alex Kemp,PHO00,State Farm Stadium
2018_08_SF_ARI,2018,REG,8,2018-10-28,Sunday,16:25,SF,15.0,ARI,18.0,Home,3.0,33.0,0.0,2018102809,57684.0,,201810280crd,9455.0,401030772,,7,10,-138.0,125.0,-2.5,-116.0,104.0,40.0,-103.0,-108.0,1,closed,grass,,,00-0033936,00-0034343,C.J. Beathard,Josh Rosen,Kyle Shanahan,Steve Wilks,Brad Allen,PHO00,State Farm Stadium
2018_10_ARI_KC,2018,REG,10,2018-11-11,Sunday,13:00,ARI,14.0,KC,26.0,Home,12.0,40.0,0.0,2018111105,57707.0,,201811110kan,9478.0,401030815,,14,7,835.0,-1267.0,16.5,-106.0,-104.0,49.5,-101.0,-110.0,0,outdoors,grass,43.0,5.0,00-0034343,00-0033873,Josh Rosen,Patrick Mahomes,Steve Wilks,Andy Reid,Carl Cheffers,KAN00,Arrowhead Stadium
2018_11_OAK_ARI,2018,REG,11,2018-11-18,Sunday,16:05,OAK,23.0,ARI,21.0,Home,-2.0,44.0,0.0,2018111807,57723.0,,201811180crd,9495.0,401030970,,7,7,189.0,-211.0,4.5,-108.0,-103.0,41.0,-106.0,-104.0,0,closed,grass,,,00-0031280,00-0034343,Derek Carr,Josh Rosen,Jon Gruden,Steve Wilks,Jerome Boger,PHO00,State Farm Stadium
2018_12_ARI_LAC,2018,REG,12,2018-11-25,Sunday,16:05,ARI,10.0,LAC,45.0,Home,35.0,55.0,0.0,2018112508,57739.0,,201811250sdg,9510.0,401030912,,7,7,612.0,-837.0,14.0,-103.0,-108.0,43.5,-110.0,-101.0,0,outdoors,grass,74.0,3.0,00-0034343,00-0022942,Josh Rosen,Philip Rivers,Steve Wilks,Anthony Lynn,Alex Kemp,LAX97,StubHub Center
2018_13_ARI_GB,2018,REG,13,2018-12-02,Sunday,13:00,ARI,20.0,GB,17.0,Home,-3.0,37.0,0.0,2018120203,57747.0,,201812020gnb,9518.0,401030965,,7,7,548.0,-729.0,13.5,-107.0,-103.0,41.0,-103.0,-108.0,0,outdoors,grass,34.0,20.0,00-0034343,00-0023459,Josh Rosen,Aaron Rodgers,Steve Wilks,Mike McCarthy,Peter Morelli,GNB00,Lambeau Field
2018_14_DET_ARI,2018,REG,14,2018-12-09,Sunday,16:25,DET,17.0,ARI,3.0,Home,-14.0,20.0,0.0,2018120911,57771.0,,201812090crd,9542.0,401030860,,7,7,-139.0,126.0,-2.5,-110.0,-101.0,40.0,-101.0,-110.0,0,closed,grass,,,00-0026498,00-0034343,Matthew Stafford,Josh Rosen,Matt Patricia,Steve Wilks,Shawn Hochuli,PHO00,State Farm Stadium
2018_15_ARI_ATL,2018,REG,15,2018-12-16,Sunday,13:00,ARI,14.0,ATL,40.0,Home,26.0,54.0,0.0,2018121600,57778.0,,201812160atl,9549.0,401030900,,7,7,332.0,-382.0,10.0,-129.0,114.0,43.5,100.0,-111.0,0,closed,fieldturf,,,00-0034343,00-0026143,Josh Rosen,Matt Ryan,Steve Wilks,Dan Quinn,Shawn Smith,ATL97,Mercedes-Benz Stadium
2018_16_LA_ARI,2018,REG,16,2018-12-23,Sunday,16:05,LA,31.0,ARI,9.0,Home,-22.0,40.0,0.0,2018122311,57802.0,,201812230crd,9572.0,401030907,,7,7,-679.0,516.0,-14.5,115.0,-130.0,43.0,-116.0,104.0,1,closed,grass,,,00-0033106,00-0034343,Jared Goff,Josh Rosen,Sean McVay,Steve Wilks,Walt Coleman,PHO00,State Farm Stadium
2018_17_ARI_SEA,2018,REG,17,2018-12-30,Sunday,16:25,ARI,24.0,SEA,27.0,Home,3.0,51.0,0.0,2018123015,57822.0,,201812300sea,9593.0,401030856,,7,7,603.0,-822.0,15.5,101.0,-112.0,39.5,-114.0,102.0,1,outdoors,fieldturf,45.0,5.0,00-0034343,00-0029263,Josh Rosen,Russell Wilson,Steve Wilks,Pete Carroll,Ron Torbert,SEA00,CenturyLink Field
2019_01_DET_ARI,2019,REG,1,2019-09-08,Sunday,16:25,DET,27.0,ARI,27.0,Home,0.0,54.0,1.0,2019090809,57910.0,,201909080crd,13773.0,401127999,5068.0,7,7,-147.0,133.0,-2.5,-121.0,108.0,45.5,-114.0,104.0,0,closed,grass,,,00-0026498,00-0035228,Matthew Stafford,Kyler Murray,Matt Patricia,Kliff Kingsbury,Scott Novak,PHO00,State Farm Stadium
2019_02_ARI_BAL,2019,REG,2,2019-09-15,Sunday,13:00,ARI,17.0,BAL,23.0,Home,6.0,40.0,0.0,2019091500,57917.0,,201909150rav,13787.0,401128061,5075.0,7,7,513.0,-665.0,13.0,-110.0,-100.0,46.0,100.0,-112.0,0,outdoors,grass,82.0,8.0,00-0035228,00-0034796,Kyler Murray,Lamar Jackson,Kliff Kingsbury,John Harbaugh,Ronald Torbert,BAL00,M&T Bank Stadium
2019_03_CAR_ARI,2019,REG,3,2019-09-22,Sunday,16:05,CAR,38.0,ARI,20.0,Home,-18.0,58.0,0.0,2019092208,57941.0,,201909220crd,13803.0,401127962,5099.0,10,7,118.0,-131.0,2.5,-114.0,103.0,46.0,-104.0,-107.0,0,closed,grass,,,00-0034577,00-0035228,Kyle Allen,Kyler Murray,Ron Rivera,Kliff Kingsbury,Craig Wrolstad,PHO00,State Farm Stadium
2019_04_SEA_ARI,2019,REG,4,2019-09-29,Sunday,16:05,SEA,27.0,ARI,10.0,Home,-17.0,37.0,0.0,2019092908,57957.0,,201909290crd,13820.0,401128064,5115.0,7,7,-238.0,209.0,-5.5,-107.0,-103.0,49.0,-101.0,-110.0,1,closed,grass,,,00-0029263,00-0035228,Russell Wilson,Kyler Murray,Pete Carroll,Kliff Kingsbury,Shawn Smith,PHO00,State Farm Stadium
2019_05_ARI_CIN,2019,REG,5,2019-10-06,Sunday,13:00,ARI,26.0,CIN,23.0,Home,-3.0,49.0,0.0,2019100601,57965.0,,201910060cin,13826.0,401127958,5122.0,7,6,139.0,-154.0,3.0,-106.0,-104.0,45.0,-115.0,103.0,0,outdoors,grass,76.0,6.0,00-0035228,00-0027973,Kyler Murray,Andy Dalton,Kliff Kingsbury,Zac Taylor,John Hussey,CIN00,Paul Brown Stadium
2019_06_ATL_ARI,2019,REG,6,2019-10-13,Sunday,16:05,ATL,33.0,ARI,34.0,Home,1.0,67.0,0.0,2019101307,57986.0,,201910130crd,13849.0,401128126,5144.0,7,7,-161.0,145.0,-3.0,-108.0,-102.0,52.5,101.0,-113.0,0,closed,grass,,,00-0026143,00-0035228,Matt Ryan,Kyler Murray,Dan Quinn,Kliff Kingsbury,Carl Cheffers,PHO00,State Farm Stadium
2019_07_ARI_NYG,2019,REG,7,2019-10-20,Sunday,13:00,ARI,27.0,NYG,21.0,Home,-6.0,48.0,0.0,2019102006,57999.0,,201910200nyg,13861.0,401127974,5151.0,7,10,168.0,-188.0,3.5,-106.0,-104.0,49.5,-101.0,-110.0,0,outdoors,fieldturf,56.0,3.0,00-0035228,00-0035710,Kyler Murray,Daniel Jones,Kliff Kingsbury,Pat Shurmur,Adrian Hill,NYC01,MetLife Stadium
2019_08_ARI_NO,2019,REG,8,2019-10-27,Sunday,13:00,ARI,9.0,NO,31.0,Home,22.0,40.0,0.0,2019102707,58014.0,,201910270nor,13875.0,401128046,5165.0,7,7,467.0,-625.0,12.5,-108.0,-102.0,47.5,-110.0,-101.0,0,dome,astroturf,,,00-0035228,00-0020531,Kyler Murray,Drew Brees,Kliff Kingsbury,Sean Payton,Clay Martin,NOR00,Mercedes-Benz Superdome
2019_09_SF_ARI,2019,REG,9,2019-10-31,Thursday,20:20,SF,28.0,ARI,25.0,Home,-3.0,53.0,0.0,2019103100,58021.0,,201910310crd,13883.0,401127908,5179.0,4,4,-445.0,365.0,-10.5,100.0,-111.0,43.5,103.0,-115.0,1,closed,grass,,,00-0031345,00-0035228,Jimmy Garoppolo,Kyler Murray,Kyle Shanahan,Kliff Kingsbury,Bradley Rogers,PHO00,State Farm Stadium
2019_10_ARI_TB,2019,REG,10,2019-11-10,Sunday,13:00,ARI,27.0,TB,30.0,Home,3.0,57.0,0.0,2019111006,58042.0,,201911100tam,13905.0,401127976,5194.0,10,7,207.0,-235.0,5.5,100.0,-110.0,51.0,-113.0,101.0,0,outdoors,grass,77.0,8.0,00-0035228,00-0031503,Kyler Murray,Jameis Winston,Kliff Kingsbury,Bruce Arians,Craig Wrolstad,TAM00,Raymond James Stadium
2019_11_ARI_SF,2019,REG,11,2019-11-17,Sunday,16:05,ARI,26.0,SF,36.0,Home,10.0,62.0,0.0,2019111708,58057.0,,201911170sfo,13919.0,401128089,5215.0,7,6,353.0,-429.0,10.0,-113.0,103.0,44.0,-114.0,103.0,1,outdoors,grass,72.0,0.0,00-0035228,00-0031345,Kyler Murray,Jimmy Garoppolo,Kliff Kingsbury,Kyle Shanahan,Walt Anderson,SFO01,Levi's Stadium
2019_13_LA_ARI,2019,REG,13,2019-12-01,Sunday,16:05,LA,34.0,ARI,7.0,Home,-27.0,41.0,0.0,2019120108,58087.0,,201912010crd,13949.0,401128100,5245.0,6,14,-139.0,125.0,-2.5,-110.0,-100.0,47.0,-114.0,103.0,1,closed,grass,,,00-0033106,00-0035228,Jared Goff,Kyler Murray,Sean McVay,Kliff Kingsbury,Alex Kemp,PHO00,State Farm Stadium
2019_14_PIT_ARI,2019,REG,14,2019-12-08,Sunday,16:25,PIT,23.0,ARI,17.0,Home,-6.0,40.0,0.0,2019120810,58103.0,,201912080crd,13967.0,401128002,5262.0,7,7,-130.0,117.0,-2.5,-100.0,-110.0,43.5,101.0,-113.0,0,closed,grass,,,00-0035577,00-0035228,Devlin Hodges,Kyler Murray,Mike Tomlin,Kliff Kingsbury,Ronald Torbert,PHO00,State Farm Stadium
2019_15_CLE_ARI,2019,REG,15,2019-12-15,Sunday,16:05,CLE,24.0,ARI,38.0,Home,14.0,62.0,0.0,2019121509,58118.0,,201912150crd,13981.0,401128094,5276.0,7,7,-156.0,140.0,-3.0,-107.0,-103.0,49.0,102.0,-113.0,0,closed,grass,,,00-0034855,00-0035228,Baker Mayfield,Kyler Murray,Freddie Kitchens,Kliff Kingsbury,Brad Allen,PHO00,State Farm Stadium
2019_16_ARI_SEA,2019,REG,16,2019-12-22,Sunday,16:25,ARI,27.0,SEA,13.0,Home,-14.0,40.0,0.0,2019122213,58137.0,,201912220sea,13999.0,401127941,5294.0,7,7,322.0,-385.0,8.0,-111.0,101.0,51.0,-106.0,-105.0,1,outdoors,fieldturf,43.0,7.0,00-0035228,00-0029263,Kyler Murray,Russell Wilson,Kliff Kingsbury,Pete Carroll,Bradley Rogers,SEA00,CenturyLink Field
2019_17_ARI_LA,2019,REG,17,2019-12-29,Sunday,16:25,ARI,24.0,LA,31.0,Home,7.0,55.0,0.0,2019122914,58154.0,,201912290ram,14016.0,401128038,5311.0,7,7,235.0,-271.0,7.0,-118.0,107.0,46.0,-104.0,-107.0,1,outdoors,grass,62.0,0.0,00-0035228,00-0033106,Kyler Murray,Jared Goff,Kliff Kingsbury,Sean McVay,Jerome Boger,LAX99,Los Angeles Memorial Coliseum
2020_01_ARI_SF,2020,REG,1,2020-09-13,Sunday,16:25,ARI,24.0,SF,20.0,Home,-4.0,44.0,0.0,2020091311,58180.0,,202009130sfo,18544.0,401220352,5336.0,7,7,242.0,-280.0,7.0,-123.0,111.0,48.5,106.0,-118.0,1,outdoors,grass,66.0,6.0,00-0035228,00-0031345,Kyler Murray,Jimmy Garoppolo,Kliff Kingsbury,Kyle Shanahan,Carl Cheffers,SFO01,Levi's Stadium
2020_02_WAS_ARI,2020,REG,2,2020-09-20,Sunday,16:05,WAS,15.0,ARI,30.0,Home,15.0,45.0,0.0,2020092010,58195.0,,202009200crd,18559.0,401220340,5352.0,7,7,268.0,-313.0,7.5,-120.0,109.0,46.5,-110.0,-101.0,0,closed,grass,,,00-0035232,00-0035228,Dwayne Haskins,Kyler Murray,Ron Rivera,Kliff Kingsbury,Land Clark,PHO00,State Farm Stadium
2020_03_DET_ARI,2020,REG,3,2020-09-27,Sunday,16:25,DET,26.0,ARI,23.0,Home,-3.0,49.0,0.0,2020092710,58211.0,,202009270crd,18575.0,401220343,5369.0,7,7,193.0,-218.0,4.5,-105.0,-105.0,55.5,-113.0,101.0,0,closed,grass,,,00-0026498,00-0035228,Matthew Stafford,Kyler Murray,Matt Patricia,Kliff Kingsbury,Scott Novak,PHO00,State Farm Stadium
2020_04_ARI_CAR,2020,REG,4,2020-10-04,Sunday,13:00,ARI,21.0,CAR,31.0,Home,10.0,52.0,0.0,2020100400,58217.0,,202010040car,18581.0,401220320,5374.0,7,7,-157.0,141.0,-3.0,-105.0,-105.0,52.5,-116.0,104.0,0,outdoors,grass,68.0,8.0,00-0035228,00-0031237,Kyler Murray,Teddy Bridgewater,Kliff Kingsbury,Matt Rhule,Ronald Torbert,CAR00,Bank of America Stadium
2020_05_ARI_NYJ,2020,REG,5,2020-10-11,Sunday,13:00,ARI,30.0,NYJ,10.0,Home,-20.0,40.0,0.0,2020101105,58238.0,,202010110nyj,18602.0,401220143,5390.0,7,10,-295.0,254.0,-7.0,106.0,-117.0,48.5,-112.0,100.0,0,outdoors,fieldturf,64.0,8.0,00-0035228,00-0026158,Kyler Murray,Joe Flacco,Kliff Kingsbury,Adam Gase,Adrian Hill,NYC01,MetLife Stadium
2020_06_ARI_DAL,2020,REG,6,2020-10-19,Monday,20:15,ARI,38.0,DAL,10.0,Home,-28.0,48.0,0.0,2020101900,58260.0,,202010190dal,18623.0,401220245,5417.0,8,8,103.0,-114.0,1.0,-104.0,-106.0,55.5,102.0,-114.0,0,closed,fieldturf,,,00-0035228,00-0027973,Kyler Murray,Andy Dalton,Kliff Kingsbury,Mike McCarthy,Clete Blakeman,DAL00,AT&T Stadium
2020_07_SEA_ARI,2020,REG,7,2020-10-25,Sunday,20:20,SEA,34.0,ARI,37.0,Home,3.0,71.0,1.0,2020102508,58270.0,,202010250crd,18634.0,401220338,5427.0,14,6,-186.0,166.0,-3.5,-102.0,-108.0,55.5,-108.0,-103.0,1,closed,grass,,,00-0029263,00-0035228,Russell Wilson,Kyler Murray,Pete Carroll,Kliff Kingsbury,John Hussey,PHO00,State Farm Stadium
2020_09_MIA_ARI,2020,REG,9,2020-11-08,Sunday,16:25,MIA,34.0,ARI,31.0,Home,-3.0,65.0,0.0,2020110809,58298.0,,202011080crd,18662.0,401220342,5455.0,7,14,211.0,-241.0,6.0,-112.0,102.0,49.0,-108.0,-103.0,0,closed,grass,,,00-0036212,00-0035228,Tua Tagovailoa,Kyler Murray,Brian Flores,Kliff Kingsbury,Carl Cheffers,PHO00,State Farm Stadium
2020_10_BUF_ARI,2020,REG,10,2020-11-15,Sunday,16:05,BUF,30.0,ARI,32.0,Home,2.0,62.0,0.0,2020111506,58309.0,,202011150crd,18673.0,401220341,5466.0,7,7,138.0,-153.0,3.0,-108.0,-102.0,55.5,-106.0,-105.0,0,closed,grass,,,00-0034857,00-0035228,Josh Allen,Kyler Murray,Sean McDermott,Kliff Kingsbury,Craig Wrolstad,PHO00,State Farm Stadium
2020_11_ARI_SEA,2020,REG,11,2020-11-19,Thursday,20:20,ARI,21.0,SEA,28.0,Home,7.0,49.0,0.0,2020111900,58316.0,,202011190sea,18680.0,401220360,5473.0,4,4,147.0,-164.0,3.0,-105.0,-105.0,56.5,-101.0,-110.0,1,outdoors,fieldturf,48.0,11.0,00-0035228,00-0029263,Kyler Murray,Russell Wilson,Kliff Kingsbury,Pete Carroll,Tony Corrente,SEA00,Lumen Field
2020_12_ARI_NE,2020,REG,12,2020-11-29,Sunday,13:00,ARI,17.0,NE,20.0,Home,3.0,37.0,0.0,2020112906,58338.0,,202011290nwe,18702.0,401220135,5489.0,10,7,-115.0,104.0,-1.0,-107.0,-103.0,51.0,-106.0,-105.0,0,outdoors,grass,52.0,8.0,00-0035228,00-0027939,Kyler Murray,Cam Newton,Kliff Kingsbury,Bill Belichick,Bill Vinovich,BOS00,Gillette Stadium
2020_13_LA_ARI,2020,REG,13,2020-12-06,Sunday,16:05,LA,38.0,ARI,28.0,Home,-10.0,66.0,0.0,2020120608,58354.0,,202012060crd,18718.0,401220336,5511.0,7,7,-144.0,130.0,-2.5,-114.0,103.0,49.0,-104.0,-107.0,1,closed,grass,,,00-0033106,00-0035228,Jared Goff,Kyler Murray,Sean McVay,Kliff Kingsbury,Jerome Boger,PHO00,State Farm Stadium
2020_14_ARI_NYG,2020,REG,14,2020-12-13,Sunday,13:00,ARI,26.0,NYG,7.0,Home,-19.0,33.0,0.0,2020121306,58367.0,,202012130nyg,18731.0,401220253,5518.0,7,7,-154.0,139.0,-3.0,-106.0,-104.0,47.0,-101.0,-111.0,0,outdoors,fieldturf,59.0,15.0,00-0035228,00-0035710,Kyler Murray,Daniel Jones,Kliff Kingsbury,Joe Judge,Ronald Torbert,NYC01,MetLife Stadium
2020_15_PHI_ARI,2020,REG,15,2020-12-20,Sunday,16:05,PHI,26.0,ARI,33.0,Home,7.0,59.0,0.0,2020122011,58388.0,,202012200crd,18752.0,401220339,5545.0,7,7,226.0,-259.0,6.5,-114.0,103.0,49.5,-103.0,-108.0,0,closed,grass,,,00-0036389,00-0035228,Jalen Hurts,Kyler Murray,Doug Pederson,Kliff Kingsbury,Craig Wrolstad,PHO00,State Farm Stadium
2020_16_SF_ARI,2020,REG,16,2020-12-26,Saturday,16:30,SF,20.0,ARI,12.0,Home,-8.0,32.0,0.0,2020122601,58393.0,,202012260crd,18757.0,401220337,5559.0,6,6,242.0,-280.0,6.0,-108.0,-102.0,49.0,-104.0,-107.0,1,closed,grass,,,00-0033936,00-0035228,C.J. Beathard,Kyler Murray,Kyle Shanahan,Kliff Kingsbury,Clete Blakeman,PHO00,State Farm Stadium
2020_17_ARI_LA,2020,REG,17,2021-01-03,Sunday,16:25,ARI,7.0,LA,18.0,Home,11.0,25.0,0.0,2021010314,58422.0,,202101030ram,18786.0,401220344,5578.0,8,7,113.0,-125.0,1.0,105.0,-116.0,42.0,-107.0,-104.0,1,dome,matrixturf,,,00-0035752,00-0034899,Kyler Murray,John Wolford,Kliff Kingsbury,Sean McVay,Carl Cheffers,LAX01,SoFi Stadium
2021_01_ARI_TEN,2021,REG,1,2021-09-12,Sunday,13:00,ARI,38.0,TEN,13.0,Home,-25.0,51.0,0.0,2021091207,58511.0,10160000-0585-1194-5bd6-3e939eca6530,202109120oti,19616.0,401326311,5597.0,7,7,131.0,-146.0,2.5,105.0,-116.0,54.0,-103.0,-108.0,0,outdoors,grass ,82.0,8.0,00-0035228,00-0029701,Kyler Murray,Ryan Tannehill,Kliff Kingsbury,Mike Vrabel,Jerome Boger,NAS00,Nissan Stadium
2021_02_MIN_ARI,2021,REG,2,2021-09-19,Sunday,16:05,MIN,33.0,ARI,34.0,Home,1.0,67.0,0.0,2021091909,58529.0,10160000-0585-29ea-796d-6cf239561509,202109190crd,19634.0,401326357,5622.0,7,7,170.0,-191.0,4.0,-111.0,101.0,51.0,-111.0,-101.0,0,closed,grass ,,,00-0029604,00-0035228,Kirk Cousins,Kyler Murray,Mike Zimmer,Kliff Kingsbury,Bill Vinovich,PHO00,State Farm Stadium
2021_03_ARI_JAX,2021,REG,3,2021-09-26,Sunday,13:00,ARI,31.0,JAX,19.0,Home,-12.0,50.0,0.0,2021092603,58539.0,10160000-0585-3990-6603-b4c540dfc9c1,202109260jax,19644.0,401326367,5634.0,7,7,-360.0,304.0,-8.0,-101.0,-110.0,51.5,-104.0,-107.0,0,outdoors,grass ,81.0,4.0,00-0035228,00-0036971,Kyler Murray,Trevor Lawrence,Kliff Kingsbury,Urban Meyer,Shawn Smith,JAX00,TIAA Bank Stadium
2021_04_ARI_LA,2021,REG,4,2021-10-03,Sunday,16:05,ARI,37.0,LA,20.0,Home,-17.0,57.0,0.0,2021100309,58561.0,10160000-0585-61ab-ed1b-89f2ff2704a6,202110030ram,19666.0,401326389,5652.0,7,7,178.0,-200.0,3.5,100.0,-111.0,53.5,-101.0,-110.0,1,dome,matrixturf,,,00-0035228,00-0026498,Kyler Murray,Matthew Stafford,Kliff Kingsbury,Sean McVay,Shawn Hochuli,LAX01,SoFi Stadium
2021_05_SF_ARI,2021,REG,5,2021-10-10,Sunday,16:25,SF,10.0,ARI,17.0,Home,7.0,27.0,0.0,2021101011,58579.0,10160000-0585-79d7-2064-6dc3dc3a807e,202110100crd,19683.0,401326406,5669.0,7,7,231.0,-266.0,6.0,-110.0,-100.0,48.5,-105.0,-106.0,1,closed,grass ,,,00-0037012,00-0035228,Trey Lance,Kyler Murray,Kyle Shanahan,Kliff Kingsbury,Clay Martin,PHO00,State Farm Stadium
2021_06_ARI_CLE,2021,REG,6,2021-10-17,Sunday,16:05,ARI,37.0,CLE,14.0,Home,-23.0,51.0,0.0,2021101708,58592.0,10160000-0585-92b3-fa8a-3d31ab92e9cd,202110170cle,19696.0,401326418,5683.0,7,7,129.0,-143.0,3.0,-117.0,106.0,48.0,102.0,-114.0,0,outdoors,grass ,58.0,23.0,00-0035228,00-0034855,Kyler Murray,Baker Mayfield,Kliff Kingsbury,Kevin Stefanski,Carl Cheffers,CLE00,FirstEnergy Stadium
2021_07_HOU_ARI,2021,REG,7,2021-10-24,Sunday,16:25,HOU,5.0,ARI,31.0,Home,26.0,36.0,0.0,2021102408,58606.0,10160000-0586-0692-769b-7837635ed359,202110240crd,19711.0,401326432,5698.0,7,7,1119.0,-1766.0,20.5,-111.0,100.0,47.0,101.0,-112.0,0,closed,grass ,,,00-0036898,00-0035228,Davis Mills,Kyler Murray,David Culley,Kliff Kingsbury,Land Clark,PHO00,State Farm Stadium
2021_08_GB_ARI,2021,REG,8,2021-10-28,Thursday,20:20,GB,24.0,ARI,21.0,Home,-3.0,45.0,0.0,2021102800,58610.0,10160000-0586-1014-49be-9e3476a37650,202110280crd,19715.0,401326436,5701.0,4,4,242.0,-279.0,6.5,-104.0,-106.0,51.0,-105.0,-106.0,0,open,grass ,,,00-0023459,00-0035228,Aaron Rodgers,Kyler Murray,Matt LaFleur,Kliff Kingsbury,Alex Kemp,PHO00,State Farm Stadium
2021_09_ARI_SF,2021,REG,9,2021-11-07,Sunday,16:25,ARI,31.0,SF,17.0,Home,-14.0,48.0,0.0,2021110710,58636.0,10160000-0586-3612-1a90-45db9784b8ab,202111070sfo,19741.0,401326462,5726.0,10,7,207.0,-235.0,5.5,-105.0,-105.0,44.5,-109.0,-102.0,1,outdoors,grass,57.0,8.0,00-0027688,00-0031345,Colt McCoy,Jimmy Garoppolo,Kliff Kingsbury,Kyle Shanahan,Brad Allen,SFO01,Levi's Stadium
2021_10_CAR_ARI,2021,REG,10,2021-11-14,Sunday,16:05,CAR,34.0,ARI,10.0,Home,-24.0,44.0,0.0,2021111407,58647.0,10160000-0586-4798-b973-d510130fe432,202111140crd,19752.0,401326473,5738.0,7,7,280.0,-329.0,7.0,-103.0,-107.0,42.0,-113.0,101.0,0,closed,grass ,,,00-0033275,00-0027688,Phillip Walker,Colt McCoy,Matt Rhule,Kliff Kingsbury,Adrian Hill,PHO00,State Farm Stadium
2021_11_ARI_SEA,2021,REG,11,2021-11-21,Sunday,16:25,ARI,23.0,SEA,13.0,Home,-10.0,36.0,0.0,2021112111,58665.0,10160000-0586-658c-0c7e-b51de943dbe4,202111210sea,19769.0,401326491,5756.0,7,7,135.0,-150.0,2.5,111.0,-122.0,46.0,-113.0,101.0,1,outdoors,fieldturf,46.0,0.0,00-0027688,00-0029263,Colt McCoy,Russell Wilson,Kliff Kingsbury,Pete Carroll,Clete Blakeman,SEA00,Lumen Field
2021_13_ARI_CHI,2021,REG,13,2021-12-05,Sunday,13:00,ARI,33.0,CHI,22.0,Home,-11.0,55.0,0.0,2021120501,58685.0,10160000-0586-8587-0eb3-7be51ddcd530,202112050chi,19789.0,401326511,5777.0,14,10,-373.0,314.0,-7.5,-116.0,104.0,43.5,-101.0,-110.0,0,outdoors,grass ,34.0,8.0,00-0035228,00-0027973,Taysom Kyler Murray,Andy Dalton,Kliff Kingsbury,Matt Nagy,Jerome Boger,CHI98,Soldier Field
2021_14_LA_ARI,2021,REG,14,2021-12-13,Monday,20:15,LA,30.0,ARI,23.0,Home,-7.0,53.0,0.0,2021121300,58710.0,10160000-0587-10b2-38e4-b1ec1e97a30b,202112130crd,19815.0,401326536,5801.0,8,8,154.0,-172.0,3.0,104.0,-116.0,51.0,-106.0,-105.0,1,open,grass ,,,00-0026498,00-0035228,Matthew Stafford,Kyler Murray,Sean McVay,Kliff Kingsbury,Carl Cheffers,PHO00,State Farm Stadium
2021_15_ARI_DET,2021,REG,15,2021-12-19,Sunday,13:00,ARI,12.0,DET,30.0,Home,18.0,42.0,0.0,2021121903,58718.0,10160000-0587-18d5-2c6a-d6bf3644f334,202112190det,19823.0,401326544,5806.0,6,7,-634.0,495.0,-13.0,-102.0,-109.0,48.0,-107.0,-104.0,0,dome,fieldturf,,,00-0035228,00-0033106,Kyler Murray,Jared Goff,Kliff Kingsbury,Dan Campbell,Land Clark,DET00,Ford Field
2021_16_IND_ARI,2021,REG,16,2021-12-25,Saturday,20:15,IND,22.0,ARI,16.0,Home,-6.0,38.0,0.0,2021122501,58729.0,10160000-0587-2990-14c0-9bd05c656e78,202112250crd,19833.0,401326555,5820.0,6,6,143.0,-161.0,3.0,102.0,-114.0,48.0,-106.0,-105.0,0,closed,grass,,,00-0032950,00-0035228,Carson Wentz,Kyler Murray,Frank Reich,Kliff Kingsbury,Craig Wrolstad,PHO00,State Farm Stadium
2021_17_ARI_DAL,2021,REG,17,2022-01-02,Sunday,16:25,ARI,25.0,DAL,22.0,Home,-3.0,47.0,0.0,2022010203,58746.0,10160000-0587-4643-41f4-4673c1eac48b,202201020dal,19850.0,401326572,5846.0,8,7,225.0,-262.0,6.5,-103.0,-108.0,53.0,-104.0,-107.0,0,closed,matrixturf,,,00-0035228,00-0033077,Kyler Murray,Dak Prescott,Kliff Kingsbury,Mike McCarthy,Scott Novak,DAL00,AT&T Stadium
2021_18_SEA_ARI,2021,REG,18,2022-01-09,Sunday,16:25,SEA,38.0,ARI,30.0,Home,-8.0,68.0,0.0,2022010912,58771.0,10160000-0587-7113-a978-455fec3cda14,202201090crd,19876.0,401326597,5861.0,7,7,190.0,-235.0,5.5,-110.0,-110.0,48.0,100.0,-120.0,1,open,grass,,,00-0029263,00-0035228,Russell Wilson,Kyler Murray,Pete Carroll,Kliff Kingsbury,Shawn Smith,PHO00,State Farm Stadium
2021_19_ARI_LA,2021,WC,19,2022-01-17,Monday,20:15,ARI,11.0,LA,34.0,Home,23.0,45.0,0.0,2022011700,58829.0,,202201170ram,21528.0,401326625,5871.0,8,8,158.0,-179.0,4.0,-117.0,105.0,49.5,-103.0,-109.0,1,dome,matrixturf,,,00-0035228,00-0026498,Kyler Murray,Matthew Stafford,Kliff Kingsbury,Sean McVay,Clay Martin,LAX01,SoFi Stadium
2022_01_KC_ARI,2022,REG,1,2022-09-11,Sunday,16:25,KC,44.0,ARI,21.0,Home,-23.0,65.0,0.0,2022091110,58848.0,,202209110crd,,401437653,5889.0,7,7,-252.0,221.0,-6.0,-107.0,-104.0,54.0,-110.0,-102.0,0,closed,grass,,,00-0033873,00-0035228,Patrick Mahomes,Kyler Murray,Andy Reid,Kliff Kingsbury,Scott Novak,PHO00,State Farm Stadium
2022_02_ARI_LV,2022,REG,2,2022-09-18,Sunday,16:25,ARI,29.0,LV,23.0,Home,-6.0,52.0,1.0,2022091811,58866.0,,202209180rai,,401437642,5907.0,7,7,197.0,-223.0,5.5,-110.0,100.0,51.5,-105.0,-107.0,0,dome,grass,,,00-0035228,00-0031280,Kyler Murray,Derek Carr,Kliff Kingsbury,Josh McDaniels,Clete Blakeman,VEG00,Allegiant Stadium
2022_03_LA_ARI,2022,REG,3,2022-09-25,Sunday,16:25,LA,20.0,ARI,12.0,Home,-8.0,32.0,0.0,2022092510,58881.0,,202209250crd,,401437744,5922.0,7,7,-171.0,153.0,-3.5,104.0,-115.0,49.0,-114.0,102.0,1,closed,grass,,,00-0026498,00-0035228,Matthew Stafford,Kyler Murray,Sean McVay,Kliff Kingsbury,Adrian Hill,PHO00,State Farm Stadium
2022_04_ARI_CAR,2022,REG,4,2022-10-02,Sunday,16:05,ARI,26.0,CAR,16.0,Home,-10.0,42.0,0.0,2022100203,58897.0,,202210020car,,401437758,5938.0,7,7,102.0,-113.0,1.0,-104.0,-106.0,44.0,-113.0,100.0,0,outdoors,grass,,,00-0035228,00-0034855,Kyler Murray,Baker Mayfield,Kliff Kingsbury,Matt Rhule,John Hussey,CAR00,Bank of America Stadium
2022_05_PHI_ARI,2022,REG,5,2022-10-09,Sunday,16:25,PHI,20.0,ARI,17.0,Home,-3.0,37.0,0.0,2022100911,58914.0,,202210090crd,,401437773,5955.0,7,7,-222.0,196.0,-5.5,101.0,-111.0,48.5,101.0,-113.0,0,closed,grass,,,00-0036389,00-0035228,Jalen Hurts,Kyler Murray,Nick Sirianni,Kliff Kingsbury,Tra Blake,PHO00,State Farm Stadium
2022_06_ARI_SEA,2022,REG,6,2022-10-16,Sunday,16:05,ARI,9.0,SEA,19.0,Home,10.0,28.0,0.0,2022101609,58928.0,,202210160sea,,401437787,5969.0,7,7,-136.0,123.0,-2.5,-106.0,-104.0,50.0,-102.0,-110.0,1,outdoors,fieldturf,,,00-0035228,00-0030565,Kyler Murray,Geno Smith,Kliff Kingsbury,Pete Carroll,Shawn Hochuli,SEA00,Lumen Field
2022_07_NO_ARI,2022,REG,7,2022-10-20,Thursday,20:15,NO,34.0,ARI,42.0,Home,8.0,76.0,0.0,2022102000,58932.0,,202210200crd,,401437791,5973.0,4,4,126.0,-140.0,2.5,-101.0,-109.0,44.0,-114.0,101.0,0,open,grass,,,00-0027973,00-0035228,Andy Dalton,Kyler Murray,Dennis Allen,Kliff Kingsbury,Jerome Boger,PHO00,State Farm Stadium
2022_08_ARI_MIN,2022,REG,8,2022-10-30,Sunday,13:00,ARI,26.0,MIN,34.0,Home,8.0,60.0,0.0,2022103005,58951.0,,202210300min,,401437809,5992.0,10,14,177.0,-199.0,4.0,-105.0,-105.0,48.5,-106.0,-106.0,0,dome,sportturf,,,00-0035228,00-0029604,Kyler Murray,Kirk Cousins,Kliff Kingsbury,Kevin O'Connell,Brad Allen,MIN01,U.S. Bank Stadium
2022_09_SEA_ARI,2022,REG,9,2022-11-06,Sunday,16:05,SEA,31.0,ARI,21.0,Home,-10.0,52.0,0.0,2022110608,58970.0,,202211060crd,,401437828,6011.0,7,7,116.0,-128.0,1.5,102.0,-113.0,49.5,-115.0,103.0,1,open,grass,,,00-0030565,00-0035228,Geno Smith,Kyler Murray,Pete Carroll,Kliff Kingsbury,Carl Cheffers,PHO00,State Farm Stadium
2022_10_ARI_LA,2022,REG,10,2022-11-13,Sunday,16:25,ARI,27.0,LA,17.0,Home,-10.0,44.0,0.0,2022111310,58985.0,,202211130ram,,401437841,6026.0,7,7,160.0,-183.0,3.5,-110.0,-102.0,38.0,-108.0,-104.0,1,dome,matrixturf,,,00-0027688,00-0034899,Colt McCoy,John Wolford,Kliff Kingsbury,Sean McVay,Clete Blakeman,LAX01,SoFi Stadium
2022_11_SF_ARI,2022,REG,11,2022-11-21,Monday,20:15,SF,38.0,ARI,10.0,Neutral,-28.0,48.0,0.0,2022112100,59001.0,,202211210crd,,401435642,6042.0,8,8,-422.0,350.0,-10.0,103.0,-113.0,43.5,-114.0,101.0,1,outdoors,,,,00-0031345,00-0027688,Jimmy Garoppolo,Colt McCoy,Kyle Shanahan,Kliff Kingsbury,Craig Wrolstad,MEX00,Azteca Stadium
2022_12_LAC_ARI,2022,REG,12,2022-11-27,Sunday,16:05,LAC,25.0,ARI,24.0,Home,-1.0,49.0,0.0,2022112707,59012.0,,202211270crd,,401437867,6053.0,7,6,-136.0,123.0,-2.5,-108.0,-102.0,48.5,-100.0,-112.0,0,closed,grass,,,00-0036355,00-0035228,Justin Herbert,Kyler Murray,Brandon Staley,Kliff Kingsbury,Ron Torbert,PHO00,State Farm Stadium
2022_14_NE_ARI,2022,REG,14,2022-12-12,Monday,20:15,NE,27.0,ARI,13.0,Home,-14.0,40.0,0.0,2022121200,59045.0,,202212120crd,,401437900,6086.0,11,15,-125.0,113.0,-2.0,-104.0,-106.0,44.0,-103.0,-110.0,0,closed,grass,,,00-0036972,00-0035228,Mac Jones,Kyler Murray,Bill Belichick,Kliff Kingsbury,Shawn Smith,PHO00,State Farm Stadium
2022_15_ARI_DEN,2022,REG,15,2022-12-18,Sunday,16:05,ARI,15.0,DEN,24.0,Home,9.0,39.0,0.0,2022121805,59057.0,,202212180den,,401437912,6098.0,6,7,110.0,-121.0,1.5,-104.0,-106.0,37.5,-110.0,-103.0,0,outdoors,grass,37.0,4.0,00-0027688,00-0034955,Colt McCoy,Brett Rypien,Kliff Kingsbury,Nathaniel Hackett,Jerome Boger,DEN00,Empower Field at Mile High
2022_16_TB_ARI,2022,REG,16,2022-12-25,Sunday,20:20,TB,19.0,ARI,16.0,Home,-3.0,35.0,1.0,2022122502,59076.0,,202212250crd,,401437930,6117.0,7,7,-320.0,273.0,-7.5,102.0,-113.0,41.5,-104.0,-108.0,0,open,grass,,,00-0019596,00-0035146,Tom Brady,Trace McSorley,Todd Bowles,Kliff Kingsbury,John Hussey,PHO00,State Farm Stadium
2022_17_ARI_ATL,2022,REG,17,2023-01-01,Sunday,13:00,ARI,19.0,ATL,20.0,Home,1.0,39.0,0.0,2023010100,59079.0,,202301010atl,,401437933,6120.0,7,8,241.0,-279.0,7.0,-119.0,108.0,41.0,-113.0,100.0,0,closed,fieldturf,,,00-0035040,00-0038122,David Blough,Desmond Ridder,Kliff Kingsbury,Arthur Smith,Alex Kemp,ATL97,Mercedes-Benz Stadium
2022_18_ARI_SF,2022,REG,18,2023-01-08,Sunday,16:25,ARI,13.0,SF,38.0,Home,25.0,51.0,0.0,2023010815,59109.0,,202301080sfo,,401437962,6150.0,7,7,753.0,-1061.0,14.0,100.0,-111.0,40.0,-107.0,-105.0,1,outdoors,grass,57.0,2.0,00-0035040,00-0037834,David Blough,Brock Purdy,Kliff Kingsbury,Kyle Shanahan,Adrian Hill,SFO01,Levi's Stadium
2023_01_ARI_WAS,2023,REG,1,2023-09-10,Sunday,13:00,ARI,16.0,WAS,20.0,Home,4.0,36.0,0.0,2023091007,59181.0,,202309100was,,401547406,,7,7,270.0,-340.0,7.0,-108.0,-112.0,38.0,-110.0,-110.0,0,outdoors,,,,00-0033949,00-0037077,Joshua Dobbs,Sam Howell,Jonathan Gannon,Ron Rivera,Alan Eck,WAS00,FedExField
2023_02_NYG_ARI,2023,REG,2,2023-09-17,Sunday,16:05,NYG,31.0,ARI,28.0,Home,-3.0,59.0,0.0,2023091708,59198.0,,202309170crd,,401547421,,7,7,-225.0,185.0,-5.0,-110.0,-110.0,40.0,-110.0,-110.0,0,closed,,,,00-0035710,00-0033949,Daniel Jones,Joshua Dobbs,Brian Daboll,Jonathan Gannon,Land Clark,PHO00,State Farm Stadium
2023_03_DAL_ARI,2023,REG,3,2023-09-24,Sunday,16:25,DAL,16.0,ARI,28.0,Home,12.0,44.0,0.0,2023092410,59216.0,,202309240crd,,401547437,,7,7,-650.0,470.0,-11.5,-110.0,-110.0,43.5,-110.0,-110.0,0,open,grass,,,00-0033077,00-0033949,Dak Prescott,Joshua Dobbs,Mike McCarthy,Jonathan Gannon,Alex Kemp,PHO00,State Farm Stadium
2023_04_ARI_SF,2023,REG,4,2023-10-01,Sunday,16:25,ARI,16.0,SF,35.0,Home,19.0,51.0,0.0,2023100112,59234.0,,202310010sfo,,401547454,,7,10,700.0,-1100.0,15.0,-108.0,-112.0,44.0,-105.0,-115.0,1,outdoors,grass,75.0,9.0,00-0033949,00-0037834,Joshua Dobbs,Brock Purdy,Jonathan Gannon,Kyle Shanahan,Clete Blakeman,SFO01,Levi's Stadium
2023_05_CIN_ARI,2023,REG,5,2023-10-08,Sunday,16:05,CIN,34.0,ARI,20.0,Home,-14.0,54.0,0.0,2023100807,59245.0,,202310080crd,,401547466,,7,7,-170.0,142.0,-3.0,-120.0,100.0,45.5,-110.0,-110.0,0,closed,grass,,,00-0036442,00-0033949,Joe Burrow,Joshua Dobbs,Zac Taylor,Jonathan Gannon,Clay Martin,PHO00,State Farm Stadium
2023_06_ARI_LA,2023,REG,6,2023-10-15,Sunday,16:25,ARI,9.0,LA,26.0,Home,17.0,35.0,0.0,2023101510,59262.0,,202310150ram,,401547479,,7,7,270.0,-340.0,7.0,-105.0,-115.0,48.0,-110.0,-110.0,1,dome,matrixturf,,,00-0033949,00-0026498,Joshua Dobbs,Matthew Stafford,Jonathan Gannon,Sean McVay,Ron Torbert,LAX01,SoFi Stadium
2023_07_ARI_SEA,2023,REG,7,2023-10-22,Sunday,16:05,ARI,10.0,SEA,20.0,Home,10.0,30.0,0.0,2023102207,59274.0,,202310220sea,,401547493,,7,7,350.0,-455.0,9.5,-112.0,-108.0,43.5,-110.0,-110.0,1,outdoors,fieldturf,56.0,5.0,00-0033949,00-0030565,Joshua Dobbs,Geno Smith,Jonathan Gannon,Pete Carroll,Scott Novak,SEA00,Lumen Field
2023_08_BAL_ARI,2023,REG,8,2023-10-29,Sunday,16:25,BAL,31.0,ARI,24.0,Home,-7.0,55.0,0.0,2023102910,59290.0,,202310290crd,,401547501,,7,7,-500.0,380.0,-9.5,-110.0,-110.0,44.5,-110.0,-110.0,0,closed,grass,,,00-0034796,00-0033949,Lamar Jackson,Joshua Dobbs,John Harbaugh,Jonathan Gannon,Tra Blake,PHO00,State Farm Stadium
2023_09_ARI_CLE,2023,REG,9,2023-11-05,Sunday,13:00,ARI,0.0,CLE,27.0,Home,27.0,27.0,0.0,2023110503,59299.0,,202311050cle,,401547514,,7,7,525.0,-750.0,13.0,-112.0,-108.0,38.0,-110.0,-110.0,0,outdoors,grass,56.0,7.0,00-0038582,00-0033537,Clayton Tune,Deshaun Watson,Jonathan Gannon,Kevin Stefanski,Carl Cheffers,CLE00,FirstEnergy Stadium
2023_10_ATL_ARI,2023,REG,10,2023-11-12,Sunday,16:05,ATL,23.0,ARI,25.0,Home,2.0,48.0,0.0,2023111207,59317.0,,202311120crd,,401547529,,7,7,-130.0,110.0,-2.0,-110.0,-110.0,43.5,-108.0,-112.0,0,closed,grass,,,00-0031800,00-0035228,Taylor Heinicke,Kyler Murray,Arthur Smith,Jonathan Gannon,Craig Wrolstad,PHO00,State Farm Stadium
2023_11_ARI_HOU,2023,REG,11,2023-11-19,Sunday,13:00,ARI,16.0,HOU,21.0,Home,5.0,37.0,0.0,2023111904,59328.0,,202311190htx,,401547540,,7,7,205.0,-250.0,5.5,-108.0,-112.0,48.0,-110.0,-110.0,0,closed,astroturf,,,00-0035228,00-0039163,Kyler Murray,C.J. Stroud,Jonathan Gannon,DeMeco Ryans,Alex Kemp,HOU00,NRG Stadium
2023_12_LA_ARI,2023,REG,12,2023-11-26,Sunday,16:05,LA,37.0,ARI,14.0,Home,-23.0,51.0,0.0,2023112606,59347.0,,202311260crd,,401547562,,7,7,-148.0,124.0,-3.0,-105.0,-115.0,45.0,-112.0,-108.0,1,closed,grass,,,00-0026498,00-0035228,Matthew Stafford,Kyler Murray,Sean McVay,Jonathan Gannon,Shawn Smith,PHO00,State Farm Stadium
2023_13_ARI_PIT,2023,REG,13,2023-12-03,Sunday,13:00,ARI,24.0,PIT,10.0,Home,-14.0,34.0,0.0,2023120303,59357.0,,202312030pit,,401547568,,7,7,230.0,-285.0,6.0,-105.0,-115.0,41.0,-112.0,-108.0,0,outdoors,grass,56.0,12.0,00-0035228,00-0038102,Kyler Murray,Kenny Pickett,Jonathan Gannon,Mike Tomlin,Land Clark,PIT00,Acrisure Stadium
2023_15_SF_ARI,2023,REG,15,2023-12-17,Sunday,16:05,SF,45.0,ARI,29.0,Home,-16.0,74.0,0.0,2023121704,59391.0,,202312170crd,,401547596,,7,14,-750.0,525.0,-12.5,-110.0,-110.0,48.0,-110.0,-110.0,1,open,grass,,,00-0037834,00-0035228,Brock Purdy,Kyler Murray,Kyle Shanahan,Jonathan Gannon,Scott Novak,PHO00,State Farm Stadium
2023_16_ARI_CHI,2023,REG,16,2023-12-24,Sunday,16:25,ARI,16.0,CHI,27.0,Home,11.0,43.0,0.0,2023122409,59407.0,,202312240chi,,401547619,,7,7,180.0,-218.0,4.5,-110.0,-110.0,42.0,-105.0,-115.0,0,outdoors,grass,52.0,4.0,00-0035228,00-0036945,Kyler Murray,Justin Fields,Jonathan Gannon,Matt Eberflus,John Hussey,CHI98,Soldier Field
2023_17_ARI_PHI,2023,REG,17,2023-12-31,Sunday,13:00,ARI,35.0,PHI,31.0,Home,-4.0,66.0,0.0,2023123108,59422.0,,202312310phi,,401547633,,7,6,525.0,-750.0,12.0,-110.0,-110.0,48.0,-110.0,-110.0,0,outdoors,grass,45.0,9.0,00-0035228,00-0036389,Kyler Murray,Jalen Hurts,Jonathan Gannon,Nick Sirianni,Bill Vinovich,PHI00,Lincoln Financial Field
2023_18_SEA_ARI,2023,REG,18,2024-01-07,Sunday,16:25,SEA,21.0,ARI,20.0,Home,-1.0,41.0,0.0,2024010712,59429.0,,202401070crd,,401547638,,7,7,-155.0,130.0,-2.5,-122.0,102.0,48.0,-110.0,-110.0,1,closed,grass,,,00-0030565,00-0035228,Geno Smith,Kyler Murray,Pete Carroll,Jonathan Gannon,Adrian Hill,PHO00,State Farm Stadium
2024_01_ARI_BUF,2024,REG,1,2024-09-08,Sunday,13:00,ARI,28.0,BUF,34.0,Home,6.0,62.0,0.0,2024090801,59511.0,,202409080buf,,401671617,6452.0,7,7,250.0,-310.0,6.5,-105.0,-115.0,46.0,-112.0,-108.0,0,outdoors,a_turf,61.0,20.0,00-0035228,00-0034857,Kyler Murray,Josh Allen,Jonathan Gannon,Sean McDermott,Tra Blake,BUF00,New Era Field
2024_02_LA_ARI,2024,REG,2,2024-09-15,Sunday,16:05,LA,10.0,ARI,41.0,Home,31.0,51.0,0.0,2024091510,59535.0,,202409150crd,,401671754,6476.0,7,7,-112.0,-108.0,-1.0,-105.0,-115.0,47.5,-118.0,-102.0,1,closed,grass,,,00-0026498,00-0035228,Matthew Stafford,Kyler Murray,Sean McVay,Jonathan Gannon,John Hussey,PHO00,State Farm Stadium
2024_03_DET_ARI,2024,REG,3,2024-09-22,Sunday,16:25,DET,20.0,ARI,13.0,Home,-7.0,33.0,0.0,2024092209,59550.0,,202409220crd,,401671771,6491.0,7,7,-148.0,124.0,-3.0,-102.0,-118.0,51.5,-112.0,-108.0,0,closed,grass,,,00-0033106,00-0035228,Jared Goff,Kyler Murray,Dan Campbell,Jonathan Gannon,Brad Rogers,PHO00,State Farm Stadium
2024_04_WAS_ARI,2024,REG,4,2024-09-29,Sunday,16:05,WAS,42.0,ARI,14.0,Home,-28.0,56.0,0.0,2024092908,59565.0,,202409290crd,,401671755,6506.0,6,7,150.0,-180.0,3.5,-115.0,-105.0,49.0,-112.0,-108.0,0,closed,grass,,,00-0039910,00-0035228,Jayden Daniels,Kyler Murray,Dan Quinn,Jonathan Gannon,Craig Wrolstad,PHO00,State Farm Stadium
2024_05_ARI_SF,2024,REG,5,2024-10-06,Sunday,16:05,ARI,24.0,SF,23.0,Home,-1.0,47.0,0.0,2024100608,59581.0,,202410060sfo,,401671756,6522.0,7,7,260.0,-325.0,7.0,-105.0,-115.0,48.5,-108.0,-112.0,1,outdoors,grass,89.0,3.0,00-0035228,00-0037834,Kyler Murray,Brock Purdy,Jonathan Gannon,Kyle Shanahan,Land Clark,SFO01,Levi's Stadium
2024_06_ARI_GB,2024,REG,6,2024-10-13,Sunday,13:00,ARI,13.0,GB,34.0,Home,21.0,47.0,0.0,2024101302,59589.0,,202410130gnb,,401671722,6530.0,7,7,195.0,-238.0,5.5,-110.0,-110.0,47.0,-110.0,-110.0,0,outdoors,grass,50.0,4.0,00-0035228,00-0036264,Kyler Murray,Jordan Love,Jonathan Gannon,Matt LaFleur,Alex Kemp,GNB00,Lambeau Field
2024_07_LAC_ARI,2024,REG,7,2024-10-21,Monday,21:00,LAC,15.0,ARI,17.0,Home,2.0,32.0,0.0,2024102101,59614.0,,202410210crd,,401671699,6555.0,8,8,-122.0,102.0,-1.0,-115.0,-105.0,44.0,-108.0,-112.0,0,closed,grass,,,00-0036355,00-0035228,Justin Herbert,Kyler Murray,Jim Harbaugh,Jonathan Gannon,Clete Blakeman,PHO00,State Farm Stadium
2024_08_ARI_MIA,2024,REG,8,2024-10-27,Sunday,13:00,ARI,28.0,MIA,27.0,Home,-1.0,55.0,0.0,2024102704,59620.0,,202410270mia,,401671850,6561.0,6,7,164.0,-198.0,4.0,-108.0,-112.0,46.5,-110.0,-110.0,0,outdoors,grass,82.0,14.0,00-0035228,00-0034177,Kyler Murray,Tim Boyle,Jonathan Gannon,Mike McDaniel,Clay Martin,MIA00,Hard Rock Stadium
2024_09_CHI_ARI,2024,REG,9,2024-11-03,Sunday,16:05,CHI,9.0,ARI,29.0,Home,20.0,38.0,0.0,2024110309,59641.0,,202411030crd,,401671661,6582.0,7,7,100.0,-120.0,1.5,-110.0,-110.0,44.5,-110.0,-110.0,0,closed,grass,,,00-0039918,00-0035228,Caleb Williams,Kyler Murray,Matt Eberflus,Jonathan Gannon,Carl Cheffers,PHO00,State Farm Stadium
2024_10_NYJ_ARI,2024,REG,10,2024-11-10,Sunday,16:25,NYJ,6.0,ARI,31.0,Home,25.0,37.0,0.0,2024111009,59656.0,,202411100crd,,401671678,6597.0,10,7,-130.0,110.0,-2.0,-110.0,-110.0,45.5,-108.0,-112.0,0,closed,grass,,,00-0023459,00-0035228,Aaron Rodgers,Kyler Murray,Robert Saleh,Jonathan Gannon,John Hussey,PHO00,State Farm Stadium
2024_12_ARI_SEA,2024,REG,12,2024-11-24,Sunday,16:25,ARI,6.0,SEA,16.0,Home,10.0,22.0,0.0,2024112409,59684.0,,202411240sea,,401671775,6625.0,14,7,-115.0,-105.0,-1.0,-110.0,-110.0,46.5,-108.0,-112.0,1,outdoors,fieldturf,45.0,5.0,00-0035228,00-0030565,Kyler Murray,Geno Smith,Jonathan Gannon,Mike Macdonald,Scott Novak,SEA00,Lumen Field
2024_13_ARI_MIN,2024,REG,13,2024-12-01,Sunday,13:00,ARI,22.0,MIN,23.0,Home,1.0,45.0,0.0,2024120103,59694.0,,202412010min,,401671726,6635.0,7,7,154.0,-185.0,3.5,-110.0,-110.0,45.5,-112.0,-108.0,0,dome,sportturf,,,00-0035228,00-0034869,Kyler Murray,Sam Darnold,Jonathan Gannon,Kevin O'Connell,Bill Vinovich,MIN01,U.S. Bank Stadium
2024_14_SEA_ARI,2024,REG,14,2024-12-08,Sunday,16:05,SEA,30.0,ARI,18.0,Home,-12.0,48.0,0.0,2024120807,59711.0,,202412080crd,,401671660,6652.0,7,7,145.0,-175.0,3.0,-105.0,-115.0,45.5,-110.0,-110.0,1,closed,grass,,,00-0030565,00-0035228,Geno Smith,Kyler Murray,Mike Macdonald,Jonathan Gannon,Clay Martin,PHO00,State Farm Stadium
2024_15_NE_ARI,2024,REG,15,2024-12-15,Sunday,16:25,NE,17.0,ARI,30.0,Home,13.0,47.0,0.0,2024121507,59724.0,,202412150crd,,401671677,6665.0,14,7,210.0,-258.0,6.0,-108.0,-112.0,46.5,-110.0,-110.0,0,closed,grass,,,00-0039851,00-0035228,Drake Maye,Kyler Murray,Jerod Mayo,Jonathan Gannon,Ron Torbert,PHO00,State Farm Stadium
2024_16_ARI_CAR,2024,REG,16,2024-12-22,Sunday,13:00,ARI,30.0,CAR,36.0,Home,6.0,66.0,1.0,2024122204,59737.0,,202412220car,,401671732,6678.0,7,7,-245.0,200.0,-5.5,-110.0,-110.0,47.0,-110.0,-110.0,0,outdoors,grass,37.0,10.0,00-0035228,00-0039150,Kyler Murray,Bryce Young,Jonathan Gannon,Dave Canales,Adrian Hill,CAR00,Bank of America Stadium
2024_17_ARI_LA,2024,REG,17,2024-12-28,Saturday,20:15,ARI,9.0,LA,13.0,Home,4.0,22.0,0.0,2024122802,59752.0,,202412280ram,,401671829,6693.0,6,6,270.0,-340.0,6.5,100.0,-120.0,48.0,-112.0,-108.0,1,dome,matrixturf,,,00-0035228,00-0026498,Kyler Murray,Matthew Stafford,Jonathan Gannon,Sean McVay,Brad Rogers,LAX01,SoFi Stadium
2024_18_SF_ARI,2024,REG,18,2025-01-05,Sunday,16:25,SF,24.0,ARI,47.0,Home,23.0,71.0,0.0,2025010500,59764.0,,202501050crd,,401671845,6705.0,6,8,160.0,-192.0,4.5,-110.0,-110.0,42.5,-110.0,-110.0,1,closed,grass,,,00-0033949,00-0035228,Joshua Dobbs,Kyler Murray,Kyle Shanahan,Jonathan Gannon,Shawn Smith,PHO00,State Farm Stadium
2025_01_ARI_NO,2025,REG,1,2025-09-07,Sunday,13:00,ARI,20.0,NO,13.0,Home,-7.0,33.0,0.0,2025090705,59850.0,,202509070nor,28425.0,401772718,6741.0,7,7,-270.0,220.0,-6.0,-108.0,-112.0,44.5,-112.0,-108.0,0,dome,sportturf,,,00-0035228,00-0039376,Kyler Murray,Spencer Rattler,Jonathan Gannon,Kellen Moore,Scott Novak,NOR00,Mercedes-Benz Superdome
2025_02_CAR_ARI,2025,REG,2,2025-09-14,Sunday,16:05,CAR,22.0,ARI,27.0,Home,5.0,49.0,0.0,2025091409,59869.0,,202509140crd,28445.0,401772730,6760.0,7,7,250.0,-310.0,7.0,-110.0,-110.0,45.5,-110.0,-110.0,0,closed,grass,,,00-0039150,00-0035228,Bryce Young,Kyler Murray,Dave Canales,Jonathan Gannon,Ron Torbert,PHO00,State Farm Stadium
2025_03_ARI_SF,2025,REG,3,2025-09-21,Sunday,16:25,ARI,15.0,SF,16.0,Home,1.0,31.0,0.0,2025092112,59888.0,,202509210sfo,28464.0,401772843,6779.0,7,7,105.0,-125.0,1.5,-112.0,-108.0,44.5,-112.0,-108.0,1,outdoors,grass,72.0,7.0,00-0035228,00-0036972,Kyler Murray,Mac Jones,Jonathan Gannon,Kyle Shanahan,John Hussey,SFO01,Levi's Stadium
2025_04_SEA_ARI,2025,REG,4,2025-09-25,Thursday,20:15,SEA,23.0,ARI,20.0,Home,-3.0,43.0,0.0,2025092500,59891.0,,202509250crd,28466.0,401772938,6782.0,4,4,-125.0,105.0,-1.5,-110.0,-110.0,43.5,-108.0,-112.0,1,closed,grass,,,00-0034869,00-0035228,Sam Darnold,Kyler Murray,Mike Macdonald,Jonathan Gannon,Alex Kemp,PHO00,State Farm Stadium
2025_05_TEN_ARI,2025,REG,5,2025-10-05,Sunday,16:05,TEN,22.0,ARI,21.0,Home,-1.0,43.0,0.0,2025100507,59915.0,,202510050crd,28491.0,401772747,6806.0,7,10,330.0,-425.0,7.5,-108.0,-112.0,41.5,-110.0,-110.0,0,closed,grass,,,00-0040676,00-0035228,Cam Ward,Kyler Murray,Brian Callahan,Jonathan Gannon,Shawn Smith,PHO00,State Farm Stadium
2025_06_ARI_IND,2025,REG,6,2025-10-12,Sunday,13:00,ARI,27.0,IND,31.0,Home,4.0,58.0,0.0,2025101203,59925.0,,202510120clt,28500.0,401772856,6816.0,7,7,360.0,-470.0,8.5,-110.0,-110.0,46.5,-122.0,102.0,0,closed,fieldturf,,,00-0033119,00-0035710,Jacoby Brissett,Daniel Jones,Jonathan Gannon,Shane Steichen,Shawn Hochuli,IND00,Lucas Oil Stadium
2025_07_GB_ARI,2025,REG,7,2025-10-19,Sunday,16:25,GB,27.0,ARI,23.0,Home,-4.0,50.0,0.0,2025101909,59946.0,,202510190crd,28521.0,401772863,6837.0,7,7,-395.0,310.0,-7.0,-115.0,-105.0,44.5,-110.0,-110.0,0,closed,grass,,,00-0036264,00-0033119,Jordan Love,Jacoby Brissett,Matt LaFleur,Jonathan Gannon,Alex Moore,PHO00,State Farm Stadium
2025_09_ARI_DAL,2025,REG,9,2025-11-03,Monday,20:15,ARI,27.0,DAL,17.0,Home,-10.0,44.0,0.0,2025110300,59977.0,,202511030dal,28552.0,401772818,6868.0,15,8,145.0,-175.0,3.5,-115.0,-105.0,53.5,-105.0,-115.0,0,closed,matrixturf,,,00-0033119,00-0033077,Jacoby Brissett,Dak Prescott,Jonathan Gannon,Brian Schottenheimer,Adrian Hill,DAL00,AT&T Stadium
2025_10_ARI_SEA,2025,REG,10,2025-11-09,Sunday,16:05,ARI,22.0,SEA,44.0,Home,22.0,66.0,0.0,2025110908,59987.0,,202511090sea,28562.0,401772773,6878.0,6,7,270.0,-340.0,7.0,-115.0,-105.0,44.5,-102.0,-118.0,1,outdoors,fieldturf,59.0,5.0,00-0033119,00-0034869,Jacoby Brissett,Sam Darnold,Jonathan Gannon,Mike Macdonald,Alan Eck,SEA00,Lumen Field
2025_11_SF_ARI,2025,REG,11,2025-11-16,Sunday,16:05,SF,41.0,ARI,22.0,Home,-19.0,63.0,0.0,2025111608,60001.0,,202511160crd,28577.0,401772885,6892.0,7,7,-192.0,160.0,-3.5,-105.0,-115.0,48.5,-112.0,-108.0,1,closed,grass,,,00-0037834,00-0033119,Brock Purdy,Jacoby Brissett,Kyle Shanahan,Jonathan Gannon,Carl Cheffers,PHO00,State Farm Stadium
2025_12_JAX_ARI,2025,REG,12,2025-11-23,Sunday,16:05,JAX,27.0,ARI,24.0,Home,-3.0,51.0,1.0,2025112307,60015.0,,202511230crd,28590.0,401772783,6906.0,7,7,-135.0,114.0,-2.5,-108.0,-112.0,47.5,-115.0,-105.0,0,closed,grass,,,00-0036971,00-0033119,Trevor Lawrence,Jacoby Brissett,Liam Coen,Jonathan Gannon,Scott Novak,PHO00,State Farm Stadium
2025_13_ARI_TB,2025,REG,13,2025-11-30,Sunday,13:00,ARI,17.0,TB,20.0,Home,3.0,37.0,0.0,2025113005,60030.0,,202511300tam,28605.0,401772895,6921.0,7,7,164.0,-198.0,4.5,-115.0,-105.0,44.5,-108.0,-112.0,0,outdoors,grass,80.0,8.0,00-0033119,00-0034855,Jacoby Brissett,Baker Mayfield,Jonathan Gannon,Todd Bowles,Bill Vinovich,TAM00,Raymond James Stadium
2025_14_LA_ARI,2025,REG,14,2025-12-07,Sunday,16:25,LA,45.0,ARI,17.0,Home,-28.0,62.0,0.0,2025120709,60047.0,,202512070crd,28622.0,401772901,6938.0,7,7,-500.0,380.0,-9.5,-110.0,-110.0,49.5,-110.0,-110.0,1,closed,grass,,,00-0026498,00-0033119,Matthew Stafford,Jacoby Brissett,Sean McVay,Jonathan Gannon,Ron Torbert,PHO00,State Farm Stadium
2025_15_ARI_HOU,2025,REG,15,2025-12-14,Sunday,13:00,ARI,,HOU,,Home,,,,2025121402,,,202512140htx,28629.0,401772903,6945.0,7,7,425.0,-575.0,9.5,-108.0,-112.0,42.5,-115.0,-105.0,0,closed,astroturf,,,00-0033119,00-0039163,Jacoby Brissett,C.J. Stroud,Jonathan Gannon,DeMeco Ryans,,HOU00,NRG Stadium
2025_16_ATL_ARI,2025,REG,16,2025-12-21,Sunday,16:05,ATL,,ARI,,Home,,,,2025122107,,,202512210crd,28652.0,401772914,6968.0,10,7,-102.0,-118.0,1.5,-115.0,-105.0,45.5,-105.0,-115.0,0,closed,grass,,,,,,,Raheem Morris,Jonathan Gannon,,PHO00,State Farm Stadium
2025_17_ARI_CIN,2025,REG,17,2025-12-28,Sunday,13:00,ARI,,CIN,,Home,,,,2025122801,,,202512280cin,28662.0,401772954,6978.0,7,7,,,,,,,,,0,outdoors,fieldturf,,,,,,,Jonathan Gannon,Zac Taylor,,CIN00,Paycor Stadium
2025_18_ARI_LA,2025,REG,18,2026-01-04,Sunday,13:00,ARI,,LA,,Home,,,,2025010407,,,202501040ram,28681.0,401772955,6997.0,7,7,,,,,,,,,1,dome,matrixturf,,,,,,,Jonathan Gannon,Sean McVay,,LAX01,SoFi Stadium
