game_id,season,game_type,week,gameday,weekday,gametime,away_team,away_score,home_team,home_score,location,result,total,overtime,old_game_id,gsis,nfl_detail_id,pfr,pff,espn,ftn,away_rest,home_rest,away_moneyline,home_moneyline,spread_line,away_spread_odds,home_spread_odds,total_line,under_odds,over_odds,div_game,roof,surface,temp,wind,away_qb_id,home_qb_id,away_qb_name,home_qb_name,away_coach,home_coach,referee,stadium_id,stadium
2000_01_CHI_MIN,2000,REG,1,2000-09-03,Sunday,13:00,CHI,27.0,MIN,30.0,Home,3.0,57.0,0.0,2000090303,991.0,,200009030min,,200903016,,7,7,,,4.5,,,46.5,,,1,dome,astroturf,,,00-0011044,00-0003739,Cade McNown,Daunte Culpepper,Dick Jauron,Dennis Green,Ed Hochuli,MIN00,Hubert H. Humphrey Metrodome
2000_02_MIA_MIN,2000,REG,2,2000-09-10,Sunday,13:00,MIA,7.0,MIN,13.0,Home,6.0,20.0,0.0,2000091007,1009.0,,200009100min,,200910016,,7,7,,,3.0,,,42.5,,,0,dome,astroturf,,,00-0005180,00-0003739,Jay Fiedler,Daunte Culpepper,Dave Wannstedt,Dennis Green,Gerry Austin,MIN00,Hubert H. Humphrey Metrodome
2000_03_MIN_NE,2000,REG,3,2000-09-17,Sunday,16:15,MIN,21.0,NE,13.0,Home,-8.0,34.0,0.0,2000091704,1021.0,,200009170nwe,,200917017,,7,6,,,1.5,,,42.5,,,0,outdoors,grass,70.0,15.0,00-0003739,00-0001361,Daunte Culpepper,Drew Bledsoe,Dennis Green,Bill Belichick,Phil Luckett,BOS99,Foxboro Stadium
2000_05_MIN_DET,2000,REG,5,2000-10-01,Sunday,13:00,MIN,31.0,DET,24.0,Home,-7.0,55.0,0.0,2000100106,1055.0,,200010010det,,201001008,,14,7,,,1.0,,,42.5,,,1,dome,astroturf,,,00-0003739,00-0000865,Daunte Culpepper,Charlie Batch,Dennis Green,Bobby Ross,Bill Carollo,DET99,Pontiac Silverdome
2000_06_TB_MIN,2000,REG,6,2000-10-09,Monday,09:00,TB,23.0,MIN,30.0,Home,7.0,53.0,0.0,2000100900,1077.0,,200010090min,,201009016,,8,8,,,1.0,,,39.0,,,1,dome,astroturf,,,00-0009266,00-0003739,Shaun King,Daunte Culpepper,Tony Dungy,Dennis Green,Tony Corrente,MIN00,Hubert H. Humphrey Metrodome
2000_07_MIN_CHI,2000,REG,7,2000-10-15,Sunday,20:20,MIN,28.0,CHI,16.0,Home,-12.0,44.0,0.0,2000101512,1090.0,,200010150chi,,201015003,,6,7,,,-6.0,,,44.0,,,1,outdoors,grass,56.0,7.0,00-0003739,00-0011044,Daunte Culpepper,Cade McNown,Dennis Green,Dick Jauron,Larry Nemmers,CHI98,Soldier Field
2000_08_BUF_MIN,2000,REG,8,2000-10-22,Sunday,13:00,BUF,27.0,MIN,31.0,Home,4.0,58.0,0.0,2000102201,1094.0,,200010220min,,201022016,,7,7,,,6.5,,,44.5,,,0,dome,astroturf,,,00-0005363,00-0003739,Doug Flutie,Daunte Culpepper,Wade Phillips,Dennis Green,Ron Blum,MIN00,Hubert H. Humphrey Metrodome
2000_09_MIN_TB,2000,REG,9,2000-10-29,Sunday,13:00,MIN,13.0,TB,41.0,Home,28.0,54.0,0.0,2000102906,1112.0,,200010290tam,,201029027,,7,10,,,3.0,,,41.0,,,1,outdoors,grass,82.0,7.0,00-0003739,00-0009266,Daunte Culpepper,Shaun King,Dennis Green,Tony Dungy,Phil Luckett,TAM00,Raymond James Stadium
2000_10_MIN_GB,2000,REG,10,2000-11-06,Monday,09:00,MIN,20.0,GB,26.0,Home,6.0,46.0,1.0,2000110600,1134.0,,200011060gnb,,201106009,,8,8,,,-3.5,,,47.5,,,1,outdoors,grass,50.0,19.0,00-0003739,00-0005106,Daunte Culpepper,Brett Favre,Dennis Green,Mike Sherman,Dick Hantak,GNB00,Lambeau Field
2000_11_ARI_MIN,2000,REG,11,2000-11-12,Sunday,13:00,ARI,14.0,MIN,31.0,Home,17.0,45.0,0.0,2000111200,1136.0,,200011120min,,201112016,,7,6,,,12.5,,,46.0,,,0,dome,astroturf,,,00-0013042,00-0003739,Jake Plummer,Daunte Culpepper,Dave McGinnis,Dennis Green,Bob McElwee,MIN00,Hubert H. Humphrey Metrodome
2000_12_CAR_MIN,2000,REG,12,2000-11-19,Sunday,13:00,CAR,17.0,MIN,31.0,Home,14.0,48.0,0.0,2000111903,1154.0,,200011190min,,201119016,,7,7,,,9.5,,,46.5,,,0,dome,astroturf,,,00-0001218,00-0003739,Steve Beuerlein,Daunte Culpepper,George Seifert,Dennis Green,Walt Coleman,MIN00,Hubert H. Humphrey Metrodome
2000_13_MIN_DAL,2000,REG,13,2000-11-23,Thursday,16:05,MIN,27.0,DAL,15.0,Home,-12.0,42.0,0.0,2000112300,1166.0,,200011230dal,,201123006,,4,4,,,-7.0,,,48.0,,,0,outdoors,astroturf,55.0,0.0,00-0003739,00-0000104,Daunte Culpepper,Troy Aikman,Dennis Green,Dave Campo,Tony Corrente,DAL99,Texas Stadium
2000_14_DET_MIN,2000,REG,14,2000-11-30,Thursday,20:20,DET,17.0,MIN,24.0,Home,7.0,41.0,0.0,2000113000,1242.0,,200011300min,,201130016,,7,7,,,9.0,,,48.5,,,1,dome,astroturf,,,00-0000865,00-0003739,Charlie Batch,Daunte Culpepper,Gary Moeller,Dennis Green,Larry Nemmers,MIN00,Hubert H. Humphrey Metrodome
2000_15_MIN_STL,2000,REG,15,2000-12-10,Sunday,16:15,MIN,29.0,STL,40.0,Home,11.0,69.0,0.0,2000121004,1200.0,,200012100ram,,201210014,,10,7,,,3.5,,,56.5,,,0,dome,astroturf,,,00-0003739,00-0017200,Daunte Culpepper,Kurt Warner,Dennis Green,Mike Martz,Ron Winter,STL00,TWA Dome
2000_16_GB_MIN,2000,REG,16,2000-12-17,Sunday,13:00,GB,33.0,MIN,28.0,Home,-5.0,61.0,0.0,2000121705,1213.0,,200012170min,,201217016,,7,7,,,7.5,,,49.0,,,1,dome,astroturf,,,00-0005106,00-0003739,Brett Favre,Daunte Culpepper,Mike Sherman,Dennis Green,Gerry Austin,MIN00,Hubert H. Humphrey Metrodome
2000_17_MIN_IND,2000,REG,17,2000-12-24,Sunday,16:15,MIN,10.0,IND,31.0,Home,21.0,41.0,0.0,2000122406,1230.0,,200012240clt,,201224011,,7,7,,,3.0,,,53.5,,,0,dome,astroturf,,,00-0001785,00-0010346,Bubby Brewster,Peyton Manning,Dennis Green,Jim Mora,Bill Carollo,IND99,RCA Dome
2000_19_NO_MIN,2000,DIV,19,2001-01-06,Saturday,12:30,NO,16.0,MIN,34.0,Home,18.0,50.0,0.0,2001010600,1248.0,,200101060min,,210106016,,7,13,,,8.0,,,49.5,,,0,dome,astroturf,,,00-0001823,00-0003739,Aaron Brooks,Daunte Culpepper,Jim Haslett,Dennis Green,Walt Coleman,MIN00,Hubert H. Humphrey Metrodome
2000_20_MIN_NYG,2000,CON,20,2001-01-14,Sunday,13:00,MIN,0.0,NYG,41.0,Home,41.0,41.0,0.0,2001011401,1253.0,,200101140nyg,,210114019,,8,7,,,-1.0,,,41.5,,,0,outdoors,grass,35.0,5.0,00-0003739,00-0003292,Daunte Culpepper,Kerry Collins,Dennis Green,Jim Fassel,Tony Corrente,NYC00,Giants Stadium
2001_01_CAR_MIN,2001,REG,1,2001-09-09,Sunday,13:00,CAR,24.0,MIN,13.0,Home,-11.0,37.0,0.0,2001090901,17671.0,,200109090min,,210909016,,7,7,,,10.0,,,45.0,,,0,dome,astroturf,,,00-0020434,00-0003739,Chris Weinke,Daunte Culpepper,George Seifert,Dennis Green,Wayne McKreight,MIN00,Hubert H. Humphrey Metrodome
2001_02_MIN_CHI,2001,REG,2,2001-09-23,Sunday,13:00,MIN,10.0,CHI,17.0,Home,7.0,27.0,0.0,2001092304,17704.0,,200109230chi,,210923003,,14,14,,,-3.0,,,43.5,,,1,outdoors,grass,63.0,5.0,00-0003739,00-0010560,Daunte Culpepper,Shane Matthews,Dennis Green,Dick Jauron,Mike Carey,CHI98,Soldier Field
2001_03_TB_MIN,2001,REG,3,2001-09-30,Sunday,13:00,TB,16.0,MIN,20.0,Home,4.0,36.0,0.0,2001093011,17725.0,,200109300min,,210930016,,21,7,,,-2.5,,,39.0,,,1,dome,astroturf,,,00-0008442,00-0003739,Brad Johnson,Daunte Culpepper,Tony Dungy,Dennis Green,Ed Hochuli,MIN00,Hubert H. Humphrey Metrodome
2001_04_MIN_NO,2001,REG,4,2001-10-07,Sunday,13:00,MIN,15.0,NO,28.0,Home,13.0,43.0,0.0,2001100706,17734.0,,200110070nor,,211007018,,7,7,,,3.5,,,44.0,,,0,dome,astroturf,,,00-0003739,00-0001823,Daunte Culpepper,Aaron Brooks,Dennis Green,Jim Haslett,Bill Leavy,NOR00,Louisiana Superdome
2001_05_DET_MIN,2001,REG,5,2001-10-14,Sunday,13:00,DET,26.0,MIN,31.0,Home,5.0,57.0,0.0,2001101404,17746.0,,200110140min,,211014016,,6,7,,,10.0,,,44.0,,,1,dome,astroturf,,,00-0000865,00-0003739,Charlie Batch,Daunte Culpepper,Marty Mornhinweg,Dennis Green,Tony Corrente,MIN00,Hubert H. Humphrey Metrodome
2001_06_GB_MIN,2001,REG,6,2001-10-21,Sunday,16:15,GB,13.0,MIN,35.0,Home,22.0,48.0,0.0,2001102106,17763.0,,200110210min,,211021016,,7,7,,,-3.0,,,47.5,,,1,dome,astroturf,,,00-0005106,00-0003739,Brett Favre,Daunte Culpepper,Mike Sherman,Dennis Green,Ron Winter,MIN00,Hubert H. Humphrey Metrodome
2001_07_MIN_TB,2001,REG,7,2001-10-28,Sunday,13:00,MIN,14.0,TB,41.0,Home,27.0,55.0,0.0,2001102806,17776.0,,200110280tam,,211028027,,7,7,,,3.0,,,38.5,,,1,outdoors,grass,67.0,15.0,00-0003739,00-0008442,Daunte Culpepper,Brad Johnson,Dennis Green,Tony Dungy,Gerry Austin,TAM00,Raymond James Stadium
2001_09_MIN_PHI,2001,REG,9,2001-11-11,Sunday,16:15,MIN,17.0,PHI,48.0,Home,31.0,65.0,0.0,2001111107,17805.0,,200111110phi,,211111021,,14,7,,,4.5,,,41.0,,,0,outdoors,fieldturf,50.0,10.0,00-0003739,00-0011022,Daunte Culpepper,Donovan McNabb,Dennis Green,Andy Reid,Ron Blum,PHI99,Veterans Stadium
2001_10_NYG_MIN,2001,REG,10,2001-11-19,Monday,09:00,NYG,16.0,MIN,28.0,Home,12.0,44.0,0.0,2001111900,17827.0,,200111190min,,211119016,,8,8,,,2.0,,,44.0,,,0,dome,astroturf,,,00-0003292,00-0003739,Kerry Collins,Daunte Culpepper,Jim Fassel,Dennis Green,Bob McElwee,MIN00,Hubert H. Humphrey Metrodome
2001_11_CHI_MIN,2001,REG,11,2001-11-25,Sunday,20:30,CHI,13.0,MIN,6.0,Home,-7.0,19.0,0.0,2001112511,17841.0,,200111250min,,211125016,,7,6,,,3.0,,,45.0,,,1,dome,astroturf,,,00-0011276,00-0003739,Jim Miller,Daunte Culpepper,Dick Jauron,Dennis Green,Johnny Grier,MIN00,Hubert H. Humphrey Metrodome
2001_12_MIN_PIT,2001,REG,12,2001-12-02,Sunday,13:00,MIN,16.0,PIT,21.0,Home,5.0,37.0,0.0,2001120206,17850.0,,200112020pit,,211202023,,7,7,,,7.0,,,41.0,,,0,outdoors,grass,46.0,0.0,00-0003739,00-0015700,Daunte Culpepper,Kordell Stewart,Dennis Green,Bill Cowher,Tony Corrente,PIT00,Heinz Field
2001_13_TEN_MIN,2001,REG,13,2001-12-09,Sunday,13:00,TEN,24.0,MIN,42.0,Home,18.0,66.0,0.0,2001120911,17869.0,,200112090min,,211209016,,7,7,,,-2.5,,,42.5,,,0,dome,astroturf,,,00-0011024,00-0001545,Steve McNair,Todd Bouman,Jeff Fisher,Dennis Green,Tom White,MIN00,Hubert H. Humphrey Metrodome
2001_14_MIN_DET,2001,REG,14,2001-12-16,Sunday,13:00,MIN,24.0,DET,27.0,Home,3.0,51.0,0.0,2001121607,17882.0,,200112160det,,211216008,,7,7,,,-3.0,,,46.5,,,1,dome,astroturf,,,00-0001545,00-0020308,Todd Bouman,Mike McMahon,Dennis Green,Marty Mornhinweg,Ed Hochuli,DET99,Pontiac Silverdome
2001_15_JAX_MIN,2001,REG,15,2001-12-23,Sunday,13:00,JAX,33.0,MIN,3.0,Home,-30.0,36.0,0.0,2001122306,17897.0,,200112230min,,211223016,,7,7,,,2.5,,,45.5,,,0,dome,astroturf,,,00-0002110,00-0001545,Mark Brunell,Todd Bouman,Tom Coughlin,Dennis Green,Ron Blum,MIN00,Hubert H. Humphrey Metrodome
2001_16_MIN_GB,2001,REG,16,2001-12-30,Sunday,13:00,MIN,13.0,GB,24.0,Home,11.0,37.0,0.0,2001123007,17911.0,,200112300gnb,,211230009,,7,7,,,12.0,,,40.0,,,1,outdoors,grass,19.0,14.0,00-0019553,00-0005106,Spergon Wynn,Brett Favre,Dennis Green,Mike Sherman,Larry Nemmers,GNB00,Lambeau Field
2001_17_MIN_BAL,2001,REG,17,2002-01-07,Monday,09:00,MIN,3.0,BAL,19.0,Home,16.0,22.0,0.0,2002010700,17699.0,,200201070rav,,220107033,,8,9,,,10.0,,,37.5,,,0,outdoors,grass,36.0,11.0,00-0019553,00-0006300,Spergon Wynn,Elvis Grbac,Mike Tice,Brian Billick,Gerry Austin,BAL00,PSINet Stadium
2002_01_MIN_CHI,2002,REG,1,2002-09-08,Sunday,13:00,MIN,23.0,CHI,27.0,Home,4.0,50.0,0.0,2002090812,18097.0,,200209080chi,,220908003,,7,7,,,4.5,,,41.0,,,1,outdoors,astroplay,85.0,3.0,00-0003739,00-0011276,Daunte Culpepper,Jim Miller,Mike Tice,Dick Jauron,Mike Carey,CHI99,Memorial Stadium (Champaign)
2002_02_BUF_MIN,2002,REG,2,2002-09-15,Sunday,16:15,BUF,45.0,MIN,39.0,Home,-6.0,84.0,1.0,2002091509,18121.0,,200209150min,,220915016,,7,7,,,3.5,,,49.0,,,0,dome,astroturf,,,00-0001361,00-0003739,Drew Bledsoe,Daunte Culpepper,Gregg Williams,Mike Tice,Ron Winter,MIN00,Hubert H. Humphrey Metrodome
2002_03_CAR_MIN,2002,REG,3,2002-09-22,Sunday,13:00,CAR,21.0,MIN,14.0,Home,-7.0,35.0,0.0,2002092200,18129.0,,200209220min,,220922016,,7,7,,,6.5,,,44.5,,,0,dome,astroturf,,,00-0012732,00-0003739,Rodney Peete,Daunte Culpepper,John Fox,Mike Tice,Bernie Kukar,MIN00,Hubert H. Humphrey Metrodome
2002_04_MIN_SEA,2002,REG,4,2002-09-29,Sunday,20:30,MIN,23.0,SEA,48.0,Home,25.0,71.0,0.0,2002092911,18152.0,,200209290sea,,220929026,,7,7,,,3.0,,,44.0,,,0,outdoors,fieldturf,59.0,6.0,00-0003739,00-0004293,Daunte Culpepper,Trent Dilfer,Mike Tice,Mike Holmgren,Dick Hantak,SEA00,Seahawks Stadium
2002_06_DET_MIN,2002,REG,6,2002-10-13,Sunday,13:00,DET,24.0,MIN,31.0,Home,7.0,55.0,0.0,2002101308,18172.0,,200210130min,,221013016,,14,14,,,4.5,,,49.0,,,1,dome,astroturf,,,00-0021141,00-0003739,Joey Harrington,Daunte Culpepper,Marty Mornhinweg,Mike Tice,Larry Nemmers,MIN00,Hubert H. Humphrey Metrodome
2002_07_MIN_NYJ,2002,REG,7,2002-10-20,Sunday,13:00,MIN,7.0,NYJ,20.0,Home,13.0,27.0,0.0,2002102010,18188.0,,200210200nyj,,221020020,,7,14,,,3.0,,,49.0,,,0,outdoors,grass,57.0,10.0,00-0003739,00-0019559,Daunte Culpepper,Chad Pennington,Mike Tice,Herm Edwards,Mike Carey,NYC00,Giants Stadium
2002_08_CHI_MIN,2002,REG,8,2002-10-27,Sunday,13:00,CHI,7.0,MIN,25.0,Home,18.0,32.0,0.0,2002102702,18202.0,,200210270min,,221027016,,7,7,,,2.0,,,46.0,,,1,dome,astroturf,,,00-0002876,00-0003739,Chris Chandler,Daunte Culpepper,Dick Jauron,Mike Tice,Bill Leavy,MIN00,Hubert H. Humphrey Metrodome
2002_09_MIN_TB,2002,REG,9,2002-11-03,Sunday,13:00,MIN,24.0,TB,38.0,Home,14.0,62.0,0.0,2002110306,18217.0,,200211030tam,,221103027,,7,7,,,7.5,,,37.0,,,0,outdoors,grass,77.0,6.0,00-0003739,00-0008442,Daunte Culpepper,Brad Johnson,Mike Tice,Jon Gruden,Jeff Triplette,TAM00,Raymond James Stadium
2002_10_NYG_MIN,2002,REG,10,2002-11-10,Sunday,13:00,NYG,27.0,MIN,20.0,Home,-7.0,47.0,0.0,2002111012,18227.0,,200211100min,,221110016,,7,7,,,-1.5,,,45.0,,,0,dome,astroturf,,,00-0003292,00-0003739,Kerry Collins,Daunte Culpepper,Jim Fassel,Mike Tice,Tony Corrente,MIN00,Hubert H. Humphrey Metrodome
2002_11_GB_MIN,2002,REG,11,2002-11-17,Sunday,13:00,GB,21.0,MIN,31.0,Home,10.0,52.0,0.0,2002111710,18243.0,,200211170min,,221117016,,7,7,,,-6.5,,,50.5,,,1,dome,astroturf,,,00-0005106,00-0003739,Brett Favre,Daunte Culpepper,Mike Sherman,Mike Tice,Ron Blum,MIN00,Hubert H. Humphrey Metrodome
2002_12_MIN_NE,2002,REG,12,2002-11-24,Sunday,13:00,MIN,17.0,NE,24.0,Home,7.0,41.0,0.0,2002112413,18259.0,,200211240nwe,,221124017,,7,7,,,8.0,,,47.0,,,0,outdoors,grass,49.0,20.0,00-0003739,00-0019596,Daunte Culpepper,Tom Brady,Mike Tice,Bill Belichick,Gerry Austin,BOS00,Gillette Stadium
2002_13_ATL_MIN,2002,REG,13,2002-12-01,Sunday,13:00,ATL,30.0,MIN,24.0,Home,-6.0,54.0,1.0,2002120102,18278.0,,200212010min,,221201016,,7,7,,,-3.5,,,47.5,,,0,dome,astroturf,,,00-0020245,00-0003739,Michael Vick,Daunte Culpepper,Dan Reeves,Mike Tice,Ed Hochuli,MIN00,Hubert H. Humphrey Metrodome
2002_14_MIN_GB,2002,REG,14,2002-12-08,Sunday,20:30,MIN,22.0,GB,26.0,Home,4.0,48.0,0.0,2002120813,18300.0,,200212080gnb,,221208009,,7,7,,,9.5,,,43.5,,,1,outdoors,grass,11.0,5.0,00-0003739,00-0005106,Daunte Culpepper,Brett Favre,Mike Tice,Mike Sherman,Walt Coleman,GNB00,Lambeau Field
2002_15_MIN_NO,2002,REG,15,2002-12-15,Sunday,13:00,MIN,32.0,NO,31.0,Home,-1.0,63.0,0.0,2002121508,18310.0,,200212150nor,,221215018,,7,7,,,7.0,,,51.0,,,0,dome,astroturf,,,00-0003739,00-0001823,Daunte Culpepper,Aaron Brooks,Mike Tice,Jim Haslett,Bob McElwee,NOR00,Louisiana Superdome
2002_16_MIA_MIN,2002,REG,16,2002-12-21,Saturday,13:30,MIA,17.0,MIN,20.0,Home,3.0,37.0,0.0,2002122100,18318.0,,200212210min,,221221016,,6,6,,,-3.0,,,45.0,,,0,dome,astroturf,,,00-0005180,00-0003739,Jay Fiedler,Daunte Culpepper,Dave Wannstedt,Mike Tice,Johnny Grier,MIN00,Hubert H. Humphrey Metrodome
2002_17_MIN_DET,2002,REG,17,2002-12-29,Sunday,13:00,MIN,38.0,DET,36.0,Home,-2.0,74.0,0.0,2002122912,18338.0,,200212290det,,221229008,,8,7,,,-3.5,,,47.0,,,1,dome,fieldturf,,,00-0003739,00-0020308,Daunte Culpepper,Mike McMahon,Mike Tice,Marty Mornhinweg,Bill Carollo,DET00,Ford Field
2003_01_MIN_GB,2003,REG,1,2003-09-07,Sunday,13:00,MIN,30.0,GB,25.0,Home,-5.0,55.0,0.0,2003090706,26500.0,,200309070gnb,,230907009,,7,7,,,4.0,,,47.0,,,1,outdoors,grass,71.0,4.0,00-0003739,00-0005106,Daunte Culpepper,Brett Favre,Mike Tice,Mike Sherman,Peter Morelli,GNB00,Lambeau Field
2003_02_CHI_MIN,2003,REG,2,2003-09-14,Sunday,20:30,CHI,13.0,MIN,24.0,Home,11.0,37.0,0.0,2003091414,26524.0,,200309140min,,230914016,,7,7,,,9.0,,,44.5,,,1,dome,astroturf,,,00-0015700,00-0003739,Kordell Stewart,Daunte Culpepper,Dick Jauron,Mike Tice,Mike Carey,MIN00,Hubert H. Humphrey Metrodome
2003_03_MIN_DET,2003,REG,3,2003-09-21,Sunday,13:00,MIN,23.0,DET,13.0,Home,-10.0,36.0,0.0,2003092109,26528.0,,200309210det,,230921008,,7,7,,,-4.0,,,47.5,,,1,dome,fieldturf,,,00-0003739,00-0021141,Daunte Culpepper,Joey Harrington,Mike Tice,Steve Mariucci,Tom White,DET00,Ford Field
2003_04_SF_MIN,2003,REG,4,2003-09-28,Sunday,13:00,SF,7.0,MIN,35.0,Home,28.0,42.0,0.0,2003092810,26327.0,,200309280min,,230928016,,7,7,,,0.0,,,43.0,,,0,dome,astroturf,,,00-0005755,00-0005589,Jeff Garcia,Gus Frerotte,Dennis Erickson,Mike Tice,Larry Nemmers,MIN00,Hubert H. Humphrey Metrodome
2003_05_MIN_ATL,2003,REG,5,2003-10-05,Sunday,13:00,MIN,39.0,ATL,26.0,Home,-13.0,65.0,0.0,2003100502,26336.0,,200310050atl,,231005001,,7,7,,,-4.5,,,43.5,,,0,dome,fieldturf,,,00-0005589,00-0019087,Gus Frerotte,Doug Johnson,Mike Tice,Dan Reeves,Ron Blum,ATL00,Georgia Dome
2003_07_DEN_MIN,2003,REG,7,2003-10-19,Sunday,13:00,DEN,20.0,MIN,28.0,Home,8.0,48.0,0.0,2003101901,26372.0,,200310190min,,231019016,,7,14,,,4.0,,,44.0,,,0,dome,astroturf,,,00-0001218,00-0003739,Steve Beuerlein,Daunte Culpepper,Mike Shanahan,Mike Tice,Bill Carollo,MIN00,Hubert H. Humphrey Metrodome
2003_08_NYG_MIN,2003,REG,8,2003-10-26,Sunday,13:00,NYG,29.0,MIN,17.0,Home,-12.0,46.0,0.0,2003102609,26383.0,,200310260min,,231026016,,7,7,,,5.5,,,44.5,,,0,dome,astroturf,,,00-0003292,00-0003739,Kerry Collins,Daunte Culpepper,Jim Fassel,Mike Tice,Tony Corrente,MIN00,Hubert H. Humphrey Metrodome
2003_09_GB_MIN,2003,REG,9,2003-11-02,Sunday,20:30,GB,30.0,MIN,27.0,Home,-3.0,57.0,0.0,2003110206,26404.0,,200311020min,,231102016,,14,7,,,5.5,,,49.0,,,1,dome,astroturf,,,00-0005106,00-0003739,Brett Favre,Daunte Culpepper,Mike Sherman,Mike Tice,Bernie Kukar,MIN00,Hubert H. Humphrey Metrodome
2003_10_MIN_SD,2003,REG,10,2003-11-09,Sunday,16:05,MIN,28.0,SD,42.0,Home,14.0,70.0,0.0,2003110911,26417.0,,200311090sdg,,231109024,,7,7,,,-5.5,,,45.0,,,0,outdoors,grass,66.0,9.0,00-0003739,00-0005363,Daunte Culpepper,Doug Flutie,Mike Tice,Marty Schottenheimer,Ed Hochuli,SDG00,Qualcomm Stadium
2003_11_MIN_OAK,2003,REG,11,2003-11-16,Sunday,16:15,MIN,18.0,OAK,28.0,Home,10.0,46.0,0.0,2003111614,26428.0,,200311160rai,,231116013,,7,7,,,-4.5,,,46.0,,,0,outdoors,grass,55.0,6.0,00-0003739,00-0011378,Daunte Culpepper,Rick Mirer,Mike Tice,Bill Callahan,Bill Leavy,OAK00,Network Associates Coliseum
2003_12_DET_MIN,2003,REG,12,2003-11-23,Sunday,13:00,DET,14.0,MIN,24.0,Home,10.0,38.0,0.0,2003112308,26443.0,,200311230min,,231123016,,7,7,,,10.5,,,47.5,,,1,dome,astroturf,,,00-0021141,00-0003739,Joey Harrington,Daunte Culpepper,Steve Mariucci,Mike Tice,Peter Morelli,MIN00,Hubert H. Humphrey Metrodome
2003_13_MIN_STL,2003,REG,13,2003-11-30,Sunday,13:00,MIN,17.0,STL,48.0,Home,31.0,65.0,0.0,2003113002,26461.0,,200311300ram,,231130014,,7,7,,,6.0,,,51.0,,,0,dome,astroturf,,,00-0003739,00-0019599,Daunte Culpepper,Marc Bulger,Mike Tice,Mike Martz,Terry McAulay,STL00,Edward Jones Dome
2003_14_SEA_MIN,2003,REG,14,2003-12-07,Sunday,13:00,SEA,7.0,MIN,34.0,Home,27.0,41.0,0.0,2003120707,26473.0,,200312070min,,231207016,,7,7,,,-1.0,,,52.5,,,0,dome,astroturf,,,00-0007091,00-0003739,Matt Hasselbeck,Daunte Culpepper,Mike Holmgren,Mike Tice,Larry Nemmers,MIN00,Hubert H. Humphrey Metrodome
2003_15_MIN_CHI,2003,REG,15,2003-12-14,Sunday,13:00,MIN,10.0,CHI,13.0,Home,3.0,23.0,0.0,2003121403,26484.0,,200312140chi,,231214003,,7,7,,,-3.0,,,39.5,,,1,outdoors,grass,33.0,6.0,00-0003739,00-0022121,Daunte Culpepper,Rex Grossman,Mike Tice,Dick Jauron,Jeff Triplette,CHI98,Soldier Field
2003_16_KC_MIN,2003,REG,16,2003-12-20,Saturday,17:00,KC,20.0,MIN,45.0,Home,25.0,65.0,0.0,2003122002,26542.0,,200312200min,,231220016,,6,6,,,-3.0,,,54.0,,,0,dome,astroturf,,,00-0006355,00-0003739,Trent Green,Daunte Culpepper,Dick Vermeil,Mike Tice,Ron Blum,MIN00,Hubert H. Humphrey Metrodome
2003_17_MIN_ARI,2003,REG,17,2003-12-28,Sunday,16:05,MIN,17.0,ARI,18.0,Home,1.0,35.0,0.0,2003122809,26569.0,,200312280crd,,231228022,,8,7,,,-7.5,,,45.5,,,0,outdoors,grass,51.0,4.0,00-0003739,00-0021206,Daunte Culpepper,Josh McCown,Mike Tice,Dave McGinnis,Tony Corrente,PHO99,Sun Devil Stadium
2004_01_DAL_MIN,2004,REG,1,2004-09-12,Sunday,16:15,DAL,17.0,MIN,35.0,Home,18.0,52.0,0.0,2004091210,26920.0,,200409120min,,240912016,,7,7,,,6.5,,,44.0,,,0,dome,fieldturf,,,00-0016193,00-0003739,Vinny Testaverde,Daunte Culpepper,Bill Parcells,Mike Tice,Peter Morelli,MIN00,Hubert H. Humphrey Metrodome
2004_02_MIN_PHI,2004,REG,2,2004-09-20,Monday,09:00,MIN,16.0,PHI,27.0,Home,11.0,43.0,0.0,2004092000,26940.0,,200409200phi,,240920021,,8,8,,,3.0,,,51.0,,,0,outdoors,grass,61.0,1.0,00-0003739,00-0011022,Daunte Culpepper,Donovan McNabb,Mike Tice,Andy Reid,Bill Carollo,PHI00,Lincoln Financial Field
2004_03_CHI_MIN,2004,REG,3,2004-09-26,Sunday,13:00,CHI,22.0,MIN,27.0,Home,5.0,49.0,0.0,2004092605,26946.0,,200409260min,,240926016,,7,6,,,12.0,,,45.0,,,1,dome,fieldturf,,,00-0022121,00-0003739,Rex Grossman,Daunte Culpepper,Lovie Smith,Mike Tice,Mike Carey,MIN00,Hubert H. Humphrey Metrodome
2004_05_MIN_HOU,2004,REG,5,2004-10-10,Sunday,13:00,MIN,34.0,HOU,28.0,Home,-6.0,62.0,1.0,2004101002,26971.0,,200410100htx,,241010034,,14,7,,,-3.5,,,50.0,,,0,open,grass,,,00-0003739,00-0020608,Daunte Culpepper,David Carr,Mike Tice,Dom Capers,Ed Hochuli,HOU00,Reliant Stadium
2004_06_MIN_NO,2004,REG,6,2004-10-17,Sunday,20:30,MIN,38.0,NO,31.0,Home,-7.0,69.0,0.0,2004101712,26995.0,,200410170nor,,241017018,,7,7,,,-3.5,,,53.0,,,0,dome,fieldturf,,,00-0003739,00-0001823,Daunte Culpepper,Aaron Brooks,Mike Tice,Jim Haslett,Tony Corrente,NOR00,Louisiana Superdome
2004_07_TEN_MIN,2004,REG,7,2004-10-24,Sunday,13:00,TEN,3.0,MIN,20.0,Home,17.0,23.0,0.0,2004102406,27003.0,,200410240min,,241024016,,7,7,,,6.0,,,53.0,,,0,dome,fieldturf,,,00-0011024,00-0003739,Steve McNair,Daunte Culpepper,Jeff Fisher,Mike Tice,Peter Morelli,MIN00,Hubert H. Humphrey Metrodome
2004_08_NYG_MIN,2004,REG,8,2004-10-31,Sunday,13:00,NYG,34.0,MIN,13.0,Home,-21.0,47.0,0.0,2004103104,27015.0,,200410310min,,241031016,,7,7,,,6.5,,,48.5,,,0,dome,fieldturf,,,00-0017200,00-0003739,Kurt Warner,Daunte Culpepper,Tom Coughlin,Mike Tice,Larry Nemmers,MIN00,Hubert H. Humphrey Metrodome
2004_09_MIN_IND,2004,REG,9,2004-11-08,Monday,09:00,MIN,28.0,IND,31.0,Home,3.0,59.0,0.0,2004110800,27038.0,,200411080clt,,241108011,,8,8,,,7.0,,,58.0,,,0,dome,astroturf,,,00-0003739,00-0010346,Daunte Culpepper,Peyton Manning,Mike Tice,Tony Dungy,Gerry Austin,IND99,RCA Dome
2004_10_MIN_GB,2004,REG,10,2004-11-14,Sunday,16:15,MIN,31.0,GB,34.0,Home,3.0,65.0,0.0,2004111410,27049.0,,200411140gnb,,241114009,,6,14,,,4.5,,,50.0,,,1,outdoors,grass,46.0,7.0,00-0003739,00-0005106,Daunte Culpepper,Brett Favre,Mike Tice,Mike Sherman,Ron Winter,GNB00,Lambeau Field
2004_11_DET_MIN,2004,REG,11,2004-11-21,Sunday,13:00,DET,19.0,MIN,22.0,Home,3.0,41.0,0.0,2004112107,27060.0,,200411210min,,241121018,,7,7,,,8.0,,,48.0,,,1,dome,fieldturf,,,00-0021141,00-0003739,Joey Harrington,Daunte Culpepper,Steve Mariucci,Mike Tice,Ed Hochuli,MIN00,Hubert H. Humphrey Metrodome
2004_12_JAX_MIN,2004,REG,12,2004-11-28,Sunday,13:00,JAX,16.0,MIN,27.0,Home,11.0,43.0,0.0,2004112804,27075.0,,200411280min,,241128016,,7,7,,,6.0,,,45.5,,,0,dome,fieldturf,,,00-0022177,00-0003739,Byron Leftwich,Daunte Culpepper,Jack Del Rio,Mike Tice,Bill Carollo,MIN00,Hubert H. Humphrey Metrodome
2004_13_MIN_CHI,2004,REG,13,2004-12-05,Sunday,13:00,MIN,14.0,CHI,24.0,Home,10.0,38.0,0.0,2004120501,27086.0,,200412050chi,,241205003,,7,10,,,-7.0,,,40.5,,,1,outdoors,grass,45.0,14.0,00-0003739,00-0020562,Daunte Culpepper,Chad Hutchinson,Mike Tice,Lovie Smith,Tony Corrente,CHI98,Soldier Field
2004_14_SEA_MIN,2004,REG,14,2004-12-12,Sunday,13:00,SEA,27.0,MIN,23.0,Home,-4.0,50.0,0.0,2004121207,27108.0,,200412120min,,241212016,,6,7,,,6.5,,,54.0,,,0,dome,fieldturf,,,00-0007091,00-0003739,Matt Hasselbeck,Daunte Culpepper,Mike Holmgren,Mike Tice,Bill Vinovich,MIN00,Hubert H. Humphrey Metrodome
2004_15_MIN_DET,2004,REG,15,2004-12-19,Sunday,13:00,MIN,28.0,DET,27.0,Home,-1.0,55.0,0.0,2004121903,27123.0,,200412190det,,241219008,,7,7,,,-3.0,,,48.5,,,1,dome,fieldturf,,,00-0003739,00-0021141,Daunte Culpepper,Joey Harrington,Mike Tice,Steve Mariucci,Bernie Kukar,DET00,Ford Field
2004_16_GB_MIN,2004,REG,16,2004-12-24,Friday,15:00,GB,34.0,MIN,31.0,Home,-3.0,65.0,0.0,2004122400,27133.0,,200412240min,,241224016,,5,5,,,3.5,,,56.0,,,1,dome,fieldturf,,,00-0005106,00-0003739,Brett Favre,Daunte Culpepper,Mike Sherman,Mike Tice,Bill Leavy,MIN00,Hubert H. Humphrey Metrodome
2004_17_MIN_WAS,2004,REG,17,2005-01-02,Sunday,13:00,MIN,18.0,WAS,21.0,Home,3.0,39.0,0.0,2005010209,27158.0,,200501020was,,250102028,,9,7,,,-4.0,,,41.0,,,0,outdoors,grass,46.0,0.0,00-0003739,00-0021379,Daunte Culpepper,Patrick Ramsey,Mike Tice,Joe Gibbs,Scott Green,WAS00,FedExField
2004_18_MIN_GB,2004,WC,18,2005-01-09,Sunday,16:30,MIN,31.0,GB,17.0,Home,-14.0,48.0,0.0,2005010902,27236.0,,200501090gnb,,250109009,,7,7,,,6.0,,,52.5,,,1,outdoors,grass,26.0,4.0,00-0003739,00-0005106,Daunte Culpepper,Brett Favre,Mike Tice,Mike Sherman,Walt Anderson,GNB00,Lambeau Field
2004_19_MIN_PHI,2004,DIV,19,2005-01-16,Sunday,13:00,MIN,14.0,PHI,27.0,Home,13.0,41.0,0.0,2005011600,27239.0,,200501160phi,,250116021,,7,14,,,8.0,,,47.0,,,0,outdoors,grass,31.0,16.0,00-0003739,00-0011022,Daunte Culpepper,Donovan McNabb,Mike Tice,Andy Reid,Peter Morelli,PHI00,Lincoln Financial Field
2005_01_TB_MIN,2005,REG,1,2005-09-11,Sunday,13:00,TB,24.0,MIN,13.0,Home,-11.0,37.0,0.0,2005091109,28532.0,,200509110min,,250911016,,7,7,,,6.0,,,43.5,,,0,dome,fieldturf,,,00-0006423,00-0003739,Brian Griese,Daunte Culpepper,Jon Gruden,Mike Tice,Mike Carey,MIN00,Hubert H. Humphrey Metrodome
2005_02_MIN_CIN,2005,REG,2,2005-09-18,Sunday,13:00,MIN,8.0,CIN,37.0,Home,29.0,45.0,0.0,2005091804,28543.0,,200509180cin,,250918004,,7,7,,,3.0,,,47.0,,,0,outdoors,fieldturf,74.0,0.0,00-0003739,00-0021429,Daunte Culpepper,Carson Palmer,Mike Tice,Marvin Lewis,Bill Carollo,CIN00,Paul Brown Stadium
2005_03_NO_MIN,2005,REG,3,2005-09-25,Sunday,13:00,NO,16.0,MIN,33.0,Home,17.0,49.0,0.0,2005092505,28562.0,,200509250min,,250925016,,6,7,,,3.5,,,44.5,,,0,dome,fieldturf,,,00-0001823,00-0003739,Aaron Brooks,Daunte Culpepper,Jim Haslett,Mike Tice,Peter Morelli,MIN00,Hubert H. Humphrey Metrodome
2005_04_MIN_ATL,2005,REG,4,2005-10-02,Sunday,16:15,MIN,10.0,ATL,30.0,Home,20.0,40.0,0.0,2005100211,28581.0,,200510020atl,,251002001,,7,7,,,6.0,,,44.5,,,0,dome,fieldturf,,,00-0003739,00-0020245,Daunte Culpepper,Michael Vick,Mike Tice,Jim Mora,Jeff Triplette,ATL00,Georgia Dome
2005_06_MIN_CHI,2005,REG,6,2005-10-16,Sunday,13:00,MIN,3.0,CHI,28.0,Home,25.0,31.0,0.0,2005101606,28600.0,,200510160chi,,251016003,,14,7,,,2.0,,,37.5,,,1,outdoors,grass,57.0,9.0,00-0003739,00-0023541,Daunte Culpepper,Kyle Orton,Mike Tice,Lovie Smith,Bernie Kukar,CHI98,Soldier Field
2005_07_GB_MIN,2005,REG,7,2005-10-23,Sunday,13:00,GB,20.0,MIN,23.0,Home,3.0,43.0,0.0,2005102301,28617.0,,200510230min,,251023016,,14,7,,,2.0,,,46.0,,,1,dome,fieldturf,,,00-0005106,00-0003739,Brett Favre,Daunte Culpepper,Mike Sherman,Mike Tice,Bill Leavy,MIN00,Hubert H. Humphrey Metrodome
2005_08_MIN_CAR,2005,REG,8,2005-10-30,Sunday,13:00,MIN,13.0,CAR,38.0,Home,25.0,51.0,0.0,2005103006,28627.0,,200510300car,,251030029,,7,14,,,8.0,,,44.0,,,0,outdoors,grass,70.0,5.0,00-0003739,00-0004161,Daunte Culpepper,Jake Delhomme,Mike Tice,John Fox,Scott Green,CAR00,Bank of America Stadium
2005_09_DET_MIN,2005,REG,9,2005-11-06,Sunday,13:00,DET,14.0,MIN,27.0,Home,13.0,41.0,0.0,2005110604,28646.0,,200511060min,,251106016,,7,7,,,-1.5,,,37.5,,,1,dome,fieldturf,,,00-0021141,00-0008442,Joey Harrington,Brad Johnson,Steve Mariucci,Mike Tice,Bill Vinovich,MIN00,Hubert H. Humphrey Metrodome
2005_10_MIN_NYG,2005,REG,10,2005-11-13,Sunday,13:00,MIN,24.0,NYG,21.0,Home,-3.0,45.0,0.0,2005111304,28661.0,,200511130nyg,,251113019,,7,7,,,10.0,,,45.0,,,0,outdoors,fieldturf,62.0,14.0,00-0008442,00-0022803,Brad Johnson,Eli Manning,Mike Tice,Tom Coughlin,Terry McAulay,NYC00,Giants Stadium
2005_11_MIN_GB,2005,REG,11,2005-11-21,Monday,09:00,MIN,20.0,GB,17.0,Home,-3.0,37.0,0.0,2005112100,28684.0,,200511210gnb,,251121009,,8,8,,,3.5,,,45.0,,,1,outdoors,grass,36.0,7.0,00-0008442,00-0005106,Brad Johnson,Brett Favre,Mike Tice,Mike Sherman,Walt Anderson,GNB00,Lambeau Field
2005_12_CLE_MIN,2005,REG,12,2005-11-27,Sunday,13:00,CLE,12.0,MIN,24.0,Home,12.0,36.0,0.0,2005112703,28691.0,,200511270min,,251127016,,7,6,,,3.5,,,40.0,,,0,dome,fieldturf,,,00-0004293,00-0008442,Trent Dilfer,Brad Johnson,Romeo Crennel,Mike Tice,Tony Corrente,MIN00,Hubert H. Humphrey Metrodome
2005_13_MIN_DET,2005,REG,13,2005-12-04,Sunday,13:00,MIN,21.0,DET,16.0,Home,-5.0,37.0,0.0,2005120407,28705.0,,200512040det,,251204008,,7,10,,,-3.0,,,38.0,,,1,dome,fieldturf,,,00-0008442,00-0005755,Brad Johnson,Jeff Garcia,Mike Tice,Dick Jauron,Tom White,DET00,Ford Field
2005_14_STL_MIN,2005,REG,14,2005-12-11,Sunday,13:00,STL,13.0,MIN,27.0,Home,14.0,40.0,0.0,2005121106,28721.0,,200512110min,,251211016,,7,7,,,7.0,,,45.5,,,0,dome,fieldturf,,,00-0023682,00-0008442,Ryan Fitzpatrick,Brad Johnson,Joe Vitt,Mike Tice,Larry Nemmers,MIN00,Hubert H. Humphrey Metrodome
2005_15_PIT_MIN,2005,REG,15,2005-12-18,Sunday,13:00,PIT,18.0,MIN,3.0,Home,-15.0,21.0,0.0,2005121804,28740.0,,200512180min,,251218016,,7,7,,,-3.0,,,41.5,,,0,dome,fieldturf,,,00-0022924,00-0008442,Ben Roethlisberger,Brad Johnson,Bill Cowher,Mike Tice,Ed Hochuli,MIN00,Hubert H. Humphrey Metrodome
2005_16_MIN_BAL,2005,REG,16,2005-12-25,Sunday,20:30,MIN,23.0,BAL,30.0,Home,7.0,53.0,0.0,2005122501,28763.0,,200512250rav,,251225033,,7,6,,,2.5,,,34.0,,,0,outdoors,sportturf,43.0,5.0,00-0008442,00-0022164,Brad Johnson,Kyle Boller,Mike Tice,Brian Billick,Gerald Austin,BAL00,M&T Bank Stadium
2005_17_CHI_MIN,2005,REG,17,2006-01-01,Sunday,16:15,CHI,10.0,MIN,34.0,Home,24.0,44.0,0.0,2006010104,28771.0,,200601010min,,260101016,,7,7,,,3.0,,,35.0,,,1,dome,fieldturf,,,00-0023541,00-0008442,Kyle Orton,Brad Johnson,Lovie Smith,Mike Tice,Mike Carey,MIN00,Hubert H. Humphrey Metrodome
2006_01_MIN_WAS,2006,REG,1,2006-09-11,Monday,19:00,MIN,19.0,WAS,16.0,Home,-3.0,35.0,0.0,2006091100,28876.0,,200609110was,3756.0,260911028,,7,7,,,4.0,,,35.5,,,0,outdoors,grass,65.0,9.0,00-0008442,00-0002110,Brad Johnson,Mark Brunell,Brad Childress,Joe Gibbs,Mike Carey,WAS00,FedExField
2006_02_CAR_MIN,2006,REG,2,2006-09-17,Sunday,13:00,CAR,13.0,MIN,16.0,Home,3.0,29.0,1.0,2006091707,28884.0,,200609170min,3769.0,260917016,,7,6,,,2.0,,,37.5,,,0,dome,fieldturf,,,00-0004161,00-0008442,Jake Delhomme,Brad Johnson,John Fox,Brad Childress,Bill Leavy,MIN00,Hubert H. Humphrey Metrodome
2006_03_CHI_MIN,2006,REG,3,2006-09-24,Sunday,13:00,CHI,19.0,MIN,16.0,Home,-3.0,35.0,0.0,2006092405,28899.0,,200609240min,3780.0,260924016,,7,7,,,-3.5,,,35.0,,,1,dome,fieldturf,,,00-0022121,00-0008442,Rex Grossman,Brad Johnson,Lovie Smith,Brad Childress,Scott Green,MIN00,Hubert H. Humphrey Metrodome
2006_04_MIN_BUF,2006,REG,4,2006-10-01,Sunday,13:00,MIN,12.0,BUF,17.0,Home,5.0,29.0,0.0,2006100102,28909.0,,200610010buf,3792.0,261001002,,7,7,119.0,-129.0,1.0,113.0,-121.0,34.5,-106.0,-104.0,0,outdoors,astroplay,58.0,11.0,00-0008442,00-0022912,Brad Johnson,J.P. Losman,Brad Childress,Dick Jauron,Ron Winter,BUF00,Ralph Wilson Stadium
2006_05_DET_MIN,2006,REG,5,2006-10-08,Sunday,13:00,DET,17.0,MIN,26.0,Home,9.0,43.0,0.0,2006100804,28926.0,,200610080min,3808.0,261008016,,7,7,249.0,-269.0,4.0,-105.0,-105.0,41.0,,,1,dome,fieldturf,,,00-0009311,00-0008442,Jon Kitna,Brad Johnson,Rod Marinelli,Brad Childress,Gerry Austin,MIN00,Hubert H. Humphrey Metrodome
2006_07_MIN_SEA,2006,REG,7,2006-10-22,Sunday,16:15,MIN,31.0,SEA,13.0,Home,-18.0,44.0,0.0,2006102211,28959.0,,200610220sea,3844.0,261022026,,14,7,255.0,-275.0,6.0,104.0,-112.0,40.0,-108.0,-102.0,0,outdoors,fieldturf,60.0,5.0,00-0008442,00-0007091,Brad Johnson,Matt Hasselbeck,Brad Childress,Mike Holmgren,Walt Anderson,SEA00,Qwest Field
2006_08_NE_MIN,2006,REG,8,2006-10-30,Monday,20:30,NE,31.0,MIN,7.0,Home,-24.0,38.0,0.0,2006103000,28974.0,,200610300min,3859.0,261030016,,8,8,-113.0,103.0,-1.0,-108.0,100.0,39.5,103.0,-113.0,0,dome,fieldturf,,,00-0019596,00-0008442,Tom Brady,Brad Johnson,Bill Belichick,Brad Childress,Larry Nemmers,MIN00,Hubert H. Humphrey Metrodome
2006_09_MIN_SF,2006,REG,9,2006-11-05,Sunday,16:05,MIN,3.0,SF,9.0,Home,6.0,12.0,0.0,2006110509,28987.0,,200611050sfo,3864.0,261105025,,6,7,-202.0,184.0,-4.0,105.0,-113.0,42.5,-105.0,-105.0,0,outdoors,grass,62.0,7.0,00-0008442,00-0023436,Brad Johnson,Alex Smith,Brad Childress,Mike Nolan,Ed Hochuli,SFO00,Monster Park
2006_10_GB_MIN,2006,REG,10,2006-11-12,Sunday,13:00,GB,23.0,MIN,17.0,Home,-6.0,40.0,0.0,2006111206,28995.0,,200611120min,3880.0,261112016,,7,7,187.0,-205.0,5.0,-110.0,102.0,40.0,-108.0,-102.0,1,dome,fieldturf,,,00-0005106,00-0008442,Brett Favre,Brad Johnson,Mike McCarthy,Brad Childress,Terry McAulay,MIN00,Hubert H. Humphrey Metrodome
2006_11_MIN_MIA,2006,REG,11,2006-11-19,Sunday,13:00,MIN,20.0,MIA,24.0,Home,4.0,44.0,0.0,2006111907,29011.0,,200611190mia,3899.0,261119015,,7,7,175.0,-185.0,3.0,119.0,-127.0,34.0,-108.0,-102.0,0,outdoors,grass,68.0,9.0,00-0008442,00-0021141,Brad Johnson,Joey Harrington,Brad Childress,Nick Saban,Jeff Triplette,MIA00,Dolphin Stadium
2006_12_ARI_MIN,2006,REG,12,2006-11-26,Sunday,13:00,ARI,26.0,MIN,31.0,Home,5.0,57.0,0.0,2006112605,29028.0,,200611260min,3919.0,261126016,,7,7,255.0,-275.0,7.0,-110.0,102.0,39.0,-112.0,102.0,0,dome,fieldturf,,,00-0024225,00-0008442,Matt Leinart,Brad Johnson,Dennis Green,Brad Childress,Jerome Boger,MIN00,Hubert H. Humphrey Metrodome
2006_13_MIN_CHI,2006,REG,13,2006-12-03,Sunday,13:00,MIN,13.0,CHI,23.0,Home,10.0,36.0,0.0,2006120313,29039.0,,200612030chi,3924.0,261203003,,7,7,370.0,-410.0,9.0,-108.0,100.0,34.0,-103.0,-107.0,1,outdoors,grass,20.0,15.0,00-0008442,00-0022121,Brad Johnson,Rex Grossman,Brad Childress,Lovie Smith,Tony Corrente,CHI98,Soldier Field
2006_14_MIN_DET,2006,REG,14,2006-12-10,Sunday,13:00,MIN,30.0,DET,20.0,Home,-10.0,50.0,0.0,2006121003,29057.0,,200612100det,3946.0,261210008,,7,7,106.0,-116.0,1.0,102.0,-110.0,40.5,104.0,-114.0,1,dome,fieldturf,,,00-0008442,00-0009311,Brad Johnson,Jon Kitna,Brad Childress,Rod Marinelli,Bill Carollo,DET00,Ford Field
2006_15_NYJ_MIN,2006,REG,15,2006-12-17,Sunday,13:00,NYJ,26.0,MIN,13.0,Home,-13.0,39.0,0.0,2006121705,29082.0,,200612170min,3963.0,261217016,,7,7,179.0,-189.0,3.5,100.0,-108.0,41.0,-101.0,-109.0,0,dome,fieldturf,,,00-0019559,00-0008442,Chad Pennington,Brad Johnson,Eric Mangini,Brad Childress,Bill Vinovich,MIN00,Hubert H. Humphrey Metrodome
2006_16_MIN_GB,2006,REG,16,2006-12-21,Thursday,20:00,MIN,7.0,GB,9.0,Home,2.0,16.0,0.0,2006122100,29085.0,,200612210gnb,3970.0,261221009,,4,4,178.0,-191.0,4.0,-104.0,-104.0,38.0,-109.0,-101.0,1,outdoors,grass,36.0,10.0,00-0024279,00-0005106,Tarvaris Jackson,Brett Favre,Brad Childress,Mike McCarthy,Gene Steratore,GNB00,Lambeau Field
2006_17_STL_MIN,2006,REG,17,2006-12-31,Sunday,13:00,STL,41.0,MIN,21.0,Home,-20.0,62.0,0.0,2006123107,29106.0,,200612310min,3989.0,261231016,,7,10,-118.0,108.0,-1.0,-113.0,105.0,43.0,-122.0,112.0,0,dome,fieldturf,,,00-0019599,00-0024279,Marc Bulger,Tarvaris Jackson,Scott Linehan,Brad Childress,Peter Morelli,MIN00,Hubert H. Humphrey Metrodome
2007_01_ATL_MIN,2007,REG,1,2007-09-09,Sunday,13:00,ATL,3.0,MIN,24.0,Home,21.0,27.0,0.0,2007090904,29201.0,,200709090min,737.0,270909016,,7,7,152.0,-162.0,3.0,104.0,-112.0,34.5,-105.0,-105.0,0,dome,fieldturf,,,00-0021141,00-0024279,Joey Harrington,Tarvaris Jackson,Bobby Petrino,Brad Childress,John Parry,MIN00,Hubert H. Humphrey Metrodome
2007_02_MIN_DET,2007,REG,2,2007-09-16,Sunday,16:05,MIN,17.0,DET,20.0,Home,3.0,37.0,1.0,2007091609,29220.0,,200709160det,756.0,270916008,,7,7,166.0,-176.0,3.0,110.0,-118.0,42.5,-105.0,-105.0,1,dome,fieldturf,,,00-0024279,00-0009311,Tarvaris Jackson,Jon Kitna,Brad Childress,Rod Marinelli,Bill Leavy,DET00,Ford Field
2007_03_MIN_KC,2007,REG,3,2007-09-23,Sunday,13:00,MIN,10.0,KC,13.0,Home,3.0,23.0,0.0,2007092303,29230.0,,200709230kan,766.0,270923012,,7,7,152.0,-162.0,3.0,-101.0,-107.0,34.0,-104.0,-106.0,0,outdoors,grass,83.0,5.0,00-0007576,00-0007835,Kelly Holcomb,Damon Huard,Brad Childress,Herm Edwards,Walt Anderson,KAN00,Arrowhead Stadium
2007_04_GB_MIN,2007,REG,4,2007-09-30,Sunday,13:00,GB,23.0,MIN,16.0,Home,-7.0,39.0,0.0,2007093006,29249.0,,200709300min,785.0,270930016,,7,7,-107.0,-103.0,-1.0,102.0,-110.0,38.0,-110.0,100.0,1,dome,fieldturf,,,00-0005106,00-0007576,Brett Favre,Kelly Holcomb,Mike McCarthy,Brad Childress,Ed Hochuli,MIN00,Hubert H. Humphrey Metrodome
2007_06_MIN_CHI,2007,REG,6,2007-10-14,Sunday,13:00,MIN,34.0,CHI,31.0,Home,-3.0,65.0,0.0,2007101401,29272.0,,200710140chi,808.0,271014003,,14,7,205.0,-225.0,4.5,-106.0,-102.0,35.5,-105.0,-105.0,1,outdoors,grass,55.0,5.0,00-0024279,00-0006423,Tarvaris Jackson,Brian Griese,Brad Childress,Lovie Smith,Gene Steratore,CHI98,Soldier Field
2007_07_MIN_DAL,2007,REG,7,2007-10-21,Sunday,16:15,MIN,14.0,DAL,24.0,Home,10.0,38.0,0.0,2007102101,29285.0,,200710210dal,821.0,271021006,,7,7,360.0,-400.0,9.5,-114.0,106.0,45.5,102.0,-112.0,0,outdoors,fieldturf,88.0,0.0,00-0024279,00-0021678,Tarvaris Jackson,Tony Romo,Brad Childress,Wade Phillips,Walt Coleman,DAL99,Texas Stadium
2007_08_PHI_MIN,2007,REG,8,2007-10-28,Sunday,13:00,PHI,23.0,MIN,16.0,Home,-7.0,39.0,0.0,2007102804,29302.0,,200710280min,838.0,271028016,,7,7,-108.0,-102.0,1.0,-113.0,105.0,37.5,-110.0,100.0,0,dome,fieldturf,,,00-0011022,00-0007576,Donovan McNabb,Kelly Holcomb,Andy Reid,Brad Childress,Bill Carollo,MIN00,Hubert H. Humphrey Metrodome
2007_09_SD_MIN,2007,REG,9,2007-11-04,Sunday,13:00,SD,17.0,MIN,35.0,Home,18.0,52.0,0.0,2007110404,29315.0,,200711040min,851.0,271104016,,7,7,-315.0,285.0,-7.0,-104.0,-104.0,41.5,-113.0,103.0,0,dome,fieldturf,,,00-0022942,00-0024279,Philip Rivers,Tarvaris Jackson,Norv Turner,Brad Childress,Mike Carey,MIN00,Hubert H. Humphrey Metrodome
2007_10_MIN_GB,2007,REG,10,2007-11-11,Sunday,13:00,MIN,0.0,GB,34.0,Home,34.0,34.0,0.0,2007111101,29326.0,,200711110gnb,862.0,271111009,,7,7,215.0,-235.0,5.5,101.0,-109.0,41.0,-102.0,-108.0,1,outdoors,grass,49.0,10.0,00-0022026,00-0005106,Brooks Bollinger,Brett Favre,Brad Childress,Mike McCarthy,Gerry Austin,GNB00,Lambeau Field
2007_11_OAK_MIN,2007,REG,11,2007-11-18,Sunday,13:00,OAK,22.0,MIN,29.0,Home,7.0,51.0,0.0,2007111809,29348.0,,200711180min,884.0,271118016,,7,7,205.0,-225.0,4.5,-111.0,103.0,35.0,-108.0,-102.0,0,dome,fieldturf,,,00-0003739,00-0024279,Daunte Culpepper,Tarvaris Jackson,Lane Kiffin,Brad Childress,Jeff Triplette,MIN00,Hubert H. Humphrey Metrodome
2007_12_MIN_NYG,2007,REG,12,2007-11-25,Sunday,13:00,MIN,41.0,NYG,17.0,Home,-24.0,58.0,0.0,2007112506,29364.0,,200711250nyg,900.0,271125019,,7,7,310.0,-340.0,7.0,102.0,-110.0,40.0,-110.0,100.0,0,outdoors,fieldturf,46.0,6.0,00-0024279,00-0022803,Tarvaris Jackson,Eli Manning,Brad Childress,Tom Coughlin,Walt Anderson,NYC00,Giants Stadium
2007_13_DET_MIN,2007,REG,13,2007-12-02,Sunday,13:00,DET,10.0,MIN,42.0,Home,32.0,52.0,0.0,2007120204,29376.0,,200712020min,912.0,271202016,,10,7,220.0,-240.0,5.5,101.0,-109.0,44.0,-106.0,-104.0,1,dome,fieldturf,,,00-0009311,00-0024279,Jon Kitna,Tarvaris Jackson,Rod Marinelli,Brad Childress,Larry Nemmers,MIN00,Hubert H. Humphrey Metrodome
2007_14_MIN_SF,2007,REG,14,2007-12-09,Sunday,16:05,MIN,27.0,SF,7.0,Home,-20.0,34.0,0.0,2007120909,29397.0,,200712090sfo,933.0,271209025,,7,7,-340.0,310.0,-7.5,-107.0,-101.0,39.0,-111.0,101.0,0,outdoors,grass,53.0,6.0,00-0024279,00-0004293,Tarvaris Jackson,Trent Dilfer,Brad Childress,Mike Nolan,Peter Morelli,SFO00,Monster Park
2007_15_CHI_MIN,2007,REG,15,2007-12-17,Monday,20:40,CHI,13.0,MIN,20.0,Home,7.0,33.0,0.0,2007121701,29418.0,,200712170min,954.0,271217016,,11,8,440.0,-480.0,10.5,-108.0,100.0,43.0,-105.0,-105.0,1,dome,fieldturf,,,00-0023541,00-0024279,Kyle Orton,Tarvaris Jackson,Lovie Smith,Brad Childress,Tony Corrente,MIN00,Hubert H. Humphrey Metrodome
2007_16_WAS_MIN,2007,REG,16,2007-12-23,Sunday,20:15,WAS,32.0,MIN,21.0,Home,-11.0,53.0,0.0,2007122306,29427.0,,200712230min,963.0,271223016,,7,6,220.0,-240.0,6.0,-103.0,-105.0,40.5,100.0,-110.0,0,dome,fieldturf,,,00-0003315,00-0024279,Todd Collins,Tarvaris Jackson,Joe Gibbs,Brad Childress,Bill Leavy,MIN00,Hubert H. Humphrey Metrodome
2007_17_MIN_DEN,2007,REG,17,2007-12-30,Sunday,16:15,MIN,19.0,DEN,22.0,Home,3.0,41.0,1.0,2007123012,29448.0,,200712300den,984.0,271230007,,7,6,-134.0,124.0,-3.0,116.0,-124.0,41.0,-105.0,-105.0,0,outdoors,grass,36.0,7.0,00-0024279,00-0024226,Tarvaris Jackson,Jay Cutler,Brad Childress,Mike Shanahan,Jerome Boger,DEN00,Invesco Field at Mile High
2008_01_MIN_GB,2008,REG,1,2008-09-08,Monday,19:00,MIN,19.0,GB,24.0,Home,5.0,43.0,0.0,2008090800,29542.0,,200809080gnb,1077.0,280908009,,7,7,,,2.5,,,37.5,,,1,outdoors,grass,58.0,5.0,00-0024279,00-0023459,Tarvaris Jackson,Aaron Rodgers,Brad Childress,Mike McCarthy,Jeff Triplette,GNB00,Lambeau Field
2008_02_IND_MIN,2008,REG,2,2008-09-14,Sunday,13:00,IND,18.0,MIN,15.0,Home,-3.0,33.0,0.0,2008091405,29549.0,,200809140min,1082.0,280914016,,7,6,,,-1.0,,,43.5,,,0,dome,fieldturf,,,00-0010346,00-0024279,Peyton Manning,Tarvaris Jackson,Tony Dungy,Brad Childress,Gene Steratore,MIN00,Hubert H. Humphrey Metrodome
2008_03_CAR_MIN,2008,REG,3,2008-09-21,Sunday,13:00,CAR,10.0,MIN,20.0,Home,10.0,30.0,0.0,2008092103,29563.0,,200809210min,1102.0,280921016,,7,7,,,3.0,,,37.5,,,0,dome,fieldturf,,,00-0004161,00-0005589,Jake Delhomme,Gus Frerotte,John Fox,Brad Childress,John Parry,MIN00,Hubert H. Humphrey Metrodome
2008_04_MIN_TEN,2008,REG,4,2008-09-28,Sunday,13:00,MIN,17.0,TEN,30.0,Home,13.0,47.0,0.0,2008092807,29583.0,,200809280oti,1118.0,280928010,,7,7,,,3.0,,,35.0,,,0,outdoors,grass,78.0,10.0,00-0005589,00-0003292,Gus Frerotte,Kerry Collins,Brad Childress,Jeff Fisher,Peter Morelli,NAS00,LP Field
2008_05_MIN_NO,2008,REG,5,2008-10-06,Monday,20:30,MIN,30.0,NO,27.0,Home,-3.0,57.0,0.0,2008100600,29602.0,,200810060nor,1137.0,281006018,,8,8,141.0,-151.0,3.0,-112.0,104.0,47.0,105.0,-115.0,0,dome,fieldturf,,,00-0005589,00-0020531,Gus Frerotte,Drew Brees,Brad Childress,Sean Payton,Ed Hochuli,NOR00,Louisiana Superdome
2008_06_DET_MIN,2008,REG,6,2008-10-12,Sunday,13:00,DET,10.0,MIN,12.0,Home,2.0,22.0,0.0,2008101203,29606.0,,200810120min,1143.0,281012016,,7,6,500.0,-700.0,13.0,-104.0,-104.0,44.5,-106.0,-104.0,1,dome,fieldturf,,,00-0023578,00-0005589,Dan Orlovsky,Gus Frerotte,Rod Marinelli,Brad Childress,Tony Corrente,MIN00,Hubert H. Humphrey Metrodome
2008_07_MIN_CHI,2008,REG,7,2008-10-19,Sunday,13:00,MIN,41.0,CHI,48.0,Home,7.0,89.0,0.0,2008101902,29619.0,,200810190chi,1157.0,281019003,,7,7,152.0,-162.0,3.0,102.0,-110.0,38.0,-105.0,-105.0,1,outdoors,grass,58.0,17.0,00-0005589,00-0023541,Gus Frerotte,Kyle Orton,Brad Childress,Lovie Smith,Carl Cheffers,CHI98,Soldier Field
2008_09_HOU_MIN,2008,REG,9,2008-11-02,Sunday,13:00,HOU,21.0,MIN,28.0,Home,7.0,49.0,0.0,2008110205,29649.0,,200811020min,1183.0,281102016,,7,14,233.0,-253.0,6.5,-110.0,102.0,46.5,100.0,-110.0,0,dome,fieldturf,,,00-0022787,00-0005589,Matt Schaub,Gus Frerotte,Gary Kubiak,Brad Childress,Walt Coleman,MIN00,Hubert H. Humphrey Metrodome
2008_10_GB_MIN,2008,REG,10,2008-11-09,Sunday,13:00,GB,27.0,MIN,28.0,Home,1.0,55.0,0.0,2008110905,29664.0,,200811090min,1200.0,281109016,,7,7,119.0,-129.0,2.5,-102.0,-106.0,44.0,-104.0,-106.0,1,dome,fieldturf,,,00-0023459,00-0005589,Aaron Rodgers,Gus Frerotte,Mike McCarthy,Brad Childress,Alberto Riveron,MIN00,Hubert H. Humphrey Metrodome
2008_11_MIN_TB,2008,REG,11,2008-11-16,Sunday,13:00,MIN,13.0,TB,19.0,Home,6.0,32.0,0.0,2008111609,29682.0,,200811160tam,1217.0,281116027,,7,14,200.0,-220.0,4.5,-104.0,-104.0,39.5,-103.0,-107.0,0,outdoors,grass,62.0,10.0,00-0005589,00-0005755,Gus Frerotte,Jeff Garcia,Brad Childress,Jon Gruden,Mike Carey,TAM00,Raymond James Stadium
2008_12_MIN_JAX,2008,REG,12,2008-11-23,Sunday,13:00,MIN,30.0,JAX,12.0,Home,-18.0,42.0,0.0,2008112305,29694.0,,200811230jax,1232.0,281123030,,7,7,110.0,-120.0,1.0,106.0,-114.0,41.5,-106.0,-104.0,0,outdoors,grass,66.0,5.0,00-0005589,00-0021231,Gus Frerotte,David Garrard,Brad Childress,Jack Del Rio,John Parry,JAX00,Jacksonville Municipal Stadium
2008_13_CHI_MIN,2008,REG,13,2008-11-30,Sunday,20:15,CHI,14.0,MIN,34.0,Home,20.0,48.0,0.0,2008113011,29718.0,,200811300min,1253.0,281130016,,7,7,209.0,-229.0,5.0,100.0,-108.0,41.5,-102.0,-108.0,1,dome,fieldturf,,,00-0023541,00-0005589,Kyle Orton,Gus Frerotte,Lovie Smith,Brad Childress,Bill Leavy,MIN00,Hubert H. Humphrey Metrodome
2008_14_MIN_DET,2008,REG,14,2008-12-07,Sunday,13:00,MIN,20.0,DET,16.0,Home,-4.0,36.0,0.0,2008120702,29723.0,,200812070det,1262.0,281207008,,7,10,-387.0,357.0,-10.5,-105.0,-103.0,45.0,103.0,-113.0,1,dome,fieldturf,,,00-0005589,00-0003739,Gus Frerotte,Daunte Culpepper,Brad Childress,Rod Marinelli,Jerome Boger,DET00,Ford Field
2008_15_MIN_ARI,2008,REG,15,2008-12-14,Sunday,16:05,MIN,35.0,ARI,14.0,Home,-21.0,49.0,0.0,2008121411,29748.0,,200812140crd,1283.0,281214022,,7,7,180.0,-198.0,4.0,-103.0,-105.0,46.5,-107.0,-103.0,0,open,grass,,,00-0024279,00-0017200,Tarvaris Jackson,Kurt Warner,Brad Childress,Ken Whisenhunt,Ron Winter,PHO00,University of Phoenix Stadium
2008_16_ATL_MIN,2008,REG,16,2008-12-21,Sunday,16:15,ATL,24.0,MIN,17.0,Home,-7.0,41.0,0.0,2008122103,29757.0,,200812210min,1296.0,281221016,,7,7,154.0,-164.0,3.0,100.0,-108.0,43.0,-101.0,-109.0,0,dome,fieldturf,,,00-0026143,00-0024279,Matt Ryan,Tarvaris Jackson,Mike Smith,Brad Childress,Scott Green,MIN00,Hubert H. Humphrey Metrodome
2008_17_NYG_MIN,2008,REG,17,2008-12-28,Sunday,13:00,NYG,19.0,MIN,20.0,Home,1.0,39.0,0.0,2008122807,29775.0,,200812280min,1311.0,281228016,,7,7,280.0,-310.0,7.0,105.0,-113.0,41.0,-106.0,-104.0,0,dome,fieldturf,,,00-0022803,00-0024279,Eli Manning,Tarvaris Jackson,Tom Coughlin,Brad Childress,Terry McAulay,MIN00,Hubert H. Humphrey Metrodome
2008_18_PHI_MIN,2008,WC,18,2009-01-04,Sunday,16:30,PHI,26.0,MIN,14.0,Home,-12.0,40.0,0.0,2009010401,54458.0,,200901040min,1322.0,290104016,,7,7,-169.0,159.0,-3.0,-116.0,108.0,40.5,-107.0,-103.0,0,dome,fieldturf,,,00-0011022,00-0024279,Donovan McNabb,Tarvaris Jackson,Andy Reid,Brad Childress,Tony Corrente,MIN00,Hubert H. Humphrey Metrodome
2009_01_MIN_CLE,2009,REG,1,2009-09-13,Sunday,13:00,MIN,34.0,CLE,20.0,Home,-14.0,54.0,0.0,2009091304,54472.0,,200909130cle,1399.0,290913005,,7,7,-215.0,189.0,-4.0,-107.0,-101.0,39.5,100.0,-110.0,0,outdoors,grass,70.0,6.0,00-0005106,00-0025409,Brett Favre,Brady Quinn,Brad Childress,Eric Mangini,John Parry,CLE00,Cleveland Browns Stadium
2009_02_MIN_DET,2009,REG,2,2009-09-20,Sunday,13:00,MIN,27.0,DET,13.0,Home,-14.0,40.0,0.0,2009092001,54484.0,,200909200det,1412.0,290920008,,7,7,-475.0,405.0,-10.0,104.0,-113.0,45.0,-109.0,-101.0,1,dome,fieldturf,,,00-0005106,00-0026498,Brett Favre,Matthew Stafford,Brad Childress,Jim Schwartz,Carl Cheffers,DET00,Ford Field
2009_03_SF_MIN,2009,REG,3,2009-09-27,Sunday,13:00,SF,24.0,MIN,27.0,Home,3.0,51.0,0.0,2009092704,54508.0,,200909270min,1431.0,290927016,,7,7,243.0,-275.0,7.0,-114.0,105.0,39.0,-102.0,-108.0,0,dome,fieldturf,,,00-0020679,00-0005106,Shaun Hill,Brett Favre,Mike Singletary,Brad Childress,Jerome Boger,MIN00,Hubert H. Humphrey Metrodome
2009_04_GB_MIN,2009,REG,4,2009-10-05,Monday,20:30,GB,23.0,MIN,30.0,Home,7.0,53.0,0.0,2009100500,54528.0,,200910050min,1456.0,291005016,,8,8,185.0,-205.0,4.5,-109.0,101.0,46.0,102.0,-112.0,1,dome,fieldturf,,,00-0023459,00-0005106,Aaron Rodgers,Brett Favre,Mike McCarthy,Brad Childress,Gene Steratore,MIN00,Hubert H. Humphrey Metrodome
2009_05_MIN_STL,2009,REG,5,2009-10-11,Sunday,13:00,MIN,38.0,STL,10.0,Home,-28.0,48.0,0.0,2009101107,54536.0,,200910110ram,1460.0,291011014,,6,7,-550.0,470.0,-10.0,103.0,-111.0,40.5,-107.0,-103.0,0,dome,fieldturf,,,00-0005106,00-0022164,Brett Favre,Kyle Boller,Brad Childress,Steve Spagnuolo,Don Carey,STL00,Edward Jones Dome
2009_06_BAL_MIN,2009,REG,6,2009-10-18,Sunday,13:00,BAL,31.0,MIN,33.0,Home,2.0,64.0,0.0,2009101803,54546.0,,200910180min,1473.0,291018016,,7,7,133.0,-145.0,3.0,-113.0,104.0,45.5,105.0,-115.0,0,dome,fieldturf,,,00-0026158,00-0005106,Joe Flacco,Brett Favre,John Harbaugh,Brad Childress,Mike Carey,MIN00,Hubert H. Humphrey Metrodome
2009_07_MIN_PIT,2009,REG,7,2009-10-25,Sunday,13:00,MIN,17.0,PIT,27.0,Home,10.0,44.0,0.0,2009102504,54561.0,,200910250pit,1490.0,291025023,,7,7,237.0,-269.0,6.0,-102.0,-106.0,46.5,105.0,-115.0,0,outdoors,dessograss,52.0,5.0,00-0005106,00-0022924,Brett Favre,Ben Roethlisberger,Brad Childress,Mike Tomlin,Ron Winter,PIT00,Heinz Field
2009_08_MIN_GB,2009,REG,8,2009-11-01,Sunday,16:15,MIN,38.0,GB,26.0,Home,-12.0,64.0,0.0,2009110105,54575.0,,200911010gnb,1502.0,291101009,,7,7,170.0,-188.0,3.5,-104.0,-104.0,46.5,-102.0,-108.0,1,outdoors,grass,48.0,6.0,00-0005106,00-0023459,Brett Favre,Aaron Rodgers,Brad Childress,Mike McCarthy,Tony Corrente,GNB00,Lambeau Field
2009_10_DET_MIN,2009,REG,10,2009-11-15,Sunday,13:00,DET,10.0,MIN,27.0,Home,17.0,37.0,0.0,2009111502,54599.0,,200911150min,1529.0,291115016,,7,14,990.0,-1350.0,17.0,-104.0,-104.0,47.5,101.0,-111.0,1,dome,fieldturf,,,00-0026498,00-0005106,Matthew Stafford,Brett Favre,Jim Schwartz,Brad Childress,Walt Anderson,MIN00,Hubert H. Humphrey Metrodome
2009_11_SEA_MIN,2009,REG,11,2009-11-22,Sunday,13:00,SEA,9.0,MIN,35.0,Home,26.0,44.0,0.0,2009112206,54618.0,,200911220min,1548.0,291122016,,7,7,400.0,-460.0,10.5,-110.0,102.0,47.0,-111.0,101.0,0,dome,fieldturf,,,00-0007091,00-0005106,Matt Hasselbeck,Brett Favre,Jim Mora,Brad Childress,Ed Hochuli,MIN00,Hubert H. Humphrey Metrodome
2009_12_CHI_MIN,2009,REG,12,2009-11-29,Sunday,16:15,CHI,10.0,MIN,36.0,Home,26.0,46.0,0.0,2009112904,54634.0,,200911290min,1563.0,291129016,,7,7,440.0,-520.0,10.0,104.0,-112.0,47.0,103.0,-113.0,1,dome,fieldturf,,,00-0024226,00-0005106,Jay Cutler,Brett Favre,Lovie Smith,Brad Childress,Walt Coleman,MIN00,Hubert H. Humphrey Metrodome
2009_13_MIN_ARI,2009,REG,13,2009-12-06,Sunday,20:20,MIN,17.0,ARI,30.0,Home,13.0,47.0,0.0,2009120610,54654.0,,200912060crd,1584.0,291206022,,7,7,-170.0,155.0,-3.5,112.0,-121.0,48.0,-102.0,-108.0,0,closed,grass,,,00-0005106,00-0017200,Brett Favre,Kurt Warner,Brad Childress,Ken Whisenhunt,John Parry,PHO00,University of Phoenix Stadium
2009_14_CIN_MIN,2009,REG,14,2009-12-13,Sunday,13:00,CIN,10.0,MIN,30.0,Home,20.0,40.0,0.0,2009121307,54667.0,,200912130min,1597.0,291213016,,7,7,214.0,-240.0,6.0,-106.0,-102.0,42.5,-105.0,-105.0,0,dome,fieldturf,,,00-0021429,00-0005106,Carson Palmer,Brett Favre,Marvin Lewis,Brad Childress,Scott Green,MIN00,Hubert H. Humphrey Metrodome
2009_15_MIN_CAR,2009,REG,15,2009-12-20,Sunday,20:20,MIN,7.0,CAR,26.0,Home,19.0,33.0,0.0,2009122012,54689.0,,200912200car,1617.0,291220029,,7,7,-391.0,341.0,-9.0,110.0,-119.0,42.5,-104.0,-106.0,0,outdoors,grass,37.0,5.0,00-0005106,00-0025708,Brett Favre,Matt Moore,Brad Childress,John Fox,Peter Morelli,CAR00,Bank of America Stadium
2009_16_MIN_CHI,2009,REG,16,2009-12-28,Monday,20:30,MIN,30.0,CHI,36.0,Home,6.0,66.0,1.0,2009122800,54706.0,,200912280chi,1634.0,291228003,,8,8,-380.0,330.0,-9.0,114.0,-123.0,41.0,109.0,-119.0,1,outdoors,grass,26.0,9.0,00-0005106,00-0024226,Brett Favre,Jay Cutler,Brad Childress,Lovie Smith,Gene Steratore,CHI98,Soldier Field
2009_17_NYG_MIN,2009,REG,17,2010-01-03,Sunday,13:00,NYG,7.0,MIN,44.0,Home,37.0,51.0,0.0,2010010307,54714.0,,201001030min,1644.0,300103016,,7,6,311.0,-351.0,9.0,-114.0,105.0,48.0,101.0,-111.0,0,dome,fieldturf,,,00-0022803,00-0005106,Eli Manning,Brett Favre,Tom Coughlin,Brad Childress,Terry McAulay,MIN00,Hubert H. Humphrey Metrodome
2009_19_DAL_MIN,2009,DIV,19,2010-01-17,Sunday,13:00,DAL,3.0,MIN,34.0,Home,31.0,37.0,0.0,2010011700,54810.0,,201001170min,1657.0,300117016,,8,14,127.0,-139.0,2.5,107.0,-116.0,45.0,105.0,-115.0,0,dome,fieldturf,,,00-0021678,00-0005106,Tony Romo,Brett Favre,Wade Phillips,Brad Childress,Walt Anderson,MIN00,Hubert H. Humphrey Metrodome
2009_20_MIN_NO,2009,CON,20,2010-01-24,Sunday,18:40,MIN,28.0,NO,31.0,Home,3.0,59.0,1.0,2010012401,54813.0,,201001240nor,1660.0,300124018,,7,8,181.0,-201.0,4.0,-103.0,-105.0,54.0,100.0,-110.0,0,dome,fieldturf,,,00-0005106,00-0020531,Brett Favre,Drew Brees,Brad Childress,Sean Payton,Peter Morelli,NOR00,Louisiana Superdome
2010_01_MIN_NO,2010,REG,1,2010-09-09,Thursday,20:30,MIN,9.0,NO,14.0,Home,5.0,23.0,0.0,2010090900,54863.0,,201009090nor,1727.0,300909018,,7,7,197.0,-220.0,4.5,-105.0,-103.0,48.5,-104.0,-106.0,0,dome,sportturf,,,00-0005106,00-0020531,Brett Favre,Drew Brees,Brad Childress,Sean Payton,Terry McAulay,NOR00,Louisiana Superdome
2010_02_MIA_MIN,2010,REG,2,2010-09-19,Sunday,13:00,MIA,14.0,MIN,10.0,Home,-4.0,24.0,0.0,2010091902,54886.0,,201009190min,1751.0,300919016,,7,10,199.0,-222.0,5.5,-111.0,103.0,40.5,-115.0,104.0,0,dome,sportturf,,,00-0026197,00-0005106,Chad Henne,Brett Favre,Tony Sparano,Brad Childress,Mike Carey,MIN00,Mall of America Field
2010_03_DET_MIN,2010,REG,3,2010-09-26,Sunday,13:00,DET,10.0,MIN,24.0,Home,14.0,34.0,0.0,2010092605,54899.0,,201009260min,1766.0,300926016,,7,7,534.0,-650.0,13.0,-103.0,-105.0,42.5,-105.0,-105.0,1,dome,sportturf,,,00-0020679,00-0005106,Shaun Hill,Brett Favre,Jim Schwartz,Brad Childress,Ed Hochuli,MIN00,Mall of America Field
2010_05_MIN_NYJ,2010,REG,5,2010-10-11,Monday,21:15,MIN,20.0,NYJ,29.0,Home,9.0,49.0,0.0,2010101100,54938.0,,201010110nyj,1802.0,301011020,,15,8,193.0,-215.0,4.0,-104.0,-104.0,38.0,-101.0,-109.0,0,outdoors,fieldturf,72.0,10.0,00-0005106,00-0026898,Brett Favre,Mark Sanchez,Brad Childress,Rex Ryan,Peter Morelli,NYC01,New Meadowlands Stadium
2010_06_DAL_MIN,2010,REG,6,2010-10-17,Sunday,16:15,DAL,21.0,MIN,24.0,Home,3.0,45.0,0.0,2010101711,54950.0,,201010170min,1814.0,301017016,,7,6,112.0,-124.0,1.0,107.0,-116.0,43.5,-105.0,-105.0,0,dome,sportturf,,,00-0021678,00-0005106,Tony Romo,Brett Favre,Wade Phillips,Brad Childress,Gene Steratore,MIN00,Mall of America Field
2010_07_MIN_GB,2010,REG,7,2010-10-24,Sunday,20:20,MIN,24.0,GB,28.0,Home,4.0,52.0,0.0,2010102412,54825.0,,201010240gnb,1829.0,301024009,,7,7,118.0,-130.0,2.5,102.0,-110.0,43.5,-105.0,-105.0,1,outdoors,grass,58.0,4.0,00-0005106,00-0023459,Brett Favre,Aaron Rodgers,Brad Childress,Mike McCarthy,Scott Green,GNB00,Lambeau Field
2010_08_MIN_NE,2010,REG,8,2010-10-31,Sunday,16:15,MIN,18.0,NE,28.0,Home,10.0,46.0,0.0,2010103108,54835.0,,201010310nwe,1839.0,301031017,,7,7,190.0,-212.0,5.0,-109.0,101.0,44.5,102.0,-112.0,0,outdoors,fieldturf,49.0,16.0,00-0005106,00-0019596,Brett Favre,Tom Brady,Brad Childress,Bill Belichick,Walt Anderson,BOS00,Gillette Stadium
2010_09_ARI_MIN,2010,REG,9,2010-11-07,Sunday,13:00,ARI,24.0,MIN,27.0,Home,3.0,51.0,1.0,2010110705,54847.0,,201011070min,1849.0,301107016,,7,7,285.0,-325.0,7.0,102.0,-110.0,42.5,100.0,-110.0,0,dome,sportturf,,,00-0023645,00-0005106,Derek Anderson,Brett Favre,Ken Whisenhunt,Brad Childress,Bill Leavy,MIN00,Mall of America Field
2010_10_MIN_CHI,2010,REG,10,2010-11-14,Sunday,13:00,MIN,13.0,CHI,27.0,Home,14.0,40.0,0.0,2010111404,54855.0,,201011140chi,1862.0,301114003,,7,7,100.0,-110.0,1.0,-104.0,-104.0,41.0,-103.0,-107.0,1,outdoors,grass,44.0,22.0,00-0005106,00-0024226,Brett Favre,Jay Cutler,Brad Childress,Lovie Smith,Tony Corrente,CHI98,Soldier Field
2010_11_GB_MIN,2010,REG,11,2010-11-21,Sunday,13:00,GB,31.0,MIN,3.0,Home,-28.0,34.0,0.0,2010112106,54966.0,,201011210min,1880.0,301121016,,14,7,-147.0,133.0,-3.0,-101.0,-107.0,45.0,103.0,-114.0,1,dome,sportturf,,,00-0023459,00-0005106,Aaron Rodgers,Brett Favre,Mike McCarthy,Brad Childress,Clete Blakeman,MIN00,Mall of America Field
2010_12_MIN_WAS,2010,REG,12,2010-11-28,Sunday,13:00,MIN,17.0,WAS,13.0,Home,-4.0,30.0,0.0,2010112803,54986.0,,201011280was,1893.0,301128028,,7,7,-127.0,115.0,-1.0,-123.0,114.0,43.5,-108.0,-102.0,0,outdoors,grass,47.0,5.0,00-0005106,00-0011022,Brett Favre,Donovan McNabb,Leslie Frazier,Mike Shanahan,Ed Hochuli,WAS00,FedExField
2010_13_BUF_MIN,2010,REG,13,2010-12-05,Sunday,13:00,BUF,14.0,MIN,38.0,Home,24.0,52.0,0.0,2010120500,54998.0,,201012050min,1904.0,301205016,,7,7,205.0,-230.0,5.0,-102.0,-106.0,43.5,102.0,-113.0,0,dome,sportturf,,,00-0023682,00-0005106,Ryan Fitzpatrick,Brett Favre,Chan Gailey,Leslie Frazier,Jerome Boger,MIN00,Mall of America Field
2010_14_NYG_MIN,2010,REG,14,2010-12-13,Monday,19:20,NYG,21.0,MIN,3.0,Neutral,-18.0,24.0,0.0,2010121301,55015.0,,201012130min,1926.0,301213016,,8,8,-230.0,205.0,-4.5,-106.0,-102.0,43.5,105.0,-116.0,0,dome,fieldturf,,,00-0022803,00-0024279,Eli Manning,Tarvaris Jackson,Tom Coughlin,Leslie Frazier,Jeff Triplette,DET00,Ford Field
2010_15_CHI_MIN,2010,REG,15,2010-12-20,Monday,20:30,CHI,40.0,MIN,14.0,Home,-26.0,54.0,0.0,2010122000,55039.0,,201012200min,1950.0,301220016,,8,7,-225.0,201.0,-5.5,100.0,-108.0,34.0,-113.0,102.0,1,outdoors,fieldturf,23.0,17.0,00-0024226,00-0005106,Jay Cutler,Brett Favre,Lovie Smith,Leslie Frazier,Carl Cheffers,MIN98,TCF Bank Stadium
2010_16_MIN_PHI,2010,REG,16,2010-12-28,Tuesday,20:00,MIN,24.0,PHI,14.0,Home,-10.0,38.0,0.0,2010122800,55048.0,,201012280phi,1957.0,301228021,,8,9,760.0,-1000.0,14.0,-106.0,-102.0,44.0,102.0,-113.0,0,outdoors,grass,32.0,10.0,00-0027796,00-0020245,Joe Webb,Michael Vick,Leslie Frazier,Andy Reid,Mike Carey,PHI00,Lincoln Financial Field
2010_17_MIN_DET,2010,REG,17,2011-01-02,Sunday,13:00,MIN,13.0,DET,20.0,Home,7.0,33.0,0.0,2011010209,55059.0,,201101020det,1976.0,310102008,,5,7,171.0,-190.0,3.5,-107.0,-101.0,43.5,-115.0,104.0,1,dome,fieldturf,,,00-0027796,00-0020679,Joe Webb,Shaun Hill,Leslie Frazier,Jim Schwartz,Walt Anderson,DET00,Ford Field
2011_01_MIN_SD,2011,REG,1,2011-09-11,Sunday,16:15,MIN,17.0,SD,24.0,Home,7.0,41.0,0.0,2011091111,55174.0,,201109110sdg,2064.0,310911024,,7,7,387.0,-453.0,9.0,-106.0,-102.0,43.5,-105.0,-105.0,0,outdoors,grass,74.0,7.0,00-0011022,00-0022942,Donovan McNabb,Philip Rivers,Leslie Frazier,Norv Turner,Terry McAulay,SDG00,Qualcomm Stadium
2011_02_TB_MIN,2011,REG,2,2011-09-18,Sunday,13:00,TB,24.0,MIN,20.0,Home,-4.0,44.0,0.0,2011091806,55184.0,,201109180min,2088.0,310918016,,7,7,102.0,-112.0,1.0,-102.0,-106.0,41.0,-105.0,-105.0,0,dome,sportturf,,,00-0026993,00-0011022,Josh Freeman,Donovan McNabb,Raheem Morris,Leslie Frazier,Jeff Triplette,MIN00,Mall of America Field
2011_03_DET_MIN,2011,REG,3,2011-09-25,Sunday,13:00,DET,26.0,MIN,23.0,Home,-3.0,49.0,1.0,2011092506,55200.0,,201109250min,2104.0,310925016,,7,7,-160.0,144.0,-3.0,-108.0,100.0,44.5,-102.0,-108.0,1,dome,sportturf,,,00-0026498,00-0011022,Matthew Stafford,Donovan McNabb,Jim Schwartz,Leslie Frazier,Ron Winter,MIN00,Mall of America Field
2011_04_MIN_KC,2011,REG,4,2011-10-02,Sunday,13:00,MIN,17.0,KC,22.0,Home,5.0,39.0,0.0,2011100208,55218.0,,201110020kan,2111.0,311002012,,7,7,-150.0,136.0,-3.0,101.0,-109.0,40.0,-108.0,-102.0,0,outdoors,grass,65.0,7.0,00-0011022,00-0023662,Donovan McNabb,Matt Cassel,Leslie Frazier,Todd Haley,Bill Leavy,KAN00,Arrowhead Stadium
2011_05_ARI_MIN,2011,REG,5,2011-10-09,Sunday,13:00,ARI,10.0,MIN,34.0,Home,24.0,44.0,0.0,2011100905,55233.0,,201110090min,2133.0,311009016,,7,7,171.0,-190.0,3.5,-101.0,-107.0,44.5,-105.0,-105.0,0,dome,sportturf,,,00-0025423,00-0011022,Kevin Kolb,Donovan McNabb,Ken Whisenhunt,Leslie Frazier,Scott Green,MIN00,Mall of America Field
2011_06_MIN_CHI,2011,REG,6,2011-10-16,Sunday,20:20,MIN,10.0,CHI,39.0,Home,29.0,49.0,0.0,2011101611,55252.0,,201110160chi,2135.0,311016003,,7,6,116.0,-128.0,1.0,110.0,-119.0,41.5,-109.0,-101.0,1,outdoors,grass,56.0,11.0,00-0011022,00-0024226,Donovan McNabb,Jay Cutler,Leslie Frazier,Lovie Smith,Walt Anderson,CHI98,Soldier Field
2011_07_GB_MIN,2011,REG,7,2011-10-23,Sunday,16:15,GB,33.0,MIN,27.0,Home,-6.0,60.0,0.0,2011102309,55264.0,,201110230min,2159.0,311023016,,7,7,-543.0,456.0,-10.0,100.0,-108.0,47.0,-113.0,102.0,1,dome,sportturf,,,00-0023459,00-0027950,Aaron Rodgers,Christian Ponder,Mike McCarthy,Leslie Frazier,Peter Morelli,MIN00,Mall of America Field
2011_08_MIN_CAR,2011,REG,8,2011-10-30,Sunday,13:00,MIN,24.0,CAR,21.0,Home,-3.0,45.0,0.0,2011103003,55268.0,,201110300car,2166.0,311030029,,7,7,158.0,-175.0,3.0,109.0,-118.0,47.0,-105.0,-105.0,0,outdoors,grass,54.0,6.0,00-0027950,00-0027939,Christian Ponder,Cam Newton,Leslie Frazier,Ron Rivera,Ed Hochuli,CAR00,Bank of America Stadium
2011_10_MIN_GB,2011,REG,10,2011-11-14,Monday,20:30,MIN,7.0,GB,45.0,Home,38.0,52.0,0.0,2011111400,55309.0,,201111140gnb,2203.0,311114009,,15,8,538.0,-655.0,12.5,-106.0,-102.0,49.0,-106.0,-104.0,1,outdoors,grass,47.0,13.0,00-0027950,00-0023459,Christian Ponder,Aaron Rodgers,Leslie Frazier,Mike McCarthy,Mike Carey,GNB00,Lambeau Field
2011_11_OAK_MIN,2011,REG,11,2011-11-20,Sunday,13:00,OAK,27.0,MIN,21.0,Home,-6.0,48.0,0.0,2011112000,55317.0,,201111200min,2216.0,311120016,,10,6,115.0,-127.0,1.0,109.0,-118.0,46.0,-109.0,-101.0,0,dome,sportturf,,,00-0021429,00-0027950,Carson Palmer,Christian Ponder,Hue Jackson,Leslie Frazier,Jerome Boger,MIN00,Mall of America Field
2011_12_MIN_ATL,2011,REG,12,2011-11-27,Sunday,13:00,MIN,14.0,ATL,24.0,Home,10.0,38.0,0.0,2011112703,55327.0,,201111270atl,2226.0,311127001,,7,7,416.0,-490.0,10.0,-108.0,100.0,44.0,-103.0,-107.0,0,dome,fieldturf,,,00-0027950,00-0026143,Christian Ponder,Matt Ryan,Leslie Frazier,Mike Smith,Alberto Riveron,ATL00,Georgia Dome
2011_13_DEN_MIN,2011,REG,13,2011-12-04,Sunday,13:00,DEN,35.0,MIN,32.0,Home,-3.0,67.0,0.0,2011120409,55350.0,,201112040min,2248.0,311204016,,7,7,118.0,-130.0,1.0,115.0,-125.0,37.5,-104.0,-106.0,0,dome,sportturf,,,00-0027876,00-0027950,Tim Tebow,Christian Ponder,John Fox,Leslie Frazier,Terry McAulay,MIN00,Mall of America Field
2011_14_MIN_DET,2011,REG,14,2011-12-11,Sunday,13:00,MIN,28.0,DET,34.0,Home,6.0,62.0,0.0,2011121105,55360.0,,201112110det,2259.0,311211008,,7,7,423.0,-500.0,10.0,-103.0,-105.0,48.0,-105.0,-105.0,1,dome,fieldturf,,,00-0027950,00-0026498,Christian Ponder,Matthew Stafford,Leslie Frazier,Jim Schwartz,John Parry,DET00,Ford Field
2011_15_NO_MIN,2011,REG,15,2011-12-18,Sunday,13:00,NO,42.0,MIN,20.0,Home,-22.0,62.0,0.0,2011121805,55379.0,,201112180min,2280.0,311218016,,7,7,-320.0,281.0,-7.0,-107.0,-101.0,53.5,100.0,-110.0,0,dome,sportturf,,,00-0020531,00-0027950,Drew Brees,Christian Ponder,Sean Payton,Leslie Frazier,Walt Anderson,MIN00,Mall of America Field
2011_16_MIN_WAS,2011,REG,16,2011-12-24,Saturday,13:00,MIN,33.0,WAS,26.0,Home,-7.0,59.0,0.0,2011122406,55398.0,,201112240was,2292.0,311224028,,6,6,227.0,-255.0,6.0,-101.0,-107.0,43.0,-105.0,-105.0,0,outdoors,grass,45.0,9.0,00-0027950,00-0022121,Christian Ponder,Rex Grossman,Leslie Frazier,Mike Shanahan,Tony Corrente,WAS00,FedExField
2011_17_CHI_MIN,2011,REG,17,2012-01-01,Sunday,13:00,CHI,17.0,MIN,13.0,Home,-4.0,30.0,0.0,2012010109,55411.0,,201201010min,2313.0,320101016,,7,8,132.0,-146.0,1.5,120.0,-130.0,41.5,-103.0,-107.0,1,dome,sportturf,,,00-0021206,00-0027796,Josh McCown,Joe Webb,Lovie Smith,Leslie Frazier,Mike Carey,MIN00,Mall of America Field
2012_01_JAX_MIN,2012,REG,1,2012-09-09,Sunday,13:00,JAX,23.0,MIN,26.0,Home,3.0,49.0,1.0,2012090901,55510.0,,201209090min,2395.0,320909016,,7,7,174.0,-194.0,3.5,-104.0,-104.0,38.0,-109.0,-101.0,0,dome,sportturf,,,00-0027948,00-0027950,Blaine Gabbert,Christian Ponder,Mike Mularkey,Leslie Frazier,Robert Dalton,MIN00,Mall of America Field
2012_02_MIN_IND,2012,REG,2,2012-09-16,Sunday,13:00,MIN,20.0,IND,23.0,Home,3.0,43.0,0.0,2012091603,55524.0,,201209160clt,2414.0,320916011,,7,7,-141.0,128.0,-3.0,110.0,-119.0,45.5,-101.0,-109.0,0,open,fieldturf,,,00-0027950,00-0029668,Christian Ponder,Andrew Luck,Leslie Frazier,Chuck Pagano,Donald King,IND00,Lucas Oil Stadium
2012_03_SF_MIN,2012,REG,3,2012-09-23,Sunday,13:00,SF,13.0,MIN,24.0,Home,11.0,37.0,0.0,2012092302,55542.0,,201209230min,2434.0,320923016,,7,7,-285.0,252.0,-6.5,-108.0,100.0,42.5,-105.0,-105.0,0,dome,sportturf,,,00-0023436,00-0027950,Alex Smith,Christian Ponder,Jim Harbaugh,Leslie Frazier,Ken Roan,MIN00,Mall of America Field
2012_04_MIN_DET,2012,REG,4,2012-09-30,Sunday,13:00,MIN,20.0,DET,13.0,Home,-7.0,33.0,0.0,2012093003,55555.0,,201209300det,2442.0,320930008,,7,7,171.0,-190.0,3.5,-108.0,100.0,48.0,-102.0,-108.0,1,dome,fieldturf,,,00-0027950,00-0026498,Christian Ponder,Matthew Stafford,Leslie Frazier,Jim Schwartz,Clete Blakeman,DET00,Ford Field
2012_05_TEN_MIN,2012,REG,5,2012-10-07,Sunday,16:15,TEN,7.0,MIN,30.0,Home,23.0,37.0,0.0,2012100704,55571.0,,201210070min,2465.0,321007016,,7,7,231.0,-260.0,6.0,-105.0,-103.0,44.0,-102.0,-108.0,0,dome,sportturf,,,00-0007091,00-0027950,Matt Hasselbeck,Christian Ponder,Mike Munchak,Leslie Frazier,Jeff Triplette,MIN00,Mall of America Field
2012_06_MIN_WAS,2012,REG,6,2012-10-14,Sunday,16:25,MIN,26.0,WAS,38.0,Home,12.0,64.0,0.0,2012101410,55592.0,,201210140was,2475.0,321014028,,7,7,-118.0,107.0,-1.5,-104.0,-104.0,44.0,-102.0,-108.0,0,outdoors,grass,74.0,14.0,00-0027950,00-0029665,Christian Ponder,Robert Griffin,Leslie Frazier,Mike Shanahan,Tony Corrente,WAS00,FedExField
2012_07_ARI_MIN,2012,REG,7,2012-10-21,Sunday,13:00,ARI,14.0,MIN,21.0,Home,7.0,35.0,0.0,2012102101,55600.0,,201210210min,2482.0,321021016,,7,7,256.0,-290.0,7.0,-114.0,105.0,38.5,-105.0,-105.0,0,dome,sportturf,,,00-0027754,00-0027950,John Skelton,Christian Ponder,Ken Whisenhunt,Leslie Frazier,Terry McAulay,MIN00,Mall of America Field
2012_08_TB_MIN,2012,REG,8,2012-10-25,Thursday,20:20,TB,36.0,MIN,17.0,Home,-19.0,53.0,0.0,2012102500,55608.0,,201210250min,2494.0,321025016,,4,4,210.0,-235.0,5.0,-104.0,-104.0,43.0,-105.0,-105.0,0,dome,sportturf,,,00-0026993,00-0027950,Josh Freeman,Christian Ponder,Greg Schiano,Leslie Frazier,Ron Winter,MIN00,Mall of America Field
2012_09_MIN_SEA,2012,REG,9,2012-11-04,Sunday,16:05,MIN,20.0,SEA,30.0,Home,10.0,50.0,0.0,2012110408,55632.0,,201211040sea,2518.0,321104026,,10,7,201.0,-225.0,4.5,-101.0,-107.0,38.0,-103.0,-107.0,0,outdoors,fieldturf,60.0,5.0,00-0027950,00-0029263,Christian Ponder,Russell Wilson,Leslie Frazier,Pete Carroll,Jerome Boger,SEA00,CenturyLink Field
2012_10_DET_MIN,2012,REG,10,2012-11-11,Sunday,13:00,DET,24.0,MIN,34.0,Home,10.0,58.0,0.0,2012111107,55641.0,,201211110min,2527.0,321111016,,7,7,-171.0,154.0,-3.0,-114.0,105.0,46.0,-105.0,-105.0,1,dome,sportturf,,,00-0026498,00-0027950,Matthew Stafford,Christian Ponder,Jim Schwartz,Leslie Frazier,Peter Morelli,MIN00,Mall of America Field
2012_12_MIN_CHI,2012,REG,12,2012-11-25,Sunday,13:00,MIN,10.0,CHI,28.0,Home,18.0,38.0,0.0,2012112505,55667.0,,201211250chi,2558.0,321125003,,14,6,227.0,-255.0,6.5,100.0,-108.0,38.5,100.0,-110.0,1,outdoors,grass,41.0,5.0,00-0027950,00-0024226,Christian Ponder,Jay Cutler,Leslie Frazier,Lovie Smith,Scott Green,CHI98,Soldier Field
2012_13_MIN_GB,2012,REG,13,2012-12-02,Sunday,13:00,MIN,14.0,GB,23.0,Home,9.0,37.0,0.0,2012120201,55684.0,,201212020gnb,2574.0,321202009,,7,7,318.0,-365.0,7.0,102.0,-110.0,47.0,-104.0,-106.0,1,outdoors,grass,45.0,8.0,00-0027950,00-0023459,Christian Ponder,Aaron Rodgers,Leslie Frazier,Mike McCarthy,Ed Hochuli,GNB00,Lambeau Field
2012_14_CHI_MIN,2012,REG,14,2012-12-09,Sunday,13:00,CHI,14.0,MIN,21.0,Home,7.0,35.0,0.0,2012120905,55703.0,,201212090min,2586.0,321209016,,7,7,-128.0,116.0,-1.0,-120.0,111.0,40.5,-105.0,-105.0,1,dome,sportturf,,,00-0024226,00-0027950,Jay Cutler,Christian Ponder,Lovie Smith,Leslie Frazier,Walt Coleman,MIN00,Mall of America Field
2012_15_MIN_STL,2012,REG,15,2012-12-16,Sunday,13:00,MIN,36.0,STL,22.0,Home,-14.0,58.0,0.0,2012121603,55720.0,,201212160ram,2606.0,321216014,,7,7,120.0,-133.0,1.0,116.0,-126.0,39.0,-106.0,-104.0,0,dome,astroplay,,,00-0027950,00-0027854,Christian Ponder,Sam Bradford,Leslie Frazier,Jeff Fisher,Alberto Riveron,STL00,Edward Jones Dome
2012_16_MIN_HOU,2012,REG,16,2012-12-23,Sunday,13:00,MIN,23.0,HOU,6.0,Home,-17.0,29.0,0.0,2012122310,55733.0,,201212230htx,2620.0,321223034,,7,7,305.0,-350.0,7.5,-103.0,-105.0,43.0,100.0,-110.0,0,closed,grass,,,00-0027950,00-0022787,Christian Ponder,Matt Schaub,Leslie Frazier,Gary Kubiak,John Parry,HOU00,Reliant Stadium
2012_17_GB_MIN,2012,REG,17,2012-12-30,Sunday,16:25,GB,34.0,MIN,37.0,Home,3.0,71.0,0.0,2012123009,55749.0,,201212300min,2636.0,321230016,,7,7,-172.0,155.0,-3.0,-115.0,106.0,45.5,-105.0,-105.0,1,dome,sportturf,,,00-0023459,00-0027950,Aaron Rodgers,Christian Ponder,Mike McCarthy,Leslie Frazier,Mike Carey,MIN00,Mall of America Field
2012_18_MIN_GB,2012,WC,18,2013-01-05,Saturday,20:00,MIN,10.0,GB,24.0,Home,14.0,34.0,0.0,2013010501,55826.0,,201301050gnb,2647.0,330105009,,6,6,450.0,-535.0,10.5,104.0,-113.0,44.0,-101.0,-109.0,1,outdoors,grass,29.0,9.0,00-0027796,00-0023459,Joe Webb,Aaron Rodgers,Leslie Frazier,Mike McCarthy,Scott Green,GNB00,Lambeau Field
2013_01_MIN_DET,2013,REG,1,2013-09-08,Sunday,13:00,MIN,24.0,DET,34.0,Home,10.0,58.0,0.0,2013090804,55842.0,,201309080det,2747.0,330908008,,7,7,186.0,-208.0,4.0,-103.0,-107.0,46.0,-110.0,100.0,1,dome,fieldturf,,,00-0027950,00-0026498,Christian Ponder,Matthew Stafford,Leslie Frazier,Jim Schwartz,John Parry,DET00,Ford Field
2013_02_MIN_CHI,2013,REG,2,2013-09-15,Sunday,13:00,MIN,30.0,CHI,31.0,Home,1.0,61.0,0.0,2013091503,55857.0,,201309150chi,2762.0,330915003,,7,7,231.0,-260.0,6.0,-102.0,-108.0,41.0,-105.0,-105.0,1,outdoors,grass,60.0,6.0,00-0027950,00-0024226,Christian Ponder,Jay Cutler,Leslie Frazier,Marc Trestman,Ed Hochuli,CHI98,Soldier Field
2013_03_CLE_MIN,2013,REG,3,2013-09-22,Sunday,13:00,CLE,31.0,MIN,27.0,Home,-4.0,58.0,0.0,2013092204,55874.0,,201309220min,2779.0,330922016,,7,7,256.0,-290.0,7.0,-123.0,111.0,40.0,-102.0,-108.0,0,dome,sportturf,,,00-0026625,00-0027950,Brian Hoyer,Christian Ponder,Rob Chudzinski,Leslie Frazier,Bill Leavy,MIN00,Mall of America Field
2013_04_PIT_MIN,2013,REG,4,2013-09-29,Sunday,13:00,PIT,27.0,MIN,34.0,Neutral,7.0,61.0,0.0,2013092906,55892.0,,201309290min,2797.0,330929016,,7,7,-154.0,139.0,-3.0,-106.0,-104.0,41.5,-103.0,-107.0,0,outdoors,grass,54.0,11.0,00-0022924,00-0023662,Ben Roethlisberger,Matt Cassel,Mike Tomlin,Leslie Frazier,Clete Blakeman,LON00,Wembley Stadium
2013_06_CAR_MIN,2013,REG,6,2013-10-13,Sunday,13:00,CAR,35.0,MIN,10.0,Home,-25.0,45.0,0.0,2013101305,55920.0,,201310130min,2825.0,331013016,,7,14,127.0,-140.0,2.5,100.0,-110.0,44.5,-103.0,-107.0,0,dome,sportturf,,,00-0027939,00-0023662,Cam Newton,Matt Cassel,Ron Rivera,Leslie Frazier,Ron Winter,MIN00,Mall of America Field
2013_07_MIN_NYG,2013,REG,7,2013-10-21,Monday,20:30,MIN,7.0,NYG,23.0,Home,16.0,30.0,0.0,2013102100,55943.0,,201310210nyg,2848.0,331021019,,8,11,179.0,-199.0,4.0,-105.0,-105.0,47.5,-106.0,-104.0,0,outdoors,fieldturf,57.0,4.0,00-0026993,00-0022803,Josh Freeman,Eli Manning,Leslie Frazier,Tom Coughlin,Tony Corrente,NYC01,MetLife Stadium
2013_08_GB_MIN,2013,REG,8,2013-10-27,Sunday,20:30,GB,44.0,MIN,31.0,Home,-13.0,75.0,0.0,2013102710,55955.0,,201310270min,2860.0,331027016,,7,6,-305.0,269.0,-7.0,-105.0,-105.0,47.5,-103.0,-107.0,1,dome,sportturf,,,00-0023459,00-0027950,Aaron Rodgers,Christian Ponder,Mike McCarthy,Leslie Frazier,Scott Green,MIN00,Mall of America Field
2013_09_MIN_DAL,2013,REG,9,2013-11-03,Sunday,13:00,MIN,23.0,DAL,27.0,Home,4.0,50.0,0.0,2013110302,55960.0,,201311030dal,2865.0,331103006,,7,7,385.0,-450.0,10.0,-120.0,109.0,51.0,102.0,-113.0,0,closed,matrixturf,,,00-0027950,00-0021678,Christian Ponder,Tony Romo,Leslie Frazier,Jason Garrett,Jeff Triplette,DAL00,AT&T Stadium
2013_10_WAS_MIN,2013,REG,10,2013-11-07,Thursday,20:25,WAS,27.0,MIN,34.0,Home,7.0,61.0,0.0,2013110700,55970.0,,201311070min,2875.0,331107016,,4,4,-108.0,-102.0,-1.0,-102.0,-108.0,48.0,-106.0,-104.0,0,dome,sportturf,,,00-0029665,00-0027950,Robert Griffin,Christian Ponder,Mike Shanahan,Leslie Frazier,Ed Hochuli,MIN00,Mall of America Field
2013_11_MIN_SEA,2013,REG,11,2013-11-17,Sunday,16:25,MIN,20.0,SEA,41.0,Home,21.0,61.0,0.0,2013111711,55996.0,,201311170sea,2901.0,331117026,,10,7,569.0,-700.0,13.0,102.0,-113.0,45.0,-105.0,-105.0,0,outdoors,fieldturf,50.0,14.0,00-0027950,00-0029263,Christian Ponder,Russell Wilson,Leslie Frazier,Pete Carroll,Jerome Boger,SEA00,CenturyLink Field
2013_12_MIN_GB,2013,REG,12,2013-11-24,Sunday,13:00,MIN,26.0,GB,26.0,Home,0.0,52.0,1.0,2013112403,56003.0,,201311240gnb,2908.0,331124009,,7,7,226.0,-254.0,6.0,100.0,-110.0,44.5,-101.0,-109.0,1,outdoors,grass,19.0,10.0,00-0027950,00-0028595,Christian Ponder,Scott Tolzien,Leslie Frazier,Mike McCarthy,Bill Vinovich,GNB00,Lambeau Field
2013_13_CHI_MIN,2013,REG,13,2013-12-01,Sunday,13:00,CHI,20.0,MIN,23.0,Home,3.0,43.0,1.0,2013120104,56020.0,,201312010min,2925.0,331201016,,7,7,124.0,-137.0,2.5,103.0,-114.0,48.5,-106.0,-104.0,1,dome,sportturf,,,00-0021206,00-0027950,Josh McCown,Christian Ponder,Marc Trestman,Leslie Frazier,Carl Cheffers,MIN00,Mall of America Field
2013_14_MIN_BAL,2013,REG,14,2013-12-08,Sunday,13:00,MIN,26.0,BAL,29.0,Home,3.0,55.0,0.0,2013120800,56030.0,,201312080rav,2935.0,331208033,,7,10,222.0,-250.0,6.0,-110.0,100.0,41.5,-116.0,105.0,0,outdoors,sportturf,33.0,7.0,00-0023662,00-0026158,Matt Cassel,Joe Flacco,Leslie Frazier,John Harbaugh,Peter Morelli,BAL00,M&T Bank Stadium
2013_15_PHI_MIN,2013,REG,15,2013-12-15,Sunday,13:00,PHI,30.0,MIN,48.0,Home,18.0,78.0,0.0,2013121505,56051.0,,201312150min,2956.0,331215016,,7,7,-270.0,239.0,-6.5,-117.0,106.0,53.0,-110.0,100.0,0,dome,sportturf,,,00-0029567,00-0023662,Nick Foles,Matt Cassel,Chip Kelly,Leslie Frazier,Walt Anderson,MIN00,Mall of America Field
2013_16_MIN_CIN,2013,REG,16,2013-12-22,Sunday,13:00,MIN,14.0,CIN,42.0,Home,28.0,56.0,0.0,2013122202,56063.0,,201312220cin,2968.0,331222004,,7,7,324.0,-373.0,7.5,-105.0,-105.0,48.0,-110.0,100.0,0,outdoors,fieldturf,53.0,11.0,00-0023662,00-0027973,Matt Cassel,Andy Dalton,Leslie Frazier,Marvin Lewis,Terry McAulay,CIN00,Paul Brown Stadium
2013_17_DET_MIN,2013,REG,17,2013-12-29,Sunday,13:00,DET,13.0,MIN,14.0,Home,1.0,27.0,0.0,2013122906,56083.0,,201312290min,2988.0,331229016,,7,7,-130.0,118.0,-2.5,-108.0,-102.0,50.0,-101.0,-109.0,1,dome,sportturf,,,00-0026498,00-0023662,Matthew Stafford,Matt Cassel,Jim Schwartz,Leslie Frazier,Tony Corrente,MIN00,Mall of America Field
2014_01_MIN_STL,2014,REG,1,2014-09-07,Sunday,13:00,MIN,34.0,STL,6.0,Home,-28.0,40.0,0.0,2014090709,56180.0,,201409070ram,3084.0,400554217,,7,7,140.0,-155.0,3.0,-113.0,102.0,43.5,-114.0,103.0,0,dome,astroplay,,,00-0023662,00-0020679,Matt Cassel,Shaun Hill,Mike Zimmer,Jeff Fisher,Ed Hochuli,STL00,Edward Jones Dome
2014_02_NE_MIN,2014,REG,2,2014-09-14,Sunday,13:00,NE,30.0,MIN,7.0,Home,-23.0,37.0,0.0,2014091404,56191.0,,201409140min,3095.0,400554235,,7,7,-164.0,148.0,-3.5,118.0,-130.0,49.0,-108.0,-102.0,0,outdoors,fieldturf,58.0,0.0,00-0019596,00-0023662,Tom Brady,Matt Cassel,Bill Belichick,Mike Zimmer,Tony Corrente,MIN98,TCF Bank Stadium
2014_03_MIN_NO,2014,REG,3,2014-09-21,Sunday,13:00,MIN,9.0,NO,20.0,Home,11.0,29.0,0.0,2014092106,56209.0,,201409210nor,3113.0,400554213,,7,7,442.0,-525.0,10.0,-108.0,-102.0,49.5,-105.0,-105.0,0,dome,sportturf,,,00-0023662,00-0020531,Matt Cassel,Drew Brees,Mike Zimmer,Sean Payton,Walt Anderson,NOR00,Mercedes-Benz Superdome
2014_04_ATL_MIN,2014,REG,4,2014-09-28,Sunday,16:25,ATL,28.0,MIN,41.0,Home,13.0,69.0,0.0,2014092804,56227.0,,201409280min,3131.0,400554242,,10,7,-231.0,206.0,-5.5,-109.0,-101.0,48.0,-110.0,100.0,0,outdoors,fieldturf,82.0,0.0,00-0026143,00-0031237,Matt Ryan,Teddy Bridgewater,Mike Smith,Mike Zimmer,Ronald Torbert,MIN98,TCF Bank Stadium
2014_05_MIN_GB,2014,REG,5,2014-10-02,Thursday,20:25,MIN,10.0,GB,42.0,Home,32.0,52.0,0.0,2014100200,56231.0,,201410020gnb,3135.0,400554197,,4,4,346.0,-400.0,8.5,100.0,-110.0,46.5,-104.0,-106.0,1,outdoors,grass,62.0,6.0,00-0027950,00-0023459,Christian Ponder,Aaron Rodgers,Mike Zimmer,Mike McCarthy,Brad Allen,GNB00,Lambeau Field
2014_06_DET_MIN,2014,REG,6,2014-10-12,Sunday,13:00,DET,17.0,MIN,3.0,Home,-14.0,20.0,0.0,2014101205,56252.0,,201410120min,3156.0,400554255,,7,10,102.0,-113.0,1.0,-105.0,-105.0,43.0,-103.0,-107.0,1,outdoors,fieldturf,53.0,0.0,00-0026498,00-0031237,Matthew Stafford,Teddy Bridgewater,Jim Caldwell,Mike Zimmer,John Parry,MIN98,TCF Bank Stadium
2014_07_MIN_BUF,2014,REG,7,2014-10-19,Sunday,13:00,MIN,16.0,BUF,17.0,Home,1.0,33.0,0.0,2014101901,56263.0,,201410190buf,3167.0,400554268,,7,7,264.0,-300.0,7.0,-110.0,100.0,43.5,-104.0,-106.0,0,outdoors,a_turf,41.0,9.0,00-0031237,00-0023541,Teddy Bridgewater,Kyle Orton,Mike Zimmer,Doug Marrone,Ed Hochuli,BUF00,Ralph Wilson Stadium
2014_08_MIN_TB,2014,REG,8,2014-10-26,Sunday,13:00,MIN,19.0,TB,13.0,Home,-6.0,32.0,1.0,2014102607,56284.0,,201410260tam,3188.0,400554254,,7,14,104.0,-115.0,1.0,-102.0,-108.0,43.0,-103.0,-107.0,0,outdoors,grass,77.0,5.0,00-0031237,00-0030520,Teddy Bridgewater,Mike Glennon,Mike Zimmer,Lovie Smith,Craig Wrolstad,TAM00,Raymond James Stadium
2014_09_WAS_MIN,2014,REG,9,2014-11-02,Sunday,13:00,WAS,26.0,MIN,29.0,Home,3.0,55.0,0.0,2014110206,56298.0,,201411020min,3202.0,400554351,,6,7,-112.0,102.0,-1.0,-105.0,-105.0,43.5,-110.0,100.0,0,outdoors,fieldturf,50.0,10.0,00-0029665,00-0031237,Robert Griffin,Teddy Bridgewater,Jay Gruden,Mike Zimmer,Gene Steratore,MIN98,TCF Bank Stadium
2014_11_MIN_CHI,2014,REG,11,2014-11-16,Sunday,13:00,MIN,13.0,CHI,21.0,Home,8.0,34.0,0.0,2014111601,56319.0,,201411160chi,3223.0,400554340,,14,7,116.0,-128.0,2.5,-103.0,-107.0,46.5,-111.0,101.0,1,outdoors,grass,31.0,12.0,00-0031237,00-0024226,Teddy Bridgewater,Jay Cutler,Mike Zimmer,Marc Trestman,Ronald Torbert,CHI98,Soldier Field
2014_12_GB_MIN,2014,REG,12,2014-11-23,Sunday,13:00,GB,24.0,MIN,21.0,Home,-3.0,45.0,0.0,2014112305,56337.0,,201411230min,3241.0,400554324,,7,7,-340.0,297.0,-7.5,102.0,-113.0,50.0,-110.0,100.0,1,outdoors,fieldturf,49.0,0.0,00-0023459,00-0031237,Aaron Rodgers,Teddy Bridgewater,Mike McCarthy,Mike Zimmer,Clete Blakeman,MIN98,TCF Bank Stadium
2014_13_CAR_MIN,2014,REG,13,2014-11-30,Sunday,13:00,CAR,13.0,MIN,31.0,Home,18.0,44.0,0.0,2014113005,56354.0,,201411300min,3258.0,400554363,,14,7,129.0,-143.0,2.5,108.0,-119.0,41.5,-103.0,-107.0,0,outdoors,fieldturf,12.0,17.0,00-0027939,00-0031237,Cam Newton,Teddy Bridgewater,Ron Rivera,Mike Zimmer,Brad Allen,MIN98,TCF Bank Stadium
2014_14_NYJ_MIN,2014,REG,14,2014-12-07,Sunday,13:00,NYJ,24.0,MIN,30.0,Home,6.0,54.0,1.0,2014120705,56368.0,,201412070min,3272.0,400554416,,6,7,195.0,-218.0,4.5,-105.0,-105.0,40.5,-110.0,100.0,0,outdoors,fieldturf,32.0,17.0,00-0030565,00-0031237,Geno Smith,Teddy Bridgewater,Rex Ryan,Mike Zimmer,Jerome Boger,MIN98,TCF Bank Stadium
2014_15_MIN_DET,2014,REG,15,2014-12-14,Sunday,16:25,MIN,14.0,DET,16.0,Home,2.0,30.0,0.0,2014121405,56384.0,,201412140det,3288.0,400554415,,7,7,305.0,-350.0,8.0,-109.0,-101.0,42.5,-105.0,-105.0,1,dome,fieldturf,,,00-0031237,00-0026498,Teddy Bridgewater,Matthew Stafford,Mike Zimmer,Jim Caldwell,Peter Morelli,DET00,Ford Field
2014_16_MIN_MIA,2014,REG,16,2014-12-21,Sunday,13:00,MIN,35.0,MIA,37.0,Home,2.0,72.0,0.0,2014122103,56400.0,,201412210mia,3304.0,400554373,,7,7,201.0,-225.0,4.5,-104.0,-106.0,42.0,-109.0,-101.0,0,outdoors,grass,80.0,9.0,00-0031237,00-0029701,Teddy Bridgewater,Ryan Tannehill,Mike Zimmer,Joe Philbin,Tony Corrente,MIA00,Sun Life Stadium
2014_17_CHI_MIN,2014,REG,17,2014-12-28,Sunday,13:00,CHI,9.0,MIN,13.0,Home,4.0,22.0,0.0,2014122806,56416.0,,201412280min,3320.0,400554437,,7,7,264.0,-300.0,7.0,100.0,-110.0,47.0,-113.0,102.0,1,outdoors,fieldturf,15.0,0.0,00-0024226,00-0031237,Jay Cutler,Teddy Bridgewater,Marc Trestman,Mike Zimmer,Jeff Triplette,MIN98,TCF Bank Stadium
2015_01_MIN_SF,2015,REG,1,2015-09-14,Monday,22:20,MIN,3.0,SF,20.0,Home,17.0,23.0,0.0,2015091401,56518.0,,201509140sfo,3421.0,400791600,,7,7,-155.0,140.0,-2.5,-134.0,121.0,42.5,-113.0,102.0,0,outdoors,grass,70.0,5.0,00-0031237,00-0027974,Teddy Bridgewater,Colin Kaepernick,Mike Zimmer,Jim Tomsula,Ed Hochuli,SFO01,Levi's Stadium
2015_02_DET_MIN,2015,REG,2,2015-09-20,Sunday,13:00,DET,16.0,MIN,26.0,Home,10.0,42.0,0.0,2015092007,56525.0,,201509200min,3423.0,400791638,,7,6,129.0,-143.0,2.5,104.0,-115.0,44.0,-105.0,-105.0,1,outdoors,fieldturf,67.0,0.0,00-0026498,00-0031237,Matthew Stafford,Teddy Bridgewater,Jim Caldwell,Mike Zimmer,Bill Vinovich,MIN98,TCF Bank Stadium
2015_03_SD_MIN,2015,REG,3,2015-09-27,Sunday,13:00,SD,14.0,MIN,31.0,Home,17.0,45.0,0.0,2015092704,56541.0,,201509270min,3441.0,400791592,,7,7,111.0,-123.0,2.5,-110.0,100.0,45.5,-105.0,-105.0,0,outdoors,fieldturf,75.0,12.0,00-0022942,00-0031237,Philip Rivers,Teddy Bridgewater,Mike McCoy,Mike Zimmer,Terry McAulay,MIN98,TCF Bank Stadium
2015_04_MIN_DEN,2015,REG,4,2015-10-04,Sunday,16:25,MIN,20.0,DEN,23.0,Home,3.0,43.0,0.0,2015100411,56562.0,,201510040den,3465.0,400791719,,7,7,253.0,-286.0,7.0,-117.0,106.0,43.5,-102.0,-108.0,0,outdoors,grass,61.0,9.0,00-0031237,00-0010346,Teddy Bridgewater,Peyton Manning,Mike Zimmer,Gary Kubiak,Walt Coleman,DEN00,Sports Authority Field at Mile High
2015_06_KC_MIN,2015,REG,6,2015-10-18,Sunday,13:00,KC,10.0,MIN,16.0,Home,6.0,26.0,0.0,2015101803,56585.0,,201510180min,3485.0,400791625,,7,14,146.0,-162.0,3.5,-123.0,111.0,43.0,-102.0,-108.0,0,outdoors,fieldturf,54.0,10.0,00-0023436,00-0031237,Alex Smith,Teddy Bridgewater,Andy Reid,Mike Zimmer,Jerome Boger,MIN98,TCF Bank Stadium
2015_07_MIN_DET,2015,REG,7,2015-10-25,Sunday,13:00,MIN,28.0,DET,19.0,Home,-9.0,47.0,0.0,2015102506,56596.0,,201510250det,3502.0,400791523,,7,7,104.0,-115.0,1.0,-102.0,-108.0,44.5,-102.0,-108.0,1,dome,fieldturf,,,00-0031237,00-0026498,Teddy Bridgewater,Matthew Stafford,Mike Zimmer,Jim Caldwell,Ed Hochuli,DET00,Ford Field
2015_08_MIN_CHI,2015,REG,8,2015-11-01,Sunday,13:00,MIN,23.0,CHI,20.0,Home,-3.0,43.0,0.0,2015110104,56612.0,,201511010chi,3515.0,400791642,,7,14,-117.0,106.0,-1.0,-110.0,100.0,43.5,-108.0,-102.0,1,outdoors,grass,62.0,11.0,00-0031237,00-0024226,Teddy Bridgewater,Jay Cutler,Mike Zimmer,John Fox,John Hussey,CHI98,Soldier Field
2015_09_STL_MIN,2015,REG,9,2015-11-08,Sunday,13:00,STL,18.0,MIN,21.0,Home,3.0,39.0,1.0,2015110800,56625.0,,201511080min,3526.0,400791727,,7,7,111.0,-123.0,2.0,-107.0,-103.0,40.0,-109.0,-101.0,0,outdoors,fieldturf,51.0,14.0,00-0029567,00-0031237,Nick Foles,Teddy Bridgewater,Jeff Fisher,Mike Zimmer,Ron Torbert,MIN98,TCF Bank Stadium
2015_10_MIN_OAK,2015,REG,10,2015-11-15,Sunday,16:05,MIN,30.0,OAK,14.0,Home,-16.0,44.0,0.0,2015111508,56644.0,,201511150rai,3547.0,400791586,,7,7,148.0,-164.0,3.0,102.0,-113.0,44.0,-107.0,-103.0,0,outdoors,grass,62.0,31.0,00-0031237,00-0031280,Teddy Bridgewater,Derek Carr,Mike Zimmer,Jack Del Rio,Tony Corrente,OAK00,O.co Coliseum
2015_11_GB_MIN,2015,REG,11,2015-11-22,Sunday,16:25,GB,30.0,MIN,13.0,Home,-17.0,43.0,0.0,2015112205,56657.0,,201511220min,3555.0,400791677,,7,7,-113.0,102.0,-1.0,-105.0,-105.0,45.0,-113.0,102.0,1,outdoors,fieldturf,30.0,8.0,00-0023459,00-0031237,Aaron Rodgers,Teddy Bridgewater,Mike McCarthy,Mike Zimmer,Walt Coleman,MIN98,TCF Bank Stadium
2015_12_MIN_ATL,2015,REG,12,2015-11-29,Sunday,13:00,MIN,20.0,ATL,10.0,Home,-10.0,30.0,0.0,2015112901,56666.0,,201511290atl,3576.0,400791514,,7,7,116.0,-128.0,2.0,100.0,-110.0,45.0,-104.0,-106.0,0,dome,fieldturf,,,00-0031237,00-0026143,Teddy Bridgewater,Matt Ryan,Mike Zimmer,Dan Quinn,Clete Blakeman,ATL00,Georgia Dome
2015_13_SEA_MIN,2015,REG,13,2015-12-06,Sunday,13:00,SEA,38.0,MIN,7.0,Home,-31.0,45.0,0.0,2015120606,56684.0,,201512060min,3585.0,400791606,,7,7,-145.0,131.0,-2.5,-120.0,109.0,43.0,-105.0,-105.0,0,outdoors,fieldturf,37.0,3.0,00-0029263,00-0031237,Russell Wilson,Teddy Bridgewater,Pete Carroll,Mike Zimmer,Terry McAulay,MIN98,TCF Bank Stadium
2015_14_MIN_ARI,2015,REG,14,2015-12-10,Thursday,20:25,MIN,20.0,ARI,23.0,Home,3.0,43.0,0.0,2015121000,56695.0,,201512100crd,3598.0,400791513,,4,4,385.0,-450.0,10.0,-105.0,-105.0,46.5,103.0,-114.0,0,open,grass,,,00-0031237,00-0021429,Teddy Bridgewater,Carson Palmer,Mike Zimmer,Bruce Arians,Gene Steratore,PHO00,University of Phoenix Stadium
2015_15_CHI_MIN,2015,REG,15,2015-12-20,Sunday,13:00,CHI,17.0,MIN,38.0,Home,21.0,55.0,0.0,2015122002,56716.0,,201512200min,3616.0,400791660,,7,10,176.0,-196.0,4.0,-105.0,-105.0,43.5,-102.0,-108.0,1,outdoors,fieldturf,36.0,3.0,00-0024226,00-0031237,Jay Cutler,Teddy Bridgewater,John Fox,Mike Zimmer,Brad Allen,MIN98,TCF Bank Stadium
2015_16_NYG_MIN,2015,REG,16,2015-12-27,Sunday,20:30,NYG,17.0,MIN,49.0,Home,32.0,66.0,0.0,2015122706,56734.0,,201512270min,3632.0,400791565,,7,7,269.0,-305.0,7.0,-110.0,100.0,44.5,-110.0,100.0,0,outdoors,fieldturf,13.0,8.0,00-0022803,00-0031237,Eli Manning,Teddy Bridgewater,Tom Coughlin,Mike Zimmer,Tony Corrente,MIN98,TCF Bank Stadium
2015_17_MIN_GB,2015,REG,17,2016-01-03,Sunday,20:30,MIN,20.0,GB,13.0,Home,-7.0,33.0,0.0,2016010310,56750.0,,201601030gnb,3648.0,400791683,,7,7,133.0,-147.0,3.0,-115.0,104.0,44.0,-110.0,100.0,1,outdoors,grass,24.0,11.0,00-0031237,00-0023459,Teddy Bridgewater,Aaron Rodgers,Mike Zimmer,Mike McCarthy,Bill Vinovich,GNB00,Lambeau Field
2015_18_SEA_MIN,2015,WC,18,2016-01-10,Sunday,13:05,SEA,10.0,MIN,9.0,Home,-1.0,19.0,0.0,2016011000,56826.0,,201601100min,3664.0,400820431,,7,7,-214.0,192.0,-4.0,-113.0,102.0,40.0,-113.0,102.0,0,outdoors,fieldturf,-6.0,12.0,00-0029263,00-0031237,Russell Wilson,Teddy Bridgewater,Pete Carroll,Mike Zimmer,Walt Coleman,MIN98,TCF Bank Stadium
2016_01_MIN_TEN,2016,REG,1,2016-09-11,Sunday,13:00,MIN,25.0,TEN,16.0,Home,-9.0,41.0,0.0,2016091108,56910.0,,201609110oti,4103.0,400874524,,7,7,-127.0,115.0,-2.5,-100.0,-110.0,40.0,-100.0,-110.0,0,outdoors,grass,76.0,5.0,00-0020679,00-0032268,Shaun Hill,Marcus Mariota,Mike Zimmer,Mike Mularkey,Walt Coleman,NAS00,Nissan Stadium
2016_02_GB_MIN,2016,REG,2,2016-09-18,Sunday,20:30,GB,14.0,MIN,17.0,Home,3.0,31.0,0.0,2016091813,56931.0,,201609180min,4115.0,400874545,,7,7,-119.0,108.0,-1.5,-107.0,-103.0,43.0,-105.0,-105.0,1,dome,sportturf,,,00-0023459,00-0027854,Aaron Rodgers,Sam Bradford,Mike McCarthy,Mike Zimmer,Walt Anderson,MIN01,U.S. Bank Stadium
2016_03_MIN_CAR,2016,REG,3,2016-09-25,Sunday,13:00,MIN,22.0,CAR,10.0,Home,-12.0,32.0,0.0,2016092501,56935.0,,201609250car,4128.0,400874615,,7,7,231.0,-260.0,6.0,-108.0,-102.0,43.0,-104.0,-106.0,0,outdoors,grass,80.0,0.0,00-0027854,00-0027939,Sam Bradford,Cam Newton,Mike Zimmer,Ron Rivera,Jerome Boger,CAR00,Bank of America Stadium
2016_04_NYG_MIN,2016,REG,4,2016-10-03,Monday,20:30,NYG,10.0,MIN,24.0,Home,14.0,34.0,0.0,2016100300,56963.0,,201610030min,4156.0,400874677,,8,8,175.0,-195.0,3.5,102.0,-113.0,42.5,-107.0,-103.0,0,dome,sportturf,,,00-0022803,00-0027854,Eli Manning,Sam Bradford,Ben McAdoo,Mike Zimmer,Brad Allen,MIN01,U.S. Bank Stadium
2016_05_HOU_MIN,2016,REG,5,2016-10-09,Sunday,13:00,HOU,13.0,MIN,31.0,Home,18.0,44.0,0.0,2016100905,56970.0,,201610090min,4163.0,400874595,,7,6,222.0,-250.0,6.0,-105.0,-105.0,39.0,-110.0,-100.0,0,dome,sportturf,,,00-0029682,00-0027854,Brock Osweiler,Sam Bradford,Bill O'Brien,Mike Zimmer,Jeff Triplette,MIN01,U.S. Bank Stadium
2016_07_MIN_PHI,2016,REG,7,2016-10-23,Sunday,13:00,MIN,10.0,PHI,21.0,Home,11.0,31.0,0.0,2016102307,57001.0,,201610230phi,4198.0,400874493,,14,7,-128.0,116.0,-2.5,-108.0,-102.0,39.0,-105.0,-105.0,0,outdoors,grass,62.0,20.0,00-0027854,00-0032950,Sam Bradford,Carson Wentz,Mike Zimmer,Doug Pederson,John Hussey,PHI00,Lincoln Financial Field
2016_08_MIN_CHI,2016,REG,8,2016-10-31,Monday,20:30,MIN,10.0,CHI,20.0,Home,10.0,30.0,0.0,2016103100,57020.0,,201610310chi,4213.0,400874652,,8,11,-230.0,205.0,-5.5,-104.0,-106.0,39.5,-107.0,-103.0,1,outdoors,grass,58.0,12.0,00-0027854,00-0024226,Sam Bradford,Jay Cutler,Mike Zimmer,John Fox,Gene Steratore,CHI98,Soldier Field
2016_09_DET_MIN,2016,REG,9,2016-11-06,Sunday,13:00,DET,22.0,MIN,16.0,Home,-6.0,38.0,1.0,2016110605,57026.0,,201611060min,4219.0,400874604,,7,6,174.0,-194.0,4.0,-110.0,-100.0,42.5,-102.0,-108.0,1,dome,sportturf,,,00-0026498,00-0027854,Matthew Stafford,Sam Bradford,Jim Caldwell,Mike Zimmer,Ed Hochuli,MIN01,U.S. Bank Stadium
2016_10_MIN_WAS,2016,REG,10,2016-11-13,Sunday,13:00,MIN,20.0,WAS,26.0,Home,6.0,46.0,0.0,2016111308,57042.0,,201611130was,4235.0,400874576,,7,14,131.0,-145.0,2.5,106.0,-117.0,42.0,-107.0,-103.0,0,outdoors,grass,58.0,7.0,00-0027854,00-0029604,Sam Bradford,Kirk Cousins,Mike Zimmer,Jay Gruden,Peter Morelli,WAS00,FedExField
2016_11_ARI_MIN,2016,REG,11,2016-11-20,Sunday,13:00,ARI,24.0,MIN,30.0,Home,6.0,54.0,0.0,2016112006,57055.0,,201611200min,4249.0,400874695,,7,7,113.0,-125.0,2.0,-108.0,-102.0,39.5,-107.0,-103.0,0,dome,sportturf,,,00-0021429,00-0027854,Carson Palmer,Sam Bradford,Bruce Arians,Mike Zimmer,Clete Blakeman,MIN01,U.S. Bank Stadium
2016_12_MIN_DET,2016,REG,12,2016-11-24,Thursday,12:30,MIN,13.0,DET,16.0,Home,3.0,29.0,0.0,2016112400,57062.0,,201611240det,4255.0,400874495,,4,4,108.0,-119.0,2.0,-108.0,-102.0,42.0,-110.0,100.0,1,dome,fieldturf,,,00-0027854,00-0026498,Sam Bradford,Matthew Stafford,Mike Zimmer,Jim Caldwell,Carl Cheffers,DET00,Ford Field
2016_13_DAL_MIN,2016,REG,13,2016-12-01,Thursday,20:25,DAL,17.0,MIN,15.0,Home,-2.0,32.0,0.0,2016120100,57078.0,,201612010min,4271.0,400874713,,7,7,-153.0,138.0,-3.0,-100.0,-110.0,43.5,102.0,-113.0,0,dome,sportturf,,,00-0033077,00-0027854,Dak Prescott,Sam Bradford,Jason Garrett,Mike Zimmer,Tony Corrente,MIN01,U.S. Bank Stadium
2016_14_MIN_JAX,2016,REG,14,2016-12-11,Sunday,13:00,MIN,25.0,JAX,16.0,Home,-9.0,41.0,0.0,2016121105,57099.0,,201612110jax,4292.0,400874617,,10,7,-170.0,153.0,-3.0,-120.0,109.0,38.0,-102.0,-108.0,0,outdoors,grass,71.0,5.0,00-0027854,00-0031407,Sam Bradford,Blake Bortles,Mike Zimmer,Gus Bradley,John Hussey,JAX00,EverBank Field
2016_15_IND_MIN,2016,REG,15,2016-12-18,Sunday,13:00,IND,34.0,MIN,6.0,Home,-28.0,40.0,0.0,2016121806,57117.0,,201612180min,4317.0,400874688,,7,7,213.0,-239.0,5.0,-102.0,-108.0,44.5,-110.0,-100.0,0,dome,sportturf,,,00-0029668,00-0027854,Andrew Luck,Sam Bradford,Chuck Pagano,Mike Zimmer,Jerome Boger,MIN01,U.S. Bank Stadium
2016_16_MIN_GB,2016,REG,16,2016-12-24,Saturday,13:00,MIN,25.0,GB,38.0,Home,13.0,63.0,0.0,2016122404,57130.0,,201612240gnb,4323.0,400874523,,6,6,235.0,-265.0,6.0,-105.0,-105.0,44.5,-105.0,-105.0,1,outdoors,grass,37.0,8.0,00-0027854,00-0023459,Sam Bradford,Aaron Rodgers,Mike Zimmer,Mike McCarthy,Jeff Triplette,GNB00,Lambeau Field
2016_17_CHI_MIN,2016,REG,17,2017-01-01,Sunday,13:00,CHI,10.0,MIN,38.0,Home,28.0,48.0,0.0,2017010105,57146.0,,201701010min,4339.0,400874643,,8,8,227.0,-255.0,6.0,103.0,-114.0,44.0,-106.0,-104.0,1,dome,sportturf,,,00-0030533,00-0027854,Matt Barkley,Sam Bradford,John Fox,Mike Zimmer,Terry McAulay,MIN01,U.S. Bank Stadium
2017_01_NO_MIN,2017,REG,1,2017-09-11,Monday,19:10,NO,19.0,MIN,29.0,Home,10.0,48.0,0.0,2017091100,57248.0,,201709110min,7936.0,400951612,,7,7,155.0,-172.0,3.0,105.0,-116.0,47.5,-100.0,-110.0,0,dome,sportturf,,,00-0020531,00-0027854,Drew Brees,Sam Bradford,Sean Payton,Mike Zimmer,Gene Steratore,MIN01,U.S. Bank Stadium
2017_02_MIN_PIT,2017,REG,2,2017-09-17,Sunday,13:00,MIN,9.0,PIT,26.0,Home,17.0,35.0,0.0,2017091706,57257.0,,201709170pit,7943.0,400951643,,6,7,330.0,-380.0,8.5,-104.0,-106.0,43.0,-117.0,106.0,0,outdoors,grass,78.0,1.0,00-0028986,00-0022924,Case Keenum,Ben Roethlisberger,Mike Zimmer,Mike Tomlin,Peter Morelli,PIT00,Heinz Field
2017_03_TB_MIN,2017,REG,3,2017-09-24,Sunday,13:00,TB,17.0,MIN,34.0,Home,17.0,51.0,0.0,2017092406,57273.0,,201709240min,7964.0,400951604,,7,7,-104.0,-106.0,-0.0,-100.0,-110.0,41.0,100.0,-110.0,0,dome,sportturf,,,00-0031503,00-0028986,Jameis Winston,Case Keenum,Dirk Koetter,Mike Zimmer,John Hussey,MIN01,U.S. Bank Stadium
2017_04_DET_MIN,2017,REG,4,2017-10-01,Sunday,13:00,DET,14.0,MIN,7.0,Home,-7.0,21.0,0.0,2017100106,57289.0,,201710010min,7975.0,400951724,,7,7,140.0,-155.0,2.5,115.0,-127.0,43.0,-110.0,-100.0,1,dome,sportturf,,,00-0026498,00-0028986,Matthew Stafford,Case Keenum,Jim Caldwell,Mike Zimmer,Bill Vinovich,MIN01,U.S. Bank Stadium
2017_05_MIN_CHI,2017,REG,5,2017-10-09,Monday,20:30,MIN,20.0,CHI,17.0,Home,-3.0,37.0,0.0,2017100900,57311.0,,201710090chi,7999.0,400951691,,8,11,-177.0,159.0,-3.5,103.0,-114.0,41.0,-102.0,-108.0,1,outdoors,grass,70.0,10.0,00-0027854,00-0033869,Sam Bradford,Mitch Trubisky,Mike Zimmer,John Fox,Jerome Boger,CHI98,Soldier Field
2017_06_GB_MIN,2017,REG,6,2017-10-15,Sunday,13:00,GB,10.0,MIN,23.0,Home,13.0,33.0,0.0,2017101503,57316.0,,201710150min,8004.0,400951702,,7,6,-150.0,136.0,-3.0,102.0,-113.0,46.0,-110.0,-100.0,1,dome,sportturf,,,00-0023459,00-0028986,Aaron Rodgers,Case Keenum,Mike McCarthy,Mike Zimmer,Ron Torbert,MIN01,U.S. Bank Stadium
2017_07_BAL_MIN,2017,REG,7,2017-10-22,Sunday,13:00,BAL,16.0,MIN,24.0,Home,8.0,40.0,0.0,2017102207,57334.0,,201710220min,8016.0,400951603,,7,7,197.0,-220.0,5.0,-104.0,-106.0,37.5,-108.0,-102.0,0,dome,sportturf,,,00-0026158,00-0028986,Joe Flacco,Case Keenum,John Harbaugh,Mike Zimmer,Carl Cheffers,MIN01,U.S. Bank Stadium
2017_08_MIN_CLE,2017,REG,8,2017-10-29,Sunday,21:30,MIN,33.0,CLE,16.0,Neutral,-17.0,49.0,0.0,2017102900,57342.0,,201710290cle,8030.0,400951683,,7,7,-480.0,408.0,-11.0,-108.0,-102.0,38.5,-113.0,102.0,0,outdoors,grass,56.0,11.0,00-0028986,00-0033899,Case Keenum,DeShone Kizer,Mike Zimmer,Hue Jackson,Jeff Triplette,LON01,Twickenham Stadium
2017_10_MIN_WAS,2017,REG,10,2017-11-12,Sunday,13:00,MIN,38.0,WAS,30.0,Home,-8.0,68.0,0.0,2017111207,57375.0,,201711120was,8060.0,400951658,,14,7,-104.0,-106.0,-1.0,103.0,-114.0,43.0,-107.0,-103.0,0,outdoors,grass,44.0,4.0,00-0028986,00-0029604,Case Keenum,Kirk Cousins,Mike Zimmer,Jay Gruden,Bill Vinovich,WAS00,FedExField
2017_11_LA_MIN,2017,REG,11,2017-11-19,Sunday,13:00,LA,7.0,MIN,24.0,Home,17.0,31.0,0.0,2017111904,57386.0,,201711190min,8075.0,400951775,,7,7,106.0,-117.0,1.0,-103.0,-107.0,46.0,-113.0,102.0,0,dome,sportturf,,,00-0033106,00-0028986,Jared Goff,Case Keenum,Sean McVay,Mike Zimmer,Walt Anderson,MIN01,U.S. Bank Stadium
2017_12_MIN_DET,2017,REG,12,2017-11-23,Thursday,12:30,MIN,30.0,DET,23.0,Home,-7.0,53.0,0.0,2017112300,57394.0,,201711230det,8082.0,400951569,,4,4,-135.0,122.0,-2.5,-110.0,100.0,46.0,-103.0,-107.0,1,dome,fieldturf,,,00-0028986,00-0026498,Case Keenum,Matthew Stafford,Mike Zimmer,Jim Caldwell,Tony Corrente,DET00,Ford Field
2017_13_MIN_ATL,2017,REG,13,2017-12-03,Sunday,13:00,MIN,14.0,ATL,9.0,Home,-5.0,23.0,0.0,2017120300,57411.0,,201712030atl,8105.0,400951677,,10,7,110.0,-121.0,2.0,-110.0,100.0,48.5,-102.0,-108.0,0,closed,fieldturf,,,00-0028986,00-0026143,Case Keenum,Matt Ryan,Mike Zimmer,Dan Quinn,Brad Allen,ATL97,Mercedes-Benz Stadium
2017_14_MIN_CAR,2017,REG,14,2017-12-10,Sunday,13:00,MIN,24.0,CAR,31.0,Home,7.0,55.0,0.0,2017121001,57428.0,,201712100car,8119.0,400951561,,7,7,-128.0,116.0,-2.5,-102.0,-108.0,40.5,-102.0,-108.0,0,outdoors,grass,41.0,5.0,00-0028986,00-0027939,Case Keenum,Cam Newton,Mike Zimmer,Ron Rivera,Terry McAulay,CAR00,Bank of America Stadium
2017_15_CIN_MIN,2017,REG,15,2017-12-17,Sunday,13:00,CIN,7.0,MIN,34.0,Home,27.0,41.0,0.0,2017121704,57449.0,,201712170min,8135.0,400951784,,7,7,534.0,-650.0,12.5,-100.0,-110.0,42.5,-115.0,104.0,0,dome,sportturf,,,00-0027973,00-0028986,Andy Dalton,Case Keenum,Marvin Lewis,Mike Zimmer,Walt Coleman,MIN01,U.S. Bank Stadium
2017_16_MIN_GB,2017,REG,16,2017-12-23,Saturday,20:30,MIN,16.0,GB,0.0,Home,-16.0,16.0,0.0,2017122301,57459.0,,201712230gnb,8147.0,400951602,,6,6,-400.0,346.0,-8.5,-100.0,-110.0,41.0,-106.0,-104.0,1,outdoors,grass,10.0,6.0,00-0028986,00-0031589,Case Keenum,Brett Hundley,Mike Zimmer,Mike McCarthy,Carl Cheffers,GNB00,Lambeau Field
2017_17_CHI_MIN,2017,REG,17,2017-12-31,Sunday,13:00,CHI,10.0,MIN,23.0,Home,13.0,33.0,0.0,2017123105,57479.0,,201712310min,8164.0,400951750,,7,8,581.0,-750.0,13.5,-123.0,111.0,38.0,-100.0,-110.0,1,dome,sportturf,,,00-0033869,00-0028986,Mitch Trubisky,Case Keenum,John Fox,Mike Zimmer,Craig Wrolstad,MIN01,U.S. Bank Stadium
2017_19_NO_MIN,2017,DIV,19,2018-01-14,Sunday,16:40,NO,24.0,MIN,29.0,Home,5.0,53.0,0.0,2018011401,57497.0,,201801140min,9305.0,400999180,,7,14,205.0,-230.0,5.5,-102.0,-108.0,47.0,-102.0,-108.0,0,dome,sportturf,,,00-0020531,00-0028986,Drew Brees,Case Keenum,Sean Payton,Mike Zimmer,Gene Steratore,MIN01,U.S. Bank Stadium
2017_20_MIN_PHI,2017,CON,20,2018-01-21,Sunday,18:41,MIN,7.0,PHI,38.0,Home,31.0,45.0,0.0,2018012101,57499.0,,201801210phi,9307.0,400999174,,7,8,-147.0,133.0,-3.0,104.0,-115.0,39.0,-106.0,-104.0,0,outdoors,grass,47.0,5.0,00-0028986,00-0029567,Case Keenum,Nick Foles,Mike Zimmer,Doug Pederson,Ed Hochuli,PHI00,Lincoln Financial Field
2018_01_SF_MIN,2018,REG,1,2018-09-09,Sunday,13:00,SF,16.0,MIN,24.0,Home,8.0,40.0,0.0,2018090904,57572.0,,201809090min,9342.0,401030715,,7,7,238.0,-268.0,6.0,-102.0,-108.0,46.5,-106.0,-104.0,0,dome,sportturf,,,00-0031345,00-0029604,Jimmy Garoppolo,Kirk Cousins,Kyle Shanahan,Mike Zimmer,Clay Martin,MIN01,U.S. Bank Stadium
2018_02_MIN_GB,2018,REG,2,2018-09-16,Sunday,13:00,MIN,29.0,GB,29.0,Home,0.0,58.0,1.0,2018091602,57586.0,,201809160gnb,9357.0,401030705,,7,7,-121.0,110.0,-2.0,100.0,-110.0,45.0,-110.0,-100.0,1,outdoors,grass,80.0,5.0,00-0029604,00-0023459,Kirk Cousins,Aaron Rodgers,Mike Zimmer,Mike McCarthy,Tony Corrente,GNB00,Lambeau Field
2018_03_BUF_MIN,2018,REG,3,2018-09-23,Sunday,13:00,BUF,27.0,MIN,6.0,Home,-21.0,33.0,0.0,2018092307,57607.0,,201809230min,9377.0,401030784,,7,7,803.0,-1200.0,16.5,-108.0,-103.0,41.0,-106.0,-104.0,0,dome,sportturf,,,00-0034857,00-0029604,Josh Allen,Kirk Cousins,Sean McDermott,Mike Zimmer,Alex Kemp,MIN01,U.S. Bank Stadium
2018_04_MIN_LA,2018,REG,4,2018-09-27,Thursday,20:20,MIN,31.0,LA,38.0,Home,7.0,69.0,0.0,2018092700,57615.0,,201809270ram,9386.0,401030839,,4,4,282.0,-321.0,7.5,-116.0,104.0,48.5,-105.0,-105.0,0,outdoors,grass,75.0,3.0,00-0029604,00-0033106,Kirk Cousins,Jared Goff,Mike Zimmer,Sean McVay,Brad Allen,LAX99,Los Angeles Memorial Coliseum
2018_05_MIN_PHI,2018,REG,5,2018-10-07,Sunday,16:25,MIN,23.0,PHI,21.0,Home,-2.0,44.0,0.0,2018100709,57640.0,,201810070phi,9411.0,401030803,,10,7,162.0,-180.0,3.5,-106.0,-104.0,48.0,-114.0,102.0,0,outdoors,grass,79.0,6.0,00-0029604,00-0032950,Kirk Cousins,Carson Wentz,Mike Zimmer,Doug Pederson,Walt Coleman,PHI00,Lincoln Financial Field
2018_06_ARI_MIN,2018,REG,6,2018-10-14,Sunday,13:00,ARI,17.0,MIN,27.0,Home,10.0,44.0,0.0,2018101405,57651.0,,201810140min,9422.0,401030742,,7,7,350.0,-405.0,10.0,-126.0,112.0,43.5,-105.0,-105.0,0,dome,sportturf,,,00-0034343,00-0029604,Josh Rosen,Kirk Cousins,Steve Wilks,Mike Zimmer,Jerome Boger,MIN01,U.S. Bank Stadium
2018_07_MIN_NYJ,2018,REG,7,2018-10-21,Sunday,13:00,MIN,37.0,NYJ,17.0,Home,-20.0,54.0,0.0,2018102107,57668.0,,201810210nyj,9438.0,401030809,,7,7,-175.0,157.0,-3.5,106.0,-119.0,45.0,104.0,-116.0,0,outdoors,fieldturf,46.0,16.0,00-0029604,00-0034869,Kirk Cousins,Sam Darnold,Mike Zimmer,Todd Bowles,Shawn Smith,NYC01,MetLife Stadium
2018_08_NO_MIN,2018,REG,8,2018-10-28,Sunday,20:20,NO,30.0,MIN,20.0,Home,-10.0,50.0,0.0,2018102811,57686.0,,201810280min,9457.0,401030786,,7,7,-130.0,118.0,-2.5,-108.0,-103.0,53.5,-110.0,-101.0,0,dome,sportturf,,,00-0020531,00-0029604,Drew Brees,Kirk Cousins,Sean Payton,Mike Zimmer,Craig Wrolstad,MIN01,U.S. Bank Stadium
2018_09_DET_MIN,2018,REG,9,2018-11-04,Sunday,13:00,DET,9.0,MIN,24.0,Home,15.0,33.0,0.0,2018110405,57694.0,,201811040min,9464.0,401030822,,7,7,195.0,-218.0,4.5,-101.0,-110.0,47.0,-101.0,-110.0,1,dome,sportturf,,,00-0026498,00-0029604,Matthew Stafford,Kirk Cousins,Matt Patricia,Mike Zimmer,Peter Morelli,MIN01,U.S. Bank Stadium
2018_11_MIN_CHI,2018,REG,11,2018-11-18,Sunday,20:20,MIN,20.0,CHI,25.0,Home,5.0,45.0,0.0,2018111802,57718.0,,201811180chi,9488.0,401030903,,14,7,124.0,-137.0,2.5,-101.0,-110.0,44.0,-103.0,-108.0,1,outdoors,grass,33.0,6.0,00-0029604,00-0033869,Kirk Cousins,Mitch Trubisky,Mike Zimmer,Matt Nagy,John Perry,CHI98,Soldier Field
2018_12_GB_MIN,2018,REG,12,2018-11-25,Sunday,20:20,GB,17.0,MIN,24.0,Home,7.0,41.0,0.0,2018112510,57741.0,,201811250min,9512.0,401030908,,10,7,184.0,-205.0,4.0,-108.0,-103.0,48.5,-110.0,-101.0,1,dome,sportturf,,,00-0023459,00-0029604,Aaron Rodgers,Kirk Cousins,Mike McCarthy,Mike Zimmer,Bill Vinovich,MIN01,U.S. Bank Stadium
2018_13_MIN_NE,2018,REG,13,2018-12-02,Sunday,16:25,MIN,10.0,NE,24.0,Home,14.0,34.0,0.0,2018120212,57756.0,,201812020nwe,9527.0,401030959,,7,7,217.0,-244.0,6.0,-114.0,102.0,50.0,-108.0,-103.0,0,outdoors,fieldturf,53.0,6.0,00-0029604,00-0019596,Kirk Cousins,Tom Brady,Mike Zimmer,Bill Belichick,Craig Wrolstad,BOS00,Gillette Stadium
2018_14_MIN_SEA,2018,REG,14,2018-12-10,Monday,20:15,MIN,7.0,SEA,21.0,Home,14.0,28.0,0.0,2018121000,57774.0,,201812100sea,9545.0,401030867,,8,8,151.0,-171.0,3.0,105.0,-117.0,45.5,-103.0,-108.0,0,outdoors,fieldturf,48.0,9.0,00-0029604,00-0029263,Kirk Cousins,Russell Wilson,Mike Zimmer,Pete Carroll,Brad Allen,SEA00,CenturyLink Field
2018_15_MIA_MIN,2018,REG,15,2018-12-16,Sunday,13:00,MIA,17.0,MIN,41.0,Home,24.0,58.0,0.0,2018121607,57785.0,,201812160min,9555.0,401030918,,7,6,311.0,-356.0,7.5,-107.0,-103.0,45.0,-115.0,103.0,0,dome,sportturf,,,00-0029701,00-0029604,Ryan Tannehill,Kirk Cousins,Adam Gase,Mike Zimmer,Walt Coleman,MIN01,U.S. Bank Stadium
2018_16_MIN_DET,2018,REG,16,2018-12-23,Sunday,13:00,MIN,27.0,DET,9.0,Home,-18.0,36.0,0.0,2018122307,57798.0,,201812230det,9566.0,401030877,,7,7,-266.0,236.0,-6.5,102.0,-114.0,41.5,-102.0,-109.0,1,dome,fieldturf,,,00-0029604,00-0026498,Kirk Cousins,Matthew Stafford,Mike Zimmer,Matt Patricia,Walt Anderson,DET00,Ford Field
2018_17_CHI_MIN,2018,REG,17,2018-12-30,Sunday,16:25,CHI,24.0,MIN,10.0,Home,-14.0,34.0,0.0,2018123005,57812.0,,201812300min,9582.0,401030763,,7,7,205.0,-230.0,6.0,-119.0,106.0,39.5,106.0,-119.0,1,dome,sportturf,,,00-0033869,00-0029604,Mitch Trubisky,Kirk Cousins,Matt Nagy,Mike Zimmer,Clete Blakeman,MIN01,U.S. Bank Stadium
2019_01_ATL_MIN,2019,REG,1,2019-09-08,Sunday,13:00,ATL,12.0,MIN,28.0,Home,16.0,40.0,0.0,2019090804,57905.0,,201909080min,13765.0,401127961,5059.0,7,7,159.0,-176.0,3.5,-115.0,104.0,47.0,101.0,-112.0,0,dome,sportturf,,,00-0026143,00-0029604,Matt Ryan,Kirk Cousins,Dan Quinn,Mike Zimmer,Bill Vinovich,MIN01,U.S. Bank Stadium
2019_02_MIN_GB,2019,REG,2,2019-09-15,Sunday,13:00,MIN,16.0,GB,21.0,Home,5.0,37.0,0.0,2019091503,57920.0,,201909150gnb,13781.0,401128098,5081.0,7,10,148.0,-165.0,3.0,-102.0,-108.0,43.0,-110.0,-101.0,1,outdoors,grass,72.0,5.0,00-0029604,00-0023459,Kirk Cousins,Aaron Rodgers,Mike Zimmer,Matt LaFleur,John Hussey,GNB00,Lambeau Field
2019_03_OAK_MIN,2019,REG,3,2019-09-22,Sunday,13:00,OAK,14.0,MIN,34.0,Home,20.0,48.0,0.0,2019092205,57938.0,,201909220min,13800.0,401127956,5098.0,7,7,337.0,-405.0,8.5,-105.0,-105.0,43.0,-114.0,102.0,0,dome,sportturf,,,00-0031280,00-0029604,Derek Carr,Kirk Cousins,Jon Gruden,Mike Zimmer,Jerome Boger,MIN01,U.S. Bank Stadium
2019_04_MIN_CHI,2019,REG,4,2019-09-29,Sunday,16:25,MIN,6.0,CHI,16.0,Home,10.0,22.0,0.0,2019092910,57959.0,,201909290chi,13821.0,401128093,5118.0,7,6,-108.0,-102.0,-1.0,-101.0,-109.0,38.0,-105.0,-106.0,1,outdoors,grass,67.0,8.0,00-0029604,00-0033869,Kirk Cousins,Mitch Trubisky,Mike Zimmer,Matt Nagy,Brad Allen,CHI98,Soldier Field
2019_05_MIN_NYG,2019,REG,5,2019-10-06,Sunday,13:00,MIN,28.0,NYG,10.0,Home,-18.0,38.0,0.0,2019100604,57968.0,,201910060nyg,13830.0,401127971,5128.0,7,7,-243.0,213.0,-5.5,-116.0,105.0,44.0,-105.0,-106.0,0,outdoors,fieldturf,66.0,10.0,00-0029604,00-0035710,Kirk Cousins,Daniel Jones,Mike Zimmer,Pat Shurmur,Clete Blakeman,NYC01,MetLife Stadium
2019_06_PHI_MIN,2019,REG,6,2019-10-13,Sunday,13:00,PHI,20.0,MIN,38.0,Home,18.0,58.0,0.0,2019101306,57985.0,,201910130min,13845.0,401128123,5141.0,7,7,157.0,-176.0,3.5,-115.0,105.0,44.0,-110.0,-101.0,0,dome,sportturf,,,00-0032950,00-0029604,Carson Wentz,Kirk Cousins,Doug Pederson,Mike Zimmer,Scott Novak,MIN01,U.S. Bank Stadium
2019_07_MIN_DET,2019,REG,7,2019-10-20,Sunday,13:00,MIN,42.0,DET,30.0,Home,-12.0,72.0,0.0,2019102003,57996.0,,201910200det,13858.0,401127947,5156.0,7,6,-137.0,124.0,-2.5,-110.0,-100.0,43.5,102.0,-114.0,1,dome,fieldturf,,,00-0029604,00-0026498,Kirk Cousins,Matthew Stafford,Mike Zimmer,Matt Patricia,Bradley Rogers,DET00,Ford Field
2019_08_WAS_MIN,2019,REG,8,2019-10-24,Thursday,20:20,WAS,9.0,MIN,19.0,Home,10.0,28.0,0.0,2019102400,58006.0,,201910240min,13868.0,401127905,5164.0,4,4,729.0,-1023.0,16.5,-104.0,-106.0,42.0,100.0,-112.0,0,dome,sportturf,,,00-0028986,00-0029604,Case Keenum,Kirk Cousins,Bill Callahan,Mike Zimmer,Carl Cheffers,MIN01,U.S. Bank Stadium
2019_09_MIN_KC,2019,REG,9,2019-11-03,Sunday,13:00,MIN,23.0,KC,26.0,Home,3.0,49.0,0.0,2019110303,58025.0,,201911030kan,13886.0,401128079,5183.0,10,7,-225.0,198.0,-5.5,-101.0,-109.0,46.0,-100.0,-111.0,0,outdoors,astroturf,54.0,15.0,00-0029604,00-0025708,Kirk Cousins,Matt Moore,Mike Zimmer,Andy Reid,Alex Kemp,KAN00,Arrowhead Stadium
2019_10_MIN_DAL,2019,REG,10,2019-11-10,Sunday,20:20,MIN,28.0,DAL,24.0,Home,-4.0,52.0,0.0,2019111010,58046.0,,201911100dal,13908.0,401128041,5204.0,7,6,160.0,-179.0,3.5,-113.0,103.0,48.5,100.0,-112.0,0,closed,fieldturf,,,00-0029604,00-0033077,Kirk Cousins,Dak Prescott,Mike Zimmer,Jason Garrett,Shawn Hochuli,DAL00,AT&T Stadium
2019_11_DEN_MIN,2019,REG,11,2019-11-17,Sunday,13:00,DEN,23.0,MIN,27.0,Home,4.0,50.0,0.0,2019111705,58054.0,,201911170min,13914.0,401128081,5210.0,14,7,341.0,-412.0,10.0,-119.0,107.0,40.5,-100.0,-111.0,0,dome,sportturf,,,00-0032434,00-0029604,Brandon Allen,Kirk Cousins,Vic Fangio,Mike Zimmer,Clay Martin,MIN01,U.S. Bank Stadium
2019_13_MIN_SEA,2019,REG,13,2019-12-02,Monday,20:15,MIN,30.0,SEA,37.0,Home,7.0,67.0,0.0,2019120200,58091.0,,201912020sea,13953.0,401128112,5249.0,15,8,138.0,-154.0,2.5,112.0,-124.0,48.0,-102.0,-109.0,0,outdoors,fieldturf,51.0,1.0,00-0029604,00-0029263,Kirk Cousins,Russell Wilson,Mike Zimmer,Pete Carroll,Clete Blakeman,SEA00,CenturyLink Field
2019_14_DET_MIN,2019,REG,14,2019-12-08,Sunday,13:00,DET,7.0,MIN,20.0,Home,13.0,27.0,0.0,2019120805,58098.0,,201912080min,13959.0,401127926,5255.0,10,6,463.0,-587.0,12.0,-117.0,106.0,43.5,-113.0,102.0,1,dome,sportturf,,,00-0035040,00-0029604,David Blough,Kirk Cousins,Matt Patricia,Mike Zimmer,Walt Anderson,MIN01,U.S. Bank Stadium
2019_15_MIN_LAC,2019,REG,15,2019-12-15,Sunday,16:05,MIN,39.0,LAC,10.0,Home,-29.0,49.0,0.0,2019121513,58122.0,,201912150sdg,13984.0,401128113,5280.0,7,7,-118.0,107.0,-1.0,-111.0,101.0,45.0,-102.0,-109.0,0,outdoors,grass,64.0,14.0,00-0029604,00-0022942,Kirk Cousins,Philip Rivers,Mike Zimmer,Anthony Lynn,Ronald Torbert,LAX97,StubHub Center
2019_16_GB_MIN,2019,REG,16,2019-12-23,Monday,20:15,GB,23.0,MIN,10.0,Home,-13.0,33.0,0.0,2019122300,58139.0,,201912230min,14001.0,401127946,5297.0,8,8,179.0,-202.0,4.0,-102.0,-108.0,47.0,-110.0,-101.0,1,dome,sportturf,,,00-0023459,00-0029604,Aaron Rodgers,Kirk Cousins,Matt LaFleur,Mike Zimmer,Bill Vinovich,MIN01,U.S. Bank Stadium
2019_17_CHI_MIN,2019,REG,17,2019-12-29,Sunday,13:00,CHI,21.0,MIN,19.0,Home,-2.0,40.0,0.0,2019122909,58149.0,,201912290min,14007.0,401127991,5299.0,7,6,-230.0,203.0,-5.5,-110.0,-100.0,36.5,-101.0,-110.0,1,dome,sportturf,,,00-0033869,00-0032245,Mitch Trubisky,Sean Mannion,Matt Nagy,Mike Zimmer,John Hussey,MIN01,U.S. Bank Stadium
2019_18_MIN_NO,2019,WC,18,2020-01-05,Sunday,13:05,MIN,26.0,NO,20.0,Home,-6.0,46.0,1.0,2020010500,58158.0,,202001050nor,16803.0,401131038,5316.0,7,7,300.0,-355.0,7.5,-115.0,104.0,50.0,-111.0,-100.0,0,dome,astroturf,,,00-0029604,00-0020531,Kirk Cousins,Drew Brees,Mike Zimmer,Sean Payton,Carl Cheffers,NOR00,Mercedes-Benz Superdome
2019_19_MIN_SF,2019,DIV,19,2020-01-11,Saturday,16:35,MIN,10.0,SF,27.0,Home,17.0,37.0,0.0,2020011100,58160.0,,202001110sfo,16807.0,401131040,5318.0,6,13,276.0,-323.0,7.0,-100.0,-110.0,44.5,-105.0,-106.0,0,outdoors,grass,56.0,11.0,00-0029604,00-0031345,Kirk Cousins,Jimmy Garoppolo,Mike Zimmer,Kyle Shanahan,Walt Anderson,SFO01,Levi's Stadium
2020_01_GB_MIN,2020,REG,1,2020-09-13,Sunday,13:00,GB,43.0,MIN,34.0,Home,-9.0,77.0,0.0,2020091306,58175.0,,202009130min,18539.0,401220300,5328.0,7,7,103.0,-114.0,1.0,-103.0,-107.0,45.0,-110.0,-102.0,1,dome,sportturf,,,00-0023459,00-0029604,Aaron Rodgers,Kirk Cousins,Matt LaFleur,Mike Zimmer,Bill Vinovich,MIN01,U.S. Bank Stadium
2020_02_MIN_IND,2020,REG,2,2020-09-20,Sunday,13:00,MIN,11.0,IND,28.0,Home,17.0,39.0,0.0,2020092003,58188.0,,202009200clt,18552.0,401220192,5349.0,7,7,158.0,-176.0,3.5,-111.0,101.0,49.0,-107.0,-104.0,0,closed,fieldturf,,,00-0029604,00-0022942,Kirk Cousins,Philip Rivers,Mike Zimmer,Frank Reich,Alex Kemp,IND00,Lucas Oil Stadium
2020_03_TEN_MIN,2020,REG,3,2020-09-27,Sunday,13:00,TEN,31.0,MIN,30.0,Home,-1.0,61.0,0.0,2020092703,58204.0,,202009270min,18568.0,401220304,5364.0,7,7,-155.0,139.0,-3.0,-101.0,-109.0,49.5,-116.0,104.0,0,dome,sportturf,,,00-0029701,00-0029604,Ryan Tannehill,Kirk Cousins,Mike Vrabel,Mike Zimmer,Clete Blakeman,MIN01,U.S. Bank Stadium
2020_04_MIN_HOU,2020,REG,4,2020-10-04,Sunday,13:00,MIN,31.0,HOU,23.0,Home,-8.0,54.0,0.0,2020100405,58222.0,,202010040htx,18586.0,401220184,5380.0,7,7,154.0,-172.0,3.5,-114.0,104.0,52.5,100.0,-112.0,0,closed,grass,,,00-0029604,00-0033537,Kirk Cousins,Deshaun Watson,Mike Zimmer,Bill O'Brien,Brad Rogers,HOU00,NRG Stadium
2020_05_MIN_SEA,2020,REG,5,2020-10-11,Sunday,20:20,MIN,26.0,SEA,27.0,Home,1.0,53.0,0.0,2020101112,58245.0,,202010110sea,18609.0,401220367,5402.0,7,7,245.0,-284.0,6.5,-105.0,-105.0,54.0,-112.0,100.0,0,outdoors,fieldturf,54.0,10.0,00-0029604,00-0029263,Kirk Cousins,Russell Wilson,Mike Zimmer,Pete Carroll,Tony Corrente,SEA00,CenturyLink Field
2020_06_ATL_MIN,2020,REG,6,2020-10-18,Sunday,13:00,ATL,40.0,MIN,23.0,Home,-17.0,63.0,0.0,2020101803,58251.0,,202010180min,18614.0,401220301,5405.0,7,7,167.0,-188.0,3.5,-102.0,-108.0,53.0,103.0,-115.0,0,dome,sportturf,,,00-0026143,00-0029604,Matt Ryan,Kirk Cousins,Raheem Morris,Mike Zimmer,Craig Wrolstad,MIN01,U.S. Bank Stadium
2020_08_MIN_GB,2020,REG,8,2020-11-01,Sunday,13:00,MIN,28.0,GB,22.0,Home,-6.0,50.0,0.0,2020110104,58280.0,,202011010gnb,18644.0,401220292,5436.0,14,7,218.0,-249.0,5.5,-101.0,-109.0,47.0,-102.0,-109.0,1,outdoors,grass,34.0,23.0,00-0029604,00-0023459,Kirk Cousins,Aaron Rodgers,Mike Zimmer,Matt LaFleur,Alex Kemp,GNB00,Lambeau Field
2020_09_DET_MIN,2020,REG,9,2020-11-08,Sunday,13:00,DET,20.0,MIN,34.0,Home,14.0,54.0,0.0,2020110805,58294.0,,202011080min,18658.0,401220299,5450.0,7,7,155.0,-173.0,3.0,106.0,-117.0,51.5,-108.0,-104.0,1,dome,sportturf,,,00-0026498,00-0029604,Matthew Stafford,Kirk Cousins,Matt Patricia,Mike Zimmer,Clete Blakeman,MIN01,U.S. Bank Stadium
2020_10_MIN_CHI,2020,REG,10,2020-11-16,Monday,20:15,MIN,19.0,CHI,13.0,Home,-6.0,32.0,0.0,2020111600,58315.0,,202011160chi,18679.0,401220276,5472.0,8,8,-170.0,152.0,-3.5,108.0,-119.0,44.0,100.0,-111.0,1,outdoors,grass,44.0,11.0,00-0029604,00-0029567,Kirk Cousins,Nick Foles,Mike Zimmer,Matt Nagy,Scott Novak,CHI98,Soldier Field
2020_11_DAL_MIN,2020,REG,11,2020-11-22,Sunday,16:25,DAL,31.0,MIN,28.0,Home,-3.0,59.0,0.0,2020112209,58326.0,,202011220min,18690.0,401220305,5483.0,14,6,261.0,-304.0,7.0,-110.0,-100.0,50.0,-111.0,-101.0,0,dome,sportturf,,,00-0027973,00-0029604,Andy Dalton,Kirk Cousins,Mike McCarthy,Mike Zimmer,Bill Vinovich,MIN01,U.S. Bank Stadium
2020_12_CAR_MIN,2020,REG,12,2020-11-29,Sunday,13:00,CAR,27.0,MIN,28.0,Home,1.0,55.0,0.0,2020112905,58337.0,,202011290min,18701.0,401220302,5490.0,7,7,131.0,-145.0,3.0,-115.0,104.0,50.0,-104.0,-107.0,0,dome,sportturf,,,00-0031237,00-0029604,Teddy Bridgewater,Kirk Cousins,Matt Rhule,Mike Zimmer,Brad Rogers,MIN01,U.S. Bank Stadium
2020_13_JAX_MIN,2020,REG,13,2020-12-06,Sunday,13:00,JAX,24.0,MIN,27.0,Home,3.0,51.0,1.0,2020120604,58350.0,,202012060min,18714.0,401220303,5507.0,7,7,365.0,-445.0,10.5,-118.0,107.0,51.0,103.0,-114.0,0,dome,sportturf,,,00-0030520,00-0029604,Mike Glennon,Kirk Cousins,Doug Marrone,Mike Zimmer,Land Clark,MIN01,U.S. Bank Stadium
2020_14_MIN_TB,2020,REG,14,2020-12-13,Sunday,13:00,MIN,14.0,TB,26.0,Home,12.0,40.0,0.0,2020121307,58368.0,,202012130tam,18732.0,401220332,5524.0,7,14,271.0,-317.0,7.0,-106.0,-104.0,52.5,-116.0,104.0,0,outdoors,grass,78.0,5.0,00-0029604,00-0019596,Kirk Cousins,Tom Brady,Mike Zimmer,Bruce Arians,Brad Allen,TAM00,Raymond James Stadium
2020_15_CHI_MIN,2020,REG,15,2020-12-20,Sunday,13:00,CHI,33.0,MIN,27.0,Home,-6.0,60.0,0.0,2020122008,58385.0,,202012200min,18749.0,401220298,5536.0,7,7,137.0,-152.0,2.5,111.0,-123.0,47.5,-111.0,-101.0,1,dome,sportturf,,,00-0033869,00-0029604,Mitch Trubisky,Kirk Cousins,Matt Nagy,Mike Zimmer,Shawn Smith,MIN01,U.S. Bank Stadium
2020_16_MIN_NO,2020,REG,16,2020-12-25,Friday,16:30,MIN,33.0,NO,52.0,Home,19.0,85.0,0.0,2020122500,58392.0,,202012250nor,18756.0,401220324,5549.0,5,5,260.0,-302.0,6.5,-109.0,-102.0,49.0,-109.0,-102.0,0,dome,astroturf,,,00-0029604,00-0020531,Kirk Cousins,Drew Brees,Mike Zimmer,Sean Payton,Adrian Hill,NOR00,Mercedes-Benz Superdome
2020_17_MIN_DET,2020,REG,17,2021-01-03,Sunday,13:00,MIN,37.0,DET,35.0,Home,-2.0,72.0,0.0,2021010305,58413.0,,202101030det,18777.0,401220284,5572.0,9,8,-161.0,145.0,-3.0,-110.0,-100.0,54.0,-112.0,101.0,1,dome,fieldturf,,,00-0029604,00-0026498,Kirk Cousins,Matthew Stafford,Mike Zimmer,Darrell Bevell,Adrian Hill,DET00,Ford Field
2021_01_MIN_CIN,2021,REG,1,2021-09-12,Sunday,13:00,MIN,24.0,CIN,27.0,Home,3.0,51.0,1.0,2021091203,58507.0,10160000-0585-078e-e7ac-a2f205f45b71,202109120cin,19612.0,401326316,5603.0,7,7,-135.0,122.0,-3.0,109.0,-120.0,47.0,102.0,-114.0,0,outdoors,fieldturf,81.0,15.0,00-0029604,00-0036442,Kirk Cousins,Joe Burrow,Mike Zimmer,Zac Taylor,Adrian Hill,CIN00,Paul Brown Stadium
2021_02_MIN_ARI,2021,REG,2,2021-09-19,Sunday,16:05,MIN,33.0,ARI,34.0,Home,1.0,67.0,0.0,2021091909,58529.0,10160000-0585-29ea-796d-6cf239561509,202109190crd,19634.0,401326357,5622.0,7,7,170.0,-191.0,4.0,-111.0,101.0,51.0,-111.0,-101.0,0,closed,grass ,,,00-0029604,00-0035228,Kirk Cousins,Kyler Murray,Mike Zimmer,Kliff Kingsbury,Bill Vinovich,PHO00,State Farm Stadium
2021_03_SEA_MIN,2021,REG,3,2021-09-26,Sunday,16:25,SEA,17.0,MIN,30.0,Home,13.0,47.0,0.0,2021092612,58548.0,10160000-0585-486a-f804-7367540c9b94,202109260min,19653.0,401326376,5637.0,7,7,-120.0,109.0,-2.0,-101.0,-109.0,53.5,-104.0,-107.0,0,dome,sportturf,,,00-0029263,00-0029604,Russell Wilson,Kirk Cousins,Pete Carroll,Mike Zimmer,Clay Martin,MIN01,U.S. Bank Stadium
2021_04_CLE_MIN,2021,REG,4,2021-10-03,Sunday,13:00,CLE,14.0,MIN,7.0,Home,-7.0,21.0,0.0,2021100305,58557.0,10160000-0585-5757-fd2f-3dac75e20eff,202110030min,19662.0,401326385,5649.0,7,7,-105.0,-106.0,-1.0,102.0,-113.0,52.0,102.0,-114.0,0,dome,sportturf,,,00-0034855,00-0029604,Baker Mayfield,Kirk Cousins,Kevin Stefanski,Mike Zimmer,Tony Corrente,MIN01,U.S. Bank Stadium
2021_05_DET_MIN,2021,REG,5,2021-10-10,Sunday,13:00,DET,17.0,MIN,19.0,Home,2.0,36.0,0.0,2021101005,58573.0,10160000-0585-73e2-70fa-b79fa0fe1599,202110100min,19676.0,401326400,5662.0,7,7,346.0,-418.0,10.0,-110.0,-100.0,49.5,102.0,-113.0,1,dome,sportturf,,,00-0033106,00-0029604,Jared Goff,Kirk Cousins,Dan Campbell,Mike Zimmer,Clete Blakeman,MIN01,U.S. Bank Stadium
2021_06_MIN_CAR,2021,REG,6,2021-10-17,Sunday,13:00,MIN,34.0,CAR,28.0,Home,-6.0,62.0,1.0,2021101702,58586.0,10160000-0585-8639-6b73-bdae19e8b027,202110170car,19690.0,401326412,5682.0,7,7,-134.0,121.0,-2.5,-110.0,-100.0,45.5,-110.0,-101.0,0,outdoors,grass ,62.0,7.0,00-0029604,00-0034869,Kirk Cousins,Sam Darnold,Mike Zimmer,Matt Rhule,Craig Wrolstad,CAR00,Bank of America Stadium
2021_08_DAL_MIN,2021,REG,8,2021-10-31,Sunday,20:20,DAL,20.0,MIN,16.0,Home,-4.0,36.0,0.0,2021103112,58623.0,10160000-0586-2320-e3bb-ca002ba299dd,202110310min,19728.0,401326449,5714.0,14,14,193.0,-219.0,4.5,-109.0,-101.0,49.5,-110.0,-101.0,0,dome,sportturf,,,00-0033662,00-0029604,Cooper Rush,Kirk Cousins,Mike McCarthy,Mike Zimmer,Scott Novak,MIN01,U.S. Bank Stadium
2021_09_MIN_BAL,2021,REG,9,2021-11-07,Sunday,13:00,MIN,31.0,BAL,34.0,Home,3.0,65.0,1.0,2021110700,58626.0,10160000-0586-263a-6126-2df0136ce50f,202111070rav,19731.0,401326452,5724.0,7,14,262.0,-305.0,7.5,-117.0,106.0,51.0,-109.0,-102.0,0,outdoors,grass,56.0,8.0,00-0029604,00-0034796,Kirk Cousins,Lamar Jackson,Mike Zimmer,John Harbaugh,Carl Cheffers,BAL00,M&T Bank Stadium
2021_10_MIN_LAC,2021,REG,10,2021-11-14,Sunday,16:05,MIN,27.0,LAC,20.0,Home,-7.0,47.0,0.0,2021111408,58648.0,10160000-0586-4864-8173-1b0e28a7b11a,202111140sdg,19753.0,401326474,5739.0,7,7,160.0,-179.0,3.0,111.0,-123.0,53.5,-104.0,-107.0,0,dome,matrixturf,,,00-0029604,00-0036355,Kirk Cousins,Justin Herbert,Mike Zimmer,Brandon Staley,Clay Martin,LAX01,SoFi Stadium
2021_11_GB_MIN,2021,REG,11,2021-11-21,Sunday,13:00,GB,31.0,MIN,34.0,Home,3.0,65.0,0.0,2021112105,58659.0,10160000-0586-5977-9800-c4015b26ad15,202111210min,19763.0,401326485,5748.0,7,7,-111.0,101.0,-1.0,-105.0,-105.0,48.0,-113.0,102.0,1,dome,sportturf,,,00-0023459,00-0029604,Aaron Rodgers,Kirk Cousins,Matt LaFleur,Mike Zimmer,Shawn Hochuli,MIN01,U.S. Bank Stadium
2021_12_MIN_SF,2021,REG,12,2021-11-28,Sunday,16:25,MIN,26.0,SF,34.0,Home,8.0,60.0,0.0,2021112809,58680.0,10160000-0586-8063-7abc-663d2a391fe5,202111280sfo,19784.0,401326506,5770.0,7,7,164.0,-183.0,3.5,-108.0,-102.0,49.0,-101.0,-110.0,0,outdoors,grass,68.0,7.0,00-0029604,00-0031345,Kirk Cousins,Jimmy Garoppolo,Mike Zimmer,Kyle Shanahan,Brad Rogers,SFO01,Levi's Stadium
2021_13_MIN_DET,2021,REG,13,2021-12-05,Sunday,13:00,MIN,27.0,DET,29.0,Home,2.0,56.0,0.0,2021120503,58687.0,10160000-0586-878a-59ca-b7231b3aaa03,202112050det,19791.0,401326513,5778.0,7,10,-296.0,255.0,-7.0,-104.0,-107.0,47.5,-107.0,-104.0,1,dome,fieldturf,,,00-0029604,00-0033106,Kirk Cousins,Jared Goff,Mike Zimmer,Dan Campbell,Craig Wrolstad,DET00,Ford Field
2021_14_PIT_MIN,2021,REG,14,2021-12-09,Thursday,20:20,PIT,28.0,MIN,36.0,Home,8.0,64.0,0.0,2021120900,58697.0,10160000-0586-97dc-570a-46324316336a,202112090min,19801.0,401326523,5788.0,4,4,157.0,-175.0,3.5,-117.0,105.0,45.0,-104.0,-107.0,0,dome,sportturf,,,00-0022924,00-0029604,Ben Roethlisberger,Kirk Cousins,Mike Tomlin,Mike Zimmer,Clete Blakeman,MIN01,U.S. Bank Stadium
2021_15_MIN_CHI,2021,REG,15,2021-12-20,Monday,20:15,MIN,17.0,CHI,9.0,Home,-8.0,26.0,0.0,2021122000,58726.0,10160000-0587-26f2-fd0e-c5f4188c2118,202112200chi,19831.0,401326552,5815.0,11,8,-320.0,274.0,-7.0,-114.0,102.0,48.0,-114.0,103.0,1,outdoors,grass,37.0,8.0,00-0029604,00-0036945,Kirk Cousins,Justin Fields,Mike Zimmer,Matt Nagy,Scott Novak,CHI98,Soldier Field
2021_16_LA_MIN,2021,REG,16,2021-12-26,Sunday,13:00,LA,30.0,MIN,23.0,Home,-7.0,53.0,0.0,2021122604,58734.0,10160000-0587-34a1-8fa7-a103b1a83e13,202112260min,19837.0,401326560,5824.0,7,6,-177.0,158.0,-3.5,-103.0,-108.0,48.5,-100.0,-111.0,0,dome,sportturf,,,00-0026498,00-0029604,Matthew Stafford,Kirk Cousins,Sean McVay,Mike Zimmer,John Hussey,MIN01,U.S. Bank Stadium
2021_17_MIN_GB,2021,REG,17,2022-01-02,Sunday,20:20,MIN,10.0,GB,37.0,Home,27.0,47.0,0.0,2022010214,58757.0,10160000-0587-572b-911e-b3857db5dd95,202201020gnb,19862.0,401326583,5848.0,7,8,525.0,-702.0,13.0,-116.0,105.0,42.0,-100.0,-111.0,1,outdoors,grass,11.0,9.0,00-0032245,00-0023459,Sean Mannion,Aaron Rodgers,Mike Zimmer,Matt LaFleur,Clay Martin,GNB00,Lambeau Field
2021_18_CHI_MIN,2021,REG,18,2022-01-09,Sunday,13:00,CHI,17.0,MIN,31.0,Home,14.0,48.0,0.0,2022010908,58767.0,10160000-0587-67fa-c557-01e2a765837d,202201090min,19872.0,401326593,5853.0,7,7,160.0,-190.0,3.5,-110.0,-110.0,45.5,-110.0,-110.0,1,dome,sportturf,,,00-0027973,00-0029604,Andy Dalton,Kirk Cousins,Matt Nagy,Mike Zimmer,Brad Allen,MIN01,U.S. Bank Stadium
2022_01_GB_MIN,2022,REG,1,2022-09-11,Sunday,16:25,GB,7.0,MIN,23.0,Home,16.0,30.0,0.0,2022091112,58850.0,,202209110min,,401437649,5891.0,7,7,113.0,-125.0,2.5,-116.0,105.0,47.0,-114.0,101.0,1,dome,sportturf,,,00-0023459,00-0029604,Aaron Rodgers,Kirk Cousins,Matt LaFleur,Kevin O'Connell,Bill Vinovich,MIN01,U.S. Bank Stadium
2022_02_MIN_PHI,2022,REG,2,2022-09-19,Monday,20:30,MIN,7.0,PHI,24.0,Home,17.0,31.0,0.0,2022091901,58869.0,,202209190phi,,401436832,5910.0,8,8,127.0,-141.0,2.5,106.0,-117.0,49.5,-115.0,102.0,0,outdoors,grass,,,00-0029604,00-0036389,Kirk Cousins,Jalen Hurts,Kevin O'Connell,Nick Sirianni,Scott Novak,PHI00,Lincoln Financial Field
2022_03_DET_MIN,2022,REG,3,2022-09-25,Sunday,13:00,DET,24.0,MIN,28.0,Home,4.0,52.0,0.0,2022092504,58875.0,,202209250min,,401437739,5916.0,7,6,232.0,-266.0,6.5,-101.0,-110.0,52.0,-117.0,104.0,1,dome,sportturf,,,00-0033106,00-0029604,Jared Goff,Kirk Cousins,Dan Campbell,Kevin O'Connell,John Hussey,MIN01,U.S. Bank Stadium
2022_04_MIN_NO,2022,REG,4,2022-10-02,Sunday,09:30,MIN,28.0,NO,25.0,Neutral,-3.0,53.0,0.0,2022100200,58887.0,,202210020nor,,401435639,5928.0,7,7,-199.0,177.0,-4.0,-103.0,-107.0,42.0,-110.0,-102.0,0,outdoors,,,,00-0029604,00-0027973,Kirk Cousins,Andy Dalton,Kevin O'Connell,Dennis Allen,Clete Blakeman,LON02,Tottenham Stadium
2022_05_CHI_MIN,2022,REG,5,2022-10-09,Sunday,13:00,CHI,22.0,MIN,29.0,Home,7.0,51.0,0.0,2022100904,58907.0,,202210090min,,401437766,5948.0,7,7,322.0,-385.0,10.0,-116.0,105.0,44.0,-106.0,-106.0,1,dome,sportturf,,,00-0036945,00-0029604,Justin Fields,Kirk Cousins,Matt Eberflus,Kevin O'Connell,Shawn Hochuli,MIN01,U.S. Bank Stadium
2022_06_MIN_MIA,2022,REG,6,2022-10-16,Sunday,13:00,MIN,24.0,MIA,16.0,Home,-8.0,40.0,0.0,2022101604,58923.0,,202210160mia,,401437782,5964.0,7,7,-175.0,157.0,-3.0,-120.0,109.0,45.0,-107.0,-105.0,0,outdoors,grass,,,00-0029604,00-0031237,Kirk Cousins,Teddy Bridgewater,Kevin O'Connell,Mike McDaniel,Brad Rogers,MIA00,Hard Rock Stadium
2022_08_ARI_MIN,2022,REG,8,2022-10-30,Sunday,13:00,ARI,26.0,MIN,34.0,Home,8.0,60.0,0.0,2022103005,58951.0,,202210300min,,401437809,5992.0,10,14,177.0,-199.0,4.0,-105.0,-105.0,48.5,-106.0,-106.0,0,dome,sportturf,,,00-0035228,00-0029604,Kyler Murray,Kirk Cousins,Kliff Kingsbury,Kevin O'Connell,Brad Allen,MIN01,U.S. Bank Stadium
2022_09_MIN_WAS,2022,REG,9,2022-11-06,Sunday,13:00,MIN,20.0,WAS,17.0,Home,-3.0,37.0,0.0,2022110607,58969.0,,202211060was,,401437827,6010.0,7,7,-169.0,151.0,-3.0,-119.0,108.0,43.5,-106.0,-106.0,0,outdoors,grass,71.0,11.0,00-0029604,00-0031800,Kirk Cousins,Taylor Heinicke,Kevin O'Connell,Ron Rivera,Jerome Boger,WAS00,FedExField
2022_10_MIN_BUF,2022,REG,10,2022-11-13,Sunday,13:00,MIN,33.0,BUF,30.0,Home,-3.0,63.0,1.0,2022111301,58976.0,,202211130buf,,401437833,6017.0,7,7,230.0,-264.0,6.5,-104.0,-106.0,47.0,-105.0,-107.0,0,outdoors,a_turf,38.0,11.0,00-0029604,00-0034857,Kirk Cousins,Josh Allen,Kevin O'Connell,Sean McDermott,Craig Wrolstad,BUF00,New Era Field
2022_11_DAL_MIN,2022,REG,11,2022-11-20,Sunday,16:25,DAL,40.0,MIN,3.0,Home,-37.0,43.0,0.0,2022112010,58999.0,,202211200min,,401437855,6040.0,7,7,-131.0,118.0,-1.5,-115.0,104.0,48.5,-109.0,-103.0,0,dome,sportturf,,,00-0033077,00-0029604,Dak Prescott,Kirk Cousins,Mike McCarthy,Kevin O'Connell,Clay Martin,MIN01,U.S. Bank Stadium
2022_12_NE_MIN,2022,REG,12,2022-11-24,Thursday,20:20,NE,26.0,MIN,33.0,Home,7.0,59.0,0.0,2022112402,59004.0,,202211240min,,401437859,6045.0,4,4,123.0,-136.0,2.5,-102.0,-108.0,42.5,-106.0,-106.0,0,dome,sportturf,,,00-0036972,00-0029604,Mac Jones,Kirk Cousins,Bill Belichick,Kevin O'Connell,Alex Kemp,MIN01,U.S. Bank Stadium
2022_13_NYJ_MIN,2022,REG,13,2022-12-04,Sunday,13:00,NYJ,22.0,MIN,27.0,Home,5.0,49.0,0.0,2022120405,59024.0,,202212040min,,401437879,6065.0,7,10,132.0,-146.0,3.0,-117.0,106.0,44.0,-108.0,-104.0,0,dome,sportturf,,,00-0034401,00-0029604,Mike White,Kirk Cousins,Robert Saleh,Kevin O'Connell,Clete Blakeman,MIN01,U.S. Bank Stadium
2022_14_MIN_DET,2022,REG,14,2022-12-11,Sunday,13:00,MIN,23.0,DET,34.0,Home,11.0,57.0,0.0,2022121103,59037.0,,202212110det,,401437892,6078.0,7,7,119.0,-132.0,2.5,-108.0,-102.0,51.5,-110.0,-102.0,1,dome,fieldturf,,,00-0029604,00-0033106,Kirk Cousins,Jared Goff,Kevin O'Connell,Dan Campbell,Ron Torbert,DET00,Ford Field
2022_15_IND_MIN,2022,REG,15,2022-12-17,Saturday,13:00,IND,36.0,MIN,39.0,Home,3.0,75.0,1.0,2022121700,59049.0,,202212170min,,401437904,6090.0,13,6,168.0,-188.0,3.5,-103.0,-107.0,46.5,-107.0,-105.0,0,dome,sportturf,,,00-0026143,00-0029604,Matt Ryan,Kirk Cousins,Jeff Saturday,Kevin O'Connell,Tra Blake,MIN01,U.S. Bank Stadium
2022_16_NYG_MIN,2022,REG,16,2022-12-24,Saturday,13:00,NYG,24.0,MIN,27.0,Home,3.0,51.0,0.0,2022122405,59068.0,,202212240min,,401437923,6109.0,6,7,191.0,-215.0,4.5,-102.0,-108.0,48.0,-109.0,-104.0,0,dome,sportturf,,,00-0035710,00-0029604,Daniel Jones,Kirk Cousins,Brian Daboll,Kevin O'Connell,Adrian Hill,MIN01,U.S. Bank Stadium
2022_17_MIN_GB,2022,REG,17,2023-01-01,Sunday,16:25,MIN,17.0,GB,41.0,Home,24.0,58.0,0.0,2023010112,59091.0,,202301010gnb,,401437945,6132.0,8,7,155.0,-173.0,3.0,106.0,-117.0,47.5,-103.0,-109.0,1,outdoors,grass,39.0,7.0,00-0029604,00-0023459,Kirk Cousins,Aaron Rodgers,Kevin O'Connell,Matt LaFleur,Carl Cheffers,GNB00,Lambeau Field
2022_18_MIN_CHI,2022,REG,18,2023-01-08,Sunday,13:00,MIN,29.0,CHI,13.0,Home,-16.0,42.0,0.0,2023010802,59096.0,,202301080chi,,401437950,6137.0,7,7,-260.0,227.0,-6.5,-104.0,-106.0,42.5,-103.0,-109.0,1,outdoors,grass,32.0,2.0,00-0029604,00-0033958,Kirk Cousins,Nathan Peterman,Kevin O'Connell,Matt Eberflus,Brad Allen,CHI98,Soldier Field
2022_19_NYG_MIN,2022,WC,19,2023-01-15,Sunday,16:50,NYG,31.0,MIN,24.0,Home,-7.0,55.0,0.0,2023011501,59162.0,,202301150min,,401438001,6154.0,7,7,129.0,-142.0,2.5,103.0,-113.0,48.0,-104.0,-108.0,0,dome,sportturf,,,00-0035710,00-0029604,Daniel Jones,Kirk Cousins,Brian Daboll,Kevin O'Connell,Adrian Hill,MIN01,U.S. Bank Stadium
2023_01_TB_MIN,2023,REG,1,2023-09-10,Sunday,13:00,TB,20.0,MIN,17.0,Home,-3.0,37.0,0.0,2023091004,59178.0,,202309100min,,401547398,,7,7,170.0,-205.0,4.0,-110.0,-110.0,45.0,-110.0,-110.0,0,dome,,,,00-0034855,00-0029604,Baker Mayfield,Kirk Cousins,Todd Bowles,Kevin O'Connell,Scott Novak,MIN01,U.S. Bank Stadium
2023_02_MIN_PHI,2023,REG,2,2023-09-14,Thursday,20:15,MIN,28.0,PHI,34.0,Home,6.0,62.0,0.0,2023091400,59189.0,,202309140phi,,401547410,,4,4,195.0,-238.0,6.0,-110.0,-110.0,49.0,-110.0,-110.0,0,outdoors,,,,00-0029604,00-0036389,Kirk Cousins,Jalen Hurts,Kevin O'Connell,Nick Sirianni,Clay Martin,PHI00,Lincoln Financial Field
2023_03_LAC_MIN,2023,REG,3,2023-09-24,Sunday,13:00,LAC,28.0,MIN,24.0,Home,-4.0,52.0,0.0,2023092406,59212.0,,202309240min,,401547436,,7,10,-110.0,-110.0,1.0,-115.0,-105.0,54.0,-110.0,-110.0,0,dome,sportturf,,,00-0036355,00-0029604,Justin Herbert,Kirk Cousins,Brandon Staley,Kevin O'Connell,Shawn Smith,MIN01,U.S. Bank Stadium
2023_04_MIN_CAR,2023,REG,4,2023-10-01,Sunday,13:00,MIN,21.0,CAR,13.0,Home,-8.0,34.0,0.0,2023100102,59224.0,,202310010car,,401547448,,7,7,-225.0,185.0,-4.5,-112.0,-108.0,46.5,-110.0,-110.0,0,outdoors,grass,78.0,7.0,00-0029604,00-0039150,Kirk Cousins,Bryce Young,Kevin O'Connell,Frank Reich,Tra Blake,CAR00,Bank of America Stadium
2023_05_KC_MIN,2023,REG,5,2023-10-08,Sunday,16:25,KC,27.0,MIN,20.0,Home,-7.0,47.0,0.0,2023100810,59248.0,,202310080min,,401547462,,7,7,-180.0,150.0,-3.5,-105.0,-115.0,52.5,-110.0,-110.0,0,dome,sportturf,,,00-0033873,00-0029604,Patrick Mahomes,Kirk Cousins,Andy Reid,Kevin O'Connell,Land Clark,MIN01,U.S. Bank Stadium
2023_06_MIN_CHI,2023,REG,6,2023-10-15,Sunday,13:00,MIN,19.0,CHI,13.0,Home,-6.0,32.0,0.0,2023101502,59254.0,,202310150chi,,401547475,,7,10,-166.0,140.0,-3.0,-115.0,-105.0,44.5,-112.0,-108.0,1,outdoors,grass,53.0,16.0,00-0029604,00-0036945,Kirk Cousins,Justin Fields,Kevin O'Connell,Matt Eberflus,Brad Allen,CHI98,Soldier Field
2023_07_SF_MIN,2023,REG,7,2023-10-23,Monday,20:15,SF,17.0,MIN,22.0,Home,5.0,39.0,0.0,2023102300,59278.0,,202310230min,,401547495,,8,8,-325.0,260.0,-7.0,-105.0,-115.0,44.5,-110.0,-110.0,0,dome,sportturf,,,00-0037834,00-0029604,Brock Purdy,Kirk Cousins,Kyle Shanahan,Kevin O'Connell,Carl Cheffers,MIN01,U.S. Bank Stadium
2023_08_MIN_GB,2023,REG,8,2023-10-29,Sunday,13:00,MIN,24.0,GB,10.0,Home,-14.0,34.0,0.0,2023102902,59282.0,,202310290gnb,,401547506,,6,7,-112.0,-108.0,-1.0,-108.0,-112.0,41.5,-108.0,-112.0,1,outdoors,grass,39.0,8.0,00-0029604,00-0036264,Kirk Cousins,Jordan Love,Kevin O'Connell,Matt LaFleur,Shawn Hochuli,GNB00,Lambeau Field
2023_09_MIN_ATL,2023,REG,9,2023-11-05,Sunday,13:00,MIN,31.0,ATL,28.0,Home,-3.0,59.0,0.0,2023110501,59297.0,,202311050atl,,401547518,,7,7,160.0,-192.0,3.5,-108.0,-112.0,38.5,-112.0,-108.0,0,open,fieldturf,,,00-0038598,00-0031800,Jaren Hall,Taylor Heinicke,Kevin O'Connell,Arthur Smith,Shawn Smith,ATL97,Mercedes-Benz Stadium
2023_10_NO_MIN,2023,REG,10,2023-11-12,Sunday,13:00,NO,19.0,MIN,27.0,Home,8.0,46.0,0.0,2023111204,59314.0,,202311120min,,401547533,,7,7,-155.0,130.0,-3.0,-105.0,-115.0,41.0,-112.0,-108.0,0,dome,sportturf,,,00-0031280,00-0033949,Derek Carr,Joshua Dobbs,Dennis Allen,Kevin O'Connell,Adrian Hill,MIN01,U.S. Bank Stadium
2023_11_MIN_DEN,2023,REG,11,2023-11-19,Sunday,20:20,MIN,20.0,DEN,21.0,Home,1.0,41.0,0.0,2023111911,59335.0,,202311190den,,401547550,,7,6,120.0,-142.0,2.5,-102.0,-118.0,43.5,-115.0,-105.0,0,outdoors,grass,53.0,3.0,00-0033949,00-0029263,Joshua Dobbs,Russell Wilson,Kevin O'Connell,Sean Payton,Ron Torbert,DEN00,Empower Field at Mile High
2023_12_CHI_MIN,2023,REG,12,2023-11-27,Monday,20:15,CHI,12.0,MIN,10.0,Home,-2.0,22.0,0.0,2023112700,59352.0,,202311270min,,401547565,,8,8,140.0,-166.0,3.0,-105.0,-115.0,43.5,-110.0,-110.0,1,dome,sportturf,,,00-0036945,00-0033949,Justin Fields,Joshua Dobbs,Matt Eberflus,Kevin O'Connell,Alex Kemp,MIN01,U.S. Bank Stadium
2023_14_MIN_LV,2023,REG,14,2023-12-10,Sunday,16:05,MIN,3.0,LV,0.0,Home,-3.0,3.0,0.0,2023121007,59374.0,,202312100rai,,401547588,,13,14,-155.0,130.0,-3.0,-108.0,-112.0,40.5,-108.0,-112.0,0,dome,grass,,,00-0033949,00-0038579,Joshua Dobbs,Aidan O'Connell,Kevin O'Connell,Antonio Pierce,Craig Wrolstad,VEG00,Allegiant Stadium
2023_15_MIN_CIN,2023,REG,15,2023-12-16,Saturday,13:00,MIN,24.0,CIN,27.0,Home,3.0,51.0,1.0,2023121600,59383.0,,202312160cin,,401547604,,6,6,145.0,-175.0,3.0,-105.0,-115.0,41.5,-110.0,-110.0,0,outdoors,fieldturf,53.0,5.0,00-0033319,00-0035100,Nick Mullens,Jake Browning,Kevin O'Connell,Zac Taylor,Bill Vinovich,CIN00,Paycor Stadium
2023_16_DET_MIN,2023,REG,16,2023-12-24,Sunday,13:00,DET,30.0,MIN,24.0,Home,-6.0,54.0,0.0,2023122405,59403.0,,202312240min,,401547618,,8,8,-148.0,124.0,-2.5,-125.0,105.0,47.5,-102.0,-118.0,1,dome,sportturf,,,00-0033106,00-0033319,Jared Goff,Nick Mullens,Dan Campbell,Kevin O'Connell,Land Clark,MIN01,U.S. Bank Stadium
2023_17_GB_MIN,2023,REG,17,2023-12-31,Sunday,20:20,GB,33.0,MIN,10.0,Home,-23.0,43.0,0.0,2023123114,59428.0,,202312310min,,401547637,,7,7,-108.0,-112.0,1.0,-112.0,-108.0,42.5,-112.0,-108.0,1,dome,sportturf,,,00-0036264,00-0038598,Jordan Love,Jaren Hall,Matt LaFleur,Kevin O'Connell,Clay Martin,MIN01,U.S. Bank Stadium
2023_18_MIN_DET,2023,REG,18,2024-01-07,Sunday,13:00,MIN,20.0,DET,30.0,Home,10.0,50.0,0.0,2024010703,59433.0,,202401070det,,401547642,,7,8,170.0,-205.0,3.5,-102.0,-118.0,47.5,-110.0,-110.0,1,dome,fieldturf,,,00-0033319,00-0033106,Nick Mullens,Jared Goff,Kevin O'Connell,Dan Campbell,Brad Rogers,DET00,Ford Field
2024_01_MIN_NYG,2024,REG,1,2024-09-08,Sunday,13:00,MIN,28.0,NYG,6.0,Home,-22.0,34.0,0.0,2024090807,59517.0,,202409080nyg,,401671712,6458.0,7,7,-115.0,-105.0,-1.0,-108.0,-112.0,42.5,-108.0,-112.0,0,outdoors,fieldturf,64.0,10.0,00-0034869,00-0035710,Sam Darnold,Daniel Jones,Kevin O'Connell,Brian Daboll,Alex Kemp,NYC01,MetLife Stadium
2024_02_SF_MIN,2024,REG,2,2024-09-15,Sunday,13:00,SF,17.0,MIN,23.0,Home,6.0,40.0,0.0,2024091506,59531.0,,202409150min,,401671645,6472.0,6,7,-218.0,180.0,-4.5,-112.0,-108.0,46.5,-108.0,-112.0,0,dome,sportturf,,,00-0037834,00-0034869,Brock Purdy,Sam Darnold,Kyle Shanahan,Kevin O'Connell,Brad Allen,MIN01,U.S. Bank Stadium
2024_03_HOU_MIN,2024,REG,3,2024-09-22,Sunday,13:00,HOU,7.0,MIN,34.0,Home,27.0,41.0,0.0,2024092202,59543.0,,202409220min,,401671646,6484.0,7,7,-135.0,114.0,-2.0,-112.0,-108.0,46.0,-108.0,-112.0,0,dome,sportturf,,,00-0039163,00-0034869,C.J. Stroud,Sam Darnold,DeMeco Ryans,Kevin O'Connell,Shawn Hochuli,MIN01,U.S. Bank Stadium
2024_04_MIN_GB,2024,REG,4,2024-09-29,Sunday,13:00,MIN,31.0,GB,29.0,Home,-2.0,60.0,0.0,2024092903,59560.0,,202409290gnb,,401671643,6501.0,7,7,114.0,-135.0,2.5,-102.0,-118.0,44.0,-112.0,-108.0,1,outdoors,grass,71.0,15.0,00-0034869,00-0036264,Sam Darnold,Jordan Love,Kevin O'Connell,Matt LaFleur,Bill Vinovich,GNB00,Lambeau Field
2024_05_NYJ_MIN,2024,REG,5,2024-10-06,Sunday,09:30,NYJ,17.0,MIN,23.0,Neutral,6.0,40.0,0.0,2024100600,59573.0,,202410060min,,401671804,6514.0,7,7,120.0,-142.0,2.5,-105.0,-115.0,42.0,-112.0,-108.0,0,outdoors,grass,59.0,8.0,00-0023459,00-0034869,Aaron Rodgers,Sam Darnold,Robert Saleh,Kevin O'Connell,Scott Novak,LON02,Tottenham Stadium
2024_07_DET_MIN,2024,REG,7,2024-10-20,Sunday,13:00,DET,31.0,MIN,29.0,Home,-2.0,60.0,0.0,2024102006,59607.0,,202410200min,,401671724,6548.0,7,14,-102.0,-118.0,1.0,-108.0,-112.0,50.5,-112.0,-108.0,1,dome,sportturf,,,00-0033106,00-0034869,Jared Goff,Sam Darnold,Dan Campbell,Kevin O'Connell,Clay Martin,MIN01,U.S. Bank Stadium
2024_08_MIN_LA,2024,REG,8,2024-10-24,Thursday,20:15,MIN,20.0,LA,30.0,Home,10.0,50.0,0.0,2024102400,59615.0,,202410240ram,,401671817,6556.0,4,4,-155.0,130.0,-3.0,-105.0,-115.0,47.5,-110.0,-110.0,0,dome,matrixturf,,,00-0034869,00-0026498,Sam Darnold,Matthew Stafford,Kevin O'Connell,Sean McVay,Tra Blake,LAX01,SoFi Stadium
2024_09_IND_MIN,2024,REG,9,2024-11-03,Sunday,20:20,IND,13.0,MIN,21.0,Home,8.0,34.0,0.0,2024110306,59638.0,,202411030min,,401671647,6579.0,7,10,240.0,-298.0,6.5,-110.0,-110.0,47.0,-110.0,-110.0,0,dome,sportturf,,,00-0026158,00-0034869,Joe Flacco,Sam Darnold,Shane Steichen,Kevin O'Connell,Shawn Smith,MIN01,U.S. Bank Stadium
2024_10_MIN_JAX,2024,REG,10,2024-11-10,Sunday,13:00,MIN,12.0,JAX,7.0,Home,-5.0,19.0,0.0,2024111003,59650.0,,202411100jax,,401671708,6591.0,7,7,-345.0,280.0,-7.0,-120.0,100.0,42.5,-108.0,-112.0,0,outdoors,grass,79.0,7.0,00-0034869,00-0036972,Sam Darnold,Mac Jones,Kevin O'Connell,Doug Pederson,Adrian Hill,JAX00,TIAA Bank Stadium
2024_11_MIN_TEN,2024,REG,11,2024-11-17,Sunday,13:00,MIN,23.0,TEN,13.0,Home,-10.0,36.0,0.0,2024111706,59667.0,,202411170oti,,401671824,6608.0,7,7,-290.0,235.0,-6.0,-118.0,-102.0,40.0,-110.0,-110.0,0,outdoors,grass,66.0,7.0,00-0034869,00-0034771,Sam Darnold,Mason Rudolph,Kevin O'Connell,Brian Callahan,Clete Blakeman,NAS00,Nissan Stadium
2024_12_MIN_CHI,2024,REG,12,2024-11-24,Sunday,13:00,MIN,30.0,CHI,27.0,Home,-3.0,57.0,1.0,2024112401,59676.0,,202411240chi,,401671870,6617.0,7,7,-175.0,145.0,-3.0,-120.0,100.0,39.5,-108.0,-112.0,1,outdoors,grass,47.0,5.0,00-0034869,00-0039918,Sam Darnold,Caleb Williams,Kevin O'Connell,Matt Eberflus,Clay Martin,CHI98,Soldier Field
2024_13_ARI_MIN,2024,REG,13,2024-12-01,Sunday,13:00,ARI,22.0,MIN,23.0,Home,1.0,45.0,0.0,2024120103,59694.0,,202412010min,,401671726,6635.0,7,7,154.0,-185.0,3.5,-110.0,-110.0,45.5,-112.0,-108.0,0,dome,sportturf,,,00-0035228,00-0034869,Kyler Murray,Sam Darnold,Jonathan Gannon,Kevin O'Connell,Bill Vinovich,MIN01,U.S. Bank Stadium
2024_14_ATL_MIN,2024,REG,14,2024-12-08,Sunday,13:00,ATL,21.0,MIN,42.0,Home,21.0,63.0,0.0,2024120801,59705.0,,202412080min,,401671648,6646.0,7,7,205.0,-250.0,6.0,-110.0,-110.0,46.5,-108.0,-112.0,0,dome,sportturf,,,00-0029604,00-0034869,Kirk Cousins,Sam Darnold,Raheem Morris,Kevin O'Connell,Alex Kemp,MIN01,U.S. Bank Stadium
2024_15_CHI_MIN,2024,REG,15,2024-12-16,Monday,20:00,CHI,12.0,MIN,30.0,Home,18.0,42.0,0.0,2024121600,59730.0,,202412160min,,401671489,6671.0,8,8,260.0,-325.0,7.0,-115.0,-105.0,43.5,-110.0,-110.0,1,dome,sportturf,,,00-0039918,00-0034869,Caleb Williams,Sam Darnold,Matt Eberflus,Kevin O'Connell,John Hussey,MIN01,U.S. Bank Stadium
2024_16_MIN_SEA,2024,REG,16,2024-12-22,Sunday,16:05,MIN,27.0,SEA,24.0,Home,-3.0,51.0,0.0,2024122210,59743.0,,202412220sea,,401671759,6684.0,6,7,-148.0,124.0,-2.5,-115.0,-105.0,43.0,-115.0,-105.0,0,outdoors,fieldturf,48.0,5.0,00-0034869,00-0030565,Sam Darnold,Geno Smith,Kevin O'Connell,Mike Macdonald,Craig Wrolstad,SEA00,Lumen Field
2024_17_GB_MIN,2024,REG,17,2024-12-29,Sunday,16:25,GB,25.0,MIN,27.0,Home,2.0,52.0,0.0,2024122907,59758.0,,202412290min,,401671725,6699.0,6,7,-112.0,-108.0,-1.0,-105.0,-115.0,49.0,-110.0,-110.0,1,dome,sportturf,,,00-0036264,00-0034869,Jordan Love,Sam Darnold,Matt LaFleur,Kevin O'Connell,Carl Cheffers,MIN01,U.S. Bank Stadium
2024_18_MIN_DET,2024,REG,18,2025-01-05,Sunday,20:20,MIN,9.0,DET,31.0,Home,22.0,40.0,0.0,2025010505,59769.0,,202501050det,,401671843,6710.0,7,6,124.0,-148.0,3.0,-118.0,-102.0,56.5,-102.0,-118.0,1,dome,fieldturf,,,00-0034869,00-0033106,Sam Darnold,Jared Goff,Kevin O'Connell,Dan Campbell,Brad Rogers,DET00,Ford Field
2024_19_MIN_LA,2024,WC,19,2025-01-13,Monday,20:00,MIN,9.0,LA,27.0,Neutral,18.0,36.0,0.0,2025011300,59834.0,,202501130ram,,401671882,,8,8,-142.0,120.0,-2.5,-118.0,-102.0,47.5,-108.0,-112.0,0,closed,grass,,,00-0034869,00-0026498,Sam Darnold,Matthew Stafford,Kevin O'Connell,Sean McVay,John Hussey,PHO00,State Farm Stadium
2025_01_MIN_CHI,2025,REG,1,2025-09-08,Monday,20:15,MIN,27.0,CHI,24.0,Home,-3.0,51.0,0.0,2025090800,59858.0,,202509080chi,28433.0,401772810,6749.0,7,7,-112.0,-108.0,-1.5,100.0,-120.0,43.5,-112.0,-108.0,1,outdoors,grass,68.0,6.0,00-0039923,00-0039918,J.J. McCarthy,Caleb Williams,Kevin O'Connell,Ben Johnson,Alan Eck,CHI98,Soldier Field
2025_02_ATL_MIN,2025,REG,2,2025-09-14,Sunday,20:20,ATL,22.0,MIN,6.0,Home,-16.0,28.0,0.0,2025091412,59872.0,,202509140min,28447.0,401772919,6763.0,7,6,150.0,-180.0,3.5,-115.0,-105.0,44.5,-110.0,-110.0,0,dome,sportturf,,,00-0039917,00-0039923,Michael Penix,J.J. McCarthy,Raheem Morris,Kevin O'Connell,Adrian Hill,MIN01,U.S. Bank Stadium
2025_03_CIN_MIN,2025,REG,3,2025-09-21,Sunday,13:00,CIN,10.0,MIN,48.0,Home,38.0,58.0,0.0,2025092103,59879.0,,202509210min,28455.0,401772731,6770.0,7,7,136.0,-162.0,3.0,-110.0,-110.0,41.5,-105.0,-115.0,0,dome,sportturf,,,00-0035100,00-0032950,Jake Browning,Carson Wentz,Zac Taylor,Kevin O'Connell,Ron Torbert,MIN01,U.S. Bank Stadium
2025_04_MIN_PIT,2025,REG,4,2025-09-28,Sunday,09:30,MIN,21.0,PIT,24.0,Neutral,3.0,45.0,0.0,2025092800,59892.0,,202509280pit,28467.0,401772632,6783.0,7,7,-148.0,124.0,-2.5,-125.0,105.0,41.5,-115.0,-105.0,0,outdoors,grass,61.0,5.0,00-0032950,00-0023459,Carson Wentz,Aaron Rodgers,Kevin O'Connell,Mike Tomlin,Brad Allen,PIT00,Acrisure Stadium
2025_05_MIN_CLE,2025,REG,5,2025-10-05,Sunday,09:30,MIN,21.0,CLE,17.0,Neutral,-4.0,38.0,0.0,2025100500,59908.0,,202510050cle,28483.0,401772633,6799.0,7,7,-198.0,164.0,-3.5,-110.0,-110.0,35.5,-112.0,-108.0,0,outdoors,grass,61.0,14.0,00-0032950,00-0040704,Carson Wentz,Dillon Gabriel,Kevin O'Connell,Kevin Stefanski,Scott Novak,CLE00,FirstEnergy Stadium
2025_07_PHI_MIN,2025,REG,7,2025-10-19,Sunday,13:00,PHI,28.0,MIN,22.0,Home,-6.0,50.0,0.0,2025101904,59941.0,,202510190min,28516.0,401772862,6832.0,10,14,-148.0,124.0,-2.5,-110.0,-110.0,43.5,-105.0,-115.0,0,dome,sportturf,,,00-0036389,00-0032950,Jalen Hurts,Carson Wentz,Nick Sirianni,Kevin O'Connell,Bill Vinovich,MIN01,U.S. Bank Stadium
2025_08_MIN_LAC,2025,REG,8,2025-10-23,Thursday,20:15,MIN,10.0,LAC,37.0,Home,27.0,47.0,0.0,2025102300,59951.0,,202510230sdg,28526.0,401772942,6842.0,4,4,142.0,-170.0,3.0,100.0,-120.0,45.5,-110.0,-110.0,0,dome,matrixturf,,,00-0032950,00-0036355,Carson Wentz,Justin Herbert,Kevin O'Connell,Jim Harbaugh,Clete Blakeman,LAX01,SoFi Stadium
2025_09_MIN_DET,2025,REG,9,2025-11-02,Sunday,13:00,MIN,27.0,DET,24.0,Home,-3.0,51.0,0.0,2025110201,59966.0,,202511020det,28541.0,401772871,6857.0,10,13,410.0,-550.0,9.5,-108.0,-112.0,47.5,-105.0,-115.0,1,dome,fieldturf,,,00-0039923,00-0033106,J.J. McCarthy,Jared Goff,Kevin O'Connell,Dan Campbell,Clay Martin,DET00,Ford Field
2025_10_BAL_MIN,2025,REG,10,2025-11-09,Sunday,13:00,BAL,27.0,MIN,19.0,Home,-8.0,46.0,0.0,2025110905,59984.0,,202511090min,28559.0,401772876,6875.0,10,7,-230.0,190.0,-4.5,-105.0,-115.0,48.5,-105.0,-115.0,0,dome,sportturf,,,00-0034796,00-0039923,Lamar Jackson,J.J. McCarthy,John Harbaugh,Kevin O'Connell,Shawn Hochuli,MIN01,U.S. Bank Stadium
2025_11_CHI_MIN,2025,REG,11,2025-11-16,Sunday,13:00,CHI,19.0,MIN,17.0,Home,-2.0,36.0,0.0,2025111604,59997.0,,202511160min,28573.0,401772880,6888.0,7,7,124.0,-148.0,3.0,-115.0,-105.0,47.5,-102.0,-118.0,1,dome,sportturf,,,00-0039918,00-0039923,Caleb Williams,J.J. McCarthy,Ben Johnson,Kevin O'Connell,Brad Rogers,MIN01,U.S. Bank Stadium
2025_12_MIN_GB,2025,REG,12,2025-11-23,Sunday,13:00,MIN,6.0,GB,23.0,Home,17.0,29.0,0.0,2025112304,60012.0,,202511230gnb,28587.0,401772887,6903.0,7,7,235.0,-290.0,6.5,-112.0,-108.0,41.5,-112.0,-108.0,1,outdoors,grass,43.0,10.0,00-0039923,00-0036264,J.J. McCarthy,Jordan Love,Kevin O'Connell,Matt LaFleur,Carl Cheffers,GNB00,Lambeau Field
2025_13_MIN_SEA,2025,REG,13,2025-11-30,Sunday,16:05,MIN,0.0,SEA,26.0,Home,26.0,26.0,0.0,2025113007,60032.0,,202511300sea,28608.0,401772896,6923.0,7,7,600.0,-900.0,12.5,-110.0,-110.0,42.5,-110.0,-110.0,0,outdoors,fieldturf,45.0,2.0,00-0040494,00-0034869,Max Brosmer,Sam Darnold,Kevin O'Connell,Mike Macdonald,Clete Blakeman,SEA00,Lumen Field
2025_14_WAS_MIN,2025,REG,14,2025-12-07,Sunday,13:00,WAS,0.0,MIN,31.0,Home,31.0,31.0,0.0,2025120705,60043.0,,202512070min,28618.0,401772899,6934.0,7,7,-115.0,-105.0,-1.5,-102.0,-118.0,43.5,-102.0,-118.0,0,dome,sportturf,,,00-0032268,00-0039923,Marcus Mariota,J.J. McCarthy,Dan Quinn,Kevin O'Connell,Brad Allen,MIN01,U.S. Bank Stadium
2025_15_MIN_DAL,2025,REG,15,2025-12-14,Sunday,20:20,MIN,,DAL,,Home,,,,2025121413,,,202512140dal,28640.0,401772933,6956.0,7,10,220.0,-270.0,5.5,-110.0,-110.0,47.5,-108.0,-112.0,0,closed,matrixturf,,,00-0039923,00-0033077,J.J. McCarthy,Dak Prescott,Kevin O'Connell,Brian Schottenheimer,,DAL00,AT&T Stadium
2025_16_MIN_NYG,2025,REG,16,2025-12-21,Sunday,13:00,MIN,,NYG,,Home,,,,2025122105,,,202512210nyg,28650.0,401772911,6966.0,7,7,-118.0,-102.0,-1.5,-105.0,-115.0,43.5,-110.0,-110.0,0,outdoors,fieldturf,,,,,,,Kevin O'Connell,Brian Daboll,,NYC01,MetLife Stadium
2025_17_DET_MIN,2025,REG,17,2025-12-25,Thursday,16:30,DET,,MIN,,Home,,,,2025122501,,,202512250min,28659.0,401772711,6975.0,4,4,,,,,,,,,1,dome,sportturf,,,,,,,Dan Campbell,Kevin O'Connell,,MIN01,U.S. Bank Stadium
2025_18_GB_MIN,2025,REG,18,2026-01-04,Sunday,13:00,GB,,MIN,,Home,,,,2025010409,,,202501040min,28682.0,401772968,6999.0,6,6,,,,,,,,,1,dome,sportturf,,,,,,,Matt LaFleur,Kevin O'Connell,,MIN01,U.S. Bank Stadium
