game_id,season,game_type,week,gameday,weekday,gametime,away_team,away_score,home_team,home_score,location,result,total,overtime,old_game_id,gsis,nfl_detail_id,pfr,pff,espn,ftn,away_rest,home_rest,away_moneyline,home_moneyline,spread_line,away_spread_odds,home_spread_odds,total_line,under_odds,over_odds,div_game,roof,surface,temp,wind,away_qb_id,home_qb_id,away_qb_name,home_qb_name,away_coach,home_coach,referee,stadium_id,stadium
2000_01_SF_ATL,2000,REG,1,2000-09-03,Sunday,13:00,SF,28.0,ATL,36.0,Home,8.0,64.0,0.0,2000090310,998.0,,200009030atl,,200903001,,7,7,,,6.5,,,46.5,,,1,dome,astroturf,,,00-0005755,00-0002876,Jeff Garcia,Chris Chandler,Steve Mariucci,Dan Reeves,Walt Coleman,ATL00,Georgia Dome
2000_02_CAR_SF,2000,REG,2,2000-09-10,Sunday,16:15,CAR,38.0,SF,22.0,Home,-16.0,60.0,0.0,2000091001,1004.0,,200009100sfo,,200910025,,7,7,,,-3.0,,,48.0,,,1,outdoors,grass,63.0,6.0,00-0001218,00-0005755,Steve Beuerlein,Jeff Garcia,George Seifert,Steve Mariucci,Ed Hochuli,SFO00,3Com Park
2000_03_SF_STL,2000,REG,3,2000-09-17,Sunday,13:00,SF,24.0,STL,41.0,Home,17.0,65.0,0.0,2000091710,1027.0,,200009170ram,,200917014,,7,7,,,17.0,,,55.5,,,1,dome,astroturf,,,00-0005755,00-0017200,Jeff Garcia,Kurt Warner,Steve Mariucci,Mike Martz,Bernie Kukar,STL00,TWA Dome
2000_04_SF_DAL,2000,REG,4,2000-09-24,Sunday,13:00,SF,41.0,DAL,24.0,Home,-17.0,65.0,0.0,2000092409,1044.0,,200009240dal,,200924006,,7,6,,,6.5,,,47.0,,,0,outdoors,astroturf,64.0,20.0,00-0005755,00-0000104,Jeff Garcia,Troy Aikman,Steve Mariucci,Dave Campo,Jeff Triplette,DAL99,Texas Stadium
2000_05_ARI_SF,2000,REG,5,2000-10-01,Sunday,16:15,ARI,20.0,SF,27.0,Home,7.0,47.0,0.0,2000100100,1049.0,,200010010sfo,,201001025,,7,7,,,3.5,,,47.5,,,0,outdoors,grass,72.0,10.0,00-0013042,00-0005755,Jake Plummer,Jeff Garcia,Vince Tobin,Steve Mariucci,Mike Carey,SFO00,3Com Park
2000_06_OAK_SF,2000,REG,6,2000-10-08,Sunday,16:15,OAK,34.0,SF,28.0,Home,-6.0,62.0,1.0,2000100807,1071.0,,200010080sfo,,201008025,,14,7,,,-4.5,,,48.5,,,0,outdoors,grass,66.0,10.0,00-0005741,00-0005755,Rich Gannon,Jeff Garcia,Jon Gruden,Steve Mariucci,Ron Blum,SFO00,3Com Park
2000_07_SF_GB,2000,REG,7,2000-10-15,Sunday,16:15,SF,28.0,GB,31.0,Home,3.0,59.0,0.0,2000101511,1089.0,,200010150gnb,,201015009,,7,7,,,4.5,,,49.5,,,0,outdoors,grass,54.0,4.0,00-0005755,00-0005106,Jeff Garcia,Brett Favre,Steve Mariucci,Mike Sherman,Bob McElwee,GNB00,Lambeau Field
2000_08_SF_CAR,2000,REG,8,2000-10-22,Sunday,13:00,SF,16.0,CAR,34.0,Home,18.0,50.0,0.0,2000102208,1101.0,,200010220car,,201022029,,7,7,,,3.0,,,50.0,,,1,outdoors,grass,76.0,7.0,00-0005755,00-0001218,Jeff Garcia,Steve Beuerlein,Steve Mariucci,George Seifert,Ron Winter,CAR00,Ericsson Stadium
2000_09_STL_SF,2000,REG,9,2000-10-29,Sunday,16:05,STL,34.0,SF,24.0,Home,-10.0,58.0,0.0,2000102911,1117.0,,200010290sfo,,201029025,,7,7,,,-7.0,,,63.0,,,1,outdoors,grass,60.0,13.0,00-0006355,00-0005755,Trent Green,Jeff Garcia,Mike Martz,Steve Mariucci,Ed Hochuli,SFO00,3Com Park
2000_10_SF_NO,2000,REG,10,2000-11-05,Sunday,13:00,SF,15.0,NO,31.0,Home,16.0,46.0,0.0,2000110510,1130.0,,200011050nor,,201105018,,7,7,,,5.5,,,48.0,,,1,dome,astroturf,,,00-0005755,00-0001335,Jeff Garcia,Jeff Blake,Steve Mariucci,Jim Haslett,Phil Luckett,NOR00,Louisiana Superdome
2000_11_KC_SF,2000,REG,11,2000-11-12,Sunday,16:05,KC,7.0,SF,21.0,Home,14.0,28.0,0.0,2000111206,1142.0,,200011120sfo,,201112025,,7,7,,,-3.5,,,52.0,,,0,outdoors,grass,54.0,0.0,00-0006300,00-0005755,Elvis Grbac,Jeff Garcia,Gunther Cunningham,Steve Mariucci,Johnny Grier,SFO00,3Com Park
2000_12_ATL_SF,2000,REG,12,2000-11-19,Sunday,16:15,ATL,6.0,SF,16.0,Home,10.0,22.0,0.0,2000111901,1152.0,,200011190sfo,,201119025,,7,7,,,5.5,,,47.5,,,1,outdoors,grass,57.0,3.0,00-0002876,00-0005755,Chris Chandler,Jeff Garcia,Dan Reeves,Steve Mariucci,Mike Carey,SFO00,3Com Park
2000_14_SF_SD,2000,REG,14,2000-12-03,Sunday,16:05,SF,45.0,SD,17.0,Home,-28.0,62.0,0.0,2000120309,1191.0,,200012030sdg,,201203024,,14,7,,,-2.5,,,44.0,,,0,outdoors,grass,66.0,9.0,00-0005755,00-0009715,Jeff Garcia,Ryan Leaf,Steve Mariucci,Mike Riley,Gerry Austin,SDG00,Qualcomm Stadium
2000_15_NO_SF,2000,REG,15,2000-12-10,Sunday,16:15,NO,31.0,SF,27.0,Home,-4.0,58.0,0.0,2000121006,1202.0,,200012100sfo,,201210025,,7,7,,,3.0,,,47.5,,,1,outdoors,grass,55.0,13.0,00-0001823,00-0005755,Aaron Brooks,Jeff Garcia,Jim Haslett,Steve Mariucci,Larry Nemmers,SFO00,3Com Park
2000_16_CHI_SF,2000,REG,16,2000-12-17,Sunday,16:05,CHI,0.0,SF,17.0,Home,17.0,17.0,0.0,2000121702,1210.0,,200012170sfo,,201217025,,7,7,,,6.0,,,45.5,,,0,outdoors,grass,58.0,6.0,00-0011044,00-0005755,Cade McNown,Jeff Garcia,Dick Jauron,Steve Mariucci,Dick Hantak,SFO00,3Com Park
2000_17_SF_DEN,2000,REG,17,2000-12-23,Saturday,16:15,SF,9.0,DEN,38.0,Home,29.0,47.0,0.0,2000122301,1222.0,,200012230den,,201223007,,6,6,,,7.0,,,48.5,,,0,outdoors,grass,45.0,7.0,00-0005755,00-0005589,Jeff Garcia,Gus Frerotte,Steve Mariucci,Mike Shanahan,Tony Corrente,DEN99,Mile High Stadium
2001_01_ATL_SF,2001,REG,1,2001-09-09,Sunday,16:15,ATL,13.0,SF,16.0,Home,3.0,29.0,1.0,2001090900,17670.0,,200109090sfo,,210909025,,7,7,,,3.5,,,46.0,,,1,outdoors,grass,68.0,12.0,00-0002876,00-0005755,Chris Chandler,Jeff Garcia,Dan Reeves,Steve Mariucci,Riley Johnson,SFO00,3Com Park
2001_02_STL_SF,2001,REG,2,2001-09-23,Sunday,16:15,STL,30.0,SF,26.0,Home,-4.0,56.0,0.0,2001092309,17709.0,,200109230sfo,,210923025,,14,14,,,-6.0,,,50.0,,,1,outdoors,grass,59.0,10.0,00-0017200,00-0005755,Kurt Warner,Jeff Garcia,Mike Martz,Steve Mariucci,Bill Leavy,SFO00,3Com Park
2001_03_SF_NYJ,2001,REG,3,2001-10-01,Monday,09:00,SF,19.0,NYJ,17.0,Home,-2.0,36.0,0.0,2001100100,17727.0,,200110010nyj,,211001020,,8,8,,,3.0,,,44.5,,,0,outdoors,grass,52.0,0.0,00-0005755,00-0016193,Jeff Garcia,Vinny Testaverde,Steve Mariucci,Herm Edwards,Johnny Grier,NYC00,Giants Stadium
2001_04_CAR_SF,2001,REG,4,2001-10-07,Sunday,20:30,CAR,14.0,SF,24.0,Home,10.0,38.0,0.0,2001100712,17740.0,,200110070sfo,,211007025,,7,6,,,6.5,,,45.0,,,1,outdoors,grass,52.0,10.0,00-0020434,00-0005755,Chris Weinke,Jeff Garcia,George Seifert,Steve Mariucci,Terry McAulay,SFO00,3Com Park
2001_05_SF_ATL,2001,REG,5,2001-10-14,Sunday,13:00,SF,37.0,ATL,31.0,Home,-6.0,68.0,1.0,2001101410,17752.0,,200110140atl,,211014001,,7,7,,,-3.0,,,43.5,,,1,dome,astroturf,,,00-0005755,00-0002876,Jeff Garcia,Chris Chandler,Steve Mariucci,Dan Reeves,Jeff Triplette,ATL00,Georgia Dome
2001_07_SF_CHI,2001,REG,7,2001-10-28,Sunday,13:00,SF,31.0,CHI,37.0,Home,6.0,68.0,1.0,2001102811,17781.0,,200110280chi,,211028003,,14,7,,,2.0,,,39.0,,,0,outdoors,grass,46.0,15.0,00-0005755,00-0011276,Jeff Garcia,Jim Miller,Steve Mariucci,Dick Jauron,Dick Hantak,CHI98,Soldier Field
2001_08_DET_SF,2001,REG,8,2001-11-04,Sunday,16:05,DET,13.0,SF,21.0,Home,8.0,34.0,0.0,2001110404,17788.0,,200111040sfo,,211104025,,7,7,,,8.5,,,47.0,,,0,outdoors,grass,64.0,5.0,00-0000865,00-0005755,Charlie Batch,Jeff Garcia,Marty Mornhinweg,Steve Mariucci,Ed Hochuli,SFO00,3Com Park
2001_09_NO_SF,2001,REG,9,2001-11-11,Sunday,16:15,NO,27.0,SF,28.0,Home,1.0,55.0,0.0,2001111108,17806.0,,200111110sfo,,211111025,,7,7,,,3.0,,,45.0,,,1,outdoors,grass,68.0,14.0,00-0001823,00-0005755,Aaron Brooks,Jeff Garcia,Jim Haslett,Steve Mariucci,Larry Nemmers,SFO00,3Com Park
2001_10_SF_CAR,2001,REG,10,2001-11-18,Sunday,13:00,SF,25.0,CAR,22.0,Home,-3.0,47.0,1.0,2001111809,17822.0,,200111180car,,211118029,,7,7,,,-7.0,,,43.0,,,1,outdoors,grass,60.0,6.0,00-0005755,00-0020434,Jeff Garcia,Chris Weinke,Steve Mariucci,George Seifert,Gerry Austin,CAR00,Ericsson Stadium
2001_11_SF_IND,2001,REG,11,2001-11-25,Sunday,13:00,SF,40.0,IND,21.0,Home,-19.0,61.0,0.0,2001112508,17838.0,,200111250clt,,211125011,,7,7,,,2.5,,,52.5,,,0,dome,astroturf,,,00-0005755,00-0010346,Jeff Garcia,Peyton Manning,Steve Mariucci,Jim Mora,Bernie Kukar,IND99,RCA Dome
2001_12_BUF_SF,2001,REG,12,2001-12-02,Sunday,20:30,BUF,0.0,SF,35.0,Home,35.0,35.0,0.0,2001120212,17856.0,,200112020sfo,,211202025,,7,7,,,8.5,,,44.5,,,0,outdoors,grass,45.0,25.0,00-0016838,00-0005755,Alex Van Pelt,Jeff Garcia,Gregg Williams,Steve Mariucci,Ed Hochuli,SFO00,3Com Park
2001_13_SF_STL,2001,REG,13,2001-12-09,Sunday,13:00,SF,14.0,STL,27.0,Home,13.0,41.0,0.0,2001120910,17868.0,,200112090ram,,211209014,,7,7,,,7.0,,,55.0,,,1,dome,astroturf,,,00-0005755,00-0017200,Jeff Garcia,Kurt Warner,Steve Mariucci,Mike Martz,Bob McElwee,STL00,Dome at America's Center
2001_14_MIA_SF,2001,REG,14,2001-12-16,Sunday,16:05,MIA,0.0,SF,21.0,Home,21.0,21.0,0.0,2001121606,17881.0,,200112160sfo,,211216025,,6,7,,,3.5,,,43.0,,,0,outdoors,grass,52.0,0.0,00-0005180,00-0005755,Jay Fiedler,Jeff Garcia,Dave Wannstedt,Steve Mariucci,Ron Winter,SFO00,3Com Park
2001_15_PHI_SF,2001,REG,15,2001-12-22,Saturday,17:00,PHI,3.0,SF,13.0,Home,10.0,16.0,0.0,2001122201,17889.0,,200112220sfo,,211222025,,6,6,,,3.0,,,40.0,,,0,outdoors,grass,51.0,8.0,00-0011022,00-0005755,Donovan McNabb,Jeff Garcia,Andy Reid,Steve Mariucci,Tony Corrente,SFO00,3Com Park
2001_16_SF_DAL,2001,REG,16,2001-12-30,Sunday,13:00,SF,21.0,DAL,27.0,Home,6.0,48.0,0.0,2001123011,17915.0,,200112300dal,,211230006,,8,7,,,-6.5,,,39.5,,,0,outdoors,astroturf,35.0,5.0,00-0005755,00-0020404,Jeff Garcia,Quincy Carter,Steve Mariucci,Dave Campo,Ron Blum,DAL99,Texas Stadium
2001_17_SF_NO,2001,REG,17,2002-01-06,Sunday,13:00,SF,38.0,NO,0.0,Home,-38.0,38.0,0.0,2002010612,17697.0,,200201060nor,,220106018,,7,7,,,-2.5,,,46.5,,,1,dome,astroturf,,,00-0005755,00-0001823,Jeff Garcia,Aaron Brooks,Steve Mariucci,Jim Haslett,Jeff Triplette,NOR00,Louisiana Superdome
2001_18_SF_GB,2001,WC,18,2002-01-13,Sunday,12:30,SF,15.0,GB,25.0,Home,10.0,40.0,0.0,2002011300,18002.0,,200201130gnb,,220113009,,7,7,,,3.5,,,39.0,,,0,outdoors,grass,28.0,4.0,00-0005755,00-0005106,Jeff Garcia,Brett Favre,Steve Mariucci,Mike Sherman,Bernie Kukar,GNB00,Lambeau Field
2002_01_SF_NYG,2002,REG,1,2002-09-05,Thursday,20:30,SF,16.0,NYG,13.0,Home,-3.0,29.0,0.0,2002090500,18094.0,,200209050nyg,,220905019,,7,7,,,-4.0,,,39.0,,,0,outdoors,grass,73.0,7.0,00-0005755,00-0003292,Jeff Garcia,Kerry Collins,Steve Mariucci,Jim Fassel,Gerry Austin,NYC00,Giants Stadium
2002_02_DEN_SF,2002,REG,2,2002-09-15,Sunday,16:15,DEN,24.0,SF,14.0,Home,-10.0,38.0,0.0,2002091511,18123.0,,200209150sfo,,220915025,,7,10,,,3.5,,,44.0,,,0,outdoors,grass,67.0,11.0,00-0006423,00-0005755,Brian Griese,Jeff Garcia,Mike Shanahan,Steve Mariucci,Ron Blum,SFO00,3Com Park
2002_03_WAS_SF,2002,REG,3,2002-09-22,Sunday,16:15,WAS,10.0,SF,20.0,Home,10.0,30.0,0.0,2002092211,18137.0,,200209220sfo,,220922025,,6,7,,,10.0,,,44.0,,,0,outdoors,grass,65.0,5.0,00-0010560,00-0005755,Shane Matthews,Jeff Garcia,Steve Spurrier,Steve Mariucci,Mike Carey,SFO00,3Com Park
2002_05_STL_SF,2002,REG,5,2002-10-06,Sunday,16:15,STL,13.0,SF,37.0,Home,24.0,50.0,0.0,2002100609,18165.0,,200210060sfo,,221006025,,7,14,,,6.0,,,41.5,,,1,outdoors,grass,72.0,5.0,00-0010455,00-0005755,Jamie Martin,Jeff Garcia,Mike Martz,Steve Mariucci,Tony Corrente,SFO00,3Com Park
2002_06_SF_SEA,2002,REG,6,2002-10-14,Monday,09:00,SF,28.0,SEA,21.0,Home,-7.0,49.0,0.0,2002101400,18181.0,,200210140sea,,221014026,,8,15,,,-3.0,,,43.5,,,1,outdoors,fieldturf,64.0,6.0,00-0005755,00-0004293,Jeff Garcia,Trent Dilfer,Steve Mariucci,Mike Holmgren,Bill Leavy,SEA00,Seahawks Stadium
2002_07_SF_NO,2002,REG,7,2002-10-20,Sunday,13:00,SF,27.0,NO,35.0,Home,8.0,62.0,0.0,2002102001,18187.0,,200210200nor,,221020018,,6,7,,,1.5,,,48.5,,,0,dome,astroturf,,,00-0005755,00-0001823,Jeff Garcia,Aaron Brooks,Steve Mariucci,Jim Haslett,Ed Hochuli,NOR00,Louisiana Superdome
2002_08_ARI_SF,2002,REG,8,2002-10-27,Sunday,16:05,ARI,28.0,SF,38.0,Home,10.0,66.0,0.0,2002102705,18205.0,,200210270sfo,,221027025,,7,7,,,8.5,,,40.5,,,1,outdoors,grass,62.0,5.0,00-0013042,00-0005755,Jake Plummer,Jeff Garcia,Dave McGinnis,Steve Mariucci,Larry Nemmers,SFO00,3Com Park
2002_09_SF_OAK,2002,REG,9,2002-11-03,Sunday,16:15,SF,23.0,OAK,20.0,Home,-3.0,43.0,1.0,2002110305,18220.0,,200211030rai,,221103013,,7,7,,,3.0,,,49.5,,,0,outdoors,grass,65.0,7.0,00-0005755,00-0005741,Jeff Garcia,Rich Gannon,Steve Mariucci,Bill Callahan,Gerald Austin,OAK00,Network Associates Coliseum
2002_10_KC_SF,2002,REG,10,2002-11-10,Sunday,16:15,KC,13.0,SF,17.0,Home,4.0,30.0,0.0,2002111007,18235.0,,200211100sfo,,221110025,,14,7,,,5.0,,,49.0,,,0,outdoors,grass,61.0,18.0,00-0006355,00-0005755,Trent Green,Jeff Garcia,Dick Vermeil,Steve Mariucci,Ron Blum,SFO00,3Com Park
2002_11_SF_SD,2002,REG,11,2002-11-17,Sunday,16:05,SF,17.0,SD,20.0,Home,3.0,37.0,1.0,2002111707,18247.0,,200211170sdg,,221117024,,7,7,,,-2.5,,,43.0,,,0,outdoors,grass,72.0,9.0,00-0005755,00-0020531,Jeff Garcia,Drew Brees,Steve Mariucci,Marty Schottenheimer,Mike Carey,SDG00,Qualcomm Stadium
2002_12_PHI_SF,2002,REG,12,2002-11-25,Monday,09:00,PHI,38.0,SF,17.0,Home,-21.0,55.0,0.0,2002112500,18269.0,,200211250sfo,,221125025,,8,8,,,7.0,,,37.5,,,0,outdoors,grass,64.0,8.0,00-0004229,00-0005755,Koy Detmer,Jeff Garcia,Andy Reid,Steve Mariucci,Dick Hantak,SFO00,3Com Park
2002_13_SEA_SF,2002,REG,13,2002-12-01,Sunday,16:15,SEA,24.0,SF,31.0,Home,7.0,55.0,0.0,2002120109,18283.0,,200212010sfo,,221201025,,7,6,,,8.5,,,43.5,,,1,outdoors,grass,58.0,0.0,00-0007091,00-0005755,Matt Hasselbeck,Jeff Garcia,Mike Holmgren,Steve Mariucci,Tom White,SFO00,3Com Park
2002_14_SF_DAL,2002,REG,14,2002-12-08,Sunday,13:00,SF,31.0,DAL,27.0,Home,-4.0,58.0,0.0,2002120814,18287.0,,200212080dal,,221208006,,7,10,,,-4.5,,,40.0,,,0,outdoors,astroturf,52.0,5.0,00-0005755,00-0020562,Jeff Garcia,Chad Hutchinson,Steve Mariucci,Dave Campo,Bernie Kukar,DAL99,Texas Stadium
2002_15_GB_SF,2002,REG,15,2002-12-15,Sunday,16:15,GB,20.0,SF,14.0,Home,-6.0,34.0,0.0,2002121511,18315.0,,200212150sfo,,221215025,,7,7,,,3.0,,,42.5,,,0,outdoors,grass,58.0,22.0,00-0005106,00-0005755,Brett Favre,Jeff Garcia,Mike Sherman,Steve Mariucci,Tony Corrente,SFO00,3Com Park
2002_16_SF_ARI,2002,REG,16,2002-12-21,Saturday,17:00,SF,17.0,ARI,14.0,Home,-3.0,31.0,0.0,2002122101,18319.0,,200212210crd,,221221022,,6,6,,,-3.5,,,41.0,,,1,outdoors,grass,50.0,0.0,00-0005755,00-0013042,Jeff Garcia,Jake Plummer,Steve Mariucci,Dave McGinnis,Bob McElwee,PHO99,Sun Devil Stadium
2002_17_SF_STL,2002,REG,17,2002-12-30,Monday,09:00,SF,20.0,STL,31.0,Home,11.0,51.0,0.0,2002123000,18349.0,,200212300ram,,221230014,,9,8,,,2.0,,,39.5,,,1,dome,astroturf,,,00-0019623,00-0010455,Tim Rattay,Jamie Martin,Steve Mariucci,Mike Martz,Terry McAulay,STL00,Edward Jones Dome
2002_18_NYG_SF,2002,WC,18,2003-01-05,Sunday,16:30,NYG,38.0,SF,39.0,Home,1.0,77.0,0.0,2003010501,26309.0,,200301050sfo,,230105025,,8,6,,,3.0,,,41.0,,,0,outdoors,grass,53.0,5.0,00-0003292,00-0005755,Kerry Collins,Jeff Garcia,Jim Fassel,Steve Mariucci,Ron Winter,SFO00,3Com Park
2002_19_SF_TB,2002,DIV,19,2003-01-12,Sunday,13:00,SF,6.0,TB,31.0,Home,25.0,37.0,0.0,2003011201,26312.0,,200301120tam,,230112027,,7,14,,,6.0,,,39.5,,,0,outdoors,grass,54.0,10.0,00-0005755,00-0008442,Jeff Garcia,Brad Johnson,Steve Mariucci,Jon Gruden,Gerry Austin,TAM00,Raymond James Stadium
2003_01_CHI_SF,2003,REG,1,2003-09-07,Sunday,16:15,CHI,7.0,SF,49.0,Home,42.0,56.0,0.0,2003090711,26506.0,,200309070sfo,,230907025,,7,7,,,6.5,,,40.5,,,0,outdoors,grass,66.0,16.0,00-0015700,00-0005755,Kordell Stewart,Jeff Garcia,Dick Jauron,Dennis Erickson,Bill Leavy,SFO00,3Com Park
2003_02_SF_STL,2003,REG,2,2003-09-14,Sunday,13:00,SF,24.0,STL,27.0,Home,3.0,51.0,1.0,2003091406,26519.0,,200309140ram,,230914014,,7,7,,,3.0,,,47.5,,,1,dome,astroturf,,,00-0005755,00-0019599,Jeff Garcia,Marc Bulger,Dennis Erickson,Mike Martz,Bill Carollo,STL00,Edward Jones Dome
2003_03_CLE_SF,2003,REG,3,2003-09-21,Sunday,16:15,CLE,13.0,SF,12.0,Home,-1.0,25.0,0.0,2003092106,26318.0,,200309210sfo,,230921025,,7,7,,,7.0,,,44.5,,,0,outdoors,grass,87.0,3.0,00-0007576,00-0005755,Kelly Holcomb,Jeff Garcia,Butch Davis,Dennis Erickson,Tony Corrente,SFO00,3Com Park
2003_04_SF_MIN,2003,REG,4,2003-09-28,Sunday,13:00,SF,7.0,MIN,35.0,Home,28.0,42.0,0.0,2003092810,26327.0,,200309280min,,230928016,,7,7,,,0.0,,,43.0,,,0,dome,astroturf,,,00-0005755,00-0005589,Jeff Garcia,Gus Frerotte,Dennis Erickson,Mike Tice,Larry Nemmers,MIN00,Hubert H. Humphrey Metrodome
2003_05_DET_SF,2003,REG,5,2003-10-05,Sunday,16:15,DET,17.0,SF,24.0,Home,7.0,41.0,0.0,2003100505,26347.0,,200310050sfo,,231005025,,7,7,,,7.5,,,42.5,,,0,outdoors,grass,66.0,6.0,00-0021141,00-0005755,Joey Harrington,Jeff Garcia,Steve Mariucci,Dennis Erickson,Mike Carey,SFO00,3Com Park
2003_06_SF_SEA,2003,REG,6,2003-10-12,Sunday,20:30,SF,19.0,SEA,20.0,Home,1.0,39.0,0.0,2003101206,26363.0,,200310120sea,,231012026,,7,7,,,3.5,,,44.5,,,1,outdoors,fieldturf,59.0,16.0,00-0005755,00-0007091,Jeff Garcia,Matt Hasselbeck,Dennis Erickson,Mike Holmgren,Peter Morelli,SEA00,Seahawks Stadium
2003_07_TB_SF,2003,REG,7,2003-10-19,Sunday,16:15,TB,7.0,SF,24.0,Home,17.0,31.0,0.0,2003101906,26375.0,,200310190sfo,,231019025,,7,7,,,-5.0,,,39.0,,,0,outdoors,grass,65.0,7.0,00-0008442,00-0005755,Brad Johnson,Jeff Garcia,Jon Gruden,Dennis Erickson,Ron Blum,SFO00,3Com Park
2003_08_SF_ARI,2003,REG,8,2003-10-26,Sunday,16:05,SF,13.0,ARI,16.0,Home,3.0,29.0,1.0,2003102611,26388.0,,200310260crd,,231026022,,7,14,,,-7.0,,,41.0,,,1,outdoors,grass,80.0,3.0,00-0005755,00-0001335,Jeff Garcia,Jeff Blake,Dennis Erickson,Dave McGinnis,Bill Leavy,PHO99,Sun Devil Stadium
2003_09_STL_SF,2003,REG,9,2003-11-02,Sunday,16:15,STL,10.0,SF,30.0,Home,20.0,40.0,0.0,2003110212,26402.0,,200311020sfo,,231102025,,7,7,,,-5.0,,,44.0,,,1,outdoors,grass,58.0,12.0,00-0019599,00-0019623,Marc Bulger,Tim Rattay,Mike Martz,Dennis Erickson,Tony Corrente,SFO00,3Com Park
2003_11_PIT_SF,2003,REG,11,2003-11-17,Monday,09:00,PIT,14.0,SF,30.0,Home,16.0,44.0,0.0,2003111700,26435.0,,200311170sfo,,231117025,,8,15,,,4.0,,,41.5,,,0,outdoors,grass,57.0,14.0,00-0010261,00-0019623,Tommy Maddox,Tim Rattay,Bill Cowher,Dennis Erickson,Ed Hochuli,SFO00,3Com Park
2003_12_SF_GB,2003,REG,12,2003-11-23,Sunday,13:00,SF,10.0,GB,20.0,Home,10.0,30.0,0.0,2003112304,26440.0,,200311230gnb,,231123009,,6,7,,,3.5,,,40.0,,,0,outdoors,grass,38.0,10.0,00-0019623,00-0005106,Tim Rattay,Brett Favre,Dennis Erickson,Mike Sherman,Jeff Triplette,GNB00,Lambeau Field
2003_13_SF_BAL,2003,REG,13,2003-11-30,Sunday,13:00,SF,6.0,BAL,44.0,Home,38.0,50.0,0.0,2003113010,26452.0,,200311300rav,,231130033,,7,7,,,3.0,,,37.0,,,0,outdoors,sportturf,42.0,10.0,00-0005755,00-0018272,Jeff Garcia,Anthony Wright,Dennis Erickson,Brian Billick,Gerald Austin,BAL00,M&T Bank Stadium
2003_14_ARI_SF,2003,REG,14,2003-12-07,Sunday,16:05,ARI,14.0,SF,50.0,Home,36.0,64.0,0.0,2003120710,26481.0,,200312070sfo,,231207025,,7,7,,,10.5,,,40.5,,,1,outdoors,grass,58.0,15.0,00-0001335,00-0005755,Jeff Blake,Jeff Garcia,Dave McGinnis,Dennis Erickson,Peter Morelli,SFO00,3Com Park
2003_15_SF_CIN,2003,REG,15,2003-12-14,Sunday,13:00,SF,38.0,CIN,41.0,Home,3.0,79.0,0.0,2003121411,26485.0,,200312140cin,,231214004,,7,7,,,3.0,,,42.0,,,0,outdoors,grass,30.0,5.0,00-0005755,00-0009311,Jeff Garcia,Jon Kitna,Dennis Erickson,Marvin Lewis,Bill Carollo,CIN00,Paul Brown Stadium
2003_16_SF_PHI,2003,REG,16,2003-12-21,Sunday,16:15,SF,31.0,PHI,28.0,Home,-3.0,59.0,1.0,2003122105,26554.0,,200312210phi,,231221021,,7,6,,,7.0,,,44.0,,,0,outdoors,grass,35.0,16.0,00-0005755,00-0011022,Jeff Garcia,Donovan McNabb,Dennis Erickson,Andy Reid,Tom White,PHI00,Lincoln Financial Field
2003_17_SEA_SF,2003,REG,17,2003-12-27,Saturday,17:00,SEA,24.0,SF,17.0,Home,-7.0,41.0,0.0,2003122701,26559.0,,200312270sfo,,231227025,,6,6,,,2.5,,,46.5,,,1,outdoors,grass,49.0,5.0,00-0007091,00-0005755,Matt Hasselbeck,Jeff Garcia,Mike Holmgren,Dennis Erickson,Mike Carey,SFO00,3Com Park
2004_01_ATL_SF,2004,REG,1,2004-09-12,Sunday,16:15,ATL,21.0,SF,19.0,Home,-2.0,40.0,0.0,2004091212,26922.0,,200409120sfo,,240912025,,7,7,,,-3.0,,,44.5,,,0,outdoors,grass,67.0,15.0,00-0020245,00-0019623,Michael Vick,Tim Rattay,Jim Mora,Dennis Erickson,Tony Corrente,SFO00,3Com Park
2004_02_SF_NO,2004,REG,2,2004-09-19,Sunday,13:00,SF,27.0,NO,30.0,Home,3.0,57.0,0.0,2004091906,26931.0,,200409190nor,,240919018,,7,7,,,7.5,,,42.0,,,0,dome,fieldturf,,,00-0022039,00-0001823,Ken Dorsey,Aaron Brooks,Dennis Erickson,Jim Haslett,Larry Nemmers,NOR00,Louisiana Superdome
2004_03_SF_SEA,2004,REG,3,2004-09-26,Sunday,16:15,SF,0.0,SEA,34.0,Home,34.0,34.0,0.0,2004092611,26952.0,,200409260sea,,240926026,,7,7,,,10.0,,,41.5,,,1,outdoors,fieldturf,57.0,3.0,00-0022039,00-0007091,Ken Dorsey,Matt Hasselbeck,Dennis Erickson,Mike Holmgren,Bill Carollo,SEA00,Qwest Field
2004_04_STL_SF,2004,REG,4,2004-10-03,Sunday,20:30,STL,24.0,SF,14.0,Home,-10.0,38.0,0.0,2004100312,26967.0,,200410030sfo,,241003025,,7,7,,,-4.0,,,44.0,,,1,outdoors,grass,59.0,15.0,00-0019599,00-0019623,Marc Bulger,Tim Rattay,Mike Martz,Dennis Erickson,Bill Leavy,SFO00,3Com Park
2004_05_ARI_SF,2004,REG,5,2004-10-10,Sunday,16:15,ARI,28.0,SF,31.0,Home,3.0,59.0,1.0,2004101010,26979.0,,200410100sfo,,241010025,,7,7,,,1.0,,,36.5,,,1,outdoors,grass,68.0,3.0,00-0021206,00-0019623,Josh McCown,Tim Rattay,Dennis Green,Dennis Erickson,Walt Anderson,SFO00,3Com Park
2004_06_SF_NYJ,2004,REG,6,2004-10-17,Sunday,13:00,SF,14.0,NYJ,22.0,Home,8.0,36.0,0.0,2004101707,26990.0,,200410170nyj,,241017020,,7,7,,,9.5,,,43.0,,,0,outdoors,fieldturf,53.0,9.0,00-0019623,00-0019559,Tim Rattay,Chad Pennington,Dennis Erickson,Herm Edwards,Tom White,NYC00,Giants Stadium
2004_08_SF_CHI,2004,REG,8,2004-10-31,Sunday,20:30,SF,13.0,CHI,23.0,Home,10.0,36.0,0.0,2004103112,27023.0,,200410310chi,,241031003,,14,7,,,2.0,,,35.5,,,0,outdoors,grass,50.0,7.0,00-0022039,00-0022818,Ken Dorsey,Craig Krenzel,Dennis Erickson,Lovie Smith,Gerry Austin,CHI98,Soldier Field
2004_09_SEA_SF,2004,REG,9,2004-11-07,Sunday,16:05,SEA,42.0,SF,27.0,Home,-15.0,69.0,0.0,2004110709,27034.0,,200411070sfo,,241107025,,7,7,,,-7.0,,,40.5,,,1,outdoors,grass,57.0,7.0,00-0007091,00-0019623,Matt Hasselbeck,Tim Rattay,Mike Holmgren,Dennis Erickson,Tony Corrente,SFO00,3Com Park
2004_10_CAR_SF,2004,REG,10,2004-11-14,Sunday,16:15,CAR,37.0,SF,27.0,Home,-10.0,64.0,0.0,2004111411,27050.0,,200411140sfo,,241114025,,7,7,,,1.5,,,41.5,,,0,outdoors,grass,59.0,3.0,00-0004161,00-0019623,Jake Delhomme,Tim Rattay,John Fox,Dennis Erickson,Mike Carey,SFO00,3Com Park
2004_11_SF_TB,2004,REG,11,2004-11-21,Sunday,13:00,SF,3.0,TB,35.0,Home,32.0,38.0,0.0,2004112109,27062.0,,200411210tam,,241121027,,7,7,,,8.0,,,42.0,,,0,outdoors,grass,77.0,8.0,00-0019623,00-0006423,Tim Rattay,Brian Griese,Dennis Erickson,Jon Gruden,Terry McAulay,TAM00,Raymond James Stadium
2004_12_MIA_SF,2004,REG,12,2004-11-28,Sunday,16:15,MIA,24.0,SF,17.0,Home,-7.0,41.0,0.0,2004112810,27081.0,,200411280sfo,,241128025,,7,7,,,0.0,,,37.5,,,0,outdoors,grass,55.0,20.0,00-0020305,00-0019623,A.J. Feeley,Tim Rattay,Jim Bates,Dennis Erickson,Jeff Triplette,SFO00,3Com Park
2004_13_SF_STL,2004,REG,13,2004-12-05,Sunday,13:00,SF,6.0,STL,16.0,Home,10.0,22.0,0.0,2004120508,27093.0,,200412050ram,,241205014,,7,6,,,11.0,,,49.0,,,1,dome,astroturf,,,00-0019623,00-0019599,Tim Rattay,Marc Bulger,Dennis Erickson,Mike Martz,Larry Nemmers,STL00,Edward Jones Dome
2004_14_SF_ARI,2004,REG,14,2004-12-12,Sunday,16:15,SF,31.0,ARI,28.0,Home,-3.0,59.0,1.0,2004121211,27112.0,,200412120crd,,241212022,,7,7,,,7.0,,,36.0,,,1,outdoors,grass,74.0,0.0,00-0022039,00-0021206,Ken Dorsey,Josh McCown,Dennis Erickson,Dennis Green,Bill Leavy,PHO99,Sun Devil Stadium
2004_15_WAS_SF,2004,REG,15,2004-12-18,Saturday,17:00,WAS,26.0,SF,16.0,Home,-10.0,42.0,0.0,2004121801,27118.0,,200412180sfo,,241218025,,6,6,,,-6.5,,,36.5,,,0,outdoors,grass,55.0,0.0,00-0021379,00-0022039,Patrick Ramsey,Ken Dorsey,Joe Gibbs,Dennis Erickson,Peter Morelli,SFO00,3Com Park
2004_16_BUF_SF,2004,REG,16,2004-12-26,Sunday,16:05,BUF,41.0,SF,7.0,Home,-34.0,48.0,0.0,2004122608,27144.0,,200412260sfo,,241226025,,7,8,,,-10.0,,,41.5,,,0,outdoors,grass,54.0,18.0,00-0001361,00-0022039,Drew Bledsoe,Ken Dorsey,Mike Mularkey,Dennis Erickson,Mike Carey,SFO00,3Com Park
2004_17_SF_NE,2004,REG,17,2005-01-02,Sunday,13:00,SF,7.0,NE,21.0,Home,14.0,28.0,0.0,2005010205,27154.0,,200501020nwe,,250102017,,7,7,,,13.0,,,37.0,,,0,outdoors,grass,32.0,2.0,00-0022039,00-0019596,Ken Dorsey,Tom Brady,Dennis Erickson,Bill Belichick,Walt Coleman,BOS00,Gillette Stadium
2005_01_STL_SF,2005,REG,1,2005-09-11,Sunday,16:15,STL,25.0,SF,28.0,Home,3.0,53.0,0.0,2005091113,28538.0,,200509110sfo,,250911025,,7,7,,,-4.5,,,46.0,,,1,outdoors,grass,65.0,17.0,00-0019599,00-0019623,Marc Bulger,Tim Rattay,Mike Martz,Mike Nolan,Bill Vinovich,SFO00,Monster Park
2005_02_SF_PHI,2005,REG,2,2005-09-18,Sunday,13:00,SF,3.0,PHI,42.0,Home,39.0,45.0,0.0,2005091808,28547.0,,200509180phi,,250918021,,7,6,,,11.5,,,43.0,,,0,outdoors,grass,82.0,7.0,00-0019623,00-0011022,Tim Rattay,Donovan McNabb,Mike Nolan,Andy Reid,Tom White,PHI00,Lincoln Financial Field
2005_03_DAL_SF,2005,REG,3,2005-09-25,Sunday,16:05,DAL,34.0,SF,31.0,Home,-3.0,65.0,0.0,2005092510,28566.0,,200509250sfo,,250925025,,6,7,,,-6.5,,,41.0,,,0,outdoors,grass,72.0,0.0,00-0001361,00-0019623,Drew Bledsoe,Tim Rattay,Bill Parcells,Mike Nolan,Bernie Kukar,SFO00,Monster Park
2005_04_SF_ARI,2005,REG,4,2005-10-02,Sunday,20:30,SF,14.0,ARI,31.0,Neutral,17.0,45.0,0.0,2005100212,28583.0,,200510020crd,,251002022,,7,7,,,3.0,,,42.0,,,1,outdoors,grass,66.0,13.0,00-0019623,00-0021206,Tim Rattay,Josh McCown,Mike Nolan,Dennis Green,Ed Hochuli,MEX00,Azteca Stadium
2005_05_IND_SF,2005,REG,5,2005-10-09,Sunday,16:05,IND,28.0,SF,3.0,Home,-25.0,31.0,0.0,2005100908,28593.0,,200510090sfo,,251009025,,7,7,,,-14.0,,,47.0,,,0,outdoors,grass,64.0,3.0,00-0010346,00-0023436,Peyton Manning,Alex Smith,Tony Dungy,Mike Nolan,Larry Nemmers,SFO00,Monster Park
2005_07_SF_WAS,2005,REG,7,2005-10-23,Sunday,13:00,SF,17.0,WAS,52.0,Home,35.0,69.0,0.0,2005102307,28620.0,,200510230was,,251023028,,14,7,,,11.5,,,38.0,,,0,outdoors,grass,60.0,4.0,00-0023436,00-0002110,Alex Smith,Mark Brunell,Mike Nolan,Joe Gibbs,Scott Green,WAS00,FedExField
2005_08_TB_SF,2005,REG,8,2005-10-30,Sunday,16:15,TB,10.0,SF,15.0,Home,5.0,25.0,0.0,2005103011,28638.0,,200510300sfo,,251030025,,14,7,,,-11.5,,,37.0,,,0,outdoors,grass,61.0,3.0,00-0022005,00-0022039,Chris Simms,Ken Dorsey,Jon Gruden,Mike Nolan,Tony Corrente,SFO00,Monster Park
2005_09_NYG_SF,2005,REG,9,2005-11-06,Sunday,16:05,NYG,24.0,SF,6.0,Home,-18.0,30.0,0.0,2005110609,28651.0,,200511060sfo,,251106025,,7,7,,,-9.5,,,42.0,,,0,outdoors,grass,61.0,5.0,00-0022803,00-0022731,Eli Manning,Cody Pickett,Tom Coughlin,Mike Nolan,Peter Morelli,SFO00,Monster Park
2005_10_SF_CHI,2005,REG,10,2005-11-13,Sunday,13:00,SF,9.0,CHI,17.0,Home,8.0,26.0,0.0,2005111306,28656.0,,200511130chi,,251113003,,7,7,,,12.0,,,33.0,,,0,outdoors,grass,51.0,26.0,00-0022731,00-0023541,Cody Pickett,Kyle Orton,Mike Nolan,Lovie Smith,Walt Anderson,CHI98,Soldier Field
2005_11_SEA_SF,2005,REG,11,2005-11-20,Sunday,16:05,SEA,27.0,SF,25.0,Home,-2.0,52.0,0.0,2005112010,28679.0,,200511200sfo,,251120025,,7,7,,,-12.0,,,42.5,,,1,outdoors,grass,63.0,0.0,00-0007091,00-0022039,Matt Hasselbeck,Ken Dorsey,Mike Holmgren,Mike Nolan,Mike Carey,SFO00,Monster Park
2005_12_SF_TEN,2005,REG,12,2005-11-27,Sunday,13:00,SF,22.0,TEN,33.0,Home,11.0,55.0,0.0,2005112706,28693.0,,200511270oti,,251127010,,7,7,,,7.0,,,42.5,,,0,outdoors,grass,63.0,21.0,00-0022039,00-0011024,Ken Dorsey,Steve McNair,Mike Nolan,Jeff Fisher,Jeff Triplette,NAS00,The Coliseum
2005_13_ARI_SF,2005,REG,13,2005-12-04,Sunday,16:05,ARI,17.0,SF,10.0,Home,-7.0,27.0,0.0,2005120410,28712.0,,200512040sfo,,251204025,,7,7,,,-3.0,,,43.5,,,1,outdoors,grass,54.0,3.0,00-0017200,00-0023436,Kurt Warner,Alex Smith,Dennis Green,Mike Nolan,Walt Coleman,SFO00,Monster Park
2005_14_SF_SEA,2005,REG,14,2005-12-11,Sunday,16:05,SF,3.0,SEA,41.0,Home,38.0,44.0,0.0,2005121109,28727.0,,200512110sea,,251211026,,7,6,,,15.5,,,45.0,,,1,outdoors,fieldturf,36.0,1.0,00-0023436,00-0007091,Alex Smith,Matt Hasselbeck,Mike Nolan,Mike Holmgren,Ed Hochuli,SEA00,Qwest Field
2005_15_SF_JAX,2005,REG,15,2005-12-18,Sunday,13:00,SF,9.0,JAX,10.0,Home,1.0,19.0,0.0,2005121807,28738.0,,200512180jax,,251218030,,7,7,,,14.5,,,39.5,,,0,outdoors,grass,49.0,10.0,00-0023436,00-0021231,Alex Smith,David Garrard,Mike Nolan,Jack Del Rio,Larry Nemmers,JAX00,Alltel Stadium
2005_16_SF_STL,2005,REG,16,2005-12-24,Saturday,13:00,SF,24.0,STL,20.0,Home,-4.0,44.0,0.0,2005122408,28756.0,,200512240ram,,251224014,,6,6,,,9.0,,,42.0,,,1,dome,fieldturf,,,00-0023436,00-0010455,Alex Smith,Jamie Martin,Mike Nolan,Joe Vitt,Ron Winter,STL00,Edward Jones Dome
2005_17_HOU_SF,2005,REG,17,2006-01-01,Sunday,16:05,HOU,17.0,SF,20.0,Home,3.0,37.0,1.0,2006010109,28777.0,,200601010sfo,,260101025,,8,8,,,-1.0,,,37.5,,,0,outdoors,grass,56.0,28.0,00-0000722,00-0023436,Tony Banks,Alex Smith,Dom Capers,Mike Nolan,Bill Leavy,SFO00,Monster Park
2006_01_SF_ARI,2006,REG,1,2006-09-10,Sunday,16:15,SF,27.0,ARI,34.0,Home,7.0,61.0,0.0,2006091009,28874.0,,200609100crd,3752.0,260910022,,7,7,,,9.5,,,44.0,,,1,closed,grass,,,00-0023436,00-0017200,Alex Smith,Kurt Warner,Mike Nolan,Dennis Green,Ed Hochuli,PHO00,University of Phoenix Stadium
2006_02_STL_SF,2006,REG,2,2006-09-17,Sunday,16:05,STL,13.0,SF,20.0,Home,7.0,33.0,0.0,2006091709,28890.0,,200609170sfo,3767.0,260917025,,7,7,,,-3.0,,,44.5,,,1,outdoors,grass,68.0,3.0,00-0019599,00-0023436,Marc Bulger,Alex Smith,Scott Linehan,Mike Nolan,Gene Steratore,SFO00,Monster Park
2006_03_PHI_SF,2006,REG,3,2006-09-24,Sunday,16:15,PHI,38.0,SF,24.0,Home,-14.0,62.0,0.0,2006092410,28905.0,,200609240sfo,3785.0,260924025,,7,7,,,-6.0,,,42.5,,,0,outdoors,grass,66.0,5.0,00-0011022,00-0023436,Donovan McNabb,Alex Smith,Andy Reid,Mike Nolan,Terry McAulay,SFO00,Monster Park
2006_04_SF_KC,2006,REG,4,2006-10-01,Sunday,13:00,SF,0.0,KC,41.0,Home,41.0,41.0,0.0,2006100105,28912.0,,200610010kan,3795.0,261001012,,7,14,293.0,-323.0,7.0,-103.0,-105.0,39.0,100.0,-110.0,0,outdoors,grass,82.0,15.0,00-0023436,00-0007835,Alex Smith,Damon Huard,Mike Nolan,Herm Edwards,Walt Anderson,KAN00,Arrowhead Stadium
2006_05_OAK_SF,2006,REG,5,2006-10-08,Sunday,16:05,OAK,20.0,SF,34.0,Home,14.0,54.0,0.0,2006100810,28933.0,,200610080sfo,3814.0,261008025,,7,7,171.0,-181.0,3.0,115.0,-123.0,39.0,-115.0,105.0,0,outdoors,grass,65.0,3.0,00-0023504,00-0023436,Andrew Walter,Alex Smith,Art Shell,Mike Nolan,Peter Morelli,SFO00,Monster Park
2006_06_SD_SF,2006,REG,6,2006-10-15,Sunday,16:15,SD,48.0,SF,19.0,Home,-29.0,67.0,0.0,2006101510,28946.0,,200610150sfo,3825.0,261015025,,7,7,-513.0,463.0,-9.5,-106.0,-102.0,41.5,-105.0,-105.0,0,outdoors,grass,57.0,12.0,00-0022942,00-0023436,Philip Rivers,Alex Smith,Marty Schottenheimer,Mike Nolan,Tony Corrente,SFO00,Monster Park
2006_08_SF_CHI,2006,REG,8,2006-10-29,Sunday,13:00,SF,10.0,CHI,41.0,Home,31.0,51.0,0.0,2006102900,28961.0,,200610290chi,3851.0,261029003,,14,13,1250.0,-1650.0,16.0,-113.0,105.0,41.5,-108.0,-102.0,0,outdoors,grass,46.0,9.0,00-0023436,00-0022121,Alex Smith,Rex Grossman,Mike Nolan,Lovie Smith,Ron Winter,CHI98,Soldier Field
2006_09_MIN_SF,2006,REG,9,2006-11-05,Sunday,16:05,MIN,3.0,SF,9.0,Home,6.0,12.0,0.0,2006110509,28987.0,,200611050sfo,3864.0,261105025,,6,7,-202.0,184.0,-4.0,105.0,-113.0,42.5,-105.0,-105.0,0,outdoors,grass,62.0,7.0,00-0008442,00-0023436,Brad Johnson,Alex Smith,Brad Childress,Mike Nolan,Ed Hochuli,SFO00,Monster Park
2006_10_SF_DET,2006,REG,10,2006-11-12,Sunday,13:00,SF,19.0,DET,13.0,Home,-6.0,32.0,0.0,2006111202,28991.0,,200611120det,3882.0,261112008,,7,7,250.0,-270.0,6.5,101.0,-109.0,46.0,100.0,-110.0,0,dome,fieldturf,,,00-0023436,00-0009311,Alex Smith,Jon Kitna,Mike Nolan,Rod Marinelli,Walt Coleman,DET00,Ford Field
2006_11_SEA_SF,2006,REG,11,2006-11-19,Sunday,16:05,SEA,14.0,SF,20.0,Home,6.0,34.0,0.0,2006111913,29019.0,,200611190sfo,3903.0,261119025,,7,7,-170.0,160.0,-3.0,-112.0,104.0,43.0,105.0,-115.0,1,outdoors,grass,59.0,5.0,00-0022055,00-0023436,Seneca Wallace,Alex Smith,Mike Holmgren,Mike Nolan,Larry Nemmers,SFO00,Monster Park
2006_12_SF_STL,2006,REG,12,2006-11-26,Sunday,13:00,SF,17.0,STL,20.0,Home,3.0,37.0,0.0,2006112608,29030.0,,200611260ram,3914.0,261126014,,7,7,215.0,-235.0,4.5,104.0,-112.0,44.5,-115.0,105.0,1,dome,fieldturf,,,00-0023436,00-0019599,Alex Smith,Marc Bulger,Mike Nolan,Scott Linehan,Terry McAulay,STL00,Edward Jones Dome
2006_13_SF_NO,2006,REG,13,2006-12-03,Sunday,13:00,SF,10.0,NO,34.0,Home,24.0,44.0,0.0,2006120304,29044.0,,200612030nor,3933.0,261203018,,7,7,285.0,-315.0,7.0,105.0,-113.0,45.0,-115.0,105.0,0,dome,fieldturf,,,00-0023436,00-0020531,Alex Smith,Drew Brees,Mike Nolan,Sean Payton,Mike Carey,NOR00,Louisiana Superdome
2006_14_GB_SF,2006,REG,14,2006-12-10,Sunday,16:05,GB,30.0,SF,19.0,Home,-11.0,49.0,0.0,2006121012,29067.0,,200612100sfo,3940.0,261210025,,7,7,174.0,-184.0,4.0,-106.0,-102.0,44.0,-110.0,100.0,0,outdoors,grass,58.0,15.0,00-0005106,00-0023436,Brett Favre,Alex Smith,Mike McCarthy,Mike Nolan,Bill Leavy,SFO00,Monster Park
2006_15_SF_SEA,2006,REG,15,2006-12-14,Thursday,20:00,SF,24.0,SEA,14.0,Home,-10.0,38.0,0.0,2006121400,29069.0,,200612140sea,3954.0,261214026,,4,4,452.0,-502.0,10.0,-110.0,102.0,38.0,100.0,-110.0,1,outdoors,fieldturf,52.0,20.0,00-0023436,00-0007091,Alex Smith,Matt Hasselbeck,Mike Nolan,Mike Holmgren,Peter Morelli,SEA00,Qwest Field
2006_16_ARI_SF,2006,REG,16,2006-12-24,Sunday,16:05,ARI,26.0,SF,20.0,Home,-6.0,46.0,0.0,2006122409,29098.0,,200612240sfo,3975.0,261224025,,7,10,170.0,-180.0,3.5,-108.0,100.0,45.0,102.0,-112.0,1,outdoors,grass,50.0,5.0,00-0024225,00-0023436,Matt Leinart,Alex Smith,Dennis Green,Mike Nolan,Bill Vinovich,SFO00,Monster Park
2006_17_SF_DEN,2006,REG,17,2006-12-31,Sunday,16:15,SF,26.0,DEN,23.0,Home,-3.0,49.0,1.0,2006123113,29115.0,,200612310den,3994.0,261231007,,7,7,460.0,-510.0,10.5,-108.0,100.0,39.0,-122.0,112.0,0,outdoors,grass,32.0,4.0,00-0023436,00-0024226,Alex Smith,Jay Cutler,Mike Nolan,Mike Shanahan,Larry Nemmers,DEN00,Invesco Field at Mile High
2007_01_ARI_SF,2007,REG,1,2007-09-10,Monday,22:25,ARI,17.0,SF,20.0,Home,3.0,37.0,0.0,2007091001,29210.0,,200709100sfo,746.0,270910025,,7,7,179.0,-189.0,3.5,-102.0,-106.0,47.0,100.0,-110.0,1,outdoors,grass,64.0,18.0,00-0024225,00-0023436,Matt Leinart,Alex Smith,Ken Whisenhunt,Mike Nolan,Walt Coleman,SFO00,Monster Park
2007_02_SF_STL,2007,REG,2,2007-09-16,Sunday,13:00,SF,17.0,STL,16.0,Home,-1.0,33.0,0.0,2007091605,29216.0,,200709160ram,752.0,270916014,,6,7,140.0,-150.0,3.0,-109.0,101.0,44.0,-104.0,-106.0,1,dome,fieldturf,,,00-0023436,00-0019599,Alex Smith,Marc Bulger,Mike Nolan,Scott Linehan,Jeff Triplette,STL00,Edward Jones Dome
2007_03_SF_PIT,2007,REG,3,2007-09-23,Sunday,13:00,SF,16.0,PIT,37.0,Home,21.0,53.0,0.0,2007092307,29234.0,,200709230pit,770.0,270923023,,7,7,477.0,-527.0,10.0,-104.0,-104.0,37.5,-108.0,-102.0,0,outdoors,dessograss,72.0,6.0,00-0023436,00-0022924,Alex Smith,Ben Roethlisberger,Mike Nolan,Mike Tomlin,Gerry Austin,PIT00,Heinz Field
2007_04_SEA_SF,2007,REG,4,2007-09-30,Sunday,16:05,SEA,23.0,SF,3.0,Home,-20.0,26.0,0.0,2007093008,29251.0,,200709300sfo,787.0,270930025,,7,7,-114.0,104.0,-1.0,-107.0,-101.0,40.5,-108.0,-102.0,1,outdoors,grass,65.0,12.0,00-0007091,00-0023436,Matt Hasselbeck,Alex Smith,Mike Holmgren,Mike Nolan,Mike Carey,SFO00,Monster Park
2007_05_BAL_SF,2007,REG,5,2007-10-07,Sunday,16:15,BAL,9.0,SF,7.0,Home,-2.0,16.0,0.0,2007100711,29268.0,,200710070sfo,804.0,271007025,,7,7,-210.0,190.0,-4.0,-104.0,-104.0,35.0,-107.0,-103.0,0,outdoors,grass,63.0,3.0,00-0011024,00-0004293,Steve McNair,Trent Dilfer,Brian Billick,Mike Nolan,Bill Leavy,SFO00,Monster Park
2007_07_SF_NYG,2007,REG,7,2007-10-21,Sunday,13:00,SF,15.0,NYG,33.0,Home,18.0,48.0,0.0,2007102105,29289.0,,200710210nyg,825.0,271021019,,14,6,402.0,-442.0,9.5,100.0,-108.0,39.0,100.0,-110.0,0,outdoors,fieldturf,69.0,5.0,00-0004293,00-0022803,Trent Dilfer,Eli Manning,Mike Nolan,Tom Coughlin,Ron Winter,NYC00,Giants Stadium
2007_08_NO_SF,2007,REG,8,2007-10-28,Sunday,16:15,NO,31.0,SF,10.0,Home,-21.0,41.0,0.0,2007102811,29309.0,,200710280sfo,845.0,271028025,,7,7,-125.0,115.0,-1.0,-118.0,110.0,40.0,-105.0,-105.0,0,outdoors,grass,63.0,6.0,00-0020531,00-0023436,Drew Brees,Alex Smith,Sean Payton,Mike Nolan,John Parry,SFO00,Monster Park
2007_09_SF_ATL,2007,REG,9,2007-11-04,Sunday,13:00,SF,16.0,ATL,20.0,Home,4.0,36.0,0.0,2007110400,29311.0,,200711040atl,847.0,271104001,,7,14,186.0,-204.0,3.5,100.0,-108.0,37.0,-107.0,-103.0,0,dome,fieldturf,,,00-0023436,00-0021141,Alex Smith,Joey Harrington,Mike Nolan,Bobby Petrino,Bill Carollo,ATL00,Georgia Dome
2007_10_SF_SEA,2007,REG,10,2007-11-12,Monday,20:40,SF,0.0,SEA,24.0,Home,24.0,24.0,0.0,2007111200,29338.0,,200711120sea,874.0,271112026,,8,8,360.0,-400.0,9.5,-115.0,107.0,37.5,-102.0,-108.0,1,outdoors,fieldturf,49.0,10.0,00-0023436,00-0007091,Alex Smith,Matt Hasselbeck,Mike Nolan,Mike Holmgren,Larry Nemmers,SEA00,Qwest Field
2007_11_STL_SF,2007,REG,11,2007-11-18,Sunday,16:15,STL,13.0,SF,9.0,Home,-4.0,22.0,0.0,2007111813,29352.0,,200711180sfo,888.0,271118025,,7,6,-175.0,165.0,-3.0,-125.0,117.0,39.0,-110.0,100.0,1,outdoors,grass,54.0,5.0,00-0019599,00-0004293,Marc Bulger,Trent Dilfer,Scott Linehan,Mike Nolan,Ed Hochuli,SFO00,Monster Park
2007_12_SF_ARI,2007,REG,12,2007-11-25,Sunday,16:05,SF,37.0,ARI,31.0,Home,-6.0,68.0,1.0,2007112509,29367.0,,200711250crd,903.0,271125022,,7,7,460.0,-510.0,10.0,108.0,-116.0,37.5,-107.0,-103.0,1,open,grass,,,00-0004293,00-0017200,Trent Dilfer,Kurt Warner,Mike Nolan,Ken Whisenhunt,Gerry Austin,PHO00,University of Phoenix Stadium
2007_13_SF_CAR,2007,REG,13,2007-12-02,Sunday,13:00,SF,14.0,CAR,31.0,Home,17.0,45.0,0.0,2007120200,29372.0,,200712020car,908.0,271202029,,7,7,153.0,-163.0,3.0,108.0,-116.0,35.0,-108.0,-102.0,0,outdoors,grass,51.0,3.0,00-0004293,00-0016193,Trent Dilfer,Vinny Testaverde,Mike Nolan,John Fox,Scott Green,CAR00,Bank of America Stadium
2007_14_MIN_SF,2007,REG,14,2007-12-09,Sunday,16:05,MIN,27.0,SF,7.0,Home,-20.0,34.0,0.0,2007120909,29397.0,,200712090sfo,933.0,271209025,,7,7,-340.0,310.0,-7.5,-107.0,-101.0,39.0,-111.0,101.0,0,outdoors,grass,53.0,6.0,00-0024279,00-0004293,Tarvaris Jackson,Trent Dilfer,Brad Childress,Mike Nolan,Peter Morelli,SFO00,Monster Park
2007_15_CIN_SF,2007,REG,15,2007-12-15,Saturday,20:15,CIN,13.0,SF,20.0,Home,7.0,33.0,0.0,2007121500,29404.0,,200712150sfo,940.0,271215025,,6,6,-350.0,320.0,-9.0,109.0,-117.0,42.0,-106.0,-104.0,0,outdoors,grass,52.0,0.0,00-0021429,00-0020679,Carson Palmer,Shaun Hill,Marvin Lewis,Mike Nolan,Terry McAulay,SFO00,Monster Park
2007_16_TB_SF,2007,REG,16,2007-12-23,Sunday,16:05,TB,19.0,SF,21.0,Home,2.0,40.0,0.0,2007122312,29433.0,,200712230sfo,969.0,271223025,,7,8,-270.0,250.0,-6.5,-110.0,102.0,36.5,-113.0,103.0,0,outdoors,grass,51.0,5.0,00-0005755,00-0020679,Jeff Garcia,Shaun Hill,Jon Gruden,Mike Nolan,Tony Corrente,SFO00,Monster Park
2007_17_SF_CLE,2007,REG,17,2007-12-30,Sunday,13:00,SF,7.0,CLE,20.0,Home,13.0,27.0,0.0,2007123003,29439.0,,200712300cle,975.0,271230005,,7,7,470.0,-520.0,11.5,-112.0,104.0,41.0,-113.0,103.0,0,outdoors,grass,35.0,8.0,00-0020434,00-0023645,Chris Weinke,Derek Anderson,Mike Nolan,Romeo Crennel,Bill Carollo,CLE00,Cleveland Browns Stadium
2008_01_ARI_SF,2008,REG,1,2008-09-07,Sunday,16:15,ARI,23.0,SF,13.0,Home,-10.0,36.0,0.0,2008090711,29540.0,,200809070sfo,1075.0,280907025,,7,7,,,-2.5,,,42.0,,,1,outdoors,grass,70.0,20.0,00-0017200,00-0021296,Kurt Warner,J.T. O'Sullivan,Ken Whisenhunt,Mike Nolan,Gene Steratore,SFO00,Candlestick Park
2008_02_SF_SEA,2008,REG,2,2008-09-14,Sunday,16:05,SF,33.0,SEA,30.0,Home,-3.0,63.0,1.0,2008091408,29552.0,,200809140sea,1088.0,280914026,,7,7,,,6.5,,,38.0,,,1,outdoors,fieldturf,67.0,6.0,00-0021296,00-0007091,J.T. O'Sullivan,Matt Hasselbeck,Mike Nolan,Mike Holmgren,Jerome Boger,SEA00,Qwest Field
2008_03_DET_SF,2008,REG,3,2008-09-21,Sunday,16:05,DET,13.0,SF,31.0,Home,18.0,44.0,0.0,2008092109,29569.0,,200809210sfo,1104.0,280921025,,7,7,,,5.0,,,47.0,,,0,outdoors,grass,67.0,12.0,00-0009311,00-0021296,Jon Kitna,J.T. O'Sullivan,Rod Marinelli,Mike Nolan,Bill Leavy,SFO00,Candlestick Park
2008_04_SF_NO,2008,REG,4,2008-09-28,Sunday,13:00,SF,17.0,NO,31.0,Home,14.0,48.0,0.0,2008092804,29580.0,,200809280nor,1116.0,280928018,,7,7,,,4.0,,,48.5,,,0,dome,fieldturf,,,00-0021296,00-0020531,J.T. O'Sullivan,Drew Brees,Mike Nolan,Sean Payton,Jeff Triplette,NOR00,Louisiana Superdome
2008_05_NE_SF,2008,REG,5,2008-10-05,Sunday,16:15,NE,30.0,SF,21.0,Home,-9.0,51.0,0.0,2008100511,29600.0,,200810050sfo,1135.0,281005025,,14,7,-165.0,155.0,-3.0,-110.0,102.0,41.0,-110.0,100.0,0,outdoors,grass,67.0,8.0,00-0023662,00-0021296,Matt Cassel,J.T. O'Sullivan,Bill Belichick,Mike Nolan,Mike Carey,SFO00,Candlestick Park
2008_06_PHI_SF,2008,REG,6,2008-10-12,Sunday,16:15,PHI,40.0,SF,26.0,Home,-14.0,66.0,0.0,2008101210,29613.0,,200810120sfo,1149.0,281012025,,7,7,-220.0,200.0,-4.5,-110.0,102.0,41.5,102.0,-112.0,0,outdoors,grass,64.0,13.0,00-0011022,00-0021296,Donovan McNabb,J.T. O'Sullivan,Andy Reid,Mike Nolan,Ron Winter,SFO00,Candlestick Park
2008_07_SF_NYG,2008,REG,7,2008-10-19,Sunday,13:00,SF,17.0,NYG,29.0,Home,12.0,46.0,0.0,2008101906,29623.0,,200810190nyg,1158.0,281019019,,7,6,430.0,-470.0,10.0,102.0,-110.0,46.5,-105.0,-105.0,0,outdoors,fieldturf,51.0,14.0,00-0021296,00-0022803,J.T. O'Sullivan,Eli Manning,Mike Nolan,Tom Coughlin,Walt Anderson,NYC00,Giants Stadium
2008_08_SEA_SF,2008,REG,8,2008-10-26,Sunday,16:15,SEA,34.0,SF,13.0,Home,-21.0,47.0,0.0,2008102611,29642.0,,200810260sfo,1177.0,281026025,,7,7,208.0,-228.0,5.0,105.0,-113.0,41.0,-104.0,-106.0,1,outdoors,grass,64.0,3.0,00-0022055,00-0021296,Seneca Wallace,J.T. O'Sullivan,Mike Holmgren,Mike Singletary,Terry McAulay,SFO00,Candlestick Park
2008_10_SF_ARI,2008,REG,10,2008-11-10,Monday,20:30,SF,24.0,ARI,29.0,Home,5.0,53.0,0.0,2008111000,29671.0,,200811100crd,1206.0,281110022,,15,8,425.0,-465.0,9.5,102.0,-110.0,47.5,102.0,-112.0,1,open,grass,,,00-0020679,00-0017200,Shaun Hill,Kurt Warner,Mike Singletary,Ken Whisenhunt,Tony Corrente,PHO00,University of Phoenix Stadium
2008_11_STL_SF,2008,REG,11,2008-11-16,Sunday,16:05,STL,16.0,SF,35.0,Home,19.0,51.0,0.0,2008111610,29683.0,,200811160sfo,1218.0,281116025,,7,6,256.0,-276.0,7.0,-106.0,-102.0,43.5,101.0,-111.0,1,outdoors,grass,75.0,5.0,00-0019599,00-0020679,Marc Bulger,Shaun Hill,Jim Haslett,Mike Singletary,Alberto Riveron,SFO00,Candlestick Park
2008_12_SF_DAL,2008,REG,12,2008-11-23,Sunday,13:00,SF,22.0,DAL,35.0,Home,13.0,57.0,0.0,2008112303,29692.0,,200811230dal,1230.0,281123006,,7,7,365.0,-405.0,9.5,-107.0,-101.0,45.5,101.0,-111.0,0,outdoors,fieldturf,64.0,0.0,00-0020679,00-0021678,Shaun Hill,Tony Romo,Mike Singletary,Wade Phillips,Mike Carey,DAL99,Texas Stadium
2008_13_SF_BUF,2008,REG,13,2008-11-30,Sunday,13:00,SF,10.0,BUF,3.0,Home,-7.0,13.0,0.0,2008113000,29707.0,,200811300buf,1247.0,281130002,,7,7,237.0,-257.0,6.5,-110.0,102.0,43.0,-106.0,-104.0,0,outdoors,astroplay,38.0,15.0,00-0020679,00-0025479,Shaun Hill,Trent Edwards,Mike Singletary,Dick Jauron,Bill Carollo,BUF00,Ralph Wilson Stadium
2008_14_NYJ_SF,2008,REG,14,2008-12-07,Sunday,16:05,NYJ,14.0,SF,24.0,Home,10.0,38.0,0.0,2008120710,29731.0,,200812070sfo,1266.0,281207025,,7,7,-221.0,201.0,-4.0,-113.0,105.0,45.0,103.0,-113.0,0,outdoors,grass,52.0,0.0,00-0005106,00-0020679,Brett Favre,Shaun Hill,Eric Mangini,Mike Singletary,Ed Hochuli,SFO00,Candlestick Park
2008_15_SF_MIA,2008,REG,15,2008-12-14,Sunday,13:00,SF,9.0,MIA,14.0,Home,5.0,23.0,0.0,2008121408,29745.0,,200812140mia,1281.0,281214015,,7,7,207.0,-227.0,5.5,-110.0,102.0,41.0,100.0,-110.0,0,outdoors,grass,77.0,17.0,00-0020679,00-0019559,Shaun Hill,Chad Pennington,Mike Singletary,Tony Sparano,Scott Green,MIA00,Dolphin Stadium
2008_16_SF_STL,2008,REG,16,2008-12-21,Sunday,13:00,SF,17.0,STL,16.0,Home,-1.0,33.0,0.0,2008122106,29760.0,,200812210ram,1298.0,281221014,,7,7,-183.0,173.0,-3.5,104.0,-112.0,42.0,-109.0,-101.0,1,dome,fieldturf,,,00-0020679,00-0019599,Shaun Hill,Marc Bulger,Mike Singletary,Jim Haslett,Carl Cheffers,STL00,Edward Jones Dome
2008_17_WAS_SF,2008,REG,17,2008-12-28,Sunday,16:15,WAS,24.0,SF,27.0,Home,3.0,51.0,0.0,2008122815,29783.0,,200812280sfo,1317.0,281228025,,7,7,131.0,-141.0,1.0,127.0,-135.0,37.0,-101.0,-109.0,0,outdoors,grass,50.0,5.0,00-0023460,00-0020679,Jason Campbell,Shaun Hill,Jim Zorn,Mike Singletary,Peter Morelli,SFO00,Candlestick Park
2009_01_SF_ARI,2009,REG,1,2009-09-13,Sunday,16:15,SF,20.0,ARI,16.0,Home,-4.0,36.0,0.0,2009091309,54477.0,,200909130crd,1405.0,290913022,,7,7,207.0,-233.0,5.0,-107.0,-101.0,45.5,-104.0,-106.0,1,closed,grass,,,00-0020679,00-0017200,Shaun Hill,Kurt Warner,Mike Singletary,Ken Whisenhunt,Don Carey,PHO00,University of Phoenix Stadium
2009_02_SEA_SF,2009,REG,2,2009-09-20,Sunday,16:05,SEA,10.0,SF,23.0,Home,13.0,33.0,0.0,2009092010,54493.0,,200909200sfo,1420.0,290920025,,7,7,-102.0,-108.0,1.0,-105.0,-103.0,39.5,-110.0,100.0,1,outdoors,grass,68.0,0.0,00-0007091,00-0020679,Matt Hasselbeck,Shaun Hill,Jim Mora,Mike Singletary,Bill Leavy,SFO00,Candlestick Park
2009_03_SF_MIN,2009,REG,3,2009-09-27,Sunday,13:00,SF,24.0,MIN,27.0,Home,3.0,51.0,0.0,2009092704,54508.0,,200909270min,1431.0,290927016,,7,7,243.0,-275.0,7.0,-114.0,105.0,39.0,-102.0,-108.0,0,dome,fieldturf,,,00-0020679,00-0005106,Shaun Hill,Brett Favre,Mike Singletary,Brad Childress,Jerome Boger,MIN00,Hubert H. Humphrey Metrodome
2009_04_STL_SF,2009,REG,4,2009-10-04,Sunday,16:15,STL,0.0,SF,35.0,Home,35.0,35.0,0.0,2009100411,54526.0,,200910040sfo,1454.0,291004025,,7,7,350.0,-400.0,9.5,-112.0,104.0,36.5,-103.0,-107.0,1,outdoors,grass,60.0,17.0,00-0022164,00-0020679,Kyle Boller,Shaun Hill,Steve Spagnuolo,Mike Singletary,Tony Corrente,SFO00,Candlestick Park
2009_05_ATL_SF,2009,REG,5,2009-10-11,Sunday,16:05,ATL,45.0,SF,10.0,Home,-35.0,55.0,0.0,2009101108,54537.0,,200910110sfo,1465.0,291011025,,14,7,-109.0,-101.0,1.0,-114.0,105.0,40.0,100.0,-110.0,0,outdoors,grass,58.0,9.0,00-0026143,00-0020679,Matt Ryan,Shaun Hill,Mike Smith,Mike Singletary,Peter Morelli,SFO00,Candlestick Park
2009_07_SF_HOU,2009,REG,7,2009-10-25,Sunday,13:00,SF,21.0,HOU,24.0,Home,3.0,45.0,0.0,2009102502,54559.0,,200910250htx,1488.0,291025034,,14,7,167.0,-185.0,3.0,115.0,-125.0,44.5,101.0,-111.0,0,open,grass,,,00-0020679,00-0022787,Shaun Hill,Matt Schaub,Mike Singletary,Gary Kubiak,Mike Carey,HOU00,Reliant Stadium
2009_08_SF_IND,2009,REG,8,2009-11-01,Sunday,13:00,SF,14.0,IND,18.0,Home,4.0,32.0,0.0,2009110106,54576.0,,200911010clt,1503.0,291101011,,7,7,615.0,-745.0,13.0,-113.0,104.0,45.0,-102.0,-108.0,0,open,fieldturf,,,00-0023436,00-0010346,Alex Smith,Peyton Manning,Mike Singletary,Jim Caldwell,Ed Hochuli,IND00,Lucas Oil Stadium
2009_09_TEN_SF,2009,REG,9,2009-11-08,Sunday,16:15,TEN,34.0,SF,27.0,Home,-7.0,61.0,0.0,2009110810,54593.0,,200911080sfo,1521.0,291108025,,7,7,181.0,-201.0,4.5,-108.0,100.0,41.0,-103.0,-107.0,0,outdoors,grass,63.0,5.0,00-0024218,00-0023436,Vince Young,Alex Smith,Jeff Fisher,Mike Singletary,Carl Cheffers,SFO00,Candlestick Park
2009_10_CHI_SF,2009,REG,10,2009-11-12,Thursday,20:20,CHI,6.0,SF,10.0,Home,4.0,16.0,0.0,2009111200,54596.0,,200911120sfo,1524.0,291112025,,4,4,165.0,-183.0,3.5,-110.0,102.0,43.0,-104.0,-106.0,0,outdoors,grass,60.0,18.0,00-0024226,00-0023436,Jay Cutler,Alex Smith,Lovie Smith,Mike Singletary,Ron Winter,SFO00,Candlestick Park
2009_11_SF_GB,2009,REG,11,2009-11-22,Sunday,13:00,SF,24.0,GB,30.0,Home,6.0,54.0,0.0,2009112203,54615.0,,200911220gnb,1542.0,291122009,,10,7,238.0,-270.0,6.0,-108.0,100.0,42.0,101.0,-111.0,0,outdoors,grass,53.0,13.0,00-0023436,00-0023459,Alex Smith,Aaron Rodgers,Mike Singletary,Mike McCarthy,Scott Green,GNB00,Lambeau Field
2009_12_JAX_SF,2009,REG,12,2009-11-29,Sunday,16:05,JAX,3.0,SF,20.0,Home,17.0,23.0,0.0,2009112910,54640.0,,200911290sfo,1568.0,291129025,,7,7,160.0,-175.0,3.0,107.0,-116.0,42.5,100.0,-110.0,0,outdoors,grass,68.0,0.0,00-0021231,00-0023436,David Garrard,Alex Smith,Jack Del Rio,Mike Singletary,John Parry,SFO00,Candlestick Park
2009_13_SF_SEA,2009,REG,13,2009-12-06,Sunday,16:15,SF,17.0,SEA,20.0,Home,3.0,37.0,0.0,2009120612,54656.0,,200912060sea,1582.0,291206026,,7,7,-110.0,100.0,-1.0,-101.0,-107.0,41.5,111.0,-121.0,1,outdoors,fieldturf,35.0,6.0,00-0023436,00-0007091,Alex Smith,Matt Hasselbeck,Mike Singletary,Jim Mora,Alberto Riveron,SEA00,Qwest Field
2009_14_ARI_SF,2009,REG,14,2009-12-14,Monday,20:30,ARI,9.0,SF,24.0,Home,15.0,33.0,0.0,2009121400,54674.0,,200912140sfo,1602.0,291214025,,8,8,-201.0,181.0,-4.0,100.0,-108.0,44.5,-102.0,-108.0,1,outdoors,grass,53.0,0.0,00-0017200,00-0023436,Kurt Warner,Alex Smith,Ken Whisenhunt,Mike Singletary,Jerome Boger,SFO00,Candlestick Park
2009_15_SF_PHI,2009,REG,15,2009-12-20,Sunday,16:15,SF,13.0,PHI,27.0,Home,14.0,40.0,0.0,2009122005,54682.0,,200912200phi,1611.0,291220021,,6,7,300.0,-340.0,7.0,102.0,-110.0,41.0,-109.0,-101.0,0,outdoors,grass,32.0,18.0,00-0023436,00-0011022,Alex Smith,Donovan McNabb,Mike Singletary,Andy Reid,Don Carey,PHI00,Lincoln Financial Field
2009_16_DET_SF,2009,REG,16,2009-12-27,Sunday,16:05,DET,6.0,SF,20.0,Home,14.0,26.0,0.0,2009122711,54703.0,,200912270sfo,1631.0,291227025,,7,7,655.0,-835.0,14.0,-101.0,-107.0,41.0,-105.0,-105.0,0,outdoors,grass,55.0,5.0,00-0025430,00-0023436,Drew Stanton,Alex Smith,Jim Schwartz,Mike Singletary,Walt Anderson,SFO00,Candlestick Park
2009_17_SF_STL,2009,REG,17,2010-01-03,Sunday,13:00,SF,28.0,STL,6.0,Home,-22.0,34.0,0.0,2010010309,54716.0,,201001030ram,1642.0,300103014,,7,7,-295.0,255.0,-7.0,101.0,-109.0,39.5,-105.0,-105.0,1,dome,fieldturf,,,00-0023436,00-0027131,Alex Smith,Keith Null,Mike Singletary,Steve Spagnuolo,Mike Carey,STL00,Edward Jones Dome
2010_01_SF_SEA,2010,REG,1,2010-09-12,Sunday,16:15,SF,6.0,SEA,31.0,Home,25.0,37.0,0.0,2010091211,54875.0,,201009120sea,1739.0,300912026,,7,7,-185.0,166.0,-3.0,-118.0,109.0,37.0,-105.0,-105.0,1,outdoors,fieldturf,64.0,11.0,00-0023436,00-0007091,Alex Smith,Matt Hasselbeck,Mike Singletary,Pete Carroll,Mike Carey,SEA00,Qwest Field
2010_02_NO_SF,2010,REG,2,2010-09-20,Monday,20:30,NO,25.0,SF,22.0,Home,-3.0,47.0,0.0,2010092000,54894.0,,201009200sfo,1758.0,300920025,,11,8,-215.0,193.0,-4.5,-106.0,-102.0,43.5,-106.0,-104.0,0,outdoors,grass,65.0,10.0,00-0020531,00-0023436,Drew Brees,Alex Smith,Sean Payton,Mike Singletary,Alberto Riveron,SFO00,Candlestick Park
2010_03_SF_KC,2010,REG,3,2010-09-26,Sunday,13:00,SF,10.0,KC,31.0,Home,21.0,41.0,0.0,2010092609,54898.0,,201009260kan,1762.0,300926012,,6,7,-138.0,125.0,-2.5,-114.0,105.0,38.0,-105.0,-105.0,0,outdoors,grass,55.0,10.0,00-0023436,00-0023662,Alex Smith,Matt Cassel,Mike Singletary,Todd Haley,Clete Blakeman,KAN00,Arrowhead Stadium
2010_04_SF_ATL,2010,REG,4,2010-10-03,Sunday,13:00,SF,14.0,ATL,16.0,Home,2.0,30.0,0.0,2010100305,54911.0,,201010030atl,1780.0,301003001,,7,7,272.0,-309.0,7.0,-109.0,101.0,42.5,100.0,-110.0,0,dome,fieldturf,,,00-0023436,00-0026143,Alex Smith,Matt Ryan,Mike Singletary,Mike Smith,Tony Corrente,ATL00,Georgia Dome
2010_05_PHI_SF,2010,REG,5,2010-10-10,Sunday,20:20,PHI,27.0,SF,24.0,Home,-3.0,51.0,0.0,2010101012,54937.0,,201010100sfo,1801.0,301010025,,7,7,158.0,-175.0,3.0,104.0,-113.0,39.5,102.0,-113.0,0,outdoors,grass,71.0,10.0,00-0025423,00-0023436,Kevin Kolb,Alex Smith,Andy Reid,Mike Singletary,Walt Anderson,SFO00,Candlestick Park
2010_06_OAK_SF,2010,REG,6,2010-10-17,Sunday,16:05,OAK,9.0,SF,17.0,Home,8.0,26.0,0.0,2010101710,54949.0,,201010170sfo,1813.0,301017025,,7,7,305.0,-350.0,9.0,-119.0,110.0,40.5,-107.0,-103.0,0,outdoors,grass,53.0,10.0,00-0023460,00-0023436,Jason Campbell,Alex Smith,Tom Cable,Mike Singletary,Carl Cheffers,SFO00,Candlestick Park
2010_07_SF_CAR,2010,REG,7,2010-10-24,Sunday,13:00,SF,20.0,CAR,23.0,Home,3.0,43.0,0.0,2010102406,54955.0,,201010240car,1823.0,301024029,,7,14,-125.0,113.0,-1.0,-116.0,107.0,36.5,-103.0,-107.0,0,outdoors,grass,75.0,9.0,00-0023436,00-0025708,Alex Smith,Matt Moore,Mike Singletary,John Fox,Ron Winter,CAR00,Bank of America Stadium
2010_08_DEN_SF,2010,REG,8,2010-10-31,Sunday,13:00,DEN,16.0,SF,24.0,Neutral,8.0,40.0,0.0,2010103100,54833.0,,201010310sfo,1831.0,301031025,,7,7,112.0,-124.0,2.0,-105.0,-103.0,41.0,-113.0,102.0,0,outdoors,grass,54.0,6.0,00-0023541,00-0025561,Kyle Orton,Troy Smith,Josh McDaniels,Mike Singletary,Scott Green,LON00,Wembley Stadium
2010_10_STL_SF,2010,REG,10,2010-11-14,Sunday,16:15,STL,20.0,SF,23.0,Home,3.0,43.0,1.0,2010111410,54957.0,,201011140sfo,1868.0,301114025,,14,14,197.0,-220.0,4.5,104.0,-112.0,38.5,-107.0,-103.0,1,outdoors,grass,74.0,5.0,00-0027854,00-0025561,Sam Bradford,Troy Smith,Steve Spagnuolo,Mike Singletary,Ed Hochuli,SFO00,Candlestick Park
2010_11_TB_SF,2010,REG,11,2010-11-21,Sunday,16:05,TB,21.0,SF,0.0,Home,-21.0,21.0,0.0,2010112111,54972.0,,201011210sfo,1883.0,301121025,,7,7,179.0,-199.0,3.5,103.0,-111.0,41.0,-108.0,-102.0,0,outdoors,grass,54.0,25.0,00-0026993,00-0025561,Josh Freeman,Troy Smith,Raheem Morris,Mike Singletary,John Parry,SFO00,Candlestick Park
2010_12_SF_ARI,2010,REG,12,2010-11-29,Monday,20:30,SF,27.0,ARI,6.0,Home,-21.0,33.0,0.0,2010112900,54991.0,,201011290crd,1902.0,301129022,,8,8,-125.0,113.0,-1.0,-116.0,107.0,41.5,102.0,-112.0,1,closed,grass,,,00-0025561,00-0023645,Troy Smith,Derek Anderson,Mike Singletary,Ken Whisenhunt,Gene Steratore,PHO00,University of Phoenix Stadium
2010_13_SF_GB,2010,REG,13,2010-12-05,Sunday,13:00,SF,16.0,GB,34.0,Home,18.0,50.0,0.0,2010120506,54995.0,,201012050gnb,1910.0,301205009,,6,7,361.0,-420.0,9.0,-114.0,105.0,41.0,-106.0,-104.0,0,outdoors,grass,26.0,16.0,00-0025561,00-0023459,Troy Smith,Aaron Rodgers,Mike Singletary,Mike McCarthy,Bill Leavy,GNB00,Lambeau Field
2010_14_SEA_SF,2010,REG,14,2010-12-12,Sunday,16:05,SEA,21.0,SF,40.0,Home,19.0,61.0,0.0,2010121209,55018.0,,201012120sfo,1929.0,301212025,,7,7,182.0,-203.0,4.5,-109.0,101.0,42.5,-105.0,-105.0,1,outdoors,grass,55.0,3.0,00-0007091,00-0023436,Matt Hasselbeck,Alex Smith,Pete Carroll,Mike Singletary,Carl Cheffers,SFO00,Candlestick Park
2010_15_SF_SD,2010,REG,15,2010-12-16,Thursday,20:20,SF,7.0,SD,34.0,Home,27.0,41.0,0.0,2010121600,55024.0,,201012160sdg,1935.0,301216024,,4,4,439.0,-520.0,10.0,-104.0,-104.0,44.5,-103.0,-107.0,0,outdoors,grass,56.0,7.0,00-0023436,00-0022942,Alex Smith,Philip Rivers,Mike Singletary,Norv Turner,Clete Blakeman,SDG00,Qualcomm Stadium
2010_16_SF_STL,2010,REG,16,2010-12-26,Sunday,13:00,SF,17.0,STL,25.0,Home,8.0,42.0,0.0,2010122606,55049.0,,201012260ram,1959.0,301226014,,10,7,121.0,-134.0,2.0,111.0,-120.0,40.0,-108.0,-102.0,1,dome,astroplay,,,00-0025561,00-0027854,Troy Smith,Sam Bradford,Mike Singletary,Steve Spagnuolo,Peter Morelli,STL00,Edward Jones Dome
2010_17_ARI_SF,2010,REG,17,2011-01-02,Sunday,16:15,ARI,7.0,SF,38.0,Home,31.0,45.0,0.0,2011010214,55070.0,,201101020sfo,1981.0,310102025,,8,7,205.0,-230.0,6.0,-109.0,101.0,39.5,-108.0,-102.0,1,outdoors,grass,49.0,3.0,00-0027754,00-0023436,John Skelton,Alex Smith,Ken Whisenhunt,Jim Tomsula,Mike Carey,SFO00,Candlestick Park
2011_01_SEA_SF,2011,REG,1,2011-09-11,Sunday,16:25,SEA,17.0,SF,33.0,Home,16.0,50.0,0.0,2011091110,55175.0,,201109110sfo,2059.0,310911025,,7,7,213.0,-239.0,6.0,-104.0,-104.0,38.0,-101.0,-109.0,1,outdoors,grass,68.0,15.0,00-0024279,00-0023436,Tarvaris Jackson,Alex Smith,Pete Carroll,Jim Harbaugh,Jeff Triplette,SFO00,Candlestick Park
2011_02_DAL_SF,2011,REG,2,2011-09-18,Sunday,16:05,DAL,27.0,SF,24.0,Home,-3.0,51.0,1.0,2011091810,55190.0,,201109180sfo,2074.0,310918025,,7,7,-167.0,151.0,-3.0,-108.0,100.0,41.0,102.0,-113.0,0,outdoors,grass,70.0,3.0,00-0021678,00-0023436,Tony Romo,Alex Smith,Jason Garrett,Jim Harbaugh,Ron Winter,SFO00,Candlestick Park
2011_03_SF_CIN,2011,REG,3,2011-09-25,Sunday,13:00,SF,13.0,CIN,8.0,Home,-5.0,21.0,0.0,2011092507,55198.0,,201109250cin,2091.0,310925004,,7,7,102.0,-113.0,1.0,-101.0,-107.0,38.5,102.0,-113.0,0,outdoors,fieldturf,71.0,2.0,00-0023436,00-0027973,Alex Smith,Andy Dalton,Jim Harbaugh,Marvin Lewis,Jerome Boger,CIN00,Paul Brown Stadium
2011_04_SF_PHI,2011,REG,4,2011-10-02,Sunday,13:00,SF,24.0,PHI,23.0,Home,-1.0,47.0,0.0,2011100204,55219.0,,201110020phi,2113.0,311002021,,7,7,423.0,-500.0,9.5,101.0,-109.0,43.5,-107.0,-103.0,0,outdoors,grass,54.0,20.0,00-0023436,00-0020245,Alex Smith,Michael Vick,Jim Harbaugh,Andy Reid,Alberto Riveron,PHI00,Lincoln Financial Field
2011_05_TB_SF,2011,REG,5,2011-10-09,Sunday,16:05,TB,3.0,SF,48.0,Home,45.0,51.0,0.0,2011100908,55236.0,,201110090sfo,2122.0,311009025,,6,7,127.0,-140.0,2.5,105.0,-114.0,41.0,-105.0,-105.0,0,outdoors,grass,62.0,6.0,00-0026993,00-0023436,Josh Freeman,Alex Smith,Raheem Morris,Jim Harbaugh,Terry McAulay,SFO00,Candlestick Park
2011_06_SF_DET,2011,REG,6,2011-10-16,Sunday,13:00,SF,25.0,DET,19.0,Home,-6.0,44.0,0.0,2011101604,55243.0,,201110160det,2140.0,311016008,,7,6,203.0,-227.0,5.5,-109.0,101.0,45.0,100.0,-110.0,0,dome,fieldturf,,,00-0023436,00-0026498,Alex Smith,Matthew Stafford,Jim Harbaugh,Jim Schwartz,Mike Carey,DET00,Ford Field
2011_08_CLE_SF,2011,REG,8,2011-10-30,Sunday,16:15,CLE,10.0,SF,20.0,Home,10.0,30.0,0.0,2011103009,55276.0,,201110300sfo,2161.0,311030025,,7,14,370.0,-431.0,9.0,-102.0,-106.0,38.5,-108.0,-102.0,0,outdoors,grass,67.0,5.0,00-0027688,00-0023436,Colt McCoy,Alex Smith,Pat Shurmur,Jim Harbaugh,Bill Leavy,SFO00,Candlestick Park
2011_09_SF_WAS,2011,REG,9,2011-11-06,Sunday,13:00,SF,19.0,WAS,11.0,Home,-8.0,30.0,0.0,2011110604,55286.0,,201111060was,2182.0,311106028,,7,7,-240.0,214.0,-5.0,-106.0,-102.0,38.0,-104.0,-106.0,0,outdoors,grass,56.0,6.0,00-0023436,00-0025427,Alex Smith,John Beck,Jim Harbaugh,Mike Shanahan,Gene Steratore,WAS00,FedExField
2011_10_NYG_SF,2011,REG,10,2011-11-13,Sunday,16:15,NYG,20.0,SF,27.0,Home,7.0,47.0,0.0,2011111312,55307.0,,201111130sfo,2189.0,311113025,,7,7,184.0,-205.0,4.0,-104.0,-104.0,42.5,-110.0,100.0,0,outdoors,grass,58.0,10.0,00-0022803,00-0023436,Eli Manning,Alex Smith,Tom Coughlin,Jim Harbaugh,Tony Corrente,SFO00,Candlestick Park
2011_11_ARI_SF,2011,REG,11,2011-11-20,Sunday,16:05,ARI,7.0,SF,23.0,Home,16.0,30.0,0.0,2011112008,55320.0,,201111200sfo,2205.0,311120025,,7,7,442.0,-525.0,10.0,-108.0,100.0,40.5,-107.0,-103.0,1,outdoors,grass,55.0,15.0,00-0027754,00-0023436,John Skelton,Alex Smith,Ken Whisenhunt,Jim Harbaugh,Peter Morelli,SFO00,Candlestick Park
2011_12_SF_BAL,2011,REG,12,2011-11-24,Thursday,20:20,SF,6.0,BAL,16.0,Home,10.0,22.0,0.0,2011112402,55326.0,,201111240rav,2220.0,311124033,,4,4,159.0,-176.0,3.0,111.0,-120.0,38.5,-105.0,-105.0,0,outdoors,sportturf,53.0,5.0,00-0023436,00-0026158,Alex Smith,Joe Flacco,Jim Harbaugh,John Harbaugh,John Parry,BAL00,M&T Bank Stadium
2011_13_STL_SF,2011,REG,13,2011-12-04,Sunday,16:15,STL,0.0,SF,26.0,Home,26.0,26.0,0.0,2011120412,55353.0,,201112040sfo,2235.0,311204025,,7,10,638.0,-800.0,14.0,103.0,-111.0,38.5,-104.0,-106.0,1,outdoors,grass,53.0,2.0,00-0020305,00-0023436,A.J. Feeley,Alex Smith,Steve Spagnuolo,Jim Harbaugh,Peter Morelli,SFO00,Candlestick Park
2011_14_SF_ARI,2011,REG,14,2011-12-11,Sunday,16:05,SF,19.0,ARI,21.0,Home,2.0,40.0,0.0,2011121110,55367.0,,201112110crd,2253.0,311211022,,7,7,-165.0,149.0,-3.5,112.0,-121.0,39.0,-105.0,-105.0,1,closed,grass,,,00-0023436,00-0025423,Alex Smith,Kevin Kolb,Jim Harbaugh,Ken Whisenhunt,Alberto Riveron,PHO00,University of Phoenix Stadium
2011_15_PIT_SF,2011,REG,15,2011-12-19,Monday,20:30,PIT,3.0,SF,20.0,Home,17.0,23.0,0.0,2011121900,55387.0,,201112190sfo,2281.0,311219025,,11,8,144.0,-160.0,3.0,102.0,-110.0,37.0,103.0,-114.0,0,outdoors,grass,51.0,10.0,00-0022924,00-0023436,Ben Roethlisberger,Alex Smith,Mike Tomlin,Jim Harbaugh,Walt Coleman,SFO00,Candlestick Park
2011_16_SF_SEA,2011,REG,16,2011-12-24,Saturday,16:15,SF,19.0,SEA,17.0,Home,-2.0,36.0,0.0,2011122412,55401.0,,201112240sea,2293.0,311224026,,5,6,-123.0,111.0,-1.5,-113.0,104.0,36.5,-105.0,-105.0,1,outdoors,fieldturf,48.0,8.0,00-0023436,00-0024279,Alex Smith,Tarvaris Jackson,Jim Harbaugh,Pete Carroll,Ron Winter,SEA00,CenturyLink Field
2011_17_SF_STL,2011,REG,17,2012-01-01,Sunday,13:00,SF,34.0,STL,27.0,Home,-7.0,61.0,0.0,2012010112,55416.0,,201201010ram,2310.0,320101014,,8,8,-711.0,577.0,-12.5,-102.0,-106.0,35.5,-110.0,100.0,1,dome,astroplay,,,00-0023436,00-0024264,Alex Smith,Kellen Clemens,Jim Harbaugh,Steve Spagnuolo,Jeff Triplette,STL00,Edward Jones Dome
2011_19_NO_SF,2011,DIV,19,2012-01-14,Saturday,16:30,NO,32.0,SF,36.0,Home,4.0,68.0,0.0,2012011401,55494.0,,201201140sfo,2318.0,320114025,,7,13,-165.0,149.0,-3.5,111.0,-120.0,46.5,106.0,-117.0,0,outdoors,grass,62.0,2.0,00-0020531,00-0023436,Drew Brees,Alex Smith,Sean Payton,Jim Harbaugh,John Parry,SFO00,Candlestick Park
2011_20_NYG_SF,2011,CON,20,2012-01-22,Sunday,18:30,NYG,20.0,SF,17.0,Home,-3.0,37.0,1.0,2012012201,55501.0,,201201220sfo,2323.0,320122025,,7,8,122.0,-135.0,2.0,106.0,-115.0,40.5,-115.0,104.0,0,outdoors,grass,52.0,15.0,00-0022803,00-0023436,Eli Manning,Alex Smith,Tom Coughlin,Jim Harbaugh,Ed Hochuli,SFO00,Candlestick Park
2012_01_SF_GB,2012,REG,1,2012-09-09,Sunday,16:25,SF,30.0,GB,22.0,Home,-8.0,52.0,0.0,2012090909,55515.0,,201209090gnb,2401.0,320909009,,7,7,228.0,-256.0,6.0,103.0,-111.0,46.5,-105.0,-105.0,0,outdoors,grass,72.0,11.0,00-0023436,00-0023459,Alex Smith,Aaron Rodgers,Jim Harbaugh,Mike McCarthy,David White,GNB00,Lambeau Field
2012_02_DET_SF,2012,REG,2,2012-09-16,Sunday,20:20,DET,19.0,SF,27.0,Home,8.0,46.0,0.0,2012091613,55534.0,,201209160sfo,2411.0,320916025,,7,7,239.0,-270.0,7.0,-117.0,108.0,46.0,-101.0,-109.0,0,outdoors,grass,62.0,15.0,00-0026498,00-0023436,Matthew Stafford,Alex Smith,Jim Schwartz,Jim Harbaugh,Matt Nicks,SFO00,Candlestick Park
2012_03_SF_MIN,2012,REG,3,2012-09-23,Sunday,13:00,SF,13.0,MIN,24.0,Home,11.0,37.0,0.0,2012092302,55542.0,,201209230min,2434.0,320923016,,7,7,-285.0,252.0,-6.5,-108.0,100.0,42.5,-105.0,-105.0,0,dome,sportturf,,,00-0023436,00-0027950,Alex Smith,Christian Ponder,Jim Harbaugh,Leslie Frazier,Ken Roan,MIN00,Mall of America Field
2012_04_SF_NYJ,2012,REG,4,2012-09-30,Sunday,13:00,SF,34.0,NYJ,0.0,Home,-34.0,34.0,0.0,2012093006,55559.0,,201209300nyj,2449.0,320930020,,7,7,-190.0,171.0,-3.5,-105.0,-103.0,40.5,-112.0,102.0,0,outdoors,fieldturf,67.0,4.0,00-0023436,00-0026898,Alex Smith,Mark Sanchez,Jim Harbaugh,Rex Ryan,Tony Corrente,NYC01,MetLife Stadium
2012_05_BUF_SF,2012,REG,5,2012-10-07,Sunday,16:25,BUF,3.0,SF,45.0,Home,42.0,48.0,0.0,2012100710,55578.0,,201210070sfo,2456.0,321007025,,7,7,393.0,-460.0,10.0,-106.0,-102.0,45.5,-109.0,-101.0,0,outdoors,grass,62.0,8.0,00-0023682,00-0023436,Ryan Fitzpatrick,Alex Smith,Chan Gailey,Jim Harbaugh,Jerome Boger,SFO00,Candlestick Park
2012_06_NYG_SF,2012,REG,6,2012-10-14,Sunday,16:25,NYG,26.0,SF,3.0,Home,-23.0,29.0,0.0,2012101409,55591.0,,201210140sfo,2477.0,321014025,,7,7,275.0,-313.0,7.0,104.0,-113.0,46.5,-108.0,-102.0,0,outdoors,grass,61.0,7.0,00-0022803,00-0023436,Eli Manning,Alex Smith,Tom Coughlin,Jim Harbaugh,John Parry,SFO00,Candlestick Park
2012_07_SEA_SF,2012,REG,7,2012-10-18,Thursday,20:20,SEA,6.0,SF,13.0,Home,7.0,19.0,0.0,2012101800,55595.0,,201210180sfo,2481.0,321018025,,4,4,314.0,-360.0,7.5,-108.0,100.0,37.5,-102.0,-108.0,1,outdoors,grass,80.0,15.0,00-0029263,00-0023436,Russell Wilson,Alex Smith,Pete Carroll,Jim Harbaugh,Walt Anderson,SFO00,Candlestick Park
2012_08_SF_ARI,2012,REG,8,2012-10-29,Monday,20:30,SF,24.0,ARI,3.0,Home,-21.0,27.0,0.0,2012102900,55621.0,,201210290crd,2507.0,321029022,,11,8,-325.0,285.0,-7.0,-103.0,-105.0,37.5,102.0,-113.0,1,closed,grass,,,00-0023436,00-0027754,Alex Smith,John Skelton,Jim Harbaugh,Ken Whisenhunt,Bill Leavy,PHO00,University of Phoenix Stadium
2012_10_STL_SF,2012,REG,10,2012-11-11,Sunday,16:25,STL,24.0,SF,24.0,Home,0.0,48.0,1.0,2012111110,55647.0,,201211110sfo,2533.0,321111025,,14,13,541.0,-660.0,13.5,-105.0,-103.0,38.0,-107.0,-103.0,1,outdoors,grass,55.0,5.0,00-0027854,00-0023436,Sam Bradford,Alex Smith,Jeff Fisher,Jim Harbaugh,Clete Blakeman,SFO00,Candlestick Park
2012_11_CHI_SF,2012,REG,11,2012-11-19,Monday,20:30,CHI,7.0,SF,32.0,Home,25.0,39.0,0.0,2012111900,55663.0,,201211190sfo,2549.0,321119025,,8,8,171.0,-190.0,3.5,100.0,-108.0,34.0,-103.0,-107.0,0,outdoors,grass,64.0,12.0,00-0023460,00-0027974,Jason Campbell,Colin Kaepernick,Lovie Smith,Jim Harbaugh,Tony Corrente,SFO00,Candlestick Park
2012_12_SF_NO,2012,REG,12,2012-11-25,Sunday,16:25,SF,31.0,NO,21.0,Home,-10.0,52.0,0.0,2012112509,55677.0,,201211250nor,2562.0,321125018,,6,7,-127.0,115.0,-1.0,-120.0,111.0,50.0,-106.0,-104.0,0,dome,sportturf,,,00-0027974,00-0020531,Colin Kaepernick,Drew Brees,Jim Harbaugh,Joe Vitt,John Parry,NOR00,Mercedes-Benz Superdome
2012_13_SF_STL,2012,REG,13,2012-12-02,Sunday,13:00,SF,13.0,STL,16.0,Home,3.0,29.0,1.0,2012120202,55688.0,,201212020ram,2579.0,321202014,,7,7,-330.0,289.0,-7.0,-106.0,-102.0,40.5,-104.0,-106.0,1,dome,astroplay,,,00-0027974,00-0027854,Colin Kaepernick,Sam Bradford,Jim Harbaugh,Jeff Fisher,Carl Cheffers,STL00,Edward Jones Dome
2012_14_MIA_SF,2012,REG,14,2012-12-09,Sunday,16:05,MIA,13.0,SF,27.0,Home,14.0,40.0,0.0,2012120910,55707.0,,201212090sfo,2590.0,321209025,,7,7,468.0,-560.0,10.5,104.0,-113.0,38.5,102.0,-113.0,0,outdoors,grass,62.0,3.0,00-0029701,00-0027974,Ryan Tannehill,Colin Kaepernick,Joe Philbin,Jim Harbaugh,Mike Carey,SFO00,Candlestick Park
2012_15_SF_NE,2012,REG,15,2012-12-16,Sunday,20:20,SF,41.0,NE,34.0,Home,-7.0,75.0,0.0,2012121613,55726.0,,201212160nwe,2610.0,321216017,,7,6,179.0,-199.0,4.0,-106.0,-102.0,47.0,-105.0,-105.0,0,outdoors,fieldturf,34.0,5.0,00-0027974,00-0019596,Colin Kaepernick,Tom Brady,Jim Harbaugh,Bill Belichick,Ed Hochuli,BOS00,Gillette Stadium
2012_16_SF_SEA,2012,REG,16,2012-12-23,Sunday,20:20,SF,13.0,SEA,42.0,Home,29.0,55.0,0.0,2012122313,55742.0,,201212230sea,2626.0,321223026,,7,7,122.0,-135.0,2.5,-107.0,-101.0,40.0,-113.0,102.0,1,outdoors,fieldturf,45.0,3.0,00-0027974,00-0029263,Colin Kaepernick,Russell Wilson,Jim Harbaugh,Pete Carroll,Bill Vinovich,SEA00,CenturyLink Field
2012_17_ARI_SF,2012,REG,17,2012-12-30,Sunday,16:25,ARI,13.0,SF,27.0,Home,14.0,40.0,0.0,2012123014,55758.0,,201212300sfo,2630.0,321230025,,7,7,865.0,-1200.0,16.0,-110.0,102.0,39.0,100.0,-110.0,1,outdoors,grass,50.0,5.0,00-0026625,00-0027974,Brian Hoyer,Colin Kaepernick,Ken Whisenhunt,Jim Harbaugh,Peter Morelli,SFO00,Candlestick Park
2012_19_GB_SF,2012,DIV,19,2013-01-12,Saturday,20:00,GB,31.0,SF,45.0,Home,14.0,76.0,0.0,2013011201,55830.0,,201301120sfo,2671.0,330112025,,7,13,146.0,-162.0,3.0,102.0,-110.0,45.0,-105.0,-105.0,0,outdoors,grass,48.0,5.0,00-0023459,00-0027974,Aaron Rodgers,Colin Kaepernick,Mike McCarthy,Jim Harbaugh,Jerome Boger,SFO00,Candlestick Park
2012_20_SF_ATL,2012,CON,20,2013-01-20,Sunday,15:00,SF,28.0,ATL,24.0,Home,-4.0,52.0,0.0,2013012001,55833.0,,201301200atl,2674.0,330120001,,8,7,-186.0,167.0,-3.5,-105.0,-103.0,47.5,100.0,-110.0,0,dome,fieldturf,,,00-0027974,00-0026143,Colin Kaepernick,Matt Ryan,Jim Harbaugh,Mike Smith,Terry McAulay,ATL00,Georgia Dome
2012_21_BAL_SF,2012,SB,21,2013-02-03,Sunday,18:30,BAL,34.0,SF,31.0,Neutral,-3.0,65.0,0.0,2013020300,55835.0,,201302030sfo,2676.0,330203025,,14,14,188.0,-210.0,4.5,-104.0,-104.0,47.5,-102.0,-108.0,0,dome,astroturf,,,00-0026158,00-0027974,Joe Flacco,Colin Kaepernick,John Harbaugh,Jim Harbaugh,Jerome Boger,NOR00,Mercedes-Benz Superdome
2013_01_GB_SF,2013,REG,1,2013-09-08,Sunday,16:25,GB,28.0,SF,34.0,Home,6.0,62.0,0.0,2013090811,55849.0,,201309080sfo,2753.0,330908025,,7,7,199.0,-222.0,5.0,-103.0,-107.0,47.0,100.0,-110.0,0,outdoors,grass,69.0,6.0,00-0023459,00-0027974,Aaron Rodgers,Colin Kaepernick,Mike McCarthy,Jim Harbaugh,Bill Leavy,SFO00,Candlestick Park
2013_02_SF_SEA,2013,REG,2,2013-09-15,Sunday,20:30,SF,3.0,SEA,29.0,Home,26.0,32.0,0.0,2013091513,55867.0,,201309150sea,2772.0,330915026,,7,7,138.0,-153.0,3.0,-105.0,-105.0,43.5,-101.0,-109.0,1,outdoors,fieldturf,64.0,6.0,00-0027974,00-0029263,Colin Kaepernick,Russell Wilson,Jim Harbaugh,Pete Carroll,John Parry,SEA00,CenturyLink Field
2013_03_IND_SF,2013,REG,3,2013-09-22,Sunday,16:25,IND,27.0,SF,7.0,Home,-20.0,34.0,0.0,2013092211,55881.0,,201309220sfo,2786.0,330922025,,7,7,431.0,-510.0,10.5,-105.0,-105.0,45.5,-107.0,-103.0,0,outdoors,grass,66.0,5.0,00-0029668,00-0027974,Andrew Luck,Colin Kaepernick,Chuck Pagano,Jim Harbaugh,Terry McAulay,SFO00,Candlestick Park
2013_04_SF_STL,2013,REG,4,2013-09-26,Thursday,20:25,SF,35.0,STL,11.0,Home,-24.0,46.0,0.0,2013092600,55885.0,,201309260ram,2790.0,330926014,,4,4,-179.0,161.0,-3.0,-124.0,112.0,43.0,-107.0,-103.0,1,dome,astroplay,,,00-0027974,00-0027854,Colin Kaepernick,Sam Bradford,Jim Harbaugh,Jeff Fisher,Jeff Triplette,STL00,Edward Jones Dome
2013_05_HOU_SF,2013,REG,5,2013-10-06,Sunday,20:30,HOU,3.0,SF,34.0,Home,31.0,37.0,0.0,2013100611,55912.0,,201310060sfo,2817.0,331006025,,7,10,191.0,-213.0,4.0,100.0,-110.0,43.0,-105.0,-105.0,0,outdoors,grass,76.0,9.0,00-0022787,00-0027974,Matt Schaub,Colin Kaepernick,Gary Kubiak,Jim Harbaugh,Mike Carey,SFO00,Candlestick Park
2013_06_ARI_SF,2013,REG,6,2013-10-13,Sunday,16:25,ARI,20.0,SF,32.0,Home,12.0,52.0,0.0,2013101311,55926.0,,201310130sfo,2831.0,331013025,,7,7,369.0,-430.0,10.0,-123.0,111.0,40.5,-108.0,-102.0,1,outdoors,grass,65.0,5.0,00-0021429,00-0027974,Carson Palmer,Colin Kaepernick,Bruce Arians,Jim Harbaugh,Scott Green,SFO00,Candlestick Park
2013_07_SF_TEN,2013,REG,7,2013-10-20,Sunday,16:05,SF,31.0,TEN,17.0,Home,-14.0,48.0,0.0,2013102010,55939.0,,201310200oti,2844.0,331020010,,7,7,-154.0,139.0,-3.0,100.0,-110.0,41.0,-105.0,-105.0,0,outdoors,grass,68.0,3.0,00-0027974,00-0027946,Colin Kaepernick,Jake Locker,Jim Harbaugh,Mike Munchak,Ron Winter,NAS00,LP Field
2013_08_SF_JAX,2013,REG,8,2013-10-27,Sunday,13:00,SF,42.0,JAX,10.0,Neutral,-32.0,52.0,0.0,2013102701,55946.0,,201310270jax,2851.0,331027030,,7,7,-1350.0,925.0,-16.0,-102.0,-108.0,40.0,-105.0,-105.0,0,outdoors,grass,60.0,13.0,00-0027974,00-0026197,Colin Kaepernick,Chad Henne,Jim Harbaugh,Gus Bradley,Ed Hochuli,LON00,Wembley Stadium
2013_10_CAR_SF,2013,REG,10,2013-11-10,Sunday,16:05,CAR,10.0,SF,9.0,Home,-1.0,19.0,0.0,2013111008,55979.0,,201311100sfo,2884.0,331110025,,7,14,210.0,-235.0,6.0,-113.0,102.0,43.0,-105.0,-105.0,0,outdoors,grass,62.0,6.0,00-0027939,00-0027974,Cam Newton,Colin Kaepernick,Ron Rivera,Jim Harbaugh,Carl Cheffers,SFO00,Candlestick Park
2013_11_SF_NO,2013,REG,11,2013-11-17,Sunday,16:25,SF,20.0,NO,23.0,Home,3.0,43.0,0.0,2013111710,55995.0,,201311170nor,2900.0,331117018,,7,7,159.0,-177.0,3.5,-117.0,106.0,50.0,104.0,-115.0,0,dome,sportturf,,,00-0027974,00-0020531,Colin Kaepernick,Drew Brees,Jim Harbaugh,Sean Payton,Tony Corrente,NOR00,Mercedes-Benz Superdome
2013_12_SF_WAS,2013,REG,12,2013-11-25,Monday,20:30,SF,27.0,WAS,6.0,Home,-21.0,33.0,0.0,2013112500,56012.0,,201311250was,2917.0,331125028,,8,8,-250.0,222.0,-5.5,-113.0,102.0,45.5,-103.0,-107.0,0,outdoors,grass,35.0,12.0,00-0027974,00-0029665,Colin Kaepernick,Robert Griffin,Jim Harbaugh,Mike Shanahan,John Parry,WAS00,FedExField
2013_13_STL_SF,2013,REG,13,2013-12-01,Sunday,16:05,STL,13.0,SF,23.0,Home,10.0,36.0,0.0,2013120108,56024.0,,201312010sfo,2929.0,331201025,,7,6,285.0,-325.0,7.5,-115.0,104.0,40.5,-113.0,102.0,1,outdoors,grass,59.0,6.0,00-0024264,00-0027974,Kellen Clemens,Colin Kaepernick,Jeff Fisher,Jim Harbaugh,Bill Vinovich,SFO00,Candlestick Park
2013_14_SEA_SF,2013,REG,14,2013-12-08,Sunday,16:25,SEA,17.0,SF,19.0,Home,2.0,36.0,0.0,2013120812,56042.0,,201312080sfo,2947.0,331208025,,6,7,118.0,-130.0,2.5,-102.0,-108.0,41.0,-107.0,-103.0,1,outdoors,grass,43.0,5.0,00-0029263,00-0027974,Russell Wilson,Colin Kaepernick,Pete Carroll,Jim Harbaugh,Clete Blakeman,SFO00,Candlestick Park
2013_15_SF_TB,2013,REG,15,2013-12-15,Sunday,13:00,SF,33.0,TB,14.0,Home,-19.0,47.0,0.0,2013121508,56054.0,,201312150tam,2959.0,331215027,,7,7,-219.0,196.0,-4.5,-107.0,-103.0,41.0,-101.0,-109.0,0,outdoors,grass,70.0,7.0,00-0027974,00-0030520,Colin Kaepernick,Mike Glennon,Jim Harbaugh,Greg Schiano,Scott Green,TAM00,Raymond James Stadium
2013_16_ATL_SF,2013,REG,16,2013-12-23,Monday,20:30,ATL,24.0,SF,34.0,Home,10.0,58.0,0.0,2013122300,56076.0,,201312230sfo,2981.0,331223025,,8,8,760.0,-1000.0,15.5,-104.0,-106.0,46.0,100.0,-110.0,0,outdoors,grass,60.0,0.0,00-0026143,00-0027974,Matt Ryan,Colin Kaepernick,Mike Smith,Jim Harbaugh,Walt Coleman,SFO00,Candlestick Park
2013_17_SF_ARI,2013,REG,17,2013-12-29,Sunday,16:25,SF,23.0,ARI,20.0,Home,-3.0,43.0,0.0,2013122912,56089.0,,201312290crd,2994.0,331229022,,6,7,144.0,-160.0,3.0,-105.0,-105.0,41.0,-108.0,-102.0,1,closed,grass,,,00-0027974,00-0021429,Colin Kaepernick,Carson Palmer,Jim Harbaugh,Bruce Arians,Walt Anderson,PHO00,University of Phoenix Stadium
2013_18_SF_GB,2013,WC,18,2014-01-05,Sunday,16:40,SF,23.0,GB,20.0,Home,-3.0,43.0,0.0,2014010501,56161.0,,201401050gnb,3001.0,340105009,,7,7,-170.0,153.0,-3.0,-127.0,115.0,46.5,-107.0,-103.0,0,outdoors,grass,5.0,10.0,00-0027974,00-0023459,Colin Kaepernick,Aaron Rodgers,Jim Harbaugh,Mike McCarthy,Ed Hochuli,GNB00,Lambeau Field
2013_19_SF_CAR,2013,DIV,19,2014-01-12,Sunday,13:05,SF,23.0,CAR,10.0,Home,-13.0,33.0,0.0,2014011200,56164.0,,201401120car,3004.0,340112029,,7,14,-103.0,-107.0,-0.0,-103.0,-107.0,41.0,-107.0,-103.0,0,outdoors,grass,54.0,8.0,00-0027974,00-0027939,Colin Kaepernick,Cam Newton,Jim Harbaugh,Ron Rivera,Carl Cheffers,CAR00,Bank of America Stadium
2013_20_SF_SEA,2013,CON,20,2014-01-19,Sunday,18:30,SF,17.0,SEA,23.0,Home,6.0,40.0,0.0,2014011901,56167.0,,201401190sea,3007.0,340119026,,7,8,182.0,-203.0,4.0,101.0,-111.0,40.0,-105.0,-105.0,1,outdoors,fieldturf,43.0,1.0,00-0027974,00-0029263,Colin Kaepernick,Russell Wilson,Jim Harbaugh,Pete Carroll,Gene Steratore,SEA00,CenturyLink Field
2014_01_SF_DAL,2014,REG,1,2014-09-07,Sunday,16:25,SF,28.0,DAL,17.0,Home,-11.0,45.0,0.0,2014090710,56181.0,,201409070dal,3085.0,400554269,,7,7,-154.0,139.0,-3.5,113.0,-125.0,49.0,100.0,-110.0,0,closed,matrixturf,,,00-0027974,00-0021678,Colin Kaepernick,Tony Romo,Jim Harbaugh,Jason Garrett,Terry McAulay,DAL00,AT&T Stadium
2014_02_CHI_SF,2014,REG,2,2014-09-14,Sunday,20:30,CHI,28.0,SF,20.0,Home,-8.0,48.0,0.0,2014091413,56200.0,,201409140sfo,3104.0,400554314,,7,7,264.0,-300.0,7.0,-113.0,102.0,47.0,-105.0,-105.0,0,outdoors,grass,78.0,10.0,00-0024226,00-0027974,Jay Cutler,Colin Kaepernick,Marc Trestman,Jim Harbaugh,Carl Cheffers,SFO01,Levi's Stadium
2014_03_SF_ARI,2014,REG,3,2014-09-21,Sunday,16:05,SF,14.0,ARI,23.0,Home,9.0,37.0,0.0,2014092110,56213.0,,201409210crd,3117.0,400554253,,7,7,-150.0,136.0,-3.0,106.0,-117.0,41.0,-102.0,-108.0,1,closed,grass,,,00-0027974,00-0025430,Colin Kaepernick,Drew Stanton,Jim Harbaugh,Bruce Arians,Gene Steratore,PHO00,University of Phoenix Stadium
2014_04_PHI_SF,2014,REG,4,2014-09-28,Sunday,16:25,PHI,21.0,SF,26.0,Home,5.0,47.0,0.0,2014092809,56228.0,,201409280sfo,3132.0,400554315,,7,7,186.0,-208.0,3.5,100.0,-110.0,48.5,-105.0,-105.0,0,outdoors,grass,72.0,4.0,00-0029567,00-0027974,Nick Foles,Colin Kaepernick,Chip Kelly,Jim Harbaugh,Ed Hochuli,SFO01,Levi's Stadium
2014_05_KC_SF,2014,REG,5,2014-10-05,Sunday,16:25,KC,17.0,SF,22.0,Home,5.0,39.0,0.0,2014100511,56243.0,,201410050sfo,3147.0,400554251,,6,7,181.0,-202.0,4.0,-102.0,-108.0,43.5,-105.0,-105.0,0,outdoors,grass,85.0,1.0,00-0023436,00-0027974,Alex Smith,Colin Kaepernick,Andy Reid,Jim Harbaugh,Walt Coleman,SFO01,Levi's Stadium
2014_06_SF_STL,2014,REG,6,2014-10-13,Monday,20:30,SF,31.0,STL,17.0,Home,-14.0,48.0,0.0,2014101300,56260.0,,201410130ram,3164.0,400554335,,8,8,-188.0,169.0,-3.5,103.0,-114.0,44.0,-110.0,100.0,1,dome,astroplay,,,00-0027974,00-0028957,Colin Kaepernick,Austin Davis,Jim Harbaugh,Jeff Fisher,Craig Wrolstad,STL00,Edward Jones Dome
2014_07_SF_DEN,2014,REG,7,2014-10-19,Sunday,20:30,SF,17.0,DEN,42.0,Home,25.0,59.0,0.0,2014101912,56274.0,,201410190den,3178.0,400554307,,6,7,264.0,-300.0,7.0,-110.0,100.0,48.0,-102.0,-108.0,0,outdoors,grass,67.0,4.0,00-0027974,00-0010346,Colin Kaepernick,Peyton Manning,Jim Harbaugh,John Fox,John Parry,DEN00,Sports Authority Field at Mile High
2014_09_STL_SF,2014,REG,9,2014-11-02,Sunday,16:05,STL,13.0,SF,10.0,Home,-3.0,23.0,0.0,2014110207,56299.0,,201411020sfo,3203.0,400554377,,7,14,446.0,-530.0,10.5,-106.0,-104.0,44.0,-102.0,-108.0,1,outdoors,grass,61.0,8.0,00-0028957,00-0027974,Austin Davis,Colin Kaepernick,Jeff Fisher,Jim Harbaugh,Jerome Boger,SFO01,Levi's Stadium
2014_10_SF_NO,2014,REG,10,2014-11-09,Sunday,13:00,SF,27.0,NO,24.0,Home,-3.0,51.0,1.0,2014110904,56309.0,,201411090nor,3213.0,400554362,,7,10,221.0,-248.0,6.0,100.0,-110.0,49.5,100.0,-110.0,0,dome,sportturf,,,00-0027974,00-0020531,Colin Kaepernick,Drew Brees,Jim Harbaugh,Sean Payton,Bill Vinovich,NOR00,Mercedes-Benz Superdome
2014_11_SF_NYG,2014,REG,11,2014-11-16,Sunday,13:00,SF,16.0,NYG,10.0,Home,-6.0,26.0,0.0,2014111606,56324.0,,201411160nyg,3228.0,400554387,,7,7,-190.0,171.0,-4.0,102.0,-112.0,45.0,102.0,-113.0,0,outdoors,fieldturf,42.0,0.0,00-0027974,00-0022803,Colin Kaepernick,Eli Manning,Jim Harbaugh,Tom Coughlin,Gene Steratore,NYC01,MetLife Stadium
2014_12_WAS_SF,2014,REG,12,2014-11-23,Sunday,16:25,WAS,13.0,SF,17.0,Home,4.0,30.0,0.0,2014112311,56343.0,,201411230sfo,3247.0,400554365,,7,7,361.0,-420.0,9.0,100.0,-110.0,44.0,-110.0,100.0,0,outdoors,grass,62.0,9.0,00-0029665,00-0027974,Robert Griffin,Colin Kaepernick,Jay Gruden,Jim Harbaugh,Walt Anderson,SFO01,Levi's Stadium
2014_13_SEA_SF,2014,REG,13,2014-11-27,Thursday,20:30,SEA,19.0,SF,3.0,Home,-16.0,22.0,0.0,2014112702,56348.0,,201411270sfo,3252.0,400554289,,4,4,103.0,-114.0,1.0,-103.0,-107.0,40.0,-106.0,-104.0,1,outdoors,grass,68.0,0.0,00-0029263,00-0027974,Russell Wilson,Colin Kaepernick,Pete Carroll,Jim Harbaugh,Tony Corrente,SFO01,Levi's Stadium
2014_14_SF_OAK,2014,REG,14,2014-12-07,Sunday,16:25,SF,13.0,OAK,24.0,Home,11.0,37.0,0.0,2014120711,56374.0,,201412070rai,3278.0,400554431,,10,7,-362.0,315.0,-8.0,-104.0,-106.0,40.0,-105.0,-105.0,0,outdoors,grass,63.0,0.0,00-0027974,00-0031280,Colin Kaepernick,Derek Carr,Jim Harbaugh,Tony Sparano,Terry McAulay,OAK00,O.co Coliseum
2014_15_SF_SEA,2014,REG,15,2014-12-14,Sunday,16:25,SF,7.0,SEA,17.0,Home,10.0,24.0,0.0,2014121412,56391.0,,201412140sea,3295.0,400554423,,7,7,369.0,-430.0,10.0,-120.0,109.0,38.0,-108.0,-102.0,1,outdoors,fieldturf,46.0,4.0,00-0027974,00-0029263,Colin Kaepernick,Russell Wilson,Jim Harbaugh,Pete Carroll,Ed Hochuli,SEA00,CenturyLink Field
2014_16_SD_SF,2014,REG,16,2014-12-20,Saturday,20:25,SD,38.0,SF,35.0,Home,-3.0,73.0,1.0,2014122001,56395.0,,201412200sfo,3299.0,400554361,,6,6,116.0,-128.0,2.0,100.0,-110.0,40.5,-102.0,-108.0,0,outdoors,grass,61.0,5.0,00-0022942,00-0027974,Philip Rivers,Colin Kaepernick,Mike McCoy,Jim Harbaugh,Jeff Triplette,SFO01,Levi's Stadium
2014_17_ARI_SF,2014,REG,17,2014-12-28,Sunday,16:25,ARI,17.0,SF,20.0,Home,3.0,37.0,0.0,2014122814,56424.0,,201412280sfo,3328.0,400554446,,7,8,220.0,-247.0,6.0,-110.0,100.0,38.0,-110.0,100.0,1,outdoors,grass,51.0,3.0,00-0029531,00-0027974,Ryan Lindley,Colin Kaepernick,Bruce Arians,Jim Harbaugh,Carl Cheffers,SFO01,Levi's Stadium
2015_01_MIN_SF,2015,REG,1,2015-09-14,Monday,22:20,MIN,3.0,SF,20.0,Home,17.0,23.0,0.0,2015091401,56518.0,,201509140sfo,3421.0,400791600,,7,7,-155.0,140.0,-2.5,-134.0,121.0,42.5,-113.0,102.0,0,outdoors,grass,70.0,5.0,00-0031237,00-0027974,Teddy Bridgewater,Colin Kaepernick,Mike Zimmer,Jim Tomsula,Ed Hochuli,SFO01,Levi's Stadium
2015_02_SF_PIT,2015,REG,2,2015-09-20,Sunday,13:00,SF,18.0,PIT,43.0,Home,25.0,61.0,0.0,2015092009,56528.0,,201509200pit,3429.0,400791630,,6,10,220.0,-247.0,6.0,-107.0,-103.0,46.0,-105.0,-105.0,0,outdoors,grass,66.0,10.0,00-0027974,00-0022924,Colin Kaepernick,Ben Roethlisberger,Jim Tomsula,Mike Tomlin,Craig Wrolstad,PIT00,Heinz Field
2015_03_SF_ARI,2015,REG,3,2015-09-27,Sunday,16:05,SF,7.0,ARI,47.0,Home,40.0,54.0,0.0,2015092710,56546.0,,201509270crd,3449.0,400791597,,7,7,265.0,-301.0,7.0,-109.0,-101.0,45.0,-102.0,-108.0,1,closed,grass,,,00-0027974,00-0021429,Colin Kaepernick,Carson Palmer,Jim Tomsula,Bruce Arians,Tony Corrente,PHO00,University of Phoenix Stadium
2015_04_GB_SF,2015,REG,4,2015-10-04,Sunday,16:25,GB,17.0,SF,3.0,Home,-14.0,20.0,0.0,2015100409,56563.0,,201510040sfo,3463.0,400791716,,6,7,-320.0,281.0,-7.5,102.0,-113.0,48.0,-103.0,-107.0,0,outdoors,grass,74.0,5.0,00-0023459,00-0027974,Aaron Rodgers,Colin Kaepernick,Mike McCarthy,Jim Tomsula,Terry McAulay,SFO01,Levi's Stadium
2015_05_SF_NYG,2015,REG,5,2015-10-11,Sunday,20:30,SF,27.0,NYG,30.0,Home,3.0,57.0,0.0,2015101111,56578.0,,201510110nyg,3481.0,400791584,,7,7,305.0,-350.0,7.5,-105.0,-105.0,43.5,-110.0,100.0,0,outdoors,fieldturf,61.0,4.0,00-0027974,00-0022803,Colin Kaepernick,Eli Manning,Jim Tomsula,Tom Coughlin,Walt Coleman,NYC01,MetLife Stadium
2015_06_BAL_SF,2015,REG,6,2015-10-18,Sunday,16:25,BAL,20.0,SF,25.0,Home,5.0,45.0,0.0,2015101810,56591.0,,201510180sfo,3493.0,400791670,,7,7,-139.0,126.0,-2.5,-116.0,105.0,43.5,-105.0,-105.0,0,outdoors,grass,69.0,7.0,00-0026158,00-0027974,Joe Flacco,Colin Kaepernick,John Harbaugh,Jim Tomsula,John Parry,SFO01,Levi's Stadium
2015_07_SEA_SF,2015,REG,7,2015-10-22,Thursday,20:25,SEA,20.0,SF,3.0,Home,-17.0,23.0,0.0,2015102200,56594.0,,201510220sfo,3497.0,400791503,,4,4,-270.0,239.0,-6.5,-107.0,-103.0,41.5,-103.0,-107.0,1,outdoors,grass,75.0,8.0,00-0029263,00-0027974,Russell Wilson,Colin Kaepernick,Pete Carroll,Jim Tomsula,Walt Anderson,SFO01,Levi's Stadium
2015_08_SF_STL,2015,REG,8,2015-11-01,Sunday,13:00,SF,6.0,STL,27.0,Home,21.0,33.0,0.0,2015110107,56617.0,,201511010ram,3514.0,400791613,,10,7,346.0,-400.0,8.0,100.0,-110.0,41.0,-104.0,-106.0,1,dome,astroplay,,,00-0027974,00-0029567,Colin Kaepernick,Nick Foles,Jim Tomsula,Jeff Fisher,Jerome Boger,STL00,Edward Jones Dome
2015_09_ATL_SF,2015,REG,9,2015-11-08,Sunday,16:05,ATL,16.0,SF,17.0,Home,1.0,33.0,0.0,2015110808,56630.0,,201511080sfo,3533.0,400791732,,7,7,-420.0,361.0,-9.5,-105.0,-105.0,43.5,100.0,-110.0,0,outdoors,grass,58.0,0.0,00-0026143,00-0027948,Matt Ryan,Blaine Gabbert,Dan Quinn,Jim Tomsula,Tony Corrente,SFO01,Levi's Stadium
2015_11_SF_SEA,2015,REG,11,2015-11-22,Sunday,16:25,SF,13.0,SEA,29.0,Home,16.0,42.0,0.0,2015112210,56660.0,,201511220sea,3562.0,400791713,,14,7,807.0,-1065.0,14.0,-108.0,-102.0,40.0,-113.0,102.0,1,outdoors,fieldturf,46.0,6.0,00-0027948,00-0029263,Blaine Gabbert,Russell Wilson,Jim Tomsula,Pete Carroll,Ed Hochuli,SEA00,CenturyLink Field
2015_12_ARI_SF,2015,REG,12,2015-11-29,Sunday,16:05,ARI,19.0,SF,13.0,Home,-6.0,32.0,0.0,2015112909,56675.0,,201511290sfo,3578.0,400791526,,7,7,-365.0,318.0,-7.5,-106.0,-104.0,45.0,-105.0,-105.0,1,outdoors,grass,54.0,4.0,00-0021429,00-0027948,Carson Palmer,Blaine Gabbert,Bruce Arians,Jim Tomsula,Peter Morelli,SFO01,Levi's Stadium
2015_13_SF_CHI,2015,REG,13,2015-12-06,Sunday,13:00,SF,26.0,CHI,20.0,Home,-6.0,46.0,1.0,2015120605,56681.0,,201512060chi,3587.0,400791647,,7,10,222.0,-250.0,6.0,-105.0,-105.0,43.0,-105.0,-105.0,0,outdoors,grass,50.0,5.0,00-0027948,00-0024226,Blaine Gabbert,Jay Cutler,Jim Tomsula,John Fox,Jerome Boger,CHI98,Soldier Field
2015_14_SF_CLE,2015,REG,14,2015-12-13,Sunday,13:00,SF,10.0,CLE,24.0,Home,14.0,34.0,0.0,2015121310,56699.0,,201512130cle,3609.0,400791530,,7,7,119.0,-131.0,2.5,-103.0,-107.0,43.0,-105.0,-105.0,0,outdoors,grass,63.0,11.0,00-0027948,00-0031409,Blaine Gabbert,Johnny Manziel,Jim Tomsula,Mike Pettine,John Hussey,CLE00,FirstEnergy Stadium
2015_15_CIN_SF,2015,REG,15,2015-12-20,Sunday,16:25,CIN,24.0,SF,14.0,Home,-10.0,38.0,0.0,2015122012,56725.0,,201512200sfo,3628.0,400791726,,7,7,-297.0,262.0,-7.0,103.0,-114.0,41.0,102.0,-112.0,0,outdoors,grass,52.0,14.0,00-0031288,00-0027948,A.J. McCarron,Blaine Gabbert,Marvin Lewis,Jim Tomsula,Ron Torbert,SFO01,Levi's Stadium
2015_16_SF_DET,2015,REG,16,2015-12-27,Sunday,13:00,SF,17.0,DET,32.0,Home,15.0,49.0,0.0,2015122705,56731.0,,201512270det,3639.0,400791531,,7,6,346.0,-400.0,8.5,104.0,-115.0,42.5,-109.0,-101.0,0,dome,fieldturf,,,00-0027948,00-0026498,Blaine Gabbert,Matthew Stafford,Jim Tomsula,Jim Caldwell,Bill Vinovich,DET00,Ford Field
2015_17_STL_SF,2015,REG,17,2016-01-03,Sunday,16:25,STL,16.0,SF,19.0,Home,3.0,35.0,1.0,2016010315,56758.0,,201601030sfo,3659.0,400791691,,7,7,-162.0,146.0,-3.0,-115.0,104.0,39.0,-110.0,100.0,1,outdoors,grass,53.0,6.0,00-0028986,00-0027948,Case Keenum,Blaine Gabbert,Jeff Fisher,Jim Tomsula,Walt Coleman,SFO01,Levi's Stadium
2016_01_LA_SF,2016,REG,1,2016-09-12,Monday,22:20,LA,0.0,SF,28.0,Home,28.0,28.0,0.0,2016091201,56916.0,,201609120sfo,4109.0,400874532,,7,7,-126.0,114.0,-2.5,-103.0,-107.0,44.0,-106.0,-104.0,1,outdoors,grass,66.0,17.0,00-0028986,00-0027948,Case Keenum,Blaine Gabbert,Jeff Fisher,Chip Kelly,Bill Vinovich,SFO01,Levi's Stadium
2016_02_SF_CAR,2016,REG,2,2016-09-18,Sunday,13:00,SF,27.0,CAR,46.0,Home,19.0,73.0,0.0,2016091800,56918.0,,201609180car,4118.0,400874535,,6,10,447.0,-550.0,12.0,-109.0,-101.0,44.5,-108.0,-102.0,0,outdoors,grass,82.0,4.0,00-0027948,00-0027939,Blaine Gabbert,Cam Newton,Chip Kelly,Ron Rivera,John Parry,CAR00,Bank of America Stadium
2016_03_SF_SEA,2016,REG,3,2016-09-25,Sunday,16:05,SF,18.0,SEA,37.0,Home,19.0,55.0,0.0,2016092508,56942.0,,201609250sea,4135.0,400874620,,7,7,391.0,-458.0,10.5,-109.0,-101.0,42.0,-104.0,-106.0,1,outdoors,fieldturf,66.0,6.0,00-0027948,00-0029263,Blaine Gabbert,Russell Wilson,Chip Kelly,Pete Carroll,Jeff Triplette,SEA00,CenturyLink Field
2016_04_DAL_SF,2016,REG,4,2016-10-02,Sunday,16:25,DAL,24.0,SF,17.0,Home,-7.0,41.0,0.0,2016100211,56961.0,,201610020sfo,4154.0,400874674,,7,7,-123.0,111.0,-1.0,-116.0,105.0,44.0,102.0,-113.0,0,outdoors,grass,68.0,10.0,00-0033077,00-0027948,Dak Prescott,Blaine Gabbert,Jason Garrett,Chip Kelly,Terry McAulay,SFO01,Levi's Stadium
2016_05_ARI_SF,2016,REG,5,2016-10-06,Thursday,20:25,ARI,33.0,SF,21.0,Home,-12.0,54.0,0.0,2016100600,56964.0,,201610060sfo,4157.0,400874483,,4,4,-188.0,169.0,-3.5,-106.0,-104.0,42.5,-110.0,-100.0,1,outdoors,grass,75.0,16.0,00-0025430,00-0027948,Drew Stanton,Blaine Gabbert,Bruce Arians,Chip Kelly,Carl Cheffers,SFO01,Levi's Stadium
2016_06_SF_BUF,2016,REG,6,2016-10-16,Sunday,13:00,SF,16.0,BUF,45.0,Home,29.0,61.0,0.0,2016101600,56979.0,,201610160buf,4172.0,400874698,,10,7,269.0,-305.0,7.5,-113.0,102.0,44.0,102.0,-112.0,0,outdoors,a_turf,72.0,22.0,00-0027974,00-0028118,Colin Kaepernick,Tyrod Taylor,Chip Kelly,Rex Ryan,Gene Steratore,BUF00,New Era Field
2016_07_TB_SF,2016,REG,7,2016-10-23,Sunday,16:05,TB,34.0,SF,17.0,Home,-17.0,51.0,0.0,2016102310,57004.0,,201610230sfo,4186.0,400874503,,13,7,104.0,-115.0,1.0,-103.0,-107.0,45.0,-104.0,-106.0,0,outdoors,grass,68.0,5.0,00-0031503,00-0027974,Jameis Winston,Colin Kaepernick,Dirk Koetter,Chip Kelly,Peter Morelli,SFO01,Levi's Stadium
2016_09_NO_SF,2016,REG,9,2016-11-06,Sunday,16:05,NO,41.0,SF,23.0,Home,-18.0,64.0,0.0,2016110608,57029.0,,201611060sfo,4222.0,400874597,,7,14,-212.0,190.0,-5.0,-103.0,-107.0,53.0,102.0,-112.0,0,outdoors,grass,70.0,0.0,00-0020531,00-0027974,Drew Brees,Colin Kaepernick,Sean Payton,Chip Kelly,Jerome Boger,SFO01,Levi's Stadium
2016_10_SF_ARI,2016,REG,10,2016-11-13,Sunday,16:25,SF,20.0,ARI,23.0,Home,3.0,43.0,0.0,2016111310,57044.0,,201611130crd,4237.0,400874542,,7,14,671.0,-850.0,14.0,-105.0,-105.0,46.5,-110.0,-100.0,1,closed,grass,,,00-0027974,00-0021429,Colin Kaepernick,Carson Palmer,Chip Kelly,Bruce Arians,Brad Allen,PHO00,University of Phoenix Stadium
2016_11_NE_SF,2016,REG,11,2016-11-20,Sunday,16:25,NE,30.0,SF,17.0,Home,-13.0,47.0,0.0,2016112009,57058.0,,201611200sfo,4252.0,400874700,,7,7,-500.0,423.0,-10.5,-100.0,-110.0,51.5,-107.0,-103.0,0,outdoors,grass,64.0,6.0,00-0019596,00-0027974,Tom Brady,Colin Kaepernick,Bill Belichick,Chip Kelly,Jeff Triplette,SFO01,Levi's Stadium
2016_12_SF_MIA,2016,REG,12,2016-11-27,Sunday,13:00,SF,24.0,MIA,31.0,Home,7.0,55.0,0.0,2016112706,57071.0,,201611270mia,4264.0,400874654,,7,7,273.0,-310.0,7.0,-105.0,-105.0,44.5,-111.0,101.0,0,outdoors,grass,79.0,13.0,00-0027974,00-0029701,Colin Kaepernick,Ryan Tannehill,Chip Kelly,Adam Gase,Ron Torbert,MIA00,Hard Rock Stadium
2016_13_SF_CHI,2016,REG,13,2016-12-04,Sunday,13:00,SF,6.0,CHI,26.0,Home,20.0,32.0,0.0,2016120402,57081.0,,201612040chi,4274.0,400874723,,7,7,-118.0,107.0,-0.0,-113.0,102.0,44.0,-102.0,-108.0,0,outdoors,grass,33.0,5.0,00-0027974,00-0030533,Colin Kaepernick,Matt Barkley,Chip Kelly,John Fox,Peter Morelli,CHI98,Soldier Field
2016_14_NYJ_SF,2016,REG,14,2016-12-11,Sunday,16:05,NYJ,23.0,SF,17.0,Home,-6.0,40.0,1.0,2016121110,57104.0,,201612110sfo,4297.0,400874621,,6,7,132.0,-146.0,3.0,-117.0,106.0,42.5,-116.0,105.0,0,outdoors,grass,54.0,8.0,00-0031568,00-0027974,Bryce Petty,Colin Kaepernick,Todd Bowles,Chip Kelly,Craig Wrolstad,SFO01,Levi's Stadium
2016_15_SF_ATL,2016,REG,15,2016-12-18,Sunday,16:05,SF,13.0,ATL,41.0,Home,28.0,54.0,0.0,2016121809,57120.0,,201612180atl,4309.0,400874710,,7,7,704.0,-900.0,13.5,-100.0,-110.0,51.5,-110.0,-100.0,0,dome,fieldturf,,,00-0027974,00-0026143,Colin Kaepernick,Matt Ryan,Chip Kelly,Dan Quinn,Gene Steratore,ATL00,Georgia Dome
2016_16_SF_LA,2016,REG,16,2016-12-24,Saturday,16:25,SF,22.0,LA,21.0,Home,-1.0,43.0,0.0,2016122409,57135.0,,201612240ram,4328.0,400874575,,6,9,225.0,-253.0,6.0,102.0,-113.0,39.5,-105.0,-105.0,1,outdoors,grass,59.0,6.0,00-0027974,00-0033106,Colin Kaepernick,Jared Goff,Chip Kelly,Jeff Fisher,Walt Anderson,LAX99,Los Angeles Memorial Coliseum
2016_17_SEA_SF,2016,REG,17,2017-01-01,Sunday,16:25,SEA,25.0,SF,23.0,Home,-2.0,48.0,0.0,2017010115,57156.0,,201701010sfo,4349.0,400874699,,8,8,-500.0,423.0,-11.5,102.0,-113.0,44.5,-123.0,111.0,1,outdoors,grass,54.0,5.0,00-0029263,00-0027974,Russell Wilson,Colin Kaepernick,Pete Carroll,Chip Kelly,Tony Corrente,SFO01,Levi's Stadium
2017_01_CAR_SF,2017,REG,1,2017-09-10,Sunday,16:25,CAR,23.0,SF,3.0,Home,-20.0,26.0,0.0,2017091011,57246.0,,201709100sfo,7933.0,400951605,,7,7,-225.0,201.0,-4.5,-107.0,-103.0,45.5,103.0,-114.0,0,outdoors,grass,87.0,8.0,00-0027939,00-0026625,Cam Newton,Brian Hoyer,Ron Rivera,Kyle Shanahan,Clete Blakeman,SFO01,Levi's Stadium
2017_02_SF_SEA,2017,REG,2,2017-09-17,Sunday,16:25,SF,9.0,SEA,12.0,Home,3.0,21.0,0.0,2017091712,57263.0,,201709170sea,7950.0,400951676,,7,7,638.0,-800.0,13.5,-110.0,-100.0,42.0,106.0,-117.0,1,outdoors,fieldturf,65.0,12.0,00-0026625,00-0029263,Brian Hoyer,Russell Wilson,Kyle Shanahan,Pete Carroll,Bill Vinovich,SEA00,CenturyLink Field
2017_03_LA_SF,2017,REG,3,2017-09-21,Thursday,20:25,LA,41.0,SF,39.0,Home,-2.0,80.0,0.0,2017092100,57266.0,,201709210sfo,7954.0,400951568,,4,4,-140.0,127.0,-3.0,106.0,-117.0,40.5,-109.0,-101.0,1,outdoors,grass,68.0,13.0,00-0033106,00-0026625,Jared Goff,Brian Hoyer,Sean McVay,Kyle Shanahan,Jeff Triplette,SFO01,Levi's Stadium
2017_04_SF_ARI,2017,REG,4,2017-10-01,Sunday,16:05,SF,15.0,ARI,18.0,Home,3.0,33.0,1.0,2017100109,57292.0,,201710010crd,7982.0,400951735,,10,6,235.0,-265.0,6.5,-104.0,-106.0,43.0,-109.0,-101.0,1,closed,grass,,,00-0026625,00-0021429,Brian Hoyer,Carson Palmer,Kyle Shanahan,Bruce Arians,Tony Corrente,PHO00,University of Phoenix Stadium
2017_05_SF_IND,2017,REG,5,2017-10-08,Sunday,13:00,SF,23.0,IND,26.0,Home,3.0,49.0,1.0,2017100803,57302.0,,201710080clt,7993.0,400951562,,7,7,-104.0,-106.0,-1.0,102.0,-113.0,43.5,-103.0,-107.0,0,closed,fieldturf,,,00-0026625,00-0033119,Brian Hoyer,Jacoby Brissett,Kyle Shanahan,Chuck Pagano,Walt Coleman,IND00,Lucas Oil Stadium
2017_06_SF_WAS,2017,REG,6,2017-10-15,Sunday,13:00,SF,24.0,WAS,26.0,Home,2.0,50.0,0.0,2017101506,57319.0,,201710150was,8007.0,400951767,,7,13,408.0,-480.0,12.0,-119.0,108.0,46.0,-105.0,-105.0,0,outdoors,grass,68.0,4.0,00-0026625,00-0029604,Brian Hoyer,Kirk Cousins,Kyle Shanahan,Jay Gruden,John Parry,WAS00,FedExField
2017_07_DAL_SF,2017,REG,7,2017-10-22,Sunday,16:05,DAL,40.0,SF,10.0,Home,-30.0,50.0,0.0,2017102209,57336.0,,201710220sfo,8024.0,400951619,,14,7,-265.0,235.0,-6.5,-103.0,-107.0,48.0,-103.0,-107.0,0,outdoors,grass,68.0,10.0,00-0033077,00-0033936,Dak Prescott,C.J. Beathard,Jason Garrett,Kyle Shanahan,Ron Torbert,SFO01,Levi's Stadium
2017_08_SF_PHI,2017,REG,8,2017-10-29,Sunday,13:00,SF,10.0,PHI,33.0,Home,23.0,43.0,0.0,2017102906,57348.0,,201710290phi,8037.0,400951723,,7,6,604.0,-750.0,13.0,-100.0,-110.0,45.0,-101.0,-109.0,0,outdoors,grass,67.0,12.0,00-0033936,00-0032950,C.J. Beathard,Carson Wentz,Kyle Shanahan,Doug Pederson,Clete Blakeman,PHI00,Lincoln Financial Field
2017_09_ARI_SF,2017,REG,9,2017-11-05,Sunday,16:05,ARI,20.0,SF,10.0,Home,-10.0,30.0,0.0,2017110507,57362.0,,201711050sfo,8050.0,400951763,,14,7,-130.0,118.0,-2.5,-102.0,-108.0,39.0,-104.0,-106.0,1,outdoors,grass,61.0,8.0,00-0025430,00-0033936,Drew Stanton,C.J. Beathard,Bruce Arians,Kyle Shanahan,Craig Wrolstad,SFO01,Levi's Stadium
2017_10_NYG_SF,2017,REG,10,2017-11-12,Sunday,16:25,NYG,21.0,SF,31.0,Home,10.0,52.0,0.0,2017111210,57378.0,,201711120sfo,8066.0,400951688,,7,7,-162.0,146.0,-3.0,-113.0,102.0,41.5,106.0,-117.0,0,outdoors,grass,68.0,5.0,00-0022803,00-0033936,Eli Manning,C.J. Beathard,Ben McAdoo,Kyle Shanahan,Jerome Boger,SFO01,Levi's Stadium
2017_12_SEA_SF,2017,REG,12,2017-11-26,Sunday,16:05,SEA,24.0,SF,13.0,Home,-11.0,37.0,0.0,2017112608,57405.0,,201711260sfo,8093.0,400951618,,6,14,-285.0,252.0,-7.0,106.0,-117.0,45.0,-107.0,-103.0,1,outdoors,grass,66.0,12.0,00-0029263,00-0033936,Russell Wilson,C.J. Beathard,Pete Carroll,Kyle Shanahan,Peter Morelli,SFO01,Levi's Stadium
2017_13_SF_CHI,2017,REG,13,2017-12-03,Sunday,13:00,SF,15.0,CHI,14.0,Home,-1.0,29.0,0.0,2017120303,57414.0,,201712030chi,8107.0,400951707,,7,7,125.0,-138.0,2.5,103.0,-114.0,42.0,-107.0,-103.0,0,outdoors,grass,54.0,6.0,00-0031345,00-0033869,Jimmy Garoppolo,Mitch Trubisky,Kyle Shanahan,John Fox,Ed Hochuli,CHI98,Soldier Field
2017_14_SF_HOU,2017,REG,14,2017-12-10,Sunday,13:00,SF,26.0,HOU,16.0,Home,-10.0,42.0,0.0,2017121004,57431.0,,201712100htx,8121.0,400951649,,7,7,111.0,-123.0,1.0,104.0,-115.0,45.5,-101.0,-109.0,0,closed,astroturf,,,00-0031345,00-0031064,Jimmy Garoppolo,Tom Savage,Kyle Shanahan,Bill O'Brien,John Hussey,HOU00,NRG Stadium
2017_15_TEN_SF,2017,REG,15,2017-12-17,Sunday,16:25,TEN,23.0,SF,25.0,Home,2.0,48.0,0.0,2017121710,57455.0,,201712170sfo,8143.0,400951813,,7,7,111.0,-123.0,2.5,-113.0,102.0,44.5,-102.0,-108.0,0,outdoors,grass,65.0,17.0,00-0032268,00-0031345,Marcus Mariota,Jimmy Garoppolo,Mike Mularkey,Kyle Shanahan,John Parry,SFO01,Levi's Stadium
2017_16_JAX_SF,2017,REG,16,2017-12-24,Sunday,16:05,JAX,33.0,SF,44.0,Home,11.0,77.0,0.0,2017122409,57469.0,,201712240sfo,8157.0,400951675,,7,7,-208.0,186.0,-4.0,-102.0,-108.0,43.0,-104.0,-106.0,0,outdoors,grass,52.0,0.0,00-0031407,00-0031345,Blake Bortles,Jimmy Garoppolo,Doug Marrone,Kyle Shanahan,Jeff Triplette,SFO01,Levi's Stadium
2017_17_SF_LA,2017,REG,17,2017-12-31,Sunday,16:25,SF,34.0,LA,13.0,Home,-21.0,47.0,0.0,2017123114,57488.0,,201712310ram,8177.0,400951792,,7,7,-278.0,241.0,-6.5,-113.0,102.0,44.5,100.0,-110.0,1,outdoors,grass,67.0,3.0,00-0031345,00-0032245,Jimmy Garoppolo,Sean Mannion,Kyle Shanahan,Sean McVay,Terry McAulay,LAX99,Los Angeles Memorial Coliseum
2018_01_SF_MIN,2018,REG,1,2018-09-09,Sunday,13:00,SF,16.0,MIN,24.0,Home,8.0,40.0,0.0,2018090904,57572.0,,201809090min,9342.0,401030715,,7,7,238.0,-268.0,6.0,-102.0,-108.0,46.5,-106.0,-104.0,0,dome,sportturf,,,00-0031345,00-0029604,Jimmy Garoppolo,Kirk Cousins,Kyle Shanahan,Mike Zimmer,Clay Martin,MIN01,U.S. Bank Stadium
2018_02_DET_SF,2018,REG,2,2018-09-16,Sunday,16:05,DET,27.0,SF,30.0,Home,3.0,57.0,0.0,2018091610,57594.0,,201809160sfo,9365.0,401030730,,6,7,210.0,-235.0,6.0,-111.0,101.0,48.5,-105.0,-105.0,0,outdoors,grass,73.0,12.0,00-0026498,00-0031345,Matthew Stafford,Jimmy Garoppolo,Matt Patricia,Kyle Shanahan,Shawn Hochuli,SFO01,Levi's Stadium
2018_03_SF_KC,2018,REG,3,2018-09-23,Sunday,13:00,SF,27.0,KC,38.0,Home,11.0,65.0,0.0,2018092305,57605.0,,201809230kan,9375.0,401030795,,7,7,222.0,-250.0,6.0,-103.0,-108.0,53.0,-105.0,-105.0,0,outdoors,grass,70.0,4.0,00-0031345,00-0033873,Jimmy Garoppolo,Patrick Mahomes,Kyle Shanahan,Andy Reid,Tony Corrente,KAN00,Arrowhead Stadium
2018_04_SF_LAC,2018,REG,4,2018-09-30,Sunday,16:25,SF,27.0,LAC,29.0,Home,2.0,56.0,0.0,2018093010,57626.0,,201809300sdg,9398.0,401030932,,7,7,368.0,-428.0,10.0,-118.0,106.0,46.0,-112.0,101.0,0,outdoors,grass,78.0,9.0,00-0033936,00-0022942,C.J. Beathard,Philip Rivers,Kyle Shanahan,Anthony Lynn,Ron Torbert,LAX97,StubHub Center
2018_05_ARI_SF,2018,REG,5,2018-10-07,Sunday,16:25,ARI,28.0,SF,18.0,Home,-10.0,46.0,0.0,2018100710,57641.0,,201810070sfo,9413.0,401030797,,7,7,146.0,-161.0,3.0,-103.0,-108.0,40.5,106.0,-118.0,1,outdoors,grass,79.0,15.0,00-0034343,00-0033936,Josh Rosen,C.J. Beathard,Steve Wilks,Kyle Shanahan,Shawn Smith,SFO01,Levi's Stadium
2018_06_SF_GB,2018,REG,6,2018-10-15,Monday,20:15,SF,30.0,GB,33.0,Home,3.0,63.0,0.0,2018101500,57659.0,,201810150gnb,9430.0,401030783,,8,8,361.0,-420.0,9.0,-108.0,-103.0,46.5,102.0,-114.0,0,outdoors,grass,37.0,5.0,00-0033936,00-0023459,C.J. Beathard,Aaron Rodgers,Kyle Shanahan,Mike McCarthy,John Parry,GNB00,Lambeau Field
2018_07_LA_SF,2018,REG,7,2018-10-21,Sunday,16:25,LA,39.0,SF,10.0,Home,-29.0,49.0,0.0,2018102111,57672.0,,201810210sfo,9443.0,401030838,,7,6,-390.0,338.0,-8.0,-110.0,-101.0,52.0,-103.0,-108.0,1,outdoors,grass,62.0,5.0,00-0033106,00-0033936,Jared Goff,C.J. Beathard,Sean McVay,Kyle Shanahan,Walt Anderson,SFO01,Levi's Stadium
2018_08_SF_ARI,2018,REG,8,2018-10-28,Sunday,16:25,SF,15.0,ARI,18.0,Home,3.0,33.0,0.0,2018102809,57684.0,,201810280crd,9455.0,401030772,,7,10,-138.0,125.0,-2.5,-116.0,104.0,40.0,-103.0,-108.0,1,closed,grass,,,00-0033936,00-0034343,C.J. Beathard,Josh Rosen,Kyle Shanahan,Steve Wilks,Brad Allen,PHO00,State Farm Stadium
2018_09_OAK_SF,2018,REG,9,2018-11-01,Thursday,20:20,OAK,3.0,SF,34.0,Home,31.0,37.0,0.0,2018110100,57688.0,,201811010sfo,9459.0,401030767,,4,4,-117.0,106.0,-1.5,-103.0,-108.0,44.0,100.0,-111.0,0,outdoors,grass,82.0,8.0,00-0031280,00-0033319,Derek Carr,Nick Mullens,Jon Gruden,Kyle Shanahan,Carl Cheffers,SFO01,Levi's Stadium
2018_10_NYG_SF,2018,REG,10,2018-11-12,Monday,20:15,NYG,27.0,SF,23.0,Home,-4.0,50.0,0.0,2018111200,57714.0,,201811120sfo,9485.0,401030873,,15,11,161.0,-179.0,3.0,110.0,-123.0,45.0,-103.0,-108.0,0,outdoors,grass,62.0,0.0,00-0022803,00-0033319,Eli Manning,Nick Mullens,Pat Shurmur,Kyle Shanahan,Shawn Hochuli,SFO01,Levi's Stadium
2018_12_SF_TB,2018,REG,12,2018-11-25,Sunday,13:00,SF,9.0,TB,27.0,Home,18.0,36.0,0.0,2018112507,57738.0,,201811250tam,9509.0,401030902,,13,7,115.0,-127.0,1.5,-101.0,-110.0,54.5,107.0,-120.0,0,outdoors,grass,77.0,7.0,00-0033319,00-0031503,Nick Mullens,Jameis Winston,Kyle Shanahan,Dirk Koetter,John Parry,TAM00,Raymond James Stadium
2018_13_SF_SEA,2018,REG,13,2018-12-02,Sunday,16:25,SF,16.0,SEA,43.0,Home,27.0,59.0,0.0,2018120213,57757.0,,201812020sea,9528.0,401030958,,7,7,411.0,-500.0,10.0,-114.0,102.0,45.5,-103.0,-108.0,1,outdoors,fieldturf,45.0,2.0,00-0033319,00-0029263,Nick Mullens,Russell Wilson,Kyle Shanahan,Pete Carroll,Clete Blakeman,SEA00,CenturyLink Field
2018_14_DEN_SF,2018,REG,14,2018-12-09,Sunday,16:05,DEN,14.0,SF,20.0,Home,6.0,34.0,0.0,2018120910,57770.0,,201812090sfo,9541.0,401030827,,7,7,-164.0,148.0,-3.0,-112.0,101.0,45.5,-101.0,-110.0,0,outdoors,grass,54.0,3.0,00-0028986,00-0033319,Case Keenum,Nick Mullens,Vance Joseph,Kyle Shanahan,Shawn Smith,SFO01,Levi's Stadium
2018_15_SEA_SF,2018,REG,15,2018-12-16,Sunday,16:05,SEA,23.0,SF,26.0,Home,3.0,49.0,1.0,2018121609,57787.0,,201812160sfo,9558.0,401030950,,6,7,-207.0,186.0,-3.5,-112.0,101.0,44.0,103.0,-115.0,1,outdoors,grass,61.0,11.0,00-0029263,00-0033319,Russell Wilson,Nick Mullens,Pete Carroll,Kyle Shanahan,Peter Morelli,SFO01,Levi's Stadium
2018_16_CHI_SF,2018,REG,16,2018-12-23,Sunday,16:05,CHI,14.0,SF,9.0,Home,-5.0,23.0,0.0,2018122312,57803.0,,201812230sfo,9574.0,401030901,,7,7,-190.0,171.0,-3.5,-103.0,-108.0,44.0,108.0,-121.0,0,outdoors,grass,50.0,5.0,00-0033869,00-0033319,Mitch Trubisky,Nick Mullens,Matt Nagy,Kyle Shanahan,Alex Kemp,SFO01,Levi's Stadium
2018_17_SF_LA,2018,REG,17,2018-12-30,Sunday,16:25,SF,32.0,LA,48.0,Home,16.0,80.0,0.0,2018123014,57821.0,,201812300ram,9592.0,401030850,,7,7,385.0,-450.0,10.5,-101.0,-110.0,50.5,-110.0,-101.0,1,outdoors,grass,65.0,3.0,00-0033319,00-0033106,Nick Mullens,Jared Goff,Kyle Shanahan,Sean McVay,Jerome Boger,LAX99,Los Angeles Memorial Coliseum
2019_01_SF_TB,2019,REG,1,2019-09-08,Sunday,16:25,SF,31.0,TB,17.0,Home,-14.0,48.0,0.0,2019090811,57912.0,,201909080tam,13774.0,401128010,5070.0,7,7,-102.0,-108.0,1.0,-106.0,-104.0,51.0,-100.0,-110.0,0,outdoors,grass,93.0,9.0,00-0031345,00-0031503,Jimmy Garoppolo,Jameis Winston,Kyle Shanahan,Bruce Arians,Alex Kemp,TAM00,Raymond James Stadium
2019_02_SF_CIN,2019,REG,2,2019-09-15,Sunday,13:00,SF,41.0,CIN,17.0,Home,-24.0,58.0,0.0,2019091501,57918.0,,201909150cin,13779.0,401128066,5083.0,7,7,-103.0,-107.0,1.0,-111.0,100.0,46.0,-113.0,101.0,0,outdoors,grass,81.0,5.0,00-0031345,00-0027973,Jimmy Garoppolo,Andy Dalton,Kyle Shanahan,Zac Taylor,Tony Corrente,CIN00,Paul Brown Stadium
2019_03_PIT_SF,2019,REG,3,2019-09-22,Sunday,16:25,PIT,20.0,SF,24.0,Home,4.0,44.0,0.0,2019092212,57945.0,,201909220sfo,13806.0,401127998,5103.0,7,7,239.0,-276.0,6.0,-104.0,-107.0,44.5,-103.0,-108.0,0,outdoors,grass,79.0,3.0,00-0034771,00-0031345,Mason Rudolph,Jimmy Garoppolo,Mike Tomlin,Kyle Shanahan,Scott Novak,SFO01,Levi's Stadium
2019_05_CLE_SF,2019,REG,5,2019-10-07,Monday,20:15,CLE,3.0,SF,31.0,Home,28.0,34.0,0.0,2019100700,57977.0,,201910070sfo,13839.0,401128062,5135.0,8,15,199.0,-226.0,5.0,101.0,-111.0,47.5,-111.0,-100.0,0,outdoors,grass,87.0,8.0,00-0034855,00-0031345,Baker Mayfield,Jimmy Garoppolo,Freddie Kitchens,Kyle Shanahan,Jerome Boger,SFO01,Levi's Stadium
2019_06_SF_LA,2019,REG,6,2019-10-13,Sunday,16:05,SF,20.0,LA,7.0,Home,-13.0,27.0,0.0,2019101308,57987.0,,201910130ram,13848.0,401128128,5145.0,6,10,133.0,-148.0,3.0,-110.0,-100.0,49.5,-111.0,-100.0,1,outdoors,grass,77.0,2.0,00-0031345,00-0033106,Jimmy Garoppolo,Jared Goff,Kyle Shanahan,Sean McVay,Bill Vinovich,LAX99,Los Angeles Memorial Coliseum
2019_07_SF_WAS,2019,REG,7,2019-10-20,Sunday,13:00,SF,9.0,WAS,0.0,Home,-9.0,9.0,0.0,2019102007,58000.0,,201910200was,13862.0,401127977,5158.0,7,7,-424.0,350.0,-10.0,-104.0,-106.0,39.0,-100.0,-111.0,0,outdoors,grass,55.0,12.0,00-0031345,00-0028986,Jimmy Garoppolo,Case Keenum,Kyle Shanahan,Bill Callahan,Clete Blakeman,WAS00,FedExField
2019_08_CAR_SF,2019,REG,8,2019-10-27,Sunday,16:05,CAR,13.0,SF,51.0,Home,38.0,64.0,0.0,2019102709,58016.0,,201910270sfo,13878.0,401128050,5174.0,14,7,184.0,-208.0,4.5,-112.0,102.0,41.0,103.0,-114.0,0,outdoors,grass,66.0,19.0,00-0034577,00-0031345,Cam Newton,Jimmy Garoppolo,Ron Rivera,Kyle Shanahan,Shawn Smith,SFO01,Levi's Stadium
2019_09_SF_ARI,2019,REG,9,2019-10-31,Thursday,20:20,SF,28.0,ARI,25.0,Home,-3.0,53.0,0.0,2019103100,58021.0,,201910310crd,13883.0,401127908,5179.0,4,4,-445.0,365.0,-10.5,100.0,-111.0,43.5,103.0,-115.0,1,closed,grass,,,00-0031345,00-0035228,Jimmy Garoppolo,Kyler Murray,Kyle Shanahan,Kliff Kingsbury,Bradley Rogers,PHO00,State Farm Stadium
2019_10_SEA_SF,2019,REG,10,2019-11-11,Monday,20:15,SEA,27.0,SF,24.0,Home,-3.0,51.0,1.0,2019111100,58047.0,,201911110sfo,13909.0,401127992,5205.0,8,11,233.0,-268.0,6.5,-104.0,-106.0,47.0,-104.0,-107.0,1,outdoors,grass,77.0,3.0,00-0029263,00-0031345,Russell Wilson,Jimmy Garoppolo,Pete Carroll,Kyle Shanahan,Alex Kemp,SFO01,Levi's Stadium
2019_11_ARI_SF,2019,REG,11,2019-11-17,Sunday,16:05,ARI,26.0,SF,36.0,Home,10.0,62.0,0.0,2019111708,58057.0,,201911170sfo,13919.0,401128089,5215.0,7,6,353.0,-429.0,10.0,-113.0,103.0,44.0,-114.0,103.0,1,outdoors,grass,72.0,0.0,00-0035228,00-0031345,Kyler Murray,Jimmy Garoppolo,Kliff Kingsbury,Kyle Shanahan,Walt Anderson,SFO01,Levi's Stadium
2019_12_GB_SF,2019,REG,12,2019-11-24,Sunday,20:20,GB,8.0,SF,37.0,Home,29.0,45.0,0.0,2019112410,58073.0,,201911240sfo,13935.0,401128004,5231.0,14,7,156.0,-175.0,3.0,111.0,-122.0,48.0,-102.0,-109.0,0,outdoors,grass,63.0,7.0,00-0023459,00-0031345,Aaron Rodgers,Jimmy Garoppolo,Matt LaFleur,Kyle Shanahan,Carl Cheffers,SFO01,Levi's Stadium
2019_13_SF_BAL,2019,REG,13,2019-12-01,Sunday,13:00,SF,17.0,BAL,20.0,Home,3.0,37.0,0.0,2019120100,58079.0,,201912010rav,13948.0,401128027,5241.0,7,6,212.0,-242.0,5.5,-100.0,-110.0,45.0,-103.0,-108.0,0,outdoors,grass,40.0,13.0,00-0031345,00-0034796,Jimmy Garoppolo,Lamar Jackson,Kyle Shanahan,John Harbaugh,Brad Allen,BAL00,M&T Bank Stadium
2019_14_SF_NO,2019,REG,14,2019-12-08,Sunday,13:00,SF,48.0,NO,46.0,Home,-2.0,94.0,0.0,2019120806,58099.0,,201912080nor,13960.0,401127964,5258.0,7,10,105.0,-116.0,1.0,-101.0,-109.0,45.0,-107.0,-104.0,0,dome,astroturf,,,00-0031345,00-0020531,Jimmy Garoppolo,Drew Brees,Kyle Shanahan,Sean Payton,John Hussey,NOR00,Mercedes-Benz Superdome
2019_15_ATL_SF,2019,REG,15,2019-12-15,Sunday,16:25,ATL,29.0,SF,22.0,Home,-7.0,51.0,0.0,2019121512,58121.0,,201912150sfo,13983.0,401128108,5278.0,7,7,376.0,-460.0,10.5,-117.0,106.0,50.0,-103.0,-108.0,0,outdoors,grass,55.0,6.0,00-0026143,00-0031345,Matt Ryan,Jimmy Garoppolo,Dan Quinn,Kyle Shanahan,Craig Wrolstad,SFO01,Levi's Stadium
2019_16_LA_SF,2019,REG,16,2019-12-21,Saturday,20:15,LA,31.0,SF,34.0,Home,3.0,65.0,0.0,2019122102,58127.0,,201912210sfo,13989.0,401127900,5289.0,7,7,274.0,-320.0,7.0,100.0,-110.0,45.5,-110.0,-101.0,1,outdoors,grass,58.0,12.0,00-0033106,00-0031345,Jared Goff,Jimmy Garoppolo,Sean McVay,Kyle Shanahan,Clete Blakeman,SFO01,Levi's Stadium
2019_17_SF_SEA,2019,REG,17,2019-12-29,Sunday,20:20,SF,26.0,SEA,21.0,Home,-5.0,47.0,0.0,2019122915,58155.0,,201912290sea,14017.0,401128040,5313.0,7,7,-177.0,159.0,-3.5,101.0,-112.0,47.0,-102.0,-109.0,1,outdoors,fieldturf,51.0,3.0,00-0031345,00-0029263,Jimmy Garoppolo,Russell Wilson,Kyle Shanahan,Pete Carroll,Tony Corrente,SEA00,CenturyLink Field
2019_19_MIN_SF,2019,DIV,19,2020-01-11,Saturday,16:35,MIN,10.0,SF,27.0,Home,17.0,37.0,0.0,2020011100,58160.0,,202001110sfo,16807.0,401131040,5318.0,6,13,276.0,-323.0,7.0,-100.0,-110.0,44.5,-105.0,-106.0,0,outdoors,grass,56.0,11.0,00-0029604,00-0031345,Kirk Cousins,Jimmy Garoppolo,Mike Zimmer,Kyle Shanahan,Walt Anderson,SFO01,Levi's Stadium
2019_20_GB_SF,2019,CON,20,2020-01-19,Sunday,18:40,GB,20.0,SF,37.0,Home,17.0,57.0,0.0,2020011901,58165.0,,202001190sfo,16810.0,401131045,5323.0,7,8,315.0,-375.0,8.0,-107.0,-103.0,46.5,-105.0,-106.0,0,outdoors,grass,58.0,5.0,00-0023459,00-0031345,Aaron Rodgers,Jimmy Garoppolo,Matt LaFleur,Kyle Shanahan,John Hussey,SFO01,Levi's Stadium
2019_21_SF_KC,2019,SB,21,2020-02-02,Sunday,18:30,SF,20.0,KC,31.0,Neutral,11.0,51.0,0.0,2020020200,58166.0,,202002020kan,16813.0,401131047,5324.0,14,14,113.0,-125.0,1.5,-101.0,-109.0,52.5,-101.0,-110.0,0,outdoors,grass,,,00-0031345,00-0033873,Jimmy Garoppolo,Patrick Mahomes,Kyle Shanahan,Andy Reid,Bill Vinovich,MIA00,Hard Rock Stadium
2020_01_ARI_SF,2020,REG,1,2020-09-13,Sunday,16:25,ARI,24.0,SF,20.0,Home,-4.0,44.0,0.0,2020091311,58180.0,,202009130sfo,18544.0,401220352,5336.0,7,7,242.0,-280.0,7.0,-123.0,111.0,48.5,106.0,-118.0,1,outdoors,grass,66.0,6.0,00-0035228,00-0031345,Kyler Murray,Jimmy Garoppolo,Kliff Kingsbury,Kyle Shanahan,Carl Cheffers,SFO01,Levi's Stadium
2020_02_SF_NYJ,2020,REG,2,2020-09-20,Sunday,13:00,SF,31.0,NYJ,13.0,Home,-18.0,44.0,0.0,2020092005,58190.0,,202009200nyj,18554.0,401220144,5351.0,7,7,-301.0,259.0,-7.0,101.0,-111.0,41.5,-108.0,-103.0,0,outdoors,fieldturf,61.0,7.0,00-0031345,00-0034869,Jimmy Garoppolo,Sam Darnold,Kyle Shanahan,Adam Gase,Ronald Torbert,NYC01,MetLife Stadium
2020_03_SF_NYG,2020,REG,3,2020-09-27,Sunday,13:00,SF,36.0,NYG,9.0,Home,-27.0,45.0,0.0,2020092705,58206.0,,202009270nyg,18570.0,401220254,5363.0,7,7,-149.0,134.0,-3.0,-101.0,-109.0,44.0,-111.0,-100.0,0,outdoors,fieldturf,75.0,2.0,00-0033319,00-0035710,Nick Mullens,Daniel Jones,Kyle Shanahan,Joe Judge,Clay Martin,NYC01,MetLife Stadium
2020_04_PHI_SF,2020,REG,4,2020-10-04,Sunday,20:20,PHI,25.0,SF,20.0,Home,-5.0,45.0,0.0,2020100413,58230.0,,202010040sfo,18594.0,401220355,5387.0,7,7,273.0,-320.0,8.5,-116.0,105.0,45.5,-108.0,-103.0,0,outdoors,grass,84.0,12.0,00-0032950,00-0033319,Carson Wentz,Nick Mullens,Doug Pederson,Kyle Shanahan,Bill Vinovich,SFO01,Levi's Stadium
2020_05_MIA_SF,2020,REG,5,2020-10-11,Sunday,16:05,MIA,43.0,SF,17.0,Home,-26.0,60.0,0.0,2020101109,58242.0,,202010110sfo,18606.0,401220358,5399.0,7,7,301.0,-357.0,8.5,-119.0,108.0,50.5,-110.0,-101.0,0,outdoors,grass,73.0,6.0,00-0023682,00-0031345,Ryan Fitzpatrick,Jimmy Garoppolo,Brian Flores,Kyle Shanahan,Land Clark,SFO01,Levi's Stadium
2020_06_LA_SF,2020,REG,6,2020-10-18,Sunday,20:20,LA,16.0,SF,24.0,Home,8.0,40.0,0.0,2020101811,58259.0,,202010180sfo,18622.0,401220353,5416.0,7,7,-124.0,112.0,-2.0,-103.0,-107.0,51.0,-102.0,-110.0,1,outdoors,grass,86.0,10.0,00-0033106,00-0031345,Jared Goff,Jimmy Garoppolo,Sean McVay,Kyle Shanahan,Carl Cheffers,SFO01,Levi's Stadium
2020_07_SF_NE,2020,REG,7,2020-10-25,Sunday,16:25,SF,33.0,NE,6.0,Home,-27.0,39.0,0.0,2020102510,58272.0,,202010250nwe,18636.0,401220136,5429.0,7,7,150.0,-167.0,3.0,102.0,-113.0,44.0,-113.0,101.0,0,outdoors,grass,49.0,7.0,00-0031345,00-0027939,Jimmy Garoppolo,Cam Newton,Kyle Shanahan,Bill Belichick,Shawn Smith,BOS00,Gillette Stadium
2020_08_SF_SEA,2020,REG,8,2020-11-01,Sunday,16:25,SF,27.0,SEA,37.0,Home,10.0,64.0,0.0,2020110109,58285.0,,202011010sea,18649.0,401220361,5442.0,7,7,-100.0,-110.0,1.0,-108.0,-102.0,54.5,-103.0,-108.0,1,outdoors,fieldturf,55.0,4.0,00-0031345,00-0029263,Jimmy Garoppolo,Russell Wilson,Kyle Shanahan,Pete Carroll,Craig Wrolstad,SEA00,CenturyLink Field
2020_09_GB_SF,2020,REG,9,2020-11-05,Thursday,20:20,GB,34.0,SF,17.0,Home,-17.0,51.0,0.0,2020110500,58288.0,,202011050sfo,18652.0,401220359,5445.0,4,4,-246.0,215.0,-6.0,100.0,-110.0,48.5,-113.0,101.0,0,outdoors,grass,78.0,5.0,00-0023459,00-0033319,Aaron Rodgers,Nick Mullens,Matt LaFleur,Kyle Shanahan,Bill Vinovich,SFO01,Levi's Stadium
2020_10_SF_NO,2020,REG,10,2020-11-15,Sunday,16:25,SF,13.0,NO,27.0,Home,14.0,40.0,0.0,2020111510,58313.0,,202011150nor,18677.0,401220327,5469.0,10,7,323.0,-387.0,9.5,-110.0,-101.0,49.5,-106.0,-105.0,0,dome,astroturf,,,00-0033319,00-0020531,Nick Mullens,Drew Brees,Kyle Shanahan,Sean Payton,Brad Rogers,NOR00,Mercedes-Benz Superdome
2020_12_SF_LA,2020,REG,12,2020-11-29,Sunday,16:05,SF,23.0,LA,20.0,Home,-3.0,43.0,0.0,2020112909,58341.0,,202011290ram,18705.0,401220345,5498.0,14,6,190.0,-215.0,5.0,-112.0,101.0,44.5,-101.0,-110.0,1,dome,matrixturf,,,00-0033319,00-0033106,Nick Mullens,Jared Goff,Kyle Shanahan,Sean McVay,Scott Novak,LAX01,SoFi Stadium
2020_13_BUF_SF,2020,REG,13,2020-12-07,Monday,20:15,BUF,34.0,SF,24.0,Neutral,-10.0,58.0,0.0,2020120700,58359.0,,202012070sfo,18723.0,401220357,5516.0,8,8,110.0,-122.0,1.5,-103.0,-107.0,48.0,-103.0,-108.0,0,closed,grass,,,00-0034857,00-0033319,Josh Allen,Nick Mullens,Sean McDermott,Kyle Shanahan,Tony Corrente,PHO00,State Farm Stadium
2020_14_WAS_SF,2020,REG,14,2020-12-13,Sunday,16:25,WAS,23.0,SF,15.0,Neutral,-8.0,38.0,0.0,2020121312,58373.0,,202012130sfo,18737.0,401220356,5530.0,6,6,134.0,-149.0,3.0,-111.0,101.0,43.5,-104.0,-107.0,0,closed,grass,,,00-0023436,00-0033319,Alex Smith,Nick Mullens,Ron Rivera,Kyle Shanahan,Carl Cheffers,PHO00,State Farm Stadium
2020_15_SF_DAL,2020,REG,15,2020-12-20,Sunday,13:00,SF,33.0,DAL,41.0,Home,8.0,74.0,0.0,2020122013,58390.0,,202012200dal,18754.0,401220246,5547.0,7,7,-202.0,180.0,-4.0,-106.0,-104.0,46.0,-106.0,-105.0,0,closed,fieldturf,,,00-0033319,00-0027973,Nick Mullens,Andy Dalton,Kyle Shanahan,Mike McCarthy,Land Clark,DAL00,AT&T Stadium
2020_16_SF_ARI,2020,REG,16,2020-12-26,Saturday,16:30,SF,20.0,ARI,12.0,Home,-8.0,32.0,0.0,2020122601,58393.0,,202012260crd,18757.0,401220337,5559.0,6,6,242.0,-280.0,6.0,-108.0,-102.0,49.0,-104.0,-107.0,1,closed,grass,,,00-0033936,00-0035228,C.J. Beathard,Kyler Murray,Kyle Shanahan,Kliff Kingsbury,Clete Blakeman,PHO00,State Farm Stadium
2020_17_SEA_SF,2020,REG,17,2021-01-03,Sunday,16:25,SEA,26.0,SF,23.0,Neutral,-3.0,49.0,0.0,2021010315,58423.0,,202101030sfo,18787.0,401220354,5580.0,7,8,-310.0,266.0,-7.0,101.0,-112.0,45.0,-113.0,102.0,1,closed,grass,,,00-0029263,00-0033936,Russell Wilson,C.J. Beathard,Pete Carroll,Kyle Shanahan,Tony Corrente,PHO00,State Farm Stadium
2021_01_SF_DET,2021,REG,1,2021-09-12,Sunday,13:00,SF,41.0,DET,33.0,Home,-8.0,74.0,0.0,2021091204,58508.0,10160000-0585-08b2-196f-5fa85a77a226,202109120det,19613.0,401326317,5601.0,7,7,-415.0,344.0,-9.5,-105.0,-105.0,46.0,-103.0,-108.0,0,dome,fieldturf,,,00-0031345,00-0033106,Jimmy Garoppolo,Jared Goff,Kyle Shanahan,Dan Campbell,Brad Rogers,DET00,Ford Field
2021_02_SF_PHI,2021,REG,2,2021-09-19,Sunday,13:00,SF,17.0,PHI,11.0,Home,-6.0,28.0,0.0,2021091907,58527.0,10160000-0585-2755-bf00-5e03f6c3e401,202109190phi,19633.0,401326355,5618.0,7,7,-144.0,130.0,-3.0,104.0,-115.0,49.0,-109.0,-102.0,0,outdoors,grass ,76.0,13.0,00-0031345,00-0036389,Jimmy Garoppolo,Jalen Hurts,Kyle Shanahan,Nick Sirianni,Brad Allen,PHI00,Lincoln Financial Field
2021_03_GB_SF,2021,REG,3,2021-09-26,Sunday,20:20,GB,30.0,SF,28.0,Home,-2.0,58.0,0.0,2021092613,58549.0,10160000-0585-49b2-72a4-c8f22da773d9,202109260sfo,19654.0,401326377,5640.0,6,7,160.0,-179.0,3.5,-113.0,103.0,50.5,-103.0,-108.0,0,outdoors,grass,69.0,15.0,00-0023459,00-0031345,Aaron Rodgers,Jimmy Garoppolo,Matt LaFleur,Kyle Shanahan,Jerome Boger,SFO01,Levi's Stadium
2021_04_SEA_SF,2021,REG,4,2021-10-03,Sunday,16:05,SEA,28.0,SF,21.0,Home,-7.0,49.0,0.0,2021100310,58562.0,10160000-0585-6237-81cc-5e69aee46bf0,202110030sfo,19670.0,401326390,5653.0,7,7,120.0,-133.0,2.5,-103.0,-107.0,52.0,-108.0,-103.0,1,outdoors,grass,80.0,0.0,00-0029263,00-0031345,Russell Wilson,Jimmy Garoppolo,Pete Carroll,Kyle Shanahan,Carl Cheffers,SFO01,Levi's Stadium
2021_05_SF_ARI,2021,REG,5,2021-10-10,Sunday,16:25,SF,10.0,ARI,17.0,Home,7.0,27.0,0.0,2021101011,58579.0,10160000-0585-79d7-2064-6dc3dc3a807e,202110100crd,19683.0,401326406,5669.0,7,7,231.0,-266.0,6.0,-110.0,-100.0,48.5,-105.0,-106.0,1,closed,grass ,,,00-0037012,00-0035228,Trey Lance,Kyler Murray,Kyle Shanahan,Kliff Kingsbury,Clay Martin,PHO00,State Farm Stadium
2021_07_IND_SF,2021,REG,7,2021-10-24,Sunday,20:20,IND,30.0,SF,18.0,Home,-12.0,48.0,0.0,2021102410,58608.0,10160000-0586-085b-44b3-5bc73b9079cb,202110240sfo,19713.0,401326434,5699.0,7,14,152.0,-169.0,3.5,-117.0,106.0,41.5,-102.0,-110.0,0,outdoors,grass,64.0,16.0,00-0032950,00-0031345,Carson Wentz,Jimmy Garoppolo,Frank Reich,Kyle Shanahan,Craig Wrolstad,SFO01,Levi's Stadium
2021_08_SF_CHI,2021,REG,8,2021-10-31,Sunday,13:00,SF,33.0,CHI,22.0,Home,-11.0,55.0,0.0,2021103102,58613.0,10160000-0586-1317-2bd2-dc5ec65ec74a,202110310chi,19718.0,401326439,5704.0,7,7,-210.0,186.0,-4.5,-103.0,-107.0,40.0,102.0,-114.0,0,outdoors,grass ,53.0,12.0,00-0031345,00-0036945,Jimmy Garoppolo,Justin Fields,Kyle Shanahan,Matt Nagy,Land Clark,CHI98,Soldier Field
2021_09_ARI_SF,2021,REG,9,2021-11-07,Sunday,16:25,ARI,31.0,SF,17.0,Home,-14.0,48.0,0.0,2021110710,58636.0,10160000-0586-3612-1a90-45db9784b8ab,202111070sfo,19741.0,401326462,5726.0,10,7,207.0,-235.0,5.5,-105.0,-105.0,44.5,-109.0,-102.0,1,outdoors,grass,57.0,8.0,00-0027688,00-0031345,Colt McCoy,Jimmy Garoppolo,Kliff Kingsbury,Kyle Shanahan,Brad Allen,SFO01,Levi's Stadium
2021_10_LA_SF,2021,REG,10,2021-11-15,Monday,20:15,LA,10.0,SF,31.0,Home,21.0,41.0,0.0,2021111500,58652.0,10160000-0586-5217-2a0e-c090ab5807aa,202111150sfo,19756.0,401326478,5743.0,8,8,-177.0,158.0,-3.5,-100.0,-110.0,50.0,-110.0,-102.0,1,outdoors,grass,59.0,0.0,00-0026498,00-0031345,Matthew Stafford,Jimmy Garoppolo,Sean McVay,Kyle Shanahan,Shawn Smith,SFO01,Levi's Stadium
2021_11_SF_JAX,2021,REG,11,2021-11-21,Sunday,13:00,SF,30.0,JAX,10.0,Home,-20.0,40.0,0.0,2021112104,58658.0,10160000-0586-5884-70ae-81f990dd7759,202111210jax,19762.0,401326484,5745.0,6,7,-281.0,243.0,-6.5,-106.0,-104.0,45.0,-103.0,-108.0,0,outdoors,grass ,68.0,17.0,00-0031345,00-0036971,Jimmy Garoppolo,Trevor Lawrence,Kyle Shanahan,Urban Meyer,Ron Torbert,JAX00,TIAA Bank Stadium
2021_12_MIN_SF,2021,REG,12,2021-11-28,Sunday,16:25,MIN,26.0,SF,34.0,Home,8.0,60.0,0.0,2021112809,58680.0,10160000-0586-8063-7abc-663d2a391fe5,202111280sfo,19784.0,401326506,5770.0,7,7,164.0,-183.0,3.5,-108.0,-102.0,49.0,-101.0,-110.0,0,outdoors,grass,68.0,7.0,00-0029604,00-0031345,Kirk Cousins,Jimmy Garoppolo,Mike Zimmer,Kyle Shanahan,Brad Rogers,SFO01,Levi's Stadium
2021_13_SF_SEA,2021,REG,13,2021-12-05,Sunday,16:25,SF,23.0,SEA,30.0,Home,7.0,53.0,0.0,2021120511,58695.0,10160000-0586-95ac-c594-656339eb7281,202112050sea,19799.0,401326521,5785.0,7,6,-138.0,125.0,-3.0,108.0,-120.0,44.5,-103.0,-108.0,1,outdoors,fieldturf,41.0,4.0,00-0031345,00-0029263,Jimmy Garoppolo,Russell Wilson,Kyle Shanahan,Pete Carroll,Alex Kemp,SEA00,Lumen Field
2021_14_SF_CIN,2021,REG,14,2021-12-12,Sunday,16:25,SF,26.0,CIN,23.0,Home,-3.0,49.0,1.0,2021121201,58699.0,10160000-0586-99a8-dc3e-2a5706f728e6,202112120cin,19803.0,401326525,5799.0,7,7,-130.0,117.0,-2.5,-103.0,-108.0,49.0,-103.0,-108.0,0,outdoors,fieldturf,48.0,9.0,00-0031345,00-0036442,Jimmy Garoppolo,Joe Burrow,Kyle Shanahan,Zac Taylor,Craig Wrolstad,CIN00,Paul Brown Stadium
2021_15_ATL_SF,2021,REG,15,2021-12-19,Sunday,16:05,ATL,13.0,SF,31.0,Home,18.0,44.0,0.0,2021121911,58723.0,10160000-0587-2335-f722-abf160161b04,202112190sfo,19828.0,401326549,5810.0,7,7,319.0,-380.0,9.5,-114.0,102.0,48.0,-106.0,-105.0,0,outdoors,grass,46.0,0.0,00-0026143,00-0031345,Matt Ryan,Jimmy Garoppolo,Arthur Smith,Kyle Shanahan,Clay Martin,SFO01,Levi's Stadium
2021_16_SF_TEN,2021,REG,16,2021-12-23,Thursday,20:20,SF,17.0,TEN,20.0,Home,3.0,37.0,0.0,2021122300,58727.0,10160000-0587-2774-292b-4559b3fea716,202112230oti,19832.0,401326553,5818.0,4,4,-171.0,154.0,-3.5,108.0,-120.0,45.5,-116.0,104.0,0,outdoors,grass,48.0,7.0,00-0031345,00-0029701,Jimmy Garoppolo,Ryan Tannehill,Kyle Shanahan,Mike Vrabel,Shawn Hochuli,NAS00,Nissan Stadium
2021_17_HOU_SF,2021,REG,17,2022-01-02,Sunday,16:05,HOU,7.0,SF,23.0,Home,16.0,30.0,0.0,2022010211,58754.0,10160000-0587-543f-c0e7-21b8cc45b1a7,202201020sfo,19859.0,401326580,5844.0,7,10,463.0,-602.0,14.0,-113.0,101.0,44.0,-102.0,-109.0,0,outdoors,grass,50.0,6.0,00-0036898,00-0037012,Davis Mills,Trey Lance,David Culley,Kyle Shanahan,Carl Cheffers,SFO01,Levi's Stadium
2021_18_SF_LA,2021,REG,18,2022-01-09,Sunday,16:25,SF,27.0,LA,24.0,Home,-3.0,51.0,1.0,2022010914,58773.0,10160000-0587-738e-2b05-95daf03cb563,202201090ram,19879.0,401326599,5864.0,7,7,150.0,-170.0,3.0,-105.0,-115.0,46.5,-115.0,-105.0,1,dome,matrixturf,,,00-0031345,00-0026498,Jimmy Garoppolo,Matthew Stafford,Kyle Shanahan,Sean McVay,Jerome Boger,LAX01,SoFi Stadium
2021_19_SF_DAL,2021,WC,19,2022-01-16,Sunday,16:30,SF,23.0,DAL,17.0,Home,-6.0,40.0,0.0,2022011601,58827.0,,202201160dal,21526.0,401326629,5869.0,7,8,144.0,-162.0,3.0,100.0,-112.0,51.0,-111.0,100.0,0,closed,matrixturf,,,00-0031345,00-0033077,Jimmy Garoppolo,Dak Prescott,Kyle Shanahan,Mike McCarthy,Alex Kemp,DAL00,AT&T Stadium
2021_20_SF_GB,2021,DIV,20,2022-01-22,Saturday,20:15,SF,13.0,GB,10.0,Home,-3.0,23.0,0.0,2022012201,58831.0,,202201220gnb,21530.0,401326631,5873.0,6,13,228.0,-261.0,5.5,102.0,-114.0,47.0,-104.0,-107.0,0,outdoors,grass,15.0,12.0,00-0031345,00-0023459,Jimmy Garoppolo,Aaron Rodgers,Kyle Shanahan,Matt LaFleur,Ron Torbert,GNB00,Lambeau Field
2021_21_SF_LA,2021,CON,21,2022-01-30,Sunday,18:30,SF,17.0,LA,20.0,Home,3.0,37.0,0.0,2022013001,58835.0,,202201300ram,21535.0,401326636,5877.0,8,7,155.0,-180.0,3.5,-110.0,-110.0,45.5,-105.0,-115.0,1,dome,matrixturf,,,00-0031345,00-0026498,Jimmy Garoppolo,Matthew Stafford,Kyle Shanahan,Sean McVay,Carl Cheffers,LAX01,SoFi Stadium
2022_01_SF_CHI,2022,REG,1,2022-09-11,Sunday,13:00,SF,10.0,CHI,19.0,Home,9.0,29.0,0.0,2022091102,58841.0,,202209110chi,,401437647,5882.0,7,7,-248.0,217.0,-6.5,100.0,-111.0,38.0,-103.0,-109.0,0,outdoors,grass,,,00-0037012,00-0036945,Trey Lance,Justin Fields,Kyle Shanahan,Matt Eberflus,Clay Martin,CHI98,Soldier Field
2022_02_SEA_SF,2022,REG,2,2022-09-18,Sunday,16:05,SEA,7.0,SF,27.0,Home,20.0,34.0,0.0,2022091808,58863.0,,202209180sfo,,401437605,5904.0,6,7,318.0,-379.0,8.5,-113.0,102.0,40.0,-112.0,-100.0,1,outdoors,grass,,,00-0030565,00-0037012,Geno Smith,Trey Lance,Pete Carroll,Kyle Shanahan,Brad Rogers,SFO01,Levi's Stadium
2022_03_SF_DEN,2022,REG,3,2022-09-25,Sunday,20:20,SF,10.0,DEN,11.0,Home,1.0,21.0,0.0,2022092513,58884.0,,202209250den,,401437746,5925.0,7,7,-110.0,-101.0,-1.0,-102.0,-108.0,44.0,101.0,-114.0,0,outdoors,grass,,,00-0031345,00-0029263,Jimmy Garoppolo,Russell Wilson,Kyle Shanahan,Nathaniel Hackett,Shawn Hochuli,DEN00,Empower Field at Mile High
2022_04_LA_SF,2022,REG,4,2022-10-03,Monday,20:15,LA,9.0,SF,24.0,Home,15.0,33.0,0.0,2022100300,58901.0,,202210030sfo,,401437761,5942.0,8,8,112.0,-124.0,1.0,106.0,-116.0,42.0,-109.0,-103.0,1,outdoors,grass,,,00-0026498,00-0031345,Matthew Stafford,Jimmy Garoppolo,Sean McVay,Kyle Shanahan,Brad Allen,SFO01,Levi's Stadium
2022_05_SF_CAR,2022,REG,5,2022-10-09,Sunday,16:05,SF,37.0,CAR,15.0,Home,-22.0,52.0,0.0,2022100910,58913.0,,202210090car,,401437772,5954.0,6,7,-234.0,206.0,-6.0,-102.0,-109.0,40.0,-104.0,-108.0,0,outdoors,grass,,,00-0031345,00-0034855,Jimmy Garoppolo,Baker Mayfield,Kyle Shanahan,Matt Rhule,Shawn Smith,CAR00,Bank of America Stadium
2022_06_SF_ATL,2022,REG,6,2022-10-16,Sunday,13:00,SF,14.0,ATL,28.0,Home,14.0,42.0,0.0,2022101600,58919.0,,202210160atl,,401437778,5960.0,7,7,-185.0,166.0,-3.5,-100.0,-110.0,46.0,-109.0,-103.0,0,open,fieldturf,,,00-0031345,00-0032268,Jimmy Garoppolo,Marcus Mariota,Kyle Shanahan,Arthur Smith,Carl Cheffers,ATL97,Mercedes-Benz Stadium
2022_07_KC_SF,2022,REG,7,2022-10-23,Sunday,16:25,KC,44.0,SF,23.0,Home,-21.0,67.0,0.0,2022102310,58943.0,,202210230sfo,,401437802,5984.0,7,7,-106.0,-104.0,-1.0,102.0,-112.0,49.0,-114.0,101.0,0,outdoors,,,,00-0033873,00-0031345,Patrick Mahomes,Jimmy Garoppolo,Andy Reid,Kyle Shanahan,Alex Kemp,SFO01,Levi's Stadium
2022_08_SF_LA,2022,REG,8,2022-10-30,Sunday,16:25,SF,31.0,LA,14.0,Home,-17.0,45.0,0.0,2022103010,58957.0,,202210300ram,,401437815,5998.0,7,14,-104.0,-106.0,-1.0,103.0,-114.0,42.0,-103.0,-109.0,1,dome,matrixturf,,,00-0031345,00-0026498,Jimmy Garoppolo,Matthew Stafford,Kyle Shanahan,Sean McVay,John Hussey,LAX01,SoFi Stadium
2022_10_LAC_SF,2022,REG,10,2022-11-13,Sunday,20:20,LAC,16.0,SF,22.0,Home,6.0,38.0,0.0,2022111311,58986.0,,202211130sfo,,401437842,6027.0,7,14,302.0,-357.0,8.5,-105.0,-105.0,45.5,101.0,-113.0,0,outdoors,grass,57.0,6.0,00-0036355,00-0031345,Justin Herbert,Jimmy Garoppolo,Brandon Staley,Kyle Shanahan,Shawn Smith,SFO01,Levi's Stadium
2022_11_SF_ARI,2022,REG,11,2022-11-21,Monday,20:15,SF,38.0,ARI,10.0,Neutral,-28.0,48.0,0.0,2022112100,59001.0,,202211210crd,,401435642,6042.0,8,8,-422.0,350.0,-10.0,103.0,-113.0,43.5,-114.0,101.0,1,outdoors,,,,00-0031345,00-0027688,Jimmy Garoppolo,Colt McCoy,Kyle Shanahan,Kliff Kingsbury,Craig Wrolstad,MEX00,Azteca Stadium
2022_12_NO_SF,2022,REG,12,2022-11-27,Sunday,16:25,NO,0.0,SF,13.0,Home,13.0,13.0,0.0,2022112710,59015.0,,202211270sfo,,401437870,6056.0,7,6,327.0,-392.0,9.5,-113.0,103.0,44.0,-116.0,103.0,0,outdoors,grass,59.0,2.0,00-0027973,00-0031345,Andy Dalton,Jimmy Garoppolo,Dennis Allen,Kyle Shanahan,Shawn Hochuli,SFO01,Levi's Stadium
2022_13_MIA_SF,2022,REG,13,2022-12-04,Sunday,16:05,MIA,17.0,SF,33.0,Home,16.0,50.0,0.0,2022120409,59028.0,,202212040sfo,,401437883,6069.0,7,7,196.0,-222.0,4.5,101.0,-111.0,46.0,-110.0,-102.0,0,outdoors,grass,38.0,6.0,00-0036212,00-0031345,Tua Tagovailoa,Jimmy Garoppolo,Mike McDaniel,Kyle Shanahan,Tra Blake,SFO01,Levi's Stadium
2022_14_TB_SF,2022,REG,14,2022-12-11,Sunday,16:25,TB,7.0,SF,35.0,Home,28.0,42.0,0.0,2022121109,59043.0,,202212110sfo,,401437897,6084.0,6,7,175.0,-196.0,3.5,-107.0,-103.0,38.0,104.0,-117.0,0,outdoors,grass,54.0,8.0,00-0019596,00-0037834,Tom Brady,Brock Purdy,Todd Bowles,Kyle Shanahan,Brad Allen,SFO01,Levi's Stadium
2022_15_SF_SEA,2022,REG,15,2022-12-15,Thursday,20:15,SF,21.0,SEA,13.0,Home,-8.0,34.0,0.0,2022121500,59046.0,,202212150sea,,401437901,6087.0,4,4,-169.0,152.0,-3.0,-115.0,104.0,43.0,-109.0,-103.0,1,outdoors,fieldturf,,,00-0037834,00-0030565,Brock Purdy,Geno Smith,Kyle Shanahan,Pete Carroll,Alex Kemp,SEA00,Lumen Field
2022_16_WAS_SF,2022,REG,16,2022-12-24,Saturday,16:05,WAS,20.0,SF,37.0,Home,17.0,57.0,0.0,2022122408,59071.0,,202212240sfo,,401437926,6112.0,6,9,241.0,-279.0,6.5,-107.0,-103.0,37.5,-114.0,102.0,0,outdoors,grass,54.0,2.0,00-0031800,00-0037834,Taylor Heinicke,Brock Purdy,Ron Rivera,Kyle Shanahan,Jerome Boger,SFO01,Levi's Stadium
2022_17_SF_LV,2022,REG,17,2023-01-01,Sunday,16:05,SF,37.0,LV,34.0,Home,-3.0,71.0,1.0,2023010110,59089.0,,202301010rai,,401437943,6130.0,8,8,-453.0,371.0,-10.0,-103.0,-107.0,41.5,-107.0,-105.0,0,dome,grass,,,00-0037834,00-0035264,Brock Purdy,Jarrett Stidham,Kyle Shanahan,Josh McDaniels,Clay Martin,VEG00,Allegiant Stadium
2022_18_ARI_SF,2022,REG,18,2023-01-08,Sunday,16:25,ARI,13.0,SF,38.0,Home,25.0,51.0,0.0,2023010815,59109.0,,202301080sfo,,401437962,6150.0,7,7,753.0,-1061.0,14.0,100.0,-111.0,40.0,-107.0,-105.0,1,outdoors,grass,57.0,2.0,00-0035040,00-0037834,David Blough,Brock Purdy,Kliff Kingsbury,Kyle Shanahan,Adrian Hill,SFO01,Levi's Stadium
2022_19_SEA_SF,2022,WC,19,2023-01-14,Saturday,16:30,SEA,23.0,SF,41.0,Home,18.0,64.0,0.0,2023011400,59159.0,,202301140sfo,,401438000,6151.0,6,6,367.0,-447.0,10.0,-123.0,112.0,42.0,-102.0,-110.0,1,outdoors,grass,57.0,11.0,00-0030565,00-0037834,Geno Smith,Brock Purdy,Pete Carroll,Kyle Shanahan,Alex Kemp,SFO01,Levi's Stadium
2022_20_DAL_SF,2022,DIV,20,2023-01-22,Sunday,18:30,DAL,12.0,SF,19.0,Home,7.0,31.0,0.0,2023012201,59168.0,,202301220sfo,,401438006,6160.0,6,8,164.0,-183.0,3.5,-107.0,-103.0,46.5,-105.0,-107.0,0,outdoors,grass,55.0,19.0,00-0033077,00-0037834,Dak Prescott,Brock Purdy,Mike McCarthy,Kyle Shanahan,Bill Vinovich,SFO01,Levi's Stadium
2022_21_SF_PHI,2022,CON,21,2023-01-29,Sunday,15:00,SF,7.0,PHI,31.0,Home,24.0,38.0,0.0,2023012900,59169.0,,202301290phi,,401438009,6161.0,7,8,133.0,-147.0,2.5,105.0,-116.0,45.0,-114.0,101.0,0,outdoors,grass,52.0,14.0,00-0037834,00-0036389,Brock Purdy,Jalen Hurts,Kyle Shanahan,Nick Sirianni,John Hussey,PHI00,Lincoln Financial Field
2023_01_SF_PIT,2023,REG,1,2023-09-10,Sunday,13:00,SF,30.0,PIT,7.0,Home,-23.0,37.0,0.0,2023091006,59180.0,,202309100pit,,401547405,,7,7,-120.0,100.0,-1.5,-108.0,-112.0,41.5,-110.0,-110.0,0,outdoors,,,,00-0037834,00-0038102,Brock Purdy,Kenny Pickett,Kyle Shanahan,Mike Tomlin,Alex Kemp,PIT00,Acrisure Stadium
2023_02_SF_LA,2023,REG,2,2023-09-17,Sunday,16:05,SF,30.0,LA,23.0,Home,-7.0,53.0,0.0,2023091709,59199.0,,202309170ram,,401547422,,7,7,-340.0,270.0,-7.5,-105.0,-115.0,45.0,-110.0,-110.0,1,dome,,,,00-0037834,00-0026498,Brock Purdy,Matthew Stafford,Kyle Shanahan,Sean McVay,Brad Allen,LAX01,SoFi Stadium
2023_03_NYG_SF,2023,REG,3,2023-09-21,Thursday,20:15,NYG,12.0,SF,30.0,Home,18.0,42.0,0.0,2023092100,59205.0,,202309210sfo,,401547426,,4,4,400.0,-535.0,10.5,-105.0,-115.0,43.5,-108.0,-112.0,0,outdoors,grass,77.0,13.0,00-0035710,00-0037834,Daniel Jones,Brock Purdy,Brian Daboll,Kyle Shanahan,Shawn Hochuli,SFO01,Levi's Stadium
2023_04_ARI_SF,2023,REG,4,2023-10-01,Sunday,16:25,ARI,16.0,SF,35.0,Home,19.0,51.0,0.0,2023100112,59234.0,,202310010sfo,,401547454,,7,10,700.0,-1100.0,15.0,-108.0,-112.0,44.0,-105.0,-115.0,1,outdoors,grass,75.0,9.0,00-0033949,00-0037834,Joshua Dobbs,Brock Purdy,Jonathan Gannon,Kyle Shanahan,Clete Blakeman,SFO01,Levi's Stadium
2023_05_DAL_SF,2023,REG,5,2023-10-08,Sunday,20:20,DAL,10.0,SF,42.0,Home,32.0,52.0,0.0,2023100811,59249.0,,202310080sfo,,401547354,,7,7,150.0,-180.0,3.5,-115.0,-105.0,45.0,-105.0,-115.0,0,outdoors,grass,78.0,10.0,00-0033077,00-0037834,Dak Prescott,Brock Purdy,Mike McCarthy,Kyle Shanahan,Alan Eck,SFO01,Levi's Stadium
2023_06_SF_CLE,2023,REG,6,2023-10-15,Sunday,13:00,SF,17.0,CLE,19.0,Home,2.0,36.0,0.0,2023101504,59256.0,,202310150cle,,401547476,,7,14,-470.0,360.0,-9.5,-115.0,-105.0,36.0,-110.0,-110.0,0,outdoors,grass,53.0,15.0,00-0037834,00-0033275,Brock Purdy,Phillip Walker,Kyle Shanahan,Kevin Stefanski,John Hussey,CLE00,FirstEnergy Stadium
2023_07_SF_MIN,2023,REG,7,2023-10-23,Monday,20:15,SF,17.0,MIN,22.0,Home,5.0,39.0,0.0,2023102300,59278.0,,202310230min,,401547495,,8,8,-325.0,260.0,-7.0,-105.0,-115.0,44.5,-110.0,-110.0,0,dome,sportturf,,,00-0037834,00-0029604,Brock Purdy,Kirk Cousins,Kyle Shanahan,Kevin O'Connell,Carl Cheffers,MIN01,U.S. Bank Stadium
2023_08_CIN_SF,2023,REG,8,2023-10-29,Sunday,16:25,CIN,31.0,SF,17.0,Home,-14.0,48.0,0.0,2023102912,59292.0,,202310290sfo,,401547503,,14,6,170.0,-205.0,4.0,-105.0,-115.0,44.0,-110.0,-110.0,0,outdoors,grass,74.0,10.0,00-0036442,00-0037834,Joe Burrow,Brock Purdy,Zac Taylor,Kyle Shanahan,Ron Torbert,SFO01,Levi's Stadium
2023_10_SF_JAX,2023,REG,10,2023-11-12,Sunday,13:00,SF,34.0,JAX,3.0,Home,-31.0,37.0,0.0,2023111203,59313.0,,202311120jax,,401547532,,14,14,-170.0,142.0,-3.0,-112.0,-108.0,44.5,-112.0,-108.0,0,outdoors,grass,59.0,11.0,00-0037834,00-0036971,Brock Purdy,Trevor Lawrence,Kyle Shanahan,Doug Pederson,Brad Allen,JAX00,TIAA Bank Stadium
2023_11_TB_SF,2023,REG,11,2023-11-19,Sunday,16:05,TB,14.0,SF,27.0,Home,13.0,41.0,0.0,2023111908,59332.0,,202311190sfo,,401547549,,7,7,625.0,-950.0,13.5,-110.0,-110.0,41.5,-108.0,-112.0,0,outdoors,grass,65.0,10.0,00-0034855,00-0037834,Baker Mayfield,Brock Purdy,Todd Bowles,Kyle Shanahan,Craig Wrolstad,SFO01,Levi's Stadium
2023_12_SF_SEA,2023,REG,12,2023-11-23,Thursday,20:20,SF,31.0,SEA,13.0,Home,-18.0,44.0,0.0,2023112302,59339.0,,202311230sea,,401547553,,4,4,-355.0,280.0,-7.0,-112.0,-108.0,43.5,-115.0,-105.0,1,outdoors,fieldturf,39.0,4.0,00-0037834,00-0030565,Brock Purdy,Geno Smith,Kyle Shanahan,Pete Carroll,Tra Blake,SEA00,Lumen Field
2023_13_SF_PHI,2023,REG,13,2023-12-03,Sunday,16:25,SF,42.0,PHI,19.0,Home,-23.0,61.0,0.0,2023120309,59363.0,,202312030phi,,401547276,,10,7,-148.0,124.0,-3.0,-105.0,-115.0,46.5,-108.0,-112.0,0,outdoors,grass,52.0,44.0,00-0037834,00-0036389,Brock Purdy,Jalen Hurts,Kyle Shanahan,Nick Sirianni,Alex Kemp,PHI00,Lincoln Financial Field
2023_14_SEA_SF,2023,REG,14,2023-12-10,Sunday,16:05,SEA,16.0,SF,28.0,Home,12.0,44.0,0.0,2023121008,59375.0,,202312100sfo,,401547589,,10,7,650.0,-1000.0,14.5,-110.0,-110.0,44.5,-110.0,-110.0,1,outdoors,grass,63.0,5.0,00-0035704,00-0037834,Drew Lock,Brock Purdy,Pete Carroll,Kyle Shanahan,Brad Rogers,SFO01,Levi's Stadium
2023_15_SF_ARI,2023,REG,15,2023-12-17,Sunday,16:05,SF,45.0,ARI,29.0,Home,-16.0,74.0,0.0,2023121704,59391.0,,202312170crd,,401547596,,7,14,-750.0,525.0,-12.5,-110.0,-110.0,48.0,-110.0,-110.0,1,open,grass,,,00-0037834,00-0035228,Brock Purdy,Kyler Murray,Kyle Shanahan,Jonathan Gannon,Scott Novak,PHO00,State Farm Stadium
2023_16_BAL_SF,2023,REG,16,2023-12-25,Monday,20:15,BAL,33.0,SF,19.0,Home,-14.0,52.0,0.0,2023122502,59412.0,,202312250sfo,,401547622,,8,8,275.0,-345.0,6.5,-105.0,-115.0,47.5,-112.0,-108.0,0,outdoors,grass,56.0,8.0,00-0034796,00-0037834,Lamar Jackson,Brock Purdy,John Harbaugh,Kyle Shanahan,Bill Vinovich,SFO01,Levi's Stadium
2023_17_SF_WAS,2023,REG,17,2023-12-31,Sunday,13:00,SF,27.0,WAS,10.0,Home,-17.0,37.0,0.0,2023123110,59424.0,,202312310was,,401547635,,6,7,-1050.0,675.0,-14.0,-115.0,-105.0,49.0,-112.0,-108.0,0,outdoors,grass,48.0,7.0,00-0037834,00-0037077,Brock Purdy,Sam Howell,Kyle Shanahan,Ron Rivera,Ron Torbert,WAS00,FedExField
2023_18_LA_SF,2023,REG,18,2024-01-07,Sunday,16:25,LA,21.0,SF,20.0,Home,-1.0,41.0,0.0,2024010710,59442.0,,202401070sfo,,401547651,,7,7,200.0,-245.0,5.5,-108.0,-112.0,40.0,-108.0,-112.0,1,outdoors,grass,52.0,11.0,00-0032950,00-0034869,Carson Wentz,Sam Darnold,Sean McVay,Kyle Shanahan,Clay Martin,SFO01,Levi's Stadium
2023_20_GB_SF,2023,DIV,20,2024-01-20,Saturday,20:15,GB,21.0,SF,24.0,Home,3.0,45.0,0.0,2024012001,59501.0,,202401200sfo,,401547756,,6,13,360.0,-470.0,10.5,-112.0,-108.0,50.5,-105.0,-115.0,0,outdoors,grass,59.0,8.0,00-0036264,00-0037834,Jordan Love,Brock Purdy,Matt LaFleur,Kyle Shanahan,Alex Kemp,SFO01,Levi's Stadium
2023_21_DET_SF,2023,CON,21,2024-01-28,Sunday,18:30,DET,31.0,SF,34.0,Home,3.0,65.0,0.0,2024012801,59505.0,,202401280sfo,,401547380,,7,8,260.0,-325.0,7.5,-120.0,100.0,52.5,-110.0,-110.0,0,outdoors,grass,69.0,5.0,00-0033106,00-0037834,Jared Goff,Brock Purdy,Dan Campbell,Kyle Shanahan,Clete Blakeman,SFO01,Levi's Stadium
2023_22_SF_KC,2023,SB,22,2024-02-11,Sunday,18:30,SF,22.0,KC,25.0,Neutral,3.0,47.0,1.0,2024021100,59506.0,,202402110kan,,401547378,,14,14,-120.0,100.0,-1.5,-110.0,-110.0,47.0,-110.0,-110.0,0,dome,grass,,,00-0037834,00-0033873,Brock Purdy,Patrick Mahomes,Kyle Shanahan,Andy Reid,Bill Vinovich,VEG00,Allegiant Stadium
2024_01_NYJ_SF,2024,REG,1,2024-09-09,Monday,20:15,NYJ,19.0,SF,32.0,Home,13.0,51.0,0.0,2024090900,59523.0,,202409090sfo,,401671696,6464.0,7,7,150.0,-180.0,3.5,-115.0,-105.0,43.0,-108.0,-112.0,0,outdoors,grass,76.0,10.0,00-0023459,00-0037834,Aaron Rodgers,Brock Purdy,Robert Saleh,Kyle Shanahan,Carl Cheffers,SFO01,Levi's Stadium
2024_02_SF_MIN,2024,REG,2,2024-09-15,Sunday,13:00,SF,17.0,MIN,23.0,Home,6.0,40.0,0.0,2024091506,59531.0,,202409150min,,401671645,6472.0,6,7,-218.0,180.0,-4.5,-112.0,-108.0,46.5,-108.0,-112.0,0,dome,sportturf,,,00-0037834,00-0034869,Brock Purdy,Sam Darnold,Kyle Shanahan,Kevin O'Connell,Brad Allen,MIN01,U.S. Bank Stadium
2024_03_SF_LA,2024,REG,3,2024-09-22,Sunday,16:25,SF,24.0,LA,27.0,Home,3.0,51.0,0.0,2024092211,59552.0,,202409220ram,,401671772,6493.0,7,7,-258.0,210.0,-6.0,-108.0,-112.0,44.5,-110.0,-110.0,1,dome,matrixturf,,,00-0037834,00-0026498,Brock Purdy,Matthew Stafford,Kyle Shanahan,Sean McVay,Clete Blakeman,LAX01,SoFi Stadium
2024_04_NE_SF,2024,REG,4,2024-09-29,Sunday,16:05,NE,13.0,SF,30.0,Home,17.0,43.0,0.0,2024092909,59566.0,,202409290sfo,,401671758,6507.0,10,7,410.0,-550.0,10.5,-112.0,-108.0,41.5,-110.0,-110.0,0,outdoors,grass,71.0,5.0,00-0033119,00-0037834,Jacoby Brissett,Brock Purdy,Jerod Mayo,Kyle Shanahan,Scott Novak,SFO01,Levi's Stadium
2024_05_ARI_SF,2024,REG,5,2024-10-06,Sunday,16:05,ARI,24.0,SF,23.0,Home,-1.0,47.0,0.0,2024100608,59581.0,,202410060sfo,,401671756,6522.0,7,7,260.0,-325.0,7.0,-105.0,-115.0,48.5,-108.0,-112.0,1,outdoors,grass,89.0,3.0,00-0035228,00-0037834,Kyler Murray,Brock Purdy,Jonathan Gannon,Kyle Shanahan,Land Clark,SFO01,Levi's Stadium
2024_06_SF_SEA,2024,REG,6,2024-10-10,Thursday,20:15,SF,36.0,SEA,24.0,Home,-12.0,60.0,0.0,2024101000,59586.0,,202410100sea,,401671819,6527.0,4,4,-198.0,164.0,-3.5,-118.0,-102.0,49.0,-110.0,-110.0,1,outdoors,fieldturf,59.0,10.0,00-0037834,00-0030565,Brock Purdy,Geno Smith,Kyle Shanahan,Mike Macdonald,Craig Wrolstad,SEA00,Lumen Field
2024_07_KC_SF,2024,REG,7,2024-10-20,Sunday,16:25,KC,28.0,SF,18.0,Home,-10.0,46.0,0.0,2024102010,59611.0,,202410200sfo,,401671777,6552.0,13,10,120.0,-142.0,2.5,-105.0,-115.0,47.5,-110.0,-110.0,0,outdoors,grass,78.0,3.0,00-0033873,00-0037834,Patrick Mahomes,Brock Purdy,Andy Reid,Kyle Shanahan,Alan Eck,SFO01,Levi's Stadium
2024_08_DAL_SF,2024,REG,8,2024-10-27,Sunday,20:20,DAL,24.0,SF,30.0,Home,6.0,54.0,0.0,2024102713,59629.0,,202410270sfo,,401671795,6570.0,14,7,195.0,-238.0,5.5,-105.0,-115.0,48.0,-110.0,-110.0,0,outdoors,grass,69.0,9.0,00-0033077,00-0037834,Dak Prescott,Brock Purdy,Mike McCarthy,Kyle Shanahan,Bill Vinovich,SFO01,Levi's Stadium
2024_10_SF_TB,2024,REG,10,2024-11-10,Sunday,13:00,SF,23.0,TB,20.0,Home,-3.0,43.0,0.0,2024111006,59653.0,,202411100tam,,401671742,6594.0,14,6,-298.0,240.0,-6.5,-118.0,-102.0,50.5,-112.0,-108.0,0,outdoors,grass,85.0,9.0,00-0037834,00-0034855,Brock Purdy,Baker Mayfield,Kyle Shanahan,Todd Bowles,Shawn Smith,TAM00,Raymond James Stadium
2024_11_SEA_SF,2024,REG,11,2024-11-17,Sunday,16:05,SEA,20.0,SF,17.0,Home,-3.0,37.0,0.0,2024111708,59669.0,,202411170sfo,,401671757,6610.0,14,7,215.0,-265.0,6.0,-110.0,-110.0,49.0,-112.0,-108.0,1,outdoors,grass,59.0,4.0,00-0030565,00-0037834,Geno Smith,Brock Purdy,Mike Macdonald,Kyle Shanahan,Brad Rogers,SFO01,Levi's Stadium
2024_12_SF_GB,2024,REG,12,2024-11-24,Sunday,16:25,SF,10.0,GB,38.0,Home,28.0,48.0,0.0,2024112408,59683.0,,202411240gnb,,401671768,6624.0,7,7,235.0,-290.0,6.5,-112.0,-108.0,44.5,-108.0,-112.0,0,outdoors,grass,43.0,11.0,00-0032434,00-0036264,Brandon Allen,Jordan Love,Kyle Shanahan,Matt LaFleur,Craig Wrolstad,GNB00,Lambeau Field
2024_13_SF_BUF,2024,REG,13,2024-12-01,Sunday,20:20,SF,10.0,BUF,35.0,Home,25.0,45.0,0.0,2024120110,59701.0,,202412010buf,,401671781,6642.0,7,14,270.0,-340.0,6.5,-102.0,-118.0,45.0,-110.0,-110.0,0,outdoors,a_turf,28.0,11.0,00-0037834,00-0034857,Brock Purdy,Josh Allen,Kyle Shanahan,Sean McDermott,Alex Kemp,BUF00,New Era Field
2024_14_CHI_SF,2024,REG,14,2024-12-08,Sunday,16:25,CHI,13.0,SF,38.0,Home,25.0,51.0,0.0,2024120809,59713.0,,202412080sfo,,401671774,6654.0,10,7,136.0,-162.0,3.0,-110.0,-110.0,43.5,-108.0,-112.0,0,outdoors,grass,65.0,4.0,00-0039918,00-0037834,Caleb Williams,Brock Purdy,Matt Eberflus,Kyle Shanahan,Ron Torbert,SFO01,Levi's Stadium
2024_15_LA_SF,2024,REG,15,2024-12-12,Thursday,20:15,LA,12.0,SF,6.0,Home,-6.0,18.0,0.0,2024121200,59716.0,,202412120sfo,,401671818,6657.0,4,4,130.0,-155.0,3.0,-118.0,-102.0,48.5,-110.0,-110.0,1,outdoors,grass,53.0,4.0,00-0026498,00-0037834,Matthew Stafford,Brock Purdy,Sean McVay,Kyle Shanahan,Clay Martin,SFO01,Levi's Stadium
2024_16_SF_MIA,2024,REG,16,2024-12-22,Sunday,16:25,SF,17.0,MIA,29.0,Home,12.0,46.0,0.0,2024122212,59745.0,,202412220mia,,401671874,6686.0,10,7,-125.0,105.0,-2.0,-108.0,-112.0,44.0,-108.0,-112.0,0,outdoors,grass,73.0,12.0,00-0037834,00-0036212,Brock Purdy,Tua Tagovailoa,Kyle Shanahan,Mike McDaniel,Scott Novak,MIA00,Hard Rock Stadium
2024_17_DET_SF,2024,REG,17,2024-12-30,Monday,20:15,DET,40.0,SF,34.0,Home,-6.0,74.0,0.0,2024123000,59763.0,,202412300sfo,,401671698,6704.0,8,8,-230.0,190.0,-4.0,-112.0,-108.0,50.5,-110.0,-110.0,0,outdoors,grass,,,00-0033106,00-0037834,Jared Goff,Brock Purdy,Dan Campbell,Kyle Shanahan,Shawn Hochuli,SFO01,Levi's Stadium
2024_18_SF_ARI,2024,REG,18,2025-01-05,Sunday,16:25,SF,24.0,ARI,47.0,Home,23.0,71.0,0.0,2025010500,59764.0,,202501050crd,,401671845,6705.0,6,8,160.0,-192.0,4.5,-110.0,-110.0,42.5,-110.0,-110.0,1,closed,grass,,,00-0033949,00-0035228,Joshua Dobbs,Kyler Murray,Kyle Shanahan,Jonathan Gannon,Shawn Smith,PHO00,State Farm Stadium
2025_01_SF_SEA,2025,REG,1,2025-09-07,Sunday,16:05,SF,17.0,SEA,13.0,Home,-4.0,30.0,0.0,2025090709,59854.0,,202509070sea,28429.0,401772831,6745.0,7,7,-135.0,114.0,-2.5,-105.0,-115.0,43.5,-112.0,-108.0,1,outdoors,fieldturf,67.0,6.0,00-0037834,00-0034869,Brock Purdy,Sam Darnold,Kyle Shanahan,Mike Macdonald,Shawn Hochuli,SEA00,Lumen Field
2025_02_SF_NO,2025,REG,2,2025-09-14,Sunday,13:00,SF,26.0,NO,21.0,Home,-5.0,47.0,0.0,2025091405,59865.0,,202509140nor,28440.0,401772833,6756.0,7,7,-166.0,140.0,-3.0,-110.0,-110.0,40.5,-105.0,-115.0,0,dome,sportturf,,,00-0036972,00-0039376,Mac Jones,Spencer Rattler,Kyle Shanahan,Kellen Moore,Shawn Smith,NOR00,Mercedes-Benz Superdome
2025_03_ARI_SF,2025,REG,3,2025-09-21,Sunday,16:25,ARI,15.0,SF,16.0,Home,1.0,31.0,0.0,2025092112,59888.0,,202509210sfo,28464.0,401772843,6779.0,7,7,105.0,-125.0,1.5,-112.0,-108.0,44.5,-112.0,-108.0,1,outdoors,grass,72.0,7.0,00-0035228,00-0036972,Kyler Murray,Mac Jones,Jonathan Gannon,Kyle Shanahan,John Hussey,SFO01,Levi's Stadium
2025_04_JAX_SF,2025,REG,4,2025-09-28,Sunday,16:05,JAX,26.0,SF,21.0,Home,-5.0,47.0,0.0,2025092809,59901.0,,202509280sfo,28476.0,401772848,6792.0,7,7,150.0,-180.0,3.5,-120.0,100.0,45.5,-108.0,-112.0,0,outdoors,grass,72.0,7.0,00-0036971,00-0037834,Trevor Lawrence,Brock Purdy,Liam Coen,Kyle Shanahan,Clete Blakeman,SFO01,Levi's Stadium
2025_05_SF_LA,2025,REG,5,2025-10-02,Thursday,20:15,SF,26.0,LA,23.0,Home,-3.0,49.0,1.0,2025100200,59907.0,,202510020ram,28482.0,401772939,6798.0,4,4,340.0,-440.0,8.5,-110.0,-110.0,43.5,-108.0,-112.0,1,dome,matrixturf,,,00-0036972,00-0026498,Mac Jones,Matthew Stafford,Kyle Shanahan,Sean McVay,Bill Vinovich,LAX01,SoFi Stadium
2025_06_SF_TB,2025,REG,6,2025-10-12,Sunday,16:25,SF,19.0,TB,30.0,Home,11.0,49.0,0.0,2025101207,59929.0,,202510120tam,28504.0,401772749,6820.0,10,7,160.0,-192.0,3.5,-105.0,-115.0,46.5,-105.0,-115.0,0,outdoors,grass,82.0,10.0,00-0036972,00-0034855,Mac Jones,Baker Mayfield,Kyle Shanahan,Todd Bowles,Brad Rogers,TAM00,Raymond James Stadium
2025_07_ATL_SF,2025,REG,7,2025-10-19,Sunday,20:20,ATL,10.0,SF,20.0,Home,10.0,30.0,0.0,2025101911,59948.0,,202510190sfo,28523.0,401772924,6839.0,6,7,-105.0,-115.0,1.5,-120.0,100.0,46.5,-112.0,-108.0,0,outdoors,grass,74.0,5.0,00-0039917,00-0036972,Michael Penix,Mac Jones,Raheem Morris,Kyle Shanahan,Ron Torbert,SFO01,Levi's Stadium
2025_08_SF_HOU,2025,REG,8,2025-10-26,Sunday,13:00,SF,15.0,HOU,26.0,Home,11.0,41.0,0.0,2025102604,59956.0,,202510260htx,28531.0,401772866,6847.0,7,6,130.0,-155.0,2.5,100.0,-120.0,41.5,-112.0,-108.0,0,closed,astroturf,,,00-0036972,00-0039163,Mac Jones,C.J. Stroud,Kyle Shanahan,DeMeco Ryans,Alan Eck,HOU00,NRG Stadium
2025_09_SF_NYG,2025,REG,9,2025-11-02,Sunday,13:00,SF,34.0,NYG,24.0,Home,-10.0,58.0,0.0,2025110205,59970.0,,202511020nyg,28545.0,401772767,6861.0,7,7,-148.0,124.0,-2.5,-120.0,100.0,47.5,-108.0,-112.0,0,outdoors,fieldturf,56.0,5.0,00-0036972,00-0040691,Mac Jones,Jaxson Dart,Kyle Shanahan,Brian Daboll,John Hussey,NYC01,MetLife Stadium
2025_10_LA_SF,2025,REG,10,2025-11-09,Sunday,16:25,LA,42.0,SF,26.0,Home,-16.0,68.0,0.0,2025110909,59988.0,,202511090sfo,28563.0,401772879,6879.0,7,7,-258.0,210.0,-5.5,-115.0,-105.0,49.5,-110.0,-110.0,1,outdoors,grass,77.0,3.0,00-0026498,00-0036972,Matthew Stafford,Mac Jones,Sean McVay,Kyle Shanahan,Land Clark,SFO01,Levi's Stadium
2025_11_SF_ARI,2025,REG,11,2025-11-16,Sunday,16:05,SF,41.0,ARI,22.0,Home,-19.0,63.0,0.0,2025111608,60001.0,,202511160crd,28577.0,401772885,6892.0,7,7,-192.0,160.0,-3.5,-105.0,-115.0,48.5,-112.0,-108.0,1,closed,grass,,,00-0037834,00-0033119,Brock Purdy,Jacoby Brissett,Kyle Shanahan,Jonathan Gannon,Carl Cheffers,PHO00,State Farm Stadium
2025_12_CAR_SF,2025,REG,12,2025-11-24,Monday,20:15,CAR,9.0,SF,20.0,Home,11.0,29.0,0.0,2025112400,60020.0,,202511240sfo,28595.0,401772820,6911.0,8,8,310.0,-395.0,7.5,-115.0,-105.0,48.5,-105.0,-115.0,0,outdoors,grass,58.0,3.0,00-0039150,00-0037834,Bryce Young,Brock Purdy,Dave Canales,Kyle Shanahan,Alex Kemp,SFO01,Levi's Stadium
2025_13_SF_CLE,2025,REG,13,2025-11-30,Sunday,13:00,SF,26.0,CLE,8.0,Home,-18.0,34.0,0.0,2025113001,60026.0,,202511300cle,28601.0,401772785,6917.0,6,7,-250.0,205.0,-5.5,-108.0,-112.0,35.5,-112.0,-108.0,0,outdoors,grass,35.0,20.0,00-0037834,00-0040668,Brock Purdy,Shedeur Sanders,Kyle Shanahan,Kevin Stefanski,Brad Allen,CLE00,FirstEnergy Stadium
2025_15_TEN_SF,2025,REG,15,2025-12-14,Sunday,16:25,TEN,,SF,,Home,,,,2025121412,,,202512140sfo,28639.0,401772907,6955.0,7,14,650.0,-1000.0,12.5,-105.0,-115.0,44.5,-110.0,-110.0,0,outdoors,grass,,,00-0040676,00-0037834,Cam Ward,Brock Purdy,Brian Callahan,Kyle Shanahan,,SFO01,Levi's Stadium
2025_16_SF_IND,2025,REG,16,2025-12-22,Monday,20:15,SF,,IND,,Home,,,,2025122200,,,202512220clt,28657.0,401772824,6973.0,8,8,-258.0,210.0,-6.0,-108.0,-112.0,45.5,-110.0,-110.0,0,closed,fieldturf,,,,,,,Kyle Shanahan,Shane Steichen,,IND00,Lucas Oil Stadium
2025_17_CHI_SF,2025,REG,17,2025-12-28,Sunday,20:20,CHI,,SF,,Home,,,,2025122806,,,202512280sfo,28672.0,401772935,6988.0,9,6,,,,,,,,,0,outdoors,grass,,,,,,,Ben Johnson,Kyle Shanahan,,SFO01,Levi's Stadium
2025_18_SEA_SF,2025,REG,18,2026-01-04,Sunday,13:00,SEA,,SF,,Home,,,,2025010414,,,202501040sfo,28687.0,401772961,7004.0,9,5,,,,,,,,,1,outdoors,grass,,,,,,,Mike Macdonald,Kyle Shanahan,,SFO01,Levi's Stadium
