SEASON_ID,TEAM_ID,TEAM_ABBREVIATION,TEAM_NAME,GAME_ID,GAME_DATE,MATCHUP,WL,MIN,PTS,FGM,FGA,FG_PCT,FG3M,FG3A,FG3_PCT,FTM,FTA,FT_PCT,OREB,DREB,REB,AST,STL,BLK,TOV,PF,PLUS_MINUS,SEASON
22000,1610612742,DAL,Dallas Mavericks,0020001185,2001-04-18,DAL vs. MIN,W,241,120,50,91,0.549,5,17,0.294,15,20,0.75,6,39,45,33,8,9,14,23,20.0,2000-01
22000,1610612742,DAL,Dallas Mavericks,0020001168,2001-04-16,DAL @ GSW,W,239,110,36,69,0.522,7,11,0.636,31,39,0.795,8,30,38,25,5,10,20,34,9.0,2000-01
22000,1610612742,DAL,Dallas Mavericks,0020001163,2001-04-15,DAL @ SEA,W,265,107,36,89,0.404,9,27,0.333,26,32,0.813,16,44,60,23,8,7,19,19,8.0,2000-01
22000,1610612742,DAL,Dallas Mavericks,0020001144,2001-04-13,DAL vs. SAC,W,240,101,40,93,0.43,3,10,0.3,18,24,0.75,12,32,44,20,7,10,11,18,4.0,2000-01
22000,1610612742,DAL,Dallas Mavericks,0020001130,2001-04-11,DAL @ PHX,L,241,106,38,80,0.475,5,15,0.333,25,32,0.781,6,31,37,19,8,4,13,25,-5.0,2000-01
22000,1610612742,DAL,Dallas Mavericks,0020001120,2001-04-10,DAL @ SAS,L,240,79,29,82,0.354,6,17,0.353,15,19,0.789,12,33,45,17,7,10,16,22,-12.0,2000-01
22000,1610612742,DAL,Dallas Mavericks,0020001100,2001-04-07,DAL vs. UTA,L,240,103,33,63,0.524,7,18,0.389,30,32,0.938,3,25,28,23,7,6,23,31,-13.0,2000-01
22000,1610612742,DAL,Dallas Mavericks,0020001084,2001-04-05,DAL vs. ATL,W,240,108,36,85,0.424,7,17,0.412,29,35,0.829,9,32,41,24,10,7,9,18,14.0,2000-01
22000,1610612742,DAL,Dallas Mavericks,0020001069,2001-04-03,DAL @ HOU,W,241,109,44,86,0.512,5,16,0.313,16,19,0.842,9,35,44,20,5,3,11,28,12.0,2000-01
22000,1610612742,DAL,Dallas Mavericks,0020001060,2001-04-01,DAL @ SAC,W,241,119,49,97,0.505,9,18,0.5,12,14,0.857,12,33,45,29,11,6,13,21,12.0,2000-01
22000,1610612742,DAL,Dallas Mavericks,0020001044,2001-03-30,DAL @ LAL,L,240,89,38,76,0.5,4,13,0.308,9,17,0.529,5,22,27,22,10,5,10,21,-9.0,2000-01
22000,1610612742,DAL,Dallas Mavericks,0020001029,2001-03-28,DAL @ POR,W,239,94,38,83,0.458,8,19,0.421,10,13,0.769,9,37,46,26,6,5,16,25,10.0,2000-01
22000,1610612742,DAL,Dallas Mavericks,0020001013,2001-03-26,DAL @ UTA,W,240,98,32,85,0.376,7,18,0.389,27,29,0.931,9,41,50,18,4,8,7,23,8.0,2000-01
22000,1610612742,DAL,Dallas Mavericks,0020001000,2001-03-24,DAL vs. CHH,W,240,103,35,76,0.461,7,19,0.368,26,39,0.667,9,41,50,22,4,7,14,28,3.0,2000-01
22000,1610612742,DAL,Dallas Mavericks,0020000982,2001-03-21,DAL @ MIN,L,239,97,35,80,0.438,6,15,0.4,21,31,0.677,10,24,34,18,7,7,15,16,-12.0,2000-01
22000,1610612742,DAL,Dallas Mavericks,0020000972,2001-03-20,DAL vs. POR,L,239,88,33,84,0.393,6,22,0.273,16,25,0.64,12,27,39,19,5,10,8,26,-8.0,2000-01
22000,1610612742,DAL,Dallas Mavericks,0020000956,2001-03-17,DAL vs. PHX,W,240,109,39,84,0.464,8,12,0.667,23,30,0.767,15,31,46,23,6,6,12,23,10.0,2000-01
22000,1610612742,DAL,Dallas Mavericks,0020000938,2001-03-15,DAL vs. MIN,W,239,103,35,78,0.449,10,15,0.667,23,29,0.793,9,43,52,18,6,6,13,20,20.0,2000-01
22000,1610612742,DAL,Dallas Mavericks,0020000922,2001-03-13,DAL vs. NJN,W,241,122,44,88,0.5,9,13,0.692,25,27,0.926,11,32,43,32,11,5,13,25,24.0,2000-01
22000,1610612742,DAL,Dallas Mavericks,0020000909,2001-03-11,DAL vs. LAC,W,240,111,45,88,0.511,6,9,0.667,15,21,0.714,9,35,44,32,10,5,11,21,18.0,2000-01
22000,1610612742,DAL,Dallas Mavericks,0020000894,2001-03-09,DAL vs. GSW,W,239,102,38,91,0.418,2,13,0.154,24,32,0.75,18,37,55,26,11,7,11,21,29.0,2000-01
22000,1610612742,DAL,Dallas Mavericks,0020000878,2001-03-07,DAL @ MIA,W,239,93,36,66,0.545,7,14,0.5,14,18,0.778,2,38,40,17,7,10,16,17,7.0,2000-01
22000,1610612742,DAL,Dallas Mavericks,0020000862,2001-03-05,DAL @ ORL,L,241,81,26,75,0.347,3,22,0.136,26,34,0.765,8,39,47,15,8,3,21,29,-14.0,2000-01
22000,1610612742,DAL,Dallas Mavericks,0020000848,2001-03-03,DAL vs. HOU,W,240,100,40,83,0.482,5,15,0.333,15,17,0.882,6,34,40,22,9,9,13,20,5.0,2000-01
22000,1610612742,DAL,Dallas Mavericks,0020000821,2001-02-27,DAL @ VAN,W,240,116,46,78,0.59,6,9,0.667,18,22,0.818,4,20,24,26,14,3,12,20,4.0,2000-01
22000,1610612742,DAL,Dallas Mavericks,0020000815,2001-02-26,DAL @ LAC,W,241,103,38,75,0.507,2,12,0.167,25,31,0.806,9,22,31,21,12,1,10,20,11.0,2000-01
22000,1610612742,DAL,Dallas Mavericks,0020000798,2001-02-24,DAL vs. SAS,L,239,104,39,83,0.47,8,19,0.421,18,21,0.857,13,26,39,23,6,6,8,27,-3.0,2000-01
22000,1610612742,DAL,Dallas Mavericks,0020000782,2001-02-22,DAL vs. BOS,W,241,98,40,79,0.506,5,15,0.333,13,19,0.684,11,32,43,27,11,7,16,25,7.0,2000-01
22000,1610612742,DAL,Dallas Mavericks,0020000767,2001-02-20,DAL vs. LAL,L,241,109,41,91,0.451,12,29,0.414,15,20,0.75,6,26,32,20,3,7,6,29,-10.0,2000-01
22000,1610612742,DAL,Dallas Mavericks,0020000745,2001-02-17,DAL vs. WAS,W,241,112,39,75,0.52,3,12,0.25,31,38,0.816,12,27,39,23,10,1,13,24,7.0,2000-01
22000,1610612742,DAL,Dallas Mavericks,0020000731,2001-02-15,DAL vs. CLE,W,242,102,43,83,0.518,3,11,0.273,13,20,0.65,15,33,48,18,10,5,17,22,21.0,2000-01
22000,1610612742,DAL,Dallas Mavericks,0020000717,2001-02-13,DAL @ SAS,L,240,92,35,86,0.407,5,14,0.357,17,20,0.85,13,27,40,10,9,7,12,27,-12.0,2000-01
22000,1610612742,DAL,Dallas Mavericks,0020000697,2001-02-07,DAL @ NYK,L,292,93,37,86,0.43,7,24,0.292,12,15,0.8,7,27,34,19,15,3,16,20,-3.0,2000-01
22000,1610612742,DAL,Dallas Mavericks,0020000684,2001-02-05,DAL @ ATL,W,239,91,36,78,0.462,4,10,0.4,15,19,0.789,6,35,41,17,9,11,11,19,10.0,2000-01
22000,1610612742,DAL,Dallas Mavericks,0020000673,2001-02-03,DAL vs. GSW,W,238,101,38,85,0.447,9,18,0.5,16,20,0.8,8,32,40,22,9,6,13,24,6.0,2000-01
22000,1610612742,DAL,Dallas Mavericks,0020000656,2001-02-01,DAL vs. MIA,W,265,95,40,91,0.44,4,12,0.333,11,14,0.786,12,39,51,19,4,9,9,20,4.0,2000-01
22000,1610612742,DAL,Dallas Mavericks,0020000625,2001-01-27,DAL @ DEN,L,240,100,36,82,0.439,7,15,0.467,21,23,0.913,6,26,32,22,7,9,10,21,-2.0,2000-01
22000,1610612742,DAL,Dallas Mavericks,0020000609,2001-01-25,DAL vs. VAN,W,240,120,46,88,0.523,5,12,0.417,23,25,0.92,14,30,44,24,9,5,7,24,37.0,2000-01
22000,1610612742,DAL,Dallas Mavericks,0020000594,2001-01-23,DAL vs. PHI,L,240,98,39,85,0.459,8,24,0.333,12,18,0.667,10,31,41,20,12,8,19,23,-16.0,2000-01
22000,1610612742,DAL,Dallas Mavericks,0020000575,2001-01-20,DAL vs. DEN,W,241,97,36,96,0.375,8,18,0.444,17,21,0.81,23,40,63,26,10,7,10,19,18.0,2000-01
22000,1610612742,DAL,Dallas Mavericks,0020000561,2001-01-18,DAL vs. ORL,W,263,115,38,105,0.362,4,20,0.2,35,42,0.833,29,40,69,18,8,7,18,30,9.0,2000-01
22000,1610612742,DAL,Dallas Mavericks,0020000553,2001-01-17,DAL @ CHH,W,240,91,34,78,0.436,3,7,0.429,20,22,0.909,6,23,29,18,10,6,8,17,1.0,2000-01
22000,1610612742,DAL,Dallas Mavericks,0020000542,2001-01-15,DAL vs. SAC,L,240,105,38,87,0.437,11,26,0.423,18,24,0.75,11,31,42,24,6,5,15,20,-11.0,2000-01
22000,1610612742,DAL,Dallas Mavericks,0020000527,2001-01-13,DAL vs. PHX,L,239,86,32,81,0.395,3,16,0.188,19,22,0.864,10,39,49,15,4,10,23,20,-17.0,2000-01
22000,1610612742,DAL,Dallas Mavericks,0020000511,2001-01-11,DAL @ MIL,L,240,94,37,89,0.416,3,17,0.176,17,21,0.81,12,28,40,13,11,1,10,21,-8.0,2000-01
22000,1610612742,DAL,Dallas Mavericks,0020000504,2001-01-10,DAL @ MIN,W,240,106,44,88,0.5,7,16,0.438,11,19,0.579,9,38,47,27,7,6,11,22,20.0,2000-01
22000,1610612742,DAL,Dallas Mavericks,0020000489,2001-01-08,DAL @ CHI,W,240,104,39,82,0.476,8,22,0.364,18,23,0.783,12,29,41,26,10,4,11,16,15.0,2000-01
22000,1610612742,DAL,Dallas Mavericks,0020000474,2001-01-06,DAL @ WAS,W,240,103,36,72,0.5,5,13,0.385,26,30,0.867,6,36,42,21,6,1,17,13,18.0,2000-01
22000,1610612742,DAL,Dallas Mavericks,0020000467,2001-01-05,DAL @ TOR,W,240,115,43,82,0.524,9,17,0.529,20,24,0.833,8,36,44,19,8,9,16,25,10.0,2000-01
22000,1610612742,DAL,Dallas Mavericks,0020000454,2001-01-03,DAL vs. DET,L,239,104,35,77,0.455,7,25,0.28,27,34,0.794,9,35,44,20,5,7,12,26,-3.0,2000-01
22000,1610612742,DAL,Dallas Mavericks,0020000431,2000-12-30,DAL vs. HOU,L,241,99,28,74,0.378,6,16,0.375,37,45,0.822,10,31,41,16,5,3,16,31,-15.0,2000-01
22000,1610612742,DAL,Dallas Mavericks,0020000417,2000-12-28,DAL vs. LAC,W,240,105,39,76,0.513,6,12,0.5,21,25,0.84,10,37,47,23,7,7,16,27,9.0,2000-01
22000,1610612742,DAL,Dallas Mavericks,0020000403,2000-12-26,DAL vs. SEA,W,240,114,41,81,0.506,10,22,0.455,22,33,0.667,5,34,39,30,12,7,10,23,21.0,2000-01
22000,1610612742,DAL,Dallas Mavericks,0020000379,2000-12-22,DAL vs. LAL,L,239,103,37,83,0.446,6,18,0.333,23,31,0.742,6,24,30,23,7,0,5,32,-5.0,2000-01
22000,1610612742,DAL,Dallas Mavericks,0020000364,2000-12-20,DAL vs. POR,W,240,106,40,81,0.494,2,7,0.286,24,26,0.923,17,30,47,20,5,5,17,19,5.0,2000-01
22000,1610612742,DAL,Dallas Mavericks,0020000351,2000-12-18,DAL @ BOS,W,240,106,38,74,0.514,7,16,0.438,23,26,0.885,8,24,32,26,8,5,12,21,8.0,2000-01
22000,1610612742,DAL,Dallas Mavericks,0020000348,2000-12-17,DAL @ DET,W,240,99,36,77,0.468,10,24,0.417,17,18,0.944,6,30,36,23,3,4,16,30,9.0,2000-01
22000,1610612742,DAL,Dallas Mavericks,0020000327,2000-12-15,DAL @ PHI,W,241,112,44,95,0.463,10,24,0.417,14,17,0.824,13,29,42,24,8,3,9,24,18.0,2000-01
22000,1610612742,DAL,Dallas Mavericks,0020000316,2000-12-13,DAL @ IND,L,242,92,33,76,0.434,8,17,0.471,18,19,0.947,10,26,36,19,5,3,17,24,-5.0,2000-01
22000,1610612742,DAL,Dallas Mavericks,0020000307,2000-12-12,DAL @ CLE,L,241,87,34,85,0.4,10,27,0.37,9,12,0.75,8,21,29,23,6,8,7,25,-5.0,2000-01
22000,1610612742,DAL,Dallas Mavericks,0020000295,2000-12-10,DAL @ NJN,W,240,99,37,70,0.529,5,17,0.294,20,25,0.8,6,38,44,20,9,7,16,20,26.0,2000-01
22000,1610612742,DAL,Dallas Mavericks,0020000279,2000-12-08,DAL vs. CHI,W,240,105,43,87,0.494,3,10,0.3,16,25,0.64,15,31,46,23,8,7,13,21,19.0,2000-01
22000,1610612742,DAL,Dallas Mavericks,0020000266,2000-12-06,DAL vs. NYK,W,240,94,40,73,0.548,7,18,0.389,7,8,0.875,8,38,46,17,2,4,16,26,9.0,2000-01
22000,1610612742,DAL,Dallas Mavericks,0020000256,2000-12-05,DAL @ HOU,L,239,102,37,79,0.468,8,18,0.444,20,23,0.87,10,24,34,16,6,1,14,28,-7.0,2000-01
22000,1610612742,DAL,Dallas Mavericks,0020000246,2000-12-03,DAL @ LAL,L,240,97,43,86,0.5,2,11,0.182,9,11,0.818,9,23,32,21,6,4,11,31,-2.0,2000-01
22000,1610612742,DAL,Dallas Mavericks,0020000241,2000-12-02,DAL @ GSW,W,239,97,38,84,0.452,9,22,0.409,12,18,0.667,12,44,56,26,11,7,18,21,19.0,2000-01
22000,1610612742,DAL,Dallas Mavericks,0020000221,2000-11-30,DAL @ POR,L,239,84,31,76,0.408,5,15,0.333,17,18,0.944,14,23,37,17,8,2,19,24,-12.0,2000-01
22000,1610612742,DAL,Dallas Mavericks,0020000204,2000-11-28,DAL vs. TOR,W,239,107,42,91,0.462,6,18,0.333,17,20,0.85,10,29,39,21,5,4,5,18,14.0,2000-01
22000,1610612742,DAL,Dallas Mavericks,0020000187,2000-11-25,DAL vs. DEN,W,241,108,39,81,0.481,11,19,0.579,19,25,0.76,11,35,46,26,6,7,7,22,24.0,2000-01
22000,1610612742,DAL,Dallas Mavericks,0020000157,2000-11-21,DAL vs. SEA,L,240,110,39,78,0.5,12,26,0.462,20,30,0.667,10,23,33,21,5,6,14,27,-6.0,2000-01
22000,1610612742,DAL,Dallas Mavericks,0020000150,2000-11-20,DAL @ UTA,W,241,107,38,71,0.535,9,18,0.5,22,25,0.88,4,35,39,23,6,9,16,21,9.0,2000-01
22000,1610612742,DAL,Dallas Mavericks,0020000143,2000-11-18,DAL @ VAN,W,240,91,33,73,0.452,7,16,0.438,18,25,0.72,9,35,44,16,6,6,16,19,3.0,2000-01
22000,1610612742,DAL,Dallas Mavericks,0020000133,2000-11-17,DAL @ SEA,W,240,99,41,83,0.494,4,10,0.4,13,18,0.722,13,34,47,20,10,9,16,20,4.0,2000-01
22000,1610612742,DAL,Dallas Mavericks,0020000117,2000-11-15,DAL @ PHX,L,239,78,29,75,0.387,3,13,0.231,17,21,0.81,8,25,33,18,9,2,22,21,-21.0,2000-01
22000,1610612742,DAL,Dallas Mavericks,0020000102,2000-11-13,DAL @ LAC,W,242,90,31,78,0.397,6,14,0.429,22,27,0.815,12,29,41,15,7,6,10,26,14.0,2000-01
22000,1610612742,DAL,Dallas Mavericks,0020000100,2000-11-12,DAL @ SAC,L,240,84,36,89,0.404,1,9,0.111,11,13,0.846,10,27,37,17,7,2,10,21,-25.0,2000-01
22000,1610612742,DAL,Dallas Mavericks,0020000082,2000-11-10,DAL vs. SAS,W,240,79,34,86,0.395,2,13,0.154,9,12,0.75,14,35,49,18,5,15,12,26,2.0,2000-01
22000,1610612742,DAL,Dallas Mavericks,0020000067,2000-11-08,DAL vs. VAN,L,240,74,31,84,0.369,1,8,0.125,11,17,0.647,11,25,36,10,7,9,17,25,-28.0,2000-01
22000,1610612742,DAL,Dallas Mavericks,0020000051,2000-11-06,DAL @ DEN,W,241,108,38,77,0.494,8,19,0.421,24,29,0.828,6,28,34,26,5,4,12,26,12.0,2000-01
22000,1610612742,DAL,Dallas Mavericks,0020000042,2000-11-04,DAL vs. UTA,L,241,106,35,76,0.461,11,22,0.5,25,29,0.862,12,25,37,21,2,4,16,30,-6.0,2000-01
22000,1610612742,DAL,Dallas Mavericks,0020000022,2000-11-02,DAL vs. IND,W,239,94,35,75,0.467,6,15,0.4,18,21,0.857,8,24,32,18,8,7,13,24,6.0,2000-01
22000,1610612742,DAL,Dallas Mavericks,0020000007,2000-10-31,DAL vs. MIL,W,240,97,35,88,0.398,9,25,0.36,18,27,0.667,20,32,52,22,9,9,17,26,4.0,2000-01
42000,1610612742,DAL,Dallas Mavericks,0040000059,2001-05-14,DAL @ SAS,L,240,87,33,90,0.367,0,11,0.0,21,26,0.808,19,28,47,16,12,3,12,20,-18.0,2000-01
42000,1610612742,DAL,Dallas Mavericks,0040000058,2001-05-12,DAL vs. SAS,W,240,112,45,93,0.484,4,11,0.364,18,19,0.947,12,29,41,29,6,6,7,28,4.0,2000-01
42000,1610612742,DAL,Dallas Mavericks,0040000057,2001-05-09,DAL vs. SAS,L,240,90,33,95,0.347,9,17,0.529,15,22,0.682,21,27,48,19,8,6,11,28,-14.0,2000-01
42000,1610612742,DAL,Dallas Mavericks,0040000056,2001-05-07,DAL @ SAS,L,240,86,27,79,0.342,7,14,0.5,25,29,0.862,12,26,38,13,9,4,8,16,-14.0,2000-01
42000,1610612742,DAL,Dallas Mavericks,0040000055,2001-05-05,DAL @ SAS,L,240,78,30,81,0.37,3,16,0.188,15,17,0.882,9,33,42,18,5,9,12,28,-16.0,2000-01
42000,1610612742,DAL,Dallas Mavericks,0040000034,2001-05-03,DAL @ UTA,W,240,84,27,68,0.397,8,18,0.444,22,26,0.846,9,28,37,12,3,9,12,23,1.0,2000-01
42000,1610612742,DAL,Dallas Mavericks,0040000028,2001-05-01,DAL vs. UTA,W,239,107,36,78,0.462,13,25,0.52,22,23,0.957,8,37,45,20,5,8,9,19,30.0,2000-01
42000,1610612742,DAL,Dallas Mavericks,0040000018,2001-04-28,DAL vs. UTA,W,240,94,32,83,0.386,4,15,0.267,26,30,0.867,12,33,45,15,6,2,11,15,3.0,2000-01
42000,1610612742,DAL,Dallas Mavericks,0040000012,2001-04-24,DAL @ UTA,L,240,98,28,69,0.406,6,25,0.24,36,46,0.783,11,19,30,13,1,2,13,34,-11.0,2000-01
42000,1610612742,DAL,Dallas Mavericks,0040000001,2001-04-21,DAL @ UTA,L,240,86,31,72,0.431,7,20,0.35,17,18,0.944,9,28,37,15,4,6,16,23,-2.0,2000-01
22001,1610612742,DAL,Dallas Mavericks,0020101185,2002-04-17,DAL @ PHX,L,239,76,30,84,0.357,6,20,0.3,10,12,0.833,12,32,44,17,10,7,12,12,-12.0,2001-02
22001,1610612742,DAL,Dallas Mavericks,0020101171,2002-04-16,DAL vs. UTA,W,240,96,32,79,0.405,4,12,0.333,28,32,0.875,12,29,41,19,13,9,15,19,9.0,2001-02
22001,1610612742,DAL,Dallas Mavericks,0020101161,2002-04-14,DAL @ SAC,W,239,113,45,94,0.479,8,22,0.364,15,16,0.938,18,32,50,24,4,5,8,32,13.0,2001-02
22001,1610612742,DAL,Dallas Mavericks,0020101149,2002-04-13,DAL @ SEA,W,239,116,47,88,0.534,6,17,0.353,16,19,0.842,11,32,43,23,8,7,10,20,17.0,2001-02
22001,1610612742,DAL,Dallas Mavericks,0020101133,2002-04-11,DAL vs. HOU,L,265,95,39,101,0.386,6,17,0.353,11,15,0.733,23,32,55,20,6,8,11,24,-3.0,2001-02
22001,1610612742,DAL,Dallas Mavericks,0020101119,2002-04-09,DAL vs. POR,W,240,108,36,79,0.456,11,31,0.355,25,31,0.806,8,35,43,17,5,5,9,22,12.0,2001-02
22001,1610612742,DAL,Dallas Mavericks,0020101110,2002-04-08,DAL @ UTA,W,240,105,43,91,0.473,6,18,0.333,13,15,0.867,16,30,46,22,7,7,13,23,9.0,2001-02
22001,1610612742,DAL,Dallas Mavericks,0020101093,2002-04-06,DAL @ SAS,L,241,87,35,82,0.427,5,22,0.227,12,19,0.632,8,33,41,12,5,2,13,32,-2.0,2001-02
22001,1610612742,DAL,Dallas Mavericks,0020101078,2002-04-04,DAL vs. LAC,W,241,115,50,95,0.526,5,14,0.357,10,14,0.714,18,32,50,24,5,8,11,21,25.0,2001-02
22001,1610612742,DAL,Dallas Mavericks,0020101051,2002-03-31,DAL @ WAS,W,239,110,40,77,0.519,10,20,0.5,20,23,0.87,11,31,42,22,7,4,12,17,7.0,2001-02
22001,1610612742,DAL,Dallas Mavericks,0020101032,2002-03-29,DAL @ BOS,W,241,108,40,91,0.44,9,25,0.36,19,26,0.731,12,40,52,28,12,7,16,24,26.0,2001-02
22001,1610612742,DAL,Dallas Mavericks,0020101027,2002-03-28,DAL @ MIN,L,240,111,40,79,0.506,11,21,0.524,20,24,0.833,5,27,32,28,2,4,8,24,-3.0,2001-02
22001,1610612742,DAL,Dallas Mavericks,0020101012,2002-03-26,DAL @ MIL,W,265,112,43,94,0.457,9,26,0.346,17,20,0.85,12,34,46,27,5,3,8,19,6.0,2001-02
22001,1610612742,DAL,Dallas Mavericks,0020100989,2002-03-23,DAL vs. MEM,W,239,111,43,77,0.558,9,15,0.6,16,18,0.889,8,29,37,26,11,6,14,32,11.0,2001-02
22001,1610612742,DAL,Dallas Mavericks,0020100974,2002-03-21,DAL vs. SAS,L,240,102,39,86,0.453,11,28,0.393,13,16,0.813,9,31,40,19,4,2,9,28,-3.0,2001-02
22001,1610612742,DAL,Dallas Mavericks,0020100962,2002-03-19,DAL vs. LAL,W,240,114,36,88,0.409,10,24,0.417,32,37,0.865,19,37,56,18,5,6,10,28,16.0,2001-02
22001,1610612742,DAL,Dallas Mavericks,0020100950,2002-03-17,DAL @ LAL,L,240,103,37,85,0.435,15,40,0.375,14,16,0.875,7,36,43,21,4,6,9,23,-2.0,2001-02
22001,1610612742,DAL,Dallas Mavericks,0020100943,2002-03-16,DAL @ GSW,W,240,117,45,90,0.5,13,28,0.464,14,17,0.824,12,27,39,24,12,2,13,24,17.0,2001-02
22001,1610612742,DAL,Dallas Mavericks,0020100925,2002-03-14,DAL @ POR,L,238,106,40,76,0.526,4,12,0.333,22,22,1.0,7,25,32,24,9,5,22,22,-26.0,2001-02
22001,1610612742,DAL,Dallas Mavericks,0020100905,2002-03-11,DAL vs. SEA,W,240,119,44,84,0.524,11,22,0.5,20,26,0.769,11,29,40,26,6,6,11,24,11.0,2001-02
22001,1610612742,DAL,Dallas Mavericks,0020100889,2002-03-09,DAL vs. GSW,W,240,107,41,92,0.446,6,15,0.4,19,23,0.826,16,31,47,20,11,9,11,21,2.0,2001-02
22001,1610612742,DAL,Dallas Mavericks,0020100872,2002-03-07,DAL vs. TOR,W,241,122,46,71,0.648,7,11,0.636,23,33,0.697,5,29,34,32,7,6,8,27,19.0,2001-02
22001,1610612742,DAL,Dallas Mavericks,0020100857,2002-03-05,DAL vs. PHX,W,240,81,30,81,0.37,2,14,0.143,19,24,0.792,10,43,53,19,9,9,18,21,4.0,2001-02
22001,1610612742,DAL,Dallas Mavericks,0020100846,2002-03-03,DAL @ DEN,W,265,116,42,92,0.457,8,23,0.348,24,37,0.649,13,33,46,23,7,6,6,28,6.0,2001-02
22001,1610612742,DAL,Dallas Mavericks,0020100834,2002-03-02,DAL vs. MIA,L,240,95,33,81,0.407,8,18,0.444,21,27,0.778,8,27,35,19,7,5,14,28,-14.0,2001-02
22001,1610612742,DAL,Dallas Mavericks,0020100805,2002-02-26,DAL vs. MEM,W,240,104,42,84,0.5,7,20,0.35,13,17,0.765,11,33,44,28,9,5,10,18,13.0,2001-02
22001,1610612742,DAL,Dallas Mavericks,0020100783,2002-02-23,DAL vs. SAC,W,241,111,41,81,0.506,12,24,0.5,17,24,0.708,6,40,46,23,7,5,12,17,14.0,2001-02
22001,1610612742,DAL,Dallas Mavericks,0020100771,2002-02-21,DAL vs. BOS,W,240,98,35,85,0.412,10,25,0.4,18,21,0.857,13,41,54,20,8,6,19,21,6.0,2001-02
22001,1610612742,DAL,Dallas Mavericks,0020100754,2002-02-19,DAL vs. MIN,L,241,100,37,92,0.402,7,26,0.269,19,23,0.826,14,32,46,22,5,1,14,23,-17.0,2001-02
22001,1610612742,DAL,Dallas Mavericks,0020100743,2002-02-17,DAL @ PHX,W,240,105,38,86,0.442,10,20,0.5,19,21,0.905,9,35,44,23,8,2,8,18,13.0,2001-02
22001,1610612742,DAL,Dallas Mavericks,0020100735,2002-02-16,DAL @ LAC,L,240,110,41,96,0.427,8,18,0.444,20,24,0.833,14,27,41,20,5,3,6,23,-9.0,2001-02
22001,1610612742,DAL,Dallas Mavericks,0020100714,2002-02-13,DAL @ POR,L,239,103,38,79,0.481,7,21,0.333,20,22,0.909,2,25,27,24,10,4,15,18,-11.0,2001-02
22001,1610612742,DAL,Dallas Mavericks,0020100706,2002-02-12,DAL @ SEA,W,241,112,43,82,0.524,11,28,0.393,15,21,0.714,10,33,43,25,7,4,16,20,6.0,2001-02
22001,1610612742,DAL,Dallas Mavericks,0020100688,2002-02-06,DAL @ NJN,W,239,112,40,78,0.513,5,20,0.25,27,27,1.0,7,30,37,20,6,3,14,19,12.0,2001-02
22001,1610612742,DAL,Dallas Mavericks,0020100682,2002-02-05,DAL @ IND,W,288,141,46,93,0.495,11,21,0.524,38,42,0.905,9,42,51,25,9,5,17,22,1.0,2001-02
22001,1610612742,DAL,Dallas Mavericks,0020100668,2002-02-03,DAL vs. LAL,L,240,94,32,85,0.376,4,28,0.143,26,33,0.788,9,39,48,21,3,5,6,24,-7.0,2001-02
22001,1610612742,DAL,Dallas Mavericks,0020100645,2002-01-31,DAL vs. HOU,W,240,95,41,95,0.432,6,21,0.286,7,15,0.467,20,29,49,14,8,5,6,21,4.0,2001-02
22001,1610612742,DAL,Dallas Mavericks,0020100630,2002-01-29,DAL vs. LAC,L,240,100,41,90,0.456,7,17,0.412,11,13,0.846,11,28,39,18,7,5,11,19,-17.0,2001-02
22001,1610612742,DAL,Dallas Mavericks,0020100619,2002-01-26,DAL @ LAC,W,239,133,49,85,0.576,11,21,0.524,24,28,0.857,10,24,34,23,10,3,7,20,21.0,2001-02
22001,1610612742,DAL,Dallas Mavericks,0020100602,2002-01-24,DAL @ DEN,W,240,104,40,81,0.494,9,14,0.643,15,20,0.75,8,34,42,28,4,6,14,15,7.0,2001-02
22001,1610612742,DAL,Dallas Mavericks,0020100586,2002-01-22,DAL @ HOU,W,241,113,39,89,0.438,10,21,0.476,25,27,0.926,15,32,47,20,2,7,13,24,6.0,2001-02
22001,1610612742,DAL,Dallas Mavericks,0020100574,2002-01-21,DAL vs. NJN,W,239,113,36,83,0.434,5,21,0.238,36,42,0.857,12,33,45,18,10,4,8,21,8.0,2001-02
22001,1610612742,DAL,Dallas Mavericks,0020100565,2002-01-19,DAL vs. UTA,W,239,106,34,76,0.447,9,17,0.529,29,33,0.879,15,32,47,17,3,2,16,22,3.0,2001-02
22001,1610612742,DAL,Dallas Mavericks,0020100546,2002-01-17,DAL @ MEM,W,240,108,39,82,0.476,9,16,0.563,21,26,0.808,14,25,39,21,11,2,12,21,11.0,2001-02
22001,1610612742,DAL,Dallas Mavericks,0020100529,2002-01-15,DAL @ ATL,W,241,116,39,82,0.476,18,40,0.45,20,28,0.714,9,28,37,27,12,5,12,25,9.0,2001-02
22001,1610612742,DAL,Dallas Mavericks,0020100523,2002-01-14,DAL @ ORL,L,240,87,33,82,0.402,4,19,0.211,17,24,0.708,13,22,35,14,10,4,11,26,-26.0,2001-02
22001,1610612742,DAL,Dallas Mavericks,0020100515,2002-01-12,DAL vs. IND,W,242,111,39,94,0.415,8,19,0.421,25,31,0.806,14,32,46,21,6,2,8,17,9.0,2001-02
22001,1610612742,DAL,Dallas Mavericks,0020100496,2002-01-10,DAL vs. NYK,W,239,111,43,81,0.531,4,20,0.2,21,25,0.84,9,36,45,26,10,8,13,22,22.0,2001-02
22001,1610612742,DAL,Dallas Mavericks,0020100484,2002-01-08,DAL vs. DEN,W,241,95,35,76,0.461,5,17,0.294,20,29,0.69,7,30,37,20,8,4,13,18,1.0,2001-02
22001,1610612742,DAL,Dallas Mavericks,0020100463,2002-01-05,DAL vs. SAS,L,241,103,37,86,0.43,6,14,0.429,23,29,0.793,16,29,45,24,2,3,9,27,-2.0,2001-02
22001,1610612742,DAL,Dallas Mavericks,0020100445,2002-01-03,DAL @ NYK,L,266,101,37,97,0.381,7,25,0.28,20,23,0.87,13,31,44,20,8,2,17,24,-7.0,2001-02
22001,1610612742,DAL,Dallas Mavericks,0020100438,2002-01-02,DAL @ CHI,W,239,107,36,78,0.462,7,19,0.368,28,36,0.778,7,28,35,24,9,5,13,24,10.0,2001-02
22001,1610612742,DAL,Dallas Mavericks,0020100420,2001-12-29,DAL vs. ATL,W,241,113,42,87,0.483,10,23,0.435,19,26,0.731,12,40,52,27,7,8,16,23,16.0,2001-02
22001,1610612742,DAL,Dallas Mavericks,0020100403,2001-12-27,DAL vs. CHI,W,240,89,36,82,0.439,5,18,0.278,12,21,0.571,12,32,44,24,13,5,15,24,15.0,2001-02
22001,1610612742,DAL,Dallas Mavericks,0020100392,2001-12-26,DAL @ SAS,W,265,126,47,84,0.56,7,15,0.467,25,29,0.862,10,31,41,24,7,3,20,31,3.0,2001-02
22001,1610612742,DAL,Dallas Mavericks,0020100376,2001-12-22,DAL vs. ORL,W,241,102,35,81,0.432,10,23,0.435,22,27,0.815,14,35,49,22,4,3,8,17,22.0,2001-02
22001,1610612742,DAL,Dallas Mavericks,0020100359,2001-12-20,DAL vs. MIL,W,240,113,45,87,0.517,9,25,0.36,14,21,0.667,11,39,50,27,9,6,13,22,12.0,2001-02
22001,1610612742,DAL,Dallas Mavericks,0020100342,2001-12-18,DAL @ MIN,W,240,107,35,80,0.438,9,20,0.45,28,32,0.875,10,27,37,17,3,4,11,20,4.0,2001-02
22001,1610612742,DAL,Dallas Mavericks,0020100325,2001-12-15,DAL vs. MIN,W,240,125,42,80,0.525,11,21,0.524,30,35,0.857,9,31,40,28,4,2,12,20,8.0,2001-02
22001,1610612742,DAL,Dallas Mavericks,0020100310,2001-12-13,DAL vs. CLE,W,239,102,39,84,0.464,8,17,0.471,16,23,0.696,13,35,48,24,4,4,11,17,20.0,2001-02
22001,1610612742,DAL,Dallas Mavericks,0020100297,2001-12-11,DAL vs. POR,W,240,105,37,86,0.43,6,19,0.316,25,32,0.781,17,25,42,22,7,7,10,22,2.0,2001-02
22001,1610612742,DAL,Dallas Mavericks,0020100289,2001-12-10,DAL @ UTA,L,240,98,35,75,0.467,7,23,0.304,21,24,0.875,8,29,37,20,4,3,14,33,-9.0,2001-02
22001,1610612742,DAL,Dallas Mavericks,0020100282,2001-12-08,DAL vs. WAS,L,238,95,40,83,0.482,7,18,0.389,8,14,0.571,11,19,30,26,8,1,11,28,-7.0,2001-02
22001,1610612742,DAL,Dallas Mavericks,0020100259,2001-12-05,DAL @ LAL,L,241,94,35,79,0.443,5,17,0.294,19,23,0.826,8,33,41,24,8,5,14,32,-4.0,2001-02
22001,1610612742,DAL,Dallas Mavericks,0020100240,2001-12-02,DAL @ SAC,W,263,120,45,87,0.517,8,21,0.381,22,29,0.759,8,34,42,26,6,7,9,25,6.0,2001-02
22001,1610612742,DAL,Dallas Mavericks,0020100236,2001-12-01,DAL @ GSW,W,240,111,45,90,0.5,6,17,0.353,15,19,0.789,11,38,49,34,11,4,9,35,29.0,2001-02
22001,1610612742,DAL,Dallas Mavericks,0020100217,2001-11-29,DAL vs. SAC,L,242,98,39,88,0.443,8,23,0.348,12,12,1.0,13,26,39,23,7,5,14,23,-12.0,2001-02
22001,1610612742,DAL,Dallas Mavericks,0020100201,2001-11-27,DAL vs. GSW,W,239,116,44,88,0.5,5,15,0.333,23,27,0.852,12,27,39,24,6,2,7,23,10.0,2001-02
22001,1610612742,DAL,Dallas Mavericks,0020100185,2001-11-24,DAL vs. PHX,W,240,119,39,82,0.476,8,14,0.571,33,38,0.868,15,28,43,16,6,6,10,21,15.0,2001-02
22001,1610612742,DAL,Dallas Mavericks,0020100170,2001-11-23,DAL @ MIA,W,239,104,38,80,0.475,6,15,0.4,22,26,0.846,12,32,44,19,5,4,10,24,10.0,2001-02
22001,1610612742,DAL,Dallas Mavericks,0020100156,2001-11-21,DAL @ CHH,W,240,89,34,87,0.391,4,18,0.222,17,19,0.895,11,28,39,18,9,7,7,22,11.0,2001-02
22001,1610612742,DAL,Dallas Mavericks,0020100150,2001-11-20,DAL vs. SEA,L,241,97,40,97,0.412,8,26,0.308,9,10,0.9,21,30,51,21,8,4,9,24,-8.0,2001-02
22001,1610612742,DAL,Dallas Mavericks,0020100138,2001-11-17,DAL @ HOU,L,240,87,37,84,0.44,4,13,0.308,9,14,0.643,7,22,29,16,8,3,12,26,-37.0,2001-02
22001,1610612742,DAL,Dallas Mavericks,0020100117,2001-11-15,DAL @ DET,L,239,89,35,86,0.407,4,13,0.308,15,16,0.938,12,28,40,9,0,1,9,19,-26.0,2001-02
22001,1610612742,DAL,Dallas Mavericks,0020100111,2001-11-14,DAL @ CLE,W,240,107,46,83,0.554,5,13,0.385,10,14,0.714,10,26,36,27,5,5,9,17,13.0,2001-02
22001,1610612742,DAL,Dallas Mavericks,0020100091,2001-11-10,DAL vs. PHI,L,240,91,30,79,0.38,7,21,0.333,24,26,0.923,9,29,38,21,9,5,13,15,-7.0,2001-02
22001,1610612742,DAL,Dallas Mavericks,0020100074,2001-11-08,DAL vs. DEN,W,243,105,36,79,0.456,4,11,0.364,29,36,0.806,16,33,49,22,4,13,12,21,14.0,2001-02
22001,1610612742,DAL,Dallas Mavericks,0020100059,2001-11-06,DAL vs. CHH,W,238,110,38,79,0.481,7,19,0.368,27,32,0.844,6,36,42,22,9,5,9,15,18.0,2001-02
22001,1610612742,DAL,Dallas Mavericks,0020100045,2001-11-04,DAL @ MEM,W,240,94,37,78,0.474,2,18,0.111,18,31,0.581,5,37,42,24,11,5,15,26,9.0,2001-02
22001,1610612742,DAL,Dallas Mavericks,0020100026,2001-11-02,DAL @ TOR,L,240,92,33,79,0.418,7,18,0.389,19,24,0.792,7,32,39,19,3,4,16,15,-17.0,2001-02
22001,1610612742,DAL,Dallas Mavericks,0020100019,2001-11-01,DAL @ PHI,W,239,99,35,79,0.443,9,25,0.36,20,28,0.714,8,30,38,21,9,3,9,18,7.0,2001-02
22001,1610612742,DAL,Dallas Mavericks,0020100006,2001-10-30,DAL vs. DET,W,239,94,34,82,0.415,8,19,0.421,18,20,0.9,12,30,42,24,9,4,13,20,7.0,2001-02
42001,1610612742,DAL,Dallas Mavericks,0040100225,2002-05-13,DAL @ SAC,L,239,101,40,84,0.476,6,18,0.333,15,20,0.75,10,30,40,23,5,3,11,25,-13.0,2001-02
42001,1610612742,DAL,Dallas Mavericks,0040100224,2002-05-11,DAL vs. SAC,L,266,113,40,93,0.43,9,23,0.391,24,26,0.923,14,28,42,22,9,4,16,26,-1.0,2001-02
42001,1610612742,DAL,Dallas Mavericks,0040100223,2002-05-09,DAL vs. SAC,L,241,119,43,94,0.457,8,25,0.32,25,29,0.862,14,24,38,24,6,2,11,26,-6.0,2001-02
42001,1610612742,DAL,Dallas Mavericks,0040100222,2002-05-06,DAL @ SAC,W,239,110,42,87,0.483,7,19,0.368,19,24,0.792,11,37,48,17,5,7,15,23,8.0,2001-02
42001,1610612742,DAL,Dallas Mavericks,0040100221,2002-05-04,DAL @ SAC,L,241,91,35,90,0.389,6,23,0.261,15,22,0.682,13,30,43,13,4,5,14,25,-17.0,2001-02
42001,1610612742,DAL,Dallas Mavericks,0040100173,2002-04-28,DAL @ MIN,W,239,115,35,78,0.449,13,24,0.542,32,35,0.914,9,31,40,18,8,2,13,30,13.0,2001-02
42001,1610612742,DAL,Dallas Mavericks,0040100172,2002-04-24,DAL vs. MIN,W,241,122,46,94,0.489,11,22,0.5,19,23,0.826,12,33,45,23,6,4,6,30,12.0,2001-02
42001,1610612742,DAL,Dallas Mavericks,0040100171,2002-04-21,DAL vs. MIN,W,239,101,37,84,0.44,7,23,0.304,20,23,0.87,4,35,39,17,7,10,8,21,7.0,2001-02
22002,1610612742,DAL,Dallas Mavericks,0020201184,2003-04-16,DAL @ SAS,W,240,93,40,91,0.44,6,17,0.353,7,8,0.875,9,35,44,28,12,2,10,18,21.0,2002-03
22002,1610612742,DAL,Dallas Mavericks,0020201168,2003-04-14,DAL vs. SEA,W,241,109,41,83,0.494,5,18,0.278,22,31,0.71,11,38,49,26,4,7,11,25,3.0,2002-03
22002,1610612742,DAL,Dallas Mavericks,0020201154,2003-04-12,DAL vs. GSW,W,241,117,39,88,0.443,7,19,0.368,32,34,0.941,9,39,48,28,8,4,12,17,9.0,2002-03
22002,1610612742,DAL,Dallas Mavericks,0020201147,2003-04-11,DAL @ UTA,L,240,92,33,76,0.434,13,24,0.542,13,14,0.929,5,24,29,19,6,3,13,30,-3.0,2002-03
22002,1610612742,DAL,Dallas Mavericks,0020201133,2003-04-09,DAL @ PHX,L,241,89,32,80,0.4,7,19,0.368,18,23,0.783,12,29,41,19,6,6,19,19,-23.0,2002-03
22002,1610612742,DAL,Dallas Mavericks,0020201123,2003-04-08,DAL @ LAL,L,241,99,33,81,0.407,13,33,0.394,20,22,0.909,6,31,37,23,8,2,14,25,-9.0,2002-03
22002,1610612742,DAL,Dallas Mavericks,0020201101,2003-04-05,DAL vs. ORL,W,239,108,42,85,0.494,11,23,0.478,13,17,0.765,9,30,39,29,10,3,16,20,18.0,2002-03
22002,1610612742,DAL,Dallas Mavericks,0020201086,2003-04-03,DAL vs. LAL,L,240,89,33,89,0.371,7,23,0.304,16,16,1.0,11,33,44,15,11,3,14,26,-11.0,2002-03
22002,1610612742,DAL,Dallas Mavericks,0020201070,2003-04-01,DAL vs. NOH,W,239,95,38,83,0.458,1,5,0.2,18,21,0.857,11,31,42,20,14,7,8,21,9.0,2002-03
22002,1610612742,DAL,Dallas Mavericks,0020201054,2003-03-30,DAL @ MIN,W,238,119,49,88,0.557,11,23,0.478,10,14,0.714,11,29,40,39,5,4,12,27,24.0,2002-03
22002,1610612742,DAL,Dallas Mavericks,0020201047,2003-03-28,DAL @ POR,L,240,95,38,84,0.452,5,16,0.313,14,16,0.875,6,21,27,19,9,2,9,20,-17.0,2002-03
22002,1610612742,DAL,Dallas Mavericks,0020201033,2003-03-26,DAL @ LAC,W,241,114,41,86,0.477,8,21,0.381,24,27,0.889,14,29,43,27,8,3,9,21,7.0,2002-03
22002,1610612742,DAL,Dallas Mavericks,0020201012,2003-03-24,DAL @ DEN,W,240,108,36,80,0.45,8,20,0.4,28,30,0.933,13,28,41,17,11,10,12,24,12.0,2002-03
22002,1610612742,DAL,Dallas Mavericks,0020200999,2003-03-22,DAL vs. PHX,W,240,102,39,84,0.464,7,21,0.333,17,24,0.708,12,32,44,27,4,3,10,18,7.0,2002-03
22002,1610612742,DAL,Dallas Mavericks,0020200982,2003-03-20,DAL vs. SAS,L,265,110,39,89,0.438,8,21,0.381,24,30,0.8,15,31,46,17,6,3,12,21,-2.0,2002-03
22002,1610612742,DAL,Dallas Mavericks,0020200966,2003-03-18,DAL vs. CLE,W,240,114,41,80,0.513,9,17,0.529,23,30,0.767,6,30,36,27,13,9,13,24,21.0,2002-03
22002,1610612742,DAL,Dallas Mavericks,0020200951,2003-03-16,DAL @ SAC,W,264,129,47,99,0.475,10,25,0.4,25,33,0.758,12,43,55,26,6,5,11,22,6.0,2002-03
22002,1610612742,DAL,Dallas Mavericks,0020200942,2003-03-14,DAL @ GSW,W,239,116,47,95,0.495,10,26,0.385,12,15,0.8,18,24,42,27,7,9,10,25,2.0,2002-03
22002,1610612742,DAL,Dallas Mavericks,0020200932,2003-03-13,DAL @ SEA,L,239,100,41,84,0.488,7,26,0.269,11,13,0.846,9,23,32,17,5,2,11,27,-7.0,2002-03
22002,1610612742,DAL,Dallas Mavericks,0020200911,2003-03-10,DAL vs. MIN,L,242,83,33,103,0.32,5,25,0.2,12,16,0.75,30,30,60,22,5,1,10,18,-9.0,2002-03
22002,1610612742,DAL,Dallas Mavericks,0020200897,2003-03-08,DAL vs. UTA,W,240,101,39,82,0.476,7,17,0.412,16,21,0.762,13,30,43,18,11,9,13,19,24.0,2002-03
22002,1610612742,DAL,Dallas Mavericks,0020200887,2003-03-07,DAL @ MIA,W,240,91,34,87,0.391,7,17,0.412,16,18,0.889,18,31,49,17,8,3,10,19,2.0,2002-03
22002,1610612742,DAL,Dallas Mavericks,0020200867,2003-03-04,DAL vs. NJN,W,239,88,34,81,0.42,5,14,0.357,15,17,0.882,10,26,36,21,10,1,9,18,9.0,2002-03
22002,1610612742,DAL,Dallas Mavericks,0020200846,2003-03-01,DAL vs. MEM,W,241,114,45,91,0.495,8,18,0.444,16,19,0.842,13,36,49,31,10,2,10,25,27.0,2002-03
22002,1610612742,DAL,Dallas Mavericks,0020200832,2003-02-27,DAL vs. SAC,L,266,124,45,96,0.469,11,28,0.393,23,26,0.885,10,30,40,30,8,7,11,19,-1.0,2002-03
22002,1610612742,DAL,Dallas Mavericks,0020200813,2003-02-25,DAL @ ORL,L,241,93,39,83,0.47,7,24,0.292,8,10,0.8,7,20,27,18,7,10,13,22,-5.0,2002-03
22002,1610612742,DAL,Dallas Mavericks,0020200800,2003-02-23,DAL @ WAS,W,264,106,40,85,0.471,10,26,0.385,16,18,0.889,6,33,39,19,7,3,15,20,5.0,2002-03
22002,1610612742,DAL,Dallas Mavericks,0020200789,2003-02-21,DAL @ HOU,W,241,100,38,77,0.494,6,17,0.353,18,25,0.72,6,34,40,23,9,6,9,18,15.0,2002-03
22002,1610612742,DAL,Dallas Mavericks,0020200781,2003-02-20,DAL vs. SAS,W,239,95,37,82,0.451,7,21,0.333,14,19,0.737,13,34,47,19,12,6,12,25,8.0,2002-03
22002,1610612742,DAL,Dallas Mavericks,0020200766,2003-02-18,DAL vs. ATL,W,241,105,40,78,0.513,9,16,0.563,16,17,0.941,10,36,46,24,8,6,18,27,26.0,2002-03
22002,1610612742,DAL,Dallas Mavericks,0020200745,2003-02-15,DAL vs. MIA,W,240,98,31,73,0.425,5,15,0.333,31,38,0.816,6,32,38,18,6,7,5,18,6.0,2002-03
22002,1610612742,DAL,Dallas Mavericks,0020200737,2003-02-14,DAL @ MEM,W,240,110,40,85,0.471,10,29,0.345,20,20,1.0,15,36,51,24,4,9,16,23,7.0,2002-03
22002,1610612742,DAL,Dallas Mavericks,0020200726,2003-02-12,DAL @ MIL,L,241,114,48,97,0.495,8,24,0.333,10,17,0.588,14,29,43,26,4,3,5,24,-6.0,2002-03
22002,1610612742,DAL,Dallas Mavericks,0020200712,2003-02-11,DAL @ MIN,L,242,98,36,82,0.439,13,25,0.52,13,19,0.684,6,27,33,27,10,4,14,24,-2.0,2002-03
22002,1610612742,DAL,Dallas Mavericks,0020200695,2003-02-04,DAL vs. SAC,L,239,109,38,87,0.437,13,29,0.448,20,24,0.833,7,34,41,27,7,5,7,15,-1.0,2002-03
22002,1610612742,DAL,Dallas Mavericks,0020200686,2003-02-03,DAL @ UTA,W,240,92,37,84,0.44,12,29,0.414,6,7,0.857,8,23,31,21,8,11,10,17,2.0,2002-03
22002,1610612742,DAL,Dallas Mavericks,0020200673,2003-02-01,DAL vs. DEN,W,240,122,48,87,0.552,12,20,0.6,14,17,0.824,8,28,36,31,8,4,12,20,22.0,2002-03
22002,1610612742,DAL,Dallas Mavericks,0020200653,2003-01-30,DAL vs. MIN,W,240,112,44,91,0.484,8,19,0.421,16,23,0.696,15,29,44,25,6,7,5,15,3.0,2002-03
22002,1610612742,DAL,Dallas Mavericks,0020200649,2003-01-29,DAL @ HOU,W,242,104,36,85,0.424,15,32,0.469,17,18,0.944,9,31,40,25,11,10,12,22,23.0,2002-03
22002,1610612742,DAL,Dallas Mavericks,0020200629,2003-01-26,DAL vs. POR,L,240,93,35,76,0.461,8,22,0.364,15,23,0.652,11,23,34,22,6,10,14,23,-7.0,2002-03
22002,1610612742,DAL,Dallas Mavericks,0020200606,2003-01-24,DAL @ NYK,W,239,101,34,77,0.442,9,23,0.391,24,30,0.8,8,29,37,21,9,1,9,15,11.0,2002-03
22002,1610612742,DAL,Dallas Mavericks,0020200603,2003-01-23,DAL @ PHI,W,240,107,42,85,0.494,12,22,0.545,11,11,1.0,9,30,39,24,7,7,10,22,13.0,2002-03
22002,1610612742,DAL,Dallas Mavericks,0020200589,2003-01-21,DAL vs. HOU,W,240,107,36,86,0.419,8,18,0.444,27,28,0.964,14,23,37,22,15,6,9,32,21.0,2002-03
22002,1610612742,DAL,Dallas Mavericks,0020200575,2003-01-19,DAL @ SEA,L,240,81,30,79,0.38,6,19,0.316,15,19,0.789,12,23,35,14,3,4,13,16,-4.0,2002-03
22002,1610612742,DAL,Dallas Mavericks,0020200562,2003-01-17,DAL @ PHX,L,240,106,36,94,0.383,9,26,0.346,25,27,0.926,19,31,50,14,5,4,8,22,-5.0,2002-03
22002,1610612742,DAL,Dallas Mavericks,0020200549,2003-01-15,DAL @ SAC,L,241,94,39,91,0.429,5,18,0.278,11,16,0.688,13,27,40,20,6,2,16,18,-29.0,2002-03
22002,1610612742,DAL,Dallas Mavericks,0020200524,2003-01-12,DAL @ LAC,W,240,96,36,80,0.45,6,20,0.3,18,24,0.75,11,27,38,20,4,8,9,18,6.0,2002-03
22002,1610612742,DAL,Dallas Mavericks,0020200510,2003-01-10,DAL vs. BOS,W,240,103,39,84,0.464,8,18,0.444,17,20,0.85,15,34,49,30,6,6,8,20,25.0,2002-03
22002,1610612742,DAL,Dallas Mavericks,0020200495,2003-01-08,DAL @ ATL,W,239,117,45,88,0.511,10,21,0.476,17,19,0.895,8,31,39,28,7,2,8,14,18.0,2002-03
22002,1610612742,DAL,Dallas Mavericks,0020200485,2003-01-06,DAL vs. DEN,W,239,86,31,76,0.408,3,15,0.2,21,27,0.778,13,26,39,20,11,5,10,19,15.0,2002-03
22002,1610612742,DAL,Dallas Mavericks,0020200463,2003-01-04,DAL vs. PHI,W,239,102,40,79,0.506,3,10,0.3,19,25,0.76,15,28,43,21,5,12,12,19,19.0,2002-03
22002,1610612742,DAL,Dallas Mavericks,0020200451,2003-01-02,DAL vs. LAC,W,239,102,38,89,0.427,1,11,0.091,25,30,0.833,9,35,44,19,7,11,8,24,10.0,2002-03
22002,1610612742,DAL,Dallas Mavericks,0020200438,2002-12-30,DAL vs. MIL,L,240,107,41,102,0.402,3,19,0.158,22,26,0.846,16,30,46,24,9,4,6,15,-3.0,2002-03
22002,1610612742,DAL,Dallas Mavericks,0020200424,2002-12-28,DAL vs. NYK,W,239,107,45,83,0.542,4,15,0.267,13,17,0.765,8,35,43,31,7,6,8,15,25.0,2002-03
22002,1610612742,DAL,Dallas Mavericks,0020200406,2002-12-26,DAL @ NOH,W,239,83,34,90,0.378,3,14,0.214,12,15,0.8,9,34,43,20,5,10,7,20,2.0,2002-03
22002,1610612742,DAL,Dallas Mavericks,0020200398,2002-12-23,DAL vs. WAS,W,239,92,33,81,0.407,3,13,0.231,23,28,0.821,15,39,54,15,5,3,9,21,6.0,2002-03
22002,1610612742,DAL,Dallas Mavericks,0020200375,2002-12-20,DAL vs. UTA,L,240,81,25,75,0.333,4,24,0.167,27,31,0.871,10,27,37,9,10,4,12,29,-12.0,2002-03
22002,1610612742,DAL,Dallas Mavericks,0020200362,2002-12-18,DAL @ DEN,W,240,80,27,82,0.329,6,24,0.25,20,21,0.952,9,29,38,17,11,8,9,22,5.0,2002-03
22002,1610612742,DAL,Dallas Mavericks,0020200353,2002-12-17,DAL vs. IND,W,241,118,46,97,0.474,10,24,0.417,16,18,0.889,16,31,47,27,9,8,11,25,21.0,2002-03
22002,1610612742,DAL,Dallas Mavericks,0020200334,2002-12-14,DAL vs. MEM,W,240,104,41,95,0.432,8,25,0.32,14,16,0.875,18,34,52,19,9,11,10,21,17.0,2002-03
22002,1610612742,DAL,Dallas Mavericks,0020200313,2002-12-11,DAL @ SAS,L,240,104,42,93,0.452,10,28,0.357,10,13,0.769,6,29,35,22,9,5,11,23,-7.0,2002-03
22002,1610612742,DAL,Dallas Mavericks,0020200303,2002-12-10,DAL vs. LAC,W,240,122,43,81,0.531,14,24,0.583,22,24,0.917,11,34,45,29,7,8,12,26,27.0,2002-03
22002,1610612742,DAL,Dallas Mavericks,0020200288,2002-12-07,DAL @ GSW,W,243,121,40,82,0.488,5,13,0.385,36,41,0.878,9,27,36,18,9,6,10,24,5.0,2002-03
22002,1610612742,DAL,Dallas Mavericks,0020200278,2002-12-06,DAL @ LAL,L,242,103,33,80,0.413,15,25,0.6,22,24,0.917,4,27,31,21,7,3,7,24,-2.0,2002-03
22002,1610612742,DAL,Dallas Mavericks,0020200264,2002-12-04,DAL @ POR,W,239,103,41,90,0.456,13,28,0.464,8,10,0.8,16,35,51,23,8,5,15,19,15.0,2002-03
22002,1610612742,DAL,Dallas Mavericks,0020200246,2002-12-02,DAL vs. TOR,W,240,113,41,74,0.554,6,13,0.462,25,30,0.833,8,28,36,23,12,5,10,16,11.0,2002-03
22002,1610612742,DAL,Dallas Mavericks,0020200233,2002-11-30,DAL vs. CHI,W,241,103,41,82,0.5,9,21,0.429,12,16,0.75,8,38,46,26,10,4,17,28,13.0,2002-03
22002,1610612742,DAL,Dallas Mavericks,0020200216,2002-11-28,DAL @ IND,L,240,98,34,90,0.378,8,28,0.286,22,28,0.786,12,24,36,18,10,7,11,24,-12.0,2002-03
22002,1610612742,DAL,Dallas Mavericks,0020200208,2002-11-27,DAL @ DET,W,240,102,37,86,0.43,2,11,0.182,26,30,0.867,15,36,51,19,10,7,8,19,20.0,2002-03
22002,1610612742,DAL,Dallas Mavericks,0020200185,2002-11-23,DAL vs. SEA,W,241,115,39,92,0.424,8,26,0.308,29,31,0.935,18,29,47,19,6,4,10,20,10.0,2002-03
22002,1610612742,DAL,Dallas Mavericks,0020200166,2002-11-21,DAL vs. HOU,W,240,103,41,84,0.488,8,13,0.615,13,18,0.722,8,35,43,23,8,4,10,18,13.0,2002-03
22002,1610612742,DAL,Dallas Mavericks,0020200151,2002-11-19,DAL vs. LAL,W,238,98,37,92,0.402,5,14,0.357,19,22,0.864,15,49,64,21,9,4,14,21,26.0,2002-03
22002,1610612742,DAL,Dallas Mavericks,0020200131,2002-11-16,DAL @ NJN,W,240,96,38,88,0.432,6,9,0.667,14,16,0.875,12,33,45,17,6,6,12,15,8.0,2002-03
22002,1610612742,DAL,Dallas Mavericks,0020200119,2002-11-15,DAL @ BOS,W,241,97,38,81,0.469,7,21,0.333,14,18,0.778,10,40,50,26,8,7,16,14,11.0,2002-03
22002,1610612742,DAL,Dallas Mavericks,0020200109,2002-11-13,DAL @ CLE,W,240,103,37,79,0.468,2,15,0.133,27,29,0.931,8,27,35,18,5,4,10,22,4.0,2002-03
22002,1610612742,DAL,Dallas Mavericks,0020200097,2002-11-11,DAL vs. POR,W,240,82,31,78,0.397,7,25,0.28,13,15,0.867,14,40,54,20,16,4,18,20,9.0,2002-03
22002,1610612742,DAL,Dallas Mavericks,0020200088,2002-11-09,DAL vs. DET,W,241,114,41,79,0.519,8,17,0.471,24,28,0.857,5,34,39,24,10,2,3,24,39.0,2002-03
22002,1610612742,DAL,Dallas Mavericks,0020200078,2002-11-08,DAL @ CHI,W,240,114,40,81,0.494,9,18,0.5,25,30,0.833,9,38,47,26,10,11,13,21,27.0,2002-03
22002,1610612742,DAL,Dallas Mavericks,0020200062,2002-11-06,DAL @ TOR,W,239,106,41,79,0.519,8,13,0.615,16,21,0.762,9,33,42,22,7,7,12,14,14.0,2002-03
22002,1610612742,DAL,Dallas Mavericks,0020200050,2002-11-04,DAL vs. GSW,W,241,107,41,88,0.466,7,19,0.368,18,25,0.72,12,35,47,16,8,6,15,25,7.0,2002-03
22002,1610612742,DAL,Dallas Mavericks,0020200038,2002-11-02,DAL vs. PHX,W,239,97,34,78,0.436,9,20,0.45,20,26,0.769,9,25,34,21,11,4,13,20,14.0,2002-03
22002,1610612742,DAL,Dallas Mavericks,0020200012,2002-10-30,DAL @ MEM,W,240,119,47,95,0.495,10,24,0.417,15,20,0.75,13,33,46,32,11,3,13,25,11.0,2002-03
42002,1610612742,DAL,Dallas Mavericks,0040200316,2003-05-29,DAL vs. SAS,L,240,78,33,78,0.423,5,18,0.278,7,11,0.636,8,34,42,21,4,10,17,20,-12.0,2002-03
42002,1610612742,DAL,Dallas Mavericks,0040200315,2003-05-27,DAL @ SAS,W,240,103,36,83,0.434,8,22,0.364,23,23,1.0,11,31,42,16,9,2,11,25,12.0,2002-03
42002,1610612742,DAL,Dallas Mavericks,0040200314,2003-05-25,DAL vs. SAS,L,240,95,37,85,0.435,12,31,0.387,9,13,0.692,14,26,40,15,5,7,13,22,-7.0,2002-03
42002,1610612742,DAL,Dallas Mavericks,0040200313,2003-05-23,DAL vs. SAS,L,240,83,35,87,0.402,9,19,0.474,4,6,0.667,7,29,36,24,8,8,13,23,-13.0,2002-03
42002,1610612742,DAL,Dallas Mavericks,0040200312,2003-05-21,DAL @ SAS,L,240,106,37,90,0.411,12,30,0.4,20,22,0.909,8,33,41,22,9,2,11,26,-13.0,2002-03
42002,1610612742,DAL,Dallas Mavericks,0040200311,2003-05-19,DAL @ SAS,W,240,113,29,72,0.403,6,16,0.375,49,50,0.98,10,36,46,10,4,5,14,36,3.0,2002-03
42002,1610612742,DAL,Dallas Mavericks,0040200237,2003-05-17,DAL vs. SAC,W,240,112,45,91,0.495,11,20,0.55,11,16,0.688,8,40,48,27,6,5,7,19,13.0,2002-03
42002,1610612742,DAL,Dallas Mavericks,0040200236,2003-05-15,DAL @ SAC,L,240,109,40,82,0.488,10,26,0.385,19,22,0.864,6,32,38,16,4,9,14,23,-6.0,2002-03
42002,1610612742,DAL,Dallas Mavericks,0040200235,2003-05-13,DAL vs. SAC,W,240,112,38,86,0.442,7,23,0.304,29,36,0.806,15,43,58,23,8,11,11,25,19.0,2002-03
42002,1610612742,DAL,Dallas Mavericks,0040200234,2003-05-11,DAL @ SAC,L,240,83,36,95,0.379,3,20,0.15,8,15,0.533,17,36,53,16,4,3,16,22,-16.0,2002-03
42002,1610612742,DAL,Dallas Mavericks,0040200233,2003-05-10,DAL @ SAC,W,290,141,53,110,0.482,19,42,0.452,16,20,0.8,11,36,47,28,7,2,10,31,4.0,2002-03
42002,1610612742,DAL,Dallas Mavericks,0040200232,2003-05-08,DAL vs. SAC,W,240,132,51,99,0.515,17,32,0.531,13,18,0.722,14,32,46,23,5,4,11,25,22.0,2002-03
42002,1610612742,DAL,Dallas Mavericks,0040200231,2003-05-06,DAL vs. SAC,L,240,113,46,98,0.469,8,24,0.333,13,18,0.722,16,26,42,25,4,5,13,23,-11.0,2002-03
42002,1610612742,DAL,Dallas Mavericks,0040200167,2003-05-04,DAL vs. POR,W,240,107,38,83,0.458,7,20,0.35,24,26,0.923,13,29,42,15,7,9,11,24,12.0,2002-03
42002,1610612742,DAL,Dallas Mavericks,0040200166,2003-05-02,DAL @ POR,L,240,103,39,92,0.424,9,17,0.529,16,21,0.762,17,15,32,26,6,2,11,23,-22.0,2002-03
42002,1610612742,DAL,Dallas Mavericks,0040200165,2003-04-30,DAL vs. POR,L,240,99,36,73,0.493,3,11,0.273,24,29,0.828,11,21,32,18,6,2,11,24,-4.0,2002-03
42002,1610612742,DAL,Dallas Mavericks,0040200164,2003-04-27,DAL @ POR,L,240,79,31,83,0.373,5,20,0.25,12,13,0.923,10,34,44,18,6,6,15,28,-19.0,2002-03
42002,1610612742,DAL,Dallas Mavericks,0040200163,2003-04-25,DAL @ POR,W,240,115,42,83,0.506,13,29,0.448,18,21,0.857,10,24,34,27,8,2,6,26,12.0,2002-03
42002,1610612742,DAL,Dallas Mavericks,0040200162,2003-04-23,DAL vs. POR,W,240,103,38,78,0.487,12,25,0.48,15,18,0.833,10,28,38,20,8,0,14,25,4.0,2002-03
42002,1610612742,DAL,Dallas Mavericks,0040200161,2003-04-19,DAL vs. POR,W,240,96,34,73,0.466,8,18,0.444,20,24,0.833,7,33,40,18,3,9,10,16,10.0,2002-03
22003,1610612742,DAL,Dallas Mavericks,0020301186,2004-04-14,DAL @ HOU,W,240,92,31,76,0.408,7,18,0.389,23,34,0.676,5,35,40,22,13,9,7,17,3.0,2003-04
22003,1610612742,DAL,Dallas Mavericks,0020301173,2004-04-13,DAL vs. MEM,W,240,110,43,82,0.524,5,17,0.294,19,22,0.864,7,30,37,21,13,5,14,18,7.0,2003-04
22003,1610612742,DAL,Dallas Mavericks,0020301159,2004-04-11,DAL @ GSW,L,240,107,40,89,0.449,3,9,0.333,24,26,0.923,15,30,45,25,9,3,13,18,-1.0,2003-04
22003,1610612742,DAL,Dallas Mavericks,0020301147,2004-04-10,DAL @ SEA,L,240,99,40,93,0.43,7,16,0.438,12,14,0.857,11,32,43,24,6,6,13,10,-20.0,2003-04
22003,1610612742,DAL,Dallas Mavericks,0020301134,2004-04-08,DAL vs. UTA,W,240,117,41,77,0.532,9,17,0.529,26,30,0.867,14,24,38,23,9,6,5,18,23.0,2003-04
22003,1610612742,DAL,Dallas Mavericks,0020301120,2004-04-06,DAL vs. SEA,W,240,118,48,87,0.552,5,14,0.357,17,17,1.0,12,31,43,30,3,9,9,10,10.0,2003-04
22003,1610612742,DAL,Dallas Mavericks,0020301104,2004-04-03,DAL vs. PHX,W,240,124,50,82,0.61,10,24,0.417,14,17,0.824,10,32,42,37,8,6,15,13,21.0,2003-04
22003,1610612742,DAL,Dallas Mavericks,0020301087,2004-04-01,DAL vs. SAC,W,240,127,52,96,0.542,8,20,0.4,15,18,0.833,13,32,45,32,9,4,12,27,10.0,2003-04
22003,1610612742,DAL,Dallas Mavericks,0020301073,2004-03-30,DAL vs. CLE,W,240,126,49,90,0.544,6,10,0.6,22,30,0.733,17,29,46,23,12,6,13,23,17.0,2003-04
22003,1610612742,DAL,Dallas Mavericks,0020301057,2004-03-28,DAL @ ORL,W,240,118,50,90,0.556,6,12,0.5,12,15,0.8,13,40,53,34,9,9,10,19,30.0,2003-04
22003,1610612742,DAL,Dallas Mavericks,0020301041,2004-03-26,DAL @ MIA,L,265,118,46,98,0.469,2,11,0.182,24,28,0.857,16,40,56,18,7,7,14,25,-1.0,2003-04
22003,1610612742,DAL,Dallas Mavericks,0020301028,2004-03-24,DAL @ IND,L,240,99,41,83,0.494,4,10,0.4,13,16,0.813,8,34,42,25,11,9,17,19,-4.0,2003-04
22003,1610612742,DAL,Dallas Mavericks,0020301013,2004-03-22,DAL @ PHI,L,240,98,40,84,0.476,7,18,0.389,11,17,0.647,16,16,32,22,13,3,11,19,-9.0,2003-04
22003,1610612742,DAL,Dallas Mavericks,0020301004,2004-03-21,DAL @ NJN,W,240,101,43,85,0.506,5,10,0.5,10,16,0.625,11,22,33,29,10,5,14,18,3.0,2003-04
22003,1610612742,DAL,Dallas Mavericks,0020300993,2004-03-19,DAL vs. BOS,W,240,120,45,85,0.529,5,12,0.417,25,29,0.862,16,30,46,29,11,5,16,25,16.0,2003-04
22003,1610612742,DAL,Dallas Mavericks,0020300980,2004-03-17,DAL vs. ATL,L,240,110,46,94,0.489,8,19,0.421,10,14,0.714,11,30,41,27,7,1,11,20,-1.0,2003-04
22003,1610612742,DAL,Dallas Mavericks,0020300963,2004-03-14,DAL @ LAC,W,240,101,38,84,0.452,4,11,0.364,21,24,0.875,10,40,50,26,7,5,9,19,13.0,2003-04
22003,1610612742,DAL,Dallas Mavericks,0020300954,2004-03-13,DAL @ PHX,W,240,113,44,97,0.454,6,14,0.429,19,26,0.731,20,44,64,23,6,7,12,20,23.0,2003-04
22003,1610612742,DAL,Dallas Mavericks,0020300937,2004-03-11,DAL @ SAC,L,240,102,43,105,0.41,6,16,0.375,10,14,0.714,17,28,45,24,11,6,11,13,-18.0,2003-04
22003,1610612742,DAL,Dallas Mavericks,0020300915,2004-03-08,DAL vs. PHX,W,240,103,40,96,0.417,3,15,0.2,20,21,0.952,24,26,50,15,12,5,7,19,14.0,2003-04
22003,1610612742,DAL,Dallas Mavericks,0020300904,2004-03-07,DAL @ HOU,L,240,98,35,84,0.417,8,18,0.444,20,27,0.741,12,23,35,21,20,6,17,19,-3.0,2003-04
22003,1610612742,DAL,Dallas Mavericks,0020300892,2004-03-05,DAL @ SAS,L,240,100,34,90,0.378,3,11,0.273,29,35,0.829,16,25,41,19,13,3,15,31,-13.0,2003-04
22003,1610612742,DAL,Dallas Mavericks,0020300879,2004-03-03,DAL @ MIN,L,240,97,39,108,0.361,2,10,0.2,17,21,0.81,24,29,53,26,5,3,8,14,-24.0,2003-04
22003,1610612742,DAL,Dallas Mavericks,0020300870,2004-03-02,DAL vs. SEA,W,240,107,41,84,0.488,3,14,0.214,22,30,0.733,14,40,54,22,2,4,11,20,11.0,2003-04
22003,1610612742,DAL,Dallas Mavericks,0020300853,2004-02-28,DAL vs. POR,W,240,111,46,89,0.517,3,15,0.2,16,18,0.889,12,32,44,29,4,11,9,24,20.0,2003-04
22003,1610612742,DAL,Dallas Mavericks,0020300835,2004-02-26,DAL vs. SAS,W,240,115,41,78,0.526,10,19,0.526,23,26,0.885,12,34,46,24,7,5,15,21,24.0,2003-04
22003,1610612742,DAL,Dallas Mavericks,0020300820,2004-02-24,DAL vs. LAC,W,240,116,43,87,0.494,6,17,0.353,24,28,0.857,16,32,48,28,3,8,12,22,25.0,2003-04
22003,1610612742,DAL,Dallas Mavericks,0020300799,2004-02-21,DAL vs. HOU,W,240,97,37,87,0.425,8,18,0.444,15,20,0.75,15,32,47,21,7,3,11,14,9.0,2003-04
22003,1610612742,DAL,Dallas Mavericks,0020300775,2004-02-18,DAL @ CLE,W,240,114,45,95,0.474,4,14,0.286,20,22,0.909,18,35,53,26,9,8,7,17,16.0,2003-04
22003,1610612742,DAL,Dallas Mavericks,0020300767,2004-02-17,DAL @ MEM,L,240,92,39,96,0.406,2,11,0.182,12,17,0.706,21,30,51,21,6,10,15,24,-17.0,2003-04
22003,1610612742,DAL,Dallas Mavericks,0020300746,2004-02-10,DAL vs. NYK,W,240,105,43,90,0.478,5,17,0.294,14,21,0.667,13,38,51,22,9,10,6,17,15.0,2003-04
22003,1610612742,DAL,Dallas Mavericks,0020300738,2004-02-09,DAL @ ATL,L,240,96,40,95,0.421,5,26,0.192,11,16,0.688,17,31,48,20,11,6,15,26,-6.0,2003-04
22003,1610612742,DAL,Dallas Mavericks,0020300727,2004-02-07,DAL vs. DET,W,240,111,41,74,0.554,7,15,0.467,22,25,0.88,8,21,29,23,9,7,15,21,3.0,2003-04
22003,1610612742,DAL,Dallas Mavericks,0020300704,2004-02-04,DAL @ NOH,W,240,113,43,85,0.506,4,11,0.364,23,27,0.852,13,30,43,28,7,4,9,19,9.0,2003-04
22003,1610612742,DAL,Dallas Mavericks,0020300696,2004-02-03,DAL vs. GSW,W,240,107,43,88,0.489,5,19,0.263,16,21,0.762,17,31,48,23,7,5,9,18,14.0,2003-04
22003,1610612742,DAL,Dallas Mavericks,0020300669,2004-01-31,DAL vs. DEN,L,240,102,42,87,0.483,6,21,0.286,12,16,0.75,12,31,43,19,9,8,18,23,-5.0,2003-04
22003,1610612742,DAL,Dallas Mavericks,0020300654,2004-01-28,DAL @ UTA,L,240,88,34,73,0.466,8,23,0.348,12,12,1.0,4,20,24,24,8,7,10,18,-3.0,2003-04
22003,1610612742,DAL,Dallas Mavericks,0020300643,2004-01-27,DAL @ SEA,W,240,118,43,89,0.483,11,26,0.423,21,27,0.778,19,25,44,27,6,4,12,20,2.0,2003-04
22003,1610612742,DAL,Dallas Mavericks,0020300628,2004-01-25,DAL vs. SAC,W,240,108,44,94,0.468,7,16,0.438,13,15,0.867,13,37,50,29,13,9,14,18,9.0,2003-04
22003,1610612742,DAL,Dallas Mavericks,0020300616,2004-01-23,DAL @ CHI,W,239,106,41,84,0.488,6,21,0.286,18,21,0.857,11,27,38,26,9,10,13,12,13.0,2003-04
22003,1610612742,DAL,Dallas Mavericks,0020300606,2004-01-22,DAL vs. LAL,W,240,106,40,82,0.488,7,13,0.538,19,26,0.731,16,35,51,28,5,2,9,22,19.0,2003-04
22003,1610612742,DAL,Dallas Mavericks,0020300593,2004-01-20,DAL vs. NJN,W,240,106,40,87,0.46,8,18,0.444,18,24,0.75,15,37,52,20,4,2,4,16,13.0,2003-04
22003,1610612742,DAL,Dallas Mavericks,0020300574,2004-01-17,DAL @ POR,W,240,108,41,87,0.471,5,17,0.294,21,24,0.875,14,18,32,29,10,3,8,24,4.0,2003-04
22003,1610612742,DAL,Dallas Mavericks,0020300561,2004-01-16,DAL @ DEN,W,240,91,33,79,0.418,4,13,0.308,21,24,0.875,13,34,47,22,6,11,15,17,3.0,2003-04
22003,1610612742,DAL,Dallas Mavericks,0020300549,2004-01-14,DAL vs. PHI,W,290,125,48,113,0.425,5,23,0.217,24,33,0.727,21,37,58,37,4,5,6,20,3.0,2003-04
22003,1610612742,DAL,Dallas Mavericks,0020300529,2004-01-12,DAL @ NYK,W,265,127,50,101,0.495,12,29,0.414,15,19,0.789,11,33,44,30,9,2,8,19,6.0,2003-04
22003,1610612742,DAL,Dallas Mavericks,0020300525,2004-01-11,DAL @ DET,L,240,102,40,83,0.482,5,24,0.208,17,23,0.739,9,26,35,20,7,1,9,20,-13.0,2003-04
22003,1610612742,DAL,Dallas Mavericks,0020300510,2004-01-09,DAL vs. IND,L,240,80,32,87,0.368,4,19,0.211,12,15,0.8,12,29,41,21,9,6,15,16,-12.0,2003-04
22003,1610612742,DAL,Dallas Mavericks,0020300499,2004-01-07,DAL vs. GSW,W,240,105,41,88,0.466,6,19,0.316,17,20,0.85,12,34,46,26,8,4,13,13,6.0,2003-04
22003,1610612742,DAL,Dallas Mavericks,0020300483,2004-01-05,DAL @ UTA,L,240,94,33,82,0.402,7,20,0.35,21,24,0.875,9,24,33,20,11,12,13,24,-14.0,2003-04
22003,1610612742,DAL,Dallas Mavericks,0020300469,2004-01-03,DAL vs. MIN,W,240,119,43,84,0.512,12,24,0.5,21,28,0.75,12,31,43,28,6,1,11,19,7.0,2003-04
22003,1610612742,DAL,Dallas Mavericks,0020300460,2004-01-02,DAL @ MIL,L,240,101,39,82,0.476,9,21,0.429,14,16,0.875,13,31,44,24,3,3,11,19,-8.0,2003-04
22003,1610612742,DAL,Dallas Mavericks,0020300444,2003-12-30,DAL vs. MIL,W,240,101,41,87,0.471,3,16,0.188,16,21,0.762,13,36,49,22,4,4,6,13,9.0,2003-04
22003,1610612742,DAL,Dallas Mavericks,0020300421,2003-12-27,DAL vs. MEM,W,240,104,40,86,0.465,11,20,0.55,13,14,0.929,16,32,48,24,7,3,17,18,6.0,2003-04
22003,1610612742,DAL,Dallas Mavericks,0020300402,2003-12-25,DAL @ SAC,W,240,111,40,92,0.435,13,29,0.448,18,23,0.783,15,32,47,29,6,11,13,20,8.0,2003-04
22003,1610612742,DAL,Dallas Mavericks,0020300398,2003-12-23,DAL @ POR,L,240,88,33,77,0.429,4,16,0.25,18,20,0.9,15,23,38,20,3,2,15,21,-9.0,2003-04
22003,1610612742,DAL,Dallas Mavericks,0020300376,2003-12-20,DAL vs. LAC,L,240,105,39,90,0.433,9,23,0.391,18,29,0.621,21,25,46,23,5,8,15,24,-10.0,2003-04
22003,1610612742,DAL,Dallas Mavericks,0020300357,2003-12-18,DAL @ MIN,L,240,109,39,85,0.459,7,22,0.318,24,29,0.828,15,27,42,21,6,2,12,25,-5.0,2003-04
22003,1610612742,DAL,Dallas Mavericks,0020300353,2003-12-17,DAL @ BOS,L,240,103,35,95,0.368,7,25,0.28,26,38,0.684,23,33,56,21,9,4,16,21,-2.0,2003-04
22003,1610612742,DAL,Dallas Mavericks,0020300335,2003-12-15,DAL vs. TOR,W,240,111,42,89,0.472,11,24,0.458,16,20,0.8,17,32,49,24,9,5,12,17,17.0,2003-04
22003,1610612742,DAL,Dallas Mavericks,0020300318,2003-12-12,DAL @ LAL,W,240,110,41,93,0.441,4,16,0.25,24,27,0.889,15,33,48,25,4,1,10,30,17.0,2003-04
22003,1610612742,DAL,Dallas Mavericks,0020300305,2003-12-10,DAL @ LAC,L,240,99,41,88,0.466,6,15,0.4,11,16,0.688,11,29,40,24,8,2,9,22,-1.0,2003-04
22003,1610612742,DAL,Dallas Mavericks,0020300276,2003-12-06,DAL vs. ORL,W,241,110,45,86,0.523,5,14,0.357,15,22,0.682,21,34,55,21,10,6,21,21,13.0,2003-04
22003,1610612742,DAL,Dallas Mavericks,0020300258,2003-12-04,DAL vs. LAL,L,239,103,37,99,0.374,9,24,0.375,20,24,0.833,12,33,45,16,5,4,10,29,-11.0,2003-04
22003,1610612742,DAL,Dallas Mavericks,0020300244,2003-12-02,DAL vs. WAS,W,239,97,40,96,0.417,2,13,0.154,15,17,0.882,22,41,63,24,11,4,13,22,25.0,2003-04
22003,1610612742,DAL,Dallas Mavericks,0020300228,2003-11-29,DAL vs. MIN,W,239,92,34,99,0.343,6,24,0.25,18,27,0.667,26,34,60,13,6,4,10,17,4.0,2003-04
22003,1610612742,DAL,Dallas Mavericks,0020300217,2003-11-28,DAL @ DEN,L,240,103,41,97,0.423,6,16,0.375,15,21,0.714,15,23,38,20,8,3,13,28,-10.0,2003-04
22003,1610612742,DAL,Dallas Mavericks,0020300207,2003-11-26,DAL @ PHX,L,240,90,34,86,0.395,7,28,0.25,15,19,0.789,15,17,32,15,8,2,11,17,-31.0,2003-04
22003,1610612742,DAL,Dallas Mavericks,0020300195,2003-11-25,DAL vs. CHI,W,239,124,47,89,0.528,6,16,0.375,24,30,0.8,13,36,49,29,5,3,7,18,26.0,2003-04
22003,1610612742,DAL,Dallas Mavericks,0020300180,2003-11-22,DAL vs. DEN,W,239,115,42,89,0.472,9,17,0.529,22,26,0.846,11,32,43,26,11,9,11,19,14.0,2003-04
22003,1610612742,DAL,Dallas Mavericks,0020300162,2003-11-20,DAL vs. SAS,W,241,95,31,84,0.369,5,22,0.227,28,34,0.824,12,37,49,18,11,6,9,24,3.0,2003-04
22003,1610612742,DAL,Dallas Mavericks,0020300142,2003-11-17,DAL vs. POR,W,240,105,41,87,0.471,9,20,0.45,14,20,0.7,19,26,45,26,7,4,10,19,7.0,2003-04
22003,1610612742,DAL,Dallas Mavericks,0020300131,2003-11-15,DAL @ MEM,L,264,101,39,97,0.402,6,19,0.316,17,27,0.63,20,38,58,22,10,8,17,24,-7.0,2003-04
22003,1610612742,DAL,Dallas Mavericks,0020300112,2003-11-13,DAL vs. HOU,W,241,97,36,80,0.45,2,19,0.105,23,28,0.821,11,33,44,19,8,7,7,17,11.0,2003-04
22003,1610612742,DAL,Dallas Mavericks,0020300098,2003-11-11,DAL vs. NOH,W,240,125,54,93,0.581,9,19,0.474,8,10,0.8,17,28,45,40,9,7,15,22,28.0,2003-04
22003,1610612742,DAL,Dallas Mavericks,0020300082,2003-11-08,DAL @ SAS,W,241,81,34,85,0.4,5,20,0.25,8,15,0.533,13,32,45,18,9,2,14,19,3.0,2003-04
22003,1610612742,DAL,Dallas Mavericks,0020300063,2003-11-06,DAL @ TOR,L,241,71,29,82,0.354,4,12,0.333,9,11,0.818,17,27,44,20,6,8,18,19,-6.0,2003-04
22003,1610612742,DAL,Dallas Mavericks,0020300053,2003-11-05,DAL @ WAS,L,240,90,32,85,0.376,2,11,0.182,24,30,0.8,17,29,46,22,8,5,15,15,-10.0,2003-04
22003,1610612742,DAL,Dallas Mavericks,0020300045,2003-11-03,DAL vs. MIA,W,240,103,39,77,0.506,9,19,0.474,16,17,0.941,4,32,36,25,8,4,11,10,10.0,2003-04
22003,1610612742,DAL,Dallas Mavericks,0020300033,2003-11-01,DAL vs. UTA,W,240,127,46,89,0.517,9,23,0.391,26,31,0.839,16,33,49,28,10,4,7,23,25.0,2003-04
22003,1610612742,DAL,Dallas Mavericks,0020300013,2003-10-29,DAL @ GSW,W,240,95,34,78,0.436,2,14,0.143,25,29,0.862,11,39,50,19,9,5,14,17,8.0,2003-04
22003,1610612742,DAL,Dallas Mavericks,0020300003,2003-10-28,DAL @ LAL,L,240,93,32,85,0.376,7,25,0.28,22,30,0.733,11,35,46,17,4,1,11,21,-16.0,2003-04
42003,1610612742,DAL,Dallas Mavericks,0040300175,2004-04-29,DAL @ SAC,L,240,118,46,100,0.46,8,16,0.5,18,18,1.0,16,33,49,23,6,7,16,16,-1.0,2003-04
42003,1610612742,DAL,Dallas Mavericks,0040300174,2004-04-26,DAL vs. SAC,L,240,92,34,98,0.347,4,21,0.19,20,33,0.606,23,32,55,19,7,4,8,26,-2.0,2003-04
42003,1610612742,DAL,Dallas Mavericks,0040300173,2004-04-24,DAL vs. SAC,W,240,104,40,100,0.4,3,10,0.3,21,28,0.75,23,33,56,20,19,4,15,27,25.0,2003-04
42003,1610612742,DAL,Dallas Mavericks,0040300172,2004-04-20,DAL @ SAC,L,240,79,30,93,0.323,2,19,0.105,17,20,0.85,23,34,57,16,5,7,13,20,-4.0,2003-04
42003,1610612742,DAL,Dallas Mavericks,0040300171,2004-04-18,DAL @ SAC,L,240,105,41,91,0.451,8,21,0.381,15,19,0.789,17,27,44,25,9,11,13,19,-11.0,2003-04
22004,1610612742,DAL,Dallas Mavericks,0020401224,2005-04-20,DAL @ MEM,W,240,108,38,73,0.521,4,11,0.364,28,33,0.848,13,29,42,31,9,3,12,23,20.0,2004-05
22004,1610612742,DAL,Dallas Mavericks,0020401215,2005-04-19,DAL vs. SEA,W,240,101,40,79,0.506,4,11,0.364,17,24,0.708,13,25,38,32,10,4,13,19,5.0,2004-05
22004,1610612742,DAL,Dallas Mavericks,0020401196,2005-04-17,DAL @ LAL,W,240,114,38,77,0.494,7,16,0.438,31,41,0.756,9,28,37,25,15,5,14,23,2.0,2004-05
22004,1610612742,DAL,Dallas Mavericks,0020401172,2005-04-14,DAL @ POR,W,240,102,39,86,0.453,5,16,0.313,19,23,0.826,13,28,41,16,12,3,8,19,12.0,2004-05
22004,1610612742,DAL,Dallas Mavericks,0020401168,2005-04-13,DAL @ SEA,W,240,95,36,70,0.514,6,17,0.353,17,29,0.586,7,23,30,18,7,2,9,27,5.0,2004-05
22004,1610612742,DAL,Dallas Mavericks,0020401151,2005-04-11,DAL vs. MEM,W,240,110,40,82,0.488,5,14,0.357,25,29,0.862,18,30,48,18,7,9,11,21,21.0,2004-05
22004,1610612742,DAL,Dallas Mavericks,0020401136,2005-04-09,DAL vs. UTA,W,240,88,28,67,0.418,5,12,0.417,27,38,0.711,12,23,35,18,8,11,17,30,7.0,2004-05
22004,1610612742,DAL,Dallas Mavericks,0020401117,2005-04-07,DAL vs. SAS,W,239,104,42,79,0.532,1,8,0.125,19,26,0.731,16,35,51,19,10,11,17,25,36.0,2004-05
22004,1610612742,DAL,Dallas Mavericks,0020401101,2005-04-05,DAL vs. ORL,W,240,114,41,78,0.526,9,20,0.45,23,27,0.852,12,28,40,29,8,5,15,22,9.0,2004-05
22004,1610612742,DAL,Dallas Mavericks,0020401085,2005-04-03,DAL @ CLE,L,240,80,28,79,0.354,6,22,0.273,18,23,0.783,7,27,34,13,8,5,13,24,-20.0,2004-05
22004,1610612742,DAL,Dallas Mavericks,0020401066,2005-04-01,DAL @ PHI,W,240,100,33,74,0.446,5,13,0.385,29,36,0.806,11,37,48,16,9,7,13,21,17.0,2004-05
22004,1610612742,DAL,Dallas Mavericks,0020401052,2005-03-30,DAL @ BOS,W,240,112,41,80,0.513,8,15,0.533,22,27,0.815,7,29,36,22,5,2,8,22,12.0,2004-05
22004,1610612742,DAL,Dallas Mavericks,0020401039,2005-03-28,DAL @ DET,W,240,95,34,74,0.459,7,18,0.389,20,25,0.8,13,26,39,23,9,4,10,15,7.0,2004-05
22004,1610612742,DAL,Dallas Mavericks,0020401029,2005-03-26,DAL vs. CLE,W,240,117,44,80,0.55,14,18,0.778,15,20,0.75,9,34,43,26,7,12,12,20,31.0,2004-05
22004,1610612742,DAL,Dallas Mavericks,0020401011,2005-03-24,DAL @ SAC,L,240,101,40,92,0.435,8,15,0.533,13,18,0.722,13,28,41,15,4,1,10,19,-8.0,2004-05
22004,1610612742,DAL,Dallas Mavericks,0020401005,2005-03-23,DAL @ GSW,W,240,109,36,77,0.468,5,15,0.333,32,36,0.889,10,36,46,20,5,1,13,24,12.0,2004-05
22004,1610612742,DAL,Dallas Mavericks,0020400988,2005-03-21,DAL vs. NOH,W,240,103,33,79,0.418,9,18,0.5,28,33,0.848,16,29,45,20,9,7,14,29,17.0,2004-05
22004,1610612742,DAL,Dallas Mavericks,0020400974,2005-03-19,DAL vs. CHA,W,240,104,38,84,0.452,3,14,0.214,25,27,0.926,19,30,49,20,8,7,18,29,11.0,2004-05
22004,1610612742,DAL,Dallas Mavericks,0020400955,2005-03-17,DAL vs. POR,W,240,98,35,85,0.412,3,13,0.231,25,37,0.676,17,31,48,20,9,12,10,19,4.0,2004-05
22004,1610612742,DAL,Dallas Mavericks,0020400941,2005-03-15,DAL vs. MIN,L,240,91,31,80,0.388,3,13,0.231,26,35,0.743,12,29,41,12,8,11,13,26,-9.0,2004-05
22004,1610612742,DAL,Dallas Mavericks,0020400920,2005-03-13,DAL @ MIN,W,240,102,39,87,0.448,4,12,0.333,20,29,0.69,11,34,45,22,6,2,5,27,9.0,2004-05
22004,1610612742,DAL,Dallas Mavericks,0020400909,2005-03-11,DAL @ MIL,W,240,112,44,87,0.506,5,9,0.556,19,24,0.792,11,25,36,22,8,5,8,24,2.0,2004-05
22004,1610612742,DAL,Dallas Mavericks,0020400903,2005-03-10,DAL vs. LAL,L,240,95,33,90,0.367,5,20,0.25,24,29,0.828,17,34,51,17,5,9,8,25,-5.0,2004-05
22004,1610612742,DAL,Dallas Mavericks,0020400883,2005-03-07,DAL vs. TOR,W,240,113,46,90,0.511,4,15,0.267,17,18,0.944,12,26,38,17,13,8,10,15,8.0,2004-05
22004,1610612742,DAL,Dallas Mavericks,0020400872,2005-03-06,DAL @ HOU,L,240,69,29,78,0.372,3,14,0.214,8,14,0.571,6,31,37,13,12,4,16,17,-21.0,2004-05
22004,1610612742,DAL,Dallas Mavericks,0020400864,2005-03-04,DAL @ LAL,L,240,103,33,85,0.388,2,10,0.2,35,40,0.875,12,26,38,14,7,4,8,22,-5.0,2004-05
22004,1610612742,DAL,Dallas Mavericks,0020400850,2005-03-02,DAL @ LAC,L,240,92,35,81,0.432,4,19,0.211,18,24,0.75,7,25,32,21,9,2,10,26,-9.0,2004-05
22004,1610612742,DAL,Dallas Mavericks,0020400832,2005-02-28,DAL vs. NOH,W,240,90,30,67,0.448,4,15,0.267,26,34,0.765,6,25,31,18,8,7,16,20,4.0,2004-05
22004,1610612742,DAL,Dallas Mavericks,0020400817,2005-02-26,DAL vs. PHX,L,240,123,46,94,0.489,7,21,0.333,24,33,0.727,15,30,45,19,18,4,12,24,-1.0,2004-05
22004,1610612742,DAL,Dallas Mavericks,0020400802,2005-02-24,DAL vs. SAC,W,240,122,50,107,0.467,10,22,0.455,12,17,0.706,23,29,52,30,11,7,14,21,9.0,2004-05
22004,1610612742,DAL,Dallas Mavericks,0020400797,2005-02-23,DAL @ UTA,W,240,101,34,72,0.472,8,17,0.471,25,32,0.781,8,33,41,19,14,4,16,34,18.0,2004-05
22004,1610612742,DAL,Dallas Mavericks,0020400781,2005-02-17,DAL @ PHX,W,240,119,45,84,0.536,8,15,0.533,21,23,0.913,8,36,44,19,7,8,13,19,6.0,2004-05
22004,1610612742,DAL,Dallas Mavericks,0020400768,2005-02-15,DAL @ GSW,W,240,114,46,82,0.561,5,13,0.385,17,24,0.708,8,38,46,26,11,4,18,17,7.0,2004-05
22004,1610612742,DAL,Dallas Mavericks,0020400754,2005-02-13,DAL @ SEA,W,240,95,35,75,0.467,3,9,0.333,22,30,0.733,10,39,49,22,5,5,13,21,3.0,2004-05
22004,1610612742,DAL,Dallas Mavericks,0020400741,2005-02-11,DAL @ SAC,W,240,115,42,78,0.538,3,6,0.5,28,31,0.903,10,27,37,22,8,3,14,23,2.0,2004-05
22004,1610612742,DAL,Dallas Mavericks,0020400713,2005-02-08,DAL vs. CHI,L,240,100,32,86,0.372,12,30,0.4,24,30,0.8,9,31,40,19,10,1,10,25,-7.0,2004-05
22004,1610612742,DAL,Dallas Mavericks,0020400699,2005-02-06,DAL @ TOR,W,240,122,47,78,0.603,6,16,0.375,22,32,0.688,9,29,38,29,8,5,11,20,9.0,2004-05
22004,1610612742,DAL,Dallas Mavericks,0020400682,2005-02-04,DAL @ IND,L,240,94,35,80,0.438,4,10,0.4,20,29,0.69,14,34,48,15,8,2,12,24,-1.0,2004-05
22004,1610612742,DAL,Dallas Mavericks,0020400673,2005-02-02,DAL @ NOH,W,240,90,32,71,0.451,3,8,0.375,23,28,0.821,9,27,36,21,8,6,12,24,8.0,2004-05
22004,1610612742,DAL,Dallas Mavericks,0020400664,2005-02-01,DAL vs. MIA,W,240,109,43,88,0.489,7,18,0.389,16,18,0.889,11,35,46,25,3,4,11,15,5.0,2004-05
22004,1610612742,DAL,Dallas Mavericks,0020400644,2005-01-29,DAL vs. PHI,L,240,89,33,90,0.367,4,15,0.267,19,25,0.76,14,36,50,18,8,15,10,21,-4.0,2004-05
22004,1610612742,DAL,Dallas Mavericks,0020400621,2005-01-26,DAL @ POR,W,240,95,36,80,0.45,8,20,0.4,15,17,0.882,7,40,47,32,8,8,14,21,7.0,2004-05
22004,1610612742,DAL,Dallas Mavericks,0020400605,2005-01-24,DAL @ LAC,L,240,87,32,82,0.39,6,23,0.261,17,21,0.81,14,30,44,21,9,5,14,18,-10.0,2004-05
22004,1610612742,DAL,Dallas Mavericks,0020400593,2005-01-23,DAL vs. DEN,W,240,95,36,78,0.462,4,11,0.364,19,27,0.704,18,32,50,14,5,6,17,18,2.0,2004-05
22004,1610612742,DAL,Dallas Mavericks,0020400574,2005-01-21,DAL @ CHA,W,240,105,38,79,0.481,4,15,0.267,25,31,0.806,7,30,37,17,2,9,8,16,6.0,2004-05
22004,1610612742,DAL,Dallas Mavericks,0020400570,2005-01-20,DAL vs. LAC,W,240,99,40,82,0.488,8,18,0.444,11,14,0.786,13,28,41,23,11,6,10,21,22.0,2004-05
22004,1610612742,DAL,Dallas Mavericks,0020400557,2005-01-18,DAL vs. WAS,W,240,137,45,78,0.577,11,17,0.647,36,41,0.878,7,33,40,23,9,4,14,27,17.0,2004-05
22004,1610612742,DAL,Dallas Mavericks,0020400538,2005-01-15,DAL vs. NJN,W,240,98,31,79,0.392,8,20,0.4,28,31,0.903,12,41,53,16,6,5,16,14,5.0,2004-05
22004,1610612742,DAL,Dallas Mavericks,0020400525,2005-01-14,DAL @ SAS,L,240,95,37,86,0.43,6,17,0.353,15,17,0.882,11,25,36,12,7,3,10,20,-3.0,2004-05
22004,1610612742,DAL,Dallas Mavericks,0020400511,2005-01-12,DAL vs. HOU,L,240,114,40,84,0.476,12,22,0.545,22,24,0.917,10,19,29,21,9,3,10,20,-10.0,2004-05
22004,1610612742,DAL,Dallas Mavericks,0020400486,2005-01-08,DAL vs. IND,W,239,121,40,73,0.548,4,9,0.444,37,40,0.925,8,32,40,19,4,4,13,31,20.0,2004-05
22004,1610612742,DAL,Dallas Mavericks,0020400461,2005-01-05,DAL vs. LAL,W,240,118,46,83,0.554,6,17,0.353,20,29,0.69,8,34,42,22,8,6,8,24,14.0,2004-05
22004,1610612742,DAL,Dallas Mavericks,0020400437,2005-01-02,DAL vs. MIL,W,240,123,47,89,0.528,7,16,0.438,22,28,0.786,12,24,36,28,8,4,8,21,19.0,2004-05
22004,1610612742,DAL,Dallas Mavericks,0020400404,2004-12-28,DAL vs. BOS,W,240,113,42,79,0.532,6,19,0.316,23,26,0.885,6,38,44,31,13,7,21,24,19.0,2004-05
22004,1610612742,DAL,Dallas Mavericks,0020400390,2004-12-26,DAL @ DEN,W,240,102,40,86,0.465,3,15,0.2,19,21,0.905,18,34,52,14,4,7,13,21,14.0,2004-05
22004,1610612742,DAL,Dallas Mavericks,0020400371,2004-12-22,DAL @ ATL,L,240,100,33,75,0.44,9,24,0.375,25,31,0.806,13,26,39,18,10,3,24,26,-13.0,2004-05
22004,1610612742,DAL,Dallas Mavericks,0020400362,2004-12-21,DAL @ NYK,W,240,123,41,85,0.482,8,17,0.471,33,36,0.917,13,34,47,25,10,4,13,20,29.0,2004-05
22004,1610612742,DAL,Dallas Mavericks,0020400346,2004-12-18,DAL vs. ATL,W,240,90,34,83,0.41,2,15,0.133,20,31,0.645,16,41,57,17,14,8,15,18,22.0,2004-05
22004,1610612742,DAL,Dallas Mavericks,0020400313,2004-12-14,DAL vs. GSW,L,240,107,39,91,0.429,4,13,0.308,25,28,0.893,16,25,41,10,8,5,11,22,-4.0,2004-05
22004,1610612742,DAL,Dallas Mavericks,0020400304,2004-12-13,DAL @ CHI,W,242,94,34,82,0.415,5,17,0.294,21,29,0.724,13,24,37,17,14,7,14,20,1.0,2004-05
22004,1610612742,DAL,Dallas Mavericks,0020400291,2004-12-11,DAL @ HOU,W,240,102,38,82,0.463,11,25,0.44,15,23,0.652,11,35,46,29,6,6,7,26,24.0,2004-05
22004,1610612742,DAL,Dallas Mavericks,0020400274,2004-12-09,DAL vs. SEA,L,240,102,35,77,0.455,6,17,0.353,26,30,0.867,8,27,35,16,9,8,15,22,-5.0,2004-05
22004,1610612742,DAL,Dallas Mavericks,0020400259,2004-12-07,DAL @ MIN,W,240,97,35,90,0.389,6,20,0.3,21,26,0.808,24,30,54,18,6,5,12,15,10.0,2004-05
22004,1610612742,DAL,Dallas Mavericks,0020400251,2004-12-06,DAL vs. DET,L,240,85,30,90,0.333,3,21,0.143,22,29,0.759,14,29,43,15,5,6,9,21,-16.0,2004-05
22004,1610612742,DAL,Dallas Mavericks,0020400241,2004-12-04,DAL vs. UTA,W,240,109,37,79,0.468,7,12,0.583,28,32,0.875,14,30,44,25,13,9,17,21,23.0,2004-05
22004,1610612742,DAL,Dallas Mavericks,0020400222,2004-12-02,DAL vs. HOU,W,265,113,38,79,0.481,6,16,0.375,31,39,0.795,11,40,51,18,10,7,14,24,7.0,2004-05
22004,1610612742,DAL,Dallas Mavericks,0020400208,2004-11-30,DAL vs. SAS,L,240,89,32,72,0.444,2,7,0.286,23,30,0.767,10,33,43,10,3,5,22,27,-18.0,2004-05
22004,1610612742,DAL,Dallas Mavericks,0020400188,2004-11-27,DAL @ MEM,W,240,98,35,82,0.427,2,13,0.154,26,30,0.867,12,36,48,12,8,3,11,22,13.0,2004-05
22004,1610612742,DAL,Dallas Mavericks,0020400171,2004-11-26,DAL vs. POR,W,240,92,31,78,0.397,3,13,0.231,27,34,0.794,21,36,57,19,8,8,18,17,9.0,2004-05
22004,1610612742,DAL,Dallas Mavericks,0020400166,2004-11-24,DAL @ SAS,L,240,80,28,72,0.389,3,9,0.333,21,31,0.677,6,35,41,8,8,3,15,26,-14.0,2004-05
22004,1610612742,DAL,Dallas Mavericks,0020400147,2004-11-22,DAL vs. MIN,L,240,82,33,92,0.359,3,13,0.231,13,21,0.619,16,32,48,15,10,7,7,20,-1.0,2004-05
22004,1610612742,DAL,Dallas Mavericks,0020400143,2004-11-21,DAL @ DEN,L,240,82,32,85,0.376,1,9,0.111,17,22,0.773,11,28,39,19,14,4,20,28,-28.0,2004-05
22004,1610612742,DAL,Dallas Mavericks,0020400124,2004-11-19,DAL vs. NYK,W,240,103,41,85,0.482,2,13,0.154,19,27,0.704,14,32,46,15,7,4,13,16,2.0,2004-05
22004,1610612742,DAL,Dallas Mavericks,0020400102,2004-11-16,DAL vs. PHX,L,240,101,40,97,0.412,3,14,0.214,18,22,0.818,15,29,44,15,11,6,8,23,-6.0,2004-05
22004,1610612742,DAL,Dallas Mavericks,0020400091,2004-11-14,DAL @ WAS,W,240,122,43,82,0.524,12,19,0.632,24,29,0.828,11,27,38,29,13,2,16,23,9.0,2004-05
22004,1610612742,DAL,Dallas Mavericks,0020400080,2004-11-13,DAL @ NJN,W,240,94,35,78,0.449,5,15,0.333,19,29,0.655,11,27,38,18,12,6,9,25,16.0,2004-05
22004,1610612742,DAL,Dallas Mavericks,0020400069,2004-11-11,DAL @ MIA,W,240,113,41,79,0.519,10,17,0.588,21,26,0.808,10,32,42,17,5,7,14,28,20.0,2004-05
22004,1610612742,DAL,Dallas Mavericks,0020400048,2004-11-09,DAL @ ORL,L,240,84,28,96,0.292,3,12,0.25,25,35,0.714,20,34,54,10,8,2,16,26,-10.0,2004-05
22004,1610612742,DAL,Dallas Mavericks,0020400045,2004-11-08,DAL vs. GSW,W,264,101,32,84,0.381,4,19,0.211,33,43,0.767,15,38,53,13,9,7,14,23,3.0,2004-05
22004,1610612742,DAL,Dallas Mavericks,0020400039,2004-11-06,DAL vs. MEM,W,240,112,37,74,0.5,6,16,0.375,32,43,0.744,16,37,53,16,11,9,20,22,24.0,2004-05
22004,1610612742,DAL,Dallas Mavericks,0020400010,2004-11-03,DAL @ NOH,W,240,106,42,78,0.538,9,19,0.474,13,17,0.765,8,28,36,25,8,4,11,26,15.0,2004-05
22004,1610612742,DAL,Dallas Mavericks,0020400002,2004-11-02,DAL vs. SAC,W,240,107,40,81,0.494,7,16,0.438,20,23,0.87,13,30,43,27,11,8,14,23,9.0,2004-05
42004,1610612742,DAL,Dallas Mavericks,0040400226,2005-05-20,DAL vs. PHX,L,265,126,42,97,0.433,7,20,0.35,35,43,0.814,11,36,47,13,8,5,9,26,-4.0,2004-05
42004,1610612742,DAL,Dallas Mavericks,0040400225,2005-05-18,DAL @ PHX,L,240,108,41,94,0.436,8,22,0.364,18,24,0.75,13,29,42,19,9,7,8,21,-6.0,2004-05
42004,1610612742,DAL,Dallas Mavericks,0040400224,2005-05-15,DAL vs. PHX,W,240,119,46,83,0.554,6,14,0.429,21,29,0.724,16,27,43,21,8,4,15,23,10.0,2004-05
42004,1610612742,DAL,Dallas Mavericks,0040400223,2005-05-13,DAL vs. PHX,L,240,102,39,100,0.39,1,18,0.056,23,27,0.852,24,28,52,18,11,8,13,17,-17.0,2004-05
42004,1610612742,DAL,Dallas Mavericks,0040400222,2005-05-11,DAL @ PHX,W,240,108,43,87,0.494,6,13,0.462,16,24,0.667,12,34,46,18,5,4,15,26,2.0,2004-05
42004,1610612742,DAL,Dallas Mavericks,0040400221,2005-05-09,DAL @ PHX,L,240,102,44,98,0.449,5,18,0.278,9,12,0.75,17,29,46,18,4,4,16,22,-25.0,2004-05
42004,1610612742,DAL,Dallas Mavericks,0040400177,2005-05-07,DAL vs. HOU,W,240,116,41,80,0.513,8,16,0.5,26,28,0.929,16,36,52,21,7,10,13,19,40.0,2004-05
42004,1610612742,DAL,Dallas Mavericks,0040400176,2005-05-05,DAL @ HOU,L,240,83,31,86,0.36,7,26,0.269,14,17,0.824,14,29,43,14,9,6,11,23,-18.0,2004-05
42004,1610612742,DAL,Dallas Mavericks,0040400175,2005-05-02,DAL vs. HOU,W,240,103,37,79,0.468,6,15,0.4,23,34,0.676,13,29,42,17,8,3,11,26,3.0,2004-05
42004,1610612742,DAL,Dallas Mavericks,0040400174,2005-04-30,DAL @ HOU,W,240,97,33,72,0.458,9,20,0.45,22,27,0.815,10,22,32,17,8,2,16,22,4.0,2004-05
42004,1610612742,DAL,Dallas Mavericks,0040400173,2005-04-28,DAL @ HOU,W,240,106,33,68,0.485,8,17,0.471,32,37,0.865,8,27,35,21,7,2,11,28,4.0,2004-05
42004,1610612742,DAL,Dallas Mavericks,0040400172,2005-04-25,DAL vs. HOU,L,242,111,41,82,0.5,10,15,0.667,19,26,0.731,14,27,41,18,6,4,14,22,-2.0,2004-05
42004,1610612742,DAL,Dallas Mavericks,0040400171,2005-04-23,DAL vs. HOU,L,240,86,24,68,0.353,5,13,0.385,33,42,0.786,19,25,44,12,4,7,13,20,-12.0,2004-05
22005,1610612742,DAL,Dallas Mavericks,0020501226,2006-04-19,DAL vs. LAC,L,240,71,26,70,0.371,1,5,0.2,18,33,0.545,10,31,41,6,8,8,10,19,-14.0,2005-06
22005,1610612742,DAL,Dallas Mavericks,0020501200,2006-04-16,DAL vs. UTA,W,240,111,29,68,0.426,7,13,0.538,46,55,0.836,18,23,41,19,12,2,14,26,16.0,2005-06
22005,1610612742,DAL,Dallas Mavericks,0020501176,2006-04-13,DAL @ PHX,L,240,104,38,86,0.442,4,16,0.25,24,31,0.774,19,31,50,13,8,5,15,18,-13.0,2005-06
22005,1610612742,DAL,Dallas Mavericks,0020501173,2006-04-12,DAL @ GSW,L,240,102,38,86,0.442,5,20,0.25,21,25,0.84,14,24,38,20,12,4,15,30,-12.0,2005-06
22005,1610612742,DAL,Dallas Mavericks,0020501155,2006-04-10,DAL @ LAC,W,240,75,28,75,0.373,3,13,0.231,16,18,0.889,14,31,45,15,2,6,13,24,2.0,2005-06
22005,1610612742,DAL,Dallas Mavericks,0020501136,2006-04-08,DAL vs. NOK,W,241,101,39,79,0.494,7,14,0.5,16,21,0.762,15,33,48,24,8,5,14,17,24.0,2005-06
22005,1610612742,DAL,Dallas Mavericks,0020501128,2006-04-07,DAL @ SAS,W,240,92,36,70,0.514,3,7,0.429,17,22,0.773,4,30,34,13,6,8,9,21,6.0,2005-06
22005,1610612742,DAL,Dallas Mavericks,0020501104,2006-04-04,DAL vs. SAC,W,241,127,49,80,0.613,4,10,0.4,25,28,0.893,15,29,44,29,2,5,14,20,26.0,2005-06
22005,1610612742,DAL,Dallas Mavericks,0020501087,2006-04-02,DAL vs. DEN,W,240,103,37,71,0.521,3,10,0.3,26,32,0.813,10,32,42,16,8,7,17,24,24.0,2005-06
22005,1610612742,DAL,Dallas Mavericks,0020501069,2006-03-31,DAL @ ORL,L,240,99,36,81,0.444,6,26,0.231,21,25,0.84,8,25,33,17,8,5,12,23,-8.0,2005-06
22005,1610612742,DAL,Dallas Mavericks,0020501057,2006-03-29,DAL @ CLE,L,240,94,29,67,0.433,2,14,0.143,34,41,0.829,12,24,36,13,7,5,10,21,-13.0,2005-06
22005,1610612742,DAL,Dallas Mavericks,0020501048,2006-03-28,DAL @ DET,L,240,90,35,71,0.493,5,15,0.333,15,16,0.938,9,29,38,17,3,5,13,21,-7.0,2005-06
22005,1610612742,DAL,Dallas Mavericks,0020501028,2006-03-25,DAL @ ATL,W,240,98,36,81,0.444,3,8,0.375,23,26,0.885,8,34,42,14,7,9,6,21,15.0,2005-06
22005,1610612742,DAL,Dallas Mavericks,0020501014,2006-03-23,DAL vs. GSW,L,240,121,40,74,0.541,6,15,0.4,35,38,0.921,11,32,43,24,4,7,20,25,-1.0,2005-06
22005,1610612742,DAL,Dallas Mavericks,0020500997,2006-03-21,DAL vs. HOU,W,240,88,30,74,0.405,4,13,0.308,24,28,0.857,15,26,41,12,8,7,11,22,16.0,2005-06
22005,1610612742,DAL,Dallas Mavericks,0020500979,2006-03-19,DAL @ NJN,L,240,89,30,74,0.405,4,14,0.286,25,28,0.893,11,29,40,19,7,4,17,23,-11.0,2005-06
22005,1610612742,DAL,Dallas Mavericks,0020500964,2006-03-17,DAL @ WAS,W,240,104,40,80,0.5,5,11,0.455,19,22,0.864,18,27,45,23,8,8,11,17,10.0,2005-06
22005,1610612742,DAL,Dallas Mavericks,0020500957,2006-03-15,DAL @ HOU,W,240,95,37,71,0.521,5,8,0.625,16,20,0.8,8,28,36,20,6,8,12,23,14.0,2005-06
22005,1610612742,DAL,Dallas Mavericks,0020500946,2006-03-14,DAL vs. CLE,W,240,91,36,85,0.424,2,10,0.2,17,23,0.739,14,31,45,17,4,5,8,14,4.0,2005-06
22005,1610612742,DAL,Dallas Mavericks,0020500934,2006-03-12,DAL @ SAC,L,240,80,32,88,0.364,4,17,0.235,12,16,0.75,13,32,45,14,6,10,9,19,-5.0,2005-06
22005,1610612742,DAL,Dallas Mavericks,0020500924,2006-03-11,DAL @ UTA,W,240,90,34,71,0.479,6,14,0.429,16,25,0.64,6,31,37,17,8,7,12,28,3.0,2005-06
22005,1610612742,DAL,Dallas Mavericks,0020500908,2006-03-09,DAL @ POR,W,240,109,36,65,0.554,6,15,0.4,31,35,0.886,5,25,30,22,5,4,10,27,17.0,2005-06
22005,1610612742,DAL,Dallas Mavericks,0020500895,2006-03-07,DAL vs. POR,W,240,93,29,75,0.387,6,15,0.4,29,32,0.906,11,32,43,16,9,3,10,19,6.0,2005-06
22005,1610612742,DAL,Dallas Mavericks,0020500877,2006-03-05,DAL vs. PHX,L,240,107,45,86,0.523,4,14,0.286,13,15,0.867,10,27,37,19,7,4,12,16,-8.0,2005-06
22005,1610612742,DAL,Dallas Mavericks,0020500862,2006-03-03,DAL vs. CHA,W,240,90,36,78,0.462,4,10,0.4,14,21,0.667,16,41,57,16,4,6,20,20,14.0,2005-06
22005,1610612742,DAL,Dallas Mavericks,0020500856,2006-03-02,DAL @ SAS,L,240,89,32,79,0.405,3,16,0.188,22,25,0.88,13,29,42,10,4,6,15,28,-9.0,2005-06
22005,1610612742,DAL,Dallas Mavericks,0020500833,2006-02-27,DAL vs. PHI,W,240,104,36,79,0.456,9,17,0.529,23,27,0.852,14,31,45,23,8,1,12,23,12.0,2005-06
22005,1610612742,DAL,Dallas Mavericks,0020500814,2006-02-25,DAL vs. TOR,W,265,115,41,90,0.456,8,21,0.381,25,32,0.781,18,27,45,24,4,7,9,23,2.0,2005-06
22005,1610612742,DAL,Dallas Mavericks,0020500801,2006-02-23,DAL vs. MEM,W,240,97,38,77,0.494,6,10,0.6,15,21,0.714,12,29,41,19,7,10,8,17,10.0,2005-06
22005,1610612742,DAL,Dallas Mavericks,0020500785,2006-02-21,DAL vs. LAC,W,239,93,33,77,0.429,1,8,0.125,26,36,0.722,12,32,44,16,10,3,17,17,2.0,2005-06
22005,1610612742,DAL,Dallas Mavericks,0020500773,2006-02-15,DAL vs. WAS,W,240,103,39,82,0.476,7,19,0.368,18,24,0.75,13,28,41,20,4,5,14,22,6.0,2005-06
22005,1610612742,DAL,Dallas Mavericks,0020500755,2006-02-13,DAL vs. NYK,W,240,100,29,73,0.397,8,19,0.421,34,37,0.919,11,27,38,22,10,9,11,21,28.0,2005-06
22005,1610612742,DAL,Dallas Mavericks,0020500734,2006-02-10,DAL @ DEN,L,240,104,41,80,0.513,8,23,0.348,14,17,0.824,9,27,36,28,7,4,24,21,-9.0,2005-06
22005,1610612742,DAL,Dallas Mavericks,0020500723,2006-02-09,DAL vs. MIA,W,240,112,45,80,0.563,11,16,0.688,11,13,0.846,8,28,36,24,9,6,12,15,36.0,2005-06
22005,1610612742,DAL,Dallas Mavericks,0020500709,2006-02-07,DAL vs. LAL,W,240,102,34,69,0.493,4,11,0.364,30,44,0.682,13,34,47,15,7,7,13,18,15.0,2005-06
22005,1610612742,DAL,Dallas Mavericks,0020500691,2006-02-04,DAL vs. SEA,W,240,110,43,91,0.473,6,17,0.353,18,21,0.857,17,33,50,25,7,2,12,21,19.0,2005-06
22005,1610612742,DAL,Dallas Mavericks,0020500668,2006-02-01,DAL @ MEM,W,240,81,30,71,0.423,2,11,0.182,19,23,0.826,10,35,45,13,9,6,14,26,1.0,2005-06
22005,1610612742,DAL,Dallas Mavericks,0020500659,2006-01-31,DAL vs. CHI,W,240,98,30,75,0.4,7,17,0.412,31,36,0.861,10,31,41,19,11,3,13,23,4.0,2005-06
22005,1610612742,DAL,Dallas Mavericks,0020500637,2006-01-28,DAL vs. UTA,W,240,103,36,65,0.554,7,13,0.538,24,32,0.75,10,23,33,17,9,7,15,26,14.0,2005-06
22005,1610612742,DAL,Dallas Mavericks,0020500618,2006-01-26,DAL @ SEA,W,240,104,35,81,0.432,9,25,0.36,25,30,0.833,17,27,44,20,6,8,8,21,7.0,2005-06
22005,1610612742,DAL,Dallas Mavericks,0020500615,2006-01-25,DAL @ GSW,W,240,102,37,87,0.425,6,16,0.375,22,28,0.786,16,34,50,20,6,5,9,24,9.0,2005-06
22005,1610612742,DAL,Dallas Mavericks,0020500590,2006-01-22,DAL @ POR,W,265,95,33,82,0.402,5,13,0.385,24,33,0.727,15,30,45,15,9,4,10,20,6.0,2005-06
22005,1610612742,DAL,Dallas Mavericks,0020500574,2006-01-20,DAL @ LAC,W,240,101,39,79,0.494,6,14,0.429,17,21,0.81,13,31,44,21,8,5,14,17,20.0,2005-06
22005,1610612742,DAL,Dallas Mavericks,0020500557,2006-01-18,DAL @ HOU,W,240,103,34,68,0.5,11,17,0.647,24,31,0.774,10,28,38,25,8,9,15,17,27.0,2005-06
22005,1610612742,DAL,Dallas Mavericks,0020500546,2006-01-16,DAL vs. MIL,W,240,114,40,77,0.519,6,10,0.6,28,36,0.778,14,28,42,20,9,6,11,24,19.0,2005-06
22005,1610612742,DAL,Dallas Mavericks,0020500527,2006-01-14,DAL vs. NJN,W,241,110,40,76,0.526,8,15,0.533,22,31,0.71,8,28,36,22,12,7,13,16,33.0,2005-06
22005,1610612742,DAL,Dallas Mavericks,0020500503,2006-01-11,DAL @ NYK,L,264,115,46,87,0.529,4,15,0.267,19,23,0.826,10,27,37,18,9,5,13,26,-2.0,2005-06
22005,1610612742,DAL,Dallas Mavericks,0020500488,2006-01-09,DAL @ BOS,W,240,104,31,74,0.419,12,22,0.545,30,42,0.714,13,28,41,18,7,7,11,28,2.0,2005-06
22005,1610612742,DAL,Dallas Mavericks,0020500478,2006-01-07,DAL vs. MIN,W,240,83,30,85,0.353,5,15,0.333,18,26,0.692,19,27,46,12,10,7,14,20,4.0,2005-06
22005,1610612742,DAL,Dallas Mavericks,0020500468,2006-01-06,DAL @ DEN,W,265,114,42,86,0.488,6,18,0.333,24,32,0.75,14,34,48,24,3,10,16,31,2.0,2005-06
22005,1610612742,DAL,Dallas Mavericks,0020500452,2006-01-04,DAL @ MIN,L,240,78,29,78,0.372,2,11,0.182,18,24,0.75,18,22,40,8,5,4,13,22,-13.0,2005-06
22005,1610612742,DAL,Dallas Mavericks,0020500445,2006-01-03,DAL vs. POR,W,240,95,37,79,0.468,5,13,0.385,16,20,0.8,13,39,52,19,2,12,14,22,14.0,2005-06
22005,1610612742,DAL,Dallas Mavericks,0020500428,2005-12-31,DAL @ NOK,W,241,95,35,76,0.461,5,16,0.313,20,26,0.769,12,25,37,15,9,4,13,24,5.0,2005-06
22005,1610612742,DAL,Dallas Mavericks,0020500423,2005-12-30,DAL vs. GSW,L,240,109,40,81,0.494,6,9,0.667,23,29,0.793,12,25,37,20,10,7,9,21,-2.0,2005-06
22005,1610612742,DAL,Dallas Mavericks,0020500392,2005-12-26,DAL vs. IND,W,150,102,37,78,0.474,2,5,0.4,26,32,0.813,19,30,49,17,9,6,11,20,22.0,2005-06
22005,1610612742,DAL,Dallas Mavericks,0020500384,2005-12-23,DAL @ SEA,W,240,101,33,74,0.446,4,14,0.286,31,36,0.861,10,27,37,19,6,3,12,21,3.0,2005-06
22005,1610612742,DAL,Dallas Mavericks,0020500370,2005-12-22,DAL @ SAC,W,240,105,38,76,0.5,3,8,0.375,26,34,0.765,12,33,45,22,7,4,14,24,10.0,2005-06
22005,1610612742,DAL,Dallas Mavericks,0020500359,2005-12-20,DAL @ LAL,L,240,90,34,92,0.37,2,15,0.133,20,30,0.667,16,26,42,14,8,5,12,28,-22.0,2005-06
22005,1610612742,DAL,Dallas Mavericks,0020500344,2005-12-18,DAL vs. MIN,W,240,102,37,74,0.5,5,11,0.455,23,27,0.852,5,33,38,17,5,6,13,21,7.0,2005-06
22005,1610612742,DAL,Dallas Mavericks,0020500330,2005-12-16,DAL vs. ORL,W,265,109,42,84,0.5,6,13,0.462,19,26,0.731,8,34,42,20,7,5,12,21,7.0,2005-06
22005,1610612742,DAL,Dallas Mavericks,0020500316,2005-12-14,DAL vs. PHX,W,240,102,41,89,0.461,2,12,0.167,18,32,0.563,15,39,54,12,5,7,8,18,6.0,2005-06
22005,1610612742,DAL,Dallas Mavericks,0020500297,2005-12-12,DAL vs. LAL,L,240,106,34,73,0.466,4,13,0.308,34,44,0.773,17,30,47,13,4,5,10,25,-3.0,2005-06
22005,1610612742,DAL,Dallas Mavericks,0020500288,2005-12-10,DAL vs. BOS,W,240,103,33,70,0.471,4,10,0.4,33,43,0.767,12,26,38,19,9,8,7,15,9.0,2005-06
22005,1610612742,DAL,Dallas Mavericks,0020500273,2005-12-09,DAL @ MEM,W,240,90,33,75,0.44,3,7,0.429,21,28,0.75,14,36,50,17,5,11,16,30,7.0,2005-06
22005,1610612742,DAL,Dallas Mavericks,0020500250,2005-12-06,DAL @ IND,W,240,84,32,69,0.464,2,7,0.286,18,22,0.818,8,33,41,14,8,4,18,28,9.0,2005-06
22005,1610612742,DAL,Dallas Mavericks,0020500246,2005-12-05,DAL @ CHI,W,241,102,39,81,0.481,4,12,0.333,20,25,0.8,15,31,46,29,12,5,15,19,8.0,2005-06
22005,1610612742,DAL,Dallas Mavericks,0020500235,2005-12-03,DAL vs. NOK,W,240,97,36,74,0.486,4,8,0.5,21,26,0.808,11,32,43,18,7,9,15,27,9.0,2005-06
22005,1610612742,DAL,Dallas Mavericks,0020500217,2005-12-01,DAL vs. SAS,L,240,90,31,77,0.403,4,11,0.364,24,35,0.686,14,32,46,14,6,3,10,23,-2.0,2005-06
22005,1610612742,DAL,Dallas Mavericks,0020500199,2005-11-29,DAL @ MIL,L,265,111,42,88,0.477,6,13,0.462,21,27,0.778,11,26,37,17,5,6,10,29,-2.0,2005-06
22005,1610612742,DAL,Dallas Mavericks,0020500193,2005-11-28,DAL @ TOR,W,240,93,39,88,0.443,7,20,0.35,8,13,0.615,15,28,43,23,7,6,8,19,2.0,2005-06
22005,1610612742,DAL,Dallas Mavericks,0020500187,2005-11-26,DAL vs. MEM,L,240,92,31,71,0.437,5,14,0.357,25,35,0.714,17,22,39,11,11,4,17,28,-20.0,2005-06
22005,1610612742,DAL,Dallas Mavericks,0020500172,2005-11-25,DAL @ MIA,W,240,103,37,74,0.5,8,15,0.533,21,24,0.875,8,32,40,19,7,2,14,17,13.0,2005-06
22005,1610612742,DAL,Dallas Mavericks,0020500153,2005-11-22,DAL vs. HOU,W,240,102,34,72,0.472,7,15,0.467,27,41,0.659,17,28,45,19,6,5,10,22,9.0,2005-06
22005,1610612742,DAL,Dallas Mavericks,0020500136,2005-11-19,DAL vs. DET,W,241,119,45,76,0.592,2,7,0.286,27,32,0.844,15,32,47,15,5,7,11,16,37.0,2005-06
22005,1610612742,DAL,Dallas Mavericks,0020500118,2005-11-17,DAL vs. ATL,W,240,87,32,81,0.395,3,10,0.3,20,23,0.87,16,30,46,14,8,11,16,28,9.0,2005-06
22005,1610612742,DAL,Dallas Mavericks,0020500105,2005-11-15,DAL vs. DEN,W,240,83,33,74,0.446,4,12,0.333,13,16,0.813,12,35,47,21,8,11,21,23,3.0,2005-06
22005,1610612742,DAL,Dallas Mavericks,0020500085,2005-11-12,DAL @ NOK,W,240,109,38,74,0.514,8,19,0.421,25,30,0.833,10,19,29,18,8,0,11,23,6.0,2005-06
22005,1610612742,DAL,Dallas Mavericks,0020500075,2005-11-11,DAL @ CHA,W,240,98,34,75,0.453,5,13,0.385,25,30,0.833,10,35,45,19,8,3,16,35,10.0,2005-06
22005,1610612742,DAL,Dallas Mavericks,0020500056,2005-11-09,DAL @ PHI,L,240,97,37,78,0.474,3,14,0.214,20,30,0.667,12,24,36,19,5,8,14,23,-15.0,2005-06
22005,1610612742,DAL,Dallas Mavericks,0020500039,2005-11-05,DAL vs. SAS,W,240,103,39,77,0.506,6,9,0.667,19,26,0.731,14,24,38,20,12,6,12,20,19.0,2005-06
22005,1610612742,DAL,Dallas Mavericks,0020500014,2005-11-02,DAL @ UTA,L,240,82,29,77,0.377,3,14,0.214,21,31,0.677,15,29,44,10,10,9,15,29,-11.0,2005-06
22005,1610612742,DAL,Dallas Mavericks,0020500003,2005-11-01,DAL @ PHX,W,290,111,42,94,0.447,8,18,0.444,19,28,0.679,14,41,55,16,9,6,21,30,3.0,2005-06
42005,1610612742,DAL,Dallas Mavericks,0040500406,2006-06-20,DAL vs. MIA,L,239,92,34,92,0.37,5,22,0.227,19,23,0.826,16,34,50,16,12,7,13,28,-3.0,2005-06
42005,1610612742,DAL,Dallas Mavericks,0040500405,2006-06-18,DAL @ MIA,L,265,100,37,81,0.457,5,19,0.263,21,25,0.84,11,31,42,13,3,0,14,38,-1.0,2005-06
42005,1610612742,DAL,Dallas Mavericks,0040500404,2006-06-15,DAL @ MIA,L,241,74,25,79,0.316,3,22,0.136,21,27,0.778,11,25,36,10,6,3,13,24,-24.0,2005-06
42005,1610612742,DAL,Dallas Mavericks,0040500403,2006-06-13,DAL @ MIA,L,239,96,36,75,0.48,6,16,0.375,18,26,0.692,7,27,34,15,9,2,15,29,-2.0,2005-06
42005,1610612742,DAL,Dallas Mavericks,0040500402,2006-06-11,DAL vs. MIA,W,239,99,34,70,0.486,8,19,0.421,23,28,0.821,9,37,46,23,5,5,18,27,14.0,2005-06
42005,1610612742,DAL,Dallas Mavericks,0040500401,2006-06-08,DAL vs. MIA,W,239,90,32,72,0.444,6,18,0.333,20,26,0.769,7,36,43,18,9,3,14,18,10.0,2005-06
42005,1610612742,DAL,Dallas Mavericks,0040500316,2006-06-03,DAL @ PHX,W,241,102,37,78,0.474,3,20,0.15,25,31,0.806,10,29,39,10,11,4,12,22,9.0,2005-06
42005,1610612742,DAL,Dallas Mavericks,0040500315,2006-06-01,DAL vs. PHX,W,240,117,42,89,0.472,9,17,0.529,24,28,0.857,16,33,49,24,5,5,9,23,16.0,2005-06
42005,1610612742,DAL,Dallas Mavericks,0040500314,2006-05-30,DAL @ PHX,L,240,86,33,79,0.418,4,13,0.308,16,22,0.727,11,30,41,11,5,2,14,22,-20.0,2005-06
42005,1610612742,DAL,Dallas Mavericks,0040500313,2006-05-28,DAL @ PHX,W,240,95,39,95,0.411,4,15,0.267,13,17,0.765,19,29,48,16,8,4,5,16,7.0,2005-06
42005,1610612742,DAL,Dallas Mavericks,0040500312,2006-05-26,DAL vs. PHX,W,240,105,38,80,0.475,4,11,0.364,25,36,0.694,11,37,48,17,4,4,8,12,7.0,2005-06
42005,1610612742,DAL,Dallas Mavericks,0040500311,2006-05-24,DAL vs. PHX,L,240,118,47,93,0.505,3,16,0.188,21,23,0.913,18,30,48,13,9,2,16,26,-3.0,2005-06
42005,1610612742,DAL,Dallas Mavericks,0040500227,2006-05-22,DAL @ SAS,W,265,119,42,81,0.519,7,17,0.412,28,31,0.903,9,32,41,15,3,5,11,32,8.0,2005-06
42005,1610612742,DAL,Dallas Mavericks,0040500226,2006-05-19,DAL vs. SAS,L,240,86,32,83,0.386,5,14,0.357,17,20,0.85,12,30,42,15,7,8,15,29,-5.0,2005-06
42005,1610612742,DAL,Dallas Mavericks,0040500225,2006-05-17,DAL @ SAS,L,240,97,39,77,0.506,3,12,0.25,16,19,0.842,10,28,38,12,5,5,12,26,-1.0,2005-06
42005,1610612742,DAL,Dallas Mavericks,0040500224,2006-05-15,DAL vs. SAS,W,265,123,45,90,0.5,5,12,0.417,28,32,0.875,13,26,39,18,2,7,12,26,5.0,2005-06
42005,1610612742,DAL,Dallas Mavericks,0040500223,2006-05-13,DAL vs. SAS,W,240,104,32,66,0.485,1,5,0.2,39,50,0.78,12,27,39,12,3,5,14,26,1.0,2005-06
42005,1610612742,DAL,Dallas Mavericks,0040500222,2006-05-09,DAL @ SAS,W,240,113,36,78,0.462,6,13,0.462,35,43,0.814,10,29,39,12,10,3,6,27,22.0,2005-06
42005,1610612742,DAL,Dallas Mavericks,0040500221,2006-05-07,DAL @ SAS,L,240,85,32,77,0.416,2,7,0.286,19,28,0.679,13,34,47,8,9,7,12,24,-2.0,2005-06
42005,1610612742,DAL,Dallas Mavericks,0040500174,2006-05-01,DAL @ MEM,W,240,102,39,79,0.494,7,12,0.583,17,17,1.0,12,33,45,21,6,6,12,26,26.0,2005-06
42005,1610612742,DAL,Dallas Mavericks,0040500173,2006-04-29,DAL @ MEM,W,265,94,35,85,0.412,5,20,0.25,19,22,0.864,17,33,50,17,4,4,10,28,5.0,2005-06
42005,1610612742,DAL,Dallas Mavericks,0040500172,2006-04-26,DAL vs. MEM,W,240,94,31,69,0.449,4,14,0.286,28,36,0.778,11,26,37,18,5,5,12,31,15.0,2005-06
42005,1610612742,DAL,Dallas Mavericks,0040500171,2006-04-23,DAL vs. MEM,W,240,103,34,74,0.459,5,13,0.385,30,35,0.857,15,25,40,17,12,3,14,27,10.0,2005-06
22006,1610612742,DAL,Dallas Mavericks,0020601229,2007-04-18,DAL @ SEA,W,241,106,43,81,0.531,4,13,0.308,16,18,0.889,10,28,38,26,7,5,9,21,31.0,2006-07
22006,1610612742,DAL,Dallas Mavericks,0020601216,2007-04-17,DAL @ GSW,L,240,82,28,76,0.368,2,12,0.167,24,34,0.706,14,36,50,9,4,7,15,28,-29.0,2006-07
22006,1610612742,DAL,Dallas Mavericks,0020601194,2007-04-15,DAL vs. SAS,W,239,91,34,77,0.442,3,11,0.273,20,27,0.741,7,30,37,16,7,4,12,22,5.0,2006-07
22006,1610612742,DAL,Dallas Mavericks,0020601183,2007-04-13,DAL vs. UTA,L,240,89,33,74,0.446,5,18,0.278,18,27,0.667,7,19,26,18,10,3,8,25,-15.0,2006-07
22006,1610612742,DAL,Dallas Mavericks,0020601169,2007-04-11,DAL @ MIN,W,241,105,41,86,0.477,9,23,0.391,14,22,0.636,16,32,48,24,7,0,12,20,17.0,2006-07
22006,1610612742,DAL,Dallas Mavericks,0020601153,2007-04-09,DAL vs. LAC,W,241,96,33,66,0.5,5,8,0.625,25,29,0.862,8,25,33,17,10,4,13,18,10.0,2006-07
22006,1610612742,DAL,Dallas Mavericks,0020601140,2007-04-07,DAL vs. POR,W,241,86,34,67,0.507,2,7,0.286,16,28,0.571,8,38,46,15,8,7,18,18,12.0,2006-07
22006,1610612742,DAL,Dallas Mavericks,0020601132,2007-04-06,DAL @ DEN,L,239,71,30,83,0.361,3,17,0.176,8,11,0.727,13,36,49,20,5,5,16,23,-4.0,2006-07
22006,1610612742,DAL,Dallas Mavericks,0020601106,2007-04-03,DAL @ SAC,W,240,97,36,78,0.462,5,20,0.25,20,23,0.87,10,32,42,18,5,7,17,28,4.0,2006-07
22006,1610612742,DAL,Dallas Mavericks,0020601092,2007-04-01,DAL @ PHX,L,240,104,36,79,0.456,9,18,0.5,23,24,0.958,13,17,30,17,3,0,9,24,-22.0,2006-07
22006,1610612742,DAL,Dallas Mavericks,0020601079,2007-03-30,DAL vs. NYK,W,239,105,30,78,0.385,10,22,0.455,35,39,0.897,16,20,36,20,10,6,16,25,2.0,2006-07
22006,1610612742,DAL,Dallas Mavericks,0020601065,2007-03-28,DAL vs. MIL,W,241,105,39,87,0.448,11,28,0.393,16,21,0.762,12,29,41,24,6,3,12,21,2.0,2006-07
22006,1610612742,DAL,Dallas Mavericks,0020601055,2007-03-27,DAL @ NOK,W,239,105,44,80,0.55,7,14,0.5,10,13,0.769,11,25,36,22,8,4,12,22,16.0,2006-07
22006,1610612742,DAL,Dallas Mavericks,0020601036,2007-03-25,DAL @ ATL,W,239,104,36,68,0.529,7,13,0.538,25,30,0.833,5,34,39,23,9,3,16,32,7.0,2006-07
22006,1610612742,DAL,Dallas Mavericks,0020601024,2007-03-23,DAL @ BOS,W,241,109,44,78,0.564,7,13,0.538,14,17,0.824,7,34,41,28,5,8,9,25,14.0,2006-07
22006,1610612742,DAL,Dallas Mavericks,0020601010,2007-03-21,DAL @ CLE,W,240,98,37,78,0.474,7,19,0.368,17,17,1.0,3,36,39,25,6,4,14,24,8.0,2006-07
22006,1610612742,DAL,Dallas Mavericks,0020600999,2007-03-20,DAL @ NYK,W,239,92,34,64,0.531,3,10,0.3,21,27,0.778,4,36,40,16,4,5,14,19,15.0,2006-07
22006,1610612742,DAL,Dallas Mavericks,0020600989,2007-03-18,DAL @ DET,W,240,92,32,65,0.492,4,11,0.364,24,29,0.828,6,33,39,13,5,3,14,21,4.0,2006-07
22006,1610612742,DAL,Dallas Mavericks,0020600975,2007-03-16,DAL vs. BOS,W,240,106,37,73,0.507,2,10,0.2,30,33,0.909,8,31,39,17,3,9,13,18,5.0,2006-07
22006,1610612742,DAL,Dallas Mavericks,0020600965,2007-03-14,DAL vs. PHX,L,289,127,47,104,0.452,10,18,0.556,23,31,0.742,27,28,55,18,8,3,18,29,-2.0,2006-07
22006,1610612742,DAL,Dallas Mavericks,0020600947,2007-03-12,DAL @ GSW,L,238,100,33,78,0.423,7,20,0.35,27,35,0.771,20,30,50,21,8,3,23,25,-17.0,2006-07
22006,1610612742,DAL,Dallas Mavericks,0020600941,2007-03-11,DAL @ LAL,W,240,108,38,79,0.481,8,16,0.5,24,28,0.857,10,36,46,18,12,2,12,19,36.0,2006-07
22006,1610612742,DAL,Dallas Mavericks,0020600903,2007-03-06,DAL vs. NJN,W,241,102,40,82,0.488,7,17,0.412,15,16,0.938,10,32,42,18,5,6,13,22,13.0,2006-07
22006,1610612742,DAL,Dallas Mavericks,0020600884,2007-03-03,DAL vs. ORL,W,240,103,38,71,0.535,9,21,0.429,18,24,0.75,7,25,32,32,7,4,9,22,5.0,2006-07
22006,1610612742,DAL,Dallas Mavericks,0020600865,2007-03-01,DAL vs. CLE,W,240,95,38,80,0.475,4,12,0.333,15,19,0.789,12,32,44,22,4,7,14,17,3.0,2006-07
22006,1610612742,DAL,Dallas Mavericks,0020600854,2007-02-27,DAL @ MIN,W,240,91,37,82,0.451,8,20,0.4,9,12,0.75,14,40,54,18,3,8,14,18,27.0,2006-07
22006,1610612742,DAL,Dallas Mavericks,0020600846,2007-02-26,DAL vs. ATL,W,240,110,44,81,0.543,7,14,0.5,15,23,0.652,11,25,36,23,8,4,8,19,23.0,2006-07
22006,1610612742,DAL,Dallas Mavericks,0020600830,2007-02-24,DAL vs. DEN,W,239,115,45,88,0.511,4,9,0.444,21,28,0.75,11,34,45,22,12,7,17,25,20.0,2006-07
22006,1610612742,DAL,Dallas Mavericks,0020600813,2007-02-22,DAL vs. MIA,W,241,112,39,72,0.542,6,15,0.4,28,34,0.824,6,35,41,22,5,4,14,21,12.0,2006-07
22006,1610612742,DAL,Dallas Mavericks,0020600788,2007-02-15,DAL @ HOU,W,239,80,30,72,0.417,5,13,0.385,15,24,0.625,9,34,43,11,8,3,13,24,3.0,2006-07
22006,1610612742,DAL,Dallas Mavericks,0020600770,2007-02-13,DAL @ MIL,W,241,99,37,76,0.487,7,15,0.467,18,22,0.818,12,31,43,24,5,3,13,23,6.0,2006-07
22006,1610612742,DAL,Dallas Mavericks,0020600761,2007-02-11,DAL @ PHI,W,239,106,39,75,0.52,7,15,0.467,21,28,0.75,7,34,41,28,9,4,8,18,17.0,2006-07
22006,1610612742,DAL,Dallas Mavericks,0020600746,2007-02-09,DAL vs. HOU,W,242,95,36,80,0.45,6,14,0.429,17,22,0.773,14,41,55,24,6,3,11,20,21.0,2006-07
22006,1610612742,DAL,Dallas Mavericks,0020600733,2007-02-07,DAL vs. MEM,W,241,113,41,88,0.466,8,15,0.533,23,30,0.767,15,22,37,30,14,10,8,27,16.0,2006-07
22006,1610612742,DAL,Dallas Mavericks,0020600705,2007-02-03,DAL vs. MIN,W,240,94,32,77,0.416,5,26,0.192,25,29,0.862,16,30,46,16,7,4,12,16,1.0,2006-07
22006,1610612742,DAL,Dallas Mavericks,0020600680,2007-01-31,DAL @ MEM,W,235,95,34,80,0.425,3,11,0.273,24,25,0.96,12,32,44,15,6,5,11,20,1.0,2006-07
22006,1610612742,DAL,Dallas Mavericks,0020600673,2007-01-30,DAL vs. SEA,W,234,122,42,77,0.545,12,23,0.522,26,30,0.867,9,24,33,25,9,3,9,14,20.0,2006-07
22006,1610612742,DAL,Dallas Mavericks,0020600651,2007-01-27,DAL vs. SAC,W,233,106,40,76,0.526,6,15,0.4,20,24,0.833,9,31,40,21,6,6,15,22,2.0,2006-07
22006,1610612742,DAL,Dallas Mavericks,0020600632,2007-01-25,DAL @ CHI,L,235,85,29,93,0.312,7,23,0.304,20,23,0.87,19,26,45,16,8,7,8,15,-11.0,2006-07
22006,1610612742,DAL,Dallas Mavericks,0020600617,2007-01-23,DAL @ ORL,W,234,111,43,77,0.558,8,21,0.381,17,20,0.85,4,31,35,26,7,3,7,29,16.0,2006-07
22006,1610612742,DAL,Dallas Mavericks,0020600602,2007-01-21,DAL @ MIA,W,235,99,41,88,0.466,4,16,0.25,13,17,0.765,14,34,48,19,5,2,11,21,6.0,2006-07
22006,1610612742,DAL,Dallas Mavericks,0020600580,2007-01-18,DAL vs. LAL,W,240,114,48,88,0.545,5,18,0.278,13,15,0.867,19,34,53,27,8,8,19,20,19.0,2006-07
22006,1610612742,DAL,Dallas Mavericks,0020600566,2007-01-16,DAL vs. HOU,W,240,109,41,84,0.488,11,26,0.423,16,17,0.941,15,29,44,24,5,5,12,16,13.0,2006-07
22006,1610612742,DAL,Dallas Mavericks,0020600552,2007-01-14,DAL @ TOR,W,240,97,35,87,0.402,10,23,0.435,17,19,0.895,14,27,41,20,10,4,11,17,1.0,2006-07
22006,1610612742,DAL,Dallas Mavericks,0020600531,2007-01-12,DAL @ IND,W,265,115,37,88,0.42,6,20,0.3,35,45,0.778,16,31,47,16,7,7,9,32,2.0,2006-07
22006,1610612742,DAL,Dallas Mavericks,0020600524,2007-01-10,DAL vs. POR,W,240,99,35,68,0.515,10,16,0.625,19,20,0.95,8,32,40,23,8,4,14,23,25.0,2006-07
22006,1610612742,DAL,Dallas Mavericks,0020600513,2007-01-09,DAL @ UTA,W,240,108,37,70,0.529,5,13,0.385,29,35,0.829,8,25,33,14,7,3,21,26,3.0,2006-07
22006,1610612742,DAL,Dallas Mavericks,0020600504,2007-01-07,DAL @ LAL,L,240,98,38,90,0.422,7,20,0.35,15,21,0.714,14,27,41,16,9,6,9,21,-3.0,2006-07
22006,1610612742,DAL,Dallas Mavericks,0020600484,2007-01-05,DAL @ SAS,W,240,90,35,77,0.455,4,14,0.286,16,20,0.8,10,31,41,16,5,4,10,25,5.0,2006-07
22006,1610612742,DAL,Dallas Mavericks,0020600477,2007-01-04,DAL vs. IND,W,239,100,38,82,0.463,4,8,0.5,20,24,0.833,11,27,38,13,11,4,12,23,9.0,2006-07
22006,1610612742,DAL,Dallas Mavericks,0020600464,2007-01-02,DAL vs. SEA,W,240,112,35,80,0.438,8,23,0.348,34,43,0.791,21,37,58,15,5,4,7,21,24.0,2006-07
22006,1610612742,DAL,Dallas Mavericks,0020600455,2006-12-31,DAL @ DEN,W,240,89,34,81,0.42,5,26,0.192,16,21,0.762,12,37,49,23,7,8,21,23,4.0,2006-07
22006,1610612742,DAL,Dallas Mavericks,0020600448,2006-12-30,DAL vs. NOK,W,240,94,35,79,0.443,5,12,0.417,19,24,0.792,6,32,38,23,5,6,9,23,14.0,2006-07
22006,1610612742,DAL,Dallas Mavericks,0020600426,2006-12-28,DAL vs. PHX,W,240,101,35,85,0.412,8,19,0.421,23,29,0.793,15,26,41,21,12,2,18,22,2.0,2006-07
22006,1610612742,DAL,Dallas Mavericks,0020600409,2006-12-26,DAL vs. CHA,W,240,97,37,76,0.487,5,16,0.313,18,24,0.75,9,34,43,20,6,4,14,22,13.0,2006-07
22006,1610612742,DAL,Dallas Mavericks,0020600388,2006-12-22,DAL vs. LAC,W,240,115,42,82,0.512,15,27,0.556,16,21,0.762,10,34,44,25,5,4,10,20,32.0,2006-07
22006,1610612742,DAL,Dallas Mavericks,0020600376,2006-12-20,DAL @ SEA,W,240,103,35,73,0.479,4,14,0.286,29,34,0.853,15,24,39,23,6,8,17,20,8.0,2006-07
22006,1610612742,DAL,Dallas Mavericks,0020600361,2006-12-18,DAL @ SAC,W,240,109,42,80,0.525,9,22,0.409,16,19,0.842,7,32,39,22,8,4,10,25,18.0,2006-07
22006,1610612742,DAL,Dallas Mavericks,0020600347,2006-12-16,DAL @ NOK,W,240,90,37,87,0.425,6,16,0.375,10,11,0.909,11,39,50,19,3,4,9,17,11.0,2006-07
22006,1610612742,DAL,Dallas Mavericks,0020600335,2006-12-15,DAL vs. PHI,W,240,93,34,73,0.466,8,17,0.471,17,17,1.0,7,29,36,19,6,5,13,18,14.0,2006-07
22006,1610612742,DAL,Dallas Mavericks,0020600324,2006-12-13,DAL vs. LAL,W,240,110,39,65,0.6,4,11,0.364,28,33,0.848,7,32,39,23,8,7,19,28,9.0,2006-07
22006,1610612742,DAL,Dallas Mavericks,0020600307,2006-12-11,DAL @ UTA,L,238,79,26,69,0.377,3,20,0.15,24,32,0.75,6,20,26,8,8,8,14,27,-22.0,2006-07
22006,1610612742,DAL,Dallas Mavericks,0020600293,2006-12-09,DAL vs. DEN,W,241,105,41,83,0.494,5,13,0.385,18,22,0.818,19,32,51,22,8,7,22,24,15.0,2006-07
22006,1610612742,DAL,Dallas Mavericks,0020600272,2006-12-07,DAL vs. DET,L,240,82,31,74,0.419,4,14,0.286,16,22,0.727,7,29,36,13,7,3,14,16,-10.0,2006-07
22006,1610612742,DAL,Dallas Mavericks,0020600255,2006-12-05,DAL @ NJN,W,217,92,32,78,0.41,6,16,0.375,22,24,0.917,10,33,43,21,10,8,12,25,17.0,2006-07
22006,1610612742,DAL,Dallas Mavericks,0020600248,2006-12-04,DAL @ WAS,L,240,97,31,79,0.392,10,21,0.476,25,31,0.806,12,27,39,20,6,7,9,17,-9.0,2006-07
22006,1610612742,DAL,Dallas Mavericks,0020600230,2006-12-01,DAL vs. SAC,W,240,109,37,76,0.487,11,21,0.524,24,27,0.889,9,40,49,26,9,8,18,26,19.0,2006-07
22006,1610612742,DAL,Dallas Mavericks,0020600216,2006-11-29,DAL vs. TOR,W,240,117,45,84,0.536,11,20,0.55,16,25,0.64,11,37,48,24,2,3,7,20,19.0,2006-07
22006,1610612742,DAL,Dallas Mavericks,0020600201,2006-11-27,DAL vs. MIN,W,240,93,34,72,0.472,3,13,0.231,22,25,0.88,11,29,40,17,6,8,15,21,6.0,2006-07
22006,1610612742,DAL,Dallas Mavericks,0020600191,2006-11-25,DAL vs. NOK,W,269,85,26,67,0.388,3,17,0.176,30,41,0.732,8,38,46,14,9,3,17,23,12.0,2006-07
22006,1610612742,DAL,Dallas Mavericks,0020600179,2006-11-24,DAL @ SAS,W,240,95,38,76,0.5,7,16,0.438,12,15,0.8,9,32,41,23,10,2,19,24,3.0,2006-07
22006,1610612742,DAL,Dallas Mavericks,0020600155,2006-11-21,DAL vs. WAS,W,240,107,39,98,0.398,14,34,0.412,15,17,0.882,21,36,57,23,3,8,10,24,27.0,2006-07
22006,1610612742,DAL,Dallas Mavericks,0020600144,2006-11-20,DAL @ CHA,W,240,93,32,82,0.39,5,11,0.455,24,37,0.649,16,32,48,17,7,6,11,22,8.0,2006-07
22006,1610612742,DAL,Dallas Mavericks,0020600137,2006-11-18,DAL vs. MEM,W,240,89,31,67,0.463,9,17,0.529,18,24,0.75,7,41,48,22,4,6,18,30,5.0,2006-07
22006,1610612742,DAL,Dallas Mavericks,0020600124,2006-11-17,DAL @ MEM,W,240,115,39,83,0.47,6,20,0.3,31,37,0.838,15,25,40,22,5,6,8,22,12.0,2006-07
22006,1610612742,DAL,Dallas Mavericks,0020600105,2006-11-14,DAL vs. CHI,W,240,111,40,80,0.5,7,23,0.304,24,24,1.0,11,35,46,20,1,11,9,24,12.0,2006-07
22006,1610612742,DAL,Dallas Mavericks,0020600095,2006-11-12,DAL @ POR,W,240,103,38,69,0.551,7,17,0.412,20,23,0.87,9,23,32,21,6,3,14,24,7.0,2006-07
22006,1610612742,DAL,Dallas Mavericks,0020600070,2006-11-09,DAL @ PHX,W,240,119,40,73,0.548,6,13,0.462,33,37,0.892,14,23,37,14,13,3,18,28,7.0,2006-07
22006,1610612742,DAL,Dallas Mavericks,0020600067,2006-11-08,DAL @ LAC,L,240,85,32,82,0.39,6,23,0.261,15,20,0.75,9,29,38,15,5,6,14,24,-18.0,2006-07
22006,1610612742,DAL,Dallas Mavericks,0020600048,2006-11-06,DAL vs. GSW,L,240,104,38,83,0.458,11,30,0.367,17,22,0.773,11,28,39,23,10,3,12,22,-3.0,2006-07
22006,1610612742,DAL,Dallas Mavericks,0020600036,2006-11-04,DAL @ HOU,L,170,76,29,70,0.414,4,12,0.333,14,19,0.737,11,23,34,13,1,3,22,24,-31.0,2006-07
22006,1610612742,DAL,Dallas Mavericks,0020600016,2006-11-02,DAL vs. SAS,L,240,91,38,88,0.432,5,16,0.313,10,16,0.625,13,26,39,15,5,7,11,28,-6.0,2006-07
42006,1610612742,DAL,Dallas Mavericks,0040600146,2007-05-03,DAL @ GSW,L,240,86,32,85,0.376,12,37,0.324,10,13,0.769,10,28,38,20,4,2,15,26,-25.0,2006-07
42006,1610612742,DAL,Dallas Mavericks,0040600145,2007-05-01,DAL vs. GSW,W,241,118,40,79,0.506,10,21,0.476,28,36,0.778,11,33,44,22,7,2,14,23,7.0,2006-07
42006,1610612742,DAL,Dallas Mavericks,0040600144,2007-04-29,DAL @ GSW,L,239,99,35,80,0.438,9,25,0.36,20,26,0.769,15,34,49,18,6,8,16,28,-4.0,2006-07
42006,1610612742,DAL,Dallas Mavericks,0040600143,2007-04-27,DAL @ GSW,L,241,91,31,80,0.388,4,15,0.267,25,37,0.676,17,27,44,16,9,3,16,25,-18.0,2006-07
42006,1610612742,DAL,Dallas Mavericks,0040600142,2007-04-25,DAL vs. GSW,W,242,112,37,76,0.487,1,16,0.063,37,43,0.86,12,29,41,15,14,9,15,23,13.0,2006-07
42006,1610612742,DAL,Dallas Mavericks,0040600141,2007-04-22,DAL vs. GSW,L,238,85,30,85,0.353,6,19,0.316,19,25,0.76,19,31,50,16,10,6,13,18,-12.0,2006-07
22007,1610612742,DAL,Dallas Mavericks,0020701227,2008-04-16,DAL vs. NOH,W,239,111,39,89,0.438,10,27,0.37,23,25,0.92,14,31,45,21,3,2,6,17,13.0,2007-08
22007,1610612742,DAL,Dallas Mavericks,0020701202,2008-04-13,DAL @ SEA,L,240,95,36,89,0.404,7,22,0.318,16,19,0.842,12,35,47,23,3,3,8,25,-4.0,2007-08
22007,1610612742,DAL,Dallas Mavericks,0020701195,2008-04-12,DAL @ POR,L,240,105,40,80,0.5,7,19,0.368,18,23,0.783,9,24,33,29,3,0,8,18,-3.0,2007-08
22007,1610612742,DAL,Dallas Mavericks,0020701174,2008-04-10,DAL vs. UTA,W,239,97,33,74,0.446,8,15,0.533,23,25,0.92,7,28,35,17,6,8,6,14,3.0,2007-08
22007,1610612742,DAL,Dallas Mavericks,0020701160,2008-04-08,DAL vs. SEA,W,240,99,39,77,0.506,7,16,0.438,14,17,0.824,4,39,43,27,2,4,7,19,16.0,2007-08
22007,1610612742,DAL,Dallas Mavericks,0020701144,2008-04-06,DAL @ PHX,W,240,105,41,87,0.471,1,10,0.1,22,25,0.88,13,31,44,18,8,7,6,21,7.0,2007-08
22007,1610612742,DAL,Dallas Mavericks,0020701135,2008-04-04,DAL @ LAL,L,240,108,43,82,0.524,6,18,0.333,16,24,0.667,13,26,39,19,5,1,8,26,-4.0,2007-08
22007,1610612742,DAL,Dallas Mavericks,0020701120,2008-04-02,DAL vs. GSW,W,241,111,45,94,0.479,7,21,0.333,14,16,0.875,17,39,56,35,10,6,11,15,25.0,2007-08
22007,1610612742,DAL,Dallas Mavericks,0020701104,2008-03-31,DAL @ LAC,W,241,93,33,74,0.446,4,15,0.267,23,30,0.767,5,26,31,17,11,5,13,28,7.0,2007-08
22007,1610612742,DAL,Dallas Mavericks,0020701096,2008-03-30,DAL @ GSW,L,241,104,35,78,0.449,6,17,0.353,28,32,0.875,9,28,37,28,5,3,13,27,-10.0,2007-08
22007,1610612742,DAL,Dallas Mavericks,0020701071,2008-03-27,DAL @ DEN,L,241,105,41,81,0.506,6,23,0.261,17,26,0.654,13,26,39,30,8,1,17,23,-13.0,2007-08
22007,1610612742,DAL,Dallas Mavericks,0020701055,2008-03-25,DAL vs. LAC,W,239,103,36,82,0.439,5,17,0.294,26,31,0.839,18,32,50,16,9,1,14,20,13.0,2007-08
22007,1610612742,DAL,Dallas Mavericks,0020701040,2008-03-23,DAL vs. SAS,L,240,81,33,76,0.434,6,20,0.3,9,11,0.818,3,40,43,16,3,10,10,26,-7.0,2007-08
22007,1610612742,DAL,Dallas Mavericks,0020701017,2008-03-20,DAL vs. BOS,L,240,90,33,84,0.393,6,18,0.333,18,24,0.75,9,42,51,19,2,12,14,22,-4.0,2007-08
22007,1610612742,DAL,Dallas Mavericks,0020701003,2008-03-18,DAL vs. LAL,L,239,100,32,72,0.444,6,17,0.353,30,38,0.789,8,35,43,15,6,11,14,22,-2.0,2007-08
22007,1610612742,DAL,Dallas Mavericks,0020700984,2008-03-16,DAL @ MIA,W,239,98,38,75,0.507,6,17,0.353,16,21,0.762,9,33,42,19,10,4,16,19,25.0,2007-08
22007,1610612742,DAL,Dallas Mavericks,0020700973,2008-03-14,DAL vs. IND,W,240,116,47,81,0.58,11,23,0.478,11,17,0.647,8,36,44,31,3,6,14,27,19.0,2007-08
22007,1610612742,DAL,Dallas Mavericks,0020700960,2008-03-12,DAL vs. CHA,W,239,118,43,80,0.538,10,24,0.417,22,26,0.846,9,38,47,34,9,9,12,21,25.0,2007-08
22007,1610612742,DAL,Dallas Mavericks,0020700944,2008-03-10,DAL vs. NYK,W,241,108,41,78,0.526,2,6,0.333,24,31,0.774,8,46,54,32,9,6,14,20,29.0,2007-08
22007,1610612742,DAL,Dallas Mavericks,0020700931,2008-03-08,DAL vs. NJN,W,239,111,37,78,0.474,9,13,0.692,28,33,0.848,14,39,53,26,5,5,16,30,20.0,2007-08
22007,1610612742,DAL,Dallas Mavericks,0020700911,2008-03-06,DAL vs. HOU,L,240,98,37,83,0.446,7,12,0.583,17,23,0.739,13,28,41,20,1,4,12,20,-15.0,2007-08
22007,1610612742,DAL,Dallas Mavericks,0020700887,2008-03-03,DAL @ UTA,L,239,110,37,74,0.5,7,17,0.412,29,34,0.853,7,25,32,18,4,3,14,23,-6.0,2007-08
22007,1610612742,DAL,Dallas Mavericks,0020700876,2008-03-02,DAL @ LAL,L,264,104,38,103,0.369,11,27,0.407,17,25,0.68,17,36,53,23,7,2,10,29,-4.0,2007-08
22007,1610612742,DAL,Dallas Mavericks,0020700865,2008-02-29,DAL vs. SAC,W,241,115,46,94,0.489,5,12,0.417,18,20,0.9,15,34,49,24,6,6,8,20,9.0,2007-08
22007,1610612742,DAL,Dallas Mavericks,0020700856,2008-02-28,DAL @ SAS,L,240,94,32,74,0.432,4,14,0.286,26,31,0.839,9,35,44,17,4,3,11,19,-3.0,2007-08
22007,1610612742,DAL,Dallas Mavericks,0020700833,2008-02-25,DAL vs. CHI,W,241,102,39,81,0.481,9,14,0.643,15,17,0.882,10,36,46,21,10,9,21,22,8.0,2007-08
22007,1610612742,DAL,Dallas Mavericks,0020700828,2008-02-24,DAL @ MIN,W,240,99,36,80,0.45,5,20,0.25,22,27,0.815,10,33,43,24,8,4,13,12,16.0,2007-08
22007,1610612742,DAL,Dallas Mavericks,0020700810,2008-02-22,DAL @ MEM,W,239,98,38,76,0.5,9,19,0.474,13,18,0.722,13,34,47,32,12,2,21,22,15.0,2007-08
22007,1610612742,DAL,Dallas Mavericks,0020700795,2008-02-20,DAL @ NOH,L,241,93,33,73,0.452,4,15,0.267,23,27,0.852,10,30,40,13,9,2,17,22,-11.0,2007-08
22007,1610612742,DAL,Dallas Mavericks,0020700779,2008-02-14,DAL @ PHX,L,241,97,36,90,0.4,7,17,0.412,18,25,0.72,20,25,45,8,5,4,13,24,-12.0,2007-08
22007,1610612742,DAL,Dallas Mavericks,0020700774,2008-02-13,DAL vs. POR,W,240,96,36,83,0.434,4,17,0.235,20,23,0.87,17,30,47,18,3,5,11,17,20.0,2007-08
22007,1610612742,DAL,Dallas Mavericks,0020700752,2008-02-11,DAL @ PHI,L,240,76,27,77,0.351,6,23,0.261,16,21,0.762,11,35,46,21,6,4,14,16,-8.0,2007-08
22007,1610612742,DAL,Dallas Mavericks,0020700746,2008-02-10,DAL @ NJN,L,239,82,31,85,0.365,2,18,0.111,18,23,0.783,15,26,41,16,5,1,9,26,-19.0,2007-08
22007,1610612742,DAL,Dallas Mavericks,0020700733,2008-02-08,DAL vs. MEM,W,240,92,37,84,0.44,6,23,0.261,12,15,0.8,10,39,49,23,4,2,6,24,11.0,2007-08
22007,1610612742,DAL,Dallas Mavericks,0020700718,2008-02-06,DAL vs. MIL,W,241,107,39,80,0.488,4,16,0.25,25,31,0.806,12,30,42,26,7,4,9,19,11.0,2007-08
22007,1610612742,DAL,Dallas Mavericks,0020700699,2008-02-04,DAL @ ORL,W,241,107,41,80,0.513,5,10,0.5,20,25,0.8,13,34,47,18,5,1,7,20,9.0,2007-08
22007,1610612742,DAL,Dallas Mavericks,0020700697,2008-02-03,DAL @ DET,L,241,67,23,76,0.303,2,14,0.143,19,24,0.792,11,31,42,11,3,3,9,14,-23.0,2007-08
22007,1610612742,DAL,Dallas Mavericks,0020700676,2008-01-31,DAL @ BOS,L,239,90,31,70,0.443,4,22,0.182,24,28,0.857,11,29,40,20,4,7,13,27,-6.0,2007-08
22007,1610612742,DAL,Dallas Mavericks,0020700652,2008-01-28,DAL @ MEM,W,239,103,43,80,0.538,5,12,0.417,12,15,0.8,6,41,47,17,4,2,11,25,19.0,2007-08
22007,1610612742,DAL,Dallas Mavericks,0020700647,2008-01-27,DAL vs. DEN,W,241,90,35,77,0.455,3,15,0.2,17,20,0.85,11,34,45,18,10,7,16,23,5.0,2007-08
22007,1610612742,DAL,Dallas Mavericks,0020700633,2008-01-25,DAL vs. LAL,W,241,112,39,82,0.476,5,16,0.313,29,36,0.806,13,28,41,13,7,3,8,29,7.0,2007-08
22007,1610612742,DAL,Dallas Mavericks,0020700611,2008-01-23,DAL @ CHA,W,241,102,39,82,0.476,3,17,0.176,21,25,0.84,10,33,43,18,4,6,6,20,7.0,2007-08
22007,1610612742,DAL,Dallas Mavericks,0020700596,2008-01-21,DAL @ WAS,L,240,84,31,75,0.413,5,18,0.278,17,19,0.895,11,29,40,15,4,6,16,17,-18.0,2007-08
22007,1610612742,DAL,Dallas Mavericks,0020700591,2008-01-19,DAL vs. SEA,W,240,111,46,89,0.517,8,19,0.421,11,18,0.611,13,34,47,28,9,8,14,21,15.0,2007-08
22007,1610612742,DAL,Dallas Mavericks,0020700552,2008-01-14,DAL @ SAC,L,239,120,44,77,0.571,11,17,0.647,21,26,0.808,10,26,36,28,3,7,19,29,-2.0,2007-08
22007,1610612742,DAL,Dallas Mavericks,0020700540,2008-01-12,DAL @ LAC,W,240,95,33,73,0.452,6,16,0.375,23,29,0.793,11,30,41,20,4,2,10,26,1.0,2007-08
22007,1610612742,DAL,Dallas Mavericks,0020700533,2008-01-11,DAL @ SEA,W,242,90,34,83,0.41,3,13,0.231,19,21,0.905,15,37,52,13,6,6,11,14,20.0,2007-08
22007,1610612742,DAL,Dallas Mavericks,0020700516,2008-01-09,DAL vs. DET,W,240,102,42,74,0.568,10,16,0.625,8,11,0.727,7,31,38,19,3,5,13,16,16.0,2007-08
22007,1610612742,DAL,Dallas Mavericks,0020700492,2008-01-06,DAL @ MIN,W,242,101,38,82,0.463,6,20,0.3,19,24,0.792,15,29,44,22,10,6,9,20,23.0,2007-08
22007,1610612742,DAL,Dallas Mavericks,0020700481,2008-01-04,DAL vs. MIA,W,241,94,33,75,0.44,8,19,0.421,20,27,0.741,5,29,34,20,9,5,12,24,5.0,2007-08
22007,1610612742,DAL,Dallas Mavericks,0020700466,2008-01-02,DAL vs. GSW,W,241,121,43,80,0.538,8,16,0.5,27,32,0.844,11,39,50,28,5,7,10,28,22.0,2007-08
22007,1610612742,DAL,Dallas Mavericks,0020700434,2007-12-29,DAL vs. ATL,W,239,97,32,73,0.438,7,13,0.538,26,35,0.743,11,33,44,19,11,6,15,25,13.0,2007-08
22007,1610612742,DAL,Dallas Mavericks,0020700419,2007-12-27,DAL vs. CLE,L,241,81,27,74,0.365,4,20,0.2,23,31,0.742,6,39,45,14,8,8,13,20,-7.0,2007-08
22007,1610612742,DAL,Dallas Mavericks,0020700416,2007-12-26,DAL @ UTA,L,239,90,32,75,0.427,9,26,0.346,17,21,0.81,9,31,40,22,5,3,18,22,-9.0,2007-08
22007,1610612742,DAL,Dallas Mavericks,0020700388,2007-12-21,DAL vs. LAC,W,240,102,38,69,0.551,8,16,0.5,18,23,0.783,6,34,40,21,5,4,14,19,13.0,2007-08
22007,1610612742,DAL,Dallas Mavericks,0020700375,2007-12-19,DAL vs. PHX,W,241,108,40,87,0.46,6,16,0.375,22,25,0.88,19,30,49,19,11,8,16,17,3.0,2007-08
22007,1610612742,DAL,Dallas Mavericks,0020700359,2007-12-17,DAL vs. ORL,W,239,111,42,80,0.525,4,16,0.25,23,25,0.92,8,33,41,27,3,4,8,18,3.0,2007-08
22007,1610612742,DAL,Dallas Mavericks,0020700347,2007-12-15,DAL @ HOU,W,241,96,36,71,0.507,7,15,0.467,17,18,0.944,8,21,29,21,14,2,12,15,13.0,2007-08
22007,1610612742,DAL,Dallas Mavericks,0020700336,2007-12-14,DAL vs. NOH,W,240,89,35,74,0.473,3,8,0.375,16,20,0.8,12,33,45,22,5,7,17,20,9.0,2007-08
22007,1610612742,DAL,Dallas Mavericks,0020700314,2007-12-12,DAL @ TOR,L,242,76,30,78,0.385,4,14,0.286,12,20,0.6,15,29,44,17,3,2,11,19,-16.0,2007-08
22007,1610612742,DAL,Dallas Mavericks,0020700303,2007-12-10,DAL @ NYK,W,241,99,36,67,0.537,8,19,0.421,19,29,0.655,7,27,34,21,5,9,9,18,10.0,2007-08
22007,1610612742,DAL,Dallas Mavericks,0020700292,2007-12-08,DAL vs. UTA,W,240,125,43,72,0.597,9,16,0.563,30,35,0.857,12,19,31,25,7,5,13,20,8.0,2007-08
22007,1610612742,DAL,Dallas Mavericks,0020700274,2007-12-06,DAL vs. DEN,L,238,109,36,87,0.414,7,22,0.318,30,34,0.882,16,38,54,22,3,3,18,26,-13.0,2007-08
22007,1610612742,DAL,Dallas Mavericks,0020700269,2007-12-05,DAL @ SAS,L,240,95,31,69,0.449,4,12,0.333,29,35,0.829,4,34,38,15,7,2,14,24,-2.0,2007-08
22007,1610612742,DAL,Dallas Mavericks,0020700253,2007-12-03,DAL @ CHI,W,241,103,36,74,0.486,7,19,0.368,24,25,0.96,5,36,41,20,5,9,13,25,5.0,2007-08
22007,1610612742,DAL,Dallas Mavericks,0020700238,2007-12-01,DAL @ NOH,L,265,108,39,90,0.433,6,20,0.3,24,26,0.923,12,33,45,25,4,4,9,26,-4.0,2007-08
22007,1610612742,DAL,Dallas Mavericks,0020700230,2007-11-30,DAL vs. POR,W,240,91,37,82,0.451,4,9,0.444,13,14,0.929,11,32,43,23,5,3,11,21,11.0,2007-08
22007,1610612742,DAL,Dallas Mavericks,0020700215,2007-11-28,DAL vs. MIN,W,240,109,38,76,0.5,1,10,0.1,32,39,0.821,12,32,44,21,7,2,12,22,6.0,2007-08
22007,1610612742,DAL,Dallas Mavericks,0020700199,2007-11-26,DAL vs. WAS,L,240,98,33,84,0.393,3,21,0.143,29,29,1.0,13,30,43,19,5,6,12,28,-12.0,2007-08
22007,1610612742,DAL,Dallas Mavericks,0020700190,2007-11-24,DAL @ MIL,L,241,95,38,84,0.452,9,22,0.409,10,17,0.588,12,26,38,26,7,6,8,28,-2.0,2007-08
22007,1610612742,DAL,Dallas Mavericks,0020700175,2007-11-23,DAL @ IND,L,240,107,35,84,0.417,3,19,0.158,34,38,0.895,14,32,46,14,4,5,11,28,-4.0,2007-08
22007,1610612742,DAL,Dallas Mavericks,0020700160,2007-11-21,DAL @ HOU,W,240,100,38,88,0.432,4,10,0.4,20,24,0.833,13,34,47,15,7,5,10,15,6.0,2007-08
22007,1610612742,DAL,Dallas Mavericks,0020700154,2007-11-20,DAL vs. TOR,W,241,105,37,75,0.493,8,21,0.381,23,28,0.821,9,32,41,17,4,5,8,20,6.0,2007-08
22007,1610612742,DAL,Dallas Mavericks,0020700138,2007-11-17,DAL vs. MEM,W,239,108,39,82,0.476,2,8,0.25,28,40,0.7,14,32,46,19,10,6,14,22,3.0,2007-08
22007,1610612742,DAL,Dallas Mavericks,0020700117,2007-11-15,DAL vs. SAS,W,239,105,38,73,0.521,7,16,0.438,22,30,0.733,9,32,41,20,11,4,13,26,13.0,2007-08
22007,1610612742,DAL,Dallas Mavericks,0020700100,2007-11-13,DAL vs. PHI,W,240,99,37,83,0.446,6,19,0.316,19,27,0.704,11,36,47,25,9,8,12,17,15.0,2007-08
22007,1610612742,DAL,Dallas Mavericks,0020700085,2007-11-10,DAL @ POR,L,241,82,29,82,0.354,4,16,0.25,20,21,0.952,14,31,45,13,3,2,13,24,-9.0,2007-08
22007,1610612742,DAL,Dallas Mavericks,0020700065,2007-11-08,DAL @ GSW,W,240,120,42,84,0.5,10,24,0.417,26,30,0.867,10,39,49,25,1,5,12,29,5.0,2007-08
22007,1610612742,DAL,Dallas Mavericks,0020700043,2007-11-05,DAL vs. HOU,W,240,107,36,77,0.468,8,18,0.444,27,28,0.964,8,35,43,23,5,6,12,20,9.0,2007-08
22007,1610612742,DAL,Dallas Mavericks,0020700033,2007-11-03,DAL vs. SAC,W,241,123,45,69,0.652,7,14,0.5,26,29,0.897,7,24,31,29,5,5,14,22,21.0,2007-08
22007,1610612742,DAL,Dallas Mavericks,0020700019,2007-11-02,DAL @ ATL,L,240,94,35,80,0.438,4,24,0.167,20,25,0.8,7,31,38,14,4,10,10,25,-7.0,2007-08
22007,1610612742,DAL,Dallas Mavericks,0020700008,2007-10-31,DAL @ CLE,W,240,92,33,69,0.478,9,18,0.5,17,20,0.85,5,31,36,23,6,8,16,17,18.0,2007-08
42007,1610612742,DAL,Dallas Mavericks,0040700155,2008-04-29,DAL @ NOH,L,241,94,35,82,0.427,9,26,0.346,15,19,0.789,15,26,41,25,2,3,8,18,-5.0,2007-08
42007,1610612742,DAL,Dallas Mavericks,0040700154,2008-04-27,DAL vs. NOH,L,239,84,32,89,0.36,8,25,0.32,12,16,0.75,16,31,47,12,2,4,8,19,-13.0,2007-08
42007,1610612742,DAL,Dallas Mavericks,0040700153,2008-04-25,DAL vs. NOH,W,239,97,32,75,0.427,5,17,0.294,28,38,0.737,14,38,52,20,6,7,7,16,10.0,2007-08
42007,1610612742,DAL,Dallas Mavericks,0040700152,2008-04-22,DAL @ NOH,L,240,103,33,70,0.471,7,14,0.5,30,39,0.769,10,28,38,21,6,1,15,28,-24.0,2007-08
42007,1610612742,DAL,Dallas Mavericks,0040700151,2008-04-19,DAL @ NOH,L,240,92,26,78,0.333,7,22,0.318,33,38,0.868,17,31,48,19,4,5,14,22,-12.0,2007-08
22008,1610612742,DAL,Dallas Mavericks,0020801220,2009-04-15,DAL vs. HOU,W,241,95,37,77,0.481,6,13,0.462,15,19,0.789,6,35,41,24,3,4,11,23,11.0,2008-09
22008,1610612742,DAL,Dallas Mavericks,0020801207,2009-04-13,DAL vs. MIN,W,240,96,32,71,0.451,8,20,0.4,24,27,0.889,7,33,40,19,7,5,11,12,2.0,2008-09
22008,1610612742,DAL,Dallas Mavericks,0020801196,2009-04-12,DAL @ NOH,L,240,92,37,87,0.425,6,22,0.273,12,13,0.923,14,27,41,21,5,3,6,19,-10.0,2008-09
22008,1610612742,DAL,Dallas Mavericks,0020801184,2009-04-10,DAL vs. NOH,W,240,100,34,85,0.4,5,24,0.208,27,33,0.818,20,34,54,24,5,2,8,18,8.0,2008-09
22008,1610612742,DAL,Dallas Mavericks,0020801171,2009-04-08,DAL vs. UTA,W,238,130,45,82,0.549,11,24,0.458,29,33,0.879,12,35,47,26,16,5,14,28,29.0,2008-09
22008,1610612742,DAL,Dallas Mavericks,0020801143,2009-04-05,DAL vs. PHX,W,241,140,51,85,0.6,15,25,0.6,23,25,0.92,12,25,37,34,6,7,16,29,24.0,2008-09
22008,1610612742,DAL,Dallas Mavericks,0020801128,2009-04-03,DAL @ MEM,L,241,102,38,77,0.494,7,22,0.318,19,25,0.76,4,28,32,20,3,4,7,21,-5.0,2008-09
22008,1610612742,DAL,Dallas Mavericks,0020801118,2009-04-01,DAL vs. MIA,W,239,98,33,72,0.458,9,26,0.346,23,26,0.885,7,30,37,21,7,5,11,22,2.0,2008-09
22008,1610612742,DAL,Dallas Mavericks,0020801108,2009-03-31,DAL @ MIN,W,241,108,46,83,0.554,8,16,0.5,8,11,0.727,9,37,46,25,9,4,13,18,20.0,2008-09
22008,1610612742,DAL,Dallas Mavericks,0020801091,2009-03-29,DAL @ CLE,L,242,74,29,80,0.363,5,17,0.294,11,17,0.647,9,34,43,23,3,8,13,16,-28.0,2008-09
22008,1610612742,DAL,Dallas Mavericks,0020801080,2009-03-27,DAL vs. DEN,L,240,101,31,87,0.356,9,21,0.429,30,37,0.811,20,22,42,14,8,9,4,19,-2.0,2008-09
22008,1610612742,DAL,Dallas Mavericks,0020801068,2009-03-25,DAL vs. GSW,W,240,128,48,82,0.585,4,15,0.267,28,32,0.875,8,36,44,27,11,2,14,20,22.0,2008-09
22008,1610612742,DAL,Dallas Mavericks,0020801023,2009-03-20,DAL @ IND,W,239,94,35,83,0.422,5,14,0.357,19,25,0.76,6,37,43,18,7,7,4,19,2.0,2008-09
22008,1610612742,DAL,Dallas Mavericks,0020801020,2009-03-19,DAL @ ATL,L,241,87,36,89,0.404,6,31,0.194,9,13,0.692,16,33,49,15,7,3,13,21,-8.0,2008-09
22008,1610612742,DAL,Dallas Mavericks,0020801004,2009-03-17,DAL vs. DET,W,241,103,38,67,0.567,6,13,0.462,21,27,0.778,4,29,33,23,3,4,10,18,2.0,2008-09
22008,1610612742,DAL,Dallas Mavericks,0020800991,2009-03-15,DAL @ LAL,L,240,100,33,83,0.398,13,34,0.382,21,30,0.7,13,27,40,21,11,4,11,20,-7.0,2008-09
22008,1610612742,DAL,Dallas Mavericks,0020800978,2009-03-13,DAL @ GSW,L,240,110,44,103,0.427,9,27,0.333,13,16,0.813,17,33,50,27,4,5,10,25,-9.0,2008-09
22008,1610612742,DAL,Dallas Mavericks,0020800964,2009-03-11,DAL @ POR,W,241,93,37,80,0.463,4,16,0.25,15,19,0.789,10,35,45,19,8,4,8,19,4.0,2008-09
22008,1610612742,DAL,Dallas Mavericks,0020800952,2009-03-10,DAL @ PHX,W,240,122,47,88,0.534,10,27,0.37,18,20,0.9,13,33,46,15,7,4,13,19,5.0,2008-09
22008,1610612742,DAL,Dallas Mavericks,0020800932,2009-03-07,DAL vs. WAS,W,239,119,43,79,0.544,8,17,0.471,25,31,0.806,9,26,35,29,12,4,13,23,16.0,2008-09
22008,1610612742,DAL,Dallas Mavericks,0020800915,2009-03-05,DAL @ NOH,L,242,88,30,76,0.395,5,21,0.238,23,26,0.885,12,23,35,12,4,1,9,24,-16.0,2008-09
22008,1610612742,DAL,Dallas Mavericks,0020800911,2009-03-04,DAL vs. SAS,W,241,107,37,69,0.536,9,19,0.474,24,27,0.889,6,29,35,25,3,9,9,19,5.0,2008-09
22008,1610612742,DAL,Dallas Mavericks,0020800895,2009-03-02,DAL @ OKC,L,240,87,34,80,0.425,7,24,0.292,12,14,0.857,9,25,34,17,11,2,12,15,-9.0,2008-09
22008,1610612742,DAL,Dallas Mavericks,0020800890,2009-03-01,DAL vs. TOR,W,238,109,41,93,0.441,7,23,0.304,20,24,0.833,20,37,57,28,5,3,14,23,11.0,2008-09
22008,1610612742,DAL,Dallas Mavericks,0020800870,2009-02-27,DAL vs. OKC,W,263,110,42,94,0.447,4,21,0.19,22,27,0.815,15,37,52,28,7,6,12,21,2.0,2008-09
22008,1610612742,DAL,Dallas Mavericks,0020800856,2009-02-25,DAL vs. MIL,W,241,116,39,73,0.534,8,16,0.5,30,32,0.938,13,38,51,23,9,11,22,18,20.0,2008-09
22008,1610612742,DAL,Dallas Mavericks,0020800848,2009-02-24,DAL @ SAS,L,239,76,27,79,0.342,3,19,0.158,19,25,0.76,13,33,46,10,2,3,12,21,-17.0,2008-09
22008,1610612742,DAL,Dallas Mavericks,0020800824,2009-02-21,DAL vs. SAC,W,241,116,44,82,0.537,5,13,0.385,23,32,0.719,8,41,49,28,13,6,16,14,21.0,2008-09
22008,1610612742,DAL,Dallas Mavericks,0020800817,2009-02-20,DAL @ HOU,L,239,86,34,86,0.395,8,19,0.421,10,15,0.667,10,28,38,16,11,3,13,19,-7.0,2008-09
22008,1610612742,DAL,Dallas Mavericks,0020800804,2009-02-18,DAL vs. NJN,W,239,113,42,77,0.545,10,14,0.714,19,26,0.731,8,28,36,30,6,4,9,16,15.0,2008-09
22008,1610612742,DAL,Dallas Mavericks,0020800786,2009-02-12,DAL vs. BOS,L,241,92,32,81,0.395,7,17,0.412,21,24,0.875,8,23,31,16,8,6,8,26,-7.0,2008-09
22008,1610612742,DAL,Dallas Mavericks,0020800770,2009-02-10,DAL vs. SAC,W,239,118,47,85,0.553,5,12,0.417,19,22,0.864,11,36,47,28,12,6,14,24,18.0,2008-09
22008,1610612742,DAL,Dallas Mavericks,0020800747,2009-02-07,DAL vs. CHI,W,266,115,45,97,0.464,7,17,0.412,18,22,0.818,14,33,47,25,9,11,10,23,1.0,2008-09
22008,1610612742,DAL,Dallas Mavericks,0020800733,2009-02-05,DAL @ UTA,L,238,87,34,85,0.4,3,13,0.231,16,19,0.842,8,24,32,21,12,3,14,16,-28.0,2008-09
22008,1610612742,DAL,Dallas Mavericks,0020800729,2009-02-04,DAL vs. POR,W,240,104,43,78,0.551,5,14,0.357,13,14,0.929,5,28,33,28,7,7,12,21,5.0,2008-09
22008,1610612742,DAL,Dallas Mavericks,0020800706,2009-02-02,DAL @ ORL,W,240,105,39,73,0.534,5,14,0.357,22,25,0.88,6,32,38,19,6,4,15,27,10.0,2008-09
22008,1610612742,DAL,Dallas Mavericks,0020800694,2009-01-31,DAL @ MIA,W,240,111,47,78,0.603,7,16,0.438,10,12,0.833,4,31,35,22,9,4,15,22,15.0,2008-09
22008,1610612742,DAL,Dallas Mavericks,0020800676,2009-01-28,DAL vs. GSW,W,239,117,44,89,0.494,8,14,0.571,21,26,0.808,14,39,53,25,6,8,16,18,24.0,2008-09
22008,1610612742,DAL,Dallas Mavericks,0020800646,2009-01-25,DAL @ BOS,L,240,100,32,76,0.421,6,20,0.3,30,36,0.833,12,28,40,12,3,8,14,14,-24.0,2008-09
22008,1610612742,DAL,Dallas Mavericks,0020800631,2009-01-23,DAL @ DET,W,240,112,45,82,0.549,6,14,0.429,16,21,0.762,9,26,35,28,10,8,8,21,21.0,2008-09
22008,1610612742,DAL,Dallas Mavericks,0020800621,2009-01-21,DAL @ MIL,L,239,99,30,82,0.366,5,11,0.455,34,39,0.872,9,24,33,13,4,3,7,22,-34.0,2008-09
22008,1610612742,DAL,Dallas Mavericks,0020800602,2009-01-19,DAL @ PHI,W,240,95,35,76,0.461,8,20,0.4,17,20,0.85,6,33,39,16,10,2,16,25,2.0,2008-09
22008,1610612742,DAL,Dallas Mavericks,0020800596,2009-01-17,DAL vs. UTA,W,240,115,43,85,0.506,6,18,0.333,23,26,0.885,15,27,42,27,11,2,14,20,7.0,2008-09
22008,1610612742,DAL,Dallas Mavericks,0020800573,2009-01-14,DAL vs. NOH,L,240,97,37,74,0.5,9,23,0.391,14,14,1.0,6,32,38,21,1,4,14,20,-7.0,2008-09
22008,1610612742,DAL,Dallas Mavericks,0020800563,2009-01-13,DAL @ DEN,L,240,97,35,85,0.412,7,23,0.304,20,24,0.833,14,33,47,18,7,8,16,25,-2.0,2008-09
22008,1610612742,DAL,Dallas Mavericks,0020800551,2009-01-11,DAL @ SAC,L,240,95,39,86,0.453,3,20,0.15,14,15,0.933,11,29,40,15,6,10,13,13,-7.0,2008-09
22008,1610612742,DAL,Dallas Mavericks,0020800539,2009-01-09,DAL @ PHX,L,241,100,37,85,0.435,9,20,0.45,17,20,0.85,15,17,32,17,6,3,11,15,-28.0,2008-09
22008,1610612742,DAL,Dallas Mavericks,0020800526,2009-01-08,DAL vs. NYK,W,239,99,38,81,0.469,10,27,0.37,13,19,0.684,11,32,43,24,14,8,17,14,5.0,2008-09
22008,1610612742,DAL,Dallas Mavericks,0020800512,2009-01-06,DAL vs. LAC,W,240,107,41,87,0.471,8,28,0.286,17,19,0.895,8,29,37,29,8,6,9,27,5.0,2008-09
22008,1610612742,DAL,Dallas Mavericks,0020800498,2009-01-04,DAL @ MEM,L,239,82,32,76,0.421,5,18,0.278,13,17,0.765,10,24,34,15,4,10,11,18,-20.0,2008-09
22008,1610612742,DAL,Dallas Mavericks,0020800483,2009-01-02,DAL vs. PHI,W,240,96,36,79,0.456,8,22,0.364,16,18,0.889,8,32,40,27,7,6,10,17,10.0,2008-09
22008,1610612742,DAL,Dallas Mavericks,0020800463,2008-12-30,DAL vs. MIN,W,240,107,40,85,0.471,10,24,0.417,17,24,0.708,17,25,42,26,8,8,8,7,7.0,2008-09
22008,1610612742,DAL,Dallas Mavericks,0020800445,2008-12-28,DAL @ LAC,W,240,98,35,84,0.417,9,22,0.409,19,21,0.905,14,39,53,21,5,6,10,19,22.0,2008-09
22008,1610612742,DAL,Dallas Mavericks,0020800433,2008-12-26,DAL @ UTA,L,240,88,33,81,0.407,7,24,0.292,15,17,0.882,12,27,39,18,10,5,15,22,-9.0,2008-09
22008,1610612742,DAL,Dallas Mavericks,0020800425,2008-12-25,DAL @ POR,W,242,102,40,82,0.488,7,21,0.333,15,18,0.833,16,26,42,21,5,3,13,22,8.0,2008-09
22008,1610612742,DAL,Dallas Mavericks,0020800418,2008-12-23,DAL vs. MEM,W,241,100,41,82,0.5,7,19,0.368,11,14,0.786,11,38,49,28,7,8,15,17,18.0,2008-09
22008,1610612742,DAL,Dallas Mavericks,0020800401,2008-12-21,DAL @ WAS,W,239,97,40,87,0.46,5,30,0.167,12,14,0.857,17,29,46,23,10,5,13,15,11.0,2008-09
22008,1610612742,DAL,Dallas Mavericks,0020800381,2008-12-19,DAL @ NJN,L,238,97,32,77,0.416,8,21,0.381,25,29,0.862,7,29,36,22,5,7,14,16,-24.0,2008-09
22008,1610612742,DAL,Dallas Mavericks,0020800369,2008-12-17,DAL @ TOR,W,241,96,39,78,0.5,9,23,0.391,9,10,0.9,8,39,47,21,2,4,13,16,10.0,2008-09
22008,1610612742,DAL,Dallas Mavericks,0020800356,2008-12-15,DAL vs. DEN,L,239,88,29,83,0.349,10,30,0.333,20,24,0.833,13,35,48,20,8,7,13,15,-10.0,2008-09
22008,1610612742,DAL,Dallas Mavericks,0020800341,2008-12-13,DAL vs. OKC,W,239,103,41,81,0.506,7,20,0.35,14,20,0.7,9,29,38,24,4,6,12,16,4.0,2008-09
22008,1610612742,DAL,Dallas Mavericks,0020800324,2008-12-11,DAL vs. CHA,W,241,95,36,80,0.45,8,20,0.4,15,16,0.938,9,29,38,25,6,1,7,11,5.0,2008-09
22008,1610612742,DAL,Dallas Mavericks,0020800309,2008-12-09,DAL vs. SAS,L,290,126,48,93,0.516,9,24,0.375,21,28,0.75,9,39,48,28,3,4,13,20,-7.0,2008-09
22008,1610612742,DAL,Dallas Mavericks,0020800293,2008-12-06,DAL vs. ATL,W,240,100,40,84,0.476,3,16,0.188,17,21,0.81,14,34,48,19,8,2,16,22,2.0,2008-09
22008,1610612742,DAL,Dallas Mavericks,0020800274,2008-12-04,DAL vs. PHX,W,241,112,45,88,0.511,7,17,0.412,15,20,0.75,15,33,48,25,7,7,14,21,15.0,2008-09
22008,1610612742,DAL,Dallas Mavericks,0020800259,2008-12-02,DAL vs. LAC,W,238,100,39,87,0.448,8,23,0.348,14,19,0.737,13,31,44,21,8,6,9,11,2.0,2008-09
22008,1610612742,DAL,Dallas Mavericks,0020800245,2008-11-29,DAL @ SAC,W,242,101,36,83,0.434,7,17,0.412,22,26,0.846,12,34,46,20,7,4,12,18,23.0,2008-09
22008,1610612742,DAL,Dallas Mavericks,0020800235,2008-11-28,DAL @ LAL,L,241,107,43,84,0.512,13,29,0.448,8,9,0.889,8,28,36,32,9,4,14,16,-7.0,2008-09
22008,1610612742,DAL,Dallas Mavericks,0020800208,2008-11-25,DAL vs. IND,W,241,109,41,85,0.482,5,19,0.263,22,28,0.786,11,32,43,23,9,7,10,19,3.0,2008-09
22008,1610612742,DAL,Dallas Mavericks,0020800177,2008-11-21,DAL vs. MEM,W,240,91,30,75,0.4,8,18,0.444,23,26,0.885,10,41,51,19,7,5,17,19,15.0,2008-09
22008,1610612742,DAL,Dallas Mavericks,0020800162,2008-11-19,DAL @ HOU,W,242,96,35,77,0.455,6,17,0.353,20,26,0.769,5,41,46,17,7,5,16,22,10.0,2008-09
22008,1610612742,DAL,Dallas Mavericks,0020800149,2008-11-18,DAL @ CHA,W,240,100,38,76,0.5,4,17,0.235,20,27,0.741,12,38,50,20,5,9,17,22,17.0,2008-09
22008,1610612742,DAL,Dallas Mavericks,0020800142,2008-11-16,DAL @ NYK,W,265,124,47,107,0.439,7,17,0.412,23,31,0.742,18,40,58,22,11,4,9,17,10.0,2008-09
22008,1610612742,DAL,Dallas Mavericks,0020800128,2008-11-14,DAL vs. ORL,L,240,100,38,87,0.437,5,16,0.313,19,23,0.826,16,38,54,17,11,5,16,22,-2.0,2008-09
22008,1610612742,DAL,Dallas Mavericks,0020800118,2008-11-13,DAL @ CHI,L,239,91,32,87,0.368,4,15,0.267,23,30,0.767,16,38,54,15,3,7,13,22,-7.0,2008-09
22008,1610612742,DAL,Dallas Mavericks,0020800102,2008-11-11,DAL vs. LAL,L,238,99,36,86,0.419,6,22,0.273,21,28,0.75,20,34,54,20,10,9,21,21,-7.0,2008-09
22008,1610612742,DAL,Dallas Mavericks,0020800087,2008-11-09,DAL @ LAC,L,240,92,36,87,0.414,3,18,0.167,17,23,0.739,11,33,44,21,11,2,12,19,-11.0,2008-09
22008,1610612742,DAL,Dallas Mavericks,0020800076,2008-11-07,DAL @ DEN,L,240,105,39,96,0.406,13,35,0.371,14,16,0.875,17,33,50,24,6,8,17,29,-3.0,2008-09
22008,1610612742,DAL,Dallas Mavericks,0020800050,2008-11-04,DAL @ SAS,W,240,98,43,81,0.531,7,17,0.412,5,5,1.0,9,36,45,22,4,1,7,15,17.0,2008-09
22008,1610612742,DAL,Dallas Mavericks,0020800046,2008-11-03,DAL vs. CLE,L,240,81,29,71,0.408,3,15,0.2,20,26,0.769,9,26,35,16,5,3,14,20,-19.0,2008-09
22008,1610612742,DAL,Dallas Mavericks,0020800032,2008-11-01,DAL @ MIN,W,240,95,37,83,0.446,5,16,0.313,16,20,0.8,7,31,38,18,10,4,11,20,10.0,2008-09
22008,1610612742,DAL,Dallas Mavericks,0020800017,2008-10-30,DAL vs. HOU,L,240,102,35,84,0.417,4,16,0.25,28,34,0.824,10,30,40,23,7,5,8,22,-10.0,2008-09
42008,1610612742,DAL,Dallas Mavericks,0040800235,2009-05-13,DAL @ DEN,L,239,110,38,74,0.514,12,34,0.353,22,29,0.759,9,21,30,23,5,2,13,22,-14.0,2008-09
42008,1610612742,DAL,Dallas Mavericks,0040800234,2009-05-11,DAL vs. DEN,W,240,119,40,79,0.506,3,14,0.214,36,43,0.837,9,41,50,17,9,3,14,29,2.0,2008-09
42008,1610612742,DAL,Dallas Mavericks,0040800233,2009-05-09,DAL vs. DEN,L,240,105,30,75,0.4,5,15,0.333,40,49,0.816,11,35,46,15,1,7,10,27,-1.0,2008-09
42008,1610612742,DAL,Dallas Mavericks,0040800232,2009-05-05,DAL @ DEN,L,240,105,37,78,0.474,8,23,0.348,23,30,0.767,9,28,37,23,4,1,11,28,-12.0,2008-09
42008,1610612742,DAL,Dallas Mavericks,0040800231,2009-05-03,DAL @ DEN,L,241,95,40,82,0.488,6,18,0.333,9,13,0.692,10,27,37,17,10,2,20,29,-14.0,2008-09
42008,1610612742,DAL,Dallas Mavericks,0040800165,2009-04-28,DAL @ SAS,W,241,106,38,74,0.514,10,20,0.5,20,25,0.8,10,30,40,20,8,2,10,18,13.0,2008-09
42008,1610612742,DAL,Dallas Mavericks,0040800164,2009-04-25,DAL vs. SAS,W,241,99,28,73,0.384,10,25,0.4,33,39,0.846,14,35,49,15,6,6,14,21,9.0,2008-09
42008,1610612742,DAL,Dallas Mavericks,0040800163,2009-04-23,DAL vs. SAS,W,242,88,34,72,0.472,8,22,0.364,12,16,0.75,5,46,51,20,8,8,13,20,21.0,2008-09
42008,1610612742,DAL,Dallas Mavericks,0040800162,2009-04-20,DAL @ SAS,L,240,84,29,72,0.403,6,18,0.333,20,23,0.87,5,23,28,17,9,4,10,17,-21.0,2008-09
42008,1610612742,DAL,Dallas Mavericks,0040800161,2009-04-18,DAL @ SAS,W,241,105,42,78,0.538,5,17,0.294,16,17,0.941,10,29,39,14,5,3,7,17,8.0,2008-09
22009,1610612742,DAL,Dallas Mavericks,0020901220,2010-04-14,DAL vs. SAS,W,241,96,35,85,0.412,6,14,0.429,20,28,0.714,10,37,47,22,8,7,11,15,7.0,2009-10
22009,1610612742,DAL,Dallas Mavericks,0020901212,2010-04-12,DAL @ LAC,W,240,117,45,83,0.542,11,27,0.407,16,19,0.842,8,29,37,37,6,4,10,15,23.0,2009-10
22009,1610612742,DAL,Dallas Mavericks,0020901193,2010-04-10,DAL @ SAC,W,240,126,42,79,0.532,13,21,0.619,29,34,0.853,7,29,36,27,9,7,11,20,18.0,2009-10
22009,1610612742,DAL,Dallas Mavericks,0020901186,2010-04-09,DAL @ POR,W,240,83,24,71,0.338,5,20,0.25,30,35,0.857,11,32,43,11,8,4,12,19,6.0,2009-10
22009,1610612742,DAL,Dallas Mavericks,0020901167,2010-04-07,DAL vs. MEM,W,239,110,42,76,0.553,8,14,0.571,18,21,0.857,7,30,37,28,11,4,12,21,26.0,2009-10
22009,1610612742,DAL,Dallas Mavericks,0020901137,2010-04-03,DAL vs. OKC,L,241,116,43,81,0.531,5,19,0.263,25,29,0.862,12,27,39,20,8,6,18,28,-5.0,2009-10
22009,1610612742,DAL,Dallas Mavericks,0020901120,2010-04-01,DAL vs. ORL,L,238,82,31,81,0.383,4,14,0.286,16,17,0.941,10,32,42,7,9,2,10,17,-15.0,2009-10
22009,1610612742,DAL,Dallas Mavericks,0020901114,2010-03-31,DAL @ MEM,W,265,106,38,89,0.427,11,28,0.393,19,25,0.76,13,34,47,22,11,7,18,24,4.0,2009-10
22009,1610612742,DAL,Dallas Mavericks,0020901100,2010-03-29,DAL vs. DEN,W,239,109,38,81,0.469,12,22,0.545,21,24,0.875,9,33,42,27,10,5,7,25,16.0,2009-10
22009,1610612742,DAL,Dallas Mavericks,0020901086,2010-03-27,DAL @ GSW,W,242,111,44,91,0.484,16,30,0.533,7,10,0.7,4,48,52,34,15,6,14,15,21.0,2009-10
22009,1610612742,DAL,Dallas Mavericks,0020901070,2010-03-25,DAL @ POR,L,240,89,36,81,0.444,9,22,0.409,8,9,0.889,7,32,39,20,6,6,11,18,-12.0,2009-10
22009,1610612742,DAL,Dallas Mavericks,0020901056,2010-03-23,DAL vs. LAC,W,240,106,42,91,0.462,8,20,0.4,14,19,0.737,14,30,44,24,9,7,8,16,10.0,2009-10
22009,1610612742,DAL,Dallas Mavericks,0020901048,2010-03-22,DAL @ NOH,L,240,99,42,81,0.519,8,16,0.5,7,13,0.538,11,25,36,22,4,6,18,18,-16.0,2009-10
22009,1610612742,DAL,Dallas Mavericks,0020901033,2010-03-20,DAL vs. BOS,L,239,93,37,80,0.463,5,15,0.333,14,17,0.824,11,28,39,22,10,2,18,22,-9.0,2009-10
22009,1610612742,DAL,Dallas Mavericks,0020901011,2010-03-17,DAL vs. CHI,W,240,113,41,78,0.526,6,18,0.333,25,33,0.758,10,27,37,22,6,5,13,16,7.0,2009-10
22009,1610612742,DAL,Dallas Mavericks,0020900979,2010-03-13,DAL vs. NYK,L,241,94,34,80,0.425,7,21,0.333,19,26,0.731,13,30,43,14,5,5,15,15,-34.0,2009-10
22009,1610612742,DAL,Dallas Mavericks,0020900959,2010-03-10,DAL vs. NJN,W,240,96,33,75,0.44,6,13,0.462,24,29,0.828,8,32,40,19,8,7,12,18,9.0,2009-10
22009,1610612742,DAL,Dallas Mavericks,0020900943,2010-03-08,DAL @ MIN,W,240,125,48,96,0.5,7,21,0.333,22,26,0.846,9,30,39,29,11,3,8,24,13.0,2009-10
22009,1610612742,DAL,Dallas Mavericks,0020900928,2010-03-06,DAL @ CHI,W,239,122,49,87,0.563,11,27,0.407,13,15,0.867,6,27,33,31,5,6,6,13,6.0,2009-10
22009,1610612742,DAL,Dallas Mavericks,0020900921,2010-03-05,DAL vs. SAC,W,240,108,42,86,0.488,7,17,0.412,17,18,0.944,9,31,40,29,10,6,8,15,8.0,2009-10
22009,1610612742,DAL,Dallas Mavericks,0020900906,2010-03-03,DAL vs. MIN,W,241,112,43,86,0.5,9,17,0.529,17,18,0.944,10,20,30,23,6,3,12,21,3.0,2009-10
22009,1610612742,DAL,Dallas Mavericks,0020900886,2010-03-01,DAL @ CHA,W,240,89,37,80,0.463,3,16,0.188,12,15,0.8,5,31,36,19,11,8,12,20,5.0,2009-10
22009,1610612742,DAL,Dallas Mavericks,0020900885,2010-02-28,DAL vs. NOH,W,240,108,45,87,0.517,4,15,0.267,14,17,0.824,12,31,43,31,9,3,13,20,8.0,2009-10
22009,1610612742,DAL,Dallas Mavericks,0020900861,2010-02-26,DAL @ ATL,W,265,111,48,92,0.522,7,21,0.333,8,11,0.727,12,38,50,37,5,7,13,18,8.0,2009-10
22009,1610612742,DAL,Dallas Mavericks,0020900852,2010-02-24,DAL vs. LAL,W,240,101,35,80,0.438,8,21,0.381,23,26,0.885,13,28,41,23,10,6,16,20,5.0,2009-10
22009,1610612742,DAL,Dallas Mavericks,0020900834,2010-02-22,DAL vs. IND,W,240,91,32,83,0.386,4,14,0.286,23,31,0.742,7,46,53,20,6,5,13,17,9.0,2009-10
22009,1610612742,DAL,Dallas Mavericks,0020900819,2010-02-20,DAL vs. MIA,W,241,97,33,73,0.452,3,16,0.188,28,33,0.848,9,27,36,24,7,3,7,14,6.0,2009-10
22009,1610612742,DAL,Dallas Mavericks,0020900812,2010-02-19,DAL @ ORL,W,241,95,38,84,0.452,5,15,0.333,14,18,0.778,8,37,45,23,9,7,10,16,10.0,2009-10
22009,1610612742,DAL,Dallas Mavericks,0020900799,2010-02-17,DAL vs. PHX,W,240,107,41,87,0.471,5,15,0.333,20,27,0.741,16,29,45,24,11,7,11,18,10.0,2009-10
22009,1610612742,DAL,Dallas Mavericks,0020900786,2010-02-16,DAL @ OKC,L,240,86,30,93,0.323,7,21,0.333,19,23,0.826,15,38,53,21,4,7,12,21,-13.0,2009-10
22009,1610612742,DAL,Dallas Mavericks,0020900766,2010-02-09,DAL @ DEN,L,240,91,29,76,0.382,7,21,0.333,26,28,0.929,6,22,28,16,9,1,15,17,-36.0,2009-10
22009,1610612742,DAL,Dallas Mavericks,0020900756,2010-02-08,DAL @ GSW,W,240,127,37,71,0.521,12,22,0.545,41,46,0.891,6,33,39,33,8,1,16,19,10.0,2009-10
22009,1610612742,DAL,Dallas Mavericks,0020900738,2010-02-05,DAL vs. MIN,L,239,108,35,82,0.427,9,19,0.474,29,35,0.829,14,28,42,20,9,5,14,22,-9.0,2009-10
22009,1610612742,DAL,Dallas Mavericks,0020900724,2010-02-03,DAL vs. GSW,W,241,110,43,79,0.544,5,17,0.294,19,21,0.905,7,24,31,32,9,2,15,18,9.0,2009-10
22009,1610612742,DAL,Dallas Mavericks,0020900709,2010-02-01,DAL @ UTA,L,239,92,36,78,0.462,4,11,0.364,16,18,0.889,9,25,34,20,8,7,15,20,-12.0,2009-10
22009,1610612742,DAL,Dallas Mavericks,0020900692,2010-01-30,DAL vs. POR,L,265,112,42,89,0.472,7,14,0.5,21,22,0.955,10,32,42,23,5,4,13,19,-2.0,2009-10
22009,1610612742,DAL,Dallas Mavericks,0020900676,2010-01-28,DAL @ PHX,L,239,106,41,82,0.5,5,16,0.313,19,23,0.826,8,26,34,21,6,5,9,26,-6.0,2009-10
22009,1610612742,DAL,Dallas Mavericks,0020900660,2010-01-26,DAL vs. MIL,W,240,108,41,80,0.513,10,18,0.556,16,17,0.941,9,27,36,31,6,2,13,18,1.0,2009-10
22009,1610612742,DAL,Dallas Mavericks,0020900646,2010-01-24,DAL @ NYK,W,239,128,50,86,0.581,12,22,0.545,16,17,0.941,10,35,45,25,10,2,10,17,50.0,2009-10
22009,1610612742,DAL,Dallas Mavericks,0020900624,2010-01-22,DAL @ PHI,L,240,81,32,81,0.395,3,15,0.2,14,17,0.824,9,33,42,20,8,5,15,18,-11.0,2009-10
22009,1610612742,DAL,Dallas Mavericks,0020900612,2010-01-20,DAL @ WAS,W,241,94,39,85,0.459,4,20,0.2,12,14,0.857,12,29,41,27,9,9,11,19,1.0,2009-10
22009,1610612742,DAL,Dallas Mavericks,0020900604,2010-01-18,DAL @ BOS,W,240,99,39,68,0.574,4,7,0.571,17,24,0.708,4,31,35,28,3,7,14,16,9.0,2009-10
22009,1610612742,DAL,Dallas Mavericks,0020900592,2010-01-17,DAL @ TOR,L,241,88,36,80,0.45,5,15,0.333,11,16,0.688,8,33,41,23,5,4,10,20,-22.0,2009-10
22009,1610612742,DAL,Dallas Mavericks,0020900579,2010-01-15,DAL vs. OKC,W,238,99,31,70,0.443,4,14,0.286,33,39,0.846,6,28,34,19,11,7,14,26,1.0,2009-10
22009,1610612742,DAL,Dallas Mavericks,0020900564,2010-01-13,DAL vs. LAL,L,240,95,36,85,0.424,8,24,0.333,15,21,0.714,13,31,44,24,4,4,5,18,-5.0,2009-10
22009,1610612742,DAL,Dallas Mavericks,0020900535,2010-01-09,DAL vs. UTA,L,240,93,33,80,0.413,8,21,0.381,19,23,0.826,14,31,45,21,1,5,13,19,-18.0,2009-10
22009,1610612742,DAL,Dallas Mavericks,0020900525,2010-01-08,DAL @ SAS,W,241,112,44,89,0.494,7,15,0.467,17,20,0.85,12,27,39,24,7,6,7,20,9.0,2009-10
22009,1610612742,DAL,Dallas Mavericks,0020900502,2010-01-05,DAL vs. DET,W,241,98,38,86,0.442,5,17,0.294,17,18,0.944,13,34,47,24,5,5,8,17,5.0,2009-10
22009,1610612742,DAL,Dallas Mavericks,0020900493,2010-01-03,DAL @ LAL,L,239,96,34,90,0.378,5,21,0.238,23,28,0.821,17,23,40,20,6,1,10,11,-35.0,2009-10
22009,1610612742,DAL,Dallas Mavericks,0020900488,2010-01-02,DAL @ SAC,W,238,99,36,74,0.486,3,9,0.333,24,28,0.857,4,32,36,21,11,4,17,15,8.0,2009-10
22009,1610612742,DAL,Dallas Mavericks,0020900470,2009-12-31,DAL @ HOU,L,240,94,37,82,0.451,2,12,0.167,18,22,0.818,8,34,42,15,9,9,11,14,-3.0,2009-10
22009,1610612742,DAL,Dallas Mavericks,0020900443,2009-12-27,DAL @ DEN,W,240,104,41,82,0.5,4,13,0.308,18,26,0.692,8,43,51,25,5,6,15,19,8.0,2009-10
22009,1610612742,DAL,Dallas Mavericks,0020900429,2009-12-26,DAL vs. MEM,W,240,106,43,82,0.524,6,17,0.353,14,20,0.7,10,30,40,25,7,8,9,24,5.0,2009-10
22009,1610612742,DAL,Dallas Mavericks,0020900411,2009-12-22,DAL vs. POR,L,239,81,31,80,0.388,7,19,0.368,12,22,0.545,11,35,46,21,3,4,13,14,-4.0,2009-10
22009,1610612742,DAL,Dallas Mavericks,0020900398,2009-12-20,DAL vs. CLE,W,241,102,38,80,0.475,7,19,0.368,19,20,0.95,6,33,39,25,3,4,6,20,7.0,2009-10
22009,1610612742,DAL,Dallas Mavericks,0020900382,2009-12-18,DAL vs. HOU,L,264,108,40,95,0.421,8,20,0.4,20,27,0.741,17,33,50,20,7,8,16,23,-8.0,2009-10
22009,1610612742,DAL,Dallas Mavericks,0020900366,2009-12-16,DAL @ OKC,W,241,100,36,73,0.493,7,13,0.538,21,26,0.808,7,33,40,20,7,5,12,16,14.0,2009-10
22009,1610612742,DAL,Dallas Mavericks,0020900347,2009-12-14,DAL vs. NOH,W,238,94,38,69,0.551,6,15,0.4,12,13,0.923,6,34,40,23,5,4,23,13,4.0,2009-10
22009,1610612742,DAL,Dallas Mavericks,0020900334,2009-12-12,DAL vs. CHA,W,265,98,37,93,0.398,3,18,0.167,21,26,0.808,20,30,50,17,14,8,13,22,1.0,2009-10
22009,1610612742,DAL,Dallas Mavericks,0020900323,2009-12-11,DAL @ MIA,W,240,106,39,80,0.488,10,25,0.4,18,23,0.783,7,35,42,30,5,4,9,26,13.0,2009-10
22009,1610612742,DAL,Dallas Mavericks,0020900306,2009-12-08,DAL vs. PHX,W,240,102,38,85,0.447,6,23,0.261,20,23,0.87,12,30,42,26,8,5,13,22,1.0,2009-10
22009,1610612742,DAL,Dallas Mavericks,0020900286,2009-12-05,DAL vs. ATL,L,240,75,25,67,0.373,8,24,0.333,17,24,0.708,7,39,46,18,3,14,16,20,-5.0,2009-10
22009,1610612742,DAL,Dallas Mavericks,0020900276,2009-12-04,DAL @ MEM,L,240,82,32,91,0.352,8,29,0.276,10,10,1.0,18,28,46,21,4,9,15,15,-16.0,2009-10
22009,1610612742,DAL,Dallas Mavericks,0020900263,2009-12-02,DAL @ NJN,W,241,117,44,75,0.587,8,18,0.444,21,25,0.84,10,32,42,29,12,6,18,24,16.0,2009-10
22009,1610612742,DAL,Dallas Mavericks,0020900250,2009-11-30,DAL vs. PHI,W,242,104,40,87,0.46,10,21,0.476,14,17,0.824,11,26,37,31,9,6,10,18,2.0,2009-10
22009,1610612742,DAL,Dallas Mavericks,0020900235,2009-11-28,DAL @ CLE,L,241,95,34,72,0.472,8,19,0.421,19,24,0.792,5,19,24,20,5,2,9,18,-16.0,2009-10
22009,1610612742,DAL,Dallas Mavericks,0020900227,2009-11-27,DAL @ IND,W,241,113,41,92,0.446,9,21,0.429,22,28,0.786,17,37,54,20,6,6,13,22,21.0,2009-10
22009,1610612742,DAL,Dallas Mavericks,0020900215,2009-11-25,DAL @ HOU,W,240,130,55,84,0.655,9,17,0.529,11,14,0.786,7,29,36,33,14,8,12,18,31.0,2009-10
22009,1610612742,DAL,Dallas Mavericks,0020900204,2009-11-24,DAL vs. GSW,L,239,103,38,82,0.463,4,15,0.267,23,25,0.92,9,32,41,26,12,6,18,20,-8.0,2009-10
22009,1610612742,DAL,Dallas Mavericks,0020900179,2009-11-20,DAL vs. SAC,W,240,104,42,93,0.452,5,19,0.263,15,21,0.714,17,27,44,28,10,4,14,15,2.0,2009-10
22009,1610612742,DAL,Dallas Mavericks,0020900168,2009-11-18,DAL vs. SAS,W,266,99,40,100,0.4,3,17,0.176,16,21,0.762,17,32,49,16,8,6,5,24,5.0,2009-10
22009,1610612742,DAL,Dallas Mavericks,0020900149,2009-11-16,DAL @ MIL,W,264,115,44,86,0.512,10,20,0.5,17,22,0.773,9,39,48,28,5,3,15,19,2.0,2009-10
22009,1610612742,DAL,Dallas Mavericks,0020900143,2009-11-15,DAL @ DET,W,239,95,36,82,0.439,7,16,0.438,16,21,0.762,11,27,38,25,11,7,7,15,5.0,2009-10
22009,1610612742,DAL,Dallas Mavericks,0020900128,2009-11-13,DAL @ MIN,W,241,89,34,85,0.4,4,22,0.182,17,22,0.773,11,46,57,20,7,12,17,23,12.0,2009-10
22009,1610612742,DAL,Dallas Mavericks,0020900119,2009-11-11,DAL @ SAS,L,239,83,28,79,0.354,5,15,0.333,22,27,0.815,11,36,47,15,6,2,11,19,-9.0,2009-10
22009,1610612742,DAL,Dallas Mavericks,0020900107,2009-11-10,DAL vs. HOU,W,239,121,46,83,0.554,7,12,0.583,22,23,0.957,9,37,46,27,6,5,14,28,18.0,2009-10
22009,1610612742,DAL,Dallas Mavericks,0020900088,2009-11-07,DAL vs. TOR,W,238,129,53,85,0.624,10,20,0.5,13,21,0.619,6,36,42,32,11,3,9,19,28.0,2009-10
22009,1610612742,DAL,Dallas Mavericks,0020900067,2009-11-04,DAL @ NOH,L,265,107,39,85,0.459,11,26,0.423,18,24,0.75,12,28,40,19,4,6,17,25,-7.0,2009-10
22009,1610612742,DAL,Dallas Mavericks,0020900058,2009-11-03,DAL vs. UTA,W,239,96,34,86,0.395,7,18,0.389,21,23,0.913,15,35,50,18,8,12,15,17,11.0,2009-10
22009,1610612742,DAL,Dallas Mavericks,0020900038,2009-10-31,DAL @ LAC,W,241,93,35,84,0.417,3,14,0.214,20,23,0.87,9,35,44,25,11,8,11,16,9.0,2009-10
22009,1610612742,DAL,Dallas Mavericks,0020900031,2009-10-30,DAL @ LAL,W,242,94,32,77,0.416,5,15,0.333,25,32,0.781,13,33,46,19,6,3,17,21,14.0,2009-10
22009,1610612742,DAL,Dallas Mavericks,0020900002,2009-10-27,DAL vs. WAS,L,241,91,30,76,0.395,4,18,0.222,27,34,0.794,11,31,42,16,6,9,9,20,-11.0,2009-10
42009,1610612742,DAL,Dallas Mavericks,0040900156,2010-04-29,DAL @ SAS,L,238,87,35,80,0.438,5,20,0.25,12,15,0.8,11,29,40,15,4,4,11,27,-10.0,2009-10
42009,1610612742,DAL,Dallas Mavericks,0040900155,2010-04-27,DAL vs. SAS,W,241,103,37,84,0.44,6,24,0.25,23,33,0.697,14,38,52,20,14,7,12,23,22.0,2009-10
42009,1610612742,DAL,Dallas Mavericks,0040900154,2010-04-25,DAL @ SAS,L,240,89,32,77,0.416,7,19,0.368,18,23,0.783,12,36,48,17,5,5,14,22,-3.0,2009-10
42009,1610612742,DAL,Dallas Mavericks,0040900153,2010-04-23,DAL @ SAS,L,241,90,34,76,0.447,8,20,0.4,14,15,0.933,8,28,36,17,5,4,12,25,-4.0,2009-10
42009,1610612742,DAL,Dallas Mavericks,0040900152,2010-04-21,DAL vs. SAS,L,241,88,31,85,0.365,7,19,0.368,19,20,0.95,14,28,42,19,7,6,7,18,-14.0,2009-10
42009,1610612742,DAL,Dallas Mavericks,0040900151,2010-04-18,DAL vs. SAS,W,239,100,35,74,0.473,5,14,0.357,25,34,0.735,13,32,45,23,10,4,15,20,6.0,2009-10
22010,1610612742,DAL,Dallas Mavericks,0021001223,2011-04-13,DAL vs. NOH,W,240,121,40,73,0.548,13,28,0.464,28,34,0.824,6,36,42,32,7,1,14,17,32.0,2010-11
22010,1610612742,DAL,Dallas Mavericks,0021001209,2011-04-11,DAL @ HOU,W,265,98,38,83,0.458,4,17,0.235,18,20,0.9,6,43,49,21,9,5,20,20,7.0,2010-11
22010,1610612742,DAL,Dallas Mavericks,0021001199,2011-04-10,DAL vs. PHX,W,241,115,45,89,0.506,11,27,0.407,14,18,0.778,18,33,51,29,7,4,14,23,25.0,2010-11
22010,1610612742,DAL,Dallas Mavericks,0021001186,2011-04-08,DAL vs. LAC,W,240,107,43,85,0.506,4,15,0.267,17,28,0.607,15,27,42,25,13,4,17,19,11.0,2010-11
22010,1610612742,DAL,Dallas Mavericks,0021001172,2011-04-06,DAL vs. DEN,L,240,96,39,80,0.488,5,22,0.227,13,20,0.65,15,30,45,20,9,9,16,18,-8.0,2010-11
22010,1610612742,DAL,Dallas Mavericks,0021001148,2011-04-03,DAL @ POR,L,239,96,34,70,0.486,9,24,0.375,19,26,0.731,5,28,33,21,5,2,13,21,-8.0,2010-11
22010,1610612742,DAL,Dallas Mavericks,0021001136,2011-04-02,DAL @ GSW,L,239,92,37,90,0.411,5,25,0.2,13,20,0.65,11,32,43,25,5,4,11,21,-7.0,2010-11
22010,1610612742,DAL,Dallas Mavericks,0021001119,2011-03-31,DAL @ LAL,L,239,82,30,83,0.361,6,26,0.231,16,23,0.696,11,36,47,18,3,4,13,27,-28.0,2010-11
22010,1610612742,DAL,Dallas Mavericks,0021001117,2011-03-30,DAL @ LAC,W,241,106,41,85,0.482,9,21,0.429,15,26,0.577,6,25,31,30,11,5,11,19,6.0,2010-11
22010,1610612742,DAL,Dallas Mavericks,0021001095,2011-03-27,DAL @ PHX,W,239,91,32,84,0.381,10,26,0.385,17,21,0.81,16,31,47,20,8,3,15,18,8.0,2010-11
22010,1610612742,DAL,Dallas Mavericks,0021001085,2011-03-26,DAL @ UTA,W,240,94,30,66,0.455,8,19,0.421,26,32,0.813,5,35,40,20,9,6,16,26,17.0,2010-11
22010,1610612742,DAL,Dallas Mavericks,0021001066,2011-03-24,DAL vs. MIN,W,240,104,42,85,0.494,8,27,0.296,12,15,0.8,10,33,43,31,10,6,15,17,8.0,2010-11
22010,1610612742,DAL,Dallas Mavericks,0021001042,2011-03-20,DAL vs. GSW,W,238,101,34,79,0.43,12,33,0.364,21,25,0.84,11,40,51,24,10,3,15,22,28.0,2010-11
22010,1610612742,DAL,Dallas Mavericks,0021001023,2011-03-18,DAL vs. SAS,L,241,91,36,73,0.493,6,23,0.261,13,17,0.765,7,34,41,20,3,5,19,21,-6.0,2010-11
22010,1610612742,DAL,Dallas Mavericks,0021001012,2011-03-16,DAL @ GSW,W,241,112,40,77,0.519,8,19,0.421,24,27,0.889,10,31,41,28,6,1,14,16,6.0,2010-11
22010,1610612742,DAL,Dallas Mavericks,0021001002,2011-03-15,DAL @ POR,L,239,101,40,67,0.597,9,21,0.429,12,13,0.923,6,27,33,30,5,4,15,17,-3.0,2010-11
22010,1610612742,DAL,Dallas Mavericks,0021000982,2011-03-12,DAL vs. LAL,L,240,91,37,86,0.43,4,16,0.25,13,15,0.867,15,33,48,21,6,9,13,20,-5.0,2010-11
22010,1610612742,DAL,Dallas Mavericks,0021000965,2011-03-10,DAL vs. NYK,W,241,127,48,94,0.511,11,24,0.458,20,24,0.833,17,30,47,26,9,5,11,25,18.0,2010-11
22010,1610612742,DAL,Dallas Mavericks,0021000961,2011-03-09,DAL @ NOH,L,239,92,31,69,0.449,6,21,0.286,24,32,0.75,4,27,31,22,4,5,9,23,-1.0,2010-11
22010,1610612742,DAL,Dallas Mavericks,0021000945,2011-03-07,DAL @ MIN,W,240,108,38,84,0.452,12,35,0.343,20,22,0.909,12,32,44,29,11,4,15,19,3.0,2010-11
22010,1610612742,DAL,Dallas Mavericks,0021000938,2011-03-06,DAL vs. MEM,L,240,103,37,73,0.507,10,21,0.476,19,23,0.826,8,29,37,21,8,8,15,23,-1.0,2010-11
22010,1610612742,DAL,Dallas Mavericks,0021000921,2011-03-04,DAL vs. IND,W,242,116,41,79,0.519,7,19,0.368,27,34,0.794,14,27,41,28,9,4,15,21,8.0,2010-11
22010,1610612742,DAL,Dallas Mavericks,0021000896,2011-03-01,DAL @ PHI,W,241,101,41,77,0.532,6,18,0.333,13,24,0.542,5,38,43,26,5,2,15,16,8.0,2010-11
22010,1610612742,DAL,Dallas Mavericks,0021000884,2011-02-27,DAL @ TOR,W,240,114,45,93,0.484,8,24,0.333,16,22,0.727,11,29,40,28,4,3,6,11,18.0,2010-11
22010,1610612742,DAL,Dallas Mavericks,0021000873,2011-02-26,DAL @ WAS,W,240,105,39,81,0.481,6,17,0.353,21,31,0.677,8,43,51,28,4,3,12,15,6.0,2010-11
22010,1610612742,DAL,Dallas Mavericks,0021000856,2011-02-23,DAL vs. UTA,W,240,118,44,76,0.579,10,20,0.5,20,28,0.714,11,32,43,30,7,2,19,25,19.0,2010-11
22010,1610612742,DAL,Dallas Mavericks,0021000837,2011-02-17,DAL @ PHX,W,241,112,43,82,0.524,10,27,0.37,16,23,0.696,5,34,39,26,8,4,12,20,6.0,2010-11
22010,1610612742,DAL,Dallas Mavericks,0021000831,2011-02-16,DAL vs. SAC,W,239,116,50,90,0.556,13,26,0.5,3,6,0.5,10,25,35,34,11,0,21,26,16.0,2010-11
22010,1610612742,DAL,Dallas Mavericks,0021000801,2011-02-12,DAL @ HOU,W,240,106,43,78,0.551,8,15,0.533,12,15,0.8,9,33,42,26,6,4,15,13,4.0,2010-11
22010,1610612742,DAL,Dallas Mavericks,0021000785,2011-02-10,DAL @ DEN,L,238,120,45,84,0.536,11,25,0.44,19,25,0.76,11,28,39,21,8,3,11,18,-1.0,2010-11
22010,1610612742,DAL,Dallas Mavericks,0021000781,2011-02-09,DAL @ SAC,W,238,102,38,81,0.469,9,25,0.36,17,22,0.773,9,30,39,22,2,5,12,21,2.0,2010-11
22010,1610612742,DAL,Dallas Mavericks,0021000761,2011-02-07,DAL vs. CLE,W,241,99,34,83,0.41,7,22,0.318,24,27,0.889,16,35,51,21,6,3,16,18,3.0,2010-11
22010,1610612742,DAL,Dallas Mavericks,0021000745,2011-02-05,DAL @ CHA,W,239,101,40,86,0.465,7,22,0.318,14,17,0.824,14,30,44,20,3,14,10,20,9.0,2010-11
22010,1610612742,DAL,Dallas Mavericks,0021000740,2011-02-04,DAL @ BOS,W,240,101,39,79,0.494,8,17,0.471,15,17,0.882,10,23,33,22,5,3,14,16,4.0,2010-11
22010,1610612742,DAL,Dallas Mavericks,0021000723,2011-02-02,DAL @ NYK,W,241,113,42,84,0.5,11,25,0.44,18,21,0.857,10,44,54,24,3,4,15,18,16.0,2010-11
22010,1610612742,DAL,Dallas Mavericks,0021000712,2011-01-31,DAL vs. WAS,W,239,102,34,71,0.479,9,22,0.409,25,37,0.676,13,37,50,27,2,4,14,21,10.0,2010-11
22010,1610612742,DAL,Dallas Mavericks,0021000696,2011-01-29,DAL vs. ATL,W,240,102,36,73,0.493,8,21,0.381,22,27,0.815,8,33,41,28,6,4,13,17,11.0,2010-11
22010,1610612742,DAL,Dallas Mavericks,0021000679,2011-01-27,DAL vs. HOU,W,239,111,41,82,0.5,6,16,0.375,23,25,0.92,7,33,40,25,6,4,9,24,5.0,2010-11
22010,1610612742,DAL,Dallas Mavericks,0021000665,2011-01-25,DAL vs. LAC,W,239,112,37,74,0.5,10,24,0.417,28,30,0.933,11,19,30,18,5,4,14,24,7.0,2010-11
22010,1610612742,DAL,Dallas Mavericks,0021000640,2011-01-22,DAL @ NJN,W,240,87,26,75,0.347,8,21,0.381,27,29,0.931,11,28,39,18,11,0,14,24,1.0,2010-11
22010,1610612742,DAL,Dallas Mavericks,0021000627,2011-01-20,DAL @ CHI,L,240,77,26,73,0.356,7,22,0.318,18,22,0.818,9,32,41,16,5,9,14,17,-5.0,2010-11
22010,1610612742,DAL,Dallas Mavericks,0021000621,2011-01-19,DAL vs. LAL,W,239,109,44,80,0.55,12,26,0.462,9,13,0.692,7,28,35,27,4,2,6,11,9.0,2010-11
22010,1610612742,DAL,Dallas Mavericks,0021000604,2011-01-17,DAL @ DET,L,240,89,34,73,0.466,9,25,0.36,12,17,0.706,10,21,31,28,3,2,15,20,-14.0,2010-11
22010,1610612742,DAL,Dallas Mavericks,0021000592,2011-01-15,DAL @ MEM,L,240,70,24,74,0.324,6,31,0.194,16,23,0.696,9,29,38,13,7,3,13,18,-19.0,2010-11
22010,1610612742,DAL,Dallas Mavericks,0021000581,2011-01-14,DAL @ SAS,L,241,89,36,83,0.434,6,13,0.462,11,18,0.611,8,31,39,17,5,4,8,24,-12.0,2010-11
22010,1610612742,DAL,Dallas Mavericks,0021000562,2011-01-12,DAL @ IND,L,239,89,33,80,0.413,9,22,0.409,14,19,0.737,11,30,41,21,4,9,11,17,-13.0,2010-11
22010,1610612742,DAL,Dallas Mavericks,0021000542,2011-01-08,DAL vs. ORL,L,234,107,41,76,0.539,12,26,0.462,13,17,0.765,6,28,34,29,8,4,17,20,-10.0,2010-11
22010,1610612742,DAL,Dallas Mavericks,0021000523,2011-01-06,DAL vs. OKC,L,241,95,37,79,0.468,6,20,0.3,15,20,0.75,12,35,47,18,4,2,14,17,-4.0,2010-11
22010,1610612742,DAL,Dallas Mavericks,0021000509,2011-01-04,DAL vs. POR,W,240,84,33,77,0.429,8,22,0.364,10,13,0.769,12,34,46,22,3,2,13,16,3.0,2010-11
22010,1610612742,DAL,Dallas Mavericks,0021000495,2011-01-02,DAL @ CLE,W,240,104,40,83,0.482,10,27,0.37,14,22,0.636,11,26,37,26,7,6,10,13,9.0,2010-11
22010,1610612742,DAL,Dallas Mavericks,0021000489,2011-01-01,DAL @ MIL,L,241,87,30,80,0.375,9,32,0.281,18,22,0.818,6,25,31,16,12,2,12,23,-12.0,2010-11
22010,1610612742,DAL,Dallas Mavericks,0021000474,2010-12-30,DAL vs. SAS,L,240,93,35,82,0.427,10,23,0.435,13,15,0.867,4,31,35,24,9,5,10,22,-6.0,2010-11
22010,1610612742,DAL,Dallas Mavericks,0021000459,2010-12-28,DAL vs. TOR,L,241,76,31,75,0.413,5,22,0.227,9,12,0.75,11,24,35,19,6,6,17,17,-8.0,2010-11
22010,1610612742,DAL,Dallas Mavericks,0021000450,2010-12-27,DAL @ OKC,W,240,103,41,84,0.488,11,23,0.478,10,11,0.909,6,37,43,29,7,2,14,20,10.0,2010-11
22010,1610612742,DAL,Dallas Mavericks,0021000416,2010-12-21,DAL @ ORL,W,239,105,38,76,0.5,12,26,0.462,17,21,0.81,4,34,38,28,5,0,13,18,6.0,2010-11
22010,1610612742,DAL,Dallas Mavericks,0021000410,2010-12-20,DAL @ MIA,W,241,98,33,74,0.446,8,21,0.381,24,28,0.857,10,38,48,19,6,1,13,23,2.0,2010-11
22010,1610612742,DAL,Dallas Mavericks,0021000390,2010-12-17,DAL vs. PHX,W,239,106,39,86,0.453,8,18,0.444,20,31,0.645,11,43,54,27,9,4,9,18,15.0,2010-11
22010,1610612742,DAL,Dallas Mavericks,0021000377,2010-12-15,DAL vs. POR,W,239,103,40,74,0.541,3,16,0.188,20,21,0.952,5,31,36,20,7,4,11,16,5.0,2010-11
22010,1610612742,DAL,Dallas Mavericks,0021000358,2010-12-13,DAL vs. MIL,L,240,99,37,76,0.487,5,20,0.25,20,27,0.741,9,32,41,28,4,7,13,18,-4.0,2010-11
22010,1610612742,DAL,Dallas Mavericks,0021000346,2010-12-11,DAL vs. UTA,W,239,103,33,66,0.5,14,26,0.538,23,28,0.821,8,32,40,24,7,5,18,19,6.0,2010-11
22010,1610612742,DAL,Dallas Mavericks,0021000328,2010-12-09,DAL vs. NJN,W,241,102,41,75,0.547,4,16,0.25,16,19,0.842,5,33,38,31,11,4,15,17,13.0,2010-11
22010,1610612742,DAL,Dallas Mavericks,0021000312,2010-12-07,DAL vs. GSW,W,239,105,39,87,0.448,7,20,0.35,20,27,0.741,16,29,45,22,12,10,16,10,5.0,2010-11
22010,1610612742,DAL,Dallas Mavericks,0021000293,2010-12-04,DAL @ SAC,W,242,105,38,76,0.5,5,17,0.294,24,29,0.828,6,30,36,23,4,6,11,20,2.0,2010-11
22010,1610612742,DAL,Dallas Mavericks,0021000286,2010-12-03,DAL @ UTA,W,238,93,40,76,0.526,6,19,0.316,7,11,0.636,3,34,37,25,11,4,13,20,12.0,2010-11
22010,1610612742,DAL,Dallas Mavericks,0021000268,2010-12-01,DAL vs. MIN,W,240,100,36,87,0.414,10,24,0.417,18,23,0.783,11,39,50,21,12,1,14,20,14.0,2010-11
22010,1610612742,DAL,Dallas Mavericks,0021000252,2010-11-29,DAL vs. HOU,W,240,101,39,79,0.494,6,16,0.375,17,19,0.895,9,38,47,23,4,5,15,18,10.0,2010-11
22010,1610612742,DAL,Dallas Mavericks,0021000239,2010-11-27,DAL vs. MIA,W,238,106,40,87,0.46,7,17,0.412,19,22,0.864,13,33,46,25,8,3,11,23,11.0,2010-11
22010,1610612742,DAL,Dallas Mavericks,0021000228,2010-11-26,DAL @ SAS,W,240,103,39,74,0.527,5,16,0.313,20,31,0.645,10,29,39,28,9,3,14,22,9.0,2010-11
22010,1610612742,DAL,Dallas Mavericks,0021000216,2010-11-24,DAL @ OKC,W,240,111,36,81,0.444,9,27,0.333,30,34,0.882,13,36,49,23,7,2,12,17,8.0,2010-11
22010,1610612742,DAL,Dallas Mavericks,0021000207,2010-11-23,DAL vs. DET,W,241,88,30,78,0.385,6,20,0.3,22,27,0.815,10,32,42,21,7,7,8,24,4.0,2010-11
22010,1610612742,DAL,Dallas Mavericks,0021000184,2010-11-20,DAL @ ATL,W,240,98,39,82,0.476,6,13,0.462,14,16,0.875,10,30,40,27,5,2,13,11,5.0,2010-11
22010,1610612742,DAL,Dallas Mavericks,0021000179,2010-11-19,DAL vs. CHI,L,239,83,30,75,0.4,5,20,0.25,18,25,0.72,9,25,34,22,6,5,8,20,-5.0,2010-11
22010,1610612742,DAL,Dallas Mavericks,0021000163,2010-11-17,DAL @ NOH,L,239,97,35,69,0.507,7,18,0.389,20,23,0.87,4,31,35,27,4,6,15,22,-2.0,2010-11
22010,1610612742,DAL,Dallas Mavericks,0021000146,2010-11-15,DAL vs. NOH,W,240,98,34,69,0.493,11,27,0.407,19,27,0.704,8,30,38,21,3,3,15,18,3.0,2010-11
22010,1610612742,DAL,Dallas Mavericks,0021000126,2010-11-12,DAL vs. PHI,W,241,99,35,79,0.443,6,22,0.273,23,29,0.793,16,31,47,19,10,4,10,20,9.0,2010-11
22010,1610612742,DAL,Dallas Mavericks,0021000114,2010-11-10,DAL @ MEM,W,240,106,46,85,0.541,9,25,0.36,5,11,0.455,11,38,49,30,8,5,9,19,15.0,2010-11
22010,1610612742,DAL,Dallas Mavericks,0021000100,2010-11-08,DAL vs. BOS,W,239,89,33,66,0.5,6,15,0.4,17,20,0.85,4,34,38,20,6,8,17,12,2.0,2010-11
22010,1610612742,DAL,Dallas Mavericks,0021000085,2010-11-06,DAL vs. DEN,L,241,92,34,76,0.447,4,15,0.267,20,26,0.769,11,35,46,12,7,5,21,16,-11.0,2010-11
22010,1610612742,DAL,Dallas Mavericks,0021000060,2010-11-03,DAL @ DEN,W,240,102,39,84,0.464,7,15,0.467,17,19,0.895,12,33,45,22,6,5,13,17,1.0,2010-11
22010,1610612742,DAL,Dallas Mavericks,0021000041,2010-10-31,DAL @ LAC,W,239,99,36,77,0.468,7,16,0.438,20,29,0.69,8,33,41,23,7,7,14,22,16.0,2010-11
22010,1610612742,DAL,Dallas Mavericks,0021000028,2010-10-29,DAL vs. MEM,L,240,90,34,72,0.472,6,18,0.333,16,24,0.667,8,37,45,24,7,6,18,22,-1.0,2010-11
22010,1610612742,DAL,Dallas Mavericks,0021000012,2010-10-27,DAL vs. CHA,W,239,101,41,75,0.547,4,15,0.267,15,18,0.833,7,34,41,29,12,5,16,18,15.0,2010-11
42010,1610612742,DAL,Dallas Mavericks,0041000406,2011-06-12,DAL @ MIA,W,240,105,41,82,0.5,11,26,0.423,12,18,0.667,10,30,40,19,11,1,14,24,10.0,2010-11
42010,1610612742,DAL,Dallas Mavericks,0041000405,2011-06-09,DAL vs. MIA,W,241,112,39,69,0.565,13,19,0.684,21,27,0.778,4,22,26,23,8,3,11,20,9.0,2010-11
42010,1610612742,DAL,Dallas Mavericks,0041000404,2011-06-07,DAL vs. MIA,W,240,86,29,73,0.397,4,19,0.211,24,30,0.8,12,29,41,13,7,2,11,18,3.0,2010-11
42010,1610612742,DAL,Dallas Mavericks,0041000403,2011-06-05,DAL vs. MIA,L,239,86,28,70,0.4,8,21,0.381,22,27,0.815,12,30,42,18,3,8,14,14,-2.0,2010-11
42010,1610612742,DAL,Dallas Mavericks,0041000402,2011-06-02,DAL @ MIA,W,240,95,36,75,0.48,6,17,0.353,17,21,0.81,11,30,41,18,8,2,18,20,2.0,2010-11
42010,1610612742,DAL,Dallas Mavericks,0041000401,2011-05-31,DAL @ MIA,L,239,84,25,67,0.373,9,22,0.409,25,32,0.781,6,30,36,18,6,8,11,22,-8.0,2010-11
42010,1610612742,DAL,Dallas Mavericks,0041000315,2011-05-25,DAL vs. OKC,W,241,100,32,78,0.41,5,20,0.25,31,36,0.861,14,30,44,19,8,5,12,17,4.0,2010-11
42010,1610612742,DAL,Dallas Mavericks,0041000314,2011-05-23,DAL @ OKC,W,265,112,35,81,0.432,8,25,0.32,34,39,0.872,5,28,33,16,15,2,13,22,7.0,2010-11
42010,1610612742,DAL,Dallas Mavericks,0041000313,2011-05-21,DAL @ OKC,W,241,93,36,82,0.439,7,21,0.333,14,18,0.778,9,28,37,21,11,4,12,24,6.0,2010-11
42010,1610612742,DAL,Dallas Mavericks,0041000312,2011-05-19,DAL vs. OKC,L,241,100,35,80,0.438,9,27,0.333,21,24,0.875,14,23,37,18,7,2,12,22,-6.0,2010-11
42010,1610612742,DAL,Dallas Mavericks,0041000311,2011-05-17,DAL vs. OKC,W,241,121,39,73,0.534,9,23,0.391,34,36,0.944,8,25,33,22,7,8,12,28,9.0,2010-11
42010,1610612742,DAL,Dallas Mavericks,0041000234,2011-05-08,DAL vs. LAL,W,240,122,44,73,0.603,20,32,0.625,14,19,0.737,6,34,40,32,11,2,19,23,36.0,2010-11
42010,1610612742,DAL,Dallas Mavericks,0041000233,2011-05-06,DAL vs. LAL,W,239,98,31,67,0.463,12,29,0.414,24,29,0.828,8,31,39,22,4,5,12,18,6.0,2010-11
42010,1610612742,DAL,Dallas Mavericks,0041000232,2011-05-04,DAL @ LAL,W,240,93,34,81,0.42,8,25,0.32,17,21,0.81,11,28,39,20,4,4,11,16,12.0,2010-11
42010,1610612742,DAL,Dallas Mavericks,0041000231,2011-05-02,DAL @ LAL,W,240,96,39,79,0.494,9,20,0.45,9,11,0.818,5,35,40,30,8,8,11,17,2.0,2010-11
42010,1610612742,DAL,Dallas Mavericks,0041000166,2011-04-28,DAL @ POR,W,240,103,39,78,0.5,6,18,0.333,19,22,0.864,12,27,39,23,4,3,9,19,7.0,2010-11
42010,1610612742,DAL,Dallas Mavericks,0041000165,2011-04-25,DAL vs. POR,W,240,93,32,78,0.41,3,17,0.176,26,35,0.743,20,29,49,22,8,4,12,19,11.0,2010-11
42010,1610612742,DAL,Dallas Mavericks,0041000164,2011-04-23,DAL @ POR,L,240,82,31,76,0.408,10,26,0.385,10,10,1.0,9,28,37,19,4,2,14,21,-2.0,2010-11
42010,1610612742,DAL,Dallas Mavericks,0041000163,2011-04-21,DAL @ POR,L,237,92,35,68,0.515,9,22,0.409,13,23,0.565,7,30,37,16,4,3,16,22,-5.0,2010-11
42010,1610612742,DAL,Dallas Mavericks,0041000162,2011-04-19,DAL vs. POR,W,240,101,37,76,0.487,8,19,0.421,19,26,0.731,10,27,37,20,6,3,6,20,12.0,2010-11
42010,1610612742,DAL,Dallas Mavericks,0041000161,2011-04-16,DAL vs. POR,W,240,89,27,66,0.409,10,19,0.526,25,29,0.862,10,29,39,14,5,7,13,16,8.0,2010-11
22011,1610612742,DAL,Dallas Mavericks,0021100983,2012-04-26,DAL @ ATL,L,241,89,33,78,0.423,5,15,0.333,18,23,0.783,9,31,40,20,9,3,16,11,-17.0,2011-12
22011,1610612742,DAL,Dallas Mavericks,0021100946,2012-04-21,DAL @ CHI,L,241,83,31,79,0.392,4,15,0.267,17,19,0.895,10,33,43,12,7,3,12,15,-10.0,2011-12
22011,1610612742,DAL,Dallas Mavericks,0021100940,2012-04-20,DAL vs. GSW,W,239,104,38,81,0.469,3,19,0.158,25,26,0.962,13,39,52,19,9,5,18,16,10.0,2011-12
22011,1610612742,DAL,Dallas Mavericks,0021100926,2012-04-18,DAL vs. HOU,W,242,117,41,79,0.519,11,26,0.423,24,26,0.923,10,29,39,21,6,1,12,16,7.0,2011-12
22011,1610612742,DAL,Dallas Mavericks,0021100909,2012-04-16,DAL @ UTA,L,316,121,42,98,0.429,14,34,0.412,23,25,0.92,7,34,41,21,13,5,15,31,-2.0,2011-12
22011,1610612742,DAL,Dallas Mavericks,0021100894,2012-04-15,DAL @ LAL,L,265,108,41,88,0.466,12,21,0.571,14,15,0.933,6,36,42,19,4,4,6,22,-4.0,2011-12
22011,1610612742,DAL,Dallas Mavericks,0021100885,2012-04-13,DAL @ POR,W,240,97,40,83,0.482,9,20,0.45,8,10,0.8,16,35,51,17,8,7,20,21,3.0,2011-12
22011,1610612742,DAL,Dallas Mavericks,0021100873,2012-04-12,DAL @ GSW,W,240,112,44,88,0.5,9,24,0.375,15,20,0.75,14,28,42,30,12,5,10,18,9.0,2011-12
22011,1610612742,DAL,Dallas Mavericks,0021100856,2012-04-10,DAL vs. SAC,W,239,110,41,92,0.446,7,14,0.5,21,28,0.75,17,39,56,24,7,11,16,17,10.0,2011-12
22011,1610612742,DAL,Dallas Mavericks,0021100829,2012-04-07,DAL @ MEM,L,239,89,34,73,0.466,9,21,0.429,12,17,0.706,8,34,42,23,5,5,15,15,-5.0,2011-12
22011,1610612742,DAL,Dallas Mavericks,0021100821,2012-04-06,DAL vs. POR,L,265,97,42,93,0.452,7,24,0.292,6,8,0.75,9,35,44,19,6,5,10,13,-2.0,2011-12
22011,1610612742,DAL,Dallas Mavericks,0021100807,2012-04-04,DAL vs. MEM,W,240,95,40,80,0.5,4,15,0.267,11,16,0.688,9,36,45,19,7,8,12,11,10.0,2011-12
22011,1610612742,DAL,Dallas Mavericks,0021100788,2012-04-02,DAL vs. LAC,L,240,75,30,77,0.39,5,23,0.217,10,17,0.588,8,30,38,14,4,4,12,10,-19.0,2011-12
22011,1610612742,DAL,Dallas Mavericks,0021100762,2012-03-30,DAL @ ORL,W,241,100,38,80,0.475,7,22,0.318,17,21,0.81,5,32,37,21,9,3,9,18,2.0,2011-12
22011,1610612742,DAL,Dallas Mavericks,0021100754,2012-03-29,DAL @ MIA,L,240,85,33,78,0.423,9,24,0.375,10,13,0.769,6,23,29,21,7,1,15,19,-21.0,2011-12
22011,1610612742,DAL,Dallas Mavericks,0021100739,2012-03-27,DAL vs. HOU,W,239,90,34,73,0.466,6,19,0.316,16,20,0.8,3,40,43,18,7,2,13,14,9.0,2011-12
22011,1610612742,DAL,Dallas Mavericks,0021100716,2012-03-24,DAL @ HOU,W,264,101,37,80,0.463,6,22,0.273,21,24,0.875,5,33,38,17,3,15,7,20,2.0,2011-12
22011,1610612742,DAL,Dallas Mavericks,0021100707,2012-03-23,DAL @ SAS,L,240,87,31,81,0.383,11,26,0.423,14,17,0.824,4,30,34,13,7,7,10,10,-17.0,2011-12
22011,1610612742,DAL,Dallas Mavericks,0021100692,2012-03-21,DAL vs. LAL,L,242,93,35,82,0.427,8,26,0.308,15,22,0.682,7,22,29,15,13,2,7,15,-16.0,2011-12
22011,1610612742,DAL,Dallas Mavericks,0021100674,2012-03-19,DAL @ DEN,W,241,112,45,84,0.536,10,25,0.4,12,15,0.8,5,40,45,33,11,4,14,19,17.0,2011-12
22011,1610612742,DAL,Dallas Mavericks,0021100659,2012-03-17,DAL vs. SAS,W,240,106,37,79,0.468,11,24,0.458,21,25,0.84,9,39,48,21,5,2,11,15,7.0,2011-12
22011,1610612742,DAL,Dallas Mavericks,0021100639,2012-03-15,DAL vs. CHA,W,239,101,38,84,0.452,9,25,0.36,16,21,0.762,13,33,46,20,6,8,12,17,5.0,2011-12
22011,1610612742,DAL,Dallas Mavericks,0021100623,2012-03-13,DAL vs. WAS,W,240,107,44,87,0.506,6,22,0.273,13,15,0.867,11,40,51,22,8,3,11,31,9.0,2011-12
22011,1610612742,DAL,Dallas Mavericks,0021100602,2012-03-10,DAL @ GSW,L,240,87,28,75,0.373,10,23,0.435,21,26,0.808,8,31,39,20,7,3,21,18,-24.0,2011-12
22011,1610612742,DAL,Dallas Mavericks,0021100593,2012-03-09,DAL @ SAC,L,240,97,39,86,0.453,6,22,0.273,13,18,0.722,17,27,44,21,7,6,17,17,-13.0,2011-12
22011,1610612742,DAL,Dallas Mavericks,0021100583,2012-03-08,DAL @ PHX,L,240,94,38,87,0.437,8,22,0.364,10,13,0.769,8,30,38,19,5,4,10,16,-2.0,2011-12
22011,1610612742,DAL,Dallas Mavericks,0021100568,2012-03-06,DAL vs. NYK,W,240,95,31,80,0.388,7,26,0.269,26,30,0.867,10,36,46,14,9,6,13,20,10.0,2011-12
22011,1610612742,DAL,Dallas Mavericks,0021100559,2012-03-05,DAL @ OKC,L,240,91,36,84,0.429,9,21,0.429,10,10,1.0,9,27,36,19,12,5,12,23,-4.0,2011-12
22011,1610612742,DAL,Dallas Mavericks,0021100544,2012-03-03,DAL vs. UTA,W,240,102,36,75,0.48,10,23,0.435,20,24,0.833,10,30,40,24,11,5,15,20,6.0,2011-12
22011,1610612742,DAL,Dallas Mavericks,0021100533,2012-03-02,DAL @ NOH,L,238,92,37,83,0.446,11,29,0.379,7,10,0.7,9,25,34,25,9,5,12,16,-5.0,2011-12
22011,1610612742,DAL,Dallas Mavericks,0021100518,2012-02-29,DAL @ MEM,L,241,85,35,79,0.443,4,23,0.174,11,14,0.786,8,26,34,16,8,5,18,16,-11.0,2011-12
22011,1610612742,DAL,Dallas Mavericks,0021100509,2012-02-28,DAL vs. NJN,L,239,92,32,89,0.36,8,25,0.32,20,28,0.714,17,32,49,19,13,7,13,12,-1.0,2011-12
22011,1610612742,DAL,Dallas Mavericks,0021100497,2012-02-22,DAL vs. LAL,L,241,91,36,90,0.4,8,32,0.25,11,16,0.688,21,29,50,22,10,3,12,20,-5.0,2011-12
22011,1610612742,DAL,Dallas Mavericks,0021100474,2012-02-20,DAL vs. BOS,W,241,89,36,89,0.404,7,25,0.28,10,14,0.714,12,39,51,26,9,6,8,15,16.0,2011-12
22011,1610612742,DAL,Dallas Mavericks,0021100460,2012-02-19,DAL @ NYK,L,240,97,36,81,0.444,12,33,0.364,13,17,0.765,14,27,41,24,12,3,19,20,-7.0,2011-12
22011,1610612742,DAL,Dallas Mavericks,0021100446,2012-02-17,DAL @ PHI,W,240,82,31,81,0.383,5,14,0.357,15,18,0.833,11,40,51,20,5,4,15,15,7.0,2011-12
22011,1610612742,DAL,Dallas Mavericks,0021100438,2012-02-15,DAL vs. DEN,W,241,102,37,80,0.463,10,26,0.385,18,22,0.818,13,32,45,28,9,5,12,23,18.0,2011-12
22011,1610612742,DAL,Dallas Mavericks,0021100418,2012-02-13,DAL vs. LAC,W,240,96,35,79,0.443,6,18,0.333,20,28,0.714,8,28,36,21,11,1,11,21,4.0,2011-12
22011,1610612742,DAL,Dallas Mavericks,0021100405,2012-02-11,DAL vs. POR,W,291,97,39,84,0.464,6,19,0.316,13,19,0.684,10,47,57,21,5,4,23,24,3.0,2011-12
22011,1610612742,DAL,Dallas Mavericks,0021100398,2012-02-10,DAL @ MIN,W,241,104,39,90,0.433,9,21,0.429,17,23,0.739,8,30,38,25,16,8,18,28,7.0,2011-12
22011,1610612742,DAL,Dallas Mavericks,0021100382,2012-02-08,DAL @ DEN,W,240,105,44,90,0.489,9,28,0.321,8,9,0.889,11,35,46,30,9,6,12,22,10.0,2011-12
22011,1610612742,DAL,Dallas Mavericks,0021100347,2012-02-04,DAL @ CLE,L,238,88,32,67,0.478,6,13,0.462,18,27,0.667,4,35,39,22,6,8,21,16,-3.0,2011-12
22011,1610612742,DAL,Dallas Mavericks,0021100340,2012-02-03,DAL vs. IND,L,241,87,35,83,0.422,6,16,0.375,11,13,0.846,13,29,42,20,8,10,16,14,-11.0,2011-12
22011,1610612742,DAL,Dallas Mavericks,0021100321,2012-02-01,DAL vs. OKC,L,241,86,30,84,0.357,4,19,0.211,22,25,0.88,10,34,44,16,8,10,14,18,-9.0,2011-12
22011,1610612742,DAL,Dallas Mavericks,0021100306,2012-01-30,DAL @ PHX,W,240,122,48,87,0.552,14,27,0.519,12,18,0.667,10,34,44,31,7,3,10,16,23.0,2011-12
22011,1610612742,DAL,Dallas Mavericks,0021100295,2012-01-29,DAL vs. SAS,W,266,101,44,100,0.44,4,20,0.2,9,12,0.75,16,39,55,15,7,12,8,18,1.0,2011-12
22011,1610612742,DAL,Dallas Mavericks,0021100281,2012-01-27,DAL vs. UTA,W,240,116,45,82,0.549,11,19,0.579,15,22,0.682,13,31,44,26,6,6,9,16,15.0,2011-12
22011,1610612742,DAL,Dallas Mavericks,0021100264,2012-01-25,DAL vs. MIN,L,239,90,39,95,0.411,6,22,0.273,6,10,0.6,16,30,46,22,7,7,13,24,-15.0,2011-12
22011,1610612742,DAL,Dallas Mavericks,0021100249,2012-01-23,DAL vs. PHX,W,240,93,33,81,0.407,8,25,0.32,19,29,0.655,12,30,42,23,11,5,12,17,6.0,2011-12
22011,1610612742,DAL,Dallas Mavericks,0021100234,2012-01-21,DAL @ NOH,W,241,83,32,79,0.405,4,26,0.154,15,20,0.75,9,40,49,17,7,7,11,25,2.0,2011-12
22011,1610612742,DAL,Dallas Mavericks,0021100215,2012-01-19,DAL @ UTA,W,239,94,37,71,0.521,5,20,0.25,15,19,0.789,4,29,33,23,4,6,15,20,3.0,2011-12
22011,1610612742,DAL,Dallas Mavericks,0021100212,2012-01-18,DAL @ LAC,L,241,89,34,81,0.42,9,20,0.45,12,18,0.667,15,27,42,22,8,7,15,18,-2.0,2011-12
22011,1610612742,DAL,Dallas Mavericks,0021100194,2012-01-16,DAL @ LAL,L,240,70,28,80,0.35,4,26,0.154,10,16,0.625,11,38,49,16,7,5,15,15,-3.0,2011-12
22011,1610612742,DAL,Dallas Mavericks,0021100178,2012-01-14,DAL vs. SAC,W,239,99,37,81,0.457,7,16,0.438,18,25,0.72,12,47,59,19,10,6,16,16,39.0,2011-12
22011,1610612742,DAL,Dallas Mavericks,0021100165,2012-01-13,DAL vs. MIL,W,241,102,39,75,0.52,10,22,0.455,14,18,0.778,8,35,43,20,13,6,17,17,26.0,2011-12
22011,1610612742,DAL,Dallas Mavericks,0021100146,2012-01-11,DAL @ BOS,W,239,90,35,79,0.443,6,16,0.375,14,25,0.56,12,31,43,18,11,3,14,21,5.0,2011-12
22011,1610612742,DAL,Dallas Mavericks,0021100135,2012-01-10,DAL @ DET,W,240,100,38,69,0.551,4,15,0.267,20,27,0.741,5,31,36,28,13,4,14,23,14.0,2011-12
22011,1610612742,DAL,Dallas Mavericks,0021100117,2012-01-07,DAL vs. NOH,W,238,96,32,74,0.432,8,19,0.421,24,29,0.828,6,29,35,22,12,2,14,21,15.0,2011-12
22011,1610612742,DAL,Dallas Mavericks,0021100095,2012-01-05,DAL @ SAS,L,240,71,27,77,0.351,1,19,0.053,16,21,0.762,11,41,52,11,5,8,15,13,-22.0,2011-12
22011,1610612742,DAL,Dallas Mavericks,0021100090,2012-01-04,DAL vs. PHX,W,241,98,38,91,0.418,8,22,0.364,14,21,0.667,19,34,53,30,10,2,13,19,9.0,2011-12
22011,1610612742,DAL,Dallas Mavericks,0021100073,2012-01-02,DAL vs. OKC,W,239,100,39,80,0.488,5,16,0.313,17,20,0.85,11,30,41,21,8,4,12,23,13.0,2011-12
22011,1610612742,DAL,Dallas Mavericks,0021100061,2012-01-01,DAL @ MIN,L,239,82,29,77,0.377,7,24,0.292,17,21,0.81,6,29,35,17,11,9,17,22,-17.0,2011-12
22011,1610612742,DAL,Dallas Mavericks,0021100047,2011-12-30,DAL vs. TOR,W,240,99,32,72,0.444,7,25,0.28,28,38,0.737,7,33,40,21,11,4,10,13,13.0,2011-12
22011,1610612742,DAL,Dallas Mavericks,0021100035,2011-12-29,DAL @ OKC,L,241,102,38,90,0.422,9,26,0.346,17,21,0.81,14,24,38,25,14,1,12,24,-2.0,2011-12
22011,1610612742,DAL,Dallas Mavericks,0021100012,2011-12-26,DAL vs. DEN,L,240,93,32,76,0.421,8,27,0.296,21,27,0.778,5,32,37,19,11,3,19,28,-22.0,2011-12
22011,1610612742,DAL,Dallas Mavericks,0021100002,2011-12-25,DAL vs. MIA,L,240,94,31,82,0.378,9,28,0.321,23,30,0.767,8,23,31,23,10,0,17,29,-11.0,2011-12
42011,1610612742,DAL,Dallas Mavericks,0041100154,2012-05-05,DAL vs. OKC,L,239,97,33,79,0.418,10,19,0.526,21,24,0.875,11,28,39,19,6,4,13,21,-6.0,2011-12
42011,1610612742,DAL,Dallas Mavericks,0041100153,2012-05-03,DAL vs. OKC,L,240,79,26,76,0.342,7,22,0.318,20,26,0.769,9,37,46,15,6,4,15,16,-16.0,2011-12
42011,1610612742,DAL,Dallas Mavericks,0041100152,2012-04-30,DAL @ OKC,L,239,99,33,79,0.418,5,23,0.217,28,32,0.875,12,23,35,13,9,3,13,26,-3.0,2011-12
42011,1610612742,DAL,Dallas Mavericks,0041100151,2012-04-28,DAL @ OKC,L,239,98,34,78,0.436,10,22,0.455,20,25,0.8,10,32,42,15,11,3,15,20,-1.0,2011-12
22012,1610612742,DAL,Dallas Mavericks,0021201224,2013-04-17,DAL vs. NOH,W,238,99,42,82,0.512,6,16,0.375,9,11,0.818,7,30,37,24,12,5,11,23,12.0,2012-13
22012,1610612742,DAL,Dallas Mavericks,0021201208,2013-04-15,DAL vs. MEM,L,241,97,34,76,0.447,9,19,0.474,20,25,0.8,8,28,36,18,7,3,15,22,-6.0,2012-13
22012,1610612742,DAL,Dallas Mavericks,0021201199,2013-04-14,DAL @ NOH,W,242,107,45,86,0.523,9,21,0.429,8,8,1.0,9,32,41,27,6,6,8,16,18.0,2012-13
22012,1610612742,DAL,Dallas Mavericks,0021201185,2013-04-12,DAL vs. DEN,W,264,108,43,95,0.453,11,23,0.478,11,19,0.579,15,37,52,29,7,9,19,16,3.0,2012-13
22012,1610612742,DAL,Dallas Mavericks,0021201169,2013-04-10,DAL vs. PHX,L,241,91,34,85,0.4,6,17,0.353,17,21,0.81,14,36,50,21,6,8,13,17,-11.0,2012-13
22012,1610612742,DAL,Dallas Mavericks,0021201153,2013-04-07,DAL @ POR,W,241,96,42,90,0.467,3,13,0.231,9,12,0.75,13,35,48,28,9,7,12,11,5.0,2012-13
22012,1610612742,DAL,Dallas Mavericks,0021201135,2013-04-05,DAL @ SAC,W,241,117,46,90,0.511,6,20,0.3,19,19,1.0,9,34,43,30,7,4,9,20,9.0,2012-13
22012,1610612742,DAL,Dallas Mavericks,0021201124,2013-04-04,DAL @ DEN,L,240,94,41,88,0.466,4,18,0.222,8,10,0.8,9,32,41,26,6,7,10,24,-1.0,2012-13
22012,1610612742,DAL,Dallas Mavericks,0021201110,2013-04-02,DAL @ LAL,L,241,81,34,81,0.42,7,19,0.368,6,12,0.5,8,29,37,23,11,6,13,24,-20.0,2012-13
22012,1610612742,DAL,Dallas Mavericks,0021201085,2013-03-30,DAL vs. CHI,W,241,100,40,79,0.506,6,18,0.333,14,18,0.778,9,30,39,24,3,9,11,17,2.0,2012-13
22012,1610612742,DAL,Dallas Mavericks,0021201072,2013-03-28,DAL vs. IND,L,240,78,32,83,0.386,4,14,0.286,10,14,0.714,7,27,34,18,8,7,11,24,-25.0,2012-13
22012,1610612742,DAL,Dallas Mavericks,0021201056,2013-03-26,DAL vs. LAC,W,263,109,40,82,0.488,6,23,0.261,23,27,0.852,8,34,42,23,12,7,15,21,7.0,2012-13
22012,1610612742,DAL,Dallas Mavericks,0021201045,2013-03-24,DAL vs. UTA,W,241,113,38,70,0.543,9,18,0.5,28,33,0.848,7,27,34,23,8,7,19,18,5.0,2012-13
22012,1610612742,DAL,Dallas Mavericks,0021201029,2013-03-22,DAL vs. BOS,W,239,104,38,82,0.463,6,19,0.316,22,28,0.786,13,35,48,26,7,3,14,22,10.0,2012-13
22012,1610612742,DAL,Dallas Mavericks,0021201015,2013-03-20,DAL vs. BKN,L,241,96,40,80,0.5,7,19,0.368,9,15,0.6,7,27,34,19,5,3,11,20,-17.0,2012-13
22012,1610612742,DAL,Dallas Mavericks,0021200996,2013-03-18,DAL @ ATL,W,240,127,51,89,0.573,13,22,0.591,12,14,0.857,10,29,39,33,7,3,12,20,14.0,2012-13
22012,1610612742,DAL,Dallas Mavericks,0021200990,2013-03-17,DAL vs. OKC,L,241,101,38,83,0.458,9,21,0.429,16,16,1.0,8,26,34,18,13,2,14,20,-6.0,2012-13
22012,1610612742,DAL,Dallas Mavericks,0021200976,2013-03-15,DAL vs. CLE,W,241,96,41,82,0.5,7,21,0.333,7,11,0.636,8,38,46,25,7,6,16,19,10.0,2012-13
22012,1610612742,DAL,Dallas Mavericks,0021200967,2013-03-14,DAL @ SAS,L,239,91,37,83,0.446,8,19,0.421,9,10,0.9,6,29,35,21,10,10,11,23,-1.0,2012-13
22012,1610612742,DAL,Dallas Mavericks,0021200953,2013-03-12,DAL @ MIL,W,239,115,41,82,0.5,11,29,0.379,22,27,0.815,3,38,41,23,5,5,9,19,7.0,2012-13
22012,1610612742,DAL,Dallas Mavericks,0021200940,2013-03-10,DAL @ MIN,W,239,100,42,92,0.457,8,21,0.381,8,10,0.8,15,44,59,27,7,5,12,15,23.0,2012-13
22012,1610612742,DAL,Dallas Mavericks,0021200919,2013-03-08,DAL @ DET,W,241,102,41,78,0.526,11,22,0.5,9,15,0.6,4,37,41,29,6,5,12,15,3.0,2012-13
22012,1610612742,DAL,Dallas Mavericks,0021200908,2013-03-06,DAL vs. HOU,W,239,112,45,83,0.542,11,26,0.423,11,14,0.786,5,28,33,35,5,3,11,22,4.0,2012-13
22012,1610612742,DAL,Dallas Mavericks,0021200885,2013-03-03,DAL @ HOU,L,242,103,38,80,0.475,12,27,0.444,15,24,0.625,9,23,32,19,8,3,18,33,-33.0,2012-13
22012,1610612742,DAL,Dallas Mavericks,0021200870,2013-03-01,DAL @ BKN,W,240,98,39,78,0.5,9,21,0.429,11,14,0.786,5,26,31,18,13,6,13,18,8.0,2012-13
22012,1610612742,DAL,Dallas Mavericks,0021200855,2013-02-27,DAL @ MEM,L,239,84,33,76,0.434,3,12,0.25,15,19,0.789,6,29,35,20,9,9,21,23,-6.0,2012-13
22012,1610612742,DAL,Dallas Mavericks,0021200848,2013-02-26,DAL vs. MIL,L,239,90,36,85,0.424,1,17,0.059,17,21,0.81,16,40,56,20,7,4,20,21,-5.0,2012-13
22012,1610612742,DAL,Dallas Mavericks,0021200830,2013-02-24,DAL vs. LAL,L,241,99,39,87,0.448,8,18,0.444,13,19,0.684,12,32,44,19,11,1,12,23,-4.0,2012-13
22012,1610612742,DAL,Dallas Mavericks,0021200818,2013-02-22,DAL @ NOH,W,239,104,40,84,0.476,8,20,0.4,16,19,0.842,13,31,44,26,9,17,12,18,4.0,2012-13
22012,1610612742,DAL,Dallas Mavericks,0021200806,2013-02-20,DAL vs. ORL,W,239,111,42,88,0.477,11,29,0.379,16,18,0.889,7,37,44,32,6,8,9,19,15.0,2012-13
22012,1610612742,DAL,Dallas Mavericks,0021200785,2013-02-13,DAL vs. SAC,W,239,123,43,92,0.467,13,34,0.382,24,26,0.923,15,36,51,27,12,10,12,27,23.0,2012-13
22012,1610612742,DAL,Dallas Mavericks,0021200768,2013-02-11,DAL vs. ATL,L,239,101,38,89,0.427,9,21,0.429,16,20,0.8,8,29,37,25,9,3,11,20,-4.0,2012-13
22012,1610612742,DAL,Dallas Mavericks,0021200750,2013-02-09,DAL vs. GSW,W,239,116,38,77,0.494,11,20,0.55,29,38,0.763,6,38,44,25,9,6,10,23,25.0,2012-13
22012,1610612742,DAL,Dallas Mavericks,0021200730,2013-02-06,DAL vs. POR,W,241,105,41,86,0.477,10,20,0.5,13,19,0.684,11,35,46,22,5,3,8,16,6.0,2012-13
22012,1610612742,DAL,Dallas Mavericks,0021200712,2013-02-04,DAL @ OKC,L,239,91,36,87,0.414,3,16,0.188,16,20,0.8,6,34,40,21,7,9,14,18,-21.0,2012-13
22012,1610612742,DAL,Dallas Mavericks,0021200694,2013-02-01,DAL @ PHX,W,241,109,40,88,0.455,8,21,0.381,21,25,0.84,12,39,51,25,10,12,15,18,10.0,2012-13
22012,1610612742,DAL,Dallas Mavericks,0021200683,2013-01-31,DAL @ GSW,L,240,97,36,81,0.444,8,25,0.32,17,24,0.708,12,35,47,25,8,5,15,18,-3.0,2012-13
22012,1610612742,DAL,Dallas Mavericks,0021200668,2013-01-29,DAL @ POR,L,240,104,42,84,0.5,8,15,0.533,12,15,0.8,10,30,40,31,8,2,16,21,-2.0,2012-13
22012,1610612742,DAL,Dallas Mavericks,0021200657,2013-01-27,DAL vs. PHX,W,238,110,45,88,0.511,5,11,0.455,15,18,0.833,12,32,44,26,8,0,13,24,15.0,2012-13
22012,1610612742,DAL,Dallas Mavericks,0021200639,2013-01-25,DAL vs. SAS,L,241,107,42,91,0.462,6,18,0.333,17,18,0.944,10,37,47,20,8,7,14,19,-6.0,2012-13
22012,1610612742,DAL,Dallas Mavericks,0021200602,2013-01-20,DAL @ ORL,W,241,111,45,90,0.5,8,15,0.533,13,15,0.867,10,33,43,29,9,7,8,13,6.0,2012-13
22012,1610612742,DAL,Dallas Mavericks,0021200592,2013-01-18,DAL vs. OKC,L,265,114,41,91,0.451,7,20,0.35,25,30,0.833,11,35,46,24,11,3,16,23,-3.0,2012-13
22012,1610612742,DAL,Dallas Mavericks,0021200575,2013-01-16,DAL vs. HOU,W,240,105,33,86,0.384,5,22,0.227,34,43,0.791,11,36,47,22,7,5,10,19,5.0,2012-13
22012,1610612742,DAL,Dallas Mavericks,0021200560,2013-01-14,DAL vs. MIN,W,240,113,46,77,0.597,6,13,0.462,15,16,0.938,4,29,33,33,7,1,9,23,15.0,2012-13
22012,1610612742,DAL,Dallas Mavericks,0021200547,2013-01-12,DAL vs. MEM,W,240,104,39,80,0.488,11,17,0.647,15,21,0.714,11,37,48,26,6,5,9,22,21.0,2012-13
22012,1610612742,DAL,Dallas Mavericks,0021200528,2013-01-10,DAL @ SAC,W,265,117,41,96,0.427,5,21,0.238,30,35,0.857,15,37,52,20,6,6,12,24,5.0,2012-13
22012,1610612742,DAL,Dallas Mavericks,0021200525,2013-01-09,DAL @ LAC,L,239,93,36,84,0.429,6,18,0.333,15,18,0.833,10,24,34,21,10,3,13,17,-6.0,2012-13
22012,1610612742,DAL,Dallas Mavericks,0021200508,2013-01-07,DAL @ UTA,L,239,94,35,81,0.432,6,19,0.316,18,20,0.9,6,40,46,20,5,5,10,26,-6.0,2012-13
22012,1610612742,DAL,Dallas Mavericks,0021200495,2013-01-05,DAL vs. NOH,L,266,96,39,85,0.459,7,19,0.368,11,13,0.846,6,36,42,21,6,10,9,20,-3.0,2012-13
22012,1610612742,DAL,Dallas Mavericks,0021200469,2013-01-02,DAL @ MIA,L,264,109,41,94,0.436,10,28,0.357,17,20,0.85,8,39,47,19,7,5,13,24,-10.0,2012-13
22012,1610612742,DAL,Dallas Mavericks,0021200458,2013-01-01,DAL @ WAS,W,240,103,41,82,0.5,10,22,0.455,11,17,0.647,8,34,42,25,6,4,10,25,9.0,2012-13
22012,1610612742,DAL,Dallas Mavericks,0021200449,2012-12-30,DAL vs. SAS,L,243,86,38,95,0.4,1,16,0.063,9,10,0.9,14,32,46,23,6,6,11,21,-25.0,2012-13
22012,1610612742,DAL,Dallas Mavericks,0021200431,2012-12-28,DAL vs. DEN,L,240,85,33,88,0.375,5,25,0.2,14,21,0.667,13,30,43,17,9,5,14,15,-21.0,2012-13
22012,1610612742,DAL,Dallas Mavericks,0021200423,2012-12-27,DAL @ OKC,L,265,105,40,95,0.421,11,24,0.458,14,16,0.875,10,36,46,22,9,5,13,19,-6.0,2012-13
22012,1610612742,DAL,Dallas Mavericks,0021200402,2012-12-23,DAL @ SAS,L,241,91,34,74,0.459,5,14,0.357,18,29,0.621,9,30,39,22,10,1,20,18,-38.0,2012-13
22012,1610612742,DAL,Dallas Mavericks,0021200386,2012-12-21,DAL @ MEM,L,239,82,31,76,0.408,6,21,0.286,14,17,0.824,11,31,42,20,7,6,22,19,-10.0,2012-13
22012,1610612742,DAL,Dallas Mavericks,0021200378,2012-12-20,DAL vs. MIA,L,241,95,37,96,0.385,3,22,0.136,18,21,0.857,13,23,36,23,10,6,9,17,-15.0,2012-13
22012,1610612742,DAL,Dallas Mavericks,0021200362,2012-12-18,DAL vs. PHI,W,239,107,39,72,0.542,4,11,0.364,25,29,0.862,6,29,35,19,9,4,11,13,7.0,2012-13
22012,1610612742,DAL,Dallas Mavericks,0021200342,2012-12-15,DAL @ MIN,L,267,106,39,84,0.464,7,14,0.5,21,25,0.84,11,30,41,24,10,8,19,29,-8.0,2012-13
22012,1610612742,DAL,Dallas Mavericks,0021200325,2012-12-14,DAL @ TOR,L,239,74,27,69,0.391,0,13,0.0,20,23,0.87,4,34,38,17,4,1,17,17,-21.0,2012-13
22012,1610612742,DAL,Dallas Mavericks,0021200315,2012-12-12,DAL @ BOS,L,291,115,47,92,0.511,8,23,0.348,13,17,0.765,7,43,50,27,8,7,27,27,-2.0,2012-13
22012,1610612742,DAL,Dallas Mavericks,0021200302,2012-12-10,DAL vs. SAC,W,240,119,48,87,0.552,7,20,0.35,16,21,0.762,7,31,38,26,10,7,8,14,23.0,2012-13
22012,1610612742,DAL,Dallas Mavericks,0021200290,2012-12-08,DAL @ HOU,W,241,116,43,91,0.473,10,24,0.417,20,25,0.8,11,29,40,24,7,2,12,24,7.0,2012-13
22012,1610612742,DAL,Dallas Mavericks,0021200269,2012-12-06,DAL @ PHX,W,238,97,37,78,0.474,4,12,0.333,19,24,0.792,11,33,44,15,8,4,16,23,3.0,2012-13
22012,1610612742,DAL,Dallas Mavericks,0021200267,2012-12-05,DAL @ LAC,L,242,90,34,84,0.405,5,19,0.263,17,19,0.895,11,30,41,20,8,6,22,18,-22.0,2012-13
22012,1610612742,DAL,Dallas Mavericks,0021200240,2012-12-01,DAL vs. DET,W,240,92,38,93,0.409,11,25,0.44,5,8,0.625,13,36,49,28,8,9,13,18,15.0,2012-13
22012,1610612742,DAL,Dallas Mavericks,0021200214,2012-11-28,DAL @ CHI,L,241,78,28,81,0.346,4,18,0.222,18,20,0.9,11,19,30,18,10,6,14,26,-23.0,2012-13
22012,1610612742,DAL,Dallas Mavericks,0021200204,2012-11-27,DAL @ PHI,L,241,98,37,81,0.457,5,19,0.263,19,22,0.864,9,28,37,23,11,1,15,22,-2.0,2012-13
22012,1610612742,DAL,Dallas Mavericks,0021200187,2012-11-24,DAL vs. LAL,L,239,89,34,92,0.37,10,28,0.357,11,20,0.55,9,30,39,22,9,6,15,28,-26.0,2012-13
22012,1610612742,DAL,Dallas Mavericks,0021200167,2012-11-21,DAL vs. NYK,W,242,114,42,85,0.494,13,29,0.448,17,21,0.81,11,31,42,22,8,1,13,18,3.0,2012-13
22012,1610612742,DAL,Dallas Mavericks,0021200151,2012-11-19,DAL vs. GSW,L,266,101,37,86,0.43,10,21,0.476,17,24,0.708,7,36,43,24,12,11,16,22,-4.0,2012-13
22012,1610612742,DAL,Dallas Mavericks,0021200135,2012-11-17,DAL @ CLE,W,241,103,38,74,0.514,10,23,0.435,17,20,0.85,8,34,42,26,6,14,20,19,8.0,2012-13
22012,1610612742,DAL,Dallas Mavericks,0021200124,2012-11-16,DAL @ IND,L,239,83,30,81,0.37,2,13,0.154,21,25,0.84,8,36,44,16,3,5,11,23,-20.0,2012-13
22012,1610612742,DAL,Dallas Mavericks,0021200115,2012-11-14,DAL vs. WAS,W,240,107,39,78,0.5,3,11,0.273,26,33,0.788,14,26,40,20,6,4,13,15,6.0,2012-13
22012,1610612742,DAL,Dallas Mavericks,0021200100,2012-11-12,DAL vs. MIN,L,239,82,29,80,0.363,4,16,0.25,20,25,0.8,7,28,35,16,7,2,8,20,-8.0,2012-13
22012,1610612742,DAL,Dallas Mavericks,0021200083,2012-11-10,DAL @ CHA,L,265,97,32,79,0.405,9,19,0.474,24,30,0.8,8,35,43,21,9,7,19,24,-4.0,2012-13
22012,1610612742,DAL,Dallas Mavericks,0021200071,2012-11-09,DAL @ NYK,L,241,94,33,81,0.407,8,28,0.286,20,23,0.87,9,41,50,17,4,3,20,28,-10.0,2012-13
22012,1610612742,DAL,Dallas Mavericks,0021200061,2012-11-07,DAL vs. TOR,W,239,109,39,84,0.464,8,21,0.381,23,35,0.657,16,31,47,21,4,6,11,23,5.0,2012-13
22012,1610612742,DAL,Dallas Mavericks,0021200046,2012-11-05,DAL vs. POR,W,239,114,48,78,0.615,10,20,0.5,8,13,0.615,2,35,37,29,12,5,9,15,23.0,2012-13
22012,1610612742,DAL,Dallas Mavericks,0021200034,2012-11-03,DAL vs. CHA,W,240,126,49,80,0.613,16,25,0.64,12,15,0.8,8,35,43,31,6,7,22,23,27.0,2012-13
22012,1610612742,DAL,Dallas Mavericks,0021200009,2012-10-31,DAL @ UTA,L,241,94,32,85,0.376,11,22,0.5,19,26,0.731,8,32,40,20,8,5,16,32,-19.0,2012-13
22012,1610612742,DAL,Dallas Mavericks,0021200003,2012-10-30,DAL @ LAL,W,240,99,40,85,0.471,5,15,0.333,14,18,0.778,9,31,40,22,9,5,11,25,8.0,2012-13
22013,1610612742,DAL,Dallas Mavericks,0021301216,2014-04-16,DAL @ MEM,L,265,105,44,92,0.478,8,30,0.267,9,11,0.818,15,24,39,22,11,4,13,23,-1.0,2013-14
22013,1610612742,DAL,Dallas Mavericks,0021301195,2014-04-12,DAL vs. PHX,W,239,101,39,79,0.494,11,24,0.458,12,15,0.8,9,33,42,21,11,5,19,18,3.0,2013-14
22013,1610612742,DAL,Dallas Mavericks,0021301174,2014-04-10,DAL vs. SAS,L,240,100,39,83,0.47,5,12,0.417,17,21,0.81,8,34,42,16,5,5,10,17,-9.0,2013-14
22013,1610612742,DAL,Dallas Mavericks,0021301159,2014-04-08,DAL @ UTA,W,239,95,40,72,0.556,9,23,0.391,6,11,0.545,6,30,36,24,3,5,9,12,12.0,2013-14
22013,1610612742,DAL,Dallas Mavericks,0021301151,2014-04-06,DAL @ SAC,W,239,93,36,89,0.404,13,31,0.419,8,14,0.571,16,29,45,23,7,5,10,16,2.0,2013-14
22013,1610612742,DAL,Dallas Mavericks,0021301142,2014-04-04,DAL @ LAL,W,241,107,44,92,0.478,5,21,0.238,14,15,0.933,15,37,52,28,8,4,16,17,12.0,2013-14
22013,1610612742,DAL,Dallas Mavericks,0021301128,2014-04-03,DAL @ LAC,W,240,113,41,82,0.5,14,29,0.483,17,20,0.85,8,38,46,24,4,9,11,21,6.0,2013-14
22013,1610612742,DAL,Dallas Mavericks,0021301112,2014-04-01,DAL vs. GSW,L,265,120,47,96,0.49,14,30,0.467,12,16,0.75,15,28,43,27,7,5,8,12,-2.0,2013-14
22013,1610612742,DAL,Dallas Mavericks,0021301090,2014-03-29,DAL vs. SAC,W,239,103,34,70,0.486,7,23,0.304,28,35,0.8,6,29,35,28,6,7,12,18,3.0,2013-14
22013,1610612742,DAL,Dallas Mavericks,0021301074,2014-03-27,DAL vs. LAC,L,239,103,37,79,0.468,10,20,0.5,19,27,0.704,11,32,43,21,12,4,17,21,-6.0,2013-14
22013,1610612742,DAL,Dallas Mavericks,0021301059,2014-03-25,DAL vs. OKC,W,266,128,45,90,0.5,15,38,0.395,23,28,0.821,12,36,48,27,14,4,20,22,9.0,2013-14
22013,1610612742,DAL,Dallas Mavericks,0021301044,2014-03-23,DAL vs. BKN,L,264,104,35,91,0.385,10,31,0.323,24,31,0.774,18,34,52,21,2,9,13,25,-3.0,2013-14
22013,1610612742,DAL,Dallas Mavericks,0021301028,2014-03-21,DAL vs. DEN,W,240,122,48,89,0.539,12,22,0.545,14,17,0.824,15,33,48,28,11,5,16,18,16.0,2013-14
22013,1610612742,DAL,Dallas Mavericks,0021301014,2014-03-19,DAL vs. MIN,L,266,122,47,95,0.495,9,27,0.333,19,25,0.76,10,41,51,26,9,4,16,25,-1.0,2013-14
22013,1610612742,DAL,Dallas Mavericks,0021301001,2014-03-17,DAL vs. BOS,W,240,94,33,78,0.423,9,27,0.333,19,21,0.905,6,30,36,20,7,4,13,17,5.0,2013-14
22013,1610612742,DAL,Dallas Mavericks,0021300992,2014-03-16,DAL @ OKC,W,240,109,40,75,0.533,13,24,0.542,16,20,0.8,8,34,42,26,9,4,18,17,23.0,2013-14
22013,1610612742,DAL,Dallas Mavericks,0021300964,2014-03-12,DAL @ UTA,W,239,108,42,79,0.532,13,21,0.619,11,12,0.917,5,34,39,26,2,2,13,23,7.0,2013-14
22013,1610612742,DAL,Dallas Mavericks,0021300956,2014-03-11,DAL @ GSW,L,241,85,30,82,0.366,5,18,0.278,20,31,0.645,11,29,40,18,10,3,17,16,-23.0,2013-14
22013,1610612742,DAL,Dallas Mavericks,0021300941,2014-03-09,DAL vs. IND,W,241,105,36,81,0.444,8,20,0.4,25,31,0.806,15,27,42,23,10,2,10,23,11.0,2013-14
22013,1610612742,DAL,Dallas Mavericks,0021300924,2014-03-07,DAL vs. POR,W,241,103,37,79,0.468,4,13,0.308,25,34,0.735,9,29,38,17,10,4,9,22,5.0,2013-14
22013,1610612742,DAL,Dallas Mavericks,0021300912,2014-03-05,DAL @ DEN,L,241,110,46,87,0.529,9,20,0.45,9,9,1.0,8,25,33,24,6,4,15,27,-5.0,2013-14
22013,1610612742,DAL,Dallas Mavericks,0021300888,2014-03-02,DAL @ SAS,L,241,106,45,97,0.464,7,18,0.389,9,14,0.643,14,29,43,24,10,5,7,23,-6.0,2013-14
22013,1610612742,DAL,Dallas Mavericks,0021300870,2014-02-28,DAL vs. CHI,L,239,91,34,85,0.4,11,31,0.355,12,17,0.706,13,24,37,17,12,5,13,20,-9.0,2013-14
22013,1610612742,DAL,Dallas Mavericks,0021300856,2014-02-26,DAL vs. NOP,W,238,108,41,79,0.519,10,22,0.455,16,17,0.941,4,30,34,28,15,4,9,14,19.0,2013-14
22013,1610612742,DAL,Dallas Mavericks,0021300843,2014-02-24,DAL @ NYK,W,240,110,41,86,0.477,15,36,0.417,13,16,0.813,11,23,34,27,5,3,10,19,2.0,2013-14
22013,1610612742,DAL,Dallas Mavericks,0021300828,2014-02-22,DAL @ DET,W,242,113,44,90,0.489,8,23,0.348,17,22,0.773,16,34,50,31,8,6,14,19,11.0,2013-14
22013,1610612742,DAL,Dallas Mavericks,0021300817,2014-02-21,DAL @ PHI,W,240,124,48,77,0.623,9,23,0.391,19,25,0.76,8,40,48,39,9,7,23,24,12.0,2013-14
22013,1610612742,DAL,Dallas Mavericks,0021300798,2014-02-18,DAL vs. MIA,L,240,106,34,85,0.4,9,27,0.333,29,32,0.906,21,29,50,20,6,1,16,16,-11.0,2013-14
22013,1610612742,DAL,Dallas Mavericks,0021300777,2014-02-12,DAL @ IND,W,239,81,30,84,0.357,5,19,0.263,16,21,0.762,10,37,47,21,7,10,13,19,8.0,2013-14
22013,1610612742,DAL,Dallas Mavericks,0021300770,2014-02-11,DAL @ CHA,L,240,89,37,82,0.451,5,14,0.357,10,12,0.833,7,26,33,20,5,4,8,15,-25.0,2013-14
22013,1610612742,DAL,Dallas Mavericks,0021300758,2014-02-09,DAL @ BOS,W,241,102,37,82,0.451,10,23,0.435,18,20,0.9,10,38,48,21,6,4,9,12,11.0,2013-14
22013,1610612742,DAL,Dallas Mavericks,0021300746,2014-02-07,DAL vs. UTA,W,242,103,38,81,0.469,10,18,0.556,17,22,0.773,11,37,48,24,10,2,9,20,22.0,2013-14
22013,1610612742,DAL,Dallas Mavericks,0021300730,2014-02-05,DAL @ MEM,W,239,110,42,78,0.538,8,18,0.444,18,25,0.72,11,24,35,24,7,3,13,20,14.0,2013-14
22013,1610612742,DAL,Dallas Mavericks,0021300717,2014-02-03,DAL vs. CLE,W,241,124,44,80,0.55,12,26,0.462,24,26,0.923,10,35,45,30,4,5,13,23,17.0,2013-14
22013,1610612742,DAL,Dallas Mavericks,0021300693,2014-01-31,DAL vs. SAC,W,242,107,38,80,0.475,2,19,0.105,29,36,0.806,12,25,37,21,10,2,4,18,4.0,2013-14
22013,1610612742,DAL,Dallas Mavericks,0021300681,2014-01-29,DAL vs. HOU,L,241,115,40,86,0.465,5,19,0.263,30,36,0.833,13,28,41,20,5,4,14,29,-2.0,2013-14
22013,1610612742,DAL,Dallas Mavericks,0021300659,2014-01-26,DAL vs. DET,W,240,116,43,74,0.581,7,21,0.333,23,28,0.821,7,32,39,23,6,7,17,19,10.0,2013-14
22013,1610612742,DAL,Dallas Mavericks,0021300637,2014-01-24,DAL @ BKN,L,242,106,34,78,0.436,10,20,0.5,28,33,0.848,15,28,43,22,6,0,15,21,-1.0,2013-14
22013,1610612742,DAL,Dallas Mavericks,0021300624,2014-01-22,DAL @ TOR,L,239,85,34,73,0.466,7,20,0.35,10,14,0.714,7,26,33,22,5,1,21,24,-8.0,2013-14
22013,1610612742,DAL,Dallas Mavericks,0021300606,2014-01-20,DAL @ CLE,W,241,102,38,83,0.458,4,20,0.2,22,28,0.786,8,31,39,22,7,3,8,25,5.0,2013-14
22013,1610612742,DAL,Dallas Mavericks,0021300600,2014-01-18,DAL vs. POR,L,240,111,42,90,0.467,7,18,0.389,20,25,0.8,4,26,30,15,5,3,8,23,-16.0,2013-14
22013,1610612742,DAL,Dallas Mavericks,0021300591,2014-01-17,DAL @ PHX,W,241,110,44,83,0.53,9,24,0.375,13,19,0.684,7,37,44,22,8,4,16,21,3.0,2013-14
22013,1610612742,DAL,Dallas Mavericks,0021300577,2014-01-15,DAL @ LAC,L,240,127,51,97,0.526,12,25,0.48,13,21,0.619,17,30,47,37,7,2,9,24,-2.0,2013-14
22013,1610612742,DAL,Dallas Mavericks,0021300560,2014-01-13,DAL vs. ORL,W,240,107,40,79,0.506,13,27,0.481,14,15,0.933,9,31,40,21,6,6,12,16,19.0,2013-14
22013,1610612742,DAL,Dallas Mavericks,0021300549,2014-01-11,DAL vs. NOP,W,240,110,30,67,0.448,11,27,0.407,39,45,0.867,5,25,30,20,11,3,14,23,3.0,2013-14
22013,1610612742,DAL,Dallas Mavericks,0021300536,2014-01-10,DAL @ NOP,W,240,107,41,78,0.526,14,28,0.5,11,16,0.688,11,28,39,32,9,7,12,17,17.0,2013-14
22013,1610612742,DAL,Dallas Mavericks,0021300520,2014-01-08,DAL @ SAS,L,240,90,39,93,0.419,7,19,0.368,5,8,0.625,9,23,32,20,10,3,7,19,-22.0,2013-14
22013,1610612742,DAL,Dallas Mavericks,0021300516,2014-01-07,DAL vs. LAL,W,241,110,48,90,0.533,5,17,0.294,9,15,0.6,6,34,40,32,17,3,12,17,13.0,2013-14
22013,1610612742,DAL,Dallas Mavericks,0021300503,2014-01-05,DAL vs. NYK,L,240,80,32,78,0.41,6,26,0.231,10,18,0.556,7,27,34,13,6,1,10,17,-12.0,2013-14
22013,1610612742,DAL,Dallas Mavericks,0021300486,2014-01-03,DAL vs. LAC,L,241,112,45,88,0.511,12,28,0.429,10,14,0.714,11,28,39,29,8,1,11,25,-7.0,2013-14
22013,1610612742,DAL,Dallas Mavericks,0021300468,2014-01-01,DAL @ WAS,W,240,87,30,78,0.385,6,24,0.25,21,23,0.913,12,32,44,18,12,3,15,12,9.0,2013-14
22013,1610612742,DAL,Dallas Mavericks,0021300455,2013-12-30,DAL @ MIN,W,240,100,41,86,0.477,6,24,0.25,12,14,0.857,9,30,39,33,12,5,11,20,2.0,2013-14
22013,1610612742,DAL,Dallas Mavericks,0021300441,2013-12-28,DAL @ CHI,W,241,105,41,78,0.526,13,26,0.5,10,11,0.909,7,32,39,26,8,7,16,20,22.0,2013-14
22013,1610612742,DAL,Dallas Mavericks,0021300425,2013-12-26,DAL vs. SAS,L,239,107,39,85,0.459,5,17,0.294,24,31,0.774,9,32,41,18,12,6,14,26,-9.0,2013-14
22013,1610612742,DAL,Dallas Mavericks,0021300412,2013-12-23,DAL @ HOU,W,240,111,40,79,0.506,11,22,0.5,20,23,0.87,9,24,33,23,13,4,11,22,7.0,2013-14
22013,1610612742,DAL,Dallas Mavericks,0021300400,2013-12-21,DAL @ PHX,L,241,108,44,91,0.484,3,17,0.176,17,23,0.739,13,23,36,25,10,8,11,15,-15.0,2013-14
22013,1610612742,DAL,Dallas Mavericks,0021300389,2013-12-20,DAL vs. TOR,L,265,108,46,91,0.505,10,21,0.476,6,10,0.6,11,34,45,31,13,3,15,17,-1.0,2013-14
22013,1610612742,DAL,Dallas Mavericks,0021300377,2013-12-18,DAL vs. MEM,W,240,105,40,73,0.548,5,15,0.333,20,23,0.87,11,31,42,25,11,10,15,16,14.0,2013-14
22013,1610612742,DAL,Dallas Mavericks,0021300348,2013-12-14,DAL vs. MIL,W,242,106,42,88,0.477,10,24,0.417,12,18,0.667,12,33,45,25,9,3,16,18,13.0,2013-14
22013,1610612742,DAL,Dallas Mavericks,0021300326,2013-12-11,DAL @ GSW,L,240,93,37,88,0.42,8,23,0.348,11,14,0.786,8,35,43,24,9,4,11,15,-2.0,2013-14
22013,1610612742,DAL,Dallas Mavericks,0021300309,2013-12-09,DAL @ SAC,L,240,97,37,95,0.389,5,27,0.185,18,20,0.9,9,30,39,22,14,4,16,25,-15.0,2013-14
22013,1610612742,DAL,Dallas Mavericks,0021300298,2013-12-07,DAL @ POR,W,239,108,46,87,0.529,8,16,0.5,8,11,0.727,7,29,36,26,7,3,12,21,2.0,2013-14
22013,1610612742,DAL,Dallas Mavericks,0021300273,2013-12-04,DAL @ NOP,W,239,100,37,86,0.43,11,24,0.458,15,22,0.682,8,30,38,25,8,8,7,16,3.0,2013-14
22013,1610612742,DAL,Dallas Mavericks,0021300266,2013-12-03,DAL vs. CHA,W,240,89,33,82,0.402,8,21,0.381,15,17,0.882,7,38,45,16,3,3,9,18,7.0,2013-14
22013,1610612742,DAL,Dallas Mavericks,0021300244,2013-11-30,DAL vs. MIN,L,239,106,45,92,0.489,7,24,0.292,9,11,0.818,13,24,37,29,9,4,11,26,-6.0,2013-14
22013,1610612742,DAL,Dallas Mavericks,0021300231,2013-11-29,DAL @ ATL,L,241,87,29,77,0.377,9,24,0.375,20,21,0.952,10,34,44,17,9,4,18,21,-1.0,2013-14
22013,1610612742,DAL,Dallas Mavericks,0021300225,2013-11-27,DAL vs. GSW,W,240,103,44,99,0.444,7,18,0.389,8,10,0.8,12,31,43,27,9,4,6,22,4.0,2013-14
22013,1610612742,DAL,Dallas Mavericks,0021300207,2013-11-25,DAL vs. DEN,L,242,96,38,82,0.463,5,19,0.263,15,19,0.789,10,26,36,18,5,3,13,22,-14.0,2013-14
22013,1610612742,DAL,Dallas Mavericks,0021300195,2013-11-23,DAL @ DEN,L,239,100,35,87,0.402,7,21,0.333,23,25,0.92,7,32,39,17,8,2,11,19,-2.0,2013-14
22013,1610612742,DAL,Dallas Mavericks,0021300184,2013-11-22,DAL vs. UTA,W,240,103,38,75,0.507,7,17,0.412,20,27,0.741,13,28,41,19,10,4,16,17,10.0,2013-14
22013,1610612742,DAL,Dallas Mavericks,0021300172,2013-11-20,DAL vs. HOU,W,240,123,42,72,0.583,11,22,0.5,28,33,0.848,7,29,36,26,9,5,15,26,3.0,2013-14
22013,1610612742,DAL,Dallas Mavericks,0021300153,2013-11-18,DAL vs. PHI,W,241,97,34,78,0.436,9,29,0.31,20,26,0.769,10,43,53,26,8,11,20,20,3.0,2013-14
22013,1610612742,DAL,Dallas Mavericks,0021300137,2013-11-16,DAL @ ORL,W,240,108,43,84,0.512,10,27,0.37,12,18,0.667,5,25,30,27,12,3,8,22,8.0,2013-14
22013,1610612742,DAL,Dallas Mavericks,0021300130,2013-11-15,DAL @ MIA,L,240,104,37,74,0.5,12,28,0.429,18,21,0.857,6,28,34,22,11,6,24,20,-6.0,2013-14
22013,1610612742,DAL,Dallas Mavericks,0021300108,2013-11-12,DAL vs. WAS,W,240,105,41,84,0.488,10,26,0.385,13,19,0.684,11,31,42,25,9,2,15,20,10.0,2013-14
22013,1610612742,DAL,Dallas Mavericks,0021300092,2013-11-09,DAL @ MIL,W,240,91,33,78,0.423,6,19,0.316,19,21,0.905,12,35,47,17,11,5,19,18,8.0,2013-14
22013,1610612742,DAL,Dallas Mavericks,0021300080,2013-11-08,DAL @ MIN,L,240,108,44,90,0.489,10,22,0.455,10,15,0.667,14,26,40,21,9,7,17,21,-8.0,2013-14
22013,1610612742,DAL,Dallas Mavericks,0021300069,2013-11-06,DAL @ OKC,L,241,93,36,85,0.424,9,23,0.391,12,14,0.857,11,25,36,17,12,2,21,16,-14.0,2013-14
22013,1610612742,DAL,Dallas Mavericks,0021300056,2013-11-05,DAL vs. LAL,W,240,123,49,94,0.521,13,27,0.481,12,14,0.857,10,40,50,34,10,3,12,14,19.0,2013-14
22013,1610612742,DAL,Dallas Mavericks,0021300036,2013-11-02,DAL vs. MEM,W,240,111,32,80,0.4,7,19,0.368,40,46,0.87,14,31,45,18,12,4,11,20,12.0,2013-14
22013,1610612742,DAL,Dallas Mavericks,0021300025,2013-11-01,DAL @ HOU,L,240,105,38,100,0.38,9,27,0.333,20,25,0.8,16,27,43,20,9,7,14,37,-8.0,2013-14
22013,1610612742,DAL,Dallas Mavericks,0021300012,2013-10-30,DAL vs. ATL,W,241,118,44,77,0.571,11,24,0.458,19,24,0.792,7,35,42,31,7,2,20,22,9.0,2013-14
42013,1610612742,DAL,Dallas Mavericks,0041300147,2014-05-04,DAL @ SAS,L,240,96,36,88,0.409,9,25,0.36,15,17,0.882,11,28,39,21,6,2,13,21,-23.0,2013-14
42013,1610612742,DAL,Dallas Mavericks,0041300146,2014-05-02,DAL vs. SAS,W,240,113,45,87,0.517,8,18,0.444,15,24,0.625,13,27,40,18,8,2,15,20,2.0,2013-14
42013,1610612742,DAL,Dallas Mavericks,0041300145,2014-04-30,DAL @ SAS,L,240,103,39,89,0.438,12,28,0.429,13,15,0.867,9,38,47,18,2,8,8,21,-6.0,2013-14
42013,1610612742,DAL,Dallas Mavericks,0041300144,2014-04-28,DAL vs. SAS,L,239,89,32,84,0.381,7,24,0.292,18,28,0.643,16,33,49,18,8,3,9,23,-4.0,2013-14
42013,1610612742,DAL,Dallas Mavericks,0041300143,2014-04-26,DAL vs. SAS,W,239,109,42,82,0.512,9,23,0.391,16,19,0.842,10,25,35,25,4,6,16,19,1.0,2013-14
42013,1610612742,DAL,Dallas Mavericks,0041300142,2014-04-23,DAL @ SAS,W,240,113,45,92,0.489,8,21,0.381,15,16,0.938,14,21,35,19,13,3,7,19,21.0,2013-14
42013,1610612742,DAL,Dallas Mavericks,0041300141,2014-04-20,DAL @ SAS,L,239,85,35,85,0.412,6,18,0.333,9,13,0.692,9,31,40,15,5,5,8,19,-5.0,2013-14
22014,1610612742,DAL,Dallas Mavericks,0021401218,2015-04-15,DAL vs. POR,W,240,114,39,86,0.453,9,25,0.36,27,34,0.794,12,42,54,18,9,5,14,17,16.0,2014-15
22014,1610612742,DAL,Dallas Mavericks,0021401210,2015-04-13,DAL @ UTA,L,241,92,34,82,0.415,9,20,0.45,15,23,0.652,12,29,41,18,4,4,16,21,-17.0,2014-15
22014,1610612742,DAL,Dallas Mavericks,0021401201,2015-04-12,DAL @ LAL,W,240,120,45,83,0.542,10,21,0.476,20,26,0.769,7,35,42,31,7,9,12,20,14.0,2014-15
22014,1610612742,DAL,Dallas Mavericks,0021401184,2015-04-10,DAL @ DEN,W,290,144,57,109,0.523,11,29,0.379,19,24,0.792,11,38,49,39,8,6,17,23,1.0,2014-15
22014,1610612742,DAL,Dallas Mavericks,0021401171,2015-04-08,DAL vs. PHX,W,240,107,45,94,0.479,4,18,0.222,13,16,0.813,15,32,47,18,3,3,8,17,3.0,2014-15
22014,1610612742,DAL,Dallas Mavericks,0021401142,2015-04-04,DAL vs. GSW,L,240,110,34,80,0.425,3,16,0.188,39,54,0.722,10,34,44,14,6,2,16,23,-13.0,2014-15
22014,1610612742,DAL,Dallas Mavericks,0021401125,2015-04-02,DAL vs. HOU,L,240,101,37,84,0.44,8,26,0.308,19,27,0.704,9,32,41,23,6,5,13,29,-7.0,2014-15
22014,1610612742,DAL,Dallas Mavericks,0021401120,2015-04-01,DAL @ OKC,W,239,135,56,91,0.615,4,15,0.267,19,24,0.792,4,30,34,35,8,1,6,23,4.0,2014-15
22014,1610612742,DAL,Dallas Mavericks,0021401099,2015-03-29,DAL @ IND,L,240,99,40,90,0.444,6,15,0.4,13,19,0.684,9,32,41,20,5,3,12,25,-5.0,2014-15
22014,1610612742,DAL,Dallas Mavericks,0021401084,2015-03-27,DAL @ SAS,L,238,76,31,82,0.378,4,18,0.222,10,15,0.667,15,32,47,15,9,4,18,21,-18.0,2014-15
22014,1610612742,DAL,Dallas Mavericks,0021401057,2015-03-24,DAL vs. SAS,W,241,101,42,87,0.483,7,22,0.318,10,13,0.769,10,39,49,21,6,2,16,19,7.0,2014-15
22014,1610612742,DAL,Dallas Mavericks,0021401046,2015-03-22,DAL @ PHX,L,240,92,37,96,0.385,5,19,0.263,13,22,0.591,15,25,40,21,9,1,12,22,-6.0,2014-15
22014,1610612742,DAL,Dallas Mavericks,0021401027,2015-03-20,DAL vs. MEM,L,241,101,34,76,0.447,8,22,0.364,25,36,0.694,9,32,41,14,6,3,17,29,-11.0,2014-15
22014,1610612742,DAL,Dallas Mavericks,0021401012,2015-03-18,DAL vs. ORL,W,240,107,39,80,0.488,13,31,0.419,16,24,0.667,8,32,40,28,7,6,20,16,5.0,2014-15
22014,1610612742,DAL,Dallas Mavericks,0021400996,2015-03-16,DAL vs. OKC,W,239,119,42,89,0.472,10,25,0.4,25,35,0.714,8,29,37,27,9,2,12,27,4.0,2014-15
22014,1610612742,DAL,Dallas Mavericks,0021400972,2015-03-13,DAL vs. LAC,W,239,129,51,84,0.607,16,28,0.571,11,16,0.688,12,31,43,31,11,2,15,16,30.0,2014-15
22014,1610612742,DAL,Dallas Mavericks,0021400948,2015-03-10,DAL vs. CLE,L,240,94,33,81,0.407,5,20,0.25,23,33,0.697,15,27,42,18,6,6,16,22,-33.0,2014-15
22014,1610612742,DAL,Dallas Mavericks,0021400937,2015-03-08,DAL @ LAL,W,240,100,38,78,0.487,9,26,0.346,15,22,0.682,6,27,33,21,10,7,7,20,7.0,2014-15
22014,1610612742,DAL,Dallas Mavericks,0021400922,2015-03-06,DAL @ GSW,L,240,89,32,87,0.368,6,20,0.3,19,26,0.731,3,31,34,17,15,1,11,20,-15.0,2014-15
22014,1610612742,DAL,Dallas Mavericks,0021400910,2015-03-05,DAL @ POR,L,240,75,33,88,0.375,2,16,0.125,7,8,0.875,6,35,41,17,10,3,13,16,-19.0,2014-15
22014,1610612742,DAL,Dallas Mavericks,0021400889,2015-03-02,DAL vs. NOP,W,240,102,38,79,0.481,6,16,0.375,20,22,0.909,9,29,38,11,7,6,5,14,9.0,2014-15
22014,1610612742,DAL,Dallas Mavericks,0021400874,2015-02-28,DAL vs. BKN,L,240,94,35,82,0.427,9,28,0.321,15,18,0.833,8,29,37,23,10,3,12,19,-10.0,2014-15
22014,1610612742,DAL,Dallas Mavericks,0021400843,2015-02-25,DAL @ ATL,L,239,87,34,80,0.425,5,31,0.161,14,18,0.778,13,31,44,20,0,3,15,18,-17.0,2014-15
22014,1610612742,DAL,Dallas Mavericks,0021400841,2015-02-24,DAL vs. TOR,W,240,99,38,79,0.481,8,19,0.421,15,18,0.833,8,32,40,17,13,4,19,13,7.0,2014-15
22014,1610612742,DAL,Dallas Mavericks,0021400827,2015-02-22,DAL vs. CHA,W,240,92,36,78,0.462,5,18,0.278,15,19,0.789,6,43,49,20,7,6,15,16,11.0,2014-15
22014,1610612742,DAL,Dallas Mavericks,0021400810,2015-02-20,DAL vs. HOU,W,241,111,44,93,0.473,9,24,0.375,14,18,0.778,12,38,50,26,10,2,17,19,11.0,2014-15
22014,1610612742,DAL,Dallas Mavericks,0021400801,2015-02-19,DAL @ OKC,L,241,89,33,91,0.363,9,27,0.333,14,17,0.824,14,25,39,16,14,3,17,20,-15.0,2014-15
22014,1610612742,DAL,Dallas Mavericks,0021400797,2015-02-11,DAL vs. UTA,W,240,87,28,75,0.373,10,28,0.357,21,26,0.808,7,31,38,18,11,3,11,21,5.0,2014-15
22014,1610612742,DAL,Dallas Mavericks,0021400781,2015-02-09,DAL vs. LAC,L,240,98,33,81,0.407,10,34,0.294,22,30,0.733,14,33,47,19,2,3,12,26,-17.0,2014-15
22014,1610612742,DAL,Dallas Mavericks,0021400762,2015-02-07,DAL vs. POR,W,264,111,43,105,0.41,14,36,0.389,11,16,0.688,20,35,55,21,11,7,15,20,10.0,2014-15
22014,1610612742,DAL,Dallas Mavericks,0021400744,2015-02-05,DAL @ SAC,W,239,101,41,96,0.427,12,34,0.353,7,10,0.7,8,40,48,25,9,7,9,19,23.0,2014-15
22014,1610612742,DAL,Dallas Mavericks,0021400741,2015-02-04,DAL @ GSW,L,240,114,41,98,0.418,10,30,0.333,22,28,0.786,14,28,42,24,8,1,8,19,-14.0,2014-15
22014,1610612742,DAL,Dallas Mavericks,0021400724,2015-02-02,DAL vs. MIN,W,240,100,39,84,0.464,10,31,0.323,12,18,0.667,12,31,43,27,11,10,15,18,6.0,2014-15
22014,1610612742,DAL,Dallas Mavericks,0021400706,2015-01-31,DAL @ ORL,W,240,108,42,74,0.568,11,21,0.524,13,22,0.591,3,33,36,26,9,4,12,20,15.0,2014-15
22014,1610612742,DAL,Dallas Mavericks,0021400702,2015-01-30,DAL @ MIA,W,241,93,34,82,0.415,13,29,0.448,12,20,0.6,13,36,49,24,10,4,10,13,21.0,2014-15
22014,1610612742,DAL,Dallas Mavericks,0021400685,2015-01-28,DAL @ HOU,L,239,94,35,82,0.427,10,25,0.4,14,16,0.875,10,36,46,16,10,7,23,16,-5.0,2014-15
22014,1610612742,DAL,Dallas Mavericks,0021400678,2015-01-27,DAL vs. MEM,L,240,90,38,78,0.487,7,26,0.269,7,10,0.7,8,27,35,20,8,3,16,20,-19.0,2014-15
22014,1610612742,DAL,Dallas Mavericks,0021400660,2015-01-25,DAL @ NOP,L,240,106,39,81,0.481,9,24,0.375,19,25,0.76,13,25,38,20,5,6,9,19,-3.0,2014-15
22014,1610612742,DAL,Dallas Mavericks,0021400646,2015-01-23,DAL vs. CHI,L,240,98,37,82,0.451,6,18,0.333,18,18,1.0,9,21,30,16,12,8,12,16,-4.0,2014-15
22014,1610612742,DAL,Dallas Mavericks,0021400631,2015-01-21,DAL @ MIN,W,241,98,39,76,0.513,11,27,0.407,9,14,0.643,6,36,42,26,6,3,10,13,23.0,2014-15
22014,1610612742,DAL,Dallas Mavericks,0021400616,2015-01-19,DAL @ MEM,W,241,103,34,76,0.447,10,25,0.4,25,33,0.758,12,30,42,17,6,3,13,22,8.0,2014-15
22014,1610612742,DAL,Dallas Mavericks,0021400594,2015-01-16,DAL vs. DEN,W,241,97,33,79,0.418,8,25,0.32,23,29,0.793,10,42,52,22,7,2,14,23,8.0,2014-15
22014,1610612742,DAL,Dallas Mavericks,0021400581,2015-01-14,DAL @ DEN,L,241,107,41,100,0.41,9,37,0.243,16,20,0.8,10,29,39,24,8,5,8,25,-7.0,2014-15
22014,1610612742,DAL,Dallas Mavericks,0021400572,2015-01-13,DAL @ SAC,W,265,108,43,100,0.43,6,24,0.25,16,23,0.696,12,32,44,23,12,4,10,25,4.0,2014-15
22014,1610612742,DAL,Dallas Mavericks,0021400550,2015-01-10,DAL @ LAC,L,241,100,38,86,0.442,12,30,0.4,12,17,0.706,8,32,40,29,4,2,11,18,-20.0,2014-15
22014,1610612742,DAL,Dallas Mavericks,0021400529,2015-01-07,DAL vs. DET,L,240,95,38,87,0.437,6,22,0.273,13,18,0.722,9,34,43,24,9,4,14,15,-13.0,2014-15
22014,1610612742,DAL,Dallas Mavericks,0021400511,2015-01-05,DAL @ BKN,W,266,96,37,94,0.394,10,27,0.37,12,19,0.632,14,37,51,24,8,6,10,17,8.0,2014-15
22014,1610612742,DAL,Dallas Mavericks,0021400503,2015-01-04,DAL @ CLE,W,241,109,44,78,0.564,12,26,0.462,9,11,0.818,4,32,36,30,7,8,10,20,19.0,2014-15
22014,1610612742,DAL,Dallas Mavericks,0021400486,2015-01-02,DAL @ BOS,W,237,119,45,96,0.469,13,27,0.481,16,17,0.941,16,36,52,24,8,1,11,21,18.0,2014-15
22014,1610612742,DAL,Dallas Mavericks,0021400470,2014-12-30,DAL vs. WAS,W,243,114,43,82,0.524,8,15,0.533,20,29,0.69,3,31,34,21,11,5,7,22,27.0,2014-15
22014,1610612742,DAL,Dallas Mavericks,0021400455,2014-12-28,DAL vs. OKC,W,241,112,39,88,0.443,10,31,0.323,24,28,0.857,7,30,37,26,8,6,12,16,5.0,2014-15
22014,1610612742,DAL,Dallas Mavericks,0021400439,2014-12-26,DAL vs. LAL,W,241,102,42,83,0.506,5,18,0.278,13,24,0.542,6,34,40,20,9,6,13,21,4.0,2014-15
22014,1610612742,DAL,Dallas Mavericks,0021400425,2014-12-23,DAL @ PHX,L,241,115,41,88,0.466,9,25,0.36,24,29,0.828,14,35,49,22,4,1,20,27,-9.0,2014-15
22014,1610612742,DAL,Dallas Mavericks,0021400413,2014-12-22,DAL vs. ATL,L,239,102,39,90,0.433,11,28,0.393,13,20,0.65,13,34,47,23,12,5,15,23,-3.0,2014-15
22014,1610612742,DAL,Dallas Mavericks,0021400397,2014-12-20,DAL vs. SAS,W,240,99,37,86,0.43,9,26,0.346,16,20,0.8,13,27,40,18,10,3,12,24,6.0,2014-15
22014,1610612742,DAL,Dallas Mavericks,0021400372,2014-12-17,DAL @ DET,W,239,117,40,79,0.506,10,22,0.455,27,35,0.771,9,36,45,29,9,4,14,15,11.0,2014-15
22014,1610612742,DAL,Dallas Mavericks,0021400367,2014-12-16,DAL @ NYK,W,240,107,42,83,0.506,15,33,0.455,8,8,1.0,10,31,41,30,9,4,17,14,20.0,2014-15
22014,1610612742,DAL,Dallas Mavericks,0021400340,2014-12-13,DAL vs. GSW,L,242,98,36,89,0.404,5,25,0.2,21,30,0.7,17,36,53,14,11,0,15,23,-7.0,2014-15
22014,1610612742,DAL,Dallas Mavericks,0021400323,2014-12-10,DAL vs. NOP,W,241,112,44,83,0.53,9,21,0.429,15,17,0.882,5,24,29,17,5,5,8,18,5.0,2014-15
22014,1610612742,DAL,Dallas Mavericks,0021400310,2014-12-09,DAL @ MEM,L,241,105,38,85,0.447,18,40,0.45,11,14,0.786,12,31,43,19,4,7,16,22,-9.0,2014-15
22014,1610612742,DAL,Dallas Mavericks,0021400298,2014-12-07,DAL vs. MIL,W,241,125,49,84,0.583,12,31,0.387,15,19,0.789,8,28,36,29,14,8,11,14,23.0,2014-15
22014,1610612742,DAL,Dallas Mavericks,0021400284,2014-12-05,DAL vs. PHX,L,241,106,40,88,0.455,4,19,0.211,22,30,0.733,16,28,44,13,5,1,11,16,-12.0,2014-15
22014,1610612742,DAL,Dallas Mavericks,0021400269,2014-12-03,DAL @ MIL,W,240,107,42,92,0.457,8,27,0.296,15,22,0.682,17,29,46,20,8,6,16,23,2.0,2014-15
22014,1610612742,DAL,Dallas Mavericks,0021400257,2014-12-02,DAL @ CHI,W,290,132,47,102,0.461,15,30,0.5,23,27,0.852,12,34,46,30,9,6,14,28,3.0,2014-15
22014,1610612742,DAL,Dallas Mavericks,0021400235,2014-11-29,DAL @ PHI,W,242,110,40,89,0.449,8,30,0.267,22,30,0.733,13,27,40,28,13,5,12,22,7.0,2014-15
22014,1610612742,DAL,Dallas Mavericks,0021400227,2014-11-28,DAL @ TOR,W,239,106,40,86,0.465,11,26,0.423,15,22,0.682,6,31,37,27,7,9,8,17,4.0,2014-15
22014,1610612742,DAL,Dallas Mavericks,0021400214,2014-11-26,DAL vs. NYK,W,267,109,38,95,0.4,4,31,0.129,29,38,0.763,20,36,56,20,12,5,11,16,7.0,2014-15
22014,1610612742,DAL,Dallas Mavericks,0021400203,2014-11-24,DAL vs. IND,L,240,100,40,80,0.5,8,24,0.333,12,21,0.571,6,31,37,21,6,6,12,28,-11.0,2014-15
22014,1610612742,DAL,Dallas Mavericks,0021400188,2014-11-22,DAL @ HOU,L,240,92,35,88,0.398,6,35,0.171,16,22,0.727,16,34,50,17,6,5,14,22,-3.0,2014-15
22014,1610612742,DAL,Dallas Mavericks,0021400180,2014-11-21,DAL vs. LAL,W,241,140,51,82,0.622,18,35,0.514,20,28,0.714,11,28,39,37,4,2,9,16,34.0,2014-15
22014,1610612742,DAL,Dallas Mavericks,0021400163,2014-11-19,DAL @ WAS,W,239,105,34,82,0.415,12,28,0.429,25,29,0.862,10,34,44,18,5,5,12,19,3.0,2014-15
22014,1610612742,DAL,Dallas Mavericks,0021400146,2014-11-17,DAL @ CHA,W,239,107,43,84,0.512,10,28,0.357,11,16,0.688,10,40,50,32,7,4,7,18,27.0,2014-15
22014,1610612742,DAL,Dallas Mavericks,0021400137,2014-11-15,DAL vs. MIN,W,241,131,52,94,0.553,8,26,0.308,19,23,0.826,12,28,40,31,5,10,7,24,14.0,2014-15
22014,1610612742,DAL,Dallas Mavericks,0021400120,2014-11-13,DAL vs. PHI,W,239,123,41,80,0.513,11,32,0.344,30,36,0.833,9,42,51,33,14,5,15,25,53.0,2014-15
22014,1610612742,DAL,Dallas Mavericks,0021400106,2014-11-11,DAL vs. SAC,W,240,106,38,80,0.475,10,27,0.37,20,24,0.833,9,24,33,23,8,8,11,29,8.0,2014-15
22014,1610612742,DAL,Dallas Mavericks,0021400094,2014-11-09,DAL vs. MIA,L,240,96,35,83,0.422,9,29,0.31,17,24,0.708,15,26,41,22,8,7,13,15,-9.0,2014-15
22014,1610612742,DAL,Dallas Mavericks,0021400080,2014-11-07,DAL @ UTA,W,241,105,42,88,0.477,9,24,0.375,12,14,0.857,13,29,42,23,12,3,8,22,23.0,2014-15
22014,1610612742,DAL,Dallas Mavericks,0021400070,2014-11-06,DAL @ POR,L,239,87,33,90,0.367,5,23,0.217,16,16,1.0,8,26,34,14,6,4,7,17,-21.0,2014-15
22014,1610612742,DAL,Dallas Mavericks,0021400046,2014-11-03,DAL vs. BOS,W,242,118,44,82,0.537,14,25,0.56,16,20,0.8,7,29,36,24,5,9,17,17,5.0,2014-15
22014,1610612742,DAL,Dallas Mavericks,0021400027,2014-11-01,DAL @ NOP,W,240,109,46,89,0.517,6,25,0.24,11,19,0.579,11,33,44,25,4,6,12,25,5.0,2014-15
22014,1610612742,DAL,Dallas Mavericks,0021400019,2014-10-30,DAL vs. UTA,W,241,120,47,85,0.553,8,21,0.381,18,23,0.783,13,31,44,25,8,5,9,15,18.0,2014-15
22014,1610612742,DAL,Dallas Mavericks,0021400002,2014-10-28,DAL @ SAS,L,239,100,38,78,0.487,8,21,0.381,16,19,0.842,9,24,33,17,9,3,10,20,-1.0,2014-15
42014,1610612742,DAL,Dallas Mavericks,0041400155,2015-04-28,DAL @ HOU,L,239,94,35,92,0.38,5,26,0.192,19,25,0.76,10,37,47,21,14,2,18,29,-9.0,2014-15
42014,1610612742,DAL,Dallas Mavericks,0041400154,2015-04-26,DAL vs. HOU,W,240,121,51,94,0.543,10,28,0.357,9,21,0.429,16,36,52,25,3,5,15,28,12.0,2014-15
42014,1610612742,DAL,Dallas Mavericks,0041400153,2015-04-24,DAL vs. HOU,L,239,128,45,86,0.523,11,29,0.379,27,35,0.771,14,29,43,27,9,6,10,28,-2.0,2014-15
42014,1610612742,DAL,Dallas Mavericks,0041400152,2015-04-21,DAL @ HOU,L,242,99,33,89,0.371,6,22,0.273,27,28,0.964,14,32,46,14,4,6,8,23,-12.0,2014-15
42014,1610612742,DAL,Dallas Mavericks,0041400151,2015-04-18,DAL @ HOU,L,241,108,44,99,0.444,6,17,0.353,14,17,0.824,14,35,49,19,5,4,17,28,-10.0,2014-15
22015,1610612742,DAL,Dallas Mavericks,0021501223,2016-04-13,DAL vs. SAS,L,240,91,31,77,0.403,12,39,0.308,17,21,0.81,11,30,41,20,8,2,12,23,-5.0,2015-16
22015,1610612742,DAL,Dallas Mavericks,0021501210,2016-04-11,DAL @ UTA,W,239,101,36,81,0.444,11,32,0.344,18,22,0.818,10,37,47,19,7,2,9,15,9.0,2015-16
22015,1610612742,DAL,Dallas Mavericks,0021501196,2016-04-10,DAL @ LAC,L,242,91,30,74,0.405,8,30,0.267,23,33,0.697,5,42,47,18,6,5,14,29,-7.0,2015-16
22015,1610612742,DAL,Dallas Mavericks,0021501185,2016-04-08,DAL vs. MEM,W,240,103,30,60,0.5,12,31,0.387,31,39,0.795,6,32,38,18,7,6,17,17,10.0,2015-16
22015,1610612742,DAL,Dallas Mavericks,0021501170,2016-04-06,DAL vs. HOU,W,240,88,33,80,0.413,10,33,0.303,12,14,0.857,13,27,40,19,9,4,12,20,2.0,2015-16
22015,1610612742,DAL,Dallas Mavericks,0021501146,2016-04-03,DAL @ MIN,W,240,88,32,83,0.386,14,40,0.35,10,17,0.588,15,29,44,19,6,4,10,17,10.0,2015-16
22015,1610612742,DAL,Dallas Mavericks,0021501129,2016-04-01,DAL @ DET,W,240,98,39,85,0.459,8,24,0.333,12,14,0.857,8,40,48,18,4,5,10,18,9.0,2015-16
22015,1610612742,DAL,Dallas Mavericks,0021501117,2016-03-30,DAL vs. NYK,W,240,91,35,85,0.412,8,25,0.32,13,17,0.765,14,28,42,18,7,1,15,15,2.0,2015-16
22015,1610612742,DAL,Dallas Mavericks,0021501103,2016-03-28,DAL @ DEN,W,241,97,36,88,0.409,11,32,0.344,14,15,0.933,9,25,34,23,14,6,3,20,9.0,2015-16
22015,1610612742,DAL,Dallas Mavericks,0021501095,2016-03-27,DAL @ SAC,L,239,111,42,88,0.477,8,24,0.333,19,24,0.792,12,29,41,22,6,2,13,24,-22.0,2015-16
22015,1610612742,DAL,Dallas Mavericks,0021501080,2016-03-25,DAL @ GSW,L,241,120,43,96,0.448,18,35,0.514,16,21,0.762,15,36,51,31,3,6,11,19,-8.0,2015-16
22015,1610612742,DAL,Dallas Mavericks,0021501067,2016-03-23,DAL @ POR,L,238,103,42,96,0.438,9,30,0.3,10,11,0.909,11,36,47,21,8,6,17,17,-6.0,2015-16
22015,1610612742,DAL,Dallas Mavericks,0021501037,2016-03-20,DAL vs. POR,W,266,132,49,89,0.551,15,25,0.6,19,23,0.826,8,42,50,31,7,8,16,21,12.0,2015-16
22015,1610612742,DAL,Dallas Mavericks,0021501026,2016-03-18,DAL vs. GSW,L,238,112,41,93,0.441,9,29,0.31,21,22,0.955,11,35,46,25,4,8,12,15,-18.0,2015-16
22015,1610612742,DAL,Dallas Mavericks,0021501005,2016-03-16,DAL @ CLE,L,240,98,37,79,0.468,7,22,0.318,17,19,0.895,4,28,32,24,6,7,10,18,-1.0,2015-16
22015,1610612742,DAL,Dallas Mavericks,0021500988,2016-03-14,DAL @ CHA,W,240,107,42,87,0.483,9,30,0.3,14,18,0.778,6,36,42,30,9,6,14,26,11.0,2015-16
22015,1610612742,DAL,Dallas Mavericks,0021500973,2016-03-12,DAL vs. IND,L,239,105,41,85,0.482,8,22,0.364,15,18,0.833,7,33,40,30,7,1,13,21,-7.0,2015-16
22015,1610612742,DAL,Dallas Mavericks,0021500954,2016-03-09,DAL vs. DET,L,239,96,39,86,0.453,9,30,0.3,9,11,0.818,7,33,40,25,6,2,8,19,-6.0,2015-16
22015,1610612742,DAL,Dallas Mavericks,0021500942,2016-03-07,DAL vs. LAC,L,241,90,30,81,0.37,4,25,0.16,26,32,0.813,12,39,51,15,5,1,15,19,-19.0,2015-16
22015,1610612742,DAL,Dallas Mavericks,0021500933,2016-03-06,DAL @ DEN,L,268,114,41,93,0.441,16,41,0.39,16,20,0.8,8,38,46,29,5,8,12,19,-2.0,2015-16
22015,1610612742,DAL,Dallas Mavericks,0021500910,2016-03-03,DAL vs. SAC,L,239,101,45,94,0.479,7,29,0.241,4,6,0.667,13,34,47,25,5,3,15,25,-3.0,2015-16
22015,1610612742,DAL,Dallas Mavericks,0021500894,2016-03-01,DAL vs. ORL,W,241,121,43,77,0.558,9,19,0.474,26,31,0.839,6,30,36,27,7,4,15,19,13.0,2015-16
22015,1610612742,DAL,Dallas Mavericks,0021500882,2016-02-28,DAL vs. MIN,W,240,128,47,89,0.528,13,36,0.361,21,21,1.0,8,35,43,34,9,6,8,26,27.0,2015-16
22015,1610612742,DAL,Dallas Mavericks,0021500866,2016-02-26,DAL vs. DEN,W,265,122,45,88,0.511,11,29,0.379,21,27,0.778,10,35,45,25,9,1,14,25,6.0,2015-16
22015,1610612742,DAL,Dallas Mavericks,0021500852,2016-02-24,DAL vs. OKC,L,237,103,35,86,0.407,9,28,0.321,24,30,0.8,13,29,42,26,10,4,10,21,-13.0,2015-16
22015,1610612742,DAL,Dallas Mavericks,0021500830,2016-02-21,DAL vs. PHI,W,238,129,41,85,0.482,13,34,0.382,34,36,0.944,14,34,48,23,8,3,10,19,26.0,2015-16
22015,1610612742,DAL,Dallas Mavericks,0021500805,2016-02-19,DAL @ ORL,L,265,104,37,89,0.416,19,41,0.463,11,18,0.611,6,39,45,23,8,6,18,12,-6.0,2015-16
22015,1610612742,DAL,Dallas Mavericks,0021500787,2016-02-09,DAL vs. UTA,L,266,119,36,75,0.48,11,29,0.379,36,41,0.878,6,30,36,24,5,1,11,21,-2.0,2015-16
22015,1610612742,DAL,Dallas Mavericks,0021500765,2016-02-06,DAL @ MEM,W,264,114,38,88,0.432,15,38,0.395,23,33,0.697,9,33,42,26,6,1,5,21,4.0,2015-16
22015,1610612742,DAL,Dallas Mavericks,0021500759,2016-02-05,DAL vs. SAS,L,240,90,33,73,0.452,3,15,0.2,21,27,0.778,5,31,36,17,7,2,15,23,-26.0,2015-16
22015,1610612742,DAL,Dallas Mavericks,0021500741,2016-02-03,DAL vs. MIA,L,239,90,34,87,0.391,8,20,0.4,14,19,0.737,8,38,46,18,4,5,4,16,-3.0,2015-16
22015,1610612742,DAL,Dallas Mavericks,0021500723,2016-02-01,DAL @ ATL,L,239,97,31,85,0.365,7,26,0.269,28,38,0.737,10,27,37,14,5,2,6,18,-15.0,2015-16
22015,1610612742,DAL,Dallas Mavericks,0021500717,2016-01-31,DAL vs. PHX,W,241,91,31,78,0.397,8,29,0.276,21,23,0.913,13,29,42,15,9,1,14,19,13.0,2015-16
22015,1610612742,DAL,Dallas Mavericks,0021500702,2016-01-29,DAL vs. BKN,W,239,91,37,80,0.463,8,21,0.381,9,15,0.6,10,39,49,22,6,5,12,17,12.0,2015-16
22015,1610612742,DAL,Dallas Mavericks,0021500691,2016-01-27,DAL @ GSW,L,240,107,44,87,0.506,11,31,0.355,8,12,0.667,8,26,34,20,4,0,10,21,-20.0,2015-16
22015,1610612742,DAL,Dallas Mavericks,0021500683,2016-01-26,DAL @ LAL,W,239,92,33,76,0.434,6,25,0.24,20,26,0.769,5,30,35,21,5,1,6,20,2.0,2015-16
22015,1610612742,DAL,Dallas Mavericks,0021500665,2016-01-24,DAL @ HOU,L,240,104,36,79,0.456,15,30,0.5,17,22,0.773,8,28,36,17,4,4,14,20,-11.0,2015-16
22015,1610612742,DAL,Dallas Mavericks,0021500651,2016-01-22,DAL vs. OKC,L,239,106,40,87,0.46,10,33,0.303,16,18,0.889,7,26,33,24,9,6,8,15,-3.0,2015-16
22015,1610612742,DAL,Dallas Mavericks,0021500637,2016-01-20,DAL vs. MIN,W,265,106,42,97,0.433,5,25,0.2,17,22,0.773,9,37,46,18,11,2,11,15,12.0,2015-16
22015,1610612742,DAL,Dallas Mavericks,0021500623,2016-01-18,DAL vs. BOS,W,265,118,40,93,0.43,16,34,0.471,22,24,0.917,11,40,51,23,4,2,14,21,5.0,2015-16
22015,1610612742,DAL,Dallas Mavericks,0021500612,2016-01-17,DAL @ SAS,L,240,83,29,81,0.358,6,23,0.261,19,25,0.76,5,40,45,20,4,6,13,23,-29.0,2015-16
22015,1610612742,DAL,Dallas Mavericks,0021500597,2016-01-15,DAL @ CHI,W,240,83,30,77,0.39,8,22,0.364,15,17,0.882,7,36,43,20,1,6,9,16,6.0,2015-16
22015,1610612742,DAL,Dallas Mavericks,0021500582,2016-01-13,DAL @ OKC,L,240,89,32,82,0.39,6,31,0.194,19,25,0.76,8,33,41,18,7,3,16,20,-19.0,2015-16
22015,1610612742,DAL,Dallas Mavericks,0021500575,2016-01-12,DAL vs. CLE,L,265,107,39,79,0.494,11,28,0.393,18,22,0.818,7,37,44,25,4,7,16,16,-3.0,2015-16
22015,1610612742,DAL,Dallas Mavericks,0021500557,2016-01-10,DAL @ MIN,W,240,93,36,77,0.468,6,20,0.3,15,21,0.714,11,28,39,20,7,3,13,19,6.0,2015-16
22015,1610612742,DAL,Dallas Mavericks,0021500545,2016-01-08,DAL @ MIL,L,239,95,35,84,0.417,14,44,0.318,11,16,0.688,16,26,42,27,6,5,16,21,-1.0,2015-16
22015,1610612742,DAL,Dallas Mavericks,0021500531,2016-01-06,DAL @ NOP,W,239,100,37,87,0.425,7,28,0.25,19,22,0.864,11,41,52,22,7,6,10,18,9.0,2015-16
22015,1610612742,DAL,Dallas Mavericks,0021500523,2016-01-05,DAL vs. SAC,W,290,117,45,98,0.459,12,29,0.414,15,23,0.652,13,42,55,22,13,2,17,18,1.0,2015-16
22015,1610612742,DAL,Dallas Mavericks,0021500501,2016-01-02,DAL vs. NOP,L,239,98,36,83,0.434,10,26,0.385,16,19,0.842,3,30,33,20,10,2,13,17,-7.0,2015-16
22015,1610612742,DAL,Dallas Mavericks,0021500491,2016-01-01,DAL @ MIA,L,239,82,32,88,0.364,7,31,0.226,11,14,0.786,13,27,40,22,6,3,9,11,-24.0,2015-16
22015,1610612742,DAL,Dallas Mavericks,0021500480,2015-12-30,DAL vs. GSW,W,237,114,42,82,0.512,14,27,0.519,16,20,0.8,12,40,52,20,6,4,15,19,23.0,2015-16
22015,1610612742,DAL,Dallas Mavericks,0021500464,2015-12-28,DAL vs. MIL,W,242,103,38,84,0.452,10,22,0.455,17,26,0.654,6,28,34,25,9,2,4,15,10.0,2015-16
22015,1610612742,DAL,Dallas Mavericks,0021500449,2015-12-26,DAL vs. CHI,W,241,118,40,87,0.46,16,33,0.485,22,28,0.786,16,26,42,24,10,1,11,25,7.0,2015-16
22015,1610612742,DAL,Dallas Mavericks,0021500428,2015-12-23,DAL @ BKN,W,263,119,45,82,0.549,16,34,0.471,13,15,0.867,5,29,34,27,3,4,17,18,1.0,2015-16
22015,1610612742,DAL,Dallas Mavericks,0021500421,2015-12-22,DAL @ TOR,L,238,99,40,92,0.435,11,29,0.379,8,11,0.727,4,30,34,23,8,7,6,25,-4.0,2015-16
22015,1610612742,DAL,Dallas Mavericks,0021500394,2015-12-18,DAL vs. MEM,W,240,97,34,78,0.436,10,29,0.345,19,21,0.905,11,39,50,27,7,4,19,17,9.0,2015-16
22015,1610612742,DAL,Dallas Mavericks,0021500371,2015-12-16,DAL @ IND,L,241,81,33,90,0.367,8,33,0.242,7,10,0.7,11,36,47,16,2,3,11,16,-26.0,2015-16
22015,1610612742,DAL,Dallas Mavericks,0021500363,2015-12-14,DAL vs. PHX,W,239,104,38,77,0.494,12,32,0.375,16,21,0.762,5,36,41,17,12,1,16,22,10.0,2015-16
22015,1610612742,DAL,Dallas Mavericks,0021500350,2015-12-12,DAL vs. WAS,L,240,111,38,89,0.427,14,33,0.424,21,24,0.875,11,35,46,23,5,3,12,12,-3.0,2015-16
22015,1610612742,DAL,Dallas Mavericks,0021500328,2015-12-09,DAL vs. ATL,L,241,95,36,100,0.36,7,31,0.226,16,19,0.842,20,31,51,18,7,3,9,15,-3.0,2015-16
22015,1610612742,DAL,Dallas Mavericks,0021500307,2015-12-07,DAL @ NYK,W,241,104,37,82,0.451,13,31,0.419,17,20,0.85,7,36,43,21,7,3,9,14,7.0,2015-16
22015,1610612742,DAL,Dallas Mavericks,0021500302,2015-12-06,DAL @ WAS,W,238,116,38,76,0.5,16,31,0.516,24,27,0.889,6,44,50,25,5,4,16,17,12.0,2015-16
22015,1610612742,DAL,Dallas Mavericks,0021500287,2015-12-04,DAL vs. HOU,L,239,96,37,81,0.457,8,29,0.276,14,20,0.7,11,31,42,23,8,5,17,17,-4.0,2015-16
22015,1610612742,DAL,Dallas Mavericks,0021500267,2015-12-01,DAL @ POR,W,267,115,43,94,0.457,9,29,0.31,20,24,0.833,12,37,49,23,7,5,12,17,3.0,2015-16
22015,1610612742,DAL,Dallas Mavericks,0021500260,2015-11-30,DAL @ SAC,L,240,98,36,84,0.429,9,37,0.243,17,22,0.773,9,31,40,22,8,3,16,30,-14.0,2015-16
22015,1610612742,DAL,Dallas Mavericks,0021500241,2015-11-28,DAL vs. DEN,W,240,92,33,77,0.429,7,26,0.269,19,27,0.704,10,32,42,18,13,3,13,14,11.0,2015-16
22015,1610612742,DAL,Dallas Mavericks,0021500224,2015-11-25,DAL @ SAS,L,240,83,34,83,0.41,6,22,0.273,9,12,0.75,9,37,46,21,7,1,13,21,-5.0,2015-16
22015,1610612742,DAL,Dallas Mavericks,0021500211,2015-11-24,DAL @ MEM,L,240,96,30,77,0.39,11,34,0.324,25,28,0.893,4,44,48,22,4,6,19,25,-14.0,2015-16
22015,1610612742,DAL,Dallas Mavericks,0021500199,2015-11-22,DAL @ OKC,L,240,114,44,83,0.53,10,19,0.526,16,28,0.571,9,27,36,26,8,4,17,17,-3.0,2015-16
22015,1610612742,DAL,Dallas Mavericks,0021500184,2015-11-20,DAL vs. UTA,W,240,102,39,83,0.47,8,28,0.286,16,17,0.941,8,26,34,24,10,5,8,19,9.0,2015-16
22015,1610612742,DAL,Dallas Mavericks,0021500168,2015-11-18,DAL @ BOS,W,240,106,37,72,0.514,7,20,0.35,25,35,0.714,7,32,39,22,7,7,17,22,4.0,2015-16
22015,1610612742,DAL,Dallas Mavericks,0021500152,2015-11-16,DAL @ PHI,W,241,92,30,76,0.395,7,24,0.292,25,30,0.833,6,33,39,16,12,2,19,23,6.0,2015-16
22015,1610612742,DAL,Dallas Mavericks,0021500140,2015-11-14,DAL @ HOU,W,239,110,43,89,0.483,8,28,0.286,16,21,0.762,8,37,45,24,6,7,11,21,12.0,2015-16
22015,1610612742,DAL,Dallas Mavericks,0021500135,2015-11-13,DAL vs. LAL,W,240,90,30,82,0.366,7,27,0.259,23,29,0.793,7,41,48,19,9,4,15,15,8.0,2015-16
22015,1610612742,DAL,Dallas Mavericks,0021500118,2015-11-11,DAL vs. LAC,W,240,118,42,76,0.553,11,24,0.458,23,30,0.767,8,36,44,23,8,3,13,29,9.8,2015-16
22015,1610612742,DAL,Dallas Mavericks,0021500112,2015-11-10,DAL @ NOP,L,240,105,39,88,0.443,5,20,0.25,22,26,0.846,8,36,44,20,4,4,13,17,-15.0,2015-16
22015,1610612742,DAL,Dallas Mavericks,0021500088,2015-11-07,DAL vs. NOP,W,241,107,40,84,0.476,9,24,0.375,18,22,0.818,6,36,42,20,5,2,9,17,9.0,2015-16
22015,1610612742,DAL,Dallas Mavericks,0021500072,2015-11-05,DAL vs. CHA,L,241,94,32,82,0.39,6,29,0.207,24,27,0.889,8,36,44,17,8,2,13,13,-14.0,2015-16
22015,1610612742,DAL,Dallas Mavericks,0021500057,2015-11-03,DAL vs. TOR,L,240,91,33,86,0.384,7,23,0.304,18,25,0.72,14,30,44,20,5,3,15,25,-11.0,2015-16
22015,1610612742,DAL,Dallas Mavericks,0021500045,2015-11-01,DAL @ LAL,W,240,103,40,87,0.46,11,30,0.367,12,16,0.75,8,41,49,28,5,4,11,22,10.0,2015-16
22015,1610612742,DAL,Dallas Mavericks,0021500020,2015-10-29,DAL @ LAC,L,238,88,35,97,0.361,6,30,0.2,12,15,0.8,14,41,55,22,4,2,12,26,-16.0,2015-16
22015,1610612742,DAL,Dallas Mavericks,0021500014,2015-10-28,DAL @ PHX,W,240,111,40,85,0.471,10,21,0.476,21,31,0.677,6,42,48,24,7,3,8,25,16.0,2015-16
42015,1610612742,DAL,Dallas Mavericks,0041500165,2016-04-25,DAL @ OKC,L,240,104,38,81,0.469,8,24,0.333,20,24,0.833,13,22,35,24,5,3,9,24,-14.0,2015-16
42015,1610612742,DAL,Dallas Mavericks,0041500164,2016-04-23,DAL vs. OKC,L,241,108,43,83,0.518,8,23,0.348,14,17,0.824,7,26,33,25,3,2,11,27,-11.0,2015-16
42015,1610612742,DAL,Dallas Mavericks,0041500163,2016-04-21,DAL vs. OKC,L,239,102,36,76,0.474,6,23,0.261,24,35,0.686,6,23,29,24,9,3,12,27,-29.0,2015-16
42015,1610612742,DAL,Dallas Mavericks,0041500162,2016-04-18,DAL @ OKC,W,240,85,35,82,0.427,5,19,0.263,10,19,0.526,11,34,45,14,8,4,12,17,1.0,2015-16
42015,1610612742,DAL,Dallas Mavericks,0041500161,2016-04-16,DAL @ OKC,L,238,70,25,84,0.298,4,18,0.222,16,26,0.615,9,24,33,16,5,0,12,25,-38.0,2015-16
22016,1610612742,DAL,Dallas Mavericks,0021601223,2017-04-12,DAL @ MEM,W,241,100,33,75,0.44,9,34,0.265,25,31,0.806,8,29,37,21,9,5,12,19,7.0,2016-17
22016,1610612742,DAL,Dallas Mavericks,0021601214,2017-04-11,DAL vs. DEN,L,240,91,35,88,0.398,12,40,0.3,9,11,0.818,8,34,42,24,8,4,13,11,-18.0,2016-17
22016,1610612742,DAL,Dallas Mavericks,0021601199,2017-04-09,DAL @ PHX,L,239,111,41,97,0.423,16,45,0.356,13,19,0.684,17,27,44,23,5,2,10,23,-13.0,2016-17
22016,1610612742,DAL,Dallas Mavericks,0021601183,2017-04-07,DAL vs. SAS,L,241,89,38,88,0.432,8,26,0.308,5,8,0.625,6,38,44,26,1,8,9,17,-13.0,2016-17
22016,1610612742,DAL,Dallas Mavericks,0021601172,2017-04-05,DAL @ LAC,L,241,101,38,86,0.442,11,31,0.355,14,18,0.778,11,33,44,24,5,3,16,26,-11.0,2016-17
22016,1610612742,DAL,Dallas Mavericks,0021601163,2017-04-04,DAL @ SAC,L,241,87,32,80,0.4,12,43,0.279,11,14,0.786,8,31,39,21,9,9,16,13,-11.0,2016-17
22016,1610612742,DAL,Dallas Mavericks,0021601144,2017-04-02,DAL @ MIL,W,240,109,38,73,0.521,14,36,0.389,19,20,0.95,4,26,30,25,7,1,13,18,4.0,2016-17
22016,1610612742,DAL,Dallas Mavericks,0021601131,2017-03-31,DAL @ MEM,L,240,90,29,76,0.382,12,34,0.353,20,25,0.8,6,32,38,15,7,4,8,21,-9.0,2016-17
22016,1610612742,DAL,Dallas Mavericks,0021601117,2017-03-29,DAL @ NOP,L,240,118,44,91,0.484,14,27,0.519,16,17,0.941,8,30,38,25,3,4,5,21,-3.0,2016-17
22016,1610612742,DAL,Dallas Mavericks,0021601100,2017-03-27,DAL vs. OKC,L,240,91,33,80,0.413,10,29,0.345,15,19,0.789,8,31,39,23,12,4,14,16,-1.0,2016-17
22016,1610612742,DAL,Dallas Mavericks,0021601084,2017-03-25,DAL vs. TOR,L,240,86,31,82,0.378,7,28,0.25,17,20,0.85,12,28,40,20,10,4,12,16,-8.0,2016-17
22016,1610612742,DAL,Dallas Mavericks,0021601069,2017-03-23,DAL vs. LAC,W,240,97,38,82,0.463,9,26,0.346,12,18,0.667,4,30,34,26,11,4,9,18,2.0,2016-17
22016,1610612742,DAL,Dallas Mavericks,0021601055,2017-03-21,DAL vs. GSW,L,239,87,33,92,0.359,11,34,0.324,10,12,0.833,13,26,39,24,8,2,11,14,-25.0,2016-17
22016,1610612742,DAL,Dallas Mavericks,0021601036,2017-03-19,DAL @ BKN,W,241,111,41,76,0.539,10,25,0.4,19,25,0.76,2,31,33,20,8,3,10,24,7.0,2016-17
22016,1610612742,DAL,Dallas Mavericks,0021601020,2017-03-17,DAL @ PHI,L,240,74,30,87,0.345,5,23,0.217,9,17,0.529,5,29,34,21,6,4,12,20,-42.0,2016-17
22016,1610612742,DAL,Dallas Mavericks,0021601004,2017-03-15,DAL @ WAS,W,241,112,40,79,0.506,14,32,0.438,18,25,0.72,5,35,40,24,5,1,10,22,5.0,2016-17
22016,1610612742,DAL,Dallas Mavericks,0021600992,2017-03-13,DAL @ TOR,L,240,78,31,85,0.365,7,25,0.28,9,13,0.692,7,27,34,21,4,6,7,19,-22.0,2016-17
22016,1610612742,DAL,Dallas Mavericks,0021600982,2017-03-11,DAL vs. PHX,L,241,98,28,74,0.378,9,26,0.346,33,36,0.917,10,38,48,17,2,4,13,17,-2.0,2016-17
22016,1610612742,DAL,Dallas Mavericks,0021600971,2017-03-10,DAL vs. BKN,W,241,105,33,78,0.423,14,33,0.424,25,28,0.893,7,40,47,16,5,0,15,18,9.0,2016-17
22016,1610612742,DAL,Dallas Mavericks,0021600947,2017-03-07,DAL vs. LAL,W,240,122,45,83,0.542,17,31,0.548,15,19,0.789,6,35,41,25,5,5,14,17,11.0,2016-17
22016,1610612742,DAL,Dallas Mavericks,0021600932,2017-03-05,DAL vs. OKC,W,241,104,42,86,0.488,7,25,0.28,13,16,0.813,5,32,37,24,6,2,8,20,15.0,2016-17
22016,1610612742,DAL,Dallas Mavericks,0021600914,2017-03-03,DAL vs. MEM,W,239,104,39,82,0.476,5,27,0.185,21,27,0.778,8,37,45,23,5,3,8,20,4.0,2016-17
22016,1610612742,DAL,Dallas Mavericks,0021600897,2017-03-01,DAL @ ATL,L,239,95,35,77,0.455,14,33,0.424,11,13,0.846,10,23,33,22,10,5,20,20,-5.0,2016-17
22016,1610612742,DAL,Dallas Mavericks,0021600887,2017-02-27,DAL vs. MIA,W,239,96,33,76,0.434,9,18,0.5,21,23,0.913,11,31,42,18,5,2,13,13,7.0,2016-17
22016,1610612742,DAL,Dallas Mavericks,0021600870,2017-02-25,DAL vs. NOP,W,240,96,36,78,0.462,12,26,0.462,12,16,0.75,7,36,43,24,12,4,17,25,13.0,2016-17
22016,1610612742,DAL,Dallas Mavericks,0021600862,2017-02-24,DAL @ MIN,L,240,84,35,83,0.422,8,33,0.242,6,9,0.667,8,27,35,16,9,5,15,19,-13.0,2016-17
22016,1610612742,DAL,Dallas Mavericks,0021600839,2017-02-15,DAL @ DET,L,240,91,35,92,0.38,10,37,0.27,11,11,1.0,5,34,39,22,10,2,6,21,-7.0,2016-17
22016,1610612742,DAL,Dallas Mavericks,0021600826,2017-02-13,DAL vs. BOS,L,240,98,35,77,0.455,9,27,0.333,19,25,0.76,4,33,37,21,7,2,12,16,-13.0,2016-17
22016,1610612742,DAL,Dallas Mavericks,0021600814,2017-02-11,DAL vs. ORL,W,240,112,45,91,0.495,17,35,0.486,5,6,0.833,12,39,51,32,10,3,14,17,32.0,2016-17
22016,1610612742,DAL,Dallas Mavericks,0021600797,2017-02-09,DAL vs. UTA,W,266,112,44,87,0.506,5,20,0.25,19,25,0.76,6,31,37,21,12,3,11,19,7.0,2016-17
22016,1610612742,DAL,Dallas Mavericks,0021600781,2017-02-07,DAL vs. POR,L,240,113,37,75,0.493,12,28,0.429,27,32,0.844,2,28,30,16,6,6,7,22,-1.0,2016-17
22016,1610612742,DAL,Dallas Mavericks,0021600776,2017-02-06,DAL @ DEN,L,240,87,34,79,0.43,8,26,0.308,11,17,0.647,3,26,29,25,8,3,10,18,-23.0,2016-17
22016,1610612742,DAL,Dallas Mavericks,0021600754,2017-02-03,DAL @ POR,W,240,108,36,76,0.474,17,31,0.548,19,23,0.826,2,34,36,15,3,4,4,24,4.0,2016-17
22016,1610612742,DAL,Dallas Mavericks,0021600736,2017-02-01,DAL vs. PHI,W,241,113,40,86,0.465,10,26,0.385,23,28,0.821,15,36,51,22,10,4,11,19,18.0,2016-17
22016,1610612742,DAL,Dallas Mavericks,0021600722,2017-01-30,DAL vs. CLE,W,242,104,39,86,0.453,9,32,0.281,17,18,0.944,9,31,40,19,11,2,9,17,7.0,2016-17
22016,1610612742,DAL,Dallas Mavericks,0021600717,2017-01-29,DAL @ SAS,W,241,105,39,87,0.448,12,34,0.353,15,16,0.938,6,35,41,20,6,5,6,19,4.0,2016-17
22016,1610612742,DAL,Dallas Mavericks,0021600690,2017-01-26,DAL @ OKC,L,241,98,38,84,0.452,11,26,0.423,11,13,0.846,8,28,36,17,10,2,12,26,-11.0,2016-17
22016,1610612742,DAL,Dallas Mavericks,0021600688,2017-01-25,DAL vs. NYK,W,240,103,39,83,0.47,6,26,0.231,19,24,0.792,7,29,36,19,10,7,7,12,8.0,2016-17
22016,1610612742,DAL,Dallas Mavericks,0021600662,2017-01-22,DAL vs. LAL,W,240,122,43,87,0.494,17,39,0.436,19,19,1.0,13,36,49,27,9,4,10,15,49.0,2016-17
22016,1610612742,DAL,Dallas Mavericks,0021600648,2017-01-20,DAL vs. UTA,L,265,107,39,87,0.448,8,23,0.348,21,28,0.75,9,34,43,21,4,2,12,26,-5.0,2016-17
22016,1610612742,DAL,Dallas Mavericks,0021600637,2017-01-19,DAL @ MIA,L,240,95,37,82,0.451,14,36,0.389,7,11,0.636,5,28,33,17,4,3,9,20,-4.0,2016-17
22016,1610612742,DAL,Dallas Mavericks,0021600624,2017-01-17,DAL @ CHI,W,240,99,37,78,0.474,11,28,0.393,14,18,0.778,6,30,36,27,5,2,12,21,1.0,2016-17
22016,1610612742,DAL,Dallas Mavericks,0021600608,2017-01-15,DAL vs. MIN,W,239,98,36,77,0.468,12,29,0.414,14,19,0.737,6,35,41,21,8,8,11,18,11.0,2016-17
22016,1610612742,DAL,Dallas Mavericks,0021600591,2017-01-12,DAL @ PHX,W,238,113,43,89,0.483,15,34,0.441,12,17,0.706,8,24,32,29,11,7,9,20,5.0,2016-17
22016,1610612742,DAL,Dallas Mavericks,0021600570,2017-01-09,DAL @ MIN,L,240,92,36,78,0.462,13,28,0.464,7,9,0.778,5,20,25,24,3,2,14,21,-9.0,2016-17
22016,1610612742,DAL,Dallas Mavericks,0021600557,2017-01-07,DAL vs. ATL,L,241,82,32,82,0.39,9,36,0.25,9,10,0.9,6,35,41,18,7,3,14,25,-15.0,2016-17
22016,1610612742,DAL,Dallas Mavericks,0021600541,2017-01-05,DAL vs. PHX,L,240,95,36,79,0.456,9,29,0.31,14,17,0.824,7,24,31,18,6,7,10,20,-7.0,2016-17
22016,1610612742,DAL,Dallas Mavericks,0021600524,2017-01-03,DAL vs. WAS,W,239,113,37,78,0.474,17,32,0.531,22,24,0.917,2,40,42,20,4,3,12,21,8.0,2016-17
22016,1610612742,DAL,Dallas Mavericks,0021600501,2016-12-30,DAL @ GSW,L,240,99,39,93,0.419,8,32,0.25,13,15,0.867,11,29,40,22,11,7,10,12,-9.0,2016-17
22016,1610612742,DAL,Dallas Mavericks,0021600491,2016-12-29,DAL @ LAL,W,240,101,38,77,0.494,14,31,0.452,11,14,0.786,10,32,42,24,8,2,15,17,12.0,2016-17
22016,1610612742,DAL,Dallas Mavericks,0021600474,2016-12-27,DAL vs. HOU,L,239,107,36,87,0.414,15,38,0.395,20,25,0.8,12,26,38,22,6,5,9,18,-16.0,2016-17
22016,1610612742,DAL,Dallas Mavericks,0021600466,2016-12-26,DAL @ NOP,L,238,104,37,75,0.493,13,32,0.406,17,22,0.773,4,28,32,27,4,1,10,22,-7.0,2016-17
22016,1610612742,DAL,Dallas Mavericks,0021600455,2016-12-23,DAL @ LAC,W,241,90,37,87,0.425,7,29,0.241,9,15,0.6,14,28,42,21,13,4,12,14,2.0,2016-17
22016,1610612742,DAL,Dallas Mavericks,0021600436,2016-12-21,DAL @ POR,W,240,96,35,83,0.422,7,31,0.226,19,23,0.826,10,28,38,14,12,5,10,20,1.0,2016-17
22016,1610612742,DAL,Dallas Mavericks,0021600417,2016-12-19,DAL @ DEN,L,239,107,43,80,0.538,14,25,0.56,7,9,0.778,4,25,29,21,4,4,12,17,-10.0,2016-17
22016,1610612742,DAL,Dallas Mavericks,0021600411,2016-12-18,DAL vs. SAC,W,241,99,34,77,0.442,13,33,0.394,18,22,0.818,6,38,44,20,10,6,11,13,20.0,2016-17
22016,1610612742,DAL,Dallas Mavericks,0021600398,2016-12-16,DAL @ UTA,L,241,100,35,77,0.455,12,28,0.429,18,21,0.857,7,20,27,18,9,0,6,24,-3.0,2016-17
22016,1610612742,DAL,Dallas Mavericks,0021600381,2016-12-14,DAL vs. DET,L,240,85,32,78,0.41,8,25,0.32,13,16,0.813,6,24,30,19,13,3,11,22,-10.0,2016-17
22016,1610612742,DAL,Dallas Mavericks,0021600365,2016-12-12,DAL vs. DEN,W,238,112,45,77,0.584,12,26,0.462,10,12,0.833,8,26,34,22,9,7,9,15,20.0,2016-17
22016,1610612742,DAL,Dallas Mavericks,0021600352,2016-12-10,DAL @ HOU,L,240,87,32,79,0.405,11,34,0.324,12,14,0.857,6,26,32,18,7,3,9,18,-22.0,2016-17
22016,1610612742,DAL,Dallas Mavericks,0021600343,2016-12-09,DAL vs. IND,W,240,111,39,80,0.488,15,32,0.469,18,24,0.75,5,28,33,23,8,1,8,19,8.0,2016-17
22016,1610612742,DAL,Dallas Mavericks,0021600328,2016-12-07,DAL vs. SAC,L,240,89,32,78,0.41,10,30,0.333,15,20,0.75,9,31,40,17,7,5,20,22,-31.0,2016-17
22016,1610612742,DAL,Dallas Mavericks,0021600312,2016-12-05,DAL vs. CHA,L,240,101,37,89,0.416,13,36,0.361,14,18,0.778,9,26,35,23,4,2,7,19,-8.0,2016-17
22016,1610612742,DAL,Dallas Mavericks,0021600296,2016-12-03,DAL vs. CHI,W,239,107,40,87,0.46,13,31,0.419,14,18,0.778,13,29,42,31,11,2,10,19,25.0,2016-17
22016,1610612742,DAL,Dallas Mavericks,0021600276,2016-12-01,DAL @ CHA,L,239,87,32,86,0.372,9,31,0.29,14,18,0.778,9,32,41,18,6,2,11,25,-10.0,2016-17
22016,1610612742,DAL,Dallas Mavericks,0021600272,2016-11-30,DAL vs. SAS,L,241,87,33,77,0.429,10,30,0.333,11,14,0.786,8,29,37,16,5,3,11,18,-7.0,2016-17
22016,1610612742,DAL,Dallas Mavericks,0021600250,2016-11-27,DAL vs. NOP,W,240,91,32,77,0.416,10,27,0.37,17,20,0.85,11,35,46,19,7,3,12,18,10.0,2016-17
22016,1610612742,DAL,Dallas Mavericks,0021600227,2016-11-25,DAL @ CLE,L,239,90,37,91,0.407,8,35,0.229,8,12,0.667,11,28,39,29,5,4,13,21,-38.0,2016-17
22016,1610612742,DAL,Dallas Mavericks,0021600220,2016-11-23,DAL vs. LAC,L,238,104,38,84,0.452,11,24,0.458,17,18,0.944,10,34,44,23,7,3,16,24,-20.0,2016-17
22016,1610612742,DAL,Dallas Mavericks,0021600206,2016-11-21,DAL @ SAS,L,240,91,35,74,0.473,8,27,0.296,13,20,0.65,10,30,40,16,10,3,17,23,-5.0,2016-17
22016,1610612742,DAL,Dallas Mavericks,0021600187,2016-11-19,DAL @ ORL,L,241,87,26,77,0.338,13,28,0.464,22,27,0.815,5,29,34,13,8,5,13,16,-8.0,2016-17
22016,1610612742,DAL,Dallas Mavericks,0021600180,2016-11-18,DAL vs. MEM,L,239,64,21,73,0.288,5,25,0.2,17,22,0.773,10,35,45,9,3,7,17,14,-16.0,2016-17
22016,1610612742,DAL,Dallas Mavericks,0021600161,2016-11-16,DAL @ BOS,L,240,83,34,83,0.41,8,23,0.348,7,10,0.7,5,27,32,16,9,3,9,19,-7.0,2016-17
22016,1610612742,DAL,Dallas Mavericks,0021600146,2016-11-14,DAL @ NYK,L,239,77,32,84,0.381,5,27,0.185,8,11,0.727,11,29,40,15,8,7,11,16,-16.0,2016-17
22016,1610612742,DAL,Dallas Mavericks,0021600116,2016-11-09,DAL @ GSW,L,239,95,34,86,0.395,6,28,0.214,21,28,0.75,13,29,42,20,10,2,7,20,-21.0,2016-17
22016,1610612742,DAL,Dallas Mavericks,0021600104,2016-11-08,DAL @ LAL,W,240,109,43,82,0.524,10,23,0.435,13,15,0.867,8,29,37,24,11,4,11,12,12.0,2016-17
22016,1610612742,DAL,Dallas Mavericks,0021600090,2016-11-06,DAL vs. MIL,W,264,86,33,88,0.375,9,38,0.237,11,12,0.917,10,36,46,14,12,2,15,20,11.0,2016-17
22016,1610612742,DAL,Dallas Mavericks,0021600076,2016-11-04,DAL vs. POR,L,241,95,34,83,0.41,10,28,0.357,17,20,0.85,7,37,44,18,5,3,12,21,-10.0,2016-17
22016,1610612742,DAL,Dallas Mavericks,0021600062,2016-11-02,DAL @ UTA,L,241,81,33,77,0.429,7,26,0.269,8,10,0.8,6,30,36,18,4,4,12,20,-16.0,2016-17
22016,1610612742,DAL,Dallas Mavericks,0021600041,2016-10-30,DAL @ HOU,L,239,92,32,86,0.372,11,31,0.355,17,20,0.85,13,30,43,17,8,3,9,17,-1.0,2016-17
22016,1610612742,DAL,Dallas Mavericks,0021600023,2016-10-28,DAL vs. HOU,L,238,98,35,80,0.438,8,29,0.276,20,24,0.833,6,28,34,13,11,2,9,21,-8.0,2016-17
22016,1610612742,DAL,Dallas Mavericks,0021600005,2016-10-26,DAL @ IND,L,265,121,45,104,0.433,18,48,0.375,13,18,0.722,10,39,49,26,8,8,15,27,-9.0,2016-17
22017,1610612742,DAL,Dallas Mavericks,0021701216,2018-04-10,DAL vs. PHX,L,239,97,37,97,0.381,8,33,0.242,15,22,0.682,18,22,40,20,8,1,8,19,-27.0,2017-18
22017,1610612742,DAL,Dallas Mavericks,0021701198,2018-04-08,DAL @ PHI,L,239,97,40,94,0.426,11,40,0.275,6,13,0.462,10,33,43,24,6,6,11,9,-12.0,2017-18
22017,1610612742,DAL,Dallas Mavericks,0021701181,2018-04-06,DAL @ DET,L,265,106,40,92,0.435,13,39,0.333,13,18,0.722,10,36,46,26,7,5,12,20,-7.0,2017-18
22017,1610612742,DAL,Dallas Mavericks,0021701170,2018-04-04,DAL @ ORL,L,240,100,39,89,0.438,10,30,0.333,12,17,0.706,11,32,43,24,3,1,11,23,-5.0,2017-18
22017,1610612742,DAL,Dallas Mavericks,0021701164,2018-04-03,DAL vs. POR,W,241,115,42,92,0.457,17,44,0.386,14,20,0.7,8,35,43,27,8,5,7,16,6.0,2017-18
22017,1610612742,DAL,Dallas Mavericks,0021701149,2018-04-01,DAL @ CLE,L,241,87,32,79,0.405,13,37,0.351,10,11,0.909,4,34,38,15,5,3,15,20,-11.0,2017-18
22017,1610612742,DAL,Dallas Mavericks,0021701134,2018-03-30,DAL vs. MIN,L,240,92,38,86,0.442,11,28,0.393,5,7,0.714,6,40,46,22,5,5,14,17,-1.0,2017-18
22017,1610612742,DAL,Dallas Mavericks,0021701123,2018-03-28,DAL @ LAL,L,238,93,33,84,0.393,13,44,0.295,14,19,0.737,6,34,40,17,10,1,10,22,-10.0,2017-18
22017,1610612742,DAL,Dallas Mavericks,0021701113,2018-03-27,DAL @ SAC,W,241,103,36,80,0.45,14,40,0.35,17,25,0.68,4,39,43,25,7,9,10,17,6.0,2017-18
22017,1610612742,DAL,Dallas Mavericks,0021701093,2018-03-24,DAL vs. CHA,L,241,98,36,91,0.396,12,41,0.293,14,19,0.737,5,47,52,22,10,6,12,22,-4.0,2017-18
22017,1610612742,DAL,Dallas Mavericks,0021701076,2018-03-22,DAL vs. UTA,L,241,112,42,85,0.494,17,32,0.531,11,14,0.786,8,27,35,22,5,7,14,16,-7.0,2017-18
22017,1610612742,DAL,Dallas Mavericks,0021701061,2018-03-20,DAL @ NOP,L,241,105,43,90,0.478,10,35,0.286,9,11,0.818,9,31,40,25,4,2,8,14,-10.0,2017-18
22017,1610612742,DAL,Dallas Mavericks,0021701037,2018-03-17,DAL @ BKN,L,239,106,41,92,0.446,12,22,0.545,12,14,0.857,13,32,45,25,5,3,10,21,-8.0,2017-18
22017,1610612742,DAL,Dallas Mavericks,0021701031,2018-03-16,DAL @ TOR,L,264,115,48,91,0.527,6,22,0.273,13,18,0.722,6,30,36,25,7,5,10,27,-7.0,2017-18
22017,1610612742,DAL,Dallas Mavericks,0021701009,2018-03-13,DAL @ NYK,W,241,110,40,89,0.449,14,35,0.4,16,18,0.889,12,28,40,22,11,1,12,15,13.0,2017-18
22017,1610612742,DAL,Dallas Mavericks,0021700997,2018-03-11,DAL vs. HOU,L,240,82,33,94,0.351,5,31,0.161,11,18,0.611,17,36,53,27,5,2,10,18,-23.0,2017-18
22017,1610612742,DAL,Dallas Mavericks,0021700989,2018-03-10,DAL vs. MEM,W,240,114,37,77,0.481,10,29,0.345,30,35,0.857,9,43,52,21,8,3,10,18,34.0,2017-18
22017,1610612742,DAL,Dallas Mavericks,0021700961,2018-03-06,DAL vs. DEN,W,240,118,43,90,0.478,15,27,0.556,17,23,0.739,9,42,51,24,8,3,15,20,11.0,2017-18
22017,1610612742,DAL,Dallas Mavericks,0021700946,2018-03-04,DAL vs. NOP,L,239,109,40,90,0.444,10,23,0.435,19,25,0.76,10,33,43,25,5,2,12,20,-17.0,2017-18
22017,1610612742,DAL,Dallas Mavericks,0021700930,2018-03-02,DAL @ CHI,L,241,100,35,84,0.417,13,29,0.448,17,21,0.81,13,33,46,21,6,4,17,15,-7.4,2017-18
22017,1610612742,DAL,Dallas Mavericks,0021700919,2018-02-28,DAL vs. OKC,L,266,110,44,91,0.484,13,36,0.361,9,15,0.6,8,28,36,30,11,1,16,22,-1.0,2017-18
22017,1610612742,DAL,Dallas Mavericks,0021700904,2018-02-26,DAL vs. IND,W,242,109,40,88,0.455,14,37,0.378,15,18,0.833,7,37,44,20,9,3,10,21,6.0,2017-18
22017,1610612742,DAL,Dallas Mavericks,0021700890,2018-02-24,DAL @ UTA,L,241,90,34,83,0.41,10,35,0.286,12,14,0.857,5,39,44,19,6,4,15,23,-7.0,2017-18
22017,1610612742,DAL,Dallas Mavericks,0021700883,2018-02-23,DAL @ LAL,L,238,102,37,91,0.407,19,42,0.452,9,11,0.818,3,26,29,25,9,8,11,19,-22.0,2017-18
22017,1610612742,DAL,Dallas Mavericks,0021700851,2018-02-13,DAL vs. SAC,L,240,109,38,83,0.458,15,40,0.375,18,23,0.783,4,33,37,29,4,4,9,15,-5.0,2017-18
22017,1610612742,DAL,Dallas Mavericks,0021700837,2018-02-11,DAL @ HOU,L,241,97,38,93,0.409,10,31,0.323,11,16,0.688,12,40,52,26,6,4,14,25,-7.0,2017-18
22017,1610612742,DAL,Dallas Mavericks,0021700830,2018-02-10,DAL vs. LAL,W,240,130,48,89,0.539,12,27,0.444,22,27,0.815,10,30,40,32,8,3,9,21,7.0,2017-18
22017,1610612742,DAL,Dallas Mavericks,0021700815,2018-02-08,DAL @ GSW,L,240,103,40,92,0.435,9,37,0.243,14,17,0.824,9,25,34,19,15,7,10,16,-18.0,2017-18
22017,1610612742,DAL,Dallas Mavericks,0021700796,2018-02-05,DAL @ LAC,L,239,101,33,80,0.413,17,42,0.405,18,20,0.9,7,31,38,22,5,5,20,23,-3.0,2017-18
22017,1610612742,DAL,Dallas Mavericks,0021700783,2018-02-03,DAL @ SAC,W,240,106,41,83,0.494,13,41,0.317,11,14,0.786,9,27,36,28,8,0,13,12,7.0,2017-18
22017,1610612742,DAL,Dallas Mavericks,0021700760,2018-01-31,DAL @ PHX,L,241,88,32,88,0.364,10,36,0.278,14,26,0.538,15,34,49,18,11,4,12,18,-14.0,2017-18
22017,1610612742,DAL,Dallas Mavericks,0021700742,2018-01-29,DAL vs. MIA,L,239,88,33,86,0.384,8,29,0.276,14,16,0.875,11,29,40,20,10,3,12,22,-7.0,2017-18
22017,1610612742,DAL,Dallas Mavericks,0021700730,2018-01-27,DAL @ DEN,L,239,89,34,85,0.4,11,31,0.355,10,19,0.526,8,35,43,17,8,5,8,15,-2.0,2017-18
22017,1610612742,DAL,Dallas Mavericks,0021700721,2018-01-26,DAL vs. POR,L,240,93,35,89,0.393,10,30,0.333,13,17,0.765,8,29,37,17,9,3,5,19,-14.0,2017-18
22017,1610612742,DAL,Dallas Mavericks,0021700706,2018-01-24,DAL vs. HOU,L,240,97,35,82,0.427,15,35,0.429,12,18,0.667,9,40,49,24,5,2,13,21,-7.0,2017-18
22017,1610612742,DAL,Dallas Mavericks,0021700693,2018-01-22,DAL vs. WAS,W,240,98,38,87,0.437,10,31,0.323,12,17,0.706,9,43,52,20,9,9,11,21,23.0,2017-18
22017,1610612742,DAL,Dallas Mavericks,0021700682,2018-01-20,DAL @ POR,L,241,108,38,83,0.458,10,25,0.4,22,28,0.786,11,26,37,19,9,5,9,21,-11.0,2017-18
22017,1610612742,DAL,Dallas Mavericks,0021700651,2018-01-16,DAL @ DEN,L,239,102,38,78,0.487,8,27,0.296,18,22,0.818,5,30,35,17,10,3,16,24,-3.0,2017-18
22017,1610612742,DAL,Dallas Mavericks,0021700627,2018-01-13,DAL vs. LAL,L,266,101,34,90,0.378,11,43,0.256,22,28,0.786,4,35,39,20,5,1,8,17,-6.0,2017-18
22017,1610612742,DAL,Dallas Mavericks,0021700603,2018-01-10,DAL @ CHA,W,240,115,39,83,0.47,15,36,0.417,22,28,0.786,3,36,39,23,7,7,8,22,4.0,2017-18
22017,1610612742,DAL,Dallas Mavericks,0021700601,2018-01-09,DAL vs. ORL,W,241,114,43,83,0.518,9,26,0.346,19,22,0.864,5,33,38,27,6,2,4,22,15.0,2017-18
22017,1610612742,DAL,Dallas Mavericks,0021700587,2018-01-07,DAL vs. NYK,L,241,96,35,92,0.38,6,24,0.25,20,24,0.833,9,31,40,22,7,3,7,20,-4.0,2017-18
22017,1610612742,DAL,Dallas Mavericks,0021700572,2018-01-05,DAL vs. CHI,L,239,124,49,92,0.533,14,32,0.438,12,17,0.706,7,27,34,33,11,2,13,24,-3.0,2017-18
22017,1610612742,DAL,Dallas Mavericks,0021700562,2018-01-03,DAL vs. GSW,L,240,122,43,90,0.478,19,43,0.442,17,22,0.773,7,33,40,29,6,2,12,17,-3.0,2017-18
22017,1610612742,DAL,Dallas Mavericks,0021700541,2017-12-31,DAL @ OKC,W,240,116,46,89,0.517,15,34,0.441,9,14,0.643,8,28,36,26,5,5,7,18,3.0,2017-18
22017,1610612742,DAL,Dallas Mavericks,0021700525,2017-12-29,DAL @ NOP,W,241,128,46,83,0.554,22,39,0.564,14,18,0.778,5,38,43,27,5,4,15,23,8.0,2017-18
22017,1610612742,DAL,Dallas Mavericks,0021700507,2017-12-27,DAL @ IND,W,240,98,40,78,0.513,8,29,0.276,10,15,0.667,4,31,35,26,7,3,9,12,4.0,2017-18
22017,1610612742,DAL,Dallas Mavericks,0021700499,2017-12-26,DAL vs. TOR,W,241,98,40,94,0.426,6,24,0.25,12,16,0.75,16,40,56,20,5,11,13,24,5.0,2017-18
22017,1610612742,DAL,Dallas Mavericks,0021700484,2017-12-23,DAL @ ATL,L,240,107,43,85,0.506,9,33,0.273,12,15,0.8,7,23,30,31,8,3,10,17,-5.0,2017-18
22017,1610612742,DAL,Dallas Mavericks,0021700474,2017-12-22,DAL @ MIA,L,241,101,38,75,0.507,17,35,0.486,8,11,0.727,3,19,22,28,5,2,8,12,-12.0,2017-18
22017,1610612742,DAL,Dallas Mavericks,0021700461,2017-12-20,DAL vs. DET,W,239,110,40,75,0.533,14,30,0.467,16,20,0.8,4,33,37,22,6,7,12,17,17.0,2017-18
22017,1610612742,DAL,Dallas Mavericks,0021700448,2017-12-18,DAL vs. PHX,L,240,91,32,88,0.364,11,37,0.297,16,17,0.941,8,34,42,21,10,5,15,18,-6.0,2017-18
22017,1610612742,DAL,Dallas Mavericks,0021700435,2017-12-16,DAL @ SAS,L,241,96,39,80,0.488,10,28,0.357,8,9,0.889,4,34,38,23,4,4,9,16,-2.0,2017-18
22017,1610612742,DAL,Dallas Mavericks,0021700417,2017-12-14,DAL @ GSW,L,242,97,37,82,0.451,10,29,0.345,13,17,0.765,8,23,31,25,7,1,11,16,-15.0,2017-18
22017,1610612742,DAL,Dallas Mavericks,0021700402,2017-12-12,DAL vs. SAS,W,239,95,38,89,0.427,9,24,0.375,10,12,0.833,8,41,49,17,8,2,6,19,6.0,2017-18
22017,1610612742,DAL,Dallas Mavericks,0021700388,2017-12-10,DAL @ MIN,L,239,92,37,81,0.457,11,31,0.355,7,9,0.778,6,27,33,23,6,5,10,22,-5.0,2017-18
22017,1610612742,DAL,Dallas Mavericks,0021700372,2017-12-08,DAL @ MIL,L,242,102,35,75,0.467,10,24,0.417,22,26,0.846,4,32,36,18,6,2,11,22,-7.0,2017-18
22017,1610612742,DAL,Dallas Mavericks,0021700356,2017-12-06,DAL @ BOS,L,240,90,34,86,0.395,9,28,0.321,13,17,0.765,6,39,45,19,7,5,9,12,-7.0,2017-18
22017,1610612742,DAL,Dallas Mavericks,0021700347,2017-12-04,DAL vs. DEN,W,239,122,49,86,0.57,12,26,0.462,12,17,0.706,5,37,42,26,4,6,7,18,17.0,2017-18
22017,1610612742,DAL,Dallas Mavericks,0021700327,2017-12-02,DAL vs. LAC,W,240,108,36,79,0.456,16,35,0.457,20,26,0.769,15,39,54,24,4,7,15,20,26.0,2017-18
22017,1610612742,DAL,Dallas Mavericks,0021700310,2017-11-29,DAL vs. BKN,L,240,104,39,84,0.464,9,27,0.333,17,21,0.81,7,37,44,26,5,3,11,23,-6.2,2017-18
22017,1610612742,DAL,Dallas Mavericks,0021700295,2017-11-27,DAL @ SAS,L,241,108,41,85,0.482,14,32,0.438,12,17,0.706,4,36,40,25,7,0,11,19,-7.0,2017-18
22017,1610612742,DAL,Dallas Mavericks,0021700283,2017-11-25,DAL vs. OKC,W,241,97,37,75,0.493,15,35,0.429,8,11,0.727,8,35,43,25,11,5,17,18,16.0,2017-18
22017,1610612742,DAL,Dallas Mavericks,0021700260,2017-11-22,DAL @ MEM,W,240,95,39,91,0.429,9,28,0.321,8,16,0.5,4,36,40,23,9,2,8,14,1.0,2017-18
22017,1610612742,DAL,Dallas Mavericks,0021700249,2017-11-20,DAL vs. BOS,L,265,102,39,96,0.406,7,33,0.212,17,20,0.85,8,37,45,18,7,3,11,22,-8.0,2017-18
22017,1610612742,DAL,Dallas Mavericks,0021700233,2017-11-18,DAL vs. MIL,W,241,111,38,79,0.481,19,38,0.5,16,19,0.842,7,42,49,27,7,2,16,26,32.0,2017-18
22017,1610612742,DAL,Dallas Mavericks,0021700224,2017-11-17,DAL vs. MIN,L,240,87,32,86,0.372,8,38,0.211,15,17,0.882,11,30,41,18,3,3,11,20,-24.0,2017-18
22017,1610612742,DAL,Dallas Mavericks,0021700203,2017-11-14,DAL vs. SAS,L,241,91,33,81,0.407,10,34,0.294,15,18,0.833,5,35,40,18,7,4,15,23,-6.0,2017-18
22017,1610612742,DAL,Dallas Mavericks,0021700191,2017-11-12,DAL @ OKC,L,239,99,37,87,0.425,11,37,0.297,14,18,0.778,11,30,41,18,9,4,20,20,-13.0,2017-18
22017,1610612742,DAL,Dallas Mavericks,0021700181,2017-11-11,DAL vs. CLE,L,240,104,39,92,0.424,10,34,0.294,16,21,0.762,9,33,42,21,7,3,10,26,-7.0,2017-18
22017,1610612742,DAL,Dallas Mavericks,0021700151,2017-11-07,DAL @ WAS,W,240,113,43,91,0.473,11,30,0.367,16,20,0.8,11,42,53,26,6,8,11,23,14.0,2017-18
22017,1610612742,DAL,Dallas Mavericks,0021700134,2017-11-04,DAL @ MIN,L,240,99,40,87,0.46,10,27,0.37,9,12,0.75,7,24,31,18,7,2,15,19,-13.0,2017-18
22017,1610612742,DAL,Dallas Mavericks,0021700125,2017-11-03,DAL vs. NOP,L,241,94,34,88,0.386,9,34,0.265,17,22,0.773,9,38,47,19,4,7,15,24,-5.0,2017-18
22017,1610612742,DAL,Dallas Mavericks,0021700116,2017-11-01,DAL @ LAC,L,240,98,35,89,0.393,12,36,0.333,16,20,0.8,9,29,38,20,8,5,14,22,-21.0,2017-18
22017,1610612742,DAL,Dallas Mavericks,0021700098,2017-10-30,DAL @ UTA,L,242,89,34,76,0.447,12,24,0.5,9,11,0.818,9,33,42,17,4,3,24,16,-15.0,2017-18
22017,1610612742,DAL,Dallas Mavericks,0021700081,2017-10-28,DAL vs. PHI,L,241,110,38,74,0.514,19,40,0.475,15,19,0.789,3,30,33,22,7,2,17,15,-2.0,2017-18
22017,1610612742,DAL,Dallas Mavericks,0021700066,2017-10-26,DAL @ MEM,L,240,91,32,94,0.34,10,34,0.294,17,20,0.85,18,35,53,20,10,3,14,22,-5.0,2017-18
22017,1610612742,DAL,Dallas Mavericks,0021700061,2017-10-25,DAL vs. MEM,W,239,103,36,74,0.486,11,26,0.423,20,29,0.69,4,31,35,20,6,4,11,20,9.0,2017-18
22017,1610612742,DAL,Dallas Mavericks,0021700045,2017-10-23,DAL vs. GSW,L,240,103,38,96,0.396,9,29,0.31,18,30,0.6,14,28,42,21,11,0,12,20,-23.8,2017-18
22017,1610612742,DAL,Dallas Mavericks,0021700032,2017-10-21,DAL @ HOU,L,241,91,31,84,0.369,13,31,0.419,16,21,0.762,8,33,41,19,6,0,14,19,-16.0,2017-18
22017,1610612742,DAL,Dallas Mavericks,0021700024,2017-10-20,DAL vs. SAC,L,240,88,31,75,0.413,11,33,0.333,15,21,0.714,7,29,36,19,8,7,12,13,-5.0,2017-18
22017,1610612742,DAL,Dallas Mavericks,0021700009,2017-10-18,DAL vs. ATL,L,240,111,38,86,0.442,17,45,0.378,18,21,0.857,9,32,41,27,5,4,15,19,-6.0,2017-18
22018,1610612742,DAL,Dallas Mavericks,0021801227,2019-04-10,DAL @ SAS,L,242,94,37,91,0.407,11,37,0.297,9,12,0.75,7,35,42,27,5,4,7,19,-11.0,2018-19
22018,1610612742,DAL,Dallas Mavericks,0021801216,2019-04-09,DAL vs. PHX,W,239,120,41,91,0.451,16,40,0.4,22,27,0.815,18,46,64,28,6,6,21,24,11.0,2018-19
22018,1610612742,DAL,Dallas Mavericks,0021801201,2019-04-07,DAL @ MEM,W,265,129,45,98,0.459,12,41,0.293,27,34,0.794,11,40,51,31,4,5,6,23,2.0,2018-19
22018,1610612742,DAL,Dallas Mavericks,0021801187,2019-04-05,DAL vs. MEM,L,239,112,41,96,0.427,17,47,0.362,13,21,0.619,11,31,42,28,4,4,9,13,-10.0,2018-19
22018,1610612742,DAL,Dallas Mavericks,0021801172,2019-04-03,DAL vs. MIN,L,240,108,43,94,0.457,7,39,0.179,15,19,0.789,12,37,49,26,2,5,13,20,-2.0,2018-19
22018,1610612742,DAL,Dallas Mavericks,0021801158,2019-04-01,DAL vs. PHI,W,239,122,46,97,0.474,12,32,0.375,18,27,0.667,10,44,54,29,5,3,6,22,20.0,2018-19
22018,1610612742,DAL,Dallas Mavericks,0021801146,2019-03-31,DAL @ OKC,W,240,106,37,87,0.425,16,44,0.364,16,23,0.696,10,42,52,18,3,2,13,19,3.0,2018-19
22018,1610612742,DAL,Dallas Mavericks,0021801124,2019-03-28,DAL @ MIA,L,241,99,36,92,0.391,16,47,0.34,11,17,0.647,10,40,50,26,4,2,13,21,-6.0,2018-19
22018,1610612742,DAL,Dallas Mavericks,0021801114,2019-03-26,DAL vs. SAC,L,240,121,39,77,0.506,15,45,0.333,28,32,0.875,7,31,38,27,1,6,11,26,-4.0,2018-19
22018,1610612742,DAL,Dallas Mavericks,0021801092,2019-03-23,DAL @ GSW,W,242,126,44,83,0.53,21,49,0.429,17,22,0.773,8,41,49,33,7,2,9,22,35.0,2018-19
22018,1610612742,DAL,Dallas Mavericks,0021801078,2019-03-21,DAL @ SAC,L,241,100,36,92,0.391,12,40,0.3,16,23,0.696,9,34,43,23,5,6,7,22,-16.0,2018-19
22018,1610612742,DAL,Dallas Mavericks,0021801073,2019-03-20,DAL @ POR,L,240,118,43,87,0.494,10,30,0.333,22,25,0.88,6,29,35,20,8,6,11,22,-8.0,2018-19
22018,1610612742,DAL,Dallas Mavericks,0021801056,2019-03-18,DAL vs. NOP,L,266,125,46,105,0.438,9,35,0.257,24,29,0.828,14,36,50,27,9,6,15,26,-4.0,2018-19
22018,1610612742,DAL,Dallas Mavericks,0021801037,2019-03-16,DAL vs. CLE,W,240,121,46,89,0.517,16,34,0.471,13,16,0.813,9,31,40,32,3,5,5,22,5.0,2018-19
22018,1610612742,DAL,Dallas Mavericks,0021801025,2019-03-14,DAL @ DEN,L,239,99,37,87,0.425,12,37,0.324,13,17,0.765,9,31,40,22,8,1,8,17,-1.0,2018-19
22018,1610612742,DAL,Dallas Mavericks,0021801011,2019-03-12,DAL vs. SAS,L,241,105,38,82,0.463,14,39,0.359,15,26,0.577,9,29,38,22,1,2,14,16,-7.0,2018-19
22018,1610612742,DAL,Dallas Mavericks,0021800997,2019-03-10,DAL vs. HOU,L,239,93,31,75,0.413,9,32,0.281,22,27,0.815,10,41,51,24,6,9,16,20,-1.0,2018-19
22018,1610612742,DAL,Dallas Mavericks,0021800978,2019-03-08,DAL @ ORL,L,241,106,42,89,0.472,10,34,0.294,12,16,0.75,10,32,42,22,6,3,14,15,-5.0,2018-19
22018,1610612742,DAL,Dallas Mavericks,0021800967,2019-03-06,DAL @ WAS,L,240,123,45,93,0.484,15,41,0.366,18,28,0.643,14,25,39,27,7,2,7,19,-9.0,2018-19
22018,1610612742,DAL,Dallas Mavericks,0021800952,2019-03-04,DAL @ BKN,L,240,88,31,87,0.356,12,45,0.267,14,22,0.636,5,31,36,20,4,3,13,19,-39.0,2018-19
22018,1610612742,DAL,Dallas Mavericks,0021800939,2019-03-02,DAL vs. MEM,L,240,81,26,85,0.306,7,40,0.175,22,33,0.667,13,30,43,17,9,5,10,23,-30.0,2018-19
22018,1610612742,DAL,Dallas Mavericks,0021800918,2019-02-27,DAL vs. IND,W,241,110,40,81,0.494,16,37,0.432,14,23,0.609,10,32,42,27,11,1,15,22,9.0,2018-19
22018,1610612742,DAL,Dallas Mavericks,0021800907,2019-02-25,DAL @ LAC,L,240,112,37,76,0.487,14,36,0.389,24,27,0.889,7,38,45,28,3,9,17,20,-9.0,2018-19
22018,1610612742,DAL,Dallas Mavericks,0021800893,2019-02-23,DAL @ UTA,L,239,109,41,97,0.423,13,36,0.361,14,18,0.778,8,34,42,25,2,3,3,28,-16.0,2018-19
22018,1610612742,DAL,Dallas Mavericks,0021800880,2019-02-22,DAL vs. DEN,L,240,104,34,84,0.405,10,41,0.244,26,33,0.788,7,35,42,19,7,2,15,21,-10.0,2018-19
22018,1610612742,DAL,Dallas Mavericks,0021800859,2019-02-13,DAL vs. MIA,L,240,101,34,88,0.386,15,52,0.288,18,22,0.818,10,28,38,24,10,0,12,17,-11.0,2018-19
22018,1610612742,DAL,Dallas Mavericks,0021800844,2019-02-11,DAL @ HOU,L,240,104,35,73,0.479,13,36,0.361,21,27,0.778,3,30,33,21,5,1,18,17,-16.0,2018-19
22018,1610612742,DAL,Dallas Mavericks,0021800834,2019-02-10,DAL vs. POR,W,241,102,36,87,0.414,12,37,0.324,18,23,0.783,11,28,39,20,6,3,15,20,1.0,2018-19
22018,1610612742,DAL,Dallas Mavericks,0021800821,2019-02-08,DAL vs. MIL,L,241,107,36,87,0.414,22,53,0.415,13,20,0.65,9,28,37,23,6,5,14,15,-15.0,2018-19
22018,1610612742,DAL,Dallas Mavericks,0021800807,2019-02-06,DAL vs. CHA,W,240,99,38,94,0.404,11,36,0.306,12,17,0.706,15,42,57,25,8,5,13,12,6.0,2018-19
22018,1610612742,DAL,Dallas Mavericks,0021800780,2019-02-02,DAL @ CLE,W,240,111,40,84,0.476,16,39,0.41,15,19,0.789,9,41,50,20,2,4,13,26,13.0,2018-19
22018,1610612742,DAL,Dallas Mavericks,0021800764,2019-01-31,DAL @ DET,L,241,89,36,88,0.409,7,25,0.28,10,14,0.714,11,33,44,18,2,5,10,21,-4.0,2018-19
22018,1610612742,DAL,Dallas Mavericks,0021800758,2019-01-30,DAL @ NYK,W,241,114,45,84,0.536,15,38,0.395,9,11,0.818,7,42,49,31,4,1,18,19,24.0,2018-19
22018,1610612742,DAL,Dallas Mavericks,0021800739,2019-01-27,DAL vs. TOR,L,239,120,43,88,0.489,11,36,0.306,23,34,0.676,7,36,43,25,5,2,11,29,-3.0,2018-19
22018,1610612742,DAL,Dallas Mavericks,0021800726,2019-01-25,DAL vs. DET,W,240,106,37,81,0.457,14,36,0.389,18,30,0.6,9,34,43,24,8,6,9,25,5.0,2018-19
22018,1610612742,DAL,Dallas Mavericks,0021800704,2019-01-22,DAL vs. LAC,W,240,106,38,81,0.469,10,34,0.294,20,29,0.69,9,39,48,21,5,6,11,25,8.0,2018-19
22018,1610612742,DAL,Dallas Mavericks,0021800694,2019-01-21,DAL @ MIL,L,240,106,41,99,0.414,14,40,0.35,10,17,0.588,11,37,48,24,7,11,11,19,-10.0,2018-19
22018,1610612742,DAL,Dallas Mavericks,0021800681,2019-01-19,DAL @ IND,L,239,99,37,88,0.42,9,37,0.243,16,20,0.8,14,30,44,21,5,4,13,18,-12.0,2018-19
22018,1610612742,DAL,Dallas Mavericks,0021800661,2019-01-16,DAL vs. SAS,L,240,101,37,86,0.43,15,42,0.357,12,16,0.75,13,29,42,22,6,3,13,14,-4.0,2018-19
22018,1610612742,DAL,Dallas Mavericks,0021800642,2019-01-13,DAL vs. GSW,L,240,114,38,91,0.418,16,38,0.421,22,29,0.759,18,33,51,21,5,4,12,14,-5.0,2018-19
22018,1610612742,DAL,Dallas Mavericks,0021800626,2019-01-11,DAL @ MIN,W,240,119,44,97,0.454,13,38,0.342,18,24,0.75,11,32,43,25,7,7,7,16,4.0,2018-19
22018,1610612742,DAL,Dallas Mavericks,0021800613,2019-01-09,DAL vs. PHX,W,242,104,30,70,0.429,12,34,0.353,32,45,0.711,8,34,42,21,7,5,19,17,10.0,2018-19
22018,1610612742,DAL,Dallas Mavericks,0021800596,2019-01-07,DAL vs. LAL,L,241,97,36,86,0.419,8,30,0.267,17,24,0.708,14,38,52,12,10,7,18,20,-10.0,2018-19
22018,1610612742,DAL,Dallas Mavericks,0021800578,2019-01-05,DAL @ PHI,L,240,100,38,88,0.432,9,31,0.29,15,23,0.652,9,40,49,27,4,3,15,23,-6.0,2018-19
22018,1610612742,DAL,Dallas Mavericks,0021800566,2019-01-04,DAL @ BOS,L,240,93,34,88,0.386,11,44,0.25,14,19,0.737,11,38,49,16,9,2,14,13,-21.0,2018-19
22018,1610612742,DAL,Dallas Mavericks,0021800554,2019-01-02,DAL @ CHA,W,240,122,44,95,0.463,18,45,0.4,16,18,0.889,12,45,57,31,9,4,10,14,38.0,2018-19
22018,1610612742,DAL,Dallas Mavericks,0021800547,2018-12-31,DAL @ OKC,L,242,102,31,74,0.419,14,38,0.368,26,34,0.765,5,44,49,21,7,3,26,29,-20.2,2018-19
22018,1610612742,DAL,Dallas Mavericks,0021800539,2018-12-30,DAL vs. OKC,W,239,105,37,81,0.457,14,39,0.359,17,22,0.773,9,40,49,21,8,3,23,19,2.0,2018-19
22018,1610612742,DAL,Dallas Mavericks,0021800523,2018-12-28,DAL @ NOP,L,239,112,37,78,0.474,15,32,0.469,23,33,0.697,11,28,39,19,7,6,16,22,-2.0,2018-19
22018,1610612742,DAL,Dallas Mavericks,0021800509,2018-12-26,DAL vs. NOP,W,240,122,39,81,0.481,12,35,0.343,32,38,0.842,8,38,46,23,3,13,12,25,3.0,2018-19
22018,1610612742,DAL,Dallas Mavericks,0021800495,2018-12-23,DAL @ POR,L,265,118,43,103,0.417,12,34,0.353,20,28,0.714,8,41,49,22,1,2,9,20,-3.0,2018-19
22018,1610612742,DAL,Dallas Mavericks,0021800484,2018-12-22,DAL @ GSW,L,239,116,42,92,0.457,14,39,0.359,18,28,0.643,11,35,46,28,9,3,13,14,-4.0,2018-19
22018,1610612742,DAL,Dallas Mavericks,0021800468,2018-12-20,DAL @ LAC,L,242,121,43,92,0.467,10,28,0.357,25,33,0.758,16,29,45,24,8,0,11,30,-4.0,2018-19
22018,1610612742,DAL,Dallas Mavericks,0021800454,2018-12-18,DAL @ DEN,L,241,118,40,86,0.465,15,37,0.405,23,30,0.767,6,27,33,26,8,1,8,17,-8.0,2018-19
22018,1610612742,DAL,Dallas Mavericks,0021800440,2018-12-16,DAL vs. SAC,L,240,113,40,96,0.417,9,35,0.257,24,31,0.774,16,37,53,22,6,5,14,18,-7.0,2018-19
22018,1610612742,DAL,Dallas Mavericks,0021800419,2018-12-13,DAL @ PHX,L,240,89,31,78,0.397,5,33,0.152,22,33,0.667,14,39,53,14,7,4,23,19,-10.0,2018-19
22018,1610612742,DAL,Dallas Mavericks,0021800412,2018-12-12,DAL vs. ATL,W,241,114,35,75,0.467,12,34,0.353,32,43,0.744,4,32,36,22,13,5,14,16,7.0,2018-19
22018,1610612742,DAL,Dallas Mavericks,0021800397,2018-12-10,DAL vs. ORL,W,241,101,35,82,0.427,10,35,0.286,21,25,0.84,9,43,52,28,7,4,12,11,25.0,2018-19
22018,1610612742,DAL,Dallas Mavericks,0021800378,2018-12-08,DAL vs. HOU,W,239,107,41,83,0.494,12,30,0.4,13,16,0.813,14,30,44,21,9,3,15,14,3.0,2018-19
22018,1610612742,DAL,Dallas Mavericks,0021800363,2018-12-05,DAL @ NOP,L,240,106,39,91,0.429,14,46,0.304,14,21,0.667,11,34,45,26,7,4,18,17,-26.0,2018-19
22018,1610612742,DAL,Dallas Mavericks,0021800352,2018-12-04,DAL vs. POR,W,240,111,38,88,0.432,11,30,0.367,24,35,0.686,15,35,50,25,11,4,13,19,9.0,2018-19
22018,1610612742,DAL,Dallas Mavericks,0021800341,2018-12-02,DAL vs. LAC,W,240,114,42,95,0.442,8,23,0.348,22,26,0.846,17,47,64,20,6,5,16,21,4.0,2018-19
22018,1610612742,DAL,Dallas Mavericks,0021800328,2018-11-30,DAL @ LAL,L,240,103,34,86,0.395,10,39,0.256,25,34,0.735,9,37,46,20,9,4,16,25,-11.0,2018-19
22018,1610612742,DAL,Dallas Mavericks,0021800309,2018-11-28,DAL @ HOU,W,241,128,46,85,0.541,17,34,0.5,19,24,0.792,10,27,37,27,10,7,14,17,20.0,2018-19
22018,1610612742,DAL,Dallas Mavericks,0021800283,2018-11-24,DAL vs. BOS,W,240,113,42,87,0.483,16,41,0.39,13,21,0.619,13,30,43,27,12,3,16,16,9.0,2018-19
22018,1610612742,DAL,Dallas Mavericks,0021800261,2018-11-21,DAL vs. BKN,W,240,119,38,78,0.487,11,27,0.407,32,41,0.78,8,37,45,21,10,3,13,20,6.0,2018-19
22018,1610612742,DAL,Dallas Mavericks,0021800244,2018-11-19,DAL @ MEM,L,241,88,30,88,0.341,10,32,0.313,18,21,0.857,7,36,43,17,8,4,9,19,-10.0,2018-19
22018,1610612742,DAL,Dallas Mavericks,0021800232,2018-11-17,DAL vs. GSW,W,240,112,40,86,0.465,10,34,0.294,22,34,0.647,8,38,46,18,6,5,10,18,3.0,2018-19
22018,1610612742,DAL,Dallas Mavericks,0021800210,2018-11-14,DAL vs. UTA,W,241,118,45,77,0.584,12,28,0.429,16,24,0.667,7,44,51,24,12,6,19,19,50.0,2018-19
22018,1610612742,DAL,Dallas Mavericks,0021800193,2018-11-12,DAL @ CHI,W,241,103,37,79,0.468,10,33,0.303,19,29,0.655,7,42,49,18,11,7,19,22,5.0,2018-19
22018,1610612742,DAL,Dallas Mavericks,0021800181,2018-11-10,DAL vs. OKC,W,240,111,43,77,0.558,14,29,0.483,11,17,0.647,4,34,38,31,9,5,16,23,15.0,2018-19
22018,1610612742,DAL,Dallas Mavericks,0021800160,2018-11-07,DAL @ UTA,L,240,102,29,73,0.397,8,24,0.333,36,40,0.9,12,37,49,14,3,4,24,27,-15.0,2018-19
22018,1610612742,DAL,Dallas Mavericks,0021800150,2018-11-06,DAL vs. WAS,W,237,119,39,82,0.476,15,34,0.441,26,27,0.963,10,40,50,25,4,6,17,22,19.0,2018-19
22018,1610612742,DAL,Dallas Mavericks,0021800121,2018-11-02,DAL vs. NYK,L,238,106,40,81,0.494,11,29,0.379,15,24,0.625,11,29,40,22,6,1,18,28,-12.0,2018-19
22018,1610612742,DAL,Dallas Mavericks,0021800109,2018-10-31,DAL @ LAL,L,240,113,43,86,0.5,13,29,0.448,14,19,0.737,10,30,40,24,5,5,23,24,-1.0,2018-19
22018,1610612742,DAL,Dallas Mavericks,0021800094,2018-10-29,DAL @ SAS,L,265,108,43,91,0.473,10,34,0.294,12,17,0.706,8,41,49,15,9,3,22,21,-5.0,2018-19
22018,1610612742,DAL,Dallas Mavericks,0021800084,2018-10-28,DAL vs. UTA,L,239,104,38,91,0.418,9,28,0.321,19,25,0.76,12,31,43,24,6,3,13,19,-9.0,2018-19
22018,1610612742,DAL,Dallas Mavericks,0021800069,2018-10-26,DAL @ TOR,L,241,107,38,92,0.413,12,30,0.4,19,24,0.792,10,34,44,22,6,6,14,17,-9.0,2018-19
22018,1610612742,DAL,Dallas Mavericks,0021800052,2018-10-24,DAL @ ATL,L,240,104,38,91,0.418,12,40,0.3,16,26,0.615,9,43,52,25,7,9,17,27,-7.0,2018-19
22018,1610612742,DAL,Dallas Mavericks,0021800044,2018-10-22,DAL vs. CHI,W,242,115,40,93,0.43,15,47,0.319,20,21,0.952,13,28,41,25,8,2,15,16,6.0,2018-19
22018,1610612742,DAL,Dallas Mavericks,0021800032,2018-10-20,DAL vs. MIN,W,239,140,49,98,0.5,17,50,0.34,25,34,0.735,15,27,42,29,8,8,16,28,4.0,2018-19
22018,1610612742,DAL,Dallas Mavericks,0021800013,2018-10-17,DAL @ PHX,L,240,100,38,88,0.432,10,33,0.303,14,20,0.7,10,28,38,28,7,5,9,16,-21.0,2018-19
22019,1610612742,DAL,Dallas Mavericks,0021901313,2020-08-13,DAL @ PHX,L,240,102,39,89,0.438,8,26,0.308,16,19,0.842,11,32,43,17,3,4,11,18,-26.0,2019-20
22019,1610612742,DAL,Dallas Mavericks,0021901300,2020-08-11,DAL vs. POR,L,241,131,42,81,0.519,20,44,0.455,27,33,0.818,5,32,37,28,4,5,17,23,-3.0,2019-20
22019,1610612742,DAL,Dallas Mavericks,0021901293,2020-08-10,DAL @ UTA,W,240,122,48,85,0.565,12,24,0.5,14,16,0.875,4,30,34,29,6,3,8,23,8.0,2019-20
22019,1610612742,DAL,Dallas Mavericks,0021901284,2020-08-08,DAL vs. MIL,W,264,136,48,115,0.417,17,53,0.321,23,25,0.92,11,43,54,37,6,2,6,26,4.0,2019-20
22019,1610612742,DAL,Dallas Mavericks,0021901271,2020-08-06,DAL vs. LAC,L,240,111,39,87,0.448,17,48,0.354,16,21,0.762,8,29,37,24,3,4,7,17,-15.0,2019-20
22019,1610612742,DAL,Dallas Mavericks,0021901257,2020-08-04,DAL @ SAC,W,267,114,33,90,0.367,9,41,0.22,39,50,0.78,17,44,61,22,4,2,17,21,4.0,2019-20
22019,1610612742,DAL,Dallas Mavericks,0021901249,2020-08-02,DAL @ PHX,L,240,115,38,93,0.409,6,31,0.194,33,37,0.892,10,39,49,22,8,5,8,22,-2.0,2019-20
22019,1610612742,DAL,Dallas Mavericks,0021901238,2020-07-31,DAL vs. HOU,L,265,149,50,105,0.476,21,49,0.429,28,38,0.737,13,42,55,30,7,4,20,36,-4.0,2019-20
22019,1610612742,DAL,Dallas Mavericks,0021900973,2020-03-11,DAL vs. DEN,W,240,113,42,92,0.457,12,35,0.343,17,23,0.739,13,39,52,23,9,2,10,14,16.0,2019-20
22019,1610612742,DAL,Dallas Mavericks,0021900965,2020-03-10,DAL @ SAS,L,240,109,42,92,0.457,17,44,0.386,8,11,0.727,7,35,42,23,8,3,14,19,-10.0,2019-20
22019,1610612742,DAL,Dallas Mavericks,0021900952,2020-03-08,DAL vs. IND,L,240,109,39,91,0.429,14,43,0.326,17,25,0.68,9,33,42,19,7,5,10,17,-3.0,2019-20
22019,1610612742,DAL,Dallas Mavericks,0021900937,2020-03-06,DAL vs. MEM,W,239,121,45,95,0.474,18,47,0.383,13,17,0.765,13,35,48,30,11,9,10,11,25.0,2019-20
22019,1610612742,DAL,Dallas Mavericks,0021900923,2020-03-04,DAL vs. NOP,W,264,127,44,95,0.463,22,50,0.44,17,24,0.708,6,43,49,30,6,13,16,17,4.0,2019-20
22019,1610612742,DAL,Dallas Mavericks,0021900907,2020-03-02,DAL @ CHI,L,241,107,40,84,0.476,12,42,0.286,15,20,0.75,9,35,44,26,9,5,16,20,-2.0,2019-20
22019,1610612742,DAL,Dallas Mavericks,0021900896,2020-03-01,DAL @ MIN,W,241,111,44,94,0.468,11,40,0.275,12,19,0.632,6,50,56,28,10,7,14,16,20.0,2019-20
22019,1610612742,DAL,Dallas Mavericks,0021900880,2020-02-28,DAL @ MIA,L,240,118,40,84,0.476,21,50,0.42,17,19,0.895,4,31,35,25,0,3,11,25,-8.0,2019-20
22019,1610612742,DAL,Dallas Mavericks,0021900869,2020-02-26,DAL @ SAS,W,241,109,36,86,0.419,17,45,0.378,20,30,0.667,5,38,43,25,11,9,15,20,6.0,2019-20
22019,1610612742,DAL,Dallas Mavericks,0021900854,2020-02-24,DAL vs. MIN,W,242,139,51,101,0.505,16,44,0.364,21,28,0.75,14,40,54,28,7,3,12,28,16.0,2019-20
22019,1610612742,DAL,Dallas Mavericks,0021900837,2020-02-22,DAL @ ATL,L,240,107,40,89,0.449,14,44,0.318,13,19,0.684,10,38,48,23,5,10,16,22,-4.0,2019-20
22019,1610612742,DAL,Dallas Mavericks,0021900826,2020-02-21,DAL @ ORL,W,242,122,43,84,0.512,15,38,0.395,21,26,0.808,8,42,50,26,6,7,15,14,16.0,2019-20
22019,1610612742,DAL,Dallas Mavericks,0021900814,2020-02-12,DAL vs. SAC,W,239,130,48,85,0.565,17,40,0.425,17,21,0.81,3,44,47,34,1,7,11,18,19.0,2019-20
22019,1610612742,DAL,Dallas Mavericks,0021900798,2020-02-10,DAL vs. UTA,L,241,119,39,83,0.47,15,43,0.349,26,31,0.839,4,22,26,24,8,3,7,18,-4.0,2019-20
22019,1610612742,DAL,Dallas Mavericks,0021900778,2020-02-08,DAL @ CHA,W,240,116,44,87,0.506,17,35,0.486,11,11,1.0,11,35,46,29,5,6,10,18,16.0,2019-20
22019,1610612742,DAL,Dallas Mavericks,0021900770,2020-02-07,DAL @ WAS,L,239,118,42,91,0.462,16,40,0.4,18,21,0.857,15,34,49,27,7,2,13,21,-1.0,2019-20
22019,1610612742,DAL,Dallas Mavericks,0021900761,2020-02-05,DAL vs. MEM,L,240,107,34,94,0.362,17,43,0.395,22,24,0.917,12,30,42,19,5,6,9,18,-14.0,2019-20
22019,1610612742,DAL,Dallas Mavericks,0021900743,2020-02-03,DAL @ IND,W,239,112,36,86,0.419,18,45,0.4,22,23,0.957,12,39,51,20,3,2,12,15,9.0,2019-20
22019,1610612742,DAL,Dallas Mavericks,0021900733,2020-02-01,DAL vs. ATL,W,240,123,44,94,0.468,20,39,0.513,15,16,0.938,10,43,53,26,6,8,9,14,23.0,2019-20
22019,1610612742,DAL,Dallas Mavericks,0021900722,2020-01-31,DAL @ HOU,L,241,121,43,90,0.478,14,36,0.389,21,27,0.778,14,38,52,29,2,9,17,18,-7.0,2019-20
22019,1610612742,DAL,Dallas Mavericks,0021900706,2020-01-28,DAL vs. PHX,L,240,104,37,83,0.446,7,33,0.212,23,27,0.852,8,25,33,19,6,0,15,18,-29.0,2019-20
22019,1610612742,DAL,Dallas Mavericks,0021900697,2020-01-27,DAL @ OKC,W,239,107,41,99,0.414,19,51,0.373,6,9,0.667,12,44,56,21,3,3,7,16,10.0,2019-20
22019,1610612742,DAL,Dallas Mavericks,0021900680,2020-01-25,DAL @ UTA,L,241,107,42,97,0.433,16,41,0.39,7,13,0.538,10,34,44,19,6,3,9,24,-5.0,2019-20
22019,1610612742,DAL,Dallas Mavericks,0021900668,2020-01-23,DAL @ POR,W,240,133,48,93,0.516,22,47,0.468,15,24,0.625,12,29,41,27,5,7,8,17,8.0,2019-20
22019,1610612742,DAL,Dallas Mavericks,0021900653,2020-01-21,DAL vs. LAC,L,239,107,39,91,0.429,12,43,0.279,17,24,0.708,12,37,49,23,7,8,12,28,-3.0,2019-20
22019,1610612742,DAL,Dallas Mavericks,0021900625,2020-01-17,DAL vs. POR,W,241,120,39,89,0.438,20,47,0.426,22,28,0.786,13,30,43,19,6,4,13,17,8.0,2019-20
22019,1610612742,DAL,Dallas Mavericks,0021900612,2020-01-15,DAL @ SAC,W,240,127,47,92,0.511,13,40,0.325,20,24,0.833,13,34,47,24,4,2,11,18,4.0,2019-20
22019,1610612742,DAL,Dallas Mavericks,0021900602,2020-01-14,DAL @ GSW,W,238,124,49,96,0.51,13,37,0.351,13,21,0.619,15,38,53,23,5,2,7,17,27.0,2019-20
22019,1610612742,DAL,Dallas Mavericks,0021900581,2020-01-11,DAL vs. PHI,W,241,109,40,79,0.506,11,27,0.407,18,27,0.667,11,43,54,22,4,8,15,20,18.0,2019-20
22019,1610612742,DAL,Dallas Mavericks,0021900572,2020-01-10,DAL vs. LAL,L,240,114,39,96,0.406,11,38,0.289,25,37,0.676,17,30,47,19,4,3,9,20,-15.0,2019-20
22019,1610612742,DAL,Dallas Mavericks,0021900559,2020-01-08,DAL vs. DEN,L,238,106,39,77,0.506,12,35,0.343,16,24,0.667,6,32,38,27,8,6,13,18,-1.0,2019-20
22019,1610612742,DAL,Dallas Mavericks,0021900545,2020-01-06,DAL vs. CHI,W,240,118,44,84,0.524,16,41,0.39,14,19,0.737,11,32,43,25,5,6,14,12,8.0,2019-20
22019,1610612742,DAL,Dallas Mavericks,0021900530,2020-01-04,DAL vs. CHA,L,266,120,47,100,0.47,15,50,0.3,11,13,0.846,14,27,41,28,7,4,10,25,-3.0,2019-20
22019,1610612742,DAL,Dallas Mavericks,0021900513,2020-01-02,DAL vs. BKN,W,241,123,45,89,0.506,18,38,0.474,15,17,0.882,12,34,46,22,4,8,13,21,12.0,2019-20
22019,1610612742,DAL,Dallas Mavericks,0021900503,2019-12-31,DAL @ OKC,L,238,101,33,93,0.355,15,51,0.294,20,27,0.741,17,32,49,19,5,4,10,24,-5.0,2019-20
22019,1610612742,DAL,Dallas Mavericks,0021900490,2019-12-29,DAL @ LAL,L,239,95,32,89,0.36,13,43,0.302,18,20,0.9,13,32,45,17,11,4,18,23,-13.0,2019-20
22019,1610612742,DAL,Dallas Mavericks,0021900482,2019-12-28,DAL @ GSW,W,240,141,48,92,0.522,24,51,0.471,21,21,1.0,9,37,46,35,11,7,13,17,20.0,2019-20
22019,1610612742,DAL,Dallas Mavericks,0021900463,2019-12-26,DAL vs. SAS,W,241,102,38,90,0.422,16,40,0.4,10,15,0.667,13,39,52,22,7,3,14,11,4.0,2019-20
22019,1610612742,DAL,Dallas Mavericks,0021900439,2019-12-22,DAL @ TOR,L,240,107,35,90,0.389,15,46,0.326,22,27,0.815,14,39,53,27,6,4,17,22,-3.0,2019-20
22019,1610612742,DAL,Dallas Mavericks,0021900425,2019-12-20,DAL @ PHI,W,240,117,43,83,0.518,14,33,0.424,17,22,0.773,8,41,49,23,10,4,16,17,19.0,2019-20
22019,1610612742,DAL,Dallas Mavericks,0021900413,2019-12-18,DAL vs. BOS,L,239,103,34,87,0.391,15,43,0.349,20,25,0.8,10,32,42,23,7,10,7,20,-6.0,2019-20
22019,1610612742,DAL,Dallas Mavericks,0021900398,2019-12-16,DAL @ MIL,W,241,120,41,88,0.466,16,41,0.39,22,27,0.815,8,44,52,27,5,6,14,23,4.0,2019-20
22019,1610612742,DAL,Dallas Mavericks,0021900384,2019-12-14,DAL vs. MIA,L,265,118,45,101,0.446,17,44,0.386,11,17,0.647,8,40,48,30,4,3,11,27,-4.0,2019-20
22019,1610612742,DAL,Dallas Mavericks,0021900369,2019-12-12,DAL @ DET,W,241,122,45,88,0.511,16,44,0.364,16,23,0.696,11,41,52,25,4,5,11,21,11.0,2019-20
22019,1610612742,DAL,Dallas Mavericks,0021900340,2019-12-08,DAL vs. SAC,L,239,106,41,86,0.477,17,44,0.386,7,8,0.875,10,30,40,24,3,1,12,11,-4.0,2019-20
22019,1610612742,DAL,Dallas Mavericks,0021900330,2019-12-07,DAL vs. NOP,W,241,130,46,86,0.535,13,38,0.342,25,31,0.806,8,47,55,25,8,4,12,17,46.0,2019-20
22019,1610612742,DAL,Dallas Mavericks,0021900313,2019-12-04,DAL vs. MIN,W,240,121,46,92,0.5,11,37,0.297,18,23,0.783,13,32,45,24,5,5,8,16,7.0,2019-20
22019,1610612742,DAL,Dallas Mavericks,0021900302,2019-12-03,DAL @ NOP,W,239,118,38,88,0.432,19,45,0.422,23,27,0.852,10,41,51,22,5,8,10,14,21.0,2019-20
22019,1610612742,DAL,Dallas Mavericks,0021900287,2019-12-01,DAL @ LAL,W,241,114,42,97,0.433,17,49,0.347,13,18,0.722,16,35,51,24,11,1,13,20,14.0,2019-20
22019,1610612742,DAL,Dallas Mavericks,0021900277,2019-11-29,DAL @ PHX,W,240,120,35,85,0.412,17,47,0.362,33,38,0.868,9,38,47,20,7,3,8,24,7.0,2019-20
22019,1610612742,DAL,Dallas Mavericks,0021900251,2019-11-26,DAL vs. LAC,L,240,99,30,79,0.38,11,38,0.289,28,35,0.8,9,37,46,16,12,2,20,21,-15.0,2019-20
22019,1610612742,DAL,Dallas Mavericks,0021900235,2019-11-24,DAL @ HOU,W,239,137,49,102,0.48,17,44,0.386,22,28,0.786,12,34,46,28,9,5,12,22,14.0,2019-20
22019,1610612742,DAL,Dallas Mavericks,0021900221,2019-11-22,DAL vs. CLE,W,239,143,58,100,0.58,20,37,0.541,7,9,0.778,10,39,49,31,8,7,5,18,42.0,2019-20
22019,1610612742,DAL,Dallas Mavericks,0021900208,2019-11-20,DAL vs. GSW,W,242,142,51,90,0.567,22,38,0.579,18,23,0.783,8,42,50,33,7,7,11,21,48.0,2019-20
22019,1610612742,DAL,Dallas Mavericks,0021900194,2019-11-18,DAL vs. SAS,W,240,117,42,84,0.5,17,41,0.415,16,23,0.696,9,32,41,28,4,3,13,19,7.0,2019-20
22019,1610612742,DAL,Dallas Mavericks,0021900180,2019-11-16,DAL vs. TOR,W,241,110,37,88,0.42,9,39,0.231,27,33,0.818,12,43,55,24,7,4,12,15,8.0,2019-20
22019,1610612742,DAL,Dallas Mavericks,0021900162,2019-11-14,DAL @ NYK,L,239,103,36,84,0.429,8,36,0.222,23,31,0.742,12,32,44,21,8,7,11,16,-3.0,2019-20
22019,1610612742,DAL,Dallas Mavericks,0021900141,2019-11-11,DAL @ BOS,L,241,106,37,89,0.416,11,42,0.262,21,28,0.75,13,33,46,22,2,5,6,26,-10.0,2019-20
22019,1610612742,DAL,Dallas Mavericks,0021900130,2019-11-09,DAL @ MEM,W,240,138,52,97,0.536,18,42,0.429,16,20,0.8,12,35,47,27,8,5,14,14,16.0,2019-20
22019,1610612742,DAL,Dallas Mavericks,0021900122,2019-11-08,DAL vs. NYK,L,241,102,37,90,0.411,14,44,0.318,14,17,0.824,7,40,47,18,4,6,13,21,-4.0,2019-20
22019,1610612742,DAL,Dallas Mavericks,0021900109,2019-11-06,DAL vs. ORL,W,241,107,36,84,0.429,11,31,0.355,24,30,0.8,12,31,43,20,4,1,17,23,1.0,2019-20
22019,1610612742,DAL,Dallas Mavericks,0021900089,2019-11-03,DAL @ CLE,W,240,131,50,94,0.532,20,41,0.488,11,13,0.846,11,40,51,34,5,6,13,21,20.0,2019-20
22019,1610612742,DAL,Dallas Mavericks,0021900074,2019-11-01,DAL vs. LAL,L,266,110,40,102,0.392,14,36,0.389,16,23,0.696,18,43,61,23,5,1,22,21,-9.0,2019-20
22019,1610612742,DAL,Dallas Mavericks,0021900053,2019-10-29,DAL @ DEN,W,239,109,41,84,0.488,13,37,0.351,14,24,0.583,10,32,42,29,6,5,8,14,3.0,2019-20
22019,1610612742,DAL,Dallas Mavericks,0021900038,2019-10-27,DAL vs. POR,L,241,119,37,94,0.394,13,50,0.26,32,41,0.78,12,34,46,27,7,3,11,22,-2.0,2019-20
22019,1610612742,DAL,Dallas Mavericks,0021900021,2019-10-25,DAL @ NOP,W,241,123,45,93,0.484,14,40,0.35,19,26,0.731,12,37,49,23,8,7,11,19,7.0,2019-20
22019,1610612742,DAL,Dallas Mavericks,0021900009,2019-10-23,DAL vs. WAS,W,240,108,35,76,0.461,11,36,0.306,27,33,0.818,5,41,46,17,6,5,19,22,8.0,2019-20
42019,1610612742,DAL,Dallas Mavericks,0041900156,2020-08-30,DAL vs. LAC,L,241,97,38,90,0.422,11,37,0.297,10,17,0.588,8,34,42,20,5,3,12,15,-14.0,2019-20
42019,1610612742,DAL,Dallas Mavericks,0041900155,2020-08-25,DAL @ LAC,L,238,111,38,85,0.447,12,37,0.324,23,33,0.697,7,24,31,19,8,6,13,22,-43.0,2019-20
42019,1610612742,DAL,Dallas Mavericks,0041900154,2020-08-23,DAL vs. LAC,W,265,135,52,104,0.5,13,36,0.361,18,24,0.75,11,43,54,20,7,5,11,24,2.0,2019-20
42019,1610612742,DAL,Dallas Mavericks,0041900153,2020-08-21,DAL vs. LAC,L,239,122,44,87,0.506,17,43,0.395,17,24,0.708,7,35,42,27,5,2,9,24,-8.0,2019-20
42019,1610612742,DAL,Dallas Mavericks,0041900152,2020-08-19,DAL @ LAC,W,240,127,44,88,0.5,13,29,0.448,26,37,0.703,8,41,49,25,5,4,9,29,13.0,2019-20
42019,1610612742,DAL,Dallas Mavericks,0041900151,2020-08-17,DAL @ LAC,L,240,110,37,81,0.457,15,43,0.349,21,24,0.875,5,36,41,18,9,2,21,21,-8.0,2019-20
22020,1610612742,DAL,Dallas Mavericks,0022001071,2021-05-16,DAL @ MIN,L,239,121,44,91,0.484,16,38,0.421,17,20,0.85,11,27,38,32,5,5,16,19,-15.0,2020-21
22020,1610612742,DAL,Dallas Mavericks,0022001057,2021-05-14,DAL vs. TOR,W,239,114,39,90,0.433,17,42,0.405,19,21,0.905,11,31,42,27,4,3,8,18,4.0,2020-21
22020,1610612742,DAL,Dallas Mavericks,0022000154,2021-05-12,DAL vs. NOP,W,238,125,47,96,0.49,15,45,0.333,16,20,0.8,9,39,48,23,4,2,8,27,18.0,2020-21
22020,1610612742,DAL,Dallas Mavericks,0022001037,2021-05-11,DAL @ MEM,L,240,104,37,88,0.42,12,38,0.316,18,19,0.947,13,22,35,23,8,2,12,15,-29.0,2020-21
22020,1610612742,DAL,Dallas Mavericks,0022001021,2021-05-09,DAL @ CLE,W,239,124,50,93,0.538,15,39,0.385,9,11,0.818,8,34,42,33,9,7,10,24,27.0,2020-21
22020,1610612742,DAL,Dallas Mavericks,0022001007,2021-05-07,DAL vs. CLE,W,240,110,41,83,0.494,10,32,0.313,18,22,0.818,9,36,45,21,7,7,9,22,20.0,2020-21
22020,1610612742,DAL,Dallas Mavericks,0022000998,2021-05-06,DAL vs. BKN,W,240,113,40,89,0.449,15,34,0.441,18,26,0.692,12,39,51,23,10,3,12,15,4.0,2020-21
22020,1610612742,DAL,Dallas Mavericks,0022000986,2021-05-04,DAL @ MIA,W,240,127,46,87,0.529,22,48,0.458,13,18,0.722,12,32,44,26,6,4,13,17,14.0,2020-21
22020,1610612742,DAL,Dallas Mavericks,0022000970,2021-05-02,DAL vs. SAC,L,238,99,34,81,0.42,6,35,0.171,25,31,0.806,13,27,40,16,12,4,16,16,-12.0,2020-21
22020,1610612742,DAL,Dallas Mavericks,0022000964,2021-05-01,DAL vs. WAS,W,239,125,47,87,0.54,17,38,0.447,14,22,0.636,7,29,36,31,6,4,11,25,1.0,2020-21
22020,1610612742,DAL,Dallas Mavericks,0022000943,2021-04-29,DAL @ DET,W,241,115,40,89,0.449,13,30,0.433,22,23,0.957,8,27,35,22,6,2,11,20,10.0,2020-21
22020,1610612742,DAL,Dallas Mavericks,0022000932,2021-04-27,DAL @ GSW,W,239,133,48,92,0.522,18,35,0.514,19,22,0.864,9,41,50,21,9,4,13,19,30.0,2020-21
22020,1610612742,DAL,Dallas Mavericks,0022000926,2021-04-26,DAL @ SAC,L,241,106,43,92,0.467,12,42,0.286,8,14,0.571,14,26,40,24,9,2,10,15,-7.0,2020-21
22020,1610612742,DAL,Dallas Mavericks,0022000908,2021-04-24,DAL vs. LAL,W,239,108,38,78,0.487,13,30,0.433,19,25,0.76,10,41,51,26,3,2,16,17,15.0,2020-21
22020,1610612742,DAL,Dallas Mavericks,0022000897,2021-04-22,DAL vs. LAL,W,240,115,40,82,0.488,9,24,0.375,26,36,0.722,9,29,38,23,11,5,12,15,5.0,2020-21
22020,1610612742,DAL,Dallas Mavericks,0022000442,2021-04-21,DAL vs. DET,W,241,127,46,92,0.5,16,43,0.372,19,26,0.731,11,32,43,25,8,2,6,22,10.0,2020-21
22020,1610612742,DAL,Dallas Mavericks,0022000866,2021-04-18,DAL vs. SAC,L,239,107,39,87,0.448,16,48,0.333,13,20,0.65,10,32,42,15,3,8,14,20,-14.0,2020-21
22020,1610612742,DAL,Dallas Mavericks,0022000854,2021-04-16,DAL vs. NYK,L,240,109,40,91,0.44,15,45,0.333,14,19,0.737,10,31,41,30,6,7,9,17,-8.0,2020-21
22020,1610612742,DAL,Dallas Mavericks,0022000837,2021-04-14,DAL @ MEM,W,239,114,44,88,0.5,13,40,0.325,13,17,0.765,8,37,45,25,4,3,11,17,1.0,2020-21
22020,1610612742,DAL,Dallas Mavericks,0022000818,2021-04-12,DAL vs. PHI,L,240,95,35,83,0.422,9,36,0.25,16,20,0.8,11,35,46,16,7,3,15,24,-18.0,2020-21
22020,1610612742,DAL,Dallas Mavericks,0022000810,2021-04-11,DAL vs. SAS,L,240,117,45,94,0.479,13,42,0.31,14,15,0.933,11,26,37,25,5,3,12,21,-2.0,2020-21
22020,1610612742,DAL,Dallas Mavericks,0022000786,2021-04-08,DAL vs. MIL,W,240,116,43,97,0.443,17,45,0.378,13,18,0.722,15,41,56,23,6,8,11,15,15.0,2020-21
22020,1610612742,DAL,Dallas Mavericks,0022000456,2021-04-07,DAL @ HOU,L,239,93,33,87,0.379,10,39,0.256,17,22,0.773,11,35,46,16,4,5,9,15,-9.0,2020-21
22020,1610612742,DAL,Dallas Mavericks,0022000764,2021-04-05,DAL vs. UTA,W,240,111,41,91,0.451,23,49,0.469,6,8,0.75,10,34,44,22,2,2,9,18,8.0,2020-21
22020,1610612742,DAL,Dallas Mavericks,0022000747,2021-04-03,DAL @ WAS,W,241,109,40,90,0.444,10,30,0.333,19,24,0.792,14,36,50,17,7,4,7,22,22.0,2020-21
22020,1610612742,DAL,Dallas Mavericks,0022000739,2021-04-02,DAL @ NYK,W,241,99,41,88,0.466,12,37,0.324,5,10,0.5,4,43,47,19,6,2,10,12,13.0,2020-21
22020,1610612742,DAL,Dallas Mavericks,0022000723,2021-03-31,DAL @ BOS,W,241,113,38,77,0.494,19,39,0.487,18,25,0.72,4,39,43,20,6,4,16,18,5.0,2020-21
22020,1610612742,DAL,Dallas Mavericks,0022000713,2021-03-29,DAL @ OKC,W,239,127,51,96,0.531,16,44,0.364,9,13,0.692,8,35,43,30,11,3,8,21,21.0,2020-21
22020,1610612742,DAL,Dallas Mavericks,0022000698,2021-03-27,DAL @ NOP,L,240,103,37,83,0.446,10,31,0.323,19,24,0.792,10,28,38,19,2,4,7,20,-9.0,2020-21
22020,1610612742,DAL,Dallas Mavericks,0022000690,2021-03-26,DAL vs. IND,L,242,94,39,95,0.411,8,35,0.229,8,14,0.571,15,36,51,17,4,4,15,18,-15.0,2020-21
22020,1610612742,DAL,Dallas Mavericks,0022000673,2021-03-24,DAL @ MIN,W,240,128,48,99,0.485,16,44,0.364,16,22,0.727,14,39,53,27,5,6,10,22,20.0,2020-21
22020,1610612742,DAL,Dallas Mavericks,0022000652,2021-03-21,DAL @ POR,W,241,132,48,86,0.558,19,37,0.514,17,20,0.85,8,44,52,23,4,3,10,17,40.0,2020-21
22020,1610612742,DAL,Dallas Mavericks,0022000639,2021-03-19,DAL @ POR,L,241,119,44,81,0.543,19,42,0.452,12,13,0.923,5,34,39,25,4,4,12,16,-6.0,2020-21
22020,1610612742,DAL,Dallas Mavericks,0022000625,2021-03-17,DAL vs. LAC,W,241,105,40,79,0.506,15,34,0.441,10,12,0.833,6,37,43,14,7,7,18,16,16.0,2020-21
22020,1610612742,DAL,Dallas Mavericks,0022000605,2021-03-15,DAL vs. LAC,L,240,99,39,79,0.494,17,41,0.415,4,5,0.8,4,29,33,24,8,4,14,16,-10.0,2020-21
22020,1610612742,DAL,Dallas Mavericks,0022000592,2021-03-13,DAL @ DEN,W,240,116,42,86,0.488,18,46,0.391,14,16,0.875,11,37,48,26,5,3,8,19,13.0,2020-21
22020,1610612742,DAL,Dallas Mavericks,0022000575,2021-03-11,DAL @ OKC,L,240,108,35,82,0.427,15,34,0.441,23,33,0.697,6,31,37,20,4,9,6,22,-8.0,2020-21
22020,1610612742,DAL,Dallas Mavericks,0022000567,2021-03-10,DAL vs. SAS,W,240,115,43,83,0.518,13,40,0.325,16,19,0.842,13,38,51,29,3,1,14,19,11.0,2020-21
22020,1610612742,DAL,Dallas Mavericks,0022000549,2021-03-03,DAL vs. OKC,W,239,87,32,83,0.386,8,40,0.2,15,19,0.789,7,46,53,18,8,3,12,13,9.0,2020-21
22020,1610612742,DAL,Dallas Mavericks,0022000529,2021-03-01,DAL @ ORL,W,240,130,47,90,0.522,17,46,0.37,19,23,0.826,7,39,46,29,6,6,8,12,6.0,2020-21
22020,1610612742,DAL,Dallas Mavericks,0022000519,2021-02-27,DAL @ BKN,W,241,115,45,86,0.523,14,36,0.389,11,17,0.647,6,30,36,23,12,8,8,15,17.0,2020-21
22020,1610612742,DAL,Dallas Mavericks,0022000498,2021-02-25,DAL @ PHI,L,241,97,32,78,0.41,13,34,0.382,20,23,0.87,10,40,50,17,2,9,18,21,-14.0,2020-21
22020,1610612742,DAL,Dallas Mavericks,0022000485,2021-02-23,DAL vs. BOS,W,241,110,42,89,0.472,13,33,0.394,13,15,0.867,8,30,38,19,5,1,9,17,3.0,2020-21
22020,1610612742,DAL,Dallas Mavericks,0022000476,2021-02-22,DAL vs. MEM,W,241,102,35,80,0.438,15,41,0.366,17,26,0.654,5,44,49,17,6,4,16,18,10.0,2020-21
22020,1610612742,DAL,Dallas Mavericks,0022000411,2021-02-14,DAL vs. POR,L,239,118,40,81,0.494,14,41,0.341,24,25,0.96,10,25,35,19,5,6,12,21,-3.0,2020-21
22020,1610612742,DAL,Dallas Mavericks,0022000399,2021-02-12,DAL vs. NOP,W,240,143,51,88,0.58,25,45,0.556,16,21,0.762,5,32,37,30,4,2,6,22,13.0,2020-21
22020,1610612742,DAL,Dallas Mavericks,0022000384,2021-02-10,DAL vs. ATL,W,239,118,43,84,0.512,14,35,0.4,18,20,0.9,4,33,37,25,3,3,9,24,1.0,2020-21
22020,1610612742,DAL,Dallas Mavericks,0022000370,2021-02-08,DAL vs. MIN,W,240,127,45,87,0.517,12,34,0.353,25,30,0.833,10,38,48,30,4,6,14,22,5.0,2020-21
22020,1610612742,DAL,Dallas Mavericks,0022000360,2021-02-06,DAL vs. GSW,W,239,134,44,96,0.458,21,47,0.447,25,30,0.833,15,32,47,27,5,0,14,19,2.0,2020-21
22020,1610612742,DAL,Dallas Mavericks,0022000339,2021-02-04,DAL vs. GSW,L,242,116,38,92,0.413,20,50,0.4,20,23,0.87,10,32,42,26,2,3,10,24,-31.0,2020-21
22020,1610612742,DAL,Dallas Mavericks,0022000330,2021-02-03,DAL @ ATL,W,240,122,43,93,0.462,13,40,0.325,23,25,0.92,13,32,45,27,8,7,10,19,6.0,2020-21
22020,1610612742,DAL,Dallas Mavericks,0022000319,2021-02-01,DAL vs. PHX,L,239,108,37,86,0.43,10,32,0.313,24,25,0.96,7,35,42,16,9,7,14,17,-1.0,2020-21
22020,1610612742,DAL,Dallas Mavericks,0022000303,2021-01-30,DAL vs. PHX,L,240,105,44,83,0.53,9,29,0.31,8,14,0.571,5,32,37,22,5,4,15,26,-6.0,2020-21
22020,1610612742,DAL,Dallas Mavericks,0022000297,2021-01-29,DAL @ UTA,L,241,101,37,86,0.43,9,33,0.273,18,27,0.667,8,32,40,20,6,4,11,27,-19.0,2020-21
22020,1610612742,DAL,Dallas Mavericks,0022000282,2021-01-27,DAL @ UTA,L,241,104,42,91,0.462,12,35,0.343,8,9,0.889,4,32,36,22,4,7,8,12,-12.0,2020-21
22020,1610612742,DAL,Dallas Mavericks,0022000265,2021-01-25,DAL vs. DEN,L,241,113,41,84,0.488,11,32,0.344,20,24,0.833,8,26,34,26,11,4,11,22,-4.0,2020-21
22020,1610612742,DAL,Dallas Mavericks,0022000247,2021-01-23,DAL vs. HOU,L,239,108,37,83,0.446,5,25,0.2,29,40,0.725,10,26,36,15,7,4,10,23,-25.0,2020-21
22020,1610612742,DAL,Dallas Mavericks,0022000237,2021-01-22,DAL @ SAS,W,239,122,45,93,0.484,14,39,0.359,18,20,0.9,7,35,42,23,3,2,5,21,5.0,2020-21
22020,1610612742,DAL,Dallas Mavericks,0022000217,2021-01-20,DAL @ IND,W,240,124,51,97,0.526,8,27,0.296,14,17,0.824,9,40,49,32,5,6,8,17,12.0,2020-21
22020,1610612742,DAL,Dallas Mavericks,0022000210,2021-01-18,DAL @ TOR,L,239,93,31,82,0.378,9,36,0.25,22,27,0.815,8,30,38,21,6,4,16,16,-23.0,2020-21
22020,1610612742,DAL,Dallas Mavericks,0022000198,2021-01-17,DAL vs. CHI,L,239,101,41,93,0.441,8,31,0.258,11,19,0.579,12,35,47,18,6,2,16,23,-16.0,2020-21
22020,1610612742,DAL,Dallas Mavericks,0022000182,2021-01-15,DAL @ MIL,L,240,109,45,97,0.464,13,36,0.361,6,13,0.462,11,40,51,22,5,6,9,23,-3.0,2020-21
22020,1610612742,DAL,Dallas Mavericks,0022000164,2021-01-13,DAL @ CHA,W,239,104,40,96,0.417,15,46,0.326,9,16,0.563,13,41,54,22,8,12,10,15,11.0,2020-21
22020,1610612742,DAL,Dallas Mavericks,0022000139,2021-01-09,DAL vs. ORL,W,239,112,39,79,0.494,20,40,0.5,14,18,0.778,6,38,44,25,5,8,17,17,14.0,2020-21
22020,1610612742,DAL,Dallas Mavericks,0022000120,2021-01-07,DAL @ DEN,W,265,124,42,87,0.483,16,40,0.4,24,31,0.774,7,37,44,27,12,7,13,21,7.0,2020-21
22020,1610612742,DAL,Dallas Mavericks,0022000098,2021-01-04,DAL @ HOU,W,241,113,39,82,0.476,16,39,0.41,19,20,0.95,10,41,51,24,4,3,15,31,13.0,2020-21
22020,1610612742,DAL,Dallas Mavericks,0022000090,2021-01-03,DAL @ CHI,L,240,108,39,89,0.438,11,42,0.262,19,27,0.704,11,30,41,23,6,4,15,27,-10.0,2020-21
22020,1610612742,DAL,Dallas Mavericks,0022000071,2021-01-01,DAL vs. MIA,W,240,93,32,78,0.41,12,37,0.324,17,23,0.739,4,45,49,18,9,3,16,25,10.0,2020-21
22020,1610612742,DAL,Dallas Mavericks,0022000059,2020-12-30,DAL vs. CHA,L,241,99,34,87,0.391,12,42,0.286,19,33,0.576,13,26,39,24,10,6,14,16,-19.0,2020-21
22020,1610612742,DAL,Dallas Mavericks,0022000031,2020-12-27,DAL @ LAC,W,241,124,43,87,0.494,14,41,0.341,24,27,0.889,11,43,54,25,10,2,6,14,51.0,2020-21
22020,1610612742,DAL,Dallas Mavericks,0022000008,2020-12-25,DAL @ LAL,L,239,115,41,83,0.494,13,32,0.406,20,26,0.769,3,24,27,20,13,3,9,22,-23.0,2020-21
22020,1610612742,DAL,Dallas Mavericks,0022000004,2020-12-23,DAL @ PHX,L,241,102,36,85,0.424,9,37,0.243,21,26,0.808,6,33,39,17,6,0,11,23,-4.0,2020-21
42020,1610612742,DAL,Dallas Mavericks,0042000177,2021-06-06,DAL @ LAC,L,239,111,45,91,0.495,10,36,0.278,11,17,0.647,16,31,47,22,4,1,14,21,-15.0,2020-21
42020,1610612742,DAL,Dallas Mavericks,0042000176,2021-06-04,DAL vs. LAC,L,240,97,37,89,0.416,11,34,0.324,12,14,0.857,8,34,42,23,9,2,11,21,-7.0,2020-21
42020,1610612742,DAL,Dallas Mavericks,0042000175,2021-06-02,DAL @ LAC,W,240,105,37,89,0.416,14,36,0.389,17,19,0.895,11,34,45,21,9,2,8,23,5.0,2020-21
42020,1610612742,DAL,Dallas Mavericks,0042000174,2021-05-30,DAL vs. LAC,L,240,81,31,89,0.348,5,30,0.167,14,22,0.636,10,31,41,15,3,1,8,20,-25.0,2020-21
42020,1610612742,DAL,Dallas Mavericks,0042000173,2021-05-28,DAL vs. LAC,L,241,108,38,86,0.442,20,39,0.513,12,18,0.667,13,20,33,17,4,2,8,17,-10.0,2020-21
42020,1610612742,DAL,Dallas Mavericks,0042000172,2021-05-25,DAL @ LAC,W,240,127,48,82,0.585,18,34,0.529,13,24,0.542,4,30,34,25,8,4,11,19,6.0,2020-21
42020,1610612742,DAL,Dallas Mavericks,0042000171,2021-05-22,DAL @ LAC,W,240,113,38,76,0.5,17,36,0.472,20,26,0.769,10,32,42,22,2,3,12,21,10.0,2020-21
22021,1610612742,DAL,Dallas Mavericks,0022101219,2022-04-10,DAL vs. SAS,W,240,130,46,85,0.541,20,36,0.556,18,23,0.783,10,33,43,34,5,3,16,16,10.0,2021-22
22021,1610612742,DAL,Dallas Mavericks,0022101209,2022-04-08,DAL vs. POR,W,241,128,42,79,0.532,20,45,0.444,24,31,0.774,9,42,51,25,9,5,14,19,50.0,2021-22
22021,1610612742,DAL,Dallas Mavericks,0022101190,2022-04-06,DAL @ DET,W,238,131,45,80,0.563,15,33,0.455,26,34,0.765,8,33,41,28,8,1,10,24,18.0,2021-22
22021,1610612742,DAL,Dallas Mavericks,0022101167,2022-04-03,DAL @ MIL,W,239,118,39,76,0.513,16,38,0.421,24,27,0.889,2,36,38,28,7,3,12,20,6.0,2021-22
22021,1610612742,DAL,Dallas Mavericks,0022101152,2022-04-01,DAL @ WAS,L,239,103,34,78,0.436,11,38,0.289,24,26,0.923,5,31,36,14,3,3,13,16,-32.0,2021-22
22021,1610612742,DAL,Dallas Mavericks,0022101136,2022-03-30,DAL @ CLE,W,241,120,46,88,0.523,16,42,0.381,12,15,0.8,9,29,38,28,6,6,11,17,8.0,2021-22
22021,1610612742,DAL,Dallas Mavericks,0022101134,2022-03-29,DAL vs. LAL,W,241,128,45,87,0.517,20,46,0.435,18,23,0.783,11,35,46,27,5,1,7,14,18.0,2021-22
22021,1610612742,DAL,Dallas Mavericks,0022101121,2022-03-27,DAL vs. UTA,W,242,114,40,77,0.519,17,34,0.5,17,24,0.708,10,35,45,21,3,2,8,13,14.0,2021-22
22021,1610612742,DAL,Dallas Mavericks,0022101104,2022-03-25,DAL @ MIN,L,240,95,35,90,0.389,10,43,0.233,15,19,0.789,10,35,45,21,4,5,10,19,-21.0,2021-22
22021,1610612742,DAL,Dallas Mavericks,0022101092,2022-03-23,DAL vs. HOU,W,240,110,42,86,0.488,8,33,0.242,18,22,0.818,8,34,42,24,9,1,12,24,19.0,2021-22
22021,1610612742,DAL,Dallas Mavericks,0022101079,2022-03-21,DAL vs. MIN,W,241,110,40,83,0.482,14,46,0.304,16,21,0.762,7,40,47,27,5,3,11,21,2.0,2021-22
22021,1610612742,DAL,Dallas Mavericks,0022101059,2022-03-19,DAL @ CHA,L,241,108,39,89,0.438,14,38,0.368,16,20,0.8,12,32,44,18,4,4,13,26,-21.0,2021-22
22021,1610612742,DAL,Dallas Mavericks,0022101046,2022-03-18,DAL @ PHI,L,241,101,37,80,0.463,12,32,0.375,15,21,0.714,11,29,40,21,4,3,12,17,-10.0,2021-22
22021,1610612742,DAL,Dallas Mavericks,0022101036,2022-03-16,DAL @ BKN,W,239,113,41,83,0.494,12,34,0.353,19,19,1.0,9,28,37,21,5,2,10,17,2.0,2021-22
22021,1610612742,DAL,Dallas Mavericks,0022101014,2022-03-13,DAL @ BOS,W,241,95,33,74,0.446,15,37,0.405,14,19,0.737,4,38,42,20,7,5,17,16,3.0,2021-22
22021,1610612742,DAL,Dallas Mavericks,0022100999,2022-03-11,DAL @ HOU,W,240,113,40,88,0.455,11,36,0.306,22,28,0.786,12,35,47,20,6,8,13,21,13.0,2021-22
22021,1610612742,DAL,Dallas Mavericks,0022100988,2022-03-09,DAL vs. NYK,L,241,77,27,86,0.314,6,44,0.136,17,25,0.68,12,25,37,11,3,4,8,24,-30.0,2021-22
22021,1610612742,DAL,Dallas Mavericks,0022100972,2022-03-07,DAL vs. UTA,W,239,111,39,88,0.443,17,46,0.37,16,20,0.8,9,34,43,19,9,5,9,21,8.0,2021-22
22021,1610612742,DAL,Dallas Mavericks,0022100954,2022-03-05,DAL vs. SAC,W,241,114,40,84,0.476,14,36,0.389,20,27,0.741,10,29,39,22,7,2,10,22,1.0,2021-22
22021,1610612742,DAL,Dallas Mavericks,0022100943,2022-03-03,DAL vs. GSW,W,240,122,45,85,0.529,17,37,0.459,15,20,0.75,8,24,32,29,7,1,9,16,9.0,2021-22
22021,1610612742,DAL,Dallas Mavericks,0022100931,2022-03-01,DAL @ LAL,W,239,109,41,82,0.5,10,35,0.286,17,27,0.63,10,35,45,24,8,7,13,19,5.0,2021-22
22021,1610612742,DAL,Dallas Mavericks,0022100917,2022-02-27,DAL @ GSW,W,240,107,39,78,0.5,13,34,0.382,16,20,0.8,6,39,45,16,5,7,18,18,6.0,2021-22
22021,1610612742,DAL,Dallas Mavericks,0022100903,2022-02-25,DAL @ UTA,L,241,109,42,88,0.477,17,39,0.436,8,8,1.0,8,22,30,22,9,3,11,21,-5.0,2021-22
22021,1610612742,DAL,Dallas Mavericks,0022100886,2022-02-17,DAL @ NOP,W,239,125,44,82,0.537,19,40,0.475,18,25,0.72,7,31,38,18,5,4,8,22,7.0,2021-22
22021,1610612742,DAL,Dallas Mavericks,0022100868,2022-02-15,DAL @ MIA,W,240,107,34,76,0.447,18,41,0.439,21,33,0.636,12,26,38,27,5,7,8,26,8.0,2021-22
22021,1610612742,DAL,Dallas Mavericks,0022100853,2022-02-12,DAL vs. LAC,L,239,97,35,85,0.412,15,39,0.385,12,19,0.632,13,31,44,16,4,0,14,17,-2.0,2021-22
22021,1610612742,DAL,Dallas Mavericks,0022100835,2022-02-10,DAL vs. LAC,W,240,112,38,78,0.487,13,39,0.333,23,27,0.852,8,33,41,19,4,3,13,23,7.0,2021-22
22021,1610612742,DAL,Dallas Mavericks,0022100820,2022-02-08,DAL vs. DET,W,241,116,40,79,0.506,18,36,0.5,18,23,0.783,6,41,47,24,10,5,13,18,30.0,2021-22
22021,1610612742,DAL,Dallas Mavericks,0022100807,2022-02-06,DAL vs. ATL,W,239,103,38,88,0.432,16,36,0.444,11,13,0.846,12,36,48,25,8,5,14,25,9.0,2021-22
22021,1610612742,DAL,Dallas Mavericks,0022100791,2022-02-04,DAL vs. PHI,W,239,107,39,85,0.459,10,34,0.294,19,23,0.826,11,29,40,22,8,0,10,18,9.0,2021-22
22021,1610612742,DAL,Dallas Mavericks,0022100778,2022-02-02,DAL vs. OKC,L,266,114,46,98,0.469,14,43,0.326,8,10,0.8,13,26,39,28,12,8,13,21,-6.0,2021-22
22021,1610612742,DAL,Dallas Mavericks,0022100755,2022-01-30,DAL @ ORL,L,240,108,39,81,0.481,16,38,0.421,14,18,0.778,7,33,40,22,9,4,18,19,-2.0,2021-22
22021,1610612742,DAL,Dallas Mavericks,0022100746,2022-01-29,DAL vs. IND,W,237,132,51,96,0.531,16,34,0.471,14,22,0.636,11,35,46,31,8,7,5,19,27.0,2021-22
22021,1610612742,DAL,Dallas Mavericks,0022100732,2022-01-26,DAL @ POR,W,238,132,48,88,0.545,16,36,0.444,20,26,0.769,6,39,45,35,6,6,8,21,20.0,2021-22
22021,1610612742,DAL,Dallas Mavericks,0022100720,2022-01-25,DAL @ GSW,L,240,92,32,91,0.352,10,40,0.25,18,18,1.0,10,29,39,17,9,4,11,17,-38.0,2021-22
22021,1610612742,DAL,Dallas Mavericks,0022100705,2022-01-23,DAL vs. MEM,W,242,104,36,74,0.486,9,30,0.3,23,31,0.742,9,33,42,22,10,12,15,23,13.0,2021-22
22021,1610612742,DAL,Dallas Mavericks,0022100682,2022-01-20,DAL vs. PHX,L,239,101,37,85,0.435,11,37,0.297,16,20,0.8,10,40,50,19,1,3,19,22,-8.0,2021-22
22021,1610612742,DAL,Dallas Mavericks,0022100675,2022-01-19,DAL vs. TOR,W,239,102,37,76,0.487,9,33,0.273,19,20,0.95,10,35,45,23,5,0,16,20,4.0,2021-22
22021,1610612742,DAL,Dallas Mavericks,0022100663,2022-01-17,DAL vs. OKC,W,242,104,35,88,0.398,12,37,0.324,22,28,0.786,11,36,47,28,10,7,11,19,2.0,2021-22
22021,1610612742,DAL,Dallas Mavericks,0022100650,2022-01-15,DAL vs. ORL,W,239,108,32,78,0.41,12,34,0.353,32,38,0.842,12,35,47,16,6,3,9,18,16.0,2021-22
22021,1610612742,DAL,Dallas Mavericks,0022100639,2022-01-14,DAL @ MEM,W,240,112,47,91,0.516,8,32,0.25,10,16,0.625,8,44,52,30,8,1,13,19,27.0,2021-22
22021,1610612742,DAL,Dallas Mavericks,0022100622,2022-01-12,DAL @ NYK,L,238,85,32,78,0.41,8,37,0.216,13,19,0.684,5,34,39,16,6,2,13,18,-23.0,2021-22
22021,1610612742,DAL,Dallas Mavericks,0022100603,2022-01-09,DAL vs. CHI,W,239,113,44,88,0.5,16,36,0.444,9,9,1.0,7,41,48,28,4,2,9,14,14.0,2021-22
22021,1610612742,DAL,Dallas Mavericks,0022100586,2022-01-07,DAL @ HOU,W,238,130,49,90,0.544,17,38,0.447,15,28,0.536,11,44,55,34,6,4,14,24,24.0,2021-22
22021,1610612742,DAL,Dallas Mavericks,0022100572,2022-01-05,DAL vs. GSW,W,238,99,33,87,0.379,12,40,0.3,21,26,0.808,10,36,46,22,6,5,12,15,17.0,2021-22
22021,1610612742,DAL,Dallas Mavericks,0022100558,2022-01-03,DAL vs. DEN,W,242,103,35,78,0.449,14,37,0.378,19,21,0.905,5,23,28,23,12,5,11,21,14.0,2021-22
22021,1610612742,DAL,Dallas Mavericks,0022100550,2022-01-02,DAL @ OKC,W,239,95,38,85,0.447,14,39,0.359,5,7,0.714,7,41,48,28,9,3,16,12,9.0,2021-22
22021,1610612742,DAL,Dallas Mavericks,0022100531,2021-12-31,DAL @ SAC,W,240,112,42,81,0.519,9,22,0.409,19,22,0.864,10,37,47,30,5,7,11,14,16.0,2021-22
22021,1610612742,DAL,Dallas Mavericks,0022100524,2021-12-29,DAL @ SAC,L,240,94,38,81,0.469,9,24,0.375,9,13,0.692,7,29,36,23,7,5,11,19,-1.0,2021-22
22021,1610612742,DAL,Dallas Mavericks,0022100506,2021-12-27,DAL @ POR,W,240,132,48,84,0.571,12,33,0.364,24,33,0.727,10,31,41,38,6,4,13,31,15.0,2021-22
22021,1610612742,DAL,Dallas Mavericks,0022100492,2021-12-25,DAL @ UTA,L,242,116,38,89,0.427,10,30,0.333,30,35,0.857,8,35,43,19,7,3,13,31,-4.0,2021-22
22021,1610612742,DAL,Dallas Mavericks,0022100481,2021-12-23,DAL vs. MIL,L,241,95,35,86,0.407,12,45,0.267,13,17,0.765,8,35,43,25,6,2,11,21,-7.0,2021-22
22021,1610612742,DAL,Dallas Mavericks,0022100468,2021-12-21,DAL vs. MIN,W,241,114,42,86,0.488,11,34,0.324,19,23,0.826,10,34,44,30,11,3,10,22,12.0,2021-22
22021,1610612742,DAL,Dallas Mavericks,0022100455,2021-12-19,DAL @ MIN,L,241,105,36,82,0.439,12,41,0.293,21,22,0.955,7,34,41,27,5,2,10,25,-6.0,2021-22
22021,1610612742,DAL,Dallas Mavericks,0022100420,2021-12-15,DAL vs. LAL,L,265,104,39,98,0.398,12,44,0.273,14,17,0.824,8,43,51,22,4,3,11,21,-3.0,2021-22
22021,1610612742,DAL,Dallas Mavericks,0022100410,2021-12-13,DAL vs. CHA,W,239,120,43,83,0.518,19,41,0.463,15,17,0.882,14,36,50,28,4,8,9,19,24.0,2021-22
22021,1610612742,DAL,Dallas Mavericks,0022100400,2021-12-12,DAL @ OKC,W,239,103,38,90,0.422,9,33,0.273,18,23,0.783,10,44,54,25,5,5,6,18,19.0,2021-22
22021,1610612742,DAL,Dallas Mavericks,0022100383,2021-12-10,DAL @ IND,L,241,93,39,84,0.464,4,29,0.138,11,12,0.917,12,25,37,18,7,2,12,18,-13.0,2021-22
22021,1610612742,DAL,Dallas Mavericks,0022100373,2021-12-08,DAL @ MEM,W,239,104,37,77,0.481,12,33,0.364,18,23,0.783,10,37,47,24,5,6,18,21,8.0,2021-22
22021,1610612742,DAL,Dallas Mavericks,0022100363,2021-12-07,DAL vs. BKN,L,241,99,36,90,0.4,9,46,0.196,18,22,0.818,10,29,39,21,6,2,4,15,-3.0,2021-22
22021,1610612742,DAL,Dallas Mavericks,0022100345,2021-12-04,DAL vs. MEM,L,241,90,31,92,0.337,15,43,0.349,13,19,0.684,14,28,42,19,10,1,13,21,-7.0,2021-22
22021,1610612742,DAL,Dallas Mavericks,0022100338,2021-12-03,DAL vs. NOP,L,240,91,32,79,0.405,10,34,0.294,17,26,0.654,5,37,42,17,4,3,15,23,-16.0,2021-22
22021,1610612742,DAL,Dallas Mavericks,0022100325,2021-12-01,DAL @ NOP,W,238,139,57,83,0.687,18,34,0.529,7,9,0.778,9,25,34,32,7,2,18,19,32.0,2021-22
22021,1610612742,DAL,Dallas Mavericks,0022100310,2021-11-29,DAL vs. CLE,L,240,96,39,89,0.438,12,39,0.308,6,15,0.4,7,26,33,20,8,7,10,15,-18.0,2021-22
22021,1610612742,DAL,Dallas Mavericks,0022100298,2021-11-27,DAL vs. WAS,L,240,114,42,89,0.472,14,38,0.368,16,22,0.727,9,26,35,23,7,4,7,21,-6.0,2021-22
22021,1610612742,DAL,Dallas Mavericks,0022100266,2021-11-23,DAL @ LAC,W,264,112,39,89,0.438,12,39,0.308,22,27,0.815,12,30,42,22,11,5,14,23,8.0,2021-22
22021,1610612742,DAL,Dallas Mavericks,0022100248,2021-11-21,DAL @ LAC,L,241,91,34,83,0.41,6,30,0.2,17,18,0.944,8,31,39,21,6,5,10,21,-6.0,2021-22
22021,1610612742,DAL,Dallas Mavericks,0022100237,2021-11-19,DAL @ PHX,L,241,104,37,90,0.411,12,40,0.3,18,23,0.783,10,30,40,25,15,1,10,17,-8.0,2021-22
22021,1610612742,DAL,Dallas Mavericks,0022100222,2021-11-17,DAL @ PHX,L,242,98,38,91,0.418,16,32,0.5,6,6,1.0,8,41,49,28,5,2,10,14,-7.0,2021-22
22021,1610612742,DAL,Dallas Mavericks,0022100204,2021-11-15,DAL vs. DEN,W,242,111,45,90,0.5,14,36,0.389,7,10,0.7,10,34,44,30,7,2,8,19,10.0,2021-22
22021,1610612742,DAL,Dallas Mavericks,0022100181,2021-11-12,DAL @ SAS,W,240,123,46,100,0.46,18,45,0.4,13,19,0.684,10,38,48,30,9,7,5,18,14.0,2021-22
22021,1610612742,DAL,Dallas Mavericks,0022100163,2021-11-10,DAL @ CHI,L,239,107,38,83,0.458,12,33,0.364,19,24,0.792,8,35,43,23,9,4,12,16,-10.0,2021-22
22021,1610612742,DAL,Dallas Mavericks,0022100150,2021-11-08,DAL vs. NOP,W,240,108,43,85,0.506,14,35,0.4,8,13,0.615,9,37,46,27,7,3,12,15,16.0,2021-22
22021,1610612742,DAL,Dallas Mavericks,0022100136,2021-11-06,DAL vs. BOS,W,241,107,41,78,0.526,13,39,0.333,12,14,0.857,7,33,40,19,7,6,15,18,3.0,2021-22
22021,1610612742,DAL,Dallas Mavericks,0022100116,2021-11-03,DAL @ SAS,W,240,109,40,93,0.43,8,34,0.235,21,29,0.724,15,41,56,21,10,4,19,23,1.0,2021-22
22021,1610612742,DAL,Dallas Mavericks,0022100104,2021-11-02,DAL vs. MIA,L,242,110,37,84,0.44,14,42,0.333,22,31,0.71,11,30,41,17,1,3,9,21,-15.0,2021-22
22021,1610612742,DAL,Dallas Mavericks,0022100089,2021-10-31,DAL vs. SAC,W,240,105,40,90,0.444,12,37,0.324,13,20,0.65,10,35,45,24,8,4,9,20,6.0,2021-22
22021,1610612742,DAL,Dallas Mavericks,0022100075,2021-10-29,DAL @ DEN,L,240,75,23,78,0.295,8,37,0.216,21,27,0.778,6,30,36,14,8,3,15,17,-31.0,2021-22
22021,1610612742,DAL,Dallas Mavericks,0022100069,2021-10-28,DAL vs. SAS,W,240,104,41,89,0.461,18,45,0.4,4,13,0.308,9,36,45,18,4,7,12,19,5.0,2021-22
22021,1610612742,DAL,Dallas Mavericks,0022100052,2021-10-26,DAL vs. HOU,W,239,116,43,93,0.462,12,43,0.279,18,25,0.72,14,36,50,25,9,7,14,22,10.0,2021-22
22021,1610612742,DAL,Dallas Mavericks,0022100029,2021-10-23,DAL @ TOR,W,240,103,38,91,0.418,14,42,0.333,13,18,0.722,13,37,50,24,6,6,9,22,8.0,2021-22
22021,1610612742,DAL,Dallas Mavericks,0022100014,2021-10-21,DAL @ ATL,L,240,87,31,93,0.333,13,43,0.302,12,13,0.923,10,40,50,16,7,3,15,21,-26.0,2021-22
42021,1610612742,DAL,Dallas Mavericks,0042100315,2022-05-26,DAL @ GSW,L,239,110,37,82,0.451,17,42,0.405,19,25,0.76,6,28,34,22,6,4,7,18,-10.0,2021-22
42021,1610612742,DAL,Dallas Mavericks,0042100314,2022-05-24,DAL vs. GSW,W,240,119,41,82,0.5,20,43,0.465,17,22,0.773,4,41,45,30,4,6,8,19,10.0,2021-22
42021,1610612742,DAL,Dallas Mavericks,0042100313,2022-05-22,DAL vs. GSW,L,241,100,30,75,0.4,13,45,0.289,27,34,0.794,7,26,33,18,4,2,7,18,-9.0,2021-22
42021,1610612742,DAL,Dallas Mavericks,0042100312,2022-05-20,DAL @ GSW,L,239,117,37,78,0.474,21,45,0.467,22,29,0.759,4,26,30,22,7,5,12,20,-9.0,2021-22
42021,1610612742,DAL,Dallas Mavericks,0042100311,2022-05-18,DAL @ GSW,L,240,87,31,86,0.36,11,48,0.229,14,21,0.667,9,26,35,14,7,1,13,17,-25.0,2021-22
42021,1610612742,DAL,Dallas Mavericks,0042100227,2022-05-15,DAL @ PHX,W,239,123,46,81,0.568,19,39,0.487,12,12,1.0,6,37,43,14,9,6,11,17,33.0,2021-22
42021,1610612742,DAL,Dallas Mavericks,0042100226,2022-05-12,DAL vs. PHX,W,239,113,35,77,0.455,16,39,0.41,27,36,0.75,7,32,39,18,16,4,6,23,27.0,2021-22
42021,1610612742,DAL,Dallas Mavericks,0042100225,2022-05-10,DAL @ PHX,L,242,80,27,71,0.38,8,32,0.25,18,27,0.667,6,32,38,9,7,0,16,21,-30.0,2021-22
42021,1610612742,DAL,Dallas Mavericks,0042100224,2022-05-08,DAL vs. PHX,W,240,111,38,85,0.447,20,44,0.455,15,19,0.789,10,27,37,22,5,1,11,21,10.0,2021-22
42021,1610612742,DAL,Dallas Mavericks,0042100223,2022-05-06,DAL vs. PHX,W,238,103,40,90,0.444,13,39,0.333,10,13,0.769,8,28,36,25,12,4,8,19,9.0,2021-22
42021,1610612742,DAL,Dallas Mavericks,0042100222,2022-05-04,DAL @ PHX,L,241,109,36,79,0.456,17,41,0.415,20,24,0.833,7,18,25,19,7,1,14,26,-20.0,2021-22
42021,1610612742,DAL,Dallas Mavericks,0042100221,2022-05-02,DAL @ PHX,L,239,114,40,85,0.471,16,39,0.41,18,25,0.72,7,29,36,16,6,2,8,22,-7.0,2021-22
42021,1610612742,DAL,Dallas Mavericks,0042100176,2022-04-28,DAL @ UTA,W,240,98,36,80,0.45,17,43,0.395,9,11,0.818,3,34,37,22,6,4,9,19,2.0,2021-22
42021,1610612742,DAL,Dallas Mavericks,0042100175,2022-04-25,DAL vs. UTA,W,240,102,37,85,0.435,12,43,0.279,16,21,0.762,11,38,49,16,6,1,10,18,25.0,2021-22
42021,1610612742,DAL,Dallas Mavericks,0042100174,2022-04-23,DAL @ UTA,L,240,99,33,77,0.429,15,44,0.341,18,23,0.783,7,36,43,15,4,2,11,29,-1.0,2021-22
42021,1610612742,DAL,Dallas Mavericks,0042100173,2022-04-21,DAL @ UTA,W,239,126,41,83,0.494,18,42,0.429,26,31,0.839,6,26,32,24,10,1,8,32,8.0,2021-22
42021,1610612742,DAL,Dallas Mavericks,0042100172,2022-04-18,DAL vs. UTA,W,241,110,39,83,0.47,22,47,0.468,10,13,0.769,2,29,31,22,5,2,3,19,6.0,2021-22
42021,1610612742,DAL,Dallas Mavericks,0042100171,2022-04-16,DAL vs. UTA,L,239,93,29,76,0.382,9,32,0.281,26,34,0.765,7,27,34,17,8,4,7,22,-6.0,2021-22
22022,1610612742,DAL,Dallas Mavericks,0022201224,2023-04-09,DAL vs. SAS,L,239,117,46,108,0.426,17,53,0.321,8,16,0.5,8,38,46,28,4,3,2,21,-21.0,2022-23
22022,1610612742,DAL,Dallas Mavericks,0022201210,2023-04-07,DAL vs. CHI,L,240,112,42,93,0.452,18,55,0.327,10,13,0.769,7,36,43,23,7,3,9,15,-3.0,2022-23
22022,1610612742,DAL,Dallas Mavericks,0022201195,2023-04-05,DAL vs. SAC,W,242,123,44,89,0.494,20,44,0.455,15,18,0.833,7,32,39,24,4,7,10,18,4.0,2022-23
22022,1610612742,DAL,Dallas Mavericks,0022201167,2023-04-02,DAL @ ATL,L,266,130,49,95,0.516,10,38,0.263,22,32,0.688,10,37,47,24,4,3,14,15,-2.0,2022-23
22022,1610612742,DAL,Dallas Mavericks,0022201161,2023-04-01,DAL @ MIA,L,241,122,47,77,0.61,14,34,0.412,14,16,0.875,1,30,31,32,3,2,14,23,-7.0,2022-23
22022,1610612742,DAL,Dallas Mavericks,0022201139,2023-03-29,DAL @ PHI,L,239,108,38,83,0.458,18,46,0.391,14,18,0.778,8,32,40,24,3,3,14,22,-8.0,2022-23
22022,1610612742,DAL,Dallas Mavericks,0022201123,2023-03-27,DAL @ IND,W,241,127,47,83,0.566,18,37,0.486,15,17,0.882,4,29,33,29,7,8,13,23,23.0,2022-23
22022,1610612742,DAL,Dallas Mavericks,0022201113,2023-03-26,DAL @ CHA,L,240,104,32,84,0.381,19,49,0.388,21,22,0.955,3,34,37,18,8,7,8,24,-6.0,2022-23
22022,1610612742,DAL,Dallas Mavericks,0022201101,2023-03-24,DAL vs. CHA,L,240,109,41,84,0.488,9,36,0.25,18,24,0.75,7,38,45,25,3,4,10,19,-8.0,2022-23
22022,1610612742,DAL,Dallas Mavericks,0022201086,2023-03-22,DAL vs. GSW,L,241,125,44,89,0.494,17,40,0.425,20,28,0.714,8,23,31,27,7,2,10,17,-2.0,2022-23
22022,1610612742,DAL,Dallas Mavericks,0022201075,2023-03-20,DAL @ MEM,L,238,108,39,84,0.464,11,36,0.306,19,20,0.95,8,29,37,22,5,4,12,19,-4.0,2022-23
22022,1610612742,DAL,Dallas Mavericks,0022201054,2023-03-17,DAL @ LAL,W,240,111,40,79,0.506,16,34,0.471,15,19,0.789,7,28,35,27,8,4,13,26,1.0,2022-23
22022,1610612742,DAL,Dallas Mavericks,0022201040,2023-03-15,DAL @ SAS,W,265,137,44,86,0.512,17,33,0.515,32,37,0.865,10,42,52,23,4,4,18,25,9.0,2022-23
22022,1610612742,DAL,Dallas Mavericks,0022201023,2023-03-13,DAL vs. MEM,L,240,88,35,90,0.389,12,46,0.261,6,8,0.75,8,33,41,23,3,3,13,16,-16.0,2022-23
22022,1610612742,DAL,Dallas Mavericks,0022201010,2023-03-11,DAL @ MEM,L,240,108,39,85,0.459,15,43,0.349,15,23,0.652,10,33,43,25,4,3,11,17,-4.0,2022-23
22022,1610612742,DAL,Dallas Mavericks,0022200988,2023-03-08,DAL @ NOP,L,239,106,38,88,0.432,16,46,0.348,14,19,0.737,5,29,34,24,7,0,9,18,-7.0,2022-23
22022,1610612742,DAL,Dallas Mavericks,0022200983,2023-03-07,DAL vs. UTA,W,240,120,42,89,0.472,19,45,0.422,17,22,0.773,3,40,43,24,10,6,16,20,4.0,2022-23
22022,1610612742,DAL,Dallas Mavericks,0022200962,2023-03-05,DAL vs. PHX,L,239,126,38,77,0.494,15,38,0.395,35,38,0.921,5,26,31,15,5,0,10,22,-4.0,2022-23
22022,1610612742,DAL,Dallas Mavericks,0022200943,2023-03-02,DAL vs. PHI,W,240,133,45,82,0.549,25,48,0.521,18,27,0.667,5,26,31,26,8,1,12,22,7.0,2022-23
22022,1610612742,DAL,Dallas Mavericks,0022200929,2023-02-28,DAL vs. IND,L,240,122,46,91,0.505,12,37,0.324,18,28,0.643,9,29,38,28,5,3,7,29,-2.0,2022-23
22022,1610612742,DAL,Dallas Mavericks,0022200913,2023-02-26,DAL vs. LAL,L,240,108,39,93,0.419,20,49,0.408,10,14,0.714,11,37,48,21,5,5,16,24,-3.0,2022-23
22022,1610612742,DAL,Dallas Mavericks,0022200891,2023-02-23,DAL vs. SAS,W,239,142,46,82,0.561,22,42,0.524,28,36,0.778,3,33,36,27,10,5,6,18,26.0,2022-23
22022,1610612742,DAL,Dallas Mavericks,0022200881,2023-02-15,DAL @ DEN,L,240,109,39,84,0.464,14,39,0.359,17,20,0.85,6,25,31,25,8,3,12,13,-9.0,2022-23
22022,1610612742,DAL,Dallas Mavericks,0022200865,2023-02-13,DAL vs. MIN,L,239,121,43,84,0.512,13,39,0.333,22,29,0.759,9,24,33,21,5,1,9,21,-3.0,2022-23
22022,1610612742,DAL,Dallas Mavericks,0022200854,2023-02-11,DAL @ SAC,L,266,128,47,91,0.516,20,51,0.392,14,19,0.737,7,36,43,27,4,4,15,19,-5.0,2022-23
22022,1610612742,DAL,Dallas Mavericks,0022200844,2023-02-10,DAL @ SAC,W,241,122,43,88,0.489,18,43,0.419,18,19,0.947,11,28,39,34,4,0,9,19,8.0,2022-23
22022,1610612742,DAL,Dallas Mavericks,0022200829,2023-02-08,DAL @ LAC,W,240,110,41,78,0.526,17,35,0.486,11,17,0.647,8,36,44,26,7,6,18,20,6.0,2022-23
22022,1610612742,DAL,Dallas Mavericks,0022200813,2023-02-06,DAL @ UTA,W,241,124,41,88,0.466,15,39,0.385,27,31,0.871,17,32,49,26,6,4,13,25,13.0,2022-23
22022,1610612742,DAL,Dallas Mavericks,0022200800,2023-02-04,DAL @ GSW,L,241,113,39,85,0.459,14,40,0.35,21,27,0.778,10,29,39,22,9,1,14,18,-6.0,2022-23
22022,1610612742,DAL,Dallas Mavericks,0022200782,2023-02-02,DAL vs. NOP,W,241,111,37,85,0.435,14,41,0.341,23,29,0.793,6,30,36,16,10,3,8,24,5.0,2022-23
22022,1610612742,DAL,Dallas Mavericks,0022200761,2023-01-30,DAL vs. DET,W,241,111,39,79,0.494,10,34,0.294,23,33,0.697,9,31,40,17,6,1,10,18,6.0,2022-23
22022,1610612742,DAL,Dallas Mavericks,0022200750,2023-01-28,DAL @ UTA,L,242,100,35,80,0.438,18,46,0.391,12,17,0.706,7,24,31,26,7,3,14,18,-8.0,2022-23
22022,1610612742,DAL,Dallas Mavericks,0022200734,2023-01-26,DAL @ PHX,W,240,99,33,77,0.429,13,34,0.382,20,28,0.714,7,36,43,20,3,3,7,10,4.0,2022-23
22022,1610612742,DAL,Dallas Mavericks,0022200717,2023-01-24,DAL vs. WAS,L,241,126,47,89,0.528,10,30,0.333,22,26,0.846,8,30,38,24,6,2,9,25,-1.0,2022-23
22022,1610612742,DAL,Dallas Mavericks,0022200701,2023-01-22,DAL vs. LAC,L,240,98,35,80,0.438,13,35,0.371,15,26,0.577,12,26,38,15,3,3,10,21,-14.0,2022-23
22022,1610612742,DAL,Dallas Mavericks,0022200686,2023-01-20,DAL vs. MIA,W,240,115,37,80,0.463,18,38,0.474,23,28,0.821,10,27,37,21,7,1,10,22,25.0,2022-23
22022,1610612742,DAL,Dallas Mavericks,0022200670,2023-01-18,DAL vs. ATL,L,239,122,44,84,0.524,16,42,0.381,18,24,0.75,10,21,31,26,5,3,16,19,-8.0,2022-23
22022,1610612742,DAL,Dallas Mavericks,0022200654,2023-01-15,DAL @ POR,L,240,123,41,89,0.461,14,42,0.333,27,33,0.818,13,26,39,31,3,2,9,29,-17.0,2022-23
22022,1610612742,DAL,Dallas Mavericks,0022200647,2023-01-14,DAL @ POR,L,240,119,43,82,0.524,22,46,0.478,11,19,0.579,2,23,25,28,4,3,10,18,-17.0,2022-23
22022,1610612742,DAL,Dallas Mavericks,0022200630,2023-01-12,DAL @ LAL,W,289,119,48,96,0.5,14,42,0.333,9,17,0.529,3,51,54,25,4,9,16,26,4.0,2022-23
22022,1610612742,DAL,Dallas Mavericks,0022200617,2023-01-10,DAL @ LAC,L,241,101,30,69,0.435,12,38,0.316,29,36,0.806,3,29,32,15,5,6,11,17,-12.0,2022-23
22022,1610612742,DAL,Dallas Mavericks,0022200602,2023-01-08,DAL @ OKC,L,241,109,31,73,0.425,14,39,0.359,33,42,0.786,8,31,39,21,3,1,12,19,-11.0,2022-23
22022,1610612742,DAL,Dallas Mavericks,0022200593,2023-01-07,DAL vs. NOP,W,241,127,42,74,0.568,13,29,0.448,30,38,0.789,5,34,39,23,5,7,17,24,10.0,2022-23
22022,1610612742,DAL,Dallas Mavericks,0022200577,2023-01-05,DAL vs. BOS,L,241,95,34,90,0.378,7,32,0.219,20,25,0.8,11,31,42,15,4,3,11,19,-29.0,2022-23
22022,1610612742,DAL,Dallas Mavericks,0022200556,2023-01-02,DAL @ HOU,W,240,111,34,81,0.42,13,43,0.302,30,34,0.882,8,33,41,19,8,6,8,19,5.0,2022-23
22022,1610612742,DAL,Dallas Mavericks,0022200542,2022-12-31,DAL @ SAS,W,240,126,50,86,0.581,14,34,0.412,12,21,0.571,6,20,26,21,5,3,5,24,1.0,2022-23
22022,1610612742,DAL,Dallas Mavericks,0022200528,2022-12-29,DAL vs. HOU,W,240,129,47,91,0.516,18,45,0.4,17,25,0.68,6,38,44,30,7,8,8,26,15.0,2022-23
22022,1610612742,DAL,Dallas Mavericks,0022200512,2022-12-27,DAL vs. NYK,W,265,126,44,90,0.489,13,46,0.283,25,33,0.758,7,40,47,20,4,5,9,25,5.0,2022-23
22022,1610612742,DAL,Dallas Mavericks,0022200494,2022-12-25,DAL vs. LAL,W,239,124,44,84,0.524,18,44,0.409,18,25,0.72,11,27,38,31,6,3,11,26,9.0,2022-23
22022,1610612742,DAL,Dallas Mavericks,0022200487,2022-12-23,DAL @ HOU,W,240,112,36,80,0.45,16,44,0.364,24,27,0.889,7,27,34,20,10,7,14,21,6.0,2022-23
22022,1610612742,DAL,Dallas Mavericks,0022200473,2022-12-21,DAL @ MIN,W,240,104,34,75,0.453,13,39,0.333,23,27,0.852,7,32,39,17,6,3,13,12,5.0,2022-23
22022,1610612742,DAL,Dallas Mavericks,0022200456,2022-12-19,DAL @ MIN,L,239,106,31,76,0.408,19,45,0.422,25,31,0.806,8,34,42,23,5,5,15,23,-10.0,2022-23
22022,1610612742,DAL,Dallas Mavericks,0022200440,2022-12-17,DAL @ CLE,L,266,99,36,88,0.409,15,49,0.306,12,19,0.632,5,40,45,19,5,6,11,20,-1.0,2022-23
22022,1610612742,DAL,Dallas Mavericks,0022200436,2022-12-16,DAL vs. POR,W,241,130,45,81,0.556,18,43,0.419,22,26,0.846,3,37,40,25,4,5,12,19,20.0,2022-23
22022,1610612742,DAL,Dallas Mavericks,0022200421,2022-12-14,DAL vs. CLE,L,241,90,29,74,0.392,13,38,0.342,19,26,0.731,6,27,33,17,2,3,12,15,-15.0,2022-23
22022,1610612742,DAL,Dallas Mavericks,0022200405,2022-12-12,DAL vs. OKC,W,240,121,39,93,0.419,22,54,0.407,21,25,0.84,16,34,50,24,4,3,14,19,7.0,2022-23
22022,1610612742,DAL,Dallas Mavericks,0022200391,2022-12-10,DAL @ CHI,L,240,115,41,90,0.456,11,44,0.25,22,26,0.846,8,29,37,24,5,4,8,17,-29.0,2022-23
22022,1610612742,DAL,Dallas Mavericks,0022200386,2022-12-09,DAL vs. MIL,L,240,105,41,88,0.466,13,40,0.325,10,24,0.417,12,31,43,21,8,6,10,21,-1.0,2022-23
22022,1610612742,DAL,Dallas Mavericks,0022200362,2022-12-06,DAL @ DEN,W,239,116,36,72,0.5,17,36,0.472,27,31,0.871,4,31,35,27,10,4,15,32,1.0,2022-23
22022,1610612742,DAL,Dallas Mavericks,0022200358,2022-12-05,DAL vs. PHX,W,239,130,44,84,0.524,20,41,0.488,22,26,0.846,10,31,41,23,7,6,12,23,19.0,2022-23
22022,1610612742,DAL,Dallas Mavericks,0022200337,2022-12-03,DAL @ NYK,W,242,121,43,100,0.43,24,61,0.393,11,14,0.786,14,36,50,27,7,5,11,20,21.0,2022-23
22022,1610612742,DAL,Dallas Mavericks,0022200325,2022-12-01,DAL @ DET,L,266,125,46,86,0.535,19,46,0.413,14,29,0.483,4,26,30,25,8,7,13,24,-6.0,2022-23
22022,1610612742,DAL,Dallas Mavericks,0022200310,2022-11-29,DAL vs. GSW,W,239,116,42,91,0.462,15,44,0.341,17,27,0.63,8,31,39,21,7,4,13,21,3.0,2022-23
22022,1610612742,DAL,Dallas Mavericks,0022200298,2022-11-27,DAL @ MIL,L,239,115,41,80,0.513,17,41,0.415,16,25,0.64,6,26,32,23,6,2,13,17,-9.0,2022-23
22022,1610612742,DAL,Dallas Mavericks,0022200286,2022-11-26,DAL @ TOR,L,240,100,35,73,0.479,11,39,0.282,19,24,0.792,4,30,34,28,7,5,16,26,-5.0,2022-23
22022,1610612742,DAL,Dallas Mavericks,0022200264,2022-11-23,DAL @ BOS,L,241,112,44,82,0.537,11,31,0.355,13,21,0.619,5,30,35,20,4,3,14,23,-13.0,2022-23
22022,1610612742,DAL,Dallas Mavericks,0022200246,2022-11-20,DAL vs. DEN,L,241,97,35,78,0.449,15,42,0.357,12,21,0.571,6,30,36,24,5,3,12,18,-1.0,2022-23
22022,1610612742,DAL,Dallas Mavericks,0022200230,2022-11-18,DAL vs. DEN,W,240,127,46,77,0.597,13,32,0.406,22,28,0.786,6,38,44,29,5,3,10,19,28.0,2022-23
22022,1610612742,DAL,Dallas Mavericks,0022200218,2022-11-16,DAL vs. HOU,L,240,92,31,102,0.304,12,55,0.218,18,19,0.947,13,25,38,21,9,2,6,19,-9.0,2022-23
22022,1610612742,DAL,Dallas Mavericks,0022200207,2022-11-15,DAL vs. LAC,W,240,103,35,80,0.438,17,43,0.395,16,24,0.667,8,26,34,20,12,1,12,20,2.0,2022-23
22022,1610612742,DAL,Dallas Mavericks,0022200190,2022-11-12,DAL vs. POR,W,239,117,41,81,0.506,14,43,0.326,21,26,0.808,7,33,40,26,8,2,11,27,5.0,2022-23
22022,1610612742,DAL,Dallas Mavericks,0022200172,2022-11-10,DAL @ WAS,L,240,105,37,86,0.43,18,47,0.383,13,21,0.619,7,34,41,19,9,1,12,13,-8.0,2022-23
22022,1610612742,DAL,Dallas Mavericks,0022200161,2022-11-09,DAL @ ORL,L,240,87,32,85,0.376,11,42,0.262,12,19,0.632,4,25,29,17,14,4,4,19,-7.0,2022-23
22022,1610612742,DAL,Dallas Mavericks,0022200155,2022-11-07,DAL vs. BKN,W,240,96,32,72,0.444,12,28,0.429,20,24,0.833,12,29,41,18,7,3,22,20,2.0,2022-23
22022,1610612742,DAL,Dallas Mavericks,0022200127,2022-11-04,DAL vs. TOR,W,240,111,39,77,0.506,12,34,0.353,21,25,0.84,6,25,31,23,12,3,18,21,1.0,2022-23
22022,1610612742,DAL,Dallas Mavericks,0022200115,2022-11-02,DAL vs. UTA,W,240,103,42,84,0.5,11,38,0.289,8,15,0.533,7,30,37,20,9,4,11,14,3.0,2022-23
22022,1610612742,DAL,Dallas Mavericks,0022200093,2022-10-30,DAL vs. ORL,W,241,114,41,83,0.494,11,35,0.314,21,28,0.75,5,32,37,15,10,1,4,22,9.0,2022-23
22022,1610612742,DAL,Dallas Mavericks,0022200086,2022-10-29,DAL vs. OKC,L,264,111,38,95,0.4,8,40,0.2,27,34,0.794,12,37,49,17,8,5,16,30,-6.0,2022-23
22022,1610612742,DAL,Dallas Mavericks,0022200066,2022-10-27,DAL @ BKN,W,266,129,41,81,0.506,20,40,0.5,27,35,0.771,7,30,37,25,8,4,17,23,4.0,2022-23
22022,1610612742,DAL,Dallas Mavericks,0022200053,2022-10-25,DAL @ NOP,L,240,111,41,82,0.5,12,39,0.308,17,24,0.708,11,26,37,18,8,5,11,16,-2.0,2022-23
22022,1610612742,DAL,Dallas Mavericks,0022200034,2022-10-22,DAL vs. MEM,W,238,137,45,90,0.5,17,39,0.436,30,36,0.833,15,37,52,23,7,7,15,24,41.0,2022-23
22022,1610612742,DAL,Dallas Mavericks,0022200013,2022-10-19,DAL @ PHX,L,240,105,35,75,0.467,14,35,0.4,21,34,0.618,5,35,40,17,6,4,12,22,-2.0,2022-23
22023,1610612742,DAL,Dallas Mavericks,0022301196,2024-04-14,DAL @ OKC,L,241,86,32,97,0.33,8,39,0.205,14,17,0.824,12,29,41,19,8,2,14,15,-49.0,2023-24
22023,1610612742,DAL,Dallas Mavericks,0022301181,2024-04-12,DAL vs. DET,L,242,89,36,83,0.434,8,29,0.276,9,12,0.75,9,40,49,20,5,5,20,9,-18.0,2023-24
22023,1610612742,DAL,Dallas Mavericks,0022301161,2024-04-10,DAL @ MIA,W,241,111,43,87,0.494,15,44,0.341,10,13,0.769,8,31,39,27,8,8,7,13,19.0,2023-24
22023,1610612742,DAL,Dallas Mavericks,0022301144,2024-04-09,DAL @ CHA,W,240,130,50,93,0.538,17,50,0.34,13,20,0.65,16,39,55,35,6,7,14,19,26.0,2023-24
22023,1610612742,DAL,Dallas Mavericks,0022301131,2024-04-07,DAL vs. HOU,W,264,147,46,85,0.541,15,39,0.385,40,45,0.889,6,41,47,21,4,6,17,26,11.0,2023-24
22023,1610612742,DAL,Dallas Mavericks,0022301097,2024-04-05,DAL vs. GSW,W,239,108,40,84,0.476,12,34,0.353,16,21,0.762,8,33,41,30,9,9,17,17,2.0,2023-24
22023,1610612742,DAL,Dallas Mavericks,0022301124,2024-04-04,DAL vs. ATL,W,241,109,38,94,0.404,18,49,0.367,15,17,0.882,11,42,53,20,7,7,14,17,14.0,2023-24
22023,1610612742,DAL,Dallas Mavericks,0022300589,2024-04-02,DAL @ GSW,L,240,100,39,89,0.438,15,40,0.375,7,11,0.636,8,34,42,27,8,7,15,14,-4.0,2023-24
22023,1610612742,DAL,Dallas Mavericks,0022301083,2024-03-31,DAL @ HOU,W,239,125,48,93,0.516,24,47,0.511,5,9,0.556,10,37,47,24,7,8,13,17,18.0,2023-24
22023,1610612742,DAL,Dallas Mavericks,0022301073,2024-03-29,DAL @ SAC,W,240,107,35,74,0.473,15,35,0.429,22,33,0.667,6,36,42,24,4,6,10,12,4.0,2023-24
22023,1610612742,DAL,Dallas Mavericks,0022301047,2024-03-26,DAL @ SAC,W,239,132,51,92,0.554,22,39,0.564,8,13,0.615,5,44,49,34,10,4,9,18,36.0,2023-24
22023,1610612742,DAL,Dallas Mavericks,0022301041,2024-03-25,DAL @ UTA,W,240,115,44,92,0.478,12,42,0.286,15,18,0.833,10,37,47,31,9,7,6,17,10.0,2023-24
22023,1610612742,DAL,Dallas Mavericks,0022301008,2024-03-21,DAL vs. UTA,W,239,113,43,86,0.5,10,32,0.313,17,28,0.607,11,32,43,33,12,3,13,20,16.0,2023-24
22023,1610612742,DAL,Dallas Mavericks,0022300994,2024-03-19,DAL @ SAS,W,239,113,44,91,0.484,10,30,0.333,15,17,0.882,3,37,40,31,6,3,9,18,6.0,2023-24
22023,1610612742,DAL,Dallas Mavericks,0022300978,2024-03-17,DAL vs. DEN,W,240,107,42,100,0.42,9,35,0.257,14,21,0.667,22,38,60,22,5,5,11,21,2.0,2023-24
22023,1610612742,DAL,Dallas Mavericks,0022300959,2024-03-14,DAL @ OKC,L,241,119,43,84,0.512,12,29,0.414,21,26,0.808,10,30,40,25,6,2,19,20,-7.0,2023-24
22023,1610612742,DAL,Dallas Mavericks,0022300952,2024-03-13,DAL vs. GSW,W,241,109,44,82,0.537,6,27,0.222,15,19,0.789,9,33,42,30,6,13,16,16,10.0,2023-24
22023,1610612742,DAL,Dallas Mavericks,0022300935,2024-03-11,DAL @ CHI,W,239,127,51,93,0.548,13,41,0.317,12,15,0.8,10,39,49,33,10,6,6,17,35.0,2023-24
22023,1610612742,DAL,Dallas Mavericks,0022300919,2024-03-09,DAL @ DET,W,240,142,51,92,0.554,14,38,0.368,26,32,0.813,4,32,36,29,13,8,14,18,18.0,2023-24
22023,1610612742,DAL,Dallas Mavericks,0022300904,2024-03-07,DAL vs. MIA,W,240,114,40,87,0.46,16,41,0.39,18,23,0.783,10,35,45,27,5,6,9,16,6.0,2023-24
22023,1610612742,DAL,Dallas Mavericks,0022300892,2024-03-05,DAL vs. IND,L,241,120,45,93,0.484,13,39,0.333,17,21,0.81,9,32,41,23,5,6,9,23,-17.0,2023-24
22023,1610612742,DAL,Dallas Mavericks,0022300871,2024-03-03,DAL vs. PHI,L,239,116,40,86,0.465,16,41,0.39,20,23,0.87,12,33,45,20,6,2,17,18,-4.0,2023-24
22023,1610612742,DAL,Dallas Mavericks,0022300859,2024-03-01,DAL @ BOS,L,240,110,44,94,0.468,9,34,0.265,13,18,0.722,10,32,42,20,4,4,7,12,-28.0,2023-24
22023,1610612742,DAL,Dallas Mavericks,0022300844,2024-02-28,DAL @ TOR,W,240,136,52,96,0.542,15,43,0.349,17,21,0.81,11,39,50,32,7,10,14,20,11.0,2023-24
22023,1610612742,DAL,Dallas Mavericks,0022300832,2024-02-27,DAL @ CLE,L,240,119,48,91,0.527,14,33,0.424,9,15,0.6,5,31,36,23,11,6,5,12,-2.0,2023-24
22023,1610612742,DAL,Dallas Mavericks,0022300819,2024-02-25,DAL @ IND,L,240,111,41,87,0.471,14,31,0.452,15,21,0.714,8,30,38,15,9,4,15,13,-22.0,2023-24
22023,1610612742,DAL,Dallas Mavericks,0022300796,2024-02-22,DAL vs. PHX,W,240,123,43,90,0.478,19,44,0.432,18,21,0.857,10,29,39,24,10,5,10,21,10.0,2023-24
22023,1610612742,DAL,Dallas Mavericks,0022300785,2024-02-14,DAL vs. SAS,W,238,116,49,92,0.533,11,30,0.367,7,10,0.7,8,47,55,28,6,10,15,14,23.0,2023-24
22023,1610612742,DAL,Dallas Mavericks,0022300768,2024-02-12,DAL vs. WAS,W,240,112,43,96,0.448,9,36,0.25,17,26,0.654,12,44,56,27,7,12,16,18,8.0,2023-24
22023,1610612742,DAL,Dallas Mavericks,0022300748,2024-02-10,DAL vs. OKC,W,239,146,53,91,0.582,15,38,0.395,25,33,0.758,11,43,54,30,8,3,12,23,35.0,2023-24
22023,1610612742,DAL,Dallas Mavericks,0022300736,2024-02-08,DAL @ NYK,W,239,122,43,82,0.524,18,42,0.429,18,23,0.783,6,34,40,30,7,6,8,13,14.0,2023-24
22023,1610612742,DAL,Dallas Mavericks,0022300720,2024-02-06,DAL @ BKN,W,240,119,46,91,0.505,19,43,0.442,8,13,0.615,6,39,45,25,7,3,10,12,12.0,2023-24
22023,1610612742,DAL,Dallas Mavericks,0022300715,2024-02-05,DAL @ PHI,W,243,118,42,87,0.483,17,43,0.395,17,23,0.739,8,36,44,28,6,4,9,16,16.0,2023-24
22023,1610612742,DAL,Dallas Mavericks,0022300702,2024-02-03,DAL vs. MIL,L,240,117,40,81,0.494,16,39,0.41,21,23,0.913,8,34,42,22,9,1,21,19,-12.0,2023-24
22023,1610612742,DAL,Dallas Mavericks,0022300680,2024-01-31,DAL @ MIN,L,239,87,31,76,0.408,6,29,0.207,19,26,0.731,9,22,31,18,4,4,16,24,-34.0,2023-24
22023,1610612742,DAL,Dallas Mavericks,0022300666,2024-01-29,DAL vs. ORL,W,241,131,43,69,0.623,13,27,0.481,32,43,0.744,3,32,35,27,6,2,15,24,2.0,2023-24
22023,1610612742,DAL,Dallas Mavericks,0022300651,2024-01-27,DAL vs. SAC,L,239,115,43,98,0.439,16,46,0.348,13,18,0.722,13,30,43,35,7,2,10,24,-5.0,2023-24
22023,1610612742,DAL,Dallas Mavericks,0022300634,2024-01-26,DAL @ ATL,W,241,148,51,85,0.6,19,35,0.543,27,32,0.844,6,31,37,28,3,5,13,25,5.0,2023-24
22023,1610612742,DAL,Dallas Mavericks,0022300625,2024-01-24,DAL vs. PHX,L,240,109,41,89,0.461,17,43,0.395,10,18,0.556,10,23,33,25,4,3,14,16,-23.0,2023-24
22023,1610612742,DAL,Dallas Mavericks,0022300611,2024-01-22,DAL vs. BOS,L,242,110,43,97,0.443,14,40,0.35,10,14,0.714,10,38,48,24,4,4,10,20,-9.0,2023-24
22023,1610612742,DAL,Dallas Mavericks,0022300577,2024-01-17,DAL @ LAL,L,240,110,42,91,0.462,11,40,0.275,15,18,0.833,11,32,43,26,4,5,15,19,-17.0,2023-24
22023,1610612742,DAL,Dallas Mavericks,0022300556,2024-01-15,DAL vs. NOP,W,240,125,39,85,0.459,18,43,0.419,29,35,0.829,13,29,42,24,4,6,11,29,5.0,2023-24
22023,1610612742,DAL,Dallas Mavericks,0022300547,2024-01-13,DAL vs. NOP,L,239,108,37,82,0.451,15,41,0.366,19,20,0.95,9,25,34,23,6,1,12,25,-10.0,2023-24
22023,1610612742,DAL,Dallas Mavericks,0022300530,2024-01-11,DAL vs. NYK,W,241,128,44,88,0.5,17,41,0.415,23,30,0.767,11,27,38,27,6,2,10,19,4.0,2023-24
22023,1610612742,DAL,Dallas Mavericks,0022300515,2024-01-09,DAL vs. MEM,L,240,103,36,82,0.439,9,27,0.333,22,27,0.815,8,25,33,20,9,4,12,17,-17.0,2023-24
22023,1610612742,DAL,Dallas Mavericks,0022300501,2024-01-07,DAL vs. MIN,W,240,115,43,95,0.453,15,40,0.375,14,20,0.7,15,29,44,20,7,8,11,19,7.0,2023-24
22023,1610612742,DAL,Dallas Mavericks,0022300487,2024-01-05,DAL vs. POR,W,240,139,56,96,0.583,17,38,0.447,10,15,0.667,10,42,52,35,11,8,17,21,36.0,2023-24
22023,1610612742,DAL,Dallas Mavericks,0022300472,2024-01-03,DAL vs. POR,W,240,126,42,84,0.5,13,30,0.433,29,41,0.707,7,36,43,25,12,7,11,18,29.0,2023-24
22023,1610612742,DAL,Dallas Mavericks,0022300457,2024-01-01,DAL @ UTA,L,241,90,37,93,0.398,11,40,0.275,5,10,0.5,8,33,41,28,6,5,16,15,-37.0,2023-24
22023,1610612742,DAL,Dallas Mavericks,0022300444,2023-12-30,DAL @ GSW,W,241,132,49,88,0.557,16,40,0.4,18,22,0.818,6,37,43,25,5,2,9,14,10.0,2023-24
22023,1610612742,DAL,Dallas Mavericks,0022300423,2023-12-28,DAL @ MIN,L,240,110,40,90,0.444,14,33,0.424,16,19,0.842,13,26,39,29,9,3,16,27,-8.0,2023-24
22023,1610612742,DAL,Dallas Mavericks,0022300420,2023-12-27,DAL vs. CLE,L,241,110,39,88,0.443,10,37,0.27,22,26,0.846,7,30,37,21,12,7,10,21,-3.0,2023-24
22023,1610612742,DAL,Dallas Mavericks,0022300405,2023-12-25,DAL @ PHX,W,240,128,45,84,0.536,16,44,0.364,22,30,0.733,8,30,38,28,7,6,11,20,14.0,2023-24
22023,1610612742,DAL,Dallas Mavericks,0022300398,2023-12-23,DAL vs. SAS,W,241,144,52,100,0.52,23,45,0.511,17,21,0.81,11,41,52,26,7,6,12,18,25.0,2023-24
22023,1610612742,DAL,Dallas Mavericks,0022300385,2023-12-22,DAL @ HOU,L,240,96,35,101,0.347,7,40,0.175,19,26,0.731,14,33,47,18,10,1,11,17,-26.0,2023-24
22023,1610612742,DAL,Dallas Mavericks,0022300372,2023-12-20,DAL vs. LAC,L,241,111,39,91,0.429,14,43,0.326,19,27,0.704,13,23,36,23,8,3,6,19,-9.0,2023-24
22023,1610612742,DAL,Dallas Mavericks,0022300356,2023-12-18,DAL @ DEN,L,240,104,41,92,0.446,13,38,0.342,9,19,0.474,15,28,43,19,2,0,11,20,-26.0,2023-24
22023,1610612742,DAL,Dallas Mavericks,0022300341,2023-12-16,DAL @ POR,W,240,131,48,97,0.495,16,47,0.34,19,21,0.905,11,36,47,27,7,2,12,17,11.0,2023-24
22023,1610612742,DAL,Dallas Mavericks,0022300321,2023-12-14,DAL vs. MIN,L,240,101,39,83,0.47,7,32,0.219,16,18,0.889,4,30,34,21,6,2,15,19,-18.0,2023-24
22023,1610612742,DAL,Dallas Mavericks,0022300306,2023-12-12,DAL vs. LAL,W,239,127,44,89,0.494,21,43,0.488,18,21,0.857,12,24,36,28,7,5,10,17,2.0,2023-24
22023,1610612742,DAL,Dallas Mavericks,0022300299,2023-12-11,DAL @ MEM,W,239,120,43,86,0.5,17,40,0.425,17,19,0.895,10,33,43,27,8,9,17,17,7.0,2023-24
22023,1610612742,DAL,Dallas Mavericks,0022301226,2023-12-08,DAL @ POR,W,240,125,47,91,0.516,12,39,0.308,19,22,0.864,9,33,42,26,8,5,15,23,13.0,2023-24
22023,1610612742,DAL,Dallas Mavericks,0022301213,2023-12-06,DAL vs. UTA,W,241,147,56,101,0.554,22,49,0.449,13,19,0.684,11,36,47,37,11,5,7,14,50.0,2023-24
22023,1610612742,DAL,Dallas Mavericks,0022300287,2023-12-02,DAL vs. OKC,L,241,120,39,87,0.448,19,52,0.365,23,35,0.657,15,32,47,26,5,12,15,21,-6.0,2023-24
22023,1610612742,DAL,Dallas Mavericks,0022300277,2023-12-01,DAL vs. MEM,L,240,94,34,92,0.37,12,39,0.308,14,21,0.667,13,29,42,27,9,5,11,13,-14.0,2023-24
22023,1610612742,DAL,Dallas Mavericks,0022300059,2023-11-28,DAL vs. HOU,W,241,121,42,89,0.472,12,34,0.353,25,29,0.862,9,29,38,25,5,4,7,25,6.0,2023-24
22023,1610612742,DAL,Dallas Mavericks,0022300244,2023-11-25,DAL @ LAC,L,239,88,34,91,0.374,9,38,0.237,11,14,0.786,10,27,37,17,6,5,9,24,-19.0,2023-24
22023,1610612742,DAL,Dallas Mavericks,0022300238,2023-11-22,DAL @ LAL,W,240,104,38,96,0.396,16,50,0.32,12,16,0.75,11,37,48,21,5,4,4,18,3.0,2023-24
22023,1610612742,DAL,Dallas Mavericks,0022300212,2023-11-19,DAL vs. SAC,L,239,113,41,88,0.466,12,34,0.353,19,26,0.731,11,29,40,23,8,2,10,15,-16.0,2023-24
22023,1610612742,DAL,Dallas Mavericks,0022300205,2023-11-18,DAL @ MIL,L,240,125,51,103,0.495,16,47,0.34,7,10,0.7,11,38,49,27,1,2,12,16,-7.0,2023-24
22023,1610612742,DAL,Dallas Mavericks,0022300192,2023-11-15,DAL @ WAS,W,241,130,48,92,0.522,17,42,0.405,17,29,0.586,9,37,46,32,6,4,10,16,13.0,2023-24
22023,1610612742,DAL,Dallas Mavericks,0022300022,2023-11-14,DAL @ NOP,L,239,110,38,90,0.422,14,42,0.333,20,26,0.769,16,29,45,25,4,3,20,16,-21.0,2023-24
22023,1610612742,DAL,Dallas Mavericks,0022300183,2023-11-12,DAL @ NOP,W,241,136,50,102,0.49,20,53,0.377,16,21,0.762,8,34,42,29,7,6,6,19,12.0,2023-24
22023,1610612742,DAL,Dallas Mavericks,0022300014,2023-11-10,DAL vs. LAC,W,240,144,51,98,0.52,19,42,0.452,23,26,0.885,15,26,41,30,7,1,8,23,18.0,2023-24
22023,1610612742,DAL,Dallas Mavericks,0022300168,2023-11-08,DAL vs. TOR,L,240,116,40,84,0.476,17,41,0.415,19,31,0.613,6,32,38,25,4,6,15,21,-11.0,2023-24
22023,1610612742,DAL,Dallas Mavericks,0022300147,2023-11-06,DAL @ ORL,W,239,117,41,82,0.5,15,40,0.375,20,28,0.714,5,26,31,21,9,6,14,20,15.0,2023-24
22023,1610612742,DAL,Dallas Mavericks,0022300143,2023-11-05,DAL vs. CHA,W,239,124,43,91,0.473,14,42,0.333,24,32,0.75,9,38,47,31,3,6,10,19,6.0,2023-24
22023,1610612742,DAL,Dallas Mavericks,0022300006,2023-11-03,DAL @ DEN,L,240,114,41,86,0.477,17,42,0.405,15,17,0.882,10,24,34,27,12,6,15,19,-11.0,2023-24
22023,1610612742,DAL,Dallas Mavericks,0022300124,2023-11-01,DAL vs. CHI,W,237,114,37,81,0.457,20,48,0.417,20,28,0.714,13,32,45,23,7,2,13,11,9.0,2023-24
22023,1610612742,DAL,Dallas Mavericks,0022300106,2023-10-30,DAL @ MEM,W,240,125,42,84,0.5,23,47,0.489,18,24,0.75,6,42,48,24,4,7,15,17,15.0,2023-24
22023,1610612742,DAL,Dallas Mavericks,0022300084,2023-10-27,DAL vs. BKN,W,240,125,44,91,0.484,15,36,0.417,22,28,0.786,8,32,40,20,5,2,9,15,5.0,2023-24
22023,1610612742,DAL,Dallas Mavericks,0022300073,2023-10-25,DAL @ SAS,W,241,126,47,99,0.475,15,47,0.319,17,23,0.739,13,35,48,24,6,3,12,20,7.0,2023-24
42023,1610612742,DAL,Dallas Mavericks,0042300405,2024-06-17,DAL @ BOS,L,240,88,35,78,0.449,11,37,0.297,7,13,0.538,7,28,35,18,4,4,13,20,-18.0,2023-24
42023,1610612742,DAL,Dallas Mavericks,0042300404,2024-06-14,DAL vs. BOS,W,240,122,46,91,0.505,15,37,0.405,15,22,0.682,13,39,52,21,7,2,8,17,38.0,2023-24
42023,1610612742,DAL,Dallas Mavericks,0042300403,2024-06-12,DAL vs. BOS,L,240,99,38,86,0.442,9,25,0.36,14,16,0.875,7,36,43,15,5,1,8,17,-7.0,2023-24
42023,1610612742,DAL,Dallas Mavericks,0042300402,2024-06-09,DAL @ BOS,L,240,98,38,80,0.475,6,26,0.231,16,24,0.667,9,34,43,21,5,3,15,17,-7.0,2023-24
42023,1610612742,DAL,Dallas Mavericks,0042300401,2024-06-06,DAL @ BOS,L,239,89,35,84,0.417,7,27,0.259,12,19,0.632,10,33,43,9,8,1,11,16,-18.0,2023-24
42023,1610612742,DAL,Dallas Mavericks,0042300315,2024-05-30,DAL @ MIN,W,240,124,46,84,0.548,15,34,0.441,17,23,0.739,9,36,45,19,7,5,12,20,21.0,2023-24
42023,1610612742,DAL,Dallas Mavericks,0042300314,2024-05-28,DAL vs. MIN,L,239,100,34,81,0.42,14,40,0.35,18,21,0.857,10,28,38,23,6,4,13,22,-5.0,2023-24
42023,1610612742,DAL,Dallas Mavericks,0042300313,2024-05-26,DAL vs. MIN,W,239,116,38,68,0.559,14,28,0.5,26,31,0.839,7,25,32,19,7,5,14,19,9.0,2023-24
42023,1610612742,DAL,Dallas Mavericks,0042300312,2024-05-24,DAL @ MIN,W,240,109,41,84,0.488,12,31,0.387,15,22,0.682,11,33,44,24,7,7,10,17,1.0,2023-24
42023,1610612742,DAL,Dallas Mavericks,0042300311,2024-05-22,DAL @ MIN,W,240,108,43,87,0.494,6,25,0.24,16,17,0.941,11,37,48,21,5,8,13,15,3.0,2023-24
42023,1610612742,DAL,Dallas Mavericks,0042300226,2024-05-18,DAL vs. OKC,W,242,117,42,82,0.512,16,34,0.471,17,24,0.708,14,33,47,25,5,4,17,23,1.0,2023-24
42023,1610612742,DAL,Dallas Mavericks,0042300225,2024-05-15,DAL @ OKC,W,238,104,40,76,0.526,14,35,0.4,10,13,0.769,9,37,46,27,5,5,14,17,12.0,2023-24
42023,1610612742,DAL,Dallas Mavericks,0042300224,2024-05-13,DAL vs. OKC,L,240,96,36,88,0.409,12,35,0.343,12,23,0.522,12,35,47,26,4,13,13,18,-4.0,2023-24
42023,1610612742,DAL,Dallas Mavericks,0042300223,2024-05-11,DAL vs. OKC,W,241,105,39,91,0.429,11,33,0.333,16,25,0.64,15,33,48,21,7,2,13,16,4.0,2023-24
42023,1610612742,DAL,Dallas Mavericks,0042300222,2024-05-09,DAL @ OKC,W,238,119,42,90,0.467,18,37,0.486,17,24,0.708,12,32,44,30,8,6,10,21,9.0,2023-24
42023,1610612742,DAL,Dallas Mavericks,0042300221,2024-05-07,DAL @ OKC,L,240,95,33,84,0.393,12,35,0.343,17,25,0.68,11,28,39,19,5,8,15,21,-22.0,2023-24
42023,1610612742,DAL,Dallas Mavericks,0042300176,2024-05-03,DAL vs. LAC,W,238,114,40,83,0.482,12,36,0.333,22,33,0.667,18,27,45,26,6,4,9,24,13.0,2023-24
42023,1610612742,DAL,Dallas Mavericks,0042300175,2024-05-01,DAL @ LAC,W,241,123,47,87,0.54,14,39,0.359,15,20,0.75,9,31,40,27,5,6,8,22,30.0,2023-24
42023,1610612742,DAL,Dallas Mavericks,0042300174,2024-04-28,DAL vs. LAC,L,241,111,40,81,0.494,11,33,0.333,20,25,0.8,14,28,42,22,5,5,16,21,-5.0,2023-24
42023,1610612742,DAL,Dallas Mavericks,0042300173,2024-04-26,DAL vs. LAC,W,240,101,39,86,0.453,9,35,0.257,14,19,0.737,11,25,36,21,12,7,8,16,11.0,2023-24
42023,1610612742,DAL,Dallas Mavericks,0042300172,2024-04-23,DAL @ LAC,W,239,96,32,76,0.421,14,33,0.424,18,27,0.667,11,39,50,17,8,7,13,23,3.0,2023-24
42023,1610612742,DAL,Dallas Mavericks,0042300171,2024-04-21,DAL @ LAC,L,241,97,31,80,0.388,10,33,0.303,25,33,0.758,9,32,41,14,7,9,8,15,-12.0,2023-24
22024,1610612742,DAL,Dallas Mavericks,0022401194,2025-04-13,DAL @ MEM,L,240,97,38,87,0.437,5,28,0.179,16,22,0.727,10,28,38,20,6,3,18,13,-35.0,2024-25
22024,1610612742,DAL,Dallas Mavericks,0022401178,2025-04-11,DAL vs. TOR,W,241,124,49,89,0.551,15,34,0.441,11,17,0.647,12,44,56,34,8,10,17,12,22.0,2024-25
22024,1610612742,DAL,Dallas Mavericks,0022401159,2025-04-09,DAL vs. LAL,L,240,97,36,72,0.5,9,26,0.346,16,23,0.696,9,29,38,30,6,6,19,14,-15.0,2024-25
22024,1610612742,DAL,Dallas Mavericks,0022401132,2025-04-05,DAL @ LAC,L,239,104,34,78,0.436,7,27,0.259,29,38,0.763,10,31,41,18,5,8,15,18,-31.0,2024-25
22024,1610612742,DAL,Dallas Mavericks,0022401127,2025-04-04,DAL @ LAC,L,240,91,35,77,0.455,4,20,0.2,17,26,0.654,6,33,39,19,7,0,17,14,-23.0,2024-25
22024,1610612742,DAL,Dallas Mavericks,0022401109,2025-04-02,DAL vs. ATL,W,240,120,44,83,0.53,15,33,0.455,17,21,0.81,4,38,42,27,7,8,13,16,2.0,2024-25
22024,1610612742,DAL,Dallas Mavericks,0022401095,2025-03-31,DAL vs. BKN,L,240,109,41,86,0.477,10,30,0.333,17,29,0.586,12,37,49,29,4,3,8,19,-4.0,2024-25
22024,1610612742,DAL,Dallas Mavericks,0022401077,2025-03-29,DAL @ CHI,W,239,120,47,101,0.465,9,30,0.3,17,21,0.81,8,33,41,28,9,8,6,18,1.0,2024-25
22024,1610612742,DAL,Dallas Mavericks,0022401060,2025-03-27,DAL @ ORL,W,240,101,37,78,0.474,11,22,0.5,16,22,0.727,5,35,40,21,10,1,14,17,9.0,2024-25
22024,1610612742,DAL,Dallas Mavericks,0022401048,2025-03-25,DAL @ NYK,L,241,113,43,80,0.538,6,19,0.316,21,25,0.84,5,28,33,19,9,3,16,16,-15.0,2024-25
22024,1610612742,DAL,Dallas Mavericks,0022401040,2025-03-24,DAL @ BKN,W,241,120,49,87,0.563,10,31,0.323,12,16,0.75,11,30,41,34,10,1,10,15,19.0,2024-25
22024,1610612742,DAL,Dallas Mavericks,0022401019,2025-03-21,DAL vs. DET,W,239,123,42,80,0.525,12,34,0.353,27,36,0.75,10,34,44,25,10,7,20,16,6.0,2024-25
22024,1610612742,DAL,Dallas Mavericks,0022400998,2025-03-19,DAL @ IND,L,238,131,48,88,0.545,11,27,0.407,24,32,0.75,7,34,41,23,6,0,12,26,-4.0,2024-25
22024,1610612742,DAL,Dallas Mavericks,0022400976,2025-03-16,DAL vs. PHI,L,241,125,46,87,0.529,10,34,0.294,23,30,0.767,10,35,45,26,4,3,15,19,-5.0,2024-25
22024,1610612742,DAL,Dallas Mavericks,0022400961,2025-03-14,DAL @ HOU,L,241,96,39,94,0.415,8,22,0.364,10,12,0.833,6,28,34,14,4,6,7,11,-37.0,2024-25
22024,1610612742,DAL,Dallas Mavericks,0022400951,2025-03-12,DAL @ SAS,L,238,116,45,81,0.556,13,32,0.406,13,17,0.765,3,28,31,30,8,0,17,12,-10.0,2024-25
22024,1610612742,DAL,Dallas Mavericks,0022400937,2025-03-10,DAL @ SAS,W,240,133,47,88,0.534,12,38,0.316,27,30,0.9,10,30,40,25,5,2,10,18,4.0,2024-25
22024,1610612742,DAL,Dallas Mavericks,0022400921,2025-03-09,DAL vs. PHX,L,240,116,43,88,0.489,17,42,0.405,13,16,0.813,5,27,32,29,8,2,6,13,-9.0,2024-25
22024,1610612742,DAL,Dallas Mavericks,0022400906,2025-03-07,DAL vs. MEM,L,240,111,37,96,0.385,15,41,0.366,22,24,0.917,11,34,45,24,7,7,12,13,-11.0,2024-25
22024,1610612742,DAL,Dallas Mavericks,0022400897,2025-03-05,DAL @ MIL,L,240,107,45,98,0.459,13,39,0.333,4,10,0.4,5,25,30,30,13,3,10,13,-30.0,2024-25
22024,1610612742,DAL,Dallas Mavericks,0022400880,2025-03-03,DAL vs. SAC,L,241,98,35,77,0.455,7,26,0.269,21,24,0.875,7,30,37,28,5,1,13,13,-24.0,2024-25
22024,1610612742,DAL,Dallas Mavericks,0022400865,2025-03-01,DAL vs. MIL,L,240,117,43,91,0.473,11,40,0.275,20,25,0.8,8,25,33,25,7,1,11,23,-15.0,2024-25
22024,1610612742,DAL,Dallas Mavericks,0022400847,2025-02-27,DAL vs. CHA,W,240,103,40,97,0.412,11,36,0.306,12,16,0.75,10,38,48,23,12,7,7,11,7.0,2024-25
22024,1610612742,DAL,Dallas Mavericks,0022400835,2025-02-25,DAL @ LAL,L,240,99,35,98,0.357,17,44,0.386,12,13,0.923,14,31,45,23,7,11,12,14,-8.0,2024-25
22024,1610612742,DAL,Dallas Mavericks,0022400812,2025-02-23,DAL @ GSW,L,240,102,38,82,0.463,13,32,0.406,13,19,0.684,7,34,41,24,7,4,18,22,-24.0,2024-25
22024,1610612742,DAL,Dallas Mavericks,0022400803,2025-02-21,DAL vs. NOP,W,240,111,37,86,0.43,16,44,0.364,21,27,0.778,8,39,47,28,8,4,13,18,8.0,2024-25
22024,1610612742,DAL,Dallas Mavericks,0022400786,2025-02-13,DAL vs. MIA,W,242,118,46,90,0.511,13,36,0.361,13,16,0.813,11,29,40,28,7,2,13,17,5.0,2024-25
22024,1610612742,DAL,Dallas Mavericks,0022400782,2025-02-12,DAL vs. GSW,W,240,111,42,87,0.483,15,36,0.417,12,15,0.8,9,30,39,20,9,7,14,16,4.0,2024-25
22024,1610612742,DAL,Dallas Mavericks,0022400762,2025-02-10,DAL vs. SAC,L,265,128,49,95,0.516,15,37,0.405,15,24,0.625,5,28,33,31,11,4,11,19,-1.0,2024-25
22024,1610612742,DAL,Dallas Mavericks,0022400741,2025-02-08,DAL vs. HOU,W,242,116,39,83,0.47,12,23,0.522,26,34,0.765,12,31,43,22,4,18,5,18,11.0,2024-25
22024,1610612742,DAL,Dallas Mavericks,0022400728,2025-02-06,DAL @ BOS,W,242,127,49,88,0.557,15,33,0.455,14,18,0.778,8,27,35,32,9,4,8,15,7.0,2024-25
22024,1610612742,DAL,Dallas Mavericks,0022400712,2025-02-04,DAL @ PHI,L,242,116,40,85,0.471,11,33,0.333,25,31,0.806,15,29,44,24,8,4,12,19,-2.0,2024-25
22024,1610612742,DAL,Dallas Mavericks,0022400696,2025-02-02,DAL @ CLE,L,241,101,40,103,0.388,9,43,0.209,12,15,0.8,10,35,45,22,6,3,9,11,-43.0,2024-25
22024,1610612742,DAL,Dallas Mavericks,0022400680,2025-01-31,DAL @ DET,L,240,102,37,87,0.425,11,33,0.333,17,21,0.81,16,30,46,20,4,13,16,14,-15.0,2024-25
22024,1610612742,DAL,Dallas Mavericks,0022400670,2025-01-29,DAL @ NOP,W,239,137,52,96,0.542,20,43,0.465,13,17,0.765,16,35,51,30,6,6,18,17,1.0,2024-25
22024,1610612742,DAL,Dallas Mavericks,0022400657,2025-01-27,DAL vs. WAS,W,241,130,49,92,0.533,20,45,0.444,12,17,0.706,13,38,51,39,5,7,11,20,22.0,2024-25
22024,1610612742,DAL,Dallas Mavericks,0022400635,2025-01-25,DAL vs. BOS,L,239,107,39,88,0.443,8,22,0.364,21,28,0.75,13,36,49,18,2,8,12,20,-15.0,2024-25
22024,1610612742,DAL,Dallas Mavericks,0022400625,2025-01-23,DAL @ OKC,W,240,121,39,74,0.527,14,31,0.452,29,36,0.806,8,35,43,25,9,3,20,25,6.0,2024-25
22024,1610612742,DAL,Dallas Mavericks,0022400614,2025-01-22,DAL vs. MIN,L,240,114,45,90,0.5,8,29,0.276,16,19,0.842,7,31,38,24,5,4,13,21,-1.0,2024-25
22024,1610612742,DAL,Dallas Mavericks,0022400599,2025-01-20,DAL @ CHA,L,240,105,38,88,0.432,6,32,0.188,23,26,0.885,16,35,51,19,10,8,14,15,-5.0,2024-25
22024,1610612742,DAL,Dallas Mavericks,0022400583,2025-01-17,DAL vs. OKC,W,240,106,37,75,0.493,16,41,0.39,16,22,0.727,6,37,43,25,11,7,17,18,8.0,2024-25
22024,1610612742,DAL,Dallas Mavericks,0022400566,2025-01-15,DAL @ NOP,L,239,116,43,90,0.478,12,35,0.343,18,25,0.72,8,37,45,27,9,3,15,17,-3.0,2024-25
22024,1610612742,DAL,Dallas Mavericks,0022400559,2025-01-14,DAL vs. DEN,L,239,99,38,90,0.422,9,32,0.281,14,22,0.636,8,22,30,27,14,6,12,17,-19.0,2024-25
22024,1610612742,DAL,Dallas Mavericks,0022400540,2025-01-12,DAL vs. DEN,L,242,101,35,85,0.412,12,34,0.353,19,25,0.76,8,29,37,27,7,5,12,20,-11.0,2024-25
22024,1610612742,DAL,Dallas Mavericks,0022400521,2025-01-09,DAL vs. POR,W,240,117,40,88,0.455,10,30,0.333,27,30,0.9,16,37,53,26,8,7,14,18,6.0,2024-25
22024,1610612742,DAL,Dallas Mavericks,0022400504,2025-01-07,DAL vs. LAL,W,238,118,45,86,0.523,18,38,0.474,10,14,0.714,11,33,44,29,7,0,10,16,21.0,2024-25
22024,1610612742,DAL,Dallas Mavericks,0022400499,2025-01-06,DAL @ MEM,L,241,104,40,98,0.408,13,36,0.361,11,15,0.733,13,37,50,25,7,8,15,22,-15.0,2024-25
22024,1610612742,DAL,Dallas Mavericks,0022400474,2025-01-03,DAL vs. CLE,L,240,122,43,100,0.43,12,44,0.273,24,30,0.8,21,32,53,29,3,4,12,17,-12.0,2024-25
22024,1610612742,DAL,Dallas Mavericks,0022400460,2025-01-01,DAL @ HOU,L,240,99,40,75,0.533,11,28,0.393,8,16,0.5,6,32,38,19,9,12,20,20,-11.0,2024-25
22024,1610612742,DAL,Dallas Mavericks,0022400448,2024-12-30,DAL @ SAC,L,241,100,32,76,0.421,12,31,0.387,24,29,0.828,2,34,36,17,8,13,17,20,-10.0,2024-25
22024,1610612742,DAL,Dallas Mavericks,0022400434,2024-12-28,DAL @ POR,L,240,122,43,89,0.483,15,38,0.395,21,26,0.808,10,30,40,20,6,10,13,21,-4.0,2024-25
22024,1610612742,DAL,Dallas Mavericks,0022400425,2024-12-27,DAL @ PHX,W,242,98,35,80,0.438,12,34,0.353,16,17,0.941,7,34,41,24,6,5,15,15,9.0,2024-25
22024,1610612742,DAL,Dallas Mavericks,0022400406,2024-12-25,DAL vs. MIN,L,240,99,36,87,0.414,16,43,0.372,11,11,1.0,11,32,43,15,6,8,12,13,-6.0,2024-25
22024,1610612742,DAL,Dallas Mavericks,0022400401,2024-12-23,DAL vs. POR,W,241,132,48,90,0.533,12,36,0.333,24,34,0.706,13,28,41,27,10,4,10,21,24.0,2024-25
22024,1610612742,DAL,Dallas Mavericks,0022400385,2024-12-21,DAL vs. LAC,W,242,113,40,88,0.455,14,35,0.4,19,22,0.864,11,32,43,25,12,5,11,18,16.0,2024-25
22024,1610612742,DAL,Dallas Mavericks,0022400368,2024-12-19,DAL vs. LAC,L,240,95,34,86,0.395,7,30,0.233,20,28,0.714,8,32,40,21,9,5,13,13,-23.0,2024-25
22024,1610612742,DAL,Dallas Mavericks,0022401228,2024-12-15,DAL @ GSW,W,240,143,52,87,0.598,21,41,0.512,18,25,0.72,10,37,47,36,8,5,15,12,10.0,2024-25
22024,1610612742,DAL,Dallas Mavericks,0022401203,2024-12-10,DAL @ OKC,L,240,104,38,80,0.475,15,36,0.417,13,19,0.684,7,37,44,25,10,2,18,12,-14.0,2024-25
22024,1610612742,DAL,Dallas Mavericks,0022400344,2024-12-07,DAL @ TOR,W,238,125,38,81,0.469,17,45,0.378,32,37,0.865,14,38,52,21,10,8,18,16,7.0,2024-25
22024,1610612742,DAL,Dallas Mavericks,0022400326,2024-12-05,DAL @ WAS,W,239,137,48,89,0.539,20,38,0.526,21,27,0.778,13,45,58,27,8,12,15,16,36.0,2024-25
22024,1610612742,DAL,Dallas Mavericks,0022400056,2024-12-03,DAL vs. MEM,W,239,121,39,81,0.481,13,32,0.406,30,44,0.682,14,35,49,24,8,8,25,23,5.0,2024-25
22024,1610612742,DAL,Dallas Mavericks,0022400312,2024-12-01,DAL @ POR,W,238,137,48,87,0.552,18,36,0.5,23,29,0.793,8,25,33,33,13,0,13,15,6.0,2024-25
22024,1610612742,DAL,Dallas Mavericks,0022400304,2024-11-30,DAL @ UTA,W,240,106,41,90,0.456,15,39,0.385,9,15,0.6,12,36,48,30,12,6,15,21,12.0,2024-25
22024,1610612742,DAL,Dallas Mavericks,0022400292,2024-11-27,DAL vs. NYK,W,241,129,48,85,0.565,17,33,0.515,16,21,0.762,10,33,43,27,6,4,13,25,15.0,2024-25
22024,1610612742,DAL,Dallas Mavericks,0022400280,2024-11-25,DAL @ ATL,W,239,129,47,94,0.5,16,35,0.457,19,22,0.864,10,41,51,24,6,8,17,13,10.0,2024-25
22024,1610612742,DAL,Dallas Mavericks,0022400273,2024-11-24,DAL @ MIA,L,265,118,44,105,0.419,10,40,0.25,20,25,0.8,15,44,59,29,6,9,13,24,-5.0,2024-25
22024,1610612742,DAL,Dallas Mavericks,0022400033,2024-11-22,DAL @ DEN,W,239,123,46,91,0.505,10,27,0.37,21,27,0.778,12,32,44,24,11,5,13,22,3.0,2024-25
22024,1610612742,DAL,Dallas Mavericks,0022400024,2024-11-19,DAL vs. NOP,W,239,132,49,94,0.521,14,31,0.452,20,25,0.8,14,34,48,26,12,7,11,15,41.0,2024-25
22024,1610612742,DAL,Dallas Mavericks,0022400242,2024-11-17,DAL @ OKC,W,240,121,40,84,0.476,11,27,0.407,30,36,0.833,18,35,53,18,4,5,16,20,2.0,2024-25
22024,1610612742,DAL,Dallas Mavericks,0022400232,2024-11-16,DAL vs. SAS,W,240,110,44,94,0.468,8,31,0.258,14,18,0.778,13,40,53,26,9,7,14,18,17.0,2024-25
22024,1610612742,DAL,Dallas Mavericks,0022400228,2024-11-14,DAL @ UTA,L,240,113,43,85,0.506,12,39,0.308,15,20,0.75,11,19,30,25,11,10,17,18,-2.0,2024-25
22024,1610612742,DAL,Dallas Mavericks,0022400007,2024-11-12,DAL @ GSW,L,240,117,44,84,0.524,11,34,0.324,18,24,0.75,8,32,40,26,6,1,17,23,-3.0,2024-25
22024,1610612742,DAL,Dallas Mavericks,0022400208,2024-11-10,DAL @ DEN,L,240,120,48,90,0.533,10,33,0.303,14,19,0.737,10,32,42,29,7,5,10,17,-2.0,2024-25
22024,1610612742,DAL,Dallas Mavericks,0022400190,2024-11-08,DAL vs. PHX,L,239,113,41,80,0.513,11,33,0.333,20,22,0.909,8,31,39,18,5,1,11,22,-1.0,2024-25
22024,1610612742,DAL,Dallas Mavericks,0022400176,2024-11-06,DAL vs. CHI,W,241,119,45,93,0.484,12,38,0.316,17,21,0.81,9,38,47,33,11,4,15,19,20.0,2024-25
22024,1610612742,DAL,Dallas Mavericks,0022400165,2024-11-04,DAL vs. IND,L,240,127,46,89,0.517,15,36,0.417,20,25,0.8,5,33,38,29,4,3,8,18,-7.0,2024-25
22024,1610612742,DAL,Dallas Mavericks,0022400153,2024-11-03,DAL vs. ORL,W,240,108,42,85,0.494,10,32,0.313,14,23,0.609,12,41,53,25,8,5,18,22,23.0,2024-25
22024,1610612742,DAL,Dallas Mavericks,0022400129,2024-10-31,DAL vs. HOU,L,239,102,39,85,0.459,10,30,0.333,14,20,0.7,10,27,37,21,6,7,10,27,-6.0,2024-25
22024,1610612742,DAL,Dallas Mavericks,0022400114,2024-10-29,DAL @ MIN,W,239,120,45,93,0.484,16,39,0.41,14,18,0.778,12,28,40,25,12,2,9,21,6.0,2024-25
22024,1610612742,DAL,Dallas Mavericks,0022400110,2024-10-28,DAL vs. UTA,W,239,110,43,95,0.453,11,39,0.282,13,17,0.765,13,37,50,27,9,12,13,23,8.0,2024-25
22024,1610612742,DAL,Dallas Mavericks,0022400095,2024-10-26,DAL @ PHX,L,239,102,37,93,0.398,13,41,0.317,15,18,0.833,12,34,46,22,6,2,8,28,-12.0,2024-25
22024,1610612742,DAL,Dallas Mavericks,0022400074,2024-10-24,DAL vs. SAS,W,240,120,42,102,0.412,19,44,0.432,17,23,0.739,17,33,50,27,9,5,9,21,11.0,2024-25
52024,1610612742,DAL,Dallas Mavericks,0052400211,2025-04-18,DAL @ MEM,L,239,106,41,87,0.471,12,38,0.316,12,16,0.75,7,29,36,25,9,8,16,17,-14.0,2024-25
52024,1610612742,DAL,Dallas Mavericks,0052400131,2025-04-16,DAL @ SAC,W,241,120,41,83,0.494,14,28,0.5,24,26,0.923,10,31,41,29,9,8,9,15,14.0,2024-25
22025,1610612742,DAL,Dallas Mavericks,0022500356,2025-12-06,DAL vs. HOU,W,241,122,49,82,0.598,7,19,0.368,17,20,0.85,7,24,31,22,13,4,12,14,13.0,2025-26
22025,1610612742,DAL,Dallas Mavericks,0022500349,2025-12-05,DAL @ OKC,L,240,111,41,86,0.477,16,37,0.432,13,20,0.65,9,26,35,28,2,3,11,17,-21.0,2025-26
22025,1610612742,DAL,Dallas Mavericks,0022500332,2025-12-03,DAL vs. MIA,W,239,118,46,91,0.505,16,32,0.5,10,12,0.833,10,40,50,31,6,7,13,15,10.0,2025-26
22025,1610612742,DAL,Dallas Mavericks,0022500315,2025-12-01,DAL @ DEN,W,239,131,53,95,0.558,16,31,0.516,9,14,0.643,7,36,43,35,4,4,8,19,10.0,2025-26
22025,1610612742,DAL,Dallas Mavericks,0022500300,2025-11-29,DAL @ LAC,W,240,114,40,90,0.444,11,39,0.282,23,28,0.821,4,33,37,22,15,2,8,19,4.0,2025-26
22025,1610612742,DAL,Dallas Mavericks,0022500078,2025-11-28,DAL @ LAL,L,238,119,44,91,0.484,14,32,0.438,17,20,0.85,14,25,39,28,8,4,11,23,-10.0,2025-26
22025,1610612742,DAL,Dallas Mavericks,0022500286,2025-11-24,DAL @ MIA,L,240,102,38,97,0.392,12,40,0.3,14,16,0.875,15,35,50,22,8,5,16,19,-4.0,2025-26
22025,1610612742,DAL,Dallas Mavericks,0022500273,2025-11-22,DAL vs. MEM,L,240,96,35,91,0.385,12,36,0.333,14,16,0.875,11,30,41,19,4,9,10,21,-6.0,2025-26
22025,1610612742,DAL,Dallas Mavericks,0022500052,2025-11-21,DAL vs. NOP,W,239,118,40,84,0.476,16,43,0.372,22,28,0.786,11,36,47,30,9,9,20,19,3.0,2025-26
22025,1610612742,DAL,Dallas Mavericks,0022500262,2025-11-19,DAL vs. NYK,L,240,111,35,85,0.412,16,44,0.364,25,30,0.833,10,40,50,23,6,5,17,26,-2.0,2025-26
22025,1610612742,DAL,Dallas Mavericks,0022500246,2025-11-17,DAL @ MIN,L,241,96,34,85,0.4,9,30,0.3,19,31,0.613,10,33,43,13,7,4,20,22,-24.0,2025-26
22025,1610612742,DAL,Dallas Mavericks,0022500238,2025-11-16,DAL vs. POR,W,264,138,48,95,0.505,15,34,0.441,27,40,0.675,13,34,47,33,7,9,14,22,5.0,2025-26
22025,1610612742,DAL,Dallas Mavericks,0022500046,2025-11-14,DAL vs. LAC,L,290,127,44,99,0.444,10,36,0.278,29,38,0.763,11,39,50,18,11,7,22,25,-6.0,2025-26
22025,1610612742,DAL,Dallas Mavericks,0022500221,2025-11-12,DAL vs. PHX,L,240,114,43,86,0.5,17,47,0.362,11,17,0.647,8,37,45,32,10,10,19,23,-9.0,2025-26
22025,1610612742,DAL,Dallas Mavericks,0022500203,2025-11-10,DAL vs. MIL,L,239,114,37,89,0.416,9,39,0.231,31,41,0.756,16,36,52,25,8,8,14,22,-2.0,2025-26
22025,1610612742,DAL,Dallas Mavericks,0022500183,2025-11-08,DAL @ WAS,W,242,111,42,93,0.452,6,24,0.25,21,30,0.7,16,35,51,26,15,6,13,17,6.0,2025-26
22025,1610612742,DAL,Dallas Mavericks,0022500034,2025-11-07,DAL @ MEM,L,239,104,42,86,0.488,10,39,0.256,10,16,0.625,8,36,44,25,7,6,17,20,-14.0,2025-26
22025,1610612742,DAL,Dallas Mavericks,0022500177,2025-11-05,DAL vs. NOP,L,240,99,37,89,0.416,10,32,0.313,15,20,0.75,10,34,44,18,11,7,15,15,-2.0,2025-26
22025,1610612742,DAL,Dallas Mavericks,0022500160,2025-11-03,DAL @ HOU,L,241,102,40,89,0.449,9,36,0.25,13,20,0.65,10,30,40,30,12,6,15,25,-8.0,2025-26
22025,1610612742,DAL,Dallas Mavericks,0022500147,2025-11-01,DAL @ DET,L,241,110,34,80,0.425,16,45,0.356,26,31,0.839,7,36,43,23,3,3,15,25,-12.0,2025-26
22025,1610612742,DAL,Dallas Mavericks,0022500133,2025-10-29,DAL vs. IND,W,240,107,36,79,0.456,5,24,0.208,30,37,0.811,7,40,47,21,4,7,19,22,2.0,2025-26
22025,1610612742,DAL,Dallas Mavericks,0022500119,2025-10-27,DAL vs. OKC,L,239,94,33,87,0.379,12,39,0.308,16,22,0.727,6,30,36,20,6,4,8,15,-7.0,2025-26
22025,1610612742,DAL,Dallas Mavericks,0022500111,2025-10-26,DAL vs. TOR,W,241,139,50,85,0.588,10,26,0.385,29,39,0.744,12,37,49,32,12,7,20,26,10.0,2025-26
22025,1610612742,DAL,Dallas Mavericks,0022500096,2025-10-24,DAL vs. WAS,L,238,107,38,88,0.432,10,34,0.294,21,27,0.778,9,39,48,23,11,5,21,19,-10.0,2025-26
22025,1610612742,DAL,Dallas Mavericks,0022500004,2025-10-22,DAL vs. SAS,L,240,92,31,83,0.373,9,21,0.429,21,26,0.808,9,28,37,20,5,3,16,24,-33.0,2025-26
