name,date,total,1 unit,2 units,3 and 4 units,5 units or more,multi_total,rt,multi_rt,population,rt_pc,multi_rt_pc,region
"Atlanta, GA",2020-07-01,2740.0,2521.0,0.0,16.0,203.0,219.0,2740.0,219.0,6411149.0,0.42738048983107396,0.03415924353029387,Southeast
"Atlanta, GA",2020-08-01,2769.0,2563.0,2.0,47.0,157.0,206.0,5509.0,425.0,6411149.0,0.8592843498099951,0.06629076940810454,Southeast
"Atlanta, GA",2020-09-01,3253.0,2810.0,6.0,14.0,423.0,443.0,8762.0,868.0,6411149.0,1.3666816977736753,0.13538914787349351,Southeast
"Atlanta, GA",2020-10-01,3252.0,2928.0,0.0,18.0,306.0,324.0,12014.0,1192.0,6411149.0,1.8739230674563951,0.1859261109046132,Southeast
"Atlanta, GA",2020-11-01,2837.0,2540.0,4.0,10.0,283.0,297.0,14851.0,1489.0,6411149.0,2.316433450540613,0.23225166034980624,Southeast
"Atlanta, GA",2020-12-01,2636.0,2559.0,0.0,14.0,63.0,77.0,17487.0,1566.0,6411149.0,2.7275921991518213,0.24426198798374518,Southeast
"Atlanta, GA",2021-01-01,2726.0,2622.0,2.0,6.0,96.0,104.0,20213.0,1670.0,6411149.0,3.1527889930494517,0.2604837292036108,Southeast
"Atlanta, GA",2021-02-01,2940.0,2819.0,6.0,22.0,93.0,121.0,23153.0,1791.0,6411149.0,3.611365139072575,0.27935710119980056,Southeast
"Atlanta, GA",2021-03-01,3627.0,3466.0,2.0,29.0,130.0,161.0,26780.0,1952.0,6411149.0,4.177098364115387,0.30446960443440013,Southeast
"Atlanta, GA",2021-04-01,3851.0,3086.0,6.0,11.0,748.0,765.0,30631.0,2717.0,6411149.0,4.777770724093295,0.4237929893689883,Southeast
"Atlanta, GA",2021-05-01,3415.0,2857.0,12.0,8.0,538.0,558.0,34046.0,3275.0,6411149.0,5.310436553572534,0.5108288701448056,Southeast
"Atlanta, GA",2021-06-01,3485.0,3102.0,16.0,3.0,364.0,383.0,37531.0,3658.0,6411149.0,5.854020862718992,0.5705685517525797,Southeast
"Atlanta, GA",2021-07-01,2795.0,2337.0,2.0,11.0,445.0,458.0,37586.0,3897.0,6411149.0,5.8625996681718044,0.6078473609020785,Southeast
"Atlanta, GA",2021-08-01,3432.0,2409.0,8.0,3.0,1012.0,1023.0,38249.0,4714.0,6411149.0,5.966013268448449,0.7352816164465995,Southeast
"Atlanta, GA",2021-09-01,3251.0,2270.0,8.0,10.0,963.0,981.0,38247.0,5252.0,6411149.0,5.965701311886527,0.8191979316032119,Southeast
"Atlanta, GA",2021-10-01,2763.0,2314.0,6.0,16.0,427.0,449.0,37758.0,5377.0,6411149.0,5.889427932496968,0.8386952167232427,Southeast
"Atlanta, GA",2021-11-01,3186.0,2117.0,2.0,0.0,1067.0,1069.0,38107.0,6149.0,6411149.0,5.943864352552094,0.9591104496245524,Southeast
"Atlanta, GA",2021-12-01,3460.0,2190.0,6.0,13.0,1251.0,1270.0,38931.0,7342.0,6411149.0,6.072390456063336,1.145192538810126,Southeast
"Atlanta, GA",2022-01-01,2836.0,2272.0,10.0,21.0,533.0,564.0,39041.0,7802.0,6411149.0,6.089548066968963,1.216942548051839,Southeast
"Atlanta, GA",2022-02-01,4075.0,2563.0,4.0,41.0,1467.0,1512.0,40176.0,9193.0,6411149.0,6.266583415858842,1.4339083368675412,Southeast
"Atlanta, GA",2022-03-01,4419.0,2882.0,20.0,64.0,1453.0,1537.0,40968.0,10569.0,6411149.0,6.390118214379357,1.6485344514688396,Southeast
"Atlanta, GA",2022-04-01,4317.0,2508.0,18.0,22.0,1769.0,1809.0,41434.0,11613.0,6411149.0,6.462804093306832,1.8113757767913363,Southeast
"Atlanta, GA",2022-05-01,3373.0,2467.0,8.0,0.0,898.0,906.0,41392.0,11961.0,6411149.0,6.456253005506501,1.8656562185655021,Southeast
"Atlanta, GA",2022-06-01,3260.0,2423.0,6.0,0.0,831.0,837.0,41167.0,12415.0,6411149.0,6.421157892290446,1.9364703581214537,Southeast
"Atlanta, GA",2022-07-01,4184.0,2001.0,8.0,15.0,2160.0,2183.0,42556.0,14140.0,6411149.0,6.637811724544228,2.205532892777878,Southeast
"Atlanta, GA",2022-08-01,4584.0,2182.0,16.0,47.0,2339.0,2402.0,43708.0,15519.0,6411149.0,6.817498704210431,2.420626942222057,Southeast
"Atlanta, GA",2022-09-01,3797.0,2051.0,6.0,29.0,1711.0,1746.0,44254.0,16284.0,6411149.0,6.902662845614725,2.5399503271566455,Southeast
"Atlanta, GA",2022-10-01,3807.0,1925.0,30.0,41.0,1811.0,1882.0,45298.0,17717.0,6411149.0,7.065504170937222,2.7634672037726777,Southeast
"Atlanta, GA",2022-11-01,3460.0,1511.0,30.0,16.0,1903.0,1949.0,45572.0,18597.0,6411149.0,7.108242219920329,2.9007280910176942,Southeast
"Atlanta, GA",2022-12-01,2933.0,1176.0,8.0,30.0,1719.0,1757.0,45045.0,19084.0,6411149.0,7.02604166585428,2.976689513845334,Southeast
"Atlanta, GA",2023-01-01,3707.0,1348.0,6.0,3.0,2350.0,2359.0,45916.0,20879.0,6411149.0,7.161898748570654,3.256670528168976,Southeast
"Atlanta, GA",2023-02-01,3407.0,1599.0,10.0,11.0,1787.0,1808.0,45248.0,21175.0,6411149.0,7.05770525688921,3.3028400993332085,Southeast
"Atlanta, GA",2023-03-01,3248.0,2390.0,10.0,19.0,829.0,858.0,44077.0,20496.0,6411149.0,6.875054689884761,3.1969308465612016,Southeast
"Atlanta, GA",2023-04-01,3018.0,2130.0,8.0,32.0,848.0,888.0,42778.0,19575.0,6411149.0,6.672438902917403,3.0532748497968147,Southeast
"Atlanta, GA",2023-05-01,4461.0,2391.0,32.0,22.0,2016.0,2070.0,43866.0,20739.0,6411149.0,6.842143272602149,3.234833568834541,Southeast
"Atlanta, GA",2023-06-01,3429.0,2354.0,6.0,13.0,1056.0,1075.0,44035.0,20977.0,6411149.0,6.868503602084432,3.2719563997030794,Southeast
"Atlanta, GA",2023-07-01,3524.0,2387.0,2.0,7.0,1128.0,1137.0,43375.0,19931.0,6411149.0,6.765557936650668,3.108803117818663,Southeast
"Atlanta, GA",2023-08-01,3820.0,2520.0,10.0,4.0,1286.0,1300.0,42611.0,18829.0,6411149.0,6.646390529997041,2.9369150522004714,Southeast
"Atlanta, GA",2023-09-01,2534.0,1883.0,2.0,4.0,645.0,651.0,41348.0,17734.0,6411149.0,6.4493899611442504,2.766118834549002,Southeast
"Atlanta, GA",2023-10-01,3177.0,1997.0,6.0,44.0,1130.0,1180.0,40718.0,17032.0,6411149.0,6.351123644139295,2.656622081314909,Southeast
"Atlanta, GA",2023-11-01,2557.0,1817.0,10.0,31.0,699.0,740.0,39815.0,15823.0,6411149.0,6.210275256432194,2.468044339633972,Southeast
"Atlanta, GA",2023-12-01,2166.0,1698.0,4.0,24.0,440.0,468.0,39048.0,14534.0,6411149.0,6.090639914935685,2.2669883354762153,Southeast
"Atlanta, GA",2024-01-01,2912.0,2161.0,10.0,33.0,708.0,751.0,38253.0,12926.0,6411149.0,5.966637181572289,2.0161752596921394,Southeast
"Atlanta, GA",2024-02-01,3329.0,2150.0,12.0,129.0,1038.0,1179.0,38175.0,12297.0,6411149.0,5.95447087565739,1.9180649209681448,Southeast
"Atlanta, GA",2024-03-01,4306.0,2665.0,20.0,46.0,1575.0,1641.0,39233.0,13080.0,6411149.0,6.11949589691333,2.0401959149600173,Southeast
"Atlanta, GA",2024-04-01,4224.0,2448.0,30.0,23.0,1723.0,1776.0,40439.0,13968.0,6411149.0,6.307605703751387,2.178704628452716,Southeast
"Atlanta, GA",2024-05-01,3587.0,2378.0,52.0,50.0,1107.0,1209.0,39565.0,13107.0,6411149.0,6.171280686192132,2.044407328545944,Southeast
"Atlanta, GA",2024-06-01,2577.0,2088.0,18.0,44.0,427.0,489.0,38713.0,12521.0,6411149.0,6.038387190814003,1.9530040559032398,Southeast
"Atlanta, GA",2024-07-01,2948.0,2293.0,24.0,27.0,604.0,655.0,38137.0,12039.0,6411149.0,5.948543700980901,1.8778225244804012,Southeast
"Atlanta, GA",2024-08-01,3702.0,2433.0,40.0,131.0,1098.0,1269.0,38019.0,12008.0,6411149.0,5.930138263827591,1.8729871977706336,Southeast
"Atlanta, GA",2024-09-01,2792.0,1723.0,50.0,44.0,975.0,1069.0,38277.0,12426.0,6411149.0,5.970380660315335,1.9381861192120164,Southeast
"Atlanta, GA",2024-10-01,2634.0,2122.0,4.0,17.0,491.0,512.0,37734.0,11758.0,6411149.0,5.885684453753921,1.8339926275305722,Southeast
"Atlanta, GA",2024-11-01,2517.0,1619.0,14.0,20.0,864.0,898.0,37694.0,11916.0,6411149.0,5.879445322515512,1.858637195922291,Southeast
"Atlanta, GA",2024-12-01,3660.0,1884.0,8.0,64.0,1704.0,1776.0,39188.0,13224.0,6411149.0,6.112476874270119,2.062656787418293,Southeast
"Atlanta, GA",2025-01-01,3133.0,1859.0,22.0,53.0,1199.0,1274.0,39409.0,13747.0,6411149.0,6.146948074362333,2.144233428360501,Southeast
"Atlanta, GA",2025-02-01,2760.0,1971.0,8.0,7.0,774.0,789.0,38840.0,13357.0,6411149.0,6.058196432495953,2.0834018987860055,Southeast
"Atlanta, GA",2025-03-01,2902.0,2130.0,10.0,101.0,661.0,772.0,37436.0,12488.0,6411149.0,5.8392029260277685,1.9478567726315517,Southeast
"Atlanta, GA",2025-04-01,3422.0,2178.0,16.0,0.0,1228.0,1244.0,36634.0,11956.0,6411149.0,5.71410834469765,1.8648763271607007,Southeast
"Atlanta, GA",2025-05-01,2814.0,1948.0,22.0,23.0,821.0,866.0,35861.0,11613.0,6411149.0,5.593537133515381,1.8113757767913363,Southeast
"Atlanta, GA",2025-06-01,2242.0,1815.0,32.0,36.0,359.0,427.0,35526.0,11551.0,6411149.0,5.541284409393699,1.8017051233718013,Southeast
"Atlanta, GA",2025-07-01,2877.0,1959.0,12.0,48.0,858.0,918.0,35455.0,11814.0,6411149.0,5.530209951445521,1.842727411264346,Southeast
"Atlanta, GA",2025-08-01,2192.0,1836.0,10.0,10.0,336.0,356.0,33945.0,10901.0,6411149.0,5.29468274719555,1.7003192407476413,Southeast
"Atlanta, GA",2025-09-01,3279.0,1871.0,10.0,15.0,1383.0,1408.0,34432.0,11240.0,6411149.0,5.370644170023189,1.7531958779931647,Southeast
"Atlanta, GA",2025-10-01,3054.0,2171.0,4.0,32.0,847.0,883.0,34852.0,11611.0,6411149.0,5.436155048026492,1.811063820229416,Southeast
"Atlanta, GA",2025-11-01,1799.0,1243.0,22.0,40.0,494.0,556.0,34134.0,11269.0,6411149.0,5.324162642297036,1.757719248141012,Southeast
"Atlanta, GA",2025-12-01,2417.0,1375.0,24.0,4.0,1014.0,1042.0,32891.0,10535.0,6411149.0,5.13028163906345,1.6432311899161913,Southeast
"Atlanta, GA",2026-01-01,2217.0,1478.0,10.0,7.0,722.0,739.0,31975.0,10000.0,6411149.0,4.987405533703865,1.5597828096024597,Southeast
"Atlanta, GA",2026-02-01,2908.0,1730.0,20.0,3.0,1155.0,1178.0,32123.0,10389.0,6411149.0,5.0104903192859815,1.6204583608959953,Southeast
"Atlanta, GA",2026-03-01,3012.0,1971.0,14.0,28.0,999.0,1041.0,32233.0,10658.0,6411149.0,5.027647930191608,1.6624165184743016,Southeast
"Atlanta, GA",2026-04-01,4115.0,2085.0,12.0,25.0,1993.0,2030.0,32926.0,11444.0,6411149.0,5.135740878897059,1.785015447309055,Southeast
"Atlanta, GA",2026-05-01,2814.0,1823.0,18.0,31.0,942.0,991.0,32926.0,11569.0,6411149.0,5.135740878897059,1.8045127324290855,Southeast
"Austin, TX",2020-07-01,3979.0,2077.0,14.0,20.0,1868.0,1902.0,3979.0,1902.0,2550637.0,1.5600024621300481,0.7456960751373088,Southwest
"Austin, TX",2020-08-01,3253.0,1854.0,34.0,7.0,1358.0,1399.0,7232.0,3301.0,2550637.0,2.835370144791282,1.2941865110558657,Southwest
"Austin, TX",2020-09-01,4316.0,1843.0,24.0,6.0,2443.0,2473.0,11548.0,5774.0,2550637.0,4.527496464608645,2.2637482323043225,Southwest
"Austin, TX",2020-10-01,2775.0,2019.0,40.0,3.0,713.0,756.0,14323.0,6530.0,2550637.0,5.615459981173331,2.5601447795197827,Southwest
"Austin, TX",2020-11-01,3587.0,1974.0,26.0,0.0,1587.0,1613.0,17910.0,8143.0,2550637.0,7.021775344747215,3.192535825364409,Southwest
"Austin, TX",2020-12-01,3680.0,2118.0,24.0,0.0,1538.0,1562.0,21590.0,9705.0,2550637.0,8.464552188335698,3.8049318660397384,Southwest
"Austin, TX",2021-01-01,4602.0,1940.0,36.0,7.0,2619.0,2662.0,26192.0,12367.0,2550637.0,10.26880736067108,4.84859272409206,Southwest
"Austin, TX",2021-02-01,4507.0,1862.0,38.0,20.0,2587.0,2645.0,30699.0,15012.0,2550637.0,12.035816935142085,5.885588580421283,Southwest
"Austin, TX",2021-03-01,4473.0,2428.0,60.0,23.0,1962.0,2045.0,35172.0,17057.0,2550637.0,13.789496506166891,6.687349081817601,Southwest
"Austin, TX",2021-04-01,4669.0,2599.0,28.0,7.0,2035.0,2070.0,39841.0,19127.0,2550637.0,15.62001962646978,7.498911056336123,Southwest
"Austin, TX",2021-05-01,4152.0,2283.0,46.0,7.0,1816.0,1869.0,43993.0,20996.0,2550637.0,17.247848282605485,8.231669186952123,Southwest
"Austin, TX",2021-06-01,5367.0,2346.0,82.0,0.0,2939.0,3021.0,49360.0,24017.0,2550637.0,19.35202853248032,9.416079199039299,Southwest
"Austin, TX",2021-07-01,3138.0,1966.0,50.0,9.0,1113.0,1172.0,48519.0,23287.0,2550637.0,19.02230697664936,9.12987618387093,Southwest
"Austin, TX",2021-08-01,5320.0,1947.0,44.0,6.0,3323.0,3373.0,50586.0,25261.0,2550637.0,19.83269277439322,9.90380050160019,Southwest
"Austin, TX",2021-09-01,2481.0,1829.0,48.0,0.0,604.0,652.0,48751.0,23440.0,2550637.0,19.113264647223417,9.189861199378822,Southwest
"Austin, TX",2021-10-01,3497.0,1677.0,30.0,7.0,1783.0,1820.0,49473.0,24504.0,2550637.0,19.396331190992683,9.60701189545984,Southwest
"Austin, TX",2021-11-01,3375.0,1480.0,20.0,33.0,1842.0,1895.0,49261.0,24786.0,2550637.0,19.31321469891639,9.717572512278306,Southwest
"Austin, TX",2021-12-01,4716.0,2101.0,54.0,58.0,2503.0,2615.0,50297.0,25839.0,2550637.0,19.719387745100537,10.130410560185554,Southwest
"Austin, TX",2022-01-01,3935.0,2000.0,32.0,6.0,1897.0,1935.0,49630.0,25112.0,2550637.0,19.457884442200125,9.845383721791851,Southwest
"Austin, TX",2022-02-01,2855.0,1811.0,42.0,19.0,983.0,1044.0,47978.0,23511.0,2550637.0,18.81020309828486,9.217697383045882,Southwest
"Austin, TX",2022-03-01,4968.0,2424.0,26.0,34.0,2484.0,2544.0,48473.0,24010.0,2550637.0,19.004272266104504,9.41333478656508,Southwest
"Austin, TX",2022-04-01,4759.0,2105.0,22.0,11.0,2621.0,2654.0,48563.0,24594.0,2550637.0,19.039557569344442,9.642297198699776,Southwest
"Austin, TX",2022-05-01,4652.0,1913.0,50.0,9.0,2680.0,2739.0,49063.0,25464.0,2550637.0,19.23558703178853,9.983388463352487,Southwest
"Austin, TX",2022-06-01,4758.0,2054.0,20.0,7.0,2677.0,2704.0,48454.0,25147.0,2550637.0,18.99682314653163,9.859105784162935,Southwest
"Austin, TX",2022-07-01,3611.0,1489.0,24.0,23.0,2075.0,2122.0,48927.0,26097.0,2550637.0,19.18226701800374,10.231561762806704,Southwest
"Austin, TX",2022-08-01,2330.0,1609.0,32.0,4.0,685.0,721.0,45937.0,23445.0,2550637.0,18.010010832588094,9.191821494003262,Southwest
"Austin, TX",2022-09-01,3191.0,1424.0,32.0,11.0,1724.0,1767.0,46647.0,24560.0,2550637.0,18.2883726692587,9.628967195253578,Southwest
"Austin, TX",2022-10-01,3212.0,1380.0,16.0,0.0,1816.0,1832.0,46362.0,24572.0,2550637.0,18.176635875665568,9.633671902352237,Southwest
"Austin, TX",2022-11-01,2086.0,1012.0,68.0,19.0,987.0,1074.0,45073.0,23751.0,2550637.0,17.67127192148471,9.311791525019043,Southwest
"Austin, TX",2022-12-01,2179.0,719.0,46.0,28.0,1386.0,1460.0,42536.0,22596.0,2550637.0,16.676618429043412,8.858963466773202,Southwest
"Austin, TX",2023-01-01,1719.0,892.0,36.0,24.0,767.0,827.0,40320.0,21488.0,2550637.0,15.807815851491217,8.424562177997105,Southwest
"Austin, TX",2023-02-01,2702.0,1003.0,22.0,15.0,1662.0,1699.0,40167.0,22143.0,2550637.0,15.747830835983326,8.68136077379886,Southwest
"Austin, TX",2023-03-01,3428.0,1520.0,34.0,3.0,1871.0,1908.0,38627.0,21507.0,2550637.0,15.144060091655534,8.432011297569979,Southwest
"Austin, TX",2023-04-01,2055.0,1441.0,56.0,0.0,558.0,614.0,35923.0,19467.0,2550637.0,14.08393275875791,7.632211090798102,Southwest
"Austin, TX",2023-05-01,2674.0,1444.0,42.0,3.0,1185.0,1230.0,33945.0,17958.0,2550637.0,13.3084402053291,7.040594173141846,Southwest
"Austin, TX",2023-06-01,2715.0,1437.0,20.0,0.0,1258.0,1278.0,31902.0,16532.0,2550637.0,12.507463821782558,6.481518146251309,Southwest
"Austin, TX",2023-07-01,3369.0,1391.0,10.0,4.0,1964.0,1978.0,31660.0,16388.0,2550637.0,12.41258556195962,6.425061661067412,Southwest
"Austin, TX",2023-08-01,4761.0,1709.0,34.0,0.0,3018.0,3052.0,34091.0,18719.0,2550637.0,13.365680808362773,7.338951014981747,Southwest
"Austin, TX",2023-09-01,3121.0,1434.0,6.0,0.0,1681.0,1687.0,34021.0,18639.0,2550637.0,13.3382366836206,7.307586300990693,Southwest
"Austin, TX",2023-10-01,4261.0,1490.0,12.0,18.0,2741.0,2771.0,35070.0,19578.0,2550637.0,13.749506495828296,7.67572963146069,Southwest
"Austin, TX",2023-11-01,2384.0,1192.0,44.0,6.0,1142.0,1192.0,35368.0,19696.0,2550637.0,13.866340055444972,7.721992584597495,Southwest
"Austin, TX",2023-12-01,3111.0,1208.0,6.0,9.0,1888.0,1903.0,36300.0,20139.0,2550637.0,14.231738973440752,7.895674688322956,Southwest
"Austin, TX",2024-01-01,3317.0,1562.0,40.0,13.0,1702.0,1755.0,37898.0,21067.0,2550637.0,14.858249135412056,8.259505370619184,Southwest
"Austin, TX",2024-02-01,2081.0,1428.0,24.0,22.0,607.0,653.0,37277.0,20021.0,2550637.0,14.6147805430565,7.849411735186152,Southwest
"Austin, TX",2024-03-01,2549.0,1596.0,46.0,13.0,894.0,953.0,36398.0,19066.0,2550637.0,14.270160748079793,7.474995461917945,Southwest
"Austin, TX",2024-04-01,2541.0,1760.0,22.0,6.0,753.0,781.0,36884.0,19233.0,2550637.0,14.460701385575446,7.5404693023742695,Southwest
"Austin, TX",2024-05-01,2569.0,1775.0,28.0,35.0,731.0,794.0,36779.0,18797.0,2550637.0,14.419535198462189,7.369531611123025,Southwest
"Austin, TX",2024-06-01,2893.0,1456.0,22.0,3.0,1412.0,1437.0,36957.0,18956.0,2550637.0,14.489321687092284,7.431868980180245,Southwest
"Austin, TX",2024-07-01,3505.0,1405.0,22.0,3.0,2075.0,2100.0,37093.0,19078.0,2550637.0,14.542641700877075,7.479700169016603,Southwest
"Austin, TX",2024-08-01,3011.0,1393.0,30.0,0.0,1588.0,1618.0,35343.0,17644.0,2550637.0,13.856538582322768,6.917487670726959,Southwest
"Austin, TX",2024-09-01,2236.0,1157.0,314.0,0.0,765.0,1079.0,34458.0,17036.0,2550637.0,13.509566433796733,6.679115844394949,Southwest
"Austin, TX",2024-10-01,2696.0,1374.0,24.0,11.0,1287.0,1322.0,32893.0,15587.0,2550637.0,12.89599421634674,6.1110224622319835,Southwest
"Austin, TX",2024-11-01,3059.0,1070.0,44.0,0.0,1945.0,1989.0,33568.0,16384.0,2550637.0,13.160633990646257,6.423493425367859,Southwest
"Austin, TX",2024-12-01,3073.0,1077.0,14.0,3.0,1979.0,1996.0,33530.0,16477.0,2550637.0,13.145735751500508,6.459954905382459,Southwest
"Austin, TX",2025-01-01,1908.0,1159.0,14.0,6.0,729.0,749.0,32121.0,15471.0,2550637.0,12.59332472633307,6.065543626944955,Southwest
"Austin, TX",2025-02-01,1981.0,1354.0,52.0,44.0,531.0,627.0,32021.0,15445.0,2550637.0,12.554118833844251,6.055350094897864,Southwest
"Austin, TX",2025-03-01,2599.0,1589.0,70.0,15.0,925.0,1010.0,32071.0,15502.0,2550637.0,12.57372178008866,6.077697453616489,Southwest
"Austin, TX",2025-04-01,2288.0,1661.0,96.0,7.0,524.0,627.0,31818.0,15348.0,2550637.0,12.474530872091952,6.01732037918371,Southwest
"Austin, TX",2025-05-01,3313.0,1433.0,214.0,6.0,1660.0,1880.0,32562.0,16434.0,2550637.0,12.766222712208755,6.443096371612268,Southwest
"Austin, TX",2025-06-01,1793.0,1231.0,40.0,0.0,522.0,562.0,31462.0,15559.0,2550637.0,12.334957894831762,6.100044812335115,Southwest
"Austin, TX",2025-07-01,2917.0,1540.0,56.0,0.0,1321.0,1377.0,30874.0,14836.0,2550637.0,12.104427246997515,5.816586209640964,Southwest
"Austin, TX",2025-08-01,1210.0,1153.0,16.0,0.0,41.0,57.0,29073.0,13275.0,2550637.0,11.398329123273912,5.204582227890524,Southwest
"Austin, TX",2025-09-01,2623.0,975.0,38.0,4.0,1606.0,1648.0,29460.0,13844.0,2550637.0,11.550055927205635,5.427663756151895,Southwest
"Austin, TX",2025-10-01,2558.0,979.0,20.0,4.0,1555.0,1579.0,29322.0,14101.0,2550637.0,11.495951795571067,5.528422899848156,Southwest
"Austin, TX",2025-11-01,1979.0,879.0,40.0,0.0,1060.0,1100.0,28242.0,13212.0,2550637.0,11.072528156691838,5.179882515622569,Southwest
"Austin, TX",2025-12-01,2269.0,1025.0,12.0,10.0,1222.0,1244.0,27438.0,12460.0,2550637.0,10.757312781081746,4.88505420410666,Southwest
"Austin, TX",2026-01-01,1425.0,991.0,36.0,7.0,391.0,434.0,26955.0,12145.0,2550637.0,10.567948320360758,4.7615556427668855,Southwest
"Austin, TX",2026-02-01,1957.0,1431.0,26.0,0.0,500.0,526.0,26931.0,12044.0,2550637.0,10.55853890616344,4.721957691353179,Southwest
"Austin, TX",2026-03-01,1831.0,1512.0,18.0,16.0,285.0,319.0,26163.0,11353.0,2550637.0,10.257437651849322,4.451044974255451,Southwest
"Austin, TX",2026-04-01,1511.0,1386.0,72.0,17.0,36.0,125.0,25386.0,10851.0,2550637.0,9.95280786721121,4.254231393961587,Southwest
"Austin, TX",2026-05-01,1549.0,1422.0,52.0,20.0,55.0,127.0,23622.0,9098.0,2550637.0,9.26121592370847,3.566952098632616,Southwest
"Baltimore, MD",2020-07-01,594.0,487.0,0.0,4.0,103.0,107.0,594.0,107.0,2859024.0,0.20776320870338968,0.037425359143539894,Northeast
"Baltimore, MD",2020-08-01,1014.0,441.0,0.0,0.0,573.0,573.0,1608.0,680.0,2859024.0,0.562429696287964,0.23784340390287037,Northeast
"Baltimore, MD",2020-09-01,591.0,561.0,0.0,0.0,30.0,30.0,2199.0,710.0,2859024.0,0.7691435958564881,0.2483364952515264,Northeast
"Baltimore, MD",2020-10-01,874.0,476.0,2.0,3.0,393.0,398.0,3073.0,1108.0,2859024.0,1.0748423238140008,0.3875448404770299,Northeast
"Baltimore, MD",2020-11-01,711.0,376.0,0.0,3.0,332.0,335.0,3784.0,1443.0,2859024.0,1.323528588777149,0.5047176938703557,Northeast
"Baltimore, MD",2020-12-01,678.0,414.0,0.0,0.0,264.0,264.0,4462.0,1707.0,2859024.0,1.5606724532567757,0.5970568977385289,Northeast
"Baltimore, MD",2021-01-01,449.0,398.0,4.0,0.0,47.0,51.0,4911.0,1758.0,2859024.0,1.7177190537749947,0.6148951530312442,Northeast
"Baltimore, MD",2021-02-01,474.0,425.0,2.0,3.0,44.0,49.0,5385.0,1807.0,2859024.0,1.88350989708376,0.6320338689007158,Northeast
"Baltimore, MD",2021-03-01,600.0,530.0,2.0,3.0,65.0,70.0,5985.0,1877.0,2859024.0,2.093371724056881,0.6565177487142465,Northeast
"Baltimore, MD",2021-04-01,459.0,459.0,0.0,0.0,0.0,0.0,6444.0,1877.0,2859024.0,2.2539160216913183,0.6565177487142465,Northeast
"Baltimore, MD",2021-05-01,535.0,405.0,0.0,0.0,130.0,130.0,6979.0,2007.0,2859024.0,2.441042817409018,0.7019878112250895,Northeast
"Baltimore, MD",2021-06-01,573.0,420.0,0.0,0.0,153.0,153.0,7552.0,2160.0,2859024.0,2.6414608621683486,0.7555025771032352,Northeast
"Baltimore, MD",2021-07-01,559.0,406.0,0.0,0.0,153.0,153.0,7517.0,2206.0,2859024.0,2.629218922261583,0.7715919838378411,Northeast
"Baltimore, MD",2021-08-01,911.0,372.0,0.0,0.0,539.0,539.0,7414.0,2172.0,2859024.0,2.5931926419645306,0.7596998136426977,Northeast
"Baltimore, MD",2021-09-01,836.0,381.0,0.0,0.0,455.0,455.0,7659.0,2597.0,2859024.0,2.6788862213118882,0.9083519410819916,Northeast
"Baltimore, MD",2021-10-01,494.0,347.0,0.0,0.0,147.0,147.0,7279.0,2346.0,2859024.0,2.5459737308955783,0.8205597434649027,Northeast
"Baltimore, MD",2021-11-01,457.0,274.0,0.0,0.0,183.0,183.0,7025.0,2194.0,2859024.0,2.4571322241436238,0.7673947472983788,Northeast
"Baltimore, MD",2021-12-01,594.0,371.0,0.0,4.0,219.0,223.0,6941.0,2153.0,2859024.0,2.4277515683673867,0.7530541891218822,Northeast
"Baltimore, MD",2022-01-01,772.0,338.0,0.0,0.0,434.0,434.0,7264.0,2536.0,2859024.0,2.5407271852212503,0.8870159886730578,Northeast
"Baltimore, MD",2022-02-01,767.0,226.0,0.0,0.0,541.0,541.0,7557.0,3028.0,2859024.0,2.643209710726458,1.0591026867910167,Northeast
"Baltimore, MD",2022-03-01,623.0,307.0,0.0,0.0,316.0,316.0,7580.0,3274.0,2859024.0,2.6512544140937604,1.1451460358499965,Northeast
"Baltimore, MD",2022-04-01,1001.0,274.0,0.0,0.0,727.0,727.0,8122.0,4001.0,2859024.0,2.8408295977928133,1.3994286161990945,Northeast
"Baltimore, MD",2022-05-01,480.0,344.0,0.0,0.0,136.0,136.0,8067.0,4007.0,2859024.0,2.821592263653611,1.4015272344688257,Northeast
"Baltimore, MD",2022-06-01,892.0,233.0,0.0,0.0,659.0,659.0,8386.0,4513.0,2859024.0,2.9331688016609867,1.578510708549491,Northeast
"Baltimore, MD",2022-07-01,387.0,163.0,0.0,3.0,221.0,224.0,8214.0,4584.0,2859024.0,2.8730084112620253,1.6033443580746438,Northeast
"Baltimore, MD",2022-08-01,212.0,186.0,0.0,0.0,26.0,26.0,7515.0,4071.0,2859024.0,2.6285193828383395,1.4239124960126253,Northeast
"Baltimore, MD",2022-09-01,187.0,176.0,0.0,0.0,11.0,11.0,6866.0,3627.0,2859024.0,2.4015188399957466,1.2686147440525157,Northeast
"Baltimore, MD",2022-10-01,441.0,233.0,2.0,0.0,206.0,208.0,6813.0,3688.0,2859024.0,2.382981045279788,1.2899506964614498,Northeast
"Baltimore, MD",2022-11-01,609.0,260.0,8.0,3.0,338.0,349.0,6965.0,3854.0,2859024.0,2.4361460414463116,1.34801246859068,Northeast
"Baltimore, MD",2022-12-01,470.0,209.0,0.0,0.0,261.0,261.0,6841.0,3892.0,2859024.0,2.3927745972052,1.3613037176323108,Northeast
"Baltimore, MD",2023-01-01,912.0,226.0,0.0,0.0,686.0,686.0,6981.0,4144.0,2859024.0,2.4417423568322616,1.4494456849610216,Northeast
"Baltimore, MD",2023-02-01,514.0,300.0,0.0,0.0,214.0,214.0,6728.0,3817.0,2859024.0,2.353250619791929,1.335070989260671,Northeast
"Baltimore, MD",2023-03-01,508.0,363.0,0.0,0.0,145.0,145.0,6613.0,3646.0,2859024.0,2.3130271029554144,1.2752603685733315,Northeast
"Baltimore, MD",2023-04-01,280.0,234.0,0.0,0.0,46.0,46.0,5892.0,2965.0,2859024.0,2.060843140876047,1.037067194958839,Northeast
"Baltimore, MD",2023-05-01,908.0,310.0,0.0,0.0,598.0,598.0,6320.0,3427.0,2859024.0,2.210544577450207,1.1986608017281422,Northeast
"Baltimore, MD",2023-06-01,541.0,415.0,2.0,0.0,124.0,126.0,5969.0,2894.0,2859024.0,2.087775408670931,1.0122335454336864,Northeast
"Baltimore, MD",2023-07-01,369.0,242.0,0.0,0.0,127.0,127.0,5951.0,2797.0,2859024.0,2.0814795538617377,0.9783058834063653,Northeast
"Baltimore, MD",2023-08-01,499.0,379.0,0.0,0.0,120.0,120.0,6238.0,2891.0,2859024.0,2.181863461097213,1.0111842362988208,Northeast
"Baltimore, MD",2023-09-01,387.0,270.0,0.0,0.0,117.0,117.0,6438.0,2997.0,2859024.0,2.251817403421587,1.048259825730739,Northeast
"Baltimore, MD",2023-10-01,460.0,343.0,0.0,0.0,117.0,117.0,6457.0,2906.0,2859024.0,2.258463027942403,1.0164307819731488,Northeast
"Baltimore, MD",2023-11-01,493.0,316.0,0.0,0.0,177.0,177.0,6341.0,2734.0,2859024.0,2.217889741394266,0.9562703915741875,Northeast
"Baltimore, MD",2023-12-01,505.0,281.0,0.0,0.0,224.0,224.0,6376.0,2697.0,2859024.0,2.2301316813010312,0.9433289122441785,Northeast
"Baltimore, MD",2024-01-01,398.0,310.0,2.0,0.0,86.0,88.0,5862.0,2099.0,2859024.0,2.050350049527391,0.7341666246943013,Northeast
"Baltimore, MD",2024-02-01,362.0,279.0,0.0,0.0,83.0,83.0,5710.0,1968.0,2859024.0,1.9971850533608673,0.6883467924718366,Northeast
"Baltimore, MD",2024-03-01,617.0,301.0,0.0,0.0,316.0,316.0,5819.0,2139.0,2859024.0,2.0353099519276507,0.7481574131591759,Northeast
"Baltimore, MD",2024-04-01,510.0,348.0,0.0,0.0,162.0,162.0,6049.0,2255.0,2859024.0,2.1157569856006804,0.7887306997073127,Northeast
"Baltimore, MD",2024-05-01,546.0,321.0,0.0,0.0,225.0,225.0,5687.0,1882.0,2859024.0,1.9891403499935645,0.6582665972723558,Northeast
"Baltimore, MD",2024-06-01,673.0,408.0,0.0,0.0,265.0,265.0,5819.0,2021.0,2859024.0,2.0353099519276507,0.7068845871877956,Northeast
"Baltimore, MD",2024-07-01,593.0,260.0,0.0,0.0,333.0,333.0,6043.0,2227.0,2859024.0,2.1136583673309493,0.7789371477819004,Northeast
"Baltimore, MD",2024-08-01,431.0,312.0,0.0,0.0,119.0,119.0,5975.0,2226.0,2859024.0,2.089874026940662,0.7785873780702784,Northeast
"Baltimore, MD",2024-09-01,862.0,269.0,2.0,0.0,591.0,593.0,6450.0,2702.0,2859024.0,2.2560146399610495,0.9450777608022878,Northeast
"Baltimore, MD",2024-10-01,523.0,359.0,2.0,0.0,162.0,164.0,6513.0,2749.0,2859024.0,2.2780501317932274,0.9615169372485156,Northeast
"Baltimore, MD",2024-11-01,402.0,247.0,0.0,0.0,155.0,155.0,6422.0,2727.0,2859024.0,2.2462210880356372,0.9538220035928344,Northeast
"Baltimore, MD",2024-12-01,632.0,237.0,4.0,0.0,391.0,395.0,6549.0,2898.0,2859024.0,2.290641841411615,1.013632624280174,Northeast
"Baltimore, MD",2025-01-01,708.0,247.0,4.0,0.0,457.0,461.0,6859.0,3271.0,2859024.0,2.399070452014394,1.1440967267151307,Northeast
"Baltimore, MD",2025-02-01,772.0,335.0,0.0,0.0,437.0,437.0,7269.0,3625.0,2859024.0,2.5424760337793595,1.267915204629272,Northeast
"Baltimore, MD",2025-03-01,427.0,290.0,8.0,0.0,129.0,137.0,7079.0,3446.0,2859024.0,2.4760197885712047,1.2053064262489577,Northeast
"Baltimore, MD",2025-04-01,680.0,398.0,2.0,0.0,280.0,282.0,7249.0,3566.0,2859024.0,2.5354806395469223,1.247278791643582,Northeast
"Baltimore, MD",2025-05-01,644.0,306.0,0.0,0.0,338.0,338.0,7347.0,3679.0,2859024.0,2.5697580712858654,1.286802769056853,Northeast
"Baltimore, MD",2025-06-01,387.0,314.0,0.0,0.0,73.0,73.0,7061.0,3487.0,2859024.0,2.469723933762011,1.2196469844254543,Northeast
"Baltimore, MD",2025-07-01,389.0,313.0,0.0,0.0,76.0,76.0,6857.0,3230.0,2859024.0,2.39837091259115,1.1297561685386341,Northeast
"Baltimore, MD",2025-08-01,378.0,294.0,2.0,0.0,82.0,84.0,6804.0,3195.0,2859024.0,2.379833117875191,1.1175142286318689,Northeast
"Baltimore, MD",2025-09-01,316.0,246.0,0.0,0.0,70.0,70.0,6258.0,2672.0,2859024.0,2.188858855329651,0.9345846694536317,Northeast
"Baltimore, MD",2025-10-01,620.0,320.0,0.0,0.0,300.0,300.0,6355.0,2808.0,2859024.0,2.222786517356972,0.9821533502342057,Northeast
"Baltimore, MD",2025-11-01,658.0,330.0,2.0,3.0,323.0,328.0,6611.0,2981.0,2859024.0,2.3123275635321705,1.042663510344789,Northeast
"Baltimore, MD",2025-12-01,308.0,225.0,0.0,0.0,83.0,83.0,6287.0,2669.0,2859024.0,2.199002176966685,0.9335353603187662,Northeast
"Baltimore, MD",2026-01-01,582.0,196.0,4.0,0.0,382.0,386.0,6161.0,2594.0,2859024.0,2.1549311933023296,0.907302631947126,Northeast
"Baltimore, MD",2026-02-01,333.0,261.0,0.0,16.0,56.0,72.0,5722.0,2229.0,2859024.0,2.00138228990033,0.7796366872051441,Northeast
"Baltimore, MD",2026-03-01,287.0,287.0,0.0,0.0,0.0,0.0,5582.0,2092.0,2859024.0,1.952414530273268,0.7317182367129482,Northeast
"Baltimore, MD",2026-04-01,796.0,343.0,2.0,0.0,451.0,453.0,5698.0,2263.0,2859024.0,1.9929878168214046,0.7915288574002876,Northeast
"Baltimore, MD",2026-05-01,460.0,348.0,0.0,0.0,112.0,112.0,5514.0,2037.0,2859024.0,1.928630189882981,0.7124809025737455,Northeast
"Birmingham, AL",2020-07-01,368.0,358.0,2.0,0.0,8.0,10.0,368.0,10.0,1192583.0,0.30857391057897016,0.008385160613558972,Southeast
"Birmingham, AL",2020-08-01,300.0,291.0,2.0,0.0,7.0,9.0,668.0,19.0,1192583.0,0.5601287289857394,0.015931805165762047,Southeast
"Birmingham, AL",2020-09-01,352.0,345.0,0.0,0.0,7.0,7.0,1020.0,26.0,1192583.0,0.8552863825830153,0.02180141759525333,Southeast
"Birmingham, AL",2020-10-01,400.0,392.0,2.0,0.0,6.0,8.0,1420.0,34.0,1192583.0,1.190692807125374,0.02850954608610051,Southeast
"Birmingham, AL",2020-11-01,305.0,296.0,2.0,0.0,7.0,9.0,1725.0,43.0,1192583.0,1.4464402058389227,0.03605619063830358,Southeast
"Birmingham, AL",2020-12-01,248.0,237.0,4.0,0.0,7.0,11.0,1973.0,54.0,1192583.0,1.6543921890551854,0.045279867313218446,Southeast
"Birmingham, AL",2021-01-01,377.0,362.0,2.0,0.0,13.0,15.0,2350.0,69.0,1192583.0,1.9705127441863586,0.05785760823355691,Southeast
"Birmingham, AL",2021-02-01,331.0,322.0,2.0,0.0,7.0,9.0,2681.0,78.0,1192583.0,2.248061560495161,0.06540425278576,Southeast
"Birmingham, AL",2021-03-01,391.0,380.0,2.0,0.0,9.0,11.0,3072.0,89.0,1192583.0,2.575921340485316,0.07462792946067486,Southeast
"Birmingham, AL",2021-04-01,343.0,330.0,2.0,0.0,11.0,13.0,3415.0,102.0,1192583.0,2.8635323495303893,0.08552863825830151,Southeast
"Birmingham, AL",2021-05-01,296.0,286.0,2.0,0.0,8.0,10.0,3711.0,112.0,1192583.0,3.111733103691735,0.0939137988718605,Southeast
"Birmingham, AL",2021-06-01,297.0,285.0,2.0,0.0,10.0,12.0,4008.0,124.0,1192583.0,3.360772373914436,0.10397599160813126,Southeast
"Birmingham, AL",2021-07-01,454.0,251.0,0.0,3.0,200.0,203.0,4094.0,317.0,1192583.0,3.432884755191043,0.26580959144981947,Southeast
"Birmingham, AL",2021-08-01,266.0,266.0,0.0,0.0,0.0,0.0,4060.0,308.0,1192583.0,3.404375209104943,0.25826294689761636,Southeast
"Birmingham, AL",2021-09-01,245.0,232.0,0.0,0.0,13.0,13.0,3953.0,314.0,1192583.0,3.314653990539862,0.26329404326575173,Southeast
"Birmingham, AL",2021-10-01,293.0,291.0,2.0,0.0,0.0,2.0,3846.0,308.0,1192583.0,3.224932771974781,0.25826294689761636,Southeast
"Birmingham, AL",2021-11-01,222.0,220.0,2.0,0.0,0.0,2.0,3763.0,301.0,1192583.0,3.1553359388822413,0.25239333446812506,Southeast
"Birmingham, AL",2021-12-01,203.0,203.0,0.0,0.0,0.0,0.0,3718.0,290.0,1192583.0,3.1176027161212256,0.2431696577932102,Southeast
"Birmingham, AL",2022-01-01,270.0,270.0,0.0,0.0,0.0,0.0,3611.0,275.0,1192583.0,3.027881497556145,0.23059191687287175,Southeast
"Birmingham, AL",2022-02-01,264.0,264.0,0.0,0.0,0.0,0.0,3544.0,266.0,1192583.0,2.9717009214453,0.22304527232066867,Southeast
"Birmingham, AL",2022-03-01,721.0,386.0,2.0,0.0,333.0,335.0,3874.0,590.0,1192583.0,3.248411221692746,0.4947244761999794,Southeast
"Birmingham, AL",2022-04-01,258.0,258.0,0.0,0.0,0.0,0.0,3789.0,577.0,1192583.0,3.1771373564774947,0.48382376740235267,Southeast
"Birmingham, AL",2022-05-01,324.0,270.0,0.0,0.0,54.0,54.0,3817.0,621.0,1192583.0,3.2006158061954597,0.5207184741020122,Southeast
"Birmingham, AL",2022-06-01,342.0,342.0,0.0,0.0,0.0,0.0,3862.0,609.0,1192583.0,3.238349028956475,0.5106562813657414,Southeast
"Birmingham, AL",2022-07-01,517.0,244.0,0.0,0.0,273.0,273.0,3925.0,679.0,1192583.0,3.2911755408218966,0.5693524056606543,Southeast
"Birmingham, AL",2022-08-01,423.0,250.0,56.0,46.0,71.0,173.0,4082.0,852.0,1192583.0,3.4228225624547726,0.7144156842752244,Southeast
"Birmingham, AL",2022-09-01,525.0,202.0,8.0,0.0,315.0,323.0,4362.0,1162.0,1192583.0,3.657607059634424,0.9743556632955526,Southeast
"Birmingham, AL",2022-10-01,201.0,201.0,0.0,0.0,0.0,0.0,4270.0,1160.0,1192583.0,3.5804635819896813,0.9726786311728408,Southeast
"Birmingham, AL",2022-11-01,202.0,202.0,0.0,0.0,0.0,0.0,4250.0,1158.0,1192583.0,3.5636932607625633,0.9710015990501291,Southeast
"Birmingham, AL",2022-12-01,182.0,182.0,0.0,0.0,0.0,0.0,4229.0,1158.0,1192583.0,3.546084423474089,0.9710015990501291,Southeast
"Birmingham, AL",2023-01-01,238.0,228.0,10.0,0.0,0.0,10.0,4197.0,1168.0,1192583.0,3.5192519095107007,0.9793867596636879,Southeast
"Birmingham, AL",2023-02-01,226.0,218.0,8.0,0.0,0.0,8.0,4159.0,1176.0,1192583.0,3.4873882991791767,0.9860948881545353,Southeast
"Birmingham, AL",2023-03-01,302.0,296.0,2.0,4.0,0.0,6.0,3740.0,847.0,1192583.0,3.1360500694710556,0.7102231039684449,Southeast
"Birmingham, AL",2023-04-01,189.0,189.0,0.0,0.0,0.0,0.0,3671.0,847.0,1192583.0,3.078192461237499,0.7102231039684449,Southeast
"Birmingham, AL",2023-05-01,417.0,417.0,0.0,0.0,0.0,0.0,3764.0,793.0,1192583.0,3.1561744549435975,0.6649432366552266,Southeast
"Birmingham, AL",2023-06-01,389.0,389.0,0.0,0.0,0.0,0.0,3811.0,793.0,1192583.0,3.1955847098273247,0.6649432366552266,Southeast
"Birmingham, AL",2023-07-01,307.0,267.0,0.0,0.0,40.0,40.0,3601.0,560.0,1192583.0,3.019496336942586,0.46956899435930244,Southeast
"Birmingham, AL",2023-08-01,259.0,259.0,0.0,0.0,0.0,0.0,3437.0,387.0,1192583.0,2.8819797028802188,0.32450571574473225,Southeast
"Birmingham, AL",2023-09-01,207.0,207.0,0.0,0.0,0.0,0.0,3119.0,64.0,1192583.0,2.6153315953690432,0.05366502792677742,Southeast
"Birmingham, AL",2023-10-01,217.0,217.0,0.0,0.0,0.0,0.0,3135.0,64.0,1192583.0,2.628747852350738,0.05366502792677742,Southeast
"Birmingham, AL",2023-11-01,188.0,188.0,0.0,0.0,0.0,0.0,3121.0,64.0,1192583.0,2.6170086274917552,0.05366502792677742,Southeast
"Birmingham, AL",2023-12-01,472.0,188.0,0.0,0.0,284.0,284.0,3411.0,348.0,1192583.0,2.8601782852849653,0.29180358935185224,Southeast
"Birmingham, AL",2024-01-01,579.0,266.0,0.0,0.0,313.0,313.0,3752.0,651.0,1192583.0,3.1461122622073265,0.5458739559426892,Southeast
"Birmingham, AL",2024-02-01,280.0,280.0,0.0,0.0,0.0,0.0,3806.0,643.0,1192583.0,3.191392129520545,0.5391658274518419,Southeast
"Birmingham, AL",2024-03-01,332.0,279.0,4.0,3.0,46.0,53.0,3836.0,690.0,1192583.0,3.216547611361222,0.578576082335569,Southeast
"Birmingham, AL",2024-04-01,277.0,250.0,2.0,0.0,25.0,27.0,3924.0,717.0,1192583.0,3.290337024760541,0.6012160159921783,Southeast
"Birmingham, AL",2024-05-01,332.0,310.0,2.0,0.0,20.0,22.0,3839.0,739.0,1192583.0,3.2190631595452897,0.619663369342008,Southeast
"Birmingham, AL",2024-06-01,301.0,277.0,2.0,0.0,22.0,24.0,3751.0,763.0,1192583.0,3.1452737461459708,0.6397877548145495,Southeast
"Birmingham, AL",2024-07-01,299.0,273.0,2.0,0.0,24.0,26.0,3743.0,749.0,1192583.0,3.1385656176551233,0.628048529955567,Southeast
"Birmingham, AL",2024-08-01,298.0,269.0,2.0,0.0,27.0,29.0,3782.0,778.0,1192583.0,3.1712677440480035,0.652365495734888,Southeast
"Birmingham, AL",2024-09-01,271.0,250.0,2.0,0.0,19.0,21.0,3846.0,799.0,1192583.0,3.224932771974781,0.6699743330233618,Southeast
"Birmingham, AL",2024-10-01,315.0,293.0,2.0,0.0,20.0,22.0,3944.0,821.0,1192583.0,3.3071073459876588,0.6884216863731916,Southeast
"Birmingham, AL",2024-11-01,217.0,197.0,2.0,0.0,18.0,20.0,3973.0,841.0,1192583.0,3.33142431176698,0.7051920076003095,Southeast
"Birmingham, AL",2024-12-01,255.0,231.0,2.0,0.0,22.0,24.0,3756.0,581.0,1192583.0,3.14946632645275,0.4871778316477763,Southeast
"Birmingham, AL",2025-01-01,261.0,241.0,0.0,0.0,20.0,20.0,3438.0,288.0,1192583.0,2.8828182189415745,0.2414926256704984,Southeast
"Birmingham, AL",2025-02-01,265.0,251.0,0.0,0.0,14.0,14.0,3423.0,302.0,1192583.0,2.8702404780212363,0.25323185052948094,Southeast
"Birmingham, AL",2025-03-01,394.0,365.0,0.0,0.0,29.0,29.0,3485.0,278.0,1192583.0,2.9222284738253017,0.23310746505693944,Southeast
"Birmingham, AL",2025-04-01,382.0,337.0,2.0,0.0,43.0,45.0,3590.0,296.0,1192583.0,3.0102726602676713,0.24820075416134557,Southeast
"Birmingham, AL",2025-05-01,310.0,280.0,2.0,0.0,28.0,30.0,3568.0,304.0,1192583.0,2.9918253069178413,0.25490888265219275,Southeast
"Birmingham, AL",2025-06-01,297.0,244.0,2.0,0.0,51.0,53.0,3564.0,333.0,1192583.0,2.988471242672418,0.27922584843151377,Southeast
"Birmingham, AL",2025-07-01,317.0,266.0,2.0,0.0,49.0,51.0,3582.0,358.0,1192583.0,3.003564531776824,0.30018874996541123,Southeast
"Birmingham, AL",2025-08-01,298.0,252.0,4.0,0.0,42.0,46.0,3582.0,375.0,1192583.0,3.003564531776824,0.3144435230084615,Southeast
"Birmingham, AL",2025-09-01,592.0,238.0,4.0,3.0,347.0,354.0,3903.0,708.0,1192583.0,3.272728187472067,0.5936693714399752,Southeast
"Birmingham, AL",2025-10-01,279.0,246.0,2.0,0.0,31.0,33.0,3867.0,719.0,1192583.0,3.2425416092632546,0.6028930481148901,Southeast
"Birmingham, AL",2025-11-01,278.0,221.0,0.0,0.0,57.0,57.0,3928.0,756.0,1192583.0,3.2936910890059647,0.6339181423850583,Southeast
"Birmingham, AL",2025-12-01,569.0,202.0,2.0,0.0,365.0,367.0,4242.0,1099.0,1192583.0,3.556985132271716,0.921529151430131,Southeast
"Birmingham, AL",2026-01-01,291.0,234.0,2.0,7.0,48.0,57.0,4272.0,1136.0,1192583.0,3.582140614112393,0.9525542457002993,Southeast
"Birmingham, AL",2026-02-01,494.0,260.0,2.0,0.0,232.0,234.0,4501.0,1356.0,1192583.0,3.7741607921628932,1.1370277791985965,Southeast
"Birmingham, AL",2026-03-01,305.0,282.0,2.0,0.0,21.0,23.0,4412.0,1350.0,1192583.0,3.6995328627022186,1.1319966828304613,Southeast
"Birmingham, AL",2026-04-01,367.0,316.0,2.0,0.0,49.0,51.0,4397.0,1356.0,1192583.0,3.6869551217818803,1.1370277791985965,Southeast
"Birmingham, AL",2026-05-01,326.0,308.0,2.0,0.0,16.0,18.0,4413.0,1344.0,1192583.0,3.7003713787635744,1.126965586462326,Southeast
"Boston, MA",2020-07-01,1305.0,458.0,38.0,36.0,773.0,847.0,1305.0,847.0,5025517.0,0.2596747757494403,0.1685398736090237,Northeast
"Boston, MA",2020-08-01,844.0,404.0,56.0,38.0,346.0,440.0,2149.0,1287.0,5025517.0,0.4276176958509941,0.25609305470462046,Northeast
"Boston, MA",2020-09-01,1226.0,417.0,24.0,12.0,773.0,809.0,3375.0,2096.0,5025517.0,0.6715726959037249,0.4170715172190244,Northeast
"Boston, MA",2020-10-01,923.0,424.0,42.0,29.0,428.0,499.0,4298.0,2595.0,5025517.0,0.8552353917019881,0.5163647839615307,Northeast
"Boston, MA",2020-11-01,1735.0,390.0,64.0,24.0,1257.0,1345.0,6033.0,3940.0,5025517.0,1.200473503522125,0.7839989398105708,Northeast
"Boston, MA",2020-12-01,1540.0,425.0,22.0,40.0,1053.0,1115.0,7573.0,5055.0,5025517.0,1.5069096373567137,1.0058666600869124,Northeast
"Boston, MA",2021-01-01,1178.0,390.0,32.0,21.0,735.0,788.0,8751.0,5843.0,5025517.0,1.7413133812899249,1.1626664480490265,Northeast
"Boston, MA",2021-02-01,955.0,412.0,14.0,6.0,523.0,543.0,9706.0,6386.0,5025517.0,1.9313435811678679,1.2707150329010926,Northeast
"Boston, MA",2021-03-01,1345.0,470.0,44.0,20.0,811.0,875.0,11051.0,7261.0,5025517.0,2.198977737016908,1.444826472579836,Northeast
"Boston, MA",2021-04-01,2071.0,511.0,34.0,43.0,1483.0,1560.0,13122.0,8821.0,5025517.0,2.6110746416736825,1.7552422964642245,Northeast
"Boston, MA",2021-05-01,1707.0,437.0,22.0,29.0,1219.0,1270.0,14829.0,10091.0,5025517.0,2.9507411874241,2.007952614626515,Northeast
"Boston, MA",2021-06-01,1415.0,483.0,44.0,36.0,852.0,932.0,16244.0,11023.0,5025517.0,3.2323042584474395,2.193406170947188,Northeast
"Boston, MA",2021-07-01,1387.0,390.0,46.0,17.0,934.0,997.0,16326.0,11173.0,5025517.0,3.2486209876516186,2.223253846320687,Northeast
"Boston, MA",2021-08-01,1088.0,427.0,40.0,37.0,584.0,661.0,16570.0,11394.0,5025517.0,3.2971732062591768,2.2672294213709754,Northeast
"Boston, MA",2021-09-01,1710.0,385.0,16.0,18.0,1291.0,1325.0,17054.0,11910.0,5025517.0,3.3934817054643336,2.3699054246558116,Northeast
"Boston, MA",2021-10-01,962.0,376.0,64.0,17.0,505.0,586.0,17093.0,11997.0,5025517.0,3.401242101061443,2.387217076372441,Northeast
"Boston, MA",2021-11-01,936.0,378.0,58.0,41.0,459.0,558.0,16294.0,11210.0,5025517.0,3.242253483571939,2.2306162729128167,Northeast
"Boston, MA",2021-12-01,2462.0,420.0,48.0,34.0,1960.0,2042.0,17216.0,12137.0,5025517.0,3.4257171948677123,2.4150749067210397,Northeast
"Boston, MA",2022-01-01,903.0,332.0,24.0,19.0,528.0,571.0,16941.0,11920.0,5025517.0,3.370996456682964,2.3718952696807114,Northeast
"Boston, MA",2022-02-01,1894.0,344.0,32.0,28.0,1490.0,1550.0,17880.0,12927.0,5025517.0,3.5578429045210673,2.572272663688134,Northeast
"Boston, MA",2022-03-01,1448.0,416.0,38.0,35.0,959.0,1032.0,17983.0,13084.0,5025517.0,3.5783383082775364,2.603513230579063,Northeast
"Boston, MA",2022-04-01,1675.0,348.0,30.0,23.0,1274.0,1327.0,17587.0,12851.0,5025517.0,3.4995404452914993,2.557149841498895,Northeast
"Boston, MA",2022-05-01,1142.0,351.0,38.0,42.0,711.0,791.0,17022.0,12372.0,5025517.0,3.3871142013846534,2.461836264806188,Northeast
"Boston, MA",2022-06-01,1438.0,343.0,46.0,30.0,1019.0,1095.0,17045.0,12535.0,5025517.0,3.3916908449419236,2.494270738712057,Northeast
"Boston, MA",2022-07-01,1396.0,347.0,22.0,27.0,1000.0,1049.0,17054.0,12587.0,5025517.0,3.3934817054643336,2.5046179328415366,Northeast
"Boston, MA",2022-08-01,857.0,334.0,28.0,35.0,460.0,523.0,16823.0,12449.0,5025517.0,3.347516285389145,2.4771580714979176,Northeast
"Boston, MA",2022-09-01,1276.0,400.0,52.0,31.0,793.0,876.0,16389.0,12000.0,5025517.0,3.2611570113084882,2.3878140298799106,Northeast
"Boston, MA",2022-10-01,875.0,341.0,42.0,9.0,483.0,534.0,16302.0,11948.0,5025517.0,3.243845359591859,2.377466835750431,Northeast
"Boston, MA",2022-11-01,1143.0,305.0,60.0,20.0,758.0,838.0,16509.0,12228.0,5025517.0,3.2850351516072873,2.433182496447629,Northeast
"Boston, MA",2022-12-01,1135.0,319.0,44.0,44.0,728.0,816.0,15182.0,11002.0,5025517.0,3.020982716803067,2.1892274963948983,Northeast
"Boston, MA",2023-01-01,1034.0,270.0,32.0,42.0,690.0,764.0,15313.0,11195.0,5025517.0,3.047049686629256,2.227631505375467,Northeast
"Boston, MA",2023-02-01,1057.0,240.0,12.0,9.0,796.0,817.0,14476.0,10462.0,5025517.0,2.8804996580451325,2.0817758650503024,Northeast
"Boston, MA",2023-03-01,1183.0,297.0,54.0,88.0,744.0,886.0,14211.0,10316.0,5025517.0,2.8277687648852843,2.0527241276867634,Northeast
"Boston, MA",2023-04-01,644.0,291.0,28.0,15.0,310.0,353.0,13180.0,9342.0,5025517.0,2.6226157428181023,1.8589132222615106,Northeast
"Boston, MA",2023-05-01,1303.0,333.0,24.0,30.0,916.0,970.0,13341.0,9521.0,5025517.0,2.6546522477189907,1.8945314482072193,Northeast
"Boston, MA",2023-06-01,1177.0,410.0,38.0,14.0,715.0,767.0,13080.0,9193.0,5025517.0,2.602717292569103,1.8292645313905016,Northeast
"Boston, MA",2023-07-01,1022.0,298.0,26.0,10.0,688.0,724.0,12706.0,8868.0,5025517.0,2.5282970886378453,1.764594568081254,Northeast
"Boston, MA",2023-08-01,865.0,348.0,54.0,41.0,422.0,517.0,12714.0,8862.0,5025517.0,2.529888964657766,1.7634006610663142,Northeast
"Boston, MA",2023-09-01,725.0,266.0,20.0,30.0,409.0,459.0,12163.0,8445.0,5025517.0,2.4202485037857797,1.6804241235279873,Northeast
"Boston, MA",2023-10-01,575.0,333.0,28.0,28.0,186.0,242.0,11863.0,8153.0,5025517.0,2.360553153038782,1.6223206488009094,Northeast
"Boston, MA",2023-11-01,502.0,266.0,24.0,9.0,203.0,236.0,11222.0,7551.0,5025517.0,2.233004086942697,1.502531978301934,Northeast
"Boston, MA",2023-12-01,1659.0,276.0,22.0,32.0,1329.0,1383.0,11746.0,8118.0,5025517.0,2.337271966247453,1.6153561912137597,Northeast
"Boston, MA",2024-01-01,1126.0,277.0,6.0,13.0,830.0,849.0,11838.0,8203.0,5025517.0,2.355578540476532,1.6322698739254091,Northeast
"Boston, MA",2024-02-01,1161.0,253.0,16.0,25.0,867.0,908.0,11942.0,8294.0,5025517.0,2.3762729287354913,1.6503774636519986,Northeast
"Boston, MA",2024-03-01,1094.0,289.0,20.0,27.0,758.0,805.0,11853.0,8213.0,5025517.0,2.3585633080138817,1.634259718950309,Northeast
"Boston, MA",2024-04-01,714.0,333.0,38.0,32.0,311.0,381.0,11923.0,8241.0,5025517.0,2.3724922231881815,1.639831285020029,Northeast
"Boston, MA",2024-05-01,962.0,370.0,62.0,22.0,508.0,592.0,11582.0,7863.0,5025517.0,2.304638507839094,1.5646151430788116,Northeast
"Boston, MA",2024-06-01,1118.0,395.0,44.0,18.0,661.0,723.0,11523.0,7819.0,5025517.0,2.2928984221921844,1.555859824969252,Northeast
"Boston, MA",2024-07-01,918.0,313.0,36.0,23.0,546.0,605.0,11419.0,7700.0,5025517.0,2.272204033933225,1.5321806691729427,Northeast
"Boston, MA",2024-08-01,1071.0,308.0,22.0,65.0,676.0,763.0,11625.0,7946.0,5025517.0,2.3131948414461636,1.581130856785481,Northeast
"Boston, MA",2024-09-01,708.0,291.0,42.0,27.0,348.0,417.0,11608.0,7904.0,5025517.0,2.309812104903834,1.5727735076809013,Northeast
"Boston, MA",2024-10-01,652.0,354.0,40.0,8.0,250.0,298.0,11685.0,7960.0,5025517.0,2.3251339115955636,1.5839166398203408,Northeast
"Boston, MA",2024-11-01,695.0,258.0,20.0,14.0,403.0,437.0,11878.0,8161.0,5025517.0,2.3635379205761318,1.6239125248208293,Northeast
"Boston, MA",2024-12-01,941.0,261.0,16.0,56.0,608.0,680.0,11160.0,7458.0,5025517.0,2.220667047788317,1.4840264195703645,Northeast
"Boston, MA",2025-01-01,789.0,254.0,34.0,15.0,486.0,535.0,10823.0,7144.0,5025517.0,2.1536092704491896,1.421545285788507,Northeast
"Boston, MA",2025-02-01,565.0,182.0,12.0,9.0,362.0,383.0,10227.0,6619.0,5025517.0,2.035014506965154,1.3170784219812608,Northeast
"Boston, MA",2025-03-01,720.0,261.0,28.0,13.0,418.0,459.0,9853.0,6273.0,5025517.0,1.960594303033897,1.2482297841197234,Northeast
"Boston, MA",2025-04-01,948.0,317.0,16.0,21.0,594.0,631.0,10087.0,6523.0,5025517.0,2.0071566766165554,1.2979759097422214,Northeast
"Boston, MA",2025-05-01,921.0,326.0,24.0,27.0,544.0,595.0,10046.0,6526.0,5025517.0,1.9989983120144657,1.2985728632496916,Northeast
"Boston, MA",2025-06-01,556.0,266.0,16.0,16.0,258.0,290.0,9484.0,6093.0,5025517.0,1.8871690216150894,1.2124125736715248,Northeast
"Boston, MA",2025-07-01,921.0,325.0,12.0,9.0,575.0,596.0,9487.0,6084.0,5025517.0,1.8877659751225595,1.2106217131491148,Northeast
"Boston, MA",2025-08-01,824.0,323.0,16.0,15.0,470.0,501.0,9240.0,5822.0,5025517.0,1.8386168030075314,1.158487773496737,Northeast
"Boston, MA",2025-09-01,739.0,329.0,26.0,3.0,381.0,410.0,9271.0,5815.0,5025517.0,1.844785322584721,1.1570948819793068,Northeast
"Boston, MA",2025-10-01,961.0,407.0,22.0,16.0,516.0,554.0,9580.0,6071.0,5025517.0,1.9062715338541287,1.2080349146167448,Northeast
"Boston, MA",2025-11-01,559.0,246.0,14.0,7.0,292.0,313.0,9444.0,5947.0,5025517.0,1.8792096415154897,1.1833608363079857,Northeast
"Boston, MA",2025-12-01,792.0,250.0,16.0,38.0,488.0,542.0,9295.0,5809.0,5025517.0,1.849560950644481,1.155900974964367,Northeast
"Boston, MA",2026-01-01,711.0,246.0,16.0,10.0,439.0,465.0,9217.0,5739.0,5025517.0,1.8340401594502616,1.1419720597900673,Northeast
"Boston, MA",2026-02-01,381.0,168.0,14.0,36.0,163.0,213.0,9033.0,5569.0,5025517.0,1.797427010992103,1.1081446943667685,Northeast
"Boston, MA",2026-03-01,509.0,264.0,30.0,22.0,193.0,245.0,8822.0,5355.0,5025517.0,1.7554412809667144,1.0655620108339103,Northeast
"Boston, MA",2026-04-01,884.0,394.0,34.0,7.0,449.0,490.0,8758.0,5214.0,5025517.0,1.742706272807355,1.0375051959828214,Northeast
"Boston, MA",2026-05-01,1342.0,400.0,22.0,42.0,878.0,942.0,9179.0,5561.0,5025517.0,1.826478748355642,1.1065528183468487,Northeast
"Buffalo, NY",2020-07-01,234.0,103.0,4.0,4.0,123.0,131.0,234.0,131.0,1160172.0,0.20169423154497781,0.11291429201876964,Northeast
"Buffalo, NY",2020-08-01,105.0,91.0,2.0,0.0,12.0,14.0,339.0,145.0,1160172.0,0.29219805339208327,0.12498146826505036,Northeast
"Buffalo, NY",2020-09-01,140.0,107.0,0.0,7.0,26.0,33.0,479.0,178.0,1160172.0,0.41286981585489047,0.15342552655985492,Northeast
"Buffalo, NY",2020-10-01,172.0,75.0,4.0,4.0,89.0,97.0,651.0,275.0,1160172.0,0.5611236954520537,0.23703381912337138,Northeast
"Buffalo, NY",2020-11-01,145.0,89.0,6.0,4.0,46.0,56.0,796.0,331.0,1160172.0,0.6861051637171041,0.28530252410849427,Northeast
"Buffalo, NY",2020-12-01,120.0,78.0,6.0,0.0,36.0,42.0,916.0,373.0,1160172.0,0.7895381029709387,0.32150405284733646,Northeast
"Buffalo, NY",2021-01-01,102.0,72.0,4.0,0.0,26.0,30.0,1018.0,403.0,1160172.0,0.8774561013366984,0.34736228766079513,Northeast
"Buffalo, NY",2021-02-01,96.0,52.0,2.0,0.0,42.0,44.0,1114.0,447.0,1160172.0,0.9602024527397662,0.38528769872053453,Northeast
"Buffalo, NY",2021-03-01,204.0,120.0,10.0,4.0,70.0,84.0,1318.0,531.0,1160172.0,1.1360384494712854,0.45769075619821886,Northeast
"Buffalo, NY",2021-04-01,138.0,103.0,8.0,8.0,19.0,35.0,1456.0,566.0,1160172.0,1.2549863296131953,0.4878586968139207,Northeast
"Buffalo, NY",2021-05-01,126.0,84.0,0.0,12.0,30.0,42.0,1582.0,608.0,1160172.0,1.3635909158297217,0.5240602255527629,Northeast
"Buffalo, NY",2021-06-01,151.0,125.0,6.0,0.0,20.0,26.0,1733.0,634.0,1160172.0,1.493744031057464,0.5464706957244271,Northeast
"Buffalo, NY",2021-07-01,104.0,72.0,0.0,0.0,32.0,32.0,1603.0,535.0,1160172.0,1.3816916801991428,0.46113852084001333,Northeast
"Buffalo, NY",2021-08-01,159.0,81.0,0.0,8.0,70.0,78.0,1657.0,599.0,1160172.0,1.4282365028633686,0.5163027551087253,Northeast
"Buffalo, NY",2021-09-01,115.0,92.0,4.0,0.0,19.0,23.0,1632.0,589.0,1160172.0,1.406687973852153,0.507683343504239,Northeast
"Buffalo, NY",2021-10-01,117.0,78.0,6.0,3.0,30.0,39.0,1577.0,531.0,1160172.0,1.3592812100274787,0.45769075619821886,Northeast
"Buffalo, NY",2021-11-01,110.0,72.0,8.0,0.0,30.0,38.0,1542.0,513.0,1160172.0,1.3291132694117769,0.44217581531014366,Northeast
"Buffalo, NY",2021-12-01,129.0,48.0,6.0,4.0,71.0,81.0,1551.0,552.0,1160172.0,1.3368707398558144,0.47579152056763996,Northeast
"Buffalo, NY",2022-01-01,92.0,65.0,6.0,0.0,21.0,27.0,1541.0,549.0,1160172.0,1.3282513282513282,0.4732056970862941,Northeast
"Buffalo, NY",2022-02-01,109.0,73.0,2.0,0.0,34.0,36.0,1554.0,541.0,1160172.0,1.3394565633371602,0.4663101678027051,Northeast
"Buffalo, NY",2022-03-01,148.0,91.0,2.0,0.0,55.0,57.0,1498.0,514.0,1160172.0,1.2911878583520375,0.4430377564705923,Northeast
"Buffalo, NY",2022-04-01,122.0,87.0,2.0,0.0,33.0,35.0,1482.0,514.0,1160172.0,1.2773967997848594,0.4430377564705923,Northeast
"Buffalo, NY",2022-05-01,123.0,108.0,2.0,0.0,13.0,15.0,1479.0,487.0,1160172.0,1.2748109763035136,0.41976534513847946,Northeast
"Buffalo, NY",2022-06-01,138.0,82.0,2.0,8.0,46.0,56.0,1466.0,517.0,1160172.0,1.2636057412176815,0.4456235799519382,Northeast
"Buffalo, NY",2022-07-01,110.0,77.0,0.0,13.0,20.0,33.0,1472.0,518.0,1160172.0,1.2687773881803732,0.4464855211123868,Northeast
"Buffalo, NY",2022-08-01,125.0,70.0,2.0,12.0,41.0,55.0,1438.0,495.0,1160172.0,1.23947138872512,0.4266608744220684,Northeast
"Buffalo, NY",2022-09-01,163.0,139.0,4.0,0.0,20.0,24.0,1486.0,496.0,1160172.0,1.280844564426654,0.42752281558251704,Northeast
"Buffalo, NY",2022-10-01,179.0,149.0,4.0,0.0,26.0,30.0,1548.0,487.0,1160172.0,1.3342849163744686,0.41976534513847946,Northeast
"Buffalo, NY",2022-11-01,198.0,167.0,0.0,11.0,20.0,31.0,1636.0,480.0,1160172.0,1.4101357384939475,0.4137317570153391,Northeast
"Buffalo, NY",2022-12-01,75.0,53.0,6.0,0.0,16.0,22.0,1582.0,421.0,1160172.0,1.3635909158297217,0.36287722854887033,Northeast
"Buffalo, NY",2023-01-01,70.0,40.0,0.0,3.0,27.0,30.0,1560.0,424.0,1160172.0,1.3446282102998521,0.3654630520302162,Northeast
"Buffalo, NY",2023-02-01,54.0,44.0,0.0,0.0,10.0,10.0,1505.0,398.0,1160172.0,1.297221446475178,0.34305258185855203,Northeast
"Buffalo, NY",2023-03-01,119.0,72.0,2.0,4.0,41.0,47.0,1476.0,388.0,1160172.0,1.2722251528221677,0.33443317025406577,Northeast
"Buffalo, NY",2023-04-01,89.0,62.0,2.0,3.0,22.0,27.0,1443.0,380.0,1160172.0,1.243781094527363,0.32753764097047683,Northeast
"Buffalo, NY",2023-05-01,122.0,79.0,2.0,0.0,41.0,43.0,1442.0,408.0,1160172.0,1.2429191533669146,0.35167199346303823,Northeast
"Buffalo, NY",2023-06-01,142.0,81.0,34.0,3.0,24.0,61.0,1446.0,413.0,1160172.0,1.2463669180087091,0.3559816992652814,Northeast
"Buffalo, NY",2023-07-01,110.0,67.0,0.0,0.0,43.0,43.0,1446.0,423.0,1160172.0,1.2463669180087091,0.36460111086976754,Northeast
"Buffalo, NY",2023-08-01,201.0,75.0,4.0,4.0,118.0,126.0,1522.0,494.0,1160172.0,1.3118744462028045,0.4257989332616198,Northeast
"Buffalo, NY",2023-09-01,133.0,76.0,6.0,0.0,51.0,57.0,1492.0,527.0,1160172.0,1.2860162113893459,0.4542429915564244,Northeast
"Buffalo, NY",2023-10-01,99.0,73.0,4.0,8.0,14.0,26.0,1412.0,523.0,1160172.0,1.2170609185534558,0.4507952269146299,Northeast
"Buffalo, NY",2023-11-01,67.0,59.0,2.0,0.0,6.0,8.0,1281.0,500.0,1160172.0,1.1041466265346862,0.43097058022431156,Northeast
"Buffalo, NY",2023-12-01,78.0,50.0,4.0,0.0,24.0,28.0,1284.0,506.0,1160172.0,1.106732450016032,0.4361422271870033,Northeast
"Buffalo, NY",2024-01-01,74.0,46.0,4.0,8.0,16.0,28.0,1288.0,504.0,1160172.0,1.1101802146578266,0.43441834486610603,Northeast
"Buffalo, NY",2024-02-01,153.0,52.0,0.0,0.0,101.0,101.0,1387.0,595.0,1160172.0,1.1955123895422402,0.5128549904669308,Northeast
"Buffalo, NY",2024-03-01,89.0,72.0,0.0,0.0,17.0,17.0,1357.0,565.0,1160172.0,1.1696541547287818,0.4869967556534721,Northeast
"Buffalo, NY",2024-04-01,102.0,71.0,2.0,8.0,21.0,31.0,1370.0,569.0,1160172.0,1.1808593898146138,0.49044452029526653,Northeast
"Buffalo, NY",2024-05-01,147.0,81.0,0.0,7.0,59.0,66.0,1395.0,592.0,1160172.0,1.2024079188258292,0.5102691669855849,Northeast
"Buffalo, NY",2024-06-01,186.0,83.0,0.0,11.0,92.0,103.0,1439.0,634.0,1160172.0,1.2403333298855688,0.5464706957244271,Northeast
"Buffalo, NY",2024-07-01,136.0,53.0,0.0,6.0,77.0,83.0,1465.0,674.0,1160172.0,1.2627438000572329,0.580948342142372,Northeast
"Buffalo, NY",2024-08-01,124.0,74.0,0.0,10.0,40.0,50.0,1388.0,598.0,1160172.0,1.1963743307026888,0.5154408139482767,Northeast
"Buffalo, NY",2024-09-01,102.0,67.0,8.0,0.0,27.0,35.0,1357.0,576.0,1160172.0,1.1696541547287818,0.4964781084184069,Northeast
"Buffalo, NY",2024-10-01,163.0,81.0,0.0,3.0,79.0,82.0,1421.0,632.0,1160172.0,1.2248183889974935,0.5447468134035298,Northeast
"Buffalo, NY",2024-11-01,71.0,57.0,0.0,3.0,11.0,14.0,1425.0,638.0,1160172.0,1.2282661536392878,0.5499184603662215,Northeast
"Buffalo, NY",2024-12-01,74.0,53.0,2.0,3.0,16.0,21.0,1421.0,631.0,1160172.0,1.2248183889974935,0.5438848722430811,Northeast
"Buffalo, NY",2025-01-01,52.0,39.0,2.0,3.0,8.0,13.0,1399.0,616.0,1160172.0,1.2058556834676237,0.5309557548363519,Northeast
"Buffalo, NY",2025-02-01,58.0,53.0,0.0,0.0,5.0,5.0,1304.0,520.0,1160172.0,1.1239712732250045,0.448209403433284,Northeast
"Buffalo, NY",2025-03-01,83.0,63.0,0.0,7.0,13.0,20.0,1298.0,523.0,1160172.0,1.1187996262623128,0.4507952269146299,Northeast
"Buffalo, NY",2025-04-01,68.0,57.0,2.0,0.0,9.0,11.0,1264.0,503.0,1160172.0,1.0894936268070596,0.4335564037056574,Northeast
"Buffalo, NY",2025-05-01,170.0,78.0,6.0,0.0,86.0,92.0,1287.0,529.0,1160172.0,1.1093182734973779,0.4559668738773216,Northeast
"Buffalo, NY",2025-06-01,83.0,68.0,6.0,0.0,9.0,15.0,1184.0,441.0,1160172.0,1.0205383339711698,0.3801160517578428,Northeast
"Buffalo, NY",2025-07-01,93.0,69.0,0.0,4.0,20.0,24.0,1141.0,382.0,1160172.0,0.983474864071879,0.32926152329137404,Northeast
"Buffalo, NY",2025-08-01,120.0,69.0,2.0,0.0,49.0,51.0,1137.0,383.0,1160172.0,0.9800270994300845,0.3301234644518226,Northeast
"Buffalo, NY",2025-09-01,76.0,51.0,2.0,4.0,19.0,25.0,1111.0,373.0,1160172.0,0.9576166292584203,0.32150405284733646,Northeast
"Buffalo, NY",2025-10-01,127.0,77.0,4.0,4.0,42.0,50.0,1075.0,341.0,1160172.0,0.9265867474822699,0.29392193571298053,Northeast
"Buffalo, NY",2025-11-01,71.0,52.0,0.0,4.0,15.0,19.0,1075.0,346.0,1160172.0,0.9265867474822699,0.29823164151522363,Northeast
"Buffalo, NY",2025-12-01,224.0,105.0,0.0,11.0,108.0,119.0,1225.0,444.0,1160172.0,1.0558779215495635,0.3827018752391887,Northeast
"Buffalo, NY",2026-01-01,62.0,47.0,0.0,0.0,15.0,15.0,1235.0,446.0,1160172.0,1.0644973331540497,0.38442575756008596,Northeast
"Buffalo, NY",2026-02-01,55.0,39.0,0.0,0.0,16.0,16.0,1232.0,457.0,1160172.0,1.0619115096727039,0.39390711032502074,Northeast
"Buffalo, NY",2026-03-01,142.0,63.0,0.0,20.0,59.0,79.0,1291.0,516.0,1160172.0,1.1127660381391724,0.44476163879148956,Northeast
"Buffalo, NY",2026-04-01,145.0,90.0,0.0,31.0,24.0,55.0,1368.0,560.0,1160172.0,1.1791355074937164,0.48268704985122896,Northeast
"Buffalo, NY",2026-05-01,118.0,81.0,2.0,8.0,27.0,37.0,1316.0,505.0,1160172.0,1.134314567150388,0.43528028602655466,Northeast
"Charlotte, NC",2020-07-01,1898.0,1787.0,0.0,3.0,108.0,111.0,1898.0,111.0,2883370.0,0.6582575250488144,0.038496620274193045,Southeast
"Charlotte, NC",2020-08-01,2418.0,1565.0,44.0,12.0,797.0,853.0,4316.0,964.0,2883370.0,1.496859577508263,0.33433100850740627,Southeast
"Charlotte, NC",2020-09-01,1659.0,1625.0,4.0,3.0,27.0,34.0,5975.0,998.0,2883370.0,2.072227983227959,0.3461227660688708,Southeast
"Charlotte, NC",2020-10-01,2323.0,1631.0,6.0,3.0,683.0,692.0,8298.0,1690.0,2883370.0,2.87788247779508,0.5861197140845608,Southeast
"Charlotte, NC",2020-11-01,2235.0,1539.0,0.0,0.0,696.0,696.0,10533.0,2386.0,2883370.0,3.65301712926194,0.8275039276957171,Southeast
"Charlotte, NC",2020-12-01,2202.0,1437.0,0.0,3.0,762.0,765.0,12735.0,3151.0,2883370.0,4.416706839566203,1.0928184728286692,Southeast
"Charlotte, NC",2021-01-01,1990.0,1506.0,2.0,7.0,475.0,484.0,14725.0,3635.0,2883370.0,5.106871473310743,1.2606776098801056,Southeast
"Charlotte, NC",2021-02-01,2177.0,1588.0,0.0,30.0,559.0,589.0,16902.0,4224.0,2883370.0,5.861890773643341,1.4649524688125353,Southeast
"Charlotte, NC",2021-03-01,2457.0,1907.0,10.0,3.0,537.0,550.0,19359.0,4774.0,2883370.0,6.714018665658587,1.6557014881891676,Southeast
"Charlotte, NC",2021-04-01,2247.0,1750.0,8.0,39.0,450.0,497.0,21606.0,5271.0,2883370.0,7.493315113911846,1.8280692384258697,Southeast
"Charlotte, NC",2021-05-01,1954.0,1581.0,2.0,0.0,371.0,373.0,23560.0,5644.0,2883370.0,8.170994357297191,1.957431755203113,Southeast
"Charlotte, NC",2021-06-01,2708.0,1642.0,0.0,0.0,1066.0,1066.0,26268.0,6710.0,2883370.0,9.110173165427954,2.327138036394913,Southeast
"Charlotte, NC",2021-07-01,2838.0,1550.0,2.0,0.0,1286.0,1288.0,27208.0,7887.0,2883370.0,9.436180580362562,2.7353409378609057,Southeast
"Charlotte, NC",2021-08-01,2818.0,1623.0,8.0,0.0,1187.0,1195.0,27608.0,8229.0,2883370.0,9.574907139909202,2.8539521462732846,Southeast
"Charlotte, NC",2021-09-01,2493.0,1539.0,4.0,3.0,947.0,954.0,28442.0,9149.0,2883370.0,9.864152016563951,3.17302323323056,Southeast
"Charlotte, NC",2021-10-01,3149.0,1543.0,4.0,0.0,1602.0,1606.0,29268.0,10063.0,2883370.0,10.150622362027766,3.4900134217946364,Southeast
"Charlotte, NC",2021-11-01,1595.0,1354.0,2.0,0.0,239.0,241.0,28628.0,9608.0,2883370.0,9.928659866753138,3.3322119603103313,Southeast
"Charlotte, NC",2021-12-01,1789.0,1336.0,6.0,3.0,444.0,453.0,28215.0,9296.0,2883370.0,9.785424694021232,3.224005243863951,Southeast
"Charlotte, NC",2022-01-01,3225.0,1638.0,10.0,0.0,1577.0,1587.0,29450.0,10399.0,2883370.0,10.213742946621487,3.606543731813815,Southeast
"Charlotte, NC",2022-02-01,2820.0,1968.0,10.0,8.0,834.0,852.0,30093.0,10662.0,2883370.0,10.436745891092714,3.6977564447157323,Southeast
"Charlotte, NC",2022-03-01,2418.0,2062.0,4.0,23.0,329.0,356.0,30054.0,10468.0,2883370.0,10.423220051536918,3.630474063335611,Southeast
"Charlotte, NC",2022-04-01,2851.0,2127.0,0.0,0.0,724.0,724.0,30658.0,10695.0,2883370.0,10.632697156452346,3.70920138587833,Southeast
"Charlotte, NC",2022-05-01,3103.0,2039.0,0.0,0.0,1064.0,1064.0,31807.0,11386.0,2883370.0,11.031189198750074,3.9488515174951533,Southeast
"Charlotte, NC",2022-06-01,2097.0,1683.0,10.0,16.0,388.0,414.0,31196.0,10734.0,2883370.0,10.819284379042578,3.7227272254341273,Southeast
"Charlotte, NC",2022-07-01,1695.0,1409.0,0.0,0.0,286.0,286.0,30053.0,9732.0,2883370.0,10.42287323513805,3.3752171937697906,Southeast
"Charlotte, NC",2022-08-01,1734.0,1348.0,10.0,0.0,376.0,386.0,28969.0,8923.0,2883370.0,10.046924258766651,3.0946427270867076,Southeast
"Charlotte, NC",2022-09-01,1760.0,1278.0,2.0,0.0,480.0,482.0,28236.0,8451.0,2883370.0,9.792707838397432,2.9309453868216706,Southeast
"Charlotte, NC",2022-10-01,1924.0,1310.0,2.0,0.0,612.0,614.0,27011.0,7459.0,2883370.0,9.367857749785841,2.5869035191459995,Southeast
"Charlotte, NC",2022-11-01,1973.0,1073.0,14.0,0.0,886.0,900.0,27389.0,8118.0,2883370.0,9.498954348557417,2.815455525999091,Southeast
"Charlotte, NC",2022-12-01,1690.0,1087.0,78.0,0.0,525.0,603.0,27290.0,8268.0,2883370.0,9.464619525069624,2.867477985829082,Southeast
"Charlotte, NC",2023-01-01,1930.0,1324.0,6.0,4.0,596.0,606.0,25995.0,7287.0,2883370.0,9.015492288537372,2.5272510985409435,Southeast
"Charlotte, NC",2023-02-01,2847.0,1421.0,2.0,0.0,1424.0,1426.0,26022.0,7861.0,2883370.0,9.02485633130677,2.726323711490374,Southeast
"Charlotte, NC",2023-03-01,2409.0,1755.0,4.0,0.0,650.0,654.0,26013.0,8159.0,2883370.0,9.021734983716971,2.829674998352622,Southeast
"Charlotte, NC",2023-04-01,3684.0,1652.0,12.0,0.0,2020.0,2032.0,26846.0,9467.0,2883370.0,9.310633043972851,3.28331084807014,Southeast
"Charlotte, NC",2023-05-01,2982.0,1735.0,12.0,3.0,1232.0,1247.0,26725.0,9650.0,2883370.0,9.268668259709992,3.3467782490627287,Southeast
"Charlotte, NC",2023-06-01,1986.0,1613.0,4.0,0.0,369.0,373.0,26614.0,9609.0,2883370.0,9.230171639435799,3.332558776709198,Southeast
"Charlotte, NC",2023-07-01,1762.0,1587.0,6.0,0.0,169.0,175.0,26681.0,9498.0,2883370.0,9.253408338159863,3.294062156435005,Southeast
"Charlotte, NC",2023-08-01,2212.0,1782.0,48.0,0.0,382.0,430.0,27159.0,9542.0,2883370.0,9.419186576818099,3.309322077985135,Southeast
"Charlotte, NC",2023-09-01,3105.0,1645.0,10.0,0.0,1450.0,1460.0,28504.0,10520.0,2883370.0,9.88565463329368,3.648508516076674,Southeast
"Charlotte, NC",2023-10-01,2695.0,1555.0,6.0,16.0,1118.0,1140.0,29275.0,11046.0,2883370.0,10.153050076819833,3.830933941880508,Southeast
"Charlotte, NC",2023-11-01,1882.0,1393.0,4.0,0.0,485.0,489.0,29184.0,10635.0,2883370.0,10.121489784522971,3.688392401946334,Southeast
"Charlotte, NC",2023-12-01,2201.0,1407.0,2.0,3.0,789.0,794.0,29695.0,10826.0,2883370.0,10.298712964343807,3.754634334129855,Southeast
"Charlotte, NC",2024-01-01,1655.0,1499.0,6.0,0.0,150.0,156.0,29420.0,10376.0,2883370.0,10.203338454655489,3.598566954639883,Southeast
"Charlotte, NC",2024-02-01,2178.0,1679.0,4.0,0.0,495.0,499.0,28751.0,9449.0,2883370.0,9.971318283813732,3.277068152890541,Southeast
"Charlotte, NC",2024-03-01,2096.0,1805.0,4.0,0.0,287.0,291.0,28438.0,9086.0,2883370.0,9.862764750968484,3.1511738001019642,Southeast
"Charlotte, NC",2024-04-01,2623.0,1792.0,16.0,0.0,815.0,831.0,27377.0,7885.0,2883370.0,9.494792551771019,2.7346473050631723,Southeast
"Charlotte, NC",2024-05-01,2913.0,1830.0,18.0,0.0,1065.0,1083.0,27308.0,7721.0,2883370.0,9.470862220249222,2.6777694156490495,Southeast
"Charlotte, NC",2024-06-01,2036.0,1384.0,2.0,0.0,650.0,652.0,27358.0,8000.0,2883370.0,9.488203040192554,2.7745311909328323,Southeast
"Charlotte, NC",2024-07-01,2124.0,1649.0,4.0,8.0,463.0,475.0,27720.0,8300.0,2883370.0,9.613750576582264,2.8785761105928134,Southeast
"Charlotte, NC",2024-08-01,2347.0,1711.0,34.0,0.0,602.0,636.0,27855.0,8506.0,2883370.0,9.660570790429256,2.9500202887593336,Southeast
"Charlotte, NC",2024-09-01,2232.0,1409.0,10.0,0.0,813.0,823.0,26982.0,7869.0,2883370.0,9.357800074218709,2.729098242681307,Southeast
"Charlotte, NC",2024-10-01,1745.0,1508.0,6.0,0.0,231.0,237.0,26032.0,6966.0,2883370.0,9.028324495295436,2.4159230345047638,Southeast
"Charlotte, NC",2024-11-01,1786.0,1310.0,10.0,3.0,463.0,476.0,25936.0,6953.0,2883370.0,8.995030121004243,2.4114144213194977,Southeast
"Charlotte, NC",2024-12-01,2102.0,1334.0,32.0,4.0,732.0,768.0,25837.0,6927.0,2883370.0,8.960695297516448,2.402397194948966,Southeast
"Charlotte, NC",2025-01-01,2304.0,1423.0,6.0,0.0,875.0,881.0,26486.0,7652.0,2883370.0,9.185779140380873,2.653839084127254,Southeast
"Charlotte, NC",2025-02-01,1827.0,1374.0,10.0,0.0,443.0,453.0,26135.0,7606.0,2883370.0,9.064046584378696,2.63788552977939,Southeast
"Charlotte, NC",2025-03-01,2471.0,1622.0,10.0,0.0,839.0,849.0,26510.0,8164.0,2883370.0,9.194102733953674,2.831409080346955,Southeast
"Charlotte, NC",2025-04-01,1739.0,1676.0,20.0,0.0,43.0,63.0,25626.0,7396.0,2883370.0,8.887517037355593,2.565054086017403,Southeast
"Charlotte, NC",2025-05-01,1571.0,1526.0,8.0,0.0,37.0,45.0,24284.0,6358.0,2883370.0,8.422089430076612,2.2050586639938685,Southeast
"Charlotte, NC",2025-06-01,2356.0,1452.0,10.0,4.0,890.0,904.0,24604.0,6610.0,2883370.0,8.533070677713924,2.2924563965082525,Southeast
"Charlotte, NC",2025-07-01,1670.0,1394.0,8.0,3.0,265.0,276.0,24150.0,6411.0,2883370.0,8.375616032628487,2.223439933133798,Southeast
"Charlotte, NC",2025-08-01,1481.0,1078.0,2.0,18.0,383.0,403.0,23284.0,6178.0,2883370.0,8.075273031210008,2.1426317121978795,Southeast
"Charlotte, NC",2025-09-01,1586.0,1176.0,16.0,4.0,390.0,410.0,22638.0,5765.0,2883370.0,7.851229637542182,1.999396539465972,Southeast
"Charlotte, NC",2025-10-01,1815.0,1050.0,2.0,4.0,759.0,765.0,22708.0,6293.0,2883370.0,7.875506785462843,2.182515598067539,Southeast
"Charlotte, NC",2025-11-01,1326.0,950.0,14.0,4.0,358.0,376.0,22248.0,6193.0,2883370.0,7.715971241984207,2.1478339581808785,Southeast
"Charlotte, NC",2025-12-01,989.0,919.0,10.0,12.0,48.0,70.0,21135.0,5495.0,2883370.0,7.329964590045676,1.905756111771989,Southeast
"Charlotte, NC",2026-01-01,1431.0,1063.0,4.0,0.0,364.0,368.0,20262.0,4982.0,2883370.0,7.02719387383513,1.727839299153421,Southeast
"Charlotte, NC",2026-02-01,1994.0,1016.0,8.0,0.0,970.0,978.0,20429.0,5507.0,2883370.0,7.085112212445853,1.9099179085583884,Southeast
"Charlotte, NC",2026-03-01,2197.0,1340.0,14.0,3.0,840.0,857.0,20155.0,5515.0,2883370.0,6.9900845191564045,1.912692439749321,Southeast
"Charlotte, NC",2026-04-01,2394.0,1236.0,2.0,0.0,1156.0,1158.0,20810.0,6610.0,2883370.0,7.217249260414029,2.2924563965082525,Southeast
"Charlotte, NC",2026-05-01,1663.0,1057.0,0.0,0.0,606.0,606.0,20902.0,7171.0,2883370.0,7.249156369109757,2.4870203962724173,Southeast
"Chicago, IL",2020-07-01,1542.0,842.0,26.0,94.0,580.0,700.0,1542.0,700.0,9408576.0,0.16389302695753322,0.07440020679006047,Midwest
"Chicago, IL",2020-08-01,958.0,738.0,46.0,54.0,120.0,220.0,2500.0,920.0,9408576.0,0.265715024250216,0.09778312892407948,Midwest
"Chicago, IL",2020-09-01,1472.0,885.0,34.0,21.0,532.0,587.0,3972.0,1507.0,9408576.0,0.4221680305287432,0.16017301661803018,Midwest
"Chicago, IL",2020-10-01,1464.0,903.0,22.0,22.0,517.0,561.0,5436.0,2068.0,9408576.0,0.5777707487296696,0.21979946805977865,Midwest
"Chicago, IL",2020-11-01,1240.0,721.0,26.0,25.0,468.0,519.0,6676.0,2587.0,9408576.0,0.7095654007577766,0.2749619070941235,Midwest
"Chicago, IL",2020-12-01,1213.0,704.0,14.0,47.0,448.0,509.0,7889.0,3096.0,9408576.0,0.8384903305239816,0.32906148603146745,Midwest
"Chicago, IL",2021-01-01,945.0,594.0,16.0,46.0,289.0,351.0,8834.0,3447.0,9408576.0,0.9389306096905632,0.3663678754361978,Midwest
"Chicago, IL",2021-02-01,930.0,583.0,10.0,34.0,303.0,347.0,9764.0,3794.0,9408576.0,1.0377765987116434,0.40324912080212777,Midwest
"Chicago, IL",2021-03-01,1613.0,1017.0,28.0,37.0,531.0,596.0,11377.0,4390.0,9408576.0,1.2092159323578828,0.46659558258337924,Midwest
"Chicago, IL",2021-04-01,1691.0,1054.0,38.0,76.0,523.0,637.0,13068.0,5027.0,9408576.0,1.3889455747607289,0.5342997707623343,Midwest
"Chicago, IL",2021-05-01,1234.0,846.0,20.0,43.0,325.0,388.0,14302.0,5415.0,9408576.0,1.5201025107306354,0.5755387425259678,Midwest
"Chicago, IL",2021-06-01,1997.0,928.0,40.0,100.0,929.0,1069.0,16299.0,6484.0,9408576.0,1.7323556721017082,0.6891584868953601,Midwest
"Chicago, IL",2021-07-01,2407.0,809.0,44.0,61.0,1493.0,1598.0,17164.0,7382.0,9408576.0,1.8242930704922828,0.7846033236060377,Midwest
"Chicago, IL",2021-08-01,1535.0,967.0,22.0,58.0,488.0,568.0,17741.0,7730.0,9408576.0,1.8856200980892326,0.8215908549816678,Midwest
"Chicago, IL",2021-09-01,1457.0,865.0,22.0,112.0,458.0,592.0,17726.0,7735.0,9408576.0,1.8840258079437313,0.8221222850301682,Midwest
"Chicago, IL",2021-10-01,2327.0,714.0,12.0,70.0,1531.0,1613.0,18589.0,8787.0,9408576.0,1.9757506343149058,0.9339351672346591,Midwest
"Chicago, IL",2021-11-01,1276.0,726.0,22.0,52.0,476.0,550.0,18625.0,8818.0,9408576.0,1.979576930664109,0.9372300335353618,Midwest
"Chicago, IL",2021-12-01,935.0,634.0,22.0,54.0,225.0,301.0,18347.0,8610.0,9408576.0,1.950029419967485,0.9151225435177438,Midwest
"Chicago, IL",2022-01-01,994.0,475.0,14.0,50.0,455.0,519.0,18396.0,8778.0,9408576.0,1.9552374344427894,0.9329785931473584,Midwest
"Chicago, IL",2022-02-01,856.0,579.0,14.0,50.0,213.0,277.0,18322.0,8708.0,9408576.0,1.9473722697249827,0.9255385724683522,Midwest
"Chicago, IL",2022-03-01,1684.0,878.0,38.0,58.0,710.0,806.0,18393.0,8918.0,9408576.0,1.954918576413689,0.9478586345053704,Midwest
"Chicago, IL",2022-04-01,2015.0,937.0,38.0,86.0,954.0,1078.0,18717.0,9359.0,9408576.0,1.989355243556517,0.9947307647831085,Midwest
"Chicago, IL",2022-05-01,1450.0,810.0,16.0,51.0,573.0,640.0,18933.0,9611.0,9408576.0,2.0123130216517353,1.0215148392275302,Midwest
"Chicago, IL",2022-06-01,1200.0,853.0,20.0,95.0,232.0,347.0,18136.0,8889.0,9408576.0,1.9276030719207669,0.9447763402240679,Midwest
"Chicago, IL",2022-07-01,1207.0,660.0,8.0,35.0,504.0,547.0,16936.0,7838.0,9408576.0,1.800059860280663,0.833069744029277,Midwest
"Chicago, IL",2022-08-01,1331.0,700.0,26.0,67.0,538.0,631.0,16732.0,7901.0,9408576.0,1.7783775143018454,0.8397657626403826,Midwest
"Chicago, IL",2022-09-01,2081.0,630.0,44.0,66.0,1341.0,1451.0,17356.0,8760.0,9408576.0,1.8446999843546994,0.9310654449727568,Midwest
"Chicago, IL",2022-10-01,1552.0,679.0,54.0,67.0,752.0,873.0,16581.0,8020.0,9408576.0,1.7623283268371326,0.8524137977946928,Midwest
"Chicago, IL",2022-11-01,1307.0,487.0,14.0,36.0,770.0,820.0,16612.0,8290.0,9408576.0,1.7656231931378352,0.8811110204137161,Midwest
"Chicago, IL",2022-12-01,1530.0,332.0,20.0,15.0,1163.0,1198.0,17207.0,9187.0,9408576.0,1.8288633689093865,0.9764495711146937,Midwest
"Chicago, IL",2023-01-01,876.0,314.0,8.0,16.0,538.0,562.0,17089.0,9230.0,9408576.0,1.8163216197647762,0.9810198695317973,Midwest
"Chicago, IL",2023-02-01,703.0,430.0,8.0,46.0,219.0,273.0,16936.0,9226.0,9408576.0,1.800059860280663,0.9805947254929971,Midwest
"Chicago, IL",2023-03-01,1754.0,662.0,16.0,38.0,1038.0,1092.0,17006.0,9512.0,9408576.0,1.8074998809596692,1.0109925242672217,Midwest
"Chicago, IL",2023-04-01,1467.0,652.0,20.0,44.0,751.0,815.0,16458.0,9249.0,9408576.0,1.7492551476440217,0.9830393037160989,Midwest
"Chicago, IL",2023-05-01,1053.0,751.0,28.0,36.0,238.0,302.0,16061.0,8911.0,9408576.0,1.7070596017930875,0.9471146324374697,Midwest
"Chicago, IL",2023-06-01,1397.0,789.0,38.0,75.0,495.0,608.0,16258.0,9172.0,9408576.0,1.7279979457040044,0.9748552809691924,Midwest
"Chicago, IL",2023-07-01,967.0,691.0,42.0,46.0,188.0,276.0,16018.0,8901.0,9408576.0,1.7024893033759838,0.946051772340469,Midwest
"Chicago, IL",2023-08-01,1417.0,781.0,24.0,61.0,551.0,636.0,16104.0,8906.0,9408576.0,1.7116299002101911,0.9465832023889694,Midwest
"Chicago, IL",2023-09-01,1330.0,684.0,56.0,66.0,524.0,646.0,15353.0,8101.0,9408576.0,1.6318091069254264,0.8610229645803998,Midwest
"Chicago, IL",2023-10-01,1368.0,818.0,16.0,45.0,489.0,550.0,15169.0,7778.0,9408576.0,1.6122524811406105,0.8266925834472719,Midwest
"Chicago, IL",2023-11-01,987.0,791.0,12.0,29.0,155.0,196.0,14849.0,7154.0,9408576.0,1.5782409580365828,0.760370113394418,Midwest
"Chicago, IL",2023-12-01,895.0,576.0,12.0,41.0,266.0,319.0,14214.0,6275.0,9408576.0,1.510749341877028,0.6669447108680421,Midwest
"Chicago, IL",2024-01-01,743.0,439.0,10.0,53.0,241.0,304.0,14081.0,6017.0,9408576.0,1.4966133025869164,0.6395229203654198,Midwest
"Chicago, IL",2024-02-01,885.0,614.0,16.0,16.0,239.0,271.0,14263.0,6015.0,9408576.0,1.5159573563523323,0.6393103483460196,Midwest
"Chicago, IL",2024-03-01,2045.0,790.0,16.0,34.0,1205.0,1255.0,14554.0,6178.0,9408576.0,1.5468865851750573,0.6566349679271337,Midwest
"Chicago, IL",2024-04-01,1092.0,940.0,20.0,50.0,82.0,152.0,14179.0,5515.0,9408576.0,1.507029331537525,0.5861673434959764,Midwest
"Chicago, IL",2024-05-01,1537.0,882.0,8.0,45.0,602.0,655.0,14663.0,5868.0,9408576.0,1.5584717602323668,0.6236863049201069,Midwest
"Chicago, IL",2024-06-01,1385.0,811.0,14.0,52.0,508.0,574.0,14651.0,5834.0,9408576.0,1.5571963281159658,0.620072580590304,Midwest
"Chicago, IL",2024-07-01,1380.0,889.0,32.0,37.0,422.0,491.0,15064.0,6049.0,9408576.0,1.6010924501221013,0.6429240726758226,Midwest
"Chicago, IL",2024-08-01,1946.0,899.0,18.0,46.0,983.0,1047.0,15593.0,6460.0,9408576.0,1.657317749253447,0.6866076226625581,Midwest
"Chicago, IL",2024-09-01,1660.0,824.0,42.0,36.0,758.0,836.0,15923.0,6650.0,9408576.0,1.6923921324544755,0.7068019645055745,Midwest
"Chicago, IL",2024-10-01,1770.0,1010.0,12.0,31.0,717.0,760.0,16325.0,6860.0,9408576.0,1.7351191083539104,0.7291220265425926,Midwest
"Chicago, IL",2024-11-01,1649.0,758.0,32.0,56.0,803.0,891.0,16987.0,7555.0,9408576.0,1.8054804467753676,0.8029908032841527,Midwest
"Chicago, IL",2024-12-01,1228.0,565.0,12.0,26.0,625.0,663.0,17320.0,7899.0,9408576.0,1.8408736880054963,0.8395531906209823,Midwest
"Chicago, IL",2025-01-01,819.0,580.0,16.0,51.0,172.0,239.0,17396.0,7834.0,9408576.0,1.8489514247427028,0.8326445999904768,Midwest
"Chicago, IL",2025-02-01,933.0,602.0,26.0,66.0,239.0,331.0,17444.0,7894.0,9408576.0,1.8540531532083069,0.839021760572482,Midwest
"Chicago, IL",2025-03-01,1098.0,848.0,22.0,47.0,181.0,250.0,16497.0,6889.0,9408576.0,1.7534003020223252,0.7322043208238951,Midwest
"Chicago, IL",2025-04-01,1342.0,885.0,22.0,39.0,396.0,457.0,16747.0,7194.0,9408576.0,1.779971804447347,0.7646215537824215,Midwest
"Chicago, IL",2025-05-01,1964.0,850.0,38.0,26.0,1050.0,1114.0,17174.0,7653.0,9408576.0,1.8253559305892837,0.8134068322347612,Midwest
"Chicago, IL",2025-06-01,1927.0,1039.0,24.0,40.0,824.0,888.0,17716.0,7967.0,9408576.0,1.8829629478467305,0.8467806392805883,Midwest
"Chicago, IL",2025-07-01,1851.0,901.0,30.0,47.0,873.0,950.0,18187.0,8426.0,9408576.0,1.9330236584154712,0.8955659177329279,Midwest
"Chicago, IL",2025-08-01,1473.0,927.0,42.0,124.0,380.0,546.0,17714.0,7925.0,9408576.0,1.8827503758273303,0.8423166268731846,Midwest
"Chicago, IL",2025-09-01,1324.0,835.0,20.0,86.0,383.0,489.0,17378.0,7578.0,9408576.0,1.8470382765681013,0.8054353815072547,Midwest
"Chicago, IL",2025-10-01,1598.0,932.0,32.0,72.0,562.0,666.0,17206.0,7484.0,9408576.0,1.8287570828996864,0.7954444965954466,Midwest
"Chicago, IL",2025-11-01,931.0,547.0,22.0,46.0,316.0,384.0,16488.0,6977.0,9408576.0,1.7524437279350242,0.7415574896775028,Midwest
"Chicago, IL",2025-12-01,863.0,630.0,26.0,60.0,147.0,233.0,16123.0,6547.0,9408576.0,1.7136493343944927,0.6958545055064655,Midwest
"Chicago, IL",2026-01-01,889.0,460.0,40.0,40.0,349.0,429.0,16193.0,6737.0,9408576.0,1.721089355073499,0.7160488473494819,Midwest
"Chicago, IL",2026-02-01,1029.0,709.0,12.0,25.0,283.0,320.0,16289.0,6726.0,9408576.0,1.731292812004707,0.714879701242781,Midwest
"Chicago, IL",2026-03-01,1764.0,893.0,16.0,79.0,776.0,871.0,16955.0,7347.0,9408576.0,1.8020792944649648,0.7808833132665347,Midwest
"Chicago, IL",2026-04-01,1620.0,942.0,14.0,70.0,594.0,678.0,17233.0,7568.0,9408576.0,1.8316268051615887,0.8043725214102537,Midwest
"Chicago, IL",2026-05-01,956.0,829.0,12.0,32.0,83.0,127.0,16225.0,6581.0,9408576.0,1.7244905073839016,0.6994682298362686,Midwest
"Cincinnati, OH",2020-07-01,954.0,543.0,0.0,8.0,403.0,411.0,954.0,411.0,2302815.0,0.41427557142019655,0.17847721158668844,Midwest
"Cincinnati, OH",2020-08-01,752.0,523.0,16.0,24.0,189.0,229.0,1706.0,640.0,2302815.0,0.7408324159778358,0.27792071877245894,Midwest
"Cincinnati, OH",2020-09-01,564.0,511.0,10.0,10.0,33.0,53.0,2270.0,693.0,2302815.0,0.9857500493960653,0.3009360282958032,Midwest
"Cincinnati, OH",2020-10-01,791.0,524.0,2.0,0.0,265.0,267.0,3061.0,960.0,2302815.0,1.3292426877539012,0.41688107815868836,Midwest
"Cincinnati, OH",2020-11-01,616.0,421.0,4.0,3.0,188.0,195.0,3677.0,1155.0,2302815.0,1.5967413795723928,0.501560047159672,Midwest
"Cincinnati, OH",2020-12-01,509.0,473.0,2.0,10.0,24.0,36.0,4186.0,1191.0,2302815.0,1.8177752012211141,0.5171930875906228,Midwest
"Cincinnati, OH",2021-01-01,469.0,381.0,16.0,9.0,63.0,88.0,4655.0,1279.0,2302815.0,2.0214389779465565,0.555407186421836,Midwest
"Cincinnati, OH",2021-02-01,1218.0,440.0,2.0,11.0,765.0,778.0,5873.0,2057.0,2302815.0,2.5503568458603927,0.8932545601796062,Midwest
"Cincinnati, OH",2021-03-01,637.0,594.0,6.0,12.0,25.0,43.0,6510.0,2100.0,2302815.0,2.8269748112636055,0.9119273584721309,Midwest
"Cincinnati, OH",2021-04-01,672.0,601.0,2.0,15.0,54.0,71.0,7182.0,2171.0,2302815.0,3.1187915659746874,0.9427591882109505,Midwest
"Cincinnati, OH",2021-05-01,765.0,555.0,4.0,31.0,175.0,210.0,7947.0,2381.0,2302815.0,3.450993675132392,1.0339519240581636,Midwest
"Cincinnati, OH",2021-06-01,892.0,501.0,2.0,9.0,380.0,391.0,8839.0,2772.0,2302815.0,3.838345676921507,1.2037441131832127,Midwest
"Cincinnati, OH",2021-07-01,511.0,425.0,4.0,0.0,82.0,86.0,8396.0,2447.0,2302815.0,3.6459724293961955,1.0626124981815734,Midwest
"Cincinnati, OH",2021-08-01,608.0,386.0,4.0,0.0,218.0,222.0,8252.0,2440.0,2302815.0,3.583440267672392,1.0595727403199997,Midwest
"Cincinnati, OH",2021-09-01,516.0,425.0,0.0,6.0,85.0,91.0,8204.0,2478.0,2302815.0,3.562596213764458,1.0760742829971144,Midwest
"Cincinnati, OH",2021-10-01,1042.0,399.0,0.0,10.0,633.0,643.0,8455.0,2854.0,2302815.0,3.671593245658032,1.2393527052759339,Midwest
"Cincinnati, OH",2021-11-01,768.0,388.0,4.0,8.0,368.0,380.0,8607.0,3039.0,2302815.0,3.7375994163664905,1.3196891630460978,Midwest
"Cincinnati, OH",2021-12-01,577.0,413.0,14.0,0.0,150.0,164.0,8675.0,3167.0,2302815.0,3.7671284927360644,1.3752733068005898,Midwest
"Cincinnati, OH",2022-01-01,528.0,316.0,18.0,0.0,194.0,212.0,8734.0,3291.0,2302815.0,3.7927493089979003,1.4291204460627536,Midwest
"Cincinnati, OH",2022-02-01,360.0,328.0,20.0,0.0,12.0,32.0,7876.0,2545.0,2302815.0,3.4201618453935727,1.1051691082436061,Midwest
"Cincinnati, OH",2022-03-01,729.0,455.0,46.0,51.0,177.0,274.0,7968.0,2776.0,2302815.0,3.4601129487171134,1.2054811176755404,Midwest
"Cincinnati, OH",2022-04-01,530.0,431.0,16.0,3.0,80.0,99.0,7826.0,2804.0,2302815.0,3.3984492892394744,1.2176401491218356,Midwest
"Cincinnati, OH",2022-05-01,591.0,480.0,8.0,17.0,86.0,111.0,7652.0,2705.0,2302815.0,3.322889593823212,1.174649287936721,Midwest
"Cincinnati, OH",2022-06-01,562.0,409.0,48.0,26.0,79.0,153.0,7322.0,2467.0,2302815.0,3.179586723206163,1.0712975206432127,Midwest
"Cincinnati, OH",2022-07-01,620.0,282.0,22.0,7.0,309.0,338.0,7431.0,2719.0,2302815.0,3.226920095622097,1.1807288036598684,Midwest
"Cincinnati, OH",2022-08-01,481.0,359.0,26.0,12.0,84.0,122.0,7304.0,2619.0,2302815.0,3.171770202990688,1.1373036913516719,Midwest
"Cincinnati, OH",2022-09-01,433.0,271.0,16.0,12.0,134.0,162.0,7221.0,2690.0,2302815.0,3.1357273597748843,1.1681355210904913,Midwest
"Cincinnati, OH",2022-10-01,538.0,348.0,20.0,38.0,132.0,190.0,6717.0,2237.0,2302815.0,2.916864793741573,0.9714197623343603,Midwest
"Cincinnati, OH",2022-11-01,614.0,256.0,24.0,0.0,334.0,358.0,6563.0,2215.0,2302815.0,2.8499901207869502,0.961866237626557,Midwest
"Cincinnati, OH",2022-12-01,397.0,218.0,22.0,8.0,149.0,179.0,6383.0,2230.0,2302815.0,2.7718249186321957,0.9683800044727865,Midwest
"Cincinnati, OH",2023-01-01,323.0,218.0,12.0,9.0,84.0,105.0,6178.0,2123.0,2302815.0,2.6828034384003923,0.9219151343030161,Midwest
"Cincinnati, OH",2023-02-01,504.0,265.0,12.0,24.0,203.0,239.0,6322.0,2330.0,2302815.0,2.745335600124196,1.0118051167809832,Midwest
"Cincinnati, OH",2023-03-01,997.0,373.0,30.0,3.0,591.0,624.0,6590.0,2680.0,2302815.0,2.861714901110163,1.1637930098596716,Midwest
"Cincinnati, OH",2023-04-01,607.0,316.0,14.0,13.0,264.0,291.0,6667.0,2872.0,2302815.0,2.8951522375874745,1.2471692254914095,Midwest
"Cincinnati, OH",2023-05-01,470.0,335.0,32.0,20.0,83.0,135.0,6546.0,2896.0,2302815.0,2.8426078516945563,1.2575912524453767,Midwest
"Cincinnati, OH",2023-06-01,458.0,342.0,26.0,14.0,76.0,116.0,6442.0,2859.0,2302815.0,2.797445734894032,1.241523960891344,Midwest
"Cincinnati, OH",2023-07-01,396.0,282.0,18.0,15.0,81.0,114.0,6218.0,2635.0,2302815.0,2.7001734833236712,1.1442517093209832,Midwest
"Cincinnati, OH",2023-08-01,595.0,397.0,22.0,27.0,149.0,198.0,6332.0,2711.0,2302815.0,2.7496781113550157,1.1772547946752128,Midwest
"Cincinnati, OH",2023-09-01,412.0,289.0,34.0,0.0,89.0,123.0,6311.0,2672.0,2302815.0,2.740558837770294,1.160319000875016,Midwest
"Cincinnati, OH",2023-10-01,515.0,316.0,18.0,7.0,174.0,199.0,6288.0,2681.0,2302815.0,2.730571061939409,1.1642272609827538,Midwest
"Cincinnati, OH",2023-11-01,348.0,314.0,20.0,4.0,10.0,34.0,6022.0,2357.0,2302815.0,2.6150602631996054,1.0235298971041964,Midwest
"Cincinnati, OH",2023-12-01,328.0,253.0,30.0,23.0,22.0,75.0,5953.0,2253.0,2302815.0,2.58509693570695,0.9783677803036719,Midwest
"Cincinnati, OH",2024-01-01,434.0,287.0,20.0,10.0,117.0,147.0,6064.0,2295.0,2302815.0,2.6332988103690482,0.9966063274731145,Midwest
"Cincinnati, OH",2024-02-01,1011.0,296.0,22.0,24.0,669.0,715.0,6571.0,2771.0,2302815.0,2.8534641297716057,1.2033098620601308,Midwest
"Cincinnati, OH",2024-03-01,439.0,362.0,24.0,12.0,41.0,77.0,6013.0,2224.0,2302815.0,2.6111520030918682,0.9657744977342947,Midwest
"Cincinnati, OH",2024-04-01,747.0,368.0,16.0,29.0,334.0,379.0,6153.0,2312.0,2302815.0,2.6719471603233433,1.0039885965655078,Midwest
"Cincinnati, OH",2024-05-01,835.0,366.0,28.0,24.0,417.0,469.0,6518.0,2646.0,2302815.0,2.8304488202482614,1.1490284716748849,Midwest
"Cincinnati, OH",2024-06-01,396.0,326.0,28.0,19.0,23.0,70.0,6456.0,2600.0,2302815.0,2.803525250617179,1.1290529200131145,Midwest
"Cincinnati, OH",2024-07-01,483.0,404.0,30.0,13.0,36.0,79.0,6543.0,2565.0,2302815.0,2.8413050983253108,1.1138541307052454,Midwest
"Cincinnati, OH",2024-08-01,521.0,291.0,32.0,9.0,189.0,230.0,6469.0,2597.0,2302815.0,2.809170515217245,1.1277501666438685,Midwest
"Cincinnati, OH",2024-09-01,528.0,320.0,20.0,24.0,164.0,208.0,6585.0,2682.0,2302815.0,2.859543645494753,1.1646615121058357,Midwest
"Cincinnati, OH",2024-10-01,743.0,369.0,12.0,36.0,326.0,374.0,6813.0,2857.0,2302815.0,2.9585529015574417,1.24065545864518,Midwest
"Cincinnati, OH",2024-11-01,499.0,267.0,28.0,21.0,183.0,232.0,6964.0,3055.0,2302815.0,3.0241248211428187,1.3266371810154094,Midwest
"Cincinnati, OH",2024-12-01,349.0,281.0,34.0,3.0,31.0,68.0,6985.0,3048.0,2302815.0,3.0332440947275403,1.3235974231538357,Midwest
"Cincinnati, OH",2025-01-01,464.0,324.0,20.0,21.0,99.0,140.0,7015.0,3041.0,2302815.0,3.046271628419999,1.3205576652922617,Midwest
"Cincinnati, OH",2025-02-01,713.0,284.0,32.0,13.0,384.0,429.0,6717.0,2755.0,2302815.0,2.916864793741573,1.1963618440908192,Midwest
"Cincinnati, OH",2025-03-01,713.0,348.0,34.0,14.0,317.0,365.0,6991.0,3043.0,2302815.0,3.035849601466032,1.3214261675384258,Midwest
"Cincinnati, OH",2025-04-01,668.0,435.0,22.0,16.0,195.0,233.0,6912.0,2897.0,2302815.0,3.0015437627425565,1.2580255035684587,Midwest
"Cincinnati, OH",2025-05-01,584.0,436.0,16.0,0.0,132.0,148.0,6661.0,2576.0,2302815.0,2.8925467308489825,1.1186308930591473,Midwest
"Cincinnati, OH",2025-06-01,570.0,422.0,28.0,39.0,81.0,148.0,6835.0,2654.0,2302815.0,2.9681064262652446,1.1525024806595405,Midwest
"Cincinnati, OH",2025-07-01,502.0,361.0,16.0,32.0,93.0,141.0,6854.0,2716.0,2302815.0,2.9763571976038024,1.1794260502906224,Midwest
"Cincinnati, OH",2025-08-01,407.0,346.0,22.0,11.0,28.0,61.0,6740.0,2547.0,2302815.0,2.926852569572458,1.10603761048977,Midwest
"Cincinnati, OH",2025-09-01,1204.0,372.0,24.0,12.0,796.0,832.0,7416.0,3171.0,2302815.0,3.220406328775868,1.3770103112929175,Midwest
"Cincinnati, OH",2025-10-01,498.0,346.0,24.0,23.0,105.0,152.0,7171.0,2949.0,2302815.0,3.114014803620786,1.2806065619687208,Midwest
"Cincinnati, OH",2025-11-01,538.0,292.0,14.0,30.0,202.0,246.0,7210.0,2963.0,2302815.0,3.1309505974209824,1.2866860776918683,Midwest
"Cincinnati, OH",2025-12-01,548.0,296.0,14.0,8.0,230.0,252.0,7409.0,3147.0,2302815.0,3.217366570914294,1.3665882843389503,Midwest
"Cincinnati, OH",2026-01-01,980.0,260.0,6.0,6.0,708.0,720.0,7925.0,3727.0,2302815.0,3.441440150424589,1.6184539357264913,Midwest
"Cincinnati, OH",2026-02-01,719.0,360.0,8.0,31.0,320.0,359.0,7931.0,3657.0,2302815.0,3.4440456571630804,1.5880563571107535,Midwest
"Cincinnati, OH",2026-03-01,553.0,452.0,16.0,7.0,78.0,101.0,7771.0,3393.0,2302815.0,3.3745654774699663,1.4734140606171144,Midwest
"Cincinnati, OH",2026-04-01,1175.0,475.0,10.0,68.0,622.0,700.0,8278.0,3860.0,2302815.0,3.5947307968725233,1.676209335096393,Midwest
"Cincinnati, OH",2026-05-01,1028.0,427.0,8.0,35.0,558.0,601.0,8722.0,4313.0,2302815.0,3.7875382955209167,1.872925093852524,Midwest
"Cleveland, OH",2020-07-01,278.0,266.0,0.0,12.0,0.0,12.0,278.0,12.0,2171877.0,0.12799988212960495,0.005525174768184387,Midwest
"Cleveland, OH",2020-08-01,318.0,280.0,2.0,8.0,28.0,38.0,596.0,50.0,2171877.0,0.27441701348649117,0.02302156153410161,Midwest
"Cleveland, OH",2020-09-01,318.0,281.0,2.0,6.0,29.0,37.0,914.0,87.0,2171877.0,0.4208341448433774,0.040057517069336794,Midwest
"Cleveland, OH",2020-10-01,304.0,245.0,2.0,12.0,45.0,59.0,1218.0,146.0,2171877.0,0.5608052389707152,0.0672229596795767,Midwest
"Cleveland, OH",2020-11-01,370.0,240.0,2.0,3.0,125.0,130.0,1588.0,276.0,2171877.0,0.7311647943230671,0.12707901966824087,Midwest
"Cleveland, OH",2020-12-01,288.0,241.0,2.0,19.0,26.0,47.0,1876.0,323.0,2171877.0,0.8637689887594924,0.1487192875102964,Midwest
"Cleveland, OH",2021-01-01,214.0,209.0,2.0,3.0,0.0,5.0,2090.0,328.0,2171877.0,0.9623012721254472,0.15102144366370657,Midwest
"Cleveland, OH",2021-02-01,226.0,215.0,2.0,4.0,5.0,11.0,2316.0,339.0,2171877.0,1.0663587302595867,0.1560861872012089,Midwest
"Cleveland, OH",2021-03-01,300.0,295.0,2.0,3.0,0.0,5.0,2616.0,344.0,2171877.0,1.204488099464196,0.15838834335461907,Midwest
"Cleveland, OH",2021-04-01,327.0,280.0,2.0,15.0,30.0,47.0,2943.0,391.0,2171877.0,1.3550491118972208,0.1800286111966746,Midwest
"Cleveland, OH",2021-05-01,293.0,260.0,2.0,11.0,20.0,33.0,3236.0,424.0,2171877.0,1.4899554624870561,0.19522284180918165,Midwest
"Cleveland, OH",2021-06-01,324.0,275.0,0.0,3.0,46.0,49.0,3560.0,473.0,2171877.0,1.6391351812280346,0.21778397211260123,Midwest
"Cleveland, OH",2021-07-01,299.0,290.0,0.0,9.0,0.0,9.0,3581.0,470.0,2171877.0,1.6488042370723572,0.2164026784205551,Midwest
"Cleveland, OH",2021-08-01,265.0,261.0,0.0,4.0,0.0,4.0,3528.0,436.0,2171877.0,1.6244013818462095,0.20074801657736602,Midwest
"Cleveland, OH",2021-09-01,230.0,222.0,2.0,6.0,0.0,8.0,3440.0,407.0,2171877.0,1.5838834335461907,0.1873955108875871,Midwest
"Cleveland, OH",2021-10-01,461.0,252.0,10.0,33.0,166.0,209.0,3597.0,557.0,2171877.0,1.6561711367632697,0.2564601954898919,Midwest
"Cleveland, OH",2021-11-01,241.0,213.0,0.0,4.0,24.0,28.0,3468.0,455.0,2171877.0,1.5967755080052874,0.20949620996032464,Midwest
"Cleveland, OH",2021-12-01,213.0,203.0,2.0,3.0,5.0,10.0,3393.0,418.0,2171877.0,1.5622431657041351,0.19246025442508946,Midwest
"Cleveland, OH",2022-01-01,185.0,175.0,2.0,3.0,5.0,10.0,3364.0,423.0,2171877.0,1.5488906600143564,0.1947624105784996,Midwest
"Cleveland, OH",2022-02-01,357.0,190.0,0.0,0.0,167.0,167.0,3495.0,579.0,2171877.0,1.6092071512337025,0.2665896825648967,Midwest
"Cleveland, OH",2022-03-01,340.0,291.0,2.0,11.0,36.0,49.0,3535.0,623.0,2171877.0,1.6276244004609837,0.28684865671490606,Midwest
"Cleveland, OH",2022-04-01,347.0,345.0,2.0,0.0,0.0,2.0,3555.0,578.0,2171877.0,1.6368330250746244,0.2661292513342146,Midwest
"Cleveland, OH",2022-05-01,298.0,254.0,4.0,40.0,0.0,44.0,3560.0,589.0,2171877.0,1.6391351812280346,0.2711939948717169,Midwest
"Cleveland, OH",2022-06-01,294.0,247.0,6.0,11.0,30.0,47.0,3530.0,587.0,2171877.0,1.6253222443075734,0.2702731324103529,Midwest
"Cleveland, OH",2022-07-01,272.0,264.0,4.0,4.0,0.0,8.0,3503.0,586.0,2171877.0,1.6128906010791588,0.2698127011796709,Midwest
"Cleveland, OH",2022-08-01,286.0,266.0,8.0,7.0,5.0,20.0,3524.0,602.0,2171877.0,1.6225596569234813,0.2771796008705834,Midwest
"Cleveland, OH",2022-09-01,273.0,215.0,4.0,19.0,35.0,58.0,3567.0,652.0,2171877.0,1.6423581998428087,0.300201162404685,Midwest
"Cleveland, OH",2022-10-01,301.0,232.0,2.0,14.0,53.0,69.0,3407.0,512.0,2171877.0,1.5686892029336836,0.23574079010920046,Midwest
"Cleveland, OH",2022-11-01,177.0,175.0,2.0,0.0,0.0,2.0,3343.0,486.0,2171877.0,1.5392216041700335,0.22376957811146767,Midwest
"Cleveland, OH",2022-12-01,224.0,218.0,0.0,0.0,6.0,6.0,3354.0,482.0,2171877.0,1.544286347707536,0.2219278531887395,Midwest
"Cleveland, OH",2023-01-01,160.0,111.0,8.0,6.0,35.0,49.0,3329.0,521.0,2171877.0,1.5327755669404852,0.23988467118533877,Midwest
"Cleveland, OH",2023-02-01,155.0,155.0,0.0,0.0,0.0,0.0,3127.0,354.0,2171877.0,1.4397684583427146,0.1629926556614394,Midwest
"Cleveland, OH",2023-03-01,260.0,252.0,4.0,4.0,0.0,8.0,3047.0,313.0,2171877.0,1.402933959888152,0.14411497520347605,Midwest
"Cleveland, OH",2023-04-01,257.0,232.0,0.0,3.0,22.0,25.0,2957.0,336.0,2171877.0,1.3614951491267693,0.1547048935091628,Midwest
"Cleveland, OH",2023-05-01,303.0,256.0,0.0,19.0,28.0,47.0,2962.0,339.0,2171877.0,1.3637973052801793,0.1560861872012089,Midwest
"Cleveland, OH",2023-06-01,330.0,262.0,2.0,20.0,46.0,68.0,2998.0,360.0,2171877.0,1.3803728295847324,0.16575524304553158,Midwest
"Cleveland, OH",2023-07-01,235.0,215.0,2.0,0.0,18.0,20.0,2961.0,372.0,2171877.0,1.363336874049497,0.17128041781371597,Midwest
"Cleveland, OH",2023-08-01,267.0,228.0,0.0,7.0,32.0,39.0,2942.0,391.0,2171877.0,1.3545886806665386,0.1800286111966746,Midwest
"Cleveland, OH",2023-09-01,221.0,192.0,0.0,0.0,29.0,29.0,2890.0,362.0,2171877.0,1.330646256671073,0.16667610550689566,Midwest
"Cleveland, OH",2023-10-01,245.0,215.0,0.0,0.0,30.0,30.0,2834.0,323.0,2171877.0,1.3048621077528793,0.1487192875102964,Midwest
"Cleveland, OH",2023-11-01,332.0,195.0,2.0,28.0,107.0,137.0,2989.0,458.0,2171877.0,1.3762289485085941,0.21087750365237073,Midwest
"Cleveland, OH",2023-12-01,230.0,210.0,2.0,0.0,18.0,20.0,2995.0,472.0,2171877.0,1.3789915358926863,0.21732354088191919,Midwest
"Cleveland, OH",2024-01-01,238.0,207.0,0.0,0.0,31.0,31.0,3073.0,454.0,2171877.0,1.4149051718858847,0.2090357787296426,Midwest
"Cleveland, OH",2024-02-01,268.0,214.0,2.0,33.0,19.0,54.0,3186.0,508.0,2171877.0,1.4669339009529545,0.23389906518647235,Midwest
"Cleveland, OH",2024-03-01,268.0,236.0,12.0,3.0,17.0,32.0,3194.0,532.0,2171877.0,1.4706173507984108,0.24494941472284115,Midwest
"Cleveland, OH",2024-04-01,354.0,305.0,0.0,15.0,34.0,49.0,3291.0,556.0,2171877.0,1.515279180174568,0.2559997642592099,Midwest
"Cleveland, OH",2024-05-01,321.0,255.0,6.0,3.0,57.0,66.0,3309.0,575.0,2171877.0,1.5235669423268445,0.26474795764216846,Midwest
"Cleveland, OH",2024-06-01,331.0,249.0,8.0,6.0,68.0,82.0,3310.0,589.0,2171877.0,1.5240273735575265,0.2711939948717169,Midwest
"Cleveland, OH",2024-07-01,344.0,266.0,6.0,3.0,69.0,78.0,3419.0,647.0,2171877.0,1.574214377701868,0.2978990062512748,Midwest
"Cleveland, OH",2024-08-01,264.0,242.0,2.0,13.0,7.0,22.0,3416.0,630.0,2171877.0,1.572833084009822,0.2900716753296803,Midwest
"Cleveland, OH",2024-09-01,347.0,257.0,0.0,27.0,63.0,90.0,3542.0,691.0,2171877.0,1.630847419075758,0.31815798040128423,Midwest
"Cleveland, OH",2024-10-01,401.0,279.0,52.0,0.0,70.0,122.0,3698.0,783.0,2171877.0,1.7026746910621549,0.36051765362403115,Midwest
"Cleveland, OH",2024-11-01,289.0,250.0,0.0,3.0,36.0,39.0,3655.0,685.0,2171877.0,1.6828761481428276,0.31539539301719205,Midwest
"Cleveland, OH",2024-12-01,213.0,159.0,0.0,0.0,54.0,54.0,3638.0,719.0,2171877.0,1.6750488172212332,0.33105005486038114,Midwest
"Cleveland, OH",2025-01-01,262.0,204.0,0.0,3.0,55.0,58.0,3662.0,746.0,2171877.0,1.6860991667576017,0.343481698088796,Midwest
"Cleveland, OH",2025-02-01,163.0,153.0,0.0,3.0,7.0,10.0,3557.0,702.0,2171877.0,1.6377538875359885,0.3232227239387866,Midwest
"Cleveland, OH",2025-03-01,218.0,218.0,0.0,0.0,0.0,0.0,3507.0,670.0,2171877.0,1.6147323260018867,0.3084889245569616,Midwest
"Cleveland, OH",2025-04-01,301.0,267.0,0.0,3.0,31.0,34.0,3454.0,655.0,2171877.0,1.5903294707757392,0.30158245609673107,Midwest
"Cleveland, OH",2025-05-01,413.0,286.0,0.0,0.0,127.0,127.0,3546.0,716.0,2171877.0,1.6326891439984863,0.32966876116833504,Midwest
"Cleveland, OH",2025-06-01,369.0,253.0,0.0,3.0,113.0,116.0,3584.0,750.0,2171877.0,1.6501855307644033,0.34532342301152413,Midwest
"Cleveland, OH",2025-07-01,243.0,197.0,4.0,3.0,39.0,46.0,3483.0,718.0,2171877.0,1.6036819764655181,0.3305896236296991,Midwest
"Cleveland, OH",2025-08-01,295.0,193.0,2.0,3.0,97.0,102.0,3514.0,798.0,2171877.0,1.617955344616661,0.3674241220842617,Midwest
"Cleveland, OH",2025-09-01,396.0,257.0,4.0,25.0,110.0,139.0,3563.0,847.0,2171877.0,1.6405164749200805,0.3899852523876813,Midwest
"Cleveland, OH",2025-10-01,451.0,227.0,2.0,11.0,211.0,224.0,3613.0,949.0,2171877.0,1.6635380364541823,0.43694923791724855,Midwest
"Cleveland, OH",2025-11-01,309.0,185.0,0.0,12.0,112.0,124.0,3633.0,1034.0,2171877.0,1.672746661067823,0.47608589252522127,Midwest
"Cleveland, OH",2025-12-01,534.0,210.0,0.0,6.0,318.0,324.0,3954.0,1304.0,2171877.0,1.8205450861167551,0.60040232480937,Midwest
"Cleveland, OH",2026-01-01,223.0,198.0,0.0,0.0,25.0,25.0,3915.0,1271.0,2171877.0,1.802588268120156,0.5852080941968629,Midwest
"Cleveland, OH",2026-02-01,202.0,182.0,0.0,0.0,20.0,20.0,3954.0,1281.0,2171877.0,1.8205450861167551,0.5898124065036833,Midwest
"Cleveland, OH",2026-03-01,417.0,239.0,2.0,36.0,140.0,178.0,4153.0,1459.0,2171877.0,1.9121709010224797,0.671769165565085,Midwest
"Cleveland, OH",2026-04-01,479.0,262.0,2.0,18.0,197.0,217.0,4331.0,1642.0,2171877.0,1.9941276600838813,0.7560280807798968,Midwest
"Cleveland, OH",2026-05-01,410.0,243.0,0.0,3.0,164.0,167.0,4328.0,1682.0,2171877.0,1.9927463663918354,0.7744453300071782,Midwest
"Columbus, OH",2020-07-01,1034.0,476.0,10.0,35.0,513.0,558.0,1034.0,558.0,2225377.0,0.4646403732940531,0.25074403123605576,Midwest
"Columbus, OH",2020-08-01,824.0,545.0,4.0,20.0,255.0,279.0,1858.0,837.0,2225377.0,0.8349147133272251,0.3761160468540836,Midwest
"Columbus, OH",2020-09-01,1033.0,587.0,10.0,0.0,436.0,446.0,2891.0,1283.0,2225377.0,1.299105724558131,0.5765315270176693,Midwest
"Columbus, OH",2020-10-01,1726.0,586.0,12.0,0.0,1128.0,1140.0,4617.0,2423.0,2225377.0,2.074704645549945,1.08880427900531,Midwest
"Columbus, OH",2020-11-01,867.0,446.0,8.0,3.0,410.0,421.0,5484.0,2844.0,2225377.0,2.4643015542984403,1.2779857075902197,Midwest
"Columbus, OH",2020-12-01,1052.0,487.0,4.0,8.0,553.0,565.0,6536.0,3409.0,2225377.0,2.93703044472914,1.5318752732683047,Midwest
"Columbus, OH",2021-01-01,556.0,437.0,6.0,19.0,94.0,119.0,7092.0,3528.0,2225377.0,3.186875751838902,1.585349358782804,Midwest
"Columbus, OH",2021-02-01,1104.0,484.0,10.0,4.0,606.0,620.0,8196.0,4148.0,2225377.0,3.682971469553249,1.863953837933977,Midwest
"Columbus, OH",2021-03-01,811.0,632.0,4.0,16.0,159.0,179.0,9007.0,4327.0,2225377.0,4.047404102765509,1.9443896472372995,Midwest
"Columbus, OH",2021-04-01,986.0,684.0,0.0,16.0,286.0,302.0,9993.0,4629.0,2225377.0,4.4904750970285034,2.08009699030771,Midwest
"Columbus, OH",2021-05-01,674.0,557.0,2.0,7.0,108.0,117.0,10667.0,4746.0,2225377.0,4.7933451275896175,2.132672351695915,Midwest
"Columbus, OH",2021-06-01,854.0,725.0,0.0,4.0,125.0,129.0,11521.0,4875.0,2225377.0,5.177100329517201,2.1906400578418848,Midwest
"Columbus, OH",2021-07-01,909.0,649.0,0.0,3.0,257.0,260.0,11396.0,4577.0,2225377.0,5.120930071623819,2.056730163024063,Midwest
"Columbus, OH",2021-08-01,1733.0,511.0,6.0,3.0,1213.0,1222.0,12305.0,5520.0,2225377.0,5.529400187024491,2.480478588571734,Midwest
"Columbus, OH",2021-09-01,1153.0,531.0,6.0,4.0,612.0,622.0,12425.0,5696.0,2225377.0,5.583323634602137,2.5595663116856153,Midwest
"Columbus, OH",2021-10-01,763.0,470.0,4.0,7.0,282.0,293.0,11462.0,4849.0,2225377.0,5.150587967791525,2.1789566442000616,Midwest
"Columbus, OH",2021-11-01,1316.0,480.0,12.0,3.0,821.0,836.0,11911.0,5264.0,2225377.0,5.352351534144551,2.3654419004060885,Midwest
"Columbus, OH",2021-12-01,1022.0,439.0,4.0,18.0,561.0,583.0,11881.0,5282.0,2225377.0,5.33887067225014,2.3735304175427356,Midwest
"Columbus, OH",2022-01-01,1027.0,411.0,2.0,4.0,610.0,616.0,12352.0,5779.0,2225377.0,5.550520203992402,2.596863362926821,Midwest
"Columbus, OH",2022-02-01,859.0,423.0,8.0,0.0,428.0,436.0,12107.0,5595.0,2225377.0,5.440426498521374,2.514180743307763,Midwest
"Columbus, OH",2022-03-01,1009.0,623.0,8.0,4.0,374.0,386.0,12305.0,5802.0,2225377.0,5.529400187024491,2.607198690379203,Midwest
"Columbus, OH",2022-04-01,761.0,581.0,8.0,3.0,169.0,180.0,12080.0,5680.0,2225377.0,5.428293722816404,2.552376518675263,Midwest
"Columbus, OH",2022-05-01,590.0,502.0,8.0,3.0,77.0,88.0,11996.0,5651.0,2225377.0,5.390547309512051,2.5393450188439983,Midwest
"Columbus, OH",2022-06-01,973.0,531.0,12.0,3.0,427.0,442.0,12115.0,5964.0,2225377.0,5.444021395026551,2.679995344609026,Midwest
"Columbus, OH",2022-07-01,1313.0,528.0,0.0,19.0,766.0,785.0,12519.0,6489.0,2225377.0,5.625563668537961,2.9159104277612284,Midwest
"Columbus, OH",2022-08-01,1315.0,529.0,0.0,10.0,776.0,786.0,12101.0,6053.0,2225377.0,5.437730326142492,2.7199885682291134,Midwest
"Columbus, OH",2022-09-01,1025.0,428.0,24.0,16.0,557.0,597.0,11973.0,6028.0,2225377.0,5.380211982059669,2.708754516650437,Midwest
"Columbus, OH",2022-10-01,1066.0,409.0,12.0,12.0,633.0,657.0,12276.0,6392.0,2225377.0,5.516368687193226,2.8723223076359643,Midwest
"Columbus, OH",2022-11-01,1291.0,326.0,4.0,0.0,961.0,965.0,12251.0,6521.0,2225377.0,5.505134635614549,2.9302900137819345,Midwest
"Columbus, OH",2022-12-01,582.0,319.0,14.0,12.0,237.0,263.0,11811.0,6201.0,2225377.0,5.307415327829846,2.786494153574877,Midwest
"Columbus, OH",2023-01-01,355.0,273.0,4.0,9.0,69.0,82.0,11139.0,5667.0,2225377.0,5.005444021395027,2.546534811854351,Midwest
"Columbus, OH",2023-02-01,351.0,331.0,0.0,8.0,12.0,20.0,10631.0,5251.0,2225377.0,4.777168093316323,2.3596001935851767,Midwest
"Columbus, OH",2023-03-01,1586.0,462.0,22.0,34.0,1068.0,1124.0,11208.0,5989.0,2225377.0,5.036450003752173,2.691229396187702,Midwest
"Columbus, OH",2023-04-01,569.0,414.0,12.0,0.0,143.0,155.0,11016.0,5964.0,2225377.0,4.950172487627939,2.679995344609026,Midwest
"Columbus, OH",2023-05-01,852.0,454.0,0.0,0.0,398.0,398.0,11278.0,6274.0,2225377.0,5.0679053481724665,2.8192975841846124,Midwest
"Columbus, OH",2023-06-01,1499.0,475.0,4.0,8.0,1012.0,1024.0,11804.0,6856.0,2225377.0,5.3042697933878165,3.0808263049361972,Midwest
"Columbus, OH",2023-07-01,827.0,466.0,12.0,21.0,328.0,361.0,11318.0,6432.0,2225377.0,5.0858798306983495,2.890296790161847,Midwest
"Columbus, OH",2023-08-01,1633.0,541.0,18.0,11.0,1063.0,1092.0,11636.0,6738.0,2225377.0,5.228776966779112,3.0278015814848454,Midwest
"Columbus, OH",2023-09-01,1271.0,446.0,4.0,13.0,808.0,825.0,11882.0,6966.0,2225377.0,5.339320034313287,3.130256131882373,Midwest
"Columbus, OH",2023-10-01,785.0,545.0,12.0,57.0,171.0,240.0,11601.0,6549.0,2225377.0,5.2130492945689655,2.942872151550052,Midwest
"Columbus, OH",2023-11-01,1053.0,426.0,10.0,36.0,581.0,627.0,11363.0,6211.0,2225377.0,5.1061011235399665,2.790987774206348,Midwest
"Columbus, OH",2023-12-01,594.0,362.0,0.0,4.0,228.0,232.0,11375.0,6180.0,2225377.0,5.1114934682977315,2.7770575502487893,Midwest
"Columbus, OH",2024-01-01,1099.0,374.0,4.0,39.0,682.0,725.0,12119.0,6823.0,2225377.0,5.445818843279139,3.0659973568523444,Midwest
"Columbus, OH",2024-02-01,1222.0,451.0,2.0,0.0,769.0,771.0,12990.0,7574.0,2225377.0,5.837213200280222,3.4034682662757816,Midwest
"Columbus, OH",2024-03-01,570.0,543.0,2.0,7.0,18.0,27.0,11974.0,6477.0,2225377.0,5.380661344122816,2.9105180830034643,Midwest
"Columbus, OH",2024-04-01,1238.0,564.0,20.0,7.0,647.0,674.0,12643.0,6996.0,2225377.0,5.681284564368195,3.1437369937767845,Midwest
"Columbus, OH",2024-05-01,1009.0,490.0,12.0,13.0,494.0,519.0,12800.0,7117.0,2225377.0,5.751834408282282,3.1981098034175783,Midwest
"Columbus, OH",2024-06-01,1992.0,498.0,12.0,15.0,1467.0,1494.0,13293.0,7587.0,2225377.0,5.973369905413779,3.4093099730966934,Midwest
"Columbus, OH",2024-07-01,1086.0,497.0,12.0,7.0,570.0,589.0,13552.0,7815.0,2225377.0,6.089754679768866,3.5117645234942216,Midwest
"Columbus, OH",2024-08-01,1099.0,518.0,8.0,3.0,570.0,581.0,13018.0,7304.0,2225377.0,5.84979533804834,3.2821405092260774,Midwest
"Columbus, OH",2024-09-01,1168.0,594.0,0.0,10.0,564.0,574.0,12915.0,7053.0,2225377.0,5.803511045544194,3.1693506313761666,Midwest
"Columbus, OH",2024-10-01,1087.0,573.0,10.0,14.0,490.0,514.0,13217.0,7327.0,2225377.0,5.939218388614604,3.2924758366784594,Midwest
"Columbus, OH",2024-11-01,521.0,438.0,12.0,15.0,56.0,83.0,12685.0,6783.0,2225377.0,5.700157771020371,3.0480228743264624,Midwest
"Columbus, OH",2024-12-01,1314.0,534.0,26.0,6.0,748.0,780.0,13405.0,7331.0,2225377.0,6.023698456486249,3.2942732849310477,Midwest
"Columbus, OH",2025-01-01,657.0,406.0,6.0,9.0,236.0,251.0,12963.0,6857.0,2225377.0,5.825080424575251,3.0812756669993444,Midwest
"Columbus, OH",2025-02-01,1821.0,417.0,30.0,177.0,1197.0,1404.0,13562.0,7490.0,2225377.0,6.094248300400337,3.3657218529714292,Midwest
"Columbus, OH",2025-03-01,1620.0,493.0,18.0,33.0,1076.0,1127.0,14612.0,8590.0,2225377.0,6.5660784667047425,3.8600201224331876,Midwest
"Columbus, OH",2025-04-01,1082.0,535.0,4.0,45.0,498.0,547.0,14456.0,8463.0,2225377.0,6.495977984853803,3.802951140413512,Midwest
"Columbus, OH",2025-05-01,2292.0,487.0,4.0,19.0,1782.0,1805.0,15739.0,9749.0,2225377.0,7.072509511871472,4.380830753620622,Midwest
"Columbus, OH",2025-06-01,1694.0,490.0,2.0,9.0,1193.0,1204.0,15441.0,9459.0,2225377.0,6.93859961705365,4.250515755307976,Midwest
"Columbus, OH",2025-07-01,1452.0,399.0,24.0,16.0,1013.0,1053.0,15807.0,9923.0,2225377.0,7.103066132165472,4.45901975260821,Midwest
"Columbus, OH",2025-08-01,1086.0,413.0,34.0,6.0,633.0,673.0,15794.0,10015.0,2225377.0,7.09722442534456,4.500361062417739,Midwest
"Columbus, OH",2025-09-01,974.0,376.0,16.0,38.0,544.0,598.0,15600.0,10039.0,2225377.0,7.010048185094031,4.511145751933268,Midwest
"Columbus, OH",2025-10-01,1389.0,494.0,10.0,12.0,873.0,895.0,15902.0,10420.0,2225377.0,7.145755528164441,4.682352697992295,Midwest
"Columbus, OH",2025-11-01,1008.0,543.0,142.0,8.0,315.0,465.0,16389.0,10802.0,2225377.0,7.3645948529170555,4.854009006114469,Midwest
"Columbus, OH",2025-12-01,812.0,393.0,0.0,8.0,411.0,419.0,15887.0,10441.0,2225377.0,7.139015097217236,4.691789301318384,Midwest
"Columbus, OH",2026-01-01,888.0,374.0,2.0,0.0,512.0,514.0,16118.0,10704.0,2225377.0,7.2428177338042055,4.809971523926058,Midwest
"Columbus, OH",2026-02-01,429.0,387.0,12.0,0.0,30.0,42.0,14726.0,9342.0,2225377.0,6.617305741903507,4.1979403939197715,Midwest
"Columbus, OH",2026-03-01,1089.0,452.0,4.0,0.0,633.0,637.0,14195.0,8852.0,2225377.0,6.378694486372422,3.977752982977716,Midwest
"Columbus, OH",2026-04-01,2069.0,538.0,10.0,3.0,1518.0,1531.0,15182.0,9836.0,2225377.0,6.822214842698563,4.419925253114417,Midwest
"Columbus, OH",2026-05-01,819.0,477.0,20.0,0.0,322.0,342.0,13709.0,8373.0,2225377.0,6.160304523682954,3.7625085547302772,Midwest
"Dallas, TX",2020-07-01,4847.0,3750.0,30.0,18.0,1049.0,1097.0,4847.0,1097.0,8344032.0,0.5808942247584861,0.13147121199918696,Southwest
"Dallas, TX",2020-08-01,3985.0,3906.0,30.0,12.0,37.0,79.0,8832.0,1176.0,8344032.0,1.0584810796507012,0.1409390568013162,Southwest
"Dallas, TX",2020-09-01,5127.0,4193.0,40.0,15.0,879.0,934.0,13959.0,2110.0,8344032.0,1.672932222695215,0.2528753485125656,Southwest
"Dallas, TX",2020-10-01,5350.0,4243.0,382.0,42.0,683.0,1107.0,19309.0,3217.0,8344032.0,2.3141090542318152,0.3855450218791107,Southwest
"Dallas, TX",2020-11-01,5390.0,3641.0,42.0,35.0,1672.0,1749.0,24699.0,4966.0,8344032.0,2.9600797312378475,0.5951559150300478,Southwest
"Dallas, TX",2020-12-01,5523.0,4342.0,72.0,23.0,1086.0,1181.0,30222.0,6147.0,8344032.0,3.621989944429743,0.7366942025150431,Southwest
"Dallas, TX",2021-01-01,7059.0,4330.0,38.0,17.0,2674.0,2729.0,37281.0,8876.0,8344032.0,4.467983823647848,1.063754309667077,Southwest
"Dallas, TX",2021-02-01,5134.0,3796.0,88.0,11.0,1239.0,1338.0,42415.0,10214.0,8344032.0,5.083273889649512,1.2241084406195948,Southwest
"Dallas, TX",2021-03-01,7416.0,4875.0,182.0,18.0,2341.0,2541.0,49831.0,12755.0,8344032.0,5.972052839682302,1.528637474065296,Southwest
"Dallas, TX",2021-04-01,7043.0,4515.0,38.0,11.0,2479.0,2528.0,56874.0,15283.0,8344032.0,6.816129180712634,1.8316085077334314,Southwest
"Dallas, TX",2021-05-01,6881.0,4880.0,156.0,20.0,1825.0,2001.0,63755.0,17284.0,8344032.0,7.640790447591764,2.0714206273417934,Southwest
"Dallas, TX",2021-06-01,7047.0,4627.0,56.0,25.0,2339.0,2420.0,70802.0,19704.0,8344032.0,8.48534617316904,2.3614482782424613,Southwest
"Dallas, TX",2021-07-01,5785.0,4174.0,24.0,8.0,1579.0,1611.0,71740.0,20218.0,8344032.0,8.597761849427231,2.423049192524669,Southwest
"Dallas, TX",2021-08-01,5464.0,3389.0,36.0,62.0,1977.0,2075.0,73219.0,22214.0,8344032.0,8.775014285659498,2.662262081449352,Southwest
"Dallas, TX",2021-09-01,5603.0,3345.0,38.0,62.0,2158.0,2258.0,73695.0,23538.0,8344032.0,8.832061046745746,2.8209383664875682,Southwest
"Dallas, TX",2021-10-01,4491.0,3724.0,46.0,4.0,717.0,767.0,72836.0,23198.0,8344032.0,8.729113215289683,2.7801906799973923,Southwest
"Dallas, TX",2021-11-01,5805.0,3523.0,36.0,22.0,2224.0,2282.0,73251.0,23731.0,8344032.0,8.778849362035045,2.8440686708775806,Southwest
"Dallas, TX",2021-12-01,4304.0,3323.0,44.0,116.0,821.0,981.0,72032.0,23531.0,8344032.0,8.632756921354089,2.820099443530418,Southwest
"Dallas, TX",2022-01-01,6861.0,4026.0,28.0,60.0,2747.0,2835.0,71834.0,23637.0,8344032.0,8.609027386280399,2.832803134024414,Southwest
"Dallas, TX",2022-02-01,5984.0,3868.0,78.0,27.0,2011.0,2116.0,72684.0,24415.0,8344032.0,8.710896602505839,2.926043428404877,Southwest
"Dallas, TX",2022-03-01,7557.0,5097.0,42.0,98.0,2320.0,2460.0,72825.0,24334.0,8344032.0,8.727794907785588,2.916335891329276,Southwest
"Dallas, TX",2022-04-01,7013.0,4731.0,90.0,43.0,2149.0,2282.0,72795.0,24088.0,8344032.0,8.724199523683513,2.8868537416922657,Southwest
"Dallas, TX",2022-05-01,6236.0,4038.0,128.0,36.0,2034.0,2198.0,72150.0,24285.0,8344032.0,8.646898765488915,2.9104634306292207,Southwest
"Dallas, TX",2022-06-01,7101.0,4213.0,96.0,180.0,2612.0,2888.0,72204.0,24753.0,8344032.0,8.653370456872647,2.9665514226215812,Southwest
"Dallas, TX",2022-07-01,8458.0,3387.0,30.0,22.0,5019.0,5071.0,74877.0,28213.0,8344032.0,8.973719180367478,3.381219055727495,Southwest
"Dallas, TX",2022-08-01,5894.0,3693.0,38.0,29.0,2134.0,2201.0,75307.0,28339.0,8344032.0,9.025253019163875,3.3963196689562074,Southwest
"Dallas, TX",2022-09-01,4878.0,3252.0,42.0,39.0,1545.0,1626.0,74582.0,27707.0,8344032.0,8.938364570030412,3.3205769105391734,Southwest
"Dallas, TX",2022-10-01,7119.0,2545.0,54.0,44.0,4476.0,4574.0,77210.0,31514.0,8344032.0,9.25332021737213,3.776831153092414,Southwest
"Dallas, TX",2022-11-01,4571.0,2355.0,34.0,48.0,2134.0,2216.0,75976.0,31448.0,8344032.0,9.105430084640137,3.76892130806785,Southwest
"Dallas, TX",2022-12-01,5117.0,2188.0,22.0,10.0,2897.0,2929.0,76789.0,33396.0,8344032.0,9.202864993806351,4.002381582429215,Southwest
"Dallas, TX",2023-01-01,4580.0,2244.0,116.0,19.0,2201.0,2336.0,74508.0,32897.0,8344032.0,8.929495955911962,3.9425783601980435,Southwest
"Dallas, TX",2023-02-01,5657.0,2629.0,44.0,42.0,2942.0,3028.0,74181.0,33809.0,8344032.0,8.890306269199352,4.051878036901105,Southwest
"Dallas, TX",2023-03-01,4291.0,3001.0,88.0,12.0,1190.0,1290.0,70915.0,32639.0,8344032.0,8.498888786620185,3.9116580569202037,Southwest
"Dallas, TX",2023-04-01,4793.0,3960.0,40.0,107.0,686.0,833.0,68695.0,31190.0,8344032.0,8.23283036306668,3.7380010047900103,Southwest
"Dallas, TX",2023-05-01,6860.0,3529.0,326.0,99.0,2906.0,3331.0,69319.0,32323.0,8344032.0,8.307614352389827,3.8737866777116867,Southwest
"Dallas, TX",2023-06-01,5532.0,3899.0,48.0,94.0,1491.0,1633.0,67750.0,31068.0,8344032.0,8.119575763851337,3.7233797761082412,Southwest
"Dallas, TX",2023-07-01,5954.0,3532.0,56.0,87.0,2279.0,2422.0,65246.0,28419.0,8344032.0,7.819481037464861,3.405907359895072,Southwest
"Dallas, TX",2023-08-01,5334.0,3952.0,44.0,142.0,1196.0,1382.0,64686.0,27600.0,8344032.0,7.752367200892805,3.307753373908441,Southwest
"Dallas, TX",2023-09-01,4509.0,2909.0,24.0,74.0,1502.0,1600.0,64317.0,27574.0,8344032.0,7.708143976437291,3.30463737435331,Southwest
"Dallas, TX",2023-10-01,6137.0,3625.0,52.0,81.0,2379.0,2512.0,63335.0,25512.0,8344032.0,7.590455070162722,3.0575146404040634,Southwest
"Dallas, TX",2023-11-01,5146.0,3355.0,12.0,62.0,1717.0,1791.0,63910.0,25087.0,8344032.0,7.659366598785815,3.0065800322913434,Southwest
"Dallas, TX",2023-12-01,3759.0,2994.0,20.0,209.0,536.0,765.0,62552.0,22923.0,8344032.0,7.496615545098581,2.7472329923950434,Southwest
"Dallas, TX",2024-01-01,5970.0,3516.0,58.0,139.0,2257.0,2454.0,63942.0,23041.0,8344032.0,7.6632016751613605,2.7613748365298694,Southwest
"Dallas, TX",2024-02-01,5422.0,3887.0,52.0,30.0,1453.0,1535.0,63707.0,21548.0,8344032.0,7.635037833028445,2.582444554383301,Southwest
"Dallas, TX",2024-03-01,5441.0,3943.0,60.0,41.0,1397.0,1498.0,64857.0,21756.0,8344032.0,7.77286089027463,2.60737255082435,Southwest
"Dallas, TX",2024-04-01,8275.0,4423.0,330.0,35.0,3487.0,3852.0,68339.0,24775.0,8344032.0,8.19016513838873,2.9691880376297695,Southwest
"Dallas, TX",2024-05-01,6103.0,4447.0,192.0,28.0,1436.0,1656.0,67582.0,23100.0,8344032.0,8.099441612879719,2.7684457585972826,Southwest
"Dallas, TX",2024-06-01,5517.0,3854.0,106.0,39.0,1518.0,1663.0,67567.0,23130.0,8344032.0,8.097643920828684,2.772041142699357,Southwest
"Dallas, TX",2024-07-01,6484.0,4246.0,36.0,207.0,1995.0,2238.0,68097.0,22946.0,8344032.0,8.161162373298664,2.749989453539967,Southwest
"Dallas, TX",2024-08-01,5408.0,4121.0,88.0,43.0,1156.0,1287.0,68171.0,22851.0,8344032.0,8.170030987417116,2.738604070550065,Southwest
"Dallas, TX",2024-09-01,5360.0,3443.0,148.0,26.0,1743.0,1917.0,69022.0,23168.0,8344032.0,8.272020049779291,2.7765952958953175,Southwest
"Dallas, TX",2024-10-01,5893.0,3643.0,302.0,32.0,1916.0,2250.0,68778.0,22906.0,8344032.0,8.242777592415754,2.7451956080705346,Southwest
"Dallas, TX",2024-11-01,4322.0,2899.0,52.0,17.0,1354.0,1423.0,67954.0,22538.0,8344032.0,8.144024375745444,2.7010922297517554,Southwest
"Dallas, TX",2024-12-01,6144.0,3615.0,50.0,117.0,2362.0,2529.0,70339.0,24302.0,8344032.0,8.429857411860358,2.9125008149537295,Southwest
"Dallas, TX",2025-01-01,4876.0,3411.0,92.0,43.0,1330.0,1465.0,69245.0,23313.0,8344032.0,8.298745738271379,2.7939729857220104,Southwest
"Dallas, TX",2025-02-01,4935.0,3828.0,42.0,28.0,1037.0,1107.0,68758.0,22885.0,8344032.0,8.240380669681036,2.742678839199083,Southwest
"Dallas, TX",2025-03-01,5691.0,3810.0,156.0,25.0,1700.0,1881.0,69008.0,23268.0,8344032.0,8.27034220386499,2.7885799095688992,Southwest
"Dallas, TX",2025-04-01,8409.0,4263.0,242.0,251.0,3653.0,4146.0,69142.0,23562.0,8344032.0,8.286401586187589,2.823814673769228,Southwest
"Dallas, TX",2025-05-01,5201.0,3769.0,128.0,252.0,1052.0,1432.0,68240.0,23338.0,8344032.0,8.178300370851884,2.796969139140406,Southwest
"Dallas, TX",2025-06-01,7505.0,3505.0,34.0,22.0,3944.0,4000.0,70228.0,25675.0,8344032.0,8.416554490682682,3.077049560692001,Southwest
"Dallas, TX",2025-07-01,5800.0,3294.0,182.0,89.0,2235.0,2506.0,69544.0,25943.0,8344032.0,8.334579733155385,3.1091683253371993,Southwest
"Dallas, TX",2025-08-01,4815.0,2876.0,62.0,33.0,1844.0,1939.0,68951.0,26595.0,8344032.0,8.26351097407105,3.187308006488949,Southwest
"Dallas, TX",2025-09-01,5330.0,2877.0,98.0,38.0,2317.0,2453.0,68921.0,27131.0,8344032.0,8.259915589968974,3.251545535779345,Southwest
"Dallas, TX",2025-10-01,4893.0,2943.0,138.0,44.0,1768.0,1950.0,67921.0,26831.0,8344032.0,8.140069453233162,3.215591694758601,Southwest
"Dallas, TX",2025-11-01,3359.0,2324.0,42.0,41.0,952.0,1035.0,66958.0,26443.0,8344032.0,8.024657623556573,3.1690913937051057,Southwest
"Dallas, TX",2025-12-01,4714.0,2462.0,36.0,30.0,2186.0,2252.0,65528.0,26166.0,8344032.0,7.853277648024361,3.1358940138292857,Southwest
"Dallas, TX",2026-01-01,4053.0,2496.0,60.0,42.0,1455.0,1557.0,64705.0,26258.0,8344032.0,7.754644277490786,3.1469198584089804,Southwest
"Dallas, TX",2026-02-01,7274.0,3258.0,86.0,18.0,3912.0,4016.0,67044.0,29167.0,8344032.0,8.034964391315853,3.495552270173461,Southwest
"Dallas, TX",2026-03-01,5331.0,3764.0,38.0,14.0,1515.0,1567.0,66684.0,28853.0,8344032.0,7.9918197820909604,3.457920583238415,Southwest
"Dallas, TX",2026-04-01,5488.0,3811.0,140.0,39.0,1498.0,1677.0,63763.0,26384.0,8344032.0,7.64174921668565,3.1620204716376925,Southwest
"Dallas, TX",2026-05-01,5213.0,3744.0,100.0,39.0,1330.0,1469.0,63775.0,26421.0,8344032.0,7.64318737032648,3.1664547786969175,Southwest
"Denver, CO",2020-07-01,1430.0,1232.0,6.0,11.0,181.0,198.0,1430.0,198.0,3052498.0,0.4684687754095171,0.06486490736439468,West
"Denver, CO",2020-08-01,2100.0,955.0,70.0,13.0,1062.0,1145.0,3530.0,1343.0,3052498.0,1.1564299141227938,0.4399675282342527,West
"Denver, CO",2020-09-01,2062.0,964.0,26.0,14.0,1058.0,1098.0,5592.0,2441.0,3052498.0,1.8319422322307828,0.7996729236186232,West
"Denver, CO",2020-10-01,2198.0,1108.0,32.0,8.0,1050.0,1090.0,7790.0,3531.0,3052498.0,2.5520082240840125,1.1567575146650382,West
"Denver, CO",2020-11-01,1157.0,954.0,66.0,29.0,108.0,203.0,8947.0,3734.0,3052498.0,2.9310420514608033,1.223260424740655,West
"Denver, CO",2020-12-01,3012.0,1146.0,16.0,9.0,1841.0,1866.0,11959.0,5600.0,3052498.0,3.9177748847009894,1.834563036568738,West
"Denver, CO",2021-01-01,1784.0,895.0,22.0,10.0,857.0,889.0,13743.0,6489.0,3052498.0,4.502214252065031,2.125799918624025,West
"Denver, CO",2021-02-01,1612.0,1001.0,32.0,0.0,579.0,611.0,15355.0,7100.0,3052498.0,5.030306326163031,2.3259638499353645,West
"Denver, CO",2021-03-01,2180.0,1229.0,36.0,39.0,876.0,951.0,17535.0,8051.0,3052498.0,5.744475508255862,2.6375119656098054,West
"Denver, CO",2021-04-01,3364.0,1269.0,18.0,3.0,2074.0,2095.0,20899.0,10146.0,3052498.0,6.846523732366082,3.32383510161186,West
"Denver, CO",2021-05-01,2540.0,1119.0,112.0,22.0,1287.0,1421.0,23439.0,11567.0,3052498.0,7.678629109666902,3.7893554721411777,West
"Denver, CO",2021-06-01,2035.0,1227.0,90.0,84.0,634.0,808.0,25474.0,12375.0,3052498.0,8.345296213134292,4.054056710274667,West
"Denver, CO",2021-07-01,2181.0,1040.0,46.0,22.0,1073.0,1141.0,26225.0,13318.0,3052498.0,8.59132422035985,4.362984021611153,West
"Denver, CO",2021-08-01,3171.0,1109.0,48.0,27.0,1987.0,2062.0,27296.0,14235.0,3052498.0,8.94218440110362,4.663393718849283,West
"Denver, CO",2021-09-01,2761.0,1057.0,32.0,12.0,1660.0,1704.0,27995.0,14841.0,3052498.0,9.171177180132469,4.861919647449401,West
"Denver, CO",2021-10-01,2297.0,991.0,72.0,0.0,1234.0,1306.0,28094.0,15057.0,3052498.0,9.203609633814665,4.932681364574195,West
"Denver, CO",2021-11-01,2500.0,1072.0,26.0,14.0,1388.0,1428.0,29437.0,16282.0,3052498.0,9.643577162048919,5.333992028823606,West
"Denver, CO",2021-12-01,3480.0,1061.0,62.0,26.0,2331.0,2419.0,29905.0,16835.0,3052498.0,9.796894215819306,5.5151551286847695,West
"Denver, CO",2022-01-01,1555.0,1034.0,66.0,7.0,448.0,521.0,29676.0,16467.0,3052498.0,9.721873691645333,5.394598129138823,West
"Denver, CO",2022-02-01,2685.0,1155.0,98.0,19.0,1413.0,1530.0,30749.0,17386.0,3052498.0,10.073389073473594,5.695663027461443,West
"Denver, CO",2022-03-01,3113.0,1378.0,12.0,3.0,1720.0,1735.0,31682.0,18170.0,3052498.0,10.379040379387638,5.952501852581066,West
"Denver, CO",2022-04-01,1795.0,1091.0,78.0,0.0,626.0,704.0,30113.0,16779.0,3052498.0,9.865035128606145,5.496809498319081,West
"Denver, CO",2022-05-01,2208.0,989.0,42.0,62.0,1115.0,1219.0,29781.0,16577.0,3052498.0,9.756271748580998,5.430634188785709,West
"Denver, CO",2022-06-01,2610.0,888.0,40.0,19.0,1663.0,1722.0,30356.0,17491.0,3052498.0,9.944642060371537,5.730061084397107,West
"Denver, CO",2022-07-01,1910.0,663.0,10.0,19.0,1218.0,1247.0,30085.0,17597.0,3052498.0,9.855862313423302,5.764786741875016,West
"Denver, CO",2022-08-01,1836.0,797.0,16.0,19.0,1004.0,1039.0,28750.0,16574.0,3052498.0,9.418515589527004,5.429651387158976,West
"Denver, CO",2022-09-01,2013.0,604.0,0.0,27.0,1382.0,1409.0,28002.0,16279.0,3052498.0,9.173470383928178,5.3330092271968725,West
"Denver, CO",2022-10-01,1365.0,576.0,14.0,6.0,769.0,789.0,27070.0,15762.0,3052498.0,8.868146678556382,5.163639746856509,West
"Denver, CO",2022-11-01,1293.0,500.0,4.0,21.0,768.0,793.0,25863.0,15127.0,3052498.0,8.47273282406737,4.955613402531304,West
"Denver, CO",2022-12-01,1178.0,475.0,0.0,0.0,703.0,703.0,23561.0,13411.0,3052498.0,7.718596375820721,4.3934508720398835,West
"Denver, CO",2023-01-01,1934.0,567.0,4.0,6.0,1357.0,1367.0,23940.0,14257.0,3052498.0,7.842756981331355,4.670600930778661,West
"Denver, CO",2023-02-01,1912.0,525.0,2.0,4.0,1381.0,1387.0,23167.0,14114.0,3052498.0,7.589521762176421,4.623754053237709,West
"Denver, CO",2023-03-01,1094.0,783.0,16.0,8.0,287.0,311.0,21148.0,12690.0,3052498.0,6.928096267384942,4.157250881081659,West
"Denver, CO",2023-04-01,1945.0,660.0,16.0,21.0,1248.0,1285.0,21298.0,13271.0,3052498.0,6.977236348721604,4.347586796125665,West
"Denver, CO",2023-05-01,2260.0,822.0,30.0,19.0,1389.0,1438.0,21350.0,13490.0,3052498.0,6.994271576918314,4.419331314877192,West
"Denver, CO",2023-06-01,1433.0,634.0,70.0,14.0,715.0,799.0,20173.0,12567.0,3052498.0,6.608685738696635,4.116956014385595,West
"Denver, CO",2023-07-01,1383.0,698.0,10.0,8.0,667.0,685.0,19646.0,12005.0,3052498.0,6.436040252933826,3.932844509644233,West
"Denver, CO",2023-08-01,1856.0,896.0,0.0,3.0,957.0,960.0,19666.0,11926.0,3052498.0,6.442592263778715,3.9069640668069234,West
"Denver, CO",2023-09-01,1104.0,723.0,8.0,11.0,362.0,381.0,18757.0,10898.0,3052498.0,6.14480337087854,3.5701907093796623,West
"Denver, CO",2023-10-01,1505.0,887.0,10.0,8.0,600.0,618.0,18897.0,10727.0,3052498.0,6.190667446792758,3.5141710166558666,West
"Denver, CO",2023-11-01,2061.0,766.0,18.0,4.0,1273.0,1295.0,19665.0,11229.0,3052498.0,6.442264663236471,3.6786264888625646,West
"Denver, CO",2023-12-01,2960.0,1153.0,10.0,9.0,1788.0,1807.0,21447.0,12333.0,3052498.0,7.026048829516022,4.040297487500401,West
"Denver, CO",2024-01-01,1225.0,777.0,2.0,0.0,446.0,448.0,20738.0,11414.0,3052498.0,6.7937800450647305,3.7392325891777816,West
"Denver, CO",2024-02-01,1597.0,793.0,0.0,16.0,788.0,804.0,20423.0,10831.0,3052498.0,6.690585874257739,3.548241473049286,West
"Denver, CO",2024-03-01,1422.0,851.0,6.0,7.0,558.0,571.0,20751.0,11091.0,3052498.0,6.798038852113908,3.633417614032835,West
"Denver, CO",2024-04-01,1133.0,987.0,0.0,8.0,138.0,146.0,19939.0,9952.0,3052498.0,6.532027211811441,3.260280596416443,West
"Denver, CO",2024-05-01,1385.0,762.0,2.0,4.0,617.0,623.0,19064.0,9137.0,3052498.0,6.245376737347576,2.993286154487243,West
"Denver, CO",2024-06-01,1311.0,773.0,0.0,0.0,538.0,538.0,18942.0,8876.0,3052498.0,6.205409471193757,2.90778241296145,West
"Denver, CO",2024-07-01,1270.0,666.0,0.0,4.0,600.0,604.0,18829.0,8795.0,3052498.0,6.168390609920137,2.881246769039652,West
"Denver, CO",2024-08-01,777.0,606.0,0.0,8.0,163.0,171.0,17750.0,8006.0,3052498.0,5.814909624838411,2.622769941208807,West
"Denver, CO",2024-09-01,1596.0,620.0,0.0,3.0,973.0,976.0,18242.0,8601.0,3052498.0,5.976089091622665,2.817692263844235,West
"Denver, CO",2024-10-01,1235.0,749.0,4.0,23.0,459.0,486.0,17972.0,8469.0,3052498.0,5.887636945216672,2.774448992267972,West
"Denver, CO",2024-11-01,1115.0,556.0,0.0,8.0,551.0,559.0,17026.0,7733.0,3052498.0,5.577726832253453,2.533334993176081,West
"Denver, CO",2024-12-01,1696.0,999.0,0.0,29.0,668.0,697.0,15762.0,6623.0,3052498.0,5.163639746856509,2.1696983912847774,West
"Denver, CO",2025-01-01,985.0,703.0,0.0,7.0,275.0,282.0,15522.0,6457.0,3052498.0,5.085015616717849,2.115316701272204,West
"Denver, CO",2025-02-01,1360.0,604.0,2.0,7.0,747.0,756.0,15285.0,6409.0,3052498.0,5.007374288205922,2.0995918752444718,West
"Denver, CO",2025-03-01,1034.0,701.0,0.0,29.0,304.0,333.0,14897.0,6171.0,3052498.0,4.880265277815088,2.0216229461903006,West
"Denver, CO",2025-04-01,1565.0,874.0,16.0,12.0,663.0,691.0,15329.0,6716.0,3052498.0,5.0217887120646765,2.200165241713508,West
"Denver, CO",2025-05-01,1860.0,683.0,0.0,24.0,1153.0,1177.0,15804.0,7270.0,3052498.0,5.177398969630775,2.381655942116915,West
"Denver, CO",2025-06-01,1508.0,618.0,0.0,0.0,890.0,890.0,16001.0,7622.0,3052498.0,5.2419362764529245,2.4969713329869503,West
"Denver, CO",2025-07-01,941.0,574.0,0.0,4.0,363.0,367.0,15672.0,7385.0,3052498.0,5.134155698054512,2.4193300044750234,West
"Denver, CO",2025-08-01,1364.0,485.0,0.0,0.0,879.0,879.0,16259.0,8093.0,3052498.0,5.326457216351985,2.651271188384071,West
"Denver, CO",2025-09-01,1377.0,522.0,0.0,12.0,843.0,855.0,16040.0,7972.0,3052498.0,5.254712697600457,2.6116315227724964,West
"Denver, CO",2025-10-01,1408.0,631.0,0.0,0.0,777.0,777.0,16213.0,8263.0,3052498.0,5.311387591408741,2.7069632805656223,West
"Denver, CO",2025-11-01,1093.0,411.0,4.0,0.0,678.0,682.0,16191.0,8386.0,3052498.0,5.304180379479364,2.7472581472616855,West
"Denver, CO",2025-12-01,1272.0,606.0,0.0,11.0,655.0,666.0,15767.0,8355.0,3052498.0,5.165277749567731,2.7371025304521086,West
"Denver, CO",2026-01-01,825.0,465.0,0.0,4.0,356.0,360.0,15607.0,8433.0,3052498.0,5.1128616628086245,2.762655372747173,West
"Denver, CO",2026-02-01,1252.0,604.0,0.0,0.0,648.0,648.0,15499.0,8325.0,3052498.0,5.077480804246227,2.727274514184776,West
"Denver, CO",2026-03-01,1737.0,746.0,0.0,61.0,930.0,991.0,16202.0,8983.0,3052498.0,5.307783985444052,2.942835670981603,West
"Denver, CO",2026-04-01,2189.0,761.0,24.0,27.0,1377.0,1428.0,16826.0,9720.0,3052498.0,5.51220672380457,3.184277270615738,West
"Denver, CO",2026-05-01,1143.0,642.0,2.0,0.0,499.0,501.0,16109.0,9044.0,3052498.0,5.277317135015322,2.9628193040585122,West
"Detroit, MI",2020-07-01,639.0,528.0,12.0,4.0,95.0,111.0,639.0,111.0,4400578.0,0.14520819765039958,0.02522395921626659,Midwest
"Detroit, MI",2020-08-01,612.0,506.0,2.0,10.0,94.0,106.0,1251.0,217.0,4400578.0,0.2842808376535991,0.04931170405342207,Midwest
"Detroit, MI",2020-09-01,718.0,548.0,4.0,49.0,117.0,170.0,1969.0,387.0,4400578.0,0.44744122249395424,0.08794299294319972,Midwest
"Detroit, MI",2020-10-01,850.0,623.0,8.0,11.0,208.0,227.0,2819.0,614.0,4400578.0,0.6405976669428426,0.13952712575484402,Midwest
"Detroit, MI",2020-11-01,802.0,476.0,18.0,3.0,305.0,326.0,3621.0,940.0,4400578.0,0.8228464533522641,0.21360830327288827,Midwest
"Detroit, MI",2020-12-01,961.0,482.0,2.0,3.0,474.0,479.0,4582.0,1419.0,4400578.0,1.041226857017419,0.32245764079173234,Midwest
"Detroit, MI",2021-01-01,590.0,349.0,8.0,7.0,226.0,241.0,5172.0,1660.0,4400578.0,1.1753001537525298,0.37722317386488774,Midwest
"Detroit, MI",2021-02-01,631.0,431.0,2.0,3.0,195.0,200.0,5803.0,1860.0,4400578.0,1.3186904083963515,0.4226717490293321,Midwest
"Detroit, MI",2021-03-01,942.0,617.0,24.0,14.0,287.0,325.0,6745.0,2185.0,4400578.0,1.5327531974208843,0.4965256836715541,Midwest
"Detroit, MI",2021-04-01,731.0,588.0,8.0,33.0,102.0,143.0,7476.0,2328.0,4400578.0,1.6988677396469283,0.5290214149141318,Midwest
"Detroit, MI",2021-05-01,710.0,545.0,8.0,19.0,138.0,165.0,8186.0,2493.0,4400578.0,1.8602101814807055,0.5665164894247983,Midwest
"Detroit, MI",2021-06-01,995.0,552.0,8.0,20.0,415.0,443.0,9181.0,2936.0,4400578.0,2.0863168429238157,0.6671850834140425,Midwest
"Detroit, MI",2021-07-01,618.0,418.0,4.0,15.0,181.0,200.0,9160.0,3025.0,4400578.0,2.081544742531549,0.6874096993622201,Midwest
"Detroit, MI",2021-08-01,616.0,501.0,6.0,10.0,99.0,115.0,9164.0,3034.0,4400578.0,2.082453714034838,0.6894548852446202,Midwest
"Detroit, MI",2021-09-01,608.0,408.0,30.0,13.0,157.0,200.0,9054.0,3064.0,4400578.0,2.057456997694394,0.6962721715192868,Midwest
"Detroit, MI",2021-10-01,570.0,417.0,6.0,27.0,120.0,153.0,8774.0,2990.0,4400578.0,1.9938289924641717,0.6794561987084424,Midwest
"Detroit, MI",2021-11-01,852.0,462.0,14.0,4.0,372.0,390.0,8824.0,3054.0,4400578.0,2.005191136255283,0.6939997427610646,Midwest
"Detroit, MI",2021-12-01,595.0,316.0,6.0,19.0,254.0,279.0,8458.0,2854.0,4400578.0,1.9220202437043497,0.6485511675966203,Midwest
"Detroit, MI",2022-01-01,423.0,357.0,6.0,7.0,53.0,66.0,8291.0,2679.0,4400578.0,1.8840706834420387,0.6087836643277315,Midwest
"Detroit, MI",2022-02-01,706.0,370.0,8.0,29.0,299.0,336.0,8366.0,2815.0,4400578.0,1.9011138991287053,0.6396886954395536,Midwest
"Detroit, MI",2022-03-01,996.0,485.0,2.0,8.0,501.0,511.0,8420.0,3001.0,4400578.0,1.9133850144231053,0.6819558703424868,Midwest
"Detroit, MI",2022-04-01,810.0,482.0,4.0,10.0,314.0,328.0,8499.0,3186.0,4400578.0,1.9313372016130608,0.7239958023695978,Midwest
"Detroit, MI",2022-05-01,1192.0,535.0,6.0,35.0,616.0,657.0,8981.0,3678.0,4400578.0,2.0408682677593717,0.8357992972741308,Midwest
"Detroit, MI",2022-06-01,883.0,581.0,4.0,57.0,241.0,302.0,8869.0,3537.0,4400578.0,2.0154170656672825,0.8037580517831975,Midwest
"Detroit, MI",2022-07-01,456.0,316.0,8.0,49.0,83.0,140.0,8707.0,3477.0,4400578.0,1.978603719784083,0.7901234792338643,Midwest
"Detroit, MI",2022-08-01,731.0,343.0,2.0,30.0,356.0,388.0,8822.0,3750.0,4400578.0,2.0047366505036384,0.8521607843333308,Midwest
"Detroit, MI",2022-09-01,588.0,395.0,2.0,21.0,170.0,193.0,8802.0,3743.0,4400578.0,2.0001917929871937,0.8505700842025752,Midwest
"Detroit, MI",2022-10-01,480.0,327.0,4.0,32.0,117.0,153.0,8712.0,3743.0,4400578.0,1.9797399341631943,0.8505700842025752,Midwest
"Detroit, MI",2022-11-01,272.0,212.0,0.0,14.0,46.0,60.0,8132.0,3413.0,4400578.0,1.8479390661863055,0.7755799351812421,Midwest
"Detroit, MI",2022-12-01,575.0,163.0,16.0,27.0,369.0,412.0,8112.0,3546.0,4400578.0,1.8433942086698611,0.8058032376655976,Midwest
"Detroit, MI",2023-01-01,286.0,171.0,8.0,10.0,97.0,115.0,7975.0,3595.0,4400578.0,1.8122619346822166,0.8169381385808864,Midwest
"Detroit, MI",2023-02-01,458.0,223.0,4.0,6.0,225.0,235.0,7727.0,3494.0,4400578.0,1.755905701478306,0.793986608122842,Midwest
"Detroit, MI",2023-03-01,586.0,351.0,0.0,10.0,225.0,235.0,7317.0,3218.0,4400578.0,1.662736122391195,0.731267574395909,Midwest
"Detroit, MI",2023-04-01,525.0,405.0,0.0,22.0,98.0,120.0,7032.0,3010.0,4400578.0,1.5979719027818617,0.6840010562248868,Midwest
"Detroit, MI",2023-05-01,459.0,398.0,8.0,15.0,38.0,61.0,6299.0,2414.0,4400578.0,1.4314028748041734,0.5485643022348428,Midwest
"Detroit, MI",2023-06-01,618.0,427.0,6.0,17.0,168.0,191.0,6034.0,2303.0,4400578.0,1.3711835127112846,0.5233403430185761,Midwest
"Detroit, MI",2023-07-01,614.0,402.0,2.0,7.0,203.0,212.0,6192.0,2375.0,4400578.0,1.4070878870911956,0.5397018300777762,Midwest
"Detroit, MI",2023-08-01,541.0,424.0,6.0,28.0,83.0,117.0,6002.0,2104.0,4400578.0,1.3639117406849737,0.47811901072995416,Midwest
"Detroit, MI",2023-09-01,537.0,452.0,6.0,17.0,62.0,85.0,5951.0,1996.0,4400578.0,1.3523223540180402,0.45357678014115416,Midwest
"Detroit, MI",2023-10-01,497.0,391.0,8.0,47.0,51.0,106.0,5968.0,1949.0,4400578.0,1.3561854829070181,0.4428963649775098,Midwest
"Detroit, MI",2023-11-01,624.0,267.0,6.0,52.0,299.0,357.0,6320.0,2246.0,4400578.0,1.43617497519644,0.5103874990967096,Midwest
"Detroit, MI",2023-12-01,406.0,286.0,18.0,0.0,102.0,120.0,6151.0,1954.0,4400578.0,1.3977709291824847,0.4440325793566209,Midwest
"Detroit, MI",2024-01-01,332.0,235.0,0.0,11.0,86.0,97.0,6197.0,1936.0,4400578.0,1.4082241014703067,0.4399422075918209,Midwest
"Detroit, MI",2024-02-01,562.0,377.0,12.0,7.0,166.0,185.0,6301.0,1886.0,4400578.0,1.431857360555818,0.4285800638007098,Midwest
"Detroit, MI",2024-03-01,617.0,444.0,22.0,31.0,120.0,173.0,6332.0,1824.0,4400578.0,1.4389018897063066,0.41449100549973206,Midwest
"Detroit, MI",2024-04-01,584.0,456.0,16.0,17.0,95.0,128.0,6391.0,1832.0,4400578.0,1.452309219379818,0.41630894850630984,Midwest
"Detroit, MI",2024-05-01,530.0,449.0,12.0,21.0,48.0,81.0,6462.0,1852.0,4400578.0,1.4684434635631956,0.4208538060227543,Midwest
"Detroit, MI",2024-06-01,532.0,427.0,48.0,11.0,46.0,105.0,6376.0,1766.0,4400578.0,1.4489005762424845,0.4013109187020433,Midwest
"Detroit, MI",2024-07-01,522.0,402.0,20.0,12.0,88.0,120.0,6284.0,1674.0,4400578.0,1.4279942316668401,0.3804045741263989,Midwest
"Detroit, MI",2024-08-01,914.0,408.0,48.0,32.0,426.0,506.0,6657.0,2063.0,4400578.0,1.5127558243485288,0.46880205282124304,Midwest
"Detroit, MI",2024-09-01,755.0,516.0,28.0,52.0,159.0,239.0,6875.0,2217.0,4400578.0,1.562294771277773,0.5037974556978652,Midwest
"Detroit, MI",2024-10-01,752.0,450.0,28.0,36.0,238.0,302.0,7130.0,2413.0,4400578.0,1.6202417046124395,0.5483370593590207,Midwest
"Detroit, MI",2024-11-01,768.0,375.0,36.0,12.0,345.0,393.0,7274.0,2449.0,4400578.0,1.6529646787308394,0.5565178028886206,Midwest
"Detroit, MI",2024-12-01,493.0,262.0,28.0,16.0,187.0,231.0,7361.0,2560.0,4400578.0,1.6727348089273728,0.5817417621048872,Midwest
"Detroit, MI",2025-01-01,394.0,296.0,34.0,0.0,64.0,98.0,7423.0,2561.0,4400578.0,1.6868238672283504,0.5819690049807094,Midwest
"Detroit, MI",2025-02-01,572.0,262.0,42.0,15.0,253.0,310.0,7433.0,2686.0,4400578.0,1.6890962959865727,0.610374364458487,Midwest
"Detroit, MI",2025-03-01,772.0,420.0,64.0,13.0,275.0,352.0,7588.0,2865.0,4400578.0,1.724318941739017,0.6510508392306646,Midwest
"Detroit, MI",2025-04-01,599.0,439.0,46.0,31.0,83.0,160.0,7603.0,2897.0,4400578.0,1.7277275848763503,0.6583226112569759,Midwest
"Detroit, MI",2025-05-01,745.0,502.0,50.0,19.0,174.0,243.0,7818.0,3059.0,4400578.0,1.7765848031781282,0.6951359571401756,Midwest
"Detroit, MI",2025-06-01,1113.0,476.0,16.0,10.0,611.0,637.0,8399.0,3591.0,4400578.0,1.9086129140308388,0.8160291670775975,Midwest
"Detroit, MI",2025-07-01,922.0,482.0,32.0,29.0,379.0,440.0,8799.0,3911.0,4400578.0,1.999510064359727,0.8887468873407084,Midwest
"Detroit, MI",2025-08-01,1070.0,414.0,24.0,22.0,610.0,656.0,8955.0,4061.0,4400578.0,2.034959952987994,0.9228333187140416,Midwest
"Detroit, MI",2025-09-01,1037.0,495.0,44.0,38.0,460.0,542.0,9237.0,4364.0,4400578.0,2.0990424439698603,0.9916879100881747,Midwest
"Detroit, MI",2025-10-01,682.0,465.0,60.0,40.0,117.0,217.0,9167.0,4279.0,4400578.0,2.0831354426623045,0.9723722656432859,Midwest
"Detroit, MI",2025-11-01,687.0,322.0,30.0,18.0,317.0,365.0,9086.0,4251.0,4400578.0,2.0647287697207046,0.9660094651202638,Midwest
"Detroit, MI",2025-12-01,475.0,261.0,20.0,29.0,165.0,214.0,9068.0,4234.0,4400578.0,2.0606383979559046,0.962146336231286,Midwest
"Detroit, MI",2026-01-01,312.0,237.0,18.0,11.0,46.0,75.0,8986.0,4211.0,4400578.0,2.042004482138483,0.9569197500873748,Midwest
"Detroit, MI",2026-02-01,652.0,268.0,32.0,15.0,337.0,384.0,9066.0,4285.0,4400578.0,2.0601839122042604,0.9737357228982192,Midwest
"Detroit, MI",2026-03-01,565.0,402.0,16.0,8.0,139.0,163.0,8859.0,4096.0,4400578.0,2.0131446369090606,0.9307868193678195,Midwest
"Detroit, MI",2026-04-01,582.0,434.0,24.0,28.0,96.0,148.0,8842.0,4084.0,4400578.0,2.009281508020083,0.9280599048579528,Midwest
"Detroit, MI",2026-05-01,728.0,454.0,26.0,11.0,237.0,274.0,8825.0,4115.0,4400578.0,2.0054183791311053,0.9351044340084416,Midwest
"Grand Rapids, MI",2020-07-01,202.0,138.0,4.0,11.0,49.0,64.0,202.0,64.0,1178826.0,0.17135692629785906,0.0542913033814999,Midwest
"Grand Rapids, MI",2020-08-01,160.0,142.0,2.0,3.0,13.0,18.0,362.0,82.0,1178826.0,0.3070851847516088,0.06956073245754674,Midwest
"Grand Rapids, MI",2020-09-01,258.0,213.0,2.0,8.0,35.0,45.0,620.0,127.0,1178826.0,0.5259470015082803,0.10773430514766386,Midwest
"Grand Rapids, MI",2020-10-01,253.0,161.0,6.0,0.0,86.0,92.0,873.0,219.0,1178826.0,0.740567310188272,0.18577805375856996,Midwest
"Grand Rapids, MI",2020-11-01,478.0,136.0,6.0,0.0,336.0,342.0,1351.0,561.0,1178826.0,1.1460554823188494,0.47589720620346004,Midwest
"Grand Rapids, MI",2020-12-01,159.0,119.0,0.0,0.0,40.0,40.0,1510.0,601.0,1178826.0,1.2809354391572632,0.5098292708168976,Midwest
"Grand Rapids, MI",2021-01-01,172.0,95.0,4.0,0.0,73.0,77.0,1682.0,678.0,1178826.0,1.4268433169950443,0.5751484951977646,Midwest
"Grand Rapids, MI",2021-02-01,193.0,141.0,4.0,3.0,45.0,52.0,1875.0,730.0,1178826.0,1.5905655287548799,0.6192601791952332,Midwest
"Grand Rapids, MI",2021-03-01,199.0,177.0,10.0,0.0,12.0,22.0,2074.0,752.0,1178826.0,1.7593775502067313,0.6379228147326238,Midwest
"Grand Rapids, MI",2021-04-01,243.0,183.0,4.0,15.0,41.0,60.0,2317.0,812.0,1178826.0,1.9655148427333633,0.68882091165278,Midwest
"Grand Rapids, MI",2021-05-01,269.0,128.0,6.0,4.0,131.0,141.0,2586.0,953.0,1178826.0,2.1937079772587302,0.808431439415147,Midwest
"Grand Rapids, MI",2021-06-01,217.0,172.0,2.0,12.0,31.0,45.0,2803.0,998.0,1178826.0,2.3777894277866287,0.846605012105264,Midwest
"Grand Rapids, MI",2021-07-01,152.0,135.0,2.0,3.0,12.0,17.0,2753.0,951.0,1178826.0,2.3353743470198314,0.8067348361844751,Midwest
"Grand Rapids, MI",2021-08-01,286.0,174.0,8.0,3.0,101.0,112.0,2879.0,1045.0,1178826.0,2.44226035055216,0.8864751880260531,Midwest
"Grand Rapids, MI",2021-09-01,207.0,161.0,0.0,3.0,43.0,46.0,2828.0,1046.0,1178826.0,2.3989969681700267,0.887323489641389,Midwest
"Grand Rapids, MI",2021-10-01,204.0,140.0,6.0,10.0,48.0,64.0,2779.0,1018.0,1178826.0,2.3574301890185656,0.8635710444119828,Midwest
"Grand Rapids, MI",2021-11-01,170.0,123.0,0.0,19.0,28.0,47.0,2471.0,723.0,1178826.0,2.0961532914950975,0.6133220678878817,Midwest
"Grand Rapids, MI",2021-12-01,189.0,123.0,6.0,15.0,45.0,66.0,2501.0,749.0,1178826.0,2.1216023399551758,0.635377909886616,Midwest
"Grand Rapids, MI",2022-01-01,224.0,170.0,12.0,3.0,39.0,54.0,2553.0,726.0,1178826.0,2.1657140239526447,0.6158669727338895,Midwest
"Grand Rapids, MI",2022-02-01,214.0,171.0,2.0,7.0,34.0,43.0,2574.0,717.0,1178826.0,2.183528357874699,0.608232258195866,Midwest
"Grand Rapids, MI",2022-03-01,382.0,253.0,2.0,28.0,99.0,129.0,2757.0,824.0,1178826.0,2.3387675534811754,0.6990005310368111,Midwest
"Grand Rapids, MI",2022-04-01,282.0,234.0,6.0,4.0,38.0,48.0,2796.0,812.0,1178826.0,2.371851316479277,0.68882091165278,Midwest
"Grand Rapids, MI",2022-05-01,343.0,262.0,12.0,15.0,54.0,81.0,2870.0,752.0,1178826.0,2.434625636014136,0.6379228147326238,Midwest
"Grand Rapids, MI",2022-06-01,286.0,232.0,8.0,13.0,33.0,54.0,2939.0,761.0,1178826.0,2.493158447472316,0.6455575292706472,Midwest
"Grand Rapids, MI",2022-07-01,262.0,168.0,6.0,3.0,85.0,94.0,3049.0,838.0,1178826.0,2.5864716251592683,0.7108767536515143,Midwest
"Grand Rapids, MI",2022-08-01,609.0,218.0,8.0,6.0,377.0,391.0,3372.0,1117.0,1178826.0,2.8604730469127757,0.9475529043302404,Midwest
"Grand Rapids, MI",2022-09-01,212.0,166.0,10.0,3.0,33.0,46.0,3377.0,1117.0,1178826.0,2.8647145549894555,0.9475529043302404,Midwest
"Grand Rapids, MI",2022-10-01,310.0,231.0,12.0,3.0,64.0,79.0,3483.0,1132.0,1178826.0,2.954634526215065,0.9602774285602794,Midwest
"Grand Rapids, MI",2022-11-01,170.0,118.0,6.0,3.0,43.0,52.0,3483.0,1137.0,1178826.0,2.954634526215065,0.9645189366369591,Midwest
"Grand Rapids, MI",2022-12-01,262.0,211.0,0.0,3.0,48.0,51.0,3556.0,1122.0,1178826.0,3.016560544134588,0.9517944124069201,Midwest
"Grand Rapids, MI",2023-01-01,418.0,105.0,4.0,0.0,309.0,313.0,3750.0,1381.0,1178826.0,3.1811310575097598,1.1715045307789276,Midwest
"Grand Rapids, MI",2023-02-01,117.0,96.0,2.0,4.0,15.0,21.0,3653.0,1359.0,1178826.0,3.098845800822174,1.152841895241537,Midwest
"Grand Rapids, MI",2023-03-01,237.0,178.0,36.0,3.0,20.0,59.0,3508.0,1289.0,1178826.0,2.9758420665984633,1.0934607821680213,Midwest
"Grand Rapids, MI",2023-04-01,373.0,329.0,6.0,0.0,38.0,44.0,3599.0,1285.0,1178826.0,3.0530375135940333,1.0900675757066778,Midwest
"Grand Rapids, MI",2023-05-01,242.0,161.0,10.0,10.0,61.0,81.0,3498.0,1285.0,1178826.0,2.967359050445104,1.0900675757066778,Midwest
"Grand Rapids, MI",2023-06-01,293.0,215.0,6.0,3.0,69.0,78.0,3505.0,1309.0,1178826.0,2.9732971617524555,1.11042681447474,Midwest
"Grand Rapids, MI",2023-07-01,317.0,229.0,12.0,7.0,69.0,88.0,3560.0,1303.0,1178826.0,3.0199537505959317,1.1053370047827245,Midwest
"Grand Rapids, MI",2023-08-01,421.0,215.0,12.0,28.0,166.0,206.0,3372.0,1118.0,1178826.0,2.8604730469127757,0.9484012059455763,Midwest
"Grand Rapids, MI",2023-09-01,358.0,183.0,6.0,96.0,73.0,175.0,3518.0,1247.0,1178826.0,2.984325082751823,1.0578321143239122,Midwest
"Grand Rapids, MI",2023-10-01,330.0,218.0,8.0,3.0,101.0,112.0,3538.0,1280.0,1178826.0,3.0012911150585415,1.085826067629998,Midwest
"Grand Rapids, MI",2023-11-01,247.0,167.0,8.0,3.0,69.0,80.0,3615.0,1308.0,1178826.0,3.0666103394394084,1.1095785128594042,Midwest
"Grand Rapids, MI",2023-12-01,221.0,122.0,4.0,0.0,95.0,99.0,3574.0,1356.0,1178826.0,3.0318299732106353,1.1502969903955291,Midwest
"Grand Rapids, MI",2024-01-01,249.0,148.0,4.0,3.0,94.0,101.0,3405.0,1144.0,1178826.0,2.8884670002188617,0.9704570479443108,Midwest
"Grand Rapids, MI",2024-02-01,316.0,148.0,4.0,0.0,164.0,168.0,3604.0,1291.0,1178826.0,3.057279021670713,1.0951573853986933,Midwest
"Grand Rapids, MI",2024-03-01,291.0,243.0,6.0,0.0,42.0,48.0,3658.0,1280.0,1178826.0,3.1030873088988535,1.085826067629998,Midwest
"Grand Rapids, MI",2024-04-01,248.0,229.0,0.0,0.0,19.0,19.0,3533.0,1255.0,1178826.0,2.9970496069818617,1.0646185272465996,Midwest
"Grand Rapids, MI",2024-05-01,578.0,246.0,4.0,0.0,328.0,332.0,3869.0,1506.0,1178826.0,3.282078949734736,1.2775422326959194,Midwest
"Grand Rapids, MI",2024-06-01,346.0,217.0,4.0,10.0,115.0,129.0,3922.0,1557.0,1178826.0,3.3270389353475407,1.3208056150780523,Midwest
"Grand Rapids, MI",2024-07-01,363.0,239.0,6.0,0.0,118.0,124.0,3968.0,1593.0,1178826.0,3.3660608096529936,1.351344473230146,Midwest
"Grand Rapids, MI",2024-08-01,286.0,242.0,6.0,0.0,38.0,44.0,3833.0,1431.0,1178826.0,3.2515400915826422,1.2139196115457245,Midwest
"Grand Rapids, MI",2024-09-01,371.0,217.0,8.0,3.0,143.0,154.0,3846.0,1410.0,1178826.0,3.2625680125820096,1.1961052776236698,Midwest
"Grand Rapids, MI",2024-10-01,413.0,247.0,4.0,6.0,156.0,166.0,3929.0,1464.0,1178826.0,3.332977046654892,1.2419135648518103,Midwest
"Grand Rapids, MI",2024-11-01,254.0,152.0,6.0,12.0,84.0,102.0,3936.0,1486.0,1178826.0,3.338915157962244,1.2605762003892007,Midwest
"Grand Rapids, MI",2024-12-01,201.0,161.0,6.0,0.0,34.0,40.0,3916.0,1427.0,1178826.0,3.3219491256555247,1.2105264050843805,Midwest
"Grand Rapids, MI",2025-01-01,299.0,177.0,4.0,30.0,88.0,122.0,3966.0,1448.0,1178826.0,3.364364206422322,1.2283407390064351,Midwest
"Grand Rapids, MI",2025-02-01,233.0,186.0,2.0,0.0,45.0,47.0,3883.0,1327.0,1178826.0,3.293955172349439,1.125696243550787,Midwest
"Grand Rapids, MI",2025-03-01,316.0,215.0,2.0,0.0,99.0,101.0,3908.0,1380.0,1178826.0,3.3151627127328376,1.1706562291635916,Midwest
"Grand Rapids, MI",2025-04-01,462.0,297.0,6.0,0.0,159.0,165.0,4122.0,1526.0,1178826.0,3.496699258414728,1.2945082650026383,Midwest
"Grand Rapids, MI",2025-05-01,267.0,236.0,4.0,0.0,27.0,31.0,3811.0,1225.0,1178826.0,3.232877456045252,1.0391694787865215,Midwest
"Grand Rapids, MI",2025-06-01,268.0,245.0,2.0,0.0,21.0,23.0,3733.0,1119.0,1178826.0,3.166709930049049,0.9492495075609123,Midwest
"Grand Rapids, MI",2025-07-01,349.0,206.0,4.0,3.0,136.0,143.0,3719.0,1138.0,1178826.0,3.1548337074343458,0.9653672382522951,Midwest
"Grand Rapids, MI",2025-08-01,292.0,192.0,38.0,0.0,62.0,100.0,3725.0,1194.0,1178826.0,3.1599235171263613,1.0128721287111075,Midwest
"Grand Rapids, MI",2025-09-01,534.0,303.0,2.0,26.0,203.0,231.0,3888.0,1271.0,1178826.0,3.298196680426119,1.0781913530919744,Midwest
"Grand Rapids, MI",2025-10-01,457.0,221.0,6.0,3.0,227.0,236.0,3932.0,1341.0,1178826.0,3.3355219515009,1.13757246616549,Midwest
"Grand Rapids, MI",2025-11-01,193.0,167.0,4.0,3.0,19.0,26.0,3871.0,1265.0,1178826.0,3.283775552965408,1.073101543399959,Midwest
"Grand Rapids, MI",2025-12-01,564.0,180.0,0.0,11.0,373.0,384.0,4234.0,1609.0,1178826.0,3.5917090393323527,1.364917299075521,Midwest
"Grand Rapids, MI",2026-01-01,413.0,140.0,2.0,0.0,271.0,273.0,4348.0,1760.0,1178826.0,3.688415423480649,1.4930108429912472,Midwest
"Grand Rapids, MI",2026-02-01,176.0,159.0,6.0,0.0,11.0,17.0,4291.0,1730.0,1178826.0,3.640062231406501,1.4675617945311692,Midwest
"Grand Rapids, MI",2026-03-01,254.0,206.0,6.0,7.0,35.0,48.0,4229.0,1677.0,1178826.0,3.587467531255673,1.4226018089183645,Midwest
"Grand Rapids, MI",2026-04-01,269.0,226.0,2.0,3.0,38.0,43.0,4036.0,1555.0,1178826.0,3.4237453194958376,1.3191090118473805,Midwest
"Grand Rapids, MI",2026-05-01,295.0,229.0,6.0,16.0,44.0,66.0,4064.0,1590.0,1178826.0,3.4474977647252434,1.348799568384138,Midwest
"Hartford, CT",2020-07-01,116.0,69.0,0.0,4.0,43.0,47.0,116.0,47.0,1169048.0,0.09922603691208573,0.040203652886793353,Northeast
"Hartford, CT",2020-08-01,126.0,77.0,2.0,0.0,47.0,49.0,242.0,96.0,1169048.0,0.2070060425234892,0.08211809951345025,Northeast
"Hartford, CT",2020-09-01,171.0,92.0,2.0,8.0,69.0,79.0,413.0,175.0,1169048.0,0.3532789072818225,0.14969445223806035,Northeast
"Hartford, CT",2020-10-01,129.0,74.0,10.0,8.0,37.0,55.0,542.0,230.0,1169048.0,0.4636251035030213,0.1967412800843079,Northeast
"Hartford, CT",2020-11-01,122.0,85.0,4.0,0.0,33.0,37.0,664.0,267.0,1169048.0,0.5679835216346977,0.22839096427178354,Northeast
"Hartford, CT",2020-12-01,150.0,81.0,4.0,0.0,65.0,69.0,814.0,336.0,1169048.0,0.6962930521244637,0.2874133482970759,Northeast
"Hartford, CT",2021-01-01,95.0,66.0,2.0,0.0,27.0,29.0,909.0,365.0,1169048.0,0.7775557547679821,0.31221985752509734,Northeast
"Hartford, CT",2021-02-01,80.0,56.0,2.0,0.0,22.0,24.0,989.0,389.0,1169048.0,0.845987504362524,0.33274938240345986,Northeast
"Hartford, CT",2021-03-01,139.0,107.0,2.0,0.0,30.0,32.0,1128.0,421.0,1169048.0,0.9648876692830406,0.3601220822412767,Northeast
"Hartford, CT",2021-04-01,134.0,106.0,0.0,4.0,24.0,28.0,1262.0,449.0,1169048.0,1.0795108498538983,0.38407319459936634,Northeast
"Hartford, CT",2021-05-01,123.0,91.0,2.0,0.0,30.0,32.0,1385.0,481.0,1169048.0,1.1847246648555065,0.4114458944371831,Northeast
"Hartford, CT",2021-06-01,116.0,84.0,2.0,3.0,27.0,32.0,1501.0,513.0,1169048.0,1.283950701767592,0.4388185942749998,Northeast
"Hartford, CT",2021-07-01,124.0,79.0,0.0,0.0,45.0,45.0,1509.0,511.0,1169048.0,1.2907938767270464,0.43710780053513626,Northeast
"Hartford, CT",2021-08-01,111.0,66.0,2.0,0.0,43.0,45.0,1494.0,507.0,1169048.0,1.2779629236780696,0.43368621305540916,Northeast
"Hartford, CT",2021-09-01,104.0,85.0,0.0,0.0,19.0,19.0,1427.0,447.0,1169048.0,1.2206513333926408,0.3823624008595028,Northeast
"Hartford, CT",2021-10-01,158.0,64.0,20.0,0.0,74.0,94.0,1456.0,486.0,1169048.0,1.2454578426206622,0.41572287878684194,Northeast
"Hartford, CT",2021-11-01,104.0,62.0,16.0,0.0,26.0,42.0,1438.0,491.0,1169048.0,1.2300606989618903,0.4199998631365008,Northeast
"Hartford, CT",2021-12-01,168.0,89.0,2.0,0.0,77.0,79.0,1456.0,501.0,1169048.0,1.2454578426206622,0.4285538318358186,Northeast
"Hartford, CT",2022-01-01,65.0,44.0,0.0,0.0,21.0,21.0,1426.0,493.0,1169048.0,1.2197959365227091,0.42171065687636433,Northeast
"Hartford, CT",2022-02-01,82.0,48.0,4.0,0.0,30.0,34.0,1428.0,503.0,1169048.0,1.2215067302625726,0.4302646255756821,Northeast
"Hartford, CT",2022-03-01,120.0,66.0,0.0,0.0,54.0,54.0,1409.0,525.0,1169048.0,1.205254189733869,0.4490833567141811,Northeast
"Hartford, CT",2022-04-01,107.0,66.0,8.0,3.0,30.0,41.0,1382.0,538.0,1169048.0,1.182158474245711,0.4602035160232941,Northeast
"Hartford, CT",2022-05-01,105.0,62.0,0.0,3.0,40.0,43.0,1364.0,549.0,1169048.0,1.1667613305869393,0.46961288159254366,Northeast
"Hartford, CT",2022-06-01,94.0,58.0,2.0,0.0,34.0,36.0,1342.0,553.0,1169048.0,1.14794259944844,0.47303446907227076,Northeast
"Hartford, CT",2022-07-01,95.0,65.0,0.0,0.0,30.0,30.0,1313.0,538.0,1169048.0,1.1231360902204186,0.4602035160232941,Northeast
"Hartford, CT",2022-08-01,90.0,59.0,2.0,3.0,26.0,31.0,1292.0,524.0,1169048.0,1.1051727559518514,0.44822795984424935,Northeast
"Hartford, CT",2022-09-01,87.0,64.0,2.0,0.0,21.0,23.0,1275.0,528.0,1169048.0,1.0906310091630111,0.45164954732397644,Northeast
"Hartford, CT",2022-10-01,69.0,50.0,4.0,0.0,15.0,19.0,1186.0,453.0,1169048.0,1.0145006877390834,0.38749478207909344,Northeast
"Hartford, CT",2022-11-01,211.0,51.0,16.0,8.0,136.0,160.0,1293.0,571.0,1169048.0,1.1060281528217832,0.4884316127310427,Northeast
"Hartford, CT",2022-12-01,358.0,47.0,0.0,0.0,311.0,311.0,1483.0,803.0,1169048.0,1.26855355810882,0.6868836865552141,Northeast
"Hartford, CT",2023-01-01,146.0,46.0,0.0,0.0,100.0,100.0,1564.0,882.0,1169048.0,1.3378407045732938,0.7544600392798243,Northeast
"Hartford, CT",2023-02-01,48.0,38.0,0.0,0.0,10.0,10.0,1530.0,858.0,1169048.0,1.3087572109956136,0.7339305144014617,Northeast
"Hartford, CT",2023-03-01,74.0,55.0,0.0,0.0,19.0,19.0,1484.0,823.0,1169048.0,1.269408954978752,0.7039916239538496,Northeast
"Hartford, CT",2023-04-01,75.0,45.0,0.0,0.0,30.0,30.0,1452.0,812.0,1169048.0,1.2420362551409352,0.6945822583846001,Northeast
"Hartford, CT",2023-05-01,330.0,55.0,0.0,0.0,275.0,275.0,1677.0,1044.0,1169048.0,1.4345005508755844,0.8930343322087716,Northeast
"Hartford, CT",2023-06-01,128.0,55.0,0.0,0.0,73.0,73.0,1711.0,1081.0,1169048.0,1.4635840444532646,0.9246840163962472,Northeast
"Hartford, CT",2023-07-01,92.0,49.0,2.0,8.0,33.0,43.0,1708.0,1094.0,1169048.0,1.4610178538434693,0.9358041757053602,Northeast
"Hartford, CT",2023-08-01,166.0,62.0,4.0,4.0,96.0,104.0,1784.0,1167.0,1169048.0,1.526028015958284,0.9982481472103797,Northeast
"Hartford, CT",2023-09-01,170.0,53.0,4.0,8.0,105.0,117.0,1867.0,1261.0,1169048.0,1.5970259561626212,1.0786554529839665,Northeast
"Hartford, CT",2023-10-01,247.0,51.0,4.0,0.0,192.0,196.0,2045.0,1438.0,1169048.0,1.749286599010477,1.2300606989618903,Northeast
"Hartford, CT",2023-11-01,97.0,58.0,4.0,8.0,27.0,39.0,1931.0,1317.0,1169048.0,1.6517713558382547,1.1265576777001458,Northeast
"Hartford, CT",2023-12-01,294.0,45.0,0.0,4.0,245.0,249.0,1867.0,1255.0,1169048.0,1.5970259561626212,1.0735230717643758,Northeast
"Hartford, CT",2024-01-01,86.0,42.0,0.0,0.0,44.0,44.0,1807.0,1199.0,1169048.0,1.5457021439667147,1.0256208470481964,Northeast
"Hartford, CT",2024-02-01,144.0,36.0,14.0,4.0,90.0,108.0,1903.0,1297.0,1169048.0,1.6278202434801652,1.1094497403015104,Northeast
"Hartford, CT",2024-03-01,87.0,38.0,2.0,0.0,47.0,49.0,1916.0,1327.0,1169048.0,1.638940402789278,1.1351116463994635,Northeast
"Hartford, CT",2024-04-01,202.0,73.0,0.0,0.0,129.0,129.0,2043.0,1426.0,1169048.0,1.7475758052706134,1.2197959365227091,Northeast
"Hartford, CT",2024-05-01,118.0,67.0,0.0,12.0,39.0,51.0,1831.0,1202.0,1169048.0,1.5662316688450775,1.0281870376579918,Northeast
"Hartford, CT",2024-06-01,131.0,49.0,2.0,8.0,72.0,82.0,1834.0,1211.0,1169048.0,1.5687978594548728,1.0358856094873776,Northeast
"Hartford, CT",2024-07-01,160.0,56.0,0.0,3.0,101.0,104.0,1902.0,1272.0,1169048.0,1.6269648466102333,1.088064818553216,Northeast
"Hartford, CT",2024-08-01,123.0,58.0,0.0,0.0,65.0,65.0,1859.0,1233.0,1169048.0,1.590182781203167,1.0547043406258767,Northeast
"Hartford, CT",2024-09-01,189.0,59.0,0.0,0.0,130.0,130.0,1878.0,1246.0,1169048.0,1.6064353217318708,1.0658244999349897,Northeast
"Hartford, CT",2024-10-01,127.0,55.0,6.0,3.0,63.0,72.0,1758.0,1122.0,1169048.0,1.503787697340058,0.9597552880634499,Northeast
"Hartford, CT",2024-11-01,365.0,38.0,0.0,0.0,327.0,327.0,2026.0,1410.0,1169048.0,1.7330340584817734,1.2061095866038005,Northeast
"Hartford, CT",2024-12-01,163.0,42.0,2.0,3.0,116.0,121.0,1895.0,1282.0,1169048.0,1.6209770685207108,1.0966187872525337,Northeast
"Hartford, CT",2025-01-01,50.0,32.0,0.0,0.0,18.0,18.0,1859.0,1256.0,1169048.0,1.590182781203167,1.0743784686343076,Northeast
"Hartford, CT",2025-02-01,63.0,45.0,4.0,4.0,10.0,18.0,1778.0,1166.0,1169048.0,1.5208956347386935,0.9973927503404479,Northeast
"Hartford, CT",2025-03-01,131.0,59.0,0.0,3.0,69.0,72.0,1822.0,1189.0,1169048.0,1.5585330970156914,1.0170668783488788,Northeast
"Hartford, CT",2025-04-01,157.0,71.0,2.0,0.0,84.0,86.0,1777.0,1146.0,1169048.0,1.5200402378687616,0.9802848129418125,Northeast
"Hartford, CT",2025-05-01,67.0,46.0,0.0,0.0,21.0,21.0,1726.0,1116.0,1169048.0,1.4764149975022411,0.9546229068438592,Northeast
"Hartford, CT",2025-06-01,114.0,59.0,2.0,0.0,53.0,55.0,1709.0,1089.0,1169048.0,1.4618732507134011,0.9315271913557014,Northeast
"Hartford, CT",2025-07-01,69.0,46.0,0.0,0.0,23.0,23.0,1618.0,1008.0,1169048.0,1.3840321355496097,0.8622400448912276,Northeast
"Hartford, CT",2025-08-01,129.0,53.0,0.0,3.0,73.0,76.0,1624.0,1019.0,1169048.0,1.3891645167692002,0.8716494104604773,Northeast
"Hartford, CT",2025-09-01,138.0,50.0,6.0,3.0,79.0,88.0,1573.0,977.0,1169048.0,1.34553927640268,0.8357227419233427,Northeast
"Hartford, CT",2025-10-01,76.0,45.0,0.0,4.0,27.0,31.0,1522.0,936.0,1169048.0,1.3019140360361592,0.80065147025614,Northeast
"Hartford, CT",2025-11-01,42.0,33.0,0.0,3.0,6.0,9.0,1199.0,618.0,1169048.0,1.0256208470481964,0.528635265617836,Northeast
"Hartford, CT",2025-12-01,276.0,29.0,2.0,4.0,241.0,247.0,1312.0,744.0,1169048.0,1.1222806933504867,0.6364152712292395,Northeast
"Hartford, CT",2026-01-01,68.0,35.0,2.0,8.0,23.0,33.0,1330.0,759.0,1169048.0,1.1376778370092588,0.6492462242782161,Northeast
"Hartford, CT",2026-02-01,33.0,23.0,0.0,0.0,10.0,10.0,1300.0,751.0,1169048.0,1.1120159309113056,0.6424030493187619,Northeast
"Hartford, CT",2026-03-01,57.0,42.0,2.0,3.0,10.0,15.0,1226.0,694.0,1169048.0,1.0487165625363544,0.5936454277326508,Northeast
"Hartford, CT",2026-04-01,148.0,53.0,8.0,3.0,84.0,95.0,1217.0,703.0,1169048.0,1.0410179907069685,0.6013439995620369,Northeast
"Hartford, CT",2026-05-01,120.0,43.0,6.0,0.0,71.0,77.0,1270.0,759.0,1169048.0,1.0863540248133525,0.6492462242782161,Northeast
"Houston, TX",2020-07-01,6663.0,4952.0,42.0,0.0,1669.0,1711.0,6663.0,1711.0,7796182.0,0.8546491090125911,0.21946640034827303,Southwest
"Houston, TX",2020-08-01,5906.0,4768.0,50.0,0.0,1088.0,1138.0,12569.0,2849.0,7796182.0,1.6121994073509316,0.36543528614390997,Southwest
"Houston, TX",2020-09-01,7147.0,4570.0,40.0,11.0,2526.0,2577.0,19716.0,5426.0,7796182.0,2.528930186596465,0.695981699760216,Southwest
"Houston, TX",2020-10-01,5861.0,4492.0,106.0,16.0,1247.0,1369.0,25577.0,6795.0,7796182.0,3.280708428818106,0.8715804736215753,Southwest
"Houston, TX",2020-11-01,4525.0,3630.0,62.0,0.0,833.0,895.0,30102.0,7690.0,7796182.0,3.861120738330634,0.9863802563870366,Southwest
"Houston, TX",2020-12-01,6485.0,4566.0,20.0,0.0,1899.0,1919.0,36587.0,9609.0,7796182.0,4.6929381587038375,1.2325263827858302,Southwest
"Houston, TX",2021-01-01,5335.0,4258.0,104.0,4.0,969.0,1077.0,41922.0,10686.0,7796182.0,5.37724747831695,1.3706709258454972,Southwest
"Houston, TX",2021-02-01,4325.0,3395.0,20.0,8.0,902.0,930.0,46247.0,11616.0,7796182.0,5.9320062050885936,1.4899600855906134,Southwest
"Houston, TX",2021-03-01,5557.0,5142.0,102.0,0.0,313.0,415.0,51804.0,12031.0,7796182.0,6.644791001544089,1.5431912697779504,Southwest
"Houston, TX",2021-04-01,7565.0,5254.0,70.0,6.0,2235.0,2311.0,59369.0,14342.0,7796182.0,7.615137768718073,1.8396184183488788,Southwest
"Houston, TX",2021-05-01,5434.0,4909.0,92.0,0.0,433.0,525.0,64803.0,14867.0,7796182.0,8.312145611787924,1.9069590730437027,Southwest
"Houston, TX",2021-06-01,5620.0,4789.0,64.0,0.0,767.0,831.0,70423.0,15698.0,7796182.0,9.033011286806799,2.013549709332081,Southwest
"Houston, TX",2021-07-01,6491.0,4259.0,24.0,3.0,2205.0,2232.0,70251.0,16219.0,7796182.0,9.010949205649636,2.0803772923720865,Southwest
"Houston, TX",2021-08-01,6991.0,4202.0,42.0,0.0,2747.0,2789.0,71336.0,17870.0,7796182.0,9.150119892018939,2.2921476178980944,Southwest
"Houston, TX",2021-09-01,4790.0,3889.0,70.0,37.0,794.0,901.0,68979.0,16194.0,7796182.0,8.847792419417607,2.077170594529476,Southwest
"Houston, TX",2021-10-01,5052.0,4080.0,68.0,10.0,894.0,972.0,68170.0,15797.0,7796182.0,8.744023677230727,2.026248232788819,Southwest
"Houston, TX",2021-11-01,4474.0,3887.0,40.0,0.0,547.0,587.0,68119.0,15489.0,7796182.0,8.7374820136318,1.986741715367856,Southwest
"Houston, TX",2021-12-01,6885.0,4067.0,64.0,0.0,2754.0,2818.0,68519.0,16388.0,7796182.0,8.788789179113571,2.1020545697881348,Southwest
"Houston, TX",2022-01-01,5917.0,4469.0,66.0,0.0,1382.0,1448.0,69101.0,16759.0,7796182.0,8.863441104889546,2.1496419657724766,Southwest
"Houston, TX",2022-02-01,6678.0,4993.0,40.0,0.0,1645.0,1685.0,71454.0,17514.0,7796182.0,9.165255505836061,2.246484240619319,Southwest
"Houston, TX",2022-03-01,7879.0,5573.0,58.0,0.0,2248.0,2306.0,73776.0,19405.0,7796182.0,9.463093601457738,2.489038865434388,Southwest
"Houston, TX",2022-04-01,6446.0,4773.0,34.0,4.0,1635.0,1673.0,72657.0,18767.0,7796182.0,9.319561806022486,2.4072039364909643,Southwest
"Houston, TX",2022-05-01,6169.0,4652.0,100.0,12.0,1405.0,1517.0,73392.0,19759.0,7796182.0,9.413838722595239,2.534445706885755,Southwest
"Houston, TX",2022-06-01,8220.0,4487.0,94.0,4.0,3635.0,3733.0,75992.0,22661.0,7796182.0,9.747335298226748,2.9066791924559996,Southwest
"Houston, TX",2022-07-01,6317.0,3270.0,86.0,4.0,2957.0,3047.0,75818.0,23476.0,7796182.0,9.725016681242177,3.011217542125107,Southwest
"Houston, TX",2022-08-01,6513.0,3700.0,80.0,0.0,2733.0,2813.0,75340.0,23500.0,7796182.0,9.663704618491462,3.014295972054013,Southwest
"Houston, TX",2022-09-01,6199.0,3147.0,54.0,0.0,2998.0,3052.0,76749.0,25651.0,7796182.0,9.844434108900998,3.2902002544322335,Southwest
"Houston, TX",2022-10-01,6284.0,3226.0,176.0,0.0,2882.0,3058.0,77981.0,27737.0,7796182.0,10.002460178584851,3.557767122419666,Southwest
"Houston, TX",2022-11-01,4629.0,2748.0,76.0,4.0,1801.0,1881.0,78136.0,29031.0,7796182.0,10.022341705209037,3.723745802753194,Southwest
"Houston, TX",2022-12-01,4223.0,2059.0,138.0,7.0,2019.0,2164.0,75474.0,28377.0,7796182.0,9.680892518927855,3.639858587190499,Southwest
"Houston, TX",2023-01-01,6266.0,2692.0,182.0,25.0,3367.0,3574.0,75823.0,30503.0,7796182.0,9.7256580208107,3.9125561717261093,Southwest
"Houston, TX",2023-02-01,4902.0,3565.0,132.0,0.0,1205.0,1337.0,74047.0,30155.0,7796182.0,9.497854206071638,3.8679189377569685,Southwest
"Houston, TX",2023-03-01,6134.0,4780.0,120.0,6.0,1228.0,1354.0,72302.0,29203.0,7796182.0,9.274026696657415,3.745807883910355,Southwest
"Houston, TX",2023-04-01,5762.0,4321.0,214.0,0.0,1227.0,1441.0,71618.0,28971.0,7796182.0,9.186291443683587,3.716049727930928,Southwest
"Houston, TX",2023-05-01,6767.0,4995.0,158.0,4.0,1610.0,1772.0,72216.0,29226.0,7796182.0,9.262995656078836,3.7487580459255567,Southwest
"Houston, TX",2023-06-01,5931.0,4781.0,76.0,0.0,1074.0,1150.0,69927.0,26643.0,7796182.0,8.969390401609402,3.4174420248270243,Southwest
"Houston, TX",2023-07-01,5342.0,4108.0,76.0,3.0,1155.0,1234.0,68952.0,24830.0,7796182.0,8.844329185747586,3.1848922972809,Southwest
"Houston, TX",2023-08-01,7305.0,5139.0,232.0,23.0,1911.0,2166.0,69744.0,24183.0,7796182.0,8.945917373401493,3.101902957114136,Southwest
"Houston, TX",2023-09-01,5174.0,3897.0,104.0,0.0,1173.0,1277.0,68719.0,22408.0,7796182.0,8.814442761854457,2.87422741028878,Southwest
"Houston, TX",2023-10-01,5453.0,4257.0,170.0,0.0,1026.0,1196.0,67888.0,20546.0,7796182.0,8.70785212556608,2.6353925549711383,Southwest
"Houston, TX",2023-11-01,4055.0,3476.0,76.0,32.0,471.0,579.0,67314.0,19244.0,7796182.0,8.634226343099737,2.468387731327976,Southwest
"Houston, TX",2023-12-01,4285.0,3383.0,152.0,0.0,750.0,902.0,67376.0,17982.0,7796182.0,8.642178953749411,2.30651362423299,Southwest
"Houston, TX",2024-01-01,5044.0,4032.0,56.0,40.0,916.0,1012.0,66154.0,15420.0,7796182.0,8.485435563202604,1.9778912293222504,Southwest
"Houston, TX",2024-02-01,5674.0,4764.0,112.0,3.0,795.0,910.0,66926.0,14993.0,7796182.0,8.584458392582421,1.9231208301704603,Southwest
"Houston, TX",2024-03-01,6149.0,4698.0,76.0,0.0,1375.0,1451.0,66941.0,15090.0,7796182.0,8.586382411287987,1.9355628177997897,Southwest
"Houston, TX",2024-04-01,6151.0,5423.0,166.0,0.0,562.0,728.0,67330.0,14377.0,7796182.0,8.636278629719008,1.8441077953285339,Southwest
"Houston, TX",2024-05-01,4788.0,4610.0,88.0,0.0,90.0,178.0,65351.0,12783.0,7796182.0,8.382436428497948,1.6396487408836786,Southwest
"Houston, TX",2024-06-01,4819.0,3962.0,106.0,4.0,747.0,857.0,64239.0,12490.0,7796182.0,8.239802508458627,1.6020662421682819,Southwest
"Houston, TX",2024-07-01,5238.0,4131.0,94.0,4.0,1009.0,1107.0,64135.0,12363.0,7796182.0,8.226462645433367,1.5857762171278198,Southwest
"Houston, TX",2024-08-01,6082.0,4502.0,88.0,19.0,1473.0,1580.0,62912.0,11777.0,7796182.0,8.069590986972853,1.510611219697026,Southwest
"Houston, TX",2024-09-01,4526.0,4193.0,114.0,17.0,202.0,333.0,62264.0,10833.0,7796182.0,7.986473378892385,1.3895263091600478,Southwest
"Houston, TX",2024-10-01,6757.0,4792.0,144.0,90.0,1731.0,1965.0,63568.0,11602.0,7796182.0,8.153734738362957,1.4881643347987517,Southwest
"Houston, TX",2024-11-01,5099.0,3630.0,96.0,0.0,1373.0,1469.0,64612.0,12492.0,7796182.0,8.287646440270379,1.6023227779956906,Southwest
"Houston, TX",2024-12-01,4828.0,3869.0,110.0,64.0,785.0,959.0,65155.0,12549.0,7796182.0,8.357295917411882,1.609634049076843,Southwest
"Houston, TX",2025-01-01,5731.0,4180.0,168.0,50.0,1333.0,1551.0,65842.0,13088.0,7796182.0,8.445415974126822,1.6787704545635287,Southwest
"Houston, TX",2025-02-01,5316.0,4086.0,168.0,0.0,1062.0,1230.0,65484.0,13408.0,7796182.0,8.399496061020638,1.719816186948945,Southwest
"Houston, TX",2025-03-01,6463.0,4709.0,150.0,0.0,1604.0,1754.0,65798.0,13711.0,7796182.0,8.439772185923829,1.7586813648013861,Southwest
"Houston, TX",2025-04-01,6482.0,4596.0,126.0,4.0,1756.0,1886.0,66129.0,14869.0,7796182.0,8.482228865359993,1.9072156088711116,Southwest
"Houston, TX",2025-05-01,5811.0,4596.0,278.0,0.0,937.0,1215.0,67152.0,15906.0,7796182.0,8.613446941079621,2.040229435382601,Southwest
"Houston, TX",2025-06-01,5190.0,3823.0,256.0,0.0,1111.0,1367.0,67523.0,16416.0,7796182.0,8.661034337063963,2.1056460713718588,Southwest
"Houston, TX",2025-07-01,5771.0,4074.0,288.0,0.0,1409.0,1697.0,68056.0,17006.0,7796182.0,8.729401135068422,2.18132414045747,Southwest
"Houston, TX",2025-08-01,4193.0,3789.0,254.0,6.0,144.0,404.0,66167.0,15830.0,7796182.0,8.487103046080762,2.030481073941065,Southwest
"Houston, TX",2025-09-01,5120.0,3393.0,156.0,3.0,1568.0,1727.0,66761.0,17224.0,7796182.0,8.563294186821189,2.2092865456450346,Southwest
"Houston, TX",2025-10-01,5480.0,3485.0,228.0,8.0,1759.0,1995.0,65484.0,17254.0,7796182.0,8.399496061020638,2.213134583056168,Southwest
"Houston, TX",2025-11-01,4522.0,2999.0,174.0,0.0,1349.0,1523.0,64907.0,17308.0,7796182.0,8.325485474813185,2.220061050396207,Southwest
"Houston, TX",2025-12-01,4912.0,2875.0,146.0,8.0,1883.0,2037.0,64991.0,18386.0,7796182.0,8.336259979564355,2.358333861369578,Southwest
"Houston, TX",2026-01-01,4206.0,3256.0,144.0,3.0,803.0,950.0,63466.0,17785.0,7796182.0,8.140651411165106,2.281244845233218,Southwest
"Houston, TX",2026-02-01,5033.0,3841.0,162.0,0.0,1030.0,1192.0,63183.0,17747.0,7796182.0,8.104351591586752,2.2763706645124495,Southwest
"Houston, TX",2026-03-01,5055.0,4493.0,172.0,0.0,390.0,562.0,61775.0,16555.0,7796182.0,7.9237503690909215,2.1234753113767737,Southwest
"Houston, TX",2026-04-01,5029.0,4251.0,250.0,9.0,519.0,778.0,60322.0,15447.0,7796182.0,7.7373770904783905,1.9813544629922697,Southwest
"Houston, TX",2026-05-01,5118.0,4039.0,178.0,0.0,901.0,1079.0,59629.0,15311.0,7796182.0,7.648487426281224,1.9639100267284677,Southwest
"Indianapolis, IN",2020-07-01,1079.0,691.0,10.0,11.0,367.0,388.0,1079.0,388.0,2174833.0,0.49613004768642005,0.1784045027825125,Midwest
"Indianapolis, IN",2020-08-01,827.0,737.0,14.0,4.0,72.0,90.0,1906.0,478.0,2174833.0,0.8763891296481154,0.2197869905413427,Midwest
"Indianapolis, IN",2020-09-01,1075.0,743.0,16.0,7.0,309.0,332.0,2981.0,810.0,2174833.0,1.3706799556563654,0.372442389829472,Midwest
"Indianapolis, IN",2020-10-01,849.0,816.0,14.0,8.0,11.0,33.0,3830.0,843.0,2174833.0,1.761054756847997,0.3876159686743764,Midwest
"Indianapolis, IN",2020-11-01,735.0,661.0,24.0,10.0,40.0,74.0,4565.0,917.0,2174833.0,2.099011740211777,0.4216415697205257,Midwest
"Indianapolis, IN",2020-12-01,792.0,739.0,14.0,8.0,31.0,53.0,5357.0,970.0,2174833.0,2.463177632489483,0.44601125695628124,Midwest
"Indianapolis, IN",2021-01-01,785.0,675.0,26.0,11.0,73.0,110.0,6142.0,1080.0,2174833.0,2.824124886830391,0.4965898531059626,Midwest
"Indianapolis, IN",2021-02-01,799.0,737.0,16.0,8.0,38.0,62.0,6941.0,1142.0,2174833.0,3.191509417044895,0.5250977891176012,Midwest
"Indianapolis, IN",2021-03-01,982.0,923.0,28.0,8.0,23.0,59.0,7923.0,1201.0,2174833.0,3.643038339035687,0.5522263088706121,Midwest
"Indianapolis, IN",2021-04-01,1015.0,977.0,20.0,0.0,18.0,38.0,8938.0,1239.0,2174833.0,4.1097408398713835,0.5696989148132293,Midwest
"Indianapolis, IN",2021-05-01,1147.0,1002.0,28.0,12.0,105.0,145.0,10085.0,1384.0,2174833.0,4.637137656086698,0.6363707006469003,Midwest
"Indianapolis, IN",2021-06-01,1502.0,1017.0,50.0,20.0,415.0,485.0,11587.0,1869.0,2174833.0,5.327765396239619,0.8593763291250408,Midwest
"Indianapolis, IN",2021-07-01,1287.0,770.0,60.0,4.0,453.0,517.0,11795.0,1998.0,2174833.0,5.423404923504472,0.9186912282460308,Midwest
"Indianapolis, IN",2021-08-01,946.0,660.0,24.0,7.0,255.0,286.0,11914.0,2194.0,2174833.0,5.478121768430036,1.0088130904763721,Midwest
"Indianapolis, IN",2021-09-01,899.0,732.0,28.0,24.0,115.0,167.0,11738.0,2029.0,2174833.0,5.397196014590546,0.9329451962518502,Midwest
"Indianapolis, IN",2021-10-01,990.0,816.0,16.0,0.0,158.0,174.0,11879.0,2170.0,2174833.0,5.462028578746047,0.9977777604073509,Midwest
"Indianapolis, IN",2021-11-01,1130.0,730.0,4.0,0.0,396.0,400.0,12274.0,2496.0,2174833.0,5.643651719465357,1.1476743271782246,Midwest
"Indianapolis, IN",2021-12-01,1516.0,790.0,20.0,4.0,702.0,726.0,12998.0,3169.0,2174833.0,5.976550843214168,1.4571233745303662,Midwest
"Indianapolis, IN",2022-01-01,1505.0,880.0,20.0,3.0,602.0,625.0,13718.0,3684.0,2174833.0,6.30761074528481,1.6939231655947835,Midwest
"Indianapolis, IN",2022-02-01,1099.0,759.0,18.0,3.0,319.0,340.0,14018.0,3962.0,2174833.0,6.445552371147578,1.8217490722276146,Midwest
"Indianapolis, IN",2022-03-01,1459.0,860.0,26.0,8.0,565.0,599.0,14495.0,4502.0,2174833.0,6.664879556269378,2.070043998780596,Midwest
"Indianapolis, IN",2022-04-01,1967.0,825.0,20.0,4.0,1118.0,1142.0,15447.0,5606.0,2174833.0,7.102614315673893,2.5776691819555797,Midwest
"Indianapolis, IN",2022-05-01,1153.0,1026.0,18.0,0.0,109.0,127.0,15453.0,5588.0,2174833.0,7.105373148191148,2.569392684403814,Midwest
"Indianapolis, IN",2022-06-01,906.0,842.0,16.0,10.0,38.0,64.0,14857.0,5167.0,2174833.0,6.831329118143784,2.375814602776397,Midwest
"Indianapolis, IN",2022-07-01,830.0,651.0,6.0,0.0,173.0,179.0,14400.0,4829.0,2174833.0,6.621198041412835,2.2204003709710127,Midwest
"Indianapolis, IN",2022-08-01,798.0,595.0,12.0,8.0,183.0,203.0,14252.0,4746.0,2174833.0,6.553146839320536,2.18223652114898,Midwest
"Indianapolis, IN",2022-09-01,1488.0,847.0,10.0,55.0,576.0,641.0,14841.0,5220.0,2174833.0,6.823972231431103,2.400184290012153,Midwest
"Indianapolis, IN",2022-10-01,1258.0,417.0,32.0,4.0,805.0,841.0,15109.0,5887.0,2174833.0,6.947200083868508,2.706874504847039,Midwest
"Indianapolis, IN",2022-11-01,651.0,390.0,8.0,8.0,245.0,261.0,14630.0,5748.0,2174833.0,6.726953287907623,2.6429615515306235,Midwest
"Indianapolis, IN",2022-12-01,565.0,341.0,2.0,0.0,222.0,224.0,13679.0,5246.0,2174833.0,6.289678333922651,2.412139230920259,Midwest
"Indianapolis, IN",2023-01-01,1016.0,363.0,12.0,15.0,626.0,653.0,13190.0,5274.0,2174833.0,6.06483348376634,2.425013782667451,Midwest
"Indianapolis, IN",2023-02-01,437.0,368.0,6.0,0.0,63.0,69.0,12528.0,5003.0,2174833.0,5.760442296029167,2.3004065139714176,Midwest
"Indianapolis, IN",2023-03-01,1170.0,632.0,8.0,0.0,530.0,538.0,12239.0,4942.0,2174833.0,5.627558529781367,2.2723583833793217,Midwest
"Indianapolis, IN",2023-04-01,935.0,559.0,14.0,27.0,335.0,376.0,11207.0,4176.0,2174833.0,5.153039336813448,1.920147432009722,Midwest
"Indianapolis, IN",2023-05-01,1437.0,720.0,24.0,0.0,693.0,717.0,11491.0,4766.0,2174833.0,5.283624075963534,2.191432629539831,Midwest
"Indianapolis, IN",2023-06-01,807.0,768.0,14.0,6.0,19.0,39.0,11392.0,4741.0,2174833.0,5.23810333942882,2.1799374940512672,Midwest
"Indianapolis, IN",2023-07-01,849.0,553.0,6.0,7.0,283.0,296.0,11411.0,4858.0,2174833.0,5.246839642400129,2.2337347281377467,Midwest
"Indianapolis, IN",2023-08-01,747.0,693.0,26.0,18.0,10.0,54.0,11360.0,4709.0,2174833.0,5.223389566003458,2.1652237206259057,Midwest
"Indianapolis, IN",2023-09-01,1099.0,704.0,16.0,4.0,375.0,395.0,10971.0,4463.0,2174833.0,5.0445252578014035,2.052111587418436,Midwest
"Indianapolis, IN",2023-10-01,1870.0,633.0,16.0,18.0,1203.0,1237.0,11583.0,4859.0,2174833.0,5.32592617456145,2.234194533557289,Midwest
"Indianapolis, IN",2023-11-01,969.0,537.0,20.0,20.0,392.0,432.0,11901.0,5030.0,2174833.0,5.472144297975983,2.3128212602990668,Midwest
"Indianapolis, IN",2023-12-01,896.0,547.0,46.0,4.0,299.0,349.0,12232.0,5155.0,2174833.0,5.62433989184457,2.3702969377418865,Midwest
"Indianapolis, IN",2024-01-01,906.0,741.0,44.0,9.0,112.0,165.0,12122.0,4667.0,2174833.0,5.573761295694887,2.145911893005118,Midwest
"Indianapolis, IN",2024-02-01,664.0,644.0,20.0,0.0,0.0,20.0,12349.0,4618.0,2174833.0,5.678137125931048,2.1233814274475327,Midwest
"Indianapolis, IN",2024-03-01,1188.0,794.0,14.0,3.0,377.0,394.0,12367.0,4474.0,2174833.0,5.686413623482815,2.0571694470334045,Midwest
"Indianapolis, IN",2024-04-01,834.0,812.0,10.0,0.0,12.0,22.0,12266.0,4120.0,2174833.0,5.639973276109016,1.894398328515339,Midwest
"Indianapolis, IN",2024-05-01,845.0,707.0,54.0,12.0,72.0,138.0,11674.0,3541.0,2174833.0,5.367768467739822,1.6281709906001978,Midwest
"Indianapolis, IN",2024-06-01,1031.0,999.0,10.0,0.0,22.0,32.0,11898.0,3534.0,2174833.0,5.470764881717355,1.6249523526633998,Midwest
"Indianapolis, IN",2024-07-01,991.0,689.0,48.0,4.0,250.0,302.0,12040.0,3540.0,2174833.0,5.536057251292398,1.6277111851806554,Midwest
"Indianapolis, IN",2024-08-01,1128.0,931.0,6.0,4.0,187.0,197.0,12421.0,3683.0,2174833.0,5.711243116138113,1.6934633601752411,Midwest
"Indianapolis, IN",2024-09-01,1133.0,868.0,4.0,0.0,261.0,265.0,12455.0,3553.0,2174833.0,5.726876500402559,1.6336886556347086,Midwest
"Indianapolis, IN",2024-10-01,1316.0,959.0,12.0,0.0,345.0,357.0,11901.0,2673.0,2174833.0,5.472144297975983,1.2290598864372573,Midwest
"Indianapolis, IN",2024-11-01,792.0,540.0,10.0,26.0,216.0,252.0,11724.0,2493.0,2174833.0,5.39075873871695,1.146294910919597,Midwest
"Indianapolis, IN",2024-12-01,1281.0,607.0,8.0,7.0,659.0,674.0,12109.0,2818.0,2174833.0,5.567783825240834,1.2957316722709284,Midwest
"Indianapolis, IN",2025-01-01,773.0,748.0,10.0,7.0,8.0,25.0,11976.0,2678.0,2174833.0,5.506629704441674,1.2313589135349703,Midwest
"Indianapolis, IN",2025-02-01,783.0,701.0,22.0,4.0,56.0,82.0,12095.0,2740.0,2174833.0,5.561346549367239,1.259866849546609,Midwest
"Indianapolis, IN",2025-03-01,980.0,715.0,8.0,4.0,253.0,265.0,11887.0,2611.0,2174833.0,5.465707022102387,1.2005519504256188,Midwest
"Indianapolis, IN",2025-04-01,1119.0,929.0,34.0,3.0,153.0,190.0,12172.0,2779.0,2174833.0,5.596751566672015,1.2777992609087685,Midwest
"Indianapolis, IN",2025-05-01,1234.0,908.0,4.0,4.0,318.0,326.0,12561.0,2967.0,2174833.0,5.775615874874071,1.3642426797827694,Midwest
"Indianapolis, IN",2025-06-01,1257.0,879.0,8.0,8.0,362.0,378.0,12787.0,3313.0,2174833.0,5.879531899690688,1.5233353549444946,Midwest
"Indianapolis, IN",2025-07-01,1095.0,803.0,22.0,0.0,270.0,292.0,12891.0,3303.0,2174833.0,5.927351663323115,1.518737300749069,Midwest
"Indianapolis, IN",2025-08-01,963.0,738.0,4.0,11.0,210.0,225.0,12726.0,3331.0,2174833.0,5.851483769098593,1.5316118524962608,Midwest
"Indianapolis, IN",2025-09-01,1046.0,735.0,10.0,12.0,289.0,311.0,12639.0,3377.0,2174833.0,5.81148069759839,1.5527629017952183,Midwest
"Indianapolis, IN",2025-10-01,1358.0,910.0,4.0,3.0,441.0,448.0,12681.0,3468.0,2174833.0,5.830792525219177,1.594605194973591,Midwest
"Indianapolis, IN",2025-11-01,632.0,583.0,0.0,0.0,49.0,49.0,12521.0,3265.0,2174833.0,5.757223658092369,1.5012646948064516,Midwest
"Indianapolis, IN",2025-12-01,686.0,660.0,14.0,0.0,12.0,26.0,11926.0,2617.0,2174833.0,5.483639433464546,1.2033107829428742,Midwest
"Indianapolis, IN",2026-01-01,1236.0,630.0,52.0,0.0,554.0,606.0,12389.0,3198.0,2174833.0,5.6965293427127515,1.4704577316971004,Midwest
"Indianapolis, IN",2026-02-01,683.0,519.0,6.0,6.0,152.0,164.0,12289.0,3280.0,2174833.0,5.650548800758495,1.5081617760995902,Midwest
"Indianapolis, IN",2026-03-01,1449.0,819.0,62.0,0.0,568.0,630.0,12758.0,3645.0,2174833.0,5.866197542523954,1.6759907542326238,Midwest
"Indianapolis, IN",2026-04-01,1305.0,828.0,32.0,8.0,437.0,477.0,12944.0,3932.0,2174833.0,5.95172135055887,1.807954909641338,Midwest
"Indianapolis, IN",2026-05-01,1235.0,954.0,2.0,6.0,273.0,281.0,12945.0,3887.0,2174833.0,5.952181155978414,1.787263665761923,Midwest
"Jacksonville, FL",2020-07-01,1420.0,1312.0,8.0,100.0,0.0,108.0,1420.0,108.0,1760548.0,0.8065670461697153,0.06134453590586568,Southeast
"Jacksonville, FL",2020-08-01,1273.0,1257.0,0.0,16.0,0.0,16.0,2693.0,124.0,1760548.0,1.5296373629120024,0.07043261529932726,Southeast
"Jacksonville, FL",2020-09-01,1217.0,1209.0,8.0,0.0,0.0,8.0,3910.0,132.0,1760548.0,2.220899401777174,0.07497665499605805,Southeast
"Jacksonville, FL",2020-10-01,2143.0,1296.0,0.0,4.0,843.0,847.0,6053.0,979.0,1760548.0,3.4381340355389343,0.5560768578874306,Southeast
"Jacksonville, FL",2020-11-01,1119.0,1115.0,0.0,4.0,0.0,4.0,7172.0,983.0,1760548.0,4.073731588119154,0.5583488777357959,Southeast
"Jacksonville, FL",2020-12-01,1792.0,1271.0,14.0,0.0,507.0,521.0,8964.0,1504.0,1760548.0,5.09159648018685,0.8542794629853886,Southeast
"Jacksonville, FL",2021-01-01,1717.0,1275.0,0.0,10.0,432.0,442.0,10681.0,1946.0,1760548.0,6.066861000097697,1.1053376562297648,Southeast
"Jacksonville, FL",2021-02-01,1808.0,1244.0,0.0,4.0,560.0,564.0,12489.0,2510.0,1760548.0,7.093813971558856,1.4256924548492855,Southeast
"Jacksonville, FL",2021-03-01,2647.0,1400.0,0.0,172.0,1075.0,1247.0,15136.0,3757.0,1760548.0,8.597323106214656,2.133994642577197,Southeast
"Jacksonville, FL",2021-04-01,2394.0,1443.0,6.0,7.0,938.0,951.0,17530.0,4708.0,1760548.0,9.957126985461345,2.67416736152607,Southeast
"Jacksonville, FL",2021-05-01,1323.0,1313.0,4.0,0.0,6.0,10.0,18853.0,4718.0,1760548.0,10.7085975503082,2.6798474111469837,Southeast
"Jacksonville, FL",2021-06-01,2011.0,1812.0,2.0,4.0,193.0,199.0,20864.0,4917.0,1760548.0,11.850855529073902,2.7928803986031623,Southeast
"Jacksonville, FL",2021-07-01,1651.0,1355.0,0.0,0.0,296.0,296.0,21095.0,5105.0,1760548.0,11.982064675317003,2.8996653314763354,Southeast
"Jacksonville, FL",2021-08-01,2605.0,1429.0,14.0,32.0,1130.0,1176.0,22427.0,6265.0,1760548.0,12.73864728482268,3.5585510875023005,Southeast
"Jacksonville, FL",2021-09-01,1561.0,1325.0,8.0,0.0,228.0,236.0,22771.0,6493.0,1760548.0,12.934040991782103,3.6880562188591277,Southeast
"Jacksonville, FL",2021-10-01,2059.0,1083.0,8.0,3.0,965.0,976.0,22687.0,6622.0,1760548.0,12.88632857496643,3.7613288589689122,Southeast
"Jacksonville, FL",2021-11-01,1203.0,1141.0,62.0,0.0,0.0,62.0,22771.0,6680.0,1760548.0,12.934040991782103,3.79427314677021,Southeast
"Jacksonville, FL",2021-12-01,1611.0,1531.0,8.0,0.0,72.0,80.0,22590.0,6239.0,1760548.0,12.83123209364357,3.5437829584879252,Southeast
"Jacksonville, FL",2022-01-01,2991.0,1372.0,0.0,0.0,1619.0,1619.0,23864.0,7416.0,1760548.0,13.55487041534795,4.212324798869442,Southeast
"Jacksonville, FL",2022-02-01,2168.0,1392.0,4.0,0.0,772.0,776.0,24224.0,7628.0,1760548.0,13.759352201700834,4.332741850832809,Southeast
"Jacksonville, FL",2022-03-01,2087.0,1517.0,6.0,24.0,540.0,570.0,23664.0,6951.0,1760548.0,13.441269422929677,3.948202491496966,Southeast
"Jacksonville, FL",2022-04-01,1470.0,1281.0,2.0,3.0,184.0,189.0,22740.0,6189.0,1760548.0,12.916432837957272,3.515382710383358,Southeast
"Jacksonville, FL",2022-05-01,2243.0,1237.0,16.0,0.0,990.0,1006.0,23660.0,7185.0,1760548.0,13.438997403081313,4.081115652626342,Southeast
"Jacksonville, FL",2022-06-01,2666.0,1248.0,20.0,0.0,1398.0,1418.0,24315.0,8404.0,1760548.0,13.811040653251146,4.773513701415696,Southeast
"Jacksonville, FL",2022-07-01,1174.0,980.0,2.0,0.0,192.0,194.0,23838.0,8302.0,1760548.0,13.540102286333573,4.715577195282378,Southeast
"Jacksonville, FL",2022-08-01,1537.0,1176.0,4.0,0.0,357.0,361.0,22770.0,7487.0,1760548.0,12.933472986820012,4.252653151177929,Southeast
"Jacksonville, FL",2022-09-01,2178.0,1041.0,2.0,8.0,1127.0,1137.0,23387.0,8388.0,1760548.0,13.283932048430374,4.764425622022234,Southeast
"Jacksonville, FL",2022-10-01,1779.0,1156.0,6.0,0.0,617.0,623.0,23107.0,8035.0,1760548.0,13.124890659044798,4.563919870403988,Southeast
"Jacksonville, FL",2022-11-01,1076.0,775.0,2.0,0.0,299.0,301.0,22980.0,8274.0,1760548.0,13.052754028859196,4.69967305634382,Southeast
"Jacksonville, FL",2022-12-01,1616.0,1046.0,24.0,24.0,522.0,570.0,22985.0,8764.0,1760548.0,13.055594053669653,4.977995487768581,Southeast
"Jacksonville, FL",2023-01-01,1179.0,829.0,20.0,0.0,330.0,350.0,21173.0,7495.0,1760548.0,12.02636906236013,4.25719719087466,Southeast
"Jacksonville, FL",2023-02-01,2231.0,727.0,102.0,40.0,1362.0,1504.0,21236.0,8223.0,1760548.0,12.062153374971885,4.670704803277161,Southeast
"Jacksonville, FL",2023-03-01,2274.0,955.0,6.0,0.0,1313.0,1319.0,21423.0,8972.0,1760548.0,12.168370302882966,5.096140519883582,Southeast
"Jacksonville, FL",2023-04-01,1111.0,947.0,116.0,48.0,0.0,164.0,21064.0,8947.0,1760548.0,11.964456521492172,5.081940395831299,Southeast
"Jacksonville, FL",2023-05-01,2028.0,1236.0,10.0,0.0,782.0,792.0,20849.0,8733.0,1760548.0,11.84233545464253,4.96038733394375,Southeast
"Jacksonville, FL",2023-06-01,1985.0,1241.0,14.0,0.0,730.0,744.0,20168.0,8059.0,1760548.0,11.455524075458323,4.5775519894941805,Southeast
"Jacksonville, FL",2023-07-01,1784.0,1007.0,4.0,0.0,773.0,777.0,20778.0,8642.0,1760548.0,11.802007102334045,4.908698882393437,Southeast
"Jacksonville, FL",2023-08-01,1759.0,1405.0,2.0,0.0,352.0,354.0,21000.0,8635.0,1760548.0,11.928104203918325,4.904722847658798,Southeast
"Jacksonville, FL",2023-09-01,1998.0,1286.0,8.0,8.0,696.0,712.0,20820.0,8210.0,1760548.0,11.825863310741882,4.663320738769975,Southeast
"Jacksonville, FL",2023-10-01,1248.0,1111.0,14.0,3.0,120.0,137.0,20289.0,7724.0,1760548.0,11.524252675871377,4.387270327193578,Southeast
"Jacksonville, FL",2023-11-01,1098.0,778.0,0.0,0.0,320.0,320.0,20311.0,7743.0,1760548.0,11.536748785037386,4.398062421473314,Southeast
"Jacksonville, FL",2023-12-01,1480.0,802.0,6.0,36.0,636.0,678.0,20175.0,7851.0,1760548.0,11.459500110192963,4.459406957379179,Southeast
"Jacksonville, FL",2024-01-01,1257.0,1253.0,4.0,0.0,0.0,4.0,20253.0,7505.0,1760548.0,11.50380449723609,4.262877240495573,Southeast
"Jacksonville, FL",2024-02-01,1109.0,993.0,0.0,0.0,116.0,116.0,19131.0,6117.0,1760548.0,10.866502929769595,3.474486353112781,Southeast
"Jacksonville, FL",2024-03-01,1369.0,1154.0,10.0,36.0,169.0,215.0,18226.0,5013.0,1760548.0,10.352458439076925,2.8474088749639317,Southeast
"Jacksonville, FL",2024-04-01,1908.0,1337.0,78.0,40.0,453.0,571.0,19023.0,5420.0,1760548.0,10.805158393863728,3.078586894535111,Southeast
"Jacksonville, FL",2024-05-01,1470.0,1410.0,12.0,48.0,0.0,60.0,18465.0,4688.0,1760548.0,10.488211625016756,2.6628072622842436,Southeast
"Jacksonville, FL",2024-06-01,1222.0,1178.0,0.0,44.0,0.0,44.0,17702.0,3988.0,1760548.0,10.054823838941056,2.265203788820299,Southeast
"Jacksonville, FL",2024-07-01,1464.0,1028.0,6.0,4.0,426.0,436.0,17382.0,3647.0,1760548.0,9.873062251071826,2.0715140967471495,Southeast
"Jacksonville, FL",2024-08-01,1192.0,1077.0,4.0,3.0,108.0,115.0,16815.0,3408.0,1760548.0,9.551003437566031,1.9357609108073168,Southeast
"Jacksonville, FL",2024-09-01,1073.0,799.0,2.0,12.0,260.0,274.0,15890.0,2970.0,1760548.0,9.025598847631533,1.686974737411306,Southeast
"Jacksonville, FL",2024-10-01,1437.0,1218.0,0.0,0.0,219.0,219.0,16079.0,3052.0,1760548.0,9.132951785466798,1.7335511443027964,Southeast
"Jacksonville, FL",2024-11-01,785.0,781.0,4.0,0.0,0.0,4.0,15766.0,2736.0,1760548.0,8.955166232332205,1.5540615762819303,Southeast
"Jacksonville, FL",2024-12-01,1064.0,1030.0,2.0,8.0,24.0,34.0,15350.0,2092.0,1760548.0,8.718876168102204,1.188266380695102,Southeast
"Jacksonville, FL",2025-01-01,1065.0,1002.0,32.0,0.0,31.0,63.0,15158.0,2151.0,1760548.0,8.609819215380666,1.2217786734584914,Southeast
"Jacksonville, FL",2025-02-01,910.0,706.0,0.0,0.0,204.0,204.0,14959.0,2239.0,1760548.0,8.496786227924488,1.27176311012253,Southeast
"Jacksonville, FL",2025-03-01,1552.0,724.0,2.0,0.0,826.0,828.0,15142.0,2852.0,1760548.0,8.600731135987205,1.619950151884527,Southeast
"Jacksonville, FL",2025-04-01,1070.0,846.0,0.0,0.0,224.0,224.0,14304.0,2505.0,1760548.0,8.124742977754654,1.4228524300388288,Southeast
"Jacksonville, FL",2025-05-01,1194.0,918.0,0.0,0.0,276.0,276.0,14028.0,2721.0,1760548.0,7.9679736082174415,1.54554150185056,Southeast
"Jacksonville, FL",2025-06-01,1076.0,753.0,0.0,19.0,304.0,323.0,13882.0,3000.0,1760548.0,7.885044883752105,1.7040148862740465,Southeast
"Jacksonville, FL",2025-07-01,1357.0,841.0,138.0,12.0,366.0,516.0,13775.0,3080.0,1760548.0,7.82426835280833,1.7494552832413544,Southeast
"Jacksonville, FL",2025-08-01,1343.0,850.0,6.0,0.0,487.0,493.0,13926.0,3458.0,1760548.0,7.910037102084124,1.9641611589118844,Southeast
"Jacksonville, FL",2025-09-01,1140.0,834.0,8.0,8.0,290.0,306.0,13993.0,3490.0,1760548.0,7.948093434544244,1.9823373176988077,Southeast
"Jacksonville, FL",2025-10-01,1124.0,733.0,6.0,0.0,385.0,391.0,13680.0,3662.0,1760548.0,7.770307881409652,2.0800341711785193,Southeast
"Jacksonville, FL",2025-11-01,613.0,609.0,4.0,0.0,0.0,4.0,13508.0,3662.0,1760548.0,7.67261102792994,2.0800341711785193,Southeast
"Jacksonville, FL",2025-12-01,701.0,691.0,10.0,0.0,0.0,10.0,13145.0,3638.0,1760548.0,7.46642522669078,2.066402052088327,Southeast
"Jacksonville, FL",2026-01-01,647.0,643.0,4.0,0.0,0.0,4.0,12727.0,3579.0,1760548.0,7.228999152536597,2.0328897593249375,Southeast
"Jacksonville, FL",2026-02-01,736.0,732.0,4.0,0.0,0.0,4.0,12553.0,3379.0,1760548.0,7.130166289132702,1.9192887669066676,Southeast
"Jacksonville, FL",2026-03-01,940.0,788.0,4.0,4.0,144.0,152.0,11941.0,2703.0,1760548.0,6.782547252332796,1.5353174125329159,Southeast
"Jacksonville, FL",2026-04-01,1432.0,867.0,22.0,0.0,543.0,565.0,12303.0,3044.0,1760548.0,6.988165048609865,1.7290071046060658,Southeast
"Jacksonville, FL",2026-05-01,869.0,845.0,6.0,0.0,18.0,24.0,11978.0,2792.0,1760548.0,6.803563435930176,1.585869854159046,Southeast
"Kansas City, MO",2020-07-01,2014.0,595.0,88.0,20.0,1311.0,1419.0,2014.0,1419.0,2253579.0,0.8936895489352714,0.6296650794136792,Midwest
"Kansas City, MO",2020-08-01,1017.0,551.0,10.0,15.0,441.0,466.0,3031.0,1885.0,2253579.0,1.3449717094452867,0.8364472689885734,Midwest
"Kansas City, MO",2020-09-01,1228.0,716.0,24.0,20.0,468.0,512.0,4259.0,2397.0,2253579.0,1.889882715449514,1.063641434358414,Midwest
"Kansas City, MO",2020-10-01,752.0,630.0,32.0,40.0,50.0,122.0,5011.0,2519.0,2253579.0,2.2235741458364675,1.1177775440754463,Midwest
"Kansas City, MO",2020-11-01,643.0,552.0,12.0,23.0,56.0,91.0,5654.0,2610.0,2253579.0,2.5088980683614817,1.1581577570611015,Midwest
"Kansas City, MO",2020-12-01,871.0,576.0,10.0,4.0,281.0,295.0,6525.0,2905.0,2253579.0,2.8953943926527534,1.2890606453113025,Midwest
"Kansas City, MO",2021-01-01,618.0,442.0,10.0,0.0,166.0,176.0,7143.0,3081.0,2253579.0,3.169624850071819,1.3671586396571853,Midwest
"Kansas City, MO",2021-02-01,1012.0,512.0,38.0,8.0,454.0,500.0,8155.0,3581.0,2253579.0,3.6186883175606446,1.5890279417761703,Midwest
"Kansas City, MO",2021-03-01,1231.0,732.0,24.0,28.0,447.0,499.0,9386.0,4080.0,2253579.0,4.164930539377586,1.8104535052909172,Midwest
"Kansas City, MO",2021-04-01,1012.0,733.0,24.0,14.0,241.0,279.0,10398.0,4359.0,2253579.0,4.6139940068664105,1.934256575873311,Midwest
"Kansas City, MO",2021-05-01,999.0,663.0,32.0,16.0,288.0,336.0,11397.0,4695.0,2253579.0,5.057288872500143,2.0833527468972686,Midwest
"Kansas City, MO",2021-06-01,691.0,611.0,24.0,11.0,45.0,80.0,12088.0,4775.0,2253579.0,5.363912248028581,2.1188518352363066,Midwest
"Kansas City, MO",2021-07-01,654.0,486.0,40.0,31.0,97.0,168.0,10728.0,3524.0,2253579.0,4.760427746264941,1.563734841334606,Midwest
"Kansas City, MO",2021-08-01,727.0,516.0,4.0,0.0,207.0,211.0,10438.0,3269.0,2253579.0,4.63174355103593,1.4505814972539237,Midwest
"Kansas City, MO",2021-09-01,1245.0,471.0,52.0,34.0,688.0,774.0,10455.0,3531.0,2253579.0,4.639287107307975,1.5668410115642717,Midwest
"Kansas City, MO",2021-10-01,848.0,607.0,30.0,152.0,59.0,241.0,10551.0,3650.0,2253579.0,4.68188601331482,1.61964590546859,Midwest
"Kansas City, MO",2021-11-01,983.0,541.0,26.0,58.0,358.0,442.0,10891.0,4001.0,2253579.0,4.83275713875573,1.7753981555561176,Midwest
"Kansas City, MO",2021-12-01,1010.0,656.0,34.0,35.0,285.0,354.0,11030.0,4060.0,2253579.0,4.894436804744808,1.8015787332061577,Midwest
"Kansas City, MO",2022-01-01,1433.0,485.0,10.0,34.0,904.0,948.0,11845.0,4832.0,2253579.0,5.256083767198753,2.1441449356778706,Midwest
"Kansas City, MO",2022-02-01,812.0,456.0,8.0,7.0,341.0,356.0,11645.0,4688.0,2253579.0,5.16733604635116,2.080246576667603,Midwest
"Kansas City, MO",2022-03-01,920.0,523.0,16.0,9.0,372.0,397.0,11334.0,4586.0,2253579.0,5.029333340433151,2.03498523903533,Midwest
"Kansas City, MO",2022-04-01,1162.0,548.0,22.0,4.0,588.0,614.0,11484.0,4921.0,2253579.0,5.095894131068847,2.18363767145505,Midwest
"Kansas City, MO",2022-05-01,681.0,593.0,12.0,7.0,69.0,88.0,11166.0,4673.0,2253579.0,4.954785254921172,2.0735904976040334,Midwest
"Kansas City, MO",2022-06-01,989.0,504.0,52.0,87.0,346.0,485.0,11464.0,5078.0,2253579.0,5.0870193589840875,2.253304632320411,Midwest
"Kansas City, MO",2022-07-01,1141.0,503.0,58.0,14.0,566.0,638.0,11951.0,5548.0,2253579.0,5.303120059247979,2.461861776312257,Midwest
"Kansas City, MO",2022-08-01,1149.0,511.0,12.0,56.0,570.0,638.0,12373.0,5975.0,2253579.0,5.4903777502364015,2.6513381603218704,Midwest
"Kansas City, MO",2022-09-01,1012.0,344.0,18.0,47.0,603.0,668.0,12140.0,5869.0,2253579.0,5.386986655448955,2.6043018682726453,Midwest
"Kansas City, MO",2022-10-01,699.0,317.0,52.0,7.0,323.0,382.0,11991.0,6010.0,2253579.0,5.320869603417497,2.666869011470199,Midwest
"Kansas City, MO",2022-11-01,538.0,331.0,20.0,12.0,175.0,207.0,11546.0,5775.0,2253579.0,5.123405924531601,2.5625904394742762,Midwest
"Kansas City, MO",2022-12-01,531.0,260.0,10.0,0.0,261.0,271.0,11067.0,5692.0,2253579.0,4.910855133101613,2.5257601353225247,Midwest
"Kansas City, MO",2023-01-01,265.0,215.0,8.0,4.0,38.0,50.0,9899.0,4794.0,2253579.0,4.392568443351664,2.127282868716828,Midwest
"Kansas City, MO",2023-02-01,238.0,205.0,6.0,0.0,27.0,33.0,9325.0,4471.0,2253579.0,4.1378624845190695,1.9839552995479637,Midwest
"Kansas City, MO",2023-03-01,451.0,356.0,56.0,10.0,29.0,95.0,8856.0,4169.0,2253579.0,3.9297490791314615,1.8499462410680965,Midwest
"Kansas City, MO",2023-04-01,583.0,451.0,20.0,15.0,97.0,132.0,8277.0,3687.0,2253579.0,3.672824427277677,1.636064233825395,Midwest
"Kansas City, MO",2023-05-01,938.0,404.0,70.0,4.0,460.0,534.0,8534.0,4133.0,2253579.0,3.7868652485668353,1.8339716513155297,Midwest
"Kansas City, MO",2023-06-01,874.0,467.0,10.0,32.0,365.0,407.0,8419.0,4055.0,2253579.0,3.735835309079469,1.799360040184968,Midwest
"Kansas City, MO",2023-07-01,633.0,416.0,32.0,16.0,169.0,217.0,7911.0,3634.0,2253579.0,3.51041609812658,1.6125460878007825,Midwest
"Kansas City, MO",2023-08-01,1073.0,466.0,18.0,48.0,541.0,607.0,7835.0,3603.0,2253579.0,3.4766919642044942,1.5987901910694056,Midwest
"Kansas City, MO",2023-09-01,440.0,367.0,6.0,8.0,59.0,73.0,7263.0,3008.0,2253579.0,3.2228734825803755,1.3347657215478137,Midwest
"Kansas City, MO",2023-10-01,373.0,357.0,6.0,10.0,0.0,16.0,6937.0,2642.0,2253579.0,3.0782146975987974,1.1723573923967163,Midwest
"Kansas City, MO",2023-11-01,959.0,374.0,16.0,23.0,546.0,585.0,7358.0,3020.0,2253579.0,3.2650286499829826,1.340090584798669,Midwest
"Kansas City, MO",2023-12-01,796.0,271.0,18.0,34.0,473.0,525.0,7623.0,3274.0,2253579.0,3.3826193801060445,1.4528001902751135,Midwest
"Kansas City, MO",2024-01-01,771.0,252.0,28.0,89.0,402.0,519.0,8129.0,3743.0,2253579.0,3.6071511138504575,1.6609135956627215,Midwest
"Kansas City, MO",2024-02-01,862.0,352.0,12.0,168.0,330.0,510.0,8753.0,4220.0,2253579.0,3.8840440028949503,1.872576909884233,Midwest
"Kansas City, MO",2024-03-01,778.0,406.0,36.0,38.0,298.0,372.0,9080.0,4497.0,2253579.0,4.029146526480767,1.9954925032581505,Midwest
"Kansas City, MO",2024-04-01,724.0,385.0,28.0,46.0,265.0,339.0,9221.0,4704.0,2253579.0,4.091713669678321,2.0873463943354107,Midwest
"Kansas City, MO",2024-05-01,485.0,404.0,8.0,8.0,65.0,81.0,8768.0,4251.0,2253579.0,3.8907000819585202,1.8863328066156102,Midwest
"Kansas City, MO",2024-06-01,1128.0,396.0,20.0,44.0,668.0,732.0,9022.0,4576.0,2253579.0,4.0034096874349645,2.0305478529929504,Midwest
"Kansas City, MO",2024-07-01,492.0,391.0,18.0,52.0,31.0,101.0,8881.0,4460.0,2253579.0,3.940842544237411,1.9790741749013459,Midwest
"Kansas City, MO",2024-08-01,1335.0,447.0,10.0,31.0,847.0,888.0,9143.0,4741.0,2253579.0,4.057102058547758,2.1037647226922154,Midwest
"Kansas City, MO",2024-09-01,492.0,410.0,10.0,34.0,38.0,82.0,9195.0,4750.0,2253579.0,4.080176465968133,2.1077583701303575,Midwest
"Kansas City, MO",2024-10-01,1289.0,513.0,14.0,30.0,732.0,776.0,10111.0,5510.0,2253579.0,4.486641027450114,2.4449997093512144,Midwest
"Kansas City, MO",2024-11-01,479.0,384.0,14.0,7.0,74.0,95.0,9631.0,5020.0,2253579.0,4.273646497415887,2.2275677932746087,Midwest
"Kansas City, MO",2024-12-01,628.0,395.0,12.0,27.0,194.0,233.0,9463.0,4728.0,2253579.0,4.199098411903909,2.097996120837122,Midwest
"Kansas City, MO",2025-01-01,740.0,261.0,6.0,0.0,473.0,479.0,9432.0,4688.0,2253579.0,4.1853425151725325,2.080246576667603,Midwest
"Kansas City, MO",2025-02-01,676.0,352.0,4.0,4.0,316.0,324.0,9246.0,4502.0,2253579.0,4.102807134784269,1.9977111962793406,Midwest
"Kansas City, MO",2025-03-01,547.0,431.0,10.0,0.0,106.0,116.0,9015.0,4246.0,2253579.0,4.000303517205299,1.8841141135944202,Midwest
"Kansas City, MO",2025-04-01,705.0,491.0,26.0,3.0,185.0,214.0,8996.0,4121.0,2253579.0,3.991872483724778,1.828646788064674,Midwest
"Kansas City, MO",2025-05-01,625.0,501.0,8.0,36.0,80.0,124.0,9136.0,4164.0,2253579.0,4.053995888318093,1.8477275480469066,Midwest
"Kansas City, MO",2025-06-01,1615.0,465.0,8.0,47.0,1095.0,1150.0,9623.0,4582.0,2253579.0,4.270096588581985,2.033210284618378,Midwest
"Kansas City, MO",2025-07-01,701.0,481.0,16.0,0.0,204.0,220.0,9832.0,4701.0,2253579.0,4.36283795686772,2.086015178522697,Midwest
"Kansas City, MO",2025-08-01,943.0,429.0,4.0,18.0,492.0,514.0,9440.0,4327.0,2253579.0,4.188892424006436,1.9200569405376957,Midwest
"Kansas City, MO",2025-09-01,511.0,453.0,22.0,7.0,29.0,58.0,9459.0,4303.0,2253579.0,4.197323457486958,1.9094072140359846,Midwest
"Kansas City, MO",2025-10-01,727.0,554.0,12.0,0.0,161.0,173.0,8897.0,3700.0,2253579.0,3.947942361905218,1.6418328356804888,Midwest
"Kansas City, MO",2025-11-01,786.0,349.0,0.0,3.0,434.0,437.0,9204.0,4042.0,2253579.0,4.084170113406276,1.7935914383298743,Midwest
"Kansas City, MO",2025-12-01,763.0,361.0,4.0,23.0,375.0,402.0,9339.0,4211.0,2253579.0,4.144074824978401,1.8685832624460914,Midwest
"Kansas City, MO",2026-01-01,398.0,300.0,2.0,24.0,72.0,98.0,8997.0,3830.0,2253579.0,3.9923162223290154,1.6995188542314248,Midwest
"Kansas City, MO",2026-02-01,1421.0,438.0,0.0,3.0,980.0,983.0,9742.0,4489.0,2253579.0,4.322901482486303,1.9919425944242468,Midwest
"Kansas City, MO",2026-03-01,821.0,508.0,16.0,0.0,297.0,313.0,10016.0,4686.0,2253579.0,4.444485860047507,2.079359099459127,Midwest
"Kansas City, MO",2026-04-01,986.0,583.0,22.0,21.0,360.0,403.0,10297.0,4875.0,2253579.0,4.569176407838376,2.1632256956601035,Midwest
"Kansas City, MO",2026-05-01,1042.0,477.0,50.0,38.0,477.0,565.0,10714.0,5316.0,2253579.0,4.75421540580561,2.358914420129048,Midwest
"Las Vegas, NV",2020-07-01,1384.0,1124.0,166.0,58.0,36.0,260.0,1384.0,260.0,2398871.0,0.5769380679494646,0.10838431912345434,West
"Las Vegas, NV",2020-08-01,1058.0,854.0,82.0,44.0,78.0,204.0,2442.0,464.0,2398871.0,1.0179788742287519,0.19342432335878004,West
"Las Vegas, NV",2020-09-01,1548.0,1028.0,68.0,16.0,436.0,520.0,3990.0,984.0,2398871.0,1.6632824357791645,0.4101929616056887,West
"Las Vegas, NV",2020-10-01,979.0,735.0,0.0,55.0,189.0,244.0,4969.0,1228.0,2398871.0,2.071391083555556,0.5119074764753919,West
"Las Vegas, NV",2020-11-01,1467.0,779.0,10.0,98.0,580.0,688.0,6436.0,1916.0,2398871.0,2.6829287610713544,0.7987090593866866,West
"Las Vegas, NV",2020-12-01,1555.0,1255.0,44.0,27.0,229.0,300.0,7991.0,2216.0,2398871.0,3.331150361982783,0.9237678891445184,West
"Las Vegas, NV",2021-01-01,1529.0,1050.0,10.0,107.0,362.0,479.0,9520.0,2695.0,2398871.0,3.968533530981866,1.12344515399119,West
"Las Vegas, NV",2021-02-01,1605.0,998.0,0.0,33.0,574.0,607.0,11125.0,3302.0,2398871.0,4.637598270186267,1.3764808528678698,West
"Las Vegas, NV",2021-03-01,1499.0,993.0,20.0,60.0,426.0,506.0,12624.0,3808.0,2398871.0,5.2624755562095675,1.5874134123927464,West
"Las Vegas, NV",2021-04-01,1359.0,936.0,6.0,31.0,386.0,423.0,13983.0,4231.0,2398871.0,5.828992055012546,1.7637463623512895,West
"Las Vegas, NV",2021-05-01,1168.0,1008.0,66.0,53.0,41.0,160.0,15151.0,4391.0,2398871.0,6.315887765536371,1.8304444048887998,West
"Las Vegas, NV",2021-06-01,1203.0,1073.0,64.0,51.0,15.0,130.0,16354.0,4521.0,2398871.0,6.817373672865277,1.884636564450527,West
"Las Vegas, NV",2021-07-01,1171.0,721.0,0.0,123.0,327.0,450.0,16141.0,4711.0,2398871.0,6.728581903737216,1.9638404899638204,West
"Las Vegas, NV",2021-08-01,1588.0,1280.0,8.0,14.0,286.0,308.0,16671.0,4815.0,2398871.0,6.94951916964272,2.0071942176132023,West
"Las Vegas, NV",2021-09-01,1125.0,948.0,18.0,54.0,105.0,177.0,16248.0,4472.0,2398871.0,6.773186219684177,1.8642102889234142,West
"Las Vegas, NV",2021-10-01,1252.0,932.0,0.0,64.0,256.0,320.0,16521.0,4548.0,2398871.0,6.886989754763803,1.8958918591287317,West
"Las Vegas, NV",2021-11-01,1732.0,1009.0,48.0,36.0,639.0,723.0,16786.0,4583.0,2398871.0,6.997458387716555,1.9104820559338123,West
"Las Vegas, NV",2021-12-01,1211.0,1131.0,10.0,40.0,30.0,80.0,16442.0,4363.0,2398871.0,6.854057596260908,1.8187722474447354,West
"Las Vegas, NV",2022-01-01,2125.0,1087.0,0.0,52.0,986.0,1038.0,17038.0,4922.0,2398871.0,7.102507804713134,2.051798533560162,West
"Las Vegas, NV",2022-02-01,1285.0,1240.0,4.0,23.0,18.0,45.0,16718.0,4360.0,2398871.0,6.969111719638113,1.817521659147157,West
"Las Vegas, NV",2022-03-01,1486.0,1231.0,4.0,36.0,215.0,255.0,16705.0,4109.0,2398871.0,6.963692503681941,1.7128891049164376,West
"Las Vegas, NV",2022-04-01,1597.0,1085.0,24.0,12.0,476.0,512.0,16943.0,4198.0,2398871.0,7.0629058419564865,1.749989891077928,West
"Las Vegas, NV",2022-05-01,959.0,928.0,0.0,7.0,24.0,31.0,16734.0,4069.0,2398871.0,6.975781523891865,1.6962145942820601,West
"Las Vegas, NV",2022-06-01,1301.0,765.0,8.0,0.0,528.0,536.0,16832.0,4475.0,2398871.0,7.016634074946089,1.8654608772209926,West
"Las Vegas, NV",2022-07-01,697.0,423.0,34.0,0.0,240.0,274.0,16358.0,4299.0,2398871.0,6.819041123928715,1.7920930304297313,West
"Las Vegas, NV",2022-08-01,659.0,623.0,0.0,8.0,28.0,36.0,15429.0,4027.0,2398871.0,6.4317756144452956,1.6787063581159636,West
"Las Vegas, NV",2022-09-01,935.0,559.0,14.0,20.0,342.0,376.0,15239.0,4226.0,2398871.0,6.352571688932002,1.7616620485219923,West
"Las Vegas, NV",2022-10-01,764.0,478.0,0.0,12.0,274.0,286.0,14751.0,4192.0,2398871.0,6.149142659192595,1.7474887144827713,West
"Las Vegas, NV",2022-11-01,826.0,426.0,16.0,4.0,380.0,400.0,13845.0,3869.0,2398871.0,5.771464993323943,1.6128420411101723,West
"Las Vegas, NV",2022-12-01,447.0,369.0,0.0,8.0,70.0,78.0,13081.0,3867.0,2398871.0,5.452981840207331,1.6120083155784535,West
"Las Vegas, NV",2023-01-01,1147.0,455.0,6.0,0.0,686.0,692.0,12103.0,3521.0,2398871.0,5.045290055196799,1.4677737985910873,West
"Las Vegas, NV",2023-02-01,537.0,532.0,2.0,3.0,0.0,5.0,11355.0,3481.0,2398871.0,4.733476706333938,1.4510992879567097,West
"Las Vegas, NV",2023-03-01,1303.0,1237.0,0.0,66.0,0.0,66.0,11172.0,3292.0,2398871.0,4.65719082018166,1.3723122252092756,West
"Las Vegas, NV",2023-04-01,807.0,761.0,2.0,12.0,32.0,46.0,10382.0,2826.0,2398871.0,4.327869235152702,1.1780541763187766,West
"Las Vegas, NV",2023-05-01,1723.0,1057.0,24.0,12.0,630.0,666.0,11146.0,3461.0,2398871.0,4.646352388269316,1.442762032639521,West
"Las Vegas, NV",2023-06-01,1026.0,990.0,0.0,18.0,18.0,36.0,10871.0,2961.0,2398871.0,4.531715127657969,1.234330649709801,West
"Las Vegas, NV",2023-07-01,1331.0,987.0,4.0,25.0,315.0,344.0,11505.0,3031.0,2398871.0,4.796006121212854,1.2635110433199617,West
"Las Vegas, NV",2023-08-01,794.0,744.0,2.0,48.0,0.0,50.0,11640.0,3045.0,2398871.0,4.852282594603879,1.269347122041994,West
"Las Vegas, NV",2023-09-01,956.0,902.0,0.0,14.0,40.0,54.0,11661.0,2723.0,2398871.0,4.861036712686927,1.1351173114352542,West
"Las Vegas, NV",2023-10-01,1235.0,597.0,0.0,6.0,632.0,638.0,12132.0,3075.0,2398871.0,5.057379075406723,1.2818530050177772,West
"Las Vegas, NV",2023-11-01,936.0,884.0,0.0,6.0,46.0,52.0,12242.0,2727.0,2398871.0,5.103233979651261,1.136784762498692,West
"Las Vegas, NV",2023-12-01,1283.0,946.0,0.0,0.0,337.0,337.0,13078.0,2986.0,2398871.0,5.451731251909752,1.244752218856287,West
"Las Vegas, NV",2024-01-01,1135.0,1105.0,0.0,6.0,24.0,30.0,13066.0,2324.0,2398871.0,5.4467288987194395,0.9687890678573379,West
"Las Vegas, NV",2024-02-01,1361.0,908.0,0.0,6.0,447.0,453.0,13890.0,2772.0,2398871.0,5.790223817787617,1.155543586962367,West
"Las Vegas, NV",2024-03-01,1185.0,1133.0,0.0,22.0,30.0,52.0,13772.0,2758.0,2398871.0,5.741034011416204,1.1497075082403347,West
"Las Vegas, NV",2024-04-01,1136.0,1034.0,2.0,0.0,100.0,102.0,14101.0,2814.0,2398871.0,5.878181861383959,1.1730518231284635,West
"Las Vegas, NV",2024-05-01,1354.0,1050.0,6.0,16.0,282.0,304.0,13732.0,2452.0,2398871.0,5.7243595007818255,1.022147501887346,West
"Las Vegas, NV",2024-06-01,1401.0,964.0,2.0,12.0,423.0,437.0,14107.0,2853.0,2398871.0,5.880683037979116,1.1893094709969816,West
"Las Vegas, NV",2024-07-01,1246.0,1216.0,16.0,6.0,8.0,30.0,14022.0,2539.0,2398871.0,5.8452497028810635,1.0584145625171175,West
"Las Vegas, NV",2024-08-01,1113.0,863.0,6.0,4.0,240.0,250.0,14341.0,2739.0,2398871.0,5.978228925190225,1.1417871156890054,West
"Las Vegas, NV",2024-09-01,755.0,735.0,0.0,8.0,12.0,20.0,14140.0,2705.0,2398871.0,5.894439509252478,1.1276137816497844,West
"Las Vegas, NV",2024-10-01,712.0,666.0,0.0,26.0,20.0,46.0,13617.0,2113.0,2398871.0,5.676420282707991,0.8808310242609961,West
"Las Vegas, NV",2024-11-01,1188.0,821.0,22.0,8.0,337.0,367.0,13869.0,2428.0,2398871.0,5.781469699704569,1.0121427955067197,West
"Las Vegas, NV",2024-12-01,764.0,724.0,8.0,8.0,24.0,40.0,13350.0,2131.0,2398871.0,5.565117924223521,0.888334554046466,West
"Las Vegas, NV",2025-01-01,1292.0,987.0,0.0,16.0,289.0,305.0,13507.0,2406.0,2398871.0,5.630565378463452,1.002971814657812,West
"Las Vegas, NV",2025-02-01,989.0,855.0,0.0,30.0,104.0,134.0,13135.0,2087.0,2398871.0,5.475492429563741,0.8699925923486507,West
"Las Vegas, NV",2025-03-01,1365.0,949.0,0.0,57.0,359.0,416.0,13315.0,2451.0,2398871.0,5.55052772741844,1.0217306391214867,West
"Las Vegas, NV",2025-04-01,1914.0,1002.0,246.0,7.0,659.0,912.0,14093.0,3261.0,2398871.0,5.874846959257084,1.3593894794676329,West
"Las Vegas, NV",2025-05-01,1308.0,1041.0,0.0,0.0,267.0,267.0,14047.0,3224.0,2398871.0,5.85567127202755,1.3439655571308335,West
"Las Vegas, NV",2025-06-01,559.0,559.0,0.0,0.0,0.0,0.0,13205.0,2787.0,2398871.0,5.504672823173902,1.1617965284502585,West
"Las Vegas, NV",2025-07-01,847.0,805.0,0.0,4.0,38.0,42.0,12806.0,2799.0,2398871.0,5.338344579595985,1.1667988816405717,West
"Las Vegas, NV",2025-08-01,606.0,594.0,0.0,0.0,12.0,12.0,12299.0,2561.0,2398871.0,5.126995157305249,1.067585543366025,West
"Las Vegas, NV",2025-09-01,894.0,550.0,8.0,0.0,336.0,344.0,12438.0,2885.0,2398871.0,5.184939081759711,1.2026490795044835,West
"Las Vegas, NV",2025-10-01,1886.0,615.0,0.0,15.0,1256.0,1271.0,13612.0,4110.0,2398871.0,5.674335968878693,1.7133059676822973,West
"Las Vegas, NV",2025-11-01,842.0,496.0,0.0,4.0,342.0,346.0,13266.0,4089.0,2398871.0,5.530101451891327,1.7045518495992489,West
"Las Vegas, NV",2025-12-01,1027.0,957.0,0.0,28.0,42.0,70.0,13529.0,4119.0,2398871.0,5.6397363593123595,1.7170577325750322,West
"Las Vegas, NV",2026-01-01,1056.0,523.0,10.0,0.0,523.0,533.0,13293.0,4347.0,2398871.0,5.541356746569532,1.8121024431909845,West
"Las Vegas, NV",2026-02-01,762.0,762.0,0.0,0.0,0.0,0.0,13066.0,4213.0,2398871.0,5.4467288987194395,1.7562428325658195,West
"Las Vegas, NV",2026-03-01,884.0,884.0,0.0,0.0,0.0,0.0,12585.0,3797.0,2398871.0,5.246217908341049,1.5828279219682926,West
"Las Vegas, NV",2026-04-01,600.0,598.0,2.0,0.0,0.0,2.0,11271.0,2887.0,2398871.0,4.698460234001745,1.2034828050362025,West
"Las Vegas, NV",2026-05-01,606.0,602.0,4.0,0.0,0.0,4.0,10569.0,2624.0,2398871.0,4.405822572368418,1.0938478976151698,West
"Los Angeles, CA",2020-07-01,2715.0,815.0,134.0,38.0,1728.0,1900.0,2715.0,1900.0,12927614.0,0.21001555275397302,0.14697221003040467,West
"Los Angeles, CA",2020-08-01,1756.0,860.0,128.0,35.0,733.0,896.0,4471.0,2796.0,12927614.0,0.34584881633996806,0.2162812101289534,West
"Los Angeles, CA",2020-09-01,2074.0,892.0,124.0,25.0,1033.0,1182.0,6545.0,3978.0,12927614.0,0.5062805866573676,0.3077133955268157,West
"Los Angeles, CA",2020-10-01,1892.0,1011.0,128.0,69.0,684.0,881.0,8437.0,4859.0,12927614.0,0.6526339663297497,0.3758620887040718,West
"Los Angeles, CA",2020-11-01,2062.0,834.0,102.0,23.0,1103.0,1228.0,10499.0,6087.0,12927614.0,0.8121374911101151,0.4708525486605649,West
"Los Angeles, CA",2020-12-01,3684.0,931.0,96.0,45.0,2612.0,2753.0,14183.0,8840.0,12927614.0,1.0971088709795944,0.683807545615146,West
"Los Angeles, CA",2021-01-01,3139.0,695.0,136.0,48.0,2260.0,2444.0,17322.0,11284.0,12927614.0,1.3399224327087738,0.8728602199910981,West
"Los Angeles, CA",2021-02-01,2182.0,741.0,108.0,31.0,1302.0,1441.0,19504.0,12725.0,12927614.0,1.5087084128594803,0.9843270382299472,West
"Los Angeles, CA",2021-03-01,4126.0,1264.0,120.0,38.0,2704.0,2862.0,23630.0,15587.0,12927614.0,1.827870170009717,1.2057135988125882,West
"Los Angeles, CA",2021-04-01,2227.0,970.0,118.0,46.0,1093.0,1257.0,25857.0,16844.0,12927614.0,2.000137070924302,1.3029473188169138,West
"Los Angeles, CA",2021-05-01,2224.0,911.0,92.0,51.0,1170.0,1313.0,28081.0,18157.0,12927614.0,2.1721719104546287,1.4045128513273988,West
"Los Angeles, CA",2021-06-01,1934.0,934.0,116.0,19.0,865.0,1000.0,30015.0,19157.0,12927614.0,2.3217741495066297,1.4818666460802434,West
"Los Angeles, CA",2021-07-01,3222.0,895.0,98.0,63.0,2166.0,2327.0,30522.0,19584.0,12927614.0,2.360992523446322,1.514896716439708,West
"Los Angeles, CA",2021-08-01,2430.0,954.0,82.0,51.0,1343.0,1476.0,31196.0,20164.0,12927614.0,2.413128981109739,1.559761917396358,West
"Los Angeles, CA",2021-09-01,2430.0,947.0,90.0,57.0,1336.0,1483.0,31552.0,20465.0,12927614.0,2.4406669320417516,1.5830454096169642,West
"Los Angeles, CA",2021-10-01,2744.0,1067.0,94.0,54.0,1529.0,1677.0,32404.0,21261.0,12927614.0,2.5065723651711753,1.6446190302402284,West
"Los Angeles, CA",2021-11-01,2083.0,762.0,144.0,50.0,1127.0,1321.0,32425.0,21354.0,12927614.0,2.508196794860985,1.6518129331522429,West
"Los Angeles, CA",2021-12-01,2474.0,785.0,102.0,37.0,1550.0,1689.0,31215.0,20290.0,12927614.0,2.4145987032100433,1.5695084955352163,West
"Los Angeles, CA",2022-01-01,1820.0,898.0,146.0,25.0,751.0,922.0,29896.0,18768.0,12927614.0,2.3125690479310412,1.451776019921387,West
"Los Angeles, CA",2022-02-01,2824.0,889.0,110.0,25.0,1800.0,1935.0,30538.0,19262.0,12927614.0,2.3622301841623674,1.489988794529292,West
"Los Angeles, CA",2022-03-01,2104.0,1167.0,132.0,69.0,736.0,937.0,28516.0,17337.0,12927614.0,2.205820811172116,1.3410827396300664,West
"Los Angeles, CA",2022-04-01,2961.0,974.0,168.0,37.0,1782.0,1987.0,29250.0,18067.0,12927614.0,2.2625984965207038,1.3975510097996429,West
"Los Angeles, CA",2022-05-01,3241.0,950.0,142.0,45.0,2104.0,2291.0,30267.0,19045.0,12927614.0,2.341267305784347,1.473203021067925,West
"Los Angeles, CA",2022-06-01,3030.0,995.0,160.0,32.0,1843.0,2035.0,31363.0,20080.0,12927614.0,2.4260470648334644,1.553264198637119,West
"Los Angeles, CA",2022-07-01,2052.0,818.0,124.0,43.0,1067.0,1234.0,30193.0,18987.0,12927614.0,2.335543124972636,1.4687165009722598,West
"Los Angeles, CA",2022-08-01,3004.0,1034.0,172.0,20.0,1778.0,1970.0,30767.0,19481.0,12927614.0,2.3799442031607687,1.5069292755801649,West
"Los Angeles, CA",2022-09-01,3432.0,767.0,144.0,22.0,2499.0,2665.0,31769.0,20663.0,12927614.0,2.457452705503119,1.5983614609780274,West
"Los Angeles, CA",2022-10-01,2444.0,724.0,104.0,10.0,1606.0,1720.0,31469.0,20706.0,12927614.0,2.434246567077266,1.6016876741523995,West
"Los Angeles, CA",2022-11-01,2079.0,700.0,96.0,15.0,1268.0,1379.0,31465.0,20764.0,12927614.0,2.4339371518982547,1.6061741942480645,West
"Los Angeles, CA",2022-12-01,2261.0,797.0,110.0,34.0,1320.0,1464.0,31252.0,20539.0,12927614.0,2.4174607936158985,1.5887695904286745,West
"Los Angeles, CA",2023-01-01,1772.0,829.0,132.0,31.0,780.0,943.0,31204.0,20560.0,12927614.0,2.4137478114677617,1.5903940201184843,West
"Los Angeles, CA",2023-02-01,2699.0,797.0,116.0,23.0,1763.0,1902.0,31079.0,20527.0,12927614.0,2.4040785871236565,1.5878413448916404,West
"Los Angeles, CA",2023-03-01,1851.0,1096.0,106.0,70.0,579.0,755.0,30826.0,20345.0,12927614.0,2.3845080770511866,1.5737629542466227,West
"Los Angeles, CA",2023-04-01,2447.0,839.0,130.0,83.0,1395.0,1608.0,30312.0,19966.0,12927614.0,2.3447482265482242,1.5444458660352947,West
"Los Angeles, CA",2023-05-01,2638.0,1042.0,132.0,32.0,1432.0,1596.0,29709.0,19271.0,12927614.0,2.2981038883122595,1.4906849786820675,West
"Los Angeles, CA",2023-06-01,3180.0,1083.0,116.0,66.0,1915.0,2097.0,29859.0,19333.0,12927614.0,2.309706957525186,1.495480913956744,West
"Los Angeles, CA",2023-07-01,2484.0,1150.0,142.0,56.0,1136.0,1334.0,30291.0,19433.0,12927614.0,2.3431237968584147,1.5032162934320286,West
"Los Angeles, CA",2023-08-01,3532.0,1009.0,134.0,45.0,2344.0,2523.0,30819.0,19986.0,12927614.0,2.3839666004879168,1.5459929419303515,West
"Los Angeles, CA",2023-09-01,1870.0,899.0,104.0,73.0,794.0,971.0,29257.0,18292.0,12927614.0,2.2631399730839736,1.4149556136190329,West
"Los Angeles, CA",2023-10-01,1630.0,849.0,128.0,37.0,616.0,781.0,28443.0,17353.0,12927614.0,2.200173984155158,1.3423204003461118,West
"Los Angeles, CA",2023-11-01,2601.0,1014.0,160.0,62.0,1365.0,1587.0,28965.0,17561.0,12927614.0,2.240552665016143,1.3584099896547035,West
"Los Angeles, CA",2023-12-01,2265.0,967.0,92.0,22.0,1184.0,1298.0,28969.0,17395.0,12927614.0,2.2408620801951544,1.3455692597257314,West
"Los Angeles, CA",2024-01-01,1925.0,926.0,102.0,40.0,857.0,999.0,29122.0,17451.0,12927614.0,2.2526972107923395,1.3499010722318905,West
"Los Angeles, CA",2024-02-01,2090.0,887.0,82.0,30.0,1091.0,1203.0,28513.0,16752.0,12927614.0,2.2055887497878572,1.2958307696996523,West
"Los Angeles, CA",2024-03-01,2032.0,829.0,106.0,27.0,1070.0,1203.0,28694.0,17200.0,12927614.0,2.219589786638122,1.3304852697489264,West
"Los Angeles, CA",2024-04-01,1938.0,1155.0,114.0,36.0,633.0,783.0,28185.0,16375.0,12927614.0,2.1802167051089243,1.2666683890778296,West
"Los Angeles, CA",2024-05-01,2983.0,1244.0,152.0,19.0,1568.0,1739.0,28530.0,16518.0,12927614.0,2.2069037642986555,1.2777299817274868,West
"Los Angeles, CA",2024-06-01,2147.0,958.0,124.0,23.0,1042.0,1189.0,27497.0,15610.0,12927614.0,2.1269972943189672,1.2074927360919037,West
"Los Angeles, CA",2024-07-01,2033.0,977.0,110.0,12.0,934.0,1056.0,27046.0,15332.0,12927614.0,2.092110732885434,1.1859883811506131,West
"Los Angeles, CA",2024-08-01,2443.0,1084.0,122.0,12.0,1225.0,1359.0,25957.0,14168.0,12927614.0,2.0078724503995864,1.0959485640583018,West
"Los Angeles, CA",2024-09-01,2258.0,976.0,92.0,19.0,1171.0,1282.0,26345.0,14479.0,12927614.0,2.03788572276369,1.1200055942264366,West
"Los Angeles, CA",2024-10-01,2010.0,1141.0,122.0,60.0,687.0,869.0,26725.0,14567.0,12927614.0,2.067280164769771,1.1268127281646867,West
"Los Angeles, CA",2024-11-01,2860.0,856.0,132.0,3.0,1869.0,2004.0,26984.0,14984.0,12927614.0,2.0873147976107576,1.159069260576623,West
"Los Angeles, CA",2024-12-01,2527.0,1039.0,102.0,48.0,1338.0,1488.0,27246.0,15174.0,12927614.0,2.107581491836003,1.1737664815796633,West
"Los Angeles, CA",2025-01-01,1675.0,955.0,124.0,13.0,583.0,720.0,26996.0,14895.0,12927614.0,2.088243043147792,1.1521847728436199,West
"Los Angeles, CA",2025-02-01,1926.0,1047.0,146.0,27.0,706.0,879.0,26832.0,14571.0,12927614.0,2.0755570208083256,1.1271221433436982,West
"Los Angeles, CA",2025-03-01,1873.0,1005.0,144.0,41.0,683.0,868.0,26673.0,14236.0,12927614.0,2.063257767442623,1.1012086221014954,West
"Los Angeles, CA",2025-04-01,2411.0,1102.0,122.0,56.0,1131.0,1309.0,27146.0,14762.0,12927614.0,2.099846112360719,1.1418967181414914,West
"Los Angeles, CA",2025-05-01,2401.0,1034.0,164.0,48.0,1155.0,1367.0,26564.0,14390.0,12927614.0,2.0548262038145633,1.1131211064934334,West
"Los Angeles, CA",2025-06-01,2480.0,997.0,128.0,36.0,1319.0,1483.0,26897.0,14684.0,12927614.0,2.0805850174672607,1.1358631221507698,West
"Los Angeles, CA",2025-07-01,1694.0,991.0,118.0,29.0,556.0,703.0,26558.0,14331.0,12927614.0,2.054362081046046,1.1085572326030155,West
"Los Angeles, CA",2025-08-01,2853.0,1032.0,118.0,32.0,1671.0,1821.0,26968.0,14793.0,12927614.0,2.0860771368947124,1.1442946857788296,West
"Los Angeles, CA",2025-09-01,2142.0,1085.0,66.0,39.0,952.0,1057.0,26852.0,14568.0,12927614.0,2.0771040967033825,1.1268900819594396,West
"Los Angeles, CA",2025-10-01,2295.0,1017.0,126.0,28.0,1124.0,1278.0,27137.0,14977.0,12927614.0,2.099149928207943,1.158527784013353,West
"Los Angeles, CA",2025-11-01,2594.0,890.0,100.0,13.0,1591.0,1704.0,26871.0,14677.0,12927614.0,2.0785738188036866,1.1353216455874997,West
"Los Angeles, CA",2025-12-01,3281.0,1090.0,96.0,17.0,2078.0,2191.0,27625.0,15380.0,12927614.0,2.1368985800473315,1.1897013632987494,West
"Los Angeles, CA",2026-01-01,2616.0,868.0,126.0,22.0,1600.0,1748.0,28566.0,16408.0,12927614.0,2.209688500909758,1.2692210643046735,West
"Los Angeles, CA",2026-02-01,5860.0,1101.0,168.0,28.0,4563.0,4759.0,32500.0,20288.0,12927614.0,2.5139983294674484,1.5693537879457105,West
"Los Angeles, CA",2026-03-01,3164.0,1268.0,128.0,22.0,1746.0,1896.0,33791.0,21316.0,12927614.0,2.613862078493371,1.6488734889516348,West
"Los Angeles, CA",2026-04-01,2153.0,1204.0,116.0,18.0,815.0,949.0,33533.0,20956.0,12927614.0,2.593904799447137,1.6210261228406107,West
"Los Angeles, CA",2026-05-01,2577.0,1040.0,100.0,21.0,1416.0,1537.0,33709.0,21126.0,12927614.0,2.6075190673236377,1.6341762679485943,West
"Memphis, TN",2020-07-01,534.0,417.0,2.0,4.0,111.0,117.0,534.0,117.0,1339345.0,0.39870235077593896,0.08735613303517764,Southeast
"Memphis, TN",2020-08-01,554.0,327.0,0.0,0.0,227.0,227.0,1088.0,344.0,1339345.0,0.8123373738655836,0.256841963795736,Southeast
"Memphis, TN",2020-09-01,314.0,314.0,0.0,0.0,0.0,0.0,1402.0,344.0,1339345.0,1.0467803291907611,0.256841963795736,Southeast
"Memphis, TN",2020-10-01,389.0,366.0,0.0,0.0,23.0,23.0,1791.0,367.0,1339345.0,1.3372208056923347,0.27401453695649736,Southeast
"Memphis, TN",2020-11-01,335.0,335.0,0.0,0.0,0.0,0.0,2126.0,367.0,1339345.0,1.587343066946903,0.27401453695649736,Southeast
"Memphis, TN",2020-12-01,353.0,351.0,2.0,0.0,0.0,2.0,2479.0,369.0,1339345.0,1.8509047332838067,0.27550780418786797,Southeast
"Memphis, TN",2021-01-01,526.0,434.0,0.0,0.0,92.0,92.0,3005.0,461.0,1339345.0,2.2436340151342633,0.3441980968309136,Southeast
"Memphis, TN",2021-02-01,301.0,301.0,0.0,0.0,0.0,0.0,3306.0,461.0,1339345.0,2.4683707334555325,0.3441980968309136,Southeast
"Memphis, TN",2021-03-01,487.0,403.0,0.0,4.0,80.0,84.0,3793.0,545.0,1339345.0,2.8319813042942634,0.40691532054847707,Southeast
"Memphis, TN",2021-04-01,781.0,406.0,0.0,0.0,375.0,375.0,4574.0,920.0,1339345.0,3.415102158144466,0.6869029264304566,Southeast
"Memphis, TN",2021-05-01,371.0,371.0,0.0,0.0,0.0,0.0,4945.0,920.0,1339345.0,3.692103229563705,0.6869029264304566,Southeast
"Memphis, TN",2021-06-01,519.0,371.0,0.0,0.0,148.0,148.0,5464.0,1068.0,1339345.0,4.079606076104365,0.7974047015518779,Southeast
"Memphis, TN",2021-07-01,298.0,298.0,0.0,0.0,0.0,0.0,5228.0,951.0,1339345.0,3.903400542802639,0.7100485685167003,Southeast
"Memphis, TN",2021-08-01,335.0,330.0,0.0,0.0,5.0,5.0,5009.0,729.0,1339345.0,3.7398877809675626,0.5442959058345683,Southeast
"Memphis, TN",2021-09-01,379.0,374.0,0.0,0.0,5.0,5.0,5074.0,734.0,1339345.0,3.788418965987106,0.5480290739129947,Southeast
"Memphis, TN",2021-10-01,561.0,343.0,0.0,8.0,210.0,218.0,5246.0,929.0,1339345.0,3.9168399478849736,0.6936226289716242,Southeast
"Memphis, TN",2021-11-01,311.0,306.0,0.0,0.0,5.0,5.0,5222.0,934.0,1339345.0,3.898920741108527,0.6973557970500506,Southeast
"Memphis, TN",2021-12-01,362.0,348.0,2.0,12.0,0.0,14.0,5231.0,946.0,1339345.0,3.9056404436496943,0.7063154004382739,Southeast
"Memphis, TN",2022-01-01,368.0,363.0,0.0,0.0,5.0,5.0,5073.0,859.0,1339345.0,3.7876723323714203,0.6413582758736546,Southeast
"Memphis, TN",2022-02-01,329.0,329.0,0.0,0.0,0.0,0.0,5101.0,859.0,1339345.0,3.808578073610608,0.6413582758736546,Southeast
"Memphis, TN",2022-03-01,398.0,391.0,2.0,0.0,5.0,7.0,5012.0,782.0,1339345.0,3.742127681814618,0.5838674874658881,Southeast
"Memphis, TN",2022-04-01,638.0,342.0,0.0,0.0,296.0,296.0,4869.0,703.0,1339345.0,3.6353590747716233,0.5248834318267511,Southeast
"Memphis, TN",2022-05-01,404.0,376.0,0.0,0.0,28.0,28.0,4902.0,731.0,1339345.0,3.6599979840892374,0.545789173065939,Southeast
"Memphis, TN",2022-06-01,468.0,352.0,0.0,0.0,116.0,116.0,4851.0,699.0,1339345.0,3.621919669689288,0.52189689736401,Southeast
"Memphis, TN",2022-07-01,348.0,276.0,0.0,0.0,72.0,72.0,4901.0,771.0,1339345.0,3.659251350473552,0.5756545176933501,Southeast
"Memphis, TN",2022-08-01,325.0,325.0,0.0,0.0,0.0,0.0,4891.0,766.0,1339345.0,3.6517850143166997,0.5719213496149237,Southeast
"Memphis, TN",2022-09-01,562.0,268.0,0.0,0.0,294.0,294.0,5074.0,1055.0,1339345.0,3.788418965987106,0.7876984645479693,Southeast
"Memphis, TN",2022-10-01,214.0,214.0,0.0,0.0,0.0,0.0,4727.0,837.0,1339345.0,3.529337101344314,0.6249323363285785,Southeast
"Memphis, TN",2022-11-01,152.0,152.0,0.0,0.0,0.0,0.0,4568.0,832.0,1339345.0,3.410622356450354,0.6211991682501521,Southeast
"Memphis, TN",2022-12-01,130.0,122.0,0.0,0.0,8.0,8.0,4336.0,826.0,1339345.0,3.2374033576113694,0.6167193665560404,Southeast
"Memphis, TN",2023-01-01,187.0,187.0,0.0,0.0,0.0,0.0,4155.0,821.0,1339345.0,3.1022626731723344,0.612986198477614,Southeast
"Memphis, TN",2023-02-01,202.0,202.0,0.0,0.0,0.0,0.0,4028.0,821.0,1339345.0,3.0074402039803037,0.612986198477614,Southeast
"Memphis, TN",2023-03-01,236.0,236.0,0.0,0.0,0.0,0.0,3866.0,814.0,1339345.0,2.8864855582392885,0.6077597631678171,Southeast
"Memphis, TN",2023-04-01,359.0,277.0,0.0,0.0,82.0,82.0,3587.0,600.0,1339345.0,2.6781747794630957,0.4479801694111674,Southeast
"Memphis, TN",2023-05-01,302.0,302.0,0.0,0.0,0.0,0.0,3485.0,572.0,1339345.0,2.602018150663197,0.4270744281719796,Southeast
"Memphis, TN",2023-06-01,440.0,323.0,4.0,12.0,101.0,117.0,3457.0,573.0,1339345.0,2.5811124094240094,0.4278210617876649,Southeast
"Memphis, TN",2023-07-01,451.0,328.0,0.0,0.0,123.0,123.0,3560.0,624.0,1339345.0,2.658015671839593,0.46589937618761407,Southeast
"Memphis, TN",2023-08-01,804.0,276.0,4.0,0.0,524.0,528.0,4039.0,1152.0,1339345.0,3.0156531737528423,0.8601219252694414,Southeast
"Memphis, TN",2023-09-01,244.0,244.0,0.0,0.0,0.0,0.0,3721.0,858.0,1339345.0,2.778223683964923,0.6406116422579694,Southeast
"Memphis, TN",2023-10-01,433.0,312.0,0.0,0.0,121.0,121.0,3940.0,979.0,1339345.0,2.9417364457999993,0.7309543097558882,Southeast
"Memphis, TN",2023-11-01,229.0,229.0,0.0,0.0,0.0,0.0,4017.0,979.0,1339345.0,2.999227234207766,0.7309543097558882,Southeast
"Memphis, TN",2023-12-01,284.0,196.0,0.0,0.0,88.0,88.0,4171.0,1059.0,1339345.0,3.114208811023299,0.7906849990107104,Southeast
"Memphis, TN",2024-01-01,192.0,192.0,0.0,0.0,0.0,0.0,4176.0,1059.0,1339345.0,3.117941979101725,0.7906849990107104,Southeast
"Memphis, TN",2024-02-01,569.0,259.0,0.0,0.0,310.0,310.0,4543.0,1369.0,1339345.0,3.3919565160582223,1.0221414198731469,Southeast
"Memphis, TN",2024-03-01,270.0,270.0,0.0,0.0,0.0,0.0,4577.0,1369.0,1339345.0,3.417342058991522,1.0221414198731469,Southeast
"Memphis, TN",2024-04-01,301.0,301.0,0.0,0.0,0.0,0.0,4519.0,1287.0,1339345.0,3.3740373092817757,0.960917463386954,Southeast
"Memphis, TN",2024-05-01,618.0,322.0,0.0,0.0,296.0,296.0,4835.0,1583.0,1339345.0,3.609973531838324,1.1819210136297966,Southeast
"Memphis, TN",2024-06-01,295.0,265.0,0.0,0.0,30.0,30.0,4690.0,1496.0,1339345.0,3.501711657563958,1.1169638890651772,Southeast
"Memphis, TN",2024-07-01,321.0,276.0,0.0,0.0,45.0,45.0,4560.0,1418.0,1339345.0,3.4046492875248724,1.0587264670417256,Southeast
"Memphis, TN",2024-08-01,652.0,292.0,0.0,0.0,360.0,360.0,4408.0,1250.0,1339345.0,3.29116097794071,0.9332920196065987,Southeast
"Memphis, TN",2024-09-01,233.0,231.0,2.0,0.0,0.0,2.0,4397.0,1252.0,1339345.0,3.2829480081681717,0.9347852868379694,Southeast
"Memphis, TN",2024-10-01,280.0,280.0,0.0,0.0,0.0,0.0,4244.0,1131.0,1339345.0,3.1687130649683244,0.8444426193400505,Southeast
"Memphis, TN",2024-11-01,241.0,241.0,0.0,0.0,0.0,0.0,4256.0,1131.0,1339345.0,3.1776726683565477,0.8444426193400505,Southeast
"Memphis, TN",2024-12-01,233.0,228.0,2.0,3.0,0.0,5.0,4205.0,1048.0,1339345.0,3.1395943539565985,0.7824720292381724,Southeast
"Memphis, TN",2025-01-01,237.0,237.0,0.0,0.0,0.0,0.0,4250.0,1048.0,1339345.0,3.173192866662436,0.7824720292381724,Southeast
"Memphis, TN",2025-02-01,215.0,195.0,0.0,9.0,11.0,20.0,3896.0,758.0,1339345.0,2.908884566709847,0.5659482806894415,Southeast
"Memphis, TN",2025-03-01,308.0,300.0,8.0,0.0,0.0,8.0,3934.0,766.0,1339345.0,2.937256644105888,0.5719213496149237,Southeast
"Memphis, TN",2025-04-01,278.0,273.0,0.0,0.0,5.0,5.0,3911.0,771.0,1339345.0,2.920084070945126,0.5756545176933501,Southeast
"Memphis, TN",2025-05-01,279.0,250.0,0.0,4.0,25.0,29.0,3572.0,504.0,1339345.0,2.6669752752278164,0.37630334230538065,Southeast
"Memphis, TN",2025-06-01,317.0,312.0,0.0,0.0,5.0,5.0,3594.0,479.0,1339345.0,2.6834012147728927,0.35763750191324867,Southeast
"Memphis, TN",2025-07-01,278.0,270.0,0.0,3.0,5.0,8.0,3551.0,442.0,1339345.0,2.651295969298426,0.3300120581328933,Southeast
"Memphis, TN",2025-08-01,237.0,237.0,0.0,0.0,0.0,0.0,3136.0,82.0,1339345.0,2.3414430187890347,0.06122395648619288,Southeast
"Memphis, TN",2025-09-01,301.0,301.0,0.0,0.0,0.0,0.0,3204.0,80.0,1339345.0,2.3922141046556336,0.05973068925482232,Southeast
"Memphis, TN",2025-10-01,249.0,249.0,0.0,0.0,0.0,0.0,3173.0,80.0,1339345.0,2.3690684625693903,0.05973068925482232,Southeast
"Memphis, TN",2025-11-01,210.0,210.0,0.0,0.0,0.0,0.0,3142.0,80.0,1339345.0,2.3459228204831466,0.05973068925482232,Southeast
"Memphis, TN",2025-12-01,401.0,243.0,0.0,4.0,154.0,158.0,3310.0,233.0,1339345.0,2.4713572679182736,0.17396563245467,Southeast
"Memphis, TN",2026-01-01,240.0,219.0,0.0,16.0,5.0,21.0,3313.0,254.0,1339345.0,2.4735971687653295,0.18964493838406088,Southeast
"Memphis, TN",2026-02-01,412.0,303.0,4.0,0.0,105.0,109.0,3510.0,343.0,1339345.0,2.6206839910553295,0.2560953301800507,Southeast
"Memphis, TN",2026-03-01,405.0,396.0,4.0,0.0,5.0,9.0,3607.0,344.0,1339345.0,2.693107451776801,0.256841963795736,Southeast
"Memphis, TN",2026-04-01,302.0,302.0,0.0,0.0,0.0,0.0,3631.0,339.0,1339345.0,2.711026658553248,0.2531087957173096,Southeast
"Memphis, TN",2026-05-01,285.0,285.0,0.0,0.0,0.0,0.0,3637.0,310.0,1339345.0,2.7155064602473598,0.23145642086243648,Southeast
"Miami, FL",2020-07-01,1117.0,627.0,32.0,13.0,445.0,490.0,1117.0,490.0,6457988.0,0.17296408726680818,0.07587502485294181,Southeast
"Miami, FL",2020-08-01,1832.0,682.0,26.0,8.0,1116.0,1150.0,2949.0,1640.0,6457988.0,0.45664377202311307,0.25394906277311136,Southeast
"Miami, FL",2020-09-01,2197.0,668.0,30.0,74.0,1425.0,1529.0,5146.0,3169.0,6457988.0,0.7968426079453849,0.490710109712189,Southeast
"Miami, FL",2020-10-01,1872.0,878.0,20.0,0.0,974.0,994.0,7018.0,4163.0,6457988.0,1.0867161722815217,0.6446280172710138,Southeast
"Miami, FL",2020-11-01,1166.0,561.0,20.0,27.0,558.0,605.0,8184.0,4768.0,6457988.0,1.267267762033624,0.7383104459159726,Southeast
"Miami, FL",2020-12-01,2163.0,958.0,32.0,8.0,1165.0,1205.0,10347.0,5973.0,6457988.0,1.6022018003130387,0.9249010682584112,Southeast
"Miami, FL",2021-01-01,1883.0,613.0,32.0,16.0,1222.0,1270.0,12230.0,7243.0,6457988.0,1.8937786815336293,1.1215567449180766,Southeast
"Miami, FL",2021-02-01,1197.0,734.0,28.0,0.0,435.0,463.0,13427.0,7706.0,6457988.0,2.0791305279601016,1.1932509010546317,Southeast
"Miami, FL",2021-03-01,1152.0,743.0,22.0,4.0,383.0,409.0,14579.0,8115.0,6457988.0,2.2575142598592626,1.256583319758414,Southeast
"Miami, FL",2021-04-01,2845.0,734.0,12.0,26.0,2073.0,2111.0,17424.0,10226.0,6457988.0,2.6980539449748124,1.583465314584047,Southeast
"Miami, FL",2021-05-01,2976.0,795.0,22.0,10.0,2149.0,2181.0,20400.0,12407.0,6457988.0,3.1588785857143122,1.921186598674386,Southeast
"Miami, FL",2021-06-01,1679.0,736.0,38.0,4.0,901.0,943.0,22079.0,13350.0,6457988.0,3.41886668107776,2.067207309768925,Southeast
"Miami, FL",2021-07-01,2534.0,841.0,26.0,7.0,1660.0,1693.0,23496.0,14553.0,6457988.0,3.6382848651933077,2.253488238132372,Southeast
"Miami, FL",2021-08-01,2529.0,688.0,26.0,9.0,1806.0,1841.0,24193.0,15244.0,6457988.0,3.74621321687188,2.3604875078739695,Southeast
"Miami, FL",2021-09-01,2279.0,694.0,18.0,3.0,1564.0,1585.0,24275.0,15300.0,6457988.0,3.7589106700105357,2.369158939285734,Southeast
"Miami, FL",2021-10-01,1397.0,602.0,42.0,20.0,733.0,795.0,23800.0,15101.0,6457988.0,3.6853583500000306,2.33834438837607,Southeast
"Miami, FL",2021-11-01,2006.0,516.0,20.0,8.0,1462.0,1490.0,24640.0,15986.0,6457988.0,3.8154298211765028,2.4753839740798527,Southeast
"Miami, FL",2021-12-01,3520.0,598.0,38.0,47.0,2837.0,2922.0,25997.0,17703.0,6457988.0,4.0255571859223025,2.741256255044141,Southeast
"Miami, FL",2022-01-01,1709.0,561.0,18.0,19.0,1111.0,1148.0,25823.0,17581.0,6457988.0,3.9986138097500334,2.722364922325653,Southeast
"Miami, FL",2022-02-01,1440.0,622.0,28.0,20.0,770.0,818.0,26066.0,17936.0,6457988.0,4.036241628197512,2.777335603596662,Southeast
"Miami, FL",2022-03-01,1518.0,743.0,28.0,15.0,732.0,775.0,26432.0,18302.0,6457988.0,4.092915626352975,2.8340096017521246,Southeast
"Miami, FL",2022-04-01,1958.0,565.0,22.0,3.0,1368.0,1393.0,25545.0,17584.0,6457988.0,3.955566346670201,2.7228294632941403,Southeast
"Miami, FL",2022-05-01,3329.0,642.0,18.0,20.0,2649.0,2687.0,25898.0,18090.0,6457988.0,4.010227333962219,2.801182039979015,Southeast
"Miami, FL",2022-06-01,2079.0,617.0,24.0,11.0,1427.0,1462.0,26298.0,18609.0,6457988.0,4.0721661297605385,2.8815476275273353,Southeast
"Miami, FL",2022-07-01,1285.0,578.0,26.0,10.0,671.0,707.0,25049.0,17623.0,6457988.0,3.8787622398802846,2.728868495884477,Southeast
"Miami, FL",2022-08-01,1568.0,602.0,46.0,27.0,893.0,966.0,24088.0,16748.0,6457988.0,3.729954282974821,2.593377380075652,Southeast
"Miami, FL",2022-09-01,1894.0,558.0,26.0,4.0,1306.0,1336.0,23703.0,16499.0,6457988.0,3.6703381920189386,2.554820479691198,Southeast
"Miami, FL",2022-10-01,1238.0,440.0,20.0,18.0,760.0,798.0,23544.0,16502.0,6457988.0,3.645717520689106,2.5552850206596855,Southeast
"Miami, FL",2022-11-01,1139.0,393.0,30.0,7.0,709.0,746.0,22677.0,15758.0,6457988.0,3.511465180796248,2.4400788604748103,Southeast
"Miami, FL",2022-12-01,1490.0,252.0,10.0,6.0,1222.0,1238.0,20647.0,14074.0,6457988.0,3.1971257921197744,2.179316530163884,Southeast
"Miami, FL",2023-01-01,1685.0,301.0,30.0,22.0,1332.0,1384.0,20623.0,14310.0,6457988.0,3.1934094643718756,2.2158604196848923,Southeast
"Miami, FL",2023-02-01,2760.0,382.0,38.0,11.0,2329.0,2378.0,21943.0,15870.0,6457988.0,3.397807490506331,2.45742172329834,Southeast
"Miami, FL",2023-03-01,2722.0,510.0,36.0,31.0,2145.0,2212.0,23147.0,17307.0,6457988.0,3.584243265859274,2.679936847203804,Southeast
"Miami, FL",2023-04-01,1244.0,397.0,32.0,16.0,799.0,847.0,22433.0,16761.0,6457988.0,3.4736825153592727,2.5953903909390976,Southeast
"Miami, FL",2023-05-01,972.0,408.0,20.0,4.0,540.0,564.0,20076.0,14638.0,6457988.0,3.108708161117673,2.2666502322395146,Southeast
"Miami, FL",2023-06-01,2609.0,535.0,34.0,3.0,2037.0,2074.0,20606.0,15250.0,6457988.0,3.190777065550447,2.3614165898109443,Southeast
"Miami, FL",2023-07-01,2008.0,497.0,6.0,34.0,1471.0,1511.0,21329.0,16054.0,6457988.0,3.30273143895591,2.485913569365567,Southeast
"Miami, FL",2023-08-01,2916.0,480.0,54.0,15.0,2367.0,2436.0,22677.0,17524.0,6457988.0,3.511465180796248,2.7135386439243927,Southeast
"Miami, FL",2023-09-01,1264.0,574.0,60.0,3.0,627.0,690.0,22047.0,16878.0,6457988.0,3.4139115774138946,2.613507488710106,Southeast
"Miami, FL",2023-10-01,1483.0,512.0,34.0,15.0,922.0,971.0,22292.0,17051.0,6457988.0,3.451849089840365,2.6402960178928794,Southeast
"Miami, FL",2023-11-01,960.0,473.0,36.0,15.0,436.0,487.0,22113.0,16792.0,6457988.0,3.424131478720617,2.6001906476134673,Southeast
"Miami, FL",2023-12-01,1334.0,351.0,36.0,28.0,919.0,983.0,21957.0,16537.0,6457988.0,3.3999753483592725,2.5607046652920387,Southeast
"Miami, FL",2024-01-01,1749.0,415.0,22.0,10.0,1302.0,1334.0,22021.0,16487.0,6457988.0,3.4098855556870036,2.5529623158172483,Southeast
"Miami, FL",2024-02-01,1298.0,396.0,38.0,4.0,860.0,902.0,20559.0,15011.0,6457988.0,3.1834992570441445,2.324408159321448,Southeast
"Miami, FL",2024-03-01,1487.0,407.0,32.0,7.0,1041.0,1080.0,19324.0,13879.0,6457988.0,2.9922632250168317,2.149121367212203,Southeast
"Miami, FL",2024-04-01,1514.0,535.0,42.0,0.0,937.0,979.0,19594.0,14011.0,6457988.0,3.034071912180698,2.1695611698256485,Southeast
"Miami, FL",2024-05-01,1167.0,505.0,56.0,38.0,568.0,662.0,19789.0,14109.0,6457988.0,3.0642670751323786,2.184736174796237,Southeast
"Miami, FL",2024-06-01,2058.0,450.0,30.0,10.0,1568.0,1608.0,19238.0,13643.0,6457988.0,2.978946383920193,2.1125774776911945,Southeast
"Miami, FL",2024-07-01,1370.0,612.0,22.0,17.0,719.0,758.0,18600.0,12890.0,6457988.0,2.8801540046218728,1.9959776946008572,Southeast
"Miami, FL",2024-08-01,1417.0,504.0,30.0,12.0,871.0,913.0,17101.0,11367.0,6457988.0,2.6480383673676693,1.7601457295987544,Southeast
"Miami, FL",2024-09-01,709.0,435.0,22.0,30.0,222.0,274.0,16546.0,10951.0,6457988.0,2.5620982881975007,1.6957293819685018,Southeast
"Miami, FL",2024-10-01,1248.0,400.0,42.0,15.0,791.0,848.0,16311.0,10828.0,6457988.0,2.5257092456659875,1.6766832022605183,Southeast
"Miami, FL",2024-11-01,1349.0,335.0,38.0,25.0,951.0,1014.0,16700.0,11355.0,6457988.0,2.585944724579854,1.7582875657248047,Southeast
"Miami, FL",2024-12-01,1238.0,301.0,42.0,7.0,888.0,937.0,16604.0,11309.0,6457988.0,2.571079413588257,1.7511646042079978,Southeast
"Miami, FL",2025-01-01,1118.0,345.0,38.0,16.0,719.0,773.0,15973.0,10748.0,6457988.0,2.473370963216407,1.6642954431008543,Southeast
"Miami, FL",2025-02-01,1586.0,447.0,58.0,3.0,1078.0,1139.0,16261.0,10985.0,6457988.0,2.5179668961911976,1.700994179611359,Southeast
"Miami, FL",2025-03-01,1663.0,366.0,32.0,23.0,1242.0,1297.0,16437.0,11202.0,6457988.0,2.5452199663424584,1.7345959763319474,Southeast
"Miami, FL",2025-04-01,1156.0,585.0,62.0,15.0,494.0,571.0,16079.0,10794.0,6457988.0,2.489784744102962,1.671418404617661,Southeast
"Miami, FL",2025-05-01,1361.0,475.0,58.0,0.0,828.0,886.0,16273.0,11018.0,6457988.0,2.519825060065147,1.7061041302647202,Southeast
"Miami, FL",2025-06-01,4731.0,514.0,44.0,6.0,4167.0,4217.0,18946.0,13627.0,6457988.0,2.9337310629874196,2.1100999258592616,Southeast
"Miami, FL",2025-07-01,2904.0,502.0,60.0,31.0,2311.0,2402.0,20480.0,15271.0,6457988.0,3.1712663448739766,2.3646683765903562,Southeast
"Miami, FL",2025-08-01,939.0,391.0,34.0,6.0,508.0,548.0,20002.0,14906.0,6457988.0,3.097249483894984,2.308149225424389,Southeast
"Miami, FL",2025-09-01,1507.0,395.0,58.0,132.0,922.0,1112.0,20800.0,15744.0,6457988.0,3.2208173815126324,2.4379110026218695,Southeast
"Miami, FL",2025-10-01,1179.0,520.0,46.0,19.0,594.0,659.0,20731.0,15555.0,6457988.0,3.210132939237422,2.4086449216071633,Southeast
"Miami, FL",2025-11-01,1650.0,439.0,22.0,11.0,1178.0,1211.0,21032.0,15752.0,6457988.0,3.256741883075658,2.4391497785378355,Southeast
"Miami, FL",2025-12-01,1809.0,416.0,64.0,11.0,1318.0,1393.0,21603.0,16208.0,6457988.0,3.345159514077759,2.5097600057479204,Southeast
"Miami, FL",2026-01-01,1769.0,453.0,48.0,0.0,1268.0,1316.0,22254.0,16751.0,6457988.0,3.4459649042395246,2.5938419210441395,Southeast
"Miami, FL",2026-02-01,779.0,405.0,36.0,0.0,338.0,374.0,21447.0,15986.0,6457988.0,3.3210033837164143,2.4753839740798527,Southeast
"Miami, FL",2026-03-01,1569.0,564.0,70.0,18.0,917.0,1005.0,21353.0,15694.0,6457988.0,3.3064477667038097,2.430168653147079,Southeast
"Miami, FL",2026-04-01,2035.0,553.0,68.0,10.0,1404.0,1482.0,22232.0,16605.0,6457988.0,3.4425582704706175,2.5712342605777527,Southeast
"Miami, FL",2026-05-01,1446.0,602.0,56.0,7.0,781.0,844.0,22317.0,16563.0,6457988.0,3.45572026457776,2.564730687018929,Southeast
"Milwaukee, WI",2020-07-01,181.0,139.0,20.0,0.0,22.0,42.0,181.0,42.0,1574452.0,0.11496063392215196,0.02667594820293029,Midwest
"Milwaukee, WI",2020-08-01,324.0,219.0,76.0,0.0,29.0,105.0,505.0,147.0,1574452.0,0.32074652005904275,0.09336581871025601,Midwest
"Milwaukee, WI",2020-09-01,279.0,171.0,46.0,0.0,62.0,108.0,784.0,255.0,1574452.0,0.4979510331213654,0.16196111408921962,Midwest
"Milwaukee, WI",2020-10-01,263.0,154.0,16.0,8.0,85.0,109.0,1047.0,364.0,1574452.0,0.6649932802016194,0.2311915510920625,Midwest
"Milwaukee, WI",2020-11-01,307.0,140.0,16.0,0.0,151.0,167.0,1354.0,531.0,1574452.0,0.8599817587325621,0.3372602022799044,Midwest
"Milwaukee, WI",2020-12-01,118.0,110.0,8.0,0.0,0.0,8.0,1472.0,539.0,1574452.0,0.9349284703503187,0.3423413352709387,Midwest
"Milwaukee, WI",2021-01-01,186.0,136.0,16.0,0.0,34.0,50.0,1658.0,589.0,1574452.0,1.0530648123918671,0.3740984164649034,Midwest
"Milwaukee, WI",2021-02-01,169.0,121.0,38.0,0.0,10.0,48.0,1827.0,637.0,1574452.0,1.1604037468274677,0.4045852144111094,Midwest
"Milwaukee, WI",2021-03-01,262.0,193.0,24.0,0.0,45.0,69.0,2089.0,706.0,1574452.0,1.3268108522838424,0.4484099864587806,Midwest
"Milwaukee, WI",2021-04-01,244.0,178.0,44.0,0.0,22.0,66.0,2333.0,772.0,1574452.0,1.4817854085103896,0.49032933363481385,Midwest
"Milwaukee, WI",2021-05-01,280.0,156.0,18.0,3.0,103.0,124.0,2613.0,896.0,1574452.0,1.6596250631965914,0.5690868949958462,Midwest
"Milwaukee, WI",2021-06-01,287.0,166.0,32.0,0.0,89.0,121.0,2900.0,1017.0,1574452.0,1.8419107092499485,0.6459390314852407,Midwest
"Milwaukee, WI",2021-07-01,228.0,142.0,28.0,28.0,30.0,86.0,2947.0,1061.0,1574452.0,1.8717623655722753,0.6738852629359294,Midwest
"Milwaukee, WI",2021-08-01,618.0,136.0,34.0,0.0,448.0,482.0,3241.0,1438.0,1574452.0,2.058494002992787,0.9133336551384228,Midwest
"Milwaukee, WI",2021-09-01,212.0,136.0,22.0,0.0,54.0,76.0,3174.0,1406.0,1574452.0,2.015939514192875,0.8930091231742854,Midwest
"Milwaukee, WI",2021-10-01,281.0,143.0,4.0,0.0,134.0,138.0,3192.0,1435.0,1574452.0,2.027372063422702,0.9114282302667849,Midwest
"Milwaukee, WI",2021-11-01,163.0,114.0,44.0,0.0,5.0,49.0,3048.0,1317.0,1574452.0,1.935911669584084,0.8364815186490284,Midwest
"Milwaukee, WI",2021-12-01,190.0,124.0,12.0,0.0,54.0,66.0,3120.0,1375.0,1574452.0,1.981641866503393,0.8733197328340273,Midwest
"Milwaukee, WI",2022-01-01,269.0,101.0,16.0,0.0,152.0,168.0,3203.0,1493.0,1574452.0,2.0343586212853744,0.9482664444517839,Midwest
"Milwaukee, WI",2022-02-01,268.0,134.0,24.0,0.0,110.0,134.0,3302.0,1579.0,1574452.0,2.097237642049424,1.002888624105403,Midwest
"Milwaukee, WI",2022-03-01,218.0,149.0,34.0,0.0,35.0,69.0,3258.0,1579.0,1574452.0,2.0692914105987352,1.002888624105403,Midwest
"Milwaukee, WI",2022-04-01,410.0,138.0,26.0,0.0,246.0,272.0,3424.0,1785.0,1574452.0,2.174724920162698,1.1337277986245373,Midwest
"Milwaukee, WI",2022-05-01,209.0,143.0,28.0,0.0,38.0,66.0,3353.0,1727.0,1574452.0,2.129629864867268,1.0968895844395383,Midwest
"Milwaukee, WI",2022-06-01,203.0,159.0,34.0,0.0,10.0,44.0,3269.0,1650.0,1574452.0,2.0762779684614077,1.0479836794008328,Midwest
"Milwaukee, WI",2022-07-01,491.0,134.0,24.0,0.0,333.0,357.0,3532.0,1921.0,1574452.0,2.243320215541661,1.220107059472121,Midwest
"Milwaukee, WI",2022-08-01,249.0,154.0,16.0,0.0,79.0,95.0,3163.0,1534.0,1574452.0,2.0089529563302024,0.9743072510308349,Midwest
"Milwaukee, WI",2022-09-01,300.0,132.0,18.0,0.0,150.0,168.0,3251.0,1626.0,1574452.0,2.06484541923158,1.0327402804277297,Midwest
"Milwaukee, WI",2022-10-01,200.0,125.0,26.0,0.0,49.0,75.0,3170.0,1563.0,1574452.0,2.0133989476973575,0.9927263581233343,Midwest
"Milwaukee, WI",2022-11-01,215.0,102.0,8.0,0.0,105.0,113.0,3222.0,1627.0,1574452.0,2.0464263121390807,1.0333754220516091,Midwest
"Milwaukee, WI",2022-12-01,156.0,80.0,32.0,8.0,36.0,76.0,3188.0,1637.0,1574452.0,2.0248314969271846,1.0397268382904021,Midwest
"Milwaukee, WI",2023-01-01,137.0,75.0,14.0,0.0,48.0,62.0,3056.0,1531.0,1574452.0,1.9409928025751182,0.9724018261591969,Midwest
"Milwaukee, WI",2023-02-01,110.0,83.0,10.0,0.0,17.0,27.0,2898.0,1424.0,1574452.0,1.84064042600219,0.9044416724041128,Midwest
"Milwaukee, WI",2023-03-01,164.0,107.0,4.0,0.0,53.0,57.0,2844.0,1412.0,1574452.0,1.8063427783127082,0.8968199729175612,Midwest
"Milwaukee, WI",2023-04-01,147.0,106.0,16.0,0.0,25.0,41.0,2581.0,1181.0,1574452.0,1.6393005312324542,0.7501022578014446,Midwest
"Milwaukee, WI",2023-05-01,163.0,138.0,18.0,0.0,7.0,25.0,2535.0,1140.0,1574452.0,1.6100840165340067,0.7240614512223935,Midwest
"Milwaukee, WI",2023-06-01,198.0,130.0,22.0,0.0,46.0,68.0,2530.0,1164.0,1574452.0,1.6069083084146103,0.7393048501954965,Midwest
"Milwaukee, WI",2023-07-01,190.0,127.0,14.0,0.0,49.0,63.0,2229.0,870.0,1574452.0,1.4157306796269433,0.5525732127749846,Midwest
"Milwaukee, WI",2023-08-01,264.0,147.0,14.0,0.0,103.0,117.0,2244.0,892.0,1574452.0,1.4252578039851327,0.5665463285003289,Midwest
"Milwaukee, WI",2023-09-01,268.0,134.0,18.0,0.0,116.0,134.0,2212.0,858.0,1574452.0,1.4049332720209953,0.544951513288433,Midwest
"Milwaukee, WI",2023-10-01,231.0,134.0,10.0,0.0,87.0,97.0,2243.0,880.0,1574452.0,1.4246226623612532,0.5589246290137775,Midwest
"Milwaukee, WI",2023-11-01,190.0,127.0,22.0,0.0,41.0,63.0,2218.0,830.0,1574452.0,1.4087441217642709,0.5271675478198129,Midwest
"Milwaukee, WI",2023-12-01,464.0,100.0,14.0,16.0,334.0,364.0,2526.0,1118.0,1574452.0,1.6043677419190931,0.7100883354970491,Midwest
"Milwaukee, WI",2024-01-01,150.0,125.0,20.0,0.0,5.0,25.0,2539.0,1081.0,1574452.0,1.612624583029524,0.6865880954135153,Midwest
"Milwaukee, WI",2024-02-01,155.0,124.0,22.0,4.0,5.0,31.0,2584.0,1085.0,1574452.0,1.6412059561040921,0.6891286619090324,Midwest
"Milwaukee, WI",2024-03-01,188.0,139.0,34.0,0.0,15.0,49.0,2608.0,1077.0,1574452.0,1.656449355077195,0.6840475289179981,Midwest
"Milwaukee, WI",2024-04-01,441.0,150.0,22.0,0.0,269.0,291.0,2902.0,1327.0,1574452.0,1.8431809924977072,0.8428329348878213,Midwest
"Milwaukee, WI",2024-05-01,426.0,155.0,36.0,0.0,235.0,271.0,3165.0,1573.0,1574452.0,2.010223239577961,0.9990777743621273,Midwest
"Milwaukee, WI",2024-06-01,359.0,136.0,28.0,0.0,195.0,223.0,3326.0,1728.0,1574452.0,2.1124810410225274,1.0975247260634176,Midwest
"Milwaukee, WI",2024-07-01,395.0,165.0,38.0,0.0,192.0,230.0,3531.0,1895.0,1574452.0,2.2426850739177824,1.2035933772512595,Midwest
"Milwaukee, WI",2024-08-01,346.0,145.0,18.0,0.0,183.0,201.0,3613.0,1979.0,1574452.0,2.2947666870758843,1.25694527365712,Midwest
"Milwaukee, WI",2024-09-01,204.0,162.0,16.0,0.0,26.0,42.0,3549.0,1887.0,1574452.0,2.2541176231476094,1.1985122442602252,Midwest
"Milwaukee, WI",2024-10-01,383.0,162.0,30.0,0.0,191.0,221.0,3701.0,2011.0,1574452.0,2.350659149977262,1.2772698056212572,Midwest
"Milwaukee, WI",2024-11-01,414.0,116.0,20.0,0.0,278.0,298.0,3925.0,2246.0,1574452.0,2.4929308737262232,1.4265280872328912,Midwest
"Milwaukee, WI",2024-12-01,166.0,119.0,20.0,0.0,27.0,47.0,3627.0,1929.0,1574452.0,2.3036586698101944,1.2251881924631556,Midwest
"Milwaukee, WI",2025-01-01,222.0,107.0,8.0,0.0,107.0,115.0,3699.0,2019.0,1574452.0,2.349388866729503,1.2823509386122918,Midwest
"Milwaukee, WI",2025-02-01,253.0,112.0,14.0,0.0,127.0,141.0,3797.0,2129.0,1574452.0,2.411632745869674,1.3522165172390141,Midwest
"Milwaukee, WI",2025-03-01,177.0,135.0,14.0,0.0,28.0,42.0,3786.0,2122.0,1574452.0,2.4046461880070016,1.3477705258718589,Midwest
"Milwaukee, WI",2025-04-01,250.0,169.0,42.0,0.0,39.0,81.0,3595.0,1912.0,1574452.0,2.2833341378460568,1.2143907848572075,Midwest
"Milwaukee, WI",2025-05-01,376.0,181.0,14.0,4.0,177.0,195.0,3545.0,1836.0,1574452.0,2.251577056652092,1.1661200214423812,Midwest
"Milwaukee, WI",2025-06-01,249.0,165.0,12.0,0.0,72.0,84.0,3435.0,1697.0,1574452.0,2.18171147802537,1.0778353357231596,Midwest
"Milwaukee, WI",2025-07-01,435.0,148.0,20.0,0.0,267.0,287.0,3475.0,1754.0,1574452.0,2.207117142980542,1.1140384082842791,Midwest
"Milwaukee, WI",2025-08-01,233.0,164.0,16.0,4.0,49.0,69.0,3362.0,1622.0,1574452.0,2.1353461394821815,1.0301997139322128,Midwest
"Milwaukee, WI",2025-09-01,212.0,141.0,10.0,0.0,61.0,71.0,3370.0,1651.0,1574452.0,2.1404272724732163,1.048618821024712,Midwest
"Milwaukee, WI",2025-10-01,244.0,173.0,26.0,0.0,45.0,71.0,3231.0,1501.0,1574452.0,2.052142586753994,0.9533475774428182,Midwest
"Milwaukee, WI",2025-11-01,147.0,103.0,8.0,4.0,32.0,44.0,2964.0,1247.0,1574452.0,1.8825597731782233,0.7920216049774779,Midwest
"Milwaukee, WI",2025-12-01,350.0,117.0,22.0,0.0,211.0,233.0,3148.0,1433.0,1574452.0,1.999425831972013,0.9101579470190263,Midwest
"Milwaukee, WI",2026-01-01,221.0,133.0,22.0,0.0,66.0,88.0,3147.0,1406.0,1574452.0,1.998790690348134,0.8930091231742854,Midwest
"Milwaukee, WI",2026-02-01,181.0,113.0,20.0,0.0,48.0,68.0,3075.0,1333.0,1574452.0,1.9530604934288247,0.8466437846310971,Midwest
"Milwaukee, WI",2026-03-01,348.0,110.0,22.0,0.0,216.0,238.0,3246.0,1529.0,1574452.0,2.061669711112184,0.9711315429114384,Midwest
"Milwaukee, WI",2026-04-01,240.0,144.0,12.0,0.0,84.0,96.0,3236.0,1544.0,1574452.0,2.055318294873391,0.9806586672696277,Midwest
"Milwaukee, WI",2026-05-01,278.0,150.0,20.0,0.0,108.0,128.0,3138.0,1477.0,1574452.0,1.99307441573322,0.9381041784697152,Midwest
"Minneapolis, MN",2020-07-01,1988.0,967.0,18.0,14.0,989.0,1021.0,1988.0,1021.0,3757952.0,0.5290115467148063,0.2716905378248578,Midwest
"Minneapolis, MN",2020-08-01,1488.0,1057.0,16.0,31.0,384.0,431.0,3476.0,1452.0,3757952.0,0.9249718995878606,0.38638066691644807,Midwest
"Minneapolis, MN",2020-09-01,1823.0,1109.0,20.0,27.0,667.0,714.0,5299.0,2166.0,3757952.0,1.4100765523348888,0.5763777717224701,Midwest
"Minneapolis, MN",2020-10-01,2051.0,1093.0,10.0,3.0,945.0,958.0,7350.0,3124.0,3757952.0,1.9558525494737562,0.8313038591232671,Midwest
"Minneapolis, MN",2020-11-01,2041.0,856.0,20.0,7.0,1158.0,1185.0,9391.0,4309.0,3757952.0,2.4989675227357884,1.1466351885282196,Midwest
"Minneapolis, MN",2020-12-01,2411.0,960.0,8.0,4.0,1439.0,1451.0,11802.0,5760.0,3757952.0,3.1405403794407167,1.5327497530569842,Midwest
"Minneapolis, MN",2021-01-01,2127.0,770.0,2.0,3.0,1352.0,1357.0,13929.0,7117.0,3757952.0,3.70654015804353,1.8938506931434995,Midwest
"Minneapolis, MN",2021-02-01,1758.0,805.0,6.0,4.0,943.0,953.0,15687.0,8070.0,3757952.0,4.17434815559113,2.147446268605879,Midwest
"Minneapolis, MN",2021-03-01,2326.0,1133.0,12.0,35.0,1146.0,1193.0,18013.0,9263.0,3757952.0,4.793302309342961,2.4649064171122994,Midwest
"Minneapolis, MN",2021-04-01,1813.0,1100.0,14.0,26.0,673.0,713.0,19826.0,9976.0,3757952.0,5.275745938213155,2.6546374195306384,Midwest
"Minneapolis, MN",2021-05-01,2003.0,1027.0,22.0,15.0,939.0,976.0,21829.0,10952.0,3757952.0,5.808749020743213,2.9143533499097383,Midwest
"Minneapolis, MN",2021-06-01,2007.0,1055.0,24.0,10.0,918.0,952.0,23836.0,11904.0,3757952.0,6.342816512824006,3.167682822984434,Midwest
"Minneapolis, MN",2021-07-01,1875.0,978.0,44.0,18.0,835.0,897.0,23723.0,11780.0,3757952.0,6.312746943015771,3.1346861269116797,Midwest
"Minneapolis, MN",2021-08-01,1973.0,988.0,28.0,15.0,942.0,985.0,24208.0,12334.0,3757952.0,6.44180660104227,3.2821068496883408,Midwest
"Minneapolis, MN",2021-09-01,2505.0,846.0,32.0,23.0,1604.0,1659.0,24890.0,13279.0,3757952.0,6.62328842944242,3.533573606049252,Midwest
"Minneapolis, MN",2021-10-01,2986.0,972.0,10.0,34.0,1970.0,2014.0,25825.0,14335.0,3757952.0,6.872094161926496,3.814577727443033,Midwest
"Minneapolis, MN",2021-11-01,1428.0,853.0,6.0,23.0,546.0,575.0,25212.0,13725.0,3757952.0,6.708973398276508,3.652255270956095,Midwest
"Minneapolis, MN",2021-12-01,2256.0,918.0,24.0,7.0,1307.0,1338.0,25057.0,13612.0,3757952.0,6.667727528185565,3.6221857011478593,Midwest
"Minneapolis, MN",2022-01-01,1221.0,654.0,4.0,19.0,544.0,567.0,24151.0,12822.0,3757952.0,6.42663876494431,3.4119648148778907,Midwest
"Minneapolis, MN",2022-02-01,1963.0,698.0,8.0,18.0,1239.0,1265.0,24356.0,13134.0,3757952.0,6.481189754419429,3.494988759835144,Midwest
"Minneapolis, MN",2022-03-01,3225.0,1050.0,10.0,12.0,2153.0,2175.0,25255.0,14116.0,3757952.0,6.720415800946899,3.7563013045403455,Midwest
"Minneapolis, MN",2022-04-01,2603.0,1008.0,22.0,14.0,1559.0,1595.0,26045.0,14998.0,3757952.0,6.930636687216867,3.9910036104771964,Midwest
"Minneapolis, MN",2022-05-01,3078.0,1068.0,8.0,32.0,1970.0,2010.0,27120.0,16032.0,3757952.0,7.216696753976635,4.26615347934194,Midwest
"Minneapolis, MN",2022-06-01,2344.0,1027.0,14.0,4.0,1299.0,1317.0,27457.0,16397.0,3757952.0,7.3063732586259755,4.363280850846419,Midwest
"Minneapolis, MN",2022-07-01,1599.0,687.0,0.0,19.0,893.0,912.0,27181.0,16412.0,3757952.0,7.232928999625328,4.3672723866616705,Midwest
"Minneapolis, MN",2022-08-01,1896.0,761.0,70.0,15.0,1050.0,1135.0,27104.0,16562.0,3757952.0,7.212439115773698,4.4071877448141965,Midwest
"Minneapolis, MN",2022-09-01,2005.0,600.0,8.0,22.0,1375.0,1405.0,26604.0,16308.0,3757952.0,7.079387921931946,4.3395977383425866,Midwest
"Minneapolis, MN",2022-10-01,2109.0,716.0,24.0,13.0,1356.0,1393.0,25727.0,15687.0,3757952.0,6.846016127933512,4.17434815559113,Midwest
"Minneapolis, MN",2022-11-01,1249.0,465.0,2.0,3.0,779.0,784.0,25548.0,15896.0,3757952.0,6.798383800538165,4.229963554616983,Midwest
"Minneapolis, MN",2022-12-01,1317.0,365.0,4.0,15.0,933.0,952.0,24609.0,15510.0,3757952.0,6.548513658503355,4.12724803297115,Midwest
"Minneapolis, MN",2023-01-01,1247.0,331.0,4.0,7.0,905.0,916.0,24635.0,15859.0,3757952.0,6.555432320583126,4.220117766272693,Midwest
"Minneapolis, MN",2023-02-01,1033.0,376.0,4.0,8.0,645.0,657.0,23705.0,15251.0,3757952.0,6.307957100037467,4.058327514561123,Midwest
"Minneapolis, MN",2023-03-01,1453.0,642.0,14.0,14.0,783.0,811.0,21933.0,13887.0,3757952.0,5.836423669062298,3.695363857760823,Midwest
"Minneapolis, MN",2023-04-01,1548.0,655.0,10.0,8.0,875.0,893.0,20878.0,13185.0,3757952.0,5.555685650056201,3.5085599816070028,Midwest
"Minneapolis, MN",2023-05-01,2007.0,768.0,10.0,17.0,1212.0,1239.0,19807.0,12414.0,3757952.0,5.270689992847168,3.303395040703021,Midwest
"Minneapolis, MN",2023-06-01,1779.0,789.0,22.0,24.0,944.0,990.0,19242.0,12087.0,3757952.0,5.1203421438059875,3.216379559930515,Midwest
"Minneapolis, MN",2023-07-01,1546.0,845.0,10.0,19.0,672.0,701.0,19189.0,11876.0,3757952.0,5.106238717258762,3.1602319561292957,Midwest
"Minneapolis, MN",2023-08-01,2318.0,795.0,22.0,35.0,1466.0,1523.0,19611.0,12264.0,3757952.0,5.218533924861201,3.2634796825504955,Midwest
"Minneapolis, MN",2023-09-01,1215.0,709.0,10.0,23.0,473.0,506.0,18821.0,11365.0,3757952.0,5.008313038591233,3.024253636023025,Midwest
"Minneapolis, MN",2023-10-01,966.0,764.0,26.0,26.0,150.0,202.0,17678.0,10174.0,3757952.0,4.704158009468987,2.7073256922919717,Midwest
"Minneapolis, MN",2023-11-01,1084.0,604.0,12.0,11.0,457.0,480.0,17513.0,9870.0,3757952.0,4.660251115501209,2.6264305664361864,Midwest
"Minneapolis, MN",2023-12-01,1163.0,474.0,12.0,7.0,670.0,689.0,17359.0,9607.0,3757952.0,4.61927134779795,2.556445638475425,Midwest
"Minneapolis, MN",2024-01-01,1370.0,549.0,16.0,8.0,797.0,821.0,17482.0,9512.0,3757952.0,4.65200194148302,2.531165911645492,Midwest
"Minneapolis, MN",2024-02-01,735.0,647.0,18.0,3.0,67.0,88.0,17184.0,8943.0,3757952.0,4.572703429953336,2.3797536530535783,Midwest
"Minneapolis, MN",2024-03-01,1091.0,645.0,14.0,0.0,432.0,446.0,16822.0,8578.0,3757952.0,4.476374365611908,2.282626281549099,Midwest
"Minneapolis, MN",2024-04-01,1098.0,945.0,6.0,36.0,111.0,153.0,16372.0,7838.0,3757952.0,4.3566282911543315,2.085710514663306,Midwest
"Minneapolis, MN",2024-05-01,1301.0,900.0,20.0,9.0,372.0,401.0,15666.0,7000.0,3757952.0,4.168760005449776,1.8627167137845295,Midwest
"Minneapolis, MN",2024-06-01,1453.0,769.0,14.0,0.0,670.0,684.0,15340.0,6694.0,3757952.0,4.082010627064954,1.7812893831533771,Midwest
"Minneapolis, MN",2024-07-01,1203.0,835.0,30.0,23.0,315.0,368.0,14997.0,6361.0,3757952.0,3.9907375080895124,1.6926772880547702,Midwest
"Minneapolis, MN",2024-08-01,1397.0,882.0,26.0,33.0,456.0,515.0,14076.0,5353.0,3757952.0,3.745657209033005,1.4244460812697979,Midwest
"Minneapolis, MN",2024-09-01,1499.0,779.0,32.0,11.0,677.0,720.0,14360.0,5567.0,3757952.0,3.8212302871351205,1.481391992234068,Midwest
"Minneapolis, MN",2024-10-01,1537.0,1024.0,24.0,15.0,474.0,513.0,14931.0,5878.0,3757952.0,3.973174750502401,1.5641498348036378,Midwest
"Minneapolis, MN",2024-11-01,1396.0,705.0,20.0,4.0,667.0,691.0,15243.0,6089.0,3757952.0,4.0561986954596545,1.6202974386048572,Midwest
"Minneapolis, MN",2024-12-01,1147.0,615.0,6.0,4.0,522.0,532.0,15227.0,5932.0,3757952.0,4.051941057256719,1.5785193637385468,Midwest
"Minneapolis, MN",2025-01-01,698.0,526.0,6.0,0.0,166.0,172.0,14555.0,5283.0,3757952.0,3.8731202527334037,1.4058189141319528,Midwest
"Minneapolis, MN",2025-02-01,1018.0,661.0,2.0,4.0,351.0,357.0,14838.0,5552.0,3757952.0,3.9484272284478354,1.4774004564188152,Midwest
"Minneapolis, MN",2025-03-01,1028.0,776.0,12.0,18.0,222.0,252.0,14775.0,5358.0,3757952.0,3.9316627780237745,1.4257765932082156,Midwest
"Minneapolis, MN",2025-04-01,1706.0,855.0,10.0,11.0,830.0,851.0,15383.0,6056.0,3757952.0,4.093453029735346,1.6115160598113014,Midwest
"Minneapolis, MN",2025-05-01,1304.0,806.0,6.0,11.0,481.0,498.0,15386.0,6153.0,3757952.0,4.094251336898395,1.6373279914166015,Midwest
"Minneapolis, MN",2025-06-01,879.0,774.0,8.0,10.0,87.0,105.0,14812.0,5574.0,3757952.0,3.9415085663680642,1.4832547089478525,Midwest
"Minneapolis, MN",2025-07-01,1241.0,839.0,10.0,3.0,389.0,402.0,14850.0,5608.0,3757952.0,3.951620457100038,1.4923021901290916,Midwest
"Minneapolis, MN",2025-08-01,1702.0,825.0,12.0,7.0,858.0,877.0,15155.0,5970.0,3757952.0,4.032781685343506,1.5886312544705201,Midwest
"Minneapolis, MN",2025-09-01,1149.0,816.0,12.0,39.0,282.0,333.0,14805.0,5583.0,3757952.0,3.9396458496542794,1.485649630437004,Midwest
"Minneapolis, MN",2025-10-01,1242.0,775.0,20.0,12.0,435.0,467.0,14510.0,5537.0,3757952.0,3.861145645287646,1.4734089206035628,Midwest
"Minneapolis, MN",2025-11-01,737.0,571.0,16.0,3.0,147.0,166.0,13851.0,5012.0,3757952.0,3.6857841718042166,1.333705167069723,Midwest
"Minneapolis, MN",2025-12-01,1194.0,612.0,20.0,0.0,562.0,582.0,13898.0,5062.0,3757952.0,3.6982909840253417,1.3470102864538982,Midwest
"Minneapolis, MN",2026-01-01,913.0,497.0,2.0,0.0,414.0,416.0,14113.0,5306.0,3757952.0,3.755502997377295,1.4119392690486734,Midwest
"Minneapolis, MN",2026-02-01,956.0,573.0,6.0,0.0,377.0,383.0,14051.0,5332.0,3757952.0,3.7390046493409175,1.4188579311284444,Midwest
"Minneapolis, MN",2026-03-01,843.0,758.0,2.0,4.0,79.0,85.0,13866.0,5165.0,3757952.0,3.6897757076194693,1.3744188323852993,Midwest
"Minneapolis, MN",2026-04-01,1504.0,836.0,12.0,3.0,653.0,668.0,13664.0,4982.0,3757952.0,3.6360230253074017,1.3257220954392182,Midwest
"Minneapolis, MN",2026-05-01,1217.0,711.0,4.0,0.0,502.0,506.0,13577.0,4990.0,3757952.0,3.6128721175789367,1.327850914540686,Midwest
"Nashville, TN",2020-07-01,3144.0,1317.0,0.0,12.0,1815.0,1827.0,3144.0,1827.0,2150553.0,1.461949554370434,0.8495489299728953,Southeast
"Nashville, TN",2020-08-01,2504.0,1165.0,8.0,11.0,1320.0,1339.0,5648.0,3166.0,2150553.0,2.6263012350776753,1.4721794812776061,Southeast
"Nashville, TN",2020-09-01,2107.0,1241.0,10.0,7.0,849.0,866.0,7755.0,4032.0,2150553.0,3.6060492347782174,1.874866604078114,Southeast
"Nashville, TN",2020-10-01,2326.0,1363.0,60.0,14.0,889.0,963.0,10081.0,4995.0,2150553.0,4.687631506872884,2.3226584046056993,Southeast
"Nashville, TN",2020-11-01,2161.0,1156.0,0.0,6.0,999.0,1005.0,12242.0,6000.0,2150553.0,5.6924893271637576,2.7899800655924314,Southeast
"Nashville, TN",2020-12-01,2112.0,1363.0,4.0,10.0,735.0,749.0,14354.0,6749.0,2150553.0,6.674562310252294,3.1382625771138866,Southeast
"Nashville, TN",2021-01-01,1580.0,1208.0,0.0,17.0,355.0,372.0,15934.0,7121.0,2150553.0,7.4092570608583,3.311241341180617,Southeast
"Nashville, TN",2021-02-01,1728.0,1157.0,0.0,25.0,546.0,571.0,17662.0,7692.0,2150553.0,8.21277131974892,3.576754444089497,Southeast
"Nashville, TN",2021-03-01,3794.0,1846.0,0.0,11.0,1937.0,1948.0,21456.0,9640.0,2150553.0,9.976968714558534,4.482567972051839,Southeast
"Nashville, TN",2021-04-01,2695.0,1474.0,0.0,17.0,1204.0,1221.0,24151.0,10861.0,2150553.0,11.230134760687134,5.050328915399899,Southeast
"Nashville, TN",2021-05-01,3148.0,1710.0,0.0,18.0,1420.0,1438.0,27299.0,12299.0,2150553.0,12.693944301767964,5.718994137786886,Southeast
"Nashville, TN",2021-06-01,3264.0,1526.0,2.0,15.0,1721.0,1738.0,30563.0,14037.0,2150553.0,14.211693457450247,6.527158363453493,Southeast
"Nashville, TN",2021-07-01,2457.0,1314.0,4.0,11.0,1128.0,1143.0,29876.0,13353.0,2150553.0,13.892240739939913,6.209100635975957,Southeast
"Nashville, TN",2021-08-01,2764.0,1517.0,10.0,0.0,1237.0,1247.0,30136.0,13261.0,2150553.0,14.013139876115586,6.166320941636872,Southeast
"Nashville, TN",2021-09-01,1782.0,1176.0,64.0,11.0,531.0,606.0,29811.0,13001.0,2150553.0,13.862015955895995,6.0454218054612,Southeast
"Nashville, TN",2021-10-01,2024.0,1254.0,0.0,3.0,767.0,770.0,29509.0,12808.0,2150553.0,13.721586959261177,5.955677446684644,Southeast
"Nashville, TN",2021-11-01,2725.0,1279.0,4.0,6.0,1436.0,1446.0,30073.0,13249.0,2150553.0,13.983845085426864,6.160740981505687,Southeast
"Nashville, TN",2021-12-01,3120.0,1247.0,2.0,8.0,1863.0,1873.0,31081.0,14373.0,2150553.0,14.452561736446393,6.68339724712667,Southeast
"Nashville, TN",2022-01-01,2613.0,1370.0,2.0,22.0,1219.0,1243.0,32114.0,15244.0,2150553.0,14.93290330440589,7.088409353315171,Southeast
"Nashville, TN",2022-02-01,1539.0,1440.0,4.0,12.0,83.0,99.0,31925.0,14772.0,2150553.0,14.845018932339729,6.868930921488566,Southeast
"Nashville, TN",2022-03-01,2143.0,2018.0,8.0,8.0,109.0,125.0,30274.0,12949.0,2150553.0,14.07730941762421,6.021241978226065,Southeast
"Nashville, TN",2022-04-01,2032.0,1603.0,6.0,23.0,400.0,429.0,29611.0,12157.0,2150553.0,13.769016620376247,5.6529646095678645,Southeast
"Nashville, TN",2022-05-01,1574.0,1469.0,16.0,28.0,61.0,105.0,28037.0,10824.0,2150553.0,13.037111849835833,5.033124038328746,Southeast
"Nashville, TN",2022-06-01,1636.0,1430.0,0.0,18.0,188.0,206.0,26409.0,9292.0,2150553.0,12.280097258705087,4.3207491282474795,Southeast
"Nashville, TN",2022-07-01,1197.0,1100.0,0.0,12.0,85.0,97.0,25149.0,8246.0,2150553.0,11.694201444930675,3.834362603479198,Southeast
"Nashville, TN",2022-08-01,1204.0,1132.0,2.0,4.0,66.0,72.0,23589.0,7071.0,2150553.0,10.968806627876644,3.2879915073006805,Southeast
"Nashville, TN",2022-09-01,1210.0,1187.0,2.0,4.0,17.0,23.0,23017.0,6488.0,2150553.0,10.702828528290166,3.0168984442606157,Southeast
"Nashville, TN",2022-10-01,904.0,843.0,0.0,6.0,55.0,61.0,21897.0,5779.0,2150553.0,10.182032249379578,2.6872157998431105,Southeast
"Nashville, TN",2022-11-01,1007.0,949.0,14.0,3.0,41.0,58.0,20179.0,4391.0,2150553.0,9.383167957264945,2.041800411336061,Southeast
"Nashville, TN",2022-12-01,1013.0,648.0,14.0,0.0,351.0,365.0,18072.0,2883.0,2150553.0,8.403419957564402,1.3405854215171633,Southeast
"Nashville, TN",2023-01-01,1103.0,900.0,2.0,11.0,190.0,203.0,16562.0,1843.0,2150553.0,7.701274974390308,0.8569888768144751,Southeast
"Nashville, TN",2023-02-01,2925.0,969.0,14.0,12.0,1930.0,1956.0,17948.0,3700.0,2150553.0,8.345760369542159,1.7204877071153326,Southeast
"Nashville, TN",2023-03-01,1817.0,1319.0,6.0,3.0,489.0,498.0,17622.0,4073.0,2150553.0,8.19417145264497,1.8939314678596622,Southeast
"Nashville, TN",2023-04-01,3407.0,1303.0,10.0,15.0,2079.0,2104.0,18997.0,5748.0,2150553.0,8.833541884343235,2.6728009028375492,Southeast
"Nashville, TN",2023-05-01,2132.0,1492.0,4.0,7.0,629.0,640.0,19555.0,6283.0,2150553.0,9.093010030443333,2.9215741253528744,Southeast
"Nashville, TN",2023-06-01,1717.0,1484.0,6.0,0.0,227.0,233.0,19636.0,6310.0,2150553.0,9.13067476132883,2.93412903564804,Southeast
"Nashville, TN",2023-07-01,1383.0,1297.0,6.0,6.0,74.0,86.0,19822.0,6299.0,2150553.0,9.217164143362195,2.929014072194454,Southeast
"Nashville, TN",2023-08-01,2830.0,1364.0,4.0,11.0,1451.0,1466.0,21448.0,7693.0,2150553.0,9.973248741137743,3.5772194407670956,Southeast
"Nashville, TN",2023-09-01,1220.0,1056.0,6.0,8.0,150.0,164.0,21458.0,7834.0,2150553.0,9.977898707913731,3.642783972308518,Southeast
"Nashville, TN",2023-10-01,1792.0,1169.0,6.0,0.0,617.0,623.0,22346.0,8396.0,2150553.0,10.39081575762141,3.904112105119009,Southeast
"Nashville, TN",2023-11-01,1586.0,961.0,0.0,3.0,622.0,625.0,22925.0,8963.0,2150553.0,10.660048833951082,4.167765221317493,Southeast
"Nashville, TN",2023-12-01,1136.0,1021.0,2.0,4.0,109.0,115.0,23048.0,8713.0,2150553.0,10.717243425295727,4.051516051917809,Southeast
"Nashville, TN",2024-01-01,1504.0,1126.0,8.0,0.0,370.0,378.0,23449.0,8888.0,2150553.0,10.90370709301282,4.132890470497588,Southeast
"Nashville, TN",2024-02-01,2015.0,1275.0,0.0,10.0,730.0,740.0,22539.0,7672.0,2150553.0,10.480560116397967,3.567454510537522,Southeast
"Nashville, TN",2024-03-01,1470.0,1221.0,4.0,7.0,238.0,249.0,22192.0,7423.0,2150553.0,10.319206269271206,3.451670337815436,Southeast
"Nashville, TN",2024-04-01,2021.0,1305.0,4.0,7.0,705.0,716.0,20806.0,6035.0,2150553.0,9.674720874119355,2.8062549493083875,Southeast
"Nashville, TN",2024-05-01,2345.0,1462.0,14.0,3.0,866.0,883.0,21019.0,6278.0,2150553.0,9.773765166447886,2.9192491419648805,Southeast
"Nashville, TN",2024-06-01,1341.0,1293.0,22.0,0.0,26.0,48.0,20643.0,6093.0,2150553.0,9.59892641567076,2.833224756609114,Southeast
"Nashville, TN",2024-07-01,1593.0,1327.0,26.0,0.0,240.0,266.0,20853.0,6273.0,2150553.0,9.696575717966496,2.916924158576887,Southeast
"Nashville, TN",2024-08-01,1447.0,1318.0,4.0,3.0,122.0,129.0,19470.0,4936.0,2150553.0,9.053485312847439,2.2952236006273736,Southeast
"Nashville, TN",2024-09-01,2205.0,1124.0,2.0,0.0,1079.0,1081.0,20455.0,5853.0,2150553.0,9.511507040282197,2.7216255539854166,Southeast
"Nashville, TN",2024-10-01,1120.0,1067.0,4.0,11.0,38.0,53.0,19783.0,5283.0,2150553.0,9.199029272935846,2.4565774477541362,Southeast
"Nashville, TN",2024-11-01,1633.0,923.0,0.0,7.0,703.0,710.0,19830.0,5368.0,2150553.0,9.220884116782987,2.4961021653500284,Southeast
"Nashville, TN",2024-12-01,1260.0,871.0,0.0,7.0,382.0,389.0,19954.0,5642.0,2150553.0,9.27854370480523,2.6235112550120827,Southeast
"Nashville, TN",2025-01-01,1569.0,1011.0,0.0,0.0,558.0,558.0,20019.0,5822.0,2150553.0,9.308768488849147,2.7072106569798557,Southeast
"Nashville, TN",2025-02-01,1492.0,1010.0,0.0,0.0,482.0,482.0,19496.0,5564.0,2150553.0,9.065575226465008,2.5872415141593814,Southeast
"Nashville, TN",2025-03-01,2015.0,1289.0,2.0,4.0,720.0,726.0,20041.0,6041.0,2150553.0,9.31899841575632,2.8090449293739796,Southeast
"Nashville, TN",2025-04-01,1642.0,1384.0,30.0,7.0,221.0,258.0,19662.0,5583.0,2150553.0,9.142764674946397,2.5960764510337575,Southeast
"Nashville, TN",2025-05-01,1406.0,1316.0,2.0,3.0,85.0,90.0,18723.0,4790.0,2150553.0,8.706132794681182,2.2273340856979575,Southeast
"Nashville, TN",2025-06-01,1872.0,1264.0,2.0,7.0,599.0,608.0,19254.0,5350.0,2150553.0,8.953046030486114,2.4877322251532514,Southeast
"Nashville, TN",2025-07-01,2099.0,1223.0,4.0,0.0,872.0,876.0,19760.0,5960.0,2150553.0,9.188334349351074,2.771380198488482,Southeast
"Nashville, TN",2025-08-01,1408.0,1037.0,6.0,6.0,359.0,371.0,19721.0,6202.0,2150553.0,9.170199478924722,2.883909394467376,Southeast
"Nashville, TN",2025-09-01,1587.0,1004.0,20.0,6.0,557.0,583.0,19103.0,5704.0,2150553.0,8.882831532168701,2.652341049023205,Southeast
"Nashville, TN",2025-10-01,1445.0,993.0,6.0,14.0,432.0,452.0,19428.0,6103.0,2150553.0,9.033955452388293,2.8378747233851014,Southeast
"Nashville, TN",2025-11-01,1512.0,864.0,6.0,0.0,642.0,648.0,19307.0,6041.0,2150553.0,8.977690854398846,2.8090449293739796,Southeast
"Nashville, TN",2025-12-01,1303.0,946.0,2.0,3.0,352.0,357.0,19350.0,6009.0,2150553.0,8.99768571153559,2.79416503569082,Southeast
"Nashville, TN",2026-01-01,1248.0,782.0,0.0,0.0,466.0,466.0,19029.0,5917.0,2150553.0,8.848421778026395,2.751385341351736,Southeast
"Nashville, TN",2026-02-01,1028.0,955.0,10.0,11.0,52.0,73.0,18565.0,5508.0,2150553.0,8.63266331962058,2.5612017002138523,Southeast
"Nashville, TN",2026-03-01,1211.0,1194.0,4.0,3.0,10.0,17.0,17761.0,4799.0,2150553.0,8.258805990831195,2.2315190557963462,Southeast
"Nashville, TN",2026-04-01,1941.0,1165.0,28.0,6.0,742.0,776.0,18060.0,5317.0,2150553.0,8.397839997433218,2.4723873347924927,Southeast
"Nashville, TN",2026-05-01,1276.0,1156.0,0.0,3.0,117.0,120.0,17930.0,5347.0,2150553.0,8.337390429345382,2.4863372351204553,Southeast
"New York, NY",2020-07-01,4738.0,877.0,166.0,140.0,3555.0,3861.0,4738.0,3861.0,19940274.0,0.23760957346925124,0.1936282319891893,Northeast
"New York, NY",2020-08-01,3382.0,954.0,186.0,56.0,2186.0,2428.0,8120.0,6289.0,19940274.0,0.4072160693478936,0.3153918546956777,Northeast
"New York, NY",2020-09-01,5122.0,1007.0,140.0,65.0,3910.0,4115.0,13242.0,10404.0,19940274.0,0.6640831515153703,0.5217581262925475,Northeast
"New York, NY",2020-10-01,4276.0,1072.0,168.0,64.0,2972.0,3204.0,17518.0,13608.0,19940274.0,0.878523534832069,0.6824379644933665,Northeast
"New York, NY",2020-11-01,4823.0,865.0,226.0,69.0,3663.0,3958.0,22341.0,17566.0,19940274.0,1.120395838091292,0.8809307234193473,Northeast
"New York, NY",2020-12-01,5203.0,1021.0,94.0,66.0,4022.0,4182.0,27544.0,21748.0,19940274.0,1.3813250509998005,1.0906570290859594,Northeast
"New York, NY",2021-01-01,5506.0,1036.0,114.0,57.0,4299.0,4470.0,33050.0,26218.0,19940274.0,1.657449641865503,1.3148264662762408,Northeast
"New York, NY",2021-02-01,3793.0,956.0,100.0,31.0,2706.0,2837.0,36843.0,29055.0,19940274.0,1.847667690022715,1.4571013417368286,Northeast
"New York, NY",2021-03-01,3572.0,1211.0,194.0,51.0,2116.0,2361.0,40415.0,31416.0,19940274.0,2.026802640726,1.5755049303735746,Northeast
"New York, NY",2021-04-01,4411.0,1235.0,118.0,44.0,3014.0,3176.0,44826.0,34592.0,19940274.0,2.2480132419444185,1.7347805752318148,Northeast
"New York, NY",2021-05-01,4345.0,1106.0,174.0,98.0,2967.0,3239.0,49171.0,37831.0,19940274.0,2.4659139588553294,1.8972156551108574,Northeast
"New York, NY",2021-06-01,5315.0,1194.0,172.0,82.0,3867.0,4121.0,54486.0,41952.0,19940274.0,2.732459945134154,2.103882825281137,Northeast
"New York, NY",2021-07-01,4463.0,971.0,158.0,81.0,3253.0,3492.0,54211.0,41583.0,19940274.0,2.7186687605195394,2.085377563016436,Northeast
"New York, NY",2021-08-01,5046.0,1189.0,82.0,173.0,3602.0,3857.0,55875.0,43012.0,19940274.0,2.8021179648785166,2.157041573250197,Northeast
"New York, NY",2021-09-01,3423.0,1086.0,156.0,76.0,2105.0,2337.0,54176.0,41234.0,19940274.0,2.716913518841316,2.0678752959964344,Northeast
"New York, NY",2021-10-01,4261.0,1114.0,124.0,77.0,2946.0,3147.0,54161.0,41177.0,19940274.0,2.7161612724077915,2.065016759549041,Northeast
"New York, NY",2021-11-01,6070.0,1022.0,152.0,85.0,4811.0,5048.0,55408.0,42267.0,19940274.0,2.7786980259147893,2.1196800003851504,Northeast
"New York, NY",2021-12-01,6145.0,1217.0,124.0,123.0,4681.0,4928.0,56350.0,43013.0,19940274.0,2.825939101940124,2.157091723012432,Northeast
"New York, NY",2022-01-01,4663.0,988.0,116.0,36.0,3523.0,3675.0,55507.0,42218.0,19940274.0,2.7836628523760507,2.117222662035637,Northeast
"New York, NY",2022-02-01,4018.0,1071.0,98.0,50.0,2799.0,2947.0,55732.0,42328.0,19940274.0,2.794946548878917,2.122739135881483,Northeast
"New York, NY",2022-03-01,8465.0,1141.0,116.0,107.0,7101.0,7324.0,60625.0,47291.0,19940274.0,3.0403293354945875,2.3716324058536005,Northeast
"New York, NY",2022-04-01,5379.0,1017.0,126.0,53.0,4183.0,4362.0,61593.0,48477.0,19940274.0,3.088874305338031,2.431110023864266,Northeast
"New York, NY",2022-05-01,3627.0,1090.0,78.0,36.0,2423.0,2537.0,60875.0,47775.0,19940274.0,3.052866776053328,2.395904890775322,Northeast
"New York, NY",2022-06-01,6898.0,1046.0,98.0,53.0,5701.0,5852.0,62458.0,49506.0,19940274.0,3.1322538496712733,2.482714129204042,Northeast
"New York, NY",2022-07-01,5281.0,1248.0,104.0,66.0,3863.0,4033.0,63276.0,50047.0,19940274.0,3.173276355179472,2.5098451505731565,Northeast
"New York, NY",2022-08-01,4833.0,1071.0,122.0,75.0,3565.0,3762.0,63063.0,49952.0,19940274.0,3.1625944558234256,2.5050809231608353,Northeast
"New York, NY",2022-09-01,3438.0,1079.0,92.0,46.0,2221.0,2359.0,63078.0,49974.0,19940274.0,3.16334670225695,2.506184217930004,Northeast
"New York, NY",2022-10-01,2718.0,912.0,92.0,38.0,1676.0,1806.0,61535.0,48633.0,19940274.0,3.085965619128403,2.43893338677292,Northeast
"New York, NY",2022-11-01,3549.0,798.0,110.0,34.0,2607.0,2751.0,59014.0,46336.0,19940274.0,2.959538068534063,2.3237393829192117,Northeast
"New York, NY",2022-12-01,4438.0,1004.0,180.0,70.0,3184.0,3434.0,57307.0,44842.0,19940274.0,2.8739324243989826,2.248815638140178,Northeast
"New York, NY",2023-01-01,2583.0,945.0,122.0,37.0,1479.0,1638.0,55227.0,42805.0,19940274.0,2.7696209189502614,2.14666057246756,Northeast
"New York, NY",2023-02-01,2764.0,868.0,74.0,21.0,1801.0,1896.0,53973.0,41754.0,19940274.0,2.7067331171076185,2.0939531723586144,Northeast
"New York, NY",2023-03-01,5633.0,1159.0,108.0,51.0,4315.0,4474.0,51141.0,38904.0,19940274.0,2.564708990458205,1.9510263499889722,Northeast
"New York, NY",2023-04-01,2514.0,811.0,80.0,31.0,1592.0,1703.0,48276.0,36245.0,19940274.0,2.421029921655039,1.8176781322062074,Northeast
"New York, NY",2023-05-01,4618.0,1084.0,110.0,66.0,3358.0,3534.0,49267.0,37242.0,19940274.0,2.470728336029886,1.8676774451544649,Northeast
"New York, NY",2023-06-01,3046.0,1123.0,76.0,41.0,1806.0,1923.0,45415.0,33313.0,19940274.0,2.2775514519008113,1.670639029333298,Northeast
"New York, NY",2023-07-01,3026.0,831.0,88.0,40.0,2067.0,2195.0,43160.0,31475.0,19940274.0,2.1644637380609715,1.5784637663454375,Northeast
"New York, NY",2023-08-01,4372.0,877.0,128.0,71.0,3296.0,3495.0,42699.0,31208.0,19940274.0,2.141344697670654,1.5650737798287024,Northeast
"New York, NY",2023-09-01,1954.0,832.0,84.0,39.0,999.0,1122.0,41215.0,29971.0,19940274.0,2.06692245051397,1.503038523944054,Northeast
"New York, NY",2023-10-01,3105.0,1007.0,174.0,44.0,1880.0,2098.0,41602.0,30263.0,19940274.0,2.0863304084989003,1.5176822545166633,Northeast
"New York, NY",2023-11-01,2103.0,870.0,210.0,55.0,968.0,1233.0,40156.0,28745.0,19940274.0,2.0138138523071447,1.4415549154439904,Northeast
"New York, NY",2023-12-01,2867.0,742.0,70.0,30.0,2025.0,2125.0,38585.0,27436.0,19940274.0,1.935028575836019,1.3759088766784249,Northeast
"New York, NY",2024-01-01,4992.0,1018.0,104.0,37.0,3833.0,3974.0,40994.0,29772.0,19940274.0,2.055839353060043,1.4930587212592967,Northeast
"New York, NY",2024-02-01,7829.0,995.0,286.0,68.0,6480.0,6834.0,46059.0,34710.0,19940274.0,2.309847898780127,1.7406982471755403,Northeast
"New York, NY",2024-03-01,5355.0,866.0,162.0,74.0,4253.0,4489.0,45781.0,34725.0,19940274.0,2.295906264878808,1.7414504936090647,Northeast
"New York, NY",2024-04-01,5211.0,1166.0,362.0,87.0,3596.0,4045.0,48478.0,37067.0,19940274.0,2.4311601736265005,1.8589012367633464,Northeast
"New York, NY",2024-05-01,3330.0,1078.0,370.0,107.0,1775.0,2252.0,47190.0,35785.0,19940274.0,2.366567279867869,1.7946092415781247,Northeast
"New York, NY",2024-06-01,4467.0,1135.0,196.0,43.0,3093.0,3332.0,48611.0,37194.0,19940274.0,2.437830092003751,1.8652702565671866,Northeast
"New York, NY",2024-07-01,5031.0,1074.0,158.0,136.0,3663.0,3957.0,50616.0,38956.0,19940274.0,2.5383803652848504,1.95363413762519,Northeast
"New York, NY",2024-08-01,5023.0,1240.0,146.0,176.0,3461.0,3783.0,51267.0,39244.0,19940274.0,2.571027860499811,1.9680772691488593,Northeast
"New York, NY",2024-09-01,3666.0,1091.0,312.0,93.0,2170.0,2575.0,52979.0,40697.0,19940274.0,2.656884253446066,2.040944873676259,Northeast
"New York, NY",2024-10-01,4168.0,1366.0,144.0,63.0,2595.0,2802.0,54042.0,41401.0,19940274.0,2.710193450701831,2.0762503062896727,Northeast
"New York, NY",2024-11-01,4216.0,861.0,94.0,53.0,3208.0,3355.0,56155.0,43523.0,19940274.0,2.8161598983043064,2.1826681017522627,Northeast
"New York, NY",2024-12-01,6341.0,900.0,138.0,67.0,5236.0,5441.0,59629.0,46839.0,19940274.0,2.990380172308565,2.3489647133233977,Northeast
"New York, NY",2025-01-01,4200.0,908.0,116.0,69.0,3107.0,3292.0,58837.0,46157.0,19940274.0,2.950661560618475,2.314762575479153,Northeast
"New York, NY",2025-02-01,2107.0,970.0,146.0,41.0,950.0,1137.0,53115.0,40460.0,19940274.0,2.663704621110021,2.0290593800265735,Northeast
"New York, NY",2025-03-01,3541.0,1200.0,136.0,96.0,2109.0,2341.0,51301.0,38312.0,19940274.0,2.5727329524157994,1.9213376907458743,Northeast
"New York, NY",2025-04-01,3605.0,1010.0,174.0,95.0,2326.0,2595.0,49695.0,36862.0,19940274.0,2.49219243426645,1.848620535505179,Northeast
"New York, NY",2025-05-01,3660.0,983.0,124.0,118.0,2435.0,2677.0,50025.0,37287.0,19940274.0,2.5087418558039873,1.8699341844550381,Northeast
"New York, NY",2025-06-01,3563.0,1010.0,88.0,60.0,2405.0,2553.0,49121.0,36508.0,19940274.0,2.463406470743582,1.8308675196740025,Northeast
"New York, NY",2025-07-01,3965.0,837.0,142.0,104.0,2882.0,3128.0,48055.0,35679.0,19940274.0,2.409946824201112,1.7892933667812188,Northeast
"New York, NY",2025-08-01,3819.0,956.0,166.0,117.0,2580.0,2863.0,46851.0,34759.0,19940274.0,2.3495665104702175,1.7431555855250536,Northeast
"New York, NY",2025-09-01,3742.0,1036.0,108.0,69.0,2529.0,2706.0,46927.0,34890.0,19940274.0,2.3533778924000743,1.7497252043778335,Northeast
"New York, NY",2025-10-01,4474.0,1097.0,208.0,96.0,3073.0,3377.0,47233.0,35465.0,19940274.0,2.368723719643973,1.778561317662937,Northeast
"New York, NY",2025-11-01,3639.0,774.0,114.0,68.0,2683.0,2865.0,46656.0,34975.0,19940274.0,2.3397873068344,1.7539879341678053,Northeast
"New York, NY",2025-12-01,7315.0,976.0,170.0,115.0,6054.0,6339.0,47630.0,35873.0,19940274.0,2.388633175251253,1.7990224206548016,Northeast
"New York, NY",2026-01-01,6012.0,1044.0,216.0,91.0,4661.0,4968.0,49442.0,37549.0,19940274.0,2.479504544421004,1.8830734221605983,Northeast
"New York, NY",2026-02-01,5564.0,835.0,82.0,53.0,4594.0,4729.0,52899.0,41141.0,19940274.0,2.652872272467269,2.0632113681085826,Northeast
"New York, NY",2026-03-01,4596.0,1001.0,146.0,74.0,3375.0,3595.0,53954.0,42395.0,19940274.0,2.705780271625154,2.126099169951225,Northeast
"New York, NY",2026-04-01,3286.0,838.0,180.0,88.0,2180.0,2448.0,53635.0,42248.0,19940274.0,2.6897824974722013,2.118727154902686,Northeast
"New York, NY",2026-05-01,4590.0,752.0,242.0,96.0,3500.0,3838.0,54565.0,43409.0,19940274.0,2.736421776350716,2.176951028857477,Northeast
"Oklahoma City, OK",2020-07-01,648.0,622.0,26.0,0.0,0.0,26.0,648.0,26.0,1497821.0,0.4326284649500841,0.017358549519602143,Southwest
"Oklahoma City, OK",2020-08-01,663.0,631.0,32.0,0.0,0.0,32.0,1311.0,58.0,1497821.0,0.8752714776999388,0.038722918159112475,Southwest
"Oklahoma City, OK",2020-09-01,925.0,661.0,18.0,0.0,246.0,264.0,2236.0,322.0,1497821.0,1.4928352586857843,0.21497895943507267,Southwest
"Oklahoma City, OK",2020-10-01,688.0,650.0,38.0,0.0,0.0,38.0,2924.0,360.0,1497821.0,1.9521691844352562,0.2403491471944912,Southwest
"Oklahoma City, OK",2020-11-01,552.0,542.0,10.0,0.0,0.0,10.0,3476.0,370.0,1497821.0,2.3207045434668094,0.24702551239433818,Southwest
"Oklahoma City, OK",2020-12-01,619.0,597.0,14.0,8.0,0.0,22.0,4095.0,392.0,1497821.0,2.7339715493373373,0.26171351583400154,Southwest
"Oklahoma City, OK",2021-01-01,668.0,643.0,18.0,7.0,0.0,25.0,4763.0,417.0,1497821.0,3.1799527446871156,0.27840442883361893,Southwest
"Oklahoma City, OK",2021-02-01,642.0,596.0,46.0,0.0,0.0,46.0,5405.0,463.0,1497821.0,3.6085753905172915,0.30911570875291505,Southwest
"Oklahoma City, OK",2021-03-01,918.0,852.0,58.0,3.0,5.0,66.0,6323.0,529.0,1497821.0,4.2214657158632445,0.3531797190719051,Southwest
"Oklahoma City, OK",2021-04-01,815.0,772.0,16.0,0.0,27.0,43.0,7138.0,572.0,1497821.0,4.765589479650773,0.38188808943124714,Southwest
"Oklahoma City, OK",2021-05-01,750.0,728.0,22.0,0.0,0.0,22.0,7888.0,594.0,1497821.0,5.266316869639296,0.3965760928709105,Southwest
"Oklahoma City, OK",2021-06-01,775.0,744.0,20.0,0.0,11.0,31.0,8663.0,625.0,1497821.0,5.783735172627437,0.4172728249904361,Southwest
"Oklahoma City, OK",2021-07-01,731.0,672.0,38.0,0.0,21.0,59.0,8746.0,658.0,1497821.0,5.839149003786167,0.4393048301499311,Southwest
"Oklahoma City, OK",2021-08-01,735.0,700.0,24.0,0.0,11.0,35.0,8818.0,661.0,1497821.0,5.887218833225065,0.44130773970988524,Southwest
"Oklahoma City, OK",2021-09-01,549.0,539.0,10.0,0.0,0.0,10.0,8442.0,407.0,1497821.0,5.636187501710818,0.27172806363377194,Southwest
"Oklahoma City, OK",2021-10-01,612.0,592.0,16.0,4.0,0.0,20.0,8366.0,389.0,1497821.0,5.585447126191982,0.2597106062740474,Southwest
"Oklahoma City, OK",2021-11-01,568.0,544.0,24.0,0.0,0.0,24.0,8382.0,403.0,1497821.0,5.596129310511737,0.26905751755383317,Southwest
"Oklahoma City, OK",2021-12-01,649.0,600.0,22.0,0.0,27.0,49.0,8412.0,430.0,1497821.0,5.6161584061112775,0.28708370359342006,Southwest
"Oklahoma City, OK",2022-01-01,595.0,565.0,30.0,0.0,0.0,30.0,8339.0,435.0,1497821.0,5.567420940152394,0.2904218861933435,Southwest
"Oklahoma City, OK",2022-02-01,644.0,612.0,32.0,0.0,0.0,32.0,8341.0,421.0,1497821.0,5.568756213192364,0.28107497491355776,Southwest
"Oklahoma City, OK",2022-03-01,894.0,848.0,46.0,0.0,0.0,46.0,8317.0,401.0,1497821.0,5.552732936712731,0.26772224451386384,Southwest
"Oklahoma City, OK",2022-04-01,723.0,675.0,44.0,4.0,0.0,48.0,8225.0,406.0,1497821.0,5.4913103768741385,0.2710604271137873,Southwest
"Oklahoma City, OK",2022-05-01,677.0,619.0,48.0,0.0,10.0,58.0,8152.0,442.0,1497821.0,5.442572910915256,0.2950953418332364,Southwest
"Oklahoma City, OK",2022-06-01,902.0,575.0,60.0,0.0,267.0,327.0,8279.0,738.0,1497821.0,5.527362748953313,0.4927157517487069,Southwest
"Oklahoma City, OK",2022-07-01,493.0,376.0,44.0,0.0,73.0,117.0,8041.0,796.0,1497821.0,5.368465257196955,0.5314386699078194,Southwest
"Oklahoma City, OK",2022-08-01,551.0,466.0,82.0,3.0,0.0,85.0,7857.0,846.0,1497821.0,5.24562013751977,0.5648204959070543,Southwest
"Oklahoma City, OK",2022-09-01,398.0,356.0,24.0,0.0,18.0,42.0,7706.0,878.0,1497821.0,5.14480702300208,0.5861848645465647,Southwest
"Oklahoma City, OK",2022-10-01,360.0,335.0,8.0,0.0,17.0,25.0,7454.0,883.0,1497821.0,4.976562619965938,0.5895230471464881,Southwest
"Oklahoma City, OK",2022-11-01,307.0,281.0,26.0,0.0,0.0,26.0,7193.0,885.0,1497821.0,4.802309488249931,0.5908583201864576,Southwest
"Oklahoma City, OK",2022-12-01,357.0,321.0,36.0,0.0,0.0,36.0,6901.0,872.0,1497821.0,4.6073596244144,0.5821790454266564,Southwest
"Oklahoma City, OK",2023-01-01,313.0,289.0,24.0,0.0,0.0,24.0,6619.0,866.0,1497821.0,4.419086125778715,0.5781732263067483,Southwest
"Oklahoma City, OK",2023-02-01,383.0,359.0,24.0,0.0,0.0,24.0,6358.0,858.0,1497821.0,4.244832994062708,0.5728321341468707,Southwest
"Oklahoma City, OK",2023-03-01,507.0,465.0,42.0,0.0,0.0,42.0,5971.0,854.0,1497821.0,3.98645766082863,0.5701615880669318,Southwest
"Oklahoma City, OK",2023-04-01,641.0,583.0,58.0,0.0,0.0,58.0,5889.0,864.0,1497821.0,3.9317114661898853,0.5768379532667789,Southwest
"Oklahoma City, OK",2023-05-01,758.0,666.0,68.0,0.0,24.0,92.0,5970.0,898.0,1497821.0,3.985790024308646,0.5995375949462586,Southwest
"Oklahoma City, OK",2023-06-01,572.0,522.0,32.0,0.0,18.0,50.0,5640.0,621.0,1497821.0,3.7654699727136958,0.41460227891049733,Southwest
"Oklahoma City, OK",2023-07-01,679.0,395.0,46.0,36.0,202.0,284.0,5826.0,788.0,1497821.0,3.889650365430849,0.5260975777479419,Southwest
"Oklahoma City, OK",2023-08-01,755.0,555.0,138.0,4.0,58.0,200.0,6030.0,903.0,1497821.0,4.025848215507727,0.602875777546182,Southwest
"Oklahoma City, OK",2023-09-01,511.0,417.0,46.0,48.0,0.0,94.0,6143.0,955.0,1497821.0,4.101291142265999,0.6375928765853864,Southwest
"Oklahoma City, OK",2023-10-01,498.0,411.0,72.0,15.0,0.0,87.0,6281.0,1017.0,1497821.0,4.193424982023887,0.6789863408244377,Southwest
"Oklahoma City, OK",2023-11-01,388.0,366.0,22.0,0.0,0.0,22.0,6362.0,1013.0,1497821.0,4.247503540142647,0.6763157947444989,Southwest
"Oklahoma City, OK",2023-12-01,377.0,351.0,26.0,0.0,0.0,26.0,6382.0,1003.0,1497821.0,4.260856270542342,0.6696394295446518,Southwest
"Oklahoma City, OK",2024-01-01,463.0,441.0,22.0,0.0,0.0,22.0,6532.0,1001.0,1497821.0,4.361001748540046,0.6683041565046824,Southwest
"Oklahoma City, OK",2024-02-01,455.0,427.0,28.0,0.0,0.0,28.0,6604.0,1005.0,1497821.0,4.409071577978944,0.6709747025846213,Southwest
"Oklahoma City, OK",2024-03-01,836.0,473.0,46.0,10.0,307.0,363.0,6933.0,1326.0,1497821.0,4.628723993053909,0.8852860254997093,Southwest
"Oklahoma City, OK",2024-04-01,1004.0,642.0,94.0,0.0,268.0,362.0,7296.0,1630.0,1497821.0,4.871076049808354,1.0882475275750574,Southwest
"Oklahoma City, OK",2024-05-01,616.0,528.0,52.0,18.0,18.0,88.0,7154.0,1626.0,1497821.0,4.776271663970528,1.0855769814951186,Southwest
"Oklahoma City, OK",2024-06-01,606.0,530.0,40.0,15.0,21.0,76.0,7188.0,1652.0,1497821.0,4.798971305650008,1.1029355310147206,Southwest
"Oklahoma City, OK",2024-07-01,575.0,505.0,34.0,14.0,22.0,70.0,7084.0,1438.0,1497821.0,4.729537107571599,0.9600613157379955,Southwest
"Oklahoma City, OK",2024-08-01,592.0,497.0,48.0,18.0,29.0,95.0,6921.0,1333.0,1497821.0,4.620712354814093,0.8899594811396022,Southwest
"Oklahoma City, OK",2024-09-01,514.0,432.0,34.0,25.0,23.0,82.0,6924.0,1321.0,1497821.0,4.6227152643740475,0.8819478428997858,Southwest
"Oklahoma City, OK",2024-10-01,581.0,508.0,32.0,22.0,19.0,73.0,7007.0,1307.0,1497821.0,4.6781290955327774,0.87260093162,Southwest
"Oklahoma City, OK",2024-11-01,505.0,463.0,38.0,4.0,0.0,42.0,7124.0,1327.0,1497821.0,4.756242568370986,0.8859536620196939,Southwest
"Oklahoma City, OK",2024-12-01,480.0,466.0,14.0,0.0,0.0,14.0,7227.0,1315.0,1497821.0,4.825009129929411,0.8779420237798775,Southwest
"Oklahoma City, OK",2025-01-01,644.0,553.0,58.0,20.0,13.0,91.0,7408.0,1384.0,1497821.0,4.945851340046641,0.9240089436588217,Southwest
"Oklahoma City, OK",2025-02-01,856.0,554.0,14.0,0.0,288.0,302.0,7809.0,1658.0,1497821.0,5.213573584560505,1.106941350134629,Southwest
"Oklahoma City, OK",2025-03-01,739.0,660.0,36.0,24.0,19.0,79.0,7712.0,1374.0,1497821.0,5.148812842121989,0.9173325784589748,Southwest
"Oklahoma City, OK",2025-04-01,987.0,539.0,18.0,0.0,430.0,448.0,7695.0,1460.0,1497821.0,5.137463021282249,0.9747493191776587,Southwest
"Oklahoma City, OK",2025-05-01,550.0,503.0,36.0,3.0,8.0,47.0,7629.0,1419.0,1497821.0,5.093399010963259,0.9473762218582862,Southwest
"Oklahoma City, OK",2025-06-01,662.0,501.0,56.0,3.0,102.0,161.0,7685.0,1504.0,1497821.0,5.130786656082402,1.0041253260569856,Southwest
"Oklahoma City, OK",2025-07-01,593.0,531.0,22.0,3.0,37.0,62.0,7703.0,1496.0,1497821.0,5.142804113442127,0.9987842338971078,Southwest
"Oklahoma City, OK",2025-08-01,704.0,503.0,28.0,3.0,170.0,201.0,7815.0,1602.0,1497821.0,5.217579403680413,1.069553705015486,Southwest
"Oklahoma City, OK",2025-09-01,713.0,423.0,26.0,0.0,264.0,290.0,8014.0,1810.0,1497821.0,5.350439071157368,1.2084221011723029,Southwest
"Oklahoma City, OK",2025-10-01,674.0,491.0,18.0,15.0,150.0,183.0,8107.0,1920.0,1497821.0,5.412529267515945,1.2818621183706196,Southwest
"Oklahoma City, OK",2025-11-01,411.0,346.0,32.0,8.0,25.0,65.0,8013.0,1943.0,1497821.0,5.3497714346373835,1.2972177583302678,Southwest
"Oklahoma City, OK",2025-12-01,831.0,488.0,16.0,15.0,312.0,343.0,8364.0,2272.0,1497821.0,5.584111853152012,1.5168701734052334,Southwest
"Oklahoma City, OK",2026-01-01,715.0,668.0,22.0,0.0,25.0,47.0,8435.0,2228.0,1497821.0,5.631514046070926,1.4874941665259065,Southwest
"Oklahoma City, OK",2026-02-01,590.0,532.0,46.0,12.0,0.0,58.0,8169.0,1984.0,1497821.0,5.453922731754996,1.3245908556496404,Southwest
"Oklahoma City, OK",2026-03-01,716.0,525.0,16.0,24.0,151.0,191.0,8146.0,2096.0,1497821.0,5.438567091795348,1.3993661458879265,Southwest
"Oklahoma City, OK",2026-04-01,649.0,574.0,26.0,8.0,41.0,75.0,7808.0,1723.0,1497821.0,5.212905948040521,1.1503377239336343,Southwest
"Oklahoma City, OK",2026-05-01,767.0,633.0,30.0,8.0,96.0,134.0,8025.0,1810.0,1497821.0,5.3577830728772,1.2084221011723029,Southwest
"Orlando, FL",2020-07-01,2102.0,1480.0,30.0,8.0,584.0,622.0,2102.0,622.0,2940513.0,0.7148412538900526,0.21152771642227053,Southeast
"Orlando, FL",2020-08-01,3458.0,1496.0,24.0,20.0,1918.0,1962.0,5560.0,2584.0,2940513.0,1.890826532649235,0.8787582302815868,Southeast
"Orlando, FL",2020-09-01,1871.0,1489.0,12.0,16.0,354.0,382.0,7431.0,2966.0,2940513.0,2.5271100654885728,1.0086675352225956,Southeast
"Orlando, FL",2020-10-01,2103.0,1468.0,12.0,16.0,607.0,635.0,9534.0,3601.0,2940513.0,3.2422913960931306,1.2246162489334345,Southeast
"Orlando, FL",2020-11-01,1464.0,1321.0,20.0,19.0,104.0,143.0,10998.0,3744.0,2940513.0,3.7401637061288286,1.2732472191076862,Southeast
"Orlando, FL",2020-12-01,1590.0,1299.0,6.0,3.0,282.0,291.0,12588.0,4035.0,2940513.0,4.280885682192189,1.3722095430287164,Southeast
"Orlando, FL",2021-01-01,2005.0,1064.0,6.0,0.0,935.0,941.0,14593.0,4976.0,2940513.0,4.9627394947752315,1.6922217313781642,Southeast
"Orlando, FL",2021-02-01,1030.0,912.0,12.0,0.0,106.0,118.0,15623.0,5094.0,2940513.0,5.313018510715647,1.732350783689785,Southeast
"Orlando, FL",2021-03-01,2333.0,1675.0,10.0,0.0,648.0,658.0,17956.0,5752.0,2940513.0,6.106417485656415,1.9561212618342447,Southeast
"Orlando, FL",2021-04-01,3072.0,1847.0,26.0,7.0,1192.0,1225.0,21028.0,6977.0,2940513.0,7.151133152616567,2.372715237103186,Southeast
"Orlando, FL",2021-05-01,2132.0,1643.0,16.0,20.0,453.0,489.0,23160.0,7466.0,2940513.0,7.876176707941776,2.5390127504962567,Southeast
"Orlando, FL",2021-06-01,3314.0,1672.0,28.0,19.0,1595.0,1642.0,26474.0,9108.0,2940513.0,9.003190939812203,3.0974187157138906,Southeast
"Orlando, FL",2021-07-01,2907.0,1500.0,24.0,8.0,1375.0,1407.0,27279.0,9893.0,2940513.0,9.276952694988935,3.3643789366005183,Southeast
"Orlando, FL",2021-08-01,4247.0,1742.0,30.0,62.0,2413.0,2505.0,28068.0,10436.0,2940513.0,9.545273222733584,3.5490405925768735,Southeast
"Orlando, FL",2021-09-01,2756.0,1408.0,4.0,20.0,1324.0,1348.0,28953.0,11402.0,2940513.0,9.846241115070738,3.877554698788953,Southeast
"Orlando, FL",2021-10-01,3117.0,1543.0,4.0,8.0,1562.0,1574.0,29967.0,12341.0,2940513.0,10.19107890357907,4.19688673370939,Southeast
"Orlando, FL",2021-11-01,1605.0,1174.0,8.0,25.0,398.0,431.0,30108.0,12629.0,2940513.0,10.23902972032431,4.294828827486904,Southeast
"Orlando, FL",2021-12-01,1667.0,1457.0,4.0,32.0,174.0,210.0,30185.0,12548.0,2940513.0,10.265215627341215,4.267282613611979,Southeast
"Orlando, FL",2022-01-01,2761.0,1582.0,2.0,24.0,1153.0,1179.0,30941.0,12786.0,2940513.0,10.522313623507191,4.34822087166423,Southeast
"Orlando, FL",2022-02-01,1932.0,1397.0,14.0,40.0,481.0,535.0,31843.0,13203.0,2940513.0,10.829062819990932,4.4900328616129235,Southeast
"Orlando, FL",2022-03-01,3382.0,1878.0,26.0,8.0,1470.0,1504.0,32892.0,14049.0,2940513.0,11.185803293506948,4.777737762084371,Southeast
"Orlando, FL",2022-04-01,3891.0,1785.0,12.0,15.0,2079.0,2106.0,33711.0,14930.0,2940513.0,11.464326122686755,5.0773453475635035,Southeast
"Orlando, FL",2022-05-01,2313.0,1545.0,4.0,4.0,760.0,768.0,33892.0,15209.0,2940513.0,11.525880008012209,5.17222675091047,Southeast
"Orlando, FL",2022-06-01,2081.0,1427.0,6.0,20.0,628.0,654.0,32659.0,14221.0,2940513.0,11.106565419027225,4.836230956979276,Southeast
"Orlando, FL",2022-07-01,1488.0,1212.0,26.0,3.0,247.0,276.0,31240.0,13090.0,2940513.0,10.623996561144263,4.451604192873829,Southeast
"Orlando, FL",2022-08-01,1670.0,1118.0,28.0,12.0,512.0,552.0,28663.0,11137.0,2940513.0,9.747618867864212,3.787434369445059,Southeast
"Orlando, FL",2022-09-01,2684.0,913.0,18.0,0.0,1753.0,1771.0,28591.0,11560.0,2940513.0,9.723133344419836,3.9312868196807833,Southeast
"Orlando, FL",2022-10-01,1973.0,993.0,24.0,16.0,940.0,980.0,27447.0,10966.0,2940513.0,9.33408558302582,3.72928125126466,Southeast
"Orlando, FL",2022-11-01,1550.0,1011.0,18.0,16.0,505.0,539.0,27392.0,11074.0,2940513.0,9.31538136372803,3.7660095364312283,Southeast
"Orlando, FL",2022-12-01,2385.0,1084.0,12.0,0.0,1289.0,1301.0,28110.0,12165.0,2940513.0,9.559556444742805,4.137033231956464,Southeast
"Orlando, FL",2023-01-01,1626.0,1077.0,30.0,16.0,503.0,549.0,26975.0,11535.0,2940513.0,9.173569373779337,3.9227849018181518,Southeast
"Orlando, FL",2023-02-01,1956.0,1216.0,2.0,12.0,726.0,740.0,26999.0,11740.0,2940513.0,9.181731214927463,3.99250062829173,Southeast
"Orlando, FL",2023-03-01,2536.0,1707.0,26.0,3.0,800.0,829.0,26153.0,11065.0,2940513.0,8.894026314456015,3.762948846000681,Southeast
"Orlando, FL",2023-04-01,2882.0,1344.0,8.0,0.0,1530.0,1538.0,25144.0,10497.0,2940513.0,8.55088890952021,3.569785272161694,Southeast
"Orlando, FL",2023-05-01,2020.0,1589.0,4.0,0.0,427.0,431.0,24851.0,10160.0,2940513.0,8.45124643217017,3.4551794193734224,Southeast
"Orlando, FL",2023-06-01,3032.0,1670.0,2.0,8.0,1352.0,1362.0,25802.0,10868.0,2940513.0,8.77465938766467,3.695953733243145,Southeast
"Orlando, FL",2023-07-01,1891.0,1384.0,0.0,0.0,507.0,507.0,26205.0,11099.0,2940513.0,8.911710303610288,3.7745114542938594,Southeast
"Orlando, FL",2023-08-01,2230.0,1721.0,6.0,6.0,497.0,509.0,26765.0,11056.0,2940513.0,9.102153263733234,3.7598881555701333,Southeast
"Orlando, FL",2023-09-01,2368.0,1531.0,4.0,8.0,825.0,837.0,26449.0,10122.0,2940513.0,8.99468902194957,3.4422565042222226,Southeast
"Orlando, FL",2023-10-01,1810.0,1517.0,2.0,0.0,291.0,293.0,26286.0,9435.0,2940513.0,8.939256517485214,3.2086238013571102,Southeast
"Orlando, FL",2023-11-01,1650.0,1125.0,2.0,0.0,523.0,525.0,26386.0,9421.0,2940513.0,8.97326418893574,3.2038627273540365,Southeast
"Orlando, FL",2023-12-01,1537.0,1162.0,4.0,0.0,371.0,375.0,25538.0,8495.0,2940513.0,8.684879135035281,2.888951689722168,Southeast
"Orlando, FL",2024-01-01,2122.0,1092.0,18.0,0.0,1012.0,1030.0,26034.0,8976.0,2940513.0,8.85355718542989,3.0525285893991967,Southeast
"Orlando, FL",2024-02-01,1773.0,907.0,14.0,91.0,761.0,866.0,25851.0,9102.0,2940513.0,8.791323146675428,3.095378255426859,Southeast
"Orlando, FL",2024-03-01,1187.0,1159.0,2.0,3.0,23.0,28.0,24502.0,8301.0,2940513.0,8.332559658807835,2.822976807108147,Southeast
"Orlando, FL",2024-04-01,2301.0,1310.0,2.0,0.0,989.0,991.0,23921.0,7754.0,2940513.0,8.134975087680278,2.636954844273771,Southeast
"Orlando, FL",2024-05-01,2382.0,1626.0,4.0,4.0,748.0,756.0,24283.0,8079.0,2940513.0,8.258082858331182,2.74747977648798,Southeast
"Orlando, FL",2024-06-01,2700.0,1506.0,8.0,4.0,1182.0,1194.0,23951.0,7911.0,2940513.0,8.145177389115435,2.6903468884510966,Southeast
"Orlando, FL",2024-07-01,1905.0,1402.0,6.0,3.0,494.0,503.0,23965.0,7907.0,2940513.0,8.14993846311851,2.688986581593076,Southeast
"Orlando, FL",2024-08-01,1971.0,1500.0,14.0,52.0,405.0,471.0,23706.0,7869.0,2940513.0,8.061858594061649,2.676063666441876,Southeast
"Orlando, FL",2024-09-01,1994.0,1305.0,2.0,0.0,687.0,689.0,23332.0,7721.0,2940513.0,7.934669902836682,2.6257323126950975,Southeast
"Orlando, FL",2024-10-01,1641.0,1203.0,26.0,0.0,412.0,438.0,23163.0,7866.0,2940513.0,7.877196938085293,2.67504343629836,Southeast
"Orlando, FL",2024-11-01,1388.0,1250.0,0.0,3.0,135.0,138.0,22901.0,7479.0,2940513.0,7.788096838884916,2.5434337477848254,Southeast
"Orlando, FL",2024-12-01,2158.0,1328.0,0.0,3.0,827.0,830.0,23522.0,7934.0,2940513.0,7.999284478592681,2.6981686528847177,Southeast
"Orlando, FL",2025-01-01,3632.0,1393.0,24.0,12.0,2203.0,2239.0,25032.0,9143.0,2940513.0,8.512800317495621,3.1093214007215746,Southeast
"Orlando, FL",2025-02-01,2304.0,1267.0,24.0,4.0,1009.0,1037.0,25563.0,9314.0,2940513.0,8.693381052897914,3.1674745189019737,Southeast
"Orlando, FL",2025-03-01,3159.0,1371.0,8.0,0.0,1780.0,1788.0,27535.0,11074.0,2940513.0,9.364012333902282,3.7660095364312283,Southeast
"Orlando, FL",2025-04-01,2459.0,1525.0,16.0,0.0,918.0,934.0,27693.0,11017.0,2940513.0,9.417744454794112,3.7466251637044286,Southeast
"Orlando, FL",2025-05-01,1792.0,1207.0,6.0,0.0,579.0,585.0,27103.0,10846.0,2940513.0,9.21709919323601,3.6884720455240294,Southeast
"Orlando, FL",2025-06-01,2596.0,1836.0,2.0,4.0,754.0,760.0,26999.0,10412.0,2940513.0,9.181731214927463,3.5408787514287474,Southeast
"Orlando, FL",2025-07-01,2082.0,1063.0,4.0,11.0,1004.0,1019.0,27176.0,10928.0,2940513.0,9.241924793394894,3.7163583361134602,Southeast
"Orlando, FL",2025-08-01,1649.0,927.0,10.0,8.0,704.0,722.0,26854.0,11179.0,2940513.0,9.1324200913242,3.8017175914542802,Southeast
"Orlando, FL",2025-09-01,2024.0,856.0,18.0,0.0,1150.0,1168.0,26884.0,11658.0,2940513.0,9.142622392759359,3.964614337702299,Southeast
"Orlando, FL",2025-10-01,2471.0,1094.0,16.0,3.0,1358.0,1377.0,27714.0,12597.0,2940513.0,9.424886065798722,4.283946372622736,Southeast
"Orlando, FL",2025-11-01,1044.0,773.0,4.0,6.0,261.0,271.0,27370.0,12730.0,2940513.0,9.307899676008914,4.329176575651935,Southeast
"Orlando, FL",2025-12-01,2182.0,865.0,10.0,0.0,1307.0,1317.0,27394.0,13217.0,2940513.0,9.31606151715704,4.494793935615997,Southeast
"Orlando, FL",2026-01-01,1394.0,956.0,10.0,0.0,428.0,438.0,25156.0,11416.0,2940513.0,8.554969830094272,3.8823157727920266,Southeast
"Orlando, FL",2026-02-01,1333.0,904.0,12.0,8.0,409.0,429.0,24185.0,10808.0,2940513.0,8.224755340309668,3.6755491303728296,Southeast
"Orlando, FL",2026-03-01,1432.0,1122.0,24.0,16.0,270.0,310.0,22458.0,9330.0,2940513.0,7.637442854359087,3.172915746334058,Southeast
"Orlando, FL",2026-04-01,1926.0,1124.0,6.0,36.0,760.0,802.0,21925.0,9198.0,2940513.0,7.456181965527784,3.128025620019364,Southeast
"Orlando, FL",2026-05-01,1846.0,1050.0,18.0,24.0,754.0,796.0,21979.0,9409.0,2940513.0,7.474546108111067,3.1997818067799737,Southeast
"Philadelphia, PA",2020-07-01,1483.0,747.0,28.0,70.0,638.0,736.0,1483.0,736.0,6330422.0,0.2342655829263831,0.11626397102752391,Northeast
"Philadelphia, PA",2020-08-01,1183.0,724.0,30.0,60.0,369.0,459.0,2666.0,1195.0,6330422.0,0.42114096027089504,0.1887709855677868,Northeast
"Philadelphia, PA",2020-09-01,1015.0,743.0,4.0,6.0,262.0,272.0,3681.0,1467.0,6330422.0,0.5814778224895591,0.23173810529535,Northeast
"Philadelphia, PA",2020-10-01,1416.0,797.0,52.0,66.0,501.0,619.0,5097.0,2086.0,6330422.0,0.805159592835991,0.3295198961459441,Northeast
"Philadelphia, PA",2020-11-01,1796.0,844.0,26.0,96.0,830.0,952.0,6893.0,3038.0,6330422.0,1.0888689569194596,0.4799048151924153,Northeast
"Philadelphia, PA",2020-12-01,1540.0,654.0,48.0,29.0,809.0,886.0,8433.0,3924.0,6330422.0,1.3321386789063985,0.6198638890108747,Northeast
"Philadelphia, PA",2021-01-01,2492.0,744.0,60.0,97.0,1591.0,1748.0,10925.0,5672.0,6330422.0,1.7257933199398081,0.8959908202012441,Northeast
"Philadelphia, PA",2021-02-01,2220.0,719.0,58.0,73.0,1370.0,1501.0,13145.0,7173.0,6330422.0,2.0764808412456546,1.1330998154625396,Northeast
"Philadelphia, PA",2021-03-01,2663.0,793.0,52.0,66.0,1752.0,1870.0,15808.0,9043.0,6330422.0,2.4971478994607312,1.4284987635895363,Northeast
"Philadelphia, PA",2021-04-01,1839.0,785.0,32.0,53.0,969.0,1054.0,17647.0,10097.0,6330422.0,2.787649859677601,1.5949963525338438,Northeast
"Philadelphia, PA",2021-05-01,1625.0,779.0,40.0,49.0,757.0,846.0,19272.0,10943.0,6330422.0,3.0443468065794033,1.7286367322747205,Northeast
"Philadelphia, PA",2021-06-01,1395.0,818.0,42.0,65.0,470.0,577.0,20667.0,11520.0,6330422.0,3.2647112625351045,1.8197838943438527,Northeast
"Philadelphia, PA",2021-07-01,1515.0,740.0,56.0,71.0,648.0,775.0,20699.0,11559.0,6330422.0,3.2697662177971702,1.8259446210694958,Northeast
"Philadelphia, PA",2021-08-01,1384.0,747.0,56.0,48.0,533.0,637.0,20900.0,11737.0,6330422.0,3.3015176555370243,1.8540628097147394,Northeast
"Philadelphia, PA",2021-09-01,1235.0,634.0,28.0,58.0,515.0,601.0,21120.0,12066.0,6330422.0,3.33627047296373,1.906034068502858,Northeast
"Philadelphia, PA",2021-10-01,1233.0,705.0,32.0,55.0,441.0,528.0,20937.0,11975.0,6330422.0,3.3073624475587886,1.8916590394763573,Northeast
"Philadelphia, PA",2021-11-01,1437.0,606.0,44.0,64.0,723.0,831.0,20578.0,11854.0,6330422.0,3.2506521682124827,1.872544989891669,Northeast
"Philadelphia, PA",2021-12-01,11888.0,1153.0,178.0,300.0,10257.0,10735.0,30926.0,21703.0,6330422.0,4.885298326083158,3.4283654391444993,Northeast
"Philadelphia, PA",2022-01-01,1056.0,757.0,18.0,6.0,275.0,299.0,29490.0,20254.0,6330422.0,4.658457208697935,3.199470746184062,Northeast
"Philadelphia, PA",2022-02-01,975.0,621.0,10.0,29.0,315.0,354.0,28245.0,19107.0,6330422.0,4.46178785553317,3.018282193509374,Northeast
"Philadelphia, PA",2022-03-01,1160.0,734.0,28.0,57.0,341.0,426.0,26742.0,17663.0,6330422.0,4.224362925567995,2.7901773373086347,Northeast
"Philadelphia, PA",2022-04-01,1386.0,686.0,52.0,45.0,603.0,700.0,26289.0,17309.0,6330422.0,4.1528037151393695,2.7342568947220265,Northeast
"Philadelphia, PA",2022-05-01,1246.0,737.0,70.0,62.0,377.0,509.0,25910.0,16972.0,6330422.0,4.092934088754273,2.6810218971183915,Northeast
"Philadelphia, PA",2022-06-01,1217.0,631.0,44.0,30.0,512.0,586.0,25732.0,16981.0,6330422.0,4.064815900109029,2.682443603285847,Northeast
"Philadelphia, PA",2022-07-01,1051.0,575.0,14.0,45.0,417.0,476.0,25268.0,16682.0,6330422.0,3.9915190488090686,2.6352113650559157,Northeast
"Philadelphia, PA",2022-08-01,1011.0,628.0,48.0,61.0,274.0,383.0,24895.0,16428.0,6330422.0,3.9325972265356084,2.5950876576632647,Northeast
"Philadelphia, PA",2022-09-01,1075.0,570.0,14.0,40.0,451.0,505.0,24735.0,16332.0,6330422.0,3.9073224502252777,2.5799227918770664,Northeast
"Philadelphia, PA",2022-10-01,801.0,463.0,20.0,43.0,275.0,338.0,24303.0,16142.0,6330422.0,3.839080554187383,2.549908995008548,Northeast
"Philadelphia, PA",2022-11-01,1272.0,485.0,16.0,53.0,718.0,787.0,24138.0,16098.0,6330422.0,3.813015941117354,2.5429584315232066,Northeast
"Philadelphia, PA",2022-12-01,1118.0,474.0,10.0,47.0,587.0,644.0,13368.0,6007.0,6330422.0,2.1117075607281786,0.9489098831010002,Northeast
"Philadelphia, PA",2023-01-01,955.0,491.0,28.0,47.0,389.0,464.0,13267.0,6172.0,6330422.0,2.095752858182282,0.9749744961710294,Northeast
"Philadelphia, PA",2023-02-01,788.0,563.0,10.0,32.0,183.0,225.0,13080.0,6043.0,6330422.0,2.0662129633695825,0.9545967077708247,Northeast
"Philadelphia, PA",2023-03-01,1268.0,546.0,24.0,41.0,657.0,722.0,13188.0,6339.0,6330422.0,2.0832734373790562,1.0013550439449375,Northeast
"Philadelphia, PA",2023-04-01,1143.0,547.0,40.0,33.0,523.0,596.0,12945.0,6235.0,6330422.0,2.0448873708577406,0.9849264393432223,Northeast
"Philadelphia, PA",2023-05-01,1247.0,685.0,6.0,28.0,528.0,562.0,12946.0,6288.0,6330422.0,2.04504533820968,0.9932987089960196,Northeast
"Philadelphia, PA",2023-06-01,1235.0,772.0,8.0,39.0,416.0,463.0,12964.0,6165.0,6330422.0,2.0478887505445926,0.9738687247074523,Northeast
"Philadelphia, PA",2023-07-01,1014.0,616.0,16.0,11.0,371.0,398.0,12927.0,6087.0,6330422.0,2.0420439585228283,0.9615472712561658,Northeast
"Philadelphia, PA",2023-08-01,924.0,707.0,14.0,35.0,168.0,217.0,12840.0,5921.0,6330422.0,2.0283007989040853,0.9353246908341971,Northeast
"Philadelphia, PA",2023-09-01,1066.0,715.0,38.0,22.0,291.0,351.0,12831.0,5767.0,6330422.0,2.0268790927366296,0.9109977186355033,Northeast
"Philadelphia, PA",2023-10-01,1634.0,645.0,30.0,21.0,938.0,989.0,13664.0,6418.0,6330422.0,2.1584658969022916,1.0138344647481636,Northeast
"Philadelphia, PA",2023-11-01,1088.0,587.0,22.0,49.0,430.0,501.0,13480.0,6132.0,6330422.0,2.129399904145411,0.9686558020934466,Northeast
"Philadelphia, PA",2023-12-01,1007.0,543.0,10.0,13.0,441.0,464.0,13369.0,5952.0,6330422.0,2.111865528080118,0.9402216787443238,Northeast
"Philadelphia, PA",2024-01-01,949.0,675.0,6.0,43.0,225.0,274.0,13363.0,5762.0,6330422.0,2.110917723968481,0.9102078818758055,Northeast
"Philadelphia, PA",2024-02-01,986.0,657.0,6.0,35.0,288.0,329.0,13561.0,5866.0,6330422.0,2.142195259652516,0.9266364864775208,Northeast
"Philadelphia, PA",2024-03-01,1447.0,728.0,166.0,42.0,511.0,719.0,13740.0,5863.0,6330422.0,2.170471415649699,0.9261625844217021,Northeast
"Philadelphia, PA",2024-04-01,974.0,583.0,4.0,38.0,349.0,391.0,13571.0,5658.0,6330422.0,2.143774933171912,0.8937792772740901,Northeast
"Philadelphia, PA",2024-05-01,1444.0,716.0,14.0,75.0,639.0,728.0,13768.0,5824.0,6330422.0,2.1748945015040073,0.9200018576960589,Northeast
"Philadelphia, PA",2024-06-01,1078.0,715.0,4.0,63.0,296.0,363.0,13611.0,5724.0,6330422.0,2.1500936272494946,0.9042051225021017,Northeast
"Philadelphia, PA",2024-07-01,962.0,646.0,18.0,65.0,233.0,316.0,13559.0,5642.0,6330422.0,2.1418793249486368,0.891251799643057,Northeast
"Philadelphia, PA",2024-08-01,1042.0,671.0,8.0,33.0,330.0,371.0,13677.0,5796.0,6330422.0,2.1605194724775063,0.9155787718417507,Northeast
"Philadelphia, PA",2024-09-01,1009.0,653.0,10.0,53.0,293.0,356.0,13620.0,5801.0,6330422.0,2.151515333416951,0.9163686086014488,Northeast
"Philadelphia, PA",2024-10-01,1211.0,689.0,24.0,41.0,457.0,522.0,13197.0,5334.0,6330422.0,2.0846951435465124,0.8425978552456692,Northeast
"Philadelphia, PA",2024-11-01,1369.0,663.0,28.0,27.0,651.0,706.0,13478.0,5539.0,6330422.0,2.1290839694415316,0.8749811623932812,Northeast
"Philadelphia, PA",2024-12-01,1249.0,493.0,4.0,21.0,731.0,756.0,13720.0,5831.0,6330422.0,2.167312068610908,0.9211076291596358,Northeast
"Philadelphia, PA",2025-01-01,931.0,648.0,6.0,38.0,239.0,283.0,13702.0,5840.0,6330422.0,2.1644686562759956,0.9225293353270919,Northeast
"Philadelphia, PA",2025-02-01,1177.0,545.0,8.0,34.0,590.0,632.0,13893.0,6143.0,6330422.0,2.1946404204964534,0.9703934429647818,Northeast
"Philadelphia, PA",2025-03-01,1269.0,774.0,12.0,45.0,438.0,495.0,13715.0,5919.0,6330422.0,2.16652223185121,0.9350087561303181,Northeast
"Philadelphia, PA",2025-04-01,1017.0,742.0,10.0,23.0,242.0,275.0,13758.0,5803.0,6330422.0,2.1733148279846115,0.9166845433053278,Northeast
"Philadelphia, PA",2025-05-01,976.0,670.0,8.0,27.0,271.0,306.0,13290.0,5381.0,6330422.0,2.0993861072768927,0.850022320786829,Northeast
"Philadelphia, PA",2025-06-01,1276.0,780.0,30.0,42.0,424.0,496.0,13488.0,5514.0,6330422.0,2.1306636429609274,0.871031978594792,Northeast
"Philadelphia, PA",2025-07-01,937.0,680.0,14.0,49.0,194.0,257.0,13463.0,5455.0,6330422.0,2.126714459162438,0.8617119048303573,Northeast
"Philadelphia, PA",2025-08-01,842.0,618.0,40.0,54.0,130.0,224.0,13263.0,5308.0,6330422.0,2.0951209887745237,0.8384907040952404,Northeast
"Philadelphia, PA",2025-09-01,1240.0,606.0,24.0,34.0,576.0,634.0,13494.0,5586.0,6330422.0,2.131611447072565,0.882405627934441,Northeast
"Philadelphia, PA",2025-10-01,1231.0,762.0,28.0,83.0,358.0,469.0,13514.0,5533.0,6330422.0,2.1347707941113563,0.8740333582816437,Northeast
"Philadelphia, PA",2025-11-01,1151.0,515.0,6.0,56.0,574.0,636.0,13296.0,5463.0,6330422.0,2.10033391138853,0.8629756436458739,Northeast
"Philadelphia, PA",2025-12-01,1409.0,657.0,20.0,49.0,683.0,752.0,13456.0,5459.0,6330422.0,2.125608687698861,0.8623437742381156,Northeast
"Philadelphia, PA",2026-01-01,1136.0,489.0,16.0,68.0,563.0,647.0,13661.0,5823.0,6330422.0,2.157991994846473,0.9198438903441192,Northeast
"Philadelphia, PA",2026-02-01,1333.0,585.0,28.0,32.0,688.0,748.0,13817.0,5939.0,6330422.0,2.1826349017490463,0.9381681031691094,Northeast
"Philadelphia, PA",2026-03-01,1024.0,760.0,22.0,46.0,196.0,264.0,13572.0,5708.0,6330422.0,2.1439329005238514,0.9016776448710686,Northeast
"Philadelphia, PA",2026-04-01,1532.0,753.0,28.0,36.0,715.0,779.0,14087.0,6212.0,6330422.0,2.22528608677273,0.9812931902486123,Northeast
"Philadelphia, PA",2026-05-01,1017.0,535.0,18.0,65.0,399.0,482.0,14128.0,6388.0,6330422.0,2.231762748202253,1.0090954441899767,Northeast
"Phoenix, AZ",2020-07-01,4659.0,3003.0,102.0,10.0,1544.0,1656.0,4659.0,1656.0,5186958.0,0.8982143290923119,0.3192622728003581,Southwest
"Phoenix, AZ",2020-08-01,3651.0,2808.0,72.0,27.0,744.0,843.0,8310.0,2499.0,5186958.0,1.602095100827884,0.4817852776135839,Southwest
"Phoenix, AZ",2020-09-01,3287.0,3109.0,16.0,6.0,156.0,178.0,11597.0,2677.0,5186958.0,2.2357998657401894,0.5161021161150717,Southwest
"Phoenix, AZ",2020-10-01,4336.0,3171.0,86.0,18.0,1061.0,1165.0,15933.0,3842.0,5186958.0,3.0717426283382285,0.7407038961950337,Southwest
"Phoenix, AZ",2020-11-01,3685.0,2655.0,50.0,15.0,965.0,1030.0,19618.0,4872.0,5186958.0,3.7821783018100397,0.9392788605575754,Southwest
"Phoenix, AZ",2020-12-01,5262.0,3271.0,68.0,21.0,1902.0,1991.0,24880.0,6863.0,5186958.0,4.79664574110683,1.3231261945826436,Southwest
"Phoenix, AZ",2021-01-01,4070.0,2656.0,44.0,28.0,1342.0,1414.0,28950.0,8277.0,5186958.0,5.581306037180174,1.5957329903191813,Southwest
"Phoenix, AZ",2021-02-01,4393.0,3094.0,40.0,4.0,1255.0,1299.0,33343.0,9576.0,5186958.0,6.428237899747791,1.8461687948890275,Southwest
"Phoenix, AZ",2021-03-01,3923.0,3536.0,72.0,24.0,291.0,387.0,37266.0,9963.0,5186958.0,7.184557885373277,1.920778999945633,Southwest
"Phoenix, AZ",2021-04-01,4777.0,3529.0,56.0,23.0,1169.0,1248.0,42043.0,11211.0,5186958.0,8.105521579314889,2.1613824519111198,Southwest
"Phoenix, AZ",2021-05-01,4277.0,2838.0,66.0,27.0,1346.0,1439.0,46320.0,12650.0,5186958.0,8.930089659488278,2.438809028336069,Southwest
"Phoenix, AZ",2021-06-01,4539.0,3150.0,56.0,25.0,1308.0,1389.0,50859.0,14039.0,5186958.0,9.805169041276216,2.7065960433841956,Southwest
"Phoenix, AZ",2021-07-01,4752.0,2993.0,120.0,0.0,1639.0,1759.0,50952.0,14142.0,5186958.0,9.823098625437105,2.72645353982045,Southwest
"Phoenix, AZ",2021-08-01,3870.0,2789.0,88.0,46.0,947.0,1081.0,51171.0,14380.0,5186958.0,9.865319904267588,2.7723378519741244,Southwest
"Phoenix, AZ",2021-09-01,3280.0,2325.0,54.0,3.0,898.0,955.0,51164.0,15157.0,5186958.0,9.863970365674833,2.9221366357699448,Southwest
"Phoenix, AZ",2021-10-01,4029.0,2449.0,184.0,35.0,1361.0,1580.0,50857.0,15572.0,5186958.0,9.804783458821143,3.0021449951975705,Southwest
"Phoenix, AZ",2021-11-01,4306.0,2545.0,144.0,19.0,1598.0,1761.0,51478.0,16303.0,5186958.0,9.924506811121278,3.1430753825267144,Southwest
"Phoenix, AZ",2021-12-01,4918.0,2603.0,98.0,58.0,2159.0,2315.0,51134.0,16627.0,5186958.0,9.85818662884874,3.2055397402485233,Southwest
"Phoenix, AZ",2022-01-01,4548.0,2986.0,162.0,7.0,1393.0,1562.0,51612.0,16775.0,5186958.0,9.950340835611161,3.2340728419239175,Southwest
"Phoenix, AZ",2022-02-01,4194.0,3155.0,206.0,53.0,780.0,1039.0,51413.0,16515.0,5186958.0,9.911975381331409,3.183947122764441,Southwest
"Phoenix, AZ",2022-03-01,5436.0,3841.0,194.0,12.0,1389.0,1595.0,52926.0,17723.0,5186958.0,10.203668508594054,3.41683892562847,Southwest
"Phoenix, AZ",2022-04-01,4077.0,2806.0,200.0,0.0,1071.0,1271.0,52226.0,17746.0,5186958.0,10.06871464931854,3.4212731238618086,Southwest
"Phoenix, AZ",2022-05-01,4034.0,2752.0,148.0,8.0,1126.0,1282.0,51983.0,17589.0,5186958.0,10.021866381027184,3.3910049011385865,Southwest
"Phoenix, AZ",2022-06-01,4138.0,2248.0,74.0,102.0,1714.0,1890.0,51582.0,18090.0,5186958.0,9.944557098785069,3.4875933061343467,Southwest
"Phoenix, AZ",2022-07-01,4506.0,1960.0,18.0,4.0,2524.0,2546.0,51336.0,18877.0,5186958.0,9.897130456811102,3.6393200022055314,Southwest
"Phoenix, AZ",2022-08-01,3368.0,2060.0,102.0,9.0,1197.0,1308.0,50834.0,19104.0,5186958.0,9.800349260587804,3.6830836108563054,Southwest
"Phoenix, AZ",2022-09-01,3203.0,1485.0,98.0,24.0,1596.0,1718.0,50757.0,19867.0,5186958.0,9.785504336067499,3.8301833174666156,Southwest
"Phoenix, AZ",2022-10-01,2875.0,1149.0,134.0,8.0,1584.0,1726.0,49603.0,20013.0,5186958.0,9.563023259490437,3.8583308366869367,Southwest
"Phoenix, AZ",2022-11-01,2171.0,1390.0,78.0,0.0,703.0,781.0,47468.0,19033.0,5186958.0,9.15141398870012,3.6693954337012173,Southwest
"Phoenix, AZ",2022-12-01,4389.0,997.0,114.0,0.0,3278.0,3392.0,46939.0,20110.0,5186958.0,9.04942742933334,3.877031585757972,Southwest
"Phoenix, AZ",2023-01-01,1435.0,1102.0,62.0,24.0,247.0,333.0,43826.0,18881.0,5186958.0,8.449268338012375,3.6400911671156773,Southwest
"Phoenix, AZ",2023-02-01,3724.0,1359.0,40.0,0.0,2325.0,2365.0,43356.0,20207.0,5186958.0,8.358656461070245,3.895732334829008,Southwest
"Phoenix, AZ",2023-03-01,5359.0,2216.0,76.0,0.0,3067.0,3143.0,43279.0,21755.0,5186958.0,8.34381153654994,4.194173155055429,Southwest
"Phoenix, AZ",2023-04-01,3287.0,1873.0,138.0,20.0,1256.0,1414.0,42489.0,21898.0,5186958.0,8.191506466796145,4.221742300593141,Southwest
"Phoenix, AZ",2023-05-01,3402.0,2246.0,150.0,4.0,1002.0,1156.0,41857.0,21772.0,5186958.0,8.069662410993109,4.1974506059235495,Southwest
"Phoenix, AZ",2023-06-01,2843.0,2151.0,432.0,80.0,180.0,692.0,40562.0,20574.0,5186958.0,7.819997771333409,3.9664867153348844,Southwest
"Phoenix, AZ",2023-07-01,4141.0,2256.0,156.0,4.0,1725.0,1885.0,40197.0,19913.0,5186958.0,7.749628973282606,3.839051713933292,Southwest
"Phoenix, AZ",2023-08-01,3759.0,2633.0,192.0,0.0,934.0,1126.0,40588.0,19731.0,5186958.0,7.825010343249358,3.8039637105216584,Southwest
"Phoenix, AZ",2023-09-01,4758.0,2254.0,112.0,0.0,2392.0,2504.0,42143.0,20517.0,5186958.0,8.124800702068535,3.955497615365307,Southwest
"Phoenix, AZ",2023-10-01,3955.0,2375.0,192.0,6.0,1382.0,1580.0,43223.0,20371.0,5186958.0,8.333015227807898,3.927350096144985,Southwest
"Phoenix, AZ",2023-11-01,4436.0,2226.0,108.0,12.0,2090.0,2210.0,45488.0,21800.0,5186958.0,8.769687358177952,4.20284876029457,Southwest
"Phoenix, AZ",2023-12-01,3603.0,2095.0,84.0,0.0,1424.0,1508.0,44702.0,19916.0,5186958.0,8.618153453334306,3.8396300876159013,Southwest
"Phoenix, AZ",2024-01-01,4551.0,2720.0,84.0,50.0,1697.0,1831.0,47818.0,21414.0,5186958.0,9.218890918337877,4.128431346465501,Southwest
"Phoenix, AZ",2024-02-01,3957.0,2810.0,102.0,11.0,1034.0,1147.0,48051.0,20196.0,5186958.0,9.26381127435387,3.893611631326107,Southwest
"Phoenix, AZ",2024-03-01,4216.0,2804.0,110.0,4.0,1298.0,1412.0,46908.0,18465.0,5186958.0,9.04345090127971,3.559890016460515,Southwest
"Phoenix, AZ",2024-04-01,4109.0,2615.0,136.0,0.0,1358.0,1494.0,47730.0,18545.0,5186958.0,9.20192529031467,3.575313314663431,Southwest
"Phoenix, AZ",2024-05-01,3207.0,2740.0,222.0,10.0,235.0,467.0,47535.0,17856.0,5186958.0,9.164331000945063,3.442480158890818,Southwest
"Phoenix, AZ",2024-06-01,4125.0,2303.0,138.0,0.0,1684.0,1822.0,48817.0,18986.0,5186958.0,9.41148935464679,3.6603342460070047,Southwest
"Phoenix, AZ",2024-07-01,3436.0,2506.0,136.0,35.0,759.0,930.0,48112.0,18031.0,5186958.0,9.275571539233594,3.4762186237096966,Southwest
"Phoenix, AZ",2024-08-01,3759.0,2350.0,128.0,0.0,1281.0,1409.0,48112.0,18314.0,5186958.0,9.275571539233594,3.5307785411025114,Southwest
"Phoenix, AZ",2024-09-01,3454.0,2651.0,148.0,32.0,623.0,803.0,46808.0,16613.0,5186958.0,9.024171778526064,3.202840663063013,Southwest
"Phoenix, AZ",2024-10-01,3701.0,2681.0,128.0,31.0,861.0,1020.0,46554.0,16053.0,5186958.0,8.975202806731806,3.094877575642602,Southwest
"Phoenix, AZ",2024-11-01,3654.0,2013.0,76.0,32.0,1533.0,1641.0,45772.0,15484.0,5186958.0,8.824440066798305,2.985179367174363,Southwest
"Phoenix, AZ",2024-12-01,2322.0,1653.0,128.0,3.0,538.0,669.0,44491.0,14645.0,5186958.0,8.577474504324114,2.8234275272712828,Southwest
"Phoenix, AZ",2025-01-01,2687.0,2493.0,102.0,4.0,88.0,194.0,42627.0,13008.0,5186958.0,8.218111656196175,2.507828287794118,Southwest
"Phoenix, AZ",2025-02-01,2661.0,2228.0,102.0,32.0,299.0,433.0,41331.0,12294.0,5186958.0,7.968254225308938,2.370175351333094,Southwest
"Phoenix, AZ",2025-03-01,3940.0,2372.0,36.0,3.0,1529.0,1568.0,41055.0,12450.0,5186958.0,7.915043846508879,2.4002507828287794,Southwest
"Phoenix, AZ",2025-04-01,3923.0,2338.0,140.0,7.0,1438.0,1585.0,40869.0,12541.0,5186958.0,7.8791846781871,2.417794784534596,Southwest
"Phoenix, AZ",2025-05-01,3469.0,2264.0,96.0,48.0,1061.0,1205.0,41131.0,13279.0,5186958.0,7.929695979801648,2.560074710456495,Southwest
"Phoenix, AZ",2025-06-01,3435.0,2139.0,48.0,0.0,1248.0,1296.0,40441.0,12753.0,5186958.0,7.7966700328015,2.4586665247723234,Southwest
"Phoenix, AZ",2025-07-01,3656.0,1744.0,72.0,3.0,1837.0,1912.0,40661.0,13735.0,5186958.0,7.839084102859517,2.6479875102131154,Southwest
"Phoenix, AZ",2025-08-01,1809.0,1529.0,26.0,8.0,246.0,280.0,38711.0,12606.0,5186958.0,7.463141209163444,2.4303262143244653,Southwest
"Phoenix, AZ",2025-09-01,2570.0,1807.0,104.0,0.0,659.0,763.0,37827.0,12566.0,5186958.0,7.292713764021224,2.4226145652230073,Southwest
"Phoenix, AZ",2025-10-01,3291.0,1822.0,92.0,35.0,1342.0,1469.0,37417.0,13015.0,5186958.0,7.213669360731281,2.5091778263868725,Southwest
"Phoenix, AZ",2025-11-01,3051.0,1718.0,108.0,0.0,1225.0,1333.0,36814.0,12707.0,5186958.0,7.097416250526802,2.4497981283056465,Southwest
"Phoenix, AZ",2025-12-01,4959.0,1968.0,82.0,9.0,2900.0,2991.0,39451.0,15029.0,5186958.0,7.605806717540416,2.8974593586452793,Southwest
"Phoenix, AZ",2026-01-01,2114.0,1584.0,46.0,8.0,476.0,530.0,38878.0,15365.0,5186958.0,7.495337344162031,2.9622372110975257,Southwest
"Phoenix, AZ",2026-02-01,3004.0,2224.0,26.0,0.0,754.0,780.0,39221.0,15712.0,5186958.0,7.561464735207033,3.029135767052673,Southwest
"Phoenix, AZ",2026-03-01,3263.0,2238.0,124.0,3.0,898.0,1025.0,38544.0,15169.0,5186958.0,7.430945074164857,2.9244501305003823,Southwest
"Phoenix, AZ",2026-04-01,2519.0,1911.0,146.0,0.0,462.0,608.0,37140.0,14192.0,5186958.0,7.160266190703684,2.7360931011972722,Southwest
"Phoenix, AZ",2026-05-01,2255.0,1895.0,50.0,4.0,306.0,360.0,35926.0,13347.0,5186958.0,6.9262176404744356,2.573184513928973,Southwest
"Pittsburgh, PA",2020-07-01,194.0,118.0,4.0,3.0,69.0,76.0,194.0,76.0,2429917.0,0.07983811792748477,0.03127678846643733,Northeast
"Pittsburgh, PA",2020-08-01,143.0,97.0,2.0,0.0,44.0,46.0,337.0,122.0,2429917.0,0.1386878646472287,0.050207476222438874,Northeast
"Pittsburgh, PA",2020-09-01,185.0,125.0,2.0,3.0,55.0,60.0,522.0,182.0,2429917.0,0.21482215236158272,0.07489967764331044,Northeast
"Pittsburgh, PA",2020-10-01,157.0,98.0,2.0,7.0,50.0,59.0,679.0,241.0,2429917.0,0.2794334127461967,0.09918034237383416,Northeast
"Pittsburgh, PA",2020-11-01,167.0,86.0,2.0,6.0,73.0,81.0,846.0,322.0,2429917.0,0.34816004003428924,0.13251481429201079,Northeast
"Pittsburgh, PA",2020-12-01,179.0,106.0,2.0,3.0,68.0,73.0,1025.0,395.0,2429917.0,0.4218251076065561,0.16255699268740456,Northeast
"Pittsburgh, PA",2021-01-01,208.0,115.0,2.0,3.0,88.0,93.0,1233.0,488.0,2429917.0,0.5074247391989108,0.2008299048897555,Northeast
"Pittsburgh, PA",2021-02-01,172.0,106.0,0.0,6.0,60.0,66.0,1405.0,554.0,2429917.0,0.5782090499387428,0.22799132645271422,Northeast
"Pittsburgh, PA",2021-03-01,210.0,148.0,2.0,4.0,56.0,62.0,1615.0,616.0,2429917.0,0.6646317549117933,0.25350660125428154,Northeast
"Pittsburgh, PA",2021-04-01,176.0,131.0,2.0,0.0,43.0,45.0,1791.0,661.0,2429917.0,0.7370622124130166,0.2720257523199352,Northeast
"Pittsburgh, PA",2021-05-01,187.0,112.0,4.0,3.0,68.0,75.0,1978.0,736.0,2429917.0,0.8140195735080664,0.3028910040960247,Northeast
"Pittsburgh, PA",2021-06-01,227.0,151.0,2.0,0.0,74.0,76.0,2205.0,812.0,2429917.0,0.9074384022170305,0.33416779256246204,Northeast
"Pittsburgh, PA",2021-07-01,160.0,115.0,0.0,3.0,42.0,45.0,2171.0,781.0,2429917.0,0.8934461547452032,0.32141015516167837,Northeast
"Pittsburgh, PA",2021-08-01,174.0,125.0,2.0,3.0,44.0,49.0,2202.0,784.0,2429917.0,0.9062037921459869,0.32264476523272195,Northeast
"Pittsburgh, PA",2021-09-01,137.0,92.0,6.0,0.0,39.0,45.0,2154.0,769.0,2429917.0,0.8864500310092897,0.3164717148775041,Northeast
"Pittsburgh, PA",2021-10-01,138.0,95.0,2.0,3.0,38.0,43.0,2135.0,753.0,2429917.0,0.8786308338926803,0.3098871278319383,Northeast
"Pittsburgh, PA",2021-11-01,157.0,109.0,0.0,3.0,45.0,48.0,2125.0,720.0,2429917.0,0.8745154669892017,0.2963064170504589,Northeast
"Pittsburgh, PA",2021-12-01,241.0,120.0,2.0,3.0,116.0,121.0,2187.0,768.0,2429917.0,0.900030741790769,0.31606017818715615,Northeast
"Pittsburgh, PA",2022-01-01,368.0,289.0,6.0,7.0,66.0,79.0,2347.0,754.0,2429917.0,0.9658766122464266,0.3102986645222861,Northeast
"Pittsburgh, PA",2022-02-01,335.0,265.0,2.0,3.0,65.0,70.0,2510.0,758.0,2429917.0,1.0329570927731277,0.31194481128367757,Northeast
"Pittsburgh, PA",2022-03-01,499.0,328.0,8.0,9.0,154.0,171.0,2799.0,867.0,2429917.0,1.1518911962836589,0.3568023105315943,Northeast
"Pittsburgh, PA",2022-04-01,389.0,291.0,8.0,14.0,76.0,98.0,3012.0,920.0,2429917.0,1.2395485113277531,0.3786137551200308,Northeast
"Pittsburgh, PA",2022-05-01,416.0,326.0,8.0,25.0,57.0,90.0,3241.0,935.0,2429917.0,1.333790413417413,0.38478680547524874,Northeast
"Pittsburgh, PA",2022-06-01,412.0,255.0,4.0,14.0,139.0,157.0,3426.0,1016.0,2429917.0,1.409924701131767,0.41812127739342536,Northeast
"Pittsburgh, PA",2022-07-01,360.0,266.0,4.0,9.0,81.0,94.0,3626.0,1065.0,2429917.0,1.492232039201339,0.4382865752204705,Northeast
"Pittsburgh, PA",2022-08-01,354.0,273.0,6.0,20.0,55.0,81.0,3806.0,1097.0,2429917.0,1.5663086434639537,0.451455749311602,Northeast
"Pittsburgh, PA",2022-09-01,299.0,247.0,2.0,9.0,41.0,52.0,3968.0,1104.0,2429917.0,1.632977587300307,0.45433650614403703,Northeast
"Pittsburgh, PA",2022-10-01,275.0,235.0,2.0,3.0,35.0,40.0,4105.0,1101.0,2429917.0,1.6893581138779636,0.45310189607299345,Northeast
"Pittsburgh, PA",2022-11-01,280.0,176.0,50.0,16.0,38.0,104.0,4228.0,1157.0,2429917.0,1.7399771267907505,0.4761479507324736,Northeast
"Pittsburgh, PA",2022-12-01,251.0,181.0,2.0,15.0,53.0,70.0,4238.0,1106.0,2429917.0,1.744092493694229,0.45515957952473274,Northeast
"Pittsburgh, PA",2023-01-01,269.0,220.0,2.0,13.0,34.0,49.0,4139.0,1076.0,2429917.0,1.703350361349791,0.44281347881429695,Northeast
"Pittsburgh, PA",2023-02-01,271.0,176.0,2.0,6.0,87.0,95.0,4075.0,1101.0,2429917.0,1.677012013167528,0.45310189607299345,Northeast
"Pittsburgh, PA",2023-03-01,392.0,292.0,12.0,12.0,76.0,100.0,3968.0,1030.0,2429917.0,1.632977587300307,0.4238827910582954,Northeast
"Pittsburgh, PA",2023-04-01,374.0,268.0,0.0,7.0,99.0,106.0,3953.0,1038.0,2429917.0,1.626804536945089,0.4271750845810783,Northeast
"Pittsburgh, PA",2023-05-01,518.0,343.0,0.0,10.0,165.0,175.0,4055.0,1123.0,2429917.0,1.6687812793605707,0.46215570326064637,Northeast
"Pittsburgh, PA",2023-06-01,471.0,343.0,4.0,10.0,114.0,128.0,4114.0,1094.0,2429917.0,1.6930619440910943,0.4502211392405584,Northeast
"Pittsburgh, PA",2023-07-01,462.0,274.0,2.0,9.0,177.0,188.0,4216.0,1188.0,2429917.0,1.7350386865065761,0.48890558813325724,Northeast
"Pittsburgh, PA",2023-08-01,428.0,282.0,2.0,11.0,133.0,146.0,4290.0,1253.0,2429917.0,1.7654924015923177,0.5156554730058681,Northeast
"Pittsburgh, PA",2023-09-01,650.0,248.0,2.0,7.0,393.0,402.0,4641.0,1603.0,2429917.0,1.9099417799044165,0.6596933146276189,Northeast
"Pittsburgh, PA",2023-10-01,413.0,273.0,0.0,7.0,133.0,140.0,4779.0,1703.0,2429917.0,1.9667338431724213,0.7008469836624049,Northeast
"Pittsburgh, PA",2023-11-01,333.0,264.0,0.0,10.0,59.0,69.0,4832.0,1668.0,2429917.0,1.9885452877608576,0.6864431995002298,Northeast
"Pittsburgh, PA",2023-12-01,357.0,230.0,2.0,4.0,121.0,127.0,4938.0,1725.0,2429917.0,2.032168176937731,0.7099007908500579,Northeast
"Pittsburgh, PA",2024-01-01,449.0,273.0,0.0,11.0,165.0,176.0,5118.0,1852.0,2429917.0,2.1062447812003455,0.762165950524236,Northeast
"Pittsburgh, PA",2024-02-01,517.0,257.0,0.0,6.0,254.0,260.0,5364.0,2017.0,2429917.0,2.207482807025919,0.8300695044316329,Northeast
"Pittsburgh, PA",2024-03-01,502.0,291.0,10.0,11.0,190.0,211.0,5474.0,2128.0,2429917.0,2.2527518429641837,0.8757500770602452,Northeast
"Pittsburgh, PA",2024-04-01,502.0,327.0,0.0,10.0,165.0,175.0,5602.0,2197.0,2429917.0,2.3054285393287097,0.9041461086942476,Northeast
"Pittsburgh, PA",2024-05-01,474.0,327.0,4.0,18.0,125.0,147.0,5558.0,2169.0,2429917.0,2.2873209249534034,0.8926230813645075,Northeast
"Pittsburgh, PA",2024-06-01,593.0,319.0,2.0,10.0,262.0,274.0,5680.0,2315.0,2429917.0,2.3375284011758426,0.952707438155295,Northeast
"Pittsburgh, PA",2024-07-01,547.0,336.0,0.0,14.0,197.0,211.0,5765.0,2338.0,2429917.0,2.3725090198554106,0.9621727820332958,Northeast
"Pittsburgh, PA",2024-08-01,582.0,344.0,6.0,6.0,226.0,238.0,5919.0,2430.0,2429917.0,2.435885670168981,1.000034157545299,Northeast
"Pittsburgh, PA",2024-09-01,449.0,302.0,8.0,14.0,125.0,147.0,5718.0,2175.0,2429917.0,2.3531667954090616,0.8950923015065947,Northeast
"Pittsburgh, PA",2024-10-01,481.0,336.0,2.0,0.0,143.0,145.0,5786.0,2180.0,2429917.0,2.3811512903527157,0.897149984958334,Northeast
"Pittsburgh, PA",2024-11-01,471.0,254.0,0.0,3.0,214.0,217.0,5924.0,2328.0,2429917.0,2.4379433536207205,0.9580574151298171,Northeast
"Pittsburgh, PA",2024-12-01,523.0,235.0,0.0,6.0,282.0,288.0,6090.0,2489.0,2429917.0,2.506258444218465,1.0243148222758227,Northeast
"Pittsburgh, PA",2025-01-01,428.0,277.0,0.0,6.0,145.0,151.0,6069.0,2464.0,2429917.0,2.49761617372116,1.0140264050171262,Northeast
"Pittsburgh, PA",2025-02-01,374.0,285.0,0.0,7.0,82.0,89.0,5926.0,2293.0,2429917.0,2.438766427001416,0.9436536309676421,Northeast
"Pittsburgh, PA",2025-03-01,489.0,359.0,0.0,6.0,124.0,130.0,5913.0,2212.0,2429917.0,2.433416450026894,0.9103191590494655,Northeast
"Pittsburgh, PA",2025-04-01,481.0,359.0,10.0,11.0,101.0,122.0,5892.0,2159.0,2429917.0,2.4247741795295887,0.8885077144610289,Northeast
"Pittsburgh, PA",2025-05-01,467.0,322.0,2.0,4.0,139.0,145.0,5885.0,2157.0,2429917.0,2.421893422697154,0.8876846410803332,Northeast
"Pittsburgh, PA",2025-06-01,467.0,365.0,2.0,0.0,100.0,102.0,5759.0,1985.0,2429917.0,2.3700397997133233,0.8169003303405014,Northeast
"Pittsburgh, PA",2025-07-01,432.0,303.0,6.0,10.0,113.0,129.0,5644.0,1903.0,2429917.0,2.32271308032332,0.7831543217319769,Northeast
"Pittsburgh, PA",2025-08-01,404.0,300.0,4.0,0.0,100.0,104.0,5466.0,1769.0,2429917.0,2.2494595494414003,0.7280084052253636,Northeast
"Pittsburgh, PA",2025-09-01,405.0,294.0,2.0,0.0,109.0,111.0,5422.0,1733.0,2429917.0,2.231351935066095,0.7131930843728407,Northeast
"Pittsburgh, PA",2025-10-01,420.0,300.0,2.0,9.0,109.0,120.0,5361.0,1708.0,2429917.0,2.206248196954875,0.7029046671141442,Northeast
"Pittsburgh, PA",2025-11-01,335.0,226.0,4.0,3.0,102.0,109.0,5225.0,1600.0,2429917.0,2.1502792070675665,0.6584587045565754,Northeast
"Pittsburgh, PA",2025-12-01,516.0,254.0,2.0,0.0,260.0,262.0,5218.0,1574.0,2429917.0,2.1473984502351313,0.647758750607531,Northeast
"Pittsburgh, PA",2026-01-01,421.0,250.0,4.0,3.0,164.0,171.0,5211.0,1594.0,2429917.0,2.1445176934026966,0.6559894844144882,Northeast
"Pittsburgh, PA",2026-02-01,389.0,213.0,2.0,3.0,171.0,176.0,5226.0,1681.0,2429917.0,2.1506907437579144,0.691793176474752,Northeast
"Pittsburgh, PA",2026-03-01,429.0,309.0,2.0,10.0,108.0,120.0,5166.0,1671.0,2429917.0,2.125998542337043,0.6876778095712734,Northeast
"Pittsburgh, PA",2026-04-01,476.0,272.0,2.0,4.0,198.0,204.0,5161.0,1753.0,2429917.0,2.1239408588853035,0.721423818179798,Northeast
"Pittsburgh, PA",2026-05-01,530.0,299.0,2.0,11.0,218.0,231.0,5224.0,1839.0,2429917.0,2.1498676703772186,0.7568159735497139,Northeast
"Portland, OR",2020-07-01,1177.0,748.0,6.0,11.0,412.0,429.0,1177.0,429.0,2537904.0,0.4637685270995278,0.16903712669982787,West
"Portland, OR",2020-08-01,1158.0,757.0,30.0,8.0,363.0,401.0,2335.0,830.0,2537904.0,0.9200505614081542,0.32704152718148516,West
"Portland, OR",2020-09-01,862.0,706.0,0.0,7.0,149.0,156.0,3197.0,986.0,2537904.0,1.2597009185532628,0.38850957325414986,West
"Portland, OR",2020-10-01,906.0,736.0,4.0,4.0,162.0,170.0,4103.0,1156.0,2537904.0,1.616688416898354,0.45549398243589984,West
"Portland, OR",2020-11-01,930.0,618.0,4.0,0.0,308.0,312.0,5033.0,1468.0,2537904.0,1.9831325377161626,0.5784300745812292,West
"Portland, OR",2020-12-01,1198.0,745.0,6.0,4.0,443.0,453.0,6231.0,1921.0,2537904.0,2.4551756094793187,0.7569238237537748,West
"Portland, OR",2021-01-01,887.0,607.0,4.0,13.0,263.0,280.0,7118.0,2201.0,2537904.0,2.804676615033508,0.8672510859354806,West
"Portland, OR",2021-02-01,885.0,647.0,6.0,25.0,207.0,238.0,8003.0,2439.0,2537904.0,3.153389568714971,0.9610292587899306,West
"Portland, OR",2021-03-01,1310.0,899.0,32.0,6.0,373.0,411.0,9313.0,2850.0,2537904.0,3.669563545350809,1.1229739186352201,West
"Portland, OR",2021-04-01,1734.0,724.0,16.0,14.0,980.0,1010.0,11047.0,3860.0,2537904.0,4.352804519004659,1.5209401143620878,West
"Portland, OR",2021-05-01,1519.0,699.0,28.0,24.0,768.0,820.0,12566.0,4680.0,2537904.0,4.951329916340414,1.8440413821799404,West
"Portland, OR",2021-06-01,1001.0,716.0,10.0,40.0,235.0,285.0,13567.0,4965.0,2537904.0,5.345749878640012,1.9563387740434628,West
"Portland, OR",2021-07-01,1724.0,789.0,12.0,66.0,857.0,935.0,14114.0,5471.0,2537904.0,5.561282065830701,2.1557158978432596,West
"Portland, OR",2021-08-01,1398.0,780.0,16.0,65.0,537.0,618.0,14354.0,5688.0,2537904.0,5.655848290557878,2.2412195260340817,West
"Portland, OR",2021-09-01,1336.0,683.0,24.0,11.0,618.0,653.0,14828.0,6185.0,2537904.0,5.842616584394052,2.4370504164066094,West
"Portland, OR",2021-10-01,1284.0,581.0,8.0,37.0,658.0,703.0,15206.0,6718.0,2537904.0,5.991558388339354,2.647066240488214,West
"Portland, OR",2021-11-01,1195.0,496.0,10.0,35.0,654.0,699.0,15471.0,7105.0,2537904.0,6.095975261475611,2.7995542778607856,West
"Portland, OR",2021-12-01,961.0,516.0,4.0,13.0,428.0,445.0,15234.0,7097.0,2537904.0,6.002591114557525,2.79640207036988,West
"Portland, OR",2022-01-01,830.0,536.0,4.0,18.0,272.0,294.0,15177.0,7111.0,2537904.0,5.9801316361848205,2.8019184334789653,West
"Portland, OR",2022-02-01,1274.0,618.0,10.0,8.0,638.0,656.0,15566.0,7529.0,2537904.0,6.133407725430119,2.966621274878798,West
"Portland, OR",2022-03-01,929.0,649.0,2.0,4.0,274.0,280.0,15185.0,7398.0,2537904.0,5.983283843675727,2.915003877215214,West
"Portland, OR",2022-04-01,813.0,593.0,6.0,0.0,214.0,220.0,14264.0,6608.0,2537904.0,5.620385956285187,2.603723387488258,West
"Portland, OR",2022-05-01,961.0,651.0,28.0,7.0,275.0,310.0,13706.0,6098.0,2537904.0,5.400519483794501,2.402770159943008,West
"Portland, OR",2022-06-01,1120.0,484.0,12.0,9.0,615.0,636.0,13825.0,6449.0,2537904.0,5.447408570221727,2.5410732636065037,West
"Portland, OR",2022-07-01,1578.0,393.0,10.0,10.0,1165.0,1185.0,13679.0,6699.0,2537904.0,5.389880783512694,2.6395797476973124,West
"Portland, OR",2022-08-01,1016.0,448.0,10.0,24.0,534.0,568.0,13297.0,6649.0,2537904.0,5.239362875821938,2.619878450879151,West
"Portland, OR",2022-09-01,1486.0,400.0,6.0,8.0,1072.0,1086.0,13447.0,7082.0,2537904.0,5.298466766276423,2.7904916813244314,West
"Portland, OR",2022-10-01,831.0,356.0,6.0,0.0,469.0,475.0,12994.0,6854.0,2537904.0,5.119973017103878,2.700653767833614,West
"Portland, OR",2022-11-01,723.0,335.0,6.0,0.0,382.0,388.0,12522.0,6543.0,2537904.0,4.933992775140431,2.578111701624648,West
"Portland, OR",2022-12-01,1324.0,336.0,16.0,22.0,950.0,988.0,12885.0,7086.0,2537904.0,5.077024190040285,2.7920677850698845,West
"Portland, OR",2023-01-01,1057.0,375.0,22.0,57.0,603.0,682.0,13112.0,7474.0,2537904.0,5.16646807759474,2.9449498483788195,West
"Portland, OR",2023-02-01,1154.0,375.0,18.0,0.0,761.0,779.0,12992.0,7597.0,2537904.0,5.119184965231152,2.9934150385514977,West
"Portland, OR",2023-03-01,917.0,580.0,12.0,0.0,325.0,337.0,12980.0,7654.0,2537904.0,5.114456653994792,3.0158745169242023,West
"Portland, OR",2023-04-01,1368.0,516.0,6.0,50.0,796.0,852.0,13535.0,8286.0,2537904.0,5.333141048676388,3.2648989087057663,West
"Portland, OR",2023-05-01,1111.0,611.0,8.0,4.0,488.0,500.0,13685.0,8476.0,2537904.0,5.392244939130873,3.3397638366147815,West
"Portland, OR",2023-06-01,1055.0,627.0,18.0,4.0,406.0,428.0,13620.0,8268.0,2537904.0,5.366633253267263,3.2578064418512285,West
"Portland, OR",2023-07-01,914.0,482.0,10.0,6.0,416.0,432.0,12956.0,7515.0,2537904.0,5.105000031522075,2.9611049117697124,West
"Portland, OR",2023-08-01,914.0,612.0,12.0,0.0,290.0,302.0,12854.0,7249.0,2537904.0,5.064809386013025,2.856294012697092,West
"Portland, OR",2023-09-01,628.0,483.0,8.0,6.0,131.0,145.0,11996.0,6308.0,2537904.0,4.726735132613369,2.4855156065792876,West
"Portland, OR",2023-10-01,692.0,520.0,2.0,0.0,170.0,172.0,11857.0,6005.0,2537904.0,4.671965527458879,2.366125747861227,West
"Portland, OR",2023-11-01,968.0,541.0,6.0,3.0,418.0,427.0,12102.0,6044.0,2537904.0,4.768501881867872,2.3814927593793933,West
"Portland, OR",2023-12-01,476.0,411.0,8.0,4.0,53.0,65.0,11254.0,5121.0,2537904.0,4.434367887831849,2.017806820116127,West
"Portland, OR",2024-01-01,596.0,486.0,16.0,0.0,94.0,110.0,10793.0,4549.0,2537904.0,4.252721931168397,1.7924239845163568,West
"Portland, OR",2024-02-01,577.0,527.0,12.0,4.0,34.0,50.0,10216.0,3820.0,2537904.0,4.02536896588681,1.5051790769075584,West
"Portland, OR",2024-03-01,793.0,535.0,6.0,3.0,249.0,258.0,10092.0,3741.0,2537904.0,3.976509749777769,1.4740510279348629,West
"Portland, OR",2024-04-01,713.0,594.0,8.0,3.0,108.0,119.0,9437.0,3008.0,2537904.0,3.71842276145985,1.1852300165806116,West
"Portland, OR",2024-05-01,1034.0,661.0,2.0,6.0,365.0,373.0,9360.0,2881.0,2537904.0,3.688082764359881,1.1351887226624806,West
"Portland, OR",2024-06-01,872.0,520.0,6.0,0.0,346.0,352.0,9177.0,2805.0,2537904.0,3.615976018005409,1.1052427514988745,West
"Portland, OR",2024-07-01,767.0,518.0,16.0,11.0,222.0,249.0,9030.0,2622.0,2537904.0,3.5580542053600133,1.0331360051444025,West
"Portland, OR",2024-08-01,818.0,588.0,6.0,12.0,212.0,230.0,8934.0,2550.0,2537904.0,3.520227715469143,1.0047661377262498,West
"Portland, OR",2024-09-01,595.0,531.0,8.0,4.0,52.0,64.0,8901.0,2469.0,2537904.0,3.5072248595691566,0.9728500368808276,West
"Portland, OR",2024-10-01,733.0,518.0,16.0,3.0,196.0,215.0,8942.0,2512.0,2537904.0,3.5233799229600486,0.9897931521444466,West
"Portland, OR",2024-11-01,821.0,339.0,22.0,3.0,457.0,482.0,8795.0,2567.0,2537904.0,3.4654581103146533,1.0114645786444245,West
"Portland, OR",2024-12-01,813.0,379.0,14.0,19.0,401.0,434.0,9132.0,2936.0,2537904.0,3.5982448508690634,1.1568601491624584,West
"Portland, OR",2025-01-01,808.0,572.0,20.0,11.0,205.0,236.0,9344.0,3062.0,2537904.0,3.6817783493780696,1.2065074171442263,West
"Portland, OR",2025-02-01,669.0,535.0,4.0,4.0,126.0,134.0,9436.0,3146.0,2537904.0,3.7180287355234873,1.2396055957987377,West
"Portland, OR",2025-03-01,624.0,555.0,10.0,0.0,59.0,69.0,9267.0,2957.0,2537904.0,3.6514383522781,1.1651346938260865,West
"Portland, OR",2025-04-01,766.0,551.0,12.0,0.0,203.0,215.0,9320.0,3053.0,2537904.0,3.672321726905352,1.202961183716957,West
"Portland, OR",2025-05-01,1068.0,540.0,6.0,0.0,522.0,528.0,9354.0,3208.0,2537904.0,3.6857186087417015,1.2640352038532585,West
"Portland, OR",2025-06-01,790.0,563.0,6.0,0.0,221.0,227.0,9272.0,3083.0,2537904.0,3.653408481959916,1.2147819618078541,West
"Portland, OR",2025-07-01,599.0,445.0,30.0,12.0,112.0,154.0,9104.0,2988.0,2537904.0,3.5872121246508932,1.1773494978533467,West
"Portland, OR",2025-08-01,570.0,433.0,6.0,9.0,122.0,137.0,8856.0,2895.0,2537904.0,3.4894936924328106,1.1407050857715657,West
"Portland, OR",2025-09-01,543.0,411.0,6.0,8.0,118.0,132.0,8804.0,2963.0,2537904.0,3.4690043437419225,1.167498849444266,West
"Portland, OR",2025-10-01,666.0,503.0,6.0,9.0,148.0,163.0,8737.0,2911.0,2537904.0,3.4426046060055855,1.1470095007533776,West
"Portland, OR",2025-11-01,566.0,375.0,20.0,0.0,171.0,191.0,8482.0,2620.0,2537904.0,3.3421279922329608,1.0323479532716762,West
"Portland, OR",2025-12-01,742.0,642.0,14.0,8.0,78.0,100.0,8411.0,2286.0,2537904.0,3.314152150751171,0.9007432905263556,West
"Portland, OR",2026-01-01,691.0,490.0,32.0,9.0,160.0,201.0,8294.0,2251.0,2537904.0,3.2680511161966725,0.8869523827536423,West
"Portland, OR",2026-02-01,708.0,432.0,24.0,0.0,252.0,276.0,8333.0,2393.0,2537904.0,3.283418127714839,0.9429040657172217,West
"Portland, OR",2026-03-01,1085.0,519.0,8.0,8.0,550.0,566.0,8794.0,2890.0,2537904.0,3.4650640843782905,1.1387349560897497,West
"Portland, OR",2026-04-01,743.0,407.0,2.0,3.0,331.0,336.0,8771.0,3011.0,2537904.0,3.456001487841936,1.1864120943897012,West
"Portland, OR",2026-05-01,805.0,464.0,8.0,0.0,333.0,341.0,8508.0,2824.0,2537904.0,3.3523726665784053,1.112729244289776,West
"Providence, RI",2020-07-01,151.0,125.0,18.0,3.0,5.0,26.0,151.0,26.0,1700901.0,0.08877647787848911,0.015286016058547795,Northeast
"Providence, RI",2020-08-01,194.0,152.0,12.0,8.0,22.0,42.0,345.0,68.0,1700901.0,0.20283367462303803,0.03997881123004808,Northeast
"Providence, RI",2020-09-01,203.0,148.0,36.0,4.0,15.0,55.0,548.0,123.0,1700901.0,0.3221821846186227,0.07231461443082225,Northeast
"Providence, RI",2020-10-01,190.0,139.0,28.0,7.0,16.0,51.0,738.0,174.0,1700901.0,0.43388768658493354,0.10229872285335831,Northeast
"Providence, RI",2020-11-01,171.0,137.0,18.0,4.0,12.0,34.0,909.0,208.0,1700901.0,0.5344226383546132,0.12228812846838236,Northeast
"Providence, RI",2020-12-01,198.0,159.0,18.0,3.0,18.0,39.0,1107.0,247.0,1700901.0,0.6508315298774002,0.14521715255620402,Northeast
"Providence, RI",2021-01-01,166.0,130.0,10.0,3.0,23.0,36.0,1273.0,283.0,1700901.0,0.7484268631742823,0.1663824055603471,Northeast
"Providence, RI",2021-02-01,150.0,127.0,16.0,7.0,0.0,23.0,1423.0,306.0,1700901.0,0.8366154173582119,0.17990465053521634,Northeast
"Providence, RI",2021-03-01,189.0,158.0,14.0,6.0,11.0,31.0,1612.0,337.0,1700901.0,0.9477329956299632,0.19813028506656177,Northeast
"Providence, RI",2021-04-01,225.0,198.0,10.0,3.0,14.0,27.0,1837.0,364.0,1700901.0,1.0800158269058575,0.2140042248196691,Northeast
"Providence, RI",2021-05-01,194.0,161.0,16.0,7.0,10.0,33.0,2031.0,397.0,1700901.0,1.1940730236504065,0.2334057067401336,Northeast
"Providence, RI",2021-06-01,256.0,164.0,18.0,58.0,16.0,92.0,2287.0,489.0,1700901.0,1.3445814894576464,0.2874946866396104,Northeast
"Providence, RI",2021-07-01,160.0,130.0,22.0,0.0,8.0,30.0,2296.0,493.0,1700901.0,1.3498728027086822,0.2898463814178486,Northeast
"Providence, RI",2021-08-01,204.0,141.0,26.0,7.0,30.0,63.0,2306.0,514.0,1700901.0,1.3557520396542773,0.30219277900359864,Northeast
"Providence, RI",2021-09-01,147.0,128.0,14.0,0.0,5.0,19.0,2250.0,478.0,1700901.0,1.3228283127589435,0.2810275259994556,Northeast
"Providence, RI",2021-10-01,170.0,134.0,16.0,10.0,10.0,36.0,2230.0,463.0,1700901.0,1.311069838867753,0.27220867058106263,Northeast
"Providence, RI",2021-11-01,249.0,155.0,30.0,3.0,61.0,94.0,2308.0,523.0,1700901.0,1.3569278870433963,0.30748409225463447,Northeast
"Providence, RI",2021-12-01,217.0,159.0,32.0,8.0,18.0,58.0,2327.0,542.0,1700901.0,1.3680984372400276,0.31865464245126557,Northeast
"Providence, RI",2022-01-01,152.0,122.0,16.0,4.0,10.0,30.0,2313.0,536.0,1700901.0,1.3598675055161942,0.31512710028390833,Northeast
"Providence, RI",2022-02-01,145.0,113.0,18.0,3.0,11.0,32.0,2308.0,545.0,1700901.0,1.3569278870433963,0.3204184135349441,Northeast
"Providence, RI",2022-03-01,153.0,137.0,16.0,0.0,0.0,16.0,2272.0,530.0,1700901.0,1.3357626340392532,0.31159955811655116,Northeast
"Providence, RI",2022-04-01,194.0,142.0,38.0,4.0,10.0,52.0,2241.0,555.0,1700901.0,1.3175369995079078,0.32629765048053944,Northeast
"Providence, RI",2022-05-01,211.0,152.0,18.0,18.0,23.0,59.0,2258.0,581.0,1700901.0,1.3275317023154198,0.3415836665390872,Northeast
"Providence, RI",2022-06-01,175.0,138.0,20.0,0.0,17.0,37.0,2177.0,526.0,1700901.0,1.279909883056098,0.30924786333831306,Northeast
"Providence, RI",2022-07-01,151.0,122.0,14.0,0.0,15.0,29.0,2168.0,525.0,1700901.0,1.2746185698050623,0.3086599396437535,Northeast
"Providence, RI",2022-08-01,186.0,140.0,12.0,19.0,15.0,46.0,2150.0,508.0,1700901.0,1.2640359433029906,0.2986652368362415,Northeast
"Providence, RI",2022-09-01,226.0,155.0,30.0,20.0,21.0,71.0,2229.0,560.0,1700901.0,1.3104819151731937,0.3292372689533371,Northeast
"Providence, RI",2022-10-01,137.0,117.0,14.0,6.0,0.0,20.0,2196.0,544.0,1700901.0,1.291080433252729,0.31983048984038465,Northeast
"Providence, RI",2022-11-01,132.0,102.0,18.0,7.0,5.0,30.0,2079.0,480.0,1700901.0,1.2222933609892639,0.28220337338857465,Northeast
"Providence, RI",2022-12-01,121.0,84.0,16.0,6.0,15.0,37.0,1983.0,459.0,1700901.0,1.165852686311549,0.26985697580282453,Northeast
"Providence, RI",2023-01-01,143.0,111.0,20.0,7.0,5.0,32.0,1974.0,461.0,1700901.0,1.1605613730605133,0.2710328231919436,Northeast
"Providence, RI",2023-02-01,131.0,91.0,36.0,4.0,0.0,40.0,1960.0,469.0,1700901.0,1.15233044133668,0.2757362127484198,Northeast
"Providence, RI",2023-03-01,169.0,114.0,18.0,6.0,31.0,55.0,1976.0,508.0,1700901.0,1.1617372204496321,0.2986652368362415,Northeast
"Providence, RI",2023-04-01,183.0,102.0,20.0,3.0,58.0,81.0,1965.0,537.0,1700901.0,1.1552700598094774,0.31571502397846785,Northeast
"Providence, RI",2023-05-01,203.0,119.0,8.0,12.0,64.0,84.0,1957.0,562.0,1700901.0,1.150566670253001,0.3304131163424561,Northeast
"Providence, RI",2023-06-01,192.0,113.0,16.0,3.0,60.0,79.0,1974.0,604.0,1700901.0,1.1605613730605133,0.35510591151395643,Northeast
"Providence, RI",2023-07-01,145.0,117.0,16.0,3.0,9.0,28.0,1968.0,603.0,1700901.0,1.157033830893156,0.3545179878193969,Northeast
"Providence, RI",2023-08-01,129.0,114.0,8.0,7.0,0.0,15.0,1911.0,572.0,1700901.0,1.123522180303263,0.33629235328805146,Northeast
"Providence, RI",2023-09-01,128.0,105.0,14.0,3.0,6.0,23.0,1813.0,524.0,1700901.0,1.0659056582364288,0.30807201594919403,Northeast
"Providence, RI",2023-10-01,162.0,117.0,6.0,3.0,36.0,45.0,1838.0,549.0,1700901.0,1.080603750600417,0.32277010831318226,Northeast
"Providence, RI",2023-11-01,127.0,110.0,6.0,6.0,5.0,17.0,1833.0,536.0,1700901.0,1.0776641321276195,0.31512710028390833,Northeast
"Providence, RI",2023-12-01,102.0,84.0,6.0,12.0,0.0,18.0,1814.0,517.0,1700901.0,1.0664935819309884,0.3039565500872773,Northeast
"Providence, RI",2024-01-01,145.0,85.0,20.0,3.0,37.0,60.0,1816.0,545.0,1700901.0,1.0676694293201074,0.3204184135349441,Northeast
"Providence, RI",2024-02-01,168.0,102.0,40.0,3.0,23.0,66.0,1853.0,571.0,1700901.0,1.0894226060188101,0.3357044295934919,Northeast
"Providence, RI",2024-03-01,134.0,91.0,18.0,9.0,16.0,43.0,1818.0,559.0,1700901.0,1.0688452767092265,0.32864934525877754,Northeast
"Providence, RI",2024-04-01,152.0,114.0,20.0,13.0,5.0,38.0,1787.0,516.0,1700901.0,1.050619642177881,0.3033686263927177,Northeast
"Providence, RI",2024-05-01,146.0,120.0,20.0,6.0,0.0,26.0,1730.0,458.0,1700901.0,1.017107991587988,0.26926905210826496,Northeast
"Providence, RI",2024-06-01,174.0,156.0,12.0,6.0,0.0,18.0,1712.0,397.0,1700901.0,1.0065253650859163,0.2334057067401336,Northeast
"Providence, RI",2024-07-01,219.0,121.0,48.0,15.0,35.0,98.0,1786.0,467.0,1700901.0,1.0500317184833214,0.27456036535930073,Northeast
"Providence, RI",2024-08-01,149.0,117.0,24.0,3.0,5.0,32.0,1806.0,484.0,1700901.0,1.061790192374512,0.28455506816681275,Northeast
"Providence, RI",2024-09-01,152.0,130.0,16.0,6.0,0.0,22.0,1830.0,483.0,1700901.0,1.0759003610439408,0.2839671444722532,Northeast
"Providence, RI",2024-10-01,320.0,133.0,18.0,9.0,160.0,187.0,1988.0,625.0,1700901.0,1.1687923047843467,0.36745230909970655,Northeast
"Providence, RI",2024-11-01,136.0,105.0,28.0,3.0,0.0,31.0,1997.0,639.0,1700901.0,1.1740836180353824,0.37568324082354,Northeast
"Providence, RI",2024-12-01,139.0,120.0,16.0,3.0,0.0,19.0,2034.0,640.0,1700901.0,1.195836794734085,0.3762711645180995,Northeast
"Providence, RI",2025-01-01,150.0,93.0,38.0,14.0,5.0,57.0,2039.0,637.0,1700901.0,1.1987764132068828,0.37450739343442097,Northeast
"Providence, RI",2025-02-01,128.0,84.0,38.0,6.0,0.0,44.0,1999.0,615.0,1700901.0,1.1752594654245017,0.3615730721541113,Northeast
"Providence, RI",2025-03-01,162.0,89.0,6.0,6.0,61.0,73.0,2027.0,645.0,1700901.0,1.1917213288721684,0.37921078299089717,Northeast
"Providence, RI",2025-04-01,174.0,100.0,26.0,9.0,39.0,74.0,2049.0,681.0,1700901.0,1.204655650152478,0.40037603599504024,Northeast
"Providence, RI",2025-05-01,209.0,115.0,24.0,15.0,55.0,94.0,2112.0,749.0,1700901.0,1.2416948429097283,0.4403548472250884,Northeast
"Providence, RI",2025-06-01,254.0,99.0,52.0,6.0,97.0,155.0,2192.0,886.0,1700901.0,1.2887287384744908,0.520900393379744,Northeast
"Providence, RI",2025-07-01,210.0,95.0,38.0,3.0,74.0,115.0,2183.0,903.0,1700901.0,1.283437425223455,0.530895096187256,Northeast
"Providence, RI",2025-08-01,189.0,94.0,14.0,7.0,74.0,95.0,2223.0,966.0,1700901.0,1.3069543730058362,0.5679342889445064,Northeast
"Providence, RI",2025-09-01,523.0,107.0,10.0,18.0,388.0,416.0,2594.0,1360.0,1700901.0,1.525074063687422,0.7995762246009614,Northeast
"Providence, RI",2025-10-01,237.0,137.0,28.0,7.0,65.0,100.0,2511.0,1273.0,1700901.0,1.476276397038981,0.7484268631742823,Northeast
"Providence, RI",2025-11-01,150.0,97.0,28.0,6.0,19.0,53.0,2525.0,1295.0,1700901.0,1.4845073287628143,0.761361184454592,Northeast
"Providence, RI",2025-12-01,223.0,98.0,4.0,69.0,52.0,125.0,2609.0,1401.0,1700901.0,1.533892919105815,0.8236810960779022,Northeast
"Providence, RI",2026-01-01,134.0,82.0,30.0,9.0,13.0,52.0,2593.0,1396.0,1700901.0,1.5244861399928626,0.8207414776051046,Northeast
"Providence, RI",2026-02-01,399.0,63.0,22.0,6.0,308.0,336.0,2864.0,1688.0,1700901.0,1.6838134612184954,0.9924151964164875,Northeast
"Providence, RI",2026-03-01,316.0,104.0,36.0,6.0,170.0,212.0,3018.0,1827.0,1700901.0,1.774353710180663,1.0741365899602624,Northeast
"Providence, RI",2026-04-01,155.0,97.0,26.0,17.0,15.0,58.0,2999.0,1811.0,1700901.0,1.7631831599840322,1.0647298108473098,Northeast
"Providence, RI",2026-05-01,191.0,100.0,38.0,9.0,44.0,91.0,2981.0,1808.0,1700901.0,1.7526005334819603,1.0629660397636311,Northeast
"Raleigh, NC",2020-07-01,1257.0,1191.0,2.0,4.0,60.0,66.0,1257.0,66.0,1562009.0,0.8047328792599787,0.04225327766997502,Southeast
"Raleigh, NC",2020-08-01,1492.0,1193.0,14.0,0.0,285.0,299.0,2749.0,365.0,1562009.0,1.759913035072141,0.23367342953849815,Southeast
"Raleigh, NC",2020-09-01,1287.0,1174.0,0.0,0.0,113.0,113.0,4036.0,478.0,1562009.0,2.583851949636654,0.30601616251890995,Southeast
"Raleigh, NC",2020-10-01,1379.0,1241.0,0.0,0.0,138.0,138.0,5415.0,616.0,1562009.0,3.4666893724684043,0.3943639249197668,Southeast
"Raleigh, NC",2020-11-01,1984.0,1027.0,0.0,0.0,957.0,957.0,7399.0,1573.0,1562009.0,4.736848507274926,1.0070364511344045,Southeast
"Raleigh, NC",2020-12-01,1278.0,1062.0,0.0,0.0,216.0,216.0,8677.0,1789.0,1562009.0,5.555025611248079,1.14531990532705,Southeast
"Raleigh, NC",2021-01-01,1185.0,1126.0,6.0,4.0,49.0,59.0,9862.0,1848.0,1562009.0,6.313664005777175,1.1830917747593004,Southeast
"Raleigh, NC",2021-02-01,2890.0,1257.0,0.0,0.0,1633.0,1633.0,12752.0,3481.0,1562009.0,8.163845406780625,2.228540296502773,Southeast
"Raleigh, NC",2021-03-01,2462.0,1443.0,8.0,0.0,1011.0,1019.0,15214.0,4500.0,1562009.0,9.740020704106058,2.8809052956801144,Southeast
"Raleigh, NC",2021-04-01,1670.0,1365.0,8.0,4.0,293.0,305.0,16884.0,4805.0,1562009.0,10.809156669391788,3.0761666546095445,Southeast
"Raleigh, NC",2021-05-01,1664.0,1226.0,0.0,4.0,434.0,438.0,18548.0,5243.0,1562009.0,11.874451427616613,3.3565747700557425,Southeast
"Raleigh, NC",2021-06-01,1891.0,1410.0,0.0,3.0,478.0,481.0,20439.0,5724.0,1562009.0,13.08507185297908,3.6645115361051057,Southeast
"Raleigh, NC",2021-07-01,1260.0,1222.0,0.0,4.0,34.0,38.0,20442.0,5696.0,1562009.0,13.086992456509535,3.6465859031542074,Southeast
"Raleigh, NC",2021-08-01,1713.0,1267.0,2.0,0.0,444.0,446.0,20663.0,5843.0,1562009.0,13.228476916586269,3.7406954761464246,Southeast
"Raleigh, NC",2021-09-01,2218.0,1081.0,0.0,0.0,1137.0,1137.0,21594.0,6867.0,1562009.0,13.824504212203642,4.396261481207855,Southeast
"Raleigh, NC",2021-10-01,1672.0,1065.0,2.0,0.0,605.0,607.0,21887.0,7336.0,1562009.0,14.01208315701126,4.696515833135405,Southeast
"Raleigh, NC",2021-11-01,2565.0,1030.0,0.0,0.0,1535.0,1535.0,22468.0,7914.0,1562009.0,14.384040040742404,5.066552113336095,Southeast
"Raleigh, NC",2021-12-01,1114.0,972.0,0.0,0.0,142.0,142.0,22304.0,7840.0,1562009.0,14.279047047744283,5.0191772262515775,Southeast
"Raleigh, NC",2022-01-01,1687.0,1111.0,0.0,0.0,576.0,576.0,22806.0,8357.0,1562009.0,14.60042803850682,5.350161234666381,Southeast
"Raleigh, NC",2022-02-01,1737.0,1358.0,0.0,0.0,379.0,379.0,21653.0,7103.0,1562009.0,13.862276081635894,4.5473489589368565,Southeast
"Raleigh, NC",2022-03-01,1536.0,1530.0,0.0,0.0,6.0,6.0,20727.0,6090.0,1562009.0,13.269449791902607,3.8988251668204215,Southeast
"Raleigh, NC",2022-04-01,2193.0,1346.0,10.0,0.0,837.0,847.0,21250.0,6632.0,1562009.0,13.60427500737832,4.245814204655671,Southeast
"Raleigh, NC",2022-05-01,1642.0,1097.0,6.0,0.0,539.0,545.0,21228.0,6739.0,1562009.0,13.590190581488326,4.314315730575176,Southeast
"Raleigh, NC",2022-06-01,1076.0,1034.0,4.0,0.0,38.0,42.0,20413.0,6300.0,1562009.0,13.068426622381818,4.03326741395216,Southeast
"Raleigh, NC",2022-07-01,1912.0,994.0,4.0,0.0,914.0,918.0,21065.0,7180.0,1562009.0,13.485837789667025,4.596644449551826,Southeast
"Raleigh, NC",2022-08-01,1896.0,1078.0,4.0,0.0,814.0,818.0,21248.0,7552.0,1562009.0,13.602994605024683,4.8347992873280505,Southeast
"Raleigh, NC",2022-09-01,1841.0,890.0,10.0,8.0,933.0,951.0,20871.0,7366.0,1562009.0,13.361638761364372,4.715721868439939,Southeast
"Raleigh, NC",2022-10-01,1564.0,728.0,4.0,0.0,832.0,836.0,20763.0,7595.0,1562009.0,13.292497034268049,4.862327937931216,Southeast
"Raleigh, NC",2022-11-01,2171.0,713.0,2.0,0.0,1456.0,1458.0,20369.0,7518.0,1562009.0,13.040257770601833,4.813032447316245,Southeast
"Raleigh, NC",2022-12-01,927.0,624.0,4.0,0.0,299.0,303.0,20182.0,7679.0,1562009.0,12.920540150536905,4.916104836783911,Southeast
"Raleigh, NC",2023-01-01,2058.0,835.0,26.0,0.0,1197.0,1223.0,20553.0,8326.0,1562009.0,13.15805478713631,5.330314998185029,Southeast
"Raleigh, NC",2023-02-01,1994.0,929.0,6.0,0.0,1059.0,1065.0,20810.0,9012.0,1562009.0,13.322586489578484,5.769493005482042,Southeast
"Raleigh, NC",2023-03-01,1639.0,1299.0,0.0,0.0,340.0,340.0,20913.0,9346.0,1562009.0,13.38852721079072,5.983320198539189,Southeast
"Raleigh, NC",2023-04-01,1125.0,1014.0,2.0,3.0,106.0,111.0,19845.0,8610.0,1562009.0,12.704792353949305,5.512132132401286,Southeast
"Raleigh, NC",2023-05-01,1920.0,1341.0,2.0,0.0,577.0,579.0,20123.0,8644.0,1562009.0,12.882768281104655,5.533898972413091,Southeast
"Raleigh, NC",2023-06-01,1741.0,1199.0,10.0,0.0,532.0,542.0,20788.0,9144.0,1562009.0,13.308502063688493,5.853999560821992,Southeast
"Raleigh, NC",2023-07-01,1693.0,1015.0,10.0,0.0,668.0,678.0,20569.0,8904.0,1562009.0,13.168298005965395,5.70035127838572,Southeast
"Raleigh, NC",2023-08-01,1558.0,1087.0,6.0,0.0,465.0,471.0,20231.0,8557.0,1562009.0,12.951910008200977,5.478201470029942,Southeast
"Raleigh, NC",2023-09-01,1048.0,888.0,2.0,0.0,158.0,160.0,19438.0,7766.0,1562009.0,12.444230474984458,4.97180233916706,Southeast
"Raleigh, NC",2023-10-01,2149.0,952.0,4.0,0.0,1193.0,1197.0,20023.0,8127.0,1562009.0,12.818748163422875,5.202914963998287,Southeast
"Raleigh, NC",2023-11-01,1659.0,897.0,10.0,0.0,752.0,762.0,19511.0,7431.0,1562009.0,12.49096516089216,4.7573349449330955,Southeast
"Raleigh, NC",2023-12-01,2090.0,626.0,4.0,0.0,1460.0,1464.0,20674.0,8592.0,1562009.0,13.235519129531264,5.500608511218566,Southeast
"Raleigh, NC",2024-01-01,1134.0,914.0,12.0,0.0,208.0,220.0,19750.0,7589.0,1562009.0,12.643973242151613,4.858486730870308,Southeast
"Raleigh, NC",2024-02-01,1766.0,1166.0,4.0,0.0,596.0,600.0,19522.0,7124.0,1562009.0,12.498007373837154,4.560793183650031,Southeast
"Raleigh, NC",2024-03-01,1450.0,1183.0,2.0,0.0,265.0,267.0,19333.0,7051.0,1562009.0,12.37700935141859,4.51405849774233,Southeast
"Raleigh, NC",2024-04-01,1365.0,1206.0,2.0,0.0,157.0,159.0,19573.0,7099.0,1562009.0,12.530657633854863,4.544788154229585,Southeast
"Raleigh, NC",2024-05-01,1462.0,1422.0,4.0,0.0,36.0,40.0,19115.0,6560.0,1562009.0,12.23744549487231,4.199719719924789,Southeast
"Raleigh, NC",2024-06-01,2088.0,1080.0,8.0,0.0,1000.0,1008.0,19462.0,7026.0,1562009.0,12.459595303228086,4.498053468321886,Southeast
"Raleigh, NC",2024-07-01,2241.0,1259.0,8.0,0.0,974.0,982.0,20010.0,7330.0,1562009.0,12.810425548124243,4.692674626074497,Southeast
"Raleigh, NC",2024-08-01,2928.0,1369.0,4.0,0.0,1555.0,1559.0,21380.0,8418.0,1562009.0,13.687501160364633,5.3892135064522675,Southeast
"Raleigh, NC",2024-09-01,1447.0,1065.0,2.0,0.0,380.0,382.0,21779.0,8640.0,1562009.0,13.942941429914935,5.53133816770582,Southeast
"Raleigh, NC",2024-10-01,1454.0,1169.0,8.0,0.0,277.0,285.0,21084.0,7728.0,1562009.0,13.498001612026563,4.947474694447983,Southeast
"Raleigh, NC",2024-11-01,879.0,829.0,2.0,0.0,48.0,50.0,20304.0,7016.0,1562009.0,12.998644694108677,4.491651456553707,Southeast
"Raleigh, NC",2024-12-01,893.0,755.0,4.0,4.0,130.0,138.0,19107.0,5690.0,1562009.0,12.232323885457767,3.6427446960933003,Southeast
"Raleigh, NC",2025-01-01,1067.0,997.0,2.0,0.0,68.0,70.0,19040.0,5540.0,1562009.0,12.189430406610974,3.5467145195706298,Southeast
"Raleigh, NC",2025-02-01,1731.0,1042.0,10.0,11.0,668.0,689.0,19005.0,5629.0,1562009.0,12.16702336542235,3.603692424307414,Southeast
"Raleigh, NC",2025-03-01,1779.0,1259.0,4.0,0.0,516.0,520.0,19334.0,5882.0,1562009.0,12.377649552595408,3.7656633220423186,Southeast
"Raleigh, NC",2025-04-01,1513.0,1067.0,6.0,0.0,440.0,446.0,19482.0,6169.0,1562009.0,12.472399326764442,3.949401059789028,Southeast
"Raleigh, NC",2025-05-01,1686.0,1069.0,0.0,0.0,617.0,617.0,19706.0,6746.0,1562009.0,12.61580439037163,4.318797138812901,Southeast
"Raleigh, NC",2025-06-01,1348.0,840.0,2.0,0.0,506.0,508.0,18966.0,6246.0,1562009.0,12.142055519526455,3.9986965504039986,Southeast
"Raleigh, NC",2025-07-01,1853.0,915.0,52.0,0.0,886.0,938.0,18578.0,6202.0,1562009.0,11.893657462921148,3.970527698624016,Southeast
"Raleigh, NC",2025-08-01,2006.0,978.0,56.0,0.0,972.0,1028.0,17656.0,5671.0,1562009.0,11.303391977895133,3.630580873733762,Southeast
"Raleigh, NC",2025-09-01,1190.0,959.0,8.0,0.0,223.0,231.0,17399.0,5520.0,1562009.0,11.138860275452958,3.5339104960342738,Southeast
"Raleigh, NC",2025-10-01,1159.0,949.0,68.0,0.0,142.0,210.0,17104.0,5445.0,1562009.0,10.950000928291708,3.4858954077729383,Southeast
"Raleigh, NC",2025-11-01,868.0,778.0,6.0,0.0,84.0,90.0,17093.0,5485.0,1562009.0,10.94295871534671,3.5115034548456507,Southeast
"Raleigh, NC",2025-12-01,1490.0,908.0,18.0,4.0,560.0,582.0,17690.0,5929.0,1562009.0,11.325158817906939,3.7957527773527553,Southeast
"Raleigh, NC",2026-01-01,1583.0,796.0,14.0,0.0,773.0,787.0,18206.0,6646.0,1562009.0,11.655502625144925,4.254777021131121,Southeast
"Raleigh, NC",2026-02-01,1158.0,900.0,22.0,0.0,236.0,258.0,17633.0,6215.0,1562009.0,11.288667350828323,3.9788503139226474,Southeast
"Raleigh, NC",2026-03-01,1743.0,910.0,10.0,4.0,819.0,833.0,17597.0,6528.0,1562009.0,11.265620108462883,4.17923328226662,Southeast
"Raleigh, NC",2026-04-01,2416.0,1224.0,12.0,4.0,1176.0,1192.0,18500.0,7274.0,1562009.0,11.84372177112936,4.656823360172701,Southeast
"Raleigh, NC",2026-05-01,1582.0,1139.0,10.0,29.0,404.0,443.0,18396.0,7100.0,1562009.0,11.777140848740308,4.545428355406403,Southeast
"Richmond, VA",2020-07-01,832.0,466.0,10.0,27.0,329.0,366.0,832.0,366.0,1370165.0,0.6072261369980987,0.26712111315060594,Southeast
"Richmond, VA",2020-08-01,516.0,405.0,4.0,27.0,80.0,111.0,1348.0,477.0,1370165.0,0.9838231161940351,0.3481332540241504,Southeast
"Richmond, VA",2020-09-01,752.0,430.0,4.0,23.0,295.0,322.0,2100.0,799.0,1370165.0,1.5326621246346241,0.583141446468126,Southeast
"Richmond, VA",2020-10-01,554.0,529.0,0.0,0.0,25.0,25.0,2654.0,824.0,1370165.0,1.9369929898953775,0.6013874241423479,Southeast
"Richmond, VA",2020-11-01,635.0,486.0,10.0,0.0,139.0,149.0,3289.0,973.0,1370165.0,2.400440822820609,0.7101334510807092,Southeast
"Richmond, VA",2020-12-01,725.0,549.0,0.0,0.0,176.0,176.0,4014.0,1149.0,1370165.0,2.929574175373039,0.8385851339072301,Southeast
"Richmond, VA",2021-01-01,529.0,464.0,4.0,38.0,23.0,65.0,4543.0,1214.0,1370165.0,3.3156590629595706,0.8860246758602066,Southeast
"Richmond, VA",2021-02-01,557.0,489.0,48.0,8.0,12.0,68.0,5100.0,1282.0,1370165.0,3.7221794455412307,0.9356537351340897,Southeast
"Richmond, VA",2021-03-01,1240.0,595.0,38.0,12.0,595.0,645.0,6340.0,1927.0,1370165.0,4.6271799381826275,1.40639995912901,Southeast
"Richmond, VA",2021-04-01,721.0,621.0,24.0,0.0,76.0,100.0,7061.0,2027.0,1370165.0,5.153393934307182,1.479383869825897,Southeast
"Richmond, VA",2021-05-01,661.0,602.0,10.0,15.0,34.0,59.0,7722.0,2086.0,1370165.0,5.635817584013604,1.5224443771370602,Southeast
"Richmond, VA",2021-06-01,690.0,568.0,40.0,0.0,82.0,122.0,8412.0,2208.0,1370165.0,6.139406567822124,1.6114847481872623,Southeast
"Richmond, VA",2021-07-01,590.0,444.0,50.0,7.0,89.0,146.0,8170.0,1988.0,1370165.0,5.962785503935657,1.4509201446541111,Southeast
"Richmond, VA",2021-08-01,1201.0,397.0,40.0,3.0,761.0,804.0,8855.0,2681.0,1370165.0,6.462725292209332,1.9566986457835371,Southeast
"Richmond, VA",2021-09-01,550.0,418.0,38.0,0.0,94.0,132.0,8653.0,2491.0,1370165.0,6.315297792601621,1.818029215459452,Southeast
"Richmond, VA",2021-10-01,860.0,535.0,36.0,0.0,289.0,325.0,8959.0,2791.0,1370165.0,6.538628559334095,2.0369809475501124,Southeast
"Richmond, VA",2021-11-01,1117.0,364.0,14.0,0.0,739.0,753.0,9441.0,3395.0,1370165.0,6.890411008893089,2.4778037681593093,Southeast
"Richmond, VA",2021-12-01,758.0,395.0,60.0,0.0,303.0,363.0,9474.0,3582.0,1370165.0,6.914495699423062,2.6142836811624877,Southeast
"Richmond, VA",2022-01-01,483.0,335.0,38.0,0.0,110.0,148.0,9428.0,3665.0,1370165.0,6.8809231005024944,2.674860327040904,Southeast
"Richmond, VA",2022-02-01,775.0,382.0,4.0,0.0,389.0,393.0,9646.0,3990.0,1370165.0,7.040028025821708,2.912058036805786,Southeast
"Richmond, VA",2022-03-01,1472.0,506.0,12.0,0.0,954.0,966.0,9878.0,4311.0,1370165.0,7.209350698638485,3.146336390142793,Southeast
"Richmond, VA",2022-04-01,1206.0,493.0,32.0,0.0,681.0,713.0,10363.0,4924.0,1370165.0,7.5633226655183865,3.5937277627147095,Southeast
"Richmond, VA",2022-05-01,784.0,497.0,0.0,0.0,287.0,287.0,10486.0,5152.0,1370165.0,7.653092875675558,3.7601310791036116,Southeast
"Richmond, VA",2022-06-01,751.0,452.0,22.0,0.0,277.0,299.0,10547.0,5329.0,1370165.0,7.697613061200658,3.8893126010371013,Southeast
"Richmond, VA",2022-07-01,1277.0,476.0,8.0,3.0,790.0,801.0,11234.0,5984.0,1370165.0,8.199012527688271,4.36735721610171,Southeast
"Richmond, VA",2022-08-01,1062.0,406.0,12.0,3.0,641.0,656.0,11095.0,5836.0,1370165.0,8.0975648918196,4.259341028270319,Southeast
"Richmond, VA",2022-09-01,472.0,398.0,0.0,3.0,71.0,74.0,11017.0,5778.0,1370165.0,8.040637441476028,4.217010360066124,Southeast
"Richmond, VA",2022-10-01,1019.0,277.0,0.0,0.0,742.0,742.0,11176.0,6195.0,1370165.0,8.156681859484076,4.521353267672142,Southeast
"Richmond, VA",2022-11-01,712.0,270.0,6.0,0.0,436.0,442.0,10771.0,5884.0,1370165.0,7.861097021161685,4.294373305404823,Southeast
"Richmond, VA",2022-12-01,647.0,259.0,0.0,0.0,388.0,388.0,10660.0,5909.0,1370165.0,7.780084880288141,4.312619283079045,Southeast
"Richmond, VA",2023-01-01,1245.0,337.0,0.0,4.0,904.0,908.0,11422.0,6669.0,1370165.0,8.336222279798418,4.867297004375385,Southeast
"Richmond, VA",2023-02-01,782.0,325.0,36.0,0.0,421.0,457.0,11429.0,6733.0,1370165.0,8.3413311535472,4.914006707221393,Southeast
"Richmond, VA",2023-03-01,953.0,433.0,36.0,4.0,480.0,520.0,10910.0,6287.0,1370165.0,7.9625446570303575,4.588498465513278,Southeast
"Richmond, VA",2023-04-01,388.0,317.0,6.0,0.0,65.0,71.0,10092.0,5645.0,1370165.0,7.365536267529823,4.119941758839264,Southeast
"Richmond, VA",2023-05-01,931.0,433.0,14.0,0.0,484.0,498.0,10239.0,5856.0,1370165.0,7.472822616254247,4.273937810409695,Southeast
"Richmond, VA",2023-06-01,472.0,392.0,32.0,0.0,48.0,80.0,9960.0,5637.0,1370165.0,7.269197505409933,4.114103045983513,Southeast
"Richmond, VA",2023-07-01,431.0,388.0,18.0,0.0,25.0,43.0,9114.0,4879.0,1370165.0,6.65175362091427,3.5608850029011103,Southeast
"Richmond, VA",2023-08-01,596.0,393.0,2.0,0.0,201.0,203.0,8648.0,4426.0,1370165.0,6.311648597066776,3.230267887444213,Southeast
"Richmond, VA",2023-09-01,1205.0,373.0,44.0,0.0,788.0,832.0,9381.0,5184.0,1370165.0,6.846620662474957,3.7834859305266155,Southeast
"Richmond, VA",2023-10-01,1572.0,402.0,30.0,0.0,1140.0,1170.0,9934.0,5612.0,1370165.0,7.250221688628742,4.095857068309291,Southeast
"Richmond, VA",2023-11-01,904.0,402.0,2.0,0.0,500.0,502.0,10126.0,5672.0,1370165.0,7.390350797166764,4.139647414727423,Southeast
"Richmond, VA",2023-12-01,563.0,399.0,0.0,0.0,164.0,164.0,10042.0,5448.0,1370165.0,7.32904431218138,3.9761634547663967,Southeast
"Richmond, VA",2024-01-01,826.0,378.0,4.0,0.0,444.0,448.0,9623.0,4988.0,1370165.0,7.023241726361424,3.640437465560717,Southeast
"Richmond, VA",2024-02-01,554.0,447.0,0.0,0.0,107.0,107.0,9395.0,4638.0,1370165.0,6.8568384099725215,3.384993778121613,Southeast
"Richmond, VA",2024-03-01,617.0,378.0,10.0,3.0,226.0,239.0,9059.0,4357.0,1370165.0,6.611612470030981,3.179908989063361,Southeast
"Richmond, VA",2024-04-01,453.0,453.0,0.0,0.0,0.0,0.0,9124.0,4286.0,1370165.0,6.659052011983959,3.1280904124685716,Southeast
"Richmond, VA",2024-05-01,806.0,453.0,40.0,0.0,313.0,353.0,8999.0,4141.0,1370165.0,6.567822123612849,3.0222637419580853,Southeast
"Richmond, VA",2024-06-01,1018.0,481.0,0.0,0.0,537.0,537.0,9545.0,4598.0,1370165.0,6.966314276017852,3.3558002138428584,Southeast
"Richmond, VA",2024-07-01,754.0,437.0,0.0,0.0,317.0,317.0,9868.0,4872.0,1370165.0,7.202052307568796,3.555776129152328,Southeast
"Richmond, VA",2024-08-01,607.0,436.0,56.0,0.0,115.0,171.0,9879.0,4840.0,1370165.0,7.210080537745454,3.5324212777293247,Southeast
"Richmond, VA",2024-09-01,461.0,381.0,38.0,0.0,42.0,80.0,9135.0,4088.0,1370165.0,6.667080242160616,2.983582269288735,Southeast
"Richmond, VA",2024-10-01,668.0,373.0,30.0,0.0,265.0,295.0,8231.0,3213.0,1370165.0,6.007305689460758,2.344973050690975,Southeast
"Richmond, VA",2024-11-01,1225.0,407.0,0.0,0.0,818.0,818.0,8552.0,3529.0,1370165.0,6.241584042797765,2.575602208493138,Southeast
"Richmond, VA",2024-12-01,684.0,361.0,10.0,0.0,313.0,323.0,8673.0,3688.0,1370165.0,6.329894574740998,2.691646626501188,Southeast
"Richmond, VA",2025-01-01,1313.0,507.0,26.0,17.0,763.0,806.0,9160.0,4046.0,1370165.0,6.685326219834837,2.952929026796043,Southeast
"Richmond, VA",2025-02-01,1033.0,321.0,32.0,0.0,680.0,712.0,9639.0,4651.0,1370165.0,7.034919152072925,3.3944816865122087,Southeast
"Richmond, VA",2025-03-01,945.0,422.0,28.0,0.0,495.0,523.0,9967.0,4935.0,1370165.0,7.274306379158714,3.601755992891367,Southeast
"Richmond, VA",2025-04-01,732.0,374.0,50.0,0.0,308.0,358.0,10246.0,5293.0,1370165.0,7.477931490003029,3.8630383931862218,Southeast
"Richmond, VA",2025-05-01,911.0,399.0,0.0,0.0,512.0,512.0,10351.0,5452.0,1370165.0,7.55456459623476,3.9790828111942727,Southeast
"Richmond, VA",2025-06-01,619.0,399.0,24.0,0.0,196.0,220.0,9952.0,5135.0,1370165.0,7.263358792554182,3.747723814285141,Southeast
"Richmond, VA",2025-07-01,465.0,407.0,24.0,0.0,34.0,58.0,9663.0,4876.0,1370165.0,7.052435290640179,3.5586954855802038,Southeast
"Richmond, VA",2025-08-01,376.0,328.0,42.0,0.0,6.0,48.0,9432.0,4753.0,1370165.0,6.88384245693037,3.468925275423033,Southeast
"Richmond, VA",2025-09-01,417.0,342.0,18.0,0.0,57.0,75.0,9388.0,4748.0,1370165.0,6.85172953622374,3.4652760798881888,Southeast
"Richmond, VA",2025-10-01,1221.0,367.0,0.0,0.0,854.0,854.0,9941.0,5307.0,1370165.0,7.255330562377524,3.873256140683786,Southeast
"Richmond, VA",2025-11-01,732.0,282.0,40.0,0.0,410.0,450.0,9448.0,4939.0,1370165.0,6.895519882641871,3.6046753493192427,Southeast
"Richmond, VA",2025-12-01,343.0,237.0,14.0,0.0,92.0,106.0,9107.0,4722.0,1370165.0,6.646644747165488,3.4463002631069983,Southeast
"Richmond, VA",2026-01-01,1494.0,263.0,2.0,0.0,1229.0,1231.0,9288.0,5147.0,1370165.0,6.778745625526852,3.756481883568767,Southeast
"Richmond, VA",2026-02-01,352.0,290.0,14.0,0.0,48.0,62.0,8607.0,4497.0,1370165.0,6.281725193681053,3.2820864640390024,Southeast
"Richmond, VA",2026-03-01,645.0,381.0,32.0,0.0,232.0,264.0,8307.0,4238.0,1370165.0,6.0627734615903925,3.093058135334066,Southeast
"Richmond, VA",2026-04-01,952.0,386.0,40.0,0.0,526.0,566.0,8527.0,4446.0,1370165.0,6.223338065123544,3.2448646695835905,Southeast
"Richmond, VA",2026-05-01,969.0,401.0,26.0,0.0,542.0,568.0,8585.0,4502.0,1370165.0,6.265668733327738,3.285735659573847,Southeast
"Riverside, CA",2020-07-01,1304.0,1168.0,10.0,0.0,126.0,136.0,1304.0,136.0,4744214.0,0.2748611255731719,0.028666497759165164,West
"Riverside, CA",2020-08-01,1080.0,1005.0,0.0,37.0,38.0,75.0,2384.0,211.0,4744214.0,0.5025068430724245,0.04447522814105772,West
"Riverside, CA",2020-09-01,1685.0,1284.0,2.0,24.0,375.0,401.0,4069.0,612.0,4744214.0,0.8576763189856106,0.12899923991624324,West
"Riverside, CA",2020-10-01,1356.0,1180.0,0.0,82.0,94.0,176.0,5425.0,788.0,4744214.0,1.143498164290228,0.1660970605457511,West
"Riverside, CA",2020-11-01,1215.0,1014.0,88.0,9.0,104.0,201.0,6640.0,989.0,4744214.0,1.3995995964768875,0.20846445796922314,West
"Riverside, CA",2020-12-01,1491.0,1117.0,2.0,38.0,334.0,374.0,8131.0,1363.0,4744214.0,1.7138771564689113,0.2872973268069273,West
"Riverside, CA",2021-01-01,991.0,861.0,6.0,15.0,109.0,130.0,9122.0,1493.0,4744214.0,1.9227631805816516,0.31469912613554113,West
"Riverside, CA",2021-02-01,1061.0,888.0,14.0,27.0,132.0,173.0,10183.0,1666.0,4744214.0,2.1464040197174916,0.3511645975497733,West
"Riverside, CA",2021-03-01,1438.0,1259.0,20.0,46.0,113.0,179.0,11621.0,1845.0,4744214.0,2.4495100769063116,0.38889476739455686,West
"Riverside, CA",2021-04-01,1164.0,1025.0,10.0,21.0,108.0,139.0,12785.0,1984.0,4744214.0,2.6948615724332843,0.4181936143689977,West
"Riverside, CA",2021-05-01,1224.0,1113.0,6.0,39.0,66.0,111.0,14009.0,2095.0,4744214.0,2.9528600522657706,0.4415905353341987,West
"Riverside, CA",2021-06-01,1290.0,1010.0,24.0,26.0,230.0,280.0,15299.0,2375.0,4744214.0,3.2247702148343222,0.5006097954265976,West
"Riverside, CA",2021-07-01,1062.0,954.0,12.0,9.0,87.0,108.0,15057.0,2347.0,4744214.0,3.1737607114687494,0.4947078694173576,West
"Riverside, CA",2021-08-01,1211.0,1021.0,22.0,15.0,153.0,190.0,15188.0,2462.0,4744214.0,3.2013732938691213,0.5189479226695929,West
"Riverside, CA",2021-09-01,1153.0,951.0,18.0,22.0,162.0,202.0,14656.0,2263.0,4744214.0,3.0892366996935636,0.477002091389638,West
"Riverside, CA",2021-10-01,1990.0,914.0,24.0,26.0,1026.0,1076.0,15290.0,3163.0,4744214.0,3.2228731671884954,0.6667068559723487,West
"Riverside, CA",2021-11-01,1179.0,867.0,40.0,16.0,256.0,312.0,15254.0,3274.0,4744214.0,3.215284976605187,0.6901037769375497,West
"Riverside, CA",2021-12-01,1337.0,829.0,18.0,42.0,448.0,508.0,15100.0,3408.0,4744214.0,3.1828243835543675,0.7183487085531977,West
"Riverside, CA",2022-01-01,1048.0,976.0,6.0,12.0,54.0,72.0,15157.0,3350.0,4744214.0,3.194839018644606,0.7061232903912007,West
"Riverside, CA",2022-02-01,1231.0,938.0,4.0,0.0,289.0,293.0,15327.0,3470.0,4744214.0,3.2306721408435624,0.7314172590022288,West
"Riverside, CA",2022-03-01,1939.0,1588.0,14.0,27.0,310.0,351.0,15828.0,3642.0,4744214.0,3.3362744597946046,0.7676719473447025,West
"Riverside, CA",2022-04-01,1540.0,1314.0,22.0,29.0,175.0,226.0,16204.0,3729.0,4744214.0,3.415528894775826,0.7860100745876978,West
"Riverside, CA",2022-05-01,1651.0,1434.0,14.0,42.0,161.0,217.0,16631.0,3835.0,4744214.0,3.5055332664167342,0.808353080194106,West
"Riverside, CA",2022-06-01,1518.0,1320.0,8.0,14.0,176.0,198.0,16859.0,3753.0,4744214.0,3.5535918067776877,0.7910688683099034,West
"Riverside, CA",2022-07-01,1008.0,806.0,6.0,12.0,184.0,202.0,16805.0,3847.0,4744214.0,3.5422095209027247,0.8108824770552087,West
"Riverside, CA",2022-08-01,1323.0,903.0,12.0,37.0,371.0,420.0,16917.0,4077.0,4744214.0,3.5658172249396842,0.8593625835596792,West
"Riverside, CA",2022-09-01,903.0,737.0,18.0,7.0,141.0,166.0,16667.0,4041.0,4744214.0,3.5131214570000426,0.8517743929763708,West
"Riverside, CA",2022-10-01,853.0,688.0,6.0,24.0,135.0,165.0,15530.0,3130.0,4744214.0,3.2734611044105515,0.6597510146043158,West
"Riverside, CA",2022-11-01,835.0,419.0,18.0,14.0,384.0,416.0,15186.0,3234.0,4744214.0,3.200951727725604,0.6816724540672069,West
"Riverside, CA",2022-12-01,1720.0,695.0,52.0,27.0,946.0,1025.0,15569.0,3751.0,4744214.0,3.2816816442091357,0.7906473021663862,West
"Riverside, CA",2023-01-01,1046.0,423.0,10.0,30.0,583.0,623.0,15567.0,4302.0,4744214.0,3.2812600780656185,0.9067887747053569,West
"Riverside, CA",2023-02-01,1728.0,642.0,14.0,23.0,1049.0,1086.0,16064.0,5095.0,4744214.0,3.3860192647296263,1.0739397506099007,West
"Riverside, CA",2023-03-01,1212.0,878.0,10.0,23.0,301.0,334.0,15337.0,5078.0,4744214.0,3.232779971561148,1.0703564383900053,West
"Riverside, CA",2023-04-01,2376.0,868.0,20.0,46.0,1442.0,1508.0,16173.0,6360.0,4744214.0,3.40899461955131,1.3405803363844884,West
"Riverside, CA",2023-05-01,1544.0,1292.0,26.0,14.0,212.0,252.0,16066.0,6395.0,4744214.0,3.3864408308731435,1.3479577438960384,West
"Riverside, CA",2023-06-01,2624.0,1857.0,12.0,18.0,737.0,767.0,17172.0,6964.0,4744214.0,3.619566908238119,1.4678933117266633,West
"Riverside, CA",2023-07-01,1176.0,666.0,18.0,18.0,474.0,510.0,17340.0,7272.0,4744214.0,3.6549784642935585,1.532814497828302,West
"Riverside, CA",2023-08-01,1461.0,947.0,18.0,50.0,446.0,514.0,17478.0,7366.0,4744214.0,3.684066528196241,1.5526281065736072,West
"Riverside, CA",2023-09-01,1750.0,717.0,10.0,7.0,1016.0,1033.0,18325.0,8233.0,4744214.0,3.862599789975747,1.7353770297882853,West
"Riverside, CA",2023-10-01,1195.0,922.0,12.0,14.0,247.0,273.0,18667.0,8341.0,4744214.0,3.9346876005171776,1.7581416015382105,West
"Riverside, CA",2023-11-01,1218.0,858.0,12.0,31.0,317.0,360.0,19050.0,8285.0,4744214.0,4.015417517000709,1.7463377495197308,West
"Riverside, CA",2023-12-01,1119.0,791.0,6.0,3.0,319.0,328.0,18449.0,7588.0,4744214.0,3.8887368908738096,1.5994219485040093,West
"Riverside, CA",2024-01-01,1297.0,993.0,8.0,15.0,281.0,304.0,18700.0,7269.0,4744214.0,3.9416434418852098,1.5321821486130265,West
"Riverside, CA",2024-02-01,1045.0,960.0,2.0,0.0,83.0,85.0,18017.0,6268.0,4744214.0,3.7976786038741084,1.3211882937827002,West
"Riverside, CA",2024-03-01,1179.0,923.0,48.0,6.0,202.0,256.0,17984.0,6190.0,4744214.0,3.7907227625060758,1.304747214185532,West
"Riverside, CA",2024-04-01,1170.0,1008.0,6.0,9.0,147.0,162.0,16778.0,4844.0,4744214.0,3.5365183779652436,1.0210331995985005,West
"Riverside, CA",2024-05-01,1448.0,1144.0,52.0,10.0,242.0,304.0,16682.0,4896.0,4744214.0,3.516283203076421,1.0319939193299459,West
"Riverside, CA",2024-06-01,2103.0,1117.0,20.0,19.0,947.0,986.0,16161.0,5115.0,4744214.0,3.4064652226902075,1.0781554120450723,West
"Riverside, CA",2024-07-01,1119.0,1015.0,14.0,11.0,79.0,104.0,16104.0,4709.0,4744214.0,3.394450587599969,0.9925774849110939,West
"Riverside, CA",2024-08-01,1371.0,968.0,10.0,17.0,376.0,403.0,16014.0,4598.0,4744214.0,3.375480111141698,0.9691805639458928,West
"Riverside, CA",2024-09-01,1063.0,920.0,16.0,0.0,127.0,143.0,15327.0,3708.0,4744214.0,3.2306721408435624,0.7815836300807678,West
"Riverside, CA",2024-10-01,1535.0,951.0,22.0,0.0,562.0,584.0,15667.0,4019.0,4744214.0,3.302338385241475,0.8471371653976822,West
"Riverside, CA",2024-11-01,769.0,714.0,14.0,0.0,41.0,55.0,15218.0,3714.0,4744214.0,3.2076967860218786,0.7828483285113192,West
"Riverside, CA",2024-12-01,1102.0,902.0,0.0,7.0,193.0,200.0,15201.0,3586.0,4744214.0,3.2041134738019825,0.7558680953262227,West
"Riverside, CA",2025-01-01,1161.0,978.0,16.0,25.0,142.0,183.0,15065.0,3465.0,4744214.0,3.1754469760428177,0.730363343643436,West
"Riverside, CA",2025-02-01,1645.0,1068.0,36.0,7.0,534.0,577.0,15665.0,3957.0,4744214.0,3.301916819097958,0.8340686149486511,West
"Riverside, CA",2025-03-01,1220.0,1045.0,6.0,17.0,152.0,175.0,15706.0,3876.0,4744214.0,3.310558925040059,0.8169951861362071,West
"Riverside, CA",2025-04-01,1250.0,943.0,26.0,32.0,249.0,307.0,15786.0,4021.0,4744214.0,3.3274215707807446,0.8475587315411994,West
"Riverside, CA",2025-05-01,1320.0,877.0,24.0,24.0,395.0,443.0,15658.0,4160.0,4744214.0,3.300441337595648,0.8768575785156403,West
"Riverside, CA",2025-06-01,1619.0,564.0,30.0,8.0,1017.0,1055.0,15174.0,4229.0,4744214.0,3.1984223308645015,0.8914016104669814,West
"Riverside, CA",2025-07-01,1007.0,717.0,24.0,7.0,259.0,290.0,15062.0,4415.0,4744214.0,3.174814626827542,0.930607261814075,West
"Riverside, CA",2025-08-01,1116.0,564.0,20.0,16.0,516.0,552.0,14807.0,4564.0,4744214.0,3.121064943529107,0.9620139395061016,West
"Riverside, CA",2025-09-01,1389.0,839.0,60.0,14.0,476.0,550.0,15133.0,4971.0,4744214.0,3.1897802249224,1.0478026497118385,West
"Riverside, CA",2025-10-01,863.0,597.0,54.0,45.0,167.0,266.0,14461.0,4653.0,4744214.0,3.0481340007006428,0.9807736328926141,West
"Riverside, CA",2025-11-01,1033.0,580.0,12.0,12.0,429.0,453.0,14725.0,5051.0,4744214.0,3.1037807316449046,1.0646652954525238,West
"Riverside, CA",2025-12-01,1227.0,664.0,14.0,14.0,535.0,563.0,14850.0,5414.0,4744214.0,3.130128615614726,1.1411795505008837,West
"Riverside, CA",2026-01-01,1319.0,780.0,28.0,0.0,511.0,539.0,15008.0,5770.0,4744214.0,3.1634323409525793,1.2162183240469338,West
"Riverside, CA",2026-02-01,1005.0,646.0,16.0,6.0,337.0,359.0,14368.0,5552.0,4744214.0,3.028531175027096,1.170267614403566,West
"Riverside, CA",2026-03-01,1097.0,819.0,2.0,3.0,273.0,278.0,14245.0,5655.0,4744214.0,3.0026048572007924,1.1919782707946984,West
"Riverside, CA",2026-04-01,1269.0,1206.0,24.0,3.0,36.0,63.0,14264.0,5411.0,4744214.0,3.0066097355642047,1.1405472012856082,West
"Riverside, CA",2026-05-01,1062.0,771.0,12.0,9.0,270.0,291.0,14006.0,5259.0,4744214.0,2.952227703050495,1.1085081743783058,West
"Sacramento, CA",2020-07-01,788.0,666.0,8.0,0.0,114.0,122.0,788.0,122.0,2463127.0,0.31991854256804464,0.04953053577830133,West
"Sacramento, CA",2020-08-01,811.0,658.0,10.0,0.0,143.0,153.0,1599.0,275.0,2463127.0,0.6491748090942936,0.11164669950026937,West
"Sacramento, CA",2020-09-01,972.0,828.0,0.0,0.0,144.0,144.0,2571.0,419.0,2463127.0,1.0437951433279729,0.17010897123859225,West
"Sacramento, CA",2020-10-01,828.0,761.0,4.0,0.0,63.0,67.0,3399.0,486.0,2463127.0,1.3799532058233295,0.1973101671168397,West
"Sacramento, CA",2020-11-01,716.0,528.0,12.0,12.0,164.0,188.0,4115.0,674.0,2463127.0,1.6706406125222126,0.27363591077520566,West
"Sacramento, CA",2020-12-01,1434.0,823.0,22.0,53.0,536.0,611.0,5549.0,1285.0,2463127.0,2.2528274019163446,0.521694577664895,West
"Sacramento, CA",2021-01-01,631.0,549.0,4.0,0.0,78.0,82.0,6180.0,1367.0,2463127.0,2.50900582876969,0.5549855935158845,West
"Sacramento, CA",2021-02-01,848.0,843.0,0.0,0.0,5.0,5.0,7028.0,1372.0,2463127.0,2.8532836512287023,0.5570155335067984,West
"Sacramento, CA",2021-03-01,1176.0,874.0,12.0,0.0,290.0,302.0,8204.0,1674.0,2463127.0,3.3307255370916726,0.6796239089580034,West
"Sacramento, CA",2021-04-01,1320.0,835.0,20.0,16.0,449.0,485.0,9524.0,2159.0,2463127.0,3.8666296946929655,0.8765280880766603,West
"Sacramento, CA",2021-05-01,1232.0,966.0,12.0,8.0,246.0,266.0,10756.0,2425.0,2463127.0,4.366806908454172,0.9845208955932845,West
"Sacramento, CA",2021-06-01,1235.0,911.0,2.0,12.0,310.0,324.0,11991.0,2749.0,2463127.0,4.868202086209927,1.116061007004511,West
"Sacramento, CA",2021-07-01,726.0,701.0,0.0,7.0,18.0,25.0,11929.0,2652.0,2463127.0,4.8430308303225935,1.0766801711807796,West
"Sacramento, CA",2021-08-01,998.0,733.0,6.0,16.0,243.0,265.0,12116.0,2764.0,2463127.0,4.918950585982777,1.1221508269772529,West
"Sacramento, CA",2021-09-01,931.0,628.0,2.0,6.0,295.0,303.0,12075.0,2923.0,2463127.0,4.9023050780572826,1.1867029186883178,West
"Sacramento, CA",2021-10-01,846.0,752.0,38.0,0.0,56.0,94.0,12093.0,2950.0,2463127.0,4.909612862024573,1.1976645946392532,West
"Sacramento, CA",2021-11-01,897.0,694.0,14.0,28.0,161.0,203.0,12274.0,2965.0,2463127.0,4.983096689695659,1.2037544146119952,West
"Sacramento, CA",2021-12-01,1235.0,675.0,6.0,0.0,554.0,560.0,12075.0,2914.0,2463127.0,4.9023050780572826,1.1830490267046725,West
"Sacramento, CA",2022-01-01,729.0,633.0,8.0,12.0,76.0,96.0,12173.0,2928.0,2463127.0,4.942091901879197,1.1887328586792318,West
"Sacramento, CA",2022-02-01,936.0,746.0,10.0,32.0,148.0,190.0,12261.0,3113.0,2463127.0,4.977818845719283,1.2638406383430492,West
"Sacramento, CA",2022-03-01,874.0,860.0,14.0,0.0,0.0,14.0,11959.0,2825.0,2463127.0,4.855210470268077,1.1469160948664037,West
"Sacramento, CA",2022-04-01,1086.0,819.0,8.0,0.0,259.0,267.0,11725.0,2607.0,2463127.0,4.760209278693304,1.0584107112625538,West
"Sacramento, CA",2022-05-01,1083.0,746.0,8.0,0.0,329.0,337.0,11576.0,2678.0,2463127.0,4.699717066964066,1.0872358591335323,West
"Sacramento, CA",2022-06-01,1525.0,989.0,22.0,63.0,451.0,536.0,11866.0,2890.0,2463127.0,4.817453586437078,1.1733053147482855,West
"Sacramento, CA",2022-07-01,518.0,507.0,4.0,0.0,7.0,11.0,11658.0,2876.0,2463127.0,4.733008082815055,1.1676214827737261,West
"Sacramento, CA",2022-08-01,1018.0,672.0,28.0,4.0,314.0,346.0,11678.0,2957.0,2463127.0,4.741127842778711,1.200506510626533,West
"Sacramento, CA",2022-09-01,912.0,634.0,4.0,0.0,274.0,278.0,11659.0,2932.0,2463127.0,4.733414070813239,1.190356810671963,West
"Sacramento, CA",2022-10-01,555.0,533.0,22.0,0.0,0.0,22.0,11368.0,2860.0,2463127.0,4.615271563342045,1.1611256748028016,West
"Sacramento, CA",2022-11-01,747.0,510.0,2.0,4.0,231.0,237.0,11218.0,2894.0,2463127.0,4.554373363614625,1.1749292667410165,West
"Sacramento, CA",2022-12-01,608.0,507.0,12.0,0.0,89.0,101.0,10591.0,2435.0,2463127.0,4.299818888754011,0.9885807755751124,West
"Sacramento, CA",2023-01-01,1182.0,352.0,6.0,6.0,818.0,830.0,11044.0,3169.0,2463127.0,4.483731451930818,1.2865759662412861,West
"Sacramento, CA",2023-02-01,963.0,459.0,34.0,0.0,470.0,504.0,11071.0,3483.0,2463127.0,4.494693127881754,1.4140561976706845,West
"Sacramento, CA",2023-03-01,755.0,593.0,2.0,0.0,160.0,162.0,10952.0,3631.0,2463127.0,4.446380556098001,1.4741424214017385,West
"Sacramento, CA",2023-04-01,840.0,623.0,2.0,0.0,215.0,217.0,10706.0,3581.0,2463127.0,4.346507508545033,1.4538430214925988,West
"Sacramento, CA",2023-05-01,951.0,764.0,4.0,3.0,180.0,187.0,10574.0,3431.0,2463127.0,4.292917092784903,1.392944821765179,West
"Sacramento, CA",2023-06-01,1753.0,1044.0,2.0,0.0,707.0,709.0,10802.0,3604.0,2463127.0,4.385482356370581,1.463180745450803,West
"Sacramento, CA",2023-07-01,669.0,520.0,28.0,0.0,121.0,149.0,10953.0,3742.0,2463127.0,4.446786544096184,1.5192070892000291,West
"Sacramento, CA",2023-08-01,1537.0,912.0,12.0,0.0,613.0,625.0,11472.0,4021.0,2463127.0,4.6574943151530555,1.6324777406930298,West
"Sacramento, CA",2023-09-01,702.0,698.0,4.0,0.0,0.0,4.0,11262.0,3747.0,2463127.0,4.572236835534667,1.521237029190943,West
"Sacramento, CA",2023-10-01,790.0,742.0,6.0,0.0,42.0,48.0,11497.0,3773.0,2463127.0,4.6676440151076255,1.5317927171436958,West
"Sacramento, CA",2023-11-01,687.0,681.0,6.0,0.0,0.0,6.0,11437.0,3542.0,2463127.0,4.643284735216658,1.4380094895634694,West
"Sacramento, CA",2023-12-01,850.0,557.0,8.0,4.0,281.0,293.0,11679.0,3734.0,2463127.0,4.741533830776894,1.5159591852145666,West
"Sacramento, CA",2024-01-01,984.0,635.0,20.0,0.0,329.0,349.0,11481.0,3253.0,2463127.0,4.6611482071367005,1.320678958088641,West
"Sacramento, CA",2024-02-01,1322.0,711.0,20.0,4.0,587.0,611.0,11840.0,3360.0,2463127.0,4.806897898484325,1.3641196738942005,West
"Sacramento, CA",2024-03-01,744.0,734.0,10.0,0.0,0.0,10.0,11829.0,3208.0,2463127.0,4.802432030504314,1.302409498170415,West
"Sacramento, CA",2024-04-01,901.0,830.0,22.0,0.0,49.0,71.0,11890.0,3062.0,2463127.0,4.827197298393465,1.2431352504357267,West
"Sacramento, CA",2024-05-01,987.0,915.0,20.0,0.0,52.0,72.0,11926.0,2947.0,2463127.0,4.841812866328046,1.196446630644705,West
"Sacramento, CA",2024-06-01,1111.0,1011.0,32.0,0.0,68.0,100.0,11284.0,2338.0,2463127.0,4.58116857149469,0.9491999397513811,West
"Sacramento, CA",2024-07-01,1347.0,660.0,8.0,12.0,667.0,687.0,11962.0,2876.0,2463127.0,4.856428434262626,1.1676214827737261,West
"Sacramento, CA",2024-08-01,850.0,720.0,6.0,4.0,120.0,130.0,11275.0,2381.0,2463127.0,4.577514679511045,0.9666574236732414,West
"Sacramento, CA",2024-09-01,571.0,569.0,2.0,0.0,0.0,2.0,11144.0,2379.0,2463127.0,4.524330251749098,0.9658454476768759,West
"Sacramento, CA",2024-10-01,762.0,543.0,4.0,4.0,211.0,219.0,11116.0,2550.0,2463127.0,4.512962587799979,1.0352693953661343,West
"Sacramento, CA",2024-11-01,787.0,606.0,6.0,3.0,172.0,181.0,11216.0,2725.0,2463127.0,4.553561387618259,1.106317295048124,West
"Sacramento, CA",2024-12-01,997.0,651.0,4.0,0.0,342.0,346.0,11363.0,2778.0,2463127.0,4.613241623351131,1.127834658951812,West
"Sacramento, CA",2025-01-01,801.0,687.0,28.0,4.0,82.0,114.0,11180.0,2543.0,2463127.0,4.538945819683678,1.0324274793788546,West
"Sacramento, CA",2025-02-01,876.0,800.0,12.0,4.0,60.0,76.0,10734.0,2008.0,2463127.0,4.3578751724941505,0.8152239003510579,West
"Sacramento, CA",2025-03-01,805.0,763.0,26.0,8.0,8.0,42.0,10795.0,2040.0,2463127.0,4.382640440383301,0.8282155162929073,West
"Sacramento, CA",2025-04-01,1455.0,808.0,12.0,0.0,635.0,647.0,11349.0,2616.0,2463127.0,4.607557791376571,1.062064603246199,West
"Sacramento, CA",2025-05-01,960.0,720.0,30.0,0.0,210.0,240.0,11322.0,2784.0,2463127.0,4.596596115425636,1.1302705869409089,West
"Sacramento, CA",2025-06-01,701.0,659.0,28.0,14.0,0.0,42.0,10912.0,2726.0,2463127.0,4.430141036170689,1.1067232830463067,West
"Sacramento, CA",2025-07-01,755.0,549.0,14.0,0.0,192.0,206.0,10320.0,2245.0,2463127.0,4.189796141246473,0.9114430559203809,West
"Sacramento, CA",2025-08-01,855.0,525.0,40.0,0.0,290.0,330.0,10325.0,2445.0,2463127.0,4.191826081237386,0.9926406555569405,West
"Sacramento, CA",2025-09-01,611.0,547.0,34.0,0.0,30.0,64.0,10365.0,2507.0,2463127.0,4.208065601164698,1.017811911444274,West
"Sacramento, CA",2025-10-01,1136.0,555.0,48.0,3.0,530.0,581.0,10739.0,2869.0,2463127.0,4.359905112485064,1.1647795667864467,West
"Sacramento, CA",2025-11-01,565.0,464.0,34.0,0.0,67.0,101.0,10517.0,2789.0,2463127.0,4.269775776888483,1.1323005269318227,West
"Sacramento, CA",2025-12-01,987.0,549.0,56.0,0.0,382.0,438.0,10507.0,2881.0,2463127.0,4.265715896906656,1.1696514227646402,West
"Sacramento, CA",2026-01-01,632.0,493.0,102.0,0.0,37.0,139.0,10338.0,2906.0,2463127.0,4.197103925213763,1.17980112271921,West
"Sacramento, CA",2026-02-01,624.0,536.0,80.0,0.0,8.0,88.0,10086.0,2918.0,2463127.0,4.094794949671698,1.1846729786974037,West
"Sacramento, CA",2026-03-01,694.0,602.0,40.0,0.0,52.0,92.0,9975.0,2968.0,2463127.0,4.049730281873407,1.2049723786065436,West
"Sacramento, CA",2026-04-01,1388.0,959.0,38.0,0.0,391.0,429.0,9908.0,2750.0,2463127.0,4.02252908599516,1.1164669950026938,West
"Sacramento, CA",2026-05-01,1094.0,672.0,84.0,6.0,332.0,422.0,10042.0,2932.0,2463127.0,4.076931477751655,1.190356810671963,West
"Salt Lake City, UT",2020-07-01,891.0,445.0,12.0,7.0,427.0,446.0,891.0,446.0,1300762.0,0.684983109900197,0.34287594502299423,West
"Salt Lake City, UT",2020-08-01,1283.0,507.0,22.0,22.0,732.0,776.0,2174.0,1222.0,1300762.0,1.671328036950649,0.9394493381571725,West
"Salt Lake City, UT",2020-09-01,657.0,549.0,20.0,25.0,63.0,108.0,2831.0,1330.0,1300762.0,2.176416592735643,1.022477593902651,West
"Salt Lake City, UT",2020-10-01,987.0,540.0,6.0,89.0,352.0,447.0,3818.0,1777.0,1300762.0,2.9352025966318203,1.3661223190714367,West
"Salt Lake City, UT",2020-11-01,1134.0,474.0,34.0,14.0,612.0,660.0,4952.0,2437.0,1300762.0,3.806999281959344,1.8735172152938049,West
"Salt Lake City, UT",2020-12-01,864.0,402.0,26.0,14.0,422.0,462.0,5816.0,2899.0,1300762.0,4.471225327923171,2.2286936426494623,West
"Salt Lake City, UT",2021-01-01,946.0,526.0,10.0,20.0,390.0,420.0,6762.0,3319.0,1300762.0,5.198491345841899,2.551581303881879,West
"Salt Lake City, UT",2021-02-01,834.0,421.0,46.0,35.0,332.0,413.0,7596.0,3732.0,1300762.0,5.839653987431982,2.8690875040937542,West
"Salt Lake City, UT",2021-03-01,1096.0,596.0,30.0,20.0,450.0,500.0,8692.0,4232.0,1300762.0,6.682237027219429,3.253477576989488,West
"Salt Lake City, UT",2021-04-01,1087.0,685.0,4.0,8.0,390.0,402.0,9779.0,4634.0,1300762.0,7.517901045694754,3.5625271955976574,West
"Salt Lake City, UT",2021-05-01,1001.0,430.0,10.0,235.0,326.0,571.0,10780.0,5205.0,1300762.0,8.287449971632013,4.001500658844584,West
"Salt Lake City, UT",2021-06-01,1040.0,486.0,8.0,59.0,487.0,554.0,11820.0,5759.0,1300762.0,9.086981323255138,4.427404859613057,West
"Salt Lake City, UT",2021-07-01,1076.0,361.0,16.0,9.0,690.0,715.0,12005.0,6028.0,1300762.0,9.22920565022656,4.634206718830962,West
"Salt Lake City, UT",2021-08-01,1115.0,453.0,6.0,14.0,642.0,662.0,11837.0,5914.0,1300762.0,9.100050585733594,4.5465657822107355,West
"Salt Lake City, UT",2021-09-01,1092.0,302.0,66.0,17.0,707.0,790.0,12272.0,6596.0,1300762.0,9.43446994915288,5.070873841640515,West
"Salt Lake City, UT",2021-10-01,704.0,294.0,6.0,14.0,390.0,410.0,11989.0,6559.0,1300762.0,9.216905167893897,5.0424289762462315,West
"Salt Lake City, UT",2021-11-01,829.0,280.0,10.0,29.0,510.0,549.0,11684.0,6448.0,1300762.0,8.982427223427498,4.957094380063378,West
"Salt Lake City, UT",2021-12-01,1035.0,440.0,8.0,19.0,568.0,595.0,11855.0,6581.0,1300762.0,9.11388862835784,5.059342139453643,West
"Salt Lake City, UT",2022-01-01,1161.0,443.0,2.0,7.0,709.0,718.0,12070.0,6879.0,1300762.0,9.279176359703005,5.2884386228995,West
"Salt Lake City, UT",2022-02-01,953.0,401.0,12.0,31.0,509.0,552.0,12189.0,7018.0,1300762.0,9.37066119705219,5.395299063164514,West
"Salt Lake City, UT",2022-03-01,1320.0,524.0,8.0,23.0,765.0,796.0,12413.0,7314.0,1300762.0,9.542867949709478,5.622857986318788,West
"Salt Lake City, UT",2022-04-01,983.0,485.0,6.0,21.0,471.0,498.0,12309.0,7410.0,1300762.0,9.462914814547165,5.696660880314769,West
"Salt Lake City, UT",2022-05-01,630.0,298.0,10.0,17.0,305.0,332.0,11938.0,7171.0,1300762.0,9.17769738045853,5.512922425470609,West
"Salt Lake City, UT",2022-06-01,1005.0,416.0,20.0,11.0,558.0,589.0,11903.0,7206.0,1300762.0,9.15079007535583,5.5398297305733095,West
"Salt Lake City, UT",2022-07-01,663.0,247.0,4.0,6.0,406.0,416.0,11490.0,6907.0,1300762.0,8.833283875143955,5.309964466981661,West
"Salt Lake City, UT",2022-08-01,586.0,257.0,4.0,11.0,314.0,329.0,10961.0,6574.0,1300762.0,8.426599178020268,5.053960678433103,West
"Salt Lake City, UT",2022-09-01,900.0,277.0,4.0,17.0,602.0,623.0,10769.0,6407.0,1300762.0,8.278993390028306,4.9255743940859285,West
"Salt Lake City, UT",2022-10-01,634.0,211.0,4.0,6.0,413.0,423.0,10699.0,6420.0,1300762.0,8.225178779822905,4.935568535981218,West
"Salt Lake City, UT",2022-11-01,498.0,121.0,8.0,3.0,366.0,377.0,10368.0,6248.0,1300762.0,7.970712551565928,4.8033383509050855,West
"Salt Lake City, UT",2022-12-01,626.0,186.0,10.0,11.0,419.0,440.0,9959.0,6093.0,1300762.0,7.656281471937218,4.684177428307407,West
"Salt Lake City, UT",2023-01-01,628.0,238.0,6.0,9.0,375.0,390.0,9426.0,5765.0,1300762.0,7.246521654230366,4.432017540487807,West
"Salt Lake City, UT",2023-02-01,1247.0,158.0,8.0,19.0,1062.0,1089.0,9720.0,6302.0,1300762.0,7.472543017093058,4.844852478777824,West
"Salt Lake City, UT",2023-03-01,627.0,224.0,6.0,14.0,383.0,403.0,9027.0,5909.0,1300762.0,6.9397783760595715,4.542721881481778,West
"Salt Lake City, UT",2023-04-01,593.0,235.0,8.0,30.0,320.0,358.0,8637.0,5769.0,1300762.0,6.639954119200899,4.435092661070972,West
"Salt Lake City, UT",2023-05-01,729.0,360.0,4.0,62.0,303.0,369.0,8736.0,5806.0,1300762.0,6.716063353634254,4.463537526465257,West
"Salt Lake City, UT",2023-06-01,911.0,331.0,8.0,10.0,562.0,580.0,8642.0,5797.0,1300762.0,6.643798019929856,4.456618505153133,West
"Salt Lake City, UT",2023-07-01,996.0,363.0,6.0,3.0,624.0,633.0,8975.0,6014.0,1300762.0,6.899801808478415,4.623443796789882,West
"Salt Lake City, UT",2023-08-01,1036.0,387.0,6.0,3.0,640.0,649.0,9425.0,6334.0,1300762.0,7.245752874084575,4.869453443443152,West
"Salt Lake City, UT",2023-09-01,527.0,225.0,6.0,11.0,285.0,302.0,9052.0,6013.0,1300762.0,6.9589978797043575,4.622675016644091,West
"Salt Lake City, UT",2023-10-01,500.0,218.0,8.0,11.0,263.0,282.0,8918.0,5872.0,1300762.0,6.855981340168301,4.514277016087493,West
"Salt Lake City, UT",2023-11-01,697.0,244.0,18.0,22.0,413.0,453.0,9117.0,5948.0,1300762.0,7.008968589180803,4.572704307167645,West
"Salt Lake City, UT",2023-12-01,704.0,168.0,10.0,15.0,511.0,536.0,9195.0,6044.0,1300762.0,7.068933440552538,4.646507201163626,West
"Salt Lake City, UT",2024-01-01,444.0,252.0,6.0,11.0,175.0,192.0,9011.0,5846.0,1300762.0,6.927477893726908,4.494288732296915,West
"Salt Lake City, UT",2024-02-01,510.0,275.0,4.0,9.0,222.0,235.0,8274.0,4992.0,1300762.0,6.360886926278597,3.8377504877910025,West
"Salt Lake City, UT",2024-03-01,558.0,345.0,4.0,4.0,205.0,213.0,8205.0,4802.0,1300762.0,6.3078410962189855,3.691682260090624,West
"Salt Lake City, UT",2024-04-01,467.0,284.0,6.0,12.0,165.0,183.0,8079.0,4627.0,1300762.0,6.210974797849261,3.557145734577117,West
"Salt Lake City, UT",2024-05-01,463.0,299.0,4.0,24.0,136.0,164.0,7813.0,4422.0,1300762.0,6.0064792790687305,3.399545804689866,West
"Salt Lake City, UT",2024-06-01,420.0,286.0,16.0,17.0,101.0,134.0,7322.0,3976.0,1300762.0,5.62900822748512,3.056669859666872,West
"Salt Lake City, UT",2024-07-01,406.0,318.0,28.0,13.0,47.0,88.0,6732.0,3431.0,1300762.0,5.175427941468155,2.6376846802105227,West
"Salt Lake City, UT",2024-08-01,441.0,347.0,2.0,6.0,86.0,94.0,6137.0,2876.0,1300762.0,4.718003754722232,2.2110116992962587,West
"Salt Lake City, UT",2024-09-01,582.0,295.0,4.0,11.0,272.0,287.0,6192.0,2861.0,1300762.0,4.7602866627407625,2.199479997109387,West
"Salt Lake City, UT",2024-10-01,677.0,394.0,8.0,40.0,235.0,283.0,6369.0,2862.0,1300762.0,4.8963607485458525,2.200248777255178,West
"Salt Lake City, UT",2024-11-01,579.0,243.0,6.0,10.0,320.0,336.0,6251.0,2745.0,1300762.0,4.80564469134246,2.110301500197577,West
"Salt Lake City, UT",2024-12-01,461.0,240.0,4.0,9.0,208.0,221.0,6008.0,2430.0,1300762.0,4.618831115915133,1.8681357542732644,West
"Salt Lake City, UT",2025-01-01,943.0,332.0,4.0,14.0,593.0,611.0,6507.0,2849.0,1300762.0,5.002452408665075,2.190254635359889,West
"Salt Lake City, UT",2025-02-01,443.0,230.0,8.0,15.0,190.0,213.0,6440.0,2827.0,1300762.0,4.9509441388970465,2.173341472152477,West
"Salt Lake City, UT",2025-03-01,537.0,247.0,6.0,3.0,281.0,290.0,6419.0,2904.0,1300762.0,4.934799755835425,2.23253754337842,West
"Salt Lake City, UT",2025-04-01,456.0,290.0,10.0,27.0,129.0,166.0,6408.0,2887.0,1300762.0,4.92634317423172,2.2194682808999646,West
"Salt Lake City, UT",2025-05-01,234.0,194.0,10.0,8.0,22.0,40.0,6179.0,2763.0,1300762.0,4.750292520845473,2.1241395428218226,West
"Salt Lake City, UT",2025-06-01,388.0,207.0,8.0,9.0,164.0,181.0,6147.0,2810.0,1300762.0,4.725691556180147,2.160272209674022,West
"Salt Lake City, UT",2025-07-01,603.0,218.0,0.0,7.0,378.0,385.0,6344.0,3107.0,1300762.0,4.877141244901066,2.388599912974087,West
"Salt Lake City, UT",2025-08-01,736.0,241.0,10.0,27.0,458.0,495.0,6639.0,3508.0,1300762.0,5.103931387909548,2.6968807514364657,West
"Salt Lake City, UT",2025-09-01,586.0,229.0,8.0,26.0,323.0,357.0,6643.0,3578.0,1300762.0,5.107006508492714,2.7506953616418683,West
"Salt Lake City, UT",2025-10-01,542.0,320.0,4.0,0.0,218.0,222.0,6508.0,3517.0,1300762.0,5.003221188810866,2.7037997727485887,West
"Salt Lake City, UT",2025-11-01,592.0,236.0,0.0,17.0,339.0,356.0,6521.0,3537.0,1300762.0,5.0132153307061555,2.719175375664418,West
"Salt Lake City, UT",2025-12-01,1304.0,263.0,12.0,0.0,1029.0,1041.0,7364.0,4357.0,1300762.0,5.661296993608362,3.349575095213421,West
"Salt Lake City, UT",2026-01-01,379.0,232.0,10.0,16.0,121.0,147.0,6800.0,3893.0,1300762.0,5.227704991381975,2.9928611075661804,West
"Salt Lake City, UT",2026-02-01,860.0,217.0,2.0,11.0,630.0,643.0,7217.0,4323.0,1300762.0,5.548286312177017,3.3234365702565114,West
"Salt Lake City, UT",2026-03-01,621.0,330.0,6.0,31.0,254.0,291.0,7301.0,4324.0,1300762.0,5.612863844423499,3.3242053504023024,West
"Salt Lake City, UT",2026-04-01,293.0,228.0,2.0,4.0,59.0,65.0,7138.0,4223.0,1300762.0,5.4875526806594905,3.2465585556773644,West
"Salt Lake City, UT",2026-05-01,257.0,200.0,2.0,14.0,41.0,57.0,7161.0,4240.0,1300762.0,5.505234624012695,3.259627818155819,West
"San Antonio, TX",2020-07-01,1562.0,1002.0,26.0,8.0,526.0,560.0,1562.0,560.0,2763006.0,0.5653263148903767,0.2026778081553207,Southwest
"San Antonio, TX",2020-08-01,1848.0,920.0,62.0,7.0,859.0,928.0,3410.0,1488.0,2763006.0,1.234163081802935,0.5385438902412807,Southwest
"San Antonio, TX",2020-09-01,1144.0,905.0,12.0,7.0,220.0,239.0,4554.0,1727.0,2763006.0,1.6482048898916615,0.6250438833647122,Southwest
"San Antonio, TX",2020-10-01,1552.0,1064.0,48.0,0.0,440.0,488.0,6106.0,2215.0,2763006.0,2.209911958207836,0.8016631161857773,Southwest
"San Antonio, TX",2020-11-01,1234.0,870.0,20.0,0.0,344.0,364.0,7340.0,2579.0,2763006.0,2.6565269854643816,0.9334036914867357,Southwest
"San Antonio, TX",2020-12-01,1622.0,1047.0,30.0,4.0,541.0,575.0,8962.0,3154.0,2763006.0,3.2435687797999715,1.1415103695033597,Southwest
"San Antonio, TX",2021-01-01,1901.0,1202.0,16.0,0.0,683.0,699.0,10863.0,3853.0,2763006.0,3.931587553555801,1.3944957050400906,Southwest
"San Antonio, TX",2021-02-01,1325.0,1000.0,2.0,0.0,323.0,325.0,12188.0,4178.0,2763006.0,4.4111377246375865,1.5121212187016604,Southwest
"San Antonio, TX",2021-03-01,1752.0,1474.0,32.0,0.0,246.0,278.0,13940.0,4456.0,2763006.0,5.045229724437804,1.6127362734644803,Southwest
"San Antonio, TX",2021-04-01,1358.0,1244.0,6.0,3.0,105.0,114.0,15298.0,4570.0,2763006.0,5.536723409214457,1.653995684410385,Southwest
"San Antonio, TX",2021-05-01,1462.0,1383.0,10.0,0.0,69.0,79.0,16760.0,4649.0,2763006.0,6.065857258362812,1.6825877323465819,Southwest
"San Antonio, TX",2021-06-01,1817.0,1270.0,4.0,0.0,543.0,547.0,18577.0,5196.0,2763006.0,6.723474360895344,1.8805605199554398,Southwest
"San Antonio, TX",2021-07-01,2185.0,1267.0,36.0,96.0,786.0,918.0,19200.0,5554.0,2763006.0,6.948953422468137,2.010129547311877,Southwest
"San Antonio, TX",2021-08-01,1970.0,1279.0,2.0,0.0,689.0,691.0,19322.0,5317.0,2763006.0,6.993108230673404,1.9243534035032859,Southwest
"San Antonio, TX",2021-09-01,1492.0,1061.0,2.0,4.0,425.0,431.0,19670.0,5509.0,2763006.0,7.11905801145564,1.9938429377279674,Southwest
"San Antonio, TX",2021-10-01,1723.0,1085.0,0.0,0.0,638.0,638.0,19841.0,5659.0,2763006.0,7.180947127874496,2.0481316363409996,Southwest
"San Antonio, TX",2021-11-01,1518.0,872.0,14.0,0.0,632.0,646.0,20125.0,5941.0,2763006.0,7.283733730581837,2.1501943897335005,Southwest
"San Antonio, TX",2021-12-01,1121.0,789.0,16.0,0.0,316.0,332.0,19624.0,5698.0,2763006.0,7.10240947721431,2.062246697980388,Southwest
"San Antonio, TX",2022-01-01,2619.0,1042.0,34.0,0.0,1543.0,1577.0,20342.0,6576.0,2763006.0,7.362271381242024,2.3800165471953374,Southwest
"San Antonio, TX",2022-02-01,1314.0,983.0,16.0,44.0,271.0,331.0,20331.0,6582.0,2763006.0,7.358290210010401,2.3821880951398584,Southwest
"San Antonio, TX",2022-03-01,2134.0,1142.0,4.0,0.0,988.0,992.0,20713.0,7296.0,2763006.0,7.496545429144924,2.6406023005378922,Southwest
"San Antonio, TX",2022-04-01,2464.0,1357.0,6.0,0.0,1101.0,1107.0,21819.0,8289.0,2763006.0,7.896834100251682,2.9999934853561667,Southwest
"San Antonio, TX",2022-05-01,1992.0,1064.0,24.0,0.0,904.0,928.0,22349.0,9138.0,2763006.0,8.088654168684396,3.30726751950593,Southwest
"San Antonio, TX",2022-06-01,2337.0,909.0,20.0,72.0,1336.0,1428.0,22869.0,10019.0,2763006.0,8.276854990542908,3.6261231426931393,Southwest
"San Antonio, TX",2022-07-01,2386.0,766.0,28.0,64.0,1528.0,1620.0,23070.0,10721.0,2763006.0,8.349601846684372,3.8801942522021307,Southwest
"San Antonio, TX",2022-08-01,2939.0,681.0,10.0,0.0,2248.0,2258.0,24039.0,12288.0,2763006.0,8.70030683972456,4.447330190379608,Southwest
"San Antonio, TX",2022-09-01,1784.0,637.0,2.0,3.0,1142.0,1147.0,24331.0,13004.0,2763006.0,8.805988839691263,4.706468245092483,Southwest
"San Antonio, TX",2022-10-01,1714.0,629.0,36.0,0.0,1049.0,1085.0,24322.0,13451.0,2763006.0,8.802731517774482,4.868248566959319,Southwest
"San Antonio, TX",2022-11-01,1264.0,560.0,6.0,0.0,698.0,704.0,24068.0,13509.0,2763006.0,8.710802654789747,4.889240197089691,Southwest
"San Antonio, TX",2022-12-01,1497.0,478.0,6.0,0.0,1013.0,1019.0,24444.0,14196.0,2763006.0,8.846886325979748,5.13788243673738,Southwest
"San Antonio, TX",2023-01-01,1505.0,522.0,2.0,0.0,981.0,983.0,23330.0,13602.0,2763006.0,8.443702257613628,4.922899190229772,Southwest
"San Antonio, TX",2023-02-01,906.0,507.0,4.0,20.0,375.0,399.0,22922.0,13670.0,2763006.0,8.29603699738618,4.947510066934346,Southwest
"San Antonio, TX",2023-03-01,1810.0,728.0,434.0,0.0,648.0,1082.0,22598.0,13760.0,2763006.0,8.17877340838203,4.9800832861021656,Southwest
"San Antonio, TX",2023-04-01,1664.0,810.0,2.0,3.0,849.0,854.0,21798.0,13507.0,2763006.0,7.889233682445857,4.888516347774852,Southwest
"San Antonio, TX",2023-05-01,1686.0,869.0,30.0,0.0,787.0,817.0,21492.0,13396.0,2763006.0,7.778484737275272,4.848342710801207,Southwest
"San Antonio, TX",2023-06-01,2377.0,833.0,4.0,16.0,1524.0,1544.0,21532.0,13512.0,2763006.0,7.7929617235720805,4.890325971061952,Southwest
"San Antonio, TX",2023-07-01,1054.0,821.0,0.0,0.0,233.0,233.0,20200.0,12125.0,2763006.0,7.3108780798883535,4.3883364712201125,Southwest
"San Antonio, TX",2023-08-01,979.0,753.0,2.0,0.0,224.0,226.0,18240.0,10093.0,2763006.0,6.601505751344731,3.6529055673422355,Southwest
"San Antonio, TX",2023-09-01,1157.0,679.0,2.0,0.0,476.0,478.0,17613.0,9424.0,2763006.0,6.374578991142256,3.4107779715281112,Southwest
"San Antonio, TX",2023-10-01,1795.0,994.0,0.0,0.0,801.0,801.0,17694.0,9140.0,2763006.0,6.403894888393293,3.30799136882077,Southwest
"San Antonio, TX",2023-11-01,818.0,674.0,16.0,0.0,128.0,144.0,17248.0,8580.0,2763006.0,6.2424764911838775,3.105313560665449,Southwest
"San Antonio, TX",2023-12-01,606.0,509.0,0.0,0.0,97.0,97.0,16357.0,7658.0,2763006.0,5.920001621422465,2.7716190265240104,Southwest
"San Antonio, TX",2024-01-01,1364.0,958.0,2.0,0.0,404.0,406.0,16216.0,7081.0,2763006.0,5.868970244726215,2.5627884991925463,Southwest
"San Antonio, TX",2024-02-01,880.0,816.0,2.0,0.0,62.0,64.0,16190.0,6746.0,2763006.0,5.859560203633289,2.441543738956774,Southwest
"San Antonio, TX",2024-03-01,1048.0,975.0,0.0,0.0,73.0,73.0,15428.0,5737.0,2763006.0,5.583773614679084,2.0763617596197763,Southwest
"San Antonio, TX",2024-04-01,1177.0,1016.0,2.0,22.0,137.0,161.0,14941.0,5044.0,2763006.0,5.40751630651544,1.825547972027567,Southwest
"San Antonio, TX",2024-05-01,1606.0,1265.0,0.0,0.0,341.0,341.0,14861.0,4568.0,2763006.0,5.378562333921822,1.6532718350955447,Southwest
"San Antonio, TX",2024-06-01,1125.0,1017.0,2.0,0.0,106.0,108.0,13609.0,3132.0,2763006.0,4.925432662831713,1.133548027040115,Southwest
"San Antonio, TX",2024-07-01,1291.0,869.0,0.0,0.0,422.0,422.0,13846.0,3321.0,2763006.0,5.011208806640304,1.2019517872925358,Southwest
"San Antonio, TX",2024-08-01,1444.0,742.0,4.0,3.0,695.0,702.0,14311.0,3797.0,2763006.0,5.179503772340705,1.3742279242245585,Southwest
"San Antonio, TX",2024-09-01,858.0,704.0,6.0,4.0,144.0,154.0,14012.0,3473.0,2763006.0,5.07128829977206,1.2569643352204085,Southwest
"San Antonio, TX",2024-10-01,1403.0,1045.0,12.0,0.0,346.0,358.0,13620.0,3030.0,2763006.0,4.929413834063335,1.096631711983253,Southwest
"San Antonio, TX",2024-11-01,1078.0,715.0,6.0,0.0,357.0,363.0,13880.0,3249.0,2763006.0,5.023514244992591,1.1758932119582803,Southwest
"San Antonio, TX",2024-12-01,1308.0,592.0,0.0,0.0,716.0,716.0,14582.0,3868.0,2763006.0,5.277585354501583,1.3999245749013938,Southwest
"San Antonio, TX",2025-01-01,876.0,813.0,0.0,24.0,39.0,63.0,14094.0,3525.0,2763006.0,5.100966121680518,1.2757844174062598,Southwest
"San Antonio, TX",2025-02-01,1137.0,798.0,0.0,0.0,339.0,339.0,14351.0,3800.0,2763006.0,5.193980758637513,1.3753136981968188,Southwest
"San Antonio, TX",2025-03-01,1062.0,858.0,4.0,0.0,200.0,204.0,14365.0,3931.0,2763006.0,5.199047703841396,1.422725828318867,Southwest
"San Antonio, TX",2025-04-01,1217.0,975.0,8.0,0.0,234.0,242.0,14405.0,4012.0,2763006.0,5.213524690138204,1.4520417255699045,Southwest
"San Antonio, TX",2025-05-01,963.0,799.0,2.0,0.0,162.0,164.0,13762.0,3835.0,2763006.0,4.980807135417006,1.3879810612065266,Southwest
"San Antonio, TX",2025-06-01,785.0,761.0,0.0,0.0,24.0,24.0,13422.0,3751.0,2763006.0,4.857752751894132,1.3575793899832285,Southwest
"San Antonio, TX",2025-07-01,1015.0,995.0,2.0,0.0,18.0,20.0,13146.0,3349.0,2763006.0,4.757861546446153,1.2120856777003017,Southwest
"San Antonio, TX",2025-08-01,663.0,607.0,0.0,0.0,56.0,56.0,12365.0,2703.0,2763006.0,4.475198389000965,0.9782823490068425,Southwest
"San Antonio, TX",2025-09-01,643.0,581.0,2.0,0.0,60.0,62.0,12150.0,2611.0,2763006.0,4.397384587655618,0.9449852805241827,Southwest
"San Antonio, TX",2025-10-01,582.0,550.0,0.0,0.0,32.0,32.0,11329.0,2285.0,2763006.0,4.100244443913621,0.8269978422051925,Southwest
"San Antonio, TX",2025-11-01,482.0,442.0,0.0,7.0,33.0,40.0,10733.0,1962.0,2763006.0,3.884537348091173,0.7100961778584629,Southwest
"San Antonio, TX",2025-12-01,662.0,548.0,0.0,0.0,114.0,114.0,10087.0,1360.0,2763006.0,3.650734019397714,0.4922175340914931,Southwest
"San Antonio, TX",2026-01-01,893.0,653.0,8.0,0.0,232.0,240.0,10104.0,1537.0,2763006.0,3.6568867385738577,0.5562781984548713,Southwest
"San Antonio, TX",2026-02-01,922.0,848.0,0.0,0.0,74.0,74.0,9889.0,1272.0,2763006.0,3.5790729372285113,0.4603681642385141,Southwest
"San Antonio, TX",2026-03-01,883.0,838.0,24.0,0.0,21.0,45.0,9710.0,1113.0,2763006.0,3.5142884235502927,0.4028221437086999,Southwest
"San Antonio, TX",2026-04-01,957.0,840.0,2.0,0.0,115.0,117.0,9450.0,988.0,2763006.0,3.4201880126210367,0.35758156153117293,Southwest
"San Antonio, TX",2026-05-01,1013.0,921.0,0.0,0.0,92.0,92.0,9500.0,916.0,2763006.0,3.4382842454920475,0.33152298619691745,Southwest
"San Diego, CA",2020-07-01,721.0,200.0,6.0,23.0,492.0,521.0,721.0,521.0,3298799.0,0.21856439267745625,0.15793626710812025,West
"San Diego, CA",2020-08-01,995.0,257.0,22.0,59.0,657.0,738.0,1716.0,1259.0,3298799.0,0.5201893173849027,0.38165405045897005,West
"San Diego, CA",2020-09-01,556.0,232.0,2.0,16.0,306.0,324.0,2272.0,1583.0,3298799.0,0.6887355064676569,0.47987161388129435,West
"San Diego, CA",2020-10-01,898.0,257.0,8.0,36.0,597.0,641.0,3170.0,2224.0,3298799.0,0.9609557902739755,0.6741847563310163,West
"San Diego, CA",2020-11-01,630.0,136.0,6.0,19.0,469.0,494.0,3800.0,2718.0,3298799.0,1.1519343858173838,0.8239362264872762,West
"San Diego, CA",2020-12-01,1548.0,275.0,6.0,28.0,1239.0,1273.0,5348.0,3991.0,3298799.0,1.6211960777240444,1.2098342457360998,West
"San Diego, CA",2021-01-01,1026.0,229.0,2.0,0.0,795.0,797.0,6374.0,4788.0,3298799.0,1.932218361894738,1.4514373261299036,West
"San Diego, CA",2021-02-01,748.0,251.0,16.0,0.0,481.0,497.0,7122.0,5285.0,3298799.0,2.1589675515240545,1.6020982181697037,West
"San Diego, CA",2021-03-01,894.0,294.0,4.0,23.0,573.0,600.0,8016.0,5885.0,3298799.0,2.4299752728189867,1.7839825948777115,West
"San Diego, CA",2021-04-01,737.0,268.0,0.0,29.0,440.0,469.0,8753.0,6354.0,3298799.0,2.65338991554199,1.9261555493378046,West
"San Diego, CA",2021-05-01,395.0,200.0,4.0,3.0,188.0,195.0,9148.0,6549.0,3298799.0,2.7731304635414284,1.9852679717679071,West
"San Diego, CA",2021-06-01,872.0,288.0,14.0,12.0,558.0,584.0,10020.0,7133.0,3298799.0,3.037469091023733,2.1623020984303682,West
"San Diego, CA",2021-07-01,669.0,225.0,4.0,12.0,428.0,444.0,9968.0,7056.0,3298799.0,3.021705778375706,2.138960270086174,West
"San Diego, CA",2021-08-01,1224.0,323.0,30.0,48.0,823.0,901.0,10197.0,7219.0,3298799.0,3.0911249821525955,2.1883721924251827,West
"San Diego, CA",2021-09-01,685.0,287.0,8.0,26.0,364.0,398.0,10326.0,7293.0,3298799.0,3.130230123144817,2.210804598885837,West
"San Diego, CA",2021-10-01,922.0,299.0,10.0,58.0,555.0,623.0,10350.0,7275.0,3298799.0,3.1375054982131374,2.2053480675845964,West
"San Diego, CA",2021-11-01,494.0,258.0,10.0,58.0,168.0,236.0,10214.0,7017.0,3298799.0,3.096278372825989,2.127137785600153,West
"San Diego, CA",2021-12-01,1034.0,255.0,12.0,30.0,737.0,779.0,9700.0,6523.0,3298799.0,2.9404640901127954,1.9773863154438935,West
"San Diego, CA",2022-01-01,759.0,322.0,18.0,35.0,384.0,437.0,9433.0,6163.0,3298799.0,2.8595255424777317,1.8682556894190885,West
"San Diego, CA",2022-02-01,595.0,298.0,0.0,39.0,258.0,297.0,9280.0,5963.0,3298799.0,2.81314502641719,1.8076275638497525,West
"San Diego, CA",2022-03-01,1124.0,335.0,14.0,35.0,740.0,789.0,9510.0,6152.0,3298799.0,2.8828673708219266,1.8649211425127752,West
"San Diego, CA",2022-04-01,1024.0,393.0,14.0,30.0,587.0,631.0,9797.0,6314.0,3298799.0,2.9698687310139236,1.9140299242239371,West
"San Diego, CA",2022-05-01,706.0,466.0,10.0,55.0,175.0,240.0,10108.0,6359.0,3298799.0,3.064145466274241,1.9276712524770379,West
"San Diego, CA",2022-06-01,1556.0,362.0,4.0,60.0,1130.0,1194.0,10792.0,6969.0,3298799.0,3.2714936557213705,2.1125870354635126,West
"San Diego, CA",2022-07-01,396.0,251.0,12.0,20.0,113.0,145.0,10519.0,6670.0,3298799.0,3.1887362643192265,2.0219479877373554,West
"San Diego, CA",2022-08-01,1081.0,228.0,8.0,19.0,826.0,853.0,10376.0,6622.0,3298799.0,3.145387154537151,2.0073972376007148,West
"San Diego, CA",2022-09-01,653.0,229.0,18.0,24.0,382.0,424.0,10344.0,6648.0,3298799.0,3.1356866544460575,2.0152788939247284,West
"San Diego, CA",2022-10-01,421.0,189.0,6.0,22.0,204.0,232.0,9843.0,6257.0,3298799.0,2.983813199894871,1.8967509084366765,West
"San Diego, CA",2022-11-01,396.0,225.0,6.0,16.0,149.0,171.0,9745.0,6192.0,3298799.0,2.954105418365896,1.8770467676266422,West
"San Diego, CA",2022-12-01,701.0,189.0,4.0,18.0,490.0,512.0,9412.0,5925.0,3298799.0,2.8531595892929515,1.7961082199915788,West
"San Diego, CA",2023-01-01,669.0,148.0,0.0,9.0,512.0,521.0,9322.0,6009.0,3298799.0,2.825876932786751,1.8215720327307,West
"San Diego, CA",2023-02-01,459.0,151.0,0.0,3.0,305.0,308.0,9186.0,6020.0,3298799.0,2.784649807399602,1.8249065796370134,West
"San Diego, CA",2023-03-01,385.0,189.0,2.0,17.0,177.0,196.0,8447.0,5427.0,3298799.0,2.5606288834209057,1.645144187323932,West
"San Diego, CA",2023-04-01,609.0,192.0,14.0,20.0,383.0,417.0,8032.0,5213.0,3298799.0,2.4348255228645335,1.5802720929647427,West
"San Diego, CA",2023-05-01,806.0,275.0,12.0,17.0,502.0,531.0,8132.0,5504.0,3298799.0,2.4651395856492013,1.6684860156681265,West
"San Diego, CA",2023-06-01,363.0,189.0,8.0,8.0,158.0,174.0,6939.0,4484.0,3298799.0,2.103492816628112,1.359282575264513,West
"San Diego, CA",2023-07-01,1153.0,277.0,2.0,0.0,874.0,876.0,7696.0,5215.0,3298799.0,2.332970271908049,1.580878374220436,West
"San Diego, CA",2023-08-01,2151.0,290.0,62.0,75.0,1724.0,1861.0,8766.0,6223.0,3298799.0,2.6573307437039966,1.8864441270898893,West
"San Diego, CA",2023-09-01,1072.0,233.0,22.0,22.0,795.0,839.0,9185.0,6638.0,3298799.0,2.7843466667717554,2.0122474876462615,West
"San Diego, CA",2023-10-01,1152.0,314.0,26.0,12.0,800.0,838.0,9916.0,7244.0,3298799.0,3.0059424657276783,2.19595070812135,West
"San Diego, CA",2023-11-01,1628.0,276.0,4.0,28.0,1320.0,1352.0,11148.0,8425.0,3298799.0,3.3794117192347883,2.5539597896082786,West
"San Diego, CA",2023-12-01,497.0,345.0,28.0,27.0,97.0,152.0,10944.0,8065.0,3298799.0,3.3175710311540656,2.444829163583474,West
"San Diego, CA",2024-01-01,636.0,322.0,20.0,47.0,247.0,314.0,10911.0,7858.0,3298799.0,3.3075673904351253,2.382079053619211,West
"San Diego, CA",2024-02-01,583.0,257.0,52.0,14.0,260.0,326.0,11035.0,7876.0,3298799.0,3.345156828288113,2.387535584920451,West
"San Diego, CA",2024-03-01,1194.0,266.0,14.0,68.0,846.0,928.0,11844.0,8608.0,3298799.0,3.5903975962160772,2.609434524504221,West
"San Diego, CA",2024-04-01,865.0,311.0,78.0,17.0,459.0,554.0,12100.0,8745.0,3298799.0,3.6680015969448276,2.650964790519216,West
"San Diego, CA",2024-05-01,1176.0,327.0,76.0,18.0,755.0,849.0,12470.0,9063.0,3298799.0,3.780163629248099,2.7473635101744605,West
"San Diego, CA",2024-06-01,549.0,283.0,52.0,21.0,193.0,266.0,12656.0,9155.0,3298799.0,3.8365477860275816,2.7752524479363547,West
"San Diego, CA",2024-07-01,470.0,225.0,44.0,15.0,186.0,245.0,11973.0,8524.0,3298799.0,3.6295027372082993,2.5839707117651,West
"San Diego, CA",2024-08-01,1251.0,256.0,60.0,55.0,880.0,995.0,11073.0,7658.0,3298799.0,3.356676172146287,2.321450928049875,West
"San Diego, CA",2024-09-01,1134.0,345.0,86.0,21.0,682.0,789.0,11135.0,7608.0,3298799.0,3.3754708910727813,2.3062938966575413,West
"San Diego, CA",2024-10-01,1565.0,288.0,56.0,9.0,1212.0,1277.0,11548.0,8047.0,3298799.0,3.5006679703734602,2.4393726322822333,West
"San Diego, CA",2024-11-01,1078.0,320.0,68.0,10.0,680.0,758.0,10998.0,7453.0,3298799.0,3.333940625057786,2.259307099341306,West
"San Diego, CA",2024-12-01,1067.0,229.0,14.0,194.0,630.0,838.0,11568.0,8139.0,3298799.0,3.5067307829303935,2.4672615700441285,West
"San Diego, CA",2025-01-01,543.0,248.0,58.0,33.0,204.0,295.0,11475.0,8120.0,3298799.0,3.4785387045406524,2.461501898115041,West
"San Diego, CA",2025-02-01,619.0,260.0,20.0,14.0,325.0,359.0,11511.0,8153.0,3298799.0,3.489451767143133,2.471505538833982,West
"San Diego, CA",2025-03-01,694.0,269.0,38.0,21.0,366.0,425.0,11011.0,7650.0,3298799.0,3.3378814532197927,2.3190258030271016,West
"San Diego, CA",2025-04-01,1027.0,327.0,26.0,47.0,627.0,700.0,11173.0,7796.0,3298799.0,3.386990234930955,2.363284334692717,West
"San Diego, CA",2025-05-01,968.0,363.0,32.0,14.0,559.0,605.0,10965.0,7552.0,3298799.0,3.3239369843388458,2.289318021498127,West
"San Diego, CA",2025-06-01,1814.0,252.0,78.0,34.0,1450.0,1562.0,12230.0,8848.0,3298799.0,3.7074098785648957,2.6821882751874244,West
"San Diego, CA",2025-07-01,1135.0,281.0,96.0,27.0,731.0,854.0,12895.0,9457.0,3298799.0,3.9089983960829384,2.866800917546052,West
"San Diego, CA",2025-08-01,721.0,247.0,60.0,4.0,410.0,474.0,12365.0,8936.0,3298799.0,3.7483338633241976,2.708864650437932,West
"San Diego, CA",2025-09-01,1272.0,325.0,40.0,40.0,867.0,947.0,12503.0,9094.0,3298799.0,3.7901672699670397,2.7567608696377075,West
"San Diego, CA",2025-10-01,935.0,332.0,78.0,25.0,500.0,603.0,11873.0,8420.0,3298799.0,3.5991886744236314,2.552444086469045,West
"San Diego, CA",2025-11-01,809.0,208.0,48.0,7.0,546.0,601.0,11604.0,8263.0,3298799.0,3.517643845532874,2.5048510078971162,West
"San Diego, CA",2025-12-01,1108.0,303.0,42.0,24.0,739.0,805.0,11645.0,8230.0,3298799.0,3.5300726112745884,2.494847367178176,West
"San Diego, CA",2026-01-01,761.0,186.0,78.0,50.0,447.0,575.0,11863.0,8510.0,3298799.0,3.5961572681451646,2.5797267429752466,West
"San Diego, CA",2026-02-01,576.0,260.0,104.0,8.0,204.0,316.0,11820.0,8467.0,3298799.0,3.583122221147757,2.566691695977839,West
"San Diego, CA",2026-03-01,750.0,321.0,134.0,24.0,271.0,429.0,11876.0,8471.0,3298799.0,3.600098096307171,2.567904258489226,West
"San Diego, CA",2026-04-01,1018.0,271.0,102.0,30.0,615.0,747.0,11867.0,8518.0,3298799.0,3.597369830656551,2.5821518679980198,West
"San Diego, CA",2026-05-01,974.0,184.0,96.0,39.0,655.0,790.0,11873.0,8703.0,3298799.0,3.5991886744236314,2.6382328841496556,West
"San Francisco, CA",2020-07-01,869.0,249.0,8.0,10.0,602.0,620.0,869.0,620.0,4648486.0,0.18694258732843338,0.13337675965895132,West
"San Francisco, CA",2020-08-01,682.0,324.0,6.0,9.0,343.0,358.0,1551.0,978.0,4648486.0,0.33365702295327987,0.21039108217170063,West
"San Francisco, CA",2020-09-01,722.0,333.0,8.0,4.0,377.0,389.0,2273.0,1367.0,4648486.0,0.4889764108141877,0.2940742426673975,West
"San Francisco, CA",2020-10-01,669.0,450.0,8.0,8.0,203.0,219.0,2942.0,1586.0,4648486.0,0.6328942369623142,0.34118635615983356,West
"San Francisco, CA",2020-11-01,954.0,295.0,0.0,11.0,648.0,659.0,3896.0,2245.0,4648486.0,0.8381223477923779,0.4829529442489447,West
"San Francisco, CA",2020-12-01,786.0,301.0,8.0,3.0,474.0,485.0,4682.0,2730.0,4648486.0,1.007209659230984,0.5872879901111889,West
"San Francisco, CA",2021-01-01,1520.0,378.0,22.0,14.0,1106.0,1142.0,6202.0,3872.0,4648486.0,1.3341978442013163,0.8329593764507413,West
"San Francisco, CA",2021-02-01,686.0,410.0,22.0,10.0,244.0,276.0,6888.0,4148.0,4648486.0,1.481772775049769,0.8923335468795647,West
"San Francisco, CA",2021-03-01,911.0,432.0,6.0,7.0,466.0,479.0,7799.0,4627.0,4648486.0,1.6777505622260667,0.9953778499063995,West
"San Francisco, CA",2021-04-01,1464.0,446.0,14.0,3.0,1001.0,1018.0,9263.0,5645.0,4648486.0,1.9926918140659131,1.2143738843141616,West
"San Francisco, CA",2021-05-01,965.0,307.0,8.0,3.0,647.0,658.0,10228.0,6303.0,4648486.0,2.200286286760894,1.3559253485973712,West
"San Francisco, CA",2021-06-01,1089.0,270.0,6.0,6.0,807.0,819.0,11317.0,7122.0,4648486.0,2.4345561113876646,1.532111745630728,West
"San Francisco, CA",2021-07-01,894.0,306.0,6.0,16.0,566.0,588.0,11342.0,7090.0,4648486.0,2.4399342065352028,1.5252277838418788,West
"San Francisco, CA",2021-08-01,1320.0,336.0,6.0,14.0,964.0,984.0,11980.0,7716.0,4648486.0,2.577183194700382,1.6598952863362395,West
"San Francisco, CA",2021-09-01,1291.0,352.0,36.0,9.0,894.0,939.0,12549.0,8266.0,4648486.0,2.699588640258355,1.7782133795820834,West
"San Francisco, CA",2021-10-01,920.0,326.0,36.0,11.0,547.0,594.0,12800.0,8641.0,4648486.0,2.75358471553964,1.8588848067951589,West
"San Francisco, CA",2021-11-01,1192.0,314.0,8.0,3.0,867.0,878.0,13038.0,8860.0,4648486.0,2.8047841813442056,1.9059969202875946,West
"San Francisco, CA",2021-12-01,1592.0,274.0,16.0,18.0,1284.0,1318.0,13844.0,9693.0,4648486.0,2.978173968900842,2.0851950506035726,West
"San Francisco, CA",2022-01-01,1087.0,298.0,6.0,6.0,777.0,789.0,13411.0,9340.0,4648486.0,2.8850253609454777,2.0092563471203313,West
"San Francisco, CA",2022-02-01,713.0,306.0,12.0,11.0,384.0,407.0,13438.0,9471.0,4648486.0,2.890833703704819,2.0374375656934323,West
"San Francisco, CA",2022-03-01,730.0,432.0,8.0,7.0,283.0,298.0,13257.0,9290.0,4648486.0,2.8518962948366413,1.9985001568252545,West
"San Francisco, CA",2022-04-01,889.0,407.0,18.0,3.0,461.0,482.0,12682.0,8754.0,4648486.0,2.7282001064432593,1.883193796862032,West
"San Francisco, CA",2022-05-01,913.0,398.0,6.0,56.0,453.0,515.0,12630.0,8611.0,4648486.0,2.7170136685363793,1.8524310926181127,West
"San Francisco, CA",2022-06-01,1263.0,294.0,8.0,10.0,951.0,969.0,12804.0,8761.0,4648486.0,2.754445210763246,1.8846996635033428,West
"San Francisco, CA",2022-07-01,991.0,245.0,16.0,13.0,717.0,746.0,12901.0,8919.0,4648486.0,2.7753122199356954,1.9186892248357854,West
"San Francisco, CA",2022-08-01,725.0,315.0,20.0,12.0,378.0,410.0,12306.0,8345.0,4648486.0,2.647313555424282,1.7952081602483045,West
"San Francisco, CA",2022-09-01,1599.0,241.0,8.0,3.0,1347.0,1358.0,12614.0,8764.0,4648486.0,2.713571687641955,1.8853450349210474,West
"San Francisco, CA",2022-10-01,709.0,220.0,4.0,11.0,474.0,489.0,12403.0,8659.0,4648486.0,2.668180564596731,1.8627570353013863,West
"San Francisco, CA",2022-11-01,1057.0,172.0,12.0,18.0,855.0,885.0,12268.0,8666.0,4648486.0,2.6391388508000238,1.864262901942697,West
"San Francisco, CA",2022-12-01,813.0,145.0,0.0,3.0,665.0,668.0,11489.0,8016.0,4648486.0,2.4715574060027286,1.7244324281066998,West
"San Francisco, CA",2023-01-01,247.0,157.0,6.0,6.0,78.0,90.0,10649.0,7317.0,4648486.0,2.2908534090454395,1.574060887781527,West
"San Francisco, CA",2023-02-01,419.0,241.0,2.0,3.0,173.0,178.0,10355.0,7088.0,4648486.0,2.2276070101103884,1.5247975362300759,West
"San Francisco, CA",2023-03-01,965.0,289.0,14.0,6.0,656.0,676.0,10590.0,7466.0,4648486.0,2.2781611044972494,1.6061143348608558,West
"San Francisco, CA",2023-04-01,758.0,297.0,2.0,3.0,456.0,461.0,10459.0,7445.0,4648486.0,2.2499798859241484,1.6015967349369236,West
"San Francisco, CA",2023-05-01,1198.0,405.0,6.0,4.0,783.0,793.0,10744.0,7723.0,4648486.0,2.3112901706060853,1.66140115297755,West
"San Francisco, CA",2023-06-01,661.0,304.0,6.0,18.0,333.0,357.0,10142.0,7111.0,4648486.0,2.1817856394533615,1.529745383765811,West
"San Francisco, CA",2023-07-01,502.0,242.0,4.0,14.0,242.0,260.0,9653.0,6625.0,4648486.0,2.0765900983675114,1.4251952140976654,West
"San Francisco, CA",2023-08-01,444.0,289.0,8.0,6.0,141.0,155.0,9372.0,6370.0,4648486.0,2.0161403089091805,1.3703386435927742,West
"San Francisco, CA",2023-09-01,546.0,248.0,6.0,0.0,292.0,298.0,8319.0,5310.0,4648486.0,1.7896149412948648,1.1423074093371477,West
"San Francisco, CA",2023-10-01,1140.0,248.0,6.0,0.0,886.0,892.0,8750.0,5713.0,4648486.0,1.882333301638426,1.229002303115466,West
"San Francisco, CA",2023-11-01,818.0,221.0,8.0,14.0,575.0,597.0,8511.0,5425.0,4648486.0,1.830918712027959,1.167046647015824,West
"San Francisco, CA",2023-12-01,434.0,256.0,4.0,6.0,168.0,178.0,8132.0,4935.0,4648486.0,1.7493867895912776,1.0616359821240722,West
"San Francisco, CA",2024-01-01,338.0,236.0,4.0,9.0,89.0,102.0,8223.0,4947.0,4648486.0,1.7689630559283172,1.0642174677948906,West
"San Francisco, CA",2024-02-01,296.0,223.0,2.0,4.0,67.0,73.0,8100.0,4842.0,4648486.0,1.7425028278024286,1.0416294681752296,West
"San Francisco, CA",2024-03-01,578.0,226.0,10.0,9.0,333.0,352.0,7713.0,4518.0,4648486.0,1.659249914918535,0.9719293550631324,West
"San Francisco, CA",2024-04-01,541.0,293.0,4.0,0.0,244.0,248.0,7496.0,4305.0,4648486.0,1.6125680490379017,0.9261079844061055,West
"San Francisco, CA",2024-05-01,567.0,321.0,10.0,4.0,232.0,246.0,6865.0,3758.0,4648486.0,1.4768249275140335,0.8084352625779663,West
"San Francisco, CA",2024-06-01,617.0,180.0,4.0,3.0,430.0,437.0,6821.0,3838.0,4648486.0,1.4673594800543661,0.825645167050089,West
"San Francisco, CA",2024-07-01,1127.0,247.0,2.0,6.0,872.0,880.0,7446.0,4458.0,4648486.0,1.6018118587428252,0.9590219267090403,West
"San Francisco, CA",2024-08-01,511.0,228.0,10.0,3.0,270.0,283.0,7513.0,4586.0,4648486.0,1.616225153738228,0.9865577738644369,West
"San Francisco, CA",2024-09-01,716.0,233.0,8.0,7.0,468.0,483.0,7683.0,4771.0,4648486.0,1.6527962007414887,1.0263556779562206,West
"San Francisco, CA",2024-10-01,370.0,239.0,10.0,4.0,117.0,131.0,6913.0,4010.0,4648486.0,1.4871508701973073,0.8626464616651529,West
"San Francisco, CA",2024-11-01,292.0,227.0,6.0,3.0,56.0,65.0,6387.0,3478.0,4648486.0,1.3739957482931002,0.7482005969255366,West
"San Francisco, CA",2024-12-01,315.0,189.0,0.0,6.0,120.0,126.0,6268.0,3426.0,4648486.0,1.3483960153908174,0.7370141590186567,West
"San Francisco, CA",2025-01-01,565.0,174.0,8.0,6.0,377.0,391.0,6495.0,3715.0,4648486.0,1.397229119330466,0.7991849389242003,West
"San Francisco, CA",2025-02-01,532.0,231.0,10.0,3.0,288.0,301.0,6731.0,3943.0,4648486.0,1.447998337523228,0.8482331666697501,West
"San Francisco, CA",2025-03-01,686.0,179.0,2.0,9.0,496.0,507.0,6839.0,4098.0,4648486.0,1.4712317085605937,0.881577356584488,West
"San Francisco, CA",2025-04-01,339.0,221.0,6.0,0.0,112.0,118.0,6637.0,3968.0,4648486.0,1.4277766997684838,0.8536112618172884,West
"San Francisco, CA",2025-05-01,1007.0,215.0,8.0,0.0,784.0,792.0,7077.0,4514.0,4648486.0,1.5224311743651588,0.9710688598395263,West
"San Francisco, CA",2025-06-01,701.0,243.0,8.0,0.0,450.0,458.0,7161.0,4535.0,4648486.0,1.5405015740608876,0.9755864597634585,West
"San Francisco, CA",2025-07-01,299.0,222.0,6.0,4.0,67.0,77.0,6333.0,3732.0,4648486.0,1.3623790627744172,0.8028420436245263,West
"San Francisco, CA",2025-08-01,354.0,242.0,4.0,3.0,105.0,112.0,6176.0,3561.0,4648486.0,1.3286046252478765,0.766055872815364,West
"San Francisco, CA",2025-09-01,626.0,233.0,6.0,0.0,387.0,393.0,6086.0,3471.0,4648486.0,1.3092434827167385,0.7466947302842258,West
"San Francisco, CA",2025-10-01,790.0,277.0,6.0,3.0,504.0,513.0,6506.0,3853.0,4648486.0,1.3995954811953828,0.828872024138612,West
"San Francisco, CA",2025-11-01,793.0,177.0,6.0,7.0,603.0,616.0,7007.0,4404.0,4648486.0,1.5073725079520515,0.9474052411903574,West
"San Francisco, CA",2025-12-01,782.0,236.0,10.0,16.0,520.0,546.0,7474.0,4824.0,4648486.0,1.607835325308068,1.037757239669002,West
"San Francisco, CA",2026-01-01,605.0,213.0,12.0,13.0,367.0,392.0,7514.0,4825.0,4648486.0,1.6164402775441293,1.0379723634749034,West
"San Francisco, CA",2026-02-01,411.0,256.0,6.0,7.0,142.0,155.0,7393.0,4679.0,4648486.0,1.5904102970300438,1.0065642878132794,West
"San Francisco, CA",2026-03-01,316.0,210.0,8.0,0.0,98.0,106.0,7023.0,4278.0,4648486.0,1.510814488846476,0.9202996416467641,West
"San Francisco, CA",2026-04-01,843.0,210.0,16.0,0.0,617.0,633.0,7527.0,4793.0,4648486.0,1.6192368870208493,1.0310884016860542,West
"San Francisco, CA",2026-05-01,645.0,216.0,26.0,0.0,403.0,429.0,7165.0,4430.0,4648486.0,1.5413620692844938,0.9529984601437973,West
"San Jose, CA",2020-07-01,1949.0,241.0,4.0,7.0,1697.0,1708.0,1949.0,1708.0,1995484.0,0.9767054007949951,0.8559326960276304,West
"San Jose, CA",2020-08-01,373.0,262.0,2.0,3.0,106.0,111.0,2322.0,1819.0,1995484.0,1.163627470829132,0.9115582986383254,West
"San Jose, CA",2020-09-01,650.0,247.0,2.0,6.0,395.0,403.0,2972.0,2222.0,1995484.0,1.489362981612481,1.1135143153240017,West
"San Jose, CA",2020-10-01,415.0,207.0,2.0,3.0,203.0,208.0,3387.0,2430.0,1995484.0,1.6973325769587728,1.217749678774673,West
"San Jose, CA",2020-11-01,432.0,202.0,12.0,11.0,207.0,230.0,3819.0,2660.0,1995484.0,1.9138214087409369,1.3330099364364736,West
"San Jose, CA",2020-12-01,459.0,232.0,2.0,3.0,222.0,227.0,4278.0,2887.0,1995484.0,2.1438407925094864,1.44676679943312,West
"San Jose, CA",2021-01-01,320.0,194.0,2.0,3.0,121.0,126.0,4598.0,3013.0,1995484.0,2.304202890125904,1.5099093753695847,West
"San Jose, CA",2021-02-01,232.0,190.0,0.0,3.0,39.0,42.0,4830.0,3055.0,1995484.0,2.4204654108978074,1.5309569006817394,West
"San Jose, CA",2021-03-01,554.0,222.0,4.0,0.0,328.0,332.0,5384.0,3387.0,1995484.0,2.6980922923962307,1.6973325769587728,West
"San Jose, CA",2021-04-01,698.0,223.0,6.0,3.0,466.0,475.0,6082.0,3862.0,1995484.0,3.047882117822042,1.9353700656081432,West
"San Jose, CA",2021-05-01,753.0,215.0,0.0,0.0,538.0,538.0,6835.0,4400.0,1995484.0,3.4252341787756753,2.2049788422257457,West
"San Jose, CA",2021-06-01,226.0,159.0,2.0,0.0,65.0,67.0,7061.0,4467.0,1995484.0,3.5384899102172707,2.238554656414183,West
"San Jose, CA",2021-07-01,392.0,186.0,2.0,0.0,204.0,206.0,5504.0,2965.0,1995484.0,2.758228079002387,1.4858550607271217,West
"San Jose, CA",2021-08-01,301.0,119.0,2.0,0.0,180.0,182.0,5432.0,3036.0,1995484.0,2.7221466070386935,1.5214354011357647,West
"San Jose, CA",2021-09-01,202.0,128.0,8.0,4.0,62.0,74.0,4984.0,2707.0,1995484.0,2.497639670375708,1.356563119523885,West
"San Jose, CA",2021-10-01,261.0,135.0,0.0,0.0,126.0,126.0,4830.0,2625.0,1995484.0,2.4204654108978074,1.315470332009678,West
"San Jose, CA",2021-11-01,298.0,185.0,2.0,0.0,111.0,113.0,4696.0,2508.0,1995484.0,2.3533137825209325,1.256837940068675,West
"San Jose, CA",2021-12-01,812.0,179.0,4.0,0.0,629.0,633.0,5049.0,2914.0,1995484.0,2.5302132214540434,1.4602973514195052,West
"San Jose, CA",2022-01-01,253.0,170.0,2.0,0.0,81.0,83.0,4982.0,2871.0,1995484.0,2.496637407265606,1.438748694552299,West
"San Jose, CA",2022-02-01,250.0,175.0,0.0,0.0,75.0,75.0,5000.0,2904.0,1995484.0,2.5056577752565294,1.455286035868992,West
"San Jose, CA",2022-03-01,993.0,227.0,0.0,0.0,766.0,766.0,5439.0,3338.0,1995484.0,2.7256545279240525,1.672777130761259,West
"San Jose, CA",2022-04-01,342.0,216.0,2.0,0.0,124.0,126.0,5083.0,2989.0,1995484.0,2.5472516943257877,1.497882218048353,West
"San Jose, CA",2022-05-01,212.0,165.0,2.0,0.0,45.0,47.0,4542.0,2498.0,1995484.0,2.2761395230430312,1.251826624518162,West
"San Jose, CA",2022-06-01,590.0,175.0,4.0,4.0,407.0,415.0,4906.0,2846.0,1995484.0,2.4585514090817067,1.4262204056760164,West
"San Jose, CA",2022-07-01,819.0,555.0,4.0,0.0,260.0,264.0,5333.0,2904.0,1995484.0,2.672534583088614,1.455286035868992,West
"San Jose, CA",2022-08-01,1346.0,845.0,0.0,0.0,501.0,501.0,6378.0,3223.0,1995484.0,3.1962170581172287,1.6151470019303589,West
"San Jose, CA",2022-09-01,560.0,141.0,0.0,0.0,419.0,419.0,6736.0,3568.0,1995484.0,3.3756221548255962,1.7880373884230591,West
"San Jose, CA",2022-10-01,196.0,113.0,0.0,4.0,79.0,83.0,6671.0,3525.0,1995484.0,3.3430486037472615,1.766488731555853,West
"San Jose, CA",2022-11-01,141.0,132.0,2.0,0.0,7.0,9.0,6514.0,3421.0,1995484.0,3.2643709496042064,1.7143710498305171,West
"San Jose, CA",2022-12-01,297.0,134.0,0.0,0.0,163.0,163.0,5999.0,2951.0,1995484.0,3.006288198752784,1.4788392189564037,West
"San Jose, CA",2023-01-01,305.0,161.0,4.0,0.0,140.0,144.0,6051.0,3012.0,1995484.0,3.032347039615452,1.5094082438145333,West
"San Jose, CA",2023-02-01,484.0,113.0,0.0,0.0,371.0,371.0,6285.0,3308.0,1995484.0,3.1496118234974575,1.6577431841097199,West
"San Jose, CA",2023-03-01,376.0,172.0,6.0,4.0,194.0,204.0,5668.0,2746.0,1995484.0,2.840413654030802,1.3761072501708858,West
"San Jose, CA",2023-04-01,350.0,261.0,2.0,0.0,87.0,89.0,5676.0,2709.0,1995484.0,2.844422706471212,1.3575653826339875,West
"San Jose, CA",2023-05-01,575.0,387.0,0.0,0.0,188.0,188.0,6039.0,2850.0,1995484.0,3.026333460954836,1.4282249318962217,West
"San Jose, CA",2023-06-01,1553.0,193.0,0.0,0.0,1360.0,1360.0,7002.0,3795.0,1995484.0,3.5089231484692434,1.9017942514197057,West
"San Jose, CA",2023-07-01,361.0,153.0,0.0,0.0,208.0,208.0,6544.0,3739.0,1995484.0,3.2794048962557456,1.8737308843368325,West
"San Jose, CA",2023-08-01,1275.0,237.0,2.0,0.0,1036.0,1038.0,6473.0,4276.0,1995484.0,3.243824555847103,2.142838529399384,West
"San Jose, CA",2023-09-01,270.0,171.0,2.0,0.0,97.0,99.0,6183.0,3956.0,1995484.0,3.098496404882224,1.9824764317829662,West
"San Jose, CA",2023-10-01,262.0,145.0,0.0,0.0,117.0,117.0,6249.0,3990.0,1995484.0,3.1315710875156104,1.9995149046547105,West
"San Jose, CA",2023-11-01,588.0,161.0,0.0,0.0,427.0,427.0,6696.0,4408.0,1995484.0,3.355576892623544,2.2089878946661563,West
"San Jose, CA",2023-12-01,310.0,129.0,4.0,0.0,177.0,181.0,6709.0,4426.0,1995484.0,3.362091602839211,2.21800826265708,West
"San Jose, CA",2024-01-01,242.0,140.0,2.0,0.0,100.0,102.0,6646.0,4384.0,1995484.0,3.3305203148709785,2.1969607373449245,West
"San Jose, CA",2024-02-01,388.0,139.0,0.0,0.0,249.0,249.0,6550.0,4262.0,1995484.0,3.2824116855860535,2.1358226876286657,West
"San Jose, CA",2024-03-01,352.0,192.0,2.0,0.0,158.0,160.0,6526.0,4218.0,1995484.0,3.270384528264822,2.113772899206408,West
"San Jose, CA",2024-04-01,216.0,204.0,0.0,0.0,12.0,12.0,6392.0,4141.0,1995484.0,3.203232899887947,2.0751857694674576,West
"San Jose, CA",2024-05-01,1011.0,231.0,0.0,0.0,780.0,780.0,6828.0,4733.0,1995484.0,3.4217262578903163,2.3718556500578303,West
"San Jose, CA",2024-06-01,670.0,262.0,4.0,0.0,404.0,408.0,5945.0,3781.0,1995484.0,2.9792270947800135,1.8947784096489875,West
"San Jose, CA",2024-07-01,206.0,178.0,2.0,0.0,26.0,28.0,5790.0,3601.0,1995484.0,2.9015517037470606,1.8045747297397523,West
"San Jose, CA",2024-08-01,229.0,200.0,4.0,0.0,25.0,29.0,4744.0,2592.0,1995484.0,2.377368097163395,1.2989329906929847,West
"San Jose, CA",2024-09-01,200.0,162.0,12.0,0.0,26.0,38.0,4674.0,2531.0,1995484.0,2.3422888883098034,1.2683639658348551,West
"San Jose, CA",2024-10-01,360.0,179.0,2.0,0.0,179.0,181.0,4772.0,2595.0,1995484.0,2.3913997807048313,1.3004363853581387,West
"San Jose, CA",2024-11-01,204.0,166.0,2.0,0.0,36.0,38.0,4388.0,2206.0,1995484.0,2.19896526356513,1.1054962104431807,West
"San Jose, CA",2024-12-01,212.0,139.0,4.0,7.0,62.0,73.0,4290.0,2098.0,1995484.0,2.149854371170102,1.0513740024976395,West
"San Jose, CA",2025-01-01,215.0,192.0,0.0,0.0,23.0,23.0,4263.0,2019.0,1995484.0,2.136323819183717,1.0117846096485865,West
"San Jose, CA",2025-02-01,217.0,195.0,0.0,8.0,14.0,22.0,4092.0,1792.0,1995484.0,2.0506303232699437,0.8980277466519401,West
"San Jose, CA",2025-03-01,279.0,219.0,4.0,3.0,53.0,60.0,4019.0,1692.0,1995484.0,2.014047719751198,0.8479145911468096,West
"San Jose, CA",2025-04-01,532.0,162.0,0.0,4.0,366.0,370.0,4335.0,2050.0,1995484.0,2.172405291147411,1.027319687855177,West
"San Jose, CA",2025-05-01,186.0,159.0,0.0,0.0,27.0,27.0,3510.0,1297.0,1995484.0,1.7589717582300834,0.6499676269015436,West
"San Jose, CA",2025-06-01,245.0,162.0,2.0,0.0,81.0,83.0,3085.0,972.0,1995484.0,1.5459908473332786,0.4870998715098693,West
"San Jose, CA",2025-07-01,623.0,170.0,4.0,0.0,449.0,453.0,3502.0,1397.0,1995484.0,1.754962705789673,0.7000807824066743,West
"San Jose, CA",2025-08-01,1234.0,179.0,0.0,0.0,1055.0,1055.0,4507.0,2423.0,1995484.0,2.2585999186162358,1.214241757889314,West
"San Jose, CA",2025-09-01,546.0,218.0,0.0,0.0,328.0,328.0,4853.0,2713.0,1995484.0,2.431991436663987,1.3595699088541928,West
"San Jose, CA",2025-10-01,680.0,167.0,4.0,0.0,509.0,513.0,5173.0,3045.0,1995484.0,2.592353534280405,1.5259455851312265,West
"San Jose, CA",2025-11-01,332.0,129.0,2.0,0.0,201.0,203.0,5301.0,3210.0,1995484.0,2.6564983733269725,1.6086322917146918,West
"San Jose, CA",2025-12-01,990.0,141.0,2.0,7.0,840.0,849.0,6079.0,3986.0,1995484.0,3.0463787231568884,1.9975103784345052,West
"San Jose, CA",2026-01-01,540.0,133.0,2.0,8.0,397.0,407.0,6404.0,4370.0,1995484.0,3.2092464785485624,2.1899448955742065,West
"San Jose, CA",2026-02-01,553.0,156.0,0.0,0.0,397.0,397.0,6740.0,4745.0,1995484.0,3.3776266810458013,2.3778692287184464,West
"San Jose, CA",2026-03-01,358.0,215.0,0.0,0.0,143.0,143.0,6819.0,4828.0,1995484.0,3.4172160738948545,2.4194631477877047,West
"San Jose, CA",2026-04-01,219.0,203.0,6.0,0.0,10.0,16.0,6506.0,4474.0,1995484.0,3.2603618971637958,2.242062577299542,West
"San Jose, CA",2026-05-01,1546.0,155.0,0.0,0.0,1391.0,1391.0,7866.0,5838.0,1995484.0,3.9419008120335715,2.925606018389524,West
"Seattle, WA",2020-07-01,1798.0,902.0,64.0,70.0,762.0,896.0,1798.0,896.0,4145494.0,0.43372394218879584,0.21613829377150226,West
"Seattle, WA",2020-08-01,1956.0,795.0,56.0,56.0,1049.0,1161.0,3754.0,2057.0,4145494.0,0.9055615567167627,0.49620141773212073,West
"Seattle, WA",2020-09-01,2629.0,797.0,64.0,61.0,1707.0,1832.0,6383.0,3889.0,4145494.0,1.539744117347655,0.9381270362470673,West
"Seattle, WA",2020-10-01,1608.0,723.0,36.0,39.0,810.0,885.0,7991.0,4774.0,4145494.0,1.927635162419726,1.1516118465012855,West
"Seattle, WA",2020-11-01,1759.0,610.0,64.0,57.0,1028.0,1149.0,9750.0,5923.0,4145494.0,2.3519512994108784,1.4287802611703213,West
"Seattle, WA",2020-12-01,2641.0,695.0,66.0,60.0,1820.0,1946.0,12391.0,7869.0,4145494.0,2.9890285693333536,1.8982056179553028,West
"Seattle, WA",2021-01-01,2422.0,831.0,34.0,77.0,1480.0,1591.0,14813.0,9460.0,4145494.0,3.5732773946844456,2.2819958248642984,West
"Seattle, WA",2021-02-01,2455.0,882.0,46.0,52.0,1475.0,1573.0,17268.0,11033.0,4145494.0,4.16548667058739,2.66144396783592,West
"Seattle, WA",2021-03-01,2643.0,959.0,80.0,95.0,1509.0,1684.0,19911.0,12717.0,4145494.0,4.803046392058461,3.067668171754681,West
"Seattle, WA",2021-04-01,1756.0,755.0,90.0,79.0,832.0,1001.0,21667.0,13718.0,4145494.0,5.226638851726718,3.3091351718275313,West
"Seattle, WA",2021-05-01,2077.0,636.0,86.0,77.0,1278.0,1441.0,23744.0,15159.0,4145494.0,5.72766478494481,3.656741512591744,West
"Seattle, WA",2021-06-01,1709.0,667.0,60.0,130.0,852.0,1042.0,25453.0,16201.0,4145494.0,6.139919633221035,3.908098769410835,West
"Seattle, WA",2021-07-01,2102.0,696.0,52.0,63.0,1291.0,1406.0,25757.0,16711.0,4145494.0,6.2132522686077944,4.031123914303096,West
"Seattle, WA",2021-08-01,3955.0,772.0,84.0,74.0,3025.0,3183.0,27756.0,18733.0,4145494.0,6.695462591430599,4.518882429934767,West
"Seattle, WA",2021-09-01,1598.0,671.0,56.0,92.0,779.0,927.0,26725.0,17828.0,4145494.0,6.446758818128792,4.300573104194578,West
"Seattle, WA",2021-10-01,2950.0,667.0,48.0,37.0,2198.0,2283.0,28067.0,19226.0,4145494.0,6.770483807237449,4.637806736663953,West
"Seattle, WA",2021-11-01,3283.0,562.0,54.0,60.0,2607.0,2721.0,29591.0,20798.0,4145494.0,7.138111887268441,5.017013653861277,West
"Seattle, WA",2021-12-01,3124.0,678.0,54.0,42.0,2350.0,2446.0,30074.0,21298.0,4145494.0,7.254623936254641,5.137626541010553,West
"Seattle, WA",2022-01-01,1904.0,620.0,92.0,65.0,1127.0,1284.0,29556.0,20991.0,4145494.0,7.129668985167992,5.063570228300897,West
"Seattle, WA",2022-02-01,2307.0,638.0,46.0,75.0,1548.0,1669.0,29408.0,21087.0,4145494.0,7.093967570571807,5.086727902633558,West
"Seattle, WA",2022-03-01,2806.0,722.0,102.0,108.0,1874.0,2084.0,29571.0,21487.0,4145494.0,7.133287371782471,5.183218212352979,West
"Seattle, WA",2022-04-01,2249.0,646.0,90.0,120.0,1393.0,1603.0,30064.0,22089.0,4145494.0,7.252211678511657,5.328436128480707,West
"Seattle, WA",2022-05-01,2120.0,788.0,82.0,55.0,1195.0,1332.0,30107.0,21980.0,4145494.0,7.262584386806494,5.302142519082165,West
"Seattle, WA",2022-06-01,3462.0,649.0,76.0,58.0,2679.0,2813.0,31860.0,23751.0,4145494.0,7.685453169151855,5.7293533653649,West
"Seattle, WA",2022-07-01,2037.0,564.0,96.0,62.0,1315.0,1473.0,31795.0,23818.0,4145494.0,7.66977349382245,5.7455154922429035,West
"Seattle, WA",2022-08-01,1906.0,611.0,86.0,57.0,1152.0,1295.0,29746.0,21930.0,4145494.0,7.175501882284717,5.290081230367237,West
"Seattle, WA",2022-09-01,1935.0,459.0,70.0,69.0,1337.0,1476.0,30083.0,22479.0,4145494.0,7.256794968223328,5.422514180457142,West
"Seattle, WA",2022-10-01,1694.0,427.0,66.0,38.0,1163.0,1267.0,28827.0,21463.0,4145494.0,6.953815395704348,5.177428793769813,West
"Seattle, WA",2022-11-01,1581.0,357.0,66.0,28.0,1130.0,1224.0,27125.0,19966.0,4145494.0,6.543249127848213,4.816313809644882,West
"Seattle, WA",2022-12-01,1932.0,364.0,54.0,29.0,1485.0,1568.0,25933.0,19088.0,4145494.0,6.25570800488434,4.604517579810754,West
"Seattle, WA",2023-01-01,1046.0,359.0,34.0,19.0,634.0,687.0,25075.0,18491.0,4145494.0,6.048736290536182,4.460505792554518,West
"Seattle, WA",2023-02-01,2135.0,352.0,74.0,20.0,1689.0,1783.0,24903.0,18605.0,4145494.0,6.007245457356832,4.4880055308245534,West
"Seattle, WA",2023-03-01,1426.0,515.0,98.0,60.0,753.0,911.0,23523.0,17432.0,4145494.0,5.67435388882483,4.205047697572352,West
"Seattle, WA",2023-04-01,993.0,500.0,52.0,40.0,401.0,493.0,22267.0,16322.0,4145494.0,5.371374316305849,3.93728708810096,West
"Seattle, WA",2023-05-01,2336.0,616.0,86.0,30.0,1604.0,1720.0,22483.0,16710.0,4145494.0,5.423479083554336,4.030882688528798,West
"Seattle, WA",2023-06-01,1294.0,596.0,98.0,84.0,516.0,698.0,20315.0,14595.0,4145494.0,4.9005016048750765,3.520690175887361,West
"Seattle, WA",2023-07-01,1068.0,489.0,56.0,58.0,465.0,579.0,19346.0,13701.0,4145494.0,4.66675382957978,3.305034333664456,West
"Seattle, WA",2023-08-01,1751.0,529.0,72.0,69.0,1081.0,1222.0,19191.0,13628.0,4145494.0,4.629363834563504,3.2874248521406617,West
"Seattle, WA",2023-09-01,1271.0,501.0,70.0,44.0,656.0,770.0,18527.0,12922.0,4145494.0,4.469189920429266,3.117119455485884,West
"Seattle, WA",2023-10-01,1611.0,584.0,62.0,49.0,916.0,1027.0,18444.0,12682.0,4145494.0,4.449168181162486,3.059225269654232,West
"Seattle, WA",2023-11-01,1096.0,498.0,32.0,41.0,525.0,598.0,17959.0,12056.0,4145494.0,4.3321736806276885,2.9082179349433384,West
"Seattle, WA",2023-12-01,1592.0,541.0,36.0,32.0,983.0,1051.0,17619.0,11539.0,4145494.0,4.250156917366181,2.7835042096309874,West
"Seattle, WA",2024-01-01,1083.0,584.0,92.0,49.0,358.0,499.0,17656.0,11351.0,4145494.0,4.259082271015227,2.7381537640628597,West
"Seattle, WA",2024-02-01,1370.0,522.0,58.0,17.0,773.0,848.0,16891.0,10416.0,4145494.0,4.074544553676835,2.5126076650937135,West
"Seattle, WA",2024-03-01,2346.0,551.0,106.0,11.0,1678.0,1795.0,17811.0,11300.0,4145494.0,4.296472266031503,2.7258512495736333,West
"Seattle, WA",2024-04-01,1353.0,601.0,60.0,35.0,657.0,752.0,18171.0,11559.0,4145494.0,4.383313544778982,2.7883287251169584,West
"Seattle, WA",2024-05-01,1621.0,535.0,66.0,58.0,962.0,1086.0,17456.0,10925.0,4145494.0,4.210837116155517,2.635391584211676,West
"Seattle, WA",2024-06-01,914.0,471.0,72.0,61.0,310.0,443.0,17076.0,10670.0,4145494.0,4.119171321922067,2.5738790117655457,West
"Seattle, WA",2024-07-01,1308.0,529.0,108.0,47.0,624.0,779.0,17316.0,10870.0,4145494.0,4.17706550775372,2.622124166625256,West
"Seattle, WA",2024-08-01,1059.0,599.0,98.0,25.0,337.0,460.0,16624.0,10108.0,4145494.0,4.010137271939123,2.43831012660976,West
"Seattle, WA",2024-09-01,1513.0,503.0,70.0,33.0,907.0,1010.0,16866.0,10348.0,4145494.0,4.068513909319372,2.4962043124414124,West
"Seattle, WA",2024-10-01,1764.0,556.0,60.0,45.0,1103.0,1208.0,17019.0,10529.0,4145494.0,4.10542145278705,2.53986617758945,West
"Seattle, WA",2024-11-01,1254.0,387.0,42.0,73.0,752.0,867.0,17177.0,10798.0,4145494.0,4.143535125126221,2.6047559108757605,West
"Seattle, WA",2024-12-01,2096.0,396.0,84.0,25.0,1591.0,1700.0,17681.0,11447.0,4145494.0,4.265112915372692,2.761311438395521,West
"Seattle, WA",2025-01-01,1203.0,528.0,68.0,78.0,529.0,675.0,17801.0,11623.0,4145494.0,4.294060008288518,2.8037671746720654,West
"Seattle, WA",2025-02-01,1078.0,509.0,102.0,10.0,457.0,569.0,17509.0,11344.0,4145494.0,4.223622082193341,2.73646518364277,West
"Seattle, WA",2025-03-01,926.0,533.0,84.0,17.0,292.0,393.0,16089.0,9942.0,4145494.0,3.8810814826893973,2.3982666480762003,West
"Seattle, WA",2025-04-01,1316.0,660.0,68.0,56.0,532.0,656.0,16052.0,9846.0,4145494.0,3.872156129040351,2.375108973743539,West
"Seattle, WA",2025-05-01,848.0,508.0,66.0,44.0,230.0,340.0,15279.0,9100.0,4145494.0,3.68568860550757,2.19515454611682,West
"Seattle, WA",2025-06-01,1192.0,441.0,68.0,69.0,614.0,751.0,15557.0,9408.0,4145494.0,3.752749370762568,2.2694520846007737,West
"Seattle, WA",2025-07-01,1008.0,587.0,86.0,48.0,287.0,421.0,15257.0,9050.0,4145494.0,3.680381638473002,2.1830932574018926,West
"Seattle, WA",2025-08-01,1550.0,494.0,92.0,14.0,950.0,1056.0,15748.0,9646.0,4145494.0,3.7988234936535914,2.326863818883829,West
"Seattle, WA",2025-09-01,1425.0,399.0,66.0,40.0,920.0,1026.0,15660.0,9662.0,4145494.0,3.777595625515319,2.330723431272606,West
"Seattle, WA",2025-10-01,1783.0,443.0,72.0,25.0,1243.0,1340.0,15679.0,9794.0,4145494.0,3.782178915226991,2.362565233480015,West
"Seattle, WA",2025-11-01,1382.0,413.0,64.0,33.0,872.0,969.0,15807.0,9896.0,4145494.0,3.813055814337206,2.3871702624584668,West
"Seattle, WA",2025-12-01,1880.0,547.0,52.0,34.0,1247.0,1333.0,15591.0,9529.0,4145494.0,3.7609510470887186,2.2986404032908982,West
"Seattle, WA",2026-01-01,1259.0,538.0,76.0,69.0,576.0,721.0,15647.0,9575.0,4145494.0,3.774459690449437,2.3097367889086318,West
"Seattle, WA",2026-02-01,2128.0,438.0,74.0,20.0,1596.0,1690.0,16697.0,10696.0,4145494.0,4.0277467534629166,2.5801508818973087,West
"Seattle, WA",2026-03-01,1192.0,592.0,56.0,18.0,526.0,600.0,16963.0,10903.0,4145494.0,4.091912809426331,2.6300846171771086,West
"Seattle, WA",2026-04-01,2201.0,627.0,82.0,36.0,1456.0,1574.0,17848.0,11821.0,4145494.0,4.30539761968055,2.851529877983179,West
"Seattle, WA",2026-05-01,2263.0,542.0,70.0,7.0,1644.0,1721.0,19263.0,13202.0,4145494.0,4.646732090313,3.1846626722894786,West
"St. Louis, MO",2020-07-01,720.0,552.0,8.0,0.0,160.0,168.0,720.0,168.0,2811927.0,0.25605216636136,0.05974550548431734,Midwest
"St. Louis, MO",2020-08-01,639.0,527.0,22.0,0.0,90.0,112.0,1359.0,280.0,2811927.0,0.48329846400706705,0.09957584247386224,Midwest
"St. Louis, MO",2020-09-01,547.0,485.0,20.0,8.0,34.0,62.0,1906.0,342.0,2811927.0,0.6778269848399336,0.121624779021646,Midwest
"St. Louis, MO",2020-10-01,596.0,541.0,2.0,7.0,46.0,55.0,2502.0,397.0,2811927.0,0.889781278105726,0.14118431950758323,Midwest
"St. Louis, MO",2020-11-01,920.0,418.0,6.0,0.0,496.0,502.0,3422.0,899.0,2811927.0,1.2169590462341306,0.31970957994286475,Midwest
"St. Louis, MO",2020-12-01,631.0,473.0,8.0,11.0,139.0,158.0,4053.0,1057.0,2811927.0,1.4413603198091558,0.3758988053388299,Midwest
"St. Louis, MO",2021-01-01,450.0,412.0,2.0,4.0,32.0,38.0,4503.0,1095.0,2811927.0,1.6013929237850058,0.38941266967456833,Midwest
"St. Louis, MO",2021-02-01,634.0,458.0,0.0,4.0,172.0,176.0,5137.0,1271.0,2811927.0,1.8268610813865367,0.4520031992295675,Midwest
"St. Louis, MO",2021-03-01,706.0,610.0,8.0,4.0,84.0,96.0,5843.0,1367.0,2811927.0,2.0779344556242036,0.4861434880777488,Midwest
"St. Louis, MO",2021-04-01,896.0,589.0,4.0,4.0,299.0,307.0,6739.0,1674.0,2811927.0,2.3965771515405625,0.595321286790162,Midwest
"St. Louis, MO",2021-05-01,652.0,462.0,6.0,6.0,178.0,190.0,7391.0,1864.0,2811927.0,2.628446613301128,0.6628906084688543,Midwest
"St. Louis, MO",2021-06-01,552.0,487.0,8.0,0.0,57.0,65.0,7943.0,1929.0,2811927.0,2.8247532741781702,0.6860064290431438,Midwest
"St. Louis, MO",2021-07-01,571.0,363.0,2.0,3.0,203.0,208.0,7794.0,1969.0,2811927.0,2.771764700861722,0.7002315493965526,Midwest
"St. Louis, MO",2021-08-01,1185.0,476.0,16.0,4.0,689.0,709.0,8340.0,2566.0,2811927.0,2.9659375936857533,0.9125414706711803,Midwest
"St. Louis, MO",2021-09-01,586.0,472.0,8.0,3.0,103.0,114.0,8379.0,2618.0,2811927.0,2.979807086030327,0.9310341271306118,Midwest
"St. Louis, MO",2021-10-01,791.0,453.0,18.0,3.0,317.0,338.0,8574.0,2901.0,2811927.0,3.049154547753196,1.0316768536309797,Midwest
"St. Louis, MO",2021-11-01,555.0,439.0,28.0,11.0,77.0,116.0,8209.0,2515.0,2811927.0,2.9193503245283394,0.8944044422205839,Midwest
"St. Louis, MO",2021-12-01,1019.0,465.0,26.0,0.0,528.0,554.0,8597.0,2911.0,2811927.0,3.0573339919564058,1.0352331337193321,Midwest
"St. Louis, MO",2022-01-01,978.0,366.0,26.0,3.0,583.0,612.0,9125.0,3485.0,2811927.0,3.245105580621403,1.2393636107907495,Midwest
"St. Louis, MO",2022-02-01,447.0,297.0,4.0,0.0,146.0,150.0,8938.0,3459.0,2811927.0,3.1786031429692168,1.2301172825610338,Midwest
"St. Louis, MO",2022-03-01,797.0,491.0,10.0,14.0,282.0,306.0,9029.0,3669.0,2811927.0,3.2109652917732214,1.3047991644164305,Midwest
"St. Louis, MO",2022-04-01,835.0,440.0,8.0,7.0,380.0,395.0,8968.0,3757.0,2811927.0,3.1892719832342733,1.33609442919393,Midwest
"St. Louis, MO",2022-05-01,1072.0,473.0,14.0,0.0,585.0,599.0,9388.0,4166.0,2811927.0,3.3386357469450667,1.4815462848075358,Midwest
"St. Louis, MO",2022-06-01,639.0,415.0,4.0,4.0,216.0,224.0,9475.0,4325.0,2811927.0,3.369575383713731,1.5380911382123361,Midwest
"St. Louis, MO",2022-07-01,480.0,392.0,10.0,3.0,75.0,88.0,9384.0,4205.0,2811927.0,3.3372132349097257,1.4954157771521095,Midwest
"St. Louis, MO",2022-08-01,1126.0,417.0,4.0,36.0,669.0,709.0,9325.0,4205.0,2811927.0,3.3162311823884476,1.4954157771521095,Midwest
"St. Louis, MO",2022-09-01,427.0,360.0,8.0,0.0,59.0,67.0,9166.0,4158.0,2811927.0,3.2596863289836473,1.4787012607368542,Midwest
"St. Louis, MO",2022-10-01,715.0,315.0,24.0,4.0,372.0,400.0,9090.0,4220.0,2811927.0,3.2326586003121704,1.500750197284638,Midwest
"St. Louis, MO",2022-11-01,627.0,292.0,8.0,23.0,304.0,335.0,9162.0,4439.0,2811927.0,3.2582638169483062,1.5786327312195516,Midwest
"St. Louis, MO",2022-12-01,437.0,251.0,2.0,0.0,184.0,186.0,8580.0,4071.0,2811927.0,3.051288315806207,1.4477616239681896,Midwest
"St. Louis, MO",2023-01-01,624.0,210.0,2.0,7.0,405.0,414.0,8226.0,3873.0,2811927.0,2.925396000678538,1.3773472782188156,Midwest
"St. Louis, MO",2023-02-01,715.0,321.0,6.0,11.0,377.0,394.0,8494.0,4117.0,2811927.0,3.020704307046378,1.46412051237461,Midwest
"St. Louis, MO",2023-03-01,408.0,354.0,4.0,17.0,33.0,54.0,8105.0,3865.0,2811927.0,2.8823650116094766,1.374502254148134,Midwest
"St. Louis, MO",2023-04-01,468.0,365.0,10.0,15.0,78.0,103.0,7738.0,3573.0,2811927.0,2.7518495323669496,1.270658875568249,Midwest
"St. Louis, MO",2023-05-01,1051.0,456.0,10.0,8.0,577.0,595.0,7717.0,3569.0,2811927.0,2.74438134418141,1.2692363635329083,Midwest
"St. Louis, MO",2023-06-01,533.0,475.0,10.0,24.0,24.0,58.0,7611.0,3403.0,2811927.0,2.7066847752448764,1.2102021140662613,Midwest
"St. Louis, MO",2023-07-01,508.0,379.0,2.0,7.0,120.0,129.0,7639.0,3444.0,2811927.0,2.716642359492263,1.2247828624285053,Midwest
"St. Louis, MO",2023-08-01,904.0,443.0,4.0,24.0,433.0,461.0,7417.0,3196.0,2811927.0,2.6376929415308434,1.1365871162373704,Midwest
"St. Louis, MO",2023-09-01,662.0,427.0,0.0,12.0,223.0,235.0,7652.0,3364.0,2811927.0,2.721265523607121,1.1963326217216876,Midwest
"St. Louis, MO",2023-10-01,550.0,403.0,6.0,12.0,129.0,147.0,7487.0,3111.0,2811927.0,2.662586902149309,1.1063587354863764,Midwest
"St. Louis, MO",2023-11-01,549.0,337.0,2.0,11.0,199.0,212.0,7409.0,2988.0,2811927.0,2.634847917460162,1.062616490399644,Midwest
"St. Louis, MO",2023-12-01,404.0,313.0,8.0,4.0,79.0,91.0,7376.0,2893.0,2811927.0,2.6231121931685997,1.028831829560298,Midwest
"St. Louis, MO",2024-01-01,436.0,297.0,6.0,7.0,126.0,139.0,7188.0,2618.0,2811927.0,2.5562541275075774,0.9310341271306118,Midwest
"St. Louis, MO",2024-02-01,508.0,382.0,4.0,7.0,115.0,126.0,6981.0,2350.0,2811927.0,2.4826391296786867,0.8357258207627722,Midwest
"St. Louis, MO",2024-03-01,519.0,418.0,14.0,4.0,83.0,101.0,7092.0,2397.0,2811927.0,2.522113838659396,0.8524403371780278,Midwest
"St. Louis, MO",2024-04-01,562.0,484.0,20.0,3.0,55.0,78.0,7186.0,2372.0,2811927.0,2.5555428714899073,0.8435496369571471,Midwest
"St. Louis, MO",2024-05-01,588.0,488.0,4.0,0.0,96.0,100.0,6723.0,1877.0,2811927.0,2.390887103399199,0.6675137725837121,Midwest
"St. Louis, MO",2024-06-01,567.0,458.0,8.0,11.0,90.0,109.0,6757.0,1928.0,2811927.0,2.402978455699597,0.6856508010343085,Midwest
"St. Louis, MO",2024-07-01,745.0,411.0,0.0,16.0,318.0,334.0,6994.0,2133.0,2811927.0,2.4872622937935445,0.7585545428455291,Midwest
"St. Louis, MO",2024-08-01,632.0,407.0,16.0,0.0,209.0,225.0,6722.0,1897.0,2811927.0,2.3905314753903637,0.6746263327604166,Midwest
"St. Louis, MO",2024-09-01,499.0,361.0,10.0,0.0,128.0,138.0,6559.0,1800.0,2811927.0,2.332564109950223,0.6401304159034,Midwest
"St. Louis, MO",2024-10-01,658.0,400.0,26.0,8.0,224.0,258.0,6667.0,1911.0,2811927.0,2.3709719349044267,0.6796051248841097,Midwest
"St. Louis, MO",2024-11-01,686.0,357.0,12.0,8.0,309.0,329.0,6804.0,2028.0,2811927.0,2.4196929721148526,0.7212136019178308,Midwest
"St. Louis, MO",2024-12-01,389.0,264.0,24.0,8.0,93.0,125.0,6789.0,2062.0,2811927.0,2.414358551982324,0.7333049542182283,Midwest
"St. Louis, MO",2025-01-01,385.0,263.0,40.0,8.0,74.0,122.0,6738.0,2045.0,2811927.0,2.3962215235317275,0.7272592780680295,Midwest
"St. Louis, MO",2025-02-01,406.0,294.0,4.0,8.0,100.0,112.0,6636.0,2031.0,2811927.0,2.3599474666305347,0.7222804859443364,Midwest
"St. Louis, MO",2025-03-01,678.0,418.0,2.0,30.0,228.0,260.0,6795.0,2190.0,2811927.0,2.416492320035335,0.7788253393491367,Midwest
"St. Louis, MO",2025-04-01,592.0,430.0,38.0,17.0,107.0,162.0,6825.0,2274.0,2811927.0,2.427161160300392,0.8086980920912954,Midwest
"St. Louis, MO",2025-05-01,469.0,351.0,26.0,14.0,78.0,118.0,6706.0,2292.0,2811927.0,2.3848414272490004,0.8150993962503295,Midwest
"St. Louis, MO",2025-06-01,538.0,389.0,20.0,21.0,108.0,149.0,6677.0,2332.0,2811927.0,2.374528214992779,0.8293245166037383,Midwest
"St. Louis, MO",2025-07-01,499.0,368.0,10.0,14.0,107.0,131.0,6431.0,2129.0,2811927.0,2.287043724819314,0.7571320308101882,Midwest
"St. Louis, MO",2025-08-01,607.0,378.0,6.0,26.0,197.0,229.0,6406.0,2133.0,2811927.0,2.2781530245984336,0.7585545428455291,Midwest
"St. Louis, MO",2025-09-01,534.0,363.0,32.0,8.0,131.0,171.0,6441.0,2166.0,2811927.0,2.2906000049076667,0.7702902671370914,Midwest
"St. Louis, MO",2025-10-01,511.0,372.0,16.0,12.0,111.0,139.0,6294.0,2047.0,2811927.0,2.2383226876088886,0.7279705340856999,Midwest
"St. Louis, MO",2025-11-01,452.0,354.0,22.0,20.0,56.0,98.0,6060.0,1816.0,2811927.0,2.155105733541447,0.6458204640447637,Midwest
"St. Louis, MO",2025-12-01,446.0,278.0,26.0,11.0,131.0,168.0,6117.0,1859.0,2811927.0,2.1753765300450545,0.6611124684246782,Midwest
"St. Louis, MO",2026-01-01,460.0,315.0,24.0,3.0,118.0,145.0,6192.0,1882.0,2811927.0,2.202048630707696,0.6692919126278883,Midwest
"St. Louis, MO",2026-02-01,508.0,352.0,10.0,7.0,139.0,156.0,6294.0,1926.0,2811927.0,2.2383226876088886,0.684939545016638,Midwest
"St. Louis, MO",2026-03-01,636.0,388.0,10.0,24.0,214.0,248.0,6252.0,1914.0,2811927.0,2.2233863112378094,0.6806720089106154,Midwest
"St. Louis, MO",2026-04-01,600.0,435.0,22.0,0.0,143.0,165.0,6260.0,1917.0,2811927.0,2.2262313353084915,0.6817388929371211,Midwest
"St. Louis, MO",2026-05-01,535.0,389.0,16.0,12.0,118.0,146.0,6326.0,1945.0,2811927.0,2.2497027838916157,0.6916964771845073,Midwest
"Tampa, FL",2020-07-01,1428.0,1155.0,2.0,0.0,271.0,273.0,1428.0,273.0,3424560.0,0.4169878758147032,0.07971827037634031,Southeast
"Tampa, FL",2020-08-01,1687.0,848.0,6.0,16.0,817.0,839.0,3115.0,1112.0,3424560.0,0.9096059055761908,0.3247132478332983,Southeast
"Tampa, FL",2020-09-01,1772.0,1470.0,4.0,0.0,298.0,302.0,4887.0,1414.0,3424560.0,1.4270446422314107,0.41289975938514734,Southeast
"Tampa, FL",2020-10-01,2093.0,1557.0,28.0,0.0,508.0,536.0,6980.0,1950.0,3424560.0,2.0382180484500196,0.5694162169738595,Southeast
"Tampa, FL",2020-11-01,1522.0,1393.0,2.0,3.0,124.0,129.0,8502.0,2079.0,3424560.0,2.482654706006027,0.6070852897890532,Southeast
"Tampa, FL",2020-12-01,1582.0,1399.0,6.0,0.0,177.0,183.0,10084.0,2262.0,3424560.0,2.944611862545845,0.660522811689677,Southeast
"Tampa, FL",2021-01-01,2588.0,1954.0,22.0,3.0,609.0,634.0,12672.0,2896.0,3424560.0,3.7003293853808956,0.8456560842852804,Southeast
"Tampa, FL",2021-02-01,1696.0,1269.0,4.0,0.0,423.0,427.0,14368.0,3323.0,3424560.0,4.195575489989955,0.9703436353867357,Southeast
"Tampa, FL",2021-03-01,2121.0,1804.0,6.0,0.0,311.0,317.0,16489.0,3640.0,3424560.0,4.814925129067676,1.0629102716845376,Southeast
"Tampa, FL",2021-04-01,2093.0,1637.0,2.0,0.0,454.0,456.0,18582.0,4096.0,3424560.0,5.426098535286285,1.1960660639615017,Southeast
"Tampa, FL",2021-05-01,2658.0,1751.0,6.0,12.0,889.0,907.0,21240.0,5003.0,3424560.0,6.202256640269115,1.4609176069334455,Southeast
"Tampa, FL",2021-06-01,2013.0,1757.0,4.0,0.0,252.0,256.0,23253.0,5259.0,3424560.0,6.790069381175975,1.5356717359310394,Southeast
"Tampa, FL",2021-07-01,1731.0,1718.0,2.0,0.0,11.0,13.0,23556.0,4999.0,3424560.0,6.878547901044222,1.459749573667858,Southeast
"Tampa, FL",2021-08-01,2053.0,1502.0,2.0,12.0,537.0,551.0,23922.0,4711.0,3424560.0,6.985422944845469,1.375651178545565,Southeast
"Tampa, FL",2021-09-01,2025.0,1838.0,2.0,3.0,182.0,187.0,24175.0,4596.0,3424560.0,7.0593010488938726,1.342070222159927,Southeast
"Tampa, FL",2021-10-01,1394.0,1133.0,4.0,0.0,257.0,261.0,23476.0,4321.0,3424560.0,6.855187235732474,1.261767935150793,Southeast
"Tampa, FL",2021-11-01,1567.0,1307.0,4.0,0.0,256.0,260.0,23521.0,4452.0,3424560.0,6.868327609970332,1.3000210245987807,Southeast
"Tampa, FL",2021-12-01,1978.0,1350.0,4.0,0.0,624.0,628.0,23917.0,4897.0,3424560.0,6.9839629032634845,1.4299647253953793,Southeast
"Tampa, FL",2022-01-01,1546.0,1472.0,6.0,0.0,68.0,74.0,22875.0,4337.0,3424560.0,6.679690237577966,1.2664400682131427,Southeast
"Tampa, FL",2022-02-01,1729.0,1127.0,6.0,0.0,596.0,602.0,22908.0,4512.0,3424560.0,6.689326512019062,1.3175415235825916,Southeast
"Tampa, FL",2022-03-01,1532.0,1153.0,20.0,0.0,359.0,379.0,22319.0,4574.0,3424560.0,6.517333613661317,1.3356460391991964,Southeast
"Tampa, FL",2022-04-01,1719.0,1403.0,4.0,0.0,312.0,316.0,21945.0,4434.0,3424560.0,6.408122503328895,1.2947648749036373,Southeast
"Tampa, FL",2022-05-01,2313.0,1603.0,10.0,0.0,700.0,710.0,21600.0,4237.0,3424560.0,6.307379634171982,1.2372392365734577,Southeast
"Tampa, FL",2022-06-01,3008.0,1181.0,10.0,0.0,1817.0,1827.0,22595.0,5808.0,3424560.0,6.597927908986848,1.6959843016329106,Southeast
"Tampa, FL",2022-07-01,2415.0,1268.0,8.0,68.0,1071.0,1147.0,23279.0,6942.0,3424560.0,6.7976615974022945,2.0271217324269397,Southeast
"Tampa, FL",2022-08-01,2818.0,1288.0,10.0,20.0,1500.0,1530.0,24044.0,7921.0,3424560.0,7.021047959445885,2.3129978741794566,Southeast
"Tampa, FL",2022-09-01,2061.0,1075.0,6.0,25.0,955.0,986.0,24080.0,8720.0,3424560.0,7.031560258836171,2.5463125189805407,Southeast
"Tampa, FL",2022-10-01,2770.0,1094.0,12.0,164.0,1500.0,1676.0,25456.0,10135.0,3424560.0,7.433363702198239,2.9595042866820847,Southeast
"Tampa, FL",2022-11-01,2692.0,1058.0,84.0,204.0,1346.0,1634.0,26581.0,11509.0,3424560.0,7.761873058144697,3.360723713411358,Southeast
"Tampa, FL",2022-12-01,2176.0,882.0,8.0,17.0,1269.0,1294.0,26779.0,12175.0,3424560.0,7.819690704791273,3.5552012521316607,Southeast
"Tampa, FL",2023-01-01,2110.0,954.0,12.0,16.0,1128.0,1156.0,27343.0,13257.0,3424560.0,7.984383395239096,3.8711542504730536,Southeast
"Tampa, FL",2023-02-01,1966.0,972.0,24.0,30.0,940.0,994.0,27580.0,13649.0,3424560.0,8.05358936622515,3.985621510500619,Southeast
"Tampa, FL",2023-03-01,2174.0,1261.0,6.0,36.0,871.0,913.0,28222.0,14183.0,3424560.0,8.241058705351929,4.141553951456538,Southeast
"Tampa, FL",2023-04-01,1591.0,1031.0,10.0,0.0,550.0,560.0,28094.0,14427.0,3424560.0,8.203681640853132,4.212803980657369,Southeast
"Tampa, FL",2023-05-01,1843.0,1395.0,12.0,0.0,436.0,448.0,27624.0,14165.0,3424560.0,8.066437732146612,4.136297801761394,Southeast
"Tampa, FL",2023-06-01,1948.0,1316.0,14.0,3.0,615.0,632.0,26564.0,12970.0,3424560.0,7.7569089167659495,3.7873478636671574,Southeast
"Tampa, FL",2023-07-01,1245.0,1114.0,12.0,0.0,119.0,131.0,25394.0,11954.0,3424560.0,7.415259186581634,3.490667414207957,Southeast
"Tampa, FL",2023-08-01,1689.0,1301.0,6.0,0.0,382.0,388.0,24265.0,10812.0,3424560.0,7.085581797369589,3.1571939168827527,Southeast
"Tampa, FL",2023-09-01,1630.0,1238.0,6.0,24.0,362.0,392.0,23834.0,10218.0,3424560.0,6.959726213002546,2.9837409769430234,Southeast
"Tampa, FL",2023-10-01,2213.0,1318.0,14.0,52.0,829.0,895.0,23277.0,9437.0,3424560.0,6.797077580769501,2.7556824818370824,Southeast
"Tampa, FL",2023-11-01,2568.0,1292.0,46.0,0.0,1230.0,1276.0,23153.0,9079.0,3424560.0,6.7608685495362915,2.65114350456701,Southeast
"Tampa, FL",2023-12-01,1983.0,1310.0,16.0,16.0,641.0,673.0,22960.0,8458.0,3424560.0,6.704510944471698,2.4698063400845656,Southeast
"Tampa, FL",2024-01-01,1934.0,1588.0,10.0,8.0,328.0,346.0,22784.0,7648.0,3424560.0,6.653117480785853,2.2332796038031164,Southeast
"Tampa, FL",2024-02-01,1548.0,1343.0,12.0,3.0,190.0,205.0,22366.0,6859.0,3424560.0,6.531058004531968,2.002885042166001,Southeast
"Tampa, FL",2024-03-01,2185.0,1135.0,14.0,7.0,1029.0,1050.0,22377.0,6996.0,3424560.0,6.534270096012334,2.0428901815123695,Southeast
"Tampa, FL",2024-04-01,2877.0,1268.0,14.0,4.0,1591.0,1609.0,23663.0,8045.0,3424560.0,6.909792790898685,2.3492069054126663,Southeast
"Tampa, FL",2024-05-01,2723.0,1506.0,8.0,0.0,1209.0,1217.0,24543.0,8814.0,3424560.0,7.166760109327913,2.5737613007218445,Southeast
"Tampa, FL",2024-06-01,2057.0,1288.0,10.0,18.0,741.0,769.0,24652.0,8951.0,3424560.0,7.198589015815171,2.613766440068213,Southeast
"Tampa, FL",2024-07-01,2402.0,1348.0,20.0,4.0,1030.0,1054.0,25809.0,9874.0,3424560.0,7.536442637886327,2.883290116102507,Southeast
"Tampa, FL",2024-08-01,1984.0,1057.0,8.0,4.0,915.0,927.0,26104.0,10413.0,3424560.0,7.622585091223398,3.040682598640409,Southeast
"Tampa, FL",2024-09-01,993.0,701.0,10.0,0.0,282.0,292.0,25467.0,10313.0,3424560.0,7.436575793678604,3.011481767000724,Southeast
"Tampa, FL",2024-10-01,1058.0,858.0,6.0,0.0,194.0,200.0,24312.0,9618.0,3424560.0,7.099306188240241,2.8085359871049125,Southeast
"Tampa, FL",2024-11-01,921.0,905.0,6.0,0.0,10.0,16.0,22665.0,8358.0,3424560.0,6.618368491134627,2.4406055084448806,Southeast
"Tampa, FL",2024-12-01,949.0,919.0,14.0,0.0,16.0,30.0,21631.0,7715.0,3424560.0,6.316431891980284,2.2528441610017054,Southeast
"Tampa, FL",2025-01-01,2172.0,1091.0,20.0,0.0,1061.0,1081.0,21869.0,8450.0,3424560.0,6.385929871282734,2.4674702735533907,Southeast
"Tampa, FL",2025-02-01,1773.0,891.0,14.0,3.0,865.0,882.0,22094.0,9127.0,3424560.0,6.451631742472026,2.6651599037540588,Southeast
"Tampa, FL",2025-03-01,1356.0,1210.0,12.0,124.0,10.0,146.0,21265.0,8223.0,3424560.0,6.209556848179036,2.4011843857313058,Southeast
"Tampa, FL",2025-04-01,1741.0,1293.0,16.0,0.0,432.0,448.0,20129.0,7062.0,3424560.0,5.877835400752213,2.0621627303945615,Southeast
"Tampa, FL",2025-05-01,2426.0,1336.0,4.0,0.0,1086.0,1090.0,19832.0,6935.0,3424560.0,5.7911089307823485,2.0250776742121617,Southeast
"Tampa, FL",2025-06-01,2436.0,1266.0,36.0,0.0,1134.0,1170.0,20211.0,7336.0,3424560.0,5.901780082696756,2.142173009087299,Southeast
"Tampa, FL",2025-07-01,1747.0,1140.0,26.0,3.0,578.0,607.0,19556.0,6889.0,3424560.0,5.710514635456818,2.0116452916579064,Southeast
"Tampa, FL",2025-08-01,2908.0,1324.0,58.0,6.0,1520.0,1584.0,20480.0,7546.0,3424560.0,5.980330319807509,2.2034947555306377,Southeast
"Tampa, FL",2025-09-01,1580.0,1061.0,22.0,0.0,497.0,519.0,21067.0,7773.0,3424560.0,6.15173920153246,2.2697806433527226,Southeast
"Tampa, FL",2025-10-01,2427.0,1287.0,12.0,0.0,1128.0,1140.0,22436.0,8713.0,3424560.0,6.551498586679749,2.5442684607657626,Southeast
"Tampa, FL",2025-11-01,1208.0,864.0,6.0,0.0,338.0,344.0,22723.0,9041.0,3424560.0,6.6353049734856455,2.6400471885439294,Southeast
"Tampa, FL",2025-12-01,1233.0,933.0,8.0,16.0,276.0,300.0,23007.0,9311.0,3424560.0,6.71823533534235,2.7188894339710794,Southeast
"Tampa, FL",2026-01-01,1255.0,1120.0,4.0,0.0,131.0,135.0,22090.0,8365.0,3424560.0,6.4504637092064385,2.442649566659658,Southeast
"Tampa, FL",2026-02-01,1776.0,1154.0,14.0,0.0,608.0,622.0,22093.0,8105.0,3424560.0,6.451339734155629,2.366727404396477,Southeast
"Tampa, FL",2026-03-01,1586.0,1176.0,10.0,4.0,396.0,410.0,22323.0,8369.0,3424560.0,6.518501646926905,2.4438175999252456,Southeast
"Tampa, FL",2026-04-01,1599.0,1198.0,14.0,18.0,369.0,401.0,22181.0,8322.0,3424560.0,6.477036465998552,2.430093209054594,Southeast
"Tampa, FL",2026-05-01,2505.0,1141.0,14.0,6.0,1344.0,1364.0,22260.0,8596.0,3424560.0,6.5001051229939035,2.510103487747331,Southeast
"Virginia Beach, VA",2020-07-01,790.0,483.0,2.0,0.0,305.0,307.0,790.0,307.0,1794278.0,0.4402885171640069,0.17109946173335458,Southeast
"Virginia Beach, VA",2020-08-01,512.0,394.0,0.0,0.0,118.0,118.0,1302.0,425.0,1794278.0,0.7256400624652367,0.23686407568949738,Southeast
"Virginia Beach, VA",2020-09-01,543.0,422.0,0.0,0.0,121.0,121.0,1845.0,546.0,1794278.0,1.028268752110877,0.3043006713563896,Southeast
"Virginia Beach, VA",2020-10-01,367.0,353.0,4.0,0.0,10.0,14.0,2212.0,560.0,1794278.0,1.2328078480592195,0.31210325267322014,Southeast
"Virginia Beach, VA",2020-11-01,604.0,403.0,0.0,4.0,197.0,201.0,2816.0,761.0,1794278.0,1.569433499156764,0.42412602729342946,Southeast
"Virginia Beach, VA",2020-12-01,436.0,431.0,0.0,0.0,5.0,5.0,3252.0,766.0,1794278.0,1.8124281744523423,0.42691266347801177,Southeast
"Virginia Beach, VA",2021-01-01,669.0,338.0,6.0,4.0,321.0,331.0,3921.0,1097.0,1794278.0,2.185280095949457,0.6113879788973615,Southeast
"Virginia Beach, VA",2021-02-01,465.0,465.0,0.0,0.0,0.0,0.0,4386.0,1097.0,1794278.0,2.444437261115613,0.6113879788973615,Southeast
"Virginia Beach, VA",2021-03-01,477.0,463.0,4.0,4.0,6.0,14.0,4863.0,1111.0,1794278.0,2.7102823531247666,0.619190560214192,Southeast
"Virginia Beach, VA",2021-04-01,625.0,416.0,6.0,6.0,197.0,209.0,5488.0,1320.0,1794278.0,3.058611876197557,0.7356719527297331,Southeast
"Virginia Beach, VA",2021-05-01,512.0,458.0,8.0,0.0,46.0,54.0,6000.0,1374.0,1794278.0,3.3439634214987866,0.7657676235232221,Southeast
"Virginia Beach, VA",2021-06-01,695.0,394.0,4.0,22.0,275.0,301.0,6695.0,1675.0,1794278.0,3.7313058511557293,0.9335231218350779,Southeast
"Virginia Beach, VA",2021-07-01,944.0,330.0,0.0,4.0,610.0,614.0,6849.0,1982.0,1794278.0,3.8171342456408652,1.1046225835684325,Southeast
"Virginia Beach, VA",2021-08-01,651.0,378.0,4.0,4.0,265.0,273.0,6988.0,2137.0,1794278.0,3.894602731572254,1.1910083052904845,Southeast
"Virginia Beach, VA",2021-09-01,327.0,311.0,8.0,8.0,0.0,16.0,6772.0,2032.0,1794278.0,3.774220048398297,1.132488945414256,Southeast
"Virginia Beach, VA",2021-10-01,501.0,373.0,0.0,0.0,128.0,128.0,6906.0,2146.0,1794278.0,3.8489018981451033,1.1960242504227327,Southeast
"Virginia Beach, VA",2021-11-01,610.0,300.0,0.0,12.0,298.0,310.0,6912.0,2255.0,1794278.0,3.852245861566602,1.2567729192466273,Southeast
"Virginia Beach, VA",2021-12-01,393.0,343.0,4.0,7.0,39.0,50.0,6869.0,2300.0,1794278.0,3.8282807903791944,1.2818526449078682,Southeast
"Virginia Beach, VA",2022-01-01,333.0,315.0,0.0,4.0,14.0,18.0,6533.0,1987.0,1794278.0,3.641018838775262,1.1074092197530148,Southeast
"Virginia Beach, VA",2022-02-01,561.0,378.0,0.0,0.0,183.0,183.0,6629.0,2170.0,1794278.0,3.694522253519243,1.209400104108728,Southeast
"Virginia Beach, VA",2022-03-01,770.0,392.0,6.0,0.0,372.0,378.0,6922.0,2534.0,1794278.0,3.8578191339357666,1.412267218346321,Southeast
"Virginia Beach, VA",2022-04-01,425.0,360.0,0.0,0.0,65.0,65.0,6722.0,2390.0,1794278.0,3.746353686552474,1.33201209623035,Southeast
"Virginia Beach, VA",2022-05-01,781.0,331.0,2.0,0.0,448.0,450.0,6991.0,2786.0,1794278.0,3.896274713283003,1.55271368204927,Southeast
"Virginia Beach, VA",2022-06-01,792.0,343.0,0.0,0.0,449.0,449.0,7088.0,2934.0,1794278.0,3.9503354552639,1.6351981131129067,Southeast
"Virginia Beach, VA",2022-07-01,575.0,291.0,0.0,4.0,280.0,284.0,6719.0,2604.0,1794278.0,3.7446817048417245,1.4512801249304734,Southeast
"Virginia Beach, VA",2022-08-01,360.0,321.0,0.0,0.0,39.0,39.0,6428.0,2370.0,1794278.0,3.5824994788990336,1.3208655514920207,Southeast
"Virginia Beach, VA",2022-09-01,460.0,242.0,0.0,3.0,215.0,218.0,6561.0,2572.0,1794278.0,3.656624001408923,1.4334456533491464,Southeast
"Virginia Beach, VA",2022-10-01,249.0,249.0,0.0,0.0,0.0,0.0,6309.0,2444.0,1794278.0,3.516177537705974,1.3621077670238393,Southeast
"Virginia Beach, VA",2022-11-01,273.0,265.0,8.0,0.0,0.0,8.0,5972.0,2142.0,1794278.0,3.3283582588651255,1.193794941475067,Southeast
"Virginia Beach, VA",2022-12-01,483.0,265.0,0.0,4.0,214.0,218.0,6062.0,2310.0,1794278.0,3.378517710187608,1.2874259172770328,Southeast
"Virginia Beach, VA",2023-01-01,478.0,279.0,6.0,0.0,193.0,199.0,6207.0,2491.0,1794278.0,3.459330159540495,1.388302147158913,Southeast
"Virginia Beach, VA",2023-02-01,559.0,264.0,0.0,0.0,295.0,295.0,6205.0,2603.0,1794278.0,3.458215505066662,1.450722797693557,Southeast
"Virginia Beach, VA",2023-03-01,544.0,344.0,2.0,0.0,198.0,200.0,5979.0,2425.0,1794278.0,3.332259549523541,1.3515185495224264,Southeast
"Virginia Beach, VA",2023-04-01,269.0,253.0,0.0,0.0,16.0,16.0,5823.0,2376.0,1794278.0,3.2453165005645728,1.3242095149135196,Southeast
"Virginia Beach, VA",2023-05-01,474.0,317.0,0.0,9.0,148.0,157.0,5516.0,2083.0,1794278.0,3.0742170388312178,1.1609126344969953,Southeast
"Virginia Beach, VA",2023-06-01,756.0,328.0,2.0,3.0,423.0,428.0,5480.0,2062.0,1794278.0,3.0541532583022253,1.1492087625217495,Southeast
"Virginia Beach, VA",2023-07-01,503.0,332.0,0.0,4.0,167.0,171.0,5408.0,1949.0,1794278.0,3.01402569724424,1.086230784750189,Southeast
"Virginia Beach, VA",2023-08-01,750.0,293.0,0.0,0.0,457.0,457.0,5798.0,2367.0,1794278.0,3.231383319641661,1.3191935697812713,Southeast
"Virginia Beach, VA",2023-09-01,272.0,244.0,2.0,0.0,26.0,28.0,5610.0,2177.0,1794278.0,3.1266057991013656,1.2133013947671432,Southeast
"Virginia Beach, VA",2023-10-01,314.0,304.0,4.0,0.0,6.0,10.0,5675.0,2187.0,1794278.0,3.162832069500936,1.2188746671363078,Southeast
"Virginia Beach, VA",2023-11-01,245.0,234.0,2.0,9.0,0.0,11.0,5647.0,2190.0,1794278.0,3.147226906867275,1.220546648847057,Southeast
"Virginia Beach, VA",2023-12-01,929.0,228.0,2.0,0.0,699.0,701.0,6093.0,2673.0,1794278.0,3.3957948545320176,1.4897357042777095,Southeast
"Virginia Beach, VA",2024-01-01,375.0,250.0,2.0,0.0,123.0,125.0,5990.0,2599.0,1794278.0,3.338390149129622,1.4484934887458911,Southeast
"Virginia Beach, VA",2024-02-01,646.0,332.0,0.0,0.0,314.0,314.0,6077.0,2618.0,1794278.0,3.3868776187413547,1.459082706247304,Southeast
"Virginia Beach, VA",2024-03-01,337.0,332.0,0.0,0.0,5.0,5.0,5870.0,2423.0,1794278.0,3.2715108806996467,1.3504038950485935,Southeast
"Virginia Beach, VA",2024-04-01,295.0,264.0,18.0,3.0,10.0,31.0,5896.0,2438.0,1794278.0,3.286001388859474,1.3587638036023404,Southeast
"Virginia Beach, VA",2024-05-01,425.0,370.0,0.0,0.0,55.0,55.0,5847.0,2336.0,1794278.0,3.258692354250568,1.3019164254368611,Southeast
"Virginia Beach, VA",2024-06-01,298.0,294.0,4.0,0.0,0.0,4.0,5389.0,1912.0,1794278.0,3.003436479742827,1.06560967698428,Southeast
"Virginia Beach, VA",2024-07-01,426.0,357.0,0.0,3.0,66.0,69.0,5312.0,1810.0,1794278.0,2.960522282500259,1.0087622988188008,Southeast
"Virginia Beach, VA",2024-08-01,321.0,314.0,4.0,3.0,0.0,7.0,4883.0,1360.0,1794278.0,2.7214288978630963,0.7579650422063917,Southeast
"Virginia Beach, VA",2024-09-01,331.0,311.0,4.0,3.0,13.0,20.0,4942.0,1352.0,1794278.0,2.754311204841167,0.75350642431106,Southeast
"Virginia Beach, VA",2024-10-01,321.0,283.0,0.0,0.0,38.0,38.0,4949.0,1380.0,1794278.0,2.7582124954995826,0.7691115869447209,Southeast
"Virginia Beach, VA",2024-11-01,716.0,252.0,0.0,6.0,458.0,464.0,5420.0,1833.0,1794278.0,3.020713624087237,1.0215808252678795,Southeast
"Virginia Beach, VA",2024-12-01,465.0,272.0,4.0,16.0,173.0,193.0,4956.0,1325.0,1794278.0,2.7621137861579976,0.7384585889143154,Southeast
"Virginia Beach, VA",2025-01-01,516.0,308.0,0.0,0.0,208.0,208.0,5097.0,1408.0,1794278.0,2.840696926563219,0.784716749578382,Southeast
"Virginia Beach, VA",2025-02-01,237.0,230.0,0.0,0.0,7.0,7.0,4688.0,1101.0,1794278.0,2.6127500866643856,0.6136172878450273,Southeast
"Virginia Beach, VA",2025-03-01,305.0,260.0,4.0,0.0,41.0,45.0,4656.0,1141.0,1794278.0,2.5949156150830586,0.6359103773216859,Southeast
"Virginia Beach, VA",2025-04-01,330.0,274.0,8.0,10.0,38.0,56.0,4691.0,1166.0,1794278.0,2.6144220683751347,0.6498435582445976,Southeast
"Virginia Beach, VA",2025-05-01,287.0,287.0,0.0,0.0,0.0,0.0,4553.0,1111.0,1794278.0,2.5375109096806625,0.619190560214192,Southeast
"Virginia Beach, VA",2025-06-01,293.0,247.0,46.0,0.0,0.0,46.0,4548.0,1153.0,1794278.0,2.53472427349608,0.6425983041646836,Southeast
"Virginia Beach, VA",2025-07-01,528.0,345.0,0.0,0.0,183.0,183.0,4650.0,1267.0,1794278.0,2.59157165166156,0.7061336091731605,Southeast
"Virginia Beach, VA",2025-08-01,279.0,270.0,0.0,0.0,9.0,9.0,4608.0,1269.0,1794278.0,2.5681639077110683,0.7072482636469934,Southeast
"Virginia Beach, VA",2025-09-01,362.0,282.0,0.0,0.0,80.0,80.0,4639.0,1329.0,1794278.0,2.5854410520554785,0.7406878978619812,Southeast
"Virginia Beach, VA",2025-10-01,258.0,226.0,0.0,0.0,32.0,32.0,4576.0,1323.0,1794278.0,2.5503294361297413,0.7373439344404824,Southeast
"Virginia Beach, VA",2025-11-01,311.0,311.0,0.0,0.0,0.0,0.0,4171.0,859.0,1794278.0,2.324611905178573,0.478744096511243,Southeast
"Virginia Beach, VA",2025-12-01,296.0,270.0,2.0,0.0,24.0,26.0,4002.0,692.0,1794278.0,2.2304236021396906,0.3856704479461934,Southeast
"Virginia Beach, VA",2026-01-01,296.0,242.0,2.0,0.0,52.0,54.0,3782.0,538.0,1794278.0,2.1078116100180684,0.29984205346105786,Southeast
"Virginia Beach, VA",2026-02-01,339.0,339.0,0.0,0.0,0.0,0.0,3884.0,531.0,1794278.0,2.164658988183548,0.29594076280264264,Southeast
"Virginia Beach, VA",2026-03-01,827.0,402.0,2.0,0.0,423.0,425.0,4406.0,911.0,1794278.0,2.4555838058539425,0.5077251128308992,Southeast
"Virginia Beach, VA",2026-04-01,308.0,308.0,0.0,0.0,0.0,0.0,4384.0,855.0,1794278.0,2.44332260664178,0.4765147875635771,Southeast
"Virginia Beach, VA",2026-05-01,1291.0,271.0,2.0,0.0,1018.0,1020.0,5388.0,1875.0,1794278.0,3.0028791525059106,1.0449885692183707,Southeast
"Washington, DC",2020-07-01,1714.0,1130.0,2.0,11.0,571.0,584.0,1714.0,584.0,6436489.0,0.2662942483083557,0.0907326960397198,Northeast
"Washington, DC",2020-08-01,1568.0,1024.0,22.0,23.0,499.0,544.0,3282.0,1128.0,6436489.0,0.5099053226067815,0.17525082385754098,Northeast
"Washington, DC",2020-09-01,2246.0,1227.0,4.0,27.0,988.0,1019.0,5528.0,2147.0,6436489.0,0.8588533282663887,0.3335669493104082,Northeast
"Washington, DC",2020-10-01,2391.0,1230.0,2.0,7.0,1152.0,1161.0,7919.0,3308.0,6436489.0,1.2303291437303785,0.5139447919510155,Northeast
"Washington, DC",2020-11-01,1813.0,1058.0,0.0,12.0,743.0,755.0,9732.0,4063.0,6436489.0,1.5120044483879334,0.631244767139352,Northeast
"Washington, DC",2020-12-01,2832.0,1102.0,16.0,3.0,1711.0,1730.0,12564.0,5793.0,6436489.0,1.9519958784983553,0.900024842736467,Northeast
"Washington, DC",2021-01-01,2483.0,1335.0,14.0,8.0,1126.0,1148.0,15047.0,6941.0,6436489.0,2.337765200872712,1.0783829507049574,Northeast
"Washington, DC",2021-02-01,3480.0,1108.0,0.0,8.0,2364.0,2372.0,18527.0,9313.0,6436489.0,2.8784326361778914,1.4469068462635453,Northeast
"Washington, DC",2021-03-01,3113.0,1419.0,2.0,3.0,1689.0,1694.0,21640.0,11007.0,6436489.0,3.362081408047151,1.7100938104609515,Northeast
"Washington, DC",2021-04-01,2304.0,1168.0,6.0,31.0,1099.0,1136.0,23944.0,12143.0,6436489.0,3.7200405376285115,1.8865875479628722,Northeast
"Washington, DC",2021-05-01,1759.0,1123.0,14.0,14.0,608.0,636.0,25703.0,12779.0,6436489.0,3.9933261751865037,1.9853991826910602,Northeast
"Washington, DC",2021-06-01,2078.0,1229.0,6.0,3.0,840.0,849.0,27781.0,13628.0,6436489.0,4.316172994314137,2.1173033932008583,Northeast
"Washington, DC",2021-07-01,1550.0,1000.0,6.0,4.0,540.0,550.0,27617.0,13594.0,6436489.0,4.290693264604352,2.1120210102122448,Northeast
"Washington, DC",2021-08-01,1651.0,994.0,0.0,4.0,653.0,657.0,27700.0,13707.0,6436489.0,4.303588493664792,2.1295771654391085,Northeast
"Washington, DC",2021-09-01,2341.0,1041.0,2.0,0.0,1298.0,1300.0,27795.0,13988.0,6436489.0,4.3183480931918,2.173234507197946,Northeast
"Washington, DC",2021-10-01,1707.0,906.0,2.0,0.0,799.0,801.0,27111.0,13628.0,6436489.0,4.2120789765973345,2.1173033932008583,Northeast
"Washington, DC",2021-11-01,2001.0,891.0,0.0,0.0,1110.0,1110.0,27299.0,13983.0,6436489.0,4.241287447240258,2.1724576861702087,Northeast
"Washington, DC",2021-12-01,2372.0,951.0,2.0,4.0,1415.0,1421.0,26839.0,13674.0,6436489.0,4.169819912688424,2.124450146656042,Northeast
"Washington, DC",2022-01-01,2378.0,976.0,6.0,0.0,1396.0,1402.0,26734.0,13928.0,6436489.0,4.153506671105941,2.163912654865098,Northeast
"Washington, DC",2022-02-01,1935.0,1183.0,2.0,0.0,750.0,752.0,25189.0,12308.0,6436489.0,3.913468973535106,1.912222641878204,Northeast
"Washington, DC",2022-03-01,3735.0,1495.0,16.0,3.0,2221.0,2240.0,25811.0,12854.0,6436489.0,4.010105509385629,1.9970514981071203,Northeast
"Washington, DC",2022-04-01,1842.0,1088.0,6.0,4.0,744.0,754.0,25349.0,12472.0,6436489.0,3.9383272464227,1.9377023715879884,Northeast
"Washington, DC",2022-05-01,2985.0,1118.0,6.0,0.0,1861.0,1867.0,26575.0,13703.0,6436489.0,4.1288037624238925,2.1289557086169184,Northeast
"Washington, DC",2022-06-01,2730.0,1114.0,10.0,0.0,1606.0,1616.0,27227.0,14470.0,6436489.0,4.2301012244408405,2.248120054271824,Northeast
"Washington, DC",2022-07-01,2609.0,769.0,8.0,0.0,1832.0,1840.0,28286.0,15760.0,6436489.0,4.394631918115606,2.4485398794280546,Northeast
"Washington, DC",2022-08-01,3375.0,846.0,8.0,27.0,2494.0,2529.0,30010.0,17632.0,6436489.0,4.6624798084794365,2.7393816722129096,Northeast
"Washington, DC",2022-09-01,3631.0,837.0,6.0,0.0,2788.0,2794.0,31300.0,19126.0,6436489.0,4.862899633635667,2.9714957953008234,Northeast
"Washington, DC",2022-10-01,2129.0,773.0,6.0,0.0,1350.0,1356.0,31722.0,19681.0,6436489.0,4.928463328376697,3.0577229293796666,Northeast
"Washington, DC",2022-11-01,1852.0,753.0,2.0,0.0,1097.0,1099.0,31573.0,19670.0,6436489.0,4.905314061750125,3.0560139231186443,Northeast
"Washington, DC",2022-12-01,2793.0,600.0,4.0,0.0,2189.0,2193.0,31994.0,20442.0,6436489.0,4.970722392285608,3.175955089801288,Northeast
"Washington, DC",2023-01-01,2098.0,668.0,16.0,33.0,1381.0,1430.0,31714.0,20470.0,6436489.0,4.927220414732317,3.1803052875566165,Northeast
"Washington, DC",2023-02-01,1654.0,871.0,8.0,8.0,767.0,783.0,31433.0,20501.0,6436489.0,4.88356307297348,3.185121577928588,Northeast
"Washington, DC",2023-03-01,1606.0,1002.0,6.0,0.0,598.0,604.0,29304.0,18865.0,6436489.0,4.552792679362926,2.9309457376529346,Northeast
"Washington, DC",2023-04-01,2332.0,996.0,6.0,3.0,1327.0,1336.0,29794.0,19447.0,6436489.0,4.628921140081184,3.0213677052815595,Northeast
"Washington, DC",2023-05-01,1528.0,1203.0,4.0,0.0,321.0,325.0,28337.0,17905.0,6436489.0,4.402555492598527,2.781796100327368,Northeast
"Washington, DC",2023-06-01,2081.0,1001.0,0.0,0.0,1080.0,1080.0,27688.0,17369.0,6436489.0,4.301724123198222,2.6985208861539265,Northeast
"Washington, DC",2023-07-01,1924.0,702.0,10.0,4.0,1208.0,1222.0,27003.0,16751.0,6436489.0,4.195299642398208,2.602505807125593,Northeast
"Washington, DC",2023-08-01,2249.0,927.0,10.0,0.0,1312.0,1322.0,25877.0,15544.0,6436489.0,4.020359546951762,2.414981211029802,Northeast
"Washington, DC",2023-09-01,1475.0,781.0,8.0,11.0,675.0,694.0,23721.0,13444.0,6436489.0,3.6853943197914267,2.088716379380125,Northeast
"Washington, DC",2023-10-01,1848.0,754.0,20.0,20.0,1054.0,1094.0,23440.0,13182.0,6436489.0,3.641736978032589,2.0480109575266887,Northeast
"Washington, DC",2023-11-01,1505.0,679.0,0.0,0.0,826.0,826.0,23093.0,12909.0,6436489.0,3.5878255987076186,2.0055965294122307,Northeast
"Washington, DC",2023-12-01,1775.0,672.0,4.0,12.0,1087.0,1103.0,22075.0,11819.0,6436489.0,3.4296648374602987,1.8362495453654935,Northeast
"Washington, DC",2024-01-01,1713.0,931.0,2.0,0.0,780.0,782.0,21690.0,11171.0,6436489.0,3.3698496183245243,1.735573540170736,Northeast
"Washington, DC",2024-02-01,2102.0,1106.0,8.0,0.0,988.0,996.0,22138.0,11384.0,6436489.0,3.4394527824097887,1.7686661159523462,Northeast
"Washington, DC",2024-03-01,1858.0,1160.0,2.0,3.0,693.0,698.0,22390.0,11478.0,6436489.0,3.47860456220775,1.7832703512738077,Northeast
"Washington, DC",2024-04-01,2543.0,1175.0,4.0,3.0,1361.0,1368.0,22601.0,11510.0,6436489.0,3.5113864095782654,1.7882420058513269,Northeast
"Washington, DC",2024-05-01,2232.0,1003.0,12.0,7.0,1210.0,1229.0,23305.0,12414.0,6436489.0,3.620762810283681,1.9286912476662355,Northeast
"Washington, DC",2024-06-01,1289.0,942.0,6.0,4.0,337.0,347.0,22513.0,11681.0,6436489.0,3.4977143594900886,1.8148092849999433,Northeast
"Washington, DC",2024-07-01,1983.0,1014.0,12.0,0.0,957.0,969.0,22572.0,11428.0,6436489.0,3.506880847617389,1.7755021409964347,Northeast
"Washington, DC",2024-08-01,2137.0,902.0,4.0,4.0,1227.0,1235.0,22460.0,11341.0,6436489.0,3.489480056596073,1.7619854551138052,Northeast
"Washington, DC",2024-09-01,900.0,688.0,8.0,3.0,201.0,212.0,21885.0,10859.0,6436489.0,3.4001456384062805,1.6870999080399267,Northeast
"Washington, DC",2024-10-01,1801.0,891.0,0.0,0.0,910.0,910.0,21838.0,10675.0,6436489.0,3.3928435207455494,1.6585128942191931,Northeast
"Washington, DC",2024-11-01,1124.0,817.0,0.0,0.0,307.0,307.0,21457.0,10156.0,6436489.0,3.333649758431965,1.5778788715400587,Northeast
"Washington, DC",2024-12-01,1506.0,752.0,26.0,0.0,728.0,754.0,21188.0,9807.0,6436489.0,3.2918567871396966,1.523656763803993,Northeast
"Washington, DC",2025-01-01,2180.0,1127.0,12.0,0.0,1041.0,1053.0,21655.0,10078.0,6436489.0,3.364411871130363,1.5657604635073563,Northeast
"Washington, DC",2025-02-01,1279.0,944.0,0.0,0.0,335.0,335.0,20832.0,9417.0,6436489.0,3.236547129964799,1.4630647236404815,Northeast
"Washington, DC",2025-03-01,1103.0,928.0,8.0,8.0,159.0,175.0,20077.0,8894.0,6436489.0,3.119247154776463,1.3818092441391572,Northeast
"Washington, DC",2025-04-01,1434.0,860.0,16.0,0.0,558.0,574.0,18968.0,8100.0,6436489.0,2.9469482508243234,1.2584500649344696,Northeast
"Washington, DC",2025-05-01,1540.0,968.0,0.0,0.0,572.0,572.0,18276.0,7443.0,6436489.0,2.8394362205854775,1.156375781889785,Northeast
"Washington, DC",2025-06-01,1677.0,1081.0,18.0,0.0,578.0,596.0,18664.0,7692.0,6436489.0,2.899717532337894,1.1950614690711039,Northeast
"Washington, DC",2025-07-01,1653.0,983.0,0.0,0.0,670.0,670.0,18334.0,7393.0,6436489.0,2.8484473445072305,1.1486075716124118,Northeast
"Washington, DC",2025-08-01,2210.0,766.0,2.0,0.0,1442.0,1444.0,18407.0,7602.0,6436489.0,2.8597889315121954,1.181078690571832,Northeast
"Washington, DC",2025-09-01,993.0,722.0,8.0,0.0,263.0,271.0,18500.0,7661.0,6436489.0,2.8742378026281097,1.1902451786991324,Northeast
"Washington, DC",2025-10-01,1064.0,600.0,2.0,0.0,462.0,464.0,17763.0,7215.0,6436489.0,2.759734383139628,1.1209527430249628,Northeast
"Washington, DC",2025-11-01,1269.0,510.0,20.0,0.0,739.0,759.0,17908.0,7667.0,6436489.0,2.7822621929440103,1.1911773639324172,Northeast
"Washington, DC",2025-12-01,1037.0,754.0,0.0,0.0,283.0,283.0,17439.0,7196.0,6436489.0,2.7093963805422487,1.118000823119561,Northeast
"Washington, DC",2026-01-01,2313.0,670.0,8.0,4.0,1631.0,1643.0,17572.0,7786.0,6436489.0,2.730059819880062,1.2096657043925656,Northeast
"Washington, DC",2026-02-01,2520.0,795.0,14.0,4.0,1707.0,1725.0,18813.0,9176.0,6436489.0,2.922866798964466,1.4256219501035425,Northeast
"Washington, DC",2026-03-01,1406.0,854.0,12.0,0.0,540.0,552.0,19116.0,9553.0,6436489.0,2.9699421532453485,1.484194255594937,Northeast
"Washington, DC",2026-04-01,2131.0,949.0,24.0,0.0,1158.0,1182.0,19813.0,10161.0,6436489.0,3.078231004511932,1.578655692567796,Northeast
"Washington, DC",2026-05-01,1994.0,957.0,34.0,0.0,1003.0,1037.0,20267.0,10626.0,6436489.0,3.148766353830481,1.6509000481473672,Northeast
