region_name,fips,most_recent_date,most_recent_value,one_year_date,one_year_value,one_year_change
"Los Angeles County, CA",6037,2025-11-30,2809.350346963718,2024-11-30,2749.3624863888044,2.1818825590257345
"Cook County, IL",17031,2025-11-30,2113.4076163972463,2024-11-30,1994.5665999358368,5.958237567260601
"Harris County, TX",48201,2025-11-30,1583.6355196389045,2024-11-30,1585.160156973796,-0.09618191122101226
"Maricopa County, AZ",4013,2025-11-30,1736.1394456107437,2024-11-30,1748.3662116420037,-0.699325230025869
"San Diego County, CA",6073,2025-11-30,2932.8137186776544,2024-11-30,2896.972312976254,1.2372022176690354
"Orange County, CA",6059,2025-11-30,3154.0251408181007,2024-11-30,3068.6549666284213,2.782006289989548
"Kings County, NY",36047,2025-11-30,3515.7204956709515,2024-11-30,3356.6822003494053,4.737961052881072
"Miami-Dade County, FL",12086,2025-11-30,2797.622432130444,2024-11-30,2797.108153478699,0.018386083895444664
"Dallas County, TX",48113,2025-11-30,1635.4234716063747,2024-11-30,1631.3278560392116,0.2510602361138543
"Riverside County, CA",6065,2025-11-30,2553.5832436669552,2024-11-30,2509.671529803902,1.7496996456139526
"Queens County, NY",36081,2025-11-30,3002.3619608350928,2024-11-30,2858.8983243867297,5.018144060059845
"King County, WA",53033,2025-11-30,2267.3770671432244,2024-11-30,2217.102354667341,2.2675864454362005
"Clark County, NV",32003,2025-11-30,1738.8209299673626,2024-11-30,1728.668302091299,0.5873091942382046
"San Bernardino County, CA",6071,2025-11-30,2439.749320686977,2024-11-30,2394.2908019649676,1.8986214491866344
"Tarrant County, TX",48439,2025-11-30,1616.413856191434,2024-11-30,1600.2380983076991,1.0108344440018764
"Bexar County, TX",48029,2025-11-30,1362.1004677564176,2024-11-30,1370.970619363919,-0.6469979357848541
"Santa Clara County, CA",6085,2025-11-30,3419.2825486311144,2024-11-30,3281.668052549745,4.193431324489009
"Broward County, FL",12011,2025-11-30,2466.4168682706586,2024-11-30,2439.117816640218,1.119218245391855
"Wayne County, MI",26163,2025-11-30,1375.2235642253738,2024-11-30,1332.7243042033151,3.188901101902257
"Alameda County, CA",6001,2025-11-30,2718.4790920588575,2024-11-30,2635.516308025157,3.1478759505710023
"New York County, NY",36061,2025-11-30,4367.240365975521,2024-11-30,4069.2739218449137,7.322349142706917
"Middlesex County, MA",25017,2025-11-30,2890.304737115455,2024-11-30,2826.0674038023667,2.273029058919799
"Philadelphia County, PA",42101,2025-11-30,1703.5427601086187,2024-11-30,1656.5131852422396,2.8390703608858843
"Sacramento County, CA",6067,2025-11-30,2149.0657110464003,2024-11-30,2111.1358961106553,1.7966543511302686
"Suffolk County, NY",36103,2025-11-30,4053.115170536155,2024-11-30,3851.2535591575056,5.241452121444017
"Palm Beach County, FL",12099,2025-11-30,2621.1318498678697,2024-11-30,2590.3084215638237,1.1899520554172964
"Bronx County, NY",36005,2025-11-30,2766.623320458529,2024-11-30,2653.6272683807747,4.25817346031057
"Hillsborough County, FL",12057,2025-11-30,2008.837237585795,2024-11-30,2004.3913639434609,0.22180666522067347
"Orange County, FL",12095,2025-11-30,1945.826097268256,2024-11-30,1945.7982075524735,0.0014333303255326998
"Nassau County, NY",36059,2025-11-30,3521.2760049937574,2024-11-30,3346.9432637546665,5.2087151618913605
"Franklin County, OH",39049,2025-11-30,1477.9155646851889,2024-11-30,1437.3225175780726,2.824212840936817
"Oakland County, MI",26125,2025-11-30,1717.1726451110046,2024-11-30,1688.2094647714146,1.7156153275986816
"Hennepin County, MN",27053,2025-11-30,1742.7395474077582,2024-11-30,1669.2077194291742,4.405193381428287
"Travis County, TX",48453,2025-11-30,1595.2166694195014,2024-11-30,1640.5207241972096,-2.7615655266944446
"Cuyahoga County, OH",39035,2025-11-30,1378.8341912307712,2024-11-30,1314.6563412231883,4.881720644033125
"Allegheny County, PA",42003,2025-11-30,1529.9662298496155,2024-11-30,1468.8616792495366,4.15999351493043
"Salt Lake County, UT",49035,2025-11-30,1606.761202510379,2024-11-30,1594.6750818158237,0.7579049069226773
"Contra Costa County, CA",6013,2025-11-30,2789.8636338566084,2024-11-30,2748.0104644575013,1.523035299189431
"Fairfax County, VA",51059,2025-11-30,2440.730518495175,2024-11-30,2414.838568751084,1.0722020957898653
"Wake County, NC",37183,2025-11-30,1667.863291651062,2024-11-30,1660.876905322367,0.42064443826671283
"Mecklenburg County, NC",37119,2025-11-30,1737.3012192661645,2024-11-30,1723.115038867169,0.8232869007006013
"Montgomery County, MD",24031,2025-11-30,2290.4092030615725,2024-11-30,2269.8149825072446,0.9073083362759126
"Fulton County, GA",13121,2025-11-30,1887.7121190221592,2024-11-30,1812.9814917668623,4.121974084934937
"Collin County, TX",48085,2025-11-30,1731.5369914545524,2024-11-30,1743.0928176800155,-0.6629495634571775
"Pima County, AZ",4019,2025-11-30,1509.940817605143,2024-11-30,1521.004262381892,-0.727377631369929
"Honolulu County, HI",15003,2025-11-30,2790.88003268958,2024-11-30,2662.069477661063,4.838737535193551
"Fresno County, CA",6019,2025-11-30,2033.69994863149,2024-11-30,1984.422742995552,2.48320101197553
"Saint Louis County, MO",29189,2025-11-30,1454.8911150512213,2024-11-30,1407.9190804770176,3.3362737408380796
"Westchester County, NY",36119,2025-11-30,3016.381749050331,2024-11-30,2900.4441056687747,3.997237635262891
"Duval County, FL",12031,2025-11-30,1582.3925552266355,2024-11-30,1576.0608711088428,0.40174108969141975
"Marion County, IN",18097,2025-11-30,1367.216979325186,2024-11-30,1313.5131603194734,4.088563451671145
"Pinellas County, FL",12103,2025-11-30,2031.7509178370055,2024-11-30,2044.550035249998,-0.6260114544678999
"Prince Georges County, MD",24033,2025-11-30,1985.3361230290584,2024-11-30,1971.364557363512,0.7087256191838974
"Fairfield County, CT",9001,2025-11-30,2775.020532469263,2024-11-30,2666.511394659406,4.069329612736071
"Bergen County, NJ",34003,2025-11-30,2773.6276402452872,2024-11-30,2693.1671941102527,2.9875770917971707
"Erie County, NY",36029,2025-11-30,1371.24799363498,2024-11-30,1341.9760589532923,2.1812561026251935
"Gwinnett County, GA",13135,2025-11-30,1848.4496266199135,2024-11-30,1845.210720998039,0.17553039254630903
"Milwaukee County, WI",55079,2025-11-30,1396.0312241353731,2024-11-30,1331.9063006919002,4.814522118422384
"DuPage County, IL",17043,2025-11-30,2039.8374582933404,2024-11-30,1971.472592332785,3.467705624031081
"Shelby County, TN",47157,2025-11-30,1363.6343336966504,2024-11-30,1341.631736735772,1.63998781173822
"Pierce County, WA",53053,2025-11-30,1956.845759448096,2024-11-30,1874.9822846563857,4.36609324054029
"Kern County, CA",6029,2025-11-30,1781.9767414789428,2024-11-30,1730.6191589020648,2.9675843071944366
"Hartford County, CT",9003,2025-11-30,1832.1092704304465,2024-11-30,1761.6973333106646,3.9968237329087892
"Denton County, TX",48121,2025-11-30,1679.7041221793006,2024-11-30,1697.1206588738644,-1.0262403326184617
"Macomb County, MI",26099,2025-11-30,1388.243846153846,2024-11-30,1357.2990155701789,2.279883078723653
"San Francisco County, CA",6075,2025-11-30,3679.6589215485687,2024-11-30,3294.0521632318123,11.70615215572165
"Hidalgo County, TX",48215,2025-11-30,1124.0211528697766,2024-11-30,1113.6102038508443,0.934882689017348
"New Haven County, CT",9009,2025-11-30,1938.218401213541,2024-11-30,1853.8252571906355,4.552378585606198
"El Paso County, TX",48141,2025-11-30,1503.810600935342,2024-11-30,1470.044002431346,2.2969787603737504
"Middlesex County, NJ",34023,2025-11-30,2544.2239858906523,2024-11-30,2467.358530456031,3.115293318171095
"Worcester County, MA",25027,2025-11-30,2096.20921269899,2024-11-30,2011.1898281127096,4.2273177498149055
"Essex County, NJ",34013,2025-11-30,2305.0555151983867,2024-11-30,2218.00419847944,3.924758879114152
"Montgomery County, PA",42091,2025-11-30,2029.5151964733568,2024-11-30,1958.98770981997,3.600200567867182
"Baltimore County, MD",24005,2025-11-30,1728.82786953862,2024-11-30,1669.7365856424935,3.5389584443577897
"Ventura County, CA",6111,2025-11-30,2941.2523969808244,2024-11-30,2890.000527721832,1.773420757794599
"Hamilton County, OH",39061,2025-11-30,1516.4690317763468,2024-11-30,1492.8789080880906,1.5801766345850343
"Snohomish County, WA",53061,2025-11-30,2149.690156539368,2024-11-30,2109.107557680864,1.924159757083616
"Multnomah County, OR",41051,2025-11-30,1686.6467328952442,2024-11-30,1666.0315196197855,1.2373843491366487
"Fort Bend County, TX",48157,2025-11-30,1915.8386043899493,2024-11-30,1918.453926907744,-0.1363244892729985
"Essex County, MA",25009,2025-11-30,2577.5504201680674,2024-11-30,2508.029292583193,2.771942408745536
"Suffolk County, MA",25025,2025-11-30,3307.1336204409886,2024-11-30,3225.3506876191273,2.5356291685054386
"Oklahoma County, OK",40109,2025-11-30,1299.7351285360455,2024-11-30,1262.5528907086953,2.9450043717755983
"Jefferson County, KY",21111,2025-11-30,1349.9913023574418,2024-11-30,1326.451072516592,1.7746775835605053
"San Joaquin County, CA",6077,2025-11-30,2355.817746487763,2024-11-30,2288.0814009129467,2.9603992912048276
"Cobb County, GA",13067,2025-11-30,1758.4070579085535,2024-11-30,1747.9944512480672,0.5956887708111255
"San Mateo County, CA",6081,2025-11-30,3462.6302270207584,2024-11-30,3275.9430146248296,5.698731985339761
"Dekalb County, GA",13089,2025-11-30,1762.449655761596,2024-11-30,1721.9178907931073,2.3538732703346237
"Monroe County, NY",36055,2025-11-30,1499.4905192139445,2024-11-30,1425.220630647324,5.2111151754018366
"Lee County, FL",12071,2025-11-30,1855.79841613832,2024-11-30,1948.293334803271,-4.747484221840274
"El Paso County, CO",8041,2025-11-30,1707.2669392244943,2024-11-30,1726.2968716002338,-1.102355723908553
"Norfolk County, MA",25021,2025-11-30,2841.1672747279704,2024-11-30,2801.4218280400933,1.4187597986870648
"Lake County, IL",17097,2025-11-30,2083.259851621808,2024-11-30,1991.2343209201304,4.621531968128878
"Jackson County, MO",29095,2025-11-30,1381.851699317616,2024-11-30,1326.7533538129385,4.152870263815893
"Polk County, FL",12105,2025-11-30,1841.3184597507409,2024-11-30,1813.6540789555024,1.5253394302826806
"Hudson County, NJ",34017,2025-11-30,2911.897375561862,2024-11-30,2830.292745118761,2.88325759177526
"Davidson County, TN",47037,2025-11-30,1779.5014466347147,2024-11-30,1771.6922790401263,0.440774489282038
"Denver County, CO",8031,2025-11-30,1858.5952649406104,2024-11-30,1898.25680610294,-2.0893664668983005
"Will County, IL",17197,2025-11-30,2121.3700000000003,2024-11-30,2025.6526250112051,4.7252610742311125
"District of Columbia, DC",11001,2025-11-30,2420.8770402085115,2024-11-30,2426.7162697523486,-0.24062267256455858
"Bernalillo County, NM",35001,2025-11-30,1477.8612698106515,2024-11-30,1448.668457029669,2.0151479546147493
"Jefferson County, AL",1073,2025-11-30,1291.7629114282731,2024-11-30,1280.3197090389103,0.8937769456000012
"Tulsa County, OK",40143,2025-11-30,1379.4086894011675,2024-11-30,1346.598582473434,2.436517263182319
"Providence County, RI",44007,2025-11-30,2028.5891712038715,2024-11-30,1916.1211873134723,5.869565277762347
"Kent County, MI",26081,2025-11-30,1746.1583753003522,2024-11-30,1669.1845904823117,4.611460305645338
"Arapahoe County, CO",8005,2025-11-30,1789.2051170482202,2024-11-30,1836.9174198978085,-2.5974114205004692
"Utah County, UT",49049,2025-11-30,1797.848331447016,2024-11-30,1761.3118943465252,2.074387688958778
"Bucks County, PA",42017,2025-11-30,2245.706851851852,2024-11-30,2159.795444733389,3.9777566587593314
"Monmouth County, NJ",34025,2025-11-30,2833.006698087867,2024-11-30,2733.179368802603,3.6524250996742182
"Ocean County, NJ",34029,2025-11-30,2734.7123544973547,2024-11-30,2630.833503096196,3.948514844398353
"Montgomery County, TX",48339,2025-11-30,1695.5715161435255,2024-11-30,1690.8688662997988,0.27812031656941644
"Johnson County, KS",20091,2025-11-30,1669.3231970984923,2024-11-30,1606.4332586840203,3.9148802525410256
"Brevard County, FL",12009,2025-11-30,1921.20891332874,2024-11-30,1912.7899713069287,0.44013938530109414
"Washington County, OR",41067,2025-11-30,1892.6326686126924,2024-11-30,1912.7251395351132,-1.0504630543677687
"Baltimore City, MD",24510,2025-11-30,1736.9812337254198,2024-11-30,1681.9252697876288,3.273389426198624
"Williamson County, TX",48491,2025-11-30,1550.3101803129728,2024-11-30,1617.8099627645363,-4.172293656556482
"Anne Arundel County, MD",24003,2025-11-30,2274.277639542501,2024-11-30,2214.4588520518546,2.7012824119635477
"Jefferson County, CO",8059,2025-11-30,1904.3957476523155,2024-11-30,1917.651027182643,-0.6912248027630836
"Douglas County, NE",31055,2025-11-30,1383.0858171663724,2024-11-30,1330.797300982609,3.9291119801006262
"Bristol County, MA",25005,2025-11-30,2034.329731952971,2024-11-30,1944.357218738008,4.62736540116636
"Delaware County, PA",42045,2025-11-30,1695.5718576993524,2024-11-30,1638.9216002923868,3.4565568845306074
"Union County, NJ",34039,2025-11-30,2589.6819736842103,2024-11-30,2514.6525100240415,2.9836911207843797
"New Castle County, DE",10003,2025-11-30,1877.6952898952895,2024-11-30,1818.215525597601,3.2713263889955497
"Dane County, WI",55025,2025-11-30,1817.159656293952,2024-11-30,1759.4148238491357,3.282047625271552
"Pasco County, FL",12101,2025-11-30,2000.059099229854,2024-11-30,1976.8830337401089,1.1723539073476559
"Stanislaus County, CA",6099,2025-11-30,2069.777228163993,2024-11-30,2055.2813209015876,0.7053003944027808
"Lancaster County, PA",42071,2025-11-30,1454.8995099384183,2024-11-30,1401.155867488612,3.835664803383697
"Ramsey County, MN",27123,2025-11-30,1504.106415473574,2024-11-30,1455.2272336985875,3.358869367140407
"Volusia County, FL",12127,2025-11-30,1729.4771421894925,2024-11-30,1701.9518362574545,1.6172787822577521
"Summit County, OH",39153,2025-11-30,1233.8614979002873,2024-11-30,1192.0379206056523,3.508577753414525
"Guilford County, NC",37081,2025-11-30,1423.7543817597686,2024-11-30,1385.3807988494352,2.7698942371803374
"Montgomery County, OH",39113,2025-11-30,1243.5629679080928,2024-11-30,1198.8028070605894,3.733738408342007
"Chester County, PA",42029,2025-11-30,2144.3541916860145,2024-11-30,2058.873616153591,4.151812664058487
"Spokane County, WA",53063,2025-11-30,1509.5741218710043,2024-11-30,1473.2913505811275,2.4627017103959346
"Plymouth County, MA",25023,2025-11-30,2737.345707070707,2024-11-30,2630.51778349867,4.061098702398907
"Camden County, NJ",34007,2025-11-30,2046.8318962123003,2024-11-30,1983.266834592761,3.2050685520887905
"Passaic County, NJ",34031,2025-11-30,2281.6752252252254,2024-11-30,2224.166494558031,2.5856306534561884
"Sedgwick County, KS",20173,2025-11-30,1177.370936699547,2024-11-30,1129.547840341682,4.233826549869605
"Greenville County, SC",45045,2025-11-30,1598.1126028589442,2024-11-30,1566.2614859449268,2.0335759513873017
"Kane County, IL",17089,2025-11-30,2013.6666911014593,2024-11-30,1925.7689602938935,4.56429263426032
"Adams County, CO",8001,2025-11-30,1895.339278964204,2024-11-30,1933.8416316211085,-1.9909775457997907
"Morris County, NJ",34027,2025-11-30,2834.4607578128707,2024-11-30,2785.0477815332724,1.7742236455417153
"Clark County, WA",53011,2025-11-30,1897.8140299951624,2024-11-30,1860.2566477741932,2.018935519779317
"Lake County, IN",18089,2025-11-30,1424.6827936454445,2024-11-30,1353.0803276189054,5.2918119172231375
"Richmond County, NY",36085,2025-11-30,2407.899672399672,2024-11-30,2280.37727126951,5.592162434559304
"Sonoma County, CA",6097,2025-11-30,2611.9901265401268,2024-11-30,2590.2827438034205,0.8380313998012574
"Polk County, IA",19153,2025-11-30,1209.3085817309536,2024-11-30,1190.0583459891018,1.6175875583522126
"Ada County, ID",16001,2025-11-30,1842.621478390014,2024-11-30,1786.7153046468477,3.1289917088507
"Washoe County, NV",32031,2025-11-30,1929.1356986675464,2024-11-30,1838.2679922319385,4.943115303078343
"Prince William County, VA",51153,2025-11-30,2228.7365238680222,2024-11-30,2215.632861364143,0.5914184941187123
"Knox County, TN",47093,2025-11-30,1787.876965305226,2024-11-30,1782.8557507003982,0.28163885961357926
"Onondaga County, NY",36067,2025-11-30,1627.1180022733731,2024-11-30,1531.247243187607,6.260958804157022
"Tulare County, CA",6107,2025-11-30,1756.5869453782514,2024-11-30,1690.3073038744942,3.921159268011921
"Seminole County, FL",12117,2025-11-30,1858.5885956905377,2024-11-30,1816.0214402692757,2.3439786820440967
"Hampden County, MA",25013,2025-11-30,1836.3973886328724,2024-11-30,1753.979112285596,4.69893146218131
"Burlington County, NJ",34005,2025-11-30,2210.065268065268,2024-11-30,2145.102037713409,3.0284447643855175
"Virginia Beach City, VA",51810,2025-11-30,1998.565194748904,2024-11-30,1903.989211641973,4.967254148744367
"East Baton Rouge Parish, LA",22033,2025-11-30,1297.530587200148,2024-11-30,1290.1657237240577,0.5708463138232818
"York County, PA",42133,2025-11-30,1279.6352453102454,2024-11-30,1237.3229847714088,3.4196617261299562
"Solano County, CA",6095,2025-11-30,2417.649874883287,2024-11-30,2394.3242819154675,0.9742035840341067
"Santa Barbara County, CA",6083,2025-11-30,3276.281923436041,2024-11-30,3201.815814138554,2.3257461896671305
"Jefferson Parish, LA",22051,2025-11-30,1549.1505808944833,2024-11-30,1577.9424932422237,-1.8246490268844482
"Monterey County, CA",6053,2025-11-30,2768.687878787879,2024-11-30,2711.2553656232444,2.1182996590006735
"Dakota County, MN",27037,2025-11-30,1664.4515599343183,2024-11-30,1602.4700724391816,3.867871766290914
"Lucas County, OH",39095,2025-11-30,1104.8070625490966,2024-11-30,1051.9377537042378,5.025897079811767
"Sarasota County, FL",12115,2025-11-30,2168.083763320641,2024-11-30,2230.9970181559443,-2.8199614039513525
"Berks County, PA",42011,2025-11-30,1495.7152319902318,2024-11-30,1455.0343992151722,2.7958674239593453
"Pinal County, AZ",4021,2025-11-30,1846.793935920564,2024-11-30,1841.939896638277,0.2635286466809302
"Hillsborough County, NH",33011,2025-11-30,2057.143355274862,2024-11-30,1982.4213725387451,3.7692280647895746
"Cameron County, TX",48061,2025-11-30,1446.1684344142293,2024-11-30,1412.8576693981795,2.3576872417898147
"Clackamas County, OR",41005,2025-11-30,1943.9975193798448,2024-11-30,1939.2400214874792,0.24532795526344187
"Richland County, SC",45079,2025-11-30,1543.5760484595855,2024-11-30,1466.9639538309511,5.22249332906669
"Mobile County, AL",1097,2025-11-30,1258.2280154486036,2024-11-30,1208.0918298491863,4.150031012599112
"Loudoun County, VA",51107,2025-11-30,2668.7981044159696,2024-11-30,2580.7228695193635,3.412812585839927
"Genesee County, MI",26049,2025-11-30,1076.9407407407407,2024-11-30,1059.7832573665494,1.6189615428371522
"Waukesha County, WI",55133,2025-11-30,1594.32,2024-11-30,1517.2090891222708,5.082418200008212
"Charleston County, SC",45019,2025-11-30,2023.9751574396716,2024-11-30,1988.284375564212,1.795054184104409
"Saint Charles County, MO",29183,2025-11-30,1699.7909794812233,2024-11-30,1649.5185723616296,3.0477017938402646
"Placer County, CA",6061,2025-11-30,2593.193291367513,2024-11-30,2559.72446139573,1.307516901781443
"Orange County, NY",36071,2025-11-30,2241.555887781469,2024-11-30,2226.3591642283195,0.682581849205676
"Pulaski County, AR",5119,2025-11-30,1147.841219702958,2024-11-30,1119.1241988992897,2.566026258025046
"Manatee County, FL",12081,2025-11-30,2044.4552492429204,2024-11-30,2085.9794173962187,-1.9906317294889662
"Butler County, OH",39017,2025-11-30,1506.0817307692307,2024-11-30,1444.9573264958246,4.2301875046814885
"Mercer County, NJ",34021,2025-11-30,2513.984571805006,2024-11-30,2460.3064860361733,2.1817641856203887
"Orleans Parish, LA",22071,2025-11-30,1622.820369187257,2024-11-30,1625.7589040270948,-0.18074850044239918
"Madison County, AL",1089,2025-11-30,1378.6981877876522,2024-11-30,1360.4368178658867,1.342316650207394
"Allen County, IN",18003,2025-11-30,1162.5954966329966,2024-11-30,1136.9292483503953,2.2575062010095444
"Forsyth County, NC",37067,2025-11-30,1544.8860890928474,2024-11-30,1513.5100472542745,2.073064654938607
"Lane County, OR",41039,2025-11-30,1805.550894101442,2024-11-30,1741.698018719531,3.666127807210494
"Osceola County, FL",12097,2025-11-30,2039.9690179885683,2024-11-30,2046.9717741482727,-0.34210321061306237
"Lake County, FL",12069,2025-11-30,2015.7723924268505,2024-11-30,1997.6653356747345,0.9064109202255419
"Stark County, OH",39151,2025-11-30,1113.2767417767418,2024-11-30,1077.1620960217076,3.352758687705103
"Collier County, FL",12021,2025-11-30,2740.6337730362043,2024-11-30,2798.5177833698676,-2.0683810078906
"Washtenaw County, MI",26161,2025-11-30,2164.8223606094575,2024-11-30,2126.342255876777,1.8096853705620215
"Lehigh County, PA",42077,2025-11-30,1777.6162975431137,2024-11-30,1733.4713125813598,2.546623335578385
"Marion County, FL",12083,2025-11-30,1619.2769117385849,2024-11-30,1590.2914658220684,1.8226499066026902
"Brazoria County, TX",48039,2025-11-30,1807.66730408528,2024-11-30,1761.7057524249703,2.608923289093199
"Bell County, TX",48027,2025-11-30,1313.5198230083208,2024-11-30,1308.1792839082016,0.40824213972906925
"Hamilton County, TN",47065,2025-11-30,1500.0520725834194,2024-11-30,1493.3374692540908,0.44963737049218333
"Anoka County, MN",27003,2025-11-30,1644.3775075987842,2024-11-30,1572.751315105056,4.554196954458995
"Chesterfield County, VA",51041,2025-11-30,1830.8845507433743,2024-11-30,1784.904945186751,2.576025444974746
"Davis County, UT",49011,2025-11-30,1811.4558691014747,2024-11-30,1782.6956620794356,1.6132987606247737
"Westmoreland County, PA",42129,2025-11-30,1015.9248737373736,2024-11-30,961.0890167929545,5.705596046389144
"Larimer County, CO",8069,2025-11-30,1880.605459119827,2024-11-30,1851.105966641318,1.5936144667089696
"Nueces County, TX",48355,2025-11-30,1427.8901409683915,2024-11-30,1415.6840326788354,0.8622056905211447
"Douglas County, CO",8035,2025-11-30,2179.2288037561243,2024-11-30,2187.92503822942,-0.39746491864881367
"Galveston County, TX",48167,2025-11-30,1566.8873641247883,2024-11-30,1546.078691830965,1.3458999469930173
"Horry County, SC",45051,2025-11-30,1708.8286540945492,2024-11-30,1706.4209727618313,0.14109539036085805
"Marion County, OR",41047,2025-11-30,1651.8471003786133,2024-11-30,1611.6711412234044,2.4928137091734257
"Somerset County, NJ",34035,2025-11-30,2649.5535259096305,2024-11-30,2524.0587737775436,4.971942548876133
"Hamilton County, IN",18057,2025-11-30,1832.411442529433,2024-11-30,1752.5155970961443,4.5589235020603125
"Rockland County, NY",36087,2025-11-30,2952.6981821068507,2024-11-30,2803.691585950164,5.314657179248501
"Rutherford County, TN",47149,2025-11-30,1703.5866137793023,2024-11-30,1695.7286495591818,0.4633975030240383
"Cumberland County, NC",37051,2025-11-30,1421.6552115283955,2024-11-30,1375.562986791821,3.3507898350822773
"Henrico County, VA",51087,2025-11-30,1722.03810835629,2024-11-30,1690.6836134348744,1.8545453846160076
"Howard County, MD",24027,2025-11-30,2234.9118722889557,2024-11-30,2249.069028513982,-0.6294673949772223
"Boulder County, CO",8013,2025-11-30,2465.0692807439677,2024-11-30,2470.114843101502,-0.2042642823521183
"Saint Lucie County, FL",12111,2025-11-30,2301.644718277859,2024-11-30,2256.76252723523,1.9887866136103383
"Luzerne County, PA",42079,2025-11-30,1290.5578225284107,2024-11-30,1248.1156643492045,3.400498799230799
"Spartanburg County, SC",45083,2025-11-30,1435.8572482801749,2024-11-30,1409.979436750189,1.835332548510825
"Weld County, CO",8123,2025-11-30,1694.6881976064797,2024-11-30,1699.188006364156,-0.2648211228435458
"Fayette County, KY",21067,2025-11-30,1612.5225526614156,2024-11-30,1525.0844375244512,5.7333294462630375
"Lancaster County, NE",31109,2025-11-30,1265.0234900649225,2024-11-30,1224.423194962372,3.3158711195272796
"Durham County, NC",37063,2025-11-30,1628.1035003211302,2024-11-30,1620.482197624835,0.47031079437132634
"Escambia County, FL",12033,2025-11-30,1595.8203205128204,2024-11-30,1565.1434604094852,1.9600030846571284
"Albany County, NY",36001,2025-11-30,1575.0973888775131,2024-11-30,1523.183453769619,3.408252300759698
"Rockingham County, NH",33015,2025-11-30,2362.4453259005145,2024-11-30,2291.806852658486,3.0822175594809837
"Lorain County, OH",39093,2025-11-30,1319.9069284802044,2024-11-30,1226.6981445587394,7.598347183853741
"Northampton County, PA",42095,2025-11-30,1749.0141275808571,2024-11-30,1692.2709400916565,3.3530793530099454
"McHenry County, IL",17111,2025-11-30,2113.5674999999997,2024-11-30,2028.7848626507368,4.178986097051656
"Lubbock County, TX",48303,2025-11-30,1307.6998953427526,2024-11-30,1297.81202560844,0.7618876647160737
"Saint Louis City, MO",29510,2025-11-30,1284.4822325086172,2024-11-30,1238.9138192105106,3.678093874773695
"Cumberland County, ME",23005,2025-11-30,2331.44245142528,2024-11-30,2255.7641536907736,3.3548851997973848
"Gloucester County, NJ",34015,2025-11-30,2562.8267399267397,2024-11-30,2481.41059110366,3.281043012993195
"Greene County, MO",29077,2025-11-30,1254.0878423036386,2024-11-30,1202.3282390592815,4.304947813989176
"Dutchess County, NY",36027,2025-11-30,2109.7932630906766,2024-11-30,2063.0481710857357,2.2658264920852553
"Chatham County, GA",13051,2025-11-30,1764.9506276442244,2024-11-30,1746.5004702970257,1.05640723612636
"Clayton County, GA",13063,2025-11-30,1699.2836758792691,2024-11-30,1615.8894058865496,5.160889705008348
"Ottawa County, MI",26139,2025-11-30,1710.9421497584542,2024-11-30,1646.1248988849702,3.9375657896547844
"Anchorage Borough, AK",2020,2025-11-30,1705.612883470285,2024-11-30,1623.9944700585013,5.025781486118207
"Cleveland County, OK",40027,2025-11-30,1385.5684692408122,2024-11-30,1343.196883186047,3.1545327855630747
"Lexington County, SC",45063,2025-11-30,1587.6133544749823,2024-11-30,1546.3478479646926,2.6685785196780576
"Leon County, FL",12073,2025-11-30,1460.1145983798924,2024-11-30,1422.4773938671667,2.6458912229462346
"Thurston County, WA",53067,2025-11-30,2054.1497930899864,2024-11-30,1971.4646988457844,4.194094588283061
"Ingham County, MI",26065,2025-11-30,1303.208936448856,2024-11-30,1233.413145889798,5.658751959280169
"Winnebago County, IL",17201,2025-11-30,1211.547151047151,2024-11-30,1127.015571128701,7.5004802137553455
"Dauphin County, PA",42043,2025-11-30,1341.0883775631407,2024-11-30,1290.633899828215,3.909278823502264
"San Luis Obispo County, CA",6079,2025-11-30,2825.9399256376614,2024-11-30,2743.417715216739,3.0080074923771827
"Benton County, AR",5007,2025-11-30,1548.2298996780064,2024-11-30,1502.3120566801051,3.0564783657113925
"Merced County, CA",6047,2025-11-30,1973.0071884384383,2024-11-30,1925.268363929475,2.4795932558476297
"York County, SC",45091,2025-11-30,1649.6565124933547,2024-11-30,1616.573705162168,2.0464768927976644
"Alachua County, FL",12001,2025-11-30,1687.7017790262173,2024-11-30,1631.492522380924,3.4452659680759217
"Atlantic County, NJ",34001,2025-11-30,2109.051184926185,2024-11-30,1967.2683307368336,7.207092798380348
"Kitsap County, WA",53035,2025-11-30,2034.7840146518993,2024-11-30,2001.504455285412,1.6627272189479938
"Santa Cruz County, CA",6087,2025-11-30,3408.86424845205,2024-11-30,3353.048394192878,1.6646301424053225
"Saint Joseph County, IN",18141,2025-11-30,1332.8646935879735,2024-11-30,1271.172604646499,4.853163820237503
"Erie County, PA",42049,2025-11-30,1046.5022522522522,2024-11-30,995.0298201566447,5.172953719869854
"New London County, CT",9011,2025-11-30,1804.4323942437288,2024-11-30,1762.6310521293526,2.3715310168783166
"Frederick County, MD",24021,2025-11-30,2101.161996926247,2024-11-30,2075.3606672700175,1.2432214825661678
"Brown County, WI",55009,2025-11-30,1091.8289690382082,2024-11-30,1030.5790654773955,5.943251285862278
"Buncombe County, NC",37021,2025-11-30,1786.4890922438092,2024-11-30,1820.741186969764,-1.8812171093333736
"Webb County, TX",48479,2025-11-30,1286.428571428571,2024-11-30,1287.2529976241935,-0.06404538945677586
"Madison County, IL",17119,2025-11-30,1095.1051587301588,2024-11-30,1037.5943473771897,5.542706694417117
"Saint Johns County, FL",12109,2025-11-30,2170.36654571606,2024-11-30,2142.929289650363,1.2803621751874825
"Washington County, MN",27163,2025-11-30,2015.339184060721,2024-11-30,1944.408838156238,3.647913160677759
"Saint Tammany Parish, LA",22103,2025-11-30,1559.7198951427224,2024-11-30,1543.2750583466827,1.0655804166016332
"Marin County, CA",6041,2025-11-30,3655.1503363808865,2024-11-30,3560.316081405681,2.6636470697220567
"Cherokee County, GA",13057,2025-11-30,2050.235281078633,2024-11-30,2043.5883108904384,0.32525974790383466
"Kalamazoo County, MI",26077,2025-11-30,1297.8723829712064,2024-11-30,1258.4348752029896,3.1338536896361404
"Weber County, UT",49057,2025-11-30,1442.0861337528004,2024-11-30,1438.3426947459473,0.2602605777140143
"Saint Clair County, IL",17163,2025-11-30,1219.6979551613697,2024-11-30,1156.7382634244118,5.442864105711505
"Harford County, MD",24025,2025-11-30,1767.3305555555555,2024-11-30,1729.245484106102,2.2024097676994026
"McLennan County, TX",48309,2025-11-30,1483.9724552928212,2024-11-30,1470.8610815470245,0.8914080269230086
"Cumberland County, PA",42041,2025-11-30,1454.1848217919644,2024-11-30,1390.1908562953113,4.603250352774526
"Jefferson County, TX",48245,2025-11-30,1265.377511318619,2024-11-30,1184.5903229838302,6.819841996623471
"Yakima County, WA",53077,2025-11-30,1304.8593167701863,2024-11-30,1273.7062821257969,2.4458570301149405
"Clay County, MO",29047,2025-11-30,1494.897510314412,2024-11-30,1410.3522138196463,5.994622879755151
"Chesapeake City, VA",51550,2025-11-30,2084.021001221002,2024-11-30,1963.077387956984,6.160919279391547
"Forsyth County, GA",13117,2025-11-30,2235.841095478595,2024-11-30,2189.7556656427064,2.1045923323304767
"Washington County, AR",5143,2025-11-30,1564.438975966562,2024-11-30,1500.3544183948534,4.271294621191523
"Williamson County, TN",47187,2025-11-30,2021.6607094216276,2024-11-30,1982.3878453678096,1.9810888240454974
"Lafayette Parish, LA",22055,2025-11-30,1370.58935184443,2024-11-30,1347.488146129872,1.7143902735550731
"Caddo Parish, LA",22017,2025-11-30,1045.3915598290598,2024-11-30,1001.6312497945823,4.368904229321116
"Warren County, OH",39165,2025-11-30,1934.705007059846,2024-11-30,1849.850105878155,4.587123081597402
"Norfolk City, VA",51710,2025-11-30,1631.910170880398,2024-11-30,1550.9736978579294,5.218429760237136
"Henry County, GA",13151,2025-11-30,1910.2365557148169,2024-11-30,1853.6095008022796,3.0549614084319217
"Union County, NC",37179,2025-11-30,2059.3947510822513,2024-11-30,2021.3248472579303,1.8834134392581952
"Arlington County, VA",51013,2025-11-30,2583.1006327790296,2024-11-30,2596.266245026954,-0.5070979246886799
"Saratoga County, NY",36091,2025-11-30,1754.8216674266605,2024-11-30,1680.274951472323,4.4365784236095855
"Hays County, TX",48209,2025-11-30,1591.2194427491268,2024-11-30,1606.3216218461102,-0.9401715628795987
"Sussex County, DE",10005,2025-11-30,2198.08918128655,2024-11-30,2130.511316780413,3.171908263236038
"Yavapai County, AZ",4025,2025-11-30,1838.987334887335,2024-11-30,1784.5366214105898,3.0512522311648946
"Lake County, OH",39085,2025-11-30,1359.5227272727273,2024-11-30,1308.0390859313204,3.935940591924332
"Oneida County, NY",36065,2025-11-30,1472.165991902834,2024-11-30,1413.23003279583,4.170301914006841
"Smith County, TX",48423,2025-11-30,1401.5314583745958,2024-11-30,1387.3056771401814,1.025425143775069
"Brazos County, TX",48041,2025-11-30,1965.7814289805267,2024-11-30,1880.8836914159908,4.51371543875858
"Hinds County, MS",28049,2025-11-30,1343.328678678679,2024-11-30,1256.9599819246014,6.871236793221818
"Montgomery County, AL",1101,2025-11-30,1309.0871523915462,2024-11-30,1269.917071324198,3.084459761337306
"Mahoning County, OH",39099,2025-11-30,1016.4639894419306,2024-11-30,971.7870047114128,4.597405039778786
"Linn County, IA",19113,2025-11-30,1071.8386363636364,2024-11-30,989.2729319194058,8.34609962328951
"Barnstable County, MA",25001,2025-11-30,2575.903594771242,2024-11-30,2518.6142435730053,2.274637783234467
"Canyon County, ID",16027,2025-11-30,1562.2779122948614,2024-11-30,1529.2145515472448,2.1621139240509697
"Baldwin County, AL",1003,2025-11-30,1783.4328578915845,2024-11-30,1725.9984524676274,3.327604688280234
"Gaston County, NC",37071,2025-11-30,1653.354773633591,2024-11-30,1633.958926636957,1.187046178483511
"Jefferson County, MO",29099,2025-11-30,1462.4814814814815,2024-11-30,1397.6166216866056,4.641105349519866
"Richmond City, VA",51760,2025-11-30,1578.3682627804765,2024-11-30,1515.562523082528,4.144054682099605
"New Hanover County, NC",37129,2025-11-30,1676.9517517203112,2024-11-30,1663.4133300969966,0.8138940201065488
"Whatcom County, WA",53073,2025-11-30,2017.8235213565297,2024-11-30,1973.403407119405,2.2509393708793204
"Tuscaloosa County, AL",1125,2025-11-30,1648.2814833250377,2024-11-30,1536.0476950996074,7.306660371516155
"Berkeley County, SC",45015,2025-11-30,1947.714527454218,2024-11-30,1930.358244811846,0.8991223618216896
"Jackson County, OR",41029,2025-11-30,1713.3076697204604,2024-11-30,1638.0373854720815,4.5951505695754316
"Cabarrus County, NC",37025,2025-11-30,1794.9782913165266,2024-11-30,1726.8074335658655,3.947797329658694
"Shelby County, AL",1117,2025-11-30,1667.030068027211,2024-11-30,1596.5171144945205,4.416673826576291
"Dona Ana County, NM",35013,2025-11-30,1459.160237160237,2024-11-30,1419.3365773539704,2.8057939492061053
"Butte County, CA",6007,2025-11-30,1615.6211843711844,2024-11-30,1571.975879481456,2.7764614876995117
"Yolo County, CA",6113,2025-11-30,2236.8564706898037,2024-11-30,2221.4183498532752,0.6949668367306031
"Clay County, FL",12019,2025-11-30,1824.7035026377132,2024-11-30,1800.1069010864398,1.3663967143522573
"Montgomery County, TN",47125,2025-11-30,1385.5870125602487,2024-11-30,1405.8014807181864,-1.4379319153662231
"Lackawanna County, PA",42069,2025-11-30,1313.1413127413127,2024-11-30,1283.171868342763,2.335575236484553
"Niagara County, NY",36063,2025-11-30,1076.9662037037035,2024-11-30,1028.1127920203087,4.751756039081537
"Calcasieu Parish, LA",22019,2025-11-30,1062.0882936507935,2024-11-30,997.4874894862814,6.47635231974511
"Mohave County, AZ",4015,2025-11-30,1573.42341994269,2024-11-30,1553.9840241701313,1.250939229117232
"Delaware County, OH",39041,2025-11-30,1549.032193732194,2024-11-30,1539.3847658608631,0.6267067263028118
"Johnston County, NC",37101,2025-11-30,1809.796031746032,2024-11-30,1786.8029782328367,1.2868264600686745
"York County, ME",23031,2025-11-30,2064.1877470355735,2024-11-30,1990.9007619612844,3.6810968419185444
"Okaloosa County, FL",12091,2025-11-30,1914.5747713709989,2024-11-30,1904.838417942583,0.5111380228739892
"Washington County, PA",42125,2025-11-30,1269.2725230951776,2024-11-30,1232.4383660030553,2.9887220414583355
"Clermont County, OH",39025,2025-11-30,1533.965918139831,2024-11-30,1470.688268716392,4.3025874870591965
"Harrison County, MS",28047,2025-11-30,1389.6654828910926,2024-11-30,1340.4781134891764,3.669389966680222
"Champaign County, IL",17019,2025-11-30,1394.5703116037846,2024-11-30,1319.637996670736,5.678247755982517
"Elkhart County, IN",18039,2025-11-30,1056.838034188034,2024-11-30,1012.0940453910932,4.420931928282499
"Richmond County, GA",13245,2025-11-30,1359.5700420730543,2024-11-30,1317.551627986674,3.189128470858318
"Benton County, WA",53005,2025-11-30,1745.3574660633485,2024-11-30,1684.701869103413,3.60037571467859
"Muscogee County, GA",13215,2025-11-30,1292.0035742035743,2024-11-30,1234.0348279908335,4.697496772203857
"Yuma County, AZ",4027,2025-11-30,1380.7320159590483,2024-11-30,1350.3973094109065,2.246354190484502
"Anderson County, SC",45007,2025-11-30,1350.234249084249,2024-11-30,1296.1671438862716,4.1713065674438585
"Trumbull County, OH",39155,2025-11-30,1068.9166666666667,2024-11-30,1014.1643358116175,5.398763190704383
"Hall County, GA",13139,2025-11-30,1711.4511321037637,2024-11-30,1696.2205292337296,0.8979140747055183
"Onslow County, NC",37133,2025-11-30,1483.4068119282074,2024-11-30,1425.1295619886378,4.089259776370723
"Hawaii County, HI",15001,2025-11-30,2618.246438746439,2024-11-30,2593.572656833139,0.951343385283361
"Saint Louis County, MN",27137,2025-11-30,1574.5737131434282,2024-11-30,1498.2749793958606,5.092438624205892
"Broome County, NY",36007,2025-11-30,1420.75011840485,2024-11-30,1320.4205894105862,7.5983008595048585
"Racine County, WI",55101,2025-11-30,1318.729411764706,2024-11-30,1252.7309449625316,5.268367247377952
"Sangamon County, IL",17167,2025-11-30,1129.3079365079366,2024-11-30,1074.2000975651692,5.130127903327998
"Deschutes County, OR",41017,2025-11-30,2251.749965556028,2024-11-30,2193.559057394285,2.652807908936257
"Minnehaha County, SD",46099,2025-11-30,1178.5845125786163,2024-11-30,1167.7441361927686,0.9283177752611957
"Livingston County, MI",26093,2025-11-30,2024.935185185185,2024-11-30,1930.3846773238463,4.898013798597753
"Sumner County, TN",47165,2025-11-30,1675.250105961067,2024-11-30,1662.2525127786027,0.7819265173338563
"Butler County, PA",42019,2025-11-30,1678.6823412698411,2024-11-30,1629.9397809891304,2.9904516012935893
"Hernando County, FL",12053,2025-11-30,1801.3977690851286,2024-11-30,1802.5441681781567,-0.06359894604894856
"El Dorado County, CA",6017,2025-11-30,2388.630380214101,2024-11-30,2293.3899875644565,4.152821507291407
"Saginaw County, MI",26145,2025-11-30,1058.5817145817146,2024-11-30,1031.97809284126,2.5779250475374993
"Outagamie County, WI",55087,2025-11-30,1259.0961718020542,2024-11-30,1191.669385156865,5.658178978585866
"Sarpy County, NE",31153,2025-11-30,1491.7201117416282,2024-11-30,1445.4349192226723,3.202163715807227
"Ellis County, TX",48139,2025-11-30,1830.029921162848,2024-11-30,1801.167231002413,1.6024436633999786
"Tippecanoe County, IN",18157,2025-11-30,1526.4048778382112,2024-11-30,1474.9751552446248,3.4868195854496764
"Beaufort County, SC",45013,2025-11-30,2120.090425531915,2024-11-30,2128.227881329084,-0.3823582929515567
"Litchfield County, CT",9005,2025-11-30,1808.5619047619048,2024-11-30,1712.6178118092982,5.602189367121332
"Charlotte County, FL",12015,2025-11-30,1903.0456103543183,2024-11-30,1942.162867249936,-2.014107959493989
"Santa Rosa County, FL",12113,2025-11-30,1979.625468050468,2024-11-30,1922.9441372830324,2.9476327298577605
"Iredell County, NC",37097,2025-11-30,1702.641798941799,2024-11-30,1659.2680011164778,2.614032078973142
"DeSoto County, MS",28033,2025-11-30,1734.518806444992,2024-11-30,1671.4092022512932,3.7758320409325057
"Newport News City, VA",51700,2025-11-30,1556.5477210884353,2024-11-30,1508.436050217941,3.1895068314989534
"Cass County, ND",38017,2025-11-30,1160.8588103681188,2024-11-30,1153.663755743868,0.6236699894946023
"Peoria County, IL",17143,2025-11-30,1168.2734250398723,2024-11-30,1110.4092351857057,5.2110688582745235
"Boone County, MO",29019,2025-11-30,1339.41427884285,2024-11-30,1247.3661446359636,7.3793997538509615
"Kanawha County, WV",54039,2025-11-30,1080.897514619883,2024-11-30,1004.9090869987508,7.561721612855372
"Shasta County, CA",6089,2025-11-30,1597.5890164796635,2024-11-30,1499.0752606423407,6.57163508889544
"Ulster County, NY",36111,2025-11-30,2119.381349206349,2024-11-30,2028.1327777056165,4.499141895628756
"Medina County, OH",39103,2025-11-30,1792.4619047619046,2024-11-30,1721.9302067459655,4.096083438203172
"Bay County, FL",12005,2025-11-30,1733.5168997830403,2024-11-30,1712.8342854889631,1.207508190914858
"Kent County, DE",10001,2025-11-30,1773.3203604674193,2024-11-30,1715.300860692924,3.382467828475133
"Imperial County, CA",6025,2025-11-30,1619.0,2024-11-30,1481.895470514861,9.251970345621219
"Vanderburgh County, IN",18163,2025-11-30,1017.6147727272728,2024-11-30,969.5617676598666,4.9561571702014255
"Shawnee County, KS",20177,2025-11-30,1136.9708485958486,2024-11-30,1073.255397496355,5.936653218621238
"Licking County, OH",39089,2025-11-30,1629.618269230769,2024-11-30,1584.8803791866571,2.8227928512226863
"Johnson County, TX",48251,2025-11-30,1577.7179271527464,2024-11-30,1563.403931768887,0.9155660346628357
"Washington County, UT",49053,2025-11-30,1890.4232229123536,2024-11-30,1851.955240388676,2.077155089104865
"Muskegon County, MI",26121,2025-11-30,1225.3942938153466,2024-11-30,1176.7967249092248,4.1296485516536805
"Scott County, IA",19163,2025-11-30,1060.0730429636803,2024-11-30,1040.3910635953175,1.8917866614835273
"Porter County, IN",18127,2025-11-30,1468.6014957264958,2024-11-30,1391.6272194965616,5.531242501693858
"Lee County, AL",1081,2025-11-30,1608.898494623656,2024-11-30,1490.4289559027748,7.948687406513952
"Carroll County, MD",24013,2025-11-30,1766.995337995338,2024-11-30,1728.100097021966,2.250751622570959
"Hendricks County, IN",18063,2025-11-30,1739.7784632034634,2024-11-30,1685.285648518952,3.2334467888218392
"McLean County, IL",17113,2025-11-30,1359.9290909090907,2024-11-30,1314.6394119978424,3.4450267121097564
"Winnebago County, WI",55139,2025-11-30,1113.157738095238,2024-11-30,1062.1595875188402,4.801364237131952
"Pitt County, NC",37147,2025-11-30,1490.8238707880812,2024-11-30,1448.3506391564513,2.9325241059283256
"Guadalupe County, TX",48187,2025-11-30,1713.0576835385318,2024-11-30,1705.303347587051,0.45471886057416466
"Kent County, RI",44003,2025-11-30,2180.5702614379084,2024-11-30,2048.4464123267626,6.449953892670819
"Alamance County, NC",37001,2025-11-30,1453.283950617284,2024-11-30,1431.8129972371091,1.4995640786615467
"Kenosha County, WI",55059,2025-11-30,1624.611519607843,2024-11-30,1521.983645221008,6.7430339812838485
"Wyandotte County, KS",20209,2025-11-30,1228.9238095238095,2024-11-30,1169.9916444112168,5.036973160799752
"Kootenai County, ID",16055,2025-11-30,1794.954381752701,2024-11-30,1745.8865634057777,2.81048146972416
"Kenton County, KY",21117,2025-11-30,1444.7125220458554,2024-11-30,1406.7959363941975,2.6952441836619943
"Beaver County, PA",42007,2025-11-30,1067.504797979798,2024-11-30,1029.2099355871712,3.720801856695962
"Monroe County, PA",42089,2025-11-30,1859.488888888889,2024-11-30,1829.5906515434103,1.6341490005022212
"Aiken County, SC",45003,2025-11-30,1467.0713922487378,2024-11-30,1428.878131458546,2.672954393332724
"Davidson County, NC",37057,2025-11-30,1445.9407332433648,2024-11-30,1420.0518507533748,1.8230941691498996
"Pueblo County, CO",8101,2025-11-30,1296.9871178578958,2024-11-30,1245.109638625283,4.166498886788025
"Chittenden County, VT",50007,2025-11-30,2412.207247620534,2024-11-30,2368.546485136417,1.8433567910997761
"Greene County, OH",39057,2025-11-30,1627.5753968253966,2024-11-30,1591.5780875455189,2.2617369239728387
"Midland County, TX",48329,2025-11-30,1577.52522569786,2024-11-30,1546.3230420936509,2.017830864239254
"Paulding County, GA",13223,2025-11-30,2009.510005027652,2024-11-30,1979.288073396624,1.5269091971622182
"Charles County, MD",24017,2025-11-30,2560.1181139122314,2024-11-30,2479.095834523758,3.2682189312797503
"Maui County, HI",15009,2025-11-30,3405.015837104072,2024-11-30,3347.3242511587405,1.7235135175613925
"Middlesex County, CT",9007,2025-11-30,1905.7999317988067,2024-11-30,1825.4600570323937,4.4010754689981875
"Yellowstone County, MT",30111,2025-11-30,1430.5114053249065,2024-11-30,1376.3554614976374,3.9347352731351113
"Rock County, WI",55105,2025-11-30,1152.0277777777776,2024-11-30,1073.7071581752996,7.294411609919709
"Portage County, OH",39133,2025-11-30,1421.1333333333332,2024-11-30,1373.0032069029623,3.5054635115482644
"Hampshire County, MA",25015,2025-11-30,2394.9700854700855,2024-11-30,2262.2562102983834,5.866438760011077
"Ector County, TX",48135,2025-11-30,1549.5811827956989,2024-11-30,1554.6232022417548,-0.3243242117308825
"Houston County, GA",13153,2025-11-30,1559.5617604617603,2024-11-30,1484.4773239840754,5.057971264671899
"Dorchester County, SC",45035,2025-11-30,1650.139462586271,2024-11-30,1636.1643823407333,0.854136686776224
"Rensselaer County, NY",36083,2025-11-30,1479.2666666666669,2024-11-30,1384.929307968507,6.811709316523842
"Olmsted County, MN",27109,2025-11-30,1676.0662103174602,2024-11-30,1643.0334113162924,2.010476401371784
"Jackson County, MI",26075,2025-11-30,1077.875,2024-11-30,1026.9339612379629,4.960498014948108
"Ouachita Parish, LA",22073,2025-11-30,1009.1090067340068,2024-11-30,919.3949124481452,9.757949828868732
"Saint Clair County, MI",26147,2025-11-30,1101.8772893772891,2024-11-30,1075.138403504504,2.487018023505398
"Johnson County, IN",18081,2025-11-30,1625.4823757323757,2024-11-30,1581.0134404927112,2.8126854649512687
"Catawba County, NC",37035,2025-11-30,1493.6052813852814,2024-11-30,1415.2652882589805,5.535357489243062
"Centre County, PA",42027,2025-11-30,1829.173066875653,2024-11-30,1705.5328514286157,7.249359948914015
"Alexandria City, VA",51510,2025-11-30,2302.898280542479,2024-11-30,2297.9467939322885,0.21547438014077394
"Indian River County, FL",12061,2025-11-30,2251.524702380952,2024-11-30,2242.646439187745,0.395883320619312
"Martin County, FL",12085,2025-11-30,2330.28655100283,2024-11-30,2251.7399595655343,3.488262092770742
"Sullivan County, TN",47163,2025-11-30,1203.4434523809523,2024-11-30,1164.8705906980929,3.3113430788688003
"Stearns County, MN",27145,2025-11-30,1255.388538011696,2024-11-30,1208.7998301940904,3.854129249019262
"Fairfield County, OH",39045,2025-11-30,1472.3299145299145,2024-11-30,1431.656071053883,2.8410345402363593
"Schenectady County, NY",36093,2025-11-30,1409.7970085470083,2024-11-30,1356.8809424831454,3.8998311795156044
"Bibb County, GA",13021,2025-11-30,1188.0557142857142,2024-11-30,1160.2819532551282,2.3937079218260475
"Madera County, CA",6039,2025-11-30,2264.3560606060605,2024-11-30,2167.545265381826,4.466379400255829
"Comal County, TX",48091,2025-11-30,1535.7561597750498,2024-11-30,1584.0023407201788,-3.045840255715375
"Rankin County, MS",28121,2025-11-30,1732.9815408357074,2024-11-30,1680.5562816120864,3.1195182093712233
"Franklin County, PA",42055,2025-11-30,1165.886877828054,2024-11-30,1133.9299886141018,2.818241825759458
"Cumberland County, NJ",34011,2025-11-30,1718.0416666666667,2024-11-30,1694.9775924168346,1.3607303337235022
"Mesa County, CO",8077,2025-11-30,1682.4535899453288,2024-11-30,1626.1016388819596,3.4654630261681807
"Columbia County, GA",13073,2025-11-30,1827.5651760704284,2024-11-30,1759.9707982390255,3.840653373285273
"Berrien County, MI",26021,2025-11-30,1470.0810185185185,2024-11-30,1377.4891149796647,6.721788399774082
"Stafford County, VA",51179,2025-11-30,2295.7979925775976,2024-11-30,2212.5807596748964,3.7610935799210625
"Monroe County, MI",26115,2025-11-30,1139.857142857143,2024-11-30,1136.3058754913277,0.31252741382505467
"Washington County, MD",24043,2025-11-30,1337.4636949202163,2024-11-30,1298.3610499667725,3.011692699380078
"Santa Fe County, NM",35049,2025-11-30,2000.2057692307692,2024-11-30,2002.2946579005156,-0.10432473869438977
"Merrimack County, NH",33013,2025-11-30,1941.684210526316,2024-11-30,1858.7991263901124,4.45906623042001
"Penobscot County, ME",23019,2025-11-30,1508.533231474408,2024-11-30,1447.0622283321427,4.2479861569682225
"Citrus County, FL",12017,2025-11-30,1660.8148148148148,2024-11-30,1627.020713213074,2.0770541719166844
"Kings County, CA",6031,2025-11-30,1756.9753246753246,2024-11-30,1655.2164513309451,6.14776836362133
"Johnson County, IA",19103,2025-11-30,1755.8591835683558,2024-11-30,1676.5932622307066,4.727796724662121
"Canadian County, OK",40017,2025-11-30,1537.029253016487,2024-11-30,1486.5669424507803,3.3945535262955384
"Tolland County, CT",9013,2025-11-30,2082.7175925925926,2024-11-30,2008.0685238425688,3.71745624532663
"Scott County, MN",27139,2025-11-30,1789.733785822021,2024-11-30,1720.1459288249644,4.045462412865882
"Sandoval County, NM",35043,2025-11-30,1916.6491144845031,2024-11-30,1815.6013134725415,5.565528084945937
"Orange County, NC",37135,2025-11-30,1913.6057169901844,2024-11-30,1855.4084352057912,3.1366291475298977
"Rowan County, NC",37159,2025-11-30,1368.062091503268,2024-11-30,1323.8781872840775,3.337459944848348
"Sussex County, NJ",34037,2025-11-30,2343.9957264957266,2024-11-30,2301.3527981900247,1.8529505054261906
"Coweta County, GA",13077,2025-11-30,1826.3944875107663,2024-11-30,1776.0049105279522,2.8372431114413312
"Coconino County, AZ",4005,2025-11-30,2124.2079124579127,2024-11-30,2087.209047920606,1.7726477649264316
"Parker County, TX",48367,2025-11-30,1638.0555410445056,2024-11-30,1628.7395459810448,0.5719757395495357
"Wilson County, TN",47189,2025-11-30,1873.739366871847,2024-11-30,1847.6404640104631,1.4125531113739551
"Rock Island County, IL",17161,2025-11-30,1034.7679738562092,2024-11-30,1014.7714969619352,1.9705398657865612
"Randolph County, NC",37151,2025-11-30,1084.2857142857142,2024-11-30,1056.1558983041589,2.6634151290280754
"Douglas County, GA",13097,2025-11-30,1750.357025321976,2024-11-30,1740.8494520527267,0.5461456335605759
"Schuylkill County, PA",42107,2025-11-30,1145.123015873016,2024-11-30,1085.5758068685632,5.485310986822908
"Jackson County, MS",28059,2025-11-30,1397.862163299663,2024-11-30,1305.6585811405505,7.0618447648518226
"Lebanon County, PA",42075,2025-11-30,1342.7555555555557,2024-11-30,1307.8485670727707,2.6690390127439505
"Taylor County, TX",48441,2025-11-30,1651.360381593715,2024-11-30,1340.4326488276645,23.196072778291864
"Livingston Parish, LA",22063,2025-11-30,1595.3439393939395,2024-11-30,1535.1719932517924,3.919557313880594
"Monroe County, IN",18105,2025-11-30,1888.3424275283744,2024-11-30,1819.2650800215667,3.796991887844556
"Kaufman County, TX",48257,2025-11-30,1869.0994623655915,2024-11-30,1865.7976261535896,0.17696647083900527
"Wright County, MN",27171,2025-11-30,1802.3630952380952,2024-11-30,1717.5350966909657,4.93893829072609
"Randall County, TX",48381,2025-11-30,1502.524074074074,2024-11-30,1465.4985520837474,2.526479602295142
"Napa County, CA",6055,2025-11-30,2886.625991339464,2024-11-30,2882.198482146929,0.15361569371296913
"Spotsylvania County, VA",51177,2025-11-30,1972.469247311828,2024-11-30,1918.641452115355,2.8055161185601634
"Marathon County, WI",55073,2025-11-30,915.8148148148148,2024-11-30,851.2768586608512,7.58131217797799
"Florence County, SC",45041,2025-11-30,1221.9706959706962,2024-11-30,1210.2973178652985,0.9645049966719718
"Humboldt County, CA",6023,2025-11-30,1724.65034965035,2024-11-30,1645.436921917514,4.814127279976471
"Hampton City, VA",51650,2025-11-30,1614.3279694856665,2024-11-30,1542.1133898376024,4.68283202285591
"Washington County, WI",55131,2025-11-30,1528.047619047619,2024-11-30,1460.3270389027791,4.637357135818149
"Clark County, OH",39023,2025-11-30,1083.809523809524,2024-11-30,1039.1230733575262,4.300400173735995
"Boone County, KY",21015,2025-11-30,1706.236802413273,2024-11-30,1689.794376448487,0.9730430041638424
"Calhoun County, MI",26025,2025-11-30,1097.8241436925646,2024-11-30,1038.8517765695688,5.676687324704846
"Grayson County, TX",48181,2025-11-30,1479.888888888889,2024-11-30,1484.143018608716,-0.28663879872001596
"Cambria County, PA",42021,2025-11-30,855.0749999999999,2024-11-30,833.6415421130372,2.571064037024259
"Blount County, TN",47009,2025-11-30,1716.3380847953215,2024-11-30,1668.6095018498468,2.8603806278558324
"Brunswick County, NC",37019,2025-11-30,1836.7177544677545,2024-11-30,1853.900070499084,-0.9268199675241331
"Harnett County, NC",37085,2025-11-30,1776.471225412015,2024-11-30,1747.4544439583574,1.6605171913911747
"Warren County, KY",21227,2025-11-30,1235.9903381642514,2024-11-30,1208.9692869155213,2.235048610512658
"Tazewell County, IL",17179,2025-11-30,1124.7851851851854,2024-11-30,1037.1026357402282,8.454568180937475
"Washington County, TN",47179,2025-11-30,1566.8170370370372,2024-11-30,1499.4127888254766,4.495376370929837
"Wood County, OH",39173,2025-11-30,1531.0535353535354,2024-11-30,1534.7539684193086,-0.24110920329363672
"Tangipahoa Parish, LA",22105,2025-11-30,1228.4295051353874,2024-11-30,1174.883003610919,4.557602872787927
"Cache County, UT",49005,2025-11-30,1495.7039969834086,2024-11-30,1473.8108310716473,1.4854800528126284
"Black Hawk County, IA",19013,2025-11-30,1120.214250400226,2024-11-30,1098.764568649211,1.9521635810831333
"Kendall County, IL",17093,2025-11-30,2306.9749694749694,2024-11-30,2208.5512813569076,4.456481900551183
"Strafford County, NH",33017,2025-11-30,2078.131954465288,2024-11-30,1979.5797213915152,4.978442242502709
"Rapides Parish, LA",22079,2025-11-30,971.563492063492,2024-11-30,924.2360520457736,5.120709142752043
"Madison County, IN",18095,2025-11-30,1047.4555137844611,2024-11-30,1000.656001004107,4.676883237935235
"Washington County, RI",44009,2025-11-30,2552.6776960784314,2024-11-30,2483.013070356376,2.805648772201461
"Pickens County, SC",45077,2025-11-30,1377.4391025641023,2024-11-30,1359.0288381092987,1.3546632667792573
"Wichita County, TX",48485,2025-11-30,1182.8529693486591,2024-11-30,1138.5712420601085,3.889236408995204
"Fayette County, PA",42051,2025-11-30,939.7222222222222,2024-11-30,839.6012282221938,11.924827005318791
"Berkshire County, MA",25003,2025-11-30,1554.4734432234434,2024-11-30,1429.5905832079216,8.73556817472116
"Hunterdon County, NJ",34019,2025-11-30,2527.337962962963,2024-11-30,2541.666507219506,-0.5637460389017708
"Skagit County, WA",53057,2025-11-30,2067.5944444444444,2024-11-30,2048.6168119409417,0.9263632121383671
"Clarke County, GA",13059,2025-11-30,1780.0455337247051,2024-11-30,1734.2646796686,2.6397847221828608
"Chautauqua County, NY",36013,2025-11-30,936.6666666666666,2024-11-30,866.7419166890434,8.06753990215865
"Bossier Parish, LA",22015,2025-11-30,1358.580950635386,2024-11-30,1324.9161285955504,2.5409021230288205
"Sebastian County, AR",5131,2025-11-30,1036.5516367690282,2024-11-30,1006.9892192053412,2.9357233424024076
"Sumter County, FL",12119,2025-11-30,1630.5565953654188,2024-11-30,1663.5196637608683,-1.981525623864697
"Linn County, OR",41043,2025-11-30,1647.33231884058,2024-11-30,1609.2864764880892,2.3641435448781887
"Ascension Parish, LA",22005,2025-11-30,1762.6208513708514,2024-11-30,1707.9108692128632,3.203327711310998
"Cochise County, AZ",4003,2025-11-30,1311.968954248366,2024-11-30,1255.0170964964796,4.5379348146629885
"Richland County, OH",39139,2025-11-30,935.0333333333332,2024-11-30,878.1679204382187,6.475460054010829
"Gregg County, TX",48183,2025-11-30,1233.495294117647,2024-11-30,1198.3723378376428,2.9308884368426362
"Kennebec County, ME",23011,2025-11-30,1443.2040285899936,2024-11-30,1364.989559864042,5.730041534804281
"Faulkner County, AR",5045,2025-11-30,1326.626984126984,2024-11-30,1312.961110456279,1.0408437509589332
"Blair County, PA",42013,2025-11-30,1000.3703703703704,2024-11-30,910.069525796314,9.922411641576822
"San Juan County, NM",35045,2025-11-30,1415.4166666666667,2024-11-30,1306.940335115542,8.300021709983781
"Morgan County, AL",1103,2025-11-30,1071.4713675213677,2024-11-30,1052.644931047099,1.7884887789790198
"Saline County, AR",5125,2025-11-30,1486.525341130604,2024-11-30,1461.892254256849,1.6850138443532021
"Jasper County, MO",29097,2025-11-30,1176.828502415459,2024-11-30,1118.9773567352208,5.1700014599962385
"Bonneville County, ID",16019,2025-11-30,1363.8672239637758,2024-11-30,1353.25356964576,0.7843063972699559
"Comanche County, OK",40031,2025-11-30,1052.4270870412745,2024-11-30,1019.4381138893044,3.2359956629551894
"Berkeley County, WV",54003,2025-11-30,1736.5252525252529,2024-11-30,1667.211011339795,4.157496604449361
"La Crosse County, WI",55063,2025-11-30,1284.0163398692812,2024-11-30,1268.307659262607,1.2385544226553904
"Clark County, IN",18019,2025-11-30,1297.62324929972,2024-11-30,1275.013251330561,1.7733147436361256
"Allegan County, MI",26005,2025-11-30,1391.2037037037037,2024-11-30,,
"Tom Green County, TX",48451,2025-11-30,1404.3927536231884,2024-11-30,1314.2828172987788,6.856205919941252
"Potter County, TX",48375,2025-11-30,1001.7575757575756,2024-11-30,968.7222293537988,3.4101980322897747
"Robeson County, NC",37155,2025-11-30,1009.5833333333334,2024-11-30,933.9214298513898,8.101527715664824
"Douglas County, KS",20045,2025-11-30,1621.5648223121907,2024-11-30,1492.5743453474674,8.642147533005776
"Carroll County, GA",13045,2025-11-30,1642.7389694041867,2024-11-30,1602.2213958461498,2.5288373793460157
"Oswego County, NY",36075,2025-11-30,1270.2272727272727,2024-11-30,1247.182951940856,1.847709732606228
"Wayne County, NC",37191,2025-11-30,1385.8055555555554,2024-11-30,1304.047466688104,6.2695638737056845
"Fayette County, GA",13113,2025-11-30,2071.164522417154,2024-11-30,2064.669331377123,0.31458747128765047
"Jefferson County, NY",36045,2025-11-30,1285.6646825396826,2024-11-30,1223.2028861886556,5.1064134213785275
"Sheboygan County, WI",55117,2025-11-30,1081.9190476190477,2024-11-30,1036.148093948796,4.417414261297046
"Lowndes County, GA",13185,2025-11-30,1382.5,2024-11-30,1295.6620182010568,6.702209417199108
"Missoula County, MT",30063,2025-11-30,1475.0752265074136,2024-11-30,1426.1379838184878,3.431452162707023
"Wayne County, OH",39169,2025-11-30,1125.0,2024-11-30,1092.7409750824231,2.9521200040241604
"Windham County, CT",9015,2025-11-30,1697.4107142857144,2024-11-30,1558.478756246815,8.91458786217147
"Calhoun County, AL",1015,2025-11-30,1050.142857142857,2024-11-30,1025.9242920768218,2.360658116108031
"Gallatin County, MT",30031,2025-11-30,2137.225218107663,2024-11-30,2226.63046718932,-4.015271074347307
"Henderson County, NC",37089,2025-11-30,2148.6666666666665,2024-11-30,2149.894179293894,-0.05709642079363453
"Lycoming County, PA",42081,2025-11-30,1766.75,2024-11-30,1661.5654371300498,6.330449618140288
"Flagler County, FL",12035,2025-11-30,1927.168321718932,2024-11-30,1930.7997851226253,-0.1880807855726287
"Saint Marys County, MD",24037,2025-11-30,1894.3578643578649,2024-11-30,1783.2959286770945,6.227902721852769
"Delaware County, IN",18035,2025-11-30,1071.3425925925926,2024-11-30,1013.3551199553038,5.722324927893631
"La Porte County, IN",18091,2025-11-30,1173.148148148148,2024-11-30,1094.689669112244,7.167189135851731
"Ontario County, NY",36069,2025-11-30,1718.571428571429,2024-11-30,1632.9274136123877,5.244814573207401
"Albemarle County, VA",51003,2025-11-30,1951.1055236270756,2024-11-30,1955.6483434070567,-0.2322922623229258
"Newton County, GA",13217,2025-11-30,1820.6364793598832,2024-11-30,1767.1626192011297,3.0259727983000846
"Mercer County, PA",42085,2025-11-30,863.5238095238095,2024-11-30,849.0764116249062,1.7015427234935012
"Douglas County, OR",41019,2025-11-30,1340.4761904761906,2024-11-30,1261.5719032556383,6.254442336336936
"Androscoggin County, ME",23001,2025-11-30,1552.1190476190477,2024-11-30,1474.6888877284669,5.250609842856427
"Hardin County, KY",21093,2025-11-30,1368.9894957983197,2024-11-30,1382.2803435170763,-0.9615160760326911
"Terrebonne Parish, LA",22109,2025-11-30,1238.684265010352,2024-11-30,1189.5248178580769,4.132696217368065
"La Salle County, IL",17099,2025-11-30,1111.7380952380952,2024-11-30,1083.4404859531408,2.611828674655815
"Craighead County, AR",5031,2025-11-30,1293.9341049382715,2024-11-30,1261.2050206004076,2.5950645456741803
"Cowlitz County, WA",53015,2025-11-30,1468.2371794871797,2024-11-30,1459.9636828593268,0.5666919475455232
"Warren County, NJ",34041,2025-11-30,2011.725925925926,2024-11-30,1899.464363373851,5.9101694518066505
"Hanover County, VA",51085,2025-11-30,2088.6,2024-11-30,2017.915056298836,3.5028701272892517
"Eaton County, MI",26045,2025-11-30,1349.657142857143,2024-11-30,1263.9335247085876,6.782288504319871
"Saint Lawrence County, NY",36089,2025-11-30,891.6666666666666,2024-11-30,,
"Pennington County, SD",46103,2025-11-30,1314.8836206896551,2024-11-30,1277.1794643169007,2.952142390804916
"Madison County, MS",28089,2025-11-30,1707.3888888888887,2024-11-30,1690.2297354967668,1.0151965162936103
"Kankakee County, IL",17091,2025-11-30,1308.7222222222224,2024-11-30,1275.2087796286978,2.6280749575205
"Bartow County, GA",13015,2025-11-30,1760.663383838384,2024-11-30,1791.1730619622786,-1.7033350250628638
"Miami County, OH",39109,2025-11-30,1376.921052631579,2024-11-30,1323.8463565844825,4.009128082206531
"Bradley County, TN",47011,2025-11-30,1331.6693404634582,2024-11-30,1323.6854883658186,0.603153254138653
"Yamhill County, OR",41071,2025-11-30,1935.0436507936508,2024-11-30,1892.582938524136,2.2435324447459317
"Cass County, MO",29037,2025-11-30,1717.0249107617528,2024-11-30,1630.2861337539343,5.320463396697842
"Matanuska Susitna Borough, AK",2170,2025-11-30,1692.6069518716577,2024-11-30,1640.4540895726818,3.1791723176209716
"Navajo County, AZ",4017,2025-11-30,1958.3333333333333,2024-11-30,,
"Vigo County, IN",18167,2025-11-30,942.5031328320802,2024-11-30,880.2414861272672,7.073246113261587
"Houston County, AL",1069,2025-11-30,1199.2777777777776,2024-11-30,1172.815775671107,2.2562795159818236
"Walworth County, WI",55127,2025-11-30,1815.2619047619048,2024-11-30,1653.302538304251,9.796111885473266
"Carver County, MN",27019,2025-11-30,1944.7771950271951,2024-11-30,1884.0209203364643,3.2248195354370304
"Monongalia County, WV",54061,2025-11-30,1415.7282172002513,2024-11-30,1378.9112453880869,2.6700030139940214
"Tompkins County, NY",36109,2025-11-30,2232.921016617791,2024-11-30,2176.744668535384,2.5807504616609482
"Sumter County, SC",45085,2025-11-30,1367.6636904761906,2024-11-30,1333.8864611688846,2.5322417080166653
"Rockwall County, TX",48397,2025-11-30,1984.2341611043785,2024-11-30,1997.805829129206,-0.6793286828451685
"Eau Claire County, WI",55035,2025-11-30,1153.3086419753088,2024-11-30,1137.4965994869644,1.3900738248778859
"Platte County, MO",29165,2025-11-30,1625.8722222222225,2024-11-30,1569.4349400647689,3.596025596010022
"Woodbury County, IA",19193,2025-11-30,1163.611111111111,2024-11-30,1113.0460615165855,4.542943130819579
"Franklin County, MO",29071,2025-11-30,1080.5,2024-11-30,1031.5349387016345,4.746815591141929
"Macon County, IL",17115,2025-11-30,1020.7738095238096,2024-11-30,958.9399687013232,6.448145122809615
"Bay County, MI",26017,2025-11-30,1143.3333333333333,2024-11-30,1131.785478049839,1.0203219167816344
"Fond du Lac County, WI",55039,2025-11-30,1018.832264957265,2024-11-30,979.3506698500696,4.031405330354214
"Adams County, PA",42001,2025-11-30,1273.7222222222224,2024-11-30,1243.7493827673063,2.409877735032711
"Etowah County, AL",1055,2025-11-30,932.2222222222224,2024-11-30,865.6901921365551,7.68543188891442
"Flathead County, MT",30029,2025-11-30,1973.6585576259488,2024-11-30,1946.43892766626,1.3984322638021076
"Cecil County, MD",24015,2025-11-30,1733.1044973544974,2024-11-30,1690.426099299711,2.5247124421745895
"Wicomico County, MD",24045,2025-11-30,1670.678571428571,2024-11-30,1600.2276084607552,4.402558898204618
"Whitfield County, GA",13313,2025-11-30,1513.7658730158728,2024-11-30,1468.2533337606556,3.099774283409621
"Daviess County, KY",21059,2025-11-30,1414.0277777777776,2024-11-30,1239.3315677211515,14.096002603875624
"Allen County, OH",39003,2025-11-30,1218.9814814814815,2024-11-30,1164.4935758440497,4.67910744788247
"Columbiana County, OH",39029,2025-11-30,836.25,2024-11-30,,
"Nevada County, CA",6057,2025-11-30,2432.4617180205414,2024-11-30,2413.564004660464,0.7829795822106623
"Limestone County, AL",1083,2025-11-30,1628.7740384615383,2024-11-30,1593.659511192771,2.203389558569248
"Craven County, NC",37049,2025-11-30,1532.2759221772385,2024-11-30,1443.73802468715,6.132545931196492
"Highlands County, FL",12055,2025-11-30,1488.5317460317465,2024-11-30,1462.2613885353005,1.7965568743328528
"DeKalb County, IL",17037,2025-11-30,1333.6507936507935,2024-11-30,1270.3024259978488,4.986872917540346
"Laramie County, WY",56021,2025-11-30,1373.4746031746029,2024-11-30,1307.1045263977844,5.07764110952366
"Garland County, AR",5051,2025-11-30,1393.1547619047622,2024-11-30,1354.2062053570687,2.8761171226079063
"Roanoke City, VA",51770,2025-11-30,1270.6889326765188,2024-11-30,1203.927409461587,5.545311344376515
"Montgomery County, VA",51121,2025-11-30,1832.2680085882985,2024-11-30,1757.5954343768592,4.248564416527049
"Sutter County, CA",6101,2025-11-30,2125.178571428571,2024-11-30,2056.9331334371536,3.317824818027932
"Maury County, TN",47119,2025-11-30,1689.012805163968,2024-11-30,1693.2919286924516,-0.25271032454444126
"Cleveland County, NC",37045,2025-11-30,1157.9305555555557,2024-11-30,1114.846536647635,3.864569471370928
"Hunt County, TX",48231,2025-11-30,1474.1017676767676,2024-11-30,1445.6395748078482,1.9688305000022233
"Dubuque County, IA",19061,2025-11-30,986.8860551213492,2024-11-30,971.3929547620658,1.594936455255464
"Moore County, NC",37125,2025-11-30,1844.7876299945265,2024-11-30,1804.7178294923056,2.220280635975828
"Madison County, TN",47113,2025-11-30,1386.3432017543862,2024-11-30,1349.4731227810937,2.7321832758927362
"Floyd County, GA",13115,2025-11-30,1218.796943796944,2024-11-30,1182.5517464047052,3.064998846979392
"Story County, IA",19169,2025-11-30,1171.786244377811,2024-11-30,1134.7936626982005,3.2598509222948295
"Sevier County, TN",47155,2025-11-30,1660.5542124542126,2024-11-30,1696.888299017767,-2.1412185224322733
"Putnam County, NY",36079,2025-11-30,2813.8888888888887,2024-11-30,2626.703819105233,7.1262343482417805
"Burleigh County, ND",38015,2025-11-30,1306.5083333333334,2024-11-30,1236.3833102976712,5.671786609508582
"Grant County, WA",53025,2025-11-30,1534.3005555555555,2024-11-30,1536.2195020929378,-0.12491356442017972
"Ashtabula County, OH",39007,2025-11-30,1024.1666666666667,2024-11-30,,
"Lafourche Parish, LA",22057,2025-11-30,1232.4444444444443,2024-11-30,1166.2983037574395,5.6714599064324425
"Portsmouth City, VA",51740,2025-11-30,1580.9383528265107,2024-11-30,1494.099126817561,5.812146225794115
"Marshall County, AL",1095,2025-11-30,1511.6666666666667,2024-11-30,,
"Fairbanks North Star Borough, AK",2090,2025-11-30,1744.6864478114476,2024-11-30,1720.7315625753797,1.3921337736267902
"Dallas County, IA",19049,2025-11-30,1482.8368055555557,2024-11-30,1485.4075803567978,-0.17306864696520657
"Roanoke County, VA",51161,2025-11-30,1582.2738095238094,2024-11-30,1513.1947166965804,4.565115914363881
"Sherburne County, MN",27141,2025-11-30,1535.361111111111,2024-11-30,1444.4179021122384,6.296184010588784
"Cape May County, NJ",34009,2025-11-30,2100.444444444445,2024-11-30,,
"Walton County, GA",13297,2025-11-30,1928.861111111111,2024-11-30,1923.0146637856324,0.30402510368638835
"Geauga County, OH",39055,2025-11-30,1929.0555555555552,2024-11-30,,
"Franklin County, WA",53021,2025-11-30,1873.550925925926,2024-11-30,1818.3314893208685,3.036819024988759
"Bastrop County, TX",48021,2025-11-30,1789.8686868686866,2024-11-30,1735.399366756576,3.1387196028492617
"Benton County, OR",41003,2025-11-30,1811.375608375778,2024-11-30,1779.1579735739606,1.8108360966451378
"Lancaster County, SC",45057,2025-11-30,1691.3174603174602,2024-11-30,1665.9821327692562,1.520744253486727
"Rogers County, OK",40131,2025-11-30,1566.263888888889,2024-11-30,1526.3553465691407,2.614629837635941
"Nash County, NC",37127,2025-11-30,1304.8796296296296,2024-11-30,1238.0597146101345,5.397147991406592
"Cabell County, WV",54011,2025-11-30,956.845238095238,2024-11-30,921.4653671670056,3.8395225896558416
"Grand Traverse County, MI",26055,2025-11-30,1871.261574074074,2024-11-30,1789.592400408434,4.563562834028614
"Steuben County, NY",36101,2025-11-30,1331.888888888889,2024-11-30,1296.3759808063808,2.739398801605238
"Lauderdale County, AL",1077,2025-11-30,1159.5026455026457,2024-11-30,1161.5850933686413,-0.17927639377296412
"Pottawattamie County, IA",19155,2025-11-30,1290.2555555555557,2024-11-30,1224.2405046345662,5.3923269709733175
"Suffolk City, VA",51800,2025-11-30,1909.7166005291003,2024-11-30,1797.1851866276154,6.261536915550035
"Tuscarawas County, OH",39157,2025-11-30,899.6666666666666,2024-11-30,,
"Rockdale County, GA",13247,2025-11-30,1760.093795093795,2024-11-30,1724.7408970278525,2.049751248252081
"Bowie County, TX",48037,2025-11-30,1268.7424242424242,2024-11-30,1202.9196402684493,5.471918636168054
"Campbell County, KY",21037,2025-11-30,1488.7485507246377,2024-11-30,1436.2714582392591,3.653702939255701
"Saint Croix County, WI",55109,2025-11-30,1720.6944444444446,2024-11-30,1659.0711100996411,3.7143274914299744
"Calvert County, MD",24009,2025-11-30,2531.9583333333335,2024-11-30,2414.766008883291,4.853154467924544
"Madison County, KY",21151,2025-11-30,979.4175084175084,2024-11-30,967.7748640171905,1.2030323201400248
"Northumberland County, PA",42097,2025-11-30,966.111111111111,2024-11-30,889.5361896167668,8.60840990936349
"Mendocino County, CA",6045,2025-11-30,1718.6309523809523,2024-11-30,1649.440927442606,4.194756161751291
"Wayne County, NY",36117,2025-11-30,1203.3333333333333,2024-11-30,,
"Victoria County, TX",48469,2025-11-30,1123.8033613445375,2024-11-30,1079.7805188122968,4.077017668429837
"Grafton County, NH",33009,2025-11-30,2045.7083333333333,2024-11-30,1824.1233562789,12.147477652303792
"Ozaukee County, WI",55089,2025-11-30,1781.0,2024-11-30,1717.532409866843,3.695277583616461
"Rockingham County, NC",37157,2025-11-30,1084.3222222222223,2024-11-30,,
"Saint Clair County, AL",1115,2025-11-30,1674.247668997669,2024-11-30,1598.6901115040178,4.726216603827503
"Frederick County, VA",51069,2025-11-30,2102.517592592593,2024-11-30,2016.4050665241791,4.2705965928191185
"Liberty County, TX",48291,2025-11-30,1537.5119047619046,2024-11-30,1485.2873264138427,3.5161263022526215
"Dodge County, WI",55027,2025-11-30,1150.8333333333333,2024-11-30,1079.885403008509,6.569949934239941
"Twin Falls County, ID",16083,2025-11-30,1684.3133255633256,2024-11-30,1625.0137683228756,3.649172603728222
"Lapeer County, MI",26087,2025-11-30,1188.1333333333334,2024-11-30,1144.2795538165478,3.8324358213444314
"Nassau County, FL",12089,2025-11-30,2066.231699346405,2024-11-30,2030.5208603912113,1.7587033776305838
"Christian County, MO",29043,2025-11-30,1357.5732323232323,2024-11-30,1299.1360961961657,4.498153526652747
"Josephine County, OR",41033,2025-11-30,1510.965909090909,2024-11-30,1414.5386707139348,6.816868310026914
"Elmore County, AL",1051,2025-11-30,1435.111111111111,2024-11-30,1323.1016964143842,8.465669343503475
"Cullman County, AL",1043,2025-11-30,1497.3611111111113,2024-11-30,1489.431458634392,0.5323945879315477
"Dougherty County, GA",13095,2025-11-30,892.5810185185186,2024-11-30,852.3177240475462,4.723977143144133
"Angelina County, TX",48005,2025-11-30,1133.611111111111,2024-11-30,1066.955214259109,6.247300351616708
"Bannock County, ID",16005,2025-11-30,1086.0004262574596,2024-11-30,1036.4598943680762,4.779782812492514
"Polk County, OR",41053,2025-11-30,1702.661038961039,2024-11-30,1714.9696037734122,-0.7177132927190694
"Muskingum County, OH",39119,2025-11-30,1074.8055555555557,2024-11-30,1018.2527729863396,5.553904106085336
"Lawrence County, PA",42073,2025-11-30,1000.4166666666666,2024-11-30,858.0005764922774,16.59860075579693
"Island County, WA",53029,2025-11-30,2015.432591896408,2024-11-30,1933.9128870828729,4.215272846984332
"Lincoln County, NC",37109,2025-11-30,1689.5502645502645,2024-11-30,1697.8852589571543,-0.49090445675988537
"Buchanan County, MO",29021,2025-11-30,882.6018518518518,2024-11-30,841.5338696532726,4.880134202500962
"Newport County, RI",44005,2025-11-30,2796.8327572964668,2024-11-30,2618.0799953743076,6.827627965454998
"Orange County, TX",48361,2025-11-30,1261.3575757575757,2024-11-30,1206.0055138636685,4.589702224210922
"Orangeburg County, SC",45075,2025-11-30,1184.3055555555557,2024-11-30,1040.9728724153165,13.769108392581991
"Jefferson County, WI",55055,2025-11-30,1257.1944444444443,2024-11-30,1143.9495973176602,9.899461251817508
"Wood County, WV",54107,2025-11-30,942.9166666666666,2024-11-30,898.0814112178386,4.992337541874891
"Crawford County, PA",42039,2025-11-30,766.6666666666666,2024-11-30,,
"Chemung County, NY",36015,2025-11-30,1161.3333333333333,2024-11-30,1009.9727278147202,14.986603236912375
"Glynn County, GA",13127,2025-11-30,1759.7435254803677,2024-11-30,1715.478959567855,2.5803036327337545
"Cascade County, MT",30013,2025-11-30,1334.7445887445886,2024-11-30,1275.7141417468254,4.627247207351113
"Indiana County, PA",42063,2025-11-30,1375.5396825396826,2024-11-30,,
"Midland County, MI",26111,2025-11-30,1511.1296296296296,2024-11-30,1487.9324642765534,1.5590200435847599
"Lee County, MS",28081,2025-11-30,1270.3194444444443,2024-11-30,1184.825337431403,7.215756138232569
"Howard County, IN",18067,2025-11-30,1005.712962962963,2024-11-30,961.263693973632,4.624045334073575
"Rockingham County, VA",51165,2025-11-30,1862.678571428571,2024-11-30,1775.4330607423994,4.9140411213076005
"Monroe County, FL",12087,2025-11-30,3471.316742081448,2024-11-30,3470.647229733948,0.01929070583043539
"Barrow County, GA",13013,2025-11-30,2039.9944444444443,2024-11-30,1964.1885562269256,3.8593997494383503
"Talladega County, AL",1121,2025-11-30,1124.0555555555557,2024-11-30,1124.084678120024,-0.002590780306423065
"Payne County, OK",40119,2025-11-30,1430.7539682539682,2024-11-30,1318.163470827874,8.541466966565345
"Henderson County, TX",48213,2025-11-30,1321.170634920635,2024-11-30,1302.7833298056491,1.411386275393072
"Bartholomew County, IN",18005,2025-11-30,1353.0046176046178,2024-11-30,1286.901385093301,5.136619889994462
"Bullitt County, KY",21029,2025-11-30,1513.4722222222224,2024-11-30,1396.3664923139054,8.386460900695363
"Coryell County, TX",48099,2025-11-30,1286.0585355862777,2024-11-30,1229.3788417759893,4.610433487565771
"Leavenworth County, KS",20103,2025-11-30,1130.9953703703702,2024-11-30,1084.1089029769407,4.324885374954509
"Lewis County, WA",53041,2025-11-30,1607.142857142857,2024-11-30,1526.1422922842614,5.307536870455092
"Manitowoc County, WI",55071,2025-11-30,1019.3333333333334,2024-11-30,,
"Cape Girardeau County, MO",29031,2025-11-30,908.4188034188032,2024-11-30,867.6266582959001,4.701578119213474
"Caldwell County, NC",37027,2025-11-30,1073.888888888889,2024-11-30,,
"Wagoner County, OK",40145,2025-11-30,1615.1888888888889,2024-11-30,1556.6347448395372,3.7615853200930305
"Yuba County, CA",6115,2025-11-30,1827.6888888888889,2024-11-30,1753.5380544415666,4.228641303763232
"Kosciusko County, IN",18085,2025-11-30,1108.136507936508,2024-11-30,1063.6454505159982,4.182884193123397
"Bulloch County, GA",13031,2025-11-30,1541.3698893698893,2024-11-30,1464.4628999331528,5.251549181631503
"Umatilla County, OR",41059,2025-11-30,1482.0244708994708,2024-11-30,1438.7937878769912,3.0046476004228833
"Natrona County, WY",56025,2025-11-30,1264.6153846153843,2024-11-30,1231.211505675071,2.713090219376885
"Floyd County, IN",18043,2025-11-30,1242.815873015873,2024-11-30,1191.6115657702546,4.297063633527257
"Bedford County, VA",51019,2025-11-30,1327.1666666666667,2024-11-30,,
"Putnam County, TN",47141,2025-11-30,1485.7285714285715,2024-11-30,1455.1853695861514,2.098921723704964
"Clinton County, MI",26037,2025-11-30,1735.5,2024-11-30,1666.025860816029,4.170051667141714
"Lynchburg City, VA",51680,2025-11-30,1282.4016091954024,2024-11-30,1257.9434853380956,1.944294329783289
"Wilson County, NC",37195,2025-11-30,1262.25,2024-11-30,1231.156666497115,2.525538329037489
"Hancock County, IN",18059,2025-11-30,1677.9537037037037,2024-11-30,1601.89631124422,4.747959772777593
"Chelan County, WA",53007,2025-11-30,1746.882508558979,2024-11-30,1748.5299579570794,-0.0942191119233242
"Sullivan County, NY",36105,2025-11-30,1804.1722222222224,2024-11-30,1819.8920731331557,-0.863779294552874
"Oconee County, SC",45073,2025-11-30,1500.5555555555557,2024-11-30,1348.4434893387595,11.280566625108468
"James City County, VA",51095,2025-11-30,2004.6396825396823,2024-11-30,1876.9356382508145,6.803858464101623
"Forrest County, MS",28035,2025-11-30,1117.617845117845,2024-11-30,1105.8041106399728,1.0683388101202802
"Cole County, MO",29051,2025-11-30,981.736111111111,2024-11-30,889.8359772310755,10.327761096601575
"Cattaraugus County, NY",36009,2025-11-30,1088.888888888889,2024-11-30,,
"Augusta County, VA",51015,2025-11-30,1589.2222222222224,2024-11-30,1466.469108065511,8.370658030337983
"White County, AR",5145,2025-11-30,1308.3333333333333,2024-11-30,1234.4655946423,5.983782700111403
"Clallam County, WA",53009,2025-11-30,1819.388888888889,2024-11-30,1696.399843681436,7.250003332972997
"Anderson County, TN",47001,2025-11-30,1600.742965367965,2024-11-30,1543.1075650078917,3.7350215673253238
"Cayuga County, NY",36011,2025-11-30,1220.8333333333333,2024-11-30,1132.7701903524655,7.774140221104031
"Walker County, TX",48471,2025-11-30,1382.8636363636365,2024-11-30,1394.2139860649652,-0.814103847384573
"Cheshire County, NH",33005,2025-11-30,1822.767857142857,2024-11-30,1741.01630215029,4.695622602246614
"Valencia County, NM",35061,2025-11-30,1929.484126984127,2024-11-30,1424.5296519134506,35.44710174283937
"Erie County, OH",39043,2025-11-30,1405.211111111111,2024-11-30,,
"Van Buren County, MI",26159,2025-11-30,1625.8333333333333,2024-11-30,,
"Hancock County, OH",39063,2025-11-30,1309.7222222222224,2024-11-30,1266.5533179073225,3.408376394783462
"Chatham County, NC",37037,2025-11-30,1785.222222222222,2024-11-30,1741.3151850876764,2.5214870639478653
"Vermilion County, IL",17183,2025-11-30,815.3720538720539,2024-11-30,762.9235087464585,6.8746793779853945
"Raleigh County, WV",54081,2025-11-30,996.111111111111,2024-11-30,946.8365188716216,5.204128828724483
"Grays Harbor County, WA",53027,2025-11-30,1468.0639730639732,2024-11-30,1395.27358906746,5.216925523915568
"Somerset County, PA",42111,2025-11-30,882.25,2024-11-30,,
"Wood County, WI",55141,2025-11-30,902.570707070707,2024-11-30,,
"Jackson County, GA",13157,2025-11-30,2163.221620227038,2024-11-30,2090.0339765031576,3.5017442083085513
"Lonoke County, AR",5085,2025-11-30,1382.8796296296296,2024-11-30,1323.4549163495565,4.49011995391444
"Lauderdale County, MS",28075,2025-11-30,1195.6666666666667,2024-11-30,1138.007178822391,5.066706864181791
"Walton County, FL",12131,2025-11-30,2107.48225308642,2024-11-30,2085.1094067728727,1.0729818896253331
"Kauai County, HI",15007,2025-11-30,3586.1111111111113,2024-11-30,,
"Putnam County, FL",12107,2025-11-30,1368.702380952381,2024-11-30,1345.7456899333588,1.7058714132057884
"Grand Forks County, ND",38035,2025-11-30,1150.8136706500552,2024-11-30,1066.3215310797548,7.923701914256938
"Lea County, NM",35025,2025-11-30,1363.1166666666666,2024-11-30,1256.6406665934398,8.473066557830474
"Riley County, KS",20161,2025-11-30,1338.5638836576688,2024-11-30,1265.212821924994,5.797527535412805
"Fauquier County, VA",51061,2025-11-30,2094.3611111111113,2024-11-30,,
"Christian County, KY",21047,2025-11-30,1128.388888888889,2024-11-30,1125.6006427661716,0.2477118452833456
"Broomfield County, CO",8014,2025-11-30,2031.0222971132896,2024-11-30,2093.2875974403364,-2.974522010410064
"Pottawatomie County, OK",40125,2025-11-30,986.3148148148148,2024-11-30,962.5006334009394,2.47419903815849
"Robertson County, TN",47147,2025-11-30,1688.419413919414,2024-11-30,1692.6123294203114,-0.24771859616155972
"York County, VA",51199,2025-11-30,1909.5961328976032,2024-11-30,1851.748113298342,3.1239680593610504
"Morgan County, IN",18109,2025-11-30,1614.4444444444443,2024-11-30,,
"Tooele County, UT",49045,2025-11-30,1956.8055555555557,2024-11-30,1946.4755366947447,0.5307037600047128
"Franklin County, MA",25011,2025-11-30,1790.8333333333333,2024-11-30,,
"Iberia Parish, LA",22045,2025-11-30,1188.1944444444446,2024-11-30,,
"Portage County, WI",55097,2025-11-30,1162.687830687831,2024-11-30,1110.8497781979652,4.666522288365407
"Lewis and Clark County, MT",30049,2025-11-30,1522.8425925925924,2024-11-30,1481.7811336744726,2.771087982224266
"Greene County, TN",47059,2025-11-30,1308.3333333333333,2024-11-30,1150.1183447862793,13.756409439452447
"Boone County, IN",18011,2025-11-30,1776.5168361332153,2024-11-30,1700.89258925603,4.446150647893835
"Ward County, ND",38101,2025-11-30,1018.4212715389184,2024-11-30,958.3006182717124,6.273673638615937
"Troup County, GA",13285,2025-11-30,1340.4888888888888,2024-11-30,1294.2903081736094,3.569414096940185
"Greenwood County, SC",45047,2025-11-30,1135.75,2024-11-30,1072.489125352343,5.898509658722547
"Columbia County, FL",12023,2025-11-30,1438.4722222222224,2024-11-30,1326.169040674945,8.468240330065413
"Klamath County, OR",41035,2025-11-30,1313.8888888888887,2024-11-30,1276.5666774858323,2.9236397958124347
"Allegany County, MD",24001,2025-11-30,943.4880952380952,2024-11-30,886.0264183918496,6.4853231973081975
"Harrison County, TX",48203,2025-11-30,1307.986111111111,2024-11-30,,
"Blue Earth County, MN",27013,2025-11-30,1489.9444444444443,2024-11-30,1409.4148814223934,5.7136875794003155
"San Patricio County, TX",48409,2025-11-30,1311.884175084175,2024-11-30,1367.967224364544,-4.0997363300441
"Madison County, NY",36053,2025-11-30,1276.6666666666667,2024-11-30,1211.191292185951,5.405865688032336
"Shiawassee County, MI",26155,2025-11-30,1039.0,2024-11-30,,
"Jefferson County, AR",5069,2025-11-30,885.6944444444445,2024-11-30,,
"Wise County, TX",48497,2025-11-30,1705.875,2024-11-30,1689.4972417872211,0.9693865019544982
"Carteret County, NC",37031,2025-11-30,1736.225925925926,2024-11-30,1586.254101528643,9.454464089502302
"Walker County, GA",13295,2025-11-30,1446.5611111111111,2024-11-30,1444.859297816629,0.11778401516700607
"Lake County, CA",6033,2025-11-30,1752.2916666666667,2024-11-30,1628.575729660873,7.5965725604639625
"Franklin County, NC",37069,2025-11-30,1781.847222222222,2024-11-30,1649.5629511535224,8.019352700434656
"Oldham County, KY",21185,2025-11-30,1832.5,2024-11-30,,
"Catoosa County, GA",13047,2025-11-30,1290.3915343915344,2024-11-30,1287.5677494204956,0.21931156417281314
"Butler County, KS",20015,2025-11-30,1221.1666666666667,2024-11-30,1174.9414027625317,3.9342612146826967
"Otero County, NM",35035,2025-11-30,1489.4074592074594,2024-11-30,1398.845729039372,6.474032717694957
"Aroostook County, ME",23003,2025-11-30,950.0,2024-11-30,,
"Williamson County, IL",17199,2025-11-30,1067.2619047619048,2024-11-30,987.4713895564812,8.080286279611727
"Laurens County, SC",45059,2025-11-30,1012.8333333333334,2024-11-30,916.6477910106192,10.493184325101355
"Belmont County, OH",39013,2025-11-30,786.6666666666666,2024-11-30,,
"Saint Francois County, MO",29187,2025-11-30,1019.111111111111,2024-11-30,,
"Muskogee County, OK",40101,2025-11-30,1075.2222222222222,2024-11-30,980.2836262303406,9.68480891157653
"Rice County, MN",27131,2025-11-30,1418.6666666666667,2024-11-30,1347.0409141433672,5.3172662961651
"Spalding County, GA",13255,2025-11-30,1261.1524216524217,2024-11-30,1234.8111940037884,2.1332190521551513
"Wayne County, IN",18177,2025-11-30,800.9166666666666,2024-11-30,735.5841290768255,8.881722022990743
"Montcalm County, MI",26117,2025-11-30,1157.1666666666667,2024-11-30,,
"Marquette County, MI",26103,2025-11-30,1354.2857142857144,2024-11-30,1330.3864687728228,1.7964137544887102
"Harrison County, WV",54033,2025-11-30,1023.0,2024-11-30,961.7443315368351,6.369225838355643
"Crow Wing County, MN",27035,2025-11-30,1158.75,2024-11-30,,
"Adams County, IL",17001,2025-11-30,981.25,2024-11-30,842.5783536612139,16.45801197434317
"Chippewa County, WI",55017,2025-11-30,1132.5833333333333,2024-11-30,1094.178361386474,3.5099370726171926
"Isabella County, MI",26073,2025-11-30,1241.6666666666667,2024-11-30,1189.0038568810955,4.429153823244297
"Warren County, NY",36113,2025-11-30,1346.8055555555557,2024-11-30,,
"Marion County, OH",39101,2025-11-30,1197.8333333333337,2024-11-30,,
"Jefferson County, OH",39081,2025-11-30,858.3333333333334,2024-11-30,786.9405864026705,9.072190221757326
"Tehama County, CA",6103,2025-11-30,1587.6388888888887,2024-11-30,1465.742222903544,8.316378151669468
"Sauk County, WI",55111,2025-11-30,1085.8287037037037,2024-11-30,1033.238316830461,5.08986029811282
"Walker County, AL",1127,2025-11-30,1316.361111111111,2024-11-30,1337.1703402200767,-1.556213780926426
"Clay County, MN",27027,2025-11-30,999.2440476190476,2024-11-30,978.8288849628544,2.085672273245992
"Chaves County, NM",35005,2025-11-30,1167.3809523809523,2024-11-30,1099.1450089892694,6.2080929116377455
"Columbia County, PA",42037,2025-11-30,1041.4351851851852,2024-11-30,1033.056786952601,0.8110297844612729
"Kershaw County, SC",45055,2025-11-30,1685.9333333333334,2024-11-30,,
"Mason County, WA",53045,2025-11-30,2079.9007936507937,2024-11-30,1997.6729759415289,4.1161801105363525
"Nacogdoches County, TX",48347,2025-11-30,951.8518518518518,2024-11-30,889.1162408733359,7.055951527428385
"Carbon County, PA",42025,2025-11-30,1268.0,2024-11-30,1191.359962365887,6.432987514698397
"Salem County, NJ",34033,2025-11-30,1718.0555555555557,2024-11-30,,
"Pulaski County, KY",21199,2025-11-30,1130.4444444444443,2024-11-30,,
"Coos County, OR",41011,2025-11-30,1550.5873015873017,2024-11-30,1490.2958159578595,4.045605240506626
"Liberty County, GA",13179,2025-11-30,1715.144007155635,2024-11-30,1675.405313203663,2.371885396255847
"Hamblen County, TN",47063,2025-11-30,1477.2222222222224,2024-11-30,1426.7279478970734,3.539166271998464
"Lamar County, MS",28073,2025-11-30,1392.3246376811594,2024-11-30,1369.4252820213237,1.672187300794927
"Warrick County, IN",18173,2025-11-30,1544.2916666666667,2024-11-30,1398.350622847247,10.436655974183525
"Belknap County, NH",33001,2025-11-30,1827.409090909091,2024-11-30,1761.8161245139688,3.723031335816459
"Effingham County, GA",13103,2025-11-30,2209.0740740740744,2024-11-30,2194.0424238414575,0.6851121049108303
"San Benito County, CA",6069,2025-11-30,2787.0833333333335,2024-11-30,2736.518715810522,1.847771668093089
"Lincoln County, SD",46083,2025-11-30,1364.9791666666667,2024-11-30,1318.2136985535735,3.5476393671532334
"Pope County, AR",5115,2025-11-30,891.6666666666666,2024-11-30,854.4438588348104,4.356378414682073
"Georgetown County, SC",45043,2025-11-30,1743.888888888889,2024-11-30,1770.014414141267,-1.4760063558608398
"Athens County, OH",39009,2025-11-30,965.3959595959597,2024-11-30,914.8021652152804,5.530572215990875
"Lee County, NC",37105,2025-11-30,1728.888888888889,2024-11-30,1658.0910452172131,4.269840541983092
"Garfield County, OK",40047,2025-11-30,1075.930769230769,2024-11-30,1047.927316008103,2.67227056637291
"Hall County, NE",31079,2025-11-30,1246.2186147186148,2024-11-30,1199.2322947431353,3.9180332435546688
"Knox County, OH",39083,2025-11-30,1440.5,2024-11-30,,
"Walla Walla County, WA",53071,2025-11-30,1471.0505952380954,2024-11-30,1435.3346475971737,2.4883359222681714
"Laurel County, KY",21125,2025-11-30,1025.0,2024-11-30,,
"Reno County, KS",20155,2025-11-30,803.0584415584416,2024-11-30,778.6500214282164,3.134710005588228
"Union County, OH",39159,2025-11-30,1533.7224627224623,2024-11-30,1493.7613994662158,2.675197208237289
"Haywood County, NC",37087,2025-11-30,1515.8333333333333,2024-11-30,1455.543454740971,4.142087163113352
"Columbia County, NY",36021,2025-11-30,2135.9603174603176,2024-11-30,2133.366052156244,0.12160432108926052
"Garfield County, CO",8045,2025-11-30,2560.5714285714284,2024-11-30,2518.1986303457893,1.6826630637878106
"Eddy County, NM",35015,2025-11-30,2208.888888888889,2024-11-30,2125.301453803855,3.9329684236290157
"Tipton County, TN",47167,2025-11-30,1915.2777777777776,2024-11-30,1913.6774239113652,0.08362714877732477
"Crawford County, AR",5033,2025-11-30,1051.40873015873,2024-11-30,984.9231669266,6.750329920616507
"Granville County, NC",37077,2025-11-30,1716.6666666666667,2024-11-30,,
"Rutland County, VT",50021,2025-11-30,1674.3055555555557,2024-11-30,,
"Cumberland County, TN",47035,2025-11-30,1624.6666666666667,2024-11-30,1540.3413269531322,5.474458046278223
"Hood County, TX",48221,2025-11-30,1715.749299719888,2024-11-30,1658.9453853798157,3.424097914294337
"Bradford County, PA",42015,2025-11-30,1163.888888888889,2024-11-30,,
"Pender County, NC",37141,2025-11-30,1989.805860805861,2024-11-30,1927.8110588345949,3.215813172518229
"Washington County, OH",39167,2025-11-30,1280.0,2024-11-30,,
"Mercer County, WV",54055,2025-11-30,867.6666666666666,2024-11-30,791.4010118018963,9.63679016420833
"Otter Tail County, MN",27111,2025-11-30,975.5555555555557,2024-11-30,903.032036927578,8.031112481316532
"Washington County, VT",50023,2025-11-30,1325.0,2024-11-30,1307.8842189466884,1.3086617917215853
"Otsego County, NY",36077,2025-11-30,1694.0,2024-11-30,1526.5388092168291,10.969992362597363
"Lowndes County, MS",28087,2025-11-30,1352.8492063492065,2024-11-30,1326.3765180329729,1.9958652732704327
"Blount County, AL",1009,2025-11-30,1350.0,2024-11-30,,
"Van Zandt County, TX",48467,2025-11-30,1455.5555555555557,2024-11-30,,
"Kenai Peninsula Borough, AK",2122,2025-11-30,1688.75,2024-11-30,,
"Russell County, AL",1113,2025-11-30,1319.861111111111,2024-11-30,1237.583911495997,6.648211798071701
"Lincoln County, MO",29113,2025-11-30,1320.8333333333333,2024-11-30,,
"Newton County, MO",29145,2025-11-30,1322.233766233766,2024-11-30,1148.0361088296563,15.173534705427697
"Huron County, OH",39077,2025-11-30,1326.1666666666667,2024-11-30,,
"Pickaway County, OH",39129,2025-11-30,1404.4166666666667,2024-11-30,1255.963558829414,11.819857892661652
"Pike County, PA",42103,2025-11-30,2000.0,2024-11-30,,
"Autauga County, AL",1001,2025-11-30,1743.6619528619528,2024-11-30,1731.382488971176,0.7092288370129954
"Columbia County, WI",55021,2025-11-30,1238.4166666666667,2024-11-30,,
"Lyon County, NV",32019,2025-11-30,1786.2037037037037,2024-11-30,1726.489337478319,3.458716189501787
"Carson City, NV",32510,2025-11-30,1821.3106893106897,2024-11-30,1750.6372868870778,4.037010005041125
"Oxford County, ME",23017,2025-11-30,1350.0,2024-11-30,,
"Jefferson County, WV",54037,2025-11-30,1887.227513227513,2024-11-30,1846.6197289306283,2.199033383034451
"Windsor County, VT",50027,2025-11-30,1656.809523809524,2024-11-30,1617.4750824487826,2.431842183385661
"Putnam County, WV",54079,2025-11-30,1204.1666666666667,2024-11-30,,
"Coffee County, TN",47031,2025-11-30,1514.8666666666668,2024-11-30,1460.6306409182655,3.7131923861534446
"Gordon County, GA",13129,2025-11-30,1736.5555555555557,2024-11-30,1626.7217356449275,6.751850516528789
"Box Elder County, UT",49003,2025-11-30,1264.3055555555557,2024-11-30,1203.5592945594185,5.047217970127035
"Carter County, TN",47019,2025-11-30,1292.0833333333333,2024-11-30,,
"Scott County, KY",21209,2025-11-30,1530.126984126984,2024-11-30,1474.917376751476,3.7432339089466784
"Marion County, WV",54049,2025-11-30,1011.9444444444443,2024-11-30,959.6808578912584,5.445934043951512
"Cherokee County, SC",45021,2025-11-30,1063.8333333333333,2024-11-30,,
"Hardin County, TX",48199,2025-11-30,1508.9444444444443,2024-11-30,1447.541667605864,4.24186593123336
"Colbert County, AL",1033,2025-11-30,981.8333333333334,2024-11-30,923.1642613283004,6.355214826082695
"Taney County, MO",29213,2025-11-30,1235.079365079365,2024-11-30,1180.3988775494504,4.632373731448584
"Iron County, UT",49021,2025-11-30,1458.222222222222,2024-11-30,1463.490294062076,-0.3599662984598189
"Lafayette County, MS",28071,2025-11-30,2560.271043771044,2024-11-30,2437.994857160081,5.015440711527878
"Eagle County, CO",8037,2025-11-30,3389.4981684981685,2024-11-30,3290.315327907535,3.0143870938263087
"La Plata County, CO",8067,2025-11-30,1949.701587301587,2024-11-30,1932.6430213355477,0.8826547778208476
"Campbell County, VA",51031,2025-11-30,1277.861111111111,2024-11-30,1225.3842796603572,4.282479571657233
"Waller County, TX",48473,2025-11-30,2380.31746031746,2024-11-30,2361.635595177989,0.7910562144987732
"Hancock County, ME",23009,2025-11-30,1905.4166666666667,2024-11-30,,
"Lenoir County, NC",37107,2025-11-30,1075.0,2024-11-30,,
"Tuolumne County, CA",6109,2025-11-30,1530.2777777777776,2024-11-30,,
"Franklin County, VA",51067,2025-11-30,1033.3333333333333,2024-11-30,,
"Saline County, KS",20169,2025-11-30,1076.5277777777776,2024-11-30,1032.1886082202875,4.295646086807744
"Jefferson County, TN",47089,2025-11-30,1472.2222222222224,2024-11-30,,
"Loudon County, TN",47105,2025-11-30,1730.1666666666667,2024-11-30,1708.4542284044096,1.270882058253045
"Camden County, GA",13039,2025-11-30,1623.5351851851854,2024-11-30,1589.9878197571004,2.109913359789758
"Watauga County, NC",37189,2025-11-30,1790.3125,2024-11-30,,
"Dickson County, TN",47043,2025-11-30,1800.0,2024-11-30,,
"Johnson County, MO",29101,2025-11-30,1028.75,2024-11-30,984.529187435254,4.491569486115829
"Jackson County, IL",17077,2025-11-30,688.7083333333334,2024-11-30,672.5055046471492,2.4093228344183535
"Fulton County, NY",36035,2025-11-30,1113.4722222222224,2024-11-30,,
"Pulaski County, MO",29169,2025-11-30,1163.0085470085469,2024-11-30,1086.2969333760202,7.06175367669689
"Elko County, NV",32007,2025-11-30,1501.25,2024-11-30,1475.0444505700348,1.776593879583631
"Roane County, TN",47145,2025-11-30,1250.6944444444443,2024-11-30,,
"Gila County, AZ",4007,2025-11-30,1683.8888888888887,2024-11-30,,
"McMinn County, TN",47107,2025-11-30,1090.4444444444443,2024-11-30,1017.808598336303,7.136493661663986
"Coffee County, AL",1031,2025-11-30,1331.8648018648018,2024-11-30,1280.9948849981308,3.9711256822657215
"Jessamine County, KY",21113,2025-11-30,1499.1666666666667,2024-11-30,1424.7555753318572,5.222726804734735
"Ashland County, OH",39005,2025-11-30,903.3333333333334,2024-11-30,860.0244264544526,5.035776374099813
"Rusk County, TX",48401,2025-11-30,1067.75,2024-11-30,,
"Kerr County, TX",48265,2025-11-30,1609.111111111111,2024-11-30,1623.4970063056137,-0.8861054340493529
"Washington County, OK",40147,2025-11-30,1049.074074074074,2024-11-30,1010.1816328992276,3.8500443789722048
"Columbia County, OR",41009,2025-11-30,1843.6507936507935,2024-11-30,1781.0591343117458,3.5142942832852664
"Grundy County, IL",17063,2025-11-30,1383.5,2024-11-30,,
"Saint Charles Parish, LA",22089,2025-11-30,1557.5,2024-11-30,,
"Worcester County, MD",24047,2025-11-30,1890.2083333333333,2024-11-30,1827.9634330516144,3.4051501882511293
"Hoke County, NC",37093,2025-11-30,1735.4305555555554,2024-11-30,1656.022491987829,4.795107793035342
"Calumet County, WI",55015,2025-11-30,848.0,2024-11-30,,
"Harrisonburg City, VA",51660,2025-11-30,1533.0952380952383,2024-11-30,1389.672443429961,10.320618743168286
"Culpeper County, VA",51047,2025-11-30,1740.5555555555554,2024-11-30,,
"Navarro County, TX",48349,2025-11-30,1477.1333333333332,2024-11-30,1435.402660798374,2.9072450312826197
"Warren County, IA",19181,2025-11-30,1110.3055555555557,2024-11-30,1080.7958799901237,2.7303652902249795
"Darke County, OH",39037,2025-11-30,775.0,2024-11-30,,
"Cass County, MI",26027,2025-11-30,1225.0,2024-11-30,,
"Oktibbeha County, MS",28105,2025-11-30,1266.9166666666667,2024-11-30,1210.3601691878018,4.672699822633497
"Franklin County, KY",21073,2025-11-30,1013.423148148148,2024-11-30,951.9036027219864,6.462791531647246
"Wayne County, PA",42127,2025-11-30,1408.3333333333333,2024-11-30,,
"Madison County, ID",16065,2025-11-30,1281.934523809524,2024-11-30,1255.1954005761816,2.1302757499803033
"Bristol County, RI",44001,2025-11-30,2471.547619047619,2024-11-30,2317.5776793056157,6.643571912037703
"Medina County, TX",48325,2025-11-30,1981.6666666666667,2024-11-30,,
"Somerset County, ME",23025,2025-11-30,1233.3333333333337,2024-11-30,,
"Gibson County, TN",47053,2025-11-30,1224.1666666666667,2024-11-30,,
"Nye County, NV",32023,2025-11-30,1451.4462962962962,2024-11-30,1425.801439881454,1.7986274734702508
"Lamar County, TX",48277,2025-11-30,1352.2222222222224,2024-11-30,,
"Winona County, MN",27169,2025-11-30,1035.9848484848485,2024-11-30,932.1625601973318,11.137787840946787
"Lincoln County, OR",41041,2025-11-30,1928.388888888889,2024-11-30,1844.864282301084,4.527411983044382
"Buffalo County, NE",31019,2025-11-30,1512.25,2024-11-30,,
"Franklin County, VT",50011,2025-11-30,1804.1666666666667,2024-11-30,,
"Queen Annes County, MD",24035,2025-11-30,2500.0,2024-11-30,,
"Edgecombe County, NC",37065,2025-11-30,1039.398148148148,2024-11-30,986.5038929585112,5.361788794467676
"Montgomery County, NY",36057,2025-11-30,1268.75,2024-11-30,,
"Dale County, AL",1045,2025-11-30,1252.7777777777776,2024-11-30,1150.614154278098,8.879051515212545
"Wilson County, TX",48493,2025-11-30,1852.5,2024-11-30,,
"Polk County, TX",48373,2025-11-30,1388.1666666666667,2024-11-30,,
"Halifax County, NC",37083,2025-11-30,1318.75,2024-11-30,,
"Laurens County, GA",13175,2025-11-30,1047.5,2024-11-30,1052.1046958099064,-0.43766517041934794
"Douglas County, NV",32005,2025-11-30,2271.688311688312,2024-11-30,2194.2252181163662,3.530316438457663
"Vernon Parish, LA",22115,2025-11-30,1255.5555555555557,2024-11-30,1205.268070577829,4.172307074692352
"Fremont County, CO",8043,2025-11-30,1287.7777777777776,2024-11-30,1236.9079978974771,4.112656718751114
"Logan County, OK",40083,2025-11-30,1405.9444444444443,2024-11-30,1283.570722453176,9.533851142801566
"Henry County, IN",18065,2025-11-30,939.5833333333334,2024-11-30,,
"Curry County, NM",35009,2025-11-30,1259.2765567765568,2024-11-30,1179.3906658644594,6.773488482168324
"Burnet County, TX",48053,2025-11-30,1648.832070707071,2024-11-30,1607.2255818158428,2.5887149484157095
"Lincoln Parish, LA",22061,2025-11-30,1047.6825396825398,2024-11-30,998.6203983621482,4.912992103992577
"Shelby County, OH",39149,2025-11-30,1358.3333333333333,2024-11-30,,
"Whitman County, WA",53075,2025-11-30,1576.7894736842106,2024-11-30,1507.2293589804567,4.615098179271591
"Carter County, OK",40019,2025-11-30,1047.361111111111,2024-11-30,1001.0615223407192,4.625049283897405
"Jackson County, FL",12063,2025-11-30,987.25,2024-11-30,,
"Greene County, NY",36039,2025-11-30,1711.6666666666667,2024-11-30,1631.5531917277067,4.91025823400371
"Val Verde County, TX",48465,2025-11-30,1436.1111111111113,2024-11-30,,
"Coles County, IL",17029,2025-11-30,843.7222222222222,2024-11-30,,
"Shelby County, KY",21211,2025-11-30,1438.1944444444443,2024-11-30,,
"Santa Cruz County, AZ",4023,2025-11-30,1325.0,2024-11-30,,
"Cherokee County, OK",40021,2025-11-30,1023.0555555555557,2024-11-30,955.7149028286208,7.046102611524352
"Noble County, IN",18113,2025-11-30,900.0,2024-11-30,,
"Cortland County, NY",36023,2025-11-30,1156.25,2024-11-30,1106.2415536099884,4.520572042048094
"Campbell County, WY",56005,2025-11-30,1360.8974358974358,2024-11-30,1376.3951668376303,-1.1259652252195638
"Charlottesville City, VA",51540,2025-11-30,2056.588549955791,2024-11-30,1895.933584854264,8.47365996282388
"Clinton County, IA",19045,2025-11-30,818.6111111111112,2024-11-30,,
"Barron County, WI",55005,2025-11-30,961.6666666666666,2024-11-30,,
"Bonner County, ID",16017,2025-11-30,2333.6666666666665,2024-11-30,,
"Nelson County, KY",21179,2025-11-30,1050.0,2024-11-30,,
"Mifflin County, PA",42087,2025-11-30,900.0,2024-11-30,,
"Monroe County, WI",55081,2025-11-30,1122.5,2024-11-30,1146.969474356952,-2.1334024055584306
"Beltrami County, MN",27007,2025-11-30,1410.0,2024-11-30,,
"Hancock County, MS",28045,2025-11-30,1540.0,2024-11-30,1433.1185955395454,7.457959501266227
"Bryan County, OK",40013,2025-11-30,1629.3333333333333,2024-11-30,1608.073953846418,1.3220399121610154
"Thomas County, GA",13275,2025-11-30,1581.6666666666667,2024-11-30,1525.9021454384035,3.6545280046278226
"Greene County, AR",5055,2025-11-30,938.2738095238096,2024-11-30,855.8212381101338,9.634321718370959
"Henderson County, KY",21101,2025-11-30,772.5,2024-11-30,,
"Caldwell County, TX",48055,2025-11-30,1753.6333333333332,2024-11-30,1684.4809407338132,4.105264175289216
"Chambers County, TX",48071,2025-11-30,2037.05,2024-11-30,1931.732721649948,5.451959123004217
"Dunn County, WI",55033,2025-11-30,1096.875,2024-11-30,1043.5513311526552,5.1098271120449965
"Chilton County, AL",1021,2025-11-30,1260.0,2024-11-30,,
"Stephenson County, IL",17177,2025-11-30,736.6666666666666,2024-11-30,656.3395118592698,12.238659010463522
"Polk County, WI",55095,2025-11-30,1297.5,2024-11-30,,
"Beaufort County, NC",37013,2025-11-30,1362.5,2024-11-30,,
"Phelps County, MO",29161,2025-11-30,783.8511904761905,2024-11-30,729.8613957691755,7.397266798871726
"Branch County, MI",26023,2025-11-30,1100.0,2024-11-30,,
"Delaware County, NY",36025,2025-11-30,1175.0,2024-11-30,,
"McDowell County, NC",37111,2025-11-30,1579.1666666666667,2024-11-30,,
"Shenandoah County, VA",51171,2025-11-30,1647.2222222222224,2024-11-30,,
"Siskiyou County, CA",6093,2025-11-30,1690.8333333333333,2024-11-30,,
"Kittitas County, WA",53037,2025-11-30,1488.914141414141,2024-11-30,1489.203879060429,-0.019455875072707005
"Douglas County, WI",55031,2025-11-30,1240.611111111111,2024-11-30,1131.0233338167425,9.689258746285503
"Kay County, OK",40071,2025-11-30,786.1111111111112,2024-11-30,,
"Madison County, OH",39097,2025-11-30,1848.0,2024-11-30,,
"Baldwin County, GA",13009,2025-11-30,1133.5555555555554,2024-11-30,1067.4787497834293,6.189987930488718
"Kendall County, TX",48259,2025-11-30,1514.975396825397,2024-11-30,1444.5574112331024,4.87471006999884
"Pittsburg County, OK",40121,2025-11-30,1032.888888888889,2024-11-30,,
"Saint Bernard Parish, LA",22087,2025-11-30,1461.4814814814815,2024-11-30,1389.3526385212626,5.191543238222672
"Ravalli County, MT",30081,2025-11-30,1897.5833333333333,2024-11-30,,
"Kandiyohi County, MN",27067,2025-11-30,1258.3333333333337,2024-11-30,,
"Dubois County, IN",18037,2025-11-30,1377.5,2024-11-30,,
"Bryan County, GA",13029,2025-11-30,2171.858119658119,2024-11-30,2156.81574181018,0.6974345353819669
"Cerro Gordo County, IA",19033,2025-11-30,1011.9444444444443,2024-11-30,,
"Sullivan County, NH",33019,2025-11-30,1544.4444444444443,2024-11-30,1458.7389153155236,5.8753165648139785
"Union County, PA",42119,2025-11-30,1241.875,2024-11-30,,
"Camden County, MO",29029,2025-11-30,1370.3,2024-11-30,1352.1551193260673,1.341923009763579
"Jackson County, NC",37099,2025-11-30,1510.0,2024-11-30,,
"Stephens County, OK",40137,2025-11-30,886.25,2024-11-30,,
"Pettis County, MO",29159,2025-11-30,1077.7777777777776,2024-11-30,981.1735936517274,9.845779049812093
"Miller County, AR",5091,2025-11-30,1441.6666666666663,2024-11-30,,
"Manassas City, VA",51683,2025-11-30,2182.3396825396826,2024-11-30,2077.1501760762194,5.06412620883139
"Polk County, GA",13233,2025-11-30,1343.5833333333337,2024-11-30,,
"Vance County, NC",37181,2025-11-30,935.8888888888888,2024-11-30,,
"Douglas County, WA",53017,2025-11-30,2277.277777777778,2024-11-30,2236.690650361262,1.8146062089525046
"Ohio County, WV",54069,2025-11-30,971.309523809524,2024-11-30,911.6616709502098,6.542761943380182
"Danville City, VA",51590,2025-11-30,1160.4166666666667,2024-11-30,1084.681251942209,6.982273786778135
"Davie County, NC",37059,2025-11-30,1855.0,2024-11-30,,
"Franklin County, TN",47051,2025-11-30,1456.25,2024-11-30,,
"Sweetwater County, WY",56037,2025-11-30,1178.8253968253969,2024-11-30,1194.0832911024422,-1.2777914564869626
"Saint John the Baptist Parish, LA",22095,2025-11-30,1680.5555555555557,2024-11-30,1676.1096100810264,0.26525386214534785
"Montrose County, CO",8085,2025-11-30,1838.1944444444443,2024-11-30,1780.2431111555136,3.255248281866173
"Butler County, MO",29023,2025-11-30,900.0,2024-11-30,,
"Erath County, TX",48143,2025-11-30,908.575,2024-11-30,909.861659702116,-0.14141267393739373
"Prince George County, VA",51149,2025-11-30,1847.5,2024-11-30,,
"Summit County, UT",49043,2025-11-30,3545.571428571429,2024-11-30,3383.9357256113035,4.77655948772272
"Wharton County, TX",48481,2025-11-30,1271.6666666666667,2024-11-30,,
"Fayette County, TN",47047,2025-11-30,1941.0555555555557,2024-11-30,1915.0727622653635,1.3567522760574788
"Baxter County, AR",5005,2025-11-30,1050.0,2024-11-30,,
"Cooke County, TX",48097,2025-11-30,1429.6666666666667,2024-11-30,,
"McClain County, OK",40087,2025-11-30,1450.428571428571,2024-11-30,1387.773399462396,4.514798452719078
"Tift County, GA",13277,2025-11-30,1247.5,2024-11-30,,
"Benton County, MN",27009,2025-11-30,1105.4444444444443,2024-11-30,,
"Tioga County, PA",42117,2025-11-30,1050.0,2024-11-30,,
"Oconee County, GA",13219,2025-11-30,1824.1666666666667,2024-11-30,1787.465181554404,2.0532699316887806
"Cheatham County, TN",47021,2025-11-30,1664.7301587301588,2024-11-30,1674.212401386605,-0.5663703511330427
"Warren County, TN",47177,2025-11-30,692.6666666666666,2024-11-30,,
"Upshur County, TX",48459,2025-11-30,1335.0,2024-11-30,,
"Clatsop County, OR",41007,2025-11-30,1748.2777777777776,2024-11-30,1717.6474573207613,1.7832716676793734
"Isanti County, MN",27059,2025-11-30,1376.6666666666667,2024-11-30,,
"Knox County, ME",23013,2025-11-30,1784.1666666666667,2024-11-30,,
"Warren County, VA",51187,2025-11-30,1814.8809523809523,2024-11-30,,
"Pasquotank County, NC",37139,2025-11-30,1459.4623015873017,2024-11-30,1433.8542909232,1.7859562736750354
"Marshall County, IA",19127,2025-11-30,961.25,2024-11-30,,
"Amador County, CA",6005,2025-11-30,2027.777777777778,2024-11-30,,
"Mecosta County, MI",26107,2025-11-30,1167.5,2024-11-30,1145.505446466634,1.9200741123675258
"Mower County, MN",27099,2025-11-30,807.5,2024-11-30,698.7749171128531,15.559385465117892
"Snyder County, PA",42109,2025-11-30,1166.6666666666667,2024-11-30,,
"Latah County, ID",16057,2025-11-30,1283.3333333333333,2024-11-30,1168.451872857911,9.831937724095923
"Hendry County, FL",12051,2025-11-30,2132.5,2024-11-30,,
"Fremont County, WY",56013,2025-11-30,1149.888888888889,2024-11-30,1088.7960889766784,5.61104145493666
"Mayes County, OK",40097,2025-11-30,999.0,2024-11-30,,
"Des Moines County, IA",19057,2025-11-30,814.25,2024-11-30,,
"Crawford County, KS",20037,2025-11-30,809.0277777777778,2024-11-30,,
"Susquehanna County, PA",42115,2025-11-30,1062.5,2024-11-30,,
"Douglas County, MN",27041,2025-11-30,1151.25,2024-11-30,,
"Gloucester County, VA",51073,2025-11-30,1808.3333333333333,2024-11-30,,
"Colleton County, SC",45029,2025-11-30,1250.0,2024-11-30,,
"Brown County, SD",46013,2025-11-30,954.5833333333334,2024-11-30,,
"Williams County, ND",38105,2025-11-30,1355.2073252688172,2024-11-30,1282.3237453316597,5.683711325045058
"Scott County, MO",29201,2025-11-30,1100.0,2024-11-30,,
"Graham County, AZ",4009,2025-11-30,1808.3333333333333,2024-11-30,,
"Lawrence County, MO",29109,2025-11-30,1200.0,2024-11-30,,
"Pontotoc County, OK",40123,2025-11-30,993.3333333333334,2024-11-30,949.3828354092532,4.629375662256873
"Montgomery County, IN",18107,2025-11-30,974.822222222222,2024-11-30,893.9979228635394,9.040770374476544
"Cass County, IN",18017,2025-11-30,912.0,2024-11-30,,
"Clinton County, PA",42035,2025-11-30,914.4444444444443,2024-11-30,865.7384106654922,5.625952733402674
"Independence County, AR",5063,2025-11-30,935.4166666666669,2024-11-30,,
"Talbot County, MD",24041,2025-11-30,2400.0,2024-11-30,,
"Oneida County, WI",55085,2025-11-30,1147.5,2024-11-30,,
"Albany County, WY",56001,2025-11-30,1238.2222222222224,2024-11-30,1215.2290661347815,1.8920841122220726
"Calloway County, KY",21035,2025-11-30,1035.4166666666667,2024-11-30,966.0157982137388,7.184237419435294
"Dodge County, NE",31053,2025-11-30,1175.5555555555554,2024-11-30,1130.1115133402516,4.021199826642387
"Louisa County, VA",51109,2025-11-30,2196.25,2024-11-30,,
"Webster County, IA",19187,2025-11-30,816.3333333333334,2024-11-30,,
"Dyer County, TN",47045,2025-11-30,811.1111111111112,2024-11-30,,
"Clark County, KY",21049,2025-11-30,1275.0,2024-11-30,,
"Hopkins County, TX",48223,2025-11-30,1612.5,2024-11-30,,
"Whitley County, KY",21235,2025-11-30,845.6666666666666,2024-11-30,,
"Sagadahoc County, ME",23023,2025-11-30,1900.0,2024-11-30,,
"Geary County, KS",20061,2025-11-30,1115.3589743589744,2024-11-30,1034.8333488171938,7.781506619768358
"Beauregard Parish, LA",22011,2025-11-30,1600.0,2024-11-30,,
"Matagorda County, TX",48321,2025-11-30,923.3814102564102,2024-11-30,891.8998249210545,3.529722111801318
"Scotts Bluff County, NE",31157,2025-11-30,843.75,2024-11-30,,
"Miami County, IN",18103,2025-11-30,875.0,2024-11-30,,
"Orange County, VA",51137,2025-11-30,1894.3055555555552,2024-11-30,,
"Livingston County, IL",17105,2025-11-30,916.25,2024-11-30,,
"Laclede County, MO",29105,2025-11-30,875.0,2024-11-30,,
"Hill County, TX",48217,2025-11-30,1224.6666666666667,2024-11-30,,
"Washington County, TX",48477,2025-11-30,1646.6666666666667,2024-11-30,,
"Madison County, NE",31119,2025-11-30,1252.388888888889,2024-11-30,,
"Uintah County, UT",49047,2025-11-30,1484.3333333333333,2024-11-30,,
"Fannin County, TX",48147,2025-11-30,1436.25,2024-11-30,,
"Warren County, MO",29219,2025-11-30,1172.0833333333333,2024-11-30,,
"Silver Bow County, MT",30093,2025-11-30,1266.888888888889,2024-11-30,1213.112893974807,4.432892864396394
"Lincoln County, NE",31111,2025-11-30,972.2222222222224,2024-11-30,899.5706500691083,8.07624972508082
"Howard County, TX",48227,2025-11-30,1079.1666666666667,2024-11-30,,
"Steuben County, IN",18151,2025-11-30,1425.0,2024-11-30,,
"Lee County, IL",17103,2025-11-30,912.2222222222222,2024-11-30,,
"Taos County, NM",35055,2025-11-30,2415.833333333333,2024-11-30,,
"Brookings County, SD",46011,2025-11-30,1272.9545454545453,2024-11-30,1254.9083901897293,1.438045629935392
"Halifax County, VA",51083,2025-11-30,1403.125,2024-11-30,,
"Platte County, NE",31141,2025-11-30,1635.625,2024-11-30,,
"Wasatch County, UT",49051,2025-11-30,2679.8869047619046,2024-11-30,2639.4534780215113,1.5318863195384491
"Harvey County, KS",20079,2025-11-30,910.1388888888888,2024-11-30,884.0610693480784,2.9497758067822906
"Emmet County, MI",26047,2025-11-30,2000.0,2024-11-30,,
"Marshall County, TN",47117,2025-11-30,1362.5,2024-11-30,,
"Pulaski County, VA",51155,2025-11-30,981.0,2024-11-30,,
"Botetourt County, VA",51023,2025-11-30,2017.5,2024-11-30,1791.2065641657327,12.633575622232327
"Marion County, IA",19125,2025-11-30,958.1111111111112,2024-11-30,913.91353347644,4.836078689692652
"Petersburg City, VA",51730,2025-11-30,1298.9444444444443,2024-11-30,1247.1631735965968,4.1519242986079785
"Lumpkin County, GA",13187,2025-11-30,2087.5,2024-11-30,1904.3406921328635,9.61799055304531
"Pike County, AL",1109,2025-11-30,980.125,2024-11-30,,
"Wakulla County, FL",12129,2025-11-30,1588.2539682539682,2024-11-30,,
"Clinton County, IN",18023,2025-11-30,850.0,2024-11-30,,
"Jefferson County, IN",18077,2025-11-30,1125.0,2024-11-30,,
"Transylvania County, NC",37175,2025-11-30,2141.6666666666665,2024-11-30,,
"Lassen County, CA",6035,2025-11-30,1240.8333333333333,2024-11-30,,
"Weakley County, TN",47183,2025-11-30,879.1666666666667,2024-11-30,,
"Pickens County, GA",13227,2025-11-30,2258.333333333333,2024-11-30,,
"Lafayette County, MO",29107,2025-11-30,1000.0,2024-11-30,,
"Stark County, ND",38089,2025-11-30,1279.4007936507935,2024-11-30,,
"Jefferson County, WA",53031,2025-11-30,2164.305555555555,2024-11-30,2220.4114260953475,-2.5268231770206624
"Lee County, GA",13177,2025-11-30,1543.3333333333333,2024-11-30,1513.2942221861165,1.9850145931187155
"Lyon County, KS",20111,2025-11-30,722.9166666666666,2024-11-30,702.7558424918363,2.8688234171549394
"Jefferson Davis Parish, LA",22053,2025-11-30,780.0,2024-11-30,,
"Juneau Borough, AK",2110,2025-11-30,2021.25,2024-11-30,,
"Montgomery County, KS",20125,2025-11-30,780.0,2024-11-30,,
"Marshall County, KY",21157,2025-11-30,900.0,2024-11-30,,
"Amherst County, VA",51009,2025-11-30,1073.75,2024-11-30,,
"Coos County, NH",33007,2025-11-30,1200.0,2024-11-30,,
"Malheur County, OR",41045,2025-11-30,1250.0,2024-11-30,,
"Summit County, CO",8117,2025-11-30,3613.152243589744,2024-11-30,3478.0000782003353,3.885916111288365
"Lake County, MT",30047,2025-11-30,1430.8333333333333,2024-11-30,,
"Kleberg County, TX",48273,2025-11-30,1412.5,2024-11-30,1198.3094334250284,17.874395427462215
"Freeborn County, MN",27047,2025-11-30,811.6666666666666,2024-11-30,,
"Caroline County, VA",51033,2025-11-30,1968.5,2024-11-30,2005.916168720932,-1.8652907486552854
"Sheridan County, WY",56033,2025-11-30,1550.0,2024-11-30,,
"Boyle County, KY",21021,2025-11-30,1150.0,2024-11-30,,
"Mecklenburg County, VA",51117,2025-11-30,1484.3055555555557,2024-11-30,1392.5113621525986,6.591988826651868
"Austin County, TX",48015,2025-11-30,1604.1666666666667,2024-11-30,,
"Sumter County, GA",13261,2025-11-30,875.0,2024-11-30,,
"Meade County, SD",46093,2025-11-30,1362.5,2024-11-30,,
"Grimes County, TX",48185,2025-11-30,1450.0,2024-11-30,,
"Morgan County, CO",8087,2025-11-30,1326.388888888889,2024-11-30,,
"Marion County, TN",47115,2025-11-30,1550.0,2024-11-30,,
"Jasper County, SC",45053,2025-11-30,1718.1587301587304,2024-11-30,1766.864916940775,-2.7566446260292814
"Elmore County, ID",16039,2025-11-30,1491.6666666666667,2024-11-30,1420.5872767520336,5.003521506763443
"Palo Pinto County, TX",48363,2025-11-30,1375.0,2024-11-30,,
"Winchester City, VA",51840,2025-11-30,1599.95873015873,2024-11-30,1530.808702669981,4.517221999596697
"Montgomery County, KY",21173,2025-11-30,994.4444444444443,2024-11-30,,
"Fredericksburg City, VA",51630,2025-11-30,2014.528205128205,2024-11-30,1941.5351486504017,3.7595536979354796
"White County, GA",13311,2025-11-30,1287.5,2024-11-30,,
"Union County, MS",28145,2025-11-30,1100.0,2024-11-30,,
"West Baton Rouge Parish, LA",22121,2025-11-30,1481.2777777777776,2024-11-30,,
"Woodford County, KY",21239,2025-11-30,1597.2222222222224,2024-11-30,,
"Gillespie County, TX",48171,2025-11-30,1895.0,2024-11-30,,
"Boone County, IA",19015,2025-11-30,947.5,2024-11-30,,
"Wasco County, OR",41065,2025-11-30,1615.0,2024-11-30,,
"Ashe County, NC",37009,2025-11-30,1399.0,2024-11-30,,
"King George County, VA",51099,2025-11-30,1688.888888888889,2024-11-30,,
"Cass County, NE",31025,2025-11-30,1407.0,2024-11-30,,
"Wyoming County, PA",42131,2025-11-30,1525.0,2024-11-30,,
"Union County, OR",41061,2025-11-30,1515.8333333333333,2024-11-30,,
"Dawson County, GA",13085,2025-11-30,2090.3703703703704,2024-11-30,1996.4174467362711,4.70607606578939
"Montezuma County, CO",8083,2025-11-30,1594.4444444444443,2024-11-30,,
"Lamoille County, VT",50015,2025-11-30,1458.3333333333333,2024-11-30,,
"Barton County, KS",20009,2025-11-30,822.5,2024-11-30,,
"Lawrence County, SD",46081,2025-11-30,1593.0555555555557,2024-11-30,,
"Adair County, MO",29001,2025-11-30,798.2777777777778,2024-11-30,774.288887188953,3.0981835056313667
"Salem City, VA",51775,2025-11-30,1517.9444444444443,2024-11-30,1458.7861543006518,4.055309269928826
"Staunton City, VA",51790,2025-11-30,1402.5,2024-11-30,1287.4719726005674,8.934410212215127
"Churchill County, NV",32001,2025-11-30,1503.6666666666667,2024-11-30,,
"Routt County, CO",8107,2025-11-30,3443.9583333333335,2024-11-30,,
"Bremer County, IA",19017,2025-11-30,700.0,2024-11-30,,
"Teller County, CO",8119,2025-11-30,2074.4333333333334,2024-11-30,2040.5240192875729,1.661794407967793
"Crook County, OR",41013,2025-11-30,1623.0555555555557,2024-11-30,1603.1468050035858,1.2418544882996763
"Goochland County, VA",51075,2025-11-30,1851.6412698412696,2024-11-30,1841.5348388884577,0.5488047654266552
"Union County, GA",13291,2025-11-30,2362.5,2024-11-30,,
"Aransas County, TX",48007,2025-11-30,1656.7777777777776,2024-11-30,,
"Dawson County, NE",31047,2025-11-30,1256.0,2024-11-30,,
"Fairfax City, VA",51600,2025-11-30,2446.6174603174604,2024-11-30,2530.1021976107177,-3.2996587004309705
"Hood River County, OR",41027,2025-11-30,2165.8333333333335,2024-11-30,,
"Blaine County, ID",16013,2025-11-30,2880.0,2024-11-30,,
"Plaquemines Parish, LA",22075,2025-11-30,1700.0,2024-11-30,,
"Ray County, MO",29177,2025-11-30,995.0,2024-11-30,,
"Pacific County, WA",53049,2025-11-30,1666.6666666666667,2024-11-30,,
"Hopewell City, VA",51670,2025-11-30,1136.5833333333333,2024-11-30,1029.218398129786,10.43169607137244
"Klickitat County, WA",53039,2025-11-30,1680.5555555555557,2024-11-30,,
"Mercer County, KY",21167,2025-11-30,947.5,2024-11-30,,
"Waynesboro City, VA",51820,2025-11-30,1364.75,2024-11-30,1290.7613370805525,5.732172229979809
"Henry County, MO",29083,2025-11-30,800.0,2024-11-30,,
"Logan County, CO",8075,2025-11-30,1171.875,2024-11-30,,
"Stutsman County, ND",38093,2025-11-30,1254.638888888889,2024-11-30,1224.4424327995716,2.4661393039341135
"Sevier County, UT",49041,2025-11-30,1450.0,2024-11-30,,
"Lampasas County, TX",48281,2025-11-30,1492.4444444444443,2024-11-30,,
"Gray County, TX",48179,2025-11-30,1200.0,2024-11-30,,
"Madison County, NC",37115,2025-11-30,1595.0,2024-11-30,,
"Llano County, TX",48299,2025-11-30,1497.0833333333333,2024-11-30,1547.1377932651792,-3.235294241388014
"Buchanan County, IA",19019,2025-11-30,850.0,2024-11-30,,
"Carroll County, IN",18015,2025-11-30,1366.25,2024-11-30,,
"Duchesne County, UT",49013,2025-11-30,900.0,2024-11-30,,
"Chaffee County, CO",8015,2025-11-30,2426.944444444445,2024-11-30,2324.664472164586,4.39977353740954
"Roosevelt County, NM",35041,2025-11-30,996.9444444444443,2024-11-30,964.4593404784108,3.3682191257455822
"Gem County, ID",16045,2025-11-30,1350.0,2024-11-30,,
"Westmoreland County, VA",51193,2025-11-30,1825.0,2024-11-30,,
"Montour County, PA",42093,2025-11-30,1378.75,2024-11-30,,
"Colonial Heights City, VA",51570,2025-11-30,1683.3333333333333,2024-11-30,1606.5147696465194,4.7816904729557
"Haywood County, TN",47075,2025-11-30,1012.5,2024-11-30,,
"Burleson County, TX",48051,2025-11-30,1800.0,2024-11-30,,
"Pitkin County, CO",8097,2025-11-30,17625.0,2024-11-30,15609.766129484664,12.910083686063953
"Park County, CO",8093,2025-11-30,2394.444444444445,2024-11-30,,
"Park County, MT",30067,2025-11-30,1783.0555555555557,2024-11-30,,
"Bristol City, VA",51520,2025-11-30,1354.1666666666663,2024-11-30,,
"Richland County, ND",38077,2025-11-30,807.0,2024-11-30,,
"Fountain County, IN",18045,2025-11-30,949.0,2024-11-30,,
"Long County, GA",13183,2025-11-30,1730.5555555555557,2024-11-30,1605.1901117038003,7.8100059885547415
"Alamosa County, CO",8003,2025-11-30,1237.5,2024-11-30,,
"Radford City, VA",51750,2025-11-30,1212.5,2024-11-30,1122.0022441900103,8.065737504413047
"Henry County, KY",21103,2025-11-30,1200.0,2024-11-30,,
"Grand County, CO",8049,2025-11-30,2334.8611111111113,2024-11-30,,
"Williamsburg City, VA",51830,2025-11-30,2039.3703703703704,2024-11-30,1986.580649558187,2.657315766360852
"Manassas Park City, VA",51685,2025-11-30,2133.2565656565657,2024-11-30,2132.9392458597613,0.014877113702154837
"Wetzel County, WV",54103,2025-11-30,950.0,2024-11-30,,
"Falls Church City, VA",51610,2025-11-30,2524.796393557423,2024-11-30,2533.877561561849,-0.3583901662094616
"Pennington County, MN",27113,2025-11-30,995.0,2024-11-30,,
"Archuleta County, CO",8007,2025-11-30,1849.3055555555557,2024-11-30,,
"Valley County, ID",16085,2025-11-30,2183.3333333333335,2024-11-30,,
"Lanier County, GA",13173,2025-11-30,1722.5,2024-11-30,,
"Clarke County, IA",19039,2025-11-30,1118.3333333333333,2024-11-30,,
"Clear Creek County, CO",8019,2025-11-30,2218.6111111111113,2024-11-30,2038.981724968643,8.809759496261831
