Name,Total,1 Unit,2 Units,3 and 4 Units,5 Units or More,date,multi_total
"Atlanta, GA",4115.0,2085.0,12.0,25.0,1993.0,2026-04-01,2030.0
"Austin, TX",1511.0,1386.0,72.0,17.0,36.0,2026-04-01,125.0
"Baltimore, MD",796.0,343.0,2.0,0.0,451.0,2026-04-01,453.0
"Birmingham, AL",367.0,316.0,2.0,0.0,49.0,2026-04-01,51.0
"Boston, MA",884.0,394.0,34.0,7.0,449.0,2026-04-01,490.0
"Buffalo, NY",145.0,90.0,0.0,31.0,24.0,2026-04-01,55.0
"Charlotte, NC",2394.0,1236.0,2.0,0.0,1156.0,2026-04-01,1158.0
"Chicago, IL",1620.0,942.0,14.0,70.0,594.0,2026-04-01,678.0
"Cincinnati, OH",1175.0,475.0,10.0,68.0,622.0,2026-04-01,700.0
"Cleveland, OH",479.0,262.0,2.0,18.0,197.0,2026-04-01,217.0
"Columbus, OH",2069.0,538.0,10.0,3.0,1518.0,2026-04-01,1531.0
"Dallas, TX",5488.0,3811.0,140.0,39.0,1498.0,2026-04-01,1677.0
"Denver, CO",2189.0,761.0,24.0,27.0,1377.0,2026-04-01,1428.0
"Detroit, MI",582.0,434.0,24.0,28.0,96.0,2026-04-01,148.0
"Grand Rapids, MI",269.0,226.0,2.0,3.0,38.0,2026-04-01,43.0
"Hartford, CT",148.0,53.0,8.0,3.0,84.0,2026-04-01,95.0
"Houston, TX",5029.0,4251.0,250.0,9.0,519.0,2026-04-01,778.0
"Indianapolis, IN",1305.0,828.0,32.0,8.0,437.0,2026-04-01,477.0
"Jacksonville, FL",1432.0,867.0,22.0,0.0,543.0,2026-04-01,565.0
"Kansas City, MO",986.0,583.0,22.0,21.0,360.0,2026-04-01,403.0
"Las Vegas, NV",600.0,598.0,2.0,0.0,0.0,2026-04-01,2.0
"Los Angeles, CA",2153.0,1204.0,116.0,18.0,815.0,2026-04-01,949.0
"Louisville, KY",612.0,367.0,4.0,0.0,241.0,2026-04-01,245.0
"Memphis, TN",302.0,302.0,0.0,0.0,0.0,2026-04-01,0.0
"Miami, FL",2035.0,553.0,68.0,10.0,1404.0,2026-04-01,1482.0
"Milwaukee, WI",240.0,144.0,12.0,0.0,84.0,2026-04-01,96.0
"Minneapolis, MN",1504.0,836.0,12.0,3.0,653.0,2026-04-01,668.0
"Nashville, TN",1941.0,1165.0,28.0,6.0,742.0,2026-04-01,776.0
"New York, NY",3286.0,838.0,180.0,88.0,2180.0,2026-04-01,2448.0
"Oklahoma City, OK",649.0,574.0,26.0,8.0,41.0,2026-04-01,75.0
"Orlando, FL",1926.0,1124.0,6.0,36.0,760.0,2026-04-01,802.0
"Philadelphia, PA",1532.0,753.0,28.0,36.0,715.0,2026-04-01,779.0
"Phoenix, AZ",2519.0,1911.0,146.0,0.0,462.0,2026-04-01,608.0
"Pittsburgh, PA",476.0,272.0,2.0,4.0,198.0,2026-04-01,204.0
"Portland, OR",743.0,407.0,2.0,3.0,331.0,2026-04-01,336.0
"Providence, RI",155.0,97.0,26.0,17.0,15.0,2026-04-01,58.0
"Raleigh, NC",2416.0,1224.0,12.0,4.0,1176.0,2026-04-01,1192.0
"Richmond, VA",952.0,386.0,40.0,0.0,526.0,2026-04-01,566.0
"Riverside, CA",1269.0,1206.0,24.0,3.0,36.0,2026-04-01,63.0
"Sacramento, CA",1388.0,959.0,38.0,0.0,391.0,2026-04-01,429.0
"Salt Lake City, UT",293.0,228.0,2.0,4.0,59.0,2026-04-01,65.0
"San Antonio, TX",957.0,840.0,2.0,0.0,115.0,2026-04-01,117.0
"San Diego, CA",1018.0,271.0,102.0,30.0,615.0,2026-04-01,747.0
"San Francisco, CA",843.0,210.0,16.0,0.0,617.0,2026-04-01,633.0
"San Jose, CA",219.0,203.0,6.0,0.0,10.0,2026-04-01,16.0
"Seattle, WA",2201.0,627.0,82.0,36.0,1456.0,2026-04-01,1574.0
"St. Louis, MO",600.0,435.0,22.0,0.0,143.0,2026-04-01,165.0
"Tampa, FL",1599.0,1198.0,14.0,18.0,369.0,2026-04-01,401.0
"Virginia Beach, VA",308.0,308.0,0.0,0.0,0.0,2026-04-01,0.0
"Washington, DC",2131.0,949.0,24.0,0.0,1158.0,2026-04-01,1182.0
"Atlanta, GA",3012.0,1971.0,14.0,28.0,999.0,2026-03-01,1041.0
"Austin, TX",1831.0,1512.0,18.0,16.0,285.0,2026-03-01,319.0
"Baltimore, MD",287.0,287.0,0.0,0.0,0.0,2026-03-01,0.0
"Birmingham, AL",305.0,282.0,2.0,0.0,21.0,2026-03-01,23.0
"Boston, MA",509.0,264.0,30.0,22.0,193.0,2026-03-01,245.0
"Buffalo, NY",142.0,63.0,0.0,20.0,59.0,2026-03-01,79.0
"Charlotte, NC",2197.0,1340.0,14.0,3.0,840.0,2026-03-01,857.0
"Chicago, IL",1764.0,893.0,16.0,79.0,776.0,2026-03-01,871.0
"Cincinnati, OH",553.0,452.0,16.0,7.0,78.0,2026-03-01,101.0
"Cleveland, OH",417.0,239.0,2.0,36.0,140.0,2026-03-01,178.0
"Columbus, OH",1089.0,452.0,4.0,0.0,633.0,2026-03-01,637.0
"Dallas, TX",5331.0,3764.0,38.0,14.0,1515.0,2026-03-01,1567.0
"Denver, CO",1737.0,746.0,0.0,61.0,930.0,2026-03-01,991.0
"Detroit, MI",565.0,402.0,16.0,8.0,139.0,2026-03-01,163.0
"Grand Rapids, MI",254.0,206.0,6.0,7.0,35.0,2026-03-01,48.0
"Hartford, CT",57.0,42.0,2.0,3.0,10.0,2026-03-01,15.0
"Houston, TX",5055.0,4493.0,172.0,0.0,390.0,2026-03-01,562.0
"Indianapolis, IN",1449.0,819.0,62.0,0.0,568.0,2026-03-01,630.0
"Jacksonville, FL",940.0,788.0,4.0,4.0,144.0,2026-03-01,152.0
"Kansas City, MO",821.0,508.0,16.0,0.0,297.0,2026-03-01,313.0
"Las Vegas, NV",884.0,884.0,0.0,0.0,0.0,2026-03-01,0.0
"Los Angeles, CA",3164.0,1268.0,128.0,22.0,1746.0,2026-03-01,1896.0
"Louisville, KY",425.0,334.0,4.0,3.0,84.0,2026-03-01,91.0
"Memphis, TN",405.0,396.0,4.0,0.0,5.0,2026-03-01,9.0
"Miami, FL",1569.0,564.0,70.0,18.0,917.0,2026-03-01,1005.0
"Milwaukee, WI",348.0,110.0,22.0,0.0,216.0,2026-03-01,238.0
"Minneapolis, MN",843.0,758.0,2.0,4.0,79.0,2026-03-01,85.0
"Nashville, TN",1211.0,1194.0,4.0,3.0,10.0,2026-03-01,17.0
"New York, NY",4596.0,1001.0,146.0,74.0,3375.0,2026-03-01,3595.0
"Oklahoma City, OK",716.0,525.0,16.0,24.0,151.0,2026-03-01,191.0
"Orlando, FL",1432.0,1122.0,24.0,16.0,270.0,2026-03-01,310.0
"Philadelphia, PA",1024.0,760.0,22.0,46.0,196.0,2026-03-01,264.0
"Phoenix, AZ",3263.0,2238.0,124.0,3.0,898.0,2026-03-01,1025.0
"Pittsburgh, PA",429.0,309.0,2.0,10.0,108.0,2026-03-01,120.0
"Portland, OR",1085.0,519.0,8.0,8.0,550.0,2026-03-01,566.0
"Providence, RI",316.0,104.0,36.0,6.0,170.0,2026-03-01,212.0
"Raleigh, NC",1743.0,910.0,10.0,4.0,819.0,2026-03-01,833.0
"Richmond, VA",645.0,381.0,32.0,0.0,232.0,2026-03-01,264.0
"Riverside, CA",1097.0,819.0,2.0,3.0,273.0,2026-03-01,278.0
"Sacramento, CA",694.0,602.0,40.0,0.0,52.0,2026-03-01,92.0
"Salt Lake City, UT",621.0,330.0,6.0,31.0,254.0,2026-03-01,291.0
"San Antonio, TX",883.0,838.0,24.0,0.0,21.0,2026-03-01,45.0
"San Diego, CA",750.0,321.0,134.0,24.0,271.0,2026-03-01,429.0
"San Francisco, CA",316.0,210.0,8.0,0.0,98.0,2026-03-01,106.0
"San Jose, CA",358.0,215.0,0.0,0.0,143.0,2026-03-01,143.0
"Seattle, WA",1192.0,592.0,56.0,18.0,526.0,2026-03-01,600.0
"St. Louis, MO",636.0,388.0,10.0,24.0,214.0,2026-03-01,248.0
"Tampa, FL",1586.0,1176.0,10.0,4.0,396.0,2026-03-01,410.0
"Virginia Beach, VA",827.0,402.0,2.0,0.0,423.0,2026-03-01,425.0
"Washington, DC",1406.0,854.0,12.0,0.0,540.0,2026-03-01,552.0
"Atlanta, GA",2908.0,1730.0,20.0,3.0,1155.0,2026-02-01,1178.0
"Austin, TX",1957.0,1431.0,26.0,0.0,500.0,2026-02-01,526.0
"Baltimore, MD",333.0,261.0,0.0,16.0,56.0,2026-02-01,72.0
"Birmingham, AL",494.0,260.0,2.0,0.0,232.0,2026-02-01,234.0
"Boston, MA",381.0,168.0,14.0,36.0,163.0,2026-02-01,213.0
"Buffalo, NY",55.0,39.0,0.0,0.0,16.0,2026-02-01,16.0
"Charlotte, NC",1994.0,1016.0,8.0,0.0,970.0,2026-02-01,978.0
"Chicago, IL",1029.0,709.0,12.0,25.0,283.0,2026-02-01,320.0
"Cincinnati, OH",719.0,360.0,8.0,31.0,320.0,2026-02-01,359.0
"Cleveland, OH",202.0,182.0,0.0,0.0,20.0,2026-02-01,20.0
"Columbus, OH",429.0,387.0,12.0,0.0,30.0,2026-02-01,42.0
"Dallas, TX",7274.0,3258.0,86.0,18.0,3912.0,2026-02-01,4016.0
"Denver, CO",1252.0,604.0,0.0,0.0,648.0,2026-02-01,648.0
"Detroit, MI",652.0,268.0,32.0,15.0,337.0,2026-02-01,384.0
"Grand Rapids, MI",176.0,159.0,6.0,0.0,11.0,2026-02-01,17.0
"Hartford, CT",33.0,23.0,0.0,0.0,10.0,2026-02-01,10.0
"Houston, TX",5033.0,3841.0,162.0,0.0,1030.0,2026-02-01,1192.0
"Indianapolis, IN",683.0,519.0,6.0,6.0,152.0,2026-02-01,164.0
"Jacksonville, FL",736.0,732.0,4.0,0.0,0.0,2026-02-01,4.0
"Kansas City, MO",1421.0,438.0,0.0,3.0,980.0,2026-02-01,983.0
"Las Vegas, NV",762.0,762.0,0.0,0.0,0.0,2026-02-01,0.0
"Los Angeles, CA",5860.0,1101.0,168.0,28.0,4563.0,2026-02-01,4759.0
"Louisville, KY",383.0,266.0,6.0,13.0,98.0,2026-02-01,117.0
"Memphis, TN",412.0,303.0,4.0,0.0,105.0,2026-02-01,109.0
"Miami, FL",779.0,405.0,36.0,0.0,338.0,2026-02-01,374.0
"Milwaukee, WI",181.0,113.0,20.0,0.0,48.0,2026-02-01,68.0
"Minneapolis, MN",956.0,573.0,6.0,0.0,377.0,2026-02-01,383.0
"Nashville, TN",1028.0,955.0,10.0,11.0,52.0,2026-02-01,73.0
"New York, NY",5564.0,835.0,82.0,53.0,4594.0,2026-02-01,4729.0
"Oklahoma City, OK",590.0,532.0,46.0,12.0,0.0,2026-02-01,58.0
"Orlando, FL",1333.0,904.0,12.0,8.0,409.0,2026-02-01,429.0
"Philadelphia, PA",1333.0,585.0,28.0,32.0,688.0,2026-02-01,748.0
"Phoenix, AZ",3004.0,2224.0,26.0,0.0,754.0,2026-02-01,780.0
"Pittsburgh, PA",389.0,213.0,2.0,3.0,171.0,2026-02-01,176.0
"Portland, OR",708.0,432.0,24.0,0.0,252.0,2026-02-01,276.0
"Providence, RI",399.0,63.0,22.0,6.0,308.0,2026-02-01,336.0
"Raleigh, NC",1158.0,900.0,22.0,0.0,236.0,2026-02-01,258.0
"Richmond, VA",352.0,290.0,14.0,0.0,48.0,2026-02-01,62.0
"Riverside, CA",1005.0,646.0,16.0,6.0,337.0,2026-02-01,359.0
"Sacramento, CA",624.0,536.0,80.0,0.0,8.0,2026-02-01,88.0
"Salt Lake City, UT",860.0,217.0,2.0,11.0,630.0,2026-02-01,643.0
"San Antonio, TX",922.0,848.0,0.0,0.0,74.0,2026-02-01,74.0
"San Diego, CA",576.0,260.0,104.0,8.0,204.0,2026-02-01,316.0
"San Francisco, CA",411.0,256.0,6.0,7.0,142.0,2026-02-01,155.0
"San Jose, CA",553.0,156.0,0.0,0.0,397.0,2026-02-01,397.0
"Seattle, WA",2128.0,438.0,74.0,20.0,1596.0,2026-02-01,1690.0
"St. Louis, MO",508.0,352.0,10.0,7.0,139.0,2026-02-01,156.0
"Tampa, FL",1776.0,1154.0,14.0,0.0,608.0,2026-02-01,622.0
"Virginia Beach, VA",339.0,339.0,0.0,0.0,0.0,2026-02-01,0.0
"Washington, DC",2520.0,795.0,14.0,4.0,1707.0,2026-02-01,1725.0
"Atlanta, GA",2217.0,1478.0,10.0,7.0,722.0,2026-01-01,739.0
"Austin, TX",1425.0,991.0,36.0,7.0,391.0,2026-01-01,434.0
"Baltimore, MD",582.0,196.0,4.0,0.0,382.0,2026-01-01,386.0
"Birmingham, AL",291.0,234.0,2.0,7.0,48.0,2026-01-01,57.0
"Boston, MA",711.0,246.0,16.0,10.0,439.0,2026-01-01,465.0
"Buffalo, NY",62.0,47.0,0.0,0.0,15.0,2026-01-01,15.0
"Charlotte, NC",1431.0,1063.0,4.0,0.0,364.0,2026-01-01,368.0
"Chicago, IL",889.0,460.0,40.0,40.0,349.0,2026-01-01,429.0
"Cincinnati, OH",980.0,260.0,6.0,6.0,708.0,2026-01-01,720.0
"Cleveland, OH",223.0,198.0,0.0,0.0,25.0,2026-01-01,25.0
"Columbus, OH",888.0,374.0,2.0,0.0,512.0,2026-01-01,514.0
"Dallas, TX",4053.0,2496.0,60.0,42.0,1455.0,2026-01-01,1557.0
"Denver, CO",825.0,465.0,0.0,4.0,356.0,2026-01-01,360.0
"Detroit, MI",312.0,237.0,18.0,11.0,46.0,2026-01-01,75.0
"Grand Rapids, MI",413.0,140.0,2.0,0.0,271.0,2026-01-01,273.0
"Hartford, CT",68.0,35.0,2.0,8.0,23.0,2026-01-01,33.0
"Houston, TX",4206.0,3256.0,144.0,3.0,803.0,2026-01-01,950.0
"Indianapolis, IN",1236.0,630.0,52.0,0.0,554.0,2026-01-01,606.0
"Jacksonville, FL",647.0,643.0,4.0,0.0,0.0,2026-01-01,4.0
"Kansas City, MO",398.0,300.0,2.0,24.0,72.0,2026-01-01,98.0
"Las Vegas, NV",1056.0,523.0,10.0,0.0,523.0,2026-01-01,533.0
"Los Angeles, CA",2616.0,868.0,126.0,22.0,1600.0,2026-01-01,1748.0
"Louisville, KY",461.0,226.0,2.0,0.0,233.0,2026-01-01,235.0
"Memphis, TN",240.0,219.0,0.0,16.0,5.0,2026-01-01,21.0
"Miami, FL",1769.0,453.0,48.0,0.0,1268.0,2026-01-01,1316.0
"Milwaukee, WI",221.0,133.0,22.0,0.0,66.0,2026-01-01,88.0
"Minneapolis, MN",913.0,497.0,2.0,0.0,414.0,2026-01-01,416.0
"Nashville, TN",1248.0,782.0,0.0,0.0,466.0,2026-01-01,466.0
"New York, NY",6012.0,1044.0,216.0,91.0,4661.0,2026-01-01,4968.0
"Oklahoma City, OK",715.0,668.0,22.0,0.0,25.0,2026-01-01,47.0
"Orlando, FL",1394.0,956.0,10.0,0.0,428.0,2026-01-01,438.0
"Philadelphia, PA",1136.0,489.0,16.0,68.0,563.0,2026-01-01,647.0
"Phoenix, AZ",2114.0,1584.0,46.0,8.0,476.0,2026-01-01,530.0
"Pittsburgh, PA",421.0,250.0,4.0,3.0,164.0,2026-01-01,171.0
"Portland, OR",691.0,490.0,32.0,9.0,160.0,2026-01-01,201.0
"Providence, RI",134.0,82.0,30.0,9.0,13.0,2026-01-01,52.0
"Raleigh, NC",1583.0,796.0,14.0,0.0,773.0,2026-01-01,787.0
"Richmond, VA",1494.0,263.0,2.0,0.0,1229.0,2026-01-01,1231.0
"Riverside, CA",1319.0,780.0,28.0,0.0,511.0,2026-01-01,539.0
"Sacramento, CA",632.0,493.0,102.0,0.0,37.0,2026-01-01,139.0
"Salt Lake City, UT",379.0,232.0,10.0,16.0,121.0,2026-01-01,147.0
"San Antonio, TX",893.0,653.0,8.0,0.0,232.0,2026-01-01,240.0
"San Diego, CA",761.0,186.0,78.0,50.0,447.0,2026-01-01,575.0
"San Francisco, CA",605.0,213.0,12.0,13.0,367.0,2026-01-01,392.0
"San Jose, CA",540.0,133.0,2.0,8.0,397.0,2026-01-01,407.0
"Seattle, WA",1259.0,538.0,76.0,69.0,576.0,2026-01-01,721.0
"St. Louis, MO",460.0,315.0,24.0,3.0,118.0,2026-01-01,145.0
"Tampa, FL",1255.0,1120.0,4.0,0.0,131.0,2026-01-01,135.0
"Virginia Beach, VA",296.0,242.0,2.0,0.0,52.0,2026-01-01,54.0
"Washington, DC",2313.0,670.0,8.0,4.0,1631.0,2026-01-01,1643.0
"Atlanta, GA",2417.0,1375.0,24.0,4.0,1014.0,2025-12-01,1042.0
"Austin, TX",2269.0,1025.0,12.0,10.0,1222.0,2025-12-01,1244.0
"Baltimore, MD",308.0,225.0,0.0,0.0,83.0,2025-12-01,83.0
"Birmingham, AL",569.0,202.0,2.0,0.0,365.0,2025-12-01,367.0
"Boston, MA",792.0,250.0,16.0,38.0,488.0,2025-12-01,542.0
"Buffalo, NY",224.0,105.0,0.0,11.0,108.0,2025-12-01,119.0
"Charlotte, NC",989.0,919.0,10.0,12.0,48.0,2025-12-01,70.0
"Chicago, IL",863.0,630.0,26.0,60.0,147.0,2025-12-01,233.0
"Cincinnati, OH",548.0,296.0,14.0,8.0,230.0,2025-12-01,252.0
"Cleveland, OH",534.0,210.0,0.0,6.0,318.0,2025-12-01,324.0
"Columbus, OH",812.0,393.0,0.0,8.0,411.0,2025-12-01,419.0
"Dallas, TX",4714.0,2462.0,36.0,30.0,2186.0,2025-12-01,2252.0
"Denver, CO",1272.0,606.0,0.0,11.0,655.0,2025-12-01,666.0
"Detroit, MI",475.0,261.0,20.0,29.0,165.0,2025-12-01,214.0
"Grand Rapids, MI",564.0,180.0,0.0,11.0,373.0,2025-12-01,384.0
"Hartford, CT",276.0,29.0,2.0,4.0,241.0,2025-12-01,247.0
"Houston, TX",4912.0,2875.0,146.0,8.0,1883.0,2025-12-01,2037.0
"Indianapolis, IN",686.0,660.0,14.0,0.0,12.0,2025-12-01,26.0
"Jacksonville, FL",701.0,691.0,10.0,0.0,0.0,2025-12-01,10.0
"Kansas City, MO",763.0,361.0,4.0,23.0,375.0,2025-12-01,402.0
"Las Vegas, NV",1027.0,957.0,0.0,28.0,42.0,2025-12-01,70.0
"Los Angeles, CA",3281.0,1090.0,96.0,17.0,2078.0,2025-12-01,2191.0
"Louisville, KY",332.0,228.0,0.0,0.0,104.0,2025-12-01,104.0
"Memphis, TN",401.0,243.0,0.0,4.0,154.0,2025-12-01,158.0
"Miami, FL",1809.0,416.0,64.0,11.0,1318.0,2025-12-01,1393.0
"Milwaukee, WI",350.0,117.0,22.0,0.0,211.0,2025-12-01,233.0
"Minneapolis, MN",1194.0,612.0,20.0,0.0,562.0,2025-12-01,582.0
"Nashville, TN",1303.0,946.0,2.0,3.0,352.0,2025-12-01,357.0
"New York, NY",7315.0,976.0,170.0,115.0,6054.0,2025-12-01,6339.0
"Oklahoma City, OK",831.0,488.0,16.0,15.0,312.0,2025-12-01,343.0
"Orlando, FL",2182.0,865.0,10.0,0.0,1307.0,2025-12-01,1317.0
"Philadelphia, PA",1409.0,657.0,20.0,49.0,683.0,2025-12-01,752.0
"Phoenix, AZ",4959.0,1968.0,82.0,9.0,2900.0,2025-12-01,2991.0
"Pittsburgh, PA",516.0,254.0,2.0,0.0,260.0,2025-12-01,262.0
"Portland, OR",742.0,642.0,14.0,8.0,78.0,2025-12-01,100.0
"Providence, RI",223.0,98.0,4.0,69.0,52.0,2025-12-01,125.0
"Raleigh, NC",1490.0,908.0,18.0,4.0,560.0,2025-12-01,582.0
"Richmond, VA",343.0,237.0,14.0,0.0,92.0,2025-12-01,106.0
"Riverside, CA",1227.0,664.0,14.0,14.0,535.0,2025-12-01,563.0
"Sacramento, CA",987.0,549.0,56.0,0.0,382.0,2025-12-01,438.0
"Salt Lake City, UT",1304.0,263.0,12.0,0.0,1029.0,2025-12-01,1041.0
"San Antonio, TX",662.0,548.0,0.0,0.0,114.0,2025-12-01,114.0
"San Diego, CA",1108.0,303.0,42.0,24.0,739.0,2025-12-01,805.0
"San Francisco, CA",782.0,236.0,10.0,16.0,520.0,2025-12-01,546.0
"San Jose, CA",990.0,141.0,2.0,7.0,840.0,2025-12-01,849.0
"Seattle, WA",1880.0,547.0,52.0,34.0,1247.0,2025-12-01,1333.0
"St. Louis, MO",446.0,278.0,26.0,11.0,131.0,2025-12-01,168.0
"Tampa, FL",1233.0,933.0,8.0,16.0,276.0,2025-12-01,300.0
"Virginia Beach, VA",296.0,270.0,2.0,0.0,24.0,2025-12-01,26.0
"Washington, DC",1037.0,754.0,0.0,0.0,283.0,2025-12-01,283.0
"Atlanta, GA",1799.0,1243.0,22.0,40.0,494.0,2025-11-01,556.0
"Austin, TX",1979.0,879.0,40.0,0.0,1060.0,2025-11-01,1100.0
"Baltimore, MD",658.0,330.0,2.0,3.0,323.0,2025-11-01,328.0
"Birmingham, AL",278.0,221.0,0.0,0.0,57.0,2025-11-01,57.0
"Boston, MA",559.0,246.0,14.0,7.0,292.0,2025-11-01,313.0
"Buffalo, NY",71.0,52.0,0.0,4.0,15.0,2025-11-01,19.0
"Charlotte, NC",1326.0,950.0,14.0,4.0,358.0,2025-11-01,376.0
"Chicago, IL",931.0,547.0,22.0,46.0,316.0,2025-11-01,384.0
"Cincinnati, OH",538.0,292.0,14.0,30.0,202.0,2025-11-01,246.0
"Cleveland, OH",309.0,185.0,0.0,12.0,112.0,2025-11-01,124.0
"Columbus, OH",1008.0,543.0,142.0,8.0,315.0,2025-11-01,465.0
"Dallas, TX",3359.0,2324.0,42.0,41.0,952.0,2025-11-01,1035.0
"Denver, CO",1093.0,411.0,4.0,0.0,678.0,2025-11-01,682.0
"Detroit, MI",687.0,322.0,30.0,18.0,317.0,2025-11-01,365.0
"Grand Rapids, MI",193.0,167.0,4.0,3.0,19.0,2025-11-01,26.0
"Hartford, CT",42.0,33.0,0.0,3.0,6.0,2025-11-01,9.0
"Houston, TX",4522.0,2999.0,174.0,0.0,1349.0,2025-11-01,1523.0
"Indianapolis, IN",632.0,583.0,0.0,0.0,49.0,2025-11-01,49.0
"Jacksonville, FL",613.0,609.0,4.0,0.0,0.0,2025-11-01,4.0
"Kansas City, MO",786.0,349.0,0.0,3.0,434.0,2025-11-01,437.0
"Las Vegas, NV",842.0,496.0,0.0,4.0,342.0,2025-11-01,346.0
"Los Angeles, CA",2594.0,890.0,100.0,13.0,1591.0,2025-11-01,1704.0
"Louisville, KY",245.0,233.0,6.0,0.0,6.0,2025-11-01,12.0
"Memphis, TN",210.0,210.0,0.0,0.0,0.0,2025-11-01,0.0
"Miami, FL",1650.0,439.0,22.0,11.0,1178.0,2025-11-01,1211.0
"Milwaukee, WI",147.0,103.0,8.0,4.0,32.0,2025-11-01,44.0
"Minneapolis, MN",737.0,571.0,16.0,3.0,147.0,2025-11-01,166.0
"Nashville, TN",1512.0,864.0,6.0,0.0,642.0,2025-11-01,648.0
"New York, NY",3639.0,774.0,114.0,68.0,2683.0,2025-11-01,2865.0
"Oklahoma City, OK",411.0,346.0,32.0,8.0,25.0,2025-11-01,65.0
"Orlando, FL",1044.0,773.0,4.0,6.0,261.0,2025-11-01,271.0
"Philadelphia, PA",1151.0,515.0,6.0,56.0,574.0,2025-11-01,636.0
"Phoenix, AZ",3051.0,1718.0,108.0,0.0,1225.0,2025-11-01,1333.0
"Pittsburgh, PA",335.0,226.0,4.0,3.0,102.0,2025-11-01,109.0
"Portland, OR",566.0,375.0,20.0,0.0,171.0,2025-11-01,191.0
"Providence, RI",150.0,97.0,28.0,6.0,19.0,2025-11-01,53.0
"Raleigh, NC",868.0,778.0,6.0,0.0,84.0,2025-11-01,90.0
"Richmond, VA",732.0,282.0,40.0,0.0,410.0,2025-11-01,450.0
"Riverside, CA",1033.0,580.0,12.0,12.0,429.0,2025-11-01,453.0
"Sacramento, CA",565.0,464.0,34.0,0.0,67.0,2025-11-01,101.0
"Salt Lake City, UT",592.0,236.0,0.0,17.0,339.0,2025-11-01,356.0
"San Antonio, TX",482.0,442.0,0.0,7.0,33.0,2025-11-01,40.0
"San Diego, CA",809.0,208.0,48.0,7.0,546.0,2025-11-01,601.0
"San Francisco, CA",793.0,177.0,6.0,7.0,603.0,2025-11-01,616.0
"San Jose, CA",332.0,129.0,2.0,0.0,201.0,2025-11-01,203.0
"Seattle, WA",1382.0,413.0,64.0,33.0,872.0,2025-11-01,969.0
"St. Louis, MO",452.0,354.0,22.0,20.0,56.0,2025-11-01,98.0
"Tampa, FL",1208.0,864.0,6.0,0.0,338.0,2025-11-01,344.0
"Virginia Beach, VA",311.0,311.0,0.0,0.0,0.0,2025-11-01,0.0
"Washington, DC",1269.0,510.0,20.0,0.0,739.0,2025-11-01,759.0
"Atlanta, GA",3054.0,2171.0,4.0,32.0,847.0,2025-10-01,883.0
"Austin, TX",2558.0,979.0,20.0,4.0,1555.0,2025-10-01,1579.0
"Baltimore, MD",620.0,320.0,0.0,0.0,300.0,2025-10-01,300.0
"Birmingham, AL",279.0,246.0,2.0,0.0,31.0,2025-10-01,33.0
"Boston, MA",961.0,407.0,22.0,16.0,516.0,2025-10-01,554.0
"Buffalo, NY",127.0,77.0,4.0,4.0,42.0,2025-10-01,50.0
"Charlotte, NC",1815.0,1050.0,2.0,4.0,759.0,2025-10-01,765.0
"Chicago, IL",1598.0,932.0,32.0,72.0,562.0,2025-10-01,666.0
"Cincinnati, OH",498.0,346.0,24.0,23.0,105.0,2025-10-01,152.0
"Cleveland, OH",451.0,227.0,2.0,11.0,211.0,2025-10-01,224.0
"Columbus, OH",1389.0,494.0,10.0,12.0,873.0,2025-10-01,895.0
"Dallas, TX",4893.0,2943.0,138.0,44.0,1768.0,2025-10-01,1950.0
"Denver, CO",1408.0,631.0,0.0,0.0,777.0,2025-10-01,777.0
"Detroit, MI",682.0,465.0,60.0,40.0,117.0,2025-10-01,217.0
"Grand Rapids, MI",457.0,221.0,6.0,3.0,227.0,2025-10-01,236.0
"Hartford, CT",76.0,45.0,0.0,4.0,27.0,2025-10-01,31.0
"Houston, TX",5480.0,3485.0,228.0,8.0,1759.0,2025-10-01,1995.0
"Indianapolis, IN",1358.0,910.0,4.0,3.0,441.0,2025-10-01,448.0
"Jacksonville, FL",1124.0,733.0,6.0,0.0,385.0,2025-10-01,391.0
"Kansas City, MO",727.0,554.0,12.0,0.0,161.0,2025-10-01,173.0
"Las Vegas, NV",1886.0,615.0,0.0,15.0,1256.0,2025-10-01,1271.0
"Los Angeles, CA",2295.0,1017.0,126.0,28.0,1124.0,2025-10-01,1278.0
"Louisville, KY",352.0,300.0,12.0,4.0,36.0,2025-10-01,52.0
"Memphis, TN",249.0,249.0,0.0,0.0,0.0,2025-10-01,0.0
"Miami, FL",1179.0,520.0,46.0,19.0,594.0,2025-10-01,659.0
"Milwaukee, WI",244.0,173.0,26.0,0.0,45.0,2025-10-01,71.0
"Minneapolis, MN",1242.0,775.0,20.0,12.0,435.0,2025-10-01,467.0
"Nashville, TN",1445.0,993.0,6.0,14.0,432.0,2025-10-01,452.0
"New York, NY",4474.0,1097.0,208.0,96.0,3073.0,2025-10-01,3377.0
"Oklahoma City, OK",674.0,491.0,18.0,15.0,150.0,2025-10-01,183.0
"Orlando, FL",2471.0,1094.0,16.0,3.0,1358.0,2025-10-01,1377.0
"Philadelphia, PA",1231.0,762.0,28.0,83.0,358.0,2025-10-01,469.0
"Phoenix, AZ",3291.0,1822.0,92.0,35.0,1342.0,2025-10-01,1469.0
"Pittsburgh, PA",420.0,300.0,2.0,9.0,109.0,2025-10-01,120.0
"Portland, OR",666.0,503.0,6.0,9.0,148.0,2025-10-01,163.0
"Providence, RI",237.0,137.0,28.0,7.0,65.0,2025-10-01,100.0
"Raleigh, NC",1159.0,949.0,68.0,0.0,142.0,2025-10-01,210.0
"Richmond, VA",1221.0,367.0,0.0,0.0,854.0,2025-10-01,854.0
"Riverside, CA",863.0,597.0,54.0,45.0,167.0,2025-10-01,266.0
"Sacramento, CA",1136.0,555.0,48.0,3.0,530.0,2025-10-01,581.0
"Salt Lake City, UT",542.0,320.0,4.0,0.0,218.0,2025-10-01,222.0
"San Antonio, TX",582.0,550.0,0.0,0.0,32.0,2025-10-01,32.0
"San Diego, CA",935.0,332.0,78.0,25.0,500.0,2025-10-01,603.0
"San Francisco, CA",790.0,277.0,6.0,3.0,504.0,2025-10-01,513.0
"San Jose, CA",680.0,167.0,4.0,0.0,509.0,2025-10-01,513.0
"Seattle, WA",1783.0,443.0,72.0,25.0,1243.0,2025-10-01,1340.0
"St. Louis, MO",511.0,372.0,16.0,12.0,111.0,2025-10-01,139.0
"Tampa, FL",2427.0,1287.0,12.0,0.0,1128.0,2025-10-01,1140.0
"Virginia Beach, VA",258.0,226.0,0.0,0.0,32.0,2025-10-01,32.0
"Washington, DC",1064.0,600.0,2.0,0.0,462.0,2025-10-01,464.0
"Atlanta, GA",3279.0,1871.0,10.0,15.0,1383.0,2025-09-01,1408.0
"Austin, TX",2623.0,975.0,38.0,4.0,1606.0,2025-09-01,1648.0
"Baltimore, MD",316.0,246.0,0.0,0.0,70.0,2025-09-01,70.0
"Birmingham, AL",592.0,238.0,4.0,3.0,347.0,2025-09-01,354.0
"Boston, MA",739.0,329.0,26.0,3.0,381.0,2025-09-01,410.0
"Buffalo, NY",76.0,51.0,2.0,4.0,19.0,2025-09-01,25.0
"Charlotte, NC",1586.0,1176.0,16.0,4.0,390.0,2025-09-01,410.0
"Chicago, IL",1324.0,835.0,20.0,86.0,383.0,2025-09-01,489.0
"Cincinnati, OH",1204.0,372.0,24.0,12.0,796.0,2025-09-01,832.0
"Cleveland, OH",396.0,257.0,4.0,25.0,110.0,2025-09-01,139.0
"Columbus, OH",974.0,376.0,16.0,38.0,544.0,2025-09-01,598.0
"Dallas, TX",5330.0,2877.0,98.0,38.0,2317.0,2025-09-01,2453.0
"Denver, CO",1377.0,522.0,0.0,12.0,843.0,2025-09-01,855.0
"Detroit, MI",1037.0,495.0,44.0,38.0,460.0,2025-09-01,542.0
"Grand Rapids, MI",534.0,303.0,2.0,26.0,203.0,2025-09-01,231.0
"Hartford, CT",138.0,50.0,6.0,3.0,79.0,2025-09-01,88.0
"Houston, TX",5120.0,3393.0,156.0,3.0,1568.0,2025-09-01,1727.0
"Indianapolis, IN",1046.0,735.0,10.0,12.0,289.0,2025-09-01,311.0
"Jacksonville, FL",1140.0,834.0,8.0,8.0,290.0,2025-09-01,306.0
"Kansas City, MO",511.0,453.0,22.0,7.0,29.0,2025-09-01,58.0
"Las Vegas, NV",894.0,550.0,8.0,0.0,336.0,2025-09-01,344.0
"Los Angeles, CA",2142.0,1085.0,66.0,39.0,952.0,2025-09-01,1057.0
"Louisville, KY",644.0,329.0,8.0,0.0,307.0,2025-09-01,315.0
"Memphis, TN",301.0,301.0,0.0,0.0,0.0,2025-09-01,0.0
"Miami, FL",1507.0,395.0,58.0,132.0,922.0,2025-09-01,1112.0
"Milwaukee, WI",212.0,141.0,10.0,0.0,61.0,2025-09-01,71.0
"Minneapolis, MN",1149.0,816.0,12.0,39.0,282.0,2025-09-01,333.0
"Nashville, TN",1587.0,1004.0,20.0,6.0,557.0,2025-09-01,583.0
"New York, NY",3742.0,1036.0,108.0,69.0,2529.0,2025-09-01,2706.0
"Oklahoma City, OK",713.0,423.0,26.0,0.0,264.0,2025-09-01,290.0
"Orlando, FL",2024.0,856.0,18.0,0.0,1150.0,2025-09-01,1168.0
"Philadelphia, PA",1240.0,606.0,24.0,34.0,576.0,2025-09-01,634.0
"Phoenix, AZ",2570.0,1807.0,104.0,0.0,659.0,2025-09-01,763.0
"Pittsburgh, PA",405.0,294.0,2.0,0.0,109.0,2025-09-01,111.0
"Portland, OR",543.0,411.0,6.0,8.0,118.0,2025-09-01,132.0
"Providence, RI",523.0,107.0,10.0,18.0,388.0,2025-09-01,416.0
"Raleigh, NC",1190.0,959.0,8.0,0.0,223.0,2025-09-01,231.0
"Richmond, VA",417.0,342.0,18.0,0.0,57.0,2025-09-01,75.0
"Riverside, CA",1389.0,839.0,60.0,14.0,476.0,2025-09-01,550.0
"Sacramento, CA",611.0,547.0,34.0,0.0,30.0,2025-09-01,64.0
"Salt Lake City, UT",586.0,229.0,8.0,26.0,323.0,2025-09-01,357.0
"San Antonio, TX",643.0,581.0,2.0,0.0,60.0,2025-09-01,62.0
"San Diego, CA",1272.0,325.0,40.0,40.0,867.0,2025-09-01,947.0
"San Francisco, CA",626.0,233.0,6.0,0.0,387.0,2025-09-01,393.0
"San Jose, CA",546.0,218.0,0.0,0.0,328.0,2025-09-01,328.0
"Seattle, WA",1425.0,399.0,66.0,40.0,920.0,2025-09-01,1026.0
"St. Louis, MO",534.0,363.0,32.0,8.0,131.0,2025-09-01,171.0
"Tampa, FL",1580.0,1061.0,22.0,0.0,497.0,2025-09-01,519.0
"Virginia Beach, VA",362.0,282.0,0.0,0.0,80.0,2025-09-01,80.0
"Washington, DC",993.0,722.0,8.0,0.0,263.0,2025-09-01,271.0
"Atlanta, GA",2192.0,1836.0,10.0,10.0,336.0,2025-08-01,356.0
"Austin, TX",1210.0,1153.0,16.0,0.0,41.0,2025-08-01,57.0
"Baltimore, MD",378.0,294.0,2.0,0.0,82.0,2025-08-01,84.0
"Birmingham, AL",298.0,252.0,4.0,0.0,42.0,2025-08-01,46.0
"Boston, MA",824.0,323.0,16.0,15.0,470.0,2025-08-01,501.0
"Buffalo, NY",120.0,69.0,2.0,0.0,49.0,2025-08-01,51.0
"Charlotte, NC",1481.0,1078.0,2.0,18.0,383.0,2025-08-01,403.0
"Chicago, IL",1473.0,927.0,42.0,124.0,380.0,2025-08-01,546.0
"Cincinnati, OH",407.0,346.0,22.0,11.0,28.0,2025-08-01,61.0
"Cleveland, OH",295.0,193.0,2.0,3.0,97.0,2025-08-01,102.0
"Columbus, OH",1086.0,413.0,34.0,6.0,633.0,2025-08-01,673.0
"Dallas, TX",4815.0,2876.0,62.0,33.0,1844.0,2025-08-01,1939.0
"Denver, CO",1364.0,485.0,0.0,0.0,879.0,2025-08-01,879.0
"Detroit, MI",1070.0,414.0,24.0,22.0,610.0,2025-08-01,656.0
"Grand Rapids, MI",292.0,192.0,38.0,0.0,62.0,2025-08-01,100.0
"Hartford, CT",129.0,53.0,0.0,3.0,73.0,2025-08-01,76.0
"Houston, TX",4193.0,3789.0,254.0,6.0,144.0,2025-08-01,404.0
"Indianapolis, IN",963.0,738.0,4.0,11.0,210.0,2025-08-01,225.0
"Jacksonville, FL",1343.0,850.0,6.0,0.0,487.0,2025-08-01,493.0
"Kansas City, MO",943.0,429.0,4.0,18.0,492.0,2025-08-01,514.0
"Las Vegas, NV",606.0,594.0,0.0,0.0,12.0,2025-08-01,12.0
"Los Angeles, CA",2853.0,1032.0,118.0,32.0,1671.0,2025-08-01,1821.0
"Louisville, KY",774.0,290.0,0.0,4.0,480.0,2025-08-01,484.0
"Memphis, TN",237.0,237.0,0.0,0.0,0.0,2025-08-01,0.0
"Miami, FL",939.0,391.0,34.0,6.0,508.0,2025-08-01,548.0
"Milwaukee, WI",233.0,164.0,16.0,4.0,49.0,2025-08-01,69.0
"Minneapolis, MN",1702.0,825.0,12.0,7.0,858.0,2025-08-01,877.0
"Nashville, TN",1408.0,1037.0,6.0,6.0,359.0,2025-08-01,371.0
"New York, NY",3819.0,956.0,166.0,117.0,2580.0,2025-08-01,2863.0
"Oklahoma City, OK",704.0,503.0,28.0,3.0,170.0,2025-08-01,201.0
"Orlando, FL",1649.0,927.0,10.0,8.0,704.0,2025-08-01,722.0
"Philadelphia, PA",842.0,618.0,40.0,54.0,130.0,2025-08-01,224.0
"Phoenix, AZ",1809.0,1529.0,26.0,8.0,246.0,2025-08-01,280.0
"Pittsburgh, PA",404.0,300.0,4.0,0.0,100.0,2025-08-01,104.0
"Portland, OR",570.0,433.0,6.0,9.0,122.0,2025-08-01,137.0
"Providence, RI",189.0,94.0,14.0,7.0,74.0,2025-08-01,95.0
"Raleigh, NC",2006.0,978.0,56.0,0.0,972.0,2025-08-01,1028.0
"Richmond, VA",376.0,328.0,42.0,0.0,6.0,2025-08-01,48.0
"Riverside, CA",1116.0,564.0,20.0,16.0,516.0,2025-08-01,552.0
"Sacramento, CA",855.0,525.0,40.0,0.0,290.0,2025-08-01,330.0
"Salt Lake City, UT",736.0,241.0,10.0,27.0,458.0,2025-08-01,495.0
"San Antonio, TX",663.0,607.0,0.0,0.0,56.0,2025-08-01,56.0
"San Diego, CA",721.0,247.0,60.0,4.0,410.0,2025-08-01,474.0
"San Francisco, CA",354.0,242.0,4.0,3.0,105.0,2025-08-01,112.0
"San Jose, CA",1234.0,179.0,0.0,0.0,1055.0,2025-08-01,1055.0
"Seattle, WA",1550.0,494.0,92.0,14.0,950.0,2025-08-01,1056.0
"St. Louis, MO",607.0,378.0,6.0,26.0,197.0,2025-08-01,229.0
"Tampa, FL",2908.0,1324.0,58.0,6.0,1520.0,2025-08-01,1584.0
"Virginia Beach, VA",279.0,270.0,0.0,0.0,9.0,2025-08-01,9.0
"Washington, DC",2210.0,766.0,2.0,0.0,1442.0,2025-08-01,1444.0
"Atlanta, GA",2877.0,1959.0,12.0,48.0,858.0,2025-07-01,918.0
"Austin, TX",2917.0,1540.0,56.0,0.0,1321.0,2025-07-01,1377.0
"Baltimore, MD",389.0,313.0,0.0,0.0,76.0,2025-07-01,76.0
"Birmingham, AL",317.0,266.0,2.0,0.0,49.0,2025-07-01,51.0
"Boston, MA",921.0,325.0,12.0,9.0,575.0,2025-07-01,596.0
"Buffalo, NY",93.0,69.0,0.0,4.0,20.0,2025-07-01,24.0
"Charlotte, NC",1670.0,1394.0,8.0,3.0,265.0,2025-07-01,276.0
"Chicago, IL",1851.0,901.0,30.0,47.0,873.0,2025-07-01,950.0
"Cincinnati, OH",502.0,361.0,16.0,32.0,93.0,2025-07-01,141.0
"Cleveland, OH",243.0,197.0,4.0,3.0,39.0,2025-07-01,46.0
"Columbus, OH",1452.0,399.0,24.0,16.0,1013.0,2025-07-01,1053.0
"Dallas, TX",5800.0,3294.0,182.0,89.0,2235.0,2025-07-01,2506.0
"Denver, CO",941.0,574.0,0.0,4.0,363.0,2025-07-01,367.0
"Detroit, MI",922.0,482.0,32.0,29.0,379.0,2025-07-01,440.0
"Grand Rapids, MI",349.0,206.0,4.0,3.0,136.0,2025-07-01,143.0
"Hartford, CT",69.0,46.0,0.0,0.0,23.0,2025-07-01,23.0
"Houston, TX",5771.0,4074.0,288.0,0.0,1409.0,2025-07-01,1697.0
"Indianapolis, IN",1095.0,803.0,22.0,0.0,270.0,2025-07-01,292.0
"Jacksonville, FL",1357.0,841.0,138.0,12.0,366.0,2025-07-01,516.0
"Kansas City, MO",701.0,481.0,16.0,0.0,204.0,2025-07-01,220.0
"Las Vegas, NV",847.0,805.0,0.0,4.0,38.0,2025-07-01,42.0
"Los Angeles, CA",1694.0,991.0,118.0,29.0,556.0,2025-07-01,703.0
"Louisville, KY",611.0,291.0,8.0,3.0,309.0,2025-07-01,320.0
"Memphis, TN",278.0,270.0,0.0,3.0,5.0,2025-07-01,8.0
"Miami, FL",2904.0,502.0,60.0,31.0,2311.0,2025-07-01,2402.0
"Milwaukee, WI",435.0,148.0,20.0,0.0,267.0,2025-07-01,287.0
"Minneapolis, MN",1241.0,839.0,10.0,3.0,389.0,2025-07-01,402.0
"Nashville, TN",2099.0,1223.0,4.0,0.0,872.0,2025-07-01,876.0
"New York, NY",3965.0,837.0,142.0,104.0,2882.0,2025-07-01,3128.0
"Oklahoma City, OK",593.0,531.0,22.0,3.0,37.0,2025-07-01,62.0
"Orlando, FL",2082.0,1063.0,4.0,11.0,1004.0,2025-07-01,1019.0
"Philadelphia, PA",937.0,680.0,14.0,49.0,194.0,2025-07-01,257.0
"Phoenix, AZ",3656.0,1744.0,72.0,3.0,1837.0,2025-07-01,1912.0
"Pittsburgh, PA",432.0,303.0,6.0,10.0,113.0,2025-07-01,129.0
"Portland, OR",599.0,445.0,30.0,12.0,112.0,2025-07-01,154.0
"Providence, RI",210.0,95.0,38.0,3.0,74.0,2025-07-01,115.0
"Raleigh, NC",1853.0,915.0,52.0,0.0,886.0,2025-07-01,938.0
"Richmond, VA",465.0,407.0,24.0,0.0,34.0,2025-07-01,58.0
"Riverside, CA",1007.0,717.0,24.0,7.0,259.0,2025-07-01,290.0
"Sacramento, CA",755.0,549.0,14.0,0.0,192.0,2025-07-01,206.0
"Salt Lake City, UT",603.0,218.0,0.0,7.0,378.0,2025-07-01,385.0
"San Antonio, TX",1015.0,995.0,2.0,0.0,18.0,2025-07-01,20.0
"San Diego, CA",1135.0,281.0,96.0,27.0,731.0,2025-07-01,854.0
"San Francisco, CA",299.0,222.0,6.0,4.0,67.0,2025-07-01,77.0
"San Jose, CA",623.0,170.0,4.0,0.0,449.0,2025-07-01,453.0
"Seattle, WA",1008.0,587.0,86.0,48.0,287.0,2025-07-01,421.0
"St. Louis, MO",499.0,368.0,10.0,14.0,107.0,2025-07-01,131.0
"Tampa, FL",1747.0,1140.0,26.0,3.0,578.0,2025-07-01,607.0
"Virginia Beach, VA",528.0,345.0,0.0,0.0,183.0,2025-07-01,183.0
"Washington, DC",1653.0,983.0,0.0,0.0,670.0,2025-07-01,670.0
"Atlanta, GA",2242.0,1815.0,32.0,36.0,359.0,2025-06-01,427.0
"Austin, TX",1793.0,1231.0,40.0,0.0,522.0,2025-06-01,562.0
"Baltimore, MD",387.0,314.0,0.0,0.0,73.0,2025-06-01,73.0
"Birmingham, AL",297.0,244.0,2.0,0.0,51.0,2025-06-01,53.0
"Boston, MA",556.0,266.0,16.0,16.0,258.0,2025-06-01,290.0
"Buffalo, NY",83.0,68.0,6.0,0.0,9.0,2025-06-01,15.0
"Charlotte, NC",2356.0,1452.0,10.0,4.0,890.0,2025-06-01,904.0
"Chicago, IL",1927.0,1039.0,24.0,40.0,824.0,2025-06-01,888.0
"Cincinnati, OH",570.0,422.0,28.0,39.0,81.0,2025-06-01,148.0
"Cleveland, OH",369.0,253.0,0.0,3.0,113.0,2025-06-01,116.0
"Columbus, OH",1694.0,490.0,2.0,9.0,1193.0,2025-06-01,1204.0
"Dallas, TX",7505.0,3505.0,34.0,22.0,3944.0,2025-06-01,4000.0
"Denver, CO",1508.0,618.0,0.0,0.0,890.0,2025-06-01,890.0
"Detroit, MI",1113.0,476.0,16.0,10.0,611.0,2025-06-01,637.0
"Grand Rapids, MI",268.0,245.0,2.0,0.0,21.0,2025-06-01,23.0
"Hartford, CT",114.0,59.0,2.0,0.0,53.0,2025-06-01,55.0
"Houston, TX",5190.0,3823.0,256.0,0.0,1111.0,2025-06-01,1367.0
"Indianapolis, IN",1257.0,879.0,8.0,8.0,362.0,2025-06-01,378.0
"Jacksonville, FL",1076.0,753.0,0.0,19.0,304.0,2025-06-01,323.0
"Kansas City, MO",1615.0,465.0,8.0,47.0,1095.0,2025-06-01,1150.0
"Las Vegas, NV",559.0,559.0,0.0,0.0,0.0,2025-06-01,0.0
"Los Angeles, CA",2480.0,997.0,128.0,36.0,1319.0,2025-06-01,1483.0
"Louisville, KY",615.0,301.0,6.0,0.0,308.0,2025-06-01,314.0
"Memphis, TN",317.0,312.0,0.0,0.0,5.0,2025-06-01,5.0
"Miami, FL",4731.0,514.0,44.0,6.0,4167.0,2025-06-01,4217.0
"Milwaukee, WI",249.0,165.0,12.0,0.0,72.0,2025-06-01,84.0
"Minneapolis, MN",879.0,774.0,8.0,10.0,87.0,2025-06-01,105.0
"Nashville, TN",1872.0,1264.0,2.0,7.0,599.0,2025-06-01,608.0
"New York, NY",3563.0,1010.0,88.0,60.0,2405.0,2025-06-01,2553.0
"Oklahoma City, OK",662.0,501.0,56.0,3.0,102.0,2025-06-01,161.0
"Orlando, FL",2596.0,1836.0,2.0,4.0,754.0,2025-06-01,760.0
"Philadelphia, PA",1276.0,780.0,30.0,42.0,424.0,2025-06-01,496.0
"Phoenix, AZ",3435.0,2139.0,48.0,0.0,1248.0,2025-06-01,1296.0
"Pittsburgh, PA",467.0,365.0,2.0,0.0,100.0,2025-06-01,102.0
"Portland, OR",790.0,563.0,6.0,0.0,221.0,2025-06-01,227.0
"Providence, RI",254.0,99.0,52.0,6.0,97.0,2025-06-01,155.0
"Raleigh, NC",1348.0,840.0,2.0,0.0,506.0,2025-06-01,508.0
"Richmond, VA",619.0,399.0,24.0,0.0,196.0,2025-06-01,220.0
"Riverside, CA",1619.0,564.0,30.0,8.0,1017.0,2025-06-01,1055.0
"Sacramento, CA",701.0,659.0,28.0,14.0,0.0,2025-06-01,42.0
"Salt Lake City, UT",388.0,207.0,8.0,9.0,164.0,2025-06-01,181.0
"San Antonio, TX",785.0,761.0,0.0,0.0,24.0,2025-06-01,24.0
"San Diego, CA",1814.0,252.0,78.0,34.0,1450.0,2025-06-01,1562.0
"San Francisco, CA",701.0,243.0,8.0,0.0,450.0,2025-06-01,458.0
"San Jose, CA",245.0,162.0,2.0,0.0,81.0,2025-06-01,83.0
"Seattle, WA",1192.0,441.0,68.0,69.0,614.0,2025-06-01,751.0
"St. Louis, MO",538.0,389.0,20.0,21.0,108.0,2025-06-01,149.0
"Tampa, FL",2436.0,1266.0,36.0,0.0,1134.0,2025-06-01,1170.0
"Virginia Beach, VA",293.0,247.0,46.0,0.0,0.0,2025-06-01,46.0
"Washington, DC",1677.0,1081.0,18.0,0.0,578.0,2025-06-01,596.0
"Atlanta, GA",2814.0,1948.0,22.0,23.0,821.0,2025-05-01,866.0
"Austin, TX",3313.0,1433.0,214.0,6.0,1660.0,2025-05-01,1880.0
"Baltimore, MD",644.0,306.0,0.0,0.0,338.0,2025-05-01,338.0
"Birmingham, AL",310.0,280.0,2.0,0.0,28.0,2025-05-01,30.0
"Boston, MA",921.0,326.0,24.0,27.0,544.0,2025-05-01,595.0
"Buffalo, NY",170.0,78.0,6.0,0.0,86.0,2025-05-01,92.0
"Charlotte, NC",1571.0,1526.0,8.0,0.0,37.0,2025-05-01,45.0
"Chicago, IL",1964.0,850.0,38.0,26.0,1050.0,2025-05-01,1114.0
"Cincinnati, OH",584.0,436.0,16.0,0.0,132.0,2025-05-01,148.0
"Cleveland, OH",413.0,286.0,0.0,0.0,127.0,2025-05-01,127.0
"Columbus, OH",2292.0,487.0,4.0,19.0,1782.0,2025-05-01,1805.0
"Dallas, TX",5201.0,3769.0,128.0,252.0,1052.0,2025-05-01,1432.0
"Denver, CO",1860.0,683.0,0.0,24.0,1153.0,2025-05-01,1177.0
"Detroit, MI",745.0,502.0,50.0,19.0,174.0,2025-05-01,243.0
"Grand Rapids, MI",267.0,236.0,4.0,0.0,27.0,2025-05-01,31.0
"Hartford, CT",67.0,46.0,0.0,0.0,21.0,2025-05-01,21.0
"Houston, TX",5811.0,4596.0,278.0,0.0,937.0,2025-05-01,1215.0
"Indianapolis, IN",1234.0,908.0,4.0,4.0,318.0,2025-05-01,326.0
"Jacksonville, FL",1194.0,918.0,0.0,0.0,276.0,2025-05-01,276.0
"Kansas City, MO",625.0,501.0,8.0,36.0,80.0,2025-05-01,124.0
"Las Vegas, NV",1308.0,1041.0,0.0,0.0,267.0,2025-05-01,267.0
"Los Angeles, CA",2401.0,1034.0,164.0,48.0,1155.0,2025-05-01,1367.0
"Louisville, KY",726.0,372.0,2.0,8.0,344.0,2025-05-01,354.0
"Memphis, TN",279.0,250.0,0.0,4.0,25.0,2025-05-01,29.0
"Miami, FL",1361.0,475.0,58.0,0.0,828.0,2025-05-01,886.0
"Milwaukee, WI",376.0,181.0,14.0,4.0,177.0,2025-05-01,195.0
"Minneapolis, MN",1304.0,806.0,6.0,11.0,481.0,2025-05-01,498.0
"Nashville, TN",1406.0,1316.0,2.0,3.0,85.0,2025-05-01,90.0
"New York, NY",3660.0,983.0,124.0,118.0,2435.0,2025-05-01,2677.0
"Oklahoma City, OK",550.0,503.0,36.0,3.0,8.0,2025-05-01,47.0
"Orlando, FL",1792.0,1207.0,6.0,0.0,579.0,2025-05-01,585.0
"Philadelphia, PA",976.0,670.0,8.0,27.0,271.0,2025-05-01,306.0
"Phoenix, AZ",3469.0,2264.0,96.0,48.0,1061.0,2025-05-01,1205.0
"Pittsburgh, PA",467.0,322.0,2.0,4.0,139.0,2025-05-01,145.0
"Portland, OR",1068.0,540.0,6.0,0.0,522.0,2025-05-01,528.0
"Providence, RI",209.0,115.0,24.0,15.0,55.0,2025-05-01,94.0
"Raleigh, NC",1686.0,1069.0,0.0,0.0,617.0,2025-05-01,617.0
"Richmond, VA",911.0,399.0,0.0,0.0,512.0,2025-05-01,512.0
"Riverside, CA",1320.0,877.0,24.0,24.0,395.0,2025-05-01,443.0
"Sacramento, CA",960.0,720.0,30.0,0.0,210.0,2025-05-01,240.0
"Salt Lake City, UT",234.0,194.0,10.0,8.0,22.0,2025-05-01,40.0
"San Antonio, TX",963.0,799.0,2.0,0.0,162.0,2025-05-01,164.0
"San Diego, CA",968.0,363.0,32.0,14.0,559.0,2025-05-01,605.0
"San Francisco, CA",1007.0,215.0,8.0,0.0,784.0,2025-05-01,792.0
"San Jose, CA",186.0,159.0,0.0,0.0,27.0,2025-05-01,27.0
"Seattle, WA",848.0,508.0,66.0,44.0,230.0,2025-05-01,340.0
"St. Louis, MO",469.0,351.0,26.0,14.0,78.0,2025-05-01,118.0
"Tampa, FL",2426.0,1336.0,4.0,0.0,1086.0,2025-05-01,1090.0
"Virginia Beach, VA",287.0,287.0,0.0,0.0,0.0,2025-05-01,0.0
"Washington, DC",1540.0,968.0,0.0,0.0,572.0,2025-05-01,572.0
"Atlanta, GA",3422.0,2178.0,16.0,0.0,1228.0,2025-04-01,1244.0
"Austin, TX",2288.0,1661.0,96.0,7.0,524.0,2025-04-01,627.0
"Baltimore, MD",680.0,398.0,2.0,0.0,280.0,2025-04-01,282.0
"Birmingham, AL",382.0,337.0,2.0,0.0,43.0,2025-04-01,45.0
"Boston, MA",948.0,317.0,16.0,21.0,594.0,2025-04-01,631.0
"Buffalo, NY",68.0,57.0,2.0,0.0,9.0,2025-04-01,11.0
"Charlotte, NC",1739.0,1676.0,20.0,0.0,43.0,2025-04-01,63.0
"Chicago, IL",1342.0,885.0,22.0,39.0,396.0,2025-04-01,457.0
"Cincinnati, OH",668.0,435.0,22.0,16.0,195.0,2025-04-01,233.0
"Cleveland, OH",301.0,267.0,0.0,3.0,31.0,2025-04-01,34.0
"Columbus, OH",1082.0,535.0,4.0,45.0,498.0,2025-04-01,547.0
"Dallas, TX",8409.0,4263.0,242.0,251.0,3653.0,2025-04-01,4146.0
"Denver, CO",1565.0,874.0,16.0,12.0,663.0,2025-04-01,691.0
"Detroit, MI",599.0,439.0,46.0,31.0,83.0,2025-04-01,160.0
"Grand Rapids, MI",462.0,297.0,6.0,0.0,159.0,2025-04-01,165.0
"Hartford, CT",157.0,71.0,2.0,0.0,84.0,2025-04-01,86.0
"Houston, TX",6482.0,4596.0,126.0,4.0,1756.0,2025-04-01,1886.0
"Indianapolis, IN",1119.0,929.0,34.0,3.0,153.0,2025-04-01,190.0
"Jacksonville, FL",1070.0,846.0,0.0,0.0,224.0,2025-04-01,224.0
"Kansas City, MO",705.0,491.0,26.0,3.0,185.0,2025-04-01,214.0
"Las Vegas, NV",1914.0,1002.0,246.0,7.0,659.0,2025-04-01,912.0
"Los Angeles, CA",2411.0,1102.0,122.0,56.0,1131.0,2025-04-01,1309.0
"Louisville, KY",648.0,354.0,6.0,0.0,288.0,2025-04-01,294.0
"Memphis, TN",278.0,273.0,0.0,0.0,5.0,2025-04-01,5.0
"Miami, FL",1156.0,585.0,62.0,15.0,494.0,2025-04-01,571.0
"Milwaukee, WI",250.0,169.0,42.0,0.0,39.0,2025-04-01,81.0
"Minneapolis, MN",1706.0,855.0,10.0,11.0,830.0,2025-04-01,851.0
"Nashville, TN",1642.0,1384.0,30.0,7.0,221.0,2025-04-01,258.0
"New York, NY",3605.0,1010.0,174.0,95.0,2326.0,2025-04-01,2595.0
"Oklahoma City, OK",987.0,539.0,18.0,0.0,430.0,2025-04-01,448.0
"Orlando, FL",2459.0,1525.0,16.0,0.0,918.0,2025-04-01,934.0
"Philadelphia, PA",1017.0,742.0,10.0,23.0,242.0,2025-04-01,275.0
"Phoenix, AZ",3923.0,2338.0,140.0,7.0,1438.0,2025-04-01,1585.0
"Pittsburgh, PA",481.0,359.0,10.0,11.0,101.0,2025-04-01,122.0
"Portland, OR",766.0,551.0,12.0,0.0,203.0,2025-04-01,215.0
"Providence, RI",174.0,100.0,26.0,9.0,39.0,2025-04-01,74.0
"Raleigh, NC",1513.0,1067.0,6.0,0.0,440.0,2025-04-01,446.0
"Richmond, VA",732.0,374.0,50.0,0.0,308.0,2025-04-01,358.0
"Riverside, CA",1250.0,943.0,26.0,32.0,249.0,2025-04-01,307.0
"Sacramento, CA",1455.0,808.0,12.0,0.0,635.0,2025-04-01,647.0
"Salt Lake City, UT",456.0,290.0,10.0,27.0,129.0,2025-04-01,166.0
"San Antonio, TX",1217.0,975.0,8.0,0.0,234.0,2025-04-01,242.0
"San Diego, CA",1027.0,327.0,26.0,47.0,627.0,2025-04-01,700.0
"San Francisco, CA",339.0,221.0,6.0,0.0,112.0,2025-04-01,118.0
"San Jose, CA",532.0,162.0,0.0,4.0,366.0,2025-04-01,370.0
"Seattle, WA",1316.0,660.0,68.0,56.0,532.0,2025-04-01,656.0
"St. Louis, MO",592.0,430.0,38.0,17.0,107.0,2025-04-01,162.0
"Tampa, FL",1741.0,1293.0,16.0,0.0,432.0,2025-04-01,448.0
"Virginia Beach, VA",330.0,274.0,8.0,10.0,38.0,2025-04-01,56.0
"Washington, DC",1434.0,860.0,16.0,0.0,558.0,2025-04-01,574.0
"Atlanta, GA",2902.0,2130.0,10.0,101.0,661.0,2025-03-01,772.0
"Austin, TX",2599.0,1589.0,70.0,15.0,925.0,2025-03-01,1010.0
"Baltimore, MD",427.0,290.0,8.0,0.0,129.0,2025-03-01,137.0
"Birmingham, AL",394.0,365.0,0.0,0.0,29.0,2025-03-01,29.0
"Boston, MA",720.0,261.0,28.0,13.0,418.0,2025-03-01,459.0
"Buffalo, NY",83.0,63.0,0.0,7.0,13.0,2025-03-01,20.0
"Charlotte, NC",2471.0,1622.0,10.0,0.0,839.0,2025-03-01,849.0
"Chicago, IL",1098.0,848.0,22.0,47.0,181.0,2025-03-01,250.0
"Cincinnati, OH",713.0,348.0,34.0,14.0,317.0,2025-03-01,365.0
"Cleveland, OH",218.0,218.0,0.0,0.0,0.0,2025-03-01,0.0
"Columbus, OH",1620.0,493.0,18.0,33.0,1076.0,2025-03-01,1127.0
"Dallas, TX",5691.0,3810.0,156.0,25.0,1700.0,2025-03-01,1881.0
"Denver, CO",1034.0,701.0,0.0,29.0,304.0,2025-03-01,333.0
"Detroit, MI",772.0,420.0,64.0,13.0,275.0,2025-03-01,352.0
"Grand Rapids, MI",316.0,215.0,2.0,0.0,99.0,2025-03-01,101.0
"Hartford, CT",131.0,59.0,0.0,3.0,69.0,2025-03-01,72.0
"Houston, TX",6463.0,4709.0,150.0,0.0,1604.0,2025-03-01,1754.0
"Indianapolis, IN",980.0,715.0,8.0,4.0,253.0,2025-03-01,265.0
"Jacksonville, FL",1552.0,724.0,2.0,0.0,826.0,2025-03-01,828.0
"Kansas City, MO",547.0,431.0,10.0,0.0,106.0,2025-03-01,116.0
"Las Vegas, NV",1365.0,949.0,0.0,57.0,359.0,2025-03-01,416.0
"Los Angeles, CA",1873.0,1005.0,144.0,41.0,683.0,2025-03-01,868.0
"Louisville, KY",687.0,371.0,4.0,3.0,309.0,2025-03-01,316.0
"Memphis, TN",308.0,300.0,8.0,0.0,0.0,2025-03-01,8.0
"Miami, FL",1663.0,366.0,32.0,23.0,1242.0,2025-03-01,1297.0
"Milwaukee, WI",177.0,135.0,14.0,0.0,28.0,2025-03-01,42.0
"Minneapolis, MN",1028.0,776.0,12.0,18.0,222.0,2025-03-01,252.0
"Nashville, TN",2015.0,1289.0,2.0,4.0,720.0,2025-03-01,726.0
"New York, NY",3541.0,1200.0,136.0,96.0,2109.0,2025-03-01,2341.0
"Oklahoma City, OK",739.0,660.0,36.0,24.0,19.0,2025-03-01,79.0
"Orlando, FL",3159.0,1371.0,8.0,0.0,1780.0,2025-03-01,1788.0
"Philadelphia, PA",1269.0,774.0,12.0,45.0,438.0,2025-03-01,495.0
"Phoenix, AZ",3940.0,2372.0,36.0,3.0,1529.0,2025-03-01,1568.0
"Pittsburgh, PA",489.0,359.0,0.0,6.0,124.0,2025-03-01,130.0
"Portland, OR",624.0,555.0,10.0,0.0,59.0,2025-03-01,69.0
"Providence, RI",162.0,89.0,6.0,6.0,61.0,2025-03-01,73.0
"Raleigh, NC",1779.0,1259.0,4.0,0.0,516.0,2025-03-01,520.0
"Richmond, VA",945.0,422.0,28.0,0.0,495.0,2025-03-01,523.0
"Riverside, CA",1220.0,1045.0,6.0,17.0,152.0,2025-03-01,175.0
"Sacramento, CA",805.0,763.0,26.0,8.0,8.0,2025-03-01,42.0
"Salt Lake City, UT",537.0,247.0,6.0,3.0,281.0,2025-03-01,290.0
"San Antonio, TX",1062.0,858.0,4.0,0.0,200.0,2025-03-01,204.0
"San Diego, CA",694.0,269.0,38.0,21.0,366.0,2025-03-01,425.0
"San Francisco, CA",686.0,179.0,2.0,9.0,496.0,2025-03-01,507.0
"San Jose, CA",279.0,219.0,4.0,3.0,53.0,2025-03-01,60.0
"Seattle, WA",926.0,533.0,84.0,17.0,292.0,2025-03-01,393.0
"St. Louis, MO",678.0,418.0,2.0,30.0,228.0,2025-03-01,260.0
"Tampa, FL",1356.0,1210.0,12.0,124.0,10.0,2025-03-01,146.0
"Virginia Beach, VA",305.0,260.0,4.0,0.0,41.0,2025-03-01,45.0
"Washington, DC",1103.0,928.0,8.0,8.0,159.0,2025-03-01,175.0
"Atlanta, GA",2760.0,1971.0,8.0,7.0,774.0,2025-02-01,789.0
"Austin, TX",1981.0,1354.0,52.0,44.0,531.0,2025-02-01,627.0
"Baltimore, MD",772.0,335.0,0.0,0.0,437.0,2025-02-01,437.0
"Birmingham, AL",265.0,251.0,0.0,0.0,14.0,2025-02-01,14.0
"Boston, MA",565.0,182.0,12.0,9.0,362.0,2025-02-01,383.0
"Buffalo, NY",58.0,53.0,0.0,0.0,5.0,2025-02-01,5.0
"Charlotte, NC",1827.0,1374.0,10.0,0.0,443.0,2025-02-01,453.0
"Chicago, IL",933.0,602.0,26.0,66.0,239.0,2025-02-01,331.0
"Cincinnati, OH",713.0,284.0,32.0,13.0,384.0,2025-02-01,429.0
"Cleveland, OH",163.0,153.0,0.0,3.0,7.0,2025-02-01,10.0
"Columbus, OH",1821.0,417.0,30.0,177.0,1197.0,2025-02-01,1404.0
"Dallas, TX",4935.0,3828.0,42.0,28.0,1037.0,2025-02-01,1107.0
"Denver, CO",1360.0,604.0,2.0,7.0,747.0,2025-02-01,756.0
"Detroit, MI",572.0,262.0,42.0,15.0,253.0,2025-02-01,310.0
"Grand Rapids, MI",233.0,186.0,2.0,0.0,45.0,2025-02-01,47.0
"Hartford, CT",63.0,45.0,4.0,4.0,10.0,2025-02-01,18.0
"Houston, TX",5316.0,4086.0,168.0,0.0,1062.0,2025-02-01,1230.0
"Indianapolis, IN",783.0,701.0,22.0,4.0,56.0,2025-02-01,82.0
"Jacksonville, FL",910.0,706.0,0.0,0.0,204.0,2025-02-01,204.0
"Kansas City, MO",676.0,352.0,4.0,4.0,316.0,2025-02-01,324.0
"Las Vegas, NV",989.0,855.0,0.0,30.0,104.0,2025-02-01,134.0
"Los Angeles, CA",1926.0,1047.0,146.0,27.0,706.0,2025-02-01,879.0
"Louisville, KY",409.0,253.0,6.0,0.0,150.0,2025-02-01,156.0
"Memphis, TN",215.0,195.0,0.0,9.0,11.0,2025-02-01,20.0
"Miami, FL",1586.0,447.0,58.0,3.0,1078.0,2025-02-01,1139.0
"Milwaukee, WI",253.0,112.0,14.0,0.0,127.0,2025-02-01,141.0
"Minneapolis, MN",1018.0,661.0,2.0,4.0,351.0,2025-02-01,357.0
"Nashville, TN",1492.0,1010.0,0.0,0.0,482.0,2025-02-01,482.0
"New York, NY",2107.0,970.0,146.0,41.0,950.0,2025-02-01,1137.0
"Oklahoma City, OK",856.0,554.0,14.0,0.0,288.0,2025-02-01,302.0
"Orlando, FL",2304.0,1267.0,24.0,4.0,1009.0,2025-02-01,1037.0
"Philadelphia, PA",1177.0,545.0,8.0,34.0,590.0,2025-02-01,632.0
"Phoenix, AZ",2661.0,2228.0,102.0,32.0,299.0,2025-02-01,433.0
"Pittsburgh, PA",374.0,285.0,0.0,7.0,82.0,2025-02-01,89.0
"Portland, OR",669.0,535.0,4.0,4.0,126.0,2025-02-01,134.0
"Providence, RI",128.0,84.0,38.0,6.0,0.0,2025-02-01,44.0
"Raleigh, NC",1731.0,1042.0,10.0,11.0,668.0,2025-02-01,689.0
"Richmond, VA",1033.0,321.0,32.0,0.0,680.0,2025-02-01,712.0
"Riverside, CA",1645.0,1068.0,36.0,7.0,534.0,2025-02-01,577.0
"Sacramento, CA",876.0,800.0,12.0,4.0,60.0,2025-02-01,76.0
"Salt Lake City, UT",443.0,230.0,8.0,15.0,190.0,2025-02-01,213.0
"San Antonio, TX",1137.0,798.0,0.0,0.0,339.0,2025-02-01,339.0
"San Diego, CA",619.0,260.0,20.0,14.0,325.0,2025-02-01,359.0
"San Francisco, CA",532.0,231.0,10.0,3.0,288.0,2025-02-01,301.0
"San Jose, CA",217.0,195.0,0.0,8.0,14.0,2025-02-01,22.0
"Seattle, WA",1078.0,509.0,102.0,10.0,457.0,2025-02-01,569.0
"St. Louis, MO",406.0,294.0,4.0,8.0,100.0,2025-02-01,112.0
"Tampa, FL",1773.0,891.0,14.0,3.0,865.0,2025-02-01,882.0
"Virginia Beach, VA",237.0,230.0,0.0,0.0,7.0,2025-02-01,7.0
"Washington, DC",1279.0,944.0,0.0,0.0,335.0,2025-02-01,335.0
"Atlanta, GA",3133.0,1859.0,22.0,53.0,1199.0,2025-01-01,1274.0
"Austin, TX",1908.0,1159.0,14.0,6.0,729.0,2025-01-01,749.0
"Baltimore, MD",708.0,247.0,4.0,0.0,457.0,2025-01-01,461.0
"Birmingham, AL",261.0,241.0,0.0,0.0,20.0,2025-01-01,20.0
"Boston, MA",789.0,254.0,34.0,15.0,486.0,2025-01-01,535.0
"Buffalo, NY",52.0,39.0,2.0,3.0,8.0,2025-01-01,13.0
"Charlotte, NC",2304.0,1423.0,6.0,0.0,875.0,2025-01-01,881.0
"Chicago, IL",819.0,580.0,16.0,51.0,172.0,2025-01-01,239.0
"Cincinnati, OH",464.0,324.0,20.0,21.0,99.0,2025-01-01,140.0
"Cleveland, OH",262.0,204.0,0.0,3.0,55.0,2025-01-01,58.0
"Columbus, OH",657.0,406.0,6.0,9.0,236.0,2025-01-01,251.0
"Dallas, TX",4876.0,3411.0,92.0,43.0,1330.0,2025-01-01,1465.0
"Denver, CO",985.0,703.0,0.0,7.0,275.0,2025-01-01,282.0
"Detroit, MI",394.0,296.0,34.0,0.0,64.0,2025-01-01,98.0
"Grand Rapids, MI",299.0,177.0,4.0,30.0,88.0,2025-01-01,122.0
"Hartford, CT",50.0,32.0,0.0,0.0,18.0,2025-01-01,18.0
"Houston, TX",5731.0,4180.0,168.0,50.0,1333.0,2025-01-01,1551.0
"Indianapolis, IN",773.0,748.0,10.0,7.0,8.0,2025-01-01,25.0
"Jacksonville, FL",1065.0,1002.0,32.0,0.0,31.0,2025-01-01,63.0
"Kansas City, MO",740.0,261.0,6.0,0.0,473.0,2025-01-01,479.0
"Las Vegas, NV",1292.0,987.0,0.0,16.0,289.0,2025-01-01,305.0
"Los Angeles, CA",1675.0,955.0,124.0,13.0,583.0,2025-01-01,720.0
"Louisville, KY",255.0,207.0,4.0,0.0,44.0,2025-01-01,48.0
"Memphis, TN",237.0,237.0,0.0,0.0,0.0,2025-01-01,0.0
"Miami, FL",1118.0,345.0,38.0,16.0,719.0,2025-01-01,773.0
"Milwaukee, WI",222.0,107.0,8.0,0.0,107.0,2025-01-01,115.0
"Minneapolis, MN",698.0,526.0,6.0,0.0,166.0,2025-01-01,172.0
"Nashville, TN",1569.0,1011.0,0.0,0.0,558.0,2025-01-01,558.0
"New York, NY",4200.0,908.0,116.0,69.0,3107.0,2025-01-01,3292.0
"Oklahoma City, OK",644.0,553.0,58.0,20.0,13.0,2025-01-01,91.0
"Orlando, FL",3632.0,1393.0,24.0,12.0,2203.0,2025-01-01,2239.0
"Philadelphia, PA",931.0,648.0,6.0,38.0,239.0,2025-01-01,283.0
"Phoenix, AZ",2687.0,2493.0,102.0,4.0,88.0,2025-01-01,194.0
"Pittsburgh, PA",428.0,277.0,0.0,6.0,145.0,2025-01-01,151.0
"Portland, OR",808.0,572.0,20.0,11.0,205.0,2025-01-01,236.0
"Providence, RI",150.0,93.0,38.0,14.0,5.0,2025-01-01,57.0
"Raleigh, NC",1067.0,997.0,2.0,0.0,68.0,2025-01-01,70.0
"Richmond, VA",1313.0,507.0,26.0,17.0,763.0,2025-01-01,806.0
"Riverside, CA",1161.0,978.0,16.0,25.0,142.0,2025-01-01,183.0
"Sacramento, CA",801.0,687.0,28.0,4.0,82.0,2025-01-01,114.0
"Salt Lake City, UT",943.0,332.0,4.0,14.0,593.0,2025-01-01,611.0
"San Antonio, TX",876.0,813.0,0.0,24.0,39.0,2025-01-01,63.0
"San Diego, CA",543.0,248.0,58.0,33.0,204.0,2025-01-01,295.0
"San Francisco, CA",565.0,174.0,8.0,6.0,377.0,2025-01-01,391.0
"San Jose, CA",215.0,192.0,0.0,0.0,23.0,2025-01-01,23.0
"Seattle, WA",1203.0,528.0,68.0,78.0,529.0,2025-01-01,675.0
"St. Louis, MO",385.0,263.0,40.0,8.0,74.0,2025-01-01,122.0
"Tampa, FL",2172.0,1091.0,20.0,0.0,1061.0,2025-01-01,1081.0
"Virginia Beach, VA",516.0,308.0,0.0,0.0,208.0,2025-01-01,208.0
"Washington, DC",2180.0,1127.0,12.0,0.0,1041.0,2025-01-01,1053.0
"Atlanta, GA",3660.0,1884.0,8.0,64.0,1704.0,2024-12-01,1776.0
"Austin, TX",3073.0,1077.0,14.0,3.0,1979.0,2024-12-01,1996.0
"Baltimore, MD",632.0,237.0,4.0,0.0,391.0,2024-12-01,395.0
"Birmingham, AL",255.0,231.0,2.0,0.0,22.0,2024-12-01,24.0
"Boston, MA",941.0,261.0,16.0,56.0,608.0,2024-12-01,680.0
"Buffalo, NY",74.0,53.0,2.0,3.0,16.0,2024-12-01,21.0
"Charlotte, NC",2102.0,1334.0,32.0,4.0,732.0,2024-12-01,768.0
"Chicago, IL",1228.0,565.0,12.0,26.0,625.0,2024-12-01,663.0
"Cincinnati, OH",349.0,281.0,34.0,3.0,31.0,2024-12-01,68.0
"Cleveland, OH",213.0,159.0,0.0,0.0,54.0,2024-12-01,54.0
"Columbus, OH",1314.0,534.0,26.0,6.0,748.0,2024-12-01,780.0
"Dallas, TX",6144.0,3615.0,50.0,117.0,2362.0,2024-12-01,2529.0
"Denver, CO",1696.0,999.0,0.0,29.0,668.0,2024-12-01,697.0
"Detroit, MI",493.0,262.0,28.0,16.0,187.0,2024-12-01,231.0
"Grand Rapids, MI",201.0,161.0,6.0,0.0,34.0,2024-12-01,40.0
"Hartford, CT",163.0,42.0,2.0,3.0,116.0,2024-12-01,121.0
"Houston, TX",4828.0,3869.0,110.0,64.0,785.0,2024-12-01,959.0
"Indianapolis, IN",1281.0,607.0,8.0,7.0,659.0,2024-12-01,674.0
"Jacksonville, FL",1064.0,1030.0,2.0,8.0,24.0,2024-12-01,34.0
"Kansas City, MO",628.0,395.0,12.0,27.0,194.0,2024-12-01,233.0
"Las Vegas, NV",764.0,724.0,8.0,8.0,24.0,2024-12-01,40.0
"Los Angeles, CA",2527.0,1039.0,102.0,48.0,1338.0,2024-12-01,1488.0
"Louisville, KY",376.0,192.0,6.0,4.0,174.0,2024-12-01,184.0
"Memphis, TN",233.0,228.0,2.0,3.0,0.0,2024-12-01,5.0
"Miami, FL",1238.0,301.0,42.0,7.0,888.0,2024-12-01,937.0
"Milwaukee, WI",166.0,119.0,20.0,0.0,27.0,2024-12-01,47.0
"Minneapolis, MN",1147.0,615.0,6.0,4.0,522.0,2024-12-01,532.0
"Nashville, TN",1260.0,871.0,0.0,7.0,382.0,2024-12-01,389.0
"New York, NY",6341.0,900.0,138.0,67.0,5236.0,2024-12-01,5441.0
"Oklahoma City, OK",480.0,466.0,14.0,0.0,0.0,2024-12-01,14.0
"Orlando, FL",2158.0,1328.0,0.0,3.0,827.0,2024-12-01,830.0
"Philadelphia, PA",1249.0,493.0,4.0,21.0,731.0,2024-12-01,756.0
"Phoenix, AZ",2322.0,1653.0,128.0,3.0,538.0,2024-12-01,669.0
"Pittsburgh, PA",523.0,235.0,0.0,6.0,282.0,2024-12-01,288.0
"Portland, OR",813.0,379.0,14.0,19.0,401.0,2024-12-01,434.0
"Providence, RI",139.0,120.0,16.0,3.0,0.0,2024-12-01,19.0
"Raleigh, NC",893.0,755.0,4.0,4.0,130.0,2024-12-01,138.0
"Richmond, VA",684.0,361.0,10.0,0.0,313.0,2024-12-01,323.0
"Riverside, CA",1102.0,902.0,0.0,7.0,193.0,2024-12-01,200.0
"Sacramento, CA",997.0,651.0,4.0,0.0,342.0,2024-12-01,346.0
"Salt Lake City, UT",461.0,240.0,4.0,9.0,208.0,2024-12-01,221.0
"San Antonio, TX",1308.0,592.0,0.0,0.0,716.0,2024-12-01,716.0
"San Diego, CA",1067.0,229.0,14.0,194.0,630.0,2024-12-01,838.0
"San Francisco, CA",315.0,189.0,0.0,6.0,120.0,2024-12-01,126.0
"San Jose, CA",212.0,139.0,4.0,7.0,62.0,2024-12-01,73.0
"Seattle, WA",2096.0,396.0,84.0,25.0,1591.0,2024-12-01,1700.0
"St. Louis, MO",389.0,264.0,24.0,8.0,93.0,2024-12-01,125.0
"Tampa, FL",949.0,919.0,14.0,0.0,16.0,2024-12-01,30.0
"Virginia Beach, VA",465.0,272.0,4.0,16.0,173.0,2024-12-01,193.0
"Washington, DC",1506.0,752.0,26.0,0.0,728.0,2024-12-01,754.0
"Atlanta, GA",2517.0,1619.0,14.0,20.0,864.0,2024-11-01,898.0
"Austin, TX",3059.0,1070.0,44.0,0.0,1945.0,2024-11-01,1989.0
"Baltimore, MD",402.0,247.0,0.0,0.0,155.0,2024-11-01,155.0
"Birmingham, AL",217.0,197.0,2.0,0.0,18.0,2024-11-01,20.0
"Boston, MA",695.0,258.0,20.0,14.0,403.0,2024-11-01,437.0
"Buffalo, NY",71.0,57.0,0.0,3.0,11.0,2024-11-01,14.0
"Charlotte, NC",1786.0,1310.0,10.0,3.0,463.0,2024-11-01,476.0
"Chicago, IL",1649.0,758.0,32.0,56.0,803.0,2024-11-01,891.0
"Cincinnati, OH",499.0,267.0,28.0,21.0,183.0,2024-11-01,232.0
"Cleveland, OH",289.0,250.0,0.0,3.0,36.0,2024-11-01,39.0
"Columbus, OH",521.0,438.0,12.0,15.0,56.0,2024-11-01,83.0
"Dallas, TX",4322.0,2899.0,52.0,17.0,1354.0,2024-11-01,1423.0
"Denver, CO",1115.0,556.0,0.0,8.0,551.0,2024-11-01,559.0
"Detroit, MI",768.0,375.0,36.0,12.0,345.0,2024-11-01,393.0
"Grand Rapids, MI",254.0,152.0,6.0,12.0,84.0,2024-11-01,102.0
"Hartford, CT",365.0,38.0,0.0,0.0,327.0,2024-11-01,327.0
"Houston, TX",5099.0,3630.0,96.0,0.0,1373.0,2024-11-01,1469.0
"Indianapolis, IN",792.0,540.0,10.0,26.0,216.0,2024-11-01,252.0
"Jacksonville, FL",785.0,781.0,4.0,0.0,0.0,2024-11-01,4.0
"Kansas City, MO",479.0,384.0,14.0,7.0,74.0,2024-11-01,95.0
"Las Vegas, NV",1188.0,821.0,22.0,8.0,337.0,2024-11-01,367.0
"Los Angeles, CA",2860.0,856.0,132.0,3.0,1869.0,2024-11-01,2004.0
"Louisville, KY",377.0,224.0,4.0,3.0,146.0,2024-11-01,153.0
"Memphis, TN",241.0,241.0,0.0,0.0,0.0,2024-11-01,0.0
"Miami, FL",1349.0,335.0,38.0,25.0,951.0,2024-11-01,1014.0
"Milwaukee, WI",414.0,116.0,20.0,0.0,278.0,2024-11-01,298.0
"Minneapolis, MN",1396.0,705.0,20.0,4.0,667.0,2024-11-01,691.0
"Nashville, TN",1633.0,923.0,0.0,7.0,703.0,2024-11-01,710.0
"New York, NY",4216.0,861.0,94.0,53.0,3208.0,2024-11-01,3355.0
"Oklahoma City, OK",505.0,463.0,38.0,4.0,0.0,2024-11-01,42.0
"Orlando, FL",1388.0,1250.0,0.0,3.0,135.0,2024-11-01,138.0
"Philadelphia, PA",1369.0,663.0,28.0,27.0,651.0,2024-11-01,706.0
"Phoenix, AZ",3654.0,2013.0,76.0,32.0,1533.0,2024-11-01,1641.0
"Pittsburgh, PA",471.0,254.0,0.0,3.0,214.0,2024-11-01,217.0
"Portland, OR",821.0,339.0,22.0,3.0,457.0,2024-11-01,482.0
"Providence, RI",136.0,105.0,28.0,3.0,0.0,2024-11-01,31.0
"Raleigh, NC",879.0,829.0,2.0,0.0,48.0,2024-11-01,50.0
"Richmond, VA",1225.0,407.0,0.0,0.0,818.0,2024-11-01,818.0
"Riverside, CA",769.0,714.0,14.0,0.0,41.0,2024-11-01,55.0
"Sacramento, CA",787.0,606.0,6.0,3.0,172.0,2024-11-01,181.0
"Salt Lake City, UT",579.0,243.0,6.0,10.0,320.0,2024-11-01,336.0
"San Antonio, TX",1078.0,715.0,6.0,0.0,357.0,2024-11-01,363.0
"San Diego, CA",1078.0,320.0,68.0,10.0,680.0,2024-11-01,758.0
"San Francisco, CA",292.0,227.0,6.0,3.0,56.0,2024-11-01,65.0
"San Jose, CA",204.0,166.0,2.0,0.0,36.0,2024-11-01,38.0
"Seattle, WA",1254.0,387.0,42.0,73.0,752.0,2024-11-01,867.0
"St. Louis, MO",686.0,357.0,12.0,8.0,309.0,2024-11-01,329.0
"Tampa, FL",921.0,905.0,6.0,0.0,10.0,2024-11-01,16.0
"Virginia Beach, VA",716.0,252.0,0.0,6.0,458.0,2024-11-01,464.0
"Washington, DC",1124.0,817.0,0.0,0.0,307.0,2024-11-01,307.0
"Atlanta, GA",2634.0,2122.0,4.0,17.0,491.0,2024-10-01,512.0
"Austin, TX",2696.0,1374.0,24.0,11.0,1287.0,2024-10-01,1322.0
"Baltimore, MD",523.0,359.0,2.0,0.0,162.0,2024-10-01,164.0
"Birmingham, AL",315.0,293.0,2.0,0.0,20.0,2024-10-01,22.0
"Boston, MA",652.0,354.0,40.0,8.0,250.0,2024-10-01,298.0
"Buffalo, NY",163.0,81.0,0.0,3.0,79.0,2024-10-01,82.0
"Charlotte, NC",1745.0,1508.0,6.0,0.0,231.0,2024-10-01,237.0
"Chicago, IL",1770.0,1010.0,12.0,31.0,717.0,2024-10-01,760.0
"Cincinnati, OH",743.0,369.0,12.0,36.0,326.0,2024-10-01,374.0
"Cleveland, OH",401.0,279.0,52.0,0.0,70.0,2024-10-01,122.0
"Columbus, OH",1087.0,573.0,10.0,14.0,490.0,2024-10-01,514.0
"Dallas, TX",5893.0,3643.0,302.0,32.0,1916.0,2024-10-01,2250.0
"Denver, CO",1235.0,749.0,4.0,23.0,459.0,2024-10-01,486.0
"Detroit, MI",752.0,450.0,28.0,36.0,238.0,2024-10-01,302.0
"Grand Rapids, MI",413.0,247.0,4.0,6.0,156.0,2024-10-01,166.0
"Hartford, CT",127.0,55.0,6.0,3.0,63.0,2024-10-01,72.0
"Houston, TX",6757.0,4792.0,144.0,90.0,1731.0,2024-10-01,1965.0
"Indianapolis, IN",1316.0,959.0,12.0,0.0,345.0,2024-10-01,357.0
"Jacksonville, FL",1437.0,1218.0,0.0,0.0,219.0,2024-10-01,219.0
"Kansas City, MO",1289.0,513.0,14.0,30.0,732.0,2024-10-01,776.0
"Las Vegas, NV",712.0,666.0,0.0,26.0,20.0,2024-10-01,46.0
"Los Angeles, CA",2010.0,1141.0,122.0,60.0,687.0,2024-10-01,869.0
"Louisville, KY",402.0,314.0,12.0,0.0,76.0,2024-10-01,88.0
"Memphis, TN",280.0,280.0,0.0,0.0,0.0,2024-10-01,0.0
"Miami, FL",1248.0,400.0,42.0,15.0,791.0,2024-10-01,848.0
"Milwaukee, WI",383.0,162.0,30.0,0.0,191.0,2024-10-01,221.0
"Minneapolis, MN",1537.0,1024.0,24.0,15.0,474.0,2024-10-01,513.0
"Nashville, TN",1120.0,1067.0,4.0,11.0,38.0,2024-10-01,53.0
"New York, NY",4168.0,1366.0,144.0,63.0,2595.0,2024-10-01,2802.0
"Oklahoma City, OK",581.0,508.0,32.0,22.0,19.0,2024-10-01,73.0
"Orlando, FL",1641.0,1203.0,26.0,0.0,412.0,2024-10-01,438.0
"Philadelphia, PA",1211.0,689.0,24.0,41.0,457.0,2024-10-01,522.0
"Phoenix, AZ",3701.0,2681.0,128.0,31.0,861.0,2024-10-01,1020.0
"Pittsburgh, PA",481.0,336.0,2.0,0.0,143.0,2024-10-01,145.0
"Portland, OR",733.0,518.0,16.0,3.0,196.0,2024-10-01,215.0
"Providence, RI",320.0,133.0,18.0,9.0,160.0,2024-10-01,187.0
"Raleigh, NC",1454.0,1169.0,8.0,0.0,277.0,2024-10-01,285.0
"Richmond, VA",668.0,373.0,30.0,0.0,265.0,2024-10-01,295.0
"Riverside, CA",1535.0,951.0,22.0,0.0,562.0,2024-10-01,584.0
"Sacramento, CA",762.0,543.0,4.0,4.0,211.0,2024-10-01,219.0
"Salt Lake City, UT",677.0,394.0,8.0,40.0,235.0,2024-10-01,283.0
"San Antonio, TX",1403.0,1045.0,12.0,0.0,346.0,2024-10-01,358.0
"San Diego, CA",1565.0,288.0,56.0,9.0,1212.0,2024-10-01,1277.0
"San Francisco, CA",370.0,239.0,10.0,4.0,117.0,2024-10-01,131.0
"San Jose, CA",360.0,179.0,2.0,0.0,179.0,2024-10-01,181.0
"Seattle, WA",1764.0,556.0,60.0,45.0,1103.0,2024-10-01,1208.0
"St. Louis, MO",658.0,400.0,26.0,8.0,224.0,2024-10-01,258.0
"Tampa, FL",1058.0,858.0,6.0,0.0,194.0,2024-10-01,200.0
"Virginia Beach, VA",321.0,283.0,0.0,0.0,38.0,2024-10-01,38.0
"Washington, DC",1801.0,891.0,0.0,0.0,910.0,2024-10-01,910.0
"Atlanta, GA",2792.0,1723.0,50.0,44.0,975.0,2024-09-01,1069.0
"Austin, TX",2236.0,1157.0,314.0,0.0,765.0,2024-09-01,1079.0
"Baltimore, MD",862.0,269.0,2.0,0.0,591.0,2024-09-01,593.0
"Birmingham, AL",271.0,250.0,2.0,0.0,19.0,2024-09-01,21.0
"Boston, MA",708.0,291.0,42.0,27.0,348.0,2024-09-01,417.0
"Buffalo, NY",102.0,67.0,8.0,0.0,27.0,2024-09-01,35.0
"Charlotte, NC",2232.0,1409.0,10.0,0.0,813.0,2024-09-01,823.0
"Chicago, IL",1660.0,824.0,42.0,36.0,758.0,2024-09-01,836.0
"Cincinnati, OH",528.0,320.0,20.0,24.0,164.0,2024-09-01,208.0
"Cleveland, OH",347.0,257.0,0.0,27.0,63.0,2024-09-01,90.0
"Columbus, OH",1168.0,594.0,0.0,10.0,564.0,2024-09-01,574.0
"Dallas, TX",5360.0,3443.0,148.0,26.0,1743.0,2024-09-01,1917.0
"Denver, CO",1596.0,620.0,0.0,3.0,973.0,2024-09-01,976.0
"Detroit, MI",755.0,516.0,28.0,52.0,159.0,2024-09-01,239.0
"Grand Rapids, MI",371.0,217.0,8.0,3.0,143.0,2024-09-01,154.0
"Hartford, CT",189.0,59.0,0.0,0.0,130.0,2024-09-01,130.0
"Houston, TX",4526.0,4193.0,114.0,17.0,202.0,2024-09-01,333.0
"Indianapolis, IN",1133.0,868.0,4.0,0.0,261.0,2024-09-01,265.0
"Jacksonville, FL",1073.0,799.0,2.0,12.0,260.0,2024-09-01,274.0
"Kansas City, MO",492.0,410.0,10.0,34.0,38.0,2024-09-01,82.0
"Las Vegas, NV",755.0,735.0,0.0,8.0,12.0,2024-09-01,20.0
"Los Angeles, CA",2258.0,976.0,92.0,19.0,1171.0,2024-09-01,1282.0
"Louisville, KY",616.0,316.0,12.0,16.0,272.0,2024-09-01,300.0
"Memphis, TN",233.0,231.0,2.0,0.0,0.0,2024-09-01,2.0
"Miami, FL",709.0,435.0,22.0,30.0,222.0,2024-09-01,274.0
"Milwaukee, WI",204.0,162.0,16.0,0.0,26.0,2024-09-01,42.0
"Minneapolis, MN",1499.0,779.0,32.0,11.0,677.0,2024-09-01,720.0
"Nashville, TN",2205.0,1124.0,2.0,0.0,1079.0,2024-09-01,1081.0
"New York, NY",3666.0,1091.0,312.0,93.0,2170.0,2024-09-01,2575.0
"Oklahoma City, OK",514.0,432.0,34.0,25.0,23.0,2024-09-01,82.0
"Orlando, FL",1994.0,1305.0,2.0,0.0,687.0,2024-09-01,689.0
"Philadelphia, PA",1009.0,653.0,10.0,53.0,293.0,2024-09-01,356.0
"Phoenix, AZ",3454.0,2651.0,148.0,32.0,623.0,2024-09-01,803.0
"Pittsburgh, PA",449.0,302.0,8.0,14.0,125.0,2024-09-01,147.0
"Portland, OR",595.0,531.0,8.0,4.0,52.0,2024-09-01,64.0
"Providence, RI",152.0,130.0,16.0,6.0,0.0,2024-09-01,22.0
"Raleigh, NC",1447.0,1065.0,2.0,0.0,380.0,2024-09-01,382.0
"Richmond, VA",461.0,381.0,38.0,0.0,42.0,2024-09-01,80.0
"Riverside, CA",1063.0,920.0,16.0,0.0,127.0,2024-09-01,143.0
"Sacramento, CA",571.0,569.0,2.0,0.0,0.0,2024-09-01,2.0
"Salt Lake City, UT",582.0,295.0,4.0,11.0,272.0,2024-09-01,287.0
"San Antonio, TX",858.0,704.0,6.0,4.0,144.0,2024-09-01,154.0
"San Diego, CA",1134.0,345.0,86.0,21.0,682.0,2024-09-01,789.0
"San Francisco, CA",716.0,233.0,8.0,7.0,468.0,2024-09-01,483.0
"San Jose, CA",200.0,162.0,12.0,0.0,26.0,2024-09-01,38.0
"Seattle, WA",1513.0,503.0,70.0,33.0,907.0,2024-09-01,1010.0
"St. Louis, MO",499.0,361.0,10.0,0.0,128.0,2024-09-01,138.0
"Tampa, FL",993.0,701.0,10.0,0.0,282.0,2024-09-01,292.0
"Virginia Beach, VA",331.0,311.0,4.0,3.0,13.0,2024-09-01,20.0
"Washington, DC",900.0,688.0,8.0,3.0,201.0,2024-09-01,212.0
"Atlanta, GA",3702.0,2433.0,40.0,131.0,1098.0,2024-08-01,1269.0
"Austin, TX",3011.0,1393.0,30.0,0.0,1588.0,2024-08-01,1618.0
"Baltimore, MD",431.0,312.0,0.0,0.0,119.0,2024-08-01,119.0
"Birmingham, AL",298.0,269.0,2.0,0.0,27.0,2024-08-01,29.0
"Boston, MA",1071.0,308.0,22.0,65.0,676.0,2024-08-01,763.0
"Buffalo, NY",124.0,74.0,0.0,10.0,40.0,2024-08-01,50.0
"Charlotte, NC",2347.0,1711.0,34.0,0.0,602.0,2024-08-01,636.0
"Chicago, IL",1946.0,899.0,18.0,46.0,983.0,2024-08-01,1047.0
"Cincinnati, OH",521.0,291.0,32.0,9.0,189.0,2024-08-01,230.0
"Cleveland, OH",264.0,242.0,2.0,13.0,7.0,2024-08-01,22.0
"Columbus, OH",1099.0,518.0,8.0,3.0,570.0,2024-08-01,581.0
"Dallas, TX",5408.0,4121.0,88.0,43.0,1156.0,2024-08-01,1287.0
"Denver, CO",777.0,606.0,0.0,8.0,163.0,2024-08-01,171.0
"Detroit, MI",914.0,408.0,48.0,32.0,426.0,2024-08-01,506.0
"Grand Rapids, MI",286.0,242.0,6.0,0.0,38.0,2024-08-01,44.0
"Hartford, CT",123.0,58.0,0.0,0.0,65.0,2024-08-01,65.0
"Houston, TX",6082.0,4502.0,88.0,19.0,1473.0,2024-08-01,1580.0
"Indianapolis, IN",1128.0,931.0,6.0,4.0,187.0,2024-08-01,197.0
"Jacksonville, FL",1192.0,1077.0,4.0,3.0,108.0,2024-08-01,115.0
"Kansas City, MO",1335.0,447.0,10.0,31.0,847.0,2024-08-01,888.0
"Las Vegas, NV",1113.0,863.0,6.0,4.0,240.0,2024-08-01,250.0
"Los Angeles, CA",2443.0,1084.0,122.0,12.0,1225.0,2024-08-01,1359.0
"Louisville, KY",573.0,320.0,40.0,4.0,209.0,2024-08-01,253.0
"Memphis, TN",652.0,292.0,0.0,0.0,360.0,2024-08-01,360.0
"Miami, FL",1417.0,504.0,30.0,12.0,871.0,2024-08-01,913.0
"Milwaukee, WI",346.0,145.0,18.0,0.0,183.0,2024-08-01,201.0
"Minneapolis, MN",1397.0,882.0,26.0,33.0,456.0,2024-08-01,515.0
"Nashville, TN",1447.0,1318.0,4.0,3.0,122.0,2024-08-01,129.0
"New York, NY",5023.0,1240.0,146.0,176.0,3461.0,2024-08-01,3783.0
"Oklahoma City, OK",592.0,497.0,48.0,18.0,29.0,2024-08-01,95.0
"Orlando, FL",1971.0,1500.0,14.0,52.0,405.0,2024-08-01,471.0
"Philadelphia, PA",1042.0,671.0,8.0,33.0,330.0,2024-08-01,371.0
"Phoenix, AZ",3759.0,2350.0,128.0,0.0,1281.0,2024-08-01,1409.0
"Pittsburgh, PA",582.0,344.0,6.0,6.0,226.0,2024-08-01,238.0
"Portland, OR",818.0,588.0,6.0,12.0,212.0,2024-08-01,230.0
"Providence, RI",149.0,117.0,24.0,3.0,5.0,2024-08-01,32.0
"Raleigh, NC",2928.0,1369.0,4.0,0.0,1555.0,2024-08-01,1559.0
"Richmond, VA",607.0,436.0,56.0,0.0,115.0,2024-08-01,171.0
"Riverside, CA",1371.0,968.0,10.0,17.0,376.0,2024-08-01,403.0
"Sacramento, CA",850.0,720.0,6.0,4.0,120.0,2024-08-01,130.0
"Salt Lake City, UT",441.0,347.0,2.0,6.0,86.0,2024-08-01,94.0
"San Antonio, TX",1444.0,742.0,4.0,3.0,695.0,2024-08-01,702.0
"San Diego, CA",1251.0,256.0,60.0,55.0,880.0,2024-08-01,995.0
"San Francisco, CA",511.0,228.0,10.0,3.0,270.0,2024-08-01,283.0
"San Jose, CA",229.0,200.0,4.0,0.0,25.0,2024-08-01,29.0
"Seattle, WA",1059.0,599.0,98.0,25.0,337.0,2024-08-01,460.0
"St. Louis, MO",632.0,407.0,16.0,0.0,209.0,2024-08-01,225.0
"Tampa, FL",1984.0,1057.0,8.0,4.0,915.0,2024-08-01,927.0
"Virginia Beach, VA",321.0,314.0,4.0,3.0,0.0,2024-08-01,7.0
"Washington, DC",2137.0,902.0,4.0,4.0,1227.0,2024-08-01,1235.0
"Atlanta, GA",2948.0,2293.0,24.0,27.0,604.0,2024-07-01,655.0
"Austin, TX",3505.0,1405.0,22.0,3.0,2075.0,2024-07-01,2100.0
"Baltimore, MD",593.0,260.0,0.0,0.0,333.0,2024-07-01,333.0
"Birmingham, AL",299.0,273.0,2.0,0.0,24.0,2024-07-01,26.0
"Boston, MA",918.0,313.0,36.0,23.0,546.0,2024-07-01,605.0
"Buffalo, NY",136.0,53.0,0.0,6.0,77.0,2024-07-01,83.0
"Charlotte, NC",2124.0,1649.0,4.0,8.0,463.0,2024-07-01,475.0
"Chicago, IL",1380.0,889.0,32.0,37.0,422.0,2024-07-01,491.0
"Cincinnati, OH",483.0,404.0,30.0,13.0,36.0,2024-07-01,79.0
"Cleveland, OH",344.0,266.0,6.0,3.0,69.0,2024-07-01,78.0
"Columbus, OH",1086.0,497.0,12.0,7.0,570.0,2024-07-01,589.0
"Dallas, TX",6484.0,4246.0,36.0,207.0,1995.0,2024-07-01,2238.0
"Denver, CO",1270.0,666.0,0.0,4.0,600.0,2024-07-01,604.0
"Detroit, MI",522.0,402.0,20.0,12.0,88.0,2024-07-01,120.0
"Grand Rapids, MI",363.0,239.0,6.0,0.0,118.0,2024-07-01,124.0
"Hartford, CT",160.0,56.0,0.0,3.0,101.0,2024-07-01,104.0
"Houston, TX",5238.0,4131.0,94.0,4.0,1009.0,2024-07-01,1107.0
"Indianapolis, IN",991.0,689.0,48.0,4.0,250.0,2024-07-01,302.0
"Jacksonville, FL",1464.0,1028.0,6.0,4.0,426.0,2024-07-01,436.0
"Kansas City, MO",492.0,391.0,18.0,52.0,31.0,2024-07-01,101.0
"Las Vegas, NV",1246.0,1216.0,16.0,6.0,8.0,2024-07-01,30.0
"Los Angeles, CA",2033.0,977.0,110.0,12.0,934.0,2024-07-01,1056.0
"Louisville, KY",605.0,343.0,8.0,3.0,251.0,2024-07-01,262.0
"Memphis, TN",321.0,276.0,0.0,0.0,45.0,2024-07-01,45.0
"Miami, FL",1370.0,612.0,22.0,17.0,719.0,2024-07-01,758.0
"Milwaukee, WI",395.0,165.0,38.0,0.0,192.0,2024-07-01,230.0
"Minneapolis, MN",1203.0,835.0,30.0,23.0,315.0,2024-07-01,368.0
"Nashville, TN",1593.0,1327.0,26.0,0.0,240.0,2024-07-01,266.0
"New York, NY",5031.0,1074.0,158.0,136.0,3663.0,2024-07-01,3957.0
"Oklahoma City, OK",575.0,505.0,34.0,14.0,22.0,2024-07-01,70.0
"Orlando, FL",1905.0,1402.0,6.0,3.0,494.0,2024-07-01,503.0
"Philadelphia, PA",962.0,646.0,18.0,65.0,233.0,2024-07-01,316.0
"Phoenix, AZ",3436.0,2506.0,136.0,35.0,759.0,2024-07-01,930.0
"Pittsburgh, PA",547.0,336.0,0.0,14.0,197.0,2024-07-01,211.0
"Portland, OR",767.0,518.0,16.0,11.0,222.0,2024-07-01,249.0
"Providence, RI",219.0,121.0,48.0,15.0,35.0,2024-07-01,98.0
"Raleigh, NC",2241.0,1259.0,8.0,0.0,974.0,2024-07-01,982.0
"Richmond, VA",754.0,437.0,0.0,0.0,317.0,2024-07-01,317.0
"Riverside, CA",1119.0,1015.0,14.0,11.0,79.0,2024-07-01,104.0
"Sacramento, CA",1347.0,660.0,8.0,12.0,667.0,2024-07-01,687.0
"Salt Lake City, UT",406.0,318.0,28.0,13.0,47.0,2024-07-01,88.0
"San Antonio, TX",1291.0,869.0,0.0,0.0,422.0,2024-07-01,422.0
"San Diego, CA",470.0,225.0,44.0,15.0,186.0,2024-07-01,245.0
"San Francisco, CA",1127.0,247.0,2.0,6.0,872.0,2024-07-01,880.0
"San Jose, CA",206.0,178.0,2.0,0.0,26.0,2024-07-01,28.0
"Seattle, WA",1308.0,529.0,108.0,47.0,624.0,2024-07-01,779.0
"St. Louis, MO",745.0,411.0,0.0,16.0,318.0,2024-07-01,334.0
"Tampa, FL",2402.0,1348.0,20.0,4.0,1030.0,2024-07-01,1054.0
"Virginia Beach, VA",426.0,357.0,0.0,3.0,66.0,2024-07-01,69.0
"Washington, DC",1983.0,1014.0,12.0,0.0,957.0,2024-07-01,969.0
"Atlanta, GA",2577.0,2088.0,18.0,44.0,427.0,2024-06-01,489.0
"Austin, TX",2893.0,1456.0,22.0,3.0,1412.0,2024-06-01,1437.0
"Baltimore, MD",673.0,408.0,0.0,0.0,265.0,2024-06-01,265.0
"Birmingham, AL",301.0,277.0,2.0,0.0,22.0,2024-06-01,24.0
"Boston, MA",1118.0,395.0,44.0,18.0,661.0,2024-06-01,723.0
"Buffalo, NY",186.0,83.0,0.0,11.0,92.0,2024-06-01,103.0
"Charlotte, NC",2036.0,1384.0,2.0,0.0,650.0,2024-06-01,652.0
"Chicago, IL",1385.0,811.0,14.0,52.0,508.0,2024-06-01,574.0
"Cincinnati, OH",396.0,326.0,28.0,19.0,23.0,2024-06-01,70.0
"Cleveland, OH",331.0,249.0,8.0,6.0,68.0,2024-06-01,82.0
"Columbus, OH",1992.0,498.0,12.0,15.0,1467.0,2024-06-01,1494.0
"Dallas, TX",5517.0,3854.0,106.0,39.0,1518.0,2024-06-01,1663.0
"Denver, CO",1311.0,773.0,0.0,0.0,538.0,2024-06-01,538.0
"Detroit, MI",532.0,427.0,48.0,11.0,46.0,2024-06-01,105.0
"Grand Rapids, MI",346.0,217.0,4.0,10.0,115.0,2024-06-01,129.0
"Hartford, CT",131.0,49.0,2.0,8.0,72.0,2024-06-01,82.0
"Houston, TX",4819.0,3962.0,106.0,4.0,747.0,2024-06-01,857.0
"Indianapolis, IN",1031.0,999.0,10.0,0.0,22.0,2024-06-01,32.0
"Jacksonville, FL",1222.0,1178.0,0.0,44.0,0.0,2024-06-01,44.0
"Kansas City, MO",1128.0,396.0,20.0,44.0,668.0,2024-06-01,732.0
"Las Vegas, NV",1401.0,964.0,2.0,12.0,423.0,2024-06-01,437.0
"Los Angeles, CA",2147.0,958.0,124.0,23.0,1042.0,2024-06-01,1189.0
"Louisville, KY",510.0,296.0,6.0,7.0,201.0,2024-06-01,214.0
"Memphis, TN",295.0,265.0,0.0,0.0,30.0,2024-06-01,30.0
"Miami, FL",2058.0,450.0,30.0,10.0,1568.0,2024-06-01,1608.0
"Milwaukee, WI",359.0,136.0,28.0,0.0,195.0,2024-06-01,223.0
"Minneapolis, MN",1453.0,769.0,14.0,0.0,670.0,2024-06-01,684.0
"Nashville, TN",1341.0,1293.0,22.0,0.0,26.0,2024-06-01,48.0
"New York, NY",4467.0,1135.0,196.0,43.0,3093.0,2024-06-01,3332.0
"Oklahoma City, OK",606.0,530.0,40.0,15.0,21.0,2024-06-01,76.0
"Orlando, FL",2700.0,1506.0,8.0,4.0,1182.0,2024-06-01,1194.0
"Philadelphia, PA",1078.0,715.0,4.0,63.0,296.0,2024-06-01,363.0
"Phoenix, AZ",4125.0,2303.0,138.0,0.0,1684.0,2024-06-01,1822.0
"Pittsburgh, PA",593.0,319.0,2.0,10.0,262.0,2024-06-01,274.0
"Portland, OR",872.0,520.0,6.0,0.0,346.0,2024-06-01,352.0
"Providence, RI",174.0,156.0,12.0,6.0,0.0,2024-06-01,18.0
"Raleigh, NC",2088.0,1080.0,8.0,0.0,1000.0,2024-06-01,1008.0
"Richmond, VA",1018.0,481.0,0.0,0.0,537.0,2024-06-01,537.0
"Riverside, CA",2103.0,1117.0,20.0,19.0,947.0,2024-06-01,986.0
"Sacramento, CA",1111.0,1011.0,32.0,0.0,68.0,2024-06-01,100.0
"Salt Lake City, UT",420.0,286.0,16.0,17.0,101.0,2024-06-01,134.0
"San Antonio, TX",1125.0,1017.0,2.0,0.0,106.0,2024-06-01,108.0
"San Diego, CA",549.0,283.0,52.0,21.0,193.0,2024-06-01,266.0
"San Francisco, CA",617.0,180.0,4.0,3.0,430.0,2024-06-01,437.0
"San Jose, CA",670.0,262.0,4.0,0.0,404.0,2024-06-01,408.0
"Seattle, WA",914.0,471.0,72.0,61.0,310.0,2024-06-01,443.0
"St. Louis, MO",567.0,458.0,8.0,11.0,90.0,2024-06-01,109.0
"Tampa, FL",2057.0,1288.0,10.0,18.0,741.0,2024-06-01,769.0
"Virginia Beach, VA",298.0,294.0,4.0,0.0,0.0,2024-06-01,4.0
"Washington, DC",1289.0,942.0,6.0,4.0,337.0,2024-06-01,347.0
"Atlanta, GA",3587.0,2378.0,52.0,50.0,1107.0,2024-05-01,1209.0
"Austin, TX",2569.0,1775.0,28.0,35.0,731.0,2024-05-01,794.0
"Baltimore, MD",546.0,321.0,0.0,0.0,225.0,2024-05-01,225.0
"Birmingham, AL",332.0,310.0,2.0,0.0,20.0,2024-05-01,22.0
"Boston, MA",962.0,370.0,62.0,22.0,508.0,2024-05-01,592.0
"Buffalo, NY",147.0,81.0,0.0,7.0,59.0,2024-05-01,66.0
"Charlotte, NC",2913.0,1830.0,18.0,0.0,1065.0,2024-05-01,1083.0
"Chicago, IL",1537.0,882.0,8.0,45.0,602.0,2024-05-01,655.0
"Cincinnati, OH",835.0,366.0,28.0,24.0,417.0,2024-05-01,469.0
"Cleveland, OH",321.0,255.0,6.0,3.0,57.0,2024-05-01,66.0
"Columbus, OH",1009.0,490.0,12.0,13.0,494.0,2024-05-01,519.0
"Dallas, TX",6103.0,4447.0,192.0,28.0,1436.0,2024-05-01,1656.0
"Denver, CO",1385.0,762.0,2.0,4.0,617.0,2024-05-01,623.0
"Detroit, MI",530.0,449.0,12.0,21.0,48.0,2024-05-01,81.0
"Grand Rapids, MI",578.0,246.0,4.0,0.0,328.0,2024-05-01,332.0
"Hartford, CT",118.0,67.0,0.0,12.0,39.0,2024-05-01,51.0
"Houston, TX",4788.0,4610.0,88.0,0.0,90.0,2024-05-01,178.0
"Indianapolis, IN",845.0,707.0,54.0,12.0,72.0,2024-05-01,138.0
"Jacksonville, FL",1470.0,1410.0,12.0,48.0,0.0,2024-05-01,60.0
"Kansas City, MO",485.0,404.0,8.0,8.0,65.0,2024-05-01,81.0
"Las Vegas, NV",1354.0,1050.0,6.0,16.0,282.0,2024-05-01,304.0
"Los Angeles, CA",2983.0,1244.0,152.0,19.0,1568.0,2024-05-01,1739.0
"Louisville, KY",519.0,327.0,20.0,6.0,166.0,2024-05-01,192.0
"Memphis, TN",618.0,322.0,0.0,0.0,296.0,2024-05-01,296.0
"Miami, FL",1167.0,505.0,56.0,38.0,568.0,2024-05-01,662.0
"Milwaukee, WI",426.0,155.0,36.0,0.0,235.0,2024-05-01,271.0
"Minneapolis, MN",1301.0,900.0,20.0,9.0,372.0,2024-05-01,401.0
"Nashville, TN",2345.0,1462.0,14.0,3.0,866.0,2024-05-01,883.0
"New York, NY",3330.0,1078.0,370.0,107.0,1775.0,2024-05-01,2252.0
"Oklahoma City, OK",616.0,528.0,52.0,18.0,18.0,2024-05-01,88.0
"Orlando, FL",2382.0,1626.0,4.0,4.0,748.0,2024-05-01,756.0
"Philadelphia, PA",1444.0,716.0,14.0,75.0,639.0,2024-05-01,728.0
"Phoenix, AZ",3207.0,2740.0,222.0,10.0,235.0,2024-05-01,467.0
"Pittsburgh, PA",474.0,327.0,4.0,18.0,125.0,2024-05-01,147.0
"Portland, OR",1034.0,661.0,2.0,6.0,365.0,2024-05-01,373.0
"Providence, RI",146.0,120.0,20.0,6.0,0.0,2024-05-01,26.0
"Raleigh, NC",1462.0,1422.0,4.0,0.0,36.0,2024-05-01,40.0
"Richmond, VA",806.0,453.0,40.0,0.0,313.0,2024-05-01,353.0
"Riverside, CA",1448.0,1144.0,52.0,10.0,242.0,2024-05-01,304.0
"Sacramento, CA",987.0,915.0,20.0,0.0,52.0,2024-05-01,72.0
"Salt Lake City, UT",463.0,299.0,4.0,24.0,136.0,2024-05-01,164.0
"San Antonio, TX",1606.0,1265.0,0.0,0.0,341.0,2024-05-01,341.0
"San Diego, CA",1176.0,327.0,76.0,18.0,755.0,2024-05-01,849.0
"San Francisco, CA",567.0,321.0,10.0,4.0,232.0,2024-05-01,246.0
"San Jose, CA",1011.0,231.0,0.0,0.0,780.0,2024-05-01,780.0
"Seattle, WA",1621.0,535.0,66.0,58.0,962.0,2024-05-01,1086.0
"St. Louis, MO",588.0,488.0,4.0,0.0,96.0,2024-05-01,100.0
"Tampa, FL",2723.0,1506.0,8.0,0.0,1209.0,2024-05-01,1217.0
"Virginia Beach, VA",425.0,370.0,0.0,0.0,55.0,2024-05-01,55.0
"Washington, DC",2232.0,1003.0,12.0,7.0,1210.0,2024-05-01,1229.0
"Atlanta, GA",4224.0,2448.0,30.0,23.0,1723.0,2024-04-01,1776.0
"Austin, TX",2541.0,1760.0,22.0,6.0,753.0,2024-04-01,781.0
"Baltimore, MD",510.0,348.0,0.0,0.0,162.0,2024-04-01,162.0
"Birmingham, AL",277.0,250.0,2.0,0.0,25.0,2024-04-01,27.0
"Boston, MA",714.0,333.0,38.0,32.0,311.0,2024-04-01,381.0
"Buffalo, NY",102.0,71.0,2.0,8.0,21.0,2024-04-01,31.0
"Charlotte, NC",2623.0,1792.0,16.0,0.0,815.0,2024-04-01,831.0
"Chicago, IL",1092.0,940.0,20.0,50.0,82.0,2024-04-01,152.0
"Cincinnati, OH",747.0,368.0,16.0,29.0,334.0,2024-04-01,379.0
"Cleveland, OH",354.0,305.0,0.0,15.0,34.0,2024-04-01,49.0
"Columbus, OH",1238.0,564.0,20.0,7.0,647.0,2024-04-01,674.0
"Dallas, TX",8275.0,4423.0,330.0,35.0,3487.0,2024-04-01,3852.0
"Denver, CO",1133.0,987.0,0.0,8.0,138.0,2024-04-01,146.0
"Detroit, MI",584.0,456.0,16.0,17.0,95.0,2024-04-01,128.0
"Grand Rapids, MI",248.0,229.0,0.0,0.0,19.0,2024-04-01,19.0
"Hartford, CT",202.0,73.0,0.0,0.0,129.0,2024-04-01,129.0
"Houston, TX",6151.0,5423.0,166.0,0.0,562.0,2024-04-01,728.0
"Indianapolis, IN",834.0,812.0,10.0,0.0,12.0,2024-04-01,22.0
"Jacksonville, FL",1908.0,1337.0,78.0,40.0,453.0,2024-04-01,571.0
"Kansas City, MO",724.0,385.0,28.0,46.0,265.0,2024-04-01,339.0
"Las Vegas, NV",1136.0,1034.0,2.0,0.0,100.0,2024-04-01,102.0
"Los Angeles, CA",1938.0,1155.0,114.0,36.0,633.0,2024-04-01,783.0
"Louisville, KY",700.0,357.0,10.0,3.0,330.0,2024-04-01,343.0
"Memphis, TN",301.0,301.0,0.0,0.0,0.0,2024-04-01,0.0
"Miami, FL",1514.0,535.0,42.0,0.0,937.0,2024-04-01,979.0
"Milwaukee, WI",441.0,150.0,22.0,0.0,269.0,2024-04-01,291.0
"Minneapolis, MN",1098.0,945.0,6.0,36.0,111.0,2024-04-01,153.0
"Nashville, TN",2021.0,1305.0,4.0,7.0,705.0,2024-04-01,716.0
"New York, NY",5211.0,1166.0,362.0,87.0,3596.0,2024-04-01,4045.0
"Oklahoma City, OK",1004.0,642.0,94.0,0.0,268.0,2024-04-01,362.0
"Orlando, FL",2301.0,1310.0,2.0,0.0,989.0,2024-04-01,991.0
"Philadelphia, PA",974.0,583.0,4.0,38.0,349.0,2024-04-01,391.0
"Phoenix, AZ",4109.0,2615.0,136.0,0.0,1358.0,2024-04-01,1494.0
"Pittsburgh, PA",502.0,327.0,0.0,10.0,165.0,2024-04-01,175.0
"Portland, OR",713.0,594.0,8.0,3.0,108.0,2024-04-01,119.0
"Providence, RI",152.0,114.0,20.0,13.0,5.0,2024-04-01,38.0
"Raleigh, NC",1365.0,1206.0,2.0,0.0,157.0,2024-04-01,159.0
"Richmond, VA",453.0,453.0,0.0,0.0,0.0,2024-04-01,0.0
"Riverside, CA",1170.0,1008.0,6.0,9.0,147.0,2024-04-01,162.0
"Sacramento, CA",901.0,830.0,22.0,0.0,49.0,2024-04-01,71.0
"Salt Lake City, UT",467.0,284.0,6.0,12.0,165.0,2024-04-01,183.0
"San Antonio, TX",1177.0,1016.0,2.0,22.0,137.0,2024-04-01,161.0
"San Diego, CA",865.0,311.0,78.0,17.0,459.0,2024-04-01,554.0
"San Francisco, CA",541.0,293.0,4.0,0.0,244.0,2024-04-01,248.0
"San Jose, CA",216.0,204.0,0.0,0.0,12.0,2024-04-01,12.0
"Seattle, WA",1353.0,601.0,60.0,35.0,657.0,2024-04-01,752.0
"St. Louis, MO",562.0,484.0,20.0,3.0,55.0,2024-04-01,78.0
"Tampa, FL",2877.0,1268.0,14.0,4.0,1591.0,2024-04-01,1609.0
"Virginia Beach, VA",295.0,264.0,18.0,3.0,10.0,2024-04-01,31.0
"Washington, DC",2543.0,1175.0,4.0,3.0,1361.0,2024-04-01,1368.0
"Atlanta, GA",4306.0,2665.0,20.0,46.0,1575.0,2024-03-01,1641.0
"Austin, TX",2549.0,1596.0,46.0,13.0,894.0,2024-03-01,953.0
"Baltimore, MD",617.0,301.0,0.0,0.0,316.0,2024-03-01,316.0
"Birmingham, AL",332.0,279.0,4.0,3.0,46.0,2024-03-01,53.0
"Boston, MA",1094.0,289.0,20.0,27.0,758.0,2024-03-01,805.0
"Buffalo, NY",89.0,72.0,0.0,0.0,17.0,2024-03-01,17.0
"Charlotte, NC",2096.0,1805.0,4.0,0.0,287.0,2024-03-01,291.0
"Chicago, IL",2045.0,790.0,16.0,34.0,1205.0,2024-03-01,1255.0
"Cincinnati, OH",439.0,362.0,24.0,12.0,41.0,2024-03-01,77.0
"Cleveland, OH",268.0,236.0,12.0,3.0,17.0,2024-03-01,32.0
"Columbus, OH",570.0,543.0,2.0,7.0,18.0,2024-03-01,27.0
"Dallas, TX",5441.0,3943.0,60.0,41.0,1397.0,2024-03-01,1498.0
"Denver, CO",1422.0,851.0,6.0,7.0,558.0,2024-03-01,571.0
"Detroit, MI",617.0,444.0,22.0,31.0,120.0,2024-03-01,173.0
"Grand Rapids, MI",291.0,243.0,6.0,0.0,42.0,2024-03-01,48.0
"Hartford, CT",87.0,38.0,2.0,0.0,47.0,2024-03-01,49.0
"Houston, TX",6149.0,4698.0,76.0,0.0,1375.0,2024-03-01,1451.0
"Indianapolis, IN",1188.0,794.0,14.0,3.0,377.0,2024-03-01,394.0
"Jacksonville, FL",1369.0,1154.0,10.0,36.0,169.0,2024-03-01,215.0
"Kansas City, MO",778.0,406.0,36.0,38.0,298.0,2024-03-01,372.0
"Las Vegas, NV",1185.0,1133.0,0.0,22.0,30.0,2024-03-01,52.0
"Los Angeles, CA",2032.0,829.0,106.0,27.0,1070.0,2024-03-01,1203.0
"Louisville, KY",415.0,337.0,4.0,0.0,74.0,2024-03-01,78.0
"Memphis, TN",270.0,270.0,0.0,0.0,0.0,2024-03-01,0.0
"Miami, FL",1487.0,407.0,32.0,7.0,1041.0,2024-03-01,1080.0
"Milwaukee, WI",188.0,139.0,34.0,0.0,15.0,2024-03-01,49.0
"Minneapolis, MN",1091.0,645.0,14.0,0.0,432.0,2024-03-01,446.0
"Nashville, TN",1470.0,1221.0,4.0,7.0,238.0,2024-03-01,249.0
"New York, NY",5355.0,866.0,162.0,74.0,4253.0,2024-03-01,4489.0
"Oklahoma City, OK",836.0,473.0,46.0,10.0,307.0,2024-03-01,363.0
"Orlando, FL",1187.0,1159.0,2.0,3.0,23.0,2024-03-01,28.0
"Philadelphia, PA",1447.0,728.0,166.0,42.0,511.0,2024-03-01,719.0
"Phoenix, AZ",4216.0,2804.0,110.0,4.0,1298.0,2024-03-01,1412.0
"Pittsburgh, PA",502.0,291.0,10.0,11.0,190.0,2024-03-01,211.0
"Portland, OR",793.0,535.0,6.0,3.0,249.0,2024-03-01,258.0
"Providence, RI",134.0,91.0,18.0,9.0,16.0,2024-03-01,43.0
"Raleigh, NC",1450.0,1183.0,2.0,0.0,265.0,2024-03-01,267.0
"Richmond, VA",617.0,378.0,10.0,3.0,226.0,2024-03-01,239.0
"Riverside, CA",1179.0,923.0,48.0,6.0,202.0,2024-03-01,256.0
"Sacramento, CA",744.0,734.0,10.0,0.0,0.0,2024-03-01,10.0
"Salt Lake City, UT",558.0,345.0,4.0,4.0,205.0,2024-03-01,213.0
"San Antonio, TX",1048.0,975.0,0.0,0.0,73.0,2024-03-01,73.0
"San Diego, CA",1194.0,266.0,14.0,68.0,846.0,2024-03-01,928.0
"San Francisco, CA",578.0,226.0,10.0,9.0,333.0,2024-03-01,352.0
"San Jose, CA",352.0,192.0,2.0,0.0,158.0,2024-03-01,160.0
"Seattle, WA",2346.0,551.0,106.0,11.0,1678.0,2024-03-01,1795.0
"St. Louis, MO",519.0,418.0,14.0,4.0,83.0,2024-03-01,101.0
"Tampa, FL",2185.0,1135.0,14.0,7.0,1029.0,2024-03-01,1050.0
"Virginia Beach, VA",337.0,332.0,0.0,0.0,5.0,2024-03-01,5.0
"Washington, DC",1858.0,1160.0,2.0,3.0,693.0,2024-03-01,698.0
"Atlanta, GA",3329.0,2150.0,12.0,129.0,1038.0,2024-02-01,1179.0
"Austin, TX",2081.0,1428.0,24.0,22.0,607.0,2024-02-01,653.0
"Baltimore, MD",362.0,279.0,0.0,0.0,83.0,2024-02-01,83.0
"Birmingham, AL",280.0,280.0,0.0,0.0,0.0,2024-02-01,0.0
"Boston, MA",1161.0,253.0,16.0,25.0,867.0,2024-02-01,908.0
"Buffalo, NY",153.0,52.0,0.0,0.0,101.0,2024-02-01,101.0
"Charlotte, NC",2178.0,1679.0,4.0,0.0,495.0,2024-02-01,499.0
"Chicago, IL",885.0,614.0,16.0,16.0,239.0,2024-02-01,271.0
"Cincinnati, OH",1011.0,296.0,22.0,24.0,669.0,2024-02-01,715.0
"Cleveland, OH",268.0,214.0,2.0,33.0,19.0,2024-02-01,54.0
"Columbus, OH",1222.0,451.0,2.0,0.0,769.0,2024-02-01,771.0
"Dallas, TX",5422.0,3887.0,52.0,30.0,1453.0,2024-02-01,1535.0
"Denver, CO",1597.0,793.0,0.0,16.0,788.0,2024-02-01,804.0
"Detroit, MI",562.0,377.0,12.0,7.0,166.0,2024-02-01,185.0
"Grand Rapids, MI",316.0,148.0,4.0,0.0,164.0,2024-02-01,168.0
"Hartford, CT",144.0,36.0,14.0,4.0,90.0,2024-02-01,108.0
"Houston, TX",5674.0,4764.0,112.0,3.0,795.0,2024-02-01,910.0
"Indianapolis, IN",664.0,644.0,20.0,0.0,0.0,2024-02-01,20.0
"Jacksonville, FL",1109.0,993.0,0.0,0.0,116.0,2024-02-01,116.0
"Kansas City, MO",862.0,352.0,12.0,168.0,330.0,2024-02-01,510.0
"Las Vegas, NV",1361.0,908.0,0.0,6.0,447.0,2024-02-01,453.0
"Los Angeles, CA",2090.0,887.0,82.0,30.0,1091.0,2024-02-01,1203.0
"Louisville, KY",425.0,331.0,18.0,39.0,37.0,2024-02-01,94.0
"Memphis, TN",569.0,259.0,0.0,0.0,310.0,2024-02-01,310.0
"Miami, FL",1298.0,396.0,38.0,4.0,860.0,2024-02-01,902.0
"Milwaukee, WI",155.0,124.0,22.0,4.0,5.0,2024-02-01,31.0
"Minneapolis, MN",735.0,647.0,18.0,3.0,67.0,2024-02-01,88.0
"Nashville, TN",2015.0,1275.0,0.0,10.0,730.0,2024-02-01,740.0
"New York, NY",7829.0,995.0,286.0,68.0,6480.0,2024-02-01,6834.0
"Oklahoma City, OK",455.0,427.0,28.0,0.0,0.0,2024-02-01,28.0
"Orlando, FL",1773.0,907.0,14.0,91.0,761.0,2024-02-01,866.0
"Philadelphia, PA",986.0,657.0,6.0,35.0,288.0,2024-02-01,329.0
"Phoenix, AZ",3957.0,2810.0,102.0,11.0,1034.0,2024-02-01,1147.0
"Pittsburgh, PA",517.0,257.0,0.0,6.0,254.0,2024-02-01,260.0
"Portland, OR",577.0,527.0,12.0,4.0,34.0,2024-02-01,50.0
"Providence, RI",168.0,102.0,40.0,3.0,23.0,2024-02-01,66.0
"Raleigh, NC",1766.0,1166.0,4.0,0.0,596.0,2024-02-01,600.0
"Richmond, VA",554.0,447.0,0.0,0.0,107.0,2024-02-01,107.0
"Riverside, CA",1045.0,960.0,2.0,0.0,83.0,2024-02-01,85.0
"Sacramento, CA",1322.0,711.0,20.0,4.0,587.0,2024-02-01,611.0
"Salt Lake City, UT",510.0,275.0,4.0,9.0,222.0,2024-02-01,235.0
"San Antonio, TX",880.0,816.0,2.0,0.0,62.0,2024-02-01,64.0
"San Diego, CA",583.0,257.0,52.0,14.0,260.0,2024-02-01,326.0
"San Francisco, CA",296.0,223.0,2.0,4.0,67.0,2024-02-01,73.0
"San Jose, CA",388.0,139.0,0.0,0.0,249.0,2024-02-01,249.0
"Seattle, WA",1370.0,522.0,58.0,17.0,773.0,2024-02-01,848.0
"St. Louis, MO",508.0,382.0,4.0,7.0,115.0,2024-02-01,126.0
"Tampa, FL",1548.0,1343.0,12.0,3.0,190.0,2024-02-01,205.0
"Virginia Beach, VA",646.0,332.0,0.0,0.0,314.0,2024-02-01,314.0
"Washington, DC",2102.0,1106.0,8.0,0.0,988.0,2024-02-01,996.0
"Atlanta, GA",2912.0,2161.0,10.0,33.0,708.0,2024-01-01,751.0
"Austin, TX",3317.0,1562.0,40.0,13.0,1702.0,2024-01-01,1755.0
"Baltimore, MD",398.0,310.0,2.0,0.0,86.0,2024-01-01,88.0
"Birmingham, AL",579.0,266.0,0.0,0.0,313.0,2024-01-01,313.0
"Boston, MA",1126.0,277.0,6.0,13.0,830.0,2024-01-01,849.0
"Buffalo, NY",74.0,46.0,4.0,8.0,16.0,2024-01-01,28.0
"Charlotte, NC",1655.0,1499.0,6.0,0.0,150.0,2024-01-01,156.0
"Chicago, IL",743.0,439.0,10.0,53.0,241.0,2024-01-01,304.0
"Cincinnati, OH",434.0,287.0,20.0,10.0,117.0,2024-01-01,147.0
"Cleveland, OH",238.0,207.0,0.0,0.0,31.0,2024-01-01,31.0
"Columbus, OH",1099.0,374.0,4.0,39.0,682.0,2024-01-01,725.0
"Dallas, TX",5970.0,3516.0,58.0,139.0,2257.0,2024-01-01,2454.0
"Denver, CO",1225.0,777.0,2.0,0.0,446.0,2024-01-01,448.0
"Detroit, MI",332.0,235.0,0.0,11.0,86.0,2024-01-01,97.0
"Grand Rapids, MI",249.0,148.0,4.0,3.0,94.0,2024-01-01,101.0
"Hartford, CT",86.0,42.0,0.0,0.0,44.0,2024-01-01,44.0
"Houston, TX",5044.0,4032.0,56.0,40.0,916.0,2024-01-01,1012.0
"Indianapolis, IN",906.0,741.0,44.0,9.0,112.0,2024-01-01,165.0
"Jacksonville, FL",1257.0,1253.0,4.0,0.0,0.0,2024-01-01,4.0
"Kansas City, MO",771.0,252.0,28.0,89.0,402.0,2024-01-01,519.0
"Las Vegas, NV",1135.0,1105.0,0.0,6.0,24.0,2024-01-01,30.0
"Los Angeles, CA",1925.0,926.0,102.0,40.0,857.0,2024-01-01,999.0
"Louisville, KY",430.0,235.0,8.0,14.0,173.0,2024-01-01,195.0
"Memphis, TN",192.0,192.0,0.0,0.0,0.0,2024-01-01,0.0
"Miami, FL",1749.0,415.0,22.0,10.0,1302.0,2024-01-01,1334.0
"Milwaukee, WI",150.0,125.0,20.0,0.0,5.0,2024-01-01,25.0
"Minneapolis, MN",1370.0,549.0,16.0,8.0,797.0,2024-01-01,821.0
"Nashville, TN",1504.0,1126.0,8.0,0.0,370.0,2024-01-01,378.0
"New York, NY",4992.0,1018.0,104.0,37.0,3833.0,2024-01-01,3974.0
"Oklahoma City, OK",463.0,441.0,22.0,0.0,0.0,2024-01-01,22.0
"Orlando, FL",2122.0,1092.0,18.0,0.0,1012.0,2024-01-01,1030.0
"Philadelphia, PA",949.0,675.0,6.0,43.0,225.0,2024-01-01,274.0
"Phoenix, AZ",4551.0,2720.0,84.0,50.0,1697.0,2024-01-01,1831.0
"Pittsburgh, PA",449.0,273.0,0.0,11.0,165.0,2024-01-01,176.0
"Portland, OR",596.0,486.0,16.0,0.0,94.0,2024-01-01,110.0
"Providence, RI",145.0,85.0,20.0,3.0,37.0,2024-01-01,60.0
"Raleigh, NC",1134.0,914.0,12.0,0.0,208.0,2024-01-01,220.0
"Richmond, VA",826.0,378.0,4.0,0.0,444.0,2024-01-01,448.0
"Riverside, CA",1297.0,993.0,8.0,15.0,281.0,2024-01-01,304.0
"Sacramento, CA",984.0,635.0,20.0,0.0,329.0,2024-01-01,349.0
"Salt Lake City, UT",444.0,252.0,6.0,11.0,175.0,2024-01-01,192.0
"San Antonio, TX",1364.0,958.0,2.0,0.0,404.0,2024-01-01,406.0
"San Diego, CA",636.0,322.0,20.0,47.0,247.0,2024-01-01,314.0
"San Francisco, CA",338.0,236.0,4.0,9.0,89.0,2024-01-01,102.0
"San Jose, CA",242.0,140.0,2.0,0.0,100.0,2024-01-01,102.0
"Seattle, WA",1083.0,584.0,92.0,49.0,358.0,2024-01-01,499.0
"St. Louis, MO",436.0,297.0,6.0,7.0,126.0,2024-01-01,139.0
"Tampa, FL",1934.0,1588.0,10.0,8.0,328.0,2024-01-01,346.0
"Virginia Beach, VA",375.0,250.0,2.0,0.0,123.0,2024-01-01,125.0
"Washington, DC",1713.0,931.0,2.0,0.0,780.0,2024-01-01,782.0
"Atlanta, GA",2166.0,1698.0,4.0,24.0,440.0,2023-12-01,468.0
"Austin, TX",3111.0,1208.0,6.0,9.0,1888.0,2023-12-01,1903.0
"Baltimore, MD",505.0,281.0,0.0,0.0,224.0,2023-12-01,224.0
"Birmingham, AL",472.0,188.0,0.0,0.0,284.0,2023-12-01,284.0
"Boston, MA",1659.0,276.0,22.0,32.0,1329.0,2023-12-01,1383.0
"Buffalo, NY",78.0,50.0,4.0,0.0,24.0,2023-12-01,28.0
"Charlotte, NC",2201.0,1407.0,2.0,3.0,789.0,2023-12-01,794.0
"Chicago, IL",895.0,576.0,12.0,41.0,266.0,2023-12-01,319.0
"Cincinnati, OH",328.0,253.0,30.0,23.0,22.0,2023-12-01,75.0
"Cleveland, OH",230.0,210.0,2.0,0.0,18.0,2023-12-01,20.0
"Columbus, OH",594.0,362.0,0.0,4.0,228.0,2023-12-01,232.0
"Dallas, TX",3759.0,2994.0,20.0,209.0,536.0,2023-12-01,765.0
"Denver, CO",2960.0,1153.0,10.0,9.0,1788.0,2023-12-01,1807.0
"Detroit, MI",406.0,286.0,18.0,0.0,102.0,2023-12-01,120.0
"Grand Rapids, MI",221.0,122.0,4.0,0.0,95.0,2023-12-01,99.0
"Hartford, CT",294.0,45.0,0.0,4.0,245.0,2023-12-01,249.0
"Houston, TX",4285.0,3383.0,152.0,0.0,750.0,2023-12-01,902.0
"Indianapolis, IN",896.0,547.0,46.0,4.0,299.0,2023-12-01,349.0
"Jacksonville, FL",1480.0,802.0,6.0,36.0,636.0,2023-12-01,678.0
"Kansas City, MO",796.0,271.0,18.0,34.0,473.0,2023-12-01,525.0
"Las Vegas, NV",1283.0,946.0,0.0,0.0,337.0,2023-12-01,337.0
"Los Angeles, CA",2265.0,967.0,92.0,22.0,1184.0,2023-12-01,1298.0
"Louisville, KY",697.0,179.0,10.0,3.0,505.0,2023-12-01,518.0
"Memphis, TN",284.0,196.0,0.0,0.0,88.0,2023-12-01,88.0
"Miami, FL",1334.0,351.0,36.0,28.0,919.0,2023-12-01,983.0
"Milwaukee, WI",464.0,100.0,14.0,16.0,334.0,2023-12-01,364.0
"Minneapolis, MN",1163.0,474.0,12.0,7.0,670.0,2023-12-01,689.0
"Nashville, TN",1136.0,1021.0,2.0,4.0,109.0,2023-12-01,115.0
"New York, NY",2867.0,742.0,70.0,30.0,2025.0,2023-12-01,2125.0
"Oklahoma City, OK",377.0,351.0,26.0,0.0,0.0,2023-12-01,26.0
"Orlando, FL",1537.0,1162.0,4.0,0.0,371.0,2023-12-01,375.0
"Philadelphia, PA",1007.0,543.0,10.0,13.0,441.0,2023-12-01,464.0
"Phoenix, AZ",3603.0,2095.0,84.0,0.0,1424.0,2023-12-01,1508.0
"Pittsburgh, PA",357.0,230.0,2.0,4.0,121.0,2023-12-01,127.0
"Portland, OR",476.0,411.0,8.0,4.0,53.0,2023-12-01,65.0
"Providence, RI",102.0,84.0,6.0,12.0,0.0,2023-12-01,18.0
"Raleigh, NC",2090.0,626.0,4.0,0.0,1460.0,2023-12-01,1464.0
"Richmond, VA",563.0,399.0,0.0,0.0,164.0,2023-12-01,164.0
"Riverside, CA",1119.0,791.0,6.0,3.0,319.0,2023-12-01,328.0
"Sacramento, CA",850.0,557.0,8.0,4.0,281.0,2023-12-01,293.0
"Salt Lake City, UT",704.0,168.0,10.0,15.0,511.0,2023-12-01,536.0
"San Antonio, TX",606.0,509.0,0.0,0.0,97.0,2023-12-01,97.0
"San Diego, CA",497.0,345.0,28.0,27.0,97.0,2023-12-01,152.0
"San Francisco, CA",434.0,256.0,4.0,6.0,168.0,2023-12-01,178.0
"San Jose, CA",310.0,129.0,4.0,0.0,177.0,2023-12-01,181.0
"Seattle, WA",1592.0,541.0,36.0,32.0,983.0,2023-12-01,1051.0
"St. Louis, MO",404.0,313.0,8.0,4.0,79.0,2023-12-01,91.0
"Tampa, FL",1983.0,1310.0,16.0,16.0,641.0,2023-12-01,673.0
"Virginia Beach, VA",929.0,228.0,2.0,0.0,699.0,2023-12-01,701.0
"Washington, DC",1775.0,672.0,4.0,12.0,1087.0,2023-12-01,1103.0
"Atlanta, GA",2557.0,1817.0,10.0,31.0,699.0,2023-11-01,740.0
"Austin, TX",2384.0,1192.0,44.0,6.0,1142.0,2023-11-01,1192.0
"Baltimore, MD",493.0,316.0,0.0,0.0,177.0,2023-11-01,177.0
"Birmingham, AL",188.0,188.0,0.0,0.0,0.0,2023-11-01,0.0
"Boston, MA",502.0,266.0,24.0,9.0,203.0,2023-11-01,236.0
"Buffalo, NY",67.0,59.0,2.0,0.0,6.0,2023-11-01,8.0
"Charlotte, NC",1882.0,1393.0,4.0,0.0,485.0,2023-11-01,489.0
"Chicago, IL",987.0,791.0,12.0,29.0,155.0,2023-11-01,196.0
"Cincinnati, OH",348.0,314.0,20.0,4.0,10.0,2023-11-01,34.0
"Cleveland, OH",332.0,195.0,2.0,28.0,107.0,2023-11-01,137.0
"Columbus, OH",1053.0,426.0,10.0,36.0,581.0,2023-11-01,627.0
"Dallas, TX",5146.0,3355.0,12.0,62.0,1717.0,2023-11-01,1791.0
"Denver, CO",2061.0,766.0,18.0,4.0,1273.0,2023-11-01,1295.0
"Detroit, MI",624.0,267.0,6.0,52.0,299.0,2023-11-01,357.0
"Grand Rapids, MI",247.0,167.0,8.0,3.0,69.0,2023-11-01,80.0
"Hartford, CT",97.0,58.0,4.0,8.0,27.0,2023-11-01,39.0
"Houston, TX",4055.0,3476.0,76.0,32.0,471.0,2023-11-01,579.0
"Indianapolis, IN",969.0,537.0,20.0,20.0,392.0,2023-11-01,432.0
"Jacksonville, FL",1098.0,778.0,0.0,0.0,320.0,2023-11-01,320.0
"Kansas City, MO",959.0,374.0,16.0,23.0,546.0,2023-11-01,585.0
"Las Vegas, NV",936.0,884.0,0.0,6.0,46.0,2023-11-01,52.0
"Los Angeles, CA",2601.0,1014.0,160.0,62.0,1365.0,2023-11-01,1587.0
"Louisville, KY",494.0,186.0,16.0,0.0,292.0,2023-11-01,308.0
"Memphis, TN",229.0,229.0,0.0,0.0,0.0,2023-11-01,0.0
"Miami, FL",960.0,473.0,36.0,15.0,436.0,2023-11-01,487.0
"Milwaukee, WI",190.0,127.0,22.0,0.0,41.0,2023-11-01,63.0
"Minneapolis, MN",1084.0,604.0,12.0,11.0,457.0,2023-11-01,480.0
"Nashville, TN",1586.0,961.0,0.0,3.0,622.0,2023-11-01,625.0
"New York, NY",2103.0,870.0,210.0,55.0,968.0,2023-11-01,1233.0
"Oklahoma City, OK",388.0,366.0,22.0,0.0,0.0,2023-11-01,22.0
"Orlando, FL",1650.0,1125.0,2.0,0.0,523.0,2023-11-01,525.0
"Philadelphia, PA",1088.0,587.0,22.0,49.0,430.0,2023-11-01,501.0
"Phoenix, AZ",4436.0,2226.0,108.0,12.0,2090.0,2023-11-01,2210.0
"Pittsburgh, PA",333.0,264.0,0.0,10.0,59.0,2023-11-01,69.0
"Portland, OR",968.0,541.0,6.0,3.0,418.0,2023-11-01,427.0
"Providence, RI",127.0,110.0,6.0,6.0,5.0,2023-11-01,17.0
"Raleigh, NC",1659.0,897.0,10.0,0.0,752.0,2023-11-01,762.0
"Richmond, VA",904.0,402.0,2.0,0.0,500.0,2023-11-01,502.0
"Riverside, CA",1218.0,858.0,12.0,31.0,317.0,2023-11-01,360.0
"Sacramento, CA",687.0,681.0,6.0,0.0,0.0,2023-11-01,6.0
"Salt Lake City, UT",697.0,244.0,18.0,22.0,413.0,2023-11-01,453.0
"San Antonio, TX",818.0,674.0,16.0,0.0,128.0,2023-11-01,144.0
"San Diego, CA",1628.0,276.0,4.0,28.0,1320.0,2023-11-01,1352.0
"San Francisco, CA",818.0,221.0,8.0,14.0,575.0,2023-11-01,597.0
"San Jose, CA",588.0,161.0,0.0,0.0,427.0,2023-11-01,427.0
"Seattle, WA",1096.0,498.0,32.0,41.0,525.0,2023-11-01,598.0
"St. Louis, MO",549.0,337.0,2.0,11.0,199.0,2023-11-01,212.0
"Tampa, FL",2568.0,1292.0,46.0,0.0,1230.0,2023-11-01,1276.0
"Virginia Beach, VA",245.0,234.0,2.0,9.0,0.0,2023-11-01,11.0
"Washington, DC",1505.0,679.0,0.0,0.0,826.0,2023-11-01,826.0
"Atlanta, GA",3177.0,1997.0,6.0,44.0,1130.0,2023-10-01,1180.0
"Austin, TX",4261.0,1490.0,12.0,18.0,2741.0,2023-10-01,2771.0
"Baltimore, MD",460.0,343.0,0.0,0.0,117.0,2023-10-01,117.0
"Birmingham, AL",217.0,217.0,0.0,0.0,0.0,2023-10-01,0.0
"Boston, MA",575.0,333.0,28.0,28.0,186.0,2023-10-01,242.0
"Buffalo, NY",99.0,73.0,4.0,8.0,14.0,2023-10-01,26.0
"Charlotte, NC",2695.0,1555.0,6.0,16.0,1118.0,2023-10-01,1140.0
"Chicago, IL",1368.0,818.0,16.0,45.0,489.0,2023-10-01,550.0
"Cincinnati, OH",515.0,316.0,18.0,7.0,174.0,2023-10-01,199.0
"Cleveland, OH",245.0,215.0,0.0,0.0,30.0,2023-10-01,30.0
"Columbus, OH",785.0,545.0,12.0,57.0,171.0,2023-10-01,240.0
"Dallas, TX",6137.0,3625.0,52.0,81.0,2379.0,2023-10-01,2512.0
"Denver, CO",1505.0,887.0,10.0,8.0,600.0,2023-10-01,618.0
"Detroit, MI",497.0,391.0,8.0,47.0,51.0,2023-10-01,106.0
"Grand Rapids, MI",330.0,218.0,8.0,3.0,101.0,2023-10-01,112.0
"Hartford, CT",247.0,51.0,4.0,0.0,192.0,2023-10-01,196.0
"Houston, TX",5453.0,4257.0,170.0,0.0,1026.0,2023-10-01,1196.0
"Indianapolis, IN",1870.0,633.0,16.0,18.0,1203.0,2023-10-01,1237.0
"Jacksonville, FL",1248.0,1111.0,14.0,3.0,120.0,2023-10-01,137.0
"Kansas City, MO",373.0,357.0,6.0,10.0,0.0,2023-10-01,16.0
"Las Vegas, NV",1235.0,597.0,0.0,6.0,632.0,2023-10-01,638.0
"Los Angeles, CA",1630.0,849.0,128.0,37.0,616.0,2023-10-01,781.0
"Louisville, KY",749.0,237.0,6.0,7.0,499.0,2023-10-01,512.0
"Memphis, TN",433.0,312.0,0.0,0.0,121.0,2023-10-01,121.0
"Miami, FL",1483.0,512.0,34.0,15.0,922.0,2023-10-01,971.0
"Milwaukee, WI",231.0,134.0,10.0,0.0,87.0,2023-10-01,97.0
"Minneapolis, MN",966.0,764.0,26.0,26.0,150.0,2023-10-01,202.0
"Nashville, TN",1792.0,1169.0,6.0,0.0,617.0,2023-10-01,623.0
"New York, NY",3105.0,1007.0,174.0,44.0,1880.0,2023-10-01,2098.0
"Oklahoma City, OK",498.0,411.0,72.0,15.0,0.0,2023-10-01,87.0
"Orlando, FL",1810.0,1517.0,2.0,0.0,291.0,2023-10-01,293.0
"Philadelphia, PA",1634.0,645.0,30.0,21.0,938.0,2023-10-01,989.0
"Phoenix, AZ",3955.0,2375.0,192.0,6.0,1382.0,2023-10-01,1580.0
"Pittsburgh, PA",413.0,273.0,0.0,7.0,133.0,2023-10-01,140.0
"Portland, OR",692.0,520.0,2.0,0.0,170.0,2023-10-01,172.0
"Providence, RI",162.0,117.0,6.0,3.0,36.0,2023-10-01,45.0
"Raleigh, NC",2149.0,952.0,4.0,0.0,1193.0,2023-10-01,1197.0
"Richmond, VA",1572.0,402.0,30.0,0.0,1140.0,2023-10-01,1170.0
"Riverside, CA",1195.0,922.0,12.0,14.0,247.0,2023-10-01,273.0
"Sacramento, CA",790.0,742.0,6.0,0.0,42.0,2023-10-01,48.0
"Salt Lake City, UT",500.0,218.0,8.0,11.0,263.0,2023-10-01,282.0
"San Antonio, TX",1795.0,994.0,0.0,0.0,801.0,2023-10-01,801.0
"San Diego, CA",1152.0,314.0,26.0,12.0,800.0,2023-10-01,838.0
"San Francisco, CA",1140.0,248.0,6.0,0.0,886.0,2023-10-01,892.0
"San Jose, CA",262.0,145.0,0.0,0.0,117.0,2023-10-01,117.0
"Seattle, WA",1611.0,584.0,62.0,49.0,916.0,2023-10-01,1027.0
"St. Louis, MO",550.0,403.0,6.0,12.0,129.0,2023-10-01,147.0
"Tampa, FL",2213.0,1318.0,14.0,52.0,829.0,2023-10-01,895.0
"Virginia Beach, VA",314.0,304.0,4.0,0.0,6.0,2023-10-01,10.0
"Washington, DC",1848.0,754.0,20.0,20.0,1054.0,2023-10-01,1094.0
"Atlanta, GA",2534.0,1883.0,2.0,4.0,645.0,2023-09-01,651.0
"Austin, TX",3121.0,1434.0,6.0,0.0,1681.0,2023-09-01,1687.0
"Baltimore, MD",387.0,270.0,0.0,0.0,117.0,2023-09-01,117.0
"Birmingham, AL",207.0,207.0,0.0,0.0,0.0,2023-09-01,0.0
"Boston, MA",725.0,266.0,20.0,30.0,409.0,2023-09-01,459.0
"Buffalo, NY",133.0,76.0,6.0,0.0,51.0,2023-09-01,57.0
"Charlotte, NC",3105.0,1645.0,10.0,0.0,1450.0,2023-09-01,1460.0
"Chicago, IL",1330.0,684.0,56.0,66.0,524.0,2023-09-01,646.0
"Cincinnati, OH",412.0,289.0,34.0,0.0,89.0,2023-09-01,123.0
"Cleveland, OH",221.0,192.0,0.0,0.0,29.0,2023-09-01,29.0
"Columbus, OH",1271.0,446.0,4.0,13.0,808.0,2023-09-01,825.0
"Dallas, TX",4509.0,2909.0,24.0,74.0,1502.0,2023-09-01,1600.0
"Denver, CO",1104.0,723.0,8.0,11.0,362.0,2023-09-01,381.0
"Detroit, MI",537.0,452.0,6.0,17.0,62.0,2023-09-01,85.0
"Grand Rapids, MI",358.0,183.0,6.0,96.0,73.0,2023-09-01,175.0
"Hartford, CT",170.0,53.0,4.0,8.0,105.0,2023-09-01,117.0
"Houston, TX",5174.0,3897.0,104.0,0.0,1173.0,2023-09-01,1277.0
"Indianapolis, IN",1099.0,704.0,16.0,4.0,375.0,2023-09-01,395.0
"Jacksonville, FL",1998.0,1286.0,8.0,8.0,696.0,2023-09-01,712.0
"Kansas City, MO",440.0,367.0,6.0,8.0,59.0,2023-09-01,73.0
"Las Vegas, NV",956.0,902.0,0.0,14.0,40.0,2023-09-01,54.0
"Los Angeles, CA",1870.0,899.0,104.0,73.0,794.0,2023-09-01,971.0
"Louisville, KY",920.0,243.0,2.0,15.0,660.0,2023-09-01,677.0
"Memphis, TN",244.0,244.0,0.0,0.0,0.0,2023-09-01,0.0
"Miami, FL",1264.0,574.0,60.0,3.0,627.0,2023-09-01,690.0
"Milwaukee, WI",268.0,134.0,18.0,0.0,116.0,2023-09-01,134.0
"Minneapolis, MN",1215.0,709.0,10.0,23.0,473.0,2023-09-01,506.0
"Nashville, TN",1220.0,1056.0,6.0,8.0,150.0,2023-09-01,164.0
"New York, NY",1954.0,832.0,84.0,39.0,999.0,2023-09-01,1122.0
"Oklahoma City, OK",511.0,417.0,46.0,48.0,0.0,2023-09-01,94.0
"Orlando, FL",2368.0,1531.0,4.0,8.0,825.0,2023-09-01,837.0
"Philadelphia, PA",1066.0,715.0,38.0,22.0,291.0,2023-09-01,351.0
"Phoenix, AZ",4758.0,2254.0,112.0,0.0,2392.0,2023-09-01,2504.0
"Pittsburgh, PA",650.0,248.0,2.0,7.0,393.0,2023-09-01,402.0
"Portland, OR",628.0,483.0,8.0,6.0,131.0,2023-09-01,145.0
"Providence, RI",128.0,105.0,14.0,3.0,6.0,2023-09-01,23.0
"Raleigh, NC",1048.0,888.0,2.0,0.0,158.0,2023-09-01,160.0
"Richmond, VA",1205.0,373.0,44.0,0.0,788.0,2023-09-01,832.0
"Riverside, CA",1750.0,717.0,10.0,7.0,1016.0,2023-09-01,1033.0
"Sacramento, CA",702.0,698.0,4.0,0.0,0.0,2023-09-01,4.0
"Salt Lake City, UT",527.0,225.0,6.0,11.0,285.0,2023-09-01,302.0
"San Antonio, TX",1157.0,679.0,2.0,0.0,476.0,2023-09-01,478.0
"San Diego, CA",1072.0,233.0,22.0,22.0,795.0,2023-09-01,839.0
"San Francisco, CA",546.0,248.0,6.0,0.0,292.0,2023-09-01,298.0
"San Jose, CA",270.0,171.0,2.0,0.0,97.0,2023-09-01,99.0
"Seattle, WA",1271.0,501.0,70.0,44.0,656.0,2023-09-01,770.0
"St. Louis, MO",662.0,427.0,0.0,12.0,223.0,2023-09-01,235.0
"Tampa, FL",1630.0,1238.0,6.0,24.0,362.0,2023-09-01,392.0
"Virginia Beach, VA",272.0,244.0,2.0,0.0,26.0,2023-09-01,28.0
"Washington, DC",1475.0,781.0,8.0,11.0,675.0,2023-09-01,694.0
"Atlanta, GA",3820.0,2520.0,10.0,4.0,1286.0,2023-08-01,1300.0
"Austin, TX",4761.0,1709.0,34.0,0.0,3018.0,2023-08-01,3052.0
"Baltimore, MD",499.0,379.0,0.0,0.0,120.0,2023-08-01,120.0
"Birmingham, AL",259.0,259.0,0.0,0.0,0.0,2023-08-01,0.0
"Boston, MA",865.0,348.0,54.0,41.0,422.0,2023-08-01,517.0
"Buffalo, NY",201.0,75.0,4.0,4.0,118.0,2023-08-01,126.0
"Charlotte, NC",2212.0,1782.0,48.0,0.0,382.0,2023-08-01,430.0
"Chicago, IL",1417.0,781.0,24.0,61.0,551.0,2023-08-01,636.0
"Cincinnati, OH",595.0,397.0,22.0,27.0,149.0,2023-08-01,198.0
"Cleveland, OH",267.0,228.0,0.0,7.0,32.0,2023-08-01,39.0
"Columbus, OH",1633.0,541.0,18.0,11.0,1063.0,2023-08-01,1092.0
"Dallas, TX",5334.0,3952.0,44.0,142.0,1196.0,2023-08-01,1382.0
"Denver, CO",1856.0,896.0,0.0,3.0,957.0,2023-08-01,960.0
"Detroit, MI",541.0,424.0,6.0,28.0,83.0,2023-08-01,117.0
"Grand Rapids, MI",421.0,215.0,12.0,28.0,166.0,2023-08-01,206.0
"Hartford, CT",166.0,62.0,4.0,4.0,96.0,2023-08-01,104.0
"Houston, TX",7305.0,5139.0,232.0,23.0,1911.0,2023-08-01,2166.0
"Indianapolis, IN",747.0,693.0,26.0,18.0,10.0,2023-08-01,54.0
"Jacksonville, FL",1759.0,1405.0,2.0,0.0,352.0,2023-08-01,354.0
"Kansas City, MO",1073.0,466.0,18.0,48.0,541.0,2023-08-01,607.0
"Las Vegas, NV",794.0,744.0,2.0,48.0,0.0,2023-08-01,50.0
"Los Angeles, CA",3532.0,1009.0,134.0,45.0,2344.0,2023-08-01,2523.0
"Louisville, KY",524.0,311.0,10.0,3.0,200.0,2023-08-01,213.0
"Memphis, TN",804.0,276.0,4.0,0.0,524.0,2023-08-01,528.0
"Miami, FL",2916.0,480.0,54.0,15.0,2367.0,2023-08-01,2436.0
"Milwaukee, WI",264.0,147.0,14.0,0.0,103.0,2023-08-01,117.0
"Minneapolis, MN",2318.0,795.0,22.0,35.0,1466.0,2023-08-01,1523.0
"Nashville, TN",2830.0,1364.0,4.0,11.0,1451.0,2023-08-01,1466.0
"New York, NY",4372.0,877.0,128.0,71.0,3296.0,2023-08-01,3495.0
"Oklahoma City, OK",755.0,555.0,138.0,4.0,58.0,2023-08-01,200.0
"Orlando, FL",2230.0,1721.0,6.0,6.0,497.0,2023-08-01,509.0
"Philadelphia, PA",924.0,707.0,14.0,35.0,168.0,2023-08-01,217.0
"Phoenix, AZ",3759.0,2633.0,192.0,0.0,934.0,2023-08-01,1126.0
"Pittsburgh, PA",428.0,282.0,2.0,11.0,133.0,2023-08-01,146.0
"Portland, OR",914.0,612.0,12.0,0.0,290.0,2023-08-01,302.0
"Providence, RI",129.0,114.0,8.0,7.0,0.0,2023-08-01,15.0
"Raleigh, NC",1558.0,1087.0,6.0,0.0,465.0,2023-08-01,471.0
"Richmond, VA",596.0,393.0,2.0,0.0,201.0,2023-08-01,203.0
"Riverside, CA",1461.0,947.0,18.0,50.0,446.0,2023-08-01,514.0
"Sacramento, CA",1537.0,912.0,12.0,0.0,613.0,2023-08-01,625.0
"Salt Lake City, UT",1036.0,387.0,6.0,3.0,640.0,2023-08-01,649.0
"San Antonio, TX",979.0,753.0,2.0,0.0,224.0,2023-08-01,226.0
"San Diego, CA",2151.0,290.0,62.0,75.0,1724.0,2023-08-01,1861.0
"San Francisco, CA",444.0,289.0,8.0,6.0,141.0,2023-08-01,155.0
"San Jose, CA",1275.0,237.0,2.0,0.0,1036.0,2023-08-01,1038.0
"Seattle, WA",1751.0,529.0,72.0,69.0,1081.0,2023-08-01,1222.0
"St. Louis, MO",904.0,443.0,4.0,24.0,433.0,2023-08-01,461.0
"Tampa, FL",1689.0,1301.0,6.0,0.0,382.0,2023-08-01,388.0
"Virginia Beach, VA",750.0,293.0,0.0,0.0,457.0,2023-08-01,457.0
"Washington, DC",2249.0,927.0,10.0,0.0,1312.0,2023-08-01,1322.0
"Atlanta, GA",3524.0,2387.0,2.0,7.0,1128.0,2023-07-01,1137.0
"Austin, TX",3369.0,1391.0,10.0,4.0,1964.0,2023-07-01,1978.0
"Baltimore, MD",369.0,242.0,0.0,0.0,127.0,2023-07-01,127.0
"Birmingham, AL",307.0,267.0,0.0,0.0,40.0,2023-07-01,40.0
"Boston, MA",1022.0,298.0,26.0,10.0,688.0,2023-07-01,724.0
"Buffalo, NY",110.0,67.0,0.0,0.0,43.0,2023-07-01,43.0
"Charlotte, NC",1762.0,1587.0,6.0,0.0,169.0,2023-07-01,175.0
"Chicago, IL",967.0,691.0,42.0,46.0,188.0,2023-07-01,276.0
"Cincinnati, OH",396.0,282.0,18.0,15.0,81.0,2023-07-01,114.0
"Cleveland, OH",235.0,215.0,2.0,0.0,18.0,2023-07-01,20.0
"Columbus, OH",827.0,466.0,12.0,21.0,328.0,2023-07-01,361.0
"Dallas, TX",5954.0,3532.0,56.0,87.0,2279.0,2023-07-01,2422.0
"Denver, CO",1383.0,698.0,10.0,8.0,667.0,2023-07-01,685.0
"Detroit, MI",614.0,402.0,2.0,7.0,203.0,2023-07-01,212.0
"Grand Rapids, MI",317.0,229.0,12.0,7.0,69.0,2023-07-01,88.0
"Hartford, CT",92.0,49.0,2.0,8.0,33.0,2023-07-01,43.0
"Houston, TX",5342.0,4108.0,76.0,3.0,1155.0,2023-07-01,1234.0
"Indianapolis, IN",849.0,553.0,6.0,7.0,283.0,2023-07-01,296.0
"Jacksonville, FL",1784.0,1007.0,4.0,0.0,773.0,2023-07-01,777.0
"Kansas City, MO",633.0,416.0,32.0,16.0,169.0,2023-07-01,217.0
"Las Vegas, NV",1331.0,987.0,4.0,25.0,315.0,2023-07-01,344.0
"Los Angeles, CA",2484.0,1150.0,142.0,56.0,1136.0,2023-07-01,1334.0
"Louisville, KY",422.0,309.0,10.0,0.0,103.0,2023-07-01,113.0
"Memphis, TN",451.0,328.0,0.0,0.0,123.0,2023-07-01,123.0
"Miami, FL",2008.0,497.0,6.0,34.0,1471.0,2023-07-01,1511.0
"Milwaukee, WI",190.0,127.0,14.0,0.0,49.0,2023-07-01,63.0
"Minneapolis, MN",1546.0,845.0,10.0,19.0,672.0,2023-07-01,701.0
"Nashville, TN",1383.0,1297.0,6.0,6.0,74.0,2023-07-01,86.0
"New York, NY",3026.0,831.0,88.0,40.0,2067.0,2023-07-01,2195.0
"Oklahoma City, OK",679.0,395.0,46.0,36.0,202.0,2023-07-01,284.0
"Orlando, FL",1891.0,1384.0,0.0,0.0,507.0,2023-07-01,507.0
"Philadelphia, PA",1014.0,616.0,16.0,11.0,371.0,2023-07-01,398.0
"Phoenix, AZ",4141.0,2256.0,156.0,4.0,1725.0,2023-07-01,1885.0
"Pittsburgh, PA",462.0,274.0,2.0,9.0,177.0,2023-07-01,188.0
"Portland, OR",914.0,482.0,10.0,6.0,416.0,2023-07-01,432.0
"Providence, RI",145.0,117.0,16.0,3.0,9.0,2023-07-01,28.0
"Raleigh, NC",1693.0,1015.0,10.0,0.0,668.0,2023-07-01,678.0
"Richmond, VA",431.0,388.0,18.0,0.0,25.0,2023-07-01,43.0
"Riverside, CA",1176.0,666.0,18.0,18.0,474.0,2023-07-01,510.0
"Sacramento, CA",669.0,520.0,28.0,0.0,121.0,2023-07-01,149.0
"Salt Lake City, UT",996.0,363.0,6.0,3.0,624.0,2023-07-01,633.0
"San Antonio, TX",1054.0,821.0,0.0,0.0,233.0,2023-07-01,233.0
"San Diego, CA",1153.0,277.0,2.0,0.0,874.0,2023-07-01,876.0
"San Francisco, CA",502.0,242.0,4.0,14.0,242.0,2023-07-01,260.0
"San Jose, CA",361.0,153.0,0.0,0.0,208.0,2023-07-01,208.0
"Seattle, WA",1068.0,489.0,56.0,58.0,465.0,2023-07-01,579.0
"St. Louis, MO",508.0,379.0,2.0,7.0,120.0,2023-07-01,129.0
"Tampa, FL",1245.0,1114.0,12.0,0.0,119.0,2023-07-01,131.0
"Virginia Beach, VA",503.0,332.0,0.0,4.0,167.0,2023-07-01,171.0
"Washington, DC",1924.0,702.0,10.0,4.0,1208.0,2023-07-01,1222.0
"Atlanta, GA",3429.0,2354.0,6.0,13.0,1056.0,2023-06-01,1075.0
"Austin, TX",2715.0,1437.0,20.0,0.0,1258.0,2023-06-01,1278.0
"Baltimore, MD",541.0,415.0,2.0,0.0,124.0,2023-06-01,126.0
"Birmingham, AL",389.0,389.0,0.0,0.0,0.0,2023-06-01,0.0
"Boston, MA",1177.0,410.0,38.0,14.0,715.0,2023-06-01,767.0
"Buffalo, NY",142.0,81.0,34.0,3.0,24.0,2023-06-01,61.0
"Charlotte, NC",1986.0,1613.0,4.0,0.0,369.0,2023-06-01,373.0
"Chicago, IL",1397.0,789.0,38.0,75.0,495.0,2023-06-01,608.0
"Cincinnati, OH",458.0,342.0,26.0,14.0,76.0,2023-06-01,116.0
"Cleveland, OH",330.0,262.0,2.0,20.0,46.0,2023-06-01,68.0
"Columbus, OH",1499.0,475.0,4.0,8.0,1012.0,2023-06-01,1024.0
"Dallas, TX",5532.0,3899.0,48.0,94.0,1491.0,2023-06-01,1633.0
"Denver, CO",1433.0,634.0,70.0,14.0,715.0,2023-06-01,799.0
"Detroit, MI",618.0,427.0,6.0,17.0,168.0,2023-06-01,191.0
"Grand Rapids, MI",293.0,215.0,6.0,3.0,69.0,2023-06-01,78.0
"Hartford, CT",128.0,55.0,0.0,0.0,73.0,2023-06-01,73.0
"Houston, TX",5931.0,4781.0,76.0,0.0,1074.0,2023-06-01,1150.0
"Indianapolis, IN",807.0,768.0,14.0,6.0,19.0,2023-06-01,39.0
"Jacksonville, FL",1985.0,1241.0,14.0,0.0,730.0,2023-06-01,744.0
"Kansas City, MO",874.0,467.0,10.0,32.0,365.0,2023-06-01,407.0
"Las Vegas, NV",1026.0,990.0,0.0,18.0,18.0,2023-06-01,36.0
"Los Angeles, CA",3180.0,1083.0,116.0,66.0,1915.0,2023-06-01,2097.0
"Louisville, KY",700.0,290.0,14.0,3.0,393.0,2023-06-01,410.0
"Memphis, TN",440.0,323.0,4.0,12.0,101.0,2023-06-01,117.0
"Miami, FL",2609.0,535.0,34.0,3.0,2037.0,2023-06-01,2074.0
"Milwaukee, WI",198.0,130.0,22.0,0.0,46.0,2023-06-01,68.0
"Minneapolis, MN",1779.0,789.0,22.0,24.0,944.0,2023-06-01,990.0
"Nashville, TN",1717.0,1484.0,6.0,0.0,227.0,2023-06-01,233.0
"New York, NY",3046.0,1123.0,76.0,41.0,1806.0,2023-06-01,1923.0
"Oklahoma City, OK",572.0,522.0,32.0,0.0,18.0,2023-06-01,50.0
"Orlando, FL",3032.0,1670.0,2.0,8.0,1352.0,2023-06-01,1362.0
"Philadelphia, PA",1235.0,772.0,8.0,39.0,416.0,2023-06-01,463.0
"Phoenix, AZ",2843.0,2151.0,432.0,80.0,180.0,2023-06-01,692.0
"Pittsburgh, PA",471.0,343.0,4.0,10.0,114.0,2023-06-01,128.0
"Portland, OR",1055.0,627.0,18.0,4.0,406.0,2023-06-01,428.0
"Providence, RI",192.0,113.0,16.0,3.0,60.0,2023-06-01,79.0
"Raleigh, NC",1741.0,1199.0,10.0,0.0,532.0,2023-06-01,542.0
"Richmond, VA",472.0,392.0,32.0,0.0,48.0,2023-06-01,80.0
"Riverside, CA",2624.0,1857.0,12.0,18.0,737.0,2023-06-01,767.0
"Sacramento, CA",1753.0,1044.0,2.0,0.0,707.0,2023-06-01,709.0
"Salt Lake City, UT",911.0,331.0,8.0,10.0,562.0,2023-06-01,580.0
"San Antonio, TX",2377.0,833.0,4.0,16.0,1524.0,2023-06-01,1544.0
"San Diego, CA",363.0,189.0,8.0,8.0,158.0,2023-06-01,174.0
"San Francisco, CA",661.0,304.0,6.0,18.0,333.0,2023-06-01,357.0
"San Jose, CA",1553.0,193.0,0.0,0.0,1360.0,2023-06-01,1360.0
"Seattle, WA",1294.0,596.0,98.0,84.0,516.0,2023-06-01,698.0
"St. Louis, MO",533.0,475.0,10.0,24.0,24.0,2023-06-01,58.0
"Tampa, FL",1948.0,1316.0,14.0,3.0,615.0,2023-06-01,632.0
"Virginia Beach, VA",756.0,328.0,2.0,3.0,423.0,2023-06-01,428.0
"Washington, DC",2081.0,1001.0,0.0,0.0,1080.0,2023-06-01,1080.0
"Atlanta, GA",4461.0,2391.0,32.0,22.0,2016.0,2023-05-01,2070.0
"Austin, TX",2674.0,1444.0,42.0,3.0,1185.0,2023-05-01,1230.0
"Baltimore, MD",908.0,310.0,0.0,0.0,598.0,2023-05-01,598.0
"Birmingham, AL",417.0,417.0,0.0,0.0,0.0,2023-05-01,0.0
"Boston, MA",1303.0,333.0,24.0,30.0,916.0,2023-05-01,970.0
"Buffalo, NY",122.0,79.0,2.0,0.0,41.0,2023-05-01,43.0
"Charlotte, NC",2982.0,1735.0,12.0,3.0,1232.0,2023-05-01,1247.0
"Chicago, IL",1053.0,751.0,28.0,36.0,238.0,2023-05-01,302.0
"Cincinnati, OH",470.0,335.0,32.0,20.0,83.0,2023-05-01,135.0
"Cleveland, OH",303.0,256.0,0.0,19.0,28.0,2023-05-01,47.0
"Columbus, OH",852.0,454.0,0.0,0.0,398.0,2023-05-01,398.0
"Dallas, TX",6860.0,3529.0,326.0,99.0,2906.0,2023-05-01,3331.0
"Denver, CO",2260.0,822.0,30.0,19.0,1389.0,2023-05-01,1438.0
"Detroit, MI",459.0,398.0,8.0,15.0,38.0,2023-05-01,61.0
"Grand Rapids, MI",242.0,161.0,10.0,10.0,61.0,2023-05-01,81.0
"Hartford, CT",330.0,55.0,0.0,0.0,275.0,2023-05-01,275.0
"Houston, TX",6767.0,4995.0,158.0,4.0,1610.0,2023-05-01,1772.0
"Indianapolis, IN",1437.0,720.0,24.0,0.0,693.0,2023-05-01,717.0
"Jacksonville, FL",2028.0,1236.0,10.0,0.0,782.0,2023-05-01,792.0
"Kansas City, MO",938.0,404.0,70.0,4.0,460.0,2023-05-01,534.0
"Las Vegas, NV",1723.0,1057.0,24.0,12.0,630.0,2023-05-01,666.0
"Los Angeles, CA",2638.0,1042.0,132.0,32.0,1432.0,2023-05-01,1596.0
"Louisville, KY",483.0,299.0,8.0,0.0,176.0,2023-05-01,184.0
"Memphis, TN",302.0,302.0,0.0,0.0,0.0,2023-05-01,0.0
"Miami, FL",972.0,408.0,20.0,4.0,540.0,2023-05-01,564.0
"Milwaukee, WI",163.0,138.0,18.0,0.0,7.0,2023-05-01,25.0
"Minneapolis, MN",2007.0,768.0,10.0,17.0,1212.0,2023-05-01,1239.0
"Nashville, TN",2132.0,1492.0,4.0,7.0,629.0,2023-05-01,640.0
"New York, NY",4618.0,1084.0,110.0,66.0,3358.0,2023-05-01,3534.0
"Oklahoma City, OK",758.0,666.0,68.0,0.0,24.0,2023-05-01,92.0
"Orlando, FL",2020.0,1589.0,4.0,0.0,427.0,2023-05-01,431.0
"Philadelphia, PA",1247.0,685.0,6.0,28.0,528.0,2023-05-01,562.0
"Phoenix, AZ",3402.0,2246.0,150.0,4.0,1002.0,2023-05-01,1156.0
"Pittsburgh, PA",518.0,343.0,0.0,10.0,165.0,2023-05-01,175.0
"Portland, OR",1111.0,611.0,8.0,4.0,488.0,2023-05-01,500.0
"Providence, RI",203.0,119.0,8.0,12.0,64.0,2023-05-01,84.0
"Raleigh, NC",1920.0,1341.0,2.0,0.0,577.0,2023-05-01,579.0
"Richmond, VA",931.0,433.0,14.0,0.0,484.0,2023-05-01,498.0
"Riverside, CA",1544.0,1292.0,26.0,14.0,212.0,2023-05-01,252.0
"Sacramento, CA",951.0,764.0,4.0,3.0,180.0,2023-05-01,187.0
"Salt Lake City, UT",729.0,360.0,4.0,62.0,303.0,2023-05-01,369.0
"San Antonio, TX",1686.0,869.0,30.0,0.0,787.0,2023-05-01,817.0
"San Diego, CA",806.0,275.0,12.0,17.0,502.0,2023-05-01,531.0
"San Francisco, CA",1198.0,405.0,6.0,4.0,783.0,2023-05-01,793.0
"San Jose, CA",575.0,387.0,0.0,0.0,188.0,2023-05-01,188.0
"Seattle, WA",2336.0,616.0,86.0,30.0,1604.0,2023-05-01,1720.0
"St. Louis, MO",1051.0,456.0,10.0,8.0,577.0,2023-05-01,595.0
"Tampa, FL",1843.0,1395.0,12.0,0.0,436.0,2023-05-01,448.0
"Virginia Beach, VA",474.0,317.0,0.0,9.0,148.0,2023-05-01,157.0
"Washington, DC",1528.0,1203.0,4.0,0.0,321.0,2023-05-01,325.0
"Atlanta, GA",3018.0,2130.0,8.0,32.0,848.0,2023-04-01,888.0
"Austin, TX",2055.0,1441.0,56.0,0.0,558.0,2023-04-01,614.0
"Baltimore, MD",280.0,234.0,0.0,0.0,46.0,2023-04-01,46.0
"Birmingham, AL",189.0,189.0,0.0,0.0,0.0,2023-04-01,0.0
"Boston, MA",644.0,291.0,28.0,15.0,310.0,2023-04-01,353.0
"Buffalo, NY",89.0,62.0,2.0,3.0,22.0,2023-04-01,27.0
"Charlotte, NC",3684.0,1652.0,12.0,0.0,2020.0,2023-04-01,2032.0
"Chicago, IL",1467.0,652.0,20.0,44.0,751.0,2023-04-01,815.0
"Cincinnati, OH",607.0,316.0,14.0,13.0,264.0,2023-04-01,291.0
"Cleveland, OH",257.0,232.0,0.0,3.0,22.0,2023-04-01,25.0
"Columbus, OH",569.0,414.0,12.0,0.0,143.0,2023-04-01,155.0
"Dallas, TX",4793.0,3960.0,40.0,107.0,686.0,2023-04-01,833.0
"Denver, CO",1945.0,660.0,16.0,21.0,1248.0,2023-04-01,1285.0
"Detroit, MI",525.0,405.0,0.0,22.0,98.0,2023-04-01,120.0
"Grand Rapids, MI",373.0,329.0,6.0,0.0,38.0,2023-04-01,44.0
"Hartford, CT",75.0,45.0,0.0,0.0,30.0,2023-04-01,30.0
"Houston, TX",5762.0,4321.0,214.0,0.0,1227.0,2023-04-01,1441.0
"Indianapolis, IN",935.0,559.0,14.0,27.0,335.0,2023-04-01,376.0
"Jacksonville, FL",1111.0,947.0,116.0,48.0,0.0,2023-04-01,164.0
"Kansas City, MO",583.0,451.0,20.0,15.0,97.0,2023-04-01,132.0
"Las Vegas, NV",807.0,761.0,2.0,12.0,32.0,2023-04-01,46.0
"Los Angeles, CA",2447.0,839.0,130.0,83.0,1395.0,2023-04-01,1608.0
"Louisville, KY",319.0,275.0,4.0,4.0,36.0,2023-04-01,44.0
"Memphis, TN",359.0,277.0,0.0,0.0,82.0,2023-04-01,82.0
"Miami, FL",1244.0,397.0,32.0,16.0,799.0,2023-04-01,847.0
"Milwaukee, WI",147.0,106.0,16.0,0.0,25.0,2023-04-01,41.0
"Minneapolis, MN",1548.0,655.0,10.0,8.0,875.0,2023-04-01,893.0
"Nashville, TN",3407.0,1303.0,10.0,15.0,2079.0,2023-04-01,2104.0
"New York, NY",2514.0,811.0,80.0,31.0,1592.0,2023-04-01,1703.0
"Oklahoma City, OK",641.0,583.0,58.0,0.0,0.0,2023-04-01,58.0
"Orlando, FL",2882.0,1344.0,8.0,0.0,1530.0,2023-04-01,1538.0
"Philadelphia, PA",1143.0,547.0,40.0,33.0,523.0,2023-04-01,596.0
"Phoenix, AZ",3287.0,1873.0,138.0,20.0,1256.0,2023-04-01,1414.0
"Pittsburgh, PA",374.0,268.0,0.0,7.0,99.0,2023-04-01,106.0
"Portland, OR",1368.0,516.0,6.0,50.0,796.0,2023-04-01,852.0
"Providence, RI",183.0,102.0,20.0,3.0,58.0,2023-04-01,81.0
"Raleigh, NC",1125.0,1014.0,2.0,3.0,106.0,2023-04-01,111.0
"Richmond, VA",388.0,317.0,6.0,0.0,65.0,2023-04-01,71.0
"Riverside, CA",2376.0,868.0,20.0,46.0,1442.0,2023-04-01,1508.0
"Sacramento, CA",840.0,623.0,2.0,0.0,215.0,2023-04-01,217.0
"Salt Lake City, UT",593.0,235.0,8.0,30.0,320.0,2023-04-01,358.0
"San Antonio, TX",1664.0,810.0,2.0,3.0,849.0,2023-04-01,854.0
"San Diego, CA",609.0,192.0,14.0,20.0,383.0,2023-04-01,417.0
"San Francisco, CA",758.0,297.0,2.0,3.0,456.0,2023-04-01,461.0
"San Jose, CA",350.0,261.0,2.0,0.0,87.0,2023-04-01,89.0
"Seattle, WA",993.0,500.0,52.0,40.0,401.0,2023-04-01,493.0
"St. Louis, MO",468.0,365.0,10.0,15.0,78.0,2023-04-01,103.0
"Tampa, FL",1591.0,1031.0,10.0,0.0,550.0,2023-04-01,560.0
"Virginia Beach, VA",269.0,253.0,0.0,0.0,16.0,2023-04-01,16.0
"Washington, DC",2332.0,996.0,6.0,3.0,1327.0,2023-04-01,1336.0
"Atlanta, GA",3248.0,2390.0,10.0,19.0,829.0,2023-03-01,858.0
"Austin, TX",3428.0,1520.0,34.0,3.0,1871.0,2023-03-01,1908.0
"Baltimore, MD",508.0,363.0,0.0,0.0,145.0,2023-03-01,145.0
"Birmingham, AL",302.0,296.0,2.0,4.0,0.0,2023-03-01,6.0
"Boston, MA",1183.0,297.0,54.0,88.0,744.0,2023-03-01,886.0
"Buffalo, NY",119.0,72.0,2.0,4.0,41.0,2023-03-01,47.0
"Charlotte, NC",2409.0,1755.0,4.0,0.0,650.0,2023-03-01,654.0
"Chicago, IL",1754.0,662.0,16.0,38.0,1038.0,2023-03-01,1092.0
"Cincinnati, OH",997.0,373.0,30.0,3.0,591.0,2023-03-01,624.0
"Cleveland, OH",260.0,252.0,4.0,4.0,0.0,2023-03-01,8.0
"Columbus, OH",1586.0,462.0,22.0,34.0,1068.0,2023-03-01,1124.0
"Dallas, TX",4291.0,3001.0,88.0,12.0,1190.0,2023-03-01,1290.0
"Denver, CO",1094.0,783.0,16.0,8.0,287.0,2023-03-01,311.0
"Detroit, MI",586.0,351.0,0.0,10.0,225.0,2023-03-01,235.0
"Grand Rapids, MI",237.0,178.0,36.0,3.0,20.0,2023-03-01,59.0
"Hartford, CT",74.0,55.0,0.0,0.0,19.0,2023-03-01,19.0
"Houston, TX",6134.0,4780.0,120.0,6.0,1228.0,2023-03-01,1354.0
"Indianapolis, IN",1170.0,632.0,8.0,0.0,530.0,2023-03-01,538.0
"Jacksonville, FL",2274.0,955.0,6.0,0.0,1313.0,2023-03-01,1319.0
"Kansas City, MO",451.0,356.0,56.0,10.0,29.0,2023-03-01,95.0
"Las Vegas, NV",1303.0,1237.0,0.0,66.0,0.0,2023-03-01,66.0
"Los Angeles, CA",1851.0,1096.0,106.0,70.0,579.0,2023-03-01,755.0
"Louisville, KY",333.0,266.0,8.0,12.0,47.0,2023-03-01,67.0
"Memphis, TN",236.0,236.0,0.0,0.0,0.0,2023-03-01,0.0
"Miami, FL",2722.0,510.0,36.0,31.0,2145.0,2023-03-01,2212.0
"Milwaukee, WI",164.0,107.0,4.0,0.0,53.0,2023-03-01,57.0
"Minneapolis, MN",1453.0,642.0,14.0,14.0,783.0,2023-03-01,811.0
"Nashville, TN",1817.0,1319.0,6.0,3.0,489.0,2023-03-01,498.0
"New York, NY",5633.0,1159.0,108.0,51.0,4315.0,2023-03-01,4474.0
"Oklahoma City, OK",507.0,465.0,42.0,0.0,0.0,2023-03-01,42.0
"Orlando, FL",2536.0,1707.0,26.0,3.0,800.0,2023-03-01,829.0
"Philadelphia, PA",1268.0,546.0,24.0,41.0,657.0,2023-03-01,722.0
"Phoenix, AZ",5359.0,2216.0,76.0,0.0,3067.0,2023-03-01,3143.0
"Pittsburgh, PA",392.0,292.0,12.0,12.0,76.0,2023-03-01,100.0
"Portland, OR",917.0,580.0,12.0,0.0,325.0,2023-03-01,337.0
"Providence, RI",169.0,114.0,18.0,6.0,31.0,2023-03-01,55.0
"Raleigh, NC",1639.0,1299.0,0.0,0.0,340.0,2023-03-01,340.0
"Richmond, VA",953.0,433.0,36.0,4.0,480.0,2023-03-01,520.0
"Riverside, CA",1212.0,878.0,10.0,23.0,301.0,2023-03-01,334.0
"Sacramento, CA",755.0,593.0,2.0,0.0,160.0,2023-03-01,162.0
"Salt Lake City, UT",627.0,224.0,6.0,14.0,383.0,2023-03-01,403.0
"San Antonio, TX",1810.0,728.0,434.0,0.0,648.0,2023-03-01,1082.0
"San Diego, CA",385.0,189.0,2.0,17.0,177.0,2023-03-01,196.0
"San Francisco, CA",965.0,289.0,14.0,6.0,656.0,2023-03-01,676.0
"San Jose, CA",376.0,172.0,6.0,4.0,194.0,2023-03-01,204.0
"Seattle, WA",1426.0,515.0,98.0,60.0,753.0,2023-03-01,911.0
"St. Louis, MO",408.0,354.0,4.0,17.0,33.0,2023-03-01,54.0
"Tampa, FL",2174.0,1261.0,6.0,36.0,871.0,2023-03-01,913.0
"Virginia Beach, VA",544.0,344.0,2.0,0.0,198.0,2023-03-01,200.0
"Washington, DC",1606.0,1002.0,6.0,0.0,598.0,2023-03-01,604.0
"Atlanta, GA",3407.0,1599.0,10.0,11.0,1787.0,2023-02-01,1808.0
"Austin, TX",2702.0,1003.0,22.0,15.0,1662.0,2023-02-01,1699.0
"Baltimore, MD",514.0,300.0,0.0,0.0,214.0,2023-02-01,214.0
"Birmingham, AL",226.0,218.0,8.0,0.0,0.0,2023-02-01,8.0
"Boston, MA",1057.0,240.0,12.0,9.0,796.0,2023-02-01,817.0
"Buffalo, NY",54.0,44.0,0.0,0.0,10.0,2023-02-01,10.0
"Charlotte, NC",2847.0,1421.0,2.0,0.0,1424.0,2023-02-01,1426.0
"Chicago, IL",703.0,430.0,8.0,46.0,219.0,2023-02-01,273.0
"Cincinnati, OH",504.0,265.0,12.0,24.0,203.0,2023-02-01,239.0
"Cleveland, OH",155.0,155.0,0.0,0.0,0.0,2023-02-01,0.0
"Columbus, OH",351.0,331.0,0.0,8.0,12.0,2023-02-01,20.0
"Dallas, TX",5657.0,2629.0,44.0,42.0,2942.0,2023-02-01,3028.0
"Denver, CO",1912.0,525.0,2.0,4.0,1381.0,2023-02-01,1387.0
"Detroit, MI",458.0,223.0,4.0,6.0,225.0,2023-02-01,235.0
"Grand Rapids, MI",117.0,96.0,2.0,4.0,15.0,2023-02-01,21.0
"Hartford, CT",48.0,38.0,0.0,0.0,10.0,2023-02-01,10.0
"Houston, TX",4902.0,3565.0,132.0,0.0,1205.0,2023-02-01,1337.0
"Indianapolis, IN",437.0,368.0,6.0,0.0,63.0,2023-02-01,69.0
"Jacksonville, FL",2231.0,727.0,102.0,40.0,1362.0,2023-02-01,1504.0
"Kansas City, MO",238.0,205.0,6.0,0.0,27.0,2023-02-01,33.0
"Las Vegas, NV",537.0,532.0,2.0,3.0,0.0,2023-02-01,5.0
"Los Angeles, CA",2699.0,797.0,116.0,23.0,1763.0,2023-02-01,1902.0
"Louisville, KY",775.0,179.0,4.0,0.0,592.0,2023-02-01,596.0
"Memphis, TN",202.0,202.0,0.0,0.0,0.0,2023-02-01,0.0
"Miami, FL",2760.0,382.0,38.0,11.0,2329.0,2023-02-01,2378.0
"Milwaukee, WI",110.0,83.0,10.0,0.0,17.0,2023-02-01,27.0
"Minneapolis, MN",1033.0,376.0,4.0,8.0,645.0,2023-02-01,657.0
"Nashville, TN",2925.0,969.0,14.0,12.0,1930.0,2023-02-01,1956.0
"New York, NY",2764.0,868.0,74.0,21.0,1801.0,2023-02-01,1896.0
"Oklahoma City, OK",383.0,359.0,24.0,0.0,0.0,2023-02-01,24.0
"Orlando, FL",1956.0,1216.0,2.0,12.0,726.0,2023-02-01,740.0
"Philadelphia, PA",788.0,563.0,10.0,32.0,183.0,2023-02-01,225.0
"Phoenix, AZ",3724.0,1359.0,40.0,0.0,2325.0,2023-02-01,2365.0
"Pittsburgh, PA",271.0,176.0,2.0,6.0,87.0,2023-02-01,95.0
"Portland, OR",1154.0,375.0,18.0,0.0,761.0,2023-02-01,779.0
"Providence, RI",131.0,91.0,36.0,4.0,0.0,2023-02-01,40.0
"Raleigh, NC",1994.0,929.0,6.0,0.0,1059.0,2023-02-01,1065.0
"Richmond, VA",782.0,325.0,36.0,0.0,421.0,2023-02-01,457.0
"Riverside, CA",1728.0,642.0,14.0,23.0,1049.0,2023-02-01,1086.0
"Sacramento, CA",963.0,459.0,34.0,0.0,470.0,2023-02-01,504.0
"Salt Lake City, UT",1247.0,158.0,8.0,19.0,1062.0,2023-02-01,1089.0
"San Antonio, TX",906.0,507.0,4.0,20.0,375.0,2023-02-01,399.0
"San Diego, CA",459.0,151.0,0.0,3.0,305.0,2023-02-01,308.0
"San Francisco, CA",419.0,241.0,2.0,3.0,173.0,2023-02-01,178.0
"San Jose, CA",484.0,113.0,0.0,0.0,371.0,2023-02-01,371.0
"Seattle, WA",2135.0,352.0,74.0,20.0,1689.0,2023-02-01,1783.0
"St. Louis, MO",715.0,321.0,6.0,11.0,377.0,2023-02-01,394.0
"Tampa, FL",1966.0,972.0,24.0,30.0,940.0,2023-02-01,994.0
"Virginia Beach, VA",559.0,264.0,0.0,0.0,295.0,2023-02-01,295.0
"Washington, DC",1654.0,871.0,8.0,8.0,767.0,2023-02-01,783.0
"Atlanta, GA",3707.0,1348.0,6.0,3.0,2350.0,2023-01-01,2359.0
"Austin, TX",1719.0,892.0,36.0,24.0,767.0,2023-01-01,827.0
"Baltimore, MD",912.0,226.0,0.0,0.0,686.0,2023-01-01,686.0
"Birmingham, AL",238.0,228.0,10.0,0.0,0.0,2023-01-01,10.0
"Boston, MA",1034.0,270.0,32.0,42.0,690.0,2023-01-01,764.0
"Buffalo, NY",70.0,40.0,0.0,3.0,27.0,2023-01-01,30.0
"Charlotte, NC",1930.0,1324.0,6.0,4.0,596.0,2023-01-01,606.0
"Chicago, IL",876.0,314.0,8.0,16.0,538.0,2023-01-01,562.0
"Cincinnati, OH",323.0,218.0,12.0,9.0,84.0,2023-01-01,105.0
"Cleveland, OH",160.0,111.0,8.0,6.0,35.0,2023-01-01,49.0
"Columbus, OH",355.0,273.0,4.0,9.0,69.0,2023-01-01,82.0
"Dallas, TX",4580.0,2244.0,116.0,19.0,2201.0,2023-01-01,2336.0
"Denver, CO",1934.0,567.0,4.0,6.0,1357.0,2023-01-01,1367.0
"Detroit, MI",286.0,171.0,8.0,10.0,97.0,2023-01-01,115.0
"Grand Rapids, MI",418.0,105.0,4.0,0.0,309.0,2023-01-01,313.0
"Hartford, CT",146.0,46.0,0.0,0.0,100.0,2023-01-01,100.0
"Houston, TX",6266.0,2692.0,182.0,25.0,3367.0,2023-01-01,3574.0
"Indianapolis, IN",1016.0,363.0,12.0,15.0,626.0,2023-01-01,653.0
"Jacksonville, FL",1179.0,829.0,20.0,0.0,330.0,2023-01-01,350.0
"Kansas City, MO",265.0,215.0,8.0,4.0,38.0,2023-01-01,50.0
"Las Vegas, NV",1147.0,455.0,6.0,0.0,686.0,2023-01-01,692.0
"Los Angeles, CA",1772.0,829.0,132.0,31.0,780.0,2023-01-01,943.0
"Louisville, KY",361.0,147.0,6.0,0.0,208.0,2023-01-01,214.0
"Memphis, TN",187.0,187.0,0.0,0.0,0.0,2023-01-01,0.0
"Miami, FL",1685.0,301.0,30.0,22.0,1332.0,2023-01-01,1384.0
"Milwaukee, WI",137.0,75.0,14.0,0.0,48.0,2023-01-01,62.0
"Minneapolis, MN",1247.0,331.0,4.0,7.0,905.0,2023-01-01,916.0
"Nashville, TN",1103.0,900.0,2.0,11.0,190.0,2023-01-01,203.0
"New York, NY",2583.0,945.0,122.0,37.0,1479.0,2023-01-01,1638.0
"Oklahoma City, OK",313.0,289.0,24.0,0.0,0.0,2023-01-01,24.0
"Orlando, FL",1626.0,1077.0,30.0,16.0,503.0,2023-01-01,549.0
"Philadelphia, PA",955.0,491.0,28.0,47.0,389.0,2023-01-01,464.0
"Phoenix, AZ",1435.0,1102.0,62.0,24.0,247.0,2023-01-01,333.0
"Pittsburgh, PA",269.0,220.0,2.0,13.0,34.0,2023-01-01,49.0
"Portland, OR",1057.0,375.0,22.0,57.0,603.0,2023-01-01,682.0
"Providence, RI",143.0,111.0,20.0,7.0,5.0,2023-01-01,32.0
"Raleigh, NC",2058.0,835.0,26.0,0.0,1197.0,2023-01-01,1223.0
"Richmond, VA",1245.0,337.0,0.0,4.0,904.0,2023-01-01,908.0
"Riverside, CA",1046.0,423.0,10.0,30.0,583.0,2023-01-01,623.0
"Sacramento, CA",1182.0,352.0,6.0,6.0,818.0,2023-01-01,830.0
"Salt Lake City, UT",628.0,238.0,6.0,9.0,375.0,2023-01-01,390.0
"San Antonio, TX",1505.0,522.0,2.0,0.0,981.0,2023-01-01,983.0
"San Diego, CA",669.0,148.0,0.0,9.0,512.0,2023-01-01,521.0
"San Francisco, CA",247.0,157.0,6.0,6.0,78.0,2023-01-01,90.0
"San Jose, CA",305.0,161.0,4.0,0.0,140.0,2023-01-01,144.0
"Seattle, WA",1046.0,359.0,34.0,19.0,634.0,2023-01-01,687.0
"St. Louis, MO",624.0,210.0,2.0,7.0,405.0,2023-01-01,414.0
"Tampa, FL",2110.0,954.0,12.0,16.0,1128.0,2023-01-01,1156.0
"Virginia Beach, VA",478.0,279.0,6.0,0.0,193.0,2023-01-01,199.0
"Washington, DC",2098.0,668.0,16.0,33.0,1381.0,2023-01-01,1430.0
"Atlanta, GA",2933.0,1176.0,8.0,30.0,1719.0,2022-12-01,1757.0
"Austin, TX",2179.0,719.0,46.0,28.0,1386.0,2022-12-01,1460.0
"Baltimore, MD",470.0,209.0,0.0,0.0,261.0,2022-12-01,261.0
"Birmingham, AL",182.0,182.0,0.0,0.0,0.0,2022-12-01,0.0
"Boston, MA",1135.0,319.0,44.0,44.0,728.0,2022-12-01,816.0
"Buffalo, NY",75.0,53.0,6.0,0.0,16.0,2022-12-01,22.0
"Charlotte, NC",1690.0,1087.0,78.0,0.0,525.0,2022-12-01,603.0
"Chicago, IL",1530.0,332.0,20.0,15.0,1163.0,2022-12-01,1198.0
"Cincinnati, OH",397.0,218.0,22.0,8.0,149.0,2022-12-01,179.0
"Cleveland, OH",224.0,218.0,0.0,0.0,6.0,2022-12-01,6.0
"Columbus, OH",582.0,319.0,14.0,12.0,237.0,2022-12-01,263.0
"Dallas, TX",5117.0,2188.0,22.0,10.0,2897.0,2022-12-01,2929.0
"Denver, CO",1178.0,475.0,0.0,0.0,703.0,2022-12-01,703.0
"Detroit, MI",575.0,163.0,16.0,27.0,369.0,2022-12-01,412.0
"Grand Rapids, MI",262.0,211.0,0.0,3.0,48.0,2022-12-01,51.0
"Hartford, CT",358.0,47.0,0.0,0.0,311.0,2022-12-01,311.0
"Houston, TX",4223.0,2059.0,138.0,7.0,2019.0,2022-12-01,2164.0
"Indianapolis, IN",565.0,341.0,2.0,0.0,222.0,2022-12-01,224.0
"Jacksonville, FL",1616.0,1046.0,24.0,24.0,522.0,2022-12-01,570.0
"Kansas City, MO",531.0,260.0,10.0,0.0,261.0,2022-12-01,271.0
"Las Vegas, NV",447.0,369.0,0.0,8.0,70.0,2022-12-01,78.0
"Los Angeles, CA",2261.0,797.0,110.0,34.0,1320.0,2022-12-01,1464.0
"Louisville, KY",213.0,197.0,2.0,4.0,10.0,2022-12-01,16.0
"Memphis, TN",130.0,122.0,0.0,0.0,8.0,2022-12-01,8.0
"Miami, FL",1490.0,252.0,10.0,6.0,1222.0,2022-12-01,1238.0
"Milwaukee, WI",156.0,80.0,32.0,8.0,36.0,2022-12-01,76.0
"Minneapolis, MN",1317.0,365.0,4.0,15.0,933.0,2022-12-01,952.0
"Nashville, TN",1013.0,648.0,14.0,0.0,351.0,2022-12-01,365.0
"New York, NY",4438.0,1004.0,180.0,70.0,3184.0,2022-12-01,3434.0
"Oklahoma City, OK",357.0,321.0,36.0,0.0,0.0,2022-12-01,36.0
"Orlando, FL",2385.0,1084.0,12.0,0.0,1289.0,2022-12-01,1301.0
"Philadelphia, PA",1118.0,474.0,10.0,47.0,587.0,2022-12-01,644.0
"Phoenix, AZ",4389.0,997.0,114.0,0.0,3278.0,2022-12-01,3392.0
"Pittsburgh, PA",251.0,181.0,2.0,15.0,53.0,2022-12-01,70.0
"Portland, OR",1324.0,336.0,16.0,22.0,950.0,2022-12-01,988.0
"Providence, RI",121.0,84.0,16.0,6.0,15.0,2022-12-01,37.0
"Raleigh, NC",927.0,624.0,4.0,0.0,299.0,2022-12-01,303.0
"Richmond, VA",647.0,259.0,0.0,0.0,388.0,2022-12-01,388.0
"Riverside, CA",1720.0,695.0,52.0,27.0,946.0,2022-12-01,1025.0
"Sacramento, CA",608.0,507.0,12.0,0.0,89.0,2022-12-01,101.0
"Salt Lake City, UT",626.0,186.0,10.0,11.0,419.0,2022-12-01,440.0
"San Antonio, TX",1497.0,478.0,6.0,0.0,1013.0,2022-12-01,1019.0
"San Diego, CA",701.0,189.0,4.0,18.0,490.0,2022-12-01,512.0
"San Francisco, CA",813.0,145.0,0.0,3.0,665.0,2022-12-01,668.0
"San Jose, CA",297.0,134.0,0.0,0.0,163.0,2022-12-01,163.0
"Seattle, WA",1932.0,364.0,54.0,29.0,1485.0,2022-12-01,1568.0
"St. Louis, MO",437.0,251.0,2.0,0.0,184.0,2022-12-01,186.0
"Tampa, FL",2176.0,882.0,8.0,17.0,1269.0,2022-12-01,1294.0
"Virginia Beach, VA",483.0,265.0,0.0,4.0,214.0,2022-12-01,218.0
"Washington, DC",2793.0,600.0,4.0,0.0,2189.0,2022-12-01,2193.0
"Atlanta, GA",3460.0,1511.0,30.0,16.0,1903.0,2022-11-01,1949.0
"Austin, TX",2086.0,1012.0,68.0,19.0,987.0,2022-11-01,1074.0
"Baltimore, MD",609.0,260.0,8.0,3.0,338.0,2022-11-01,349.0
"Birmingham, AL",202.0,202.0,0.0,0.0,0.0,2022-11-01,0.0
"Boston, MA",1143.0,305.0,60.0,20.0,758.0,2022-11-01,838.0
"Buffalo, NY",198.0,167.0,0.0,11.0,20.0,2022-11-01,31.0
"Charlotte, NC",1973.0,1073.0,14.0,0.0,886.0,2022-11-01,900.0
"Chicago, IL",1307.0,487.0,14.0,36.0,770.0,2022-11-01,820.0
"Cincinnati, OH",614.0,256.0,24.0,0.0,334.0,2022-11-01,358.0
"Cleveland, OH",177.0,175.0,2.0,0.0,0.0,2022-11-01,2.0
"Columbus, OH",1291.0,326.0,4.0,0.0,961.0,2022-11-01,965.0
"Dallas, TX",4571.0,2355.0,34.0,48.0,2134.0,2022-11-01,2216.0
"Denver, CO",1293.0,500.0,4.0,21.0,768.0,2022-11-01,793.0
"Detroit, MI",272.0,212.0,0.0,14.0,46.0,2022-11-01,60.0
"Grand Rapids, MI",170.0,118.0,6.0,3.0,43.0,2022-11-01,52.0
"Hartford, CT",211.0,51.0,16.0,8.0,136.0,2022-11-01,160.0
"Houston, TX",4629.0,2748.0,76.0,4.0,1801.0,2022-11-01,1881.0
"Indianapolis, IN",651.0,390.0,8.0,8.0,245.0,2022-11-01,261.0
"Jacksonville, FL",1076.0,775.0,2.0,0.0,299.0,2022-11-01,301.0
"Kansas City, MO",538.0,331.0,20.0,12.0,175.0,2022-11-01,207.0
"Las Vegas, NV",826.0,426.0,16.0,4.0,380.0,2022-11-01,400.0
"Los Angeles, CA",2079.0,700.0,96.0,15.0,1268.0,2022-11-01,1379.0
"Louisville, KY",239.0,195.0,10.0,12.0,22.0,2022-11-01,44.0
"Memphis, TN",152.0,152.0,0.0,0.0,0.0,2022-11-01,0.0
"Miami, FL",1139.0,393.0,30.0,7.0,709.0,2022-11-01,746.0
"Milwaukee, WI",215.0,102.0,8.0,0.0,105.0,2022-11-01,113.0
"Minneapolis, MN",1249.0,465.0,2.0,3.0,779.0,2022-11-01,784.0
"Nashville, TN",1007.0,949.0,14.0,3.0,41.0,2022-11-01,58.0
"New York, NY",3549.0,798.0,110.0,34.0,2607.0,2022-11-01,2751.0
"Oklahoma City, OK",307.0,281.0,26.0,0.0,0.0,2022-11-01,26.0
"Orlando, FL",1550.0,1011.0,18.0,16.0,505.0,2022-11-01,539.0
"Philadelphia, PA",1272.0,485.0,16.0,53.0,718.0,2022-11-01,787.0
"Phoenix, AZ",2171.0,1390.0,78.0,0.0,703.0,2022-11-01,781.0
"Pittsburgh, PA",280.0,176.0,50.0,16.0,38.0,2022-11-01,104.0
"Portland, OR",723.0,335.0,6.0,0.0,382.0,2022-11-01,388.0
"Providence, RI",132.0,102.0,18.0,7.0,5.0,2022-11-01,30.0
"Raleigh, NC",2171.0,713.0,2.0,0.0,1456.0,2022-11-01,1458.0
"Richmond, VA",712.0,270.0,6.0,0.0,436.0,2022-11-01,442.0
"Riverside, CA",835.0,419.0,18.0,14.0,384.0,2022-11-01,416.0
"Sacramento, CA",747.0,510.0,2.0,4.0,231.0,2022-11-01,237.0
"Salt Lake City, UT",498.0,121.0,8.0,3.0,366.0,2022-11-01,377.0
"San Antonio, TX",1264.0,560.0,6.0,0.0,698.0,2022-11-01,704.0
"San Diego, CA",396.0,225.0,6.0,16.0,149.0,2022-11-01,171.0
"San Francisco, CA",1057.0,172.0,12.0,18.0,855.0,2022-11-01,885.0
"San Jose, CA",141.0,132.0,2.0,0.0,7.0,2022-11-01,9.0
"Seattle, WA",1581.0,357.0,66.0,28.0,1130.0,2022-11-01,1224.0
"St. Louis, MO",627.0,292.0,8.0,23.0,304.0,2022-11-01,335.0
"Tampa, FL",2692.0,1058.0,84.0,204.0,1346.0,2022-11-01,1634.0
"Virginia Beach, VA",273.0,265.0,8.0,0.0,0.0,2022-11-01,8.0
"Washington, DC",1852.0,753.0,2.0,0.0,1097.0,2022-11-01,1099.0
"Atlanta, GA",3807.0,1925.0,30.0,41.0,1811.0,2022-10-01,1882.0
"Austin, TX",3212.0,1380.0,16.0,0.0,1816.0,2022-10-01,1832.0
"Baltimore, MD",441.0,233.0,2.0,0.0,206.0,2022-10-01,208.0
"Birmingham, AL",201.0,201.0,0.0,0.0,0.0,2022-10-01,0.0
"Boston, MA",875.0,341.0,42.0,9.0,483.0,2022-10-01,534.0
"Buffalo, NY",179.0,149.0,4.0,0.0,26.0,2022-10-01,30.0
"Charlotte, NC",1924.0,1310.0,2.0,0.0,612.0,2022-10-01,614.0
"Chicago, IL",1552.0,679.0,54.0,67.0,752.0,2022-10-01,873.0
"Cincinnati, OH",538.0,348.0,20.0,38.0,132.0,2022-10-01,190.0
"Cleveland, OH",301.0,232.0,2.0,14.0,53.0,2022-10-01,69.0
"Columbus, OH",1066.0,409.0,12.0,12.0,633.0,2022-10-01,657.0
"Dallas, TX",7119.0,2545.0,54.0,44.0,4476.0,2022-10-01,4574.0
"Denver, CO",1365.0,576.0,14.0,6.0,769.0,2022-10-01,789.0
"Detroit, MI",480.0,327.0,4.0,32.0,117.0,2022-10-01,153.0
"Grand Rapids, MI",310.0,231.0,12.0,3.0,64.0,2022-10-01,79.0
"Hartford, CT",69.0,50.0,4.0,0.0,15.0,2022-10-01,19.0
"Houston, TX",6284.0,3226.0,176.0,0.0,2882.0,2022-10-01,3058.0
"Indianapolis, IN",1258.0,417.0,32.0,4.0,805.0,2022-10-01,841.0
"Jacksonville, FL",1779.0,1156.0,6.0,0.0,617.0,2022-10-01,623.0
"Kansas City, MO",699.0,317.0,52.0,7.0,323.0,2022-10-01,382.0
"Las Vegas, NV",764.0,478.0,0.0,12.0,274.0,2022-10-01,286.0
"Los Angeles, CA",2444.0,724.0,104.0,10.0,1606.0,2022-10-01,1720.0
"Louisville, KY",726.0,288.0,0.0,4.0,434.0,2022-10-01,438.0
"Memphis, TN",214.0,214.0,0.0,0.0,0.0,2022-10-01,0.0
"Miami, FL",1238.0,440.0,20.0,18.0,760.0,2022-10-01,798.0
"Milwaukee, WI",200.0,125.0,26.0,0.0,49.0,2022-10-01,75.0
"Minneapolis, MN",2109.0,716.0,24.0,13.0,1356.0,2022-10-01,1393.0
"Nashville, TN",904.0,843.0,0.0,6.0,55.0,2022-10-01,61.0
"New York, NY",2718.0,912.0,92.0,38.0,1676.0,2022-10-01,1806.0
"Oklahoma City, OK",360.0,335.0,8.0,0.0,17.0,2022-10-01,25.0
"Orlando, FL",1973.0,993.0,24.0,16.0,940.0,2022-10-01,980.0
"Philadelphia, PA",801.0,463.0,20.0,43.0,275.0,2022-10-01,338.0
"Phoenix, AZ",2875.0,1149.0,134.0,8.0,1584.0,2022-10-01,1726.0
"Pittsburgh, PA",275.0,235.0,2.0,3.0,35.0,2022-10-01,40.0
"Portland, OR",831.0,356.0,6.0,0.0,469.0,2022-10-01,475.0
"Providence, RI",137.0,117.0,14.0,6.0,0.0,2022-10-01,20.0
"Raleigh, NC",1564.0,728.0,4.0,0.0,832.0,2022-10-01,836.0
"Richmond, VA",1019.0,277.0,0.0,0.0,742.0,2022-10-01,742.0
"Riverside, CA",853.0,688.0,6.0,24.0,135.0,2022-10-01,165.0
"Sacramento, CA",555.0,533.0,22.0,0.0,0.0,2022-10-01,22.0
"Salt Lake City, UT",634.0,211.0,4.0,6.0,413.0,2022-10-01,423.0
"San Antonio, TX",1714.0,629.0,36.0,0.0,1049.0,2022-10-01,1085.0
"San Diego, CA",421.0,189.0,6.0,22.0,204.0,2022-10-01,232.0
"San Francisco, CA",709.0,220.0,4.0,11.0,474.0,2022-10-01,489.0
"San Jose, CA",196.0,113.0,0.0,4.0,79.0,2022-10-01,83.0
"Seattle, WA",1694.0,427.0,66.0,38.0,1163.0,2022-10-01,1267.0
"St. Louis, MO",715.0,315.0,24.0,4.0,372.0,2022-10-01,400.0
"Tampa, FL",2770.0,1094.0,12.0,164.0,1500.0,2022-10-01,1676.0
"Virginia Beach, VA",249.0,249.0,0.0,0.0,0.0,2022-10-01,0.0
"Washington, DC",2129.0,773.0,6.0,0.0,1350.0,2022-10-01,1356.0
"Atlanta, GA",3797.0,2051.0,6.0,29.0,1711.0,2022-09-01,1746.0
"Austin, TX",3191.0,1424.0,32.0,11.0,1724.0,2022-09-01,1767.0
"Baltimore, MD",187.0,176.0,0.0,0.0,11.0,2022-09-01,11.0
"Birmingham, AL",525.0,202.0,8.0,0.0,315.0,2022-09-01,323.0
"Boston, MA",1276.0,400.0,52.0,31.0,793.0,2022-09-01,876.0
"Buffalo, NY",163.0,139.0,4.0,0.0,20.0,2022-09-01,24.0
"Charlotte, NC",1760.0,1278.0,2.0,0.0,480.0,2022-09-01,482.0
"Chicago, IL",2081.0,630.0,44.0,66.0,1341.0,2022-09-01,1451.0
"Cincinnati, OH",433.0,271.0,16.0,12.0,134.0,2022-09-01,162.0
"Cleveland, OH",273.0,215.0,4.0,19.0,35.0,2022-09-01,58.0
"Columbus, OH",1025.0,428.0,24.0,16.0,557.0,2022-09-01,597.0
"Dallas, TX",4878.0,3252.0,42.0,39.0,1545.0,2022-09-01,1626.0
"Denver, CO",2013.0,604.0,0.0,27.0,1382.0,2022-09-01,1409.0
"Detroit, MI",588.0,395.0,2.0,21.0,170.0,2022-09-01,193.0
"Grand Rapids, MI",212.0,166.0,10.0,3.0,33.0,2022-09-01,46.0
"Hartford, CT",87.0,64.0,2.0,0.0,21.0,2022-09-01,23.0
"Houston, TX",6199.0,3147.0,54.0,0.0,2998.0,2022-09-01,3052.0
"Indianapolis, IN",1488.0,847.0,10.0,55.0,576.0,2022-09-01,641.0
"Jacksonville, FL",2178.0,1041.0,2.0,8.0,1127.0,2022-09-01,1137.0
"Kansas City, MO",1012.0,344.0,18.0,47.0,603.0,2022-09-01,668.0
"Las Vegas, NV",935.0,559.0,14.0,20.0,342.0,2022-09-01,376.0
"Los Angeles, CA",3432.0,767.0,144.0,22.0,2499.0,2022-09-01,2665.0
"Louisville, KY",317.0,264.0,6.0,0.0,47.0,2022-09-01,53.0
"Memphis, TN",562.0,268.0,0.0,0.0,294.0,2022-09-01,294.0
"Miami, FL",1894.0,558.0,26.0,4.0,1306.0,2022-09-01,1336.0
"Milwaukee, WI",300.0,132.0,18.0,0.0,150.0,2022-09-01,168.0
"Minneapolis, MN",2005.0,600.0,8.0,22.0,1375.0,2022-09-01,1405.0
"Nashville, TN",1210.0,1187.0,2.0,4.0,17.0,2022-09-01,23.0
"New York, NY",3438.0,1079.0,92.0,46.0,2221.0,2022-09-01,2359.0
"Oklahoma City, OK",398.0,356.0,24.0,0.0,18.0,2022-09-01,42.0
"Orlando, FL",2684.0,913.0,18.0,0.0,1753.0,2022-09-01,1771.0
"Philadelphia, PA",1075.0,570.0,14.0,40.0,451.0,2022-09-01,505.0
"Phoenix, AZ",3203.0,1485.0,98.0,24.0,1596.0,2022-09-01,1718.0
"Pittsburgh, PA",299.0,247.0,2.0,9.0,41.0,2022-09-01,52.0
"Portland, OR",1486.0,400.0,6.0,8.0,1072.0,2022-09-01,1086.0
"Providence, RI",226.0,155.0,30.0,20.0,21.0,2022-09-01,71.0
"Raleigh, NC",1841.0,890.0,10.0,8.0,933.0,2022-09-01,951.0
"Richmond, VA",472.0,398.0,0.0,3.0,71.0,2022-09-01,74.0
"Riverside, CA",903.0,737.0,18.0,7.0,141.0,2022-09-01,166.0
"Sacramento, CA",912.0,634.0,4.0,0.0,274.0,2022-09-01,278.0
"Salt Lake City, UT",900.0,277.0,4.0,17.0,602.0,2022-09-01,623.0
"San Antonio, TX",1784.0,637.0,2.0,3.0,1142.0,2022-09-01,1147.0
"San Diego, CA",653.0,229.0,18.0,24.0,382.0,2022-09-01,424.0
"San Francisco, CA",1599.0,241.0,8.0,3.0,1347.0,2022-09-01,1358.0
"San Jose, CA",560.0,141.0,0.0,0.0,419.0,2022-09-01,419.0
"Seattle, WA",1935.0,459.0,70.0,69.0,1337.0,2022-09-01,1476.0
"St. Louis, MO",427.0,360.0,8.0,0.0,59.0,2022-09-01,67.0
"Tampa, FL",2061.0,1075.0,6.0,25.0,955.0,2022-09-01,986.0
"Virginia Beach, VA",460.0,242.0,0.0,3.0,215.0,2022-09-01,218.0
"Washington, DC",3631.0,837.0,6.0,0.0,2788.0,2022-09-01,2794.0
"Atlanta, GA",4584.0,2182.0,16.0,47.0,2339.0,2022-08-01,2402.0
"Austin, TX",2330.0,1609.0,32.0,4.0,685.0,2022-08-01,721.0
"Baltimore, MD",212.0,186.0,0.0,0.0,26.0,2022-08-01,26.0
"Birmingham, AL",423.0,250.0,56.0,46.0,71.0,2022-08-01,173.0
"Boston, MA",857.0,334.0,28.0,35.0,460.0,2022-08-01,523.0
"Buffalo, NY",125.0,70.0,2.0,12.0,41.0,2022-08-01,55.0
"Charlotte, NC",1734.0,1348.0,10.0,0.0,376.0,2022-08-01,386.0
"Chicago, IL",1331.0,700.0,26.0,67.0,538.0,2022-08-01,631.0
"Cincinnati, OH",481.0,359.0,26.0,12.0,84.0,2022-08-01,122.0
"Cleveland, OH",286.0,266.0,8.0,7.0,5.0,2022-08-01,20.0
"Columbus, OH",1315.0,529.0,0.0,10.0,776.0,2022-08-01,786.0
"Dallas, TX",5894.0,3693.0,38.0,29.0,2134.0,2022-08-01,2201.0
"Denver, CO",1836.0,797.0,16.0,19.0,1004.0,2022-08-01,1039.0
"Detroit, MI",731.0,343.0,2.0,30.0,356.0,2022-08-01,388.0
"Grand Rapids, MI",609.0,218.0,8.0,6.0,377.0,2022-08-01,391.0
"Hartford, CT",90.0,59.0,2.0,3.0,26.0,2022-08-01,31.0
"Houston, TX",6513.0,3700.0,80.0,0.0,2733.0,2022-08-01,2813.0
"Indianapolis, IN",798.0,595.0,12.0,8.0,183.0,2022-08-01,203.0
"Jacksonville, FL",1537.0,1176.0,4.0,0.0,357.0,2022-08-01,361.0
"Kansas City, MO",1149.0,511.0,12.0,56.0,570.0,2022-08-01,638.0
"Las Vegas, NV",659.0,623.0,0.0,8.0,28.0,2022-08-01,36.0
"Los Angeles, CA",3004.0,1034.0,172.0,20.0,1778.0,2022-08-01,1970.0
"Louisville, KY",350.0,297.0,4.0,0.0,49.0,2022-08-01,53.0
"Memphis, TN",325.0,325.0,0.0,0.0,0.0,2022-08-01,0.0
"Miami, FL",1568.0,602.0,46.0,27.0,893.0,2022-08-01,966.0
"Milwaukee, WI",249.0,154.0,16.0,0.0,79.0,2022-08-01,95.0
"Minneapolis, MN",1896.0,761.0,70.0,15.0,1050.0,2022-08-01,1135.0
"Nashville, TN",1204.0,1132.0,2.0,4.0,66.0,2022-08-01,72.0
"New York, NY",4833.0,1071.0,122.0,75.0,3565.0,2022-08-01,3762.0
"Oklahoma City, OK",551.0,466.0,82.0,3.0,0.0,2022-08-01,85.0
"Orlando, FL",1670.0,1118.0,28.0,12.0,512.0,2022-08-01,552.0
"Philadelphia, PA",1011.0,628.0,48.0,61.0,274.0,2022-08-01,383.0
"Phoenix, AZ",3368.0,2060.0,102.0,9.0,1197.0,2022-08-01,1308.0
"Pittsburgh, PA",354.0,273.0,6.0,20.0,55.0,2022-08-01,81.0
"Portland, OR",1016.0,448.0,10.0,24.0,534.0,2022-08-01,568.0
"Providence, RI",186.0,140.0,12.0,19.0,15.0,2022-08-01,46.0
"Raleigh, NC",1896.0,1078.0,4.0,0.0,814.0,2022-08-01,818.0
"Richmond, VA",1062.0,406.0,12.0,3.0,641.0,2022-08-01,656.0
"Riverside, CA",1323.0,903.0,12.0,37.0,371.0,2022-08-01,420.0
"Sacramento, CA",1018.0,672.0,28.0,4.0,314.0,2022-08-01,346.0
"Salt Lake City, UT",586.0,257.0,4.0,11.0,314.0,2022-08-01,329.0
"San Antonio, TX",2939.0,681.0,10.0,0.0,2248.0,2022-08-01,2258.0
"San Diego, CA",1081.0,228.0,8.0,19.0,826.0,2022-08-01,853.0
"San Francisco, CA",725.0,315.0,20.0,12.0,378.0,2022-08-01,410.0
"San Jose, CA",1346.0,845.0,0.0,0.0,501.0,2022-08-01,501.0
"Seattle, WA",1906.0,611.0,86.0,57.0,1152.0,2022-08-01,1295.0
"St. Louis, MO",1126.0,417.0,4.0,36.0,669.0,2022-08-01,709.0
"Tampa, FL",2818.0,1288.0,10.0,20.0,1500.0,2022-08-01,1530.0
"Virginia Beach, VA",360.0,321.0,0.0,0.0,39.0,2022-08-01,39.0
"Washington, DC",3375.0,846.0,8.0,27.0,2494.0,2022-08-01,2529.0
"Atlanta, GA",4184.0,2001.0,8.0,15.0,2160.0,2022-07-01,2183.0
"Austin, TX",3611.0,1489.0,24.0,23.0,2075.0,2022-07-01,2122.0
"Baltimore, MD",387.0,163.0,0.0,3.0,221.0,2022-07-01,224.0
"Birmingham, AL",517.0,244.0,0.0,0.0,273.0,2022-07-01,273.0
"Boston, MA",1396.0,347.0,22.0,27.0,1000.0,2022-07-01,1049.0
"Buffalo, NY",110.0,77.0,0.0,13.0,20.0,2022-07-01,33.0
"Charlotte, NC",1695.0,1409.0,0.0,0.0,286.0,2022-07-01,286.0
"Chicago, IL",1207.0,660.0,8.0,35.0,504.0,2022-07-01,547.0
"Cincinnati, OH",620.0,282.0,22.0,7.0,309.0,2022-07-01,338.0
"Cleveland, OH",272.0,264.0,4.0,4.0,0.0,2022-07-01,8.0
"Columbus, OH",1313.0,528.0,0.0,19.0,766.0,2022-07-01,785.0
"Dallas, TX",8458.0,3387.0,30.0,22.0,5019.0,2022-07-01,5071.0
"Denver, CO",1910.0,663.0,10.0,19.0,1218.0,2022-07-01,1247.0
"Detroit, MI",456.0,316.0,8.0,49.0,83.0,2022-07-01,140.0
"Grand Rapids, MI",262.0,168.0,6.0,3.0,85.0,2022-07-01,94.0
"Hartford, CT",95.0,65.0,0.0,0.0,30.0,2022-07-01,30.0
"Houston, TX",6317.0,3270.0,86.0,4.0,2957.0,2022-07-01,3047.0
"Indianapolis, IN",830.0,651.0,6.0,0.0,173.0,2022-07-01,179.0
"Jacksonville, FL",1174.0,980.0,2.0,0.0,192.0,2022-07-01,194.0
"Kansas City, MO",1141.0,503.0,58.0,14.0,566.0,2022-07-01,638.0
"Las Vegas, NV",697.0,423.0,34.0,0.0,240.0,2022-07-01,274.0
"Los Angeles, CA",2052.0,818.0,124.0,43.0,1067.0,2022-07-01,1234.0
"Louisville, KY",307.0,253.0,4.0,0.0,50.0,2022-07-01,54.0
"Memphis, TN",348.0,276.0,0.0,0.0,72.0,2022-07-01,72.0
"Miami, FL",1285.0,578.0,26.0,10.0,671.0,2022-07-01,707.0
"Milwaukee, WI",491.0,134.0,24.0,0.0,333.0,2022-07-01,357.0
"Minneapolis, MN",1599.0,687.0,0.0,19.0,893.0,2022-07-01,912.0
"Nashville, TN",1197.0,1100.0,0.0,12.0,85.0,2022-07-01,97.0
"New York, NY",5281.0,1248.0,104.0,66.0,3863.0,2022-07-01,4033.0
"Oklahoma City, OK",493.0,376.0,44.0,0.0,73.0,2022-07-01,117.0
"Orlando, FL",1488.0,1212.0,26.0,3.0,247.0,2022-07-01,276.0
"Philadelphia, PA",1051.0,575.0,14.0,45.0,417.0,2022-07-01,476.0
"Phoenix, AZ",4506.0,1960.0,18.0,4.0,2524.0,2022-07-01,2546.0
"Pittsburgh, PA",360.0,266.0,4.0,9.0,81.0,2022-07-01,94.0
"Portland, OR",1578.0,393.0,10.0,10.0,1165.0,2022-07-01,1185.0
"Providence, RI",151.0,122.0,14.0,0.0,15.0,2022-07-01,29.0
"Raleigh, NC",1912.0,994.0,4.0,0.0,914.0,2022-07-01,918.0
"Richmond, VA",1277.0,476.0,8.0,3.0,790.0,2022-07-01,801.0
"Riverside, CA",1008.0,806.0,6.0,12.0,184.0,2022-07-01,202.0
"Sacramento, CA",518.0,507.0,4.0,0.0,7.0,2022-07-01,11.0
"Salt Lake City, UT",663.0,247.0,4.0,6.0,406.0,2022-07-01,416.0
"San Antonio, TX",2386.0,766.0,28.0,64.0,1528.0,2022-07-01,1620.0
"San Diego, CA",396.0,251.0,12.0,20.0,113.0,2022-07-01,145.0
"San Francisco, CA",991.0,245.0,16.0,13.0,717.0,2022-07-01,746.0
"San Jose, CA",819.0,555.0,4.0,0.0,260.0,2022-07-01,264.0
"Seattle, WA",2037.0,564.0,96.0,62.0,1315.0,2022-07-01,1473.0
"St. Louis, MO",480.0,392.0,10.0,3.0,75.0,2022-07-01,88.0
"Tampa, FL",2415.0,1268.0,8.0,68.0,1071.0,2022-07-01,1147.0
"Virginia Beach, VA",575.0,291.0,0.0,4.0,280.0,2022-07-01,284.0
"Washington, DC",2609.0,769.0,8.0,0.0,1832.0,2022-07-01,1840.0
"Atlanta, GA",3260.0,2423.0,6.0,0.0,831.0,2022-06-01,837.0
"Austin, TX",4758.0,2054.0,20.0,7.0,2677.0,2022-06-01,2704.0
"Baltimore, MD",892.0,233.0,0.0,0.0,659.0,2022-06-01,659.0
"Birmingham, AL",342.0,342.0,0.0,0.0,0.0,2022-06-01,0.0
"Boston, MA",1438.0,343.0,46.0,30.0,1019.0,2022-06-01,1095.0
"Buffalo, NY",138.0,82.0,2.0,8.0,46.0,2022-06-01,56.0
"Charlotte, NC",2097.0,1683.0,10.0,16.0,388.0,2022-06-01,414.0
"Chicago, IL",1200.0,853.0,20.0,95.0,232.0,2022-06-01,347.0
"Cincinnati, OH",562.0,409.0,48.0,26.0,79.0,2022-06-01,153.0
"Cleveland, OH",294.0,247.0,6.0,11.0,30.0,2022-06-01,47.0
"Columbus, OH",973.0,531.0,12.0,3.0,427.0,2022-06-01,442.0
"Dallas, TX",7101.0,4213.0,96.0,180.0,2612.0,2022-06-01,2888.0
"Denver, CO",2610.0,888.0,40.0,19.0,1663.0,2022-06-01,1722.0
"Detroit, MI",883.0,581.0,4.0,57.0,241.0,2022-06-01,302.0
"Grand Rapids, MI",286.0,232.0,8.0,13.0,33.0,2022-06-01,54.0
"Hartford, CT",94.0,58.0,2.0,0.0,34.0,2022-06-01,36.0
"Houston, TX",8220.0,4487.0,94.0,4.0,3635.0,2022-06-01,3733.0
"Indianapolis, IN",906.0,842.0,16.0,10.0,38.0,2022-06-01,64.0
"Jacksonville, FL",2666.0,1248.0,20.0,0.0,1398.0,2022-06-01,1418.0
"Kansas City, MO",989.0,504.0,52.0,87.0,346.0,2022-06-01,485.0
"Las Vegas, NV",1301.0,765.0,8.0,0.0,528.0,2022-06-01,536.0
"Los Angeles, CA",3030.0,995.0,160.0,32.0,1843.0,2022-06-01,2035.0
"Louisville, KY",355.0,294.0,12.0,0.0,49.0,2022-06-01,61.0
"Memphis, TN",468.0,352.0,0.0,0.0,116.0,2022-06-01,116.0
"Miami, FL",2079.0,617.0,24.0,11.0,1427.0,2022-06-01,1462.0
"Milwaukee, WI",203.0,159.0,34.0,0.0,10.0,2022-06-01,44.0
"Minneapolis, MN",2344.0,1027.0,14.0,4.0,1299.0,2022-06-01,1317.0
"Nashville, TN",1636.0,1430.0,0.0,18.0,188.0,2022-06-01,206.0
"New York, NY",6898.0,1046.0,98.0,53.0,5701.0,2022-06-01,5852.0
"Oklahoma City, OK",902.0,575.0,60.0,0.0,267.0,2022-06-01,327.0
"Orlando, FL",2081.0,1427.0,6.0,20.0,628.0,2022-06-01,654.0
"Philadelphia, PA",1217.0,631.0,44.0,30.0,512.0,2022-06-01,586.0
"Phoenix, AZ",4138.0,2248.0,74.0,102.0,1714.0,2022-06-01,1890.0
"Pittsburgh, PA",412.0,255.0,4.0,14.0,139.0,2022-06-01,157.0
"Portland, OR",1120.0,484.0,12.0,9.0,615.0,2022-06-01,636.0
"Providence, RI",175.0,138.0,20.0,0.0,17.0,2022-06-01,37.0
"Raleigh, NC",1076.0,1034.0,4.0,0.0,38.0,2022-06-01,42.0
"Richmond, VA",751.0,452.0,22.0,0.0,277.0,2022-06-01,299.0
"Riverside, CA",1518.0,1320.0,8.0,14.0,176.0,2022-06-01,198.0
"Sacramento, CA",1525.0,989.0,22.0,63.0,451.0,2022-06-01,536.0
"Salt Lake City, UT",1005.0,416.0,20.0,11.0,558.0,2022-06-01,589.0
"San Antonio, TX",2337.0,909.0,20.0,72.0,1336.0,2022-06-01,1428.0
"San Diego, CA",1556.0,362.0,4.0,60.0,1130.0,2022-06-01,1194.0
"San Francisco, CA",1263.0,294.0,8.0,10.0,951.0,2022-06-01,969.0
"San Jose, CA",590.0,175.0,4.0,4.0,407.0,2022-06-01,415.0
"Seattle, WA",3462.0,649.0,76.0,58.0,2679.0,2022-06-01,2813.0
"St. Louis, MO",639.0,415.0,4.0,4.0,216.0,2022-06-01,224.0
"Tampa, FL",3008.0,1181.0,10.0,0.0,1817.0,2022-06-01,1827.0
"Virginia Beach, VA",792.0,343.0,0.0,0.0,449.0,2022-06-01,449.0
"Washington, DC",2730.0,1114.0,10.0,0.0,1606.0,2022-06-01,1616.0
"Atlanta, GA",3373.0,2467.0,8.0,0.0,898.0,2022-05-01,906.0
"Austin, TX",4652.0,1913.0,50.0,9.0,2680.0,2022-05-01,2739.0
"Baltimore, MD",480.0,344.0,0.0,0.0,136.0,2022-05-01,136.0
"Birmingham, AL",324.0,270.0,0.0,0.0,54.0,2022-05-01,54.0
"Boston, MA",1142.0,351.0,38.0,42.0,711.0,2022-05-01,791.0
"Buffalo, NY",123.0,108.0,2.0,0.0,13.0,2022-05-01,15.0
"Charlotte, NC",3103.0,2039.0,0.0,0.0,1064.0,2022-05-01,1064.0
"Chicago, IL",1450.0,810.0,16.0,51.0,573.0,2022-05-01,640.0
"Cincinnati, OH",591.0,480.0,8.0,17.0,86.0,2022-05-01,111.0
"Cleveland, OH",298.0,254.0,4.0,40.0,0.0,2022-05-01,44.0
"Columbus, OH",590.0,502.0,8.0,3.0,77.0,2022-05-01,88.0
"Dallas, TX",6236.0,4038.0,128.0,36.0,2034.0,2022-05-01,2198.0
"Denver, CO",2208.0,989.0,42.0,62.0,1115.0,2022-05-01,1219.0
"Detroit, MI",1192.0,535.0,6.0,35.0,616.0,2022-05-01,657.0
"Grand Rapids, MI",343.0,262.0,12.0,15.0,54.0,2022-05-01,81.0
"Hartford, CT",105.0,62.0,0.0,3.0,40.0,2022-05-01,43.0
"Houston, TX",6169.0,4652.0,100.0,12.0,1405.0,2022-05-01,1517.0
"Indianapolis, IN",1153.0,1026.0,18.0,0.0,109.0,2022-05-01,127.0
"Jacksonville, FL",2243.0,1237.0,16.0,0.0,990.0,2022-05-01,1006.0
"Kansas City, MO",681.0,593.0,12.0,7.0,69.0,2022-05-01,88.0
"Las Vegas, NV",959.0,928.0,0.0,7.0,24.0,2022-05-01,31.0
"Los Angeles, CA",3241.0,950.0,142.0,45.0,2104.0,2022-05-01,2291.0
"Louisville, KY",442.0,356.0,10.0,0.0,76.0,2022-05-01,86.0
"Memphis, TN",404.0,376.0,0.0,0.0,28.0,2022-05-01,28.0
"Miami, FL",3329.0,642.0,18.0,20.0,2649.0,2022-05-01,2687.0
"Milwaukee, WI",209.0,143.0,28.0,0.0,38.0,2022-05-01,66.0
"Minneapolis, MN",3078.0,1068.0,8.0,32.0,1970.0,2022-05-01,2010.0
"Nashville, TN",1574.0,1469.0,16.0,28.0,61.0,2022-05-01,105.0
"New York, NY",3627.0,1090.0,78.0,36.0,2423.0,2022-05-01,2537.0
"Oklahoma City, OK",677.0,619.0,48.0,0.0,10.0,2022-05-01,58.0
"Orlando, FL",2313.0,1545.0,4.0,4.0,760.0,2022-05-01,768.0
"Philadelphia, PA",1246.0,737.0,70.0,62.0,377.0,2022-05-01,509.0
"Phoenix, AZ",4034.0,2752.0,148.0,8.0,1126.0,2022-05-01,1282.0
"Pittsburgh, PA",416.0,326.0,8.0,25.0,57.0,2022-05-01,90.0
"Portland, OR",961.0,651.0,28.0,7.0,275.0,2022-05-01,310.0
"Providence, RI",211.0,152.0,18.0,18.0,23.0,2022-05-01,59.0
"Raleigh, NC",1642.0,1097.0,6.0,0.0,539.0,2022-05-01,545.0
"Richmond, VA",784.0,497.0,0.0,0.0,287.0,2022-05-01,287.0
"Riverside, CA",1651.0,1434.0,14.0,42.0,161.0,2022-05-01,217.0
"Sacramento, CA",1083.0,746.0,8.0,0.0,329.0,2022-05-01,337.0
"Salt Lake City, UT",630.0,298.0,10.0,17.0,305.0,2022-05-01,332.0
"San Antonio, TX",1992.0,1064.0,24.0,0.0,904.0,2022-05-01,928.0
"San Diego, CA",706.0,466.0,10.0,55.0,175.0,2022-05-01,240.0
"San Francisco, CA",913.0,398.0,6.0,56.0,453.0,2022-05-01,515.0
"San Jose, CA",212.0,165.0,2.0,0.0,45.0,2022-05-01,47.0
"Seattle, WA",2120.0,788.0,82.0,55.0,1195.0,2022-05-01,1332.0
"St. Louis, MO",1072.0,473.0,14.0,0.0,585.0,2022-05-01,599.0
"Tampa, FL",2313.0,1603.0,10.0,0.0,700.0,2022-05-01,710.0
"Virginia Beach, VA",781.0,331.0,2.0,0.0,448.0,2022-05-01,450.0
"Washington, DC",2985.0,1118.0,6.0,0.0,1861.0,2022-05-01,1867.0
"Atlanta, GA",4317.0,2508.0,18.0,22.0,1769.0,2022-04-01,1809.0
"Austin, TX",4759.0,2105.0,22.0,11.0,2621.0,2022-04-01,2654.0
"Baltimore, MD",1001.0,274.0,0.0,0.0,727.0,2022-04-01,727.0
"Birmingham, AL",258.0,258.0,0.0,0.0,0.0,2022-04-01,0.0
"Boston, MA",1675.0,348.0,30.0,23.0,1274.0,2022-04-01,1327.0
"Buffalo, NY",122.0,87.0,2.0,0.0,33.0,2022-04-01,35.0
"Charlotte, NC",2851.0,2127.0,0.0,0.0,724.0,2022-04-01,724.0
"Chicago, IL",2015.0,937.0,38.0,86.0,954.0,2022-04-01,1078.0
"Cincinnati, OH",530.0,431.0,16.0,3.0,80.0,2022-04-01,99.0
"Cleveland, OH",347.0,345.0,2.0,0.0,0.0,2022-04-01,2.0
"Columbus, OH",761.0,581.0,8.0,3.0,169.0,2022-04-01,180.0
"Dallas, TX",7013.0,4731.0,90.0,43.0,2149.0,2022-04-01,2282.0
"Denver, CO",1795.0,1091.0,78.0,0.0,626.0,2022-04-01,704.0
"Detroit, MI",810.0,482.0,4.0,10.0,314.0,2022-04-01,328.0
"Grand Rapids, MI",282.0,234.0,6.0,4.0,38.0,2022-04-01,48.0
"Hartford, CT",107.0,66.0,8.0,3.0,30.0,2022-04-01,41.0
"Houston, TX",6446.0,4773.0,34.0,4.0,1635.0,2022-04-01,1673.0
"Indianapolis, IN",1967.0,825.0,20.0,4.0,1118.0,2022-04-01,1142.0
"Jacksonville, FL",1470.0,1281.0,2.0,3.0,184.0,2022-04-01,189.0
"Kansas City, MO",1162.0,548.0,22.0,4.0,588.0,2022-04-01,614.0
"Las Vegas, NV",1597.0,1085.0,24.0,12.0,476.0,2022-04-01,512.0
"Los Angeles, CA",2961.0,974.0,168.0,37.0,1782.0,2022-04-01,1987.0
"Louisville, KY",448.0,352.0,4.0,0.0,92.0,2022-04-01,96.0
"Memphis, TN",638.0,342.0,0.0,0.0,296.0,2022-04-01,296.0
"Miami, FL",1958.0,565.0,22.0,3.0,1368.0,2022-04-01,1393.0
"Milwaukee, WI",410.0,138.0,26.0,0.0,246.0,2022-04-01,272.0
"Minneapolis, MN",2603.0,1008.0,22.0,14.0,1559.0,2022-04-01,1595.0
"Nashville, TN",2032.0,1603.0,6.0,23.0,400.0,2022-04-01,429.0
"New York, NY",5379.0,1017.0,126.0,53.0,4183.0,2022-04-01,4362.0
"Oklahoma City, OK",723.0,675.0,44.0,4.0,0.0,2022-04-01,48.0
"Orlando, FL",3891.0,1785.0,12.0,15.0,2079.0,2022-04-01,2106.0
"Philadelphia, PA",1386.0,686.0,52.0,45.0,603.0,2022-04-01,700.0
"Phoenix, AZ",4077.0,2806.0,200.0,0.0,1071.0,2022-04-01,1271.0
"Pittsburgh, PA",389.0,291.0,8.0,14.0,76.0,2022-04-01,98.0
"Portland, OR",813.0,593.0,6.0,0.0,214.0,2022-04-01,220.0
"Providence, RI",194.0,142.0,38.0,4.0,10.0,2022-04-01,52.0
"Raleigh, NC",2193.0,1346.0,10.0,0.0,837.0,2022-04-01,847.0
"Richmond, VA",1206.0,493.0,32.0,0.0,681.0,2022-04-01,713.0
"Riverside, CA",1540.0,1314.0,22.0,29.0,175.0,2022-04-01,226.0
"Sacramento, CA",1086.0,819.0,8.0,0.0,259.0,2022-04-01,267.0
"Salt Lake City, UT",983.0,485.0,6.0,21.0,471.0,2022-04-01,498.0
"San Antonio, TX",2464.0,1357.0,6.0,0.0,1101.0,2022-04-01,1107.0
"San Diego, CA",1024.0,393.0,14.0,30.0,587.0,2022-04-01,631.0
"San Francisco, CA",889.0,407.0,18.0,3.0,461.0,2022-04-01,482.0
"San Jose, CA",342.0,216.0,2.0,0.0,124.0,2022-04-01,126.0
"Seattle, WA",2249.0,646.0,90.0,120.0,1393.0,2022-04-01,1603.0
"St. Louis, MO",835.0,440.0,8.0,7.0,380.0,2022-04-01,395.0
"Tampa, FL",1719.0,1403.0,4.0,0.0,312.0,2022-04-01,316.0
"Virginia Beach, VA",425.0,360.0,0.0,0.0,65.0,2022-04-01,65.0
"Washington, DC",1842.0,1088.0,6.0,4.0,744.0,2022-04-01,754.0
"Atlanta, GA",4419.0,2882.0,20.0,64.0,1453.0,2022-03-01,1537.0
"Austin, TX",4968.0,2424.0,26.0,34.0,2484.0,2022-03-01,2544.0
"Baltimore, MD",623.0,307.0,0.0,0.0,316.0,2022-03-01,316.0
"Birmingham, AL",721.0,386.0,2.0,0.0,333.0,2022-03-01,335.0
"Boston, MA",1448.0,416.0,38.0,35.0,959.0,2022-03-01,1032.0
"Buffalo, NY",148.0,91.0,2.0,0.0,55.0,2022-03-01,57.0
"Charlotte, NC",2418.0,2062.0,4.0,23.0,329.0,2022-03-01,356.0
"Chicago, IL",1684.0,878.0,38.0,58.0,710.0,2022-03-01,806.0
"Cincinnati, OH",729.0,455.0,46.0,51.0,177.0,2022-03-01,274.0
"Cleveland, OH",340.0,291.0,2.0,11.0,36.0,2022-03-01,49.0
"Columbus, OH",1009.0,623.0,8.0,4.0,374.0,2022-03-01,386.0
"Dallas, TX",7557.0,5097.0,42.0,98.0,2320.0,2022-03-01,2460.0
"Denver, CO",3113.0,1378.0,12.0,3.0,1720.0,2022-03-01,1735.0
"Detroit, MI",996.0,485.0,2.0,8.0,501.0,2022-03-01,511.0
"Grand Rapids, MI",382.0,253.0,2.0,28.0,99.0,2022-03-01,129.0
"Hartford, CT",120.0,66.0,0.0,0.0,54.0,2022-03-01,54.0
"Houston, TX",7879.0,5573.0,58.0,0.0,2248.0,2022-03-01,2306.0
"Indianapolis, IN",1459.0,860.0,26.0,8.0,565.0,2022-03-01,599.0
"Jacksonville, FL",2087.0,1517.0,6.0,24.0,540.0,2022-03-01,570.0
"Kansas City, MO",920.0,523.0,16.0,9.0,372.0,2022-03-01,397.0
"Las Vegas, NV",1486.0,1231.0,4.0,36.0,215.0,2022-03-01,255.0
"Los Angeles, CA",2104.0,1167.0,132.0,69.0,736.0,2022-03-01,937.0
"Louisville, KY",349.0,347.0,2.0,0.0,0.0,2022-03-01,2.0
"Memphis, TN",398.0,391.0,2.0,0.0,5.0,2022-03-01,7.0
"Miami, FL",1518.0,743.0,28.0,15.0,732.0,2022-03-01,775.0
"Milwaukee, WI",218.0,149.0,34.0,0.0,35.0,2022-03-01,69.0
"Minneapolis, MN",3225.0,1050.0,10.0,12.0,2153.0,2022-03-01,2175.0
"Nashville, TN",2143.0,2018.0,8.0,8.0,109.0,2022-03-01,125.0
"New York, NY",8465.0,1141.0,116.0,107.0,7101.0,2022-03-01,7324.0
"Oklahoma City, OK",894.0,848.0,46.0,0.0,0.0,2022-03-01,46.0
"Orlando, FL",3382.0,1878.0,26.0,8.0,1470.0,2022-03-01,1504.0
"Philadelphia, PA",1160.0,734.0,28.0,57.0,341.0,2022-03-01,426.0
"Phoenix, AZ",5436.0,3841.0,194.0,12.0,1389.0,2022-03-01,1595.0
"Pittsburgh, PA",499.0,328.0,8.0,9.0,154.0,2022-03-01,171.0
"Portland, OR",929.0,649.0,2.0,4.0,274.0,2022-03-01,280.0
"Providence, RI",153.0,137.0,16.0,0.0,0.0,2022-03-01,16.0
"Raleigh, NC",1536.0,1530.0,0.0,0.0,6.0,2022-03-01,6.0
"Richmond, VA",1472.0,506.0,12.0,0.0,954.0,2022-03-01,966.0
"Riverside, CA",1939.0,1588.0,14.0,27.0,310.0,2022-03-01,351.0
"Sacramento, CA",874.0,860.0,14.0,0.0,0.0,2022-03-01,14.0
"Salt Lake City, UT",1320.0,524.0,8.0,23.0,765.0,2022-03-01,796.0
"San Antonio, TX",2134.0,1142.0,4.0,0.0,988.0,2022-03-01,992.0
"San Diego, CA",1124.0,335.0,14.0,35.0,740.0,2022-03-01,789.0
"San Francisco, CA",730.0,432.0,8.0,7.0,283.0,2022-03-01,298.0
"San Jose, CA",993.0,227.0,0.0,0.0,766.0,2022-03-01,766.0
"Seattle, WA",2806.0,722.0,102.0,108.0,1874.0,2022-03-01,2084.0
"St. Louis, MO",797.0,491.0,10.0,14.0,282.0,2022-03-01,306.0
"Tampa, FL",1532.0,1153.0,20.0,0.0,359.0,2022-03-01,379.0
"Virginia Beach, VA",770.0,392.0,6.0,0.0,372.0,2022-03-01,378.0
"Washington, DC",3735.0,1495.0,16.0,3.0,2221.0,2022-03-01,2240.0
"Atlanta, GA",4075.0,2563.0,4.0,41.0,1467.0,2022-02-01,1512.0
"Austin, TX",2855.0,1811.0,42.0,19.0,983.0,2022-02-01,1044.0
"Baltimore, MD",767.0,226.0,0.0,0.0,541.0,2022-02-01,541.0
"Birmingham, AL",264.0,264.0,0.0,0.0,0.0,2022-02-01,0.0
"Boston, MA",1894.0,344.0,32.0,28.0,1490.0,2022-02-01,1550.0
"Buffalo, NY",109.0,73.0,2.0,0.0,34.0,2022-02-01,36.0
"Charlotte, NC",2820.0,1968.0,10.0,8.0,834.0,2022-02-01,852.0
"Chicago, IL",856.0,579.0,14.0,50.0,213.0,2022-02-01,277.0
"Cincinnati, OH",360.0,328.0,20.0,0.0,12.0,2022-02-01,32.0
"Cleveland, OH",357.0,190.0,0.0,0.0,167.0,2022-02-01,167.0
"Columbus, OH",859.0,423.0,8.0,0.0,428.0,2022-02-01,436.0
"Dallas, TX",5984.0,3868.0,78.0,27.0,2011.0,2022-02-01,2116.0
"Denver, CO",2685.0,1155.0,98.0,19.0,1413.0,2022-02-01,1530.0
"Detroit, MI",706.0,370.0,8.0,29.0,299.0,2022-02-01,336.0
"Grand Rapids, MI",214.0,171.0,2.0,7.0,34.0,2022-02-01,43.0
"Hartford, CT",82.0,48.0,4.0,0.0,30.0,2022-02-01,34.0
"Houston, TX",6678.0,4993.0,40.0,0.0,1645.0,2022-02-01,1685.0
"Indianapolis, IN",1099.0,759.0,18.0,3.0,319.0,2022-02-01,340.0
"Jacksonville, FL",2168.0,1392.0,4.0,0.0,772.0,2022-02-01,776.0
"Kansas City, MO",812.0,456.0,8.0,7.0,341.0,2022-02-01,356.0
"Las Vegas, NV",1285.0,1240.0,4.0,23.0,18.0,2022-02-01,45.0
"Los Angeles, CA",2824.0,889.0,110.0,25.0,1800.0,2022-02-01,1935.0
"Louisville, KY",356.0,345.0,6.0,0.0,5.0,2022-02-01,11.0
"Memphis, TN",329.0,329.0,0.0,0.0,0.0,2022-02-01,0.0
"Miami, FL",1440.0,622.0,28.0,20.0,770.0,2022-02-01,818.0
"Milwaukee, WI",268.0,134.0,24.0,0.0,110.0,2022-02-01,134.0
"Minneapolis, MN",1963.0,698.0,8.0,18.0,1239.0,2022-02-01,1265.0
"Nashville, TN",1539.0,1440.0,4.0,12.0,83.0,2022-02-01,99.0
"New York, NY",4018.0,1071.0,98.0,50.0,2799.0,2022-02-01,2947.0
"Oklahoma City, OK",644.0,612.0,32.0,0.0,0.0,2022-02-01,32.0
"Orlando, FL",1932.0,1397.0,14.0,40.0,481.0,2022-02-01,535.0
"Philadelphia, PA",975.0,621.0,10.0,29.0,315.0,2022-02-01,354.0
"Phoenix, AZ",4194.0,3155.0,206.0,53.0,780.0,2022-02-01,1039.0
"Pittsburgh, PA",335.0,265.0,2.0,3.0,65.0,2022-02-01,70.0
"Portland, OR",1274.0,618.0,10.0,8.0,638.0,2022-02-01,656.0
"Providence, RI",145.0,113.0,18.0,3.0,11.0,2022-02-01,32.0
"Raleigh, NC",1737.0,1358.0,0.0,0.0,379.0,2022-02-01,379.0
"Richmond, VA",775.0,382.0,4.0,0.0,389.0,2022-02-01,393.0
"Riverside, CA",1231.0,938.0,4.0,0.0,289.0,2022-02-01,293.0
"Sacramento, CA",936.0,746.0,10.0,32.0,148.0,2022-02-01,190.0
"Salt Lake City, UT",953.0,401.0,12.0,31.0,509.0,2022-02-01,552.0
"San Antonio, TX",1314.0,983.0,16.0,44.0,271.0,2022-02-01,331.0
"San Diego, CA",595.0,298.0,0.0,39.0,258.0,2022-02-01,297.0
"San Francisco, CA",713.0,306.0,12.0,11.0,384.0,2022-02-01,407.0
"San Jose, CA",250.0,175.0,0.0,0.0,75.0,2022-02-01,75.0
"Seattle, WA",2307.0,638.0,46.0,75.0,1548.0,2022-02-01,1669.0
"St. Louis, MO",447.0,297.0,4.0,0.0,146.0,2022-02-01,150.0
"Tampa, FL",1729.0,1127.0,6.0,0.0,596.0,2022-02-01,602.0
"Virginia Beach, VA",561.0,378.0,0.0,0.0,183.0,2022-02-01,183.0
"Washington, DC",1935.0,1183.0,2.0,0.0,750.0,2022-02-01,752.0
"Atlanta, GA",2836.0,2272.0,10.0,21.0,533.0,2022-01-01,564.0
"Austin, TX",3935.0,2000.0,32.0,6.0,1897.0,2022-01-01,1935.0
"Baltimore, MD",772.0,338.0,0.0,0.0,434.0,2022-01-01,434.0
"Birmingham, AL",270.0,270.0,0.0,0.0,0.0,2022-01-01,0.0
"Boston, MA",903.0,332.0,24.0,19.0,528.0,2022-01-01,571.0
"Buffalo, NY",92.0,65.0,6.0,0.0,21.0,2022-01-01,27.0
"Charlotte, NC",3225.0,1638.0,10.0,0.0,1577.0,2022-01-01,1587.0
"Chicago, IL",994.0,475.0,14.0,50.0,455.0,2022-01-01,519.0
"Cincinnati, OH",528.0,316.0,18.0,0.0,194.0,2022-01-01,212.0
"Cleveland, OH",185.0,175.0,2.0,3.0,5.0,2022-01-01,10.0
"Columbus, OH",1027.0,411.0,2.0,4.0,610.0,2022-01-01,616.0
"Dallas, TX",6861.0,4026.0,28.0,60.0,2747.0,2022-01-01,2835.0
"Denver, CO",1555.0,1034.0,66.0,7.0,448.0,2022-01-01,521.0
"Detroit, MI",423.0,357.0,6.0,7.0,53.0,2022-01-01,66.0
"Grand Rapids, MI",224.0,170.0,12.0,3.0,39.0,2022-01-01,54.0
"Hartford, CT",65.0,44.0,0.0,0.0,21.0,2022-01-01,21.0
"Houston, TX",5917.0,4469.0,66.0,0.0,1382.0,2022-01-01,1448.0
"Indianapolis, IN",1505.0,880.0,20.0,3.0,602.0,2022-01-01,625.0
"Jacksonville, FL",2991.0,1372.0,0.0,0.0,1619.0,2022-01-01,1619.0
"Kansas City, MO",1433.0,485.0,10.0,34.0,904.0,2022-01-01,948.0
"Las Vegas, NV",2125.0,1087.0,0.0,52.0,986.0,2022-01-01,1038.0
"Los Angeles, CA",1820.0,898.0,146.0,25.0,751.0,2022-01-01,922.0
"Louisville, KY",346.0,333.0,8.0,0.0,5.0,2022-01-01,13.0
"Memphis, TN",368.0,363.0,0.0,0.0,5.0,2022-01-01,5.0
"Miami, FL",1709.0,561.0,18.0,19.0,1111.0,2022-01-01,1148.0
"Milwaukee, WI",269.0,101.0,16.0,0.0,152.0,2022-01-01,168.0
"Minneapolis, MN",1221.0,654.0,4.0,19.0,544.0,2022-01-01,567.0
"Nashville, TN",2613.0,1370.0,2.0,22.0,1219.0,2022-01-01,1243.0
"New York, NY",4663.0,988.0,116.0,36.0,3523.0,2022-01-01,3675.0
"Oklahoma City, OK",595.0,565.0,30.0,0.0,0.0,2022-01-01,30.0
"Orlando, FL",2761.0,1582.0,2.0,24.0,1153.0,2022-01-01,1179.0
"Philadelphia, PA",1056.0,757.0,18.0,6.0,275.0,2022-01-01,299.0
"Phoenix, AZ",4548.0,2986.0,162.0,7.0,1393.0,2022-01-01,1562.0
"Pittsburgh, PA",368.0,289.0,6.0,7.0,66.0,2022-01-01,79.0
"Portland, OR",830.0,536.0,4.0,18.0,272.0,2022-01-01,294.0
"Providence, RI",152.0,122.0,16.0,4.0,10.0,2022-01-01,30.0
"Raleigh, NC",1687.0,1111.0,0.0,0.0,576.0,2022-01-01,576.0
"Richmond, VA",483.0,335.0,38.0,0.0,110.0,2022-01-01,148.0
"Riverside, CA",1048.0,976.0,6.0,12.0,54.0,2022-01-01,72.0
"Sacramento, CA",729.0,633.0,8.0,12.0,76.0,2022-01-01,96.0
"Salt Lake City, UT",1161.0,443.0,2.0,7.0,709.0,2022-01-01,718.0
"San Antonio, TX",2619.0,1042.0,34.0,0.0,1543.0,2022-01-01,1577.0
"San Diego, CA",759.0,322.0,18.0,35.0,384.0,2022-01-01,437.0
"San Francisco, CA",1087.0,298.0,6.0,6.0,777.0,2022-01-01,789.0
"San Jose, CA",253.0,170.0,2.0,0.0,81.0,2022-01-01,83.0
"Seattle, WA",1904.0,620.0,92.0,65.0,1127.0,2022-01-01,1284.0
"St. Louis, MO",978.0,366.0,26.0,3.0,583.0,2022-01-01,612.0
"Tampa, FL",1546.0,1472.0,6.0,0.0,68.0,2022-01-01,74.0
"Virginia Beach, VA",333.0,315.0,0.0,4.0,14.0,2022-01-01,18.0
"Washington, DC",2378.0,976.0,6.0,0.0,1396.0,2022-01-01,1402.0
"Atlanta, GA",3460.0,2190.0,6.0,13.0,1251.0,2021-12-01,1270.0
"Austin, TX",4716.0,2101.0,54.0,58.0,2503.0,2021-12-01,2615.0
"Baltimore, MD",594.0,371.0,0.0,4.0,219.0,2021-12-01,223.0
"Birmingham, AL",203.0,203.0,0.0,0.0,0.0,2021-12-01,0.0
"Boston, MA",2462.0,420.0,48.0,34.0,1960.0,2021-12-01,2042.0
"Buffalo, NY",129.0,48.0,6.0,4.0,71.0,2021-12-01,81.0
"Charlotte, NC",1789.0,1336.0,6.0,3.0,444.0,2021-12-01,453.0
"Chicago, IL",935.0,634.0,22.0,54.0,225.0,2021-12-01,301.0
"Cincinnati, OH",577.0,413.0,14.0,0.0,150.0,2021-12-01,164.0
"Cleveland, OH",213.0,203.0,2.0,3.0,5.0,2021-12-01,10.0
"Columbus, OH",1022.0,439.0,4.0,18.0,561.0,2021-12-01,583.0
"Dallas, TX",4304.0,3323.0,44.0,116.0,821.0,2021-12-01,981.0
"Denver, CO",3480.0,1061.0,62.0,26.0,2331.0,2021-12-01,2419.0
"Detroit, MI",595.0,316.0,6.0,19.0,254.0,2021-12-01,279.0
"Grand Rapids, MI",189.0,123.0,6.0,15.0,45.0,2021-12-01,66.0
"Hartford, CT",168.0,89.0,2.0,0.0,77.0,2021-12-01,79.0
"Houston, TX",6885.0,4067.0,64.0,0.0,2754.0,2021-12-01,2818.0
"Indianapolis, IN",1516.0,790.0,20.0,4.0,702.0,2021-12-01,726.0
"Jacksonville, FL",1611.0,1531.0,8.0,0.0,72.0,2021-12-01,80.0
"Kansas City, MO",1010.0,656.0,34.0,35.0,285.0,2021-12-01,354.0
"Las Vegas, NV",1211.0,1131.0,10.0,40.0,30.0,2021-12-01,80.0
"Los Angeles, CA",2474.0,785.0,102.0,37.0,1550.0,2021-12-01,1689.0
"Louisville, KY",536.0,377.0,10.0,0.0,149.0,2021-12-01,159.0
"Memphis, TN",362.0,348.0,2.0,12.0,0.0,2021-12-01,14.0
"Miami, FL",3520.0,598.0,38.0,47.0,2837.0,2021-12-01,2922.0
"Milwaukee, WI",190.0,124.0,12.0,0.0,54.0,2021-12-01,66.0
"Minneapolis, MN",2256.0,918.0,24.0,7.0,1307.0,2021-12-01,1338.0
"Nashville, TN",3120.0,1247.0,2.0,8.0,1863.0,2021-12-01,1873.0
"New York, NY",6145.0,1217.0,124.0,123.0,4681.0,2021-12-01,4928.0
"Oklahoma City, OK",649.0,600.0,22.0,0.0,27.0,2021-12-01,49.0
"Orlando, FL",1667.0,1457.0,4.0,32.0,174.0,2021-12-01,210.0
"Philadelphia, PA",11888.0,1153.0,178.0,300.0,10257.0,2021-12-01,10735.0
"Phoenix, AZ",4918.0,2603.0,98.0,58.0,2159.0,2021-12-01,2315.0
"Pittsburgh, PA",241.0,120.0,2.0,3.0,116.0,2021-12-01,121.0
"Portland, OR",961.0,516.0,4.0,13.0,428.0,2021-12-01,445.0
"Providence, RI",217.0,159.0,32.0,8.0,18.0,2021-12-01,58.0
"Raleigh, NC",1114.0,972.0,0.0,0.0,142.0,2021-12-01,142.0
"Richmond, VA",758.0,395.0,60.0,0.0,303.0,2021-12-01,363.0
"Riverside, CA",1337.0,829.0,18.0,42.0,448.0,2021-12-01,508.0
"Sacramento, CA",1235.0,675.0,6.0,0.0,554.0,2021-12-01,560.0
"Salt Lake City, UT",1035.0,440.0,8.0,19.0,568.0,2021-12-01,595.0
"San Antonio, TX",1121.0,789.0,16.0,0.0,316.0,2021-12-01,332.0
"San Diego, CA",1034.0,255.0,12.0,30.0,737.0,2021-12-01,779.0
"San Francisco, CA",1592.0,274.0,16.0,18.0,1284.0,2021-12-01,1318.0
"San Jose, CA",812.0,179.0,4.0,0.0,629.0,2021-12-01,633.0
"Seattle, WA",3124.0,678.0,54.0,42.0,2350.0,2021-12-01,2446.0
"St. Louis, MO",1019.0,465.0,26.0,0.0,528.0,2021-12-01,554.0
"Tampa, FL",1978.0,1350.0,4.0,0.0,624.0,2021-12-01,628.0
"Virginia Beach, VA",393.0,343.0,4.0,7.0,39.0,2021-12-01,50.0
"Washington, DC",2372.0,951.0,2.0,4.0,1415.0,2021-12-01,1421.0
"Atlanta, GA",3186.0,2117.0,2.0,0.0,1067.0,2021-11-01,1069.0
"Austin, TX",3375.0,1480.0,20.0,33.0,1842.0,2021-11-01,1895.0
"Baltimore, MD",457.0,274.0,0.0,0.0,183.0,2021-11-01,183.0
"Birmingham, AL",222.0,220.0,2.0,0.0,0.0,2021-11-01,2.0
"Boston, MA",936.0,378.0,58.0,41.0,459.0,2021-11-01,558.0
"Buffalo, NY",110.0,72.0,8.0,0.0,30.0,2021-11-01,38.0
"Charlotte, NC",1595.0,1354.0,2.0,0.0,239.0,2021-11-01,241.0
"Chicago, IL",1276.0,726.0,22.0,52.0,476.0,2021-11-01,550.0
"Cincinnati, OH",768.0,388.0,4.0,8.0,368.0,2021-11-01,380.0
"Cleveland, OH",241.0,213.0,0.0,4.0,24.0,2021-11-01,28.0
"Columbus, OH",1316.0,480.0,12.0,3.0,821.0,2021-11-01,836.0
"Dallas, TX",5805.0,3523.0,36.0,22.0,2224.0,2021-11-01,2282.0
"Denver, CO",2500.0,1072.0,26.0,14.0,1388.0,2021-11-01,1428.0
"Detroit, MI",852.0,462.0,14.0,4.0,372.0,2021-11-01,390.0
"Grand Rapids, MI",170.0,123.0,0.0,19.0,28.0,2021-11-01,47.0
"Hartford, CT",104.0,62.0,16.0,0.0,26.0,2021-11-01,42.0
"Houston, TX",4474.0,3887.0,40.0,0.0,547.0,2021-11-01,587.0
"Indianapolis, IN",1130.0,730.0,4.0,0.0,396.0,2021-11-01,400.0
"Jacksonville, FL",1203.0,1141.0,62.0,0.0,0.0,2021-11-01,62.0
"Kansas City, MO",983.0,541.0,26.0,58.0,358.0,2021-11-01,442.0
"Las Vegas, NV",1732.0,1009.0,48.0,36.0,639.0,2021-11-01,723.0
"Los Angeles, CA",2083.0,762.0,144.0,50.0,1127.0,2021-11-01,1321.0
"Louisville, KY",375.0,362.0,4.0,4.0,5.0,2021-11-01,13.0
"Memphis, TN",311.0,306.0,0.0,0.0,5.0,2021-11-01,5.0
"Miami, FL",2006.0,516.0,20.0,8.0,1462.0,2021-11-01,1490.0
"Milwaukee, WI",163.0,114.0,44.0,0.0,5.0,2021-11-01,49.0
"Minneapolis, MN",1428.0,853.0,6.0,23.0,546.0,2021-11-01,575.0
"Nashville, TN",2725.0,1279.0,4.0,6.0,1436.0,2021-11-01,1446.0
"New York, NY",6070.0,1022.0,152.0,85.0,4811.0,2021-11-01,5048.0
"Oklahoma City, OK",568.0,544.0,24.0,0.0,0.0,2021-11-01,24.0
"Orlando, FL",1605.0,1174.0,8.0,25.0,398.0,2021-11-01,431.0
"Philadelphia, PA",1437.0,606.0,44.0,64.0,723.0,2021-11-01,831.0
"Phoenix, AZ",4306.0,2545.0,144.0,19.0,1598.0,2021-11-01,1761.0
"Pittsburgh, PA",157.0,109.0,0.0,3.0,45.0,2021-11-01,48.0
"Portland, OR",1195.0,496.0,10.0,35.0,654.0,2021-11-01,699.0
"Providence, RI",249.0,155.0,30.0,3.0,61.0,2021-11-01,94.0
"Raleigh, NC",2565.0,1030.0,0.0,0.0,1535.0,2021-11-01,1535.0
"Richmond, VA",1117.0,364.0,14.0,0.0,739.0,2021-11-01,753.0
"Riverside, CA",1179.0,867.0,40.0,16.0,256.0,2021-11-01,312.0
"Sacramento, CA",897.0,694.0,14.0,28.0,161.0,2021-11-01,203.0
"Salt Lake City, UT",829.0,280.0,10.0,29.0,510.0,2021-11-01,549.0
"San Antonio, TX",1518.0,872.0,14.0,0.0,632.0,2021-11-01,646.0
"San Diego, CA",494.0,258.0,10.0,58.0,168.0,2021-11-01,236.0
"San Francisco, CA",1192.0,314.0,8.0,3.0,867.0,2021-11-01,878.0
"San Jose, CA",298.0,185.0,2.0,0.0,111.0,2021-11-01,113.0
"Seattle, WA",3283.0,562.0,54.0,60.0,2607.0,2021-11-01,2721.0
"St. Louis, MO",555.0,439.0,28.0,11.0,77.0,2021-11-01,116.0
"Tampa, FL",1567.0,1307.0,4.0,0.0,256.0,2021-11-01,260.0
"Virginia Beach, VA",610.0,300.0,0.0,12.0,298.0,2021-11-01,310.0
"Washington, DC",2001.0,891.0,0.0,0.0,1110.0,2021-11-01,1110.0
"Atlanta, GA",2763.0,2314.0,6.0,16.0,427.0,2021-10-01,449.0
"Austin, TX",3497.0,1677.0,30.0,7.0,1783.0,2021-10-01,1820.0
"Baltimore, MD",494.0,347.0,0.0,0.0,147.0,2021-10-01,147.0
"Birmingham, AL",293.0,291.0,2.0,0.0,0.0,2021-10-01,2.0
"Boston, MA",962.0,376.0,64.0,17.0,505.0,2021-10-01,586.0
"Buffalo, NY",117.0,78.0,6.0,3.0,30.0,2021-10-01,39.0
"Charlotte, NC",3149.0,1543.0,4.0,0.0,1602.0,2021-10-01,1606.0
"Chicago, IL",2327.0,714.0,12.0,70.0,1531.0,2021-10-01,1613.0
"Cincinnati, OH",1042.0,399.0,0.0,10.0,633.0,2021-10-01,643.0
"Cleveland, OH",461.0,252.0,10.0,33.0,166.0,2021-10-01,209.0
"Columbus, OH",763.0,470.0,4.0,7.0,282.0,2021-10-01,293.0
"Dallas, TX",4491.0,3724.0,46.0,4.0,717.0,2021-10-01,767.0
"Denver, CO",2297.0,991.0,72.0,0.0,1234.0,2021-10-01,1306.0
"Detroit, MI",570.0,417.0,6.0,27.0,120.0,2021-10-01,153.0
"Grand Rapids, MI",204.0,140.0,6.0,10.0,48.0,2021-10-01,64.0
"Hartford, CT",158.0,64.0,20.0,0.0,74.0,2021-10-01,94.0
"Houston, TX",5052.0,4080.0,68.0,10.0,894.0,2021-10-01,972.0
"Indianapolis, IN",990.0,816.0,16.0,0.0,158.0,2021-10-01,174.0
"Jacksonville, FL",2059.0,1083.0,8.0,3.0,965.0,2021-10-01,976.0
"Kansas City, MO",848.0,607.0,30.0,152.0,59.0,2021-10-01,241.0
"Las Vegas, NV",1252.0,932.0,0.0,64.0,256.0,2021-10-01,320.0
"Los Angeles, CA",2744.0,1067.0,94.0,54.0,1529.0,2021-10-01,1677.0
"Louisville, KY",350.0,324.0,10.0,3.0,13.0,2021-10-01,26.0
"Memphis, TN",561.0,343.0,0.0,8.0,210.0,2021-10-01,218.0
"Miami, FL",1397.0,602.0,42.0,20.0,733.0,2021-10-01,795.0
"Milwaukee, WI",281.0,143.0,4.0,0.0,134.0,2021-10-01,138.0
"Minneapolis, MN",2986.0,972.0,10.0,34.0,1970.0,2021-10-01,2014.0
"Nashville, TN",2024.0,1254.0,0.0,3.0,767.0,2021-10-01,770.0
"New York, NY",4261.0,1114.0,124.0,77.0,2946.0,2021-10-01,3147.0
"Oklahoma City, OK",612.0,592.0,16.0,4.0,0.0,2021-10-01,20.0
"Orlando, FL",3117.0,1543.0,4.0,8.0,1562.0,2021-10-01,1574.0
"Philadelphia, PA",1233.0,705.0,32.0,55.0,441.0,2021-10-01,528.0
"Phoenix, AZ",4029.0,2449.0,184.0,35.0,1361.0,2021-10-01,1580.0
"Pittsburgh, PA",138.0,95.0,2.0,3.0,38.0,2021-10-01,43.0
"Portland, OR",1284.0,581.0,8.0,37.0,658.0,2021-10-01,703.0
"Providence, RI",170.0,134.0,16.0,10.0,10.0,2021-10-01,36.0
"Raleigh, NC",1672.0,1065.0,2.0,0.0,605.0,2021-10-01,607.0
"Richmond, VA",860.0,535.0,36.0,0.0,289.0,2021-10-01,325.0
"Riverside, CA",1990.0,914.0,24.0,26.0,1026.0,2021-10-01,1076.0
"Sacramento, CA",846.0,752.0,38.0,0.0,56.0,2021-10-01,94.0
"Salt Lake City, UT",704.0,294.0,6.0,14.0,390.0,2021-10-01,410.0
"San Antonio, TX",1723.0,1085.0,0.0,0.0,638.0,2021-10-01,638.0
"San Diego, CA",922.0,299.0,10.0,58.0,555.0,2021-10-01,623.0
"San Francisco, CA",920.0,326.0,36.0,11.0,547.0,2021-10-01,594.0
"San Jose, CA",261.0,135.0,0.0,0.0,126.0,2021-10-01,126.0
"Seattle, WA",2950.0,667.0,48.0,37.0,2198.0,2021-10-01,2283.0
"St. Louis, MO",791.0,453.0,18.0,3.0,317.0,2021-10-01,338.0
"Tampa, FL",1394.0,1133.0,4.0,0.0,257.0,2021-10-01,261.0
"Virginia Beach, VA",501.0,373.0,0.0,0.0,128.0,2021-10-01,128.0
"Washington, DC",1707.0,906.0,2.0,0.0,799.0,2021-10-01,801.0
"Atlanta, GA",3251.0,2270.0,8.0,10.0,963.0,2021-09-01,981.0
"Austin, TX",2481.0,1829.0,48.0,0.0,604.0,2021-09-01,652.0
"Baltimore, MD",836.0,381.0,0.0,0.0,455.0,2021-09-01,455.0
"Birmingham, AL",245.0,232.0,0.0,0.0,13.0,2021-09-01,13.0
"Boston, MA",1710.0,385.0,16.0,18.0,1291.0,2021-09-01,1325.0
"Buffalo, NY",115.0,92.0,4.0,0.0,19.0,2021-09-01,23.0
"Charlotte, NC",2493.0,1539.0,4.0,3.0,947.0,2021-09-01,954.0
"Chicago, IL",1457.0,865.0,22.0,112.0,458.0,2021-09-01,592.0
"Cincinnati, OH",516.0,425.0,0.0,6.0,85.0,2021-09-01,91.0
"Cleveland, OH",230.0,222.0,2.0,6.0,0.0,2021-09-01,8.0
"Columbus, OH",1153.0,531.0,6.0,4.0,612.0,2021-09-01,622.0
"Dallas, TX",5603.0,3345.0,38.0,62.0,2158.0,2021-09-01,2258.0
"Denver, CO",2761.0,1057.0,32.0,12.0,1660.0,2021-09-01,1704.0
"Detroit, MI",608.0,408.0,30.0,13.0,157.0,2021-09-01,200.0
"Grand Rapids, MI",207.0,161.0,0.0,3.0,43.0,2021-09-01,46.0
"Hartford, CT",104.0,85.0,0.0,0.0,19.0,2021-09-01,19.0
"Houston, TX",4790.0,3889.0,70.0,37.0,794.0,2021-09-01,901.0
"Indianapolis, IN",899.0,732.0,28.0,24.0,115.0,2021-09-01,167.0
"Jacksonville, FL",1561.0,1325.0,8.0,0.0,228.0,2021-09-01,236.0
"Kansas City, MO",1245.0,471.0,52.0,34.0,688.0,2021-09-01,774.0
"Las Vegas, NV",1125.0,948.0,18.0,54.0,105.0,2021-09-01,177.0
"Los Angeles, CA",2430.0,947.0,90.0,57.0,1336.0,2021-09-01,1483.0
"Louisville, KY",557.0,320.0,4.0,3.0,230.0,2021-09-01,237.0
"Memphis, TN",379.0,374.0,0.0,0.0,5.0,2021-09-01,5.0
"Miami, FL",2279.0,694.0,18.0,3.0,1564.0,2021-09-01,1585.0
"Milwaukee, WI",212.0,136.0,22.0,0.0,54.0,2021-09-01,76.0
"Minneapolis, MN",2505.0,846.0,32.0,23.0,1604.0,2021-09-01,1659.0
"Nashville, TN",1782.0,1176.0,64.0,11.0,531.0,2021-09-01,606.0
"New York, NY",3423.0,1086.0,156.0,76.0,2105.0,2021-09-01,2337.0
"Oklahoma City, OK",549.0,539.0,10.0,0.0,0.0,2021-09-01,10.0
"Orlando, FL",2756.0,1408.0,4.0,20.0,1324.0,2021-09-01,1348.0
"Philadelphia, PA",1235.0,634.0,28.0,58.0,515.0,2021-09-01,601.0
"Phoenix, AZ",3280.0,2325.0,54.0,3.0,898.0,2021-09-01,955.0
"Pittsburgh, PA",137.0,92.0,6.0,0.0,39.0,2021-09-01,45.0
"Portland, OR",1336.0,683.0,24.0,11.0,618.0,2021-09-01,653.0
"Providence, RI",147.0,128.0,14.0,0.0,5.0,2021-09-01,19.0
"Raleigh, NC",2218.0,1081.0,0.0,0.0,1137.0,2021-09-01,1137.0
"Richmond, VA",550.0,418.0,38.0,0.0,94.0,2021-09-01,132.0
"Riverside, CA",1153.0,951.0,18.0,22.0,162.0,2021-09-01,202.0
"Sacramento, CA",931.0,628.0,2.0,6.0,295.0,2021-09-01,303.0
"Salt Lake City, UT",1092.0,302.0,66.0,17.0,707.0,2021-09-01,790.0
"San Antonio, TX",1492.0,1061.0,2.0,4.0,425.0,2021-09-01,431.0
"San Diego, CA",685.0,287.0,8.0,26.0,364.0,2021-09-01,398.0
"San Francisco, CA",1291.0,352.0,36.0,9.0,894.0,2021-09-01,939.0
"San Jose, CA",202.0,128.0,8.0,4.0,62.0,2021-09-01,74.0
"Seattle, WA",1598.0,671.0,56.0,92.0,779.0,2021-09-01,927.0
"St. Louis, MO",586.0,472.0,8.0,3.0,103.0,2021-09-01,114.0
"Tampa, FL",2025.0,1838.0,2.0,3.0,182.0,2021-09-01,187.0
"Virginia Beach, VA",327.0,311.0,8.0,8.0,0.0,2021-09-01,16.0
"Washington, DC",2341.0,1041.0,2.0,0.0,1298.0,2021-09-01,1300.0
"Atlanta, GA",3432.0,2409.0,8.0,3.0,1012.0,2021-08-01,1023.0
"Austin, TX",5320.0,1947.0,44.0,6.0,3323.0,2021-08-01,3373.0
"Baltimore, MD",911.0,372.0,0.0,0.0,539.0,2021-08-01,539.0
"Birmingham, AL",266.0,266.0,0.0,0.0,0.0,2021-08-01,0.0
"Boston, MA",1088.0,427.0,40.0,37.0,584.0,2021-08-01,661.0
"Buffalo, NY",159.0,81.0,0.0,8.0,70.0,2021-08-01,78.0
"Charlotte, NC",2818.0,1623.0,8.0,0.0,1187.0,2021-08-01,1195.0
"Chicago, IL",1535.0,967.0,22.0,58.0,488.0,2021-08-01,568.0
"Cincinnati, OH",608.0,386.0,4.0,0.0,218.0,2021-08-01,222.0
"Cleveland, OH",265.0,261.0,0.0,4.0,0.0,2021-08-01,4.0
"Columbus, OH",1733.0,511.0,6.0,3.0,1213.0,2021-08-01,1222.0
"Dallas, TX",5464.0,3389.0,36.0,62.0,1977.0,2021-08-01,2075.0
"Denver, CO",3171.0,1109.0,48.0,27.0,1987.0,2021-08-01,2062.0
"Detroit, MI",616.0,501.0,6.0,10.0,99.0,2021-08-01,115.0
"Grand Rapids, MI",286.0,174.0,8.0,3.0,101.0,2021-08-01,112.0
"Hartford, CT",111.0,66.0,2.0,0.0,43.0,2021-08-01,45.0
"Houston, TX",6991.0,4202.0,42.0,0.0,2747.0,2021-08-01,2789.0
"Indianapolis, IN",946.0,660.0,24.0,7.0,255.0,2021-08-01,286.0
"Jacksonville, FL",2605.0,1429.0,14.0,32.0,1130.0,2021-08-01,1176.0
"Kansas City, MO",727.0,516.0,4.0,0.0,207.0,2021-08-01,211.0
"Las Vegas, NV",1588.0,1280.0,8.0,14.0,286.0,2021-08-01,308.0
"Los Angeles, CA",2430.0,954.0,82.0,51.0,1343.0,2021-08-01,1476.0
"Louisville, KY",512.0,335.0,4.0,0.0,173.0,2021-08-01,177.0
"Memphis, TN",335.0,330.0,0.0,0.0,5.0,2021-08-01,5.0
"Miami, FL",2529.0,688.0,26.0,9.0,1806.0,2021-08-01,1841.0
"Milwaukee, WI",618.0,136.0,34.0,0.0,448.0,2021-08-01,482.0
"Minneapolis, MN",1973.0,988.0,28.0,15.0,942.0,2021-08-01,985.0
"Nashville, TN",2764.0,1517.0,10.0,0.0,1237.0,2021-08-01,1247.0
"New York, NY",5046.0,1189.0,82.0,173.0,3602.0,2021-08-01,3857.0
"Oklahoma City, OK",735.0,700.0,24.0,0.0,11.0,2021-08-01,35.0
"Orlando, FL",4247.0,1742.0,30.0,62.0,2413.0,2021-08-01,2505.0
"Philadelphia, PA",1384.0,747.0,56.0,48.0,533.0,2021-08-01,637.0
"Phoenix, AZ",3870.0,2789.0,88.0,46.0,947.0,2021-08-01,1081.0
"Pittsburgh, PA",174.0,125.0,2.0,3.0,44.0,2021-08-01,49.0
"Portland, OR",1398.0,780.0,16.0,65.0,537.0,2021-08-01,618.0
"Providence, RI",204.0,141.0,26.0,7.0,30.0,2021-08-01,63.0
"Raleigh, NC",1713.0,1267.0,2.0,0.0,444.0,2021-08-01,446.0
"Richmond, VA",1201.0,397.0,40.0,3.0,761.0,2021-08-01,804.0
"Riverside, CA",1211.0,1021.0,22.0,15.0,153.0,2021-08-01,190.0
"Sacramento, CA",998.0,733.0,6.0,16.0,243.0,2021-08-01,265.0
"Salt Lake City, UT",1115.0,453.0,6.0,14.0,642.0,2021-08-01,662.0
"San Antonio, TX",1970.0,1279.0,2.0,0.0,689.0,2021-08-01,691.0
"San Diego, CA",1224.0,323.0,30.0,48.0,823.0,2021-08-01,901.0
"San Francisco, CA",1320.0,336.0,6.0,14.0,964.0,2021-08-01,984.0
"San Jose, CA",301.0,119.0,2.0,0.0,180.0,2021-08-01,182.0
"Seattle, WA",3955.0,772.0,84.0,74.0,3025.0,2021-08-01,3183.0
"St. Louis, MO",1185.0,476.0,16.0,4.0,689.0,2021-08-01,709.0
"Tampa, FL",2053.0,1502.0,2.0,12.0,537.0,2021-08-01,551.0
"Virginia Beach, VA",651.0,378.0,4.0,4.0,265.0,2021-08-01,273.0
"Washington, DC",1651.0,994.0,0.0,4.0,653.0,2021-08-01,657.0
"Atlanta, GA",2795.0,2337.0,2.0,11.0,445.0,2021-07-01,458.0
"Austin, TX",3138.0,1966.0,50.0,9.0,1113.0,2021-07-01,1172.0
"Baltimore, MD",559.0,406.0,0.0,0.0,153.0,2021-07-01,153.0
"Birmingham, AL",454.0,251.0,0.0,3.0,200.0,2021-07-01,203.0
"Boston, MA",1387.0,390.0,46.0,17.0,934.0,2021-07-01,997.0
"Buffalo, NY",104.0,72.0,0.0,0.0,32.0,2021-07-01,32.0
"Charlotte, NC",2838.0,1550.0,2.0,0.0,1286.0,2021-07-01,1288.0
"Chicago, IL",2407.0,809.0,44.0,61.0,1493.0,2021-07-01,1598.0
"Cincinnati, OH",511.0,425.0,4.0,0.0,82.0,2021-07-01,86.0
"Cleveland, OH",299.0,290.0,0.0,9.0,0.0,2021-07-01,9.0
"Columbus, OH",909.0,649.0,0.0,3.0,257.0,2021-07-01,260.0
"Dallas, TX",5785.0,4174.0,24.0,8.0,1579.0,2021-07-01,1611.0
"Denver, CO",2181.0,1040.0,46.0,22.0,1073.0,2021-07-01,1141.0
"Detroit, MI",618.0,418.0,4.0,15.0,181.0,2021-07-01,200.0
"Grand Rapids, MI",152.0,135.0,2.0,3.0,12.0,2021-07-01,17.0
"Hartford, CT",124.0,79.0,0.0,0.0,45.0,2021-07-01,45.0
"Houston, TX",6491.0,4259.0,24.0,3.0,2205.0,2021-07-01,2232.0
"Indianapolis, IN",1287.0,770.0,60.0,4.0,453.0,2021-07-01,517.0
"Jacksonville, FL",1651.0,1355.0,0.0,0.0,296.0,2021-07-01,296.0
"Kansas City, MO",654.0,486.0,40.0,31.0,97.0,2021-07-01,168.0
"Las Vegas, NV",1171.0,721.0,0.0,123.0,327.0,2021-07-01,450.0
"Los Angeles, CA",3222.0,895.0,98.0,63.0,2166.0,2021-07-01,2327.0
"Louisville, KY",448.0,322.0,4.0,6.0,116.0,2021-07-01,126.0
"Memphis, TN",298.0,298.0,0.0,0.0,0.0,2021-07-01,0.0
"Miami, FL",2534.0,841.0,26.0,7.0,1660.0,2021-07-01,1693.0
"Milwaukee, WI",228.0,142.0,28.0,28.0,30.0,2021-07-01,86.0
"Minneapolis, MN",1875.0,978.0,44.0,18.0,835.0,2021-07-01,897.0
"Nashville, TN",2457.0,1314.0,4.0,11.0,1128.0,2021-07-01,1143.0
"New York, NY",4463.0,971.0,158.0,81.0,3253.0,2021-07-01,3492.0
"Oklahoma City, OK",731.0,672.0,38.0,0.0,21.0,2021-07-01,59.0
"Orlando, FL",2907.0,1500.0,24.0,8.0,1375.0,2021-07-01,1407.0
"Philadelphia, PA",1515.0,740.0,56.0,71.0,648.0,2021-07-01,775.0
"Phoenix, AZ",4752.0,2993.0,120.0,0.0,1639.0,2021-07-01,1759.0
"Pittsburgh, PA",160.0,115.0,0.0,3.0,42.0,2021-07-01,45.0
"Portland, OR",1724.0,789.0,12.0,66.0,857.0,2021-07-01,935.0
"Providence, RI",160.0,130.0,22.0,0.0,8.0,2021-07-01,30.0
"Raleigh, NC",1260.0,1222.0,0.0,4.0,34.0,2021-07-01,38.0
"Richmond, VA",590.0,444.0,50.0,7.0,89.0,2021-07-01,146.0
"Riverside, CA",1062.0,954.0,12.0,9.0,87.0,2021-07-01,108.0
"Sacramento, CA",726.0,701.0,0.0,7.0,18.0,2021-07-01,25.0
"Salt Lake City, UT",1076.0,361.0,16.0,9.0,690.0,2021-07-01,715.0
"San Antonio, TX",2185.0,1267.0,36.0,96.0,786.0,2021-07-01,918.0
"San Diego, CA",669.0,225.0,4.0,12.0,428.0,2021-07-01,444.0
"San Francisco, CA",894.0,306.0,6.0,16.0,566.0,2021-07-01,588.0
"San Jose, CA",392.0,186.0,2.0,0.0,204.0,2021-07-01,206.0
"Seattle, WA",2102.0,696.0,52.0,63.0,1291.0,2021-07-01,1406.0
"St. Louis, MO",571.0,363.0,2.0,3.0,203.0,2021-07-01,208.0
"Tampa, FL",1731.0,1718.0,2.0,0.0,11.0,2021-07-01,13.0
"Virginia Beach, VA",944.0,330.0,0.0,4.0,610.0,2021-07-01,614.0
"Washington, DC",1550.0,1000.0,6.0,4.0,540.0,2021-07-01,550.0
"Atlanta, GA",3485.0,3102.0,16.0,3.0,364.0,2021-06-01,383.0
"Austin, TX",5367.0,2346.0,82.0,0.0,2939.0,2021-06-01,3021.0
"Baltimore, MD",573.0,420.0,0.0,0.0,153.0,2021-06-01,153.0
"Birmingham, AL",297.0,285.0,2.0,0.0,10.0,2021-06-01,12.0
"Boston, MA",1415.0,483.0,44.0,36.0,852.0,2021-06-01,932.0
"Buffalo, NY",151.0,125.0,6.0,0.0,20.0,2021-06-01,26.0
"Charlotte, NC",2708.0,1642.0,0.0,0.0,1066.0,2021-06-01,1066.0
"Chicago, IL",1997.0,928.0,40.0,100.0,929.0,2021-06-01,1069.0
"Cincinnati, OH",892.0,501.0,2.0,9.0,380.0,2021-06-01,391.0
"Cleveland, OH",324.0,275.0,0.0,3.0,46.0,2021-06-01,49.0
"Columbus, OH",854.0,725.0,0.0,4.0,125.0,2021-06-01,129.0
"Dallas, TX",7047.0,4627.0,56.0,25.0,2339.0,2021-06-01,2420.0
"Denver, CO",2035.0,1227.0,90.0,84.0,634.0,2021-06-01,808.0
"Detroit, MI",995.0,552.0,8.0,20.0,415.0,2021-06-01,443.0
"Grand Rapids, MI",217.0,172.0,2.0,12.0,31.0,2021-06-01,45.0
"Hartford, CT",116.0,84.0,2.0,3.0,27.0,2021-06-01,32.0
"Houston, TX",5620.0,4789.0,64.0,0.0,767.0,2021-06-01,831.0
"Indianapolis, IN",1502.0,1017.0,50.0,20.0,415.0,2021-06-01,485.0
"Jacksonville, FL",2011.0,1812.0,2.0,4.0,193.0,2021-06-01,199.0
"Kansas City, MO",691.0,611.0,24.0,11.0,45.0,2021-06-01,80.0
"Las Vegas, NV",1203.0,1073.0,64.0,51.0,15.0,2021-06-01,130.0
"Los Angeles, CA",1934.0,934.0,116.0,19.0,865.0,2021-06-01,1000.0
"Louisville, KY",314.0,305.0,4.0,0.0,5.0,2021-06-01,9.0
"Memphis, TN",519.0,371.0,0.0,0.0,148.0,2021-06-01,148.0
"Miami, FL",1679.0,736.0,38.0,4.0,901.0,2021-06-01,943.0
"Milwaukee, WI",287.0,166.0,32.0,0.0,89.0,2021-06-01,121.0
"Minneapolis, MN",2007.0,1055.0,24.0,10.0,918.0,2021-06-01,952.0
"Nashville, TN",3264.0,1526.0,2.0,15.0,1721.0,2021-06-01,1738.0
"New York, NY",5315.0,1194.0,172.0,82.0,3867.0,2021-06-01,4121.0
"Oklahoma City, OK",775.0,744.0,20.0,0.0,11.0,2021-06-01,31.0
"Orlando, FL",3314.0,1672.0,28.0,19.0,1595.0,2021-06-01,1642.0
"Philadelphia, PA",1395.0,818.0,42.0,65.0,470.0,2021-06-01,577.0
"Phoenix, AZ",4539.0,3150.0,56.0,25.0,1308.0,2021-06-01,1389.0
"Pittsburgh, PA",227.0,151.0,2.0,0.0,74.0,2021-06-01,76.0
"Portland, OR",1001.0,716.0,10.0,40.0,235.0,2021-06-01,285.0
"Providence, RI",256.0,164.0,18.0,58.0,16.0,2021-06-01,92.0
"Raleigh, NC",1891.0,1410.0,0.0,3.0,478.0,2021-06-01,481.0
"Richmond, VA",690.0,568.0,40.0,0.0,82.0,2021-06-01,122.0
"Riverside, CA",1290.0,1010.0,24.0,26.0,230.0,2021-06-01,280.0
"Sacramento, CA",1235.0,911.0,2.0,12.0,310.0,2021-06-01,324.0
"Salt Lake City, UT",1040.0,486.0,8.0,59.0,487.0,2021-06-01,554.0
"San Antonio, TX",1817.0,1270.0,4.0,0.0,543.0,2021-06-01,547.0
"San Diego, CA",872.0,288.0,14.0,12.0,558.0,2021-06-01,584.0
"San Francisco, CA",1089.0,270.0,6.0,6.0,807.0,2021-06-01,819.0
"San Jose, CA",226.0,159.0,2.0,0.0,65.0,2021-06-01,67.0
"Seattle, WA",1709.0,667.0,60.0,130.0,852.0,2021-06-01,1042.0
"St. Louis, MO",552.0,487.0,8.0,0.0,57.0,2021-06-01,65.0
"Tampa, FL",2013.0,1757.0,4.0,0.0,252.0,2021-06-01,256.0
"Virginia Beach, VA",695.0,394.0,4.0,22.0,275.0,2021-06-01,301.0
"Washington, DC",2078.0,1229.0,6.0,3.0,840.0,2021-06-01,849.0
"Atlanta, GA",3415.0,2857.0,12.0,8.0,538.0,2021-05-01,558.0
"Austin, TX",4152.0,2283.0,46.0,7.0,1816.0,2021-05-01,1869.0
"Baltimore, MD",535.0,405.0,0.0,0.0,130.0,2021-05-01,130.0
"Birmingham, AL",296.0,286.0,2.0,0.0,8.0,2021-05-01,10.0
"Boston, MA",1707.0,437.0,22.0,29.0,1219.0,2021-05-01,1270.0
"Buffalo, NY",126.0,84.0,0.0,12.0,30.0,2021-05-01,42.0
"Charlotte, NC",1954.0,1581.0,2.0,0.0,371.0,2021-05-01,373.0
"Chicago, IL",1234.0,846.0,20.0,43.0,325.0,2021-05-01,388.0
"Cincinnati, OH",765.0,555.0,4.0,31.0,175.0,2021-05-01,210.0
"Cleveland, OH",293.0,260.0,2.0,11.0,20.0,2021-05-01,33.0
"Columbus, OH",674.0,557.0,2.0,7.0,108.0,2021-05-01,117.0
"Dallas, TX",6881.0,4880.0,156.0,20.0,1825.0,2021-05-01,2001.0
"Denver, CO",2540.0,1119.0,112.0,22.0,1287.0,2021-05-01,1421.0
"Detroit, MI",710.0,545.0,8.0,19.0,138.0,2021-05-01,165.0
"Grand Rapids, MI",269.0,128.0,6.0,4.0,131.0,2021-05-01,141.0
"Hartford, CT",123.0,91.0,2.0,0.0,30.0,2021-05-01,32.0
"Houston, TX",5434.0,4909.0,92.0,0.0,433.0,2021-05-01,525.0
"Indianapolis, IN",1147.0,1002.0,28.0,12.0,105.0,2021-05-01,145.0
"Jacksonville, FL",1323.0,1313.0,4.0,0.0,6.0,2021-05-01,10.0
"Kansas City, MO",999.0,663.0,32.0,16.0,288.0,2021-05-01,336.0
"Las Vegas, NV",1168.0,1008.0,66.0,53.0,41.0,2021-05-01,160.0
"Los Angeles, CA",2224.0,911.0,92.0,51.0,1170.0,2021-05-01,1313.0
"Louisville, KY",372.0,357.0,2.0,0.0,13.0,2021-05-01,15.0
"Memphis, TN",371.0,371.0,0.0,0.0,0.0,2021-05-01,0.0
"Miami, FL",2976.0,795.0,22.0,10.0,2149.0,2021-05-01,2181.0
"Milwaukee, WI",280.0,156.0,18.0,3.0,103.0,2021-05-01,124.0
"Minneapolis, MN",2003.0,1027.0,22.0,15.0,939.0,2021-05-01,976.0
"Nashville, TN",3148.0,1710.0,0.0,18.0,1420.0,2021-05-01,1438.0
"New York, NY",4345.0,1106.0,174.0,98.0,2967.0,2021-05-01,3239.0
"Oklahoma City, OK",750.0,728.0,22.0,0.0,0.0,2021-05-01,22.0
"Orlando, FL",2132.0,1643.0,16.0,20.0,453.0,2021-05-01,489.0
"Philadelphia, PA",1625.0,779.0,40.0,49.0,757.0,2021-05-01,846.0
"Phoenix, AZ",4277.0,2838.0,66.0,27.0,1346.0,2021-05-01,1439.0
"Pittsburgh, PA",187.0,112.0,4.0,3.0,68.0,2021-05-01,75.0
"Portland, OR",1519.0,699.0,28.0,24.0,768.0,2021-05-01,820.0
"Providence, RI",194.0,161.0,16.0,7.0,10.0,2021-05-01,33.0
"Raleigh, NC",1664.0,1226.0,0.0,4.0,434.0,2021-05-01,438.0
"Richmond, VA",661.0,602.0,10.0,15.0,34.0,2021-05-01,59.0
"Riverside, CA",1224.0,1113.0,6.0,39.0,66.0,2021-05-01,111.0
"Sacramento, CA",1232.0,966.0,12.0,8.0,246.0,2021-05-01,266.0
"Salt Lake City, UT",1001.0,430.0,10.0,235.0,326.0,2021-05-01,571.0
"San Antonio, TX",1462.0,1383.0,10.0,0.0,69.0,2021-05-01,79.0
"San Diego, CA",395.0,200.0,4.0,3.0,188.0,2021-05-01,195.0
"San Francisco, CA",965.0,307.0,8.0,3.0,647.0,2021-05-01,658.0
"San Jose, CA",753.0,215.0,0.0,0.0,538.0,2021-05-01,538.0
"Seattle, WA",2077.0,636.0,86.0,77.0,1278.0,2021-05-01,1441.0
"St. Louis, MO",652.0,462.0,6.0,6.0,178.0,2021-05-01,190.0
"Tampa, FL",2658.0,1751.0,6.0,12.0,889.0,2021-05-01,907.0
"Virginia Beach, VA",512.0,458.0,8.0,0.0,46.0,2021-05-01,54.0
"Washington, DC",1759.0,1123.0,14.0,14.0,608.0,2021-05-01,636.0
"Atlanta, GA",3851.0,3086.0,6.0,11.0,748.0,2021-04-01,765.0
"Austin, TX",4669.0,2599.0,28.0,7.0,2035.0,2021-04-01,2070.0
"Baltimore, MD",459.0,459.0,0.0,0.0,0.0,2021-04-01,0.0
"Birmingham, AL",343.0,330.0,2.0,0.0,11.0,2021-04-01,13.0
"Boston, MA",2071.0,511.0,34.0,43.0,1483.0,2021-04-01,1560.0
"Buffalo, NY",138.0,103.0,8.0,8.0,19.0,2021-04-01,35.0
"Charlotte, NC",2247.0,1750.0,8.0,39.0,450.0,2021-04-01,497.0
"Chicago, IL",1691.0,1054.0,38.0,76.0,523.0,2021-04-01,637.0
"Cincinnati, OH",672.0,601.0,2.0,15.0,54.0,2021-04-01,71.0
"Cleveland, OH",327.0,280.0,2.0,15.0,30.0,2021-04-01,47.0
"Columbus, OH",986.0,684.0,0.0,16.0,286.0,2021-04-01,302.0
"Dallas, TX",7043.0,4515.0,38.0,11.0,2479.0,2021-04-01,2528.0
"Denver, CO",3364.0,1269.0,18.0,3.0,2074.0,2021-04-01,2095.0
"Detroit, MI",731.0,588.0,8.0,33.0,102.0,2021-04-01,143.0
"Grand Rapids, MI",243.0,183.0,4.0,15.0,41.0,2021-04-01,60.0
"Hartford, CT",134.0,106.0,0.0,4.0,24.0,2021-04-01,28.0
"Houston, TX",7565.0,5254.0,70.0,6.0,2235.0,2021-04-01,2311.0
"Indianapolis, IN",1015.0,977.0,20.0,0.0,18.0,2021-04-01,38.0
"Jacksonville, FL",2394.0,1443.0,6.0,7.0,938.0,2021-04-01,951.0
"Kansas City, MO",1012.0,733.0,24.0,14.0,241.0,2021-04-01,279.0
"Las Vegas, NV",1359.0,936.0,6.0,31.0,386.0,2021-04-01,423.0
"Los Angeles, CA",2227.0,970.0,118.0,46.0,1093.0,2021-04-01,1257.0
"Louisville, KY",636.0,436.0,2.0,3.0,195.0,2021-04-01,200.0
"Memphis, TN",781.0,406.0,0.0,0.0,375.0,2021-04-01,375.0
"Miami, FL",2845.0,734.0,12.0,26.0,2073.0,2021-04-01,2111.0
"Milwaukee, WI",244.0,178.0,44.0,0.0,22.0,2021-04-01,66.0
"Minneapolis, MN",1813.0,1100.0,14.0,26.0,673.0,2021-04-01,713.0
"Nashville, TN",2695.0,1474.0,0.0,17.0,1204.0,2021-04-01,1221.0
"New York, NY",4411.0,1235.0,118.0,44.0,3014.0,2021-04-01,3176.0
"Oklahoma City, OK",815.0,772.0,16.0,0.0,27.0,2021-04-01,43.0
"Orlando, FL",3072.0,1847.0,26.0,7.0,1192.0,2021-04-01,1225.0
"Philadelphia, PA",1839.0,785.0,32.0,53.0,969.0,2021-04-01,1054.0
"Phoenix, AZ",4777.0,3529.0,56.0,23.0,1169.0,2021-04-01,1248.0
"Pittsburgh, PA",176.0,131.0,2.0,0.0,43.0,2021-04-01,45.0
"Portland, OR",1734.0,724.0,16.0,14.0,980.0,2021-04-01,1010.0
"Providence, RI",225.0,198.0,10.0,3.0,14.0,2021-04-01,27.0
"Raleigh, NC",1670.0,1365.0,8.0,4.0,293.0,2021-04-01,305.0
"Richmond, VA",721.0,621.0,24.0,0.0,76.0,2021-04-01,100.0
"Riverside, CA",1164.0,1025.0,10.0,21.0,108.0,2021-04-01,139.0
"Sacramento, CA",1320.0,835.0,20.0,16.0,449.0,2021-04-01,485.0
"Salt Lake City, UT",1087.0,685.0,4.0,8.0,390.0,2021-04-01,402.0
"San Antonio, TX",1358.0,1244.0,6.0,3.0,105.0,2021-04-01,114.0
"San Diego, CA",737.0,268.0,0.0,29.0,440.0,2021-04-01,469.0
"San Francisco, CA",1464.0,446.0,14.0,3.0,1001.0,2021-04-01,1018.0
"San Jose, CA",698.0,223.0,6.0,3.0,466.0,2021-04-01,475.0
"Seattle, WA",1756.0,755.0,90.0,79.0,832.0,2021-04-01,1001.0
"St. Louis, MO",896.0,589.0,4.0,4.0,299.0,2021-04-01,307.0
"Tampa, FL",2093.0,1637.0,2.0,0.0,454.0,2021-04-01,456.0
"Virginia Beach, VA",625.0,416.0,6.0,6.0,197.0,2021-04-01,209.0
"Washington, DC",2304.0,1168.0,6.0,31.0,1099.0,2021-04-01,1136.0
"Atlanta, GA",3627.0,3466.0,2.0,29.0,130.0,2021-03-01,161.0
"Austin, TX",4473.0,2428.0,60.0,23.0,1962.0,2021-03-01,2045.0
"Baltimore, MD",600.0,530.0,2.0,3.0,65.0,2021-03-01,70.0
"Birmingham, AL",391.0,380.0,2.0,0.0,9.0,2021-03-01,11.0
"Boston, MA",1345.0,470.0,44.0,20.0,811.0,2021-03-01,875.0
"Buffalo, NY",204.0,120.0,10.0,4.0,70.0,2021-03-01,84.0
"Charlotte, NC",2457.0,1907.0,10.0,3.0,537.0,2021-03-01,550.0
"Chicago, IL",1613.0,1017.0,28.0,37.0,531.0,2021-03-01,596.0
"Cincinnati, OH",637.0,594.0,6.0,12.0,25.0,2021-03-01,43.0
"Cleveland, OH",300.0,295.0,2.0,3.0,0.0,2021-03-01,5.0
"Columbus, OH",811.0,632.0,4.0,16.0,159.0,2021-03-01,179.0
"Dallas, TX",7416.0,4875.0,182.0,18.0,2341.0,2021-03-01,2541.0
"Denver, CO",2180.0,1229.0,36.0,39.0,876.0,2021-03-01,951.0
"Detroit, MI",942.0,617.0,24.0,14.0,287.0,2021-03-01,325.0
"Grand Rapids, MI",199.0,177.0,10.0,0.0,12.0,2021-03-01,22.0
"Hartford, CT",139.0,107.0,2.0,0.0,30.0,2021-03-01,32.0
"Houston, TX",5557.0,5142.0,102.0,0.0,313.0,2021-03-01,415.0
"Indianapolis, IN",982.0,923.0,28.0,8.0,23.0,2021-03-01,59.0
"Jacksonville, FL",2647.0,1400.0,0.0,172.0,1075.0,2021-03-01,1247.0
"Kansas City, MO",1231.0,732.0,24.0,28.0,447.0,2021-03-01,499.0
"Las Vegas, NV",1499.0,993.0,20.0,60.0,426.0,2021-03-01,506.0
"Los Angeles, CA",4126.0,1264.0,120.0,38.0,2704.0,2021-03-01,2862.0
"Louisville, KY",680.0,436.0,12.0,4.0,228.0,2021-03-01,244.0
"Memphis, TN",487.0,403.0,0.0,4.0,80.0,2021-03-01,84.0
"Miami, FL",1152.0,743.0,22.0,4.0,383.0,2021-03-01,409.0
"Milwaukee, WI",262.0,193.0,24.0,0.0,45.0,2021-03-01,69.0
"Minneapolis, MN",2326.0,1133.0,12.0,35.0,1146.0,2021-03-01,1193.0
"Nashville, TN",3794.0,1846.0,0.0,11.0,1937.0,2021-03-01,1948.0
"New York, NY",3572.0,1211.0,194.0,51.0,2116.0,2021-03-01,2361.0
"Oklahoma City, OK",918.0,852.0,58.0,3.0,5.0,2021-03-01,66.0
"Orlando, FL",2333.0,1675.0,10.0,0.0,648.0,2021-03-01,658.0
"Philadelphia, PA",2663.0,793.0,52.0,66.0,1752.0,2021-03-01,1870.0
"Phoenix, AZ",3923.0,3536.0,72.0,24.0,291.0,2021-03-01,387.0
"Pittsburgh, PA",210.0,148.0,2.0,4.0,56.0,2021-03-01,62.0
"Portland, OR",1310.0,899.0,32.0,6.0,373.0,2021-03-01,411.0
"Providence, RI",189.0,158.0,14.0,6.0,11.0,2021-03-01,31.0
"Raleigh, NC",2462.0,1443.0,8.0,0.0,1011.0,2021-03-01,1019.0
"Richmond, VA",1240.0,595.0,38.0,12.0,595.0,2021-03-01,645.0
"Riverside, CA",1438.0,1259.0,20.0,46.0,113.0,2021-03-01,179.0
"Sacramento, CA",1176.0,874.0,12.0,0.0,290.0,2021-03-01,302.0
"Salt Lake City, UT",1096.0,596.0,30.0,20.0,450.0,2021-03-01,500.0
"San Antonio, TX",1752.0,1474.0,32.0,0.0,246.0,2021-03-01,278.0
"San Diego, CA",894.0,294.0,4.0,23.0,573.0,2021-03-01,600.0
"San Francisco, CA",911.0,432.0,6.0,7.0,466.0,2021-03-01,479.0
"San Jose, CA",554.0,222.0,4.0,0.0,328.0,2021-03-01,332.0
"Seattle, WA",2643.0,959.0,80.0,95.0,1509.0,2021-03-01,1684.0
"St. Louis, MO",706.0,610.0,8.0,4.0,84.0,2021-03-01,96.0
"Tampa, FL",2121.0,1804.0,6.0,0.0,311.0,2021-03-01,317.0
"Virginia Beach, VA",477.0,463.0,4.0,4.0,6.0,2021-03-01,14.0
"Washington, DC",3113.0,1419.0,2.0,3.0,1689.0,2021-03-01,1694.0
"Atlanta, GA",2940.0,2819.0,6.0,22.0,93.0,2021-02-01,121.0
"Austin, TX",4507.0,1862.0,38.0,20.0,2587.0,2021-02-01,2645.0
"Baltimore, MD",474.0,425.0,2.0,3.0,44.0,2021-02-01,49.0
"Birmingham, AL",331.0,322.0,2.0,0.0,7.0,2021-02-01,9.0
"Boston, MA",955.0,412.0,14.0,6.0,523.0,2021-02-01,543.0
"Buffalo, NY",96.0,52.0,2.0,0.0,42.0,2021-02-01,44.0
"Charlotte, NC",2177.0,1588.0,0.0,30.0,559.0,2021-02-01,589.0
"Chicago, IL",930.0,583.0,10.0,34.0,303.0,2021-02-01,347.0
"Cincinnati, OH",1218.0,440.0,2.0,11.0,765.0,2021-02-01,778.0
"Cleveland, OH",226.0,215.0,2.0,4.0,5.0,2021-02-01,11.0
"Columbus, OH",1104.0,484.0,10.0,4.0,606.0,2021-02-01,620.0
"Dallas, TX",5134.0,3796.0,88.0,11.0,1239.0,2021-02-01,1338.0
"Denver, CO",1612.0,1001.0,32.0,0.0,579.0,2021-02-01,611.0
"Detroit, MI",631.0,431.0,2.0,3.0,195.0,2021-02-01,200.0
"Grand Rapids, MI",193.0,141.0,4.0,3.0,45.0,2021-02-01,52.0
"Hartford, CT",80.0,56.0,2.0,0.0,22.0,2021-02-01,24.0
"Houston, TX",4325.0,3395.0,20.0,8.0,902.0,2021-02-01,930.0
"Indianapolis, IN",799.0,737.0,16.0,8.0,38.0,2021-02-01,62.0
"Jacksonville, FL",1808.0,1244.0,0.0,4.0,560.0,2021-02-01,564.0
"Kansas City, MO",1012.0,512.0,38.0,8.0,454.0,2021-02-01,500.0
"Las Vegas, NV",1605.0,998.0,0.0,33.0,574.0,2021-02-01,607.0
"Los Angeles, CA",2182.0,741.0,108.0,31.0,1302.0,2021-02-01,1441.0
"Louisville, KY",474.0,301.0,2.0,0.0,171.0,2021-02-01,173.0
"Memphis, TN",301.0,301.0,0.0,0.0,0.0,2021-02-01,0.0
"Miami, FL",1197.0,734.0,28.0,0.0,435.0,2021-02-01,463.0
"Milwaukee, WI",169.0,121.0,38.0,0.0,10.0,2021-02-01,48.0
"Minneapolis, MN",1758.0,805.0,6.0,4.0,943.0,2021-02-01,953.0
"Nashville, TN",1728.0,1157.0,0.0,25.0,546.0,2021-02-01,571.0
"New York, NY",3793.0,956.0,100.0,31.0,2706.0,2021-02-01,2837.0
"Oklahoma City, OK",642.0,596.0,46.0,0.0,0.0,2021-02-01,46.0
"Orlando, FL",1030.0,912.0,12.0,0.0,106.0,2021-02-01,118.0
"Philadelphia, PA",2220.0,719.0,58.0,73.0,1370.0,2021-02-01,1501.0
"Phoenix, AZ",4393.0,3094.0,40.0,4.0,1255.0,2021-02-01,1299.0
"Pittsburgh, PA",172.0,106.0,0.0,6.0,60.0,2021-02-01,66.0
"Portland, OR",885.0,647.0,6.0,25.0,207.0,2021-02-01,238.0
"Providence, RI",150.0,127.0,16.0,7.0,0.0,2021-02-01,23.0
"Raleigh, NC",2890.0,1257.0,0.0,0.0,1633.0,2021-02-01,1633.0
"Richmond, VA",557.0,489.0,48.0,8.0,12.0,2021-02-01,68.0
"Riverside, CA",1061.0,888.0,14.0,27.0,132.0,2021-02-01,173.0
"Sacramento, CA",848.0,843.0,0.0,0.0,5.0,2021-02-01,5.0
"Salt Lake City, UT",834.0,421.0,46.0,35.0,332.0,2021-02-01,413.0
"San Antonio, TX",1325.0,1000.0,2.0,0.0,323.0,2021-02-01,325.0
"San Diego, CA",748.0,251.0,16.0,0.0,481.0,2021-02-01,497.0
"San Francisco, CA",686.0,410.0,22.0,10.0,244.0,2021-02-01,276.0
"San Jose, CA",232.0,190.0,0.0,3.0,39.0,2021-02-01,42.0
"Seattle, WA",2455.0,882.0,46.0,52.0,1475.0,2021-02-01,1573.0
"St. Louis, MO",634.0,458.0,0.0,4.0,172.0,2021-02-01,176.0
"Tampa, FL",1696.0,1269.0,4.0,0.0,423.0,2021-02-01,427.0
"Virginia Beach, VA",465.0,465.0,0.0,0.0,0.0,2021-02-01,0.0
"Washington, DC",3480.0,1108.0,0.0,8.0,2364.0,2021-02-01,2372.0
"Atlanta, GA",2726.0,2622.0,2.0,6.0,96.0,2021-01-01,104.0
"Austin, TX",4602.0,1940.0,36.0,7.0,2619.0,2021-01-01,2662.0
"Baltimore, MD",449.0,398.0,4.0,0.0,47.0,2021-01-01,51.0
"Birmingham, AL",377.0,362.0,2.0,0.0,13.0,2021-01-01,15.0
"Boston, MA",1178.0,390.0,32.0,21.0,735.0,2021-01-01,788.0
"Buffalo, NY",102.0,72.0,4.0,0.0,26.0,2021-01-01,30.0
"Charlotte, NC",1990.0,1506.0,2.0,7.0,475.0,2021-01-01,484.0
"Chicago, IL",945.0,594.0,16.0,46.0,289.0,2021-01-01,351.0
"Cincinnati, OH",469.0,381.0,16.0,9.0,63.0,2021-01-01,88.0
"Cleveland, OH",214.0,209.0,2.0,3.0,0.0,2021-01-01,5.0
"Columbus, OH",556.0,437.0,6.0,19.0,94.0,2021-01-01,119.0
"Dallas, TX",7059.0,4330.0,38.0,17.0,2674.0,2021-01-01,2729.0
"Denver, CO",1784.0,895.0,22.0,10.0,857.0,2021-01-01,889.0
"Detroit, MI",590.0,349.0,8.0,7.0,226.0,2021-01-01,241.0
"Grand Rapids, MI",172.0,95.0,4.0,0.0,73.0,2021-01-01,77.0
"Hartford, CT",95.0,66.0,2.0,0.0,27.0,2021-01-01,29.0
"Houston, TX",5335.0,4258.0,104.0,4.0,969.0,2021-01-01,1077.0
"Indianapolis, IN",785.0,675.0,26.0,11.0,73.0,2021-01-01,110.0
"Jacksonville, FL",1717.0,1275.0,0.0,10.0,432.0,2021-01-01,442.0
"Kansas City, MO",618.0,442.0,10.0,0.0,166.0,2021-01-01,176.0
"Las Vegas, NV",1529.0,1050.0,10.0,107.0,362.0,2021-01-01,479.0
"Los Angeles, CA",3139.0,695.0,136.0,48.0,2260.0,2021-01-01,2444.0
"Louisville, KY",519.0,327.0,2.0,0.0,190.0,2021-01-01,192.0
"Memphis, TN",526.0,434.0,0.0,0.0,92.0,2021-01-01,92.0
"Miami, FL",1883.0,613.0,32.0,16.0,1222.0,2021-01-01,1270.0
"Milwaukee, WI",186.0,136.0,16.0,0.0,34.0,2021-01-01,50.0
"Minneapolis, MN",2127.0,770.0,2.0,3.0,1352.0,2021-01-01,1357.0
"Nashville, TN",1580.0,1208.0,0.0,17.0,355.0,2021-01-01,372.0
"New York, NY",5506.0,1036.0,114.0,57.0,4299.0,2021-01-01,4470.0
"Oklahoma City, OK",668.0,643.0,18.0,7.0,0.0,2021-01-01,25.0
"Orlando, FL",2005.0,1064.0,6.0,0.0,935.0,2021-01-01,941.0
"Philadelphia, PA",2492.0,744.0,60.0,97.0,1591.0,2021-01-01,1748.0
"Phoenix, AZ",4070.0,2656.0,44.0,28.0,1342.0,2021-01-01,1414.0
"Pittsburgh, PA",208.0,115.0,2.0,3.0,88.0,2021-01-01,93.0
"Portland, OR",887.0,607.0,4.0,13.0,263.0,2021-01-01,280.0
"Providence, RI",166.0,130.0,10.0,3.0,23.0,2021-01-01,36.0
"Raleigh, NC",1185.0,1126.0,6.0,4.0,49.0,2021-01-01,59.0
"Richmond, VA",529.0,464.0,4.0,38.0,23.0,2021-01-01,65.0
"Riverside, CA",991.0,861.0,6.0,15.0,109.0,2021-01-01,130.0
"Sacramento, CA",631.0,549.0,4.0,0.0,78.0,2021-01-01,82.0
"Salt Lake City, UT",946.0,526.0,10.0,20.0,390.0,2021-01-01,420.0
"San Antonio, TX",1901.0,1202.0,16.0,0.0,683.0,2021-01-01,699.0
"San Diego, CA",1026.0,229.0,2.0,0.0,795.0,2021-01-01,797.0
"San Francisco, CA",1520.0,378.0,22.0,14.0,1106.0,2021-01-01,1142.0
"San Jose, CA",320.0,194.0,2.0,3.0,121.0,2021-01-01,126.0
"Seattle, WA",2422.0,831.0,34.0,77.0,1480.0,2021-01-01,1591.0
"St. Louis, MO",450.0,412.0,2.0,4.0,32.0,2021-01-01,38.0
"Tampa, FL",2588.0,1954.0,22.0,3.0,609.0,2021-01-01,634.0
"Virginia Beach, VA",669.0,338.0,6.0,4.0,321.0,2021-01-01,331.0
"Washington, DC",2483.0,1335.0,14.0,8.0,1126.0,2021-01-01,1148.0
"Atlanta, GA",2636.0,2559.0,0.0,14.0,63.0,2020-12-01,77.0
"Austin, TX",3680.0,2118.0,24.0,0.0,1538.0,2020-12-01,1562.0
"Baltimore, MD",678.0,414.0,0.0,0.0,264.0,2020-12-01,264.0
"Birmingham, AL",248.0,237.0,4.0,0.0,7.0,2020-12-01,11.0
"Boston, MA",1540.0,425.0,22.0,40.0,1053.0,2020-12-01,1115.0
"Buffalo, NY",120.0,78.0,6.0,0.0,36.0,2020-12-01,42.0
"Charlotte, NC",2202.0,1437.0,0.0,3.0,762.0,2020-12-01,765.0
"Chicago, IL",1213.0,704.0,14.0,47.0,448.0,2020-12-01,509.0
"Cincinnati, OH",509.0,473.0,2.0,10.0,24.0,2020-12-01,36.0
"Cleveland, OH",288.0,241.0,2.0,19.0,26.0,2020-12-01,47.0
"Columbus, OH",1052.0,487.0,4.0,8.0,553.0,2020-12-01,565.0
"Dallas, TX",5523.0,4342.0,72.0,23.0,1086.0,2020-12-01,1181.0
"Denver, CO",3012.0,1146.0,16.0,9.0,1841.0,2020-12-01,1866.0
"Detroit, MI",961.0,482.0,2.0,3.0,474.0,2020-12-01,479.0
"Grand Rapids, MI",159.0,119.0,0.0,0.0,40.0,2020-12-01,40.0
"Hartford, CT",150.0,81.0,4.0,0.0,65.0,2020-12-01,69.0
"Houston, TX",6485.0,4566.0,20.0,0.0,1899.0,2020-12-01,1919.0
"Indianapolis, IN",792.0,739.0,14.0,8.0,31.0,2020-12-01,53.0
"Jacksonville, FL",1792.0,1271.0,14.0,0.0,507.0,2020-12-01,521.0
"Kansas City, MO",871.0,576.0,10.0,4.0,281.0,2020-12-01,295.0
"Las Vegas, NV",1555.0,1255.0,44.0,27.0,229.0,2020-12-01,300.0
"Los Angeles, CA",3684.0,931.0,96.0,45.0,2612.0,2020-12-01,2753.0
"Louisville, KY",445.0,323.0,2.0,0.0,120.0,2020-12-01,122.0
"Memphis, TN",353.0,351.0,2.0,0.0,0.0,2020-12-01,2.0
"Miami, FL",2163.0,958.0,32.0,8.0,1165.0,2020-12-01,1205.0
"Milwaukee, WI",118.0,110.0,8.0,0.0,0.0,2020-12-01,8.0
"Minneapolis, MN",2411.0,960.0,8.0,4.0,1439.0,2020-12-01,1451.0
"Nashville, TN",2112.0,1363.0,4.0,10.0,735.0,2020-12-01,749.0
"New York, NY",5203.0,1021.0,94.0,66.0,4022.0,2020-12-01,4182.0
"Oklahoma City, OK",619.0,597.0,14.0,8.0,0.0,2020-12-01,22.0
"Orlando, FL",1590.0,1299.0,6.0,3.0,282.0,2020-12-01,291.0
"Philadelphia, PA",1540.0,654.0,48.0,29.0,809.0,2020-12-01,886.0
"Phoenix, AZ",5262.0,3271.0,68.0,21.0,1902.0,2020-12-01,1991.0
"Pittsburgh, PA",179.0,106.0,2.0,3.0,68.0,2020-12-01,73.0
"Portland, OR",1198.0,745.0,6.0,4.0,443.0,2020-12-01,453.0
"Providence, RI",198.0,159.0,18.0,3.0,18.0,2020-12-01,39.0
"Raleigh, NC",1278.0,1062.0,0.0,0.0,216.0,2020-12-01,216.0
"Richmond, VA",725.0,549.0,0.0,0.0,176.0,2020-12-01,176.0
"Riverside, CA",1491.0,1117.0,2.0,38.0,334.0,2020-12-01,374.0
"Sacramento, CA",1434.0,823.0,22.0,53.0,536.0,2020-12-01,611.0
"Salt Lake City, UT",864.0,402.0,26.0,14.0,422.0,2020-12-01,462.0
"San Antonio, TX",1622.0,1047.0,30.0,4.0,541.0,2020-12-01,575.0
"San Diego, CA",1548.0,275.0,6.0,28.0,1239.0,2020-12-01,1273.0
"San Francisco, CA",786.0,301.0,8.0,3.0,474.0,2020-12-01,485.0
"San Jose, CA",459.0,232.0,2.0,3.0,222.0,2020-12-01,227.0
"Seattle, WA",2641.0,695.0,66.0,60.0,1820.0,2020-12-01,1946.0
"St. Louis, MO",631.0,473.0,8.0,11.0,139.0,2020-12-01,158.0
"Tampa, FL",1582.0,1399.0,6.0,0.0,177.0,2020-12-01,183.0
"Virginia Beach, VA",436.0,431.0,0.0,0.0,5.0,2020-12-01,5.0
"Washington, DC",2832.0,1102.0,16.0,3.0,1711.0,2020-12-01,1730.0
"Atlanta, GA",2837.0,2540.0,4.0,10.0,283.0,2020-11-01,297.0
"Austin, TX",3587.0,1974.0,26.0,0.0,1587.0,2020-11-01,1613.0
"Baltimore, MD",711.0,376.0,0.0,3.0,332.0,2020-11-01,335.0
"Birmingham, AL",305.0,296.0,2.0,0.0,7.0,2020-11-01,9.0
"Boston, MA",1735.0,390.0,64.0,24.0,1257.0,2020-11-01,1345.0
"Buffalo, NY",145.0,89.0,6.0,4.0,46.0,2020-11-01,56.0
"Charlotte, NC",2235.0,1539.0,0.0,0.0,696.0,2020-11-01,696.0
"Chicago, IL",1240.0,721.0,26.0,25.0,468.0,2020-11-01,519.0
"Cincinnati, OH",616.0,421.0,4.0,3.0,188.0,2020-11-01,195.0
"Cleveland, OH",370.0,240.0,2.0,3.0,125.0,2020-11-01,130.0
"Columbus, OH",867.0,446.0,8.0,3.0,410.0,2020-11-01,421.0
"Dallas, TX",5390.0,3641.0,42.0,35.0,1672.0,2020-11-01,1749.0
"Denver, CO",1157.0,954.0,66.0,29.0,108.0,2020-11-01,203.0
"Detroit, MI",802.0,476.0,18.0,3.0,305.0,2020-11-01,326.0
"Grand Rapids, MI",478.0,136.0,6.0,0.0,336.0,2020-11-01,342.0
"Hartford, CT",122.0,85.0,4.0,0.0,33.0,2020-11-01,37.0
"Houston, TX",4525.0,3630.0,62.0,0.0,833.0,2020-11-01,895.0
"Indianapolis, IN",735.0,661.0,24.0,10.0,40.0,2020-11-01,74.0
"Jacksonville, FL",1119.0,1115.0,0.0,4.0,0.0,2020-11-01,4.0
"Kansas City, MO",643.0,552.0,12.0,23.0,56.0,2020-11-01,91.0
"Las Vegas, NV",1467.0,779.0,10.0,98.0,580.0,2020-11-01,688.0
"Los Angeles, CA",2062.0,834.0,102.0,23.0,1103.0,2020-11-01,1228.0
"Louisville, KY",544.0,281.0,4.0,3.0,256.0,2020-11-01,263.0
"Memphis, TN",335.0,335.0,0.0,0.0,0.0,2020-11-01,0.0
"Miami, FL",1166.0,561.0,20.0,27.0,558.0,2020-11-01,605.0
"Milwaukee, WI",307.0,140.0,16.0,0.0,151.0,2020-11-01,167.0
"Minneapolis, MN",2041.0,856.0,20.0,7.0,1158.0,2020-11-01,1185.0
"Nashville, TN",2161.0,1156.0,0.0,6.0,999.0,2020-11-01,1005.0
"New York, NY",4823.0,865.0,226.0,69.0,3663.0,2020-11-01,3958.0
"Oklahoma City, OK",552.0,542.0,10.0,0.0,0.0,2020-11-01,10.0
"Orlando, FL",1464.0,1321.0,20.0,19.0,104.0,2020-11-01,143.0
"Philadelphia, PA",1796.0,844.0,26.0,96.0,830.0,2020-11-01,952.0
"Phoenix, AZ",3685.0,2655.0,50.0,15.0,965.0,2020-11-01,1030.0
"Pittsburgh, PA",167.0,86.0,2.0,6.0,73.0,2020-11-01,81.0
"Portland, OR",930.0,618.0,4.0,0.0,308.0,2020-11-01,312.0
"Providence, RI",171.0,137.0,18.0,4.0,12.0,2020-11-01,34.0
"Raleigh, NC",1984.0,1027.0,0.0,0.0,957.0,2020-11-01,957.0
"Richmond, VA",635.0,486.0,10.0,0.0,139.0,2020-11-01,149.0
"Riverside, CA",1215.0,1014.0,88.0,9.0,104.0,2020-11-01,201.0
"Sacramento, CA",716.0,528.0,12.0,12.0,164.0,2020-11-01,188.0
"Salt Lake City, UT",1134.0,474.0,34.0,14.0,612.0,2020-11-01,660.0
"San Antonio, TX",1234.0,870.0,20.0,0.0,344.0,2020-11-01,364.0
"San Diego, CA",630.0,136.0,6.0,19.0,469.0,2020-11-01,494.0
"San Francisco, CA",954.0,295.0,0.0,11.0,648.0,2020-11-01,659.0
"San Jose, CA",432.0,202.0,12.0,11.0,207.0,2020-11-01,230.0
"Seattle, WA",1759.0,610.0,64.0,57.0,1028.0,2020-11-01,1149.0
"St. Louis, MO",920.0,418.0,6.0,0.0,496.0,2020-11-01,502.0
"Tampa, FL",1522.0,1393.0,2.0,3.0,124.0,2020-11-01,129.0
"Virginia Beach, VA",604.0,403.0,0.0,4.0,197.0,2020-11-01,201.0
"Washington, DC",1813.0,1058.0,0.0,12.0,743.0,2020-11-01,755.0
"Atlanta, GA",3252.0,2928.0,0.0,18.0,306.0,2020-10-01,324.0
"Austin, TX",2775.0,2019.0,40.0,3.0,713.0,2020-10-01,756.0
"Baltimore, MD",874.0,476.0,2.0,3.0,393.0,2020-10-01,398.0
"Birmingham, AL",400.0,392.0,2.0,0.0,6.0,2020-10-01,8.0
"Boston, MA",923.0,424.0,42.0,29.0,428.0,2020-10-01,499.0
"Buffalo, NY",172.0,75.0,4.0,4.0,89.0,2020-10-01,97.0
"Charlotte, NC",2323.0,1631.0,6.0,3.0,683.0,2020-10-01,692.0
"Chicago, IL",1464.0,903.0,22.0,22.0,517.0,2020-10-01,561.0
"Cincinnati, OH",791.0,524.0,2.0,0.0,265.0,2020-10-01,267.0
"Cleveland, OH",304.0,245.0,2.0,12.0,45.0,2020-10-01,59.0
"Columbus, OH",1726.0,586.0,12.0,0.0,1128.0,2020-10-01,1140.0
"Dallas, TX",5350.0,4243.0,382.0,42.0,683.0,2020-10-01,1107.0
"Denver, CO",2198.0,1108.0,32.0,8.0,1050.0,2020-10-01,1090.0
"Detroit, MI",850.0,623.0,8.0,11.0,208.0,2020-10-01,227.0
"Grand Rapids, MI",253.0,161.0,6.0,0.0,86.0,2020-10-01,92.0
"Hartford, CT",129.0,74.0,10.0,8.0,37.0,2020-10-01,55.0
"Houston, TX",5861.0,4492.0,106.0,16.0,1247.0,2020-10-01,1369.0
"Indianapolis, IN",849.0,816.0,14.0,8.0,11.0,2020-10-01,33.0
"Jacksonville, FL",2143.0,1296.0,0.0,4.0,843.0,2020-10-01,847.0
"Kansas City, MO",752.0,630.0,32.0,40.0,50.0,2020-10-01,122.0
"Las Vegas, NV",979.0,735.0,0.0,55.0,189.0,2020-10-01,244.0
"Los Angeles, CA",1892.0,1011.0,128.0,69.0,684.0,2020-10-01,881.0
"Louisville, KY",804.0,379.0,20.0,16.0,389.0,2020-10-01,425.0
"Memphis, TN",389.0,366.0,0.0,0.0,23.0,2020-10-01,23.0
"Miami, FL",1872.0,878.0,20.0,0.0,974.0,2020-10-01,994.0
"Milwaukee, WI",263.0,154.0,16.0,8.0,85.0,2020-10-01,109.0
"Minneapolis, MN",2051.0,1093.0,10.0,3.0,945.0,2020-10-01,958.0
"Nashville, TN",2326.0,1363.0,60.0,14.0,889.0,2020-10-01,963.0
"New York, NY",4276.0,1072.0,168.0,64.0,2972.0,2020-10-01,3204.0
"Oklahoma City, OK",688.0,650.0,38.0,0.0,0.0,2020-10-01,38.0
"Orlando, FL",2103.0,1468.0,12.0,16.0,607.0,2020-10-01,635.0
"Philadelphia, PA",1416.0,797.0,52.0,66.0,501.0,2020-10-01,619.0
"Phoenix, AZ",4336.0,3171.0,86.0,18.0,1061.0,2020-10-01,1165.0
"Pittsburgh, PA",157.0,98.0,2.0,7.0,50.0,2020-10-01,59.0
"Portland, OR",906.0,736.0,4.0,4.0,162.0,2020-10-01,170.0
"Providence, RI",190.0,139.0,28.0,7.0,16.0,2020-10-01,51.0
"Raleigh, NC",1379.0,1241.0,0.0,0.0,138.0,2020-10-01,138.0
"Richmond, VA",554.0,529.0,0.0,0.0,25.0,2020-10-01,25.0
"Riverside, CA",1356.0,1180.0,0.0,82.0,94.0,2020-10-01,176.0
"Sacramento, CA",828.0,761.0,4.0,0.0,63.0,2020-10-01,67.0
"Salt Lake City, UT",987.0,540.0,6.0,89.0,352.0,2020-10-01,447.0
"San Antonio, TX",1552.0,1064.0,48.0,0.0,440.0,2020-10-01,488.0
"San Diego, CA",898.0,257.0,8.0,36.0,597.0,2020-10-01,641.0
"San Francisco, CA",669.0,450.0,8.0,8.0,203.0,2020-10-01,219.0
"San Jose, CA",415.0,207.0,2.0,3.0,203.0,2020-10-01,208.0
"Seattle, WA",1608.0,723.0,36.0,39.0,810.0,2020-10-01,885.0
"St. Louis, MO",596.0,541.0,2.0,7.0,46.0,2020-10-01,55.0
"Tampa, FL",2093.0,1557.0,28.0,0.0,508.0,2020-10-01,536.0
"Virginia Beach, VA",367.0,353.0,4.0,0.0,10.0,2020-10-01,14.0
"Washington, DC",2391.0,1230.0,2.0,7.0,1152.0,2020-10-01,1161.0
"Atlanta, GA",3253.0,2810.0,6.0,14.0,423.0,2020-09-01,443.0
"Austin, TX",4316.0,1843.0,24.0,6.0,2443.0,2020-09-01,2473.0
"Baltimore, MD",591.0,561.0,0.0,0.0,30.0,2020-09-01,30.0
"Birmingham, AL",352.0,345.0,0.0,0.0,7.0,2020-09-01,7.0
"Boston, MA",1226.0,417.0,24.0,12.0,773.0,2020-09-01,809.0
"Buffalo, NY",140.0,107.0,0.0,7.0,26.0,2020-09-01,33.0
"Charlotte, NC",1659.0,1625.0,4.0,3.0,27.0,2020-09-01,34.0
"Chicago, IL",1472.0,885.0,34.0,21.0,532.0,2020-09-01,587.0
"Cincinnati, OH",564.0,511.0,10.0,10.0,33.0,2020-09-01,53.0
"Cleveland, OH",318.0,281.0,2.0,6.0,29.0,2020-09-01,37.0
"Columbus, OH",1033.0,587.0,10.0,0.0,436.0,2020-09-01,446.0
"Dallas, TX",5127.0,4193.0,40.0,15.0,879.0,2020-09-01,934.0
"Denver, CO",2062.0,964.0,26.0,14.0,1058.0,2020-09-01,1098.0
"Detroit, MI",718.0,548.0,4.0,49.0,117.0,2020-09-01,170.0
"Grand Rapids, MI",258.0,213.0,2.0,8.0,35.0,2020-09-01,45.0
"Hartford, CT",171.0,92.0,2.0,8.0,69.0,2020-09-01,79.0
"Houston, TX",7147.0,4570.0,40.0,11.0,2526.0,2020-09-01,2577.0
"Indianapolis, IN",1075.0,743.0,16.0,7.0,309.0,2020-09-01,332.0
"Jacksonville, FL",1217.0,1209.0,8.0,0.0,0.0,2020-09-01,8.0
"Kansas City, MO",1228.0,716.0,24.0,20.0,468.0,2020-09-01,512.0
"Las Vegas, NV",1548.0,1028.0,68.0,16.0,436.0,2020-09-01,520.0
"Los Angeles, CA",2074.0,892.0,124.0,25.0,1033.0,2020-09-01,1182.0
"Louisville, KY",563.0,364.0,8.0,0.0,191.0,2020-09-01,199.0
"Memphis, TN",314.0,314.0,0.0,0.0,0.0,2020-09-01,0.0
"Miami, FL",2197.0,668.0,30.0,74.0,1425.0,2020-09-01,1529.0
"Milwaukee, WI",279.0,171.0,46.0,0.0,62.0,2020-09-01,108.0
"Minneapolis, MN",1823.0,1109.0,20.0,27.0,667.0,2020-09-01,714.0
"Nashville, TN",2107.0,1241.0,10.0,7.0,849.0,2020-09-01,866.0
"New York, NY",5122.0,1007.0,140.0,65.0,3910.0,2020-09-01,4115.0
"Oklahoma City, OK",925.0,661.0,18.0,0.0,246.0,2020-09-01,264.0
"Orlando, FL",1871.0,1489.0,12.0,16.0,354.0,2020-09-01,382.0
"Philadelphia, PA",1015.0,743.0,4.0,6.0,262.0,2020-09-01,272.0
"Phoenix, AZ",3287.0,3109.0,16.0,6.0,156.0,2020-09-01,178.0
"Pittsburgh, PA",185.0,125.0,2.0,3.0,55.0,2020-09-01,60.0
"Portland, OR",862.0,706.0,0.0,7.0,149.0,2020-09-01,156.0
"Providence, RI",203.0,148.0,36.0,4.0,15.0,2020-09-01,55.0
"Raleigh, NC",1287.0,1174.0,0.0,0.0,113.0,2020-09-01,113.0
"Richmond, VA",752.0,430.0,4.0,23.0,295.0,2020-09-01,322.0
"Riverside, CA",1685.0,1284.0,2.0,24.0,375.0,2020-09-01,401.0
"Sacramento, CA",972.0,828.0,0.0,0.0,144.0,2020-09-01,144.0
"Salt Lake City, UT",657.0,549.0,20.0,25.0,63.0,2020-09-01,108.0
"San Antonio, TX",1144.0,905.0,12.0,7.0,220.0,2020-09-01,239.0
"San Diego, CA",556.0,232.0,2.0,16.0,306.0,2020-09-01,324.0
"San Francisco, CA",722.0,333.0,8.0,4.0,377.0,2020-09-01,389.0
"San Jose, CA",650.0,247.0,2.0,6.0,395.0,2020-09-01,403.0
"Seattle, WA",2629.0,797.0,64.0,61.0,1707.0,2020-09-01,1832.0
"St. Louis, MO",547.0,485.0,20.0,8.0,34.0,2020-09-01,62.0
"Tampa, FL",1772.0,1470.0,4.0,0.0,298.0,2020-09-01,302.0
"Virginia Beach, VA",543.0,422.0,0.0,0.0,121.0,2020-09-01,121.0
"Washington, DC",2246.0,1227.0,4.0,27.0,988.0,2020-09-01,1019.0
"Atlanta, GA",2769.0,2563.0,2.0,47.0,157.0,2020-08-01,206.0
"Austin, TX",3253.0,1854.0,34.0,7.0,1358.0,2020-08-01,1399.0
"Baltimore, MD",1014.0,441.0,0.0,0.0,573.0,2020-08-01,573.0
"Birmingham, AL",300.0,291.0,2.0,0.0,7.0,2020-08-01,9.0
"Boston, MA",844.0,404.0,56.0,38.0,346.0,2020-08-01,440.0
"Buffalo, NY",105.0,91.0,2.0,0.0,12.0,2020-08-01,14.0
"Charlotte, NC",2418.0,1565.0,44.0,12.0,797.0,2020-08-01,853.0
"Chicago, IL",958.0,738.0,46.0,54.0,120.0,2020-08-01,220.0
"Cincinnati, OH",752.0,523.0,16.0,24.0,189.0,2020-08-01,229.0
"Cleveland, OH",318.0,280.0,2.0,8.0,28.0,2020-08-01,38.0
"Columbus, OH",824.0,545.0,4.0,20.0,255.0,2020-08-01,279.0
"Dallas, TX",3985.0,3906.0,30.0,12.0,37.0,2020-08-01,79.0
"Denver, CO",2100.0,955.0,70.0,13.0,1062.0,2020-08-01,1145.0
"Detroit, MI",612.0,506.0,2.0,10.0,94.0,2020-08-01,106.0
"Grand Rapids, MI",160.0,142.0,2.0,3.0,13.0,2020-08-01,18.0
"Hartford, CT",126.0,77.0,2.0,0.0,47.0,2020-08-01,49.0
"Houston, TX",5906.0,4768.0,50.0,0.0,1088.0,2020-08-01,1138.0
"Indianapolis, IN",827.0,737.0,14.0,4.0,72.0,2020-08-01,90.0
"Jacksonville, FL",1273.0,1257.0,0.0,16.0,0.0,2020-08-01,16.0
"Kansas City, MO",1017.0,551.0,10.0,15.0,441.0,2020-08-01,466.0
"Las Vegas, NV",1058.0,854.0,82.0,44.0,78.0,2020-08-01,204.0
"Los Angeles, CA",1756.0,860.0,128.0,35.0,733.0,2020-08-01,896.0
"Louisville, KY",500.0,330.0,2.0,0.0,168.0,2020-08-01,170.0
"Memphis, TN",554.0,327.0,0.0,0.0,227.0,2020-08-01,227.0
"Miami, FL",1832.0,682.0,26.0,8.0,1116.0,2020-08-01,1150.0
"Milwaukee, WI",324.0,219.0,76.0,0.0,29.0,2020-08-01,105.0
"Minneapolis, MN",1488.0,1057.0,16.0,31.0,384.0,2020-08-01,431.0
"Nashville, TN",2504.0,1165.0,8.0,11.0,1320.0,2020-08-01,1339.0
"New York, NY",3382.0,954.0,186.0,56.0,2186.0,2020-08-01,2428.0
"Oklahoma City, OK",663.0,631.0,32.0,0.0,0.0,2020-08-01,32.0
"Orlando, FL",3458.0,1496.0,24.0,20.0,1918.0,2020-08-01,1962.0
"Philadelphia, PA",1183.0,724.0,30.0,60.0,369.0,2020-08-01,459.0
"Phoenix, AZ",3651.0,2808.0,72.0,27.0,744.0,2020-08-01,843.0
"Pittsburgh, PA",143.0,97.0,2.0,0.0,44.0,2020-08-01,46.0
"Portland, OR",1158.0,757.0,30.0,8.0,363.0,2020-08-01,401.0
"Providence, RI",194.0,152.0,12.0,8.0,22.0,2020-08-01,42.0
"Raleigh, NC",1492.0,1193.0,14.0,0.0,285.0,2020-08-01,299.0
"Richmond, VA",516.0,405.0,4.0,27.0,80.0,2020-08-01,111.0
"Riverside, CA",1080.0,1005.0,0.0,37.0,38.0,2020-08-01,75.0
"Sacramento, CA",811.0,658.0,10.0,0.0,143.0,2020-08-01,153.0
"Salt Lake City, UT",1283.0,507.0,22.0,22.0,732.0,2020-08-01,776.0
"San Antonio, TX",1848.0,920.0,62.0,7.0,859.0,2020-08-01,928.0
"San Diego, CA",995.0,257.0,22.0,59.0,657.0,2020-08-01,738.0
"San Francisco, CA",682.0,324.0,6.0,9.0,343.0,2020-08-01,358.0
"San Jose, CA",373.0,262.0,2.0,3.0,106.0,2020-08-01,111.0
"Seattle, WA",1956.0,795.0,56.0,56.0,1049.0,2020-08-01,1161.0
"St. Louis, MO",639.0,527.0,22.0,0.0,90.0,2020-08-01,112.0
"Tampa, FL",1687.0,848.0,6.0,16.0,817.0,2020-08-01,839.0
"Virginia Beach, VA",512.0,394.0,0.0,0.0,118.0,2020-08-01,118.0
"Washington, DC",1568.0,1024.0,22.0,23.0,499.0,2020-08-01,544.0
"Atlanta, GA",2740.0,2521.0,0.0,16.0,203.0,2020-07-01,219.0
"Austin, TX",3979.0,2077.0,14.0,20.0,1868.0,2020-07-01,1902.0
"Baltimore, MD",594.0,487.0,0.0,4.0,103.0,2020-07-01,107.0
"Birmingham, AL",368.0,358.0,2.0,0.0,8.0,2020-07-01,10.0
"Boston, MA",1305.0,458.0,38.0,36.0,773.0,2020-07-01,847.0
"Buffalo, NY",234.0,103.0,4.0,4.0,123.0,2020-07-01,131.0
"Charlotte, NC",1898.0,1787.0,0.0,3.0,108.0,2020-07-01,111.0
"Chicago, IL",1542.0,842.0,26.0,94.0,580.0,2020-07-01,700.0
"Cincinnati, OH",954.0,543.0,0.0,8.0,403.0,2020-07-01,411.0
"Cleveland, OH",278.0,266.0,0.0,12.0,0.0,2020-07-01,12.0
"Columbus, OH",1034.0,476.0,10.0,35.0,513.0,2020-07-01,558.0
"Dallas, TX",4847.0,3750.0,30.0,18.0,1049.0,2020-07-01,1097.0
"Denver, CO",1430.0,1232.0,6.0,11.0,181.0,2020-07-01,198.0
"Detroit, MI",639.0,528.0,12.0,4.0,95.0,2020-07-01,111.0
"Grand Rapids, MI",202.0,138.0,4.0,11.0,49.0,2020-07-01,64.0
"Hartford, CT",116.0,69.0,0.0,4.0,43.0,2020-07-01,47.0
"Houston, TX",6663.0,4952.0,42.0,0.0,1669.0,2020-07-01,1711.0
"Indianapolis, IN",1079.0,691.0,10.0,11.0,367.0,2020-07-01,388.0
"Jacksonville, FL",1420.0,1312.0,8.0,100.0,0.0,2020-07-01,108.0
"Kansas City, MO",2014.0,595.0,88.0,20.0,1311.0,2020-07-01,1419.0
"Las Vegas, NV",1384.0,1124.0,166.0,58.0,36.0,2020-07-01,260.0
"Los Angeles, CA",2715.0,815.0,134.0,38.0,1728.0,2020-07-01,1900.0
"Louisville, KY",334.0,325.0,4.0,0.0,5.0,2020-07-01,9.0
"Memphis, TN",534.0,417.0,2.0,4.0,111.0,2020-07-01,117.0
"Miami, FL",1117.0,627.0,32.0,13.0,445.0,2020-07-01,490.0
"Milwaukee, WI",181.0,139.0,20.0,0.0,22.0,2020-07-01,42.0
"Minneapolis, MN",1988.0,967.0,18.0,14.0,989.0,2020-07-01,1021.0
"Nashville, TN",3144.0,1317.0,0.0,12.0,1815.0,2020-07-01,1827.0
"New York, NY",4738.0,877.0,166.0,140.0,3555.0,2020-07-01,3861.0
"Oklahoma City, OK",648.0,622.0,26.0,0.0,0.0,2020-07-01,26.0
"Orlando, FL",2102.0,1480.0,30.0,8.0,584.0,2020-07-01,622.0
"Philadelphia, PA",1483.0,747.0,28.0,70.0,638.0,2020-07-01,736.0
"Phoenix, AZ",4659.0,3003.0,102.0,10.0,1544.0,2020-07-01,1656.0
"Pittsburgh, PA",194.0,118.0,4.0,3.0,69.0,2020-07-01,76.0
"Portland, OR",1177.0,748.0,6.0,11.0,412.0,2020-07-01,429.0
"Providence, RI",151.0,125.0,18.0,3.0,5.0,2020-07-01,26.0
"Raleigh, NC",1257.0,1191.0,2.0,4.0,60.0,2020-07-01,66.0
"Richmond, VA",832.0,466.0,10.0,27.0,329.0,2020-07-01,366.0
"Riverside, CA",1304.0,1168.0,10.0,0.0,126.0,2020-07-01,136.0
"Sacramento, CA",788.0,666.0,8.0,0.0,114.0,2020-07-01,122.0
"Salt Lake City, UT",891.0,445.0,12.0,7.0,427.0,2020-07-01,446.0
"San Antonio, TX",1562.0,1002.0,26.0,8.0,526.0,2020-07-01,560.0
"San Diego, CA",721.0,200.0,6.0,23.0,492.0,2020-07-01,521.0
"San Francisco, CA",869.0,249.0,8.0,10.0,602.0,2020-07-01,620.0
"San Jose, CA",1949.0,241.0,4.0,7.0,1697.0,2020-07-01,1708.0
"Seattle, WA",1798.0,902.0,64.0,70.0,762.0,2020-07-01,896.0
"St. Louis, MO",720.0,552.0,8.0,0.0,160.0,2020-07-01,168.0
"Tampa, FL",1428.0,1155.0,2.0,0.0,271.0,2020-07-01,273.0
"Virginia Beach, VA",790.0,483.0,2.0,0.0,305.0,2020-07-01,307.0
"Washington, DC",1714.0,1130.0,2.0,11.0,571.0,2020-07-01,584.0
"Atlanta, GA",2397.0,2085.0,2.0,16.0,294.0,2020-06-01,312.0
"Austin, TX",2254.0,1540.0,20.0,3.0,691.0,2020-06-01,714.0
"Baltimore, MD",555.0,364.0,0.0,0.0,191.0,2020-06-01,191.0
"Birmingham, AL",528.0,311.0,4.0,0.0,213.0,2020-06-01,217.0
"Boston, MA",1590.0,397.0,48.0,20.0,1125.0,2020-06-01,1193.0
"Buffalo, NY",123.0,86.0,2.0,0.0,35.0,2020-06-01,37.0
"Charlotte, NC",2628.0,1346.0,4.0,10.0,1268.0,2020-06-01,1282.0
"Chicago, IL",1090.0,681.0,30.0,42.0,337.0,2020-06-01,409.0
"Cincinnati, OH",490.0,457.0,2.0,7.0,24.0,2020-06-01,33.0
"Cleveland, OH",294.0,255.0,20.0,13.0,6.0,2020-06-01,39.0
"Columbus, OH",1136.0,437.0,4.0,33.0,662.0,2020-06-01,699.0
"Dallas, TX",4662.0,3463.0,38.0,16.0,1145.0,2020-06-01,1199.0
"Denver, CO",1659.0,1071.0,30.0,9.0,549.0,2020-06-01,588.0
"Detroit, MI",615.0,532.0,0.0,6.0,77.0,2020-06-01,83.0
"Grand Rapids, MI",223.0,158.0,2.0,0.0,63.0,2020-06-01,65.0
"Hartford, CT",132.0,73.0,0.0,4.0,55.0,2020-06-01,59.0
"Houston, TX",5774.0,4028.0,28.0,0.0,1718.0,2020-06-01,1746.0
"Indianapolis, IN",868.0,709.0,12.0,4.0,143.0,2020-06-01,159.0
"Jacksonville, FL",1417.0,1059.0,28.0,4.0,326.0,2020-06-01,358.0
"Kansas City, MO",867.0,520.0,24.0,44.0,279.0,2020-06-01,347.0
"Las Vegas, NV",985.0,686.0,10.0,67.0,222.0,2020-06-01,299.0
"Los Angeles, CA",1460.0,702.0,52.0,34.0,672.0,2020-06-01,758.0
"Louisville, KY",538.0,332.0,0.0,4.0,202.0,2020-06-01,206.0
"Memphis, TN",344.0,325.0,0.0,3.0,16.0,2020-06-01,19.0
"Miami, FL",1661.0,613.0,66.0,11.0,971.0,2020-06-01,1048.0
"Milwaukee, WI",237.0,130.0,38.0,16.0,53.0,2020-06-01,107.0
"Minneapolis, MN",2247.0,859.0,10.0,14.0,1364.0,2020-06-01,1388.0
"Nashville, TN",2122.0,1191.0,0.0,3.0,928.0,2020-06-01,931.0
"New York, NY",5370.0,1033.0,120.0,71.0,4146.0,2020-06-01,4337.0
"Oklahoma City, OK",760.0,717.0,40.0,3.0,0.0,2020-06-01,43.0
"Orlando, FL",1594.0,1183.0,48.0,12.0,351.0,2020-06-01,411.0
"Philadelphia, PA",1162.0,646.0,36.0,73.0,407.0,2020-06-01,516.0
"Phoenix, AZ",4285.0,2542.0,76.0,31.0,1636.0,2020-06-01,1743.0
"Pittsburgh, PA",168.0,96.0,2.0,7.0,63.0,2020-06-01,72.0
"Portland, OR",1154.0,670.0,14.0,0.0,470.0,2020-06-01,484.0
"Providence, RI",206.0,144.0,6.0,22.0,34.0,2020-06-01,62.0
"Raleigh, NC",1377.0,1043.0,2.0,4.0,328.0,2020-06-01,334.0
"Richmond, VA",786.0,442.0,60.0,48.0,236.0,2020-06-01,344.0
"Riverside, CA",1506.0,1314.0,84.0,15.0,93.0,2020-06-01,192.0
"Sacramento, CA",1251.0,632.0,4.0,0.0,615.0,2020-06-01,619.0
"Salt Lake City, UT",625.0,410.0,14.0,10.0,191.0,2020-06-01,215.0
"San Antonio, TX",1788.0,889.0,4.0,16.0,879.0,2020-06-01,899.0
"San Diego, CA",843.0,327.0,8.0,25.0,483.0,2020-06-01,516.0
"San Francisco, CA",826.0,380.0,10.0,11.0,425.0,2020-06-01,446.0
"San Jose, CA",248.0,181.0,2.0,3.0,62.0,2020-06-01,67.0
"Seattle, WA",1762.0,735.0,52.0,71.0,904.0,2020-06-01,1027.0
"St. Louis, MO",667.0,601.0,4.0,3.0,59.0,2020-06-01,66.0
"Tampa, FL",1700.0,1137.0,6.0,4.0,553.0,2020-06-01,563.0
"Virginia Beach, VA",617.0,451.0,0.0,12.0,154.0,2020-06-01,166.0
"Washington, DC",2432.0,1118.0,4.0,8.0,1302.0,2020-06-01,1314.0
