RegionID,SizeRank,RegionName,RegionType,StateName,2015-01-31,2015-02-28,2015-03-31,2015-04-30,2015-05-31,2015-06-30,2015-07-31,2015-08-31,2015-09-30,2015-10-31,2015-11-30,2015-12-31,2016-01-31,2016-02-29,2016-03-31,2016-04-30,2016-05-31,2016-06-30,2016-07-31,2016-08-31,2016-09-30,2016-10-31,2016-11-30,2016-12-31,2017-01-31,2017-02-28,2017-03-31,2017-04-30,2017-05-31,2017-06-30,2017-07-31,2017-08-31,2017-09-30,2017-10-31,2017-11-30,2017-12-31,2018-01-31,2018-02-28,2018-03-31,2018-04-30,2018-05-31,2018-06-30,2018-07-31,2018-08-31,2018-09-30,2018-10-31,2018-11-30,2018-12-31,2019-01-31,2019-02-28,2019-03-31,2019-04-30,2019-05-31,2019-06-30,2019-07-31,2019-08-31,2019-09-30,2019-10-31,2019-11-30,2019-12-31,2020-01-31,2020-02-29,2020-03-31,2020-04-30,2020-05-31,2020-06-30,2020-07-31,2020-08-31,2020-09-30,2020-10-31,2020-11-30,2020-12-31,2021-01-31,2021-02-28,2021-03-31,2021-04-30,2021-05-31,2021-06-30,2021-07-31,2021-08-31,2021-09-30,2021-10-31,2021-11-30,2021-12-31,2022-01-31,2022-02-28,2022-03-31,2022-04-30,2022-05-31,2022-06-30,2022-07-31,2022-08-31,2022-09-30,2022-10-31,2022-11-30,2022-12-31,2023-01-31,2023-02-28,2023-03-31,2023-04-30,2023-05-31,2023-06-30,2023-07-31,2023-08-31,2023-09-30,2023-10-31,2023-11-30,2023-12-31,2024-01-31,2024-02-29,2024-03-31,2024-04-30,2024-05-31,2024-06-30,2024-07-31,2024-08-31,2024-09-30,2024-10-31,2024-11-30,2024-12-31,2025-01-31,2025-02-28,2025-03-31,2025-04-30,2025-05-31,2025-06-30,2025-07-31,2025-08-31,2025-09-30,2025-10-31,2025-11-30,2025-12-31,2026-01-31,2026-02-28
102001,0,United States,country,,0.2480315238217536,0.2483899907987228,0.2489650705542356,0.2493094959228697,0.2495348742376142,0.2496586507565331,0.2498857770021881,0.2502006965136079,0.2505364303499941,0.2508367489956472,0.2510939662915114,0.2513661165223858,0.2514698185083343,0.2514970902932135,0.2513816946506148,0.2515795039107001,0.2517906340262317,0.2520465093960762,0.2520635736951209,0.252082501911008,0.2518944959431111,0.2517282309772888,0.25142502709246,0.2508522901750261,0.2505079642300262,0.2503648031595878,0.2503387904924002,0.2498912716007436,0.249496453469023,0.2493775857807603,0.2493735701109369,0.2493312832897268,0.2500230343286088,0.2506387934373905,0.2513778562428164,0.2519911699577484,0.2526698554068239,0.2533852280814913,0.2540118263867303,0.2546868472466157,0.2551198648758426,0.2550931685227642,0.2550096627605211,0.2548833693669426,0.2539816880237119,0.2531853475250142,0.2524732223335098,0.2517157229666046,0.2506615761636815,0.2495853673597562,0.2486850151858756,0.2478335781276029,0.2472361682230379,0.2473186914279092,0.2475144206039133,0.2478315984779465,0.2490257406360644,0.2502818371419024,0.2514619412369135,0.2527996213529794,0.254300175448758,0.2554757586721697,0.2540804562717432,0.2512104211084799,0.2482662604443549,0.2467802821073407,0.2462624422387167,0.2458370305323196,0.2464747646388562,0.2477149878720731,0.2490109600616694,0.2487072056830232,0.2485078117262902,0.2488354278383731,0.2512961784261657,0.254652544474961,0.2583750499287889,0.2600585683878484,0.2613790568393326,0.2633665255685501,0.2676473407196825,0.2716938743149013,0.274841659212023,0.2752498323672097,0.2747854066394368,0.2744297924942482,0.2736554072513219,0.2733843675090855,0.2729788806944788,0.2733459954857737,0.2732585555743577,0.2728982890818474,0.2732913743370618,0.2736925906802889,0.2740909740859619,0.2742329732635586,0.2742944366560566,0.2744042302346461,0.275055929316108,0.2753531885443855,0.2756109322640373,0.2749537607545514,0.2746384368368282,0.2742714649152782,0.2736936206163086,0.2731655240086018,0.2725997925053061,0.2720909716825456,0.2715820465058685,0.2710749347099702,0.2703945296577939,0.2697394152239624,0.2691635547591887,0.2688062121368931,0.2683998080156908,0.2679152635113791,0.2676117257405456,0.2672977922564287,0.2671814936280643,0.2669458315119804,0.2670671088910062,0.2670312320582541,0.2666597374924991,0.2661489335348173,0.2656011087732977,0.2654176810441399,0.2652025169723416,0.2650536083038757,0.264897645766264,0.2647141433023409,0.2643426528555736,0.2639444966471928,0.2634276916457864,0.2629767474789247
394913,1,"New York, NY",msa,NY,0.3624944619413862,0.364382409943591,0.3659559870607322,0.3668320654941759,0.3667905310295358,0.366635732900061,0.3666214403632291,0.367096561656958,0.367325847652662,0.3674673944657502,0.3669769493326592,0.3665905965650066,0.3659474181635185,0.3653961371310554,0.3646541921255791,0.3640533213893455,0.3636905289522628,0.3634239391766476,0.3634472035645595,0.3630278491892726,0.3633410659888265,0.3637268775186006,0.3647770511466288,0.3640785552192965,0.3631876799502507,0.3618452439019267,0.3609775587326048,0.3598912481011356,0.3591645881718349,0.3580381524099004,0.3569710237122387,0.3555392071552726,0.3541115897478568,0.3521127929649669,0.35035066479307,0.3495124818948652,0.3492168741601347,0.3489206446034548,0.3484212518218286,0.3482384589329657,0.3478021645449037,0.3476469341443077,0.3475723733041944,0.3479058587642544,0.3479004021429459,0.3476181317168562,0.3475555498759937,0.3470047320827879,0.3464739592386848,0.3459767192126418,0.3455403060964343,0.3448894006306588,0.344420263898234,0.3446701230628518,0.3449502826947708,0.3452796582634082,0.3464400067268633,0.3482060140530461,0.3496947694020609,0.3517290944473026,0.3536253103896036,0.3552500598183685,0.3517090217808543,0.3467285248731471,0.3404214059547475,0.3342659140690917,0.3283610557576477,0.3215035456661234,0.316723326232921,0.3140303835440678,0.3125913263329329,0.3100453979504352,0.3076659420366973,0.3064464304309228,0.3084721729952086,0.3118814134286726,0.3163610905026143,0.319123780598282,0.3225245894916212,0.3276254745717218,0.336044433153455,0.3441685975382408,0.3511857406793832,0.3543980992505902,0.3563195997511835,0.3577649742852294,0.3592417967667214,0.3607556824716106,0.3625839309097776,0.3649707738987769,0.3670127932947285,0.3682946912399769,0.3689487396690006,0.3689562668366266,0.3683270621063689,0.3675741005388658,0.3671997606759668,0.3671773842526246,0.367343516289672,0.3678708349621596,0.3681841517260518,0.367740664893962,0.3669439328928813,0.3662263331600451,0.366213538985117,0.3659490919133497,0.3657136779985673,0.3656609597387206,0.3660693036033176,0.3665012697237862,0.3668613784903222,0.3668932061904078,0.3668858945325483,0.3664264352625156,0.3654179620657799,0.3644522906238278,0.3641529486118179,0.3645570627653509,0.3658307940472887,0.3668864464105187,0.3680744969991892,0.3684480233124519,0.3683760983338129,0.3680923878865891,0.367809799137616,0.3683688852694323,0.3695463367682354,0.370717476855231,0.3714677801539436,0.3719325556009563,0.3717973598124831,0.3717455259805484,0.3712906844867248,0.3713448945582892
753899,2,"Los Angeles, CA",msa,CA,0.3399120852486822,0.3405703219075177,0.341892808546928,0.3430411314221113,0.343703501685825,0.343777409248186,0.344030166077969,0.3445595995771416,0.3452888801522319,0.3456243100431324,0.3462348199871404,0.346873156041991,0.3473175548658208,0.3472220837841734,0.3469773947789079,0.3468756074869674,0.3471936733247404,0.3475724965017972,0.3479312874051329,0.347858893848553,0.3481034094566448,0.3482984948723905,0.3485036204770215,0.3483595392256435,0.3489752172395347,0.3498416341585638,0.3512837804126664,0.3516624550342119,0.3518105581153784,0.3514532461034789,0.3512848136691736,0.3508469281968062,0.3504212841078462,0.3496870753664557,0.3493515076511757,0.3492075869991205,0.3493295721989052,0.3496197677118312,0.3488076766225227,0.3480668923056068,0.3470780029964556,0.3471078767221244,0.3469934266842556,0.3470988765038269,0.3467340727209342,0.3466966695419473,0.3465448318095201,0.3462135700505215,0.3451354547380121,0.344099936814097,0.3435458808433706,0.3432545582686132,0.343290141969036,0.3435257683955757,0.3438652281019673,0.3442343230410823,0.3453387903367852,0.3463987334285002,0.3473039076406656,0.3481850092998955,0.3492930941191,0.3499506789078639,0.3465090514105499,0.3420840779006613,0.3377603162764786,0.3337904330684373,0.3304269387884744,0.3271665315573941,0.3269657252541389,0.3279826851608878,0.3290242262952939,0.327046250399197,0.3253830133324724,0.3244737578538404,0.3277225870756065,0.3315889960320474,0.3357453818585991,0.3375432915797118,0.3396014352105506,0.3430962218090553,0.348485763576335,0.3533481510270578,0.3568638737740311,0.3585311765520935,0.3591961986447795,0.3603835950175626,0.361621624804481,0.3639321689630052,0.3653767776321583,0.3662322168597251,0.3658812931548068,0.3650876038009606,0.3643967492924956,0.3635777066253918,0.3631916337564165,0.3621210502798179,0.3607056139936831,0.3593268453981934,0.3583521225632123,0.3574697426164396,0.3564380525580524,0.3554435809517566,0.3550005468663174,0.3544562481197791,0.3538956948451444,0.353488113950991,0.3527036647411659,0.3521008772545475,0.3510455089170265,0.3502531317115629,0.3490243917836507,0.3484886438937672,0.3479714063345165,0.3475422997210305,0.3471161513969532,0.3464372155138896,0.3461987169600126,0.3457521939946775,0.3455022105705999,0.3450788987180923,0.3462383622889096,0.3470990407184204,0.3469595801652365,0.3458095799935095,0.3448660874874694,0.3444310295898634,0.3439569820632615,0.3436889670154638,0.3433495270229095,0.3430839127347625,0.3426419769251916,0.3420501338408348,0.3405960624885466,0.3391167606897257
394463,3,"Chicago, IL",msa,IL,0.254350836499797,0.25405700116108,0.2542912053492609,0.2545219308065635,0.2547525032347035,0.2545599988246007,0.2542314583408845,0.2540559511537252,0.2536217000186731,0.2533928493657441,0.2531656066277412,0.253406714413271,0.2534459094957626,0.2532803758852681,0.2531901630178214,0.252918834252514,0.2528384964839384,0.2529644458414274,0.2535235415108566,0.2542195025117457,0.2541123040362327,0.2539877687263127,0.2532638791915676,0.2524695011326834,0.2519872763842324,0.2522470938694814,0.2526058830663237,0.2525111259634665,0.2522161887269095,0.2517600245551676,0.2513167519967713,0.250588416287706,0.2507973239816245,0.2506243042661384,0.2508066938614293,0.2504619866793544,0.2501587477978458,0.2498771430385241,0.2491630452787434,0.2486119060034068,0.2480560308846696,0.2477977879833655,0.2473998981290869,0.2466994893896964,0.2456432893902564,0.2448011846347935,0.2444470172897838,0.2448034469709397,0.2446786763660719,0.2443355709639245,0.2440998407948577,0.2439167625909656,0.2438655187983976,0.243960755804872,0.2441498355634514,0.2446995469117161,0.2455478989792139,0.2464656289966627,0.2469917434605266,0.2473271408220787,0.2479697523968412,0.2483683657100375,0.2467005014084397,0.2427734656856729,0.2389801243806263,0.2366790885202264,0.2353951884323313,0.2343653268747132,0.2340194184021264,0.2336530979579707,0.2333311124849584,0.2319707192063568,0.2303530000040037,0.2296457166363251,0.2310106192812903,0.2340098681599828,0.2368634776719776,0.2379592359472205,0.2382892095568631,0.2389644560492859,0.2421545370535873,0.245447048510058,0.2484801587565323,0.2491649034878039,0.2493909136706508,0.2493055484829326,0.24940419594406,0.2497624002327376,0.2502334359644931,0.2505191227672953,0.2508705305218107,0.2510798677796095,0.2518383196107188,0.2526661984946562,0.2532417235582578,0.2534012468050504,0.2534401189038539,0.2537580151235757,0.2541299613739204,0.2541480985720236,0.2544951716050003,0.2548419385802765,0.2552571975363183,0.2557129542805626,0.2557078827516097,0.2557544872642889,0.2557769695091583,0.2563223594114331,0.2567406794448571,0.2570665023848125,0.2571164449962097,0.2572964895451476,0.2572835837262568,0.2577106454965255,0.2581444170363602,0.2587051956838248,0.2594399611641252,0.2604708630108605,0.2615467345928948,0.2624925643767828,0.2628918789645054,0.2634153354875115,0.2639510360864413,0.264315264252803,0.264705827934392,0.265301109478758,0.2659275602571178,0.2664203387725846,0.2669227054423614,0.2671456693251143,0.2673724260655019,0.2675095576969338,0.2680312884400948,0.2684313480665911
394514,4,"Dallas, TX",msa,TX,0.2026492495633753,0.20283847232939,0.2036051212954445,0.204923868825281,0.2058172750481008,0.206351173442074,0.2067285385147846,0.206997266489635,0.2069265870328838,0.2066396201208992,0.2065998012425922,0.2066534182822951,0.2064454112163709,0.2064270764473241,0.2062456813478682,0.2063612358912314,0.2061693027961093,0.2065010835429389,0.2067760901772007,0.2073353813777975,0.2079921371129184,0.2088993347437986,0.2092659116016012,0.2090997451124371,0.2091422632012617,0.2090298580020434,0.2093907749410526,0.2090537562519773,0.2094569200459604,0.2091402700795527,0.2090389295611555,0.2087764789316211,0.2089556012572241,0.2087936503646833,0.2091677845054906,0.2090255874422042,0.2091070453233311,0.2090870408781095,0.2088111927709088,0.208792918938033,0.2083527236451671,0.2085224087729269,0.2084818966227586,0.2083557852929517,0.2080981865162769,0.2084229705700529,0.2085576756271751,0.2087465016359449,0.2082290867742184,0.207775635130941,0.208006332255837,0.2083038474047764,0.2086337088054821,0.2087911397788341,0.2090082767878945,0.2092941601227057,0.2096303605296816,0.2096438444073874,0.2096244803239769,0.2098802609782431,0.2104909940893243,0.2109680306419165,0.2103039727301968,0.208229211869924,0.2060456164675955,0.2048740488275904,0.2045687419036044,0.204715943521698,0.2059186588675311,0.2075700084019679,0.2088453802755553,0.2081446408127797,0.2072367809594201,0.206910162693066,0.2080730536069701,0.2103055257480119,0.212863108128738,0.2146886381790986,0.2163854800805557,0.2188524859348216,0.2238899565755587,0.2288634816038724,0.2331072929398028,0.2343470807105007,0.2346891251836561,0.2348521977080138,0.2349310886746163,0.2356261280372305,0.2362428206102051,0.2371189365172052,0.2369898183727334,0.2359676509924906,0.2347336828062977,0.2332068183612252,0.2320836989124199,0.2305576904696304,0.2292107742681721,0.2280206859100429,0.2280178527760652,0.2271104596043963,0.2263563605639297,0.2243251107644365,0.2231526999587032,0.221808285122064,0.2209518890512903,0.2201574133288883,0.2193672839696587,0.2180151052804786,0.2165846931762941,0.2149402637459232,0.2134283694202234,0.2120582044587009,0.2110105395156733,0.2102681363660889,0.209513736972508,0.2088297143348511,0.2081085017227149,0.207580357750972,0.2068056518866483,0.2061432545464672,0.2056909575396932,0.2055534587667501,0.2049451015549593,0.2044295583031838,0.2036046078980837,0.2031175735840804,0.2024398224948649,0.2019161891074586,0.2015263531777062,0.2010499778599321,0.2006303750769421,0.2001727361753389,0.1996544970009944,0.1990151409083006
394692,5,"Houston, TX",msa,TX,0.235438416327817,0.2356738725129448,0.2368912220908335,0.2378508717549591,0.2385040306368307,0.2387304975213183,0.2388596599668398,0.2392238763134852,0.2385522478597365,0.2378529801467599,0.237168616382741,0.2365604777561417,0.2361402651446019,0.2353807242536713,0.2350322806285178,0.234113223449037,0.2331049387164899,0.2327403361015755,0.232840401403265,0.233134797481839,0.2331463437374858,0.2334021252332775,0.2331484067144958,0.2327831743759116,0.2325127333446306,0.2330441223311023,0.2335474974085247,0.2332614646042712,0.2334410733704323,0.2326850658394331,0.2323276319790202,0.231480475300301,0.2327198965183242,0.2338439916929473,0.2352854733934732,0.2356792291013717,0.2355262905145389,0.2355894945500791,0.2346693535975152,0.2345926930341878,0.233639318013874,0.2335941106760713,0.2331992591966544,0.2331418409845407,0.2328097693689883,0.2327655796774115,0.2328433829753828,0.2323226023647933,0.2319232420556083,0.2309199634797441,0.2314260655476691,0.231824167807722,0.2326833666345331,0.2331800200595428,0.2336664941665558,0.2340799658487333,0.233873753265716,0.2334979481051154,0.2330487743132293,0.2337997949711407,0.2347563546595152,0.2357512539778149,0.2349267751600724,0.2321357176786942,0.2289356288235672,0.227237871448364,0.2271594540037124,0.2277155989281737,0.2292038780579566,0.2311626764719418,0.2327959822813259,0.23158877139718,0.2302524746721724,0.2288107330196011,0.2300061953625002,0.232177429197081,0.2352311079943427,0.2370250443484632,0.2381687651381538,0.2398196230256017,0.2438551385633089,0.2477591315699393,0.2508659579772864,0.2509698081590025,0.2504067222320066,0.2503059495034033,0.2498884621406285,0.2500001914053123,0.2493732769184585,0.2490274726455892,0.2482089700660714,0.2472575444363794,0.246712690527248,0.2461888313390896,0.2455805309354151,0.2447836931719546,0.2440455906630712,0.2437213784054235,0.2442712257595572,0.2440959740622602,0.2440654039525649,0.2434119151546078,0.2427277290609224,0.2417711442366266,0.2409458700741703,0.2405671056915552,0.2403460277767372,0.2399579101922347,0.239474589028669,0.2389044149072402,0.2379064031557294,0.2375187693934231,0.2373036569005055,0.2376681451663527,0.2372904994306247,0.2370888388507493,0.2368547429554004,0.2368635222053253,0.2365963740885519,0.2361511775261276,0.2356971108443143,0.2355147729693906,0.234978526670416,0.234114578131287,0.2331312130504948,0.2320367097306824,0.2315641087448884,0.2310670760355534,0.2307270270413726,0.229993917545222,0.2293001396216728,0.2285364661545885,0.2277135591871078,0.2266207230854336
395209,6,"Washington, DC",msa,VA,0.222495119336021,0.2228590159796824,0.2232223941755403,0.2232864378916201,0.2233241879079357,0.2230124422774441,0.2226992368117518,0.2222086159679341,0.2223624014207542,0.2224878095223627,0.2228362804456518,0.2228283995900352,0.2228016782522704,0.2225277178875354,0.2223193731483812,0.2220802408443917,0.2219779581287634,0.2216866526584028,0.2215396831873792,0.2215493352208525,0.2210555031643232,0.2206481540356362,0.2200538216600789,0.2198671816496666,0.2197156095894737,0.2200129761642481,0.2199252461320664,0.2197100163185233,0.219082411688284,0.2189020674516523,0.2185663038858603,0.2182249808888776,0.2180338329322759,0.2178029767810267,0.2174646021144403,0.2171552944561277,0.216942018086161,0.2167407091445487,0.2167509104421246,0.2167202122157868,0.2168043838306046,0.2167510114610986,0.2166846008558568,0.2168398611228059,0.2162363118781355,0.2161768073972761,0.2162663103661444,0.2165068528157767,0.2160746750069492,0.2157212326190868,0.21536394114786,0.2150512887287514,0.2148714124619961,0.2148790963250446,0.2149857262148636,0.2149024223414119,0.2155097133663059,0.2157303604213597,0.2159710252266623,0.2163438567246444,0.2172161374940621,0.2176894874633519,0.2168451996765676,0.2140774885377301,0.2111594843611851,0.2088459354350293,0.207338942084502,0.2061974170970096,0.2057459672888862,0.2055779937379025,0.2052115938557829,0.2039764642490909,0.2031760542603401,0.2027915965528678,0.2036596589244135,0.2053029310353249,0.2076315404640877,0.2092834837729479,0.2104576776806649,0.211929858729517,0.2149030319579573,0.218233816106035,0.2207920132761228,0.221055038400426,0.2202000704952228,0.2195853843697487,0.2190197162339208,0.2190833708547897,0.2188660021434789,0.2187461922826864,0.2183918156406116,0.2176927229663464,0.2175122477160413,0.2167716018599404,0.2163518703467738,0.2157456247080274,0.2155634127846428,0.2155189433095095,0.2160149428366511,0.215820022326854,0.2156541069002116,0.2148792469140298,0.2147265345198655,0.2146647264197606,0.2147792090384427,0.215110236096984,0.2153086942264765,0.2153720472417117,0.2152291784287525,0.2152116648494668,0.2150949947859186,0.2153155137132004,0.2156326952994982,0.2162679905397204,0.2167162533029977,0.216933087173862,0.2171100716286607,0.2172212310124502,0.2174131790894668,0.2175537756777272,0.2177816864997956,0.2177883563216403,0.2173898255393324,0.2167698655983929,0.2160708678510788,0.2155757719436478,0.2149600263490065,0.2144766253315391,0.2140012742455284,0.213521597980331,0.212894509369622,0.2122719615928031,0.2114788534439158,0.210672587422327
394974,7,"Philadelphia, PA",msa,PA,0.2236410896835935,0.2237908094954023,0.2246468663539624,0.22468804850069,0.2247971868417407,0.2243461697528223,0.2243988874734687,0.2242557642844499,0.2241991622504486,0.2239842185760887,0.2233613294584623,0.223012828551546,0.2224580135854575,0.2226945839396725,0.222434402720376,0.2226150294177011,0.2225656936865556,0.2230732115812159,0.2229920350871452,0.2229280835530299,0.2226233259965887,0.2225837700371357,0.2229756126561299,0.2232688646915763,0.2235501331192196,0.223525330838453,0.2237396916636667,0.2238631627100873,0.2238135148291978,0.2233063542431956,0.223200122033675,0.2232448429323784,0.2233773505920866,0.2232813394453992,0.2229598385520305,0.223023249646633,0.2226804048869748,0.222560009983911,0.2223304897193717,0.222169028223753,0.2222663128781927,0.2217858458489839,0.2213486121681539,0.2209091111198555,0.2207944778006126,0.2209446758260342,0.2211985010257302,0.2208901048899513,0.22074810101301,0.2202162732341729,0.2203350162642035,0.2203800241612228,0.2203895975876279,0.2211049127874686,0.2217373862880325,0.2223446443896412,0.2230210948299547,0.2236116620967466,0.2241875699511841,0.2251224080332678,0.2261549175981062,0.2271615679780954,0.2258829167605329,0.2234385995997708,0.2206753503812366,0.2188191364811815,0.2179959853378182,0.2171224442410673,0.2176645957593207,0.2182399744760689,0.2187359282063158,0.2177296020496991,0.2167881391276294,0.2162310678422128,0.2173313756223406,0.219622755957327,0.2224029729085577,0.2233857812950951,0.2236618739070042,0.2245861385989022,0.2275811188982043,0.2312852945797843,0.2344877788156403,0.2360904363313057,0.2363330774004533,0.2363585507020125,0.2359677278683425,0.2358567987882733,0.235529003051455,0.2355267206577956,0.2352463590287636,0.2347144869434662,0.2345226864560152,0.2340329884338379,0.2338351354339589,0.2331414308559327,0.2330892504278474,0.2327041083490321,0.2335557130730667,0.2338595629161838,0.2343460458589067,0.2338841700862494,0.2337642138897225,0.2338404196404341,0.2340636309942884,0.2340852487569509,0.2336926046401208,0.2330999567644289,0.2327333968264656,0.23290860718429,0.2330323410141354,0.2330693501482143,0.2328819275602438,0.2328205880247205,0.2323285233946729,0.2320796283857836,0.2319647688442807,0.2323425027572351,0.2327852961426039,0.2332482112750344,0.2336334449668274,0.2334170526544328,0.2328085821801188,0.2323312701880519,0.2319818696365443,0.2321368498018933,0.232548021503126,0.2327032848863389,0.2327636688228599,0.2325878663313869,0.2324794785950273,0.232500454949612,0.2324157549711565,0.2325913708594337
394856,8,"Miami, FL",msa,FL,0.354954664527465,0.3563814302966814,0.357775912824203,0.359136554454404,0.3603851791461149,0.3611211683261354,0.3617009884519543,0.3620989093249004,0.3622183640075451,0.3618134825020482,0.3620929902128034,0.3623204349815642,0.3625306136036818,0.3621124631131951,0.3613635970595157,0.3605165554645663,0.3591586896960086,0.358465803967886,0.3578910742067939,0.3575831707973467,0.3577437235772873,0.3578652728115947,0.3581790382362248,0.3574785818699139,0.357669699118925,0.3576679323969833,0.3582746688611162,0.3575966483910368,0.356825834205082,0.3557645764402731,0.3549484746181265,0.3544709972662049,0.353697576578123,0.3526935512773564,0.3509806320829311,0.3499877896642505,0.3492977260609721,0.3489717428636654,0.3484513989926996,0.3480308310121223,0.3474981039933758,0.3471337125908237,0.3465746395306484,0.3462641462434142,0.3457326304520162,0.3453916247407146,0.3449395829311555,0.3443470619949751,0.3430014420710668,0.3416812559046464,0.3406413027580598,0.3401015695742457,0.339862063367937,0.3397736331877594,0.3397804930204955,0.3395068005146074,0.3401336955969855,0.340874081846608,0.3419657359183533,0.3427913093092838,0.3438625085564482,0.3445890634013784,0.3418029400004839,0.3372809125075595,0.3326552122349122,0.3308581568054948,0.3299032155304223,0.3295570247082625,0.3310137819542263,0.3342900823814081,0.3376074940280034,0.3371498340164314,0.3365827799522013,0.3379122303778853,0.3425019086204585,0.3483667733561096,0.3546256498732852,0.3598450211296303,0.36637385002417,0.3738881419039547,0.3849978845319191,0.3946529204379457,0.4038177735315351,0.409938092473301,0.4149927865180956,0.4185152920786564,0.4212633470697636,0.4243346114868718,0.4270585477543046,0.4278986628019665,0.426820708743682,0.4244613230238164,0.4228140456576062,0.4211632337217325,0.419789272201108,0.4180160370651537,0.415972295224906,0.413998535531646,0.4124420409540144,0.4107254686095681,0.4091785149216554,0.4072799296387434,0.4051604408364791,0.4034517479431391,0.4019603294716357,0.4014159097113877,0.4000417543593229,0.3978221387546577,0.3958514023155293,0.3946017063180591,0.3935559640471458,0.3921552676813293,0.3903410187227358,0.389132338753991,0.3881465887904415,0.3872855271714023,0.3868451890463768,0.3859375022042869,0.3849579054650652,0.3841497266373269,0.3838746851679799,0.3832629169459124,0.3819813255871037,0.3806312796090553,0.37951714447851,0.3788507598601923,0.378365604539623,0.3776945657041087,0.3767747122228569,0.3757809547015779,0.3750381947287322,0.3744194292643143,0.3735070009512564,0.3725207728561298
394347,9,"Atlanta, GA",msa,GA,0.1975111587717768,0.1978685911995685,0.1980189434821029,0.1988098918637574,0.1991466610328071,0.1997981712281539,0.1998358104415575,0.2000217335814842,0.2001269178638583,0.200330539020738,0.2003058701447751,0.200318507919162,0.2002309018083197,0.2003516138031979,0.2005275850011687,0.2004140909591704,0.2005357583248389,0.2007109418700426,0.2012978978674109,0.2018154783055703,0.2025392794698513,0.2034021554532353,0.2039299652666125,0.2038985664332209,0.2037953860063153,0.2040276048753656,0.2045462972055677,0.2049569489582585,0.205410810339608,0.2057171658414897,0.2061952129363838,0.2063303176455764,0.2067131133976318,0.2062293366995513,0.206502517903235,0.2065143772490124,0.207193931770368,0.2075089470820722,0.2078233268161566,0.2081264767409123,0.2084073128811059,0.2087441904192571,0.2090763859685935,0.2092914509256765,0.2095389062641337,0.2108896689701102,0.2120472144226191,0.2127977059858538,0.212809300528368,0.2128659109385308,0.2132570552318168,0.2137159052016718,0.2141516457695506,0.2147327788670634,0.2151739269318796,0.2159260951470812,0.217016917405955,0.2176947682542307,0.2181851607357091,0.2191680939393915,0.2203564513251695,0.2212625356688292,0.2199955237500101,0.2176195001251953,0.2152876000955876,0.2143096344622774,0.2145160398925803,0.2149946084441615,0.2164818176647061,0.2183830864889599,0.2203742781819214,0.2206434056765304,0.2210738622508231,0.2220320442327978,0.2245894530208475,0.2279461096077977,0.2313143531539995,0.2336148088084107,0.2353334737886763,0.2380905810563869,0.2436346447964334,0.249183530841194,0.2532257019216662,0.2533659080252075,0.2525122045480429,0.2513261464292824,0.2505763569495264,0.2499637459549978,0.2499447886051231,0.2497661219753198,0.2494882071490998,0.2483812136137028,0.2471769633858787,0.2457272986805742,0.244652639340578,0.2445168069613011,0.2438784327943031,0.2434170399432008,0.2431965513672849,0.2425845919777202,0.2416125562997771,0.2398659575211143,0.2385710502588188,0.237082575493251,0.2357455720881547,0.2344784260618445,0.2335121305931009,0.2326606895223044,0.2322879732144825,0.2320712475047574,0.2310941253374591,0.2302624565328116,0.2295189504678301,0.2292229536948995,0.2284294847597445,0.2275327139693439,0.2270479174037234,0.2267738615765864,0.2266891590008008,0.2264612096769325,0.2264883228174529,0.2268117730963618,0.2263665538811012,0.225787231864424,0.2252266367010382,0.2250942277764081,0.2251989529137782,0.2255394063242091,0.2256068628414727,0.2255128235341904,0.2250686892151449,0.2245340005301408,0.2237168271790815,0.2225623847989599
394404,10,"Boston, MA",msa,MA,0.3140229272902095,0.3135073950618686,0.3140693486389471,0.3145403791496108,0.3146065884585696,0.3142845239435783,0.3136791104931469,0.3136530684754356,0.3134094343713274,0.3141303277588176,0.3143277581312771,0.3145590225769647,0.3136065393014124,0.3139433281943509,0.3128406815117699,0.3125098317872122,0.3119035148950939,0.3123953685414873,0.3127653764523688,0.3134311449572258,0.3141332193239741,0.3145275808237144,0.3135348090437946,0.3125219742465968,0.3128633227290173,0.3135929654770093,0.3146182211625905,0.3144090175646538,0.3137908024882632,0.3127798815423421,0.3118952895361085,0.3111734544859032,0.3105102843319565,0.3096756438160379,0.3098805516834697,0.3103052100195861,0.3103152331892017,0.309439359434869,0.3090345449069412,0.3089485922457907,0.3090634550251808,0.308434725765753,0.3080258207820151,0.3074261180303814,0.3074390243744436,0.3081122217745123,0.308425869217748,0.3078586494901355,0.3064810783955828,0.3056860173307868,0.3052111430272075,0.3049149208791246,0.3047192689240016,0.3050701821636004,0.3052289574527278,0.3055827059206565,0.3068119936868402,0.3078821211241339,0.3088920398178033,0.3096930586969607,0.3109342024769518,0.3117012956253436,0.3095175211709189,0.3041357992003927,0.2983128546290517,0.2938995339049547,0.2902162474325834,0.286031438813926,0.2816287523115233,0.2783817245272768,0.276602974106434,0.2759830276473682,0.2761262775963961,0.2772697166864169,0.2791338520840012,0.2813914288181929,0.2839443494192282,0.2856443831410156,0.2872456469972328,0.2890016279014514,0.2935972133805236,0.2986131351575146,0.3025302323356246,0.3034909993469891,0.3032019727406717,0.3021216258298628,0.3014748218872989,0.301982046082076,0.3035458565354842,0.3054682027730163,0.3071324888747331,0.3091249371874177,0.3101997881554976,0.3102452980076701,0.3094596794255606,0.3088165951383112,0.3083264300591528,0.3087249341247859,0.3089876257562281,0.3095807591401364,0.3095713865358228,0.3103421332334394,0.3111321585467625,0.3119435513656254,0.3114304578590037,0.3105240134475419,0.3098929089698972,0.3091393136234313,0.3085477689063732,0.3079876526065612,0.3072616649402448,0.3062585478125778,0.3050699694174172,0.3042461055481869,0.3036401095571149,0.3021194003545795,0.3015297031345089,0.3010404512542703,0.301825459559524,0.3022549711273806,0.3029484939314852,0.3027254434195921,0.3024693528135186,0.3017384068209858,0.3012712574764765,0.3009572805325446,0.3006044416253762,0.3006940147216925,0.300459580420319,0.3003800410643574,0.2993367514569217,0.2987072536875995,0.2978552811486919,0.29741727448013
394976,11,"Phoenix, AZ",msa,AZ,0.20063161446175,0.2021657422543751,0.2024020199809884,0.2035502677438674,0.2030197207326797,0.2036575706581417,0.2033210925968107,0.2033681068045892,0.2035875474945714,0.2040028755980462,0.2044091077494822,0.2046357469858854,0.2048727456682377,0.2043872947410668,0.2040727570738538,0.203456505810901,0.2036524575031875,0.2037822180942878,0.2040745179791592,0.2042480358680025,0.2043899696250872,0.2045429297645727,0.2047749699453616,0.2047884750108082,0.2051847519210211,0.2054972825484962,0.2061780010570734,0.2061675193816793,0.2066457899740687,0.2063425175844249,0.2063404652438217,0.2060706514100505,0.2064051423365493,0.2066935798267115,0.2070196868326869,0.2069747096757029,0.2070504678893655,0.2069836298594459,0.2076455380666277,0.2082638708165816,0.2088367384679932,0.2091267546646653,0.2095577296434475,0.2100979532085875,0.2109156663500138,0.211679079889465,0.2124778644072927,0.212831499779099,0.2125686276609445,0.2128375296146359,0.212789612584385,0.2131547507517609,0.2132752895282011,0.2140655456857685,0.2146585585214732,0.2155074350328014,0.2169492196594015,0.2186651354283962,0.2203315768681395,0.2223570633380948,0.2247372286445337,0.22653179666432,0.2241844131626387,0.2206700111407943,0.2171893436372271,0.2153955954782189,0.2150229597279576,0.2154301053073088,0.2173117968928781,0.2195587266150229,0.2216552174119118,0.2220690946092293,0.2224376734894075,0.2230207798170589,0.2263910770455261,0.2310237191503469,0.2367218323349361,0.2405773673475677,0.2437157900927456,0.2467865699852274,0.2520388462944835,0.2571764967738586,0.2609450042364484,0.2614912439275073,0.2610727898867829,0.2605733522432614,0.2598453433844377,0.2589330452405428,0.2573769512557686,0.2559788531043726,0.2540235017932694,0.2521463138526024,0.2505576197265944,0.2494129808435014,0.2485405927431149,0.247698760906439,0.2464656414154096,0.245556809182257,0.24535593922812,0.2445426485313932,0.2434582617616582,0.2414231999304605,0.2401440442475908,0.238757473258774,0.238103126327957,0.2373281488985556,0.2367527251877785,0.2357887401289869,0.2351534550476305,0.2344906710112547,0.23349278467043,0.2328057825843352,0.2322142306947578,0.2317008002570498,0.2308139607630427,0.230089758573383,0.2296146537312192,0.2290128138238457,0.2283959084839213,0.2277149694131603,0.2272168588838748,0.2267579510452506,0.2256468495820068,0.2244458599700686,0.223368692597662,0.2228058066510509,0.2222971111349198,0.2217440539464575,0.2211858927739391,0.2207502436144003,0.2201384555692077,0.2194960732502898,0.2185755407814955,0.2175873724732316
395057,12,"San Francisco, CA",msa,CA,0.3016713312868964,0.3018663313527532,0.3043100702234521,0.305830594508505,0.3064316848955662,0.3068348406707014,0.3080805157842727,0.3091338510545466,0.309875079628124,0.3093498880158989,0.3093247238925728,0.3093104008894702,0.3098954901312005,0.3101076809926416,0.3088023714413492,0.3083597041204164,0.3068947043963986,0.3060207373031551,0.3045908683781505,0.3030421227716652,0.3014706845148407,0.2994794442825342,0.2984967082365656,0.2973194546036345,0.2967672781652704,0.2966849697740685,0.2970357657984728,0.2960417101731961,0.2950397464538372,0.2944611908957676,0.2938578544464714,0.2933645366952666,0.2928362275732345,0.2926542713929501,0.2917684418658779,0.2915269754813108,0.2909434273509477,0.2908659391069445,0.2898096247206144,0.2892985319663649,0.2886932684647673,0.2883959070097222,0.2879260351754938,0.2876746224617214,0.2872560932517195,0.2869840532634777,0.2864751634396695,0.2859051602895762,0.2851079413130257,0.2842939600467384,0.2836374371594155,0.282909024519317,0.2826130339730899,0.282746229144015,0.2832276203835369,0.2835831191958588,0.2847992774805391,0.2859511162302261,0.2873822301071493,0.2885140455734066,0.2898073860962338,0.2905246324789606,0.2889869368371585,0.2854003079049185,0.2812877377266692,0.2762906315273464,0.2710843949300295,0.265388970070845,0.2616562387321972,0.259129543548272,0.2572731735144739,0.2543809860006563,0.2513110488475955,0.2498373310828966,0.2513096695029285,0.2540445277199394,0.2569120386822816,0.2581875230246958,0.2592832548128016,0.2608806584115069,0.2640971499225793,0.2669945381430567,0.2692274952262743,0.2696646929049492,0.2698926502206435,0.2699254837223917,0.2699311784619044,0.2702295453844918,0.2704203544577665,0.2705372293917214,0.2701298122020452,0.2698637240653985,0.2694689676475814,0.2689051923812854,0.2679574588051239,0.2665441674779956,0.264834213669774,0.2635789037911215,0.2626587258017112,0.2609545817228058,0.2592859070256661,0.2573424322069932,0.2565189309780926,0.2557298991875311,0.255427371696577,0.2552283315097658,0.2547104821265198,0.2543057365790251,0.2540540829201906,0.2537543808702344,0.2534849850155243,0.25315069005255,0.2529165587866546,0.2525332435351218,0.2520514209391288,0.2515550750138134,0.250998704619172,0.250667248176905,0.2512302107392044,0.2514800345151639,0.2521141564813339,0.2521216978648038,0.2521292360745962,0.2523921464670686,0.2526852897806099,0.2535946653653616,0.2542854470803123,0.2550037756341854,0.2557983003872335,0.256519413160277,0.2568409324444789,0.257377165518706,0.2579668279463859,0.2590790085932269
395025,13,"Riverside, CA",msa,CA,0.278064641494002,0.2779358892001788,0.2784038325676005,0.2791044242357882,0.2796482352228172,0.2799360644293043,0.2802595123531735,0.2806970070069165,0.2811642397601645,0.2816252499392245,0.2816633988712303,0.2819322619427141,0.2815276123998678,0.2819504710540562,0.2818899175367713,0.2817223266470877,0.2818336080566565,0.2811986575280294,0.2813661634501144,0.2809495260751515,0.281713990447224,0.2817076180151581,0.2820688408445737,0.2818095855540248,0.2828437254539678,0.2832941695606916,0.2838866478170573,0.284633585995032,0.2849958335017101,0.2856046781980521,0.2851122350127518,0.2852158671787211,0.2842755274121726,0.2839187104047187,0.2835590954390893,0.2833136220754979,0.2827019058835681,0.2827922953051141,0.2827880425256292,0.2823169147740563,0.2814470821024973,0.2815342889947228,0.2817332647814984,0.2820802354989695,0.2824287736688722,0.2829830659520763,0.2834569572150597,0.283660381919011,0.2836971592858744,0.2832713761324169,0.28311343126569,0.2831468998323553,0.2836916527418127,0.2840225536002901,0.284692315675806,0.2850677192858113,0.2859379587011138,0.2865462372829463,0.287149732621167,0.2879913857463663,0.2888616520462866,0.2896042039150462,0.287268081423861,0.2844282610901792,0.2816329601415733,0.2806042681987116,0.2803140818782789,0.2817105914142612,0.2851692526586876,0.2897465908063723,0.2933851899459048,0.2945448251738909,0.2946986644395477,0.2960116442750474,0.3009844207447246,0.3062176764012708,0.3125261597957792,0.3146612943486623,0.3176991454989584,0.3195818922861962,0.323622567359584,0.3261151003600276,0.3285331584826129,0.3283532639502378,0.3289324085512893,0.3289258916666622,0.3296682842752639,0.3311986947656284,0.3312499031169585,0.331523404728235,0.3299059061074094,0.3282156888037345,0.3271102693088153,0.3256969050699589,0.3251955711076162,0.3246777194058542,0.3241748279589957,0.3232966361243402,0.3223761126800869,0.3214598912120114,0.3205287126098024,0.3193527650410777,0.3181471545453938,0.3176561879422135,0.3171357651905216,0.3180968231883996,0.3179267526866751,0.3171181086876572,0.3155131154861985,0.3151415053328235,0.315145565147383,0.3146173582339357,0.3141039049543113,0.3137307114759539,0.3141997433867047,0.3142616981160214,0.3147946221920595,0.3145659473304072,0.3145229284444404,0.3144259959458533,0.3148484770289458,0.3148786402869653,0.3138898682128457,0.3129588090471712,0.3123160834041003,0.3122445381623429,0.3119102488256823,0.3115785260434492,0.3111528959867177,0.3107118163263991,0.3103792372005342,0.3101419951055967,0.309838728547245,0.3093068993962602
394532,14,"Detroit, MI",msa,MI,0.1897042097261231,0.1900155602648427,0.1905740033726967,0.1909663597220871,0.191304035768738,0.1911595267051022,0.1911689441306896,0.1910761668629805,0.1909987190563505,0.1906969345447214,0.1907520520044423,0.1903903934495213,0.1906117436368638,0.1902468999265903,0.190109289401597,0.1898806323114231,0.1898067577018845,0.1898549610789529,0.1902254745758591,0.190679072583514,0.1905272818066619,0.1907270124236906,0.1905191559468706,0.1905484197912615,0.19002219729643,0.1901498082218972,0.1903065483681423,0.1908678781669141,0.1910900492880553,0.1915568704781625,0.1915459622260743,0.1916107672083195,0.1919301797150838,0.1922292711562694,0.1925734406453169,0.1927546849501871,0.1925762250909027,0.192323997329411,0.1920660201231438,0.1918486013515743,0.1917499793677731,0.191496182778653,0.1913333901894801,0.1912806294060817,0.1919528150746778,0.191997405143967,0.1919660495695313,0.1914786492024931,0.1921271054917946,0.1926652068665293,0.1927327946884801,0.1925276699603331,0.1924424734891288,0.1928720148295316,0.1934646319448315,0.194002864634942,0.1946062686077155,0.1957179766018822,0.1969287379925577,0.1986101147347098,0.1996662385944367,0.2001758274510387,0.1981034656085337,0.1955209127871564,0.1931370719651219,0.1926055307097763,0.1934405866548564,0.1945852878973401,0.1961505008814061,0.1975379392848146,0.1988466567179601,0.1997385179062663,0.2005549069393467,0.201955549652592,0.2038141851145846,0.2059083239752595,0.2076032028384913,0.2079865501053212,0.2080074934695759,0.2091734982314625,0.2127121243136689,0.2169536597738546,0.2200098509302575,0.2208859826857853,0.2205863840930841,0.2204955811562017,0.2198495800748041,0.2199484617833385,0.2200383150535177,0.220568062319795,0.2200494433644651,0.2189282188460908,0.2191242429988243,0.2190448549703094,0.219464066148656,0.218730796785133,0.2185557453354437,0.2181400367201049,0.2181517749047003,0.2180248741680887,0.2178798075363968,0.2171775514397842,0.2167426015167935,0.2163158598264727,0.2164899704027157,0.2165363504006158,0.2172834879781739,0.2169889033716901,0.217101745189267,0.2166421116801478,0.2170864999901853,0.2169854105805526,0.217533329931217,0.2176755198113625,0.2182294330612832,0.2185336305603458,0.2188814009913877,0.2195042531123308,0.2196474286444686,0.2199741740980345,0.219785123667805,0.2204622961702886,0.2200379735015277,0.2198418022574675,0.2191765842370219,0.2191918332334943,0.2189808065114609,0.2190580354147681,0.2189597470339257,0.2187769761201988,0.2184749736962536,0.2184928676999631,0.2184910412097031,0.2181225816343565
395078,15,"Seattle, WA",msa,WA,0.2152600564206079,0.2152864698429528,0.216230777499245,0.2161918168875271,0.2165129967014874,0.2166881237961455,0.2178353447122833,0.2186477539448927,0.2195205124867005,0.2204457353629181,0.2204512960617272,0.2207036304458314,0.220812311701254,0.2219789336503852,0.2216451114531358,0.2221693813860786,0.2227066930841059,0.2237653384564659,0.2242120186500085,0.2240260590530127,0.2242631001151925,0.2247048695146871,0.2254475494105724,0.2255498290000986,0.2258652019705726,0.2264929294069231,0.2281007742859893,0.2286511314000695,0.2290246989598725,0.2291387431459002,0.2291616328966891,0.2292924262446625,0.2289619728565394,0.2284550286627922,0.2274660574914817,0.2264655737468244,0.2256809565492726,0.2249802426729804,0.2242975623127089,0.2236845884371224,0.2234028700354451,0.2229796085473311,0.2224684390087275,0.2218855393107333,0.2221703719539982,0.2225879178387737,0.2234047229880807,0.223199874542779,0.222655457538243,0.2220985802982296,0.2216424184723379,0.2214894158041527,0.2212088143888732,0.2212138875243347,0.2214626088557869,0.2219685518703331,0.2227848210539109,0.2236746555970965,0.2243522388198821,0.2252333364798692,0.226134401951545,0.2267965316949996,0.2255324375817747,0.2215847385218653,0.2174116036442192,0.2140003361613673,0.2120953685017369,0.2106102314361688,0.2100792970756496,0.2095674027158819,0.2086536609049517,0.206541984161177,0.2055067764512708,0.205128419452494,0.2065444556354767,0.2086813357787392,0.2114793324979038,0.2134307966246683,0.2150013643841353,0.2170814241435296,0.2207634523811282,0.224177325847474,0.2269846611697393,0.227668328574724,0.2273470196256182,0.2270890484803438,0.2264625921653575,0.2264414558157806,0.2262990763275458,0.2268667880473168,0.2268743374837111,0.2261836146023736,0.2261332023487337,0.2261370769912025,0.2260369576274443,0.2253004769719351,0.2245034128563514,0.2241383403107735,0.2243986018098945,0.2239608940761652,0.2235393375192883,0.2224634892822306,0.222069232147502,0.222002242987187,0.2222589542147401,0.2226785375101342,0.2228748431708308,0.2235802051013694,0.2243573942084074,0.2250187342052954,0.2250810464176838,0.225291811192415,0.2255394404996558,0.2255940166039944,0.2256597316559591,0.2255553618127486,0.2253538555509446,0.2250733775247799,0.225154391125829,0.2251918794017992,0.2254211760079537,0.2255403350447176,0.225197761049881,0.2247763020383457,0.224329201226269,0.2245219286415549,0.2245163914618513,0.2245449021064876,0.2244200389086004,0.2242287602294609,0.2238121942857171,0.223126140174737,0.2223098715295161,0.2214838194743957
394865,16,"Minneapolis, MN",msa,MN,0.1862145872139982,0.1865488660967312,0.1871008509737851,0.1876044553457909,0.1884541579325173,0.1885598550476732,0.1888740444210489,0.1886251891008475,0.1884703573989595,0.1875905213330184,0.1877094022438524,0.1877650749695897,0.1874687108265983,0.1868469854733091,0.1865134744457672,0.1873002180987601,0.1878105009136994,0.1884047152627063,0.1882041844130317,0.1885832029868817,0.1891183903120914,0.1902772828710202,0.190689691161194,0.1900321477424837,0.1897284833805601,0.1901223615294673,0.190795143793529,0.1910134998881432,0.1909838359110539,0.1916130018388946,0.1920731275599571,0.1923869161529505,0.1924711485816719,0.1925517915234855,0.1924241882903224,0.1927774273303178,0.1931007424086358,0.1935565812372564,0.1932816732088795,0.1925108213398454,0.1916793175598891,0.1911244055081654,0.1914036113348708,0.1916542643112428,0.191897296178978,0.1918809458326865,0.1922434096012102,0.1927271757611074,0.1929156289139076,0.1927240542175913,0.1931227869240618,0.1938709272262906,0.1948691713194619,0.1956204714863563,0.195997390566807,0.1963456451848,0.1968171822667427,0.197378083788962,0.1978804233692783,0.1984296637924741,0.1991723944276328,0.1997062079036322,0.1977920820850591,0.1948240610183716,0.1919084641144103,0.191635011813922,0.1916172108586107,0.1921466729754093,0.1927339145307166,0.1941411908046113,0.1943988847749243,0.1935460184645105,0.1920355052414122,0.191336192867553,0.1918533997331,0.1928126982434486,0.1940052205975855,0.1940257838877563,0.1936916801471547,0.1935546923958771,0.1953135209386444,0.1969002524628403,0.1984603154113956,0.1983883710961827,0.1982720510372068,0.1979446254761763,0.1974100770496554,0.1968782845270333,0.1963754708959263,0.1957388439192111,0.1951033456868053,0.1942531358004599,0.1941676699263104,0.1939995303100632,0.1938790843937296,0.1937544469605537,0.1936749297646106,0.1937663301476845,0.1939728544179847,0.1938333453089758,0.1936914064721827,0.1933770188708331,0.1933459973778546,0.1931002682401508,0.1926765776309118,0.1925986485140497,0.1926649908062373,0.1927327333072236,0.192697354908748,0.1927079199550036,0.1926788707151646,0.1927121646836123,0.1925810211055719,0.1922134785631198,0.1918403344687075,0.1918436441433335,0.1921993172526059,0.1922154691572919,0.1922731063928615,0.1921129683639712,0.1924888291874354,0.1927104051979483,0.1925245352614819,0.1923788888574792,0.1923728910337371,0.1928171716365811,0.1931710566862901,0.1933935157895708,0.1934558425245791,0.1936709974174742,0.1937706677558888,0.194012254974649,0.1938733730790537,0.1938264929227203
395056,17,"San Diego, CA",msa,CA,0.2815432504613606,0.2819243390374666,0.282140587267122,0.281430673087808,0.2813483044068145,0.2808573958142857,0.2817023044998526,0.2822646935678924,0.2830009085363812,0.283452651276348,0.2833900226155474,0.283995960903141,0.2838971906967517,0.283801953370666,0.2837683016763759,0.2841132062534346,0.2844085788341756,0.2851094366721294,0.2851905856748128,0.2853960340601293,0.2854326996247048,0.2858389659718894,0.286158269802851,0.2859546399433866,0.2856753062615395,0.2863823499821706,0.287471516951899,0.2885565737152495,0.2886820314957699,0.2885544729843327,0.2883725536919539,0.2880043188798329,0.2875078729778321,0.2870718733311047,0.2870239322076743,0.2868262310460789,0.2873557369936932,0.2875712695671489,0.2877869692698518,0.2873637810178918,0.2873299561163432,0.2871735237487666,0.2870730061242681,0.2870486135096032,0.2872709889499329,0.2871789410834525,0.2865302038908081,0.2862226563444966,0.2858041370988118,0.2856001278133423,0.2847320800745791,0.2842027520476786,0.2839165645135808,0.2843137085301358,0.2848505767356173,0.285397355751836,0.2861442762920589,0.2870679240777022,0.2882413493456066,0.2892795462037644,0.2900614405871253,0.2904032832292177,0.2880127777886993,0.2843212895876331,0.2804524102559615,0.2772778186058487,0.2752072870904151,0.2735363550233881,0.2744862589409601,0.2768005752991496,0.2792361379441676,0.2787720140770747,0.2775585269520642,0.2770096618503994,0.2800211460086982,0.2845515758618749,0.2892259914052561,0.2907831647314886,0.2926327364596485,0.295471290920721,0.3013814384090073,0.306230356692868,0.3103234132114192,0.3118155439116884,0.3132283749036599,0.3147744595653239,0.3162973442212984,0.3184238712566388,0.3201453948366463,0.3222878750949048,0.322809843919511,0.3231572451503978,0.3221651594710583,0.3213786258701986,0.320098531053134,0.319493483575951,0.3185615185211665,0.3179172195333601,0.317903398647412,0.317677060952325,0.3176538364948965,0.3171030507019699,0.3167249890694117,0.3157372167087102,0.3148836491041452,0.31374859170123,0.312488512608138,0.3110545448646964,0.309899432859933,0.3093192780195297,0.3084587775340761,0.3077503376842273,0.3068335876061789,0.3060293469575631,0.3052784780427525,0.3041609626102041,0.3037242313519414,0.3036139882974193,0.3041932544224471,0.3040351651888449,0.304079630274837,0.3036284096550228,0.3026313945158743,0.3012714619176055,0.3000943467512887,0.2995064798383753,0.299125924222662,0.2992556048060539,0.2993037916196402,0.2992075086476984,0.2986516492740502,0.2983781226785464,0.2980493489284418,0.297752129347196
395148,18,"Tampa, FL",msa,FL,0.2586315159134639,0.2588088995002899,0.2592580488515878,0.2599221457878034,0.2608372186698842,0.2614175074825755,0.2619949940204439,0.2621764153484722,0.2620744524736209,0.2621097950609707,0.2624209108760397,0.2631852927862599,0.2636640511162966,0.2639565619060062,0.2635865285625421,0.2634857710229356,0.2630589120041322,0.263673095298441,0.2638570484058423,0.2647005082790671,0.2658177546854558,0.2669710083688063,0.2675139268803076,0.2670287928831586,0.267185131134058,0.2674803784052541,0.2682251747067622,0.2683437174844,0.2686772473111912,0.2684779728035072,0.2681191345396996,0.2673624716679503,0.2673124219971414,0.2673969016008127,0.2678091509251432,0.2684886537692789,0.2691052747597115,0.2698067251537996,0.2699737022067179,0.2704291553983209,0.2707230052927102,0.2710671264789757,0.2713294115679073,0.2715921262943571,0.2710230059745522,0.2708651310116012,0.2712521886685223,0.2708147893537859,0.2702004382230712,0.2691708144165948,0.2689668651843109,0.2687440332462283,0.2686269626439141,0.2686497826602897,0.2689121102961476,0.2692738999821538,0.2703231525830908,0.2710590845711397,0.271322573202657,0.2721103922407331,0.272904674913059,0.273738362067749,0.272783982468547,0.2698752317847215,0.2669133124077191,0.2652386580184844,0.2657937654175052,0.2667569712173918,0.2694458452334594,0.2723230854864226,0.2753489019780134,0.2752178218963673,0.2751257909700317,0.2758967816820112,0.2784547119675671,0.282532115314081,0.2876106359669657,0.2925449964032126,0.2971617671678475,0.3028807022008456,0.3113940629994436,0.3193782017214358,0.3249390239904786,0.3279698486060297,0.329331650782645,0.3309045312384888,0.3311106581603374,0.3323192246248356,0.3331305189964793,0.3335212983490021,0.3323347954730166,0.329640871281299,0.327211164779471,0.3252504066288955,0.3246574377376072,0.3233988360245729,0.3226362416638824,0.3214843193611189,0.321993195742374,0.3215222468970436,0.320661577630268,0.3184081718189346,0.3166700252737949,0.315775560962121,0.3147576526059147,0.3134149547341797,0.3115052308070848,0.3094986446298082,0.3078120659188541,0.3060352533729302,0.3043290086409722,0.3027230071617826,0.3012623148568741,0.3003517324883975,0.2997721819212747,0.298866408820778,0.298641540542761,0.2990558044932038,0.3001195734833576,0.3007958101566461,0.3009083160369649,0.300548946228832,0.2998600529343028,0.2989926872333518,0.2981214561177255,0.2977561427794615,0.2971011808991739,0.2963798224148183,0.2952904628176919,0.2936588808161728,0.2914047736400694,0.2893209324750928,0.2873760312965318,0.2857037883292424
394530,19,"Denver, CO",msa,CO,0.2128736903754772,0.2149820190194008,0.2168662102898307,0.2184629056817252,0.2187702139144545,0.21997957950719,0.2202776806284191,0.2207601432242018,0.2202763178113322,0.2205584305714353,0.2203727914065029,0.2209844057172127,0.2212531642592113,0.221133091175896,0.2202119015413342,0.2188512040441774,0.2186356829196251,0.2189003381844729,0.2190972683987225,0.2190230291917354,0.2190548200541433,0.2189690696037742,0.218893327142864,0.2187195367035227,0.2187985311190344,0.219087390049053,0.2196540389723603,0.2201965706698074,0.2204972316814754,0.2201582859819517,0.2200014837570244,0.2197547406920257,0.2195280019722763,0.2188055643586502,0.2182455529746224,0.2178999016022469,0.2174066607437997,0.2171204784065432,0.2165043064239371,0.2160232226742234,0.2150073609855259,0.2146103521314278,0.2143239424877639,0.2145717324490376,0.214857739527381,0.2152347588442226,0.2153636989901535,0.2150964816894228,0.2146904341560059,0.2144694694082486,0.2145760866925994,0.2146794390347763,0.2151183075587202,0.2152702188464885,0.2152806304980095,0.2150609670733208,0.2155335078703244,0.216263585927406,0.216942331000769,0.2168670697699765,0.2167380270473046,0.2163320655629516,0.2149247807752243,0.2116871624405491,0.2084195041026309,0.2062643316905172,0.2057393972358356,0.2056098504816788,0.206760008080341,0.2077618839618635,0.2084600157876953,0.2071215398718814,0.2058115960527048,0.2051502749133875,0.2058487633436714,0.2078335414268067,0.2101922841243896,0.2119600783807171,0.2131807656417009,0.2148611017581007,0.2182649158627766,0.2210586388746304,0.2233322974150661,0.2231677128307539,0.2228479522214249,0.2223823557851291,0.2226356945318275,0.2232735310544162,0.2235962822289049,0.2226557996515717,0.2210546534181486,0.2190021082929286,0.2182063601793816,0.2182371835629595,0.2181417128462217,0.2175033109028523,0.2162646688458776,0.2157870317659152,0.2164849798798899,0.2165959335660024,0.2165357775229647,0.2154642008132364,0.2145175193517724,0.2139298578458163,0.2135171673037462,0.2135235718754815,0.2133449710576951,0.2130674972163312,0.2129666870435946,0.2124901725015086,0.2117512842875796,0.2105111475128894,0.209536134105361,0.2087878413594039,0.2084978183124169,0.2080832908102406,0.2077210639629599,0.2066342062503435,0.2053983250493309,0.2040803447765946,0.2031489364925069,0.2023814834256197,0.2011895862883859,0.2004612905553695,0.1996081143845128,0.199134342044107,0.198357121554297,0.1975720990849788,0.1967223613665809,0.1961009592076496,0.1956543716163385,0.1952878227196857,0.1947122782260548,0.1940864330579774
394358,20,"Baltimore, MD",msa,MD,0.2120646743721467,0.2116307310033187,0.2111178583895393,0.211015364691056,0.2108488819492998,0.2106311389150116,0.2106552890103849,0.2103877779861952,0.2105505536527519,0.2105845821754966,0.2106158462595297,0.2106865290081803,0.2105419451673545,0.2104079680000343,0.2100814105710035,0.2099105656373911,0.2092435500657418,0.2086348974305539,0.207825748626442,0.2074665770590157,0.2069000734025481,0.206367321561008,0.2059326275916011,0.2049678904205568,0.205067900496745,0.2045961353025372,0.2048525632210893,0.2041330293198582,0.2045701803951193,0.2049789364638542,0.2051801186746608,0.2045408222254078,0.2039847761041331,0.2038982436489827,0.2032732545947261,0.2033621219674144,0.2026246867690682,0.2032304655142663,0.2029558991352847,0.203235168725077,0.2029203193312708,0.2025539384954647,0.2024183651105658,0.2024131415195009,0.202253641052118,0.2021774356825007,0.2020420219386345,0.2020445780142792,0.2013024522282958,0.2008988579101639,0.2005953042427607,0.2002868162487468,0.2000619231809406,0.2002516060659442,0.2004647887479463,0.2009073489862593,0.2016278425041643,0.2020998896971955,0.2028702159218804,0.2034220530222643,0.2047523144231469,0.2051026817663427,0.20387140255655,0.2016096148120076,0.1997423219046054,0.1987029293044944,0.1982685876730406,0.1980442069432729,0.1987530836065652,0.2004793844232606,0.2018013008194304,0.2014831817595657,0.2003693499848938,0.2001981147206656,0.2015959804016708,0.2043289053620154,0.2071935940336958,0.2088238540920087,0.2099762118385107,0.2116973956440643,0.2156355333414563,0.2181929138127153,0.2209463709156212,0.2212946218571862,0.2218223822077112,0.2212488587384519,0.2209771373940895,0.2213127961945573,0.221206359672203,0.2212508960673219,0.2207014740807547,0.2200233153507116,0.2194121664178058,0.2194220524335637,0.2191641876693392,0.2188060306049632,0.2186802056303667,0.2191292198568242,0.219795738109099,0.2193337811100723,0.219010808003488,0.2181707047752934,0.2177254694557289,0.216897474784037,0.2165269102446291,0.2163722875889799,0.2162876312179216,0.2158126767349557,0.2149228322999875,0.2144875926094727,0.2143155687579218,0.2146888885613421,0.2150493950365991,0.2154079909020492,0.215230572064438,0.2152217099320545,0.2153115398661956,0.2160287197292974,0.2163646471811415,0.2167696294348462,0.2167855267103982,0.2168269477560774,0.2163660151161492,0.2158135457282834,0.2152812255082499,0.2149883218250921,0.2150238205834483,0.2151569263972118,0.2154413233243872,0.215127158741733,0.2150343526934172,0.2148527525147225,0.2149283767047591,0.2147188775711679
395121,21,"St. Louis, MO",msa,MO,0.1801199977477181,0.1800434792228221,0.1800430754675049,0.1802937547523873,0.1801056223085096,0.1799640602550435,0.1797519095059563,0.1796758110031771,0.1796683209255833,0.1794897007064143,0.1794068350657865,0.1790591534359747,0.1790045840306556,0.1788657269619926,0.1785682340934988,0.1782244446635856,0.1780511745732646,0.1779251655097606,0.1778744563350132,0.1776259472285814,0.1774558240616527,0.1774671150351268,0.1771982640350731,0.1769526443312763,0.176432204890247,0.1763060299136719,0.1764424255682794,0.1763153762178057,0.1761264920438714,0.1760202349883298,0.1762756027344942,0.17651037508871,0.1765353462415326,0.1764242695873724,0.1762331613935034,0.1760386115047425,0.1759436784297859,0.175903999320773,0.1755669194795047,0.1754791720497626,0.1753507465108485,0.1751716261438177,0.1748093794411729,0.1745249798667727,0.1745635507677796,0.1746039922201056,0.1744572085826447,0.1745702560337021,0.1744845985902489,0.1745179762684705,0.1744808580519111,0.1743229376292122,0.1742952145695465,0.1746723490941185,0.1750926588010972,0.1755166160725122,0.1759123024548785,0.1763719043822068,0.1770848641316572,0.1776830984214394,0.178443151955322,0.1787681854877806,0.1779884341951514,0.1761635832026329,0.1745570731123312,0.1741087801042326,0.1745983857718012,0.1754223908748591,0.1767984680164542,0.1780617619413113,0.1789232904544427,0.1785583023637925,0.1779672940234432,0.1776743692741447,0.1780497422813687,0.1795586418055041,0.1809218091142402,0.1813323845668483,0.1811490876179531,0.181343540098723,0.184213194769806,0.1868257170548889,0.1891909728786398,0.1894736645639694,0.1898028453763427,0.1904188981367505,0.19030656646643,0.1900691297120715,0.1896815747048763,0.1899735144322896,0.1901206210574189,0.1904733466989393,0.1900751347746878,0.1907772295929606,0.1910265114954313,0.1914032431344893,0.1908417152834141,0.1901474276920083,0.1907864038703511,0.1910929867093258,0.1921997152127816,0.1921420908184539,0.1923738972846081,0.1914955310453815,0.1915724177084612,0.1913683910118367,0.1914636862578319,0.1910352591340853,0.1905524858377368,0.1908180310172944,0.191263223016056,0.1916560499563653,0.1917368432526239,0.1921328890672577,0.1924228186072742,0.1924791314541834,0.1928133122862421,0.1930272516513798,0.1936735561065503,0.1942862833904107,0.1948294545297486,0.1950978906990511,0.194560224611358,0.1941403743186316,0.1936518276652344,0.1936223851560369,0.193613857146891,0.1942521473351846,0.1945617202578747,0.1948993012462071,0.1948065065283834,0.1948608269524395,0.1950228044055124,0.1950612979562727
394943,22,"Orlando, FL",msa,FL,0.2632013160479729,0.2638651596731731,0.264594147203301,0.2653122552589796,0.2658305122833556,0.2658418455683924,0.2659163886034362,0.2661598541486033,0.2664624988512103,0.2666090665688168,0.2665941225347136,0.2666789364736587,0.2664539630056265,0.2661067031326171,0.2660073287827453,0.2658387779236982,0.2659636899271599,0.2659815726494384,0.2662177825998659,0.266757345947876,0.2674672052077013,0.2682485543599351,0.2683107113010372,0.2676415311896106,0.2678274811461383,0.268466493089207,0.2679705499788308,0.2678294179936008,0.2677659931964857,0.2689484032183609,0.2686723847965157,0.2679376537204623,0.2671662620844741,0.2668402887133227,0.2674568712365051,0.268797265960279,0.2696115418366783,0.2700916190823296,0.2704161055225531,0.2701516419981075,0.270130685340921,0.2694288790429283,0.2697866142574506,0.269815718486116,0.2694676825649161,0.2688852165275122,0.2683546448219799,0.2672486453617072,0.2663182066653432,0.2649167555001243,0.2644192354656193,0.2640882876865129,0.2635494547633158,0.2633201279767803,0.2629799616047932,0.2630618112538668,0.2640198472394562,0.2650057061891016,0.2656263393091674,0.2664022341454379,0.2670798737146017,0.2679150135812035,0.2662332298989777,0.2631179522902551,0.2597355188240776,0.2578601410604318,0.2575141778754369,0.2571287138017526,0.2582520114515703,0.2595494705330807,0.2616633946896528,0.2608097743556872,0.2603972610836962,0.2602288583325743,0.2621642327099417,0.2650054432521522,0.268610964768487,0.2719675164595313,0.2749386563268673,0.2794266547072851,0.2876455787110829,0.2962549494736736,0.3025552087320916,0.3051327827045937,0.3063767297816633,0.3077976012707641,0.3092174669838907,0.3107683095978952,0.3125366208946542,0.3134411469997323,0.3136951764442607,0.3124225974004284,0.31011772477234,0.3079557237854739,0.3065548482524834,0.3054909209580131,0.3040522949692451,0.3028821755705179,0.3024328836765991,0.3015134744702661,0.2999684535047921,0.2975078118769098,0.295355601419348,0.2935681387007322,0.2919224091692576,0.2904961593114664,0.2891000427506695,0.288061681681984,0.2873788386672268,0.2863087687817529,0.284932419117163,0.2838051335908597,0.2829873828119375,0.2825176618425016,0.2820982494870868,0.2811545918198355,0.2806975273468649,0.2798193237972315,0.2793865772566867,0.2788467998707974,0.2784288465704467,0.2783267700794057,0.2773302792520609,0.2761265441645995,0.2749141231476285,0.2743347595344871,0.2737152343759466,0.2734801134764687,0.2732037700225782,0.2730905407856454,0.2724917132292218,0.2716825441916857,0.2706616293867304,0.2695172141038717
394458,23,"Charlotte, NC",msa,NC,0.2137240025708123,0.2136597739663084,0.2135016905650064,0.2143332383744107,0.2148316188964979,0.2152578462584087,0.2151910482481815,0.2155902863764207,0.2157675912699481,0.2159304839365042,0.2161933534703557,0.2163879899366413,0.2165851879462365,0.2166137056087896,0.2166547441119072,0.2163024600526653,0.2159008025166165,0.2158130081273591,0.2163632259155319,0.216972614784132,0.2175939402513456,0.2185695605502044,0.21853368480755,0.2180663917880773,0.2178838972514105,0.2182937470920885,0.2194553162584843,0.2200156253514379,0.2205432136089311,0.2207191619219088,0.2205932809382321,0.2204072857207517,0.2206543975289422,0.2201994050421216,0.2206024449698902,0.22062841575993,0.2207198384849154,0.2209209927880978,0.2204787294206598,0.2207130395000125,0.2204824692198674,0.2210244211253686,0.2212280650036591,0.2214541019660665,0.22072838671371,0.2209774705180202,0.2214500478683033,0.2223752453740593,0.2225944597772426,0.2224410024559332,0.2223858886036073,0.2220678978838653,0.2221807490184249,0.2222180793339823,0.2225814763006665,0.222931380656394,0.224106688607734,0.2248128399331539,0.2250638680649094,0.2250345403668018,0.2253618662358742,0.2254491450222961,0.2249275348465896,0.221504131045827,0.2187226920555649,0.2171499332779306,0.2175348920330912,0.2182750851361986,0.2198833766037479,0.2218717544117878,0.2237185442416449,0.2235232231666174,0.223061441486333,0.2229732308226222,0.2244992366156683,0.2275050352579563,0.2305357865618661,0.2323818472393073,0.2334083844104644,0.2355897930394399,0.2408232457356336,0.246126466636451,0.25016081298347,0.251066414133864,0.2508268009438583,0.2506575369170518,0.2506040645299594,0.2513554626873472,0.2524080204719215,0.2537562680810522,0.2547019541277522,0.2542033449659491,0.2533290506953776,0.2525381631819352,0.2524226834120245,0.251598854401483,0.2506708777504025,0.2498234170163031,0.2498919440707008,0.2491395298610792,0.2484259606905315,0.2470000352428125,0.2458491011637044,0.2448691085345828,0.244154681386121,0.2437433291460257,0.2426928771676576,0.2419867015633539,0.2409101058478884,0.2401550884173428,0.2387226054402192,0.2377512675416008,0.2367438292657595,0.2360637638794346,0.2351783202849501,0.2344308468865928,0.2339975621439121,0.2333558420557264,0.2330883987691626,0.2326647891008633,0.23275125863003,0.2327147043596928,0.2323918909526056,0.2317778578502158,0.231090700441095,0.2305775910137454,0.2301652384149913,0.2297832274845915,0.2294870680558271,0.229201600368718,0.2287033728175521,0.227936505556579,0.2269941830467248,0.2259576693555613
395055,24,"San Antonio, TX",msa,TX,0.2237628436896198,0.2240246201870313,0.2247842197676223,0.2256678728167261,0.2267445835662719,0.227225073847027,0.2273115367869334,0.2269144193178424,0.2265665697981693,0.2271129261376061,0.2272408960826728,0.2276270759537277,0.2271285350829857,0.2270275834108301,0.2269137042942464,0.226903000148703,0.2267559547913768,0.2270686039209152,0.2276067686764467,0.2286469565679797,0.230133986092812,0.2312332381046546,0.2325971614214969,0.2328982820144981,0.2336067320411327,0.2336599207720907,0.2339633111125151,0.234119804850781,0.2343350404364677,0.2345695370477708,0.2344330269404144,0.2337354113904932,0.2332738322280773,0.2326884207419211,0.2324415579346305,0.2320693210485784,0.2318853202779432,0.2321113642336143,0.231976545328395,0.2315551448982932,0.2309680234435665,0.2305837205922404,0.2307052345495618,0.2308041629184027,0.2307235480260397,0.230702973884468,0.2306096888411602,0.2300956678811762,0.2295720795160786,0.228870842694533,0.2288970544272857,0.2292147737502118,0.2296163104183683,0.2295543936838754,0.2292098631649436,0.2289885532532602,0.228505557444241,0.2280613917342269,0.2275519078814623,0.2279407968817157,0.2282448336650787,0.2284287750776027,0.2263557439370153,0.2234807859550956,0.2203751065267039,0.2193705947636036,0.2194552869946572,0.2195963467158929,0.2211134134320809,0.222887289391064,0.2249783642088132,0.2246233111735301,0.2236849187886749,0.222754666715974,0.2240350906168523,0.2266067353966705,0.2296886076665814,0.2312838092483697,0.2324377098766764,0.2344507107062883,0.2389774146082458,0.2433655006268381,0.2465675289905452,0.2466436743060369,0.2459559233155567,0.2458076083842981,0.245297267050989,0.2448448038375456,0.2439878007178682,0.2434033096692561,0.2429274184621763,0.2417027022629723,0.2407130854602666,0.2396732257419075,0.2389998444105376,0.2381275291990199,0.2375309816047844,0.2366000252105096,0.2369324959786302,0.2363094839680979,0.2359065529193832,0.2338867481884078,0.2318423087160995,0.2300900484396496,0.2289434691264098,0.2283031841671007,0.2276311781508856,0.2263327736470236,0.2247102809196458,0.222923361721729,0.2213153912985186,0.2202186911338624,0.2190462720872781,0.2183536959480027,0.2172206865410023,0.216622867122827,0.2158692286628625,0.2147406374538381,0.2135194571950814,0.2128802167014264,0.212568329416438,0.2124489869048153,0.2114632804822662,0.2103937702130812,0.2093163944553192,0.208641409595933,0.2082663017111052,0.2074792835421617,0.2068106275623877,0.2062247355852556,0.2056054656447213,0.2046274714589749,0.2034615282950912,0.202279120838888
394998,25,"Portland, OR",msa,OR,0.2111313974308175,0.2118950867462087,0.2134238911179459,0.2149244572501429,0.2160591531262997,0.2166483998595173,0.2177201032136249,0.2184859880060701,0.2200526782991491,0.2211000874027368,0.2215028454471314,0.2211598732004006,0.2206572121076795,0.2206401349466016,0.220650602831702,0.220532911566356,0.2207058536827824,0.2207523496533798,0.220014099580875,0.2192043592368891,0.2189692149940209,0.2192870947839003,0.2194277333201162,0.2194421435880559,0.219589594425485,0.2200216616245146,0.2200982362715216,0.2198770219459546,0.2189447308094429,0.218242839244996,0.2173447932572533,0.2170390183319511,0.2165955143261748,0.2162251863706187,0.2159357874327725,0.215672113592815,0.2152369821197035,0.21471660692189,0.2142430488262082,0.2141987809852752,0.2141222719193618,0.2141550591694269,0.2138430773550415,0.2138240401386064,0.2137466538451682,0.2141188787328235,0.2142921657825282,0.2146137869187858,0.2148181549490356,0.2145820089883894,0.214613336097474,0.214423552797891,0.2145877040396815,0.2149237632924772,0.2157907515626907,0.2162383297714519,0.2171896884193536,0.2177335112069564,0.2183739827670514,0.2186062242755283,0.2189162759206882,0.2192626606956451,0.2176807790446796,0.2142352508204987,0.2106274563058353,0.2091605965977963,0.2093488773028052,0.2098554000841958,0.2107150912206715,0.2114350699635857,0.2120655271416215,0.210892979467575,0.2103426718258353,0.2100051591158162,0.2114055264131584,0.213808354565743,0.2164019632312049,0.2177351254047085,0.2177328138220465,0.2185779779193643,0.2215420972738961,0.2249240413215183,0.2272419608312706,0.2270016632135601,0.2258920853510299,0.2251001593349743,0.2244521831948403,0.2244231493634798,0.2246012135966009,0.2253855091531295,0.2256718943065429,0.2253552311116449,0.2253404730636954,0.2252275402926427,0.2253146954689073,0.2251092343809767,0.224528493741107,0.2239516766774231,0.2233092393251733,0.221833724420817,0.2199384346737,0.217018450550497,0.2151463986823849,0.2136492206943227,0.2130695434709184,0.2127036617649038,0.2122086561840828,0.2117514842773456,0.2114277256561001,0.2113534480307911,0.2112901063227857,0.2112688286194771,0.2113057718292881,0.2112670293056409,0.2109116893286843,0.2103316365425089,0.2102148781905755,0.2100298824098148,0.2099712738831197,0.2094097782130312,0.2090825259258494,0.2086860311119026,0.2079323298057591,0.2072804478860596,0.2067157988379053,0.2066434254870314,0.2064560040589801,0.2063906770405432,0.2060353264875241,0.2056902348012259,0.2052117800216395,0.2048445799041903,0.2043462315356994,0.2037809169786326
395045,26,"Sacramento, CA",msa,CA,0.2338345861851592,0.2343645462208814,0.2352761830147502,0.235782471541314,0.2362547124322802,0.2365008610773178,0.2360207422550519,0.2369566068471153,0.2383906289610571,0.2401154324199032,0.2410820546261451,0.2414346456604762,0.2424459582070288,0.2424933399322792,0.2425052896974437,0.2432327728119382,0.2443212769612791,0.2456457567294193,0.2458354227061978,0.2461704579083282,0.245783293949807,0.2462549947201519,0.2469098561721993,0.2481320799850258,0.2489579518698458,0.2507538062063775,0.2522468579005861,0.2534003232560446,0.253763136083551,0.2539451892956279,0.2544529325871628,0.2549620388136537,0.2554075135777934,0.2558816241963907,0.2556123175710564,0.255634374458492,0.25552774055737,0.2544833769704732,0.2543116358618986,0.2538724457640783,0.2547658565099123,0.2546721787858578,0.2546935798928375,0.2545478286085474,0.254312658213008,0.2539979031845997,0.2538143232530926,0.2538069280478418,0.2533320322992034,0.2533412615270668,0.2529696317610319,0.2527105472172454,0.2518182566249251,0.2521901840520114,0.2526269139526155,0.2530973132107815,0.2541094844028382,0.2550045692485181,0.256084534997683,0.2566490196530996,0.2575999634826524,0.2582392361806388,0.2568909874581698,0.2545597902419889,0.2515723972526087,0.2498651151697327,0.2491814062462654,0.2498795367677175,0.25236683865334,0.2552150800521311,0.2579588637070167,0.2578684164969497,0.2576599620060962,0.2575285442863816,0.2601660937019361,0.2638922833278768,0.2689984111734019,0.2706085978229903,0.2716946634269785,0.2717020599177924,0.2740832258878493,0.2761833108160738,0.2783246161896089,0.2781029992365073,0.277260289817943,0.2760599125140872,0.2757154819662936,0.2757299532796441,0.2749199328379536,0.2744963624342794,0.2736446670013828,0.2730397148385475,0.2720427025916406,0.2712856695130743,0.2696004095572227,0.2683034456970132,0.2671055197849283,0.2667064003662035,0.2664699958182397,0.2653593485279074,0.2644424304256494,0.2635577807061215,0.2629389831380435,0.2621751140409437,0.2621146097337308,0.261796198345866,0.2617727482563606,0.2615932193768222,0.2615150363854298,0.2615685940302248,0.2607473800973081,0.2605020639711283,0.2599235124078178,0.259372104987469,0.2588278402974806,0.2584654156607672,0.2582156488810754,0.2580202922096448,0.2582776188259185,0.2576873020390434,0.2577116252115027,0.2571313887983035,0.2566350536968847,0.255886928651124,0.2554704634576414,0.2554287974470407,0.2554056105231946,0.2552998308692722,0.2551287803007274,0.2550214948636617,0.2545558509683522,0.2545536927368211,0.2541187567340116,0.2539409279745011
394982,27,"Pittsburgh, PA",msa,PA,0.2169984142299381,0.2160240598449912,0.2146642572317614,0.2147577236177351,0.215615734925281,0.2156824922780646,0.2157458579083539,0.2154420478514414,0.2151152581490681,0.2151101588205743,0.2155258533660791,0.2153433393914878,0.2156105372967286,0.2144134711030573,0.214497793955785,0.2138805403517962,0.213183195794938,0.2121879289302092,0.2114769694427323,0.2107357673057008,0.2107178381281577,0.2098490594824236,0.2093497382244334,0.2085232641154493,0.2085588679316894,0.2093531525885926,0.2101059293082599,0.2105324895129025,0.2104812079763491,0.2106370677613381,0.2105429862091956,0.2110904420770499,0.2105255795176935,0.2104772416443506,0.2098875367599686,0.2094488931289047,0.2088046551326114,0.2085335980066602,0.2087045985119263,0.2087528186519845,0.2088951186429602,0.2088075028441206,0.2090594543421069,0.2082660355264881,0.2081338568022735,0.2078311297995549,0.2085973145131019,0.209369654266874,0.2095378720064743,0.2096892185227248,0.2095087156735945,0.2097092683988362,0.2101054749649109,0.2107988708242468,0.2113495140381919,0.2124299572183766,0.2134506110744024,0.2145355567391482,0.2150479300133108,0.2158703195430632,0.217143902035069,0.2178270547485023,0.2163439348293664,0.2132133521372444,0.2105380000327421,0.2086043787531159,0.2075948780386406,0.2064731363123005,0.2070893123743646,0.2077564144527959,0.2081289503963133,0.2074812729869365,0.2066656644389449,0.2068364957468073,0.208536169788815,0.2111690768525387,0.2134804529037379,0.213845771258997,0.2134758415158567,0.2136376530355597,0.2158797306322414,0.2181901803270454,0.2206440137090578,0.220040965413451,0.2198534809712551,0.2187344261524058,0.2185918929960476,0.2179388169969275,0.2175353621445769,0.2172608119723594,0.2172098471171124,0.2172666780100147,0.216694771942134,0.2160785216593118,0.2148956458686774,0.2149207441380503,0.2144523985944735,0.2148222741093213,0.2146712277877194,0.2147770495831059,0.2146628364713053,0.2142387529030495,0.2136648982179518,0.2130649198451308,0.212717282086017,0.2126245547915396,0.2126153794133667,0.2129546777194408,0.2131244496804331,0.2131073525436242,0.212422821532858,0.2116345477628385,0.2113197398938502,0.2110731916552742,0.2108421451111818,0.2109093645349315,0.2109081132797831,0.2110831329341758,0.2104047752759391,0.2102713462781876,0.2103295849605758,0.2105390774379932,0.2108292635566655,0.2110332594291348,0.2109648426014055,0.2111701919105496,0.2114245502843749,0.2113955874799035,0.211464771765819,0.2112834286636743,0.2117876559214362,0.2115483998716505,0.2115861550752975,0.2114468215144594
394466,28,"Cincinnati, OH",msa,OH,0.1804722449258977,0.180723329492825,0.181468324322854,0.1818957037041308,0.1815540450571564,0.1813987566872308,0.1816486889637675,0.1820884707580302,0.1820460793670366,0.1814803040850617,0.1817247220015562,0.1814713119716519,0.1816818695013269,0.18049871391805,0.1805498292292945,0.1800391070348393,0.1806050011636705,0.180314815838755,0.1805276926349798,0.1803844695665686,0.1807972582958568,0.1810299882311681,0.1813751332870788,0.1815601425806072,0.182227623273614,0.1827714501798898,0.182784405916573,0.1828759954432983,0.1830307969168008,0.1836998319561212,0.1837368371651418,0.1841555387443437,0.1838859557826772,0.1841061235679191,0.1834338441138502,0.1836959598104956,0.1834520146139377,0.1840273532394372,0.1846351331482439,0.185154420140532,0.1850371495568874,0.1848549015843344,0.1847848104681238,0.1848188123251473,0.185418859128927,0.1861572791546077,0.1865060233286082,0.1868064404764434,0.1862593461055768,0.1862486033337782,0.1861486547443937,0.1861973391981785,0.1865756065314474,0.1871998092739213,0.1879958626304649,0.1886290394661836,0.1893156098358985,0.1897539925489827,0.1908963762304229,0.1917148191504668,0.1933436753881756,0.1939193924367169,0.1932445017905076,0.190689661571876,0.1883404891436278,0.1879644615758716,0.1883853639661929,0.1885217514186838,0.1896924521895775,0.1906609207722324,0.1916676723008306,0.1911915670742487,0.191077381629567,0.1906226702647671,0.1917671795630961,0.1935317307382241,0.1955960753595411,0.1960598503626078,0.1958667631125332,0.1969772489032815,0.2003857163735509,0.2038366672735343,0.2066826461751084,0.2067122269532664,0.2066319470772701,0.2065274660230049,0.2068225111686533,0.2073498995755723,0.2074941777239108,0.2084351994017897,0.2094307731736893,0.2099488024224356,0.2103348309438411,0.2107702630432921,0.211276937727849,0.2116772865000737,0.2116349981052006,0.2122261417453445,0.2125514341169158,0.212903697750738,0.2131483508386041,0.21276010975233,0.2123964002424356,0.2118641769887298,0.2118735386614997,0.2125819681197721,0.2126174046242364,0.2134249089267034,0.2133630725596833,0.2136913442550906,0.2134437645314313,0.2131822670570178,0.2128241670311754,0.2129841507704997,0.2130153118943119,0.2135286737138628,0.2140128952541023,0.2146098510766573,0.2156275465863758,0.2155697357488325,0.2154203932192,0.2145466153124542,0.2145736994485555,0.2144079326175564,0.2144485650588469,0.2145207490234203,0.2146983822688164,0.2146478326796769,0.2146821915493022,0.2143171024752299,0.213901516758527,0.2138151469248481,0.2142005747043726,0.2148148904719347
394355,29,"Austin, TX",msa,TX,0.2084922763998113,0.2091707691098883,0.2092751345797651,0.2092129906061677,0.2094558185611836,0.2097729082284143,0.2102323730156211,0.2107847596083377,0.2105979769054394,0.2103667482016201,0.2099064415857951,0.2098031855535934,0.2092417166170679,0.2081243878210117,0.2067711969240302,0.2062430560293827,0.2058710408137523,0.2060931167581333,0.2060516637386218,0.2060038405048118,0.2060863381663248,0.2060005580067715,0.2058684561468196,0.2054579884635016,0.2051835778092273,0.2052051041685662,0.2054170093924448,0.2049979068395403,0.2042110922932594,0.2033311551541866,0.202265325419352,0.2012416941297266,0.20057442332919,0.2002148948366824,0.2003393921587695,0.2000478775407416,0.1995648457294717,0.1996362102488217,0.1991598103170014,0.1992219191665587,0.1990404031710689,0.1994361397828363,0.1996147093420168,0.1996243555352665,0.1995458278343758,0.1996798875180885,0.2001056625286162,0.1999106380096943,0.1995036671581824,0.1992165541250547,0.1994414625732873,0.1993993027821176,0.199710288506016,0.1996191324067868,0.1998531309998149,0.2001911875267899,0.2005201199432864,0.2005952925738417,0.2003117750610058,0.2011197367156661,0.2022281396364827,0.2027767699575377,0.2017970737678816,0.1987618948799267,0.1954578949783224,0.1931820422214465,0.191997419968002,0.1913530349347512,0.19129937801951,0.1920877655480499,0.1933430297215128,0.1928785532036724,0.1926566958749669,0.1926462956005616,0.1944473804636797,0.1972668840318245,0.2011016265089376,0.2042595231428204,0.2072255949510087,0.2108517617619231,0.2163889637662013,0.2210543217258764,0.2239381999321026,0.2244608198674853,0.223746523313565,0.2238586128502792,0.2232071523621075,0.2234958766829373,0.2230900937561142,0.2231403896993568,0.2226185807325032,0.2211495740155492,0.2202730681545599,0.2190885686152258,0.2180126035991597,0.2165280089938291,0.2155633050862274,0.2146063240459904,0.2146141737287734,0.2133536603929119,0.2121526724324898,0.2099278115333645,0.2082610245597165,0.2067096952476567,0.2054638717690964,0.2049387145403427,0.2047576753815451,0.2043542578075848,0.2032808420292808,0.2017947661001872,0.2002879153951789,0.1993180610747478,0.198331560046379,0.197633120169263,0.196738125446026,0.1957724417112546,0.1949734034676461,0.1938738722763127,0.1930508947584073,0.1921447256218783,0.1912937990212736,0.1903286467246316,0.1892523188227093,0.1880604172726487,0.1869338411101005,0.1860829502061918,0.1852427138352123,0.1845589994355144,0.183824412447474,0.1831110122944392,0.1820401318549482,0.1810179780486111,0.1800341454336364,0.1793107976402173
394775,30,"Las Vegas, NV",msa,NV,0.2208369752412601,0.2213928963942996,0.2220236808973832,0.2224410330833854,0.2230551432995191,0.2231381097372624,0.2236208275945248,0.223693937331069,0.2239264178492418,0.2235893078060691,0.2236328000115751,0.2237262930717353,0.2239220220481493,0.2237661932702296,0.2233285456415381,0.2233111439101518,0.223333224883333,0.2237890293148371,0.2233955193609196,0.2236236041412023,0.224233192749373,0.2256505289097891,0.2265070116671705,0.2265903810100058,0.2266937393697713,0.2273335491375895,0.2288009325050577,0.2297934446517898,0.2304442149146469,0.230170460842312,0.2300605242395384,0.2299053951697974,0.2306563790028219,0.231408090307294,0.2321607124008185,0.232524308398041,0.2325938532129177,0.2328935642246864,0.2332446114013477,0.2340801473149585,0.2346295770064548,0.2349238647449839,0.23541645260069,0.2358901442827209,0.2376242332759653,0.2391565194545495,0.240873853849208,0.2415342841388045,0.2419867554107208,0.2419910271213879,0.2425490661396774,0.2429327385216097,0.2435913604457013,0.2442799645719111,0.2447882316276065,0.2454095679954997,0.2459076986067826,0.2466081133832571,0.247113195603253,0.2479726677037461,0.2489469006958283,0.2497322662519134,0.2477500863666422,0.2442213373887787,0.2402156122633906,0.2390942610763442,0.2401852049972988,0.2425358347532623,0.2465170752359968,0.2509356110261383,0.2546244296659819,0.2556154805906403,0.2563017686403953,0.2573990481986145,0.2594648378869854,0.2619445317228586,0.2671854501644172,0.2715721301024394,0.2759382510278002,0.2797204051721516,0.2867714227315652,0.2934792833755743,0.2981949216363698,0.2988209423473466,0.2983434649797404,0.2975766849258721,0.2969941473583245,0.2970771777063282,0.2958743328502519,0.2940320545798462,0.2911406471621989,0.2871656801938753,0.282750645352519,0.2782600047704666,0.2752751574710025,0.2731198853255351,0.2717031096159468,0.2709490403198742,0.2702521617938127,0.2686649246696102,0.2664663000873215,0.2638217442920204,0.2619666776263871,0.2602717312938065,0.2594172838028161,0.2589566854083239,0.2586994336652992,0.2585545177399748,0.2575937896808684,0.256346141919345,0.2555678786311107,0.2557733544072724,0.2562163575061658,0.2564138040246284,0.2556778161293949,0.2552640051311137,0.2551157789384648,0.2548169491393838,0.2545993166028315,0.253993922280045,0.2541341488868778,0.2539432605166113,0.2528484566229462,0.2511438331229859,0.2497287413834641,0.2492652792988985,0.249357597046176,0.2493020300947564,0.2489466784927113,0.2485402830961624,0.2477157946715971,0.2469622279011764,0.2458349755405737,0.2449710935250029
394735,31,"Kansas City, MO",msa,MO,0.1731864054368958,0.1733202885149772,0.1741240182469477,0.1743828759132596,0.1748303089393969,0.1749394991020526,0.1752960349571915,0.1755891916487582,0.1750558386974738,0.1750246392016678,0.1748155209490885,0.1748285827295695,0.1748617247395446,0.1746109792477501,0.1744578451094915,0.1742472497700837,0.1738491809700696,0.1739864668322593,0.1741493477664276,0.1747103533957601,0.17541978654899,0.1760502722077364,0.1761949353623613,0.1761204586827911,0.1756536845946264,0.1761865348170657,0.1764529914326655,0.1771723024126702,0.1775541290921969,0.1775959420320861,0.1776724305578743,0.1776637085765525,0.1777441850111784,0.1778082078380979,0.1780901830184214,0.1781645102598285,0.1777923365116163,0.1771768500458747,0.1766422770507253,0.1760211743411837,0.1757192042827801,0.1755625970346545,0.1752467275325917,0.1750625535738857,0.1750765145258162,0.1752508164327161,0.1752109739605876,0.1747929094115205,0.1750263165151363,0.1751922614663505,0.1754012829899518,0.1754248005187055,0.1754686516488977,0.1758413804267445,0.1763768906317459,0.1767938517830116,0.1771281440200822,0.1773825234276977,0.177833139559648,0.1788570265910677,0.1796890636996787,0.1802517164998334,0.1794665487185969,0.1778375756953744,0.1762452779885307,0.1760386204443598,0.1766968073799279,0.1777430945331486,0.1794100538542061,0.1805253063939521,0.1813613103262949,0.1800722891879277,0.1799035511197121,0.1801958149385415,0.1817260922446035,0.1833116734089629,0.1847224771569869,0.1855515768150308,0.1858281896161197,0.1860981434712767,0.1884777419830727,0.191416318767336,0.1941448619496255,0.1949712513801861,0.1949817855209901,0.1950874660879069,0.1949185398085371,0.1951140931518838,0.1955464091969701,0.1958184430728659,0.1961614673092097,0.1964120705167138,0.197119454916288,0.1973418880326133,0.1977757080977447,0.1979499990854429,0.1981277107634716,0.1980066699009648,0.1986342843094248,0.1993380827725858,0.2000295401068536,0.1999654572189584,0.1996981059681608,0.1994630053509461,0.1988852330105109,0.1991866320684096,0.1993681321698052,0.1999277133328432,0.1993706401323806,0.1991765588066773,0.1986466495610276,0.1984736244293925,0.1984031543147508,0.1985205925750846,0.1988481552635162,0.1988233433387364,0.1990814994008278,0.1991723354914936,0.1991870536117495,0.1991842768330966,0.2002131997074336,0.200778254212727,0.2011308561691196,0.2010019395552152,0.2007481197797538,0.2008979858939109,0.2009732264704474,0.2012780115752059,0.2015394435022572,0.2015715116714325,0.2016223664797712,0.201475998840696,0.2010429792071284,0.2008051501994676
394492,32,"Columbus, OH",msa,OH,0.1807962190100907,0.1806085158284483,0.1802133667518875,0.1793317178575662,0.1801289739778589,0.1805093172023456,0.181880441646035,0.1821479231352106,0.1820882802861231,0.1825240415390199,0.1813771181466936,0.180810109446678,0.1805207494609038,0.1803357408494516,0.1800688881196685,0.1801882803178057,0.1805266449963348,0.1814833731243212,0.1812725031734467,0.1810495429197676,0.1801911616927157,0.179620016489591,0.1806914753812708,0.1813263186737053,0.1821614989376576,0.1825841538615605,0.1832199526285287,0.1836358085781121,0.1829362986458345,0.1827799535927913,0.1826581874853187,0.1832602961664157,0.1841019201698005,0.1841938418607474,0.1845566545837207,0.1843185971109548,0.1848357180674808,0.1851398954624405,0.1857098932730441,0.1860640069966657,0.1863546117316228,0.1864303572766137,0.1866523764920865,0.1869410074567632,0.1869898831463353,0.1872217812834042,0.1869723701492706,0.1872760038109786,0.1874491956303324,0.1878032510705901,0.1877579796136665,0.18792868453331,0.1886256698395165,0.1893236885090607,0.1901303390538118,0.1905663233192658,0.1913257367805875,0.1922537123626536,0.193132622477023,0.1939747202820967,0.1944971453462607,0.1947814849570811,0.1939131476366797,0.1915225730055757,0.1890497361997746,0.1882540270298267,0.1884983849246297,0.1893016942216056,0.1904525981061949,0.1927262699309346,0.1942337079004044,0.193049611814556,0.1918098920441809,0.1912653403458607,0.1936667351376783,0.19564221777641,0.1982968425532747,0.1987828868856206,0.198883507829472,0.1990350871302743,0.2019226962071509,0.2050254320642922,0.2078189207998406,0.2082163364688457,0.2076803694087425,0.2071134427456687,0.2061591660625457,0.20611316347801,0.2059124290619715,0.2071782883442653,0.2079809085177916,0.2083062644509416,0.208537995883467,0.2080191205169531,0.2074841353269865,0.2075511086812531,0.2078567468235495,0.2082294476291183,0.208327973247152,0.2087514525480988,0.2092555508664091,0.20837848689805,0.2078658723213817,0.2074867333113701,0.2071063220265507,0.2068748421170645,0.2070126123358538,0.2070913523824574,0.2064591472546089,0.206058491210875,0.205243539518858,0.2052247640704618,0.2046048992571749,0.2051817819468013,0.2054797134828959,0.2058483054292793,0.2059271237100871,0.2056488179849293,0.2059880526846756,0.2061333895422449,0.2068426937891604,0.2066076455803058,0.2070289469142224,0.20641574337777,0.2062209408844614,0.2057103631210961,0.205330446841496,0.2048820071845147,0.2048094981451208,0.2050385223659136,0.20453716300828,0.2038922535828445,0.2031379712033779,0.2028992341447711
394705,34,"Indianapolis, IN",msa,IN,0.1867810761550614,0.1865449089806414,0.1867191334862698,0.1866796651317801,0.1867811920618679,0.186513289624739,0.1865797233137941,0.1867979749957806,0.1873131167335834,0.1871496205791151,0.187527555809772,0.1873857989984104,0.1870628538481164,0.1861831426441283,0.1857157706484762,0.1858717760047928,0.1861730245974584,0.1862392309970163,0.1862609222696302,0.1855661980535638,0.184928479148121,0.1845780019487933,0.1841870858691026,0.1836134880883527,0.1832666403001666,0.1836565507934503,0.1840443749484731,0.1842120124498118,0.1841936387816463,0.1843334891451904,0.1844614297459076,0.1845689837004793,0.1847046054654774,0.1851724725210282,0.1852085195236903,0.1856348570777073,0.1851964223743229,0.1851251816085156,0.1844822407758481,0.1843469959656298,0.184289444530255,0.1843991997072058,0.1842840979217208,0.1845532055120917,0.1845778093238735,0.1847825830423755,0.1852425016603316,0.1850867919069057,0.1848776155704773,0.1841877759414453,0.1845797166867178,0.1846300118498189,0.1847228385633498,0.1847895653574846,0.1850646708569653,0.1852659969000299,0.1860986198441767,0.18669177558378,0.1871966363837197,0.1873591775618642,0.1878138237208359,0.1882338629369975,0.1880368104912008,0.186187521660597,0.185475774262266,0.185315013083834,0.1858223616137228,0.1862558543385605,0.1878318192181741,0.1900321959583762,0.1911567488553919,0.1910197820045767,0.1898525945408351,0.189118556655359,0.1897095509419394,0.1913744892132458,0.1932156049055396,0.1937027992525622,0.1942849379337528,0.1955011319728557,0.1989726525197028,0.2025619465181181,0.2055093290714617,0.2049258525786675,0.2037330228394492,0.2029384784955087,0.203424901574876,0.2044093267594434,0.2046564949625343,0.2058218606250462,0.2064419324753142,0.2067487506931367,0.2064848823939675,0.2060841428610058,0.2061197156935391,0.2064301517944888,0.2067245652882287,0.2067090135148177,0.2071667229064291,0.207035106049156,0.2072679116583316,0.2069448783125269,0.2067293167170343,0.2067855007110789,0.2073056608957564,0.2082841531005917,0.2090352490145408,0.2091482695780886,0.2090913119732279,0.209503619963156,0.2095308278572742,0.2094969939642,0.209389628019436,0.2096448386094426,0.2105796539831768,0.2113821832089712,0.2124015468171601,0.2125836944664246,0.212969485891828,0.2138474166264402,0.2145610084439763,0.2150406466305384,0.2148478252751119,0.2147354779806544,0.2146866224319538,0.2149769402637049,0.2148300957658944,0.214675776850996,0.2145050362647375,0.2147604631830567,0.2147723765619069,0.2143746085202223,0.2137061640477326,0.2129797739135488
394475,35,"Cleveland, OH",msa,OH,0.1876418249371982,0.1887091643478097,0.1888701790115863,0.1902612884320875,0.189917561871715,0.1890710423014994,0.1890165182838426,0.1897636267853388,0.1904989315442437,0.1901928372450728,0.1901405170384294,0.1900560589065807,0.1907478024010821,0.1901824594671837,0.1896336913122657,0.1885097125651114,0.1895658014008941,0.1904010879712139,0.1913485546467749,0.1908485804905186,0.1908108206827554,0.1910581505104923,0.1908388656700047,0.1900285823485156,0.1892570654449426,0.1892535992458817,0.1897943515865311,0.1903005836424171,0.1904457697845922,0.1902761130355845,0.1895497162976512,0.1893325669156755,0.1895793195222689,0.1896284532742499,0.1901101394116688,0.1894057743559005,0.1898742528384916,0.1900639579720198,0.1910225258396046,0.1905849829137259,0.1901785473451223,0.1898129111514743,0.1902445579252724,0.1906494301280233,0.1900741877386847,0.1903105478225465,0.1904454441593248,0.1910184329134585,0.1904645275614203,0.1897748910446948,0.1888939113391088,0.1891369809102711,0.1892499639607826,0.1899139357459021,0.1902736296108203,0.1907222002777188,0.1918628804426212,0.192523668864603,0.1931683217793596,0.1942571087336735,0.1956551820949161,0.1969150392117894,0.1956804868528075,0.1947932063484867,0.1931934501225725,0.1932363461495198,0.1932538478456796,0.1944365555494013,0.1958760375410405,0.1964523003729452,0.1967108492852591,0.1949548855147234,0.1951931964396414,0.1944190097672718,0.196266398451595,0.1967482367162764,0.1983466740429082,0.1982999387321369,0.1993769586154948,0.1997230142092405,0.2023748154497039,0.2064837680417354,0.2099115430470316,0.210719342736163,0.2089509522484973,0.2092703105137207,0.2093450187403635,0.209856562255684,0.2100361055174094,0.2103692899475344,0.2100880699831729,0.2095382388037896,0.2103878651221367,0.2104262266365716,0.2106468125754962,0.2104409740277343,0.2110739790620935,0.2110591818258983,0.2113579992253654,0.2121550633657876,0.2124382862078767,0.2122483457139286,0.2126478470422123,0.213910214223157,0.2142034592499375,0.2144547374579937,0.2150338072091769,0.2165920056284326,0.2171471633640692,0.2176739736353498,0.2176141883424089,0.2184413471387916,0.2190104966653697,0.2204971434471099,0.2211429608517738,0.2214826381660646,0.2213053278415925,0.2213433623920105,0.2222665851387033,0.222969742753253,0.2237599744466455,0.2232594001572353,0.2238995101742726,0.2234868888829316,0.2235860747983471,0.2234815582377996,0.2238515955758533,0.2240727875139017,0.224868440787725,0.2256225923992883,0.2255053761878364,0.2252534391595574,0.2251567797381784,0.2261171160377664
395059,36,"San Jose, CA",msa,CA,0.2941796545211176,0.2942019386408488,0.2949596931416118,0.296642293516745,0.297863429943604,0.2990910418744155,0.2994417677859274,0.299794613894404,0.2989356604138993,0.29927805975648,0.299040212701142,0.2988754833629775,0.297509023657965,0.2972954141488351,0.296543861197823,0.2944613837127616,0.292988974071114,0.2909369902134331,0.2894323248000379,0.286137034211435,0.2844473221204824,0.2822140886803618,0.2816652952695468,0.2804878602773465,0.2807756010231051,0.2803342532624467,0.2806407489478569,0.2797310333478471,0.2790468239874414,0.2782163649033945,0.2773597585631423,0.2768911509273047,0.2765319100189067,0.2762423504888205,0.2757368316842719,0.2749302104008219,0.274489637309228,0.2749783345079727,0.2747232793914792,0.2746608227061893,0.2730993015478875,0.2723917041129716,0.2716188250300593,0.2716837383494994,0.2709447017942296,0.2698341301424918,0.2692006255255984,0.2682407049744202,0.2674540310701034,0.2658673649634206,0.2642797136096221,0.2631913082996484,0.2631468005578284,0.2633930117964017,0.2637452413468751,0.2636447764785229,0.2643445113096785,0.2654275930760155,0.2659889028345497,0.267067770251882,0.2676283746914989,0.2682682979216005,0.2665109644959375,0.2624999847087725,0.2579129328549543,0.252129650812103,0.246823010443692,0.2419648632506015,0.2395893135156377,0.2377868171426573,0.2370029684034029,0.2338028824374088,0.2307593046026762,0.2282154694405853,0.2288549429407924,0.2312006398328393,0.2337318181528794,0.2346253675890049,0.2354899831410994,0.236758839985833,0.2397500823164287,0.2427906704939551,0.2446067942703587,0.2450511828776567,0.2452561663418412,0.2459326390463841,0.2466332520072524,0.2476789085274879,0.2483540522361976,0.2495865737106806,0.2500520533830858,0.250374662839803,0.2501819344643521,0.2494974105460797,0.2487090389305344,0.2474109475490961,0.2462235752560303,0.2449357744229235,0.2439350203466411,0.2422378627156157,0.2410098848814689,0.2394788465826436,0.2384525570531867,0.2374598792824942,0.2367279948264821,0.2359611355039489,0.235081034779081,0.2348515050216156,0.2351223867853661,0.2355652724519356,0.2353588139180805,0.2349545958048958,0.2348885512963693,0.2343061453546012,0.2338269345762876,0.2326530286529187,0.2316872348749653,0.2307711040568545,0.2298650719355689,0.2284664092672078,0.2284607180576585,0.2285612950700588,0.2283433718649232,0.2284177191711967,0.2281507670129604,0.2284056660606599,0.228549901371181,0.2291975137035022,0.2296339716484451,0.2301657000638925,0.2308191135171204,0.2315755459096864,0.2319163727242799,0.2321779658786238
394902,37,"Nashville, TN",msa,TN,0.2429995348020155,0.2423795917036493,0.243408535106116,0.2433464899312384,0.24395249166786,0.2434997951787537,0.243278733308155,0.242704553411578,0.2420285582534424,0.2421204255760791,0.2414389448881717,0.2414208421009657,0.2408482791140919,0.2408254026935136,0.2400594636366358,0.2392449973695636,0.2387772380140493,0.2392235359664606,0.2389911379065184,0.2392115161295719,0.2395186804743092,0.2398590005857029,0.2398392295852036,0.2394743407619163,0.2392532412362051,0.2393338349280972,0.2401334628683438,0.2408205220643728,0.2407024657754557,0.2396936156081772,0.2393355600709858,0.2394978327756364,0.2400118720424713,0.2392699931733062,0.2386945048269381,0.2378643823843998,0.2381148995039961,0.2379379619392437,0.2366825936622847,0.2356542404846478,0.2346791411646625,0.2349854158696685,0.2343659968541386,0.2340365186846877,0.2338167876326041,0.2356237906612857,0.2360263235462313,0.235817189666407,0.2337518322104992,0.2332180408924512,0.2335216641728789,0.2337984485173693,0.2343657210300763,0.234307320657022,0.2348053613166509,0.2349802372601999,0.2361467132013782,0.2365424845213406,0.2378303710422921,0.2384215733601178,0.2397103838639658,0.2399466104607831,0.2381215744546393,0.2356963578522113,0.2329889315645407,0.2316003167985779,0.2304878310272224,0.2305405647243029,0.2316915348695423,0.2342234378387145,0.2355256792822919,0.2341335679770793,0.2318177525758334,0.2309754265733681,0.23259496368537,0.2357356849495308,0.2390597336372914,0.2408552547966285,0.2428617886296097,0.2457699500154661,0.2517307562032725,0.2571058288571989,0.260773508401723,0.2615911237740851,0.2610473387265291,0.2612071694635867,0.2606980069435599,0.2606628787054416,0.2604561513427263,0.2611758533595196,0.2612202564136713,0.2602050170775055,0.2594203461811882,0.2587978565887178,0.2593642158305516,0.2582324103495027,0.2574347393128798,0.2558717576267186,0.2552954235444475,0.2537629988342579,0.2524786082975586,0.2501984171104145,0.2481066870260768,0.245941784661768,0.2449992377901354,0.2441080119605785,0.2431516110917053,0.2419300960916475,0.2413903457268433,0.24063423045818,0.2399441815143864,0.2390658925910119,0.2386730569756945,0.2382944902529361,0.237770304197547,0.2372868417691081,0.2367414739511614,0.2362165340182423,0.2360659673459291,0.2359860516367334,0.2355158539595698,0.235394832402767,0.2343784847674111,0.2336568577494168,0.2325293373898377,0.2320875108654928,0.231808707855037,0.231706637114173,0.2314950167936896,0.2312678102574477,0.2305349854935573,0.2299005794287646,0.2290527471451614,0.228160902758042
395194,38,"Virginia Beach, VA",msa,VA,0.2147102811798818,0.2143118430439907,0.2140685254963865,0.2139856029188358,0.2139802239189977,0.2137248708455955,0.2131786897259132,0.2127778369474418,0.2123957694686203,0.2121998710918445,0.2118735222081716,0.2114875599131179,0.2110688416960275,0.2107547816921805,0.2106265639767817,0.2104106032069544,0.2102458605230173,0.209962798162608,0.2099208953074059,0.2098113318360694,0.2096836731527338,0.20941268023738,0.2088173249497538,0.2087679275788947,0.2086069463626524,0.208992928984548,0.2087601456651386,0.2084146720197813,0.2080560279440044,0.2080111103990843,0.2080514732975479,0.2079516522031192,0.2079248892728896,0.2075607627704545,0.2071818606937778,0.206554897847103,0.2064570039087983,0.2066083212802779,0.2066251383583514,0.2069622010141559,0.2068233959477051,0.2067631568680046,0.2067850210098622,0.2068765522933362,0.2069937596868299,0.2074678511223535,0.2085200655493129,0.2087112418089802,0.2091302766901557,0.208778725233735,0.2090178727953144,0.2090902344906701,0.2095650424728444,0.2099982763961099,0.21033855816715,0.2107448439744808,0.2113268344457796,0.2118701348535884,0.2120700106711179,0.2129809613766224,0.2135145448469134,0.2142195117449476,0.2125807994082851,0.2109045731402648,0.2088860035959459,0.2088271678048632,0.2095780036268698,0.211220470812812,0.2133044478109445,0.2156958709211107,0.2180684668119373,0.2183304035302622,0.2185633983649779,0.2189779369704559,0.2214752906942697,0.2247454530630175,0.2285656426362755,0.2313362896453475,0.2336780792647264,0.2350913053101749,0.2381911785955891,0.2407950762052254,0.2426788517704078,0.2425456827602453,0.2413647150491081,0.2409222295249853,0.2404923127082845,0.2402693102275862,0.239995312104237,0.2390967934929456,0.238388512798983,0.2377139420045918,0.2383267845219527,0.2388585457798322,0.2391223493469772,0.2388758332433164,0.2395491450138478,0.2398940962593194,0.2408433441448523,0.2409723212527769,0.2409249726752623,0.2397490222107776,0.2390538638123676,0.238711289203292,0.2387894924484686,0.2386048200839133,0.2382728284442675,0.2381670135700296,0.2376315934662157,0.237943279254144,0.2383327801935444,0.2387416382654257,0.2388845147271276,0.2391524741287173,0.2399375532994077,0.2404740670266311,0.2406427844681948,0.240327291371004,0.2404779400366278,0.240147646774289,0.2409132952397124,0.2410942245732236,0.2405761768363411,0.2403176975871196,0.2404050002693717,0.2413953126914724,0.2418256390492612,0.2422864650796317,0.2425714262390884,0.243395853457448,0.2440399629312357,0.2451191780539633,0.2456128650171192,0.2462687527923124
395005,39,"Providence, RI",msa,RI,0.2132535197662771,0.2137843629342604,0.2148137081481502,0.2147258078026909,0.2149580850041646,0.215019197092311,0.2142857596652166,0.21339008389257,0.2134271208679225,0.2143409781243826,0.2144438360152897,0.2136874092462872,0.2135404034925528,0.2135419415341969,0.2126639969885966,0.2122179084302919,0.212145974754601,0.211130055784845,0.2116361649348173,0.2121420437186831,0.2152710463707798,0.2157915983378837,0.2167266449216071,0.2172498223769975,0.217914603687205,0.2182178584152956,0.2180576202762973,0.2188662982132285,0.2188588461994977,0.2182185734893645,0.2185207243506054,0.2185535145138152,0.2141451778177876,0.2136259366507596,0.213863432369317,0.2181166025919147,0.2181606194587509,0.2178528342523419,0.2183058858704885,0.2180669253248582,0.2185804997022276,0.2200236900625841,0.2202675527513768,0.220293788722266,0.2213422617652844,0.2218521389023273,0.2228278680168541,0.2210250646430097,0.2211287307991579,0.2201398791214997,0.2203681045801851,0.2206058916539384,0.2205949964173104,0.2205449933254893,0.2206914357360617,0.2213092957317387,0.2239504279410646,0.2258808477808077,0.2268972170687603,0.2273782192898421,0.2282837455986337,0.2299730709809523,0.2296279309770625,0.2271940735867519,0.2236414022637461,0.2226037374959986,0.2230034952788418,0.224517989281603,0.2261864708404161,0.2279976177447583,0.2299751431516629,0.2307339940422591,0.2305495705045926,0.2310126862673374,0.2327399333468426,0.2358464335168591,0.2382002310573461,0.2383847974933193,0.2387907556324436,0.2393050293110511,0.2434352083855407,0.2466693848898206,0.2495876152402378,0.2502591598031477,0.2517621043572128,0.2527614555939971,0.253175191438482,0.2528462277332886,0.2543780954022434,0.2560970120211627,0.2571066291684688,0.2568433750588863,0.2561302322563774,0.2565408580686023,0.2572455502535749,0.2586400996952911,0.2589016329334991,0.2590754892107413,0.2595127727557889,0.2605676804431881,0.2612406438832925,0.2627267782933474,0.2639918566972287,0.2659781399986999,0.2676064955455522,0.2686920519990617,0.2696949069800915,0.27153338115845,0.2731308480009503,0.275084094032065,0.2766679731941943,0.2787350950678189,0.2790110168141491,0.279355471432708,0.2808110588644611,0.2827418370033147,0.2835465472260377,0.2841758967174301,0.2849971822165627,0.2862498925439992,0.2876804594298204,0.287604108301183,0.2878080623054511,0.2872574651213129,0.2879374842057424,0.2885295182005871,0.2885577410001088,0.2881176555758526,0.2889844832583272,0.2900406808138757,0.2908732128925974,0.2907278820901535,0.290439865198204,0.2910989202958285
394714,40,"Jacksonville, FL",msa,FL,0.2234626384913136,0.2234286757296895,0.2235770563669473,0.2237270000289605,0.2242034009999245,0.2242357077183215,0.2244219929691375,0.2245069994953649,0.2239403066668802,0.2236027981137034,0.2227698548948234,0.2228085271466265,0.2221193993100527,0.2218811164624376,0.2212170625348322,0.22094603501419,0.2206045089664543,0.2205207698695994,0.2199829645873621,0.2200838443151113,0.220534984861649,0.2213557742550736,0.2213331307891631,0.2204997157467818,0.2201857776748281,0.2205592671393731,0.2214660297185243,0.2217349920867571,0.2216351158637595,0.2214699058866444,0.2214946972638142,0.2211903312652321,0.2206194057731066,0.2198718041573101,0.2199633148652705,0.2203315185613863,0.2207679874897358,0.2205114671492866,0.2203739894172639,0.2201329410237421,0.2204197415798727,0.2204440342280691,0.2209082497959404,0.2208245594091364,0.2213011583159968,0.2217829163495982,0.2229553130304547,0.2228152760548702,0.2224781166100091,0.2219393785658253,0.2219614067433382,0.2223161894517468,0.2224867323264721,0.2229555157624234,0.2231102168638414,0.2237781416438501,0.224594717112629,0.2254899152714321,0.2255433443858198,0.2260210916394738,0.2264262184260161,0.2270649770705426,0.2261684461477176,0.2237770676376953,0.2213098003034466,0.2199569842683174,0.220290673310661,0.2213216115043942,0.2234999767408311,0.2260051979267383,0.228085629131573,0.2273224286343897,0.2270860405221821,0.2265245163101549,0.2290568800982627,0.2320220276597977,0.236149913159278,0.2388261056721781,0.2413366635995612,0.2442286393339411,0.2496524978099699,0.2548493255050977,0.2590029058606005,0.2604092809869708,0.260119315635906,0.2607507972650288,0.2596865090119703,0.260083443603719,0.2591886673987677,0.2595958499492813,0.2584812221057722,0.25723934934136,0.2558839674857695,0.2556966600479304,0.2550689023088529,0.254159526582482,0.252697648034776,0.2515660988963839,0.2515974670736119,0.2509956313458606,0.250502622000831,0.2490267536042447,0.2481667088304476,0.2472382686692285,0.2466280702204178,0.2450701831560999,0.244237658422119,0.243095506777205,0.2431366534417025,0.2427084297408076,0.2425506811006895,0.2420744849313766,0.2414333330160926,0.240725286876601,0.2403042187948527,0.2395914560936319,0.2389482901007593,0.2387252652854624,0.2389291021011053,0.238973602328182,0.2387470187450315,0.2377729312304803,0.2367158249533563,0.2358033920899001,0.2351535940730466,0.235003327405586,0.2346452084529904,0.2345137085307711,0.2343851704947805,0.2341627368923946,0.2333298028606334,0.2326172520547628,0.2316580822415929,0.231395221523152
394862,41,"Milwaukee, WI",msa,WI,0.2100306863689024,0.2065721250642821,0.2072113931366959,0.2069727433134457,0.2078861010163224,0.2080536646374578,0.2082581592365879,0.2078300376773969,0.2077543385492839,0.2079768428382346,0.2057880867487219,0.2033700971535415,0.2022546361038457,0.2041327364785677,0.2038482225479015,0.203707783258451,0.203182429649587,0.2041702543662388,0.2035360411647271,0.2032242545671541,0.2035123055000643,0.2043468225569979,0.2048291050930043,0.2054563233637582,0.2053493152221809,0.2044317888231149,0.2038532176913899,0.2039438837365523,0.2046180748970648,0.2038420007563329,0.2035540694973565,0.2029004520465086,0.2027961131626469,0.2019723429964563,0.2021049413216585,0.2021321950878835,0.2024023356459288,0.2016280386575649,0.2013264828649156,0.2010260419177564,0.200927580557407,0.2004403645294181,0.2000766602818847,0.1999355391936593,0.1992503171015331,0.1998395773896403,0.1995553421338038,0.1993412181175154,0.1989982831650165,0.1993330608498373,0.1997649061626109,0.1999586957561616,0.1997662143160161,0.2001447959397795,0.200494535035838,0.2008594683147798,0.2017130244838989,0.2018915212018376,0.2023908999912419,0.2025878375011933,0.202824181233709,0.2028647435297509,0.2012061804032768,0.1991056079990226,0.1968306525536672,0.1966634102466866,0.19745720985345,0.1981279702900087,0.1989694660242967,0.1999070281139619,0.2006375181911983,0.1998388781248118,0.1991489452268678,0.1988358987888938,0.1999657154104949,0.2011999448221781,0.2025235984036084,0.2029829447614921,0.2023530332484296,0.2026076036528635,0.2050159892072259,0.2082026692489242,0.210438694908031,0.2100063125618451,0.2092008847153052,0.2083029714180228,0.2081660050045945,0.2078702451756378,0.2080588703917454,0.2082370808813355,0.2085750805816494,0.2089702262683175,0.2092295564921113,0.2095082477977543,0.2095223728827785,0.2099152671413778,0.2102694088782381,0.2110740275763537,0.2115758946939162,0.2122047072824111,0.2122217244723444,0.2120698740910749,0.2126347962503963,0.2128177011379347,0.2132483512614755,0.2127852438368192,0.2130766511978979,0.2135441303992095,0.2137423040175189,0.2131066835210491,0.2131018580705207,0.2134202262732588,0.2141641287038329,0.2147731174265042,0.2150424293924973,0.2154938781601228,0.2153019006310854,0.2155208287481511,0.2155936773893651,0.2163519626022048,0.2168688911010725,0.2176556501140342,0.2177532730393262,0.2174996102097018,0.217116403634119,0.2171084839776947,0.2170233823577715,0.2169469440480144,0.2174954953856949,0.2181430824336797,0.2185448122051867,0.2181029172854781,0.2178138592806033,0.2176098884439879
394935,42,"Oklahoma City, OK",msa,OK,0.2055952496273317,0.2049055557694796,0.2054900263496773,0.2060708282294818,0.2070794912796647,0.2072979663962103,0.2080335618825015,0.2085605153169198,0.2077109541993747,0.2064602827944981,0.2059639738144495,0.2063073472515698,0.2064563308260599,0.2059257325773553,0.2045385838260681,0.2037801042825748,0.2028819992048706,0.2036247347395531,0.2031638744879231,0.2032359639842468,0.2028980574017937,0.2032639117053631,0.2025655705495803,0.2021537203716522,0.2014714642295824,0.2016981361308698,0.2009949531348777,0.200636812992476,0.2001745237267827,0.1994308301931157,0.1989390166273967,0.198185607106602,0.1983979415982128,0.1979393720260417,0.1978197903466838,0.1972735391624604,0.1973687587387265,0.1972665521985369,0.1975171918108584,0.1972452258043266,0.1969900525924875,0.1967310532350377,0.1969041956594133,0.1973073153776421,0.1980097176660883,0.1985968253109418,0.1990686627864755,0.199038702054207,0.1983605912634132,0.198116208338966,0.1983302101739574,0.1987198200926051,0.1991669820132226,0.1994644853050204,0.1995316149882409,0.1996041582444607,0.2000014307507471,0.2008256800424915,0.2016536585891978,0.2023247217264432,0.2031195600405911,0.203286099957056,0.2023594201642097,0.1996928961355586,0.1980808828834668,0.1977014615089096,0.1983462989999938,0.1991379371757578,0.2011386312129765,0.2036630734317166,0.2056771428012337,0.2061016069302624,0.2054211279981978,0.2054917403678331,0.2063249426587857,0.2087402633822273,0.2108296720927461,0.2121158815382365,0.2128910436882622,0.2141773731250698,0.2178107131480064,0.2212319648860108,0.2239455761426625,0.2238054341061882,0.2235186299048375,0.2233374529794477,0.2233501317203403,0.2231664153971725,0.2228474814093889,0.2223011086869463,0.2213243058400844,0.2199817373460381,0.2190312266514367,0.2181679439070934,0.2178300619731758,0.2172705818797621,0.216784223082496,0.2162633387002346,0.2165503677352782,0.2169931345566422,0.2170413194696544,0.2165993318476463,0.2161359305004411,0.2162095132124314,0.2165586556325306,0.216827260526378,0.2168804199856529,0.2164944263089617,0.2160362134806674,0.2156304848787205,0.2149156811023786,0.2140919377087519,0.2135866595573816,0.2136195747266225,0.2135340360154887,0.2131727368825049,0.2128413560060569,0.2128644002431491,0.2125205223267606,0.2126132551507357,0.2128089815402037,0.2128713844200407,0.2128031768502383,0.2126622045977869,0.2124828006811132,0.2122355892319095,0.2121614577932497,0.2120980086927772,0.2120880210489882,0.2118544380600468,0.2118218226827193,0.211420702423496,0.2110734942311262,0.2108014838726009
395012,43,"Raleigh, NC",msa,NC,0.1940490131504305,0.1935824460708726,0.1937779337086549,0.1935620962409271,0.1941626017978398,0.1939163695316368,0.1936936754837155,0.193219397233651,0.1929426725978911,0.1928127330478935,0.1927173305246383,0.1926657519309738,0.1921054925195719,0.1911807732608077,0.190694251807306,0.1905206464524996,0.1903344687661578,0.1902501872858055,0.1899040423353035,0.1899765269768643,0.1900882776526244,0.1902681293227387,0.1900793818622076,0.1893327131692808,0.1887748570694708,0.1889974232333479,0.1890383147553216,0.1893130543395083,0.1889999747530543,0.1889746793650153,0.1888703567630195,0.1884802047451634,0.1887534256803253,0.1887297684796338,0.1886575275382032,0.1884235740665345,0.1885380292590838,0.1895283884998071,0.1896295131665416,0.1894033116744231,0.189065280419045,0.1886892438807622,0.1886344297317234,0.188657644628679,0.1887674382133756,0.1886974268782859,0.1886939454284227,0.1882601385841568,0.1879185200680725,0.1873528357259993,0.186910252232783,0.1865079804874812,0.1865532545135566,0.1869548570326385,0.1873068308278552,0.187713352785966,0.1880264140945334,0.1886682684911012,0.1893818308778538,0.1906297835418654,0.1916597315726988,0.1920888358786372,0.1898922856846567,0.1866959211393162,0.1836883680966639,0.1823905272278714,0.1818571462344559,0.1821447011210574,0.1832716085064379,0.1849742480036881,0.1864995599179216,0.1859393128249758,0.1850952215888131,0.1846349204510441,0.1859469169499115,0.1881851280715037,0.191129681774285,0.1931601292427908,0.1949736109705287,0.1968669665103369,0.2007037514133669,0.2047275186902076,0.2080946117375604,0.2088034080554027,0.2086573596713822,0.2084450259941846,0.2088327863289436,0.2095178885662656,0.2100103940425604,0.2105494626340437,0.2103634949168683,0.2100259305205819,0.2099670809219654,0.2096059203488903,0.2088550154822818,0.2076880495889208,0.20682106807293,0.2064800292544896,0.2063185695576382,0.2058091141163306,0.2048994460483792,0.2032720606510499,0.202344661502921,0.2012150715436434,0.2007692231166148,0.1997904566904856,0.1989584068215424,0.1981489674802775,0.1971810161646033,0.1966107651590558,0.1953419225083598,0.1944869489914801,0.1934384034293843,0.1930894744147238,0.1922709513467731,0.1914942784085237,0.1907107327391847,0.1905055837610682,0.190394128351198,0.1906122173910307,0.1903535862530074,0.1898817983169543,0.1893673041144408,0.1885214841867577,0.1879987106164053,0.1874639150921467,0.1871017142857948,0.1868395661122165,0.1866460154295946,0.1863305802366795,0.1858725057995317,0.1849909386425407,0.1843652869381626,0.1836256007139274
394849,44,"Memphis, TN",msa,TN,0.2223025843671742,0.2224667960831267,0.222641899796446,0.2219958961177862,0.2212553868956681,0.2206953887422091,0.2201096612886157,0.2200041128662368,0.2193893586107664,0.2187237004431238,0.2181145041035607,0.2176550709620385,0.2172361419813647,0.2167815409402366,0.2166067242416921,0.2161532062907383,0.2155895464836467,0.2155997745458764,0.2154793740074373,0.2154055262930661,0.2157251397911612,0.2164150327354636,0.2168791879688606,0.2169819615219406,0.2168797859313441,0.2169267719089858,0.2170747379019216,0.217335637284903,0.2179747247238071,0.2176903020720243,0.2180024880373016,0.2180878316371585,0.2186346798806995,0.2185784482673375,0.2186569427951971,0.2182151926412752,0.2179241682955379,0.2176730989585651,0.2175802994520934,0.2174199086852916,0.2171763195824617,0.2177609561935484,0.217652046821441,0.2182435471971125,0.2184554118015085,0.2197509170618511,0.2202920088620404,0.22067333992786,0.2201624227855941,0.2202697590362722,0.2207123657435678,0.2213221767501214,0.2218896671201676,0.2221684571844831,0.2227666398875391,0.2230832809570487,0.2241823981302619,0.2248455414578672,0.225992093636868,0.2268061073301599,0.2281926143933408,0.2289094002936785,0.2291856370460073,0.2277198340326166,0.2266061700625951,0.2269858704922567,0.2286344412802689,0.2303200419662744,0.2330382699764213,0.2362307348503204,0.2394589958624461,0.2388419836198656,0.2377622555717496,0.2369920520134285,0.2388038621217356,0.2416036583362895,0.2447051547434532,0.2452439044181257,0.2446928294807552,0.2454501093552335,0.2497567862708165,0.2546179748822973,0.2567326112476408,0.2560792438567796,0.2536821556139897,0.25284479696844,0.2514878164995294,0.2506004911258402,0.2495325418954838,0.2496150583929036,0.2495323403893948,0.2484472593141997,0.2488325445653617,0.2490659240467861,0.2510786942021377,0.250429757746664,0.2504255976601837,0.2493257093864594,0.2497400717369581,0.2499680048868607,0.2496306615186223,0.248560849526116,0.2475068113228157,0.2467590741997918,0.245187046095852,0.2438994217793114,0.2428346857112651,0.2440652055376841,0.2452105989028861,0.2457852614987833,0.2448222267786126,0.2434982443795119,0.2432637637888228,0.2430414453861175,0.2435041274354441,0.2433498427750463,0.2438074265407401,0.2440054005263737,0.2441124445116908,0.243176273782459,0.242389273449634,0.2424892364626178,0.2423544460546411,0.242340594157996,0.2418008723767798,0.2417295543987415,0.2411812464608272,0.2410638928844984,0.2409007463236944,0.2408084683109755,0.2402989855684649,0.2396426539787913,0.2387084222930722,0.2375036446464509
395022,45,"Richmond, VA",msa,VA,0.1835566332932969,0.1840455671417017,0.1837003874154634,0.1835885067981512,0.1827410174030365,0.1827349210546832,0.1827912496309413,0.1836028504239209,0.1838844243398977,0.1845041123784523,0.1838961056692547,0.184060146091838,0.1833893977163867,0.1831153342569726,0.1831903195837504,0.183821520412324,0.1839204869868051,0.1840945942454425,0.1840215135396948,0.1841679231751675,0.1840648667722921,0.1842826414861474,0.1840755307980166,0.1842586634269027,0.1840169601596654,0.1841668263794012,0.1844112237846035,0.1844978096253778,0.1853999709607469,0.1855037893455365,0.1866282963222788,0.1867388468088496,0.187235055980457,0.1872613327726656,0.1878891603728751,0.1884735306618784,0.1890988522130836,0.1899164110677391,0.1898558981739607,0.1902567867214645,0.1904822603529752,0.1913964770806804,0.1912641086791565,0.1910140376011986,0.190772574343223,0.1908634962146716,0.191875935672567,0.1912099323468949,0.1914441139014022,0.1905726522011736,0.1908589306767041,0.1907316232549218,0.1905072355117469,0.1902839245473998,0.1904345450834059,0.1911234534739312,0.19198433844119,0.1927869827921424,0.1927043061602069,0.1937241704232071,0.1941153398229172,0.1949943543804948,0.194493329423107,0.1928401531086636,0.1917744350396196,0.1912576692935699,0.1922005401065479,0.192560984676457,0.1941218448015234,0.1955055273836607,0.196589559836537,0.1954962255341399,0.1943868098067612,0.1937142760616441,0.1953958540157918,0.1972619113985715,0.1994365414936118,0.2004661438890401,0.2011715704314649,0.2020309401775761,0.2045156560916481,0.2077288345621703,0.2106838038470124,0.212421172434351,0.2127672728398533,0.2132548611391743,0.2131877888569187,0.2139189946806753,0.2144849335612946,0.2152710948846744,0.2161661915340025,0.2162879063980337,0.2165821282088791,0.2162452241355745,0.2160176253247194,0.21531437950448,0.2147817304969139,0.2143274976914804,0.2143353262686025,0.214094791225934,0.2138671495040619,0.2136291130572965,0.2128527395463387,0.2131911162112473,0.2142665955923638,0.2154936018818929,0.2161577421345662,0.2162532319233071,0.2177397634430727,0.2191728413777215,0.2203580790977489,0.2215048393468603,0.2223422772977278,0.2236876276002741,0.2244369495211083,0.2256421205697972,0.225732538769879,0.2260385802041265,0.2268741483640961,0.2277390276229488,0.2274102197226897,0.2270957579907931,0.2269812052764635,0.2267777117842716,0.2268560283343658,0.2267605828533767,0.2274002994118585,0.2272411150579553,0.2274063661298142,0.2274051214433338,0.2272437360249136,0.2274139304886795,0.2277745415225852,0.2281294399732742
394807,46,"Louisville, KY",msa,KY,0.1857679163681095,0.1876709811302496,0.188776206023775,0.1891651351799011,0.1875200944997431,0.1871508692249286,0.1863325871174093,0.1866726412159457,0.1859777435601816,0.185480666536739,0.1854866886366739,0.1860934427187828,0.1858477969119939,0.1851479028315167,0.1847792335255685,0.1852937448395343,0.1859034277097818,0.1868232912701562,0.187500165366828,0.1881674054222388,0.1881105290579802,0.1882376980200008,0.1880852185859989,0.188381304498558,0.188815033674565,0.1892792476620938,0.1900051786366851,0.1900580515675239,0.1907427564849083,0.1905753013492984,0.1907215203316011,0.190174892101513,0.1905376662501599,0.1899800931444993,0.1903146523113965,0.1901905057398178,0.1910521655451687,0.1906552320633296,0.1904297524000388,0.1900383670908908,0.1898184760795747,0.1892342086501303,0.1891228991500831,0.189225931040238,0.1894944308676175,0.1895030794821133,0.1896239513455752,0.1894237608401163,0.1888032568475851,0.1879472867623151,0.187480408788465,0.1872375721694635,0.1866887637308532,0.1871454968353112,0.1872346817163321,0.1875399287532096,0.1881481058330843,0.189436871773172,0.1902372872366111,0.1912372631088776,0.1920629405973479,0.1932712953223742,0.1924197808193868,0.1900913080948361,0.1877061160939058,0.1881408884116404,0.1886223466362268,0.1893648713237484,0.1901357730286741,0.1912215528033852,0.1918477922613616,0.1917509568906904,0.1904307462908729,0.1898438354979438,0.1898748291047176,0.1914767828775156,0.1928050602011169,0.1921736138375318,0.1919391210333837,0.1924472500658286,0.1963226421362061,0.1998294532926809,0.203252655516009,0.2036722440706647,0.2043039930659631,0.2046528576783552,0.2058282718261189,0.2066276985841917,0.2072618804089146,0.2080015498111918,0.2089337124229148,0.2097316551042012,0.2099825600674809,0.2100207034499426,0.2101519975776417,0.2099961657622809,0.2100350126957401,0.2096219444589271,0.2096539480045484,0.208786985780411,0.2088199425743268,0.2082698359083604,0.2078189311522142,0.2070061461200632,0.2073331895026742,0.2078186210406747,0.209014432782371,0.2092631209399771,0.2100028458263187,0.2106129480580749,0.2110502981646061,0.2114024348557556,0.2112215335460116,0.2116451034572826,0.2114133500629679,0.211140940611648,0.2112102626306991,0.2119750642504057,0.2120195873031589,0.2127280727343832,0.2118229079702382,0.2120327541370093,0.2113875390190746,0.2111221377294249,0.2108553127557867,0.2106281696388965,0.210769919721639,0.2111175314088601,0.2111837625714696,0.2107191917745154,0.2103380731094534,0.2097357081641833,0.2097877063900453,0.2091325539717495
394910,47,"New Orleans, LA",msa,LA,0.297754161648432,0.2997912290543957,0.301392857771318,0.3059699479372168,0.305824190575858,0.3072528293655817,0.3079971979242269,0.3074013948205553,0.3074735074341692,0.3055845492279379,0.3062353076726294,0.3035173049248231,0.3070790496840557,0.3059656150004548,0.3077359759003942,0.3034935344104184,0.303254993162971,0.3022797151893723,0.3014991819810758,0.3016778384474272,0.301905962497806,0.3038396671203682,0.3038431615254395,0.3053475955341622,0.304362777898164,0.3049983157768253,0.3034161910580421,0.304360752308739,0.3047389156466681,0.3050568960212302,0.3050786011644244,0.3053562870909828,0.3056832548728724,0.305273401916103,0.304714677433441,0.3046433771097414,0.3037269135539254,0.3022782198996838,0.3019823839677428,0.3020494189723991,0.3017069495626477,0.3003857316531944,0.2990748452462671,0.2971589717537031,0.2950825757295084,0.2932627586182096,0.2920161521660899,0.2905578732130572,0.2894010293143444,0.2893828841457008,0.2883929032435391,0.2869437690273989,0.2855730282048035,0.2855044842998863,0.2856445279010943,0.2860792038604152,0.2873310269644465,0.2886070839059701,0.2898745619141327,0.2911975305777013,0.2930152924148342,0.2934353108479668,0.2910543606116567,0.2866032007794707,0.2830923756838052,0.2818411326121124,0.2821276878086326,0.2820864690585331,0.2840092600607841,0.285963334090536,0.2877785507168947,0.2869243806263539,0.2865636864558422,0.2858115990491356,0.2882073267079135,0.2904700978954618,0.2934741826804888,0.2924262097977044,0.2911549188162977,0.2911837634419978,0.2974720377705341,0.3046755129034684,0.3111528190135671,0.3139319744237111,0.3157465873823561,0.3175565184250113,0.3178794756662482,0.3193754984880089,0.3192181722994663,0.3194519360291921,0.3185263501601207,0.3173878572737342,0.3156269702856815,0.3133819574463862,0.3116054136877012,0.3095534733555872,0.3077068685293786,0.3067944419333808,0.306264343338421,0.3057985257169066,0.3054771271749856,0.3044606003146579,0.3036854421955224,0.3030931522009749,0.302506631668007,0.3024469254521133,0.3012632077062478,0.3008035375206878,0.299748704322639,0.2984820244472413,0.2971290913449087,0.2960921538385856,0.2959140199339142,0.2960279434525192,0.2961097196740542,0.2963429093773349,0.2974824425153556,0.297916200459946,0.2986666482800437,0.2977731053411981,0.2973752009081198,0.2971560769780597,0.2968386875394782,0.2958902057611325,0.2945205933977209,0.2935415589287243,0.2926907644586029,0.2916639266779642,0.2905426478886023,0.2897993079152649,0.2891299291124143,0.2890282093850478,0.2885846564527652,0.2878879895768982
395053,48,"Salt Lake City, UT",msa,UT,0.1752599941788276,0.1750152958928526,0.1756804198551506,0.1765455802017946,0.1768987330718544,0.1764644619267761,0.1758776215207105,0.1749058468689175,0.1747356840095554,0.1749294920916702,0.1765069855416477,0.1774250205127013,0.1781817726971865,0.1772661721361304,0.177177124915377,0.1766585142994677,0.176512607081447,0.1763071219948528,0.1763732776450307,0.1778143893314338,0.1781314404330117,0.178354058139019,0.1782994666199575,0.1778612542240135,0.1777657240758143,0.1784998418057338,0.1793397941153994,0.1800732661983403,0.1807135316004351,0.1813472238753797,0.1815677814914426,0.1814443306168592,0.1816763045800786,0.1822928283708509,0.1810396617050256,0.1803423179667821,0.1798989923624913,0.18079826325544,0.1809779139990816,0.1808174785705415,0.1801159949159368,0.1799918380651624,0.1795826471766523,0.180167302721182,0.1811572135332734,0.1821972383254839,0.1830020191733203,0.1832470035060079,0.1832135561960264,0.1829420711899863,0.1827446755545505,0.1829221427890834,0.1834825186737412,0.1836449686085884,0.184147255787332,0.1838984679044428,0.1843111437590387,0.1846196735323708,0.185864356632619,0.1866793627152955,0.1873632849387692,0.1872249441351096,0.1861386097660704,0.1833957939266592,0.1816494493600262,0.1811792566592771,0.1819067590379181,0.1825577506820958,0.1833400909558518,0.1847051495508946,0.1857505901237127,0.1851343762540984,0.1846727556846562,0.1856500920083755,0.1874025143309843,0.1899734509346457,0.192229055539246,0.1941732335687216,0.1957252944593537,0.1973694336479425,0.2010283511843013,0.2047822501980936,0.2080656052231724,0.2093540842082774,0.2097880409519347,0.2097800577733036,0.2103454928691913,0.2108450159239272,0.2110156791317966,0.2107450779205338,0.2101710236230513,0.2096846080867568,0.2089412725101622,0.2081477772293286,0.2074626548113082,0.2067263043526724,0.2051981654149704,0.2037695799701614,0.2019509642115805,0.200713113722808,0.1995617609671982,0.1986263229917932,0.1974114738251514,0.1962791683439568,0.1951506329595851,0.1949407522934,0.1942913583487914,0.1937583115473745,0.1934155029280599,0.1931798851401459,0.1924373058520556,0.1914535283262939,0.1907946668454578,0.1906312749429637,0.1905851083945008,0.1902636967782157,0.1905205139997276,0.1895662757863223,0.1887130762891443,0.187983562752468,0.1883515458056067,0.1881242261154067,0.1879338182013108,0.1875263479627285,0.1869129623165814,0.1862286887012337,0.1856438522000231,0.1851609814238107,0.1844218074639579,0.1841496965571882,0.1839212700835067,0.1834534497484368,0.1821417451225141,0.181179411906627
394669,49,"Hartford, CT",msa,CT,0.1880443018901811,0.1877281414681335,0.1884913632721646,0.1897916736682218,0.1900508977449565,0.1888194776795246,0.1884657747599603,0.1890178819527884,0.1903429801862639,0.1911359886091423,0.1911022094126691,0.1913595362766158,0.1910975791143499,0.1915373734629947,0.190634473376964,0.1902318047512887,0.190178718991864,0.1905827912958871,0.1908777338453599,0.1911678909135105,0.190916034533302,0.190333388878844,0.1909479811582372,0.1909864853349461,0.1915451457384824,0.1910756471098926,0.1910230239851603,0.1915616936317531,0.1915140840429698,0.1912726916917457,0.1911015302139663,0.1906108592870889,0.1903915027867596,0.190273607198551,0.1905302859361954,0.1907845290012974,0.1912886592347369,0.1914788544948901,0.192494145334621,0.1922301678255707,0.1924456083591007,0.1923483826873765,0.1918898102937724,0.1921445714582304,0.1919791167241769,0.1930872489800131,0.1931405109070383,0.1929015502267511,0.1920258662945843,0.1920825000979893,0.1918066912633981,0.1921340792687378,0.192362794113912,0.1928469409009522,0.1935845116060608,0.1939166907402234,0.1945873439516654,0.1943414972170262,0.1945802959506432,0.1954504102931133,0.1966707003592714,0.197392401590932,0.1964706222583119,0.1952983291657734,0.1940680040057094,0.193460802976572,0.1934237597092859,0.1946510051942132,0.1963736111330553,0.1987199366396973,0.1994806263521804,0.1996689040667497,0.1990501946624069,0.1997225627061814,0.2004077234289273,0.2021147974304102,0.2039613460241413,0.205614011537507,0.2069919515477494,0.207702030855853,0.2097676076060267,0.2106090198683416,0.2134173414656557,0.2139250772957453,0.2145213778899716,0.2134489107575185,0.2132253082383792,0.2129377279656136,0.2128770175180113,0.212086551234082,0.2119736225034023,0.2120839364028259,0.2128079811976732,0.2139730451981651,0.2139831261719723,0.2139141113276954,0.2137982113942026,0.2150758885510696,0.2164271854249864,0.217484332265989,0.2182773107126026,0.2191650918322615,0.2194516362652791,0.2197457401193634,0.2202216888847375,0.2208653112225177,0.2206997011875731,0.220483428025257,0.220795365054558,0.2215425237273459,0.2226246085365362,0.2233900465920378,0.2238357535662945,0.2247154116113751,0.2247243445799855,0.2254785334752919,0.2260733328939189,0.2268069409914029,0.2273740840268067,0.2289039244288964,0.2293583540563516,0.2298056837918116,0.2289608959743934,0.2283737380843616,0.2281150834726628,0.2278679370502343,0.2284351527861015,0.2283942712620416,0.228638964589239,0.2286212085577832,0.2291501458315509,0.2287352875599488,0.228562844792261,0.2278965181750724
394425,50,"Buffalo, NY",msa,NY,0.1820806651222774,0.1835044294346522,0.1851650702067062,0.1855351417898594,0.1856801974048943,0.1849321360988211,0.1852597490198767,0.186919440445247,0.18764943030278,0.1872202669396579,0.1861414692798883,0.1854844656229591,0.1843482610426849,0.1830175863597366,0.182535966183353,0.1845541375560345,0.1857542554664181,0.1863631583694394,0.1837967602731987,0.1831728622818566,0.1841179507154739,0.1860012519008243,0.1863314317371344,0.186020870390041,0.1866256999742891,0.1880299046584868,0.1884702148480558,0.1873376045109345,0.1871208403354763,0.1875335119091297,0.1891733351118557,0.189003448680791,0.1872985793928627,0.1866803898245086,0.1868338904577317,0.1877835179801979,0.1873303097616972,0.186810270508571,0.1864295604730205,0.1862229881572846,0.185193371279377,0.185810994666112,0.1861837385465149,0.1874005397492274,0.1877081479135398,0.1875174610817567,0.1884470643215178,0.1888491264909472,0.1901023098572306,0.1891248736827007,0.1895722393592631,0.1900969623460804,0.1910868902854216,0.1910036765968819,0.1911769413972277,0.1911161743100864,0.1920927549904967,0.1927744085671451,0.1926505392744037,0.1932325995662253,0.1937840754940105,0.1956432028302059,0.1950586804506145,0.1949140478637025,0.193143608083878,0.1931894547477556,0.1924694509125747,0.1924761345290496,0.1934879858702705,0.1952424676992021,0.1958354013462661,0.1948617412730989,0.1944693933071515,0.1950328814175463,0.1969242192082725,0.1987281627439912,0.2007006918179108,0.200974304812644,0.2005353694092176,0.2008486175804556,0.2033937871472245,0.2054238837155189,0.207335966803461,0.2075843409238148,0.2075785451411639,0.2076023799184336,0.2074600506217115,0.2073083177352721,0.2071898051985383,0.2074376718389438,0.2082386139739373,0.2085396801723377,0.2087248391616835,0.2086657512340627,0.2093506090971478,0.2097796041061863,0.2108707579344667,0.2103817112117096,0.2105223656993667,0.209801835365844,0.2102497004411889,0.2105173698296555,0.2113742127005651,0.211628236977547,0.2115845903122013,0.2120675989928531,0.2122536230275002,0.2128430642618549,0.2128925191400233,0.2140395119969131,0.2153704682394656,0.2156813049342998,0.2158935736664143,0.2153917319849349,0.2152612497764815,0.2151882898709595,0.2160603435337558,0.2165807494606686,0.2171418852225271,0.2170668248664938,0.2167538126942269,0.2163078648508609,0.215544083391405,0.2158364205890786,0.2156278565352932,0.2161523004454964,0.2160216940714366,0.2161923550827117,0.2159293954508207,0.215745944171005,0.2155039304764391,0.2156062070369381,0.2160969396119806,0.2164612696827872
394388,51,"Birmingham, AL",msa,AL,0.2183216079640763,0.2184241046568247,0.2192084639075672,0.2196284369685576,0.219100622260201,0.218445741956774,0.2182983417232172,0.2177882521320414,0.2174985605968598,0.2168660100411575,0.2165098673075394,0.2163328654582442,0.2160743207128242,0.215803148237885,0.2146584595753879,0.2139087239089194,0.2137612649300931,0.2140903155453104,0.2138145030465361,0.213537173655771,0.2128473988367314,0.2126722591186005,0.2124354764006862,0.2125469278494371,0.2121029263243872,0.2118289131831672,0.2119857471985831,0.2118569685359334,0.2114597462067731,0.2108393659226368,0.2110465840312935,0.2109799237420343,0.2122222818326044,0.211813169779015,0.2124455057006584,0.2114835987933405,0.2115553673790095,0.211450445577565,0.2122592710792912,0.2130759870503659,0.2137271811770288,0.2137321223109347,0.2131512455400722,0.2128326768826202,0.2118238424037441,0.2122407056388302,0.2117647905732724,0.2121075538552864,0.2109119145311443,0.2106144858713373,0.209413318195301,0.2082151875686837,0.2073101180974083,0.2075617127738814,0.2080734852570491,0.208622264928547,0.2097724544382791,0.2106417789242035,0.211655769683914,0.2124600935840252,0.2139987002972223,0.214586207473489,0.2148573216829926,0.2132316916505172,0.210978995381209,0.2095662701896417,0.210299799542433,0.2113706283892389,0.2132154848060751,0.2146397561197992,0.2161893069743582,0.2150572452505708,0.2137126930400963,0.2123219618639298,0.2122491139456191,0.2132847412836071,0.2156674454362525,0.2167911834306343,0.2169637564336497,0.2172669350942015,0.220747478305352,0.2247390311429659,0.2275348443493223,0.2288630864863585,0.2287444417862426,0.2288020144819873,0.2280397570451493,0.2277243521901922,0.2274408025137282,0.2270254374541847,0.2267479026638753,0.2263713429149993,0.2254229536394919,0.2244099132577643,0.2242230361048844,0.2229412309058586,0.2220557059821297,0.2213580496739164,0.2224185083431016,0.2232402645975276,0.223316573548458,0.2228838157351722,0.2223636005718062,0.2216584558604492,0.2211788582955713,0.2205411866749289,0.2202859120650372,0.2197163937958136,0.2194847922273459,0.2190891914088899,0.2182561561963396,0.2171204757203829,0.2160348717249177,0.21563857950863,0.215312537997773,0.2148538039273858,0.2153357673351797,0.2159101369479531,0.215707501863791,0.2151398230781684,0.2146963447479696,0.2149646269452971,0.2145068871647847,0.2141558236260495,0.2140663503279599,0.2139353105410128,0.2137898389696116,0.2137870411647784,0.213180747708469,0.2125494543386577,0.2121222311007212,0.2121043381244667,0.2120075195590369,0.2113865317970282
395031,52,"Rochester, NY",msa,NY,0.1938896644965322,0.1925881360238039,0.1936913073621287,0.1944766335489345,0.1949766146465363,0.1950485609877778,0.1941784309265281,0.1939623709062284,0.1929847787790873,0.1939019528165999,0.1944763759824505,0.1944650937956436,0.1933098287597039,0.1934413295578758,0.1942950751197399,0.1937075512942403,0.1937795600179382,0.1930537548679324,0.1927868509764135,0.1928443694095117,0.1934890526120628,0.1943714483487947,0.1949264969192519,0.1944371899762189,0.1942526331193952,0.1945850422710606,0.1943016395950849,0.1943340012561071,0.192658084836221,0.1924593553045251,0.1926834853707792,0.193159275453831,0.1926774024024551,0.191269605001273,0.1909630812414652,0.1910244671004932,0.1921123404648147,0.1919396244238417,0.1920235105438655,0.191532983703741,0.1918424318620723,0.1918295999577259,0.1921248438994893,0.192648904481725,0.1933774644135692,0.1938924394563697,0.1929849897096575,0.1935055889439758,0.1930781304895566,0.1940004300355099,0.1940154070638254,0.1945272590023775,0.1951882790412172,0.1959494121244631,0.196282426521599,0.1961875287519537,0.196199001097406,0.1967093949476971,0.1979695601385684,0.1987447750621369,0.1998317795997905,0.2000374260037194,0.1993829589294073,0.1966724167542724,0.1945733877567748,0.1937154221975997,0.1940487485418532,0.1946082953477172,0.1973459185882625,0.1998233035360662,0.2025937172330981,0.2032241386430126,0.2023518892679149,0.201782960457908,0.2028410746147358,0.2058153268247351,0.2081663459168743,0.2078472114483731,0.2075689762856628,0.2084370236150783,0.2097480958470112,0.2118806435592132,0.2125536461391375,0.2123760605266564,0.2118718708931151,0.2127267374944389,0.2141929269094949,0.2146387607100166,0.2152588083649459,0.2162022408183137,0.2166991236227112,0.2156734114186523,0.2153738152081881,0.2148215660977531,0.2149498632090666,0.2150649208188887,0.2165325764087314,0.216397983085434,0.2164454674757513,0.2169449165031693,0.2178677556890202,0.218497755904407,0.2184032642648218,0.2189164031341714,0.2194502243285596,0.2196834448458028,0.2200922460999028,0.2203655046192631,0.2197482815432437,0.2202647154530943,0.2195279201436983,0.2202194017313593,0.2194089882275305,0.2192894222304591,0.2190086232765803,0.2186153895530234,0.2186418727850317,0.2191391565524534,0.219983655974,0.2204049846034128,0.2213851308703213,0.222085901353029,0.2227871505610701,0.2221781497702056,0.222476814319258,0.2225419933026906,0.2231452249670134,0.2237609922381526,0.224069348609431,0.2241422541685867,0.2236939152448932,0.2235825486950842,0.2232124161383039,0.2227215838168053
394640,53,"Grand Rapids, MI",msa,MI,0.1817304792659537,0.182136350758437,0.1825713776251919,0.1833987998379729,0.1842928352761745,0.185533055643968,0.1862654697627174,0.1875676686944371,0.1875131778240548,0.1881974469712652,0.1880017213791012,0.188999616284949,0.1890458959110036,0.1889620008220981,0.1898398819517813,0.1903330292988396,0.192061220812675,0.1929294701231053,0.1939199979692513,0.1938228663962944,0.1941802293706379,0.1937345721007763,0.1950531883945374,0.1958717333773171,0.196440982393073,0.197181004998293,0.1966346167093139,0.1973284249093055,0.1970018897682476,0.1976107720706098,0.1975312219908986,0.196977426736067,0.1971519483451462,0.1985537939242835,0.198405297535783,0.1978007309131905,0.1973609896979941,0.1982525555556974,0.1996112022792618,0.2001418114788156,0.1998599551694941,0.1994372839569189,0.1993175105067733,0.2005288633312027,0.2011703630393876,0.2016493949713643,0.2019601943020734,0.2031651043384991,0.2033461161652507,0.2028932850918242,0.2024372485639514,0.2020111700115232,0.202506918347072,0.2032719742267516,0.2041805068327239,0.2045448109222351,0.2054801989394768,0.2061299292727142,0.2073155498682773,0.2082056128780325,0.2098959576894775,0.2108267120005676,0.2098121123348171,0.2056287154618072,0.2021523985346741,0.20124479838057,0.2008499201985286,0.1998164725493084,0.1998784419084226,0.2020647004414756,0.2039191234373107,0.2041959461586684,0.2023865126486164,0.2023782546733142,0.2046005224435083,0.2068694054381454,0.2088760447711229,0.2087828052931792,0.209853669235723,0.211268370271163,0.2150202163008586,0.2159054465598467,0.2188095451473719,0.2201520101513503,0.2221452601239504,0.2219642680007569,0.220350076167265,0.2210312558317974,0.2208166101755363,0.2204788904146179,0.2195561452115971,0.2197291258146564,0.2213572588014873,0.2232258989144871,0.2229748241221435,0.221604786641445,0.2210252237110499,0.2212200890825341,0.221991064755252,0.2222085240490196,0.2233327719230178,0.2239363523705788,0.2237440985286361,0.2227896230943843,0.2232168164171382,0.2241010237642344,0.2254616054941109,0.2260641513083713,0.2266318394454072,0.2271235614699911,0.2278821508977273,0.2273991467630486,0.2268373435909628,0.2266373315122013,0.2271598653243599,0.2283870993569648,0.2287814858073291,0.2291253701294897,0.2287248395781603,0.2297196955071584,0.229830181032889,0.2302772556007065,0.2299221524631755,0.23018129244127,0.23025140672097,0.2305845902906436,0.2308372727095108,0.2307205879916423,0.2307275303903903,0.2306334694335721,0.231156639706115,0.2309654375455857,0.2310676632836546,0.2308286927599749
395167,54,"Tucson, AZ",msa,AZ,0.2044571101447253,0.2041339588768878,0.2043372332685928,0.2042862176142578,0.204041567734834,0.2037930321898001,0.2042352866738818,0.2042872969478324,0.2042940060329328,0.2038971666161183,0.2043112499050939,0.2043317011658183,0.2046296010798114,0.2039024039909136,0.2029859703510196,0.2020124312690644,0.2020671580718421,0.2022830503091196,0.2022205766347386,0.2023384240752656,0.2024659227888081,0.2026339002509817,0.2023254338096649,0.2027942670381454,0.2031097155169496,0.2044453004559638,0.205339485278636,0.2061234762497904,0.2062830416680334,0.2054960804598287,0.2047245573536225,0.204090318517426,0.2041508858440794,0.2046910467760174,0.2047391119330416,0.2039591037058511,0.2031831731555877,0.2031206573372264,0.2037233435837877,0.2045399126989662,0.2045465775138155,0.2049674731275623,0.2050451296628373,0.2056699423801907,0.2069027272075739,0.2078376947071821,0.2088481418923633,0.2097405645400935,0.2102165813100783,0.2106492023405596,0.2106754236089456,0.2106248726148805,0.2113362255768842,0.2121941984707839,0.2133718965837117,0.2142005173529737,0.2152366078303837,0.2164423299834632,0.2178644149636049,0.2193563448667598,0.2211626026776462,0.2221128945049977,0.220679261947482,0.2173756153505822,0.2146196114277278,0.2135194448743309,0.21376169483205,0.2143370615028665,0.2168123771141765,0.2203900356160425,0.2222422045834668,0.2229396317458325,0.2221920748713057,0.2238554207416873,0.2270999364906986,0.2325058613789354,0.2370949261730087,0.2388984148768058,0.2396908494817131,0.2422215981786736,0.2474006976841146,0.2519074721066826,0.2552795661422604,0.255293599506479,0.2549316761189299,0.2542735432755483,0.2539757030572527,0.2530541028332148,0.2518058902077627,0.2512709150051883,0.2506596854311606,0.249991826869449,0.249178508068366,0.2478011020537638,0.2475312081461943,0.2468279569388774,0.2469382170145701,0.2463892158142281,0.2463996311467946,0.2462165619398748,0.2463624969595566,0.2459746936090934,0.2456534291742538,0.2444735622144275,0.2436158124756123,0.2434892062493538,0.2430065051839436,0.2433920272177624,0.2427548150139107,0.2424790126126113,0.2412460196045844,0.2403533432088248,0.2393274243455145,0.2388442237228095,0.2380703295689459,0.2372970426280374,0.2373501562460934,0.2377720610637547,0.2380348904895181,0.2375094033552301,0.236387557681878,0.2351077200194115,0.2346152153640355,0.2338670314854466,0.2331349577838611,0.2323149658014858,0.2316967543408218,0.2314442239801,0.2310060762701232,0.2301336352520615,0.2292595984356897,0.2283832392249717,0.2281867261979346,0.2280730143435737
753924,55,"Urban Honolulu, HI",msa,HI,0.2907906167141245,0.2918916872365119,0.2934936295418938,0.2930927709773331,0.2937793814441838,0.2927978829724215,0.2935030846877108,0.2936842262255995,0.2938628690914368,0.2941873986450216,0.2948579841134346,0.295540076154504,0.2949732343972348,0.2943082226793804,0.2925500240801171,0.2922957345936544,0.291635425025566,0.292142123415433,0.2920148845153466,0.2915161515842304,0.2912963729593769,0.290823705595642,0.2912363248504654,0.2899156186560723,0.2903080711297398,0.2908736122066474,0.2922627851273411,0.2937245850965485,0.2926698632702649,0.2916064055046428,0.2896422532815868,0.2895021696515481,0.2895397670003407,0.2901860376969628,0.2900771280464227,0.2912068482249719,0.2908099788630539,0.290658356372506,0.2895512526854158,0.288723083048866,0.2890263484878671,0.2898970033894408,0.2905660325826467,0.2900458205047426,0.2897948184750221,0.289653086030798,0.290350900086187,0.2892925572141754,0.2890761005120946,0.2883446122774339,0.2882126786008757,0.2875823686256994,0.2873598101846076,0.2868443360304767,0.2869948173725687,0.2874644124227227,0.2887359050485733,0.2898911480880378,0.2905530171213722,0.2920122287346827,0.2932281358775232,0.2942491969548914,0.2899760689600381,0.285263474305872,0.2814527441695098,0.2813644886204345,0.2813775651791043,0.2809798752163778,0.2815143504560249,0.282412859095801,0.284701160522415,0.2847985324523436,0.284609141043601,0.2846378652616063,0.2862647613235689,0.2893974544732163,0.2917384189620433,0.2914157873393617,0.2914861645509323,0.2922425848063967,0.297559160448193,0.3019985974807179,0.3052210495553332,0.3047561959766577,0.3028646493079301,0.3033026081436654,0.3028191401411289,0.3021808450993887,0.3008667051721443,0.2994698810559204,0.2984155250722816,0.297419539134984,0.2963431846551743,0.2958447859012754,0.2947342475608017,0.2956379312291533,0.2968894537450137,0.2967558931799706,0.2970589034130212,0.2970179936839974,0.2973547650937698,0.2972815444236013,0.2976405692732894,0.2978760247416843,0.2980319160740285,0.2977926866614914,0.2978602331132828,0.2969076278879782,0.2971934462004742,0.2966911143593124,0.2972933247166844,0.2962953888823812,0.2960122911432531,0.2957038864167919,0.2957152763728997,0.2958077785918405,0.2958467358660674,0.2964996252804661,0.2967169216674767,0.2975118104895908,0.2975605588448562,0.2981814642424468,0.2972993542824483,0.2976035761007532,0.297494827355069,0.2984759810347002,0.2990873520921689,0.2996330777736163,0.3001698854680847,0.3003432654839195,0.3008845158027251,0.3012461234323172,0.301680497370295,0.3022638497677289
395169,56,"Tulsa, OK",msa,OK,0.1954965279200117,0.1968447334927139,0.1976820080232633,0.1990164093572674,0.1992049417426865,0.1991873711447089,0.1996677434173284,0.2006885038122591,0.2000721304781881,0.1990621466516751,0.198014520452373,0.1977487416020608,0.1980723243971224,0.1977690285709785,0.1980746684133582,0.19776832035293,0.1988810060204051,0.1993772071300097,0.1998196272699992,0.1992152370684592,0.1993482717114864,0.1995009218727083,0.1994345880324463,0.199601562856434,0.1986611096152747,0.1986112405198127,0.1973268257582482,0.1969936090846523,0.1961954543056905,0.1956750353818334,0.195011937523723,0.1939518618114543,0.1933699969478044,0.1930943866674941,0.1936867537146959,0.1934781161550144,0.1935015465204728,0.1928160780405073,0.1925283211555283,0.1921043893215036,0.1917170609630776,0.1917405328292233,0.1914363477291911,0.1918558921463413,0.1919909556751462,0.1924738072434609,0.1919533272623168,0.1910049258438903,0.1901722080788305,0.1897123416730452,0.1898530928727486,0.1898106201206122,0.1897807998892135,0.1895359897079706,0.1896390796671844,0.1897316618154673,0.1906658126794622,0.1913906159627637,0.192444796812396,0.1936007240737785,0.1946883301720754,0.1954981050623906,0.1947613297997728,0.1926669093747169,0.1913519371868852,0.1915494462195456,0.1928326795453492,0.1940307320666225,0.19592699135334,0.1983379736200082,0.2002656762581543,0.2005543952136022,0.2005343805706012,0.2013124758849095,0.2022389737241904,0.2045295052479975,0.2061711636372155,0.2073520456958751,0.208296156872837,0.2100608980437141,0.2152344034375783,0.2191152782784292,0.2232129648557442,0.2246232331363286,0.2254601780782283,0.2257596468242622,0.2263960588636904,0.2271984218786722,0.2271870939891256,0.2261069883304625,0.224871504766256,0.2240349007830795,0.222079232156326,0.2213377109278592,0.2200294539630646,0.2197914714233887,0.2194257144949285,0.2190251403076937,0.2199656584505528,0.219999249439594,0.2213574918163463,0.221849075274612,0.2224731355888667,0.2220283142864671,0.222046766143312,0.2223420760933843,0.2231905201525306,0.2230746014161308,0.2228358941614538,0.2224320203542003,0.2212653752757515,0.2203332484384456,0.220219024766243,0.2206588717264332,0.2200885368432584,0.2194713604345069,0.2192936875571676,0.2194974816319493,0.2186785851754731,0.2177808942836603,0.2173791424446997,0.2179967028417703,0.2179902985722653,0.2180966374468854,0.2171442737825644,0.2163904513249515,0.2163403424809224,0.2166987618215905,0.216895800404123,0.2165103613775139,0.2166598415763934,0.2168831234510365,0.2171065580538888,0.2166728125782549
394619,57,"Fresno, CA",msa,CA,0.2444651577224807,0.2449600895566394,0.2448808945926648,0.24541742476943,0.2454951251817828,0.2445539372276347,0.2437539451567746,0.2433578892218851,0.2436568405601901,0.2435597069391783,0.2435938439939879,0.2430237013179755,0.2411788012965326,0.2409001393555782,0.2415645554059721,0.2409753136402453,0.2400053371861702,0.2394781135620987,0.2407139619698939,0.2406538545219284,0.2414373213372555,0.2413742841284727,0.2414428713673701,0.241393295471704,0.2421255231543528,0.2422553076888671,0.2422858945894417,0.2435624490528219,0.2454950385332518,0.2468977098223143,0.2461761618342723,0.2462638472008485,0.2463166094909434,0.2465197639283373,0.2467645937430286,0.2465558184153654,0.2464197054699256,0.2460832481124425,0.245920377335686,0.2462016593959349,0.2454170065851874,0.2452076556060926,0.2453095608841603,0.2461177709084058,0.2454258131044166,0.245779845965106,0.2458807147265772,0.2461712348580017,0.2453998364273091,0.2460046829363266,0.2462029331003309,0.2456413714003254,0.2457722208685289,0.2461208344595357,0.2469823988971895,0.2472065328905926,0.2486377596059741,0.2494406121666251,0.2504242197530286,0.2515346463631145,0.2532939765475306,0.2539886311238686,0.2516582330616193,0.2476002358217957,0.2448612189532653,0.2436733491062722,0.2436882941114287,0.2436834928315384,0.2466508481193867,0.2502899467438274,0.2529139128290543,0.2519795427207175,0.2519112372197951,0.2525482103226334,0.2577006487317484,0.2637641989217271,0.2702776867349475,0.2720186137905016,0.273428611310107,0.2762459833171041,0.2796037572904836,0.2811497209975588,0.2837569141071135,0.2849145950104749,0.2861781173434681,0.284565709112709,0.2850083964572198,0.2860571873295988,0.2865074275396979,0.286071528461136,0.2842904740174041,0.283371910343175,0.2828984885235856,0.2841668742422557,0.2833786212445034,0.2844439161668431,0.2839151869511394,0.2857401596008,0.2845673749011426,0.2828724025403625,0.2823431017681305,0.2840731005786222,0.2852100957537945,0.2839103048934769,0.2829609717426195,0.2830736950382492,0.2840635493919365,0.2830449676156643,0.28155651471482,0.2802577418022733,0.2790651086553002,0.2792973211358686,0.27883775080697,0.2785486340616019,0.2786910088473548,0.2784494543014797,0.2790054786217143,0.2778622356154535,0.2779414597597007,0.2765855660826048,0.2772318364936785,0.2772216316305654,0.2777350903073552,0.2771564663179692,0.2767442623882258,0.2758380560680352,0.2752018847976908,0.2757617200785059,0.2757833648860212,0.2763614111646202,0.2759593115410856,0.2770417479187964,0.2773754916726316,0.2777737966440033
395238,58,"Worcester, MA",msa,MA,0.1856828707602051,0.186927280040824,0.1886408516973211,0.1884282370676101,0.1867481672134771,0.1867865919112891,0.1863869109739658,0.1875516173758575,0.1876549249427087,0.1883408633412865,0.1887832133353326,0.1903953206147739,0.1909896839433982,0.189445509742145,0.1882538489559234,0.1883180699624827,0.1911871430808124,0.1932422663366033,0.1954052462524766,0.1956816495914447,0.1959106324684672,0.1961393417918056,0.1961098108319056,0.1960410608699301,0.1958936501929837,0.1973828918888901,0.1987428645363489,0.2006382103615272,0.2011449995404923,0.200689773084549,0.1988997897554753,0.1980507452230113,0.1983151952666547,0.1993431050102593,0.2002309419623083,0.2010169741576982,0.2010328183358464,0.2015681416232657,0.2017474897896065,0.2022896122846291,0.2026425911933972,0.2031809664057502,0.2040688825099812,0.2054357647128111,0.2063098215890911,0.206326278272094,0.2072225056386585,0.2075785905855824,0.208212569026614,0.2078611490567963,0.2084717629963984,0.2084001887445583,0.2086023613723811,0.2090793534423168,0.2099032714965681,0.2103372291864533,0.2112377215308448,0.2125006620124606,0.2131689659644514,0.2139039242015586,0.2147999113915275,0.2156631457516576,0.2145047037240517,0.211268899837701,0.2089559814615929,0.2085904167492234,0.2079003519807797,0.2088129650672886,0.2095138514232842,0.2114922665209752,0.2120020448140731,0.2135230134118692,0.2136745087425041,0.2147470986301137,0.2157606434257767,0.218172573958519,0.2204704854922583,0.2210389246849411,0.2219380050096978,0.2231062078220118,0.2259510876433404,0.2281298311729369,0.2305067927595172,0.2298329019804415,0.2299513189431864,0.2296634473075088,0.230982733622297,0.2313656936203457,0.2326302053796642,0.2341708466968809,0.2354937647638805,0.2346890729566774,0.2339403936206535,0.2327737191937523,0.2331848142705828,0.2344744127542318,0.2361258119168715,0.2370521138125711,0.237159138984704,0.2376792914411152,0.2375572346220109,0.2383150285085768,0.2391997881760659,0.2409886036897127,0.2417506233615717,0.2431742852476239,0.242716268644268,0.2433435945202872,0.2427527141433221,0.2430272683694746,0.2429197445630307,0.2429608622397759,0.2437933595535086,0.2438248785945956,0.2444222189486868,0.2449829081230903,0.2461662141618094,0.2465653568369877,0.2479787694831436,0.2479874702765092,0.2493419120293007,0.2500869900588603,0.2505411003458367,0.250597831182917,0.2502561124249204,0.2508667418968321,0.2510746204834287,0.2511623918259012,0.2509958755791034,0.2511025260117781,0.2509290411656194,0.2512103789413785,0.2507312341935074,0.2503408473601864
394938,59,"Omaha, NE",msa,NE,0.1699549887494636,0.1701470149578197,0.1707309046776471,0.1699670711634955,0.1702151786901297,0.1695079036999604,0.1698893422530724,0.1694625772593998,0.1684809317624035,0.166934475558887,0.1663989558574359,0.1666849295279164,0.1669972778487828,0.1667051219144005,0.1664297348389558,0.1665039836884898,0.1662663245482822,0.1664276243870422,0.166496256220048,0.1670732246874376,0.1677566734907141,0.1688164099623173,0.1689383570270785,0.1690565150750706,0.1688189537338153,0.1693232964002849,0.1695017739428033,0.1695951313968702,0.1688629363008318,0.1691163232870989,0.1690783302435542,0.1689273783099867,0.1685500277300759,0.1676055098321112,0.1677125457273702,0.1669968004032379,0.1668235137943688,0.1665128815770932,0.1663949922351276,0.1662614877781575,0.1661601641240341,0.1663053251409438,0.1667518299000494,0.1672212124800796,0.167190561822334,0.167323308842532,0.1666627807462545,0.1667919896949548,0.1667522986827932,0.1673563018232647,0.167534030260187,0.1677160672796532,0.1684140161138627,0.1689930274913041,0.1695944882965921,0.1700286252295277,0.170161743156038,0.1702754657149421,0.1708222821810394,0.1718952842220383,0.1730750945025429,0.1734752795253135,0.17210000480149,0.1705195581186678,0.1692415506706205,0.1693920692718961,0.1703318607113037,0.1710815592228162,0.1715778287257365,0.171365587796942,0.1715059235662636,0.171459855766029,0.1717317725215827,0.1721886379361134,0.1719472239860153,0.1722122866592381,0.172737636263209,0.1735857486472894,0.1737467495477133,0.1739480334173555,0.1754246758824457,0.1779583450597754,0.1799061396581081,0.1799485292859996,0.1790264227010967,0.1784818993162018,0.178687636828855,0.1792878983519118,0.1795088822876,0.1791840451558906,0.178960060219439,0.1788452466258141,0.1802836873083907,0.181268840103162,0.1824382744742474,0.1825598145115878,0.1831144613355615,0.1832631528014279,0.184315727733254,0.1847387152487187,0.1854231052084537,0.1848220445795437,0.1843762042578319,0.184110172516016,0.184413686521393,0.1849321389694426,0.1851245632825965,0.1851422084183324,0.1849446631663047,0.185113258263976,0.1852372199517762,0.1853740078636587,0.1856260709157882,0.1862831093360384,0.1865974659433787,0.1870929356196984,0.1868004837600754,0.1864478777319346,0.1862345443171226,0.1862537480866756,0.1867268097433541,0.1871014974559662,0.1868471357073196,0.1867379364190467,0.1864484973171187,0.1864378835950224,0.1865778305858368,0.1864929250334139,0.1867490366041723,0.1870400152862122,0.1872935790821795,0.1874224041062846,0.1873700850693271,0.1872891917051188
394415,60,"Bridgeport, CT",msa,CT,0.2271335063486909,0.2280243723888078,0.2286139049532194,0.2284245632110193,0.2278884812126999,0.2278215438223371,0.2293595530113775,0.2301734019116004,0.2299608866528577,0.2291238380857888,0.2299508850133622,0.2297555065097203,0.2308894291483016,0.2293512919853257,0.2292474833773514,0.2287051465631048,0.2285137034602862,0.228452763169316,0.2278481623987576,0.2281288167942061,0.2285308860091407,0.2296824413384959,0.2292409930255173,0.2291300627486544,0.2285054364808332,0.2296724993506499,0.2298200828071734,0.2309550687832236,0.2320754223832258,0.2324672114157285,0.2317624396407564,0.2311747266786911,0.2306182531754323,0.2310572893500339,0.2308303973796261,0.2323388653278355,0.2320286838955261,0.233745155762544,0.2337859824879958,0.2337235489380556,0.2330487386019065,0.2335082890888226,0.2337798580971164,0.2337855594781422,0.2343157405785141,0.2340522729966991,0.2351875730664605,0.2350205678731881,0.2355977541817716,0.2340652773423939,0.2345841398851771,0.2348490680989389,0.2355281161214949,0.2355761550046188,0.2363254868101444,0.2370458534609112,0.2373666188170007,0.2376710582144902,0.2375480272406903,0.2379015594297634,0.2386919067321064,0.2396503642894767,0.2400944951797526,0.2384931058099938,0.2368633403804078,0.237085618083565,0.2377118099371029,0.2390961935575787,0.2407537135615786,0.2430880615928817,0.2452555832340192,0.2453262808641388,0.2446267802051697,0.2434789751624309,0.2452006621675677,0.2474699090604069,0.2502735750574891,0.2513340696741221,0.2522560991246562,0.2529053196871371,0.2556961360348985,0.2575427541799785,0.2595296967209998,0.2605285517063053,0.2617883015366673,0.2631720807589054,0.263553578505601,0.2647332984898246,0.2660111663883672,0.2671864057888094,0.2671171353981026,0.2666889397800748,0.2662772614311819,0.2662830568056985,0.2656404226805687,0.26458036371399,0.2638701377473737,0.2632020442291887,0.2650186331200077,0.264685271421771,0.264920335935848,0.2642947462074884,0.264710251359832,0.2650071419159993,0.2644638988894086,0.2648228024102084,0.2655609717142673,0.2658330471713835,0.2651287221125635,0.2653151359915898,0.2648409580835683,0.265548786074496,0.2649222010287588,0.2654824338024995,0.2662229273775089,0.2670534749762324,0.2676788302119224,0.267267660925887,0.2683478362184103,0.2697647220901317,0.2716687754272187,0.271653961019391,0.2712366657053808,0.270602874424292,0.2706723162115673,0.2705432466694651,0.2699907054449557,0.2694617892971616,0.2698525753066189,0.2705010513015282,0.2697883780269574,0.2687638808672504,0.2674509922642807,0.2670222955901277
394653,61,"Greenville, SC",msa,SC,0.233036108051975,0.2333859268191124,0.23380528803338,0.2351244033962264,0.2351973772569913,0.2355851607583113,0.2347069493871476,0.2344623542787773,0.2343935408795489,0.2340320523569098,0.2347568765458169,0.2346402150251705,0.2355871361891887,0.2354119839039613,0.2358439232259822,0.2347949443788454,0.2347365919234179,0.2343250408385172,0.2350570453160592,0.2349792484573435,0.2348751426350782,0.2348750704430672,0.2339133520554864,0.2330935167532746,0.2321532313859497,0.2326503633511749,0.2327677504544138,0.2329521161200576,0.2322237339941988,0.2317163093628864,0.2312599578334516,0.2311677205716577,0.2296267462604333,0.2292173611414751,0.2291042303747205,0.2312794130126976,0.2309479569905879,0.2301930342465734,0.2290541444075409,0.2298942294915655,0.2293765540934314,0.2294217667009999,0.2290714589564108,0.23048789069745,0.2314411551872189,0.2320890160925152,0.2326303158428247,0.2324406540715291,0.2331764507435755,0.231681698855156,0.232275610301536,0.2315375328718367,0.2321501837552849,0.2325070317320217,0.2329975539534968,0.2321318480050782,0.2327198395298933,0.2330675711103608,0.2335450884582257,0.2336794685993328,0.2343109171867173,0.2361612998188815,0.2352701541551515,0.2318845969548949,0.2263893215158521,0.2251358096112496,0.2245486820005082,0.2267569959898561,0.2285539039157711,0.2316766587969429,0.2331969478972355,0.2340645898820873,0.233840920185023,0.2335986598704303,0.2357551976602603,0.2384851836809761,0.242113882476936,0.2431160392808041,0.2444352388709001,0.2452652837822041,0.2485185972028504,0.2521266253143144,0.2555790886808041,0.2560320682976396,0.2552771030858941,0.2539664520065755,0.2537010854001314,0.2536690562327593,0.2543266473625448,0.2553743569249594,0.256408309818753,0.2563292485332171,0.255974511491307,0.2542530380698435,0.2525477349486323,0.2513162667964347,0.2509183591624441,0.2515974672132593,0.2512524669065059,0.2510431887580845,0.2503322399168319,0.2491589179546609,0.2477733494638681,0.2468790507982362,0.2468013785605946,0.2469252927640562,0.2469332096197131,0.2454723412189001,0.2434975438594103,0.2406814183862217,0.2391097900345815,0.2381623734448168,0.2379571581083066,0.2380452074032981,0.2370283671023439,0.2361009443476335,0.2350526305819292,0.2354018993828934,0.2360776242120305,0.2366955166508655,0.23735367687645,0.2377341980698705,0.237878866961754,0.2372740373211979,0.2361597670921674,0.2353403108567959,0.2354194398110288,0.2353837188108079,0.2353840554266431,0.2344329365400217,0.2331116634646159,0.2320172891676948,0.2309860106482334,0.2302737911337053
394312,62,"Albuquerque, NM",msa,NM,0.2058088007689658,0.2052952280698817,0.205738354041897,0.2065694259396546,0.2074594626366379,0.2076768485861581,0.208118720113178,0.2086095142056003,0.2084948095523351,0.2086044354492059,0.20821475932283,0.2090049279689727,0.2088175666467133,0.2086752015251013,0.2079140472055364,0.2079258503998209,0.207898883684811,0.2076826250547853,0.2071512718388309,0.207460759232628,0.2077476574357626,0.2080241796477753,0.2082885787782543,0.2083215886186433,0.2092024724849281,0.2102917329459747,0.2114227749563541,0.2114653240148456,0.2116444353976225,0.2119823695996013,0.2123051342870754,0.2119814097345038,0.2118192976167565,0.2118608106462543,0.211722776840176,0.2110115873109829,0.2101419202738316,0.209434002129132,0.2089423481731592,0.2087436445804746,0.2082754816486609,0.207512271405955,0.2070375470960867,0.2068688092172215,0.20733378297709,0.2078263980081953,0.2083709907053454,0.2087100751949812,0.2085219286779644,0.2084377853852784,0.2083725802837981,0.2084192366876009,0.2086402577771589,0.2090307279364425,0.2092947721036922,0.2096314196564529,0.2103958047698086,0.2112201753156665,0.2120624996701597,0.2128674583399896,0.2139540626164369,0.2145845107838476,0.2126927579530156,0.2093284905817529,0.2057850445890476,0.2055224018585341,0.2062493854769989,0.2076112469492494,0.2098293835526127,0.2123733587032906,0.2149523424452256,0.2148371756190284,0.2144268450092622,0.2149350712535723,0.2177191621225803,0.2217377157147938,0.225455479104118,0.2270174704661661,0.227992603931889,0.2303313588723949,0.2362961693000096,0.2417854307759542,0.2456897240020296,0.2471082760487593,0.2473524267822814,0.2480176243408408,0.2480756347416212,0.248857750863899,0.2500836112696508,0.2492367545424546,0.2483853990270101,0.2457859329921663,0.2451649556147222,0.2450525268377754,0.2456831974585879,0.2450097292726696,0.2446294851163238,0.2430819195947111,0.2440247493601737,0.2437729807455358,0.2442045007166624,0.2430070807670634,0.2418762666541883,0.2409865699399155,0.2400478925406761,0.2394498506492083,0.2390852425198173,0.2381318782791628,0.2367028936770846,0.2355768120745981,0.2336180662572509,0.2324028540604537,0.2304779821708431,0.2297809295478413,0.2288061735693506,0.2282603656714558,0.2279165679638913,0.2273318877353035,0.2267570264683538,0.2269758739078581,0.227562596779918,0.2279684788654381,0.2277856216959316,0.2272268243869964,0.2267598702244316,0.2265558177874135,0.2264816414042104,0.226219956392655,0.2259129206929579,0.2255504942775022,0.2248587737060913,0.2238336286844516,0.2227907439256543,0.2218532676787843
394357,63,"Bakersfield, CA",msa,CA,0.2298231505105772,0.2305400804675418,0.2315510802176275,0.2317148487402444,0.2324055171585474,0.2316698449733895,0.2320289071477498,0.231050181461036,0.2309749783234124,0.23129719986261,0.231638325254015,0.2313023096061975,0.2312469411510962,0.2309184262516571,0.2313473195913495,0.2315454060090257,0.2306312798288576,0.2315354680413214,0.2322356192708545,0.2338721007413979,0.2340639605140137,0.2341707497436408,0.234849193208495,0.2359867903244314,0.2372021709117097,0.2379599027303564,0.2382352817553339,0.2390230439614752,0.2401985642043944,0.2408369695500513,0.2412125874613273,0.2415501186474138,0.242614952437882,0.2424845857830424,0.2425511090622423,0.242949333726419,0.2440163534828643,0.2451856464529901,0.2452615601246902,0.245411025362613,0.2458939375042416,0.2461576860713692,0.2462678817934743,0.2460383745867784,0.2458878057685296,0.2458724169255657,0.2452822384161312,0.2446994630476076,0.2440313895838568,0.244084558822807,0.244288763198272,0.2442068472579524,0.243985087780527,0.2442994962769741,0.2449455942335766,0.2457325469721218,0.2465948416320704,0.2479589032310427,0.2495492024569806,0.2508597270304216,0.2518636269983785,0.2521189560391074,0.2517365112605959,0.2509130716311013,0.249805325948522,0.2496876606313295,0.2513742320005703,,0.2545020992119849,0.2559779384813991,0.2547072425030695,0.2550251945096956,0.254998889725225,0.2541715389619006,0.2559430281727118,0.2575626210929155,0.2619434709022872,0.2628729983960873,0.261562128736792,0.2609465604739991,0.2671166874212226,0.2721421059601158,0.2784517677276993,0.2799057134803292,0.2821343740773641,0.2844464486202107,0.2852876993072978,0.2874226126805746,0.2885540097203366,0.2896720775883724,0.290467680368601,0.2887749092017362,0.2881189057206652,0.2875191672958361,0.2868649960046598,0.2854672078193765,0.2837347741626931,0.2828632702364478,0.2835529171147544,0.2843118548855726,0.2831953531392689,0.282549060402231,0.2830916953928017,0.2846776343285987,0.2842773090516259,0.2838283433359305,0.2830515113401068,0.2837476678503291,0.2829204948523554,0.2826857893190139,0.2813590774185313,0.281548379814058,0.2811081358190682,0.2811228612745662,0.2799612574757888,0.2794002618929651,0.2787721923534315,0.279285540603952,0.279432316609256,0.2791745472880458,0.2797488991603762,0.279870657742691,0.2798549553483517,0.278259146674857,0.278122069365816,0.2778812219242417,0.2781107588819313,0.2778127999394169,0.2783444783884403,0.2780535809422512,0.278056241444381,0.2777071363180495,0.2776510482399933,0.2774605821719612
394308,64,"Albany, NY",msa,NY,0.1919327632289951,0.191609720081754,0.1911046311219733,0.1901132869411302,0.1901012785355538,0.1908143906983812,0.191462396501569,0.1913007409288293,0.1909163607351126,0.1894601803759344,0.1898715206574046,0.1897594550216949,0.1906130708183156,0.189741278098377,0.1899844338002342,0.1899868908420034,0.1900112093614179,0.1899020594846456,0.1894217626133158,0.1901922809716512,0.1909747753646612,0.1920579875247985,0.1907583547749015,0.1897777064958786,0.1879789464090622,0.1883969410880262,0.1875049183099813,0.1879940301268735,0.1885448572748889,0.1880098292378676,0.1873084223504898,0.1858738342624211,0.185164264859307,0.1847398787039667,0.1852326170675339,0.185476460000574,0.1865578102365316,0.1867887581762408,0.1867934066038158,0.1871411277535885,0.1863242761547756,0.1858438362333874,0.1852527724152329,0.1864220005300223,0.1876153525192627,0.1881727904807351,0.1872165644344761,0.1867777063590777,0.1869239165567539,0.1868254352222679,0.187033536024355,0.1863670049812336,0.1865796125876219,0.1874345522278437,0.1885921428391286,0.1885225330033225,0.1880513065120378,0.1878859019399265,0.1888964179856494,0.1901014095535532,0.1906959250801953,0.1912345472856236,0.191282662748905,0.1895220199426397,0.1875187494912217,0.1858574693148026,0.1858009148227711,0.1865512559848478,0.1880179827621572,0.1900300097596589,0.1911025706870993,0.1915516642514106,0.1907776278662606,0.1904117329257423,0.1916573720730864,0.1948545395768675,0.1968152215417506,0.1969949848430654,0.1958708423542287,0.1957939247925716,0.1980826586425601,0.199794884300584,0.2020714240929371,0.2023954560196008,0.2027873182246577,0.2025328981429235,0.2026086571857739,0.2026328390760817,0.2032105169816843,0.2036066164784765,0.2043372680591831,0.2049864038128405,0.2056291209326117,0.2068348984781169,0.2064144262562525,0.2062312258674006,0.2052868642407116,0.2059970432205378,0.2059622675940367,0.2052476502411042,0.2058669706197986,0.2066656472903685,0.2077182630115675,0.2072695179375619,0.2071790230295206,0.2062212948418044,0.2064233942168883,0.2062007603556966,0.2080722510839168,0.2083814500011856,0.2084790419137464,0.2079877148192375,0.2082730932874324,0.2078702457928569,0.2079233872810255,0.2074169175766245,0.2078618685980167,0.2079864897449218,0.2089945999861633,0.2094132155298348,0.2089966611544405,0.2093199635341005,0.2094905078141455,0.210271576881852,0.2097828718036896,0.2099870456628867,0.2097325942522357,0.2106045559399675,0.2107431574679408,0.2114577057561671,0.2112298320695953,0.211655489631529,0.2118135058396921,0.2118400233278369
394753,65,"Knoxville, TN",msa,TN,0.2154108887676613,0.2158584242461299,0.2164018989080349,0.217830243686234,0.2167096901191648,0.2163852558368925,0.2149496325562422,0.2139201670886831,0.2124793542597985,0.2130492419964414,0.2138227231901447,0.2150082563690854,0.2144653466698279,0.2130660464705602,0.2110864745222707,0.2107787753186315,0.212337207131922,0.2125115526538501,0.2113396083605898,0.2114618220302291,0.2122164348827374,0.2128413298093857,0.2120813808668065,0.2116817807059539,0.2124106884674903,0.2141761865538524,0.2150626026080878,0.2149525222834418,0.2141243244713759,0.2151268686863377,0.2161360439477244,0.2156280998132988,0.2172273144639161,0.2173699973474105,0.2184446343799303,0.2163979682915501,0.2160045156106593,0.2153199264199138,0.214278339763692,0.2137735019726317,0.21405626769688,0.2149799589626386,0.2159983980569098,0.2163813555895247,0.2165760321376238,0.216638164487153,0.2175295709820514,0.2177852007233716,0.2174536813664777,0.2165068872063666,0.2174568101280873,0.2181991292419031,0.2184184148856556,0.2175680776363781,0.2169895921919172,0.2175585964769352,0.2182126185726733,0.2198332871762862,0.2205688574127157,0.2222310121507084,0.223253663028025,0.2246642965725601,0.2217319826699623,0.2189724027845146,0.2163058345322832,0.2165310169956464,0.2157356872875993,0.2163930807124198,0.2195971208886449,0.2251478811005508,0.229704796089759,0.2287646581775389,0.2268594666802098,0.2261158103870095,0.2281833271694332,0.231137256844583,0.2349135317510549,0.2378653682756754,0.2414556661441129,0.2449216078593951,0.2507886701806352,0.2547150573327731,0.2566185302535174,0.2570138778709707,0.2576091519703264,0.2598418625216664,0.2609619289272522,0.2638145536507377,0.2652156311558774,0.2671816303421584,0.2687417475092331,0.2687566233342689,0.2684025372676234,0.2687484885649129,0.2711498888352299,0.272648328374691,0.2728305882472129,0.2724147528909232,0.2738534225543058,0.2736571430364408,0.2740472154659703,0.2738498670975213,0.2735442835261766,0.2731155028843803,0.2733625088177022,0.2737594540669285,0.27413545329222,0.2725031116559248,0.2719278706493233,0.2709193645865677,0.2701064554628112,0.2692585575259683,0.2686658142794745,0.267560406246697,0.2670441179305772,0.2669781651712057,0.2682848040881125,0.2694811614066529,0.2702510804714566,0.2704598488729361,0.2701971384415948,0.2699047184489891,0.2692476225285999,0.2687702309612618,0.2680606806072209,0.26827466153503,0.2681100728474005,0.2678969503249074,0.2668105086768624,0.265633185126795,0.2642732462117177,0.2639636344593523,0.2635359130812726,0.2633037622061342
394367,66,"Baton Rouge, LA",msa,LA,0.2291001324380078,0.2287234877453591,0.2306647572389522,0.2331464153515678,0.2342325173021863,0.2347229349645117,0.2347291906890958,0.2357948504538818,0.2344182089341458,0.232080470239828,0.2299444575488857,0.229895975240764,0.22998782544709,0.2313928862461632,0.2317097269264225,0.232334515319357,0.2318437069372814,0.2328353859100822,0.2319302172698996,0.2314775437726972,0.2334176295960287,0.2367500401705357,0.2408464015306322,0.2419028181838891,0.2420668803202778,0.2394779280025156,0.2384200871751655,0.2367840508130702,0.2369982377596298,0.2352544296505928,0.235142680668584,0.235110146891033,0.2351980331375489,0.2350393827729399,0.2329908524965075,0.2328975296792237,0.2318163502166182,0.2320583064013573,0.2301536841486789,0.2297655628706392,0.2284731350331744,0.2282918429940345,0.2270644019749839,0.226246766163618,0.2249612557867849,0.2239525732235933,0.2234946272667568,0.2223135515466923,0.2214944398970031,0.2212027671806103,0.2217526931344843,0.221319760375641,0.2209778119754021,0.2209389652576657,0.221326949624029,0.2213836251305999,0.2221540572754701,0.2226918160201078,0.2234802947236289,0.2243091190382497,0.225433823003027,0.2254572660936913,0.2253196706372829,0.2225369740399443,0.2205480722423823,0.2196718875912572,0.2200125607017619,0.2204890652315636,0.2225068502277428,0.2242207578611504,0.2259527294183481,0.2255876209360229,0.2256494030444527,0.2251603930974958,0.2268217643300546,0.2299991067298074,0.2322823992323375,0.2316857300255584,0.2296104843228506,0.2295610234993803,0.2341645914098594,0.2391642060260418,0.242835033299217,0.2438337380657098,0.2438357816571584,0.2448893193137307,0.2452352007677903,0.2451805426749864,0.2448597205946984,0.2450077255948161,0.2453217813824691,0.2448056388263455,0.2425933089123396,0.2400451949807741,0.2382044013247623,0.236599453712944,0.2355004521903093,0.2344408554742899,0.234496510258852,0.2339317360512513,0.2339947100784675,0.2330114887068572,0.231617356918292,0.2296052086272376,0.2288757689773009,0.2293588784298466,0.2298874416237206,0.2294953428913042,0.2294634326394496,0.227827182374644,0.2264436516797126,0.2248587856889036,0.2249849097023983,0.2251987603617808,0.2254508698868678,0.2258048768725659,0.2260817493292113,0.2267386729133229,0.2266609340267863,0.226834706716283,0.2254071106042771,0.2254915716816351,0.2252533782455211,0.2254230467178866,0.2241567365840902,0.2234949247945487,0.2230339011642261,0.2229256163781194,0.2229970895510752,0.2223675161236558,0.2221249238565548,0.2218243275938786,0.2223636920710143,0.2225160309386653
394843,67,"McAllen, TX",msa,TX,0.2638618344231095,0.2672792441446565,0.2692154845707755,0.2700630739777957,0.2705022008199106,0.2698940696750767,0.2690366501466463,0.2690068759409067,0.2682217424847528,0.2663876495390527,0.2675953809976834,0.2694544543956189,0.2688121253525465,0.2663837762279689,0.2627497046860741,0.2648523004823343,0.2642812461733292,0.2652232787683694,0.26480672517104,0.2657529526177222,0.2650808432749623,0.2656900783059508,0.2653927343032608,0.2645019522390697,0.2645666697962167,0.2649997640292855,0.2653628105099512,0.2621842460009106,0.2609450548662465,0.260371459531487,0.2604662782652209,0.260064092326777,0.2606565142395506,0.2599229321976518,0.2594093368725222,0.2575633507820527,0.2580223388059775,0.2574399848812642,0.2580067307672316,0.2583914953451269,0.2569632774883552,0.2555027299402191,0.2534295349166907,0.253055715998592,0.2512403457589088,0.2495451624155297,0.2479795078319298,0.2469225402189985,0.245632507343775,0.2442720938383973,0.242606779903117,0.2415379850754916,0.2414159139138746,0.2409497094071134,0.240892276968415,0.2395610208586363,0.2392353900315649,0.2392128630954061,0.2391772419562558,0.2399753718748273,0.2398956008754511,0.240089577597799,0.2407616457806494,0.2392451897680745,0.2370793762710165,0.2352748787192372,0.2361704156567832,0.237302907721272,0.2385932043304212,0.2396763503428122,0.2402764173094573,0.2399133301601883,0.2386016393398252,0.2383307233099013,0.2382561769900054,0.2391243196764678,0.2406966575041879,0.2408437713818917,0.2409984946249027,0.2405892309721458,0.2461007892803124,0.2492386639335505,0.2539540222842097,0.2536171163232674,0.2540448259244665,0.2543224871043476,0.2530873092091481,0.2539873932574937,0.2543768154221957,0.2546044068267516,0.2533821884172998,0.2520842128482765,0.2505110903673972,0.2497193224158496,0.2485162562260404,0.2470484378688946,0.2460352599120381,0.2449853945786122,0.2461789728558064,0.2457215997782057,0.244206268443591,0.243245457841974,0.2414736656474284,0.2411396778277034,0.2402070946547861,0.2401511667607041,0.2389721834969224,0.2383656390822698,0.2369926288467367,0.2358324338129663,0.2341182907837633,0.2336231076082225,0.2324324976439517,0.2306914289805346,0.229857280438174,0.228852902999075,0.2281543934311775,0.2269864285370187,0.226475405639495,0.2256176004605778,0.2256361861454311,0.2248670531743525,0.2241680114288259,0.2228181070049314,0.2224642755546135,0.2224029719894251,0.2222750416023115,0.2216740287160906,0.2213313268828535,0.2208951807041906,0.2204416992477593,0.2199247140293395,0.2192930510313306,0.2191887262116651
394908,68,"New Haven, CT",msa,CT,0.2166065357938881,0.2152445707835534,0.2156725315090364,0.215330561832009,0.214986523133574,0.2138480125015607,0.2149251853281253,0.2161286514056015,0.2158924575452859,0.2146814396419711,0.2135033992541385,0.2134269492495762,0.214044432810856,0.2144902320866058,0.2147334258649855,0.2143466954554711,0.215119059388211,0.2152115301051123,0.2145912179845053,0.213191613992983,0.2131398250451451,0.2131932398255561,0.2137016337380667,0.2134830669839096,0.2140958995303153,0.2141421683031705,0.2131411450800408,0.212945274906758,0.2125723687063351,0.2133162543842129,0.213495022825713,0.2141383562785951,0.2139593990941668,0.2139343124666678,0.2137688480855979,0.2147123335823003,0.2146661489861733,0.2148775222840065,0.2160616648038604,0.2169345830055299,0.2173002964572515,0.2171175242205732,0.2175515141646405,0.21778867169366,0.2180951600578837,0.2177814086781741,0.2175049809105677,0.2176287889640897,0.2180790583302564,0.2186028083341207,0.2186238120003084,0.2186538172575637,0.21891756055109,0.2191702617922791,0.2192856419078456,0.2194493233030832,0.2197627463712081,0.2204460742754496,0.2210987630060685,0.2212896496996167,0.2215248963934497,0.2214784230046098,0.2233319666956655,0.2228697441294251,0.2216038177417593,0.2209198545582568,0.2201959021125391,0.2208466619823038,0.2211461091903195,0.2228868092755335,0.2227764638516683,0.22170204245669,0.2210570838350478,0.2210991447192883,0.2215415958915444,0.221227114628327,0.2228141417699161,0.2243979043405397,0.2272800723265917,0.2280658700717224,0.2321623650835335,0.234168334909665,0.2377118934164913,0.2397037829116711,0.2406249607419893,0.2411043776111187,0.2421000028878185,0.2452665832124962,0.2470732055153614,0.2465920694147871,0.2457713583974753,0.2456439951344937,0.2462959329582779,0.2464081335087215,0.2465979751041771,0.2457981773007127,0.2464721701675312,0.246236460238956,0.2463366401334586,0.2455687238845525,0.2458051101418912,0.2477327115875412,0.2490236025078046,0.2505230996279642,0.2498615617216199,0.2504953604992617,0.2514216961620921,0.2519528072314492,0.2521570547325097,0.2518309469960522,0.2523720396797694,0.252683879446545,0.2529545572492065,0.2534818245241149,0.2534932199908724,0.2540198103501995,0.2538494658744783,0.2542475785948982,0.2536993864316557,0.2543878548790136,0.2542034805377383,0.2562234356401966,0.2561354629752709,0.2560793642764618,0.2557660924280887,0.2550709814049463,0.2550867108972247,0.2545168646763172,0.2556516219949287,0.2559009247752467,0.2565329040038161,0.2563156169221625,0.2565466629662402,0.2554858025919486
394561,69,"El Paso, TX",msa,TX,0.263087893983756,0.263372344335069,0.2630060593602222,0.2631384119657329,0.2636903137288649,0.2639688059603455,0.2640480937091127,0.2635129256495689,0.2628846796079636,0.2609136179709961,0.2593975185974034,0.2576723850645184,0.2569570904711625,0.2557282788503361,0.2548525641050579,0.2539266971231935,0.2527795685108003,0.2522716161101863,0.2519536532615387,0.252414199795294,0.2530115381306314,0.2541992866826998,0.2550908289493492,0.2559923592891698,0.2558835903482662,0.2567142175479978,0.2575880344371545,0.2583263819365983,0.258294622987836,0.2576891093375421,0.2571367054233739,0.2565510290502015,0.2554269951920698,0.2546990198748005,0.2538300029923749,0.2526656825235465,0.2516014270081826,0.2507521024846016,0.2499422600766242,0.2490686040501188,0.2484944645590539,0.2481059003623021,0.2477616961797088,0.2474174382358579,0.2475798584138396,0.2482904454941474,0.2485267451549647,0.248742940907581,0.2485460516617866,0.2483526647260646,0.2484914175638911,0.2487939428336357,0.2492773364477062,0.2496144757264069,0.2498903071365974,0.2500189032206405,0.2497529692045412,0.2488316141937788,0.2485536502981786,0.2491285695693326,0.2502875751771858,0.2510001040965777,0.2506711486128907,0.2489157587624191,0.2472264529142225,0.2475135098646732,0.2492010819248448,0.2513329312924165,0.2537446813188587,0.2560176786583919,0.2578717077439593,0.2581574829921494,0.2566592647005189,0.2554239606214666,0.2569493886688838,0.2609529686780713,0.2646677579802635,0.2638828093452026,0.2631987002330188,0.2631901162135363,0.2680788911511099,0.2724321762227991,0.2763033284430416,0.2771333147521207,0.2773839451809504,0.2796144421787013,0.2794049445181678,0.2781345603929531,0.2774212166950025,0.280186131416762,0.2821414447235053,0.2820113823124258,0.2816305266301622,0.2820401876307028,0.283310437325831,0.2829461511450539,0.2835942606912749,0.2827793221649182,0.2843300750104316,0.2849859742831739,0.2850024314536867,0.2840301713044137,0.2829158239257358,0.2835288588426539,0.2832525288887559,0.2846342606948287,0.2841626740113073,0.2838506627082921,0.2822812169207616,0.282362526485398,0.2824365098352314,0.2825383795216322,0.2823314558450799,0.2821170194079971,0.2809182975750826,0.2804374250638098,0.2797111514813135,0.2794603250845374,0.279602790762381,0.2799533852494414,0.2803503253466076,0.2804680443949351,0.2794593227263787,0.2788078775962112,0.2785092225159468,0.2781929745051131,0.2787673316750873,0.2783453268363912,0.2787915642399225,0.2779664745042706,0.2774021437566334,0.2766180799422547,0.2761958419027748,0.275407994274628
394318,70,"Allentown, PA",msa,PA,0.200114717249446,0.1996741052433951,0.1988848693764326,0.1988481298130772,0.1985086785330978,0.1989841368562798,0.1991341984245813,0.1997233026491804,0.1998118925242094,0.2000188883463114,0.1995246625582223,0.1991585738324522,0.1994805218331994,0.2001825468524694,0.2002265296999396,0.2001424174951547,0.2003722329064042,0.2008300030492371,0.2008400755166534,0.2007703261621527,0.2006893897206537,0.2002202784006509,0.2008947137505119,0.2008400872408997,0.2012919511112237,0.2014301513056188,0.2025532680239203,0.2024880444084095,0.2030150381397539,0.2023667152833536,0.2025156909232273,0.2019177313587758,0.2021515498749374,0.2025630738187314,0.2031105371818596,0.2032989388730524,0.2027126517453391,0.2023574427722864,0.2024198339777956,0.202475505411267,0.2024138704921871,0.2016807014533796,0.2017084332488604,0.2018464076469401,0.2021355853719075,0.2019647206464109,0.2014141509501787,0.2012421633931545,0.2008526745937375,0.2015273501609571,0.2013607105078522,0.2017891101484487,0.2020430273182687,0.203423334186312,0.2040124505538535,0.2049172884056158,0.2055363699192296,0.2065804067569392,0.207728936829663,0.2091437695178396,0.2110722467135203,0.211884214242987,0.2091875857806208,0.2063428507086588,0.2042148036242639,0.2033701267216366,0.2031039195689028,0.2042279253808886,0.2069562022502335,0.2106749289219578,0.212990974067189,0.2140225915692826,0.2133319187131072,0.2138946654187912,0.2172733231056894,0.2216014107699473,0.226352873781354,0.2283211020748549,0.2305513823488636,0.2313289049124428,0.2343467702888008,0.2373846408190749,0.2411114535311811,0.2429125460390838,0.2438191627046785,0.2442494663089598,0.2433998375871543,0.2435287074174,0.2429653751037474,0.2429678579419086,0.2411007606299398,0.2401902004624668,0.2391663930786758,0.2383563569315918,0.2376551698499175,0.2378041908617968,0.2388862100771252,0.2400668439860674,0.2407422921526344,0.2403391647140406,0.2399453991101956,0.2394071507151597,0.2396748289219179,0.2399770593891223,0.2398240787727552,0.239969049763366,0.2389720883747166,0.2377997274161749,0.2367286938938995,0.2364581862131692,0.2369694418921085,0.2369171182485562,0.23722438103489,0.2374751449397869,0.237661373337972,0.2372689011029455,0.2381786148461574,0.2381479858528467,0.2391345303822209,0.2393640989856919,0.2394200605257636,0.2393094765042459,0.2385172671595044,0.238323174077508,0.2380097142630555,0.238006691922512,0.2380459065573386,0.238348463092696,0.238025107772284,0.2382321420639607,0.2381265353596618,0.2385172451313794,0.238908028655682,0.2390505349243362
394952,71,"Oxnard, CA",msa,CA,0.2646057816634341,0.2655095219794643,0.2658816905063877,0.2684425547768881,0.2716273546192193,0.2724938713818955,0.2723727814737245,0.2717130436941818,0.2716914442160351,0.2718458690856977,0.2719785048583638,0.2719837374515371,0.2724008729554442,0.2723572022118442,0.2734044699204904,0.2738081873754556,0.2734667300767163,0.2744076786165756,0.2754539565538277,0.277007804285927,0.2777496533027221,0.2792826784583344,0.2801451656251674,0.2796020559022545,0.2796588197826842,0.2807426538945005,0.2843022012744056,0.285559190258022,0.2873618965707757,0.2859807049596957,0.2871260595734526,0.287290212844993,0.2885039375975053,0.2872382247598967,0.2861169029391154,0.2873868684482232,0.2884988056079311,0.2900930881402389,0.2874540769251977,0.2865320112071869,0.2854641482138952,0.2865449849790425,0.2867341051771628,0.2868567349138613,0.2869141527015669,0.2874635774965371,0.2883717010549358,0.2889679561143346,0.2881675754138564,0.2869184391324564,0.2875434644895401,0.2879537210596995,0.2883876108894044,0.2888387376350096,0.2888059725059019,0.2891396680001182,0.2892430756126862,0.289930828177345,0.2903603571593659,0.2901382494872748,0.2908419869528437,0.2911456902062797,0.2916404295612763,0.2882622078833697,0.2845928587189395,0.2828534474623612,0.2812888598146622,0.2815701369054945,0.2842919369520602,0.2881488903003565,0.290535548347721,0.2902352926446747,0.2895239287918427,0.2887510466149137,0.2926571369329602,0.2981409087560109,0.3047406998849754,0.3066012817275894,0.3078691144959058,0.3087392730033382,0.3125569847654538,0.3143431912694109,0.3173310439118996,0.318752977884441,0.3189873713495394,0.3203023134113171,0.3187995146503889,0.3195937196960229,0.3188099197930204,0.3184444625288941,0.3176049707452222,0.3159179256421657,0.3148068098065352,0.3146635680709674,0.3141713336777919,0.3127060521123082,0.3105835528831571,0.3082044474190688,0.3078748160586126,0.3070834867416536,0.3062588656511507,0.3048234398081297,0.3048082906523473,0.3051991930004881,0.305848117935364,0.3056720912014381,0.3058675936101606,0.3051194621826242,0.3049095010612423,0.3041850919487374,0.3035676257389946,0.3030246937687009,0.3027153654267649,0.3026292300749132,0.302304156404052,0.3024686838365197,0.3024494677861014,0.3024117814888376,0.3028962079468304,0.30247420680514,0.3033267493671148,0.3038145526135832,0.3037338430733033,0.3031201352606494,0.3026009097264163,0.3026282227919817,0.3022829611147249,0.3014917807225376,0.3008559870837816,0.3004530821382342,0.2993916912067141,0.2993220018426011,0.2983001171374845,0.2976935523570728
394486,72,"Columbia, SC",msa,SC,0.2045603001867541,0.2043990046216016,0.2059033266411078,0.2065674077375608,0.206664327317781,0.2063042736531705,0.206644878106715,0.2068833503905648,0.2069137078264102,0.2065485908884066,0.206498344322167,0.2068908703082602,0.2069005429854694,0.2065110792304104,0.2054110754324371,0.2050506228346165,0.2052851443414486,0.205730825307083,0.2057475754391394,0.2057392989302816,0.2063343807868208,0.206924771983549,0.2077081484517979,0.207807577354576,0.2074809644156519,0.2081342919230443,0.208713802974294,0.2090838499147613,0.2089531989210674,0.2093623770681074,0.2104934535413883,0.2113011261490174,0.2112539400629364,0.2115367713531918,0.2107102392838855,0.2113703268271868,0.2114804206392439,0.2124006914482815,0.2127637651675268,0.2129440272013514,0.2133010961450345,0.2135391558416846,0.213355621640549,0.2140687413067984,0.2149561514534251,0.2161674935259487,0.2163192948253389,0.2166586394084747,0.2161618765970452,0.2160355388345702,0.2161378754991076,0.2163244369348656,0.2165612655501418,0.2169288336739658,0.2173844485364217,0.2173905893307912,0.2180711361823778,0.2184220243283766,0.2200671960521474,0.2210682377402974,0.2230904649786751,0.2237847082656497,0.2237518855612201,0.2209901668639303,0.2190532539276145,0.2193304742907439,0.2203707303772146,0.2209976401254759,0.2224968966344634,0.2243384667376273,0.2248846221734839,0.2240765588867157,0.2236032162641283,0.2241035839619236,0.2255216752424511,0.2270104648125082,0.228879065287758,0.2303409359749648,0.2309104817962129,0.2329703121574482,0.2366604193081503,0.2419574167738614,0.2458876769474918,0.2467986039879819,0.246342466122759,0.245825753448056,0.2462226326447681,0.2468142375774077,0.2478440773279607,0.2479964397294314,0.2484680059243825,0.2476866437171518,0.2477294217030784,0.2470806545616271,0.2474066775574566,0.2471522483724361,0.2462010987766684,0.2462854059571761,0.2463721455817017,0.2470828248880392,0.2467697664811614,0.2465368138341735,0.2469962553000725,0.2474779921103873,0.2485514570537204,0.2484945839804808,0.2478260497812373,0.2471831558991694,0.2468734123036803,0.2461247402450558,0.2450188878859022,0.2445468518506538,0.2444171334714073,0.2449179855565733,0.2450091532772361,0.2454959082784927,0.2451713548427246,0.2452720495701758,0.2458064086721334,0.2468540639784682,0.2480317820912442,0.2487476050522345,0.2494989700563099,0.2492815999790273,0.2491844093753238,0.2490693487650523,0.2489080426072511,0.2485986618193719,0.2487883428799641,0.2492483260714763,0.249342570092409,0.2487341279948638,0.2479142645236935,0.2473877474345993
753906,73,"North Port, FL",msa,FL,0.2787275585583979,0.2799731433888971,0.279024150701321,0.2786048226757294,0.2808234357095006,0.2820792645234128,0.2832341939860925,0.2826887493170701,0.283279206974628,0.2842242622190385,0.2839119390886864,0.2824347961696231,0.2822183012728088,0.2840194899467662,0.2857123374448253,0.2846815961269837,0.2826017059455742,0.2829005456991275,0.2837421787017843,0.2842755494713888,0.2831437493575729,0.2823489527848752,0.2831590393549874,0.2848800521198888,0.2847981186517,0.2839327408164931,0.2849935998320099,0.2877443544649911,0.2877861525621872,0.2857351950021555,0.2824294400748919,0.2812043536913776,0.2810156782875706,0.2816913965456422,0.2800380171380911,0.2789013571257513,0.2774457555581808,0.2779201396557574,0.2756324892561926,0.2735136962595638,0.2725622885198006,0.2724915416186487,0.2729407331714093,0.2723637971933368,0.2725769043272404,0.2721054999114699,0.2720484653424148,0.2713969895587677,0.2716013223488548,0.2710708394905067,0.2713458380253296,0.2712092150974477,0.2715381976124831,0.2717968622168702,0.272109526043979,0.2723933032993825,0.2722826051319278,0.2722789763957035,0.2727280501348124,0.2731104667997268,0.2732482536046383,0.2729296652845297,0.2713499212547012,0.267823069820076,0.2645422242701682,0.2632535011211055,0.2631011205159931,0.2628635742033154,0.2658471422431658,0.2700911904850014,0.2746400738756817,0.2762686711664603,0.2734123929052613,0.2736148843490268,0.2772091436513916,0.2833999139896067,0.2903705953350312,0.2959587685260957,0.3032323651996056,0.3111817669440301,0.3202686133810724,0.3282135117381963,0.3336014258267971,0.3355840563552681,0.3391505960025322,0.3403936980246693,0.3406966753686471,0.3417411792670132,0.3419686314430432,0.3431568295251954,0.3400716127977868,0.3358882683107567,0.3341899151490283,0.3332358429583245,0.3355263225049876,0.335523061564501,0.3367933610684095,0.3369144797525973,0.3382088747069118,0.3371592055301785,0.3355027371323122,0.3326207053823759,0.3307048598949091,0.3291468807048434,0.3279688172321872,0.3264735480157368,0.3240758760031185,0.3227827179745297,0.3209239658930565,0.3207195496792822,0.3188839005767163,0.3177032750272786,0.3171956941023755,0.3170802706696572,0.3157451104831243,0.3159486521855883,0.3153003668780171,0.3159573945526409,0.3145113337403631,0.3139257736279609,0.3124797270086203,0.3113596383520589,0.3097886104137047,0.3082625844530995,0.3065146129028674,0.3051096625877362,0.3047232573465265,0.3030587181316104,0.3015933469253316,0.2990918260568974,0.2977864735461462,0.2955550218723975,0.2936350661373215,0.2909091362622262
845158,74,"Dayton, OH",msa,OH,0.1799463268614518,0.179731395807453,0.1789375521435033,0.1787412127932732,0.1794176328571299,0.1799027930429312,0.1796977404342107,0.1793705453744646,0.1785102063119361,0.1782948313999321,0.1781939001300216,0.1788342483972516,0.178688069506867,0.1788707679100105,0.1794072761367591,0.1791296151581165,0.1787706587374483,0.1782119116623236,0.1786395760955726,0.1784962644299668,0.178280246308827,0.1777091439410771,0.177456673149781,0.1770416509942932,0.1775225604322861,0.1781751479794968,0.1783973865932558,0.1781355944528288,0.1782260649172213,0.178677031227344,0.1796509022004921,0.1793504302652343,0.1796646822013414,0.1791569447792366,0.1790905365951089,0.1789440784749741,0.1785070283580571,0.1786249321316104,0.1787455945480265,0.179562906888765,0.1794585315724613,0.1797456632026491,0.1787116343503323,0.1788999669064473,0.1790277189274257,0.1798571791066574,0.1799562808010256,0.1802246078034561,0.18048444963242,0.1801015711183244,0.1800794399044533,0.1799009854274969,0.1803404835652964,0.1806717896499527,0.181674229980785,0.1825018425208795,0.1833139224410976,0.1840748759701623,0.1851730847072243,0.1863608380379867,0.1875995882477904,0.1887723324212944,0.1880215143679567,0.1864124739502798,0.1848626819374436,0.1847999437333031,0.1850782589467139,0.1848801202245155,0.1847814420393215,0.1857231469397628,0.1864442560396797,0.1869461891740583,0.1862424316733615,0.1858566949630195,0.1872247068427779,0.1893449453907459,0.190939183163866,0.1913263326364537,0.1909620166167012,0.1918921941860318,0.1957873043533987,0.1995025338583491,0.2026077873173319,0.2023101484926574,0.2017227139069311,0.2021515761787949,0.2017992279035827,0.2018883547080091,0.2014243239372199,0.2020022295247142,0.2028723341922745,0.2026283027930271,0.2030573770239134,0.2030907466384875,0.2037133608758656,0.2035333124692735,0.2038820033515964,0.2036033083156993,0.2033757264558057,0.2033959045311487,0.20419436877308,0.2044085531041255,0.2039755476014732,0.204222092667896,0.2041654699082516,0.2046994091993965,0.2044698496433502,0.2044323740577593,0.204602563950174,0.2043748700300865,0.2050905943787478,0.2043894464850828,0.2040893100283771,0.2032463254075238,0.2034524328247718,0.2033840257992981,0.2037553116469198,0.2040685629660446,0.2042716049028049,0.2045648533681826,0.2047684996019852,0.2053361572891457,0.2049319958957068,0.2052244206074505,0.2049676088823774,0.2054802103844608,0.2054656136287669,0.2054929755121112,0.2054153138799427,0.2051859285808936,0.2052177104671851,0.205126134281964,0.2048296851154664,0.2044893792612511
394457,75,"Charleston, SC",msa,SC,0.2317298646642197,0.2326699116278018,0.2338360059968701,0.2326298098028713,0.2324482976836653,0.2325111225502812,0.233624773650466,0.233719820941161,0.233465025170876,0.2337540392995838,0.2339746894575752,0.234389179368348,0.2338995380872041,0.2340187562300492,0.2341804347838173,0.2346797114380104,0.2350346927097446,0.2359024230734559,0.2362936027358704,0.2366110359566294,0.2363914991558715,0.2361492682304226,0.2361081070748867,0.2358026907434127,0.2368160602567168,0.2369016393698144,0.2370180538706439,0.2371085794835557,0.2377156635164505,0.2375982714329105,0.23696698350359,0.2361176070766299,0.2356722673941812,0.2345998486649831,0.2343576933431552,0.2336105837483287,0.2325583294067492,0.2321168953556844,0.2309353342663514,0.230416281984364,0.2284031277675863,0.227725992241658,0.227218710016796,0.2275046403988407,0.2274530025018306,0.2275874656925935,0.2276240591576137,0.2276481339383806,0.2269647853967522,0.2266329757845559,0.2266592454501128,0.2261321849837899,0.2265393445695826,0.2265116210877384,0.2266914794695332,0.2264539896830947,0.2269077056184655,0.2275611798185119,0.2279182294633748,0.2287891103184893,0.2301450676434286,0.2306803725872908,0.2284230560211831,0.2235438590177735,0.2196038944510504,0.218630491206388,0.2192714720550168,0.2204237057635825,0.2214188737353168,0.2225260051140612,0.2240292046758139,0.2240027236271383,0.2252991413818862,0.2262306796788641,0.2286692104362205,0.2308544974085739,0.2335478579298513,0.2353260201632981,0.2370382872114069,0.2395902476867074,0.2445044301742439,0.2494046112451526,0.2534198602348866,0.2541042494447052,0.2532067188619623,0.2528066616884579,0.2529437781452819,0.2551055828264733,0.2567970399544459,0.2584156034857051,0.2590003154223958,0.2589878907280414,0.2593426809432231,0.2597039853795775,0.2595069722862625,0.2589103155535471,0.2577242670694757,0.2578765714658446,0.258721833304821,0.2594384323642293,0.2595941825074119,0.2586675734185797,0.2584058032984708,0.2578208178194395,0.2571835911227439,0.256430197528854,0.256056268921697,0.2564527019582027,0.2565903635903016,0.2559291695391673,0.2543458170041427,0.2521556658779511,0.2509110605210359,0.2505636548421889,0.2504970259296032,0.2500851506959891,0.2501523673502216,0.2499743104303194,0.2495801133494446,0.2485006106900763,0.2480711550627798,0.2476953737235689,0.2475569832467618,0.2474143611493233,0.2469403629653424,0.2466746996668409,0.2461231238497347,0.2460356753361917,0.2458453765442474,0.2459003700183633,0.2459805395290004,0.2460152836450586,0.2459809856208009,0.2460304441316956
394648,76,"Greensboro, NC",msa,NC,0.2069699099960028,0.2072469549952632,0.2078019740267831,0.2093655308506065,0.210187784951416,0.2101177828339286,0.2095872725741487,0.2084715507803905,0.2075981331409645,0.2066658517959918,0.2068815173017931,0.2059738392751749,0.2055903392468296,0.2045088628904196,0.2031588473948075,0.2017274890378441,0.2010659938619572,0.2009367524219223,0.2008077866049412,0.2009870843937733,0.2020521812171416,0.2027779729033529,0.2030435839245255,0.2029887187226566,0.2031154229933683,0.2032515631966213,0.2039595313347425,0.2036335577813991,0.2039557446174266,0.2037442339496166,0.2045423815167339,0.2045088669740821,0.2039304127998902,0.2035900763558758,0.2025589544461631,0.2027602065117699,0.2019575295160388,0.2028825501023989,0.202863845920041,0.2037307991572174,0.2028403525283618,0.2030367508597662,0.2033125514880829,0.2041845382745664,0.2050452355679035,0.2052490847088601,0.2057558784124929,0.2058647869939566,0.2069940008998173,0.2071702242843618,0.2074195678876185,0.2074482374633721,0.2084714624424089,0.2091294857991206,0.2093392760259656,0.2094667668511688,0.2098032424524833,0.2106362684305855,0.211640986956663,0.2123980371608393,0.2127990561724446,0.2128449781594134,0.2109919715147626,0.2080053972899862,0.2056711819246255,0.2058117604589701,0.2060641113412808,0.2077786700184866,0.2102747987002525,0.2128077653114067,0.2138877416013337,0.2128795433208821,0.2114926387842595,0.2117561433572903,0.214475010178607,0.2178356682079147,0.2204729673336723,0.22053330962894,0.2215561537124742,0.2230971824405735,0.2272918486203766,0.232072565262805,0.2359199076317779,0.2367002288782467,0.2370583993055649,0.2371503277345039,0.2381144336051729,0.2384413074302201,0.2390573365722835,0.2398834189947713,0.2407759016369567,0.2409098608477787,0.2415287357287131,0.2418381455983418,0.242650780293027,0.2434148851398715,0.243440296661601,0.244079038217518,0.2438941251387532,0.2440758488486997,0.2435876781360399,0.2440731464779904,0.2437375518046133,0.2433952095968048,0.2435135705665456,0.2435106550080769,0.24410371305566,0.2435065088609996,0.2441109897393312,0.2432685784860551,0.2437344318526646,0.2434702536999177,0.2446428890362156,0.2443143252152907,0.2437389118325335,0.2431429718539714,0.2430310543246188,0.243469906393339,0.2438340304130404,0.2440585405163639,0.2435997202583647,0.2435924048202019,0.2430133149669044,0.2428103974296074,0.2417887619599803,0.2415973448761418,0.2419056766132953,0.2423761762204899,0.2426070832459642,0.2425511393311806,0.2420915349149193,0.2419707787414772,0.2418869451565015,0.2420390527429418
395134,77,"Stockton, CA",msa,CA,0.2647323203049984,0.2647102086709035,0.265400587468951,0.2666043068712183,0.2672617963773896,0.2672609713211311,0.2662098746961611,0.2667732793873176,0.2675438752879241,0.2695539512261819,0.2707745372244255,0.2712077061921804,0.2718227562433364,0.2735546316743111,0.2749135514154592,0.2747959185932536,0.2749215293366426,0.2768173577263384,0.278466111467799,0.2778590449614093,0.2786219444168582,0.278698489815719,0.2808035648195511,0.2811312240760953,0.2820148795265424,0.2816306885778057,0.2807689479146747,0.282266625380604,0.2831655521681184,0.2842293840916001,0.284416362991518,0.2869522816370444,0.2876807271683303,0.287923404061616,0.2855739374845374,0.2865437582061149,0.2871075397463334,0.2893808001563074,0.2906882551235885,0.2912426575460399,0.2912291741653569,0.2904326137788101,0.2904206913737129,0.2905231971687749,0.2914730475326615,0.291530614622006,0.2928729360547328,0.2922025045728476,0.291887856757148,0.2904159108250532,0.2904575221027294,0.2901398407030059,0.2905847864516657,0.2914383173357234,0.2922798308336294,0.2922931177337,0.2922353629681124,0.2932101203716356,0.2941234797701115,0.2954877117928709,0.2967221821644337,0.2981080406065057,0.2945473993906016,0.2911151682799733,0.2877780248145798,0.2851661820766873,0.2841856973007855,0.2842802477915963,0.2872539772167924,0.2911996658848184,0.2937939675983742,0.2951382777872047,0.2939862422399379,0.2936874101515449,0.2969094885790136,0.3016113359646657,0.3075597838636277,0.3089556708012976,0.3094330487253677,0.308684616933676,0.3104838009116134,0.3108462234547178,0.3103931557711336,0.309414594002788,0.308948809140405,0.3104191267017654,0.3095329563773676,0.3102187167997692,0.3077933177402796,0.3066744354511669,0.3038977287901672,0.3031835385186589,0.3024222409043815,0.3024449741685212,0.3029187715164613,0.3018940020618773,0.3007835578081452,0.2980882586045353,0.297401166466296,0.2952902208724581,0.2951314947901615,0.2949669164994998,0.2959327284076002,0.2955720561899732,0.295657722409237,0.2952772481943549,0.2949408077854579,0.2935511124486466,0.2933115851284504,0.2934802421797245,0.2937595809526617,0.2929337600825188,0.2922996721093884,0.2910882462294581,0.2907937691642098,0.2908860953162513,0.2908381238578431,0.2903482474117174,0.2893161371113004,0.2883751460615104,0.2888090322413307,0.289928841517689,0.2889076019148313,0.288890677534576,0.2884360758718157,0.2887245157535484,0.2882074553313523,0.2876821601641727,0.287366765269296,0.2875156970311835,0.2879257484130907,0.2888066326832026,0.288289712931439,0.2873062809859771
394440,78,"Cape Coral, FL",msa,FL,0.2308616963292231,0.2330995098753532,0.2339409928290959,0.2366605918998829,0.238198824513091,0.240684834326638,0.2421976308889929,0.2429813513102195,0.244539863009944,0.2448495528493244,0.2475570631539551,0.2477517832247481,0.2494564332975031,0.2480639457888389,0.2487049669217583,0.249249489173286,0.2503461065489413,0.2509513915875028,0.2516694147696626,0.2528346846791673,0.2534739891395356,0.2538160377286236,0.2538684607347327,0.254277584337386,0.2548191559932716,0.2559094170601957,0.2566421621363722,0.2565972990392071,0.256224298579314,0.2553614665852581,0.2549325376733319,0.2543159116720875,0.2541292365496868,0.2541290435517087,0.2544002024055532,0.2546008800783494,0.2549730795618037,0.2559018405898687,0.2559158152161169,0.2548447966424844,0.2539560828860182,0.253005230067795,0.2529322404770973,0.2536158734873166,0.2529661528966878,0.2525735355343577,0.2497936161291876,0.2489603031478345,0.2476089271535387,0.24671061032122,0.2457102236941912,0.2457155236836724,0.2456449014874414,0.2459204318523948,0.2453276601945065,0.2441842376880134,0.244214437064211,0.2440838651830278,0.2455099229515113,0.2454006683229044,0.245458458920181,0.2447032389793742,0.245080067250428,0.2418019701209315,0.2397790071964133,0.239551531417227,0.2413010312590426,0.242511440527558,0.2449877725179562,0.2478301399978376,0.2489938265121516,0.2486023182209271,0.2474002629963719,0.2481800992473391,0.2520125363555419,0.2564297206073128,0.2608279179788482,0.264745431518435,0.2697648800913458,0.2777392864421143,0.287739682536956,0.2958538268490959,0.3041598006633546,0.3096863406807905,0.3155674979590223,0.3179519144024859,0.3188168360995412,0.3234929036641232,0.3290259131119245,0.3315868087058368,0.3311090211809221,0.3273126377133856,0.3257272346590559,0.3269577880545138,0.3293979093051966,0.330007370472881,0.3274418794005796,0.3258489958642981,0.3261147592601923,0.3234182913117325,0.3192412428039596,0.3146397390586547,0.3106958811949078,0.3082205078926956,0.3049590506499275,0.3024868762057032,0.2985769313736093,0.2958404082871178,0.2938059374653992,0.2921465367423956,0.2887174009419326,0.285288522764665,0.2825772673679531,0.2810450314506501,0.2789244023001681,0.2779657904910787,0.276830010089295,0.2755310825517585,0.2734131806152624,0.2705309911363338,0.2687768409865536,0.2666390212383615,0.2652375289558444,0.2640777298708156,0.2627678587154529,0.2613827313865492,0.260482622440588,0.2584528363984575,0.2565949678569973,0.2540936174981625,0.2524367461393182,0.2510135669361167,0.249280118155388,0.2475591886619529
394399,79,"Boise City, ID",msa,ID,0.1966515130630424,0.1962673600411531,0.1961481568232744,0.1953881706183335,0.1964926749218656,0.1963502507710419,0.1972406454172128,0.1972761283013964,0.1987063429455703,0.1994226140731818,0.2005614275491046,0.2016758956460262,0.202758050021739,0.2042366292443667,0.2046012289935399,0.2058097698281821,0.205734712140804,0.2067340668689528,0.2069828864507644,0.207853301086513,0.2078135475559684,0.2086625900742917,0.2082203272042467,0.2084852937068203,0.207887971770363,0.2080612670785498,0.2089478646967602,0.2098116064730631,0.2105858072334802,0.2098375237365014,0.2097110604412376,0.209879776222146,0.2104855999566515,0.2105697004247893,0.2109621562008748,0.2106030142906867,0.2111459487598942,0.2117603974333778,0.2115826848794852,0.2115516862799737,0.2112656792775315,0.2127994942882393,0.2136558274286357,0.214295976706301,0.2150012700537926,0.2151689034236036,0.2161580796532508,0.2161978595922509,0.2162280165245469,0.2159764644144351,0.2159697480885257,0.2156167242256738,0.2157568102564453,0.2152790392260806,0.2151930951738619,0.2151601248420509,0.2159677275980598,0.217411610680376,0.2182209259452765,0.2193456627861981,0.2200696814094429,0.2205708879791138,0.2185896362870269,0.2147377803110906,0.2117797929484501,0.2106084948949144,0.2121486878111011,0.2143391046622638,0.217862323676063,0.2220834669699996,0.2257650476408828,0.2284757316530519,0.2288533267834752,0.2301552257365963,0.2331996753381314,0.2382327346649207,0.2435256996339568,0.2468570240605372,0.2484834663205575,0.249421025374425,0.2516090717920572,0.2537223905648668,0.2561424370003447,0.2543963991634539,0.2533895862827076,0.2519804830832066,0.2512177717456007,0.2510414975124326,0.2503136036057832,0.250335018981114,0.2494565269512064,0.2486453758503373,0.2474334065944243,0.2449318380644579,0.2430736146714102,0.2410471272265923,0.2402553670364526,0.2389842264764206,0.2392086031576346,0.2382020809491846,0.2363338946301528,0.2341685719196299,0.2325750482860193,0.2316070900833787,0.2311782768352361,0.2314948353937341,0.2306806951522107,0.2308149069999181,0.2301142798897252,0.2305551761763968,0.229465181589272,0.2282526749041849,0.2271170937804047,0.2261713564399609,0.2255234484526974,0.2249692185511267,0.22500304953796,0.2248393593118917,0.2246443549778568,0.2241200715577408,0.2242230921676968,0.2232078041601006,0.2225609584194449,0.2222991313233768,0.2225386288096781,0.2231422419116822,0.2235662182755326,0.2236642844317976,0.2233707982018555,0.2231569578608005,0.2233528253011766,0.2233360037195347,0.2232402733371069,0.2236190892409957
394484,80,"Colorado Springs, CO",msa,CO,0.1918353228626624,0.1926519330903992,0.1924818651765522,0.1925887288395194,0.1929078012388648,0.1934640108589423,0.1944310831115231,0.1948787523917269,0.1948031791751157,0.1946919003212096,0.1951178109767325,0.1954247384679209,0.1955990291321927,0.1954908187892289,0.1957421237557329,0.1969579763072139,0.1975743998971771,0.1991132848799585,0.1991839574679133,0.2002993576447154,0.2009325700994449,0.2023169924458112,0.2027406440112944,0.2027319133956528,0.2025632375984638,0.2034945416238997,0.2046476322719691,0.205476102288896,0.2056281488694865,0.2058777700051267,0.2063145375417961,0.2069738553920956,0.2076039589241033,0.2075118325554483,0.2075392066941923,0.2077773765777567,0.2089007628666736,0.2089553876806454,0.2087833324322913,0.2085424383456673,0.2089144901206174,0.2085626869811,0.2088727816763782,0.208781267958479,0.2091647124483004,0.208980413797196,0.2100538633519101,0.2103021243810373,0.2109306885219032,0.2112292020697433,0.211762341322012,0.2122895089074732,0.2127596496987584,0.2133703201600734,0.2136409684698498,0.2139603952932897,0.2145279367741397,0.2157812260272585,0.216043447290918,0.2161933209052265,0.2154891227049262,0.2152819564956415,0.215138159735593,0.213034861920289,0.210842540543033,0.2101759901720537,0.2103579607557694,0.211603193645358,0.2141571353764307,0.2171986227059696,0.2199910814072644,0.2200077801743562,0.2193246753371338,0.2193547168204778,0.2211914919045797,0.2240999411925332,0.2267942209052409,0.2282771824738622,0.2296145966969631,0.2309680169512293,0.2332665143111466,0.2348180944132955,0.2366388108035222,0.2362558570303884,0.2355512426905368,0.2341425978083461,0.2337536205864679,0.2339100428961422,0.2342270738174141,0.2336731548077517,0.2323734344562347,0.2305639084303074,0.2298440834315844,0.2296376226366085,0.2291335953760347,0.2290105030451494,0.2286636046201423,0.2290973361979316,0.2299600201839401,0.2301921686956835,0.2299621910696824,0.2283555027408519,0.2271302983149533,0.2260667237036992,0.2263571497056515,0.2266395164025926,0.2268028860505579,0.2262193176521446,0.2258393485636405,0.2254496106069262,0.2250705951882944,0.2241249656531349,0.2237273435815432,0.2234596679449464,0.2238811022621436,0.223448948863476,0.223266128992063,0.2229985281896866,0.2226802633683202,0.2222019035467621,0.2210377623205679,0.2198956989003355,0.2188409349322101,0.2182925415291845,0.2174672644621936,0.2171859428161366,0.2163141586733326,0.216063398448505,0.2150842456242024,0.2141038732472643,0.2132118480762461,0.2125927589394278,0.2124913941238864,0.2122672634238676
394798,81,"Little Rock, AR",msa,AR,0.1910500815434408,0.192014249975136,0.1923461355246579,0.1925154461497056,0.1931044747056199,0.1934566163017627,0.1937481044238206,0.1933940593279218,0.192684573644374,0.1925287019042409,0.1922150260434202,0.1915991289431168,0.1904183473312297,0.190143367937472,0.1892605457283563,0.1894501448037388,0.1884026771755786,0.1881469685947983,0.1876057200243553,0.1878913131952492,0.188428838117607,0.1889956541396215,0.1892900767109608,0.1899757827818803,0.1899046088843458,0.1895197387106094,0.1889016660424985,0.1888369891782992,0.1885790525313086,0.1888337836278371,0.1887228823092642,0.1892730577820088,0.1888338353031022,0.1882707437865652,0.1884742821088304,0.1875334480296559,0.1877340664917622,0.1869322817118903,0.187165746863508,0.1870021861943111,0.1864616646935872,0.1856442075934385,0.1849458558105796,0.1847815829072411,0.1849592098374651,0.1846988343311961,0.1839652437243227,0.183559245330133,0.1834747256706695,0.183643427248092,0.1835893949072223,0.1833362997174606,0.1837401931873359,0.1843835086817275,0.1852326720711708,0.1851764060506616,0.1849810016696593,0.18510454657613,0.1853798842244105,0.1863511744886913,0.1867819768157342,0.1871450504641364,0.185411752418896,0.1834326572305372,0.1814007858376065,0.1824413576911459,0.184024716451435,0.185992697830448,0.1886179415575977,0.1909311985281607,0.1930797959142362,0.1933465194111964,0.1931259127910441,0.1935469100380999,0.1956280279927066,0.1983832851378401,0.2000204837871522,0.1993670904931063,0.1980497669160616,0.1987962051313658,0.2017386263714843,0.204789966365573,0.2066247010860582,0.2066272113966947,0.2072997680654326,0.2073821477202958,0.2068134503131325,0.2059026703819494,0.2059662422807584,0.2062116994791505,0.2070072292593392,0.2060953712025454,0.2060515264738807,0.2052630803665112,0.2055807531295528,0.2046397648647383,0.2033100008562713,0.2024819462006047,0.2027394684538414,0.2033417828670268,0.2034024674893359,0.2034298263087016,0.2032978508119459,0.2027620774934182,0.2030693387957888,0.2036294190138493,0.2046663852063093,0.2048455270949701,0.2050503039403237,0.2047680462595006,0.2044071462219596,0.2035977548361115,0.2038746225561483,0.2037114193084522,0.203187426957613,0.2025354401407882,0.2019189967276513,0.2013398261703325,0.200256908159227,0.1995723316112168,0.1993973017419077,0.1996290594075395,0.1993758554281857,0.1992923871048509,0.1984889127696583,0.1979903282143698,0.1977239748137131,0.1980180720936742,0.1980979964271817,0.1982129609208194,0.1982464678372663,0.1982694478774278,0.1982730014210204,0.1981414444894084
394766,82,"Lakeland, FL",msa,FL,0.2677994346039299,0.2676216343345071,0.2696920468981059,0.2717360014530027,0.2735297330421327,0.2736886198472406,0.2739015139380882,0.273590497499023,0.2732560462788052,0.2735107310864354,0.2739556956347551,0.273114084564298,0.2739450790301156,0.2736180664517177,0.2738770499096127,0.2732455330531803,0.2730242866298453,0.2737047560098533,0.2737163702056702,0.2747913066663799,0.2763326395950165,0.2761323940772019,0.2756130558068643,0.2748512446388442,0.2750973785542641,0.2756220604395151,0.2754192194803868,0.2747488053622038,0.2750522473822561,0.2751342068963057,0.2747731767645007,0.2737159938381686,0.2737801529058264,0.2748679439208521,0.2762439161939041,0.2770359491416739,0.2771287683112106,0.2777217942489758,0.2790104014823453,0.2808047715793639,0.2822267228052899,0.2827901417552748,0.2837543747346814,0.2838463879603602,0.2842452680652393,0.2843302105089142,0.2850978500424468,0.2857941144581151,0.2857385846674837,0.2856321806021292,0.2854358597493348,0.2852515081820472,0.2848958166051014,0.2855086904897664,0.2862292094961759,0.2878435083157742,0.2892667320950519,0.2908571555839187,0.2917912726127882,0.2928898364709714,0.2946132102855857,0.2958446349117823,0.2949273656054135,0.2956827317077082,0.2933686904026973,0.2919209151320071,0.2894043420017639,0.2908623534670173,0.2956393613612986,0.2987320334519222,0.3017942872615588,0.3004112355469065,0.299505404032999,0.2975551884952244,0.2999952723860989,0.3024678572415429,0.307153741540676,0.3103664911837896,0.3140411247504774,0.3174218180888047,0.3237876151342552,0.3306447418774697,0.3361567551735712,0.3374993086525346,0.3377571943160659,0.3382563693676501,0.3386130904968227,0.3381353252493846,0.3385861778672022,0.3389502379301844,0.3394034002913867,0.3375930606715178,0.3363254264474344,0.3362020353063559,0.3367050107821905,0.3371799341819849,0.3368146859913418,0.337097308755344,0.3375315911961375,0.3370936169288461,0.3361107869704836,0.3361816618657501,0.3355869493002026,0.3354603233578859,0.3336126096523147,0.3324505830748248,0.3310528578707495,0.3306772137859746,0.3302106198559824,0.3304513415073888,0.329753293744383,0.3293904456522445,0.3280133883242103,0.3262082219892481,0.3247335940299315,0.3241965923464673,0.3237784226975352,0.3230043027766366,0.3226052150147224,0.3228051508127117,0.3230822361202881,0.3225269269257438,0.3213840063688428,0.3203144638500297,0.3199312851696856,0.3197563228680465,0.319546993989407,0.3187633099923481,0.318751407936805,0.3184001617692389,0.3176526037710753,0.3158348558744093,0.3138857003556264,0.3120355310753965
394304,83,"Akron, OH",msa,OH,0.1663816035261115,0.1673648708322717,0.1676917695875137,0.1680470301444041,0.1684584696446316,0.1687950216092715,0.1692384631393827,0.1690384159509094,0.1682461070028529,0.1678419547502327,0.1670140779386012,0.1678039516985756,0.1683919334418173,0.1677206430029309,0.1662437216874208,0.1651254445969259,0.1651033821693533,0.1659917293578588,0.1659766178942946,0.1660152430646336,0.1658009311225975,0.16570274674563,0.1654288280941367,0.1640534843706445,0.1630635200197321,0.1630819037792537,0.1634397134765845,0.1637046714282556,0.1632624908774842,0.1625838185256285,0.1622747789114384,0.1615815298644502,0.1615061881987671,0.1611688811851117,0.1610608545354866,0.1613295142396332,0.1616227940658335,0.1614936812718301,0.1611971697787617,0.1611983514876582,0.160858341775501,0.1608154055885393,0.1602074604159402,0.1600960587665814,0.1600239879018767,0.15998045196794,0.1604031814809592,0.1603770301805084,0.1602802392117981,0.1604898995666403,0.1606071938556491,0.1604472352856716,0.1607377833412165,0.16116169483224,0.1620657739436397,0.162815559921923,0.1636057492161568,0.1645089592172934,0.1650080163791613,0.1659636008407031,0.1669156082099587,0.1673800574823914,0.1670587021351601,0.166153275834123,0.1659993340408732,0.165734112981559,0.1659914616640515,0.1658567358589546,0.1666132269483005,0.1677132278438152,0.1687263174935266,0.168958266193672,0.1688792668805588,0.1692791493077039,0.1694874145453077,0.1706226972227336,0.1725249553050401,0.1734224828848965,0.1736386993611267,0.1743313969447227,0.1766757959030803,0.1790999517363993,0.1815142600201115,0.1815430013332493,0.1812225975148782,0.1816156908950162,0.1826001948062555,0.1837854205556329,0.1828005725632965,0.1837842589491815,0.1838373116278525,0.1845176316321887,0.1854252415307884,0.1869181651903225,0.188129861496564,0.1891001518966749,0.1888001836164056,0.1881584134193884,0.1877795731903077,0.1891006864579599,0.1903897670393309,0.1904737498415463,0.1903267987623432,0.1900511567024926,0.1902350395298473,0.1903790826079912,0.1913895721996525,0.1922205258079247,0.1935125527847105,0.1939065020160341,0.194035723233307,0.1935633437326532,0.1940813600843609,0.1947762688838364,0.1956838941795044,0.1960099011053643,0.1956707065752812,0.1966156911894021,0.1972004857088831,0.1970118527138392,0.1972500896158834,0.1974944363131309,0.197970093707707,0.1978976523844501,0.1975156039633506,0.1974134349043008,0.1974649522181965,0.1978570930662032,0.1986694459748855,0.1984123667950866,0.1980129691271265,0.1982204958434688,0.198060237950393,0.1983371106568868
394531,84,"Des Moines, IA",msa,IA,0.1763735214752625,0.1759295910708946,0.1758903175239354,0.1760269476818186,0.1773768118831092,0.1775901681012269,0.1777661857142427,0.176555970743021,0.1758815970407138,0.1753003652588646,0.1753625676180996,0.1756166475942347,0.1757151302428558,0.1757522037192779,0.1747156636163814,0.1744494684026433,0.1739664004429657,0.1732380858511832,0.1730703229829498,0.1729234770358689,0.1739854897383061,0.1746378420404326,0.1747505063534793,0.1731167358770887,0.1719005103878038,0.1713972444404323,0.1721162088723788,0.1721965727126306,0.1713195462073205,0.1710453263576027,0.1708650848851709,0.1711932033665798,0.1716251351479399,0.1713611475572497,0.1712331663998848,0.1707082476655357,0.1702917318596451,0.1707098661208312,0.1708006075138597,0.1707755111265597,0.1698235540708073,0.1707276783285084,0.1703546334142682,0.1705255725164101,0.1684805298620245,0.1683716810462964,0.1678097073266405,0.1690487657382929,0.1693990521083435,0.1692228261986507,0.1689585366153285,0.1689456103012162,0.1701540311259684,0.1701566952230206,0.1710575967120608,0.1713221077107935,0.1727471304590189,0.1730964499092866,0.1738788181968448,0.1740619778057759,0.1748735217819857,0.1753268620262233,0.1731747872850239,0.1708651857223055,0.1687596728310041,0.1688133971303959,0.1693472931684226,0.1702662134333001,0.1704982599933765,0.1716052070912706,0.1719778371582064,0.1712050621378016,0.1701177917231459,0.169591399572753,0.1696216387850861,0.1693713206300695,0.1690484093594118,0.1681046784945886,0.1671212117878894,0.1668637499769475,0.1698443970639683,0.1728741313541086,0.175332511590617,0.1754181577150022,0.175168349870374,0.1750237494642384,0.1746941599580053,0.1747343209123532,0.1748860165320073,0.1744035445294512,0.1739095380418344,0.1728507150170533,0.1722866700608179,0.1714504978496047,0.1711978564214777,0.1713074593131509,0.1712333602768035,0.1710010274787338,0.1714325347144367,0.1719645592497446,0.1722589255830638,0.1724447490004939,0.1724952522563924,0.17282490055758,0.1725495172875933,0.1728184420023785,0.172884888584348,0.173077697340509,0.1730438098814073,0.1732682010659555,0.1727532307190368,0.1726738167518758,0.1722670202847459,0.1721483229219901,0.1715689699432156,0.1709813434965784,0.1709736934926574,0.1710691563338847,0.171002550975493,0.1703417656495943,0.1700145804056401,0.1695927372543748,0.1693690885427477,0.168685131335444,0.1683227730178258,0.1678902569960237,0.1678501414213955,0.167824373562036,0.1678814934866348,0.1677310169482172,0.1676634848598379,0.1677778507479242,0.1677118806811351,0.1676665198321745
395115,85,"Springfield, MA",msa,MA,,0.2427657662014131,0.2402103783623969,0.2386247923740376,0.2356495321530193,0.2403820718031122,0.2394744418416342,0.2397252354920258,0.2394442691336868,0.2408539148306962,0.2422757411029481,0.2420438760650318,0.2424563085824292,0.2416668331407888,0.2444888215178345,0.2450355540935986,0.2457753578480588,0.2439087282291106,0.246886173663146,0.2475490075817437,0.2492656866638007,0.2502677528747575,0.250965671175314,0.2504024887281494,0.2477794190940516,0.2480070375945849,0.2494823124012402,0.2526188895156572,0.2547226378718443,0.2547454272076992,0.2534196343140202,0.2540943877574305,0.2532526996177754,0.2534937435305326,0.252708529795518,0.2527277732036009,0.2527248454643528,0.2518362656048772,0.2504738076259863,0.2492783724181778,0.2490903380584037,0.2499532993399846,0.2517381233911521,0.2524388839834863,0.253894312635917,0.2534181006639356,0.2522140649394271,0.251261283110669,0.251158445393385,0.2502081547339126,0.2499516190009232,0.2492933189822791,0.2484131180074966,0.2478937934799139,0.2465603468018397,0.2457381633224268,0.2456947384092086,0.2468177643310535,0.2489646500210024,0.2504535958162664,0.2516495726904239,0.2531259551753038,0.2504142210579803,0.2468804464794778,0.2444591806919921,0.2443298500295518,0.2461583726471491,0.2469124259201128,0.2485683549571948,0.2517946100741381,0.2517901176767644,0.253221363078722,0.2525626217159341,0.2556834393762078,0.2594374775569277,0.262089788093511,0.2629325752679115,0.2611449071846858,0.2614697993756961,0.2626708219511913,0.2664653916373765,0.2674072523796377,0.2699109046357223,0.271125292036474,0.2735816229214458,0.2764038043687311,0.2768172213956325,0.2800419256962046,0.2806462789149689,0.2845245662326221,0.2846913048372294,0.2857782309028722,0.2841990659007423,0.2871796443598519,0.2887874491677007,0.2915258653192495,0.2917969442332607,0.2898159397100341,0.2876618192263942,0.2866722453310735,0.2886990043787986,0.2902634126069107,0.2908961444949392,0.2924615429170135,0.2937992961487951,0.2924972601554522,0.293657568145704,0.2930506883001884,0.2939514065376098,0.2933334005404493,0.2938383905187556,0.2938637785123066,0.2939229696400422,0.2932640976997147,0.2927661778236146,0.2913461410130711,0.2929722157871454,0.2940926739671317,0.29385977598059,0.2928349437727803,0.2927020487567074,0.2947501530635776,0.2957701290549747,0.2958565952959543,0.2951655681588807,0.2955364320620905,0.2970300428238017,0.2984708895370495,0.2978816462079277,0.2980742510182718,0.2983725275704539,0.3000777611226335,0.3008797350199541,0.3011582154423592
394931,87,"Ogden, UT",msa,UT,0.1552363721027309,0.1546268657472096,0.1543714816835995,0.1538511805033828,0.1540377570833273,0.1533485676646208,0.1536761238331837,0.1532341515727831,0.1539277876143316,0.154704319605806,0.1547036953046908,0.1545165838494181,0.1543580197177083,0.1553302334426743,0.1558700061058509,0.1559192280775113,0.1569386198349202,0.1581812912170049,0.1593215124797312,0.1592167061021254,0.1591587219928495,0.159014937354968,0.1597294860708472,0.159627124549061,0.1606720303814365,0.1606675133773379,0.1604857474536671,0.1597446040667751,0.1582106503160191,0.1588895136663086,0.1593998510627149,0.1604519334877029,0.1608965086596422,0.1604642095084005,0.1605548482551877,0.161011883030524,0.1613770689592424,0.1627057822990515,0.162535257308955,0.1639379909849001,0.1637092755148977,0.1641821214352457,0.1632749220068938,0.1635928816256821,0.1643883769466921,0.1653694170354037,0.1660874899121374,0.1658922188168388,0.1657202578747793,0.1643291877071119,0.1649500150964437,0.1647539585297761,0.1659864842167556,0.1657044472784729,0.1665684608309867,0.1666635179628688,0.1675959832038769,0.1689866223379496,0.1700983696627023,0.1713350007710147,0.1722850561402253,0.1737401372285426,0.1718817055856303,0.1698754478297918,0.1680958800600799,0.1687108489721554,0.1700888031942237,0.1715233833215143,0.1721584754295509,0.1739116458842303,0.1759575595132349,0.175069088790978,0.1749762626662402,0.1743426127897702,0.1768435973180722,0.1789728924310668,0.1815224172434125,0.1828812440936391,0.1841301737389478,0.185411162329562,0.1896767024848922,0.1919326902872811,0.1934823294581781,0.1949497969748923,0.1956702868236368,0.1968782728454779,0.1949220751249377,0.1944313468600117,0.193890013662752,0.1948671035742188,0.1945719070843979,0.1940427153336443,0.1931867364353713,0.1941968623225581,0.194807792813755,0.1941781841944596,0.1935933033908421,0.1942099158111367,0.1962865852710519,0.197198534198921,0.196764476281732,0.1959082919572443,0.19548662414512,0.1955034424769524,0.1950432391445013,0.1948071547943738,0.1944293471483977,0.1949820371567329,0.1944362885051506,0.1935487325451348,0.1922462729093625,0.191795791707013,0.1920941958572978,0.1921951150304399,0.1924799699220558,0.1923615982179162,0.1928878183181637,0.1930900729530133,0.1941718971574274,0.1939885908901803,0.1941198706696363,0.193185099625396,0.1929803440120728,0.1923389674593777,0.1918001021985679,0.1917382641482475,0.1916350177999182,0.1916850566049326,0.1916693967384271,0.1915355731369243,0.1908993107961907,0.1909193732439102,0.1909370764827064,0.1916858812209974
394816,88,"Madison, WI",msa,WI,0.1965831259752169,0.1978457668129987,0.1983348358118474,0.1989913459812587,0.1986038379737192,0.1976863911408065,0.1963779148137242,0.196622741837327,0.1958493402410501,0.1950302097875494,0.1945473529224081,0.1941930599609952,0.1939447888836874,0.1931609361300631,0.1925241924024895,0.1918537987624336,0.1907715702922262,0.1899870870463267,0.1897263823491503,0.1898452999865466,0.1895351889248073,0.1896197144740964,0.1903373500292212,0.1910902326386286,0.1912688818715468,0.1906886400997202,0.1914086282006354,0.191419843775997,0.1922811037251175,0.1918743576428792,0.1918117106797586,0.1911040032405023,0.191579114313102,0.1923722954588422,0.1916339468189396,0.1906709366641007,0.1891685458937338,0.1893315251076672,0.1892627107172246,0.1895762497322086,0.1895578512394738,0.1897988130888455,0.1898023603192625,0.1898084115687628,0.1897177959618,0.1899161730568331,0.1912483677397319,0.1910346074345408,0.1913426687605425,0.1911664167687763,0.1910473059062515,0.1910339599223143,0.1910246542972976,0.1914338350250368,0.1918187054034525,0.1924906360772409,0.1933515166903952,0.1938727294233093,0.1941174863750296,0.1955538677506214,0.1969835183492919,0.1979252394254695,0.196134315931039,0.1938278046195569,0.1916852106203268,0.1913476667505619,0.191587984170192,0.192361974282066,0.1925522575685611,0.1931685084908684,0.1939725458055036,0.1935607354514529,0.192711924690363,0.1917179828931038,0.1933765955969784,0.1949657565549459,0.1959516489832544,0.1952228682174528,0.1952343985711609,0.1958177549378084,0.1987591202112117,0.2012603300341006,0.2027391553718859,0.2027026022999739,0.2021391004626522,0.2019944290821088,0.2010596247747339,0.2011512092690375,0.2022180019629961,0.2035936587085187,0.2043791277052087,0.2046845195659327,0.2051471542901849,0.2049870979266271,0.2055327789769771,0.2060577741450653,0.2079003828802029,0.2094580252078124,0.2109821449405575,0.2117978879460324,0.2126542720054747,0.2134050458780577,0.2139325132643131,0.2142581597398656,0.2133769986613989,0.2127299522469771,0.2122755535878007,0.2123537707711264,0.2123174870336365,0.211985582044603,0.2121914142619506,0.2118448279479361,0.2112673207690847,0.2108213726729014,0.2103390372004354,0.2101311435012298,0.2098955661758889,0.210761973414485,0.2114190964324402,0.2125099851659965,0.2118558241007282,0.2115021460639358,0.2109333918891003,0.2107909028312463,0.2106102233395451,0.2104791207595012,0.2105509167423792,0.2105346167463929,0.2111696062641594,0.2109544882590924,0.210602647617712,0.2095295781802711,0.2095908945384618,0.2095722928434518
395235,89,"Winston, NC",msa,NC,0.2121248840991762,0.2095008192549877,0.2089308811293701,0.2090276458393157,0.2089457521227544,0.2089769425082374,0.2086071887267658,0.2089175078745945,0.2097070449618231,0.2104422406406292,0.2106465963660182,0.2082551361616353,0.2079944545504688,0.2066771966637403,0.207131246056709,0.2069050901616303,0.2066919199585391,0.2072940127879322,0.2075442661100256,0.2077236958419952,0.2077881156641744,0.2077546755040735,0.2086842925794127,0.2091013985045735,0.2094151818320116,0.2090999391851979,0.2101908312022723,0.210105917756371,0.2107781353439123,0.2106710681185338,0.2111756640524164,0.2113491600841918,0.2113287163886523,0.2116454275476473,0.2120925117438811,0.2126224011349599,0.2130462712207364,0.2133734935591961,0.2134953789580908,0.2145469763184464,0.2139646787393656,0.2140978961222617,0.2132506572519109,0.2146457243299805,0.2150971354701936,0.2146253537580714,0.2144739366758283,0.2150703968862828,0.2154421318317222,0.2144988004820535,0.2139768028700251,0.2133776187044319,0.2137194262919553,0.214108969641301,0.2151068204563555,0.2145927667550633,0.2151035790050978,0.2162112622512622,0.2168688282281643,0.216960751498999,0.21721568864509,0.2183699542675527,0.2182812439451792,0.2148963729775223,0.2118764916249357,0.211111005249958,0.2131896309379891,0.2152699032591656,0.2176832619953891,0.2199068150271832,0.221591424281338,0.2214832292321649,0.2216953632200169,0.2209086161469932,0.2223858804987305,0.2254535626891854,0.2288811249944194,0.2308232116854917,0.2303530814460518,0.2316760385690573,0.234917734492529,0.2398076301309085,0.2442115655392407,0.2452670016705656,0.2443862898494861,0.2449953888022519,0.2448536264118334,0.2460081517803181,0.2453565135622447,0.2463451931563962,0.2466836518403957,0.2470588091507637,0.2487771562503435,0.2496326345905077,0.2497101450037512,0.2482655337870443,0.248209240930555,0.2475399471015941,0.2494518962955979,0.2494678916920848,0.250570629924874,0.2489240851856992,0.2498625154385042,0.249779058560244,0.2505053731766197,0.2492786124389812,0.2493717566055943,0.2503429676913924,0.2516935836299429,0.2523399242818531,0.2516494618352942,0.2509698840116072,0.250468357417944,0.2515801908123082,0.2519977073861819,0.2523969517879912,0.2530439313639035,0.2553460121074297,0.2577507330525425,0.2582382633168613,0.256773640566272,0.2564376928572422,0.2564013111946724,0.2568552381932911,0.2570270162895735,0.2572835272089054,0.2570724790918514,0.2573712792872866,0.2574542247338151,0.2574038892324948,0.2567368954560381,0.2570641926208753,0.258034208130212,0.2585864346176661
394528,90,"Deltona, FL",msa,FL,0.2594164725698497,0.2595809216382679,0.2594725844122645,0.2598424750757391,0.2610297190836941,0.2622871456558374,0.2631965304361218,0.2629330814699115,0.2645855941698452,0.2656987552063825,0.2661008490066121,0.2651322409252034,0.2649279593351307,0.2659973511771534,0.2674088693977235,0.2686181890552397,0.2692309594914521,0.2691214732091418,0.2693258536821,0.2696949917287339,0.2697535468537079,0.2697013884897908,0.270341028432762,0.2702894261572416,0.2712098610342205,0.2707206565173808,0.2684442302560207,0.2674008226861153,0.2672988710030347,0.2695020004937548,0.2694173963933687,0.2692760880788696,0.2682403439588492,0.2680516938172053,0.2676453803292195,0.2688114060711958,0.2688317464265394,0.2689969135307929,0.2703459151868921,0.2716724981767016,0.2721311460419268,0.2716261154821255,0.2710044630846203,0.2712174584509791,0.2712648360224357,0.2713521378400598,0.2716907605669024,0.271054596231248,0.2702353288353433,0.269609173202769,0.2693377834584355,0.2684664122845566,0.2679419648055035,0.2673713863751007,0.267928247439683,0.2679149290989274,0.2689778483641508,0.2696926169684047,0.2701276903772368,0.2703953149168798,0.2710126670147377,0.2714303912334352,0.2703420024196003,0.2675829971669669,0.2657992402703117,0.2652581734952914,0.2660104144722126,0.2660791634308867,0.268289245531449,0.2710926550664857,0.2730498981944679,0.2717198557872165,0.2704419816071893,0.2706951576759568,0.2729323060277345,0.2754459258734275,0.2770315551101818,0.2780239505252402,0.2803532601463226,0.284646351800033,0.292016683791187,0.299350145996794,0.305525397604548,0.3079022549570193,0.3088523461593025,0.3100799408964641,0.3109199280888861,0.3122209194504177,0.3147347408422691,0.3169608783810141,0.3171318644165319,0.3149142606139999,0.313455548148617,0.3120651518933833,0.3115245972807142,0.3102632713503602,0.3093161274157422,0.3083009126520058,0.3080617065348368,0.3077855586846995,0.3060439643714868,0.3042913894451778,0.3016154166844446,0.3005179790491238,0.2983339656118098,0.2970688311366276,0.2945897908434974,0.2942907311716682,0.2928008991827275,0.2918697899156277,0.2894538061440642,0.2876188432574054,0.2866294862634842,0.2855551921176548,0.2853834659771477,0.2843568074136607,0.2837745277096143,0.2831000256870902,0.2830200470156352,0.2824784472771715,0.282408378701759,0.281797728813436,0.2817175790555504,0.2809595327458156,0.2800036581996212,0.2794531503553384,0.2789228529715407,0.2786081705536107,0.2784987681943229,0.2780140904357846,0.2773951760617077,0.2761392069576241,0.2750986716594881,0.274191039886704
395143,91,"Syracuse, NY",msa,NY,,,,,,,,,,,,,0.1983326560775929,0.1992434947963905,0.2009142870569686,0.2028244734558478,0.2041190827600282,0.2052009715620853,0.2026405428098536,0.2004742786138745,0.2008108783092727,0.2030788643798501,0.2045692150913942,0.2074297526171193,0.2082858220269534,0.2123271667920231,0.2106580659118029,0.2078656660419546,0.2023661836136357,0.2024488678060428,0.2045424676067769,0.2060184520276607,0.2064750133508558,0.2078742676934407,0.207883226345401,0.2086313400999071,0.2080070218695461,0.2077868970807099,0.2076304611748408,0.2080699004709954,0.2075020443109143,0.2083178132772691,0.2065548436663591,0.2076052044590017,0.2068519749399324,0.2074158918197858,0.208891475763867,0.2076330521950147,0.2066805812191479,0.2042976937890765,0.20486357228757,0.2053977318450424,0.2079506145357411,0.2074977965090536,0.2087522048700012,0.2080653691891893,0.2086929327877118,0.2075104777873357,0.2066024195860144,0.2078916130787237,0.2100628146305782,0.2121843273827958,0.2127669283304967,0.2114971942505364,0.2106267851701859,0.2113596863310635,0.2113685693029183,0.2121334510778444,0.2126627012410899,0.2135027502064098,0.2140132837192598,0.2123653106031157,0.2132279847669343,0.2140834922860302,0.2176341259330627,0.2204276063955364,0.2217192742141516,0.2223102070215462,0.221713880506341,0.2216102609878714,0.2248284497631942,0.2273332476965542,0.2299956720230559,0.2329397155743828,0.2323270059880728,0.2329803576915367,0.2315893120314339,0.2323853433532436,0.2346221975128306,0.2337190257388727,0.2342187653864353,0.2338186617377518,0.2344302835128493,0.2359964865674087,0.2365389677409699,0.2339893189296233,0.232236358675933,0.2308491259165138,0.2324475124433914,0.2332240532793761,0.2336470953478172,0.2334803410847254,0.2328609306728788,0.2328561320765987,0.2320319295233405,0.2321417913828444,0.2323072051082206,0.233748449987354,0.235413073520579,0.2363603380640511,0.2371547510992481,0.2360657589845562,0.2354359359647732,0.2363394148047549,0.2371317786135936,0.2370450294821779,0.2360679132804345,0.2369409947430868,0.2368463656828266,0.2391300161174205,0.2383423159525761,0.2396958805760379,0.2391024490998375,0.2397641816927039,0.2399888624383228,0.2400905005646691,0.2402113385106348,0.2408058767554247,0.2423613486518266,0.2418469842805418,0.2421605248725354,0.2405385249060297,0.2412010292595299,0.24040992576828
395006,92,"Provo, UT",msa,UT,0.1909227783284998,0.1895620519521803,0.190593053087773,0.1875684339004481,0.1867846256744616,0.1856603791421509,0.1868174234285621,0.1865448968874735,0.1872297561443734,0.1890775125172107,0.1913621571983076,0.1919335624216057,0.1907731321432124,0.1895121148990035,0.1879931550981476,0.1885803091456118,0.1892904743101801,0.1898521844639064,0.1894928108857393,0.1901461229582907,0.1900559028222573,0.1907582166273878,0.1897230625445426,0.1897946190990231,0.1891161299156588,0.1900131979294297,0.1907800200665829,0.1899526611933114,0.1907938636328748,0.1905410232139776,0.1912286199252091,0.1911070591348127,0.1922951606247232,0.1915752102176927,0.1904304453434793,0.1898561327567457,0.1909246738025866,0.1913733936847384,0.1912921658126568,0.1920301471801566,0.1915254486653907,0.1911921774680268,0.1910079225207468,0.1909479455225164,0.1908345177634824,0.1903516324265124,0.1912692190536407,0.1911409262270765,0.1909354304559981,0.1899504504792572,0.1897210002197403,0.189298157266778,0.1888849129387901,0.1888118979683472,0.1882626308412383,0.1879386765421933,0.1880332048699186,0.1891861756342619,0.1896441050118695,0.1897593384981311,0.1891811801132883,0.1889314692412486,0.1879141689799517,0.1857689882842874,0.1831234725011572,0.1831007439989497,0.1841428795021495,0.1851329502472377,0.1854093892171784,0.1873298508198731,0.1886716823857469,0.1893471965854542,0.1891500874351757,0.1884278013310679,0.1898271318195079,0.191149486126383,0.1940542884123762,0.1946163185991314,0.1955886514389556,0.196684821968662,0.2005351011933039,0.2045719435738001,0.2069961052993997,0.2067416750943838,0.2053437015502812,0.2058334777804463,0.2057559663486592,0.2063691986139402,0.2058653854654515,0.2062208173662599,0.2051234104966761,0.2046559877126067,0.2051429651830701,0.2036897778652754,0.2031182290556958,0.2018703366811072,0.2020936052759513,0.2016940758189398,0.2011046443148113,0.2001504831715718,0.199586341543652,0.1990751218796559,0.1995355206001526,0.1988035068702623,0.1983669061287477,0.1990096958180661,0.1993020417523088,0.20019081146687,0.2002283577630971,0.2002388205969335,0.1996350259114776,0.1995307627943123,0.1994944526788984,0.1999951032271583,0.199700537303289,0.2004262012615414,0.1998184447236193,0.1995876993771003,0.1995473902700446,0.1995229520957371,0.1993551088781022,0.1987829566491065,0.1987974010145549,0.198398413326393,0.1979871907327648,0.1974570650666064,0.1973846205899518,0.1970084557672867,0.1974871937710847,0.1975893328420399,0.1975817067228223,0.1973745477509413,0.1971756336267209,0.1973863863513232
395160,93,"Toledo, OH",msa,OH,0.1734158850034478,0.1744838237918844,0.1731356407276981,0.1732691860717207,0.1728094812215198,0.173050334355692,0.1719298997713013,0.1713193883796921,0.1711899498538447,0.1719437691965757,0.1726730392683868,0.1724775078928183,0.1714580945944969,0.1705107323718839,0.1708924014324137,0.1717491865692031,0.1725835424025992,0.1722579834352122,0.1728150091793998,0.1730299568453403,0.1740061465995533,0.1743939834299361,0.1748429118566635,0.1745979361773229,0.173929715453597,0.1735489746177946,0.1731504055745574,0.1734738405611401,0.1736200728611194,0.1734543388160262,0.1731998404742651,0.172115008256194,0.1719649152895581,0.1719069131602936,0.1725287935962699,0.1729086331132726,0.1731222405724138,0.1732044926475909,0.1735376278160365,0.1732988157884767,0.1732972766896623,0.1728708282347711,0.1727376514627558,0.1732514419742795,0.173119967179647,0.1733377930530301,0.1729456345391024,0.1726175670441969,0.1727084597003735,0.1726581701909283,0.1726129483079201,0.1725083562942632,0.172400597218471,0.1732598779612043,0.1738725354343233,0.1744677836949081,0.1751620943222861,0.1756756059415673,0.1763527597610097,0.1774271250986117,0.1783945759827078,0.1792089945248497,0.1783772986977593,0.1765253407837482,0.1746449277280184,0.1746929288828409,0.1746049242839677,0.1742262191953524,0.1754094376692294,0.1772078019549864,0.178453989234612,0.1780630460733396,0.1775363132170381,0.1779755887891825,0.1799186046828809,0.1821915047703947,0.1846666777886898,0.1848589576542756,0.1859662719462903,0.1868228275242028,0.1914652933164952,0.1944832231000984,0.1978858991688652,0.197491412471446,0.1970202092154135,0.1966729326862081,0.1969118448121556,0.1971706171194956,0.1978587563093897,0.1996825519286425,0.1998079077331357,0.1995903407112615,0.1970846513819267,0.1963569796835427,0.1959415854800082,0.1960313155361953,0.1960950286727283,0.1960562181186579,0.1969953685063489,0.1968725595343653,0.1958952893205459,0.1939619123404786,0.1942871874755748,0.1944776867462042,0.1954328852593511,0.1949601985885886,0.1946217900952207,0.1948218055159119,0.1958243532527743,0.1961012671120866,0.1962662460654106,0.1960079576790322,0.1959977763996394,0.1967791621825451,0.1968515181110924,0.1971281475149934,0.1971779422506642,0.1976044911546782,0.1978732925273934,0.1979169144416731,0.1979558176020729,0.1977850660161261,0.1970699951037371,0.1970776412490858,0.1972604013665747,0.1974208909429815,0.1973949411623257,0.1973559765641963,0.1977451768562256,0.1982645607862425,0.1987392039923226,0.1989843623482038,0.1988981234498854,0.1993574268532438
395224,94,"Wichita, KS",msa,KS,0.1711706868641375,0.1716574096016615,0.171848926747869,0.1716036622207774,0.1719241193007584,0.1718265135671373,0.1720724255360501,0.1721200444343195,0.1721212837734215,0.1713304115886443,0.1712896430317473,0.1717583558817657,0.1721509792365301,0.1723028801585993,0.1718267306990991,0.1713059391214761,0.1699223940206668,0.1695367623076284,0.1694971388505042,0.1697951457476112,0.1696328581520416,0.1698052261272485,0.1701634024049181,0.1694355177193459,0.1687910350326443,0.1683128873866549,0.1686404791532085,0.1691317920067509,0.1692609332047574,0.1688985675982467,0.168059006297208,0.1674419613229812,0.1671841482226867,0.1668667784570497,0.1660887728880924,0.1663496155193106,0.1666061501337967,0.1664821476503125,0.1656431108051396,0.1646311859785252,0.1644952375789531,0.1640765769194758,0.1638692141423325,0.16351268194659,0.1630872457667133,0.1630389654485602,0.1624476283219915,0.1618504128924077,0.1611484048677604,0.1615599579587433,0.1615826777829699,0.1616572708443413,0.1614614868621672,0.1618428850104254,0.1622801155075035,0.1627110375445589,0.1632892333845384,0.1636298238955308,0.1646015769868087,0.1655277173149296,0.1665891930867931,0.1667628009912263,0.1655981435830287,0.1638751341494078,0.1631511032332632,0.1638360978754462,0.1646771384501824,0.1650947139761507,0.1657523835395568,0.1663741829554955,0.1669837774957985,0.1667640188117105,0.1667990745795518,0.1672063775239964,0.1679900232260505,0.1697133833555615,0.1710011135922965,0.1722721662018571,0.1723250499914426,0.1732838319698527,0.1751645695410879,0.1780154146982525,0.1803605754982728,0.1807261510302564,0.1801105823183736,0.1800219715477567,0.1809218199316976,0.181530894072274,0.1812426590285726,0.1803082198872324,0.1803005554153613,0.180355814929302,0.180438907090796,0.180246311936281,0.1807313501754814,0.180814069599046,0.1814114533497478,0.1813271159860441,0.1819103586286551,0.1821221627463095,0.1827139295556202,0.1825565357490635,0.1825764777540752,0.1820552781359428,0.1824442142199501,0.1823373336578767,0.1819416135365004,0.1828612125950001,0.1831893396635764,0.1838271916214039,0.1831603015301973,0.1831988906551988,0.183060805062774,0.1825778078533352,0.181976576375983,0.1813744939878136,0.1811479480728839,0.1806294035012614,0.180730104296205,0.180117252003251,0.1806823397212244,0.1799209589325649,0.1800412613839714,0.1797605876743761,0.179614768807636,0.1802532949750339,0.1807555291783241,0.1814259247953897,0.1813479303441914,0.1817360611826838,0.181685237928063,0.1817190678731994,0.1813841584600543,0.1820412912439019
394549,95,"Durham, NC",msa,NC,0.2252372683748353,0.2292480894849635,0.2300266975972215,0.2301187085711037,0.2320233039981458,0.2316772661069785,0.2311762123366531,0.2305860989835829,0.2291710553075855,0.2284749920605507,0.229623509108511,0.2293343888923519,0.2282266593147885,0.2270145296808702,0.2264287451596171,0.2266837052140892,0.2247991599318363,0.2250483220581532,0.2245581933205903,0.2250369490501814,0.2259914397208997,0.2274173306734188,0.2286646561181012,0.2286288794587942,0.227325659385543,0.2263610168578187,0.2255780599831739,0.2259133480971335,0.2255511409155495,0.2255486287329383,0.2258104126531142,0.2264685547536651,0.2264855721899319,0.2256922616845645,0.2244305818546016,0.2244772428789105,0.2248081020239162,0.2247021099756177,0.2238937510204234,0.2233534740831542,0.2229825015243259,0.2225911612795731,0.2221310073364783,0.2218055185085536,0.221486251006998,0.2224287717500072,0.2237154935830785,0.2237052693812036,0.2231628862825138,0.2223324049904036,0.2229519432109531,0.2226021052353601,0.2228793194691172,0.2231370209078945,0.2235455375787764,0.223509254525591,0.2240142407145364,0.2238809841923608,0.2236941410911737,0.2241180117527816,0.2250270139043571,0.2259883246563888,0.2251689863714773,0.2213747198241317,0.2185223652727959,0.2152833591923488,0.2150928114460775,0.2143992476367131,0.2154450431620384,0.2172406587845241,0.2187823529289872,0.2189191306123816,0.2170609066647853,0.2154253601199818,0.214214664792051,0.21665671848899,0.2189825602495067,0.2221145640374735,0.2230269629391862,0.2252147886068118,0.2302434401171985,0.2342296899455222,0.2367266922933179,0.2359538496308205,0.2355351822383003,0.2359501044942553,0.2364971064158622,0.2369901296046307,0.2378943283461995,0.2386037244053721,0.2397539187987887,0.2396034448131129,0.2395808948547688,0.2391276060608626,0.2398821320840153,0.2396905302563913,0.23969834441904,0.2392579318257268,0.239717883741505,0.2395227677825467,0.239041192277618,0.2379543317019179,0.2367834103479568,0.2359413910960218,0.2348617330388084,0.2361182016622828,0.2358518327745246,0.23678855252175,0.2358538424218774,0.2364262934283496,0.2353406583979878,0.2349769715336553,0.2338344286137694,0.2333165809659476,0.2329054263821134,0.2329621323698802,0.2329743259705258,0.2319733353629405,0.2323338266848108,0.2317529726708433,0.2318209375898255,0.2307212452820695,0.2303610996573172,0.2295815076485278,0.2294243162764647,0.2292594354926379,0.2290352812585047,0.2285468628556744,0.2286437025232785,0.2285905162434009,0.2279540364902427,0.2273378206074815,0.2267654602129519,0.2264536758583319
394352,96,"Augusta, GA",msa,GA,0.2057653079040887,0.2053669212348735,0.2062267403770306,0.2065186945769925,0.2079843776058224,0.2075828144718317,0.2077876791196459,0.2075014095380365,0.2073871007903008,0.2067265106848326,0.2067674395280794,0.2068973152047718,0.2067745353805153,0.2071892549788511,0.2067629187927925,0.2065520656463277,0.2055618043905211,0.2066347166935876,0.207762259785561,0.2084242336506191,0.2088302568479148,0.2092531910652651,0.2093733926808631,0.2090100971060371,0.2088074654372667,0.2093568277581255,0.2099089079762471,0.2099455818092868,0.2099727004749183,0.2093946018230993,0.2096187107229013,0.2097966650954512,0.2099058597291838,0.2098647966978142,0.2106410175423219,0.210776061054176,0.21080963942399,0.2091878498166338,0.2091518201435745,0.2089795219927518,0.2098156038292282,0.2094068497708608,0.2089221656077876,0.2081994094473835,0.2080868200963985,0.2080951657044592,0.2077981266521944,0.2075329794067834,0.2068896495257273,0.20756048629705,0.2073535798146759,0.2074639530463994,0.2069855681827543,0.2075652005890277,0.2078618416782085,0.208555657460933,0.2094529233705411,0.2104531042275128,0.2113493088187645,0.2125039716278655,0.2139676224483649,0.2147502228069123,0.2149962244158838,0.2129522803045669,0.2119752140457473,0.2120996931490846,0.2140959596747728,0.2162427777926898,0.2192039417517799,0.2211650206528272,0.222212531521032,0.2221047378772046,0.2217058841738464,0.2212398773136106,0.2224362175974306,0.2256973829626017,0.2290149342908249,0.2309033850895941,0.2308965489152178,0.2324989823022524,0.2355458767173321,0.2406531902849467,0.2439878701815785,0.2440136906126568,0.2427021038434519,0.2438917379229553,0.2449388711878058,0.2446406107154498,0.2435209805978641,0.2427317636604058,0.2423525267241767,0.2405706758835483,0.2389009492065869,0.2369205056738537,0.236947337455735,0.2370243796398641,0.2377730297684314,0.2368182278247711,0.2368244512097089,0.2359070718969677,0.2356843195543155,0.2346728688471139,0.2349741042612049,0.2342993230943105,0.2346004440148469,0.2335837196005298,0.2327566745378324,0.2319840497730784,0.2302851596840907,0.2291554896093373,0.2274069012110879,0.2271735398882552,0.2269313417845833,0.2273606835951901,0.2270339615839635,0.2267372587604089,0.2274810435619851,0.2291803662129847,0.2305466915993577,0.2313338506016231,0.2317932968302492,0.2326307527069719,0.2332371012786573,0.2330862763648477,0.2327579992837866,0.2326324532251978,0.2324394685596242,0.2327933279687247,0.2320967702683491,0.231203014193407,0.2299889618484756,0.2289341508586226,0.2282173268413708,0.2270761918683536
394957,97,"Palm Bay, FL",msa,FL,0.2262389967080652,0.2282410156371368,0.229727845047209,0.2319388689968717,0.2332755473979178,0.2346502993875251,0.2349764410487977,0.2362877589660837,0.2366514357649078,0.2372740013378584,0.2377694669524323,0.2389460309609364,0.239764421886273,0.2399217968450805,0.2400056416564323,0.2397977897102367,0.2400529206167801,0.2411168073375555,0.2429048167903365,0.245133107398601,0.2459734126784337,0.2464962978413961,0.2470496340029687,0.2478135577009814,0.2485789232974235,0.2490919125104519,0.2498579131705,0.2502433086022889,0.2501558452176857,0.2499121572495309,0.250277497804818,0.2501798392095319,0.2513893992839141,0.2527905213495665,0.2536274107257592,0.2544872265606309,0.2554426947892856,0.2567918900836802,0.2577356265755952,0.2588534988351854,0.2604024241024028,0.2611006977463023,0.2607684088529541,0.2606795737042138,0.2592928614133648,0.2588885352950426,0.2579338062885778,0.2570047971501681,0.2551299499577525,0.2531424939159994,0.2520534529887311,0.2509735657917663,0.249796850702386,0.2494627785829073,0.2495133113362405,0.2495366063111328,0.2508201257785429,0.2514454709159269,0.2527039039111122,0.2536387839867117,0.2551869755161773,0.2565478489299632,0.2553529198458883,0.2531383002500285,0.2497367694266867,0.2493061934716682,0.2494746400272067,0.2509237296400871,0.2517290879152524,0.2535854062453083,0.2548353137905383,0.2536432764328092,0.2519764528771261,0.2518241051433527,0.2527947643596362,0.2549782980404502,0.2581309411995624,0.259709740940784,0.2615421984957218,0.263562060876229,0.2711477909504641,0.2770673615927516,0.2826357693750418,0.2842193330119111,0.2856455989306696,0.2856059588165759,0.2865887371888522,0.2882335331189127,0.2893640234981128,0.2910921310580803,0.2920812802251551,0.2918818526712318,0.2907092154122391,0.2907993390629825,0.2914321672778524,0.2920401794925922,0.2915880262454473,0.2914493133918329,0.2927632867523542,0.2924046316212294,0.2927612121668995,0.2916696497027073,0.2908669369565518,0.2903322728833586,0.2887555753642518,0.2872051505344438,0.285622569403938,0.2846047114918462,0.2853183341751592,0.2856118365948269,0.2854263814288487,0.2844361801157279,0.2833794448671308,0.2830488497734643,0.2828216082757074,0.2830450523324329,0.2833500797081387,0.2839252596158871,0.2846643775277143,0.2845607214002738,0.2833427816703671,0.2826592416597147,0.2811218187123399,0.2806281141572685,0.2799470235493926,0.2796477148909431,0.2792763972489718,0.2786222270508937,0.2786628502696069,0.2782964598543848,0.2776572578141891,0.2773040968284039,0.2768783052871205,0.2762359771484889
394711,98,"Jackson, MS",msa,MS,,,,,,,,,,,,,,,,,0.2407848630006467,0.2410107135428359,0.2413605348594835,0.2425343194622397,0.2421918315977627,0.2422281519047499,0.241372210625688,0.2412542853444211,0.240114765960626,0.2385799006562084,0.2371321768581447,0.2372510185448281,0.238537883328556,0.2387780204521082,0.2377704299763362,0.2361264677793094,0.2360718610666862,0.2363955973688901,0.2367797156136706,0.2359451073746254,0.236061739339569,0.237197360446914,0.2382371335638492,0.2375288313305956,0.2366532962372951,0.2364174104259533,0.2369762091167213,0.2365688467312104,0.2361683933747017,0.2357554689741698,0.2361901060191085,0.2371111098885137,0.2365520271388705,0.2367679685298576,0.2366925746498301,0.237114808667735,0.2374555791510905,0.2381603084965558,0.2389838089920875,0.2407583541339774,0.2428018050073002,0.2447854278879106,0.246150917363844,0.2471761487299636,0.2490291902266116,0.2494140415210623,0.2505229485510495,0.2456390511229885,0.2435445515910665,0.2412791595565727,0.2405890059868125,0.2428099041181083,0.2460147071718195,0.2497207955585985,0.2502031321267766,0.2491607627250912,0.2473602299263341,0.2473563499749935,0.2493004661033148,0.2531281931490909,0.25574097880079,0.2569099597214703,0.2562413293613006,0.2548987190044835,0.2568561036251793,0.260399735627266,0.265134042403387,0.2649575122897267,0.2641200411553238,0.2632240368876057,0.2631231621261155,0.2631865407948889,0.263002252007294,0.2637698997738625,0.2651525271129518,0.2655045635912814,0.2661871679819003,0.2657466558548628,0.2654602538725381,0.263715871371339,0.2613436812858479,0.2600375225533704,0.26057603644017,0.2616200305298966,0.2617272550384551,0.2606185102863658,0.2592138026717962,0.2576701653238242,0.2574434566977647,0.2570167667281555,0.2566867317256903,0.2559582938370641,0.2560862998248022,0.2557274595284652,0.2554440536371714,0.2546833382419027,0.2554378040224098,0.2553099845544067,0.2549624618656502,0.2544918055569402,0.2540059146587093,0.2534834676542978,0.2534679390525438,0.2537156323913326,0.2544096212947112,0.2550690828708561,0.2545928785035619,0.2541133526749689,0.2530700563181198,0.2533390461038203,0.253891461475516,0.2548059669226494,0.2552214359353577,0.2559269910531081,0.256048748149856,0.2561503523861768,0.2560890224010221,0.2561304326149737
394666,99,"Harrisburg, PA",msa,PA,0.1728661175527653,0.1733568460723844,0.1744670706805105,0.1755150358707441,0.1752054366521763,0.1737059817355723,0.1732007728523917,0.1726299863741231,0.1729408787363691,0.1721085492712643,0.172286538812508,0.172061310812894,0.1723794773790045,0.1716492427830427,0.1704861328572809,0.1703416630371213,0.1702176284808965,0.1714046954662804,0.1712308959244576,0.1709193009515568,0.1707226478680453,0.1703066800573176,0.1697885390631039,0.1688196558490919,0.1688349166106485,0.1692029578882701,0.1701022498915822,0.1701203056398523,0.1698526828458054,0.1699822515189965,0.1697807257217289,0.1698875589896442,0.1688205554549304,0.1691528493067476,0.1694553092705644,0.1698607939961758,0.1695036266342236,0.1690393362921014,0.1692136169068489,0.1700032552180192,0.1704154513984578,0.1704041173871203,0.1704030100013136,0.1707118881410258,0.1711523460321,0.1722503828129667,0.1735642181271433,0.1751274103436535,0.1750191734353096,0.174576578204809,0.1749396250453951,0.175106357143702,0.175773935562707,0.1763813751484847,0.1774092320210651,0.178076628945954,0.179112471135264,0.1790269587402886,0.1788525304164836,0.1788241448558026,0.1803197218055441,0.1818345434138451,0.1812100085508422,0.1785189710151153,0.1760025270807783,0.1754268521183006,0.1753759939631058,0.1754936095706572,0.1756447850416592,0.1773561616399864,0.1790877961216869,0.1805967264368908,0.1803751856479042,0.1806922862205152,0.1821652386151497,0.1848581756591372,0.1877814283938083,0.1893030532246212,0.1901836479962884,0.1914863178011266,0.1945042583494795,0.1972680520375928,0.1996343165832196,0.2003926303997541,0.2003598385506369,0.1997976442440062,0.1989808599463255,0.1995297589311462,0.1994259091845527,0.1988181364122822,0.1977741561130231,0.1971286802403372,0.197567423264456,0.1979041888529248,0.1983265703557301,0.1976854880475704,0.19826694964726,0.1991628211414562,0.2017796685822949,0.2024311946367327,0.2033632229562845,0.2028620160862871,0.203440319735166,0.2032171497619296,0.2028572926489323,0.2020699506518143,0.2012589441508169,0.2012020383872193,0.2002419416890599,0.1998612633828293,0.1988163013623379,0.1988920407611163,0.198848149437615,0.1990791359479703,0.1986825636571954,0.1980088700829627,0.1976801743449795,0.1979355267596602,0.1982408322499367,0.1993804784921026,0.1997855932595443,0.200331762419437,0.1999903534088873,0.1993114763528795,0.1987115295086787,0.1988474957479935,0.1990576912773086,0.1997042710715363,0.1999750347309666,0.1999903019557986,0.1999105426655405,0.199031994173999,0.1989197689017654,0.1983435153172265
395113,100,"Spokane, WA",msa,WA,0.1767805054090942,0.1772144365179077,0.1779224532718626,0.1783689676833858,0.1778515274023133,0.1775891074994376,0.177695907122953,0.1792618152845317,0.1802057163756374,0.1807120917612562,0.1820737973009016,0.1827165198908787,0.1842594725351202,0.1840754711614118,0.1845570685307207,0.1849395880994537,0.1859512106070845,0.1868358957678017,0.1874959149823299,0.18772113957963,0.1877172381407332,0.1883556463115373,0.1882295639692612,0.1885140317387206,0.1879966162252383,0.188179128933609,0.1869329772260343,0.1861243671042955,0.1863007665884536,0.1871911109261024,0.1880756016527225,0.1884576214071176,0.189371886962758,0.1902883820640643,0.1904084330891135,0.1906814496201629,0.1900041327812403,0.1930637084931552,0.1951237850158212,0.1976528583819732,0.1969494201292528,0.1973428981123908,0.1972438838141098,0.1979608799687514,0.1977568207650361,0.1985437105141908,0.199480257133177,0.2002591768538436,0.201240711707185,0.1997080697562862,0.1996030023037561,0.1989438686154702,0.2001773302270828,0.200456377758353,0.2011670778799407,0.2016515093151548,0.2034622502729506,0.2044946600995674,0.2057788517811611,0.2063137203695126,0.2071410838499459,0.2077444630983327,0.2092858242508357,0.2070866263428994,0.2048077209205782,0.2026456994320357,0.2036057833206638,0.2061573424672287,0.2094550951697064,0.2126611484513473,0.2143786500271765,0.2162055243422245,0.2175994532001505,0.2203347484542774,0.2221349270825093,0.2275852505018046,0.2336666788430621,0.2400642662648424,0.2426999162721182,0.2436082681311588,0.2450141996144642,0.2458368114006939,0.2470752929673115,0.2468600491436343,0.246821198751117,0.2467385969731104,0.247044247802577,0.2473254817854374,0.2466743179419065,0.2450298373176306,0.2426529471649254,0.2417476492316597,0.2413929841525698,0.241235823366449,0.2407091809088847,0.2389259922400753,0.2372499997076311,0.2344780291760935,0.2330798217084356,0.2311494211312666,0.2297534105314223,0.2265094228437094,0.2247668693649756,0.2226153812860758,0.2211995210018273,0.219801939378008,0.2180888011470742,0.2170516111062523,0.2148658328090314,0.2136184128648836,0.2112893522268293,0.2085143742095186,0.2062077007585915,0.2055724334947189,0.2049857017071154,0.2040982889096884,0.2022416988527456,0.201569367344431,0.2004883930923964,0.1997020388968778,0.1993401939934656,0.1996383875912911,0.1995574873520672,0.1997876414048079,0.1996543852799126,0.1995317404476497,0.1990127381644268,0.1986654645717979,0.1987788913218436,0.1980146646722803,0.1977115808618545,0.1970481739486992,0.1970468313651757,0.1963299765492922
395075,101,"Scranton, PA",msa,PA,0.1838756981852353,0.1822353358703261,0.1826430556626008,0.1824191010420945,0.1835961123232594,0.1828544850274015,0.182632557316922,0.1815953028004633,0.1823581897904025,0.1810548863380017,0.1815900297300182,0.1826054053831199,0.1821716184423178,0.1825287631834456,0.1803944258306901,0.1825747087278371,0.1804987557792449,0.1815992322067642,0.1801868186053703,0.182408561811083,0.1809111049954661,0.1803416721548489,0.1785949589163179,0.1777495100851033,0.1790815914113986,0.1797201350676253,0.1819432598400039,0.1806336992985605,0.1809830152876644,0.1803409011230896,0.1816070449077896,0.1815406955886731,0.1819148926454654,0.1825353266000079,0.1817226697919072,0.1838718649024202,0.1818225602455462,0.1824996065073425,0.1805320645622382,0.1816159053854939,0.1816296633950389,0.1814930174774557,0.1820915204661922,0.1811364772129262,0.181793085866688,0.1817532145909193,0.1823282667807898,0.1823871975963513,0.1827214134237561,0.1832916109049396,0.1846827591436782,0.1845995316673705,0.185332211347651,0.1862125886762609,0.1860672122085271,0.1870475754807448,0.1872779277164145,0.1877870846205903,0.1886977283341271,0.1886240837666712,0.1899375147354537,0.1895004442290143,0.189342015715332,0.1871029753120532,0.1878725148417433,0.1872356260630225,0.1883706477181703,0.1872135602565345,0.1889635044632046,0.1912598350309331,0.1924965005624956,0.1950682372637157,0.1959512503341515,0.1972879397341092,0.1997729944535941,0.2028947876237886,0.2050822624183711,0.2070249737794954,0.2083505617609666,0.21022843751089,0.2119759186621614,0.2150066098138868,0.2191093327739237,0.2195799744041985,0.2203610847414206,0.2214400719349687,0.2241166467529182,0.2252144332352994,0.224422097587676,0.2233959881439751,0.2223134084870534,0.2236039062585721,0.2253099380599122,0.2255917009204473,0.2245825395207357,0.224739804371762,0.2256119980020456,0.2260595124138632,0.2249428674749573,0.22532375749209,0.2267572458395181,0.2273309631926238,0.2265557177740084,0.226038900955091,0.2250161869125496,0.2246500404636713,0.222893239767713,0.2218032212018557,0.2201696146384209,0.220263134154401,0.2187040062341128,0.2179069314079262,0.2157896279066616,0.2155796607111006,0.2162314544934079,0.2151404613414314,0.214817481137781,0.2149044774163103,0.2159512095732802,0.2154194504845421,0.215023002969671,0.2143859361423551,0.2149055867711682,0.2143610829760873,0.2147380477034878,0.2143092955576321,0.2138893398073525,0.2141693828027744,0.214146231883065,0.2137613496554702,0.2134832522906487,0.2140366859606824,0.2147843952769094,0.2150134584025286
394460,102,"Chattanooga, TN",msa,TN,0.2141889452068881,0.2159058743456794,0.2159879771225194,0.2145095602586987,0.2140030653449147,0.2154173745359829,0.2178340737809019,0.2172426901233357,0.2187689374019529,0.2201590461245961,0.2218967072604919,0.2196802833374405,0.2205915456104112,0.2198588684748088,0.2239622643433259,0.2234882588980025,0.2247557826471863,0.2213746570718868,0.2211227850721297,0.2200934857527225,0.2194823221437163,0.2199448432445023,0.2190273189223791,0.2179182021040237,0.2162217663479111,0.2175297814673039,0.2175455540805823,0.2178640372596285,0.2166181855321584,0.21766740015091,0.2184972813693892,0.2192578951840905,0.2196823688121408,0.2184060988154763,0.2173943080407739,0.218482596589289,0.2190203686922829,0.2193847245413254,0.2179812136673375,0.2174853762045453,0.2173068034336943,0.2173208503082979,0.2168075869593924,0.2165319390924535,0.2161613488430994,0.2174982488500394,0.2195759333095036,0.2195769816138156,0.2188199300029099,0.2171386202003901,0.2173062806165332,0.2175464103802162,0.217928115765919,0.218024686478917,0.2180271663334412,0.2182258282755827,0.2194841639741095,0.2201623806479681,0.2202658534894792,0.2203033312702073,0.221038183526462,0.2218584814022185,0.2216360380893804,0.2211561498398901,0.2198549191306652,0.2187702458104927,0.2192435707609724,0.2200281919345393,0.2232293265023874,0.2249229343219401,0.2264275666507894,0.2243556988524136,0.2221400356517238,0.2206580756491287,0.2208980969912412,0.2238049622017313,0.227150353996626,0.2290505900938335,0.2289823929066996,0.2295426229624071,0.2338124944414384,0.2391650030871835,0.2437386793177686,0.2463667231491356,0.2456645420501304,0.2465395542938798,0.2468478889390795,0.2471235384238455,0.2465261582285755,0.2462540993016141,0.245691391832799,0.2449861669038871,0.2447948798109811,0.2450062674694929,0.2455413069521184,0.2436502020737112,0.2443577415961587,0.2435381560064702,0.2444976452787471,0.2432080388757272,0.2417240662677347,0.2407290824921852,0.2408893259319211,0.2414947128304967,0.2411538946897221,0.2407988282880673,0.2402353734360093,0.2392056549535307,0.2383593054388583,0.2368613368581828,0.2355575256010262,0.2347095707682413,0.235373736664544,0.2349467448844756,0.23443678872975,0.2335753108401075,0.2341720564919178,0.2338062049956066,0.2330518607275414,0.2317263460629216,0.2310025445271259,0.2323035187409457,0.2314490933133085,0.2310635679868108,0.2298265687634346,0.2295764477741917,0.2290265782170557,0.2285726554685407,0.2277664343725709,0.2276219262735749,0.2277632151566843,0.2287510557941583,0.2286767262751146,0.2276342021674161
394871,103,"Modesto, CA",msa,CA,0.2299717580206718,0.2283431583558824,0.2284023180769898,0.2271348280901679,0.230798622920392,0.2324288921235313,0.2340469947937945,0.2333047009942834,0.2347038396107596,0.2355435002043212,0.2363634237300322,0.2364755321542901,0.235194550637096,0.236710122527374,0.2397160035353616,0.2437324628803233,0.2436556258988426,0.2426187638720105,0.2419874806826996,0.2441084059653817,0.2443000309807016,0.2471608829065561,0.248618382405763,0.2506693794644105,0.2510554934349939,0.2524518743126404,0.2533890927819561,0.2543197349670746,0.2542746184990655,0.256166215242116,0.257245376611135,0.2573989017018807,0.2580881191076407,0.2555634889331479,0.2555554163414109,0.2544150669324405,0.2572061915139809,0.2573104278497423,0.2584986591788351,0.2570099366622193,0.2584355906706661,0.2582137290037286,0.2599474742436045,0.2603289678532204,0.2626037846372132,0.2644174236161217,0.2652043472229895,0.2659633329158429,0.2647406656935272,0.2653263552085758,0.2648964602820255,0.2663086133281245,0.2666886680588103,0.2677587454834442,0.2676383131789873,0.2684223632326158,0.2676477740517504,0.2682132364793058,0.2686454550112118,0.2696272765107489,0.2705567182950383,0.2709232556718451,0.2703521866019845,0.2682017139486282,0.2664838970303019,0.2649936161205164,0.2648117543583356,0.2642526987987977,0.2661620023508153,0.269931197796479,0.2727105357539472,0.2727142656011856,0.2721369204799936,0.2717849662388892,0.2755046581228358,0.2781073132238807,0.2830254109523029,0.2836730139713547,0.2850736572465595,0.2846299931628184,0.2856995091661162,0.2853985359249743,0.2872303221314888,0.2879219364058765,0.2879129630880848,0.2873033427372034,0.2868926330366562,0.2878165686731179,0.2858786280970915,0.2853609908017362,0.2831495586160243,0.2836726987921232,0.2843388485469591,0.2860050039609699,0.2863181609422957,0.2858852572685802,0.2874001527433688,0.2879395682194111,0.2891453482284415,0.2882538722308307,0.2892075518487489,0.2899306558535583,0.2917355422109575,0.2930430458578258,0.2955196915005191,0.2973338000530983,0.2983714519623344,0.2993816557243423,0.2991937150228506,0.2997917387677684,0.2994330612723721,0.2999111865443462,0.3003017508797106,0.30155988345685,0.3018249249000166,0.3027839704362425,0.3036663796522341,0.305628856850798,0.3074266685375739,0.3075055505890803,0.3065629003504836,0.306040943053428,0.3059905802015313,0.305887514809917,0.3055118937532479,0.3049310306232388,0.3049533882797325,0.3042005270605935,0.3033097331776332,0.3018126434877776,0.3009549323899485,0.3012716712903927,0.3019516868262233,0.3020893530679453
394768,104,"Lancaster, PA",msa,PA,0.1671993090502508,0.1675211407933408,0.1687913346380982,0.1690356816656857,0.1693649667122075,0.1684674496107515,0.1684926413396756,0.1681207261904011,0.168758273063517,0.1693112333071259,0.1694685106184492,0.1695098744135231,0.1688033638298808,0.168599983054175,0.167517990940613,0.1685322597530072,0.169747531909412,0.1704038654456343,0.1696030110146531,0.1688906716037685,0.1680711438059475,0.1679160256349344,0.1678856209176662,0.1685217787943327,0.1695236928210478,0.1697909923495784,0.1695090249080522,0.1694739669709059,0.1686570817943321,0.1693926661526965,0.1702027627436636,0.1712881703028601,0.1715845936328311,0.1714305283120332,0.1718810551457715,0.1722220299065464,0.1715624644619557,0.1720391524584716,0.1730439837417014,0.1740004801279645,0.1740443897971966,0.1737823160351818,0.1738303996699243,0.1739264450628233,0.1738440032185881,0.1734612148575935,0.1731009281948831,0.1726254446214743,0.1726790656060624,0.1720089309477126,0.1717816458070912,0.1710917664855827,0.1714468128917262,0.1716305516962099,0.1718327408763257,0.1718678004544589,0.1725153362035716,0.1734959270512661,0.1741951259081905,0.1751505683970416,0.1761538491478712,0.1770447419452269,0.1760566420932409,0.1737281119019385,0.1720624103555497,0.1716277293634474,0.1715810696464648,0.1715234837929426,0.1721536887550041,0.1726856637504566,0.1732469310834954,0.1729694293047631,0.1728860000274782,0.1736597796874825,0.1747798035285993,0.1769794756524177,0.178206501710687,0.1784496228762038,0.1785447213329876,0.1784447823698977,0.1813001460026023,0.1844071737731923,0.1875226590135359,0.1890370219333047,0.1890298210741651,0.1889551259502395,0.1895453969632286,0.1904902922696925,0.1910355449000371,0.1920252314315866,0.192189271773181,0.1933446580716941,0.1923614612602809,0.1930102610457498,0.1929679893676608,0.1934191917766282,0.1937118015830764,0.194551884950478,0.1958383635754053,0.1963444321912641,0.196592881840578,0.1964609241186009,0.1960461989243849,0.1961520456221984,0.196583297519268,0.1969562507278884,0.1968432064558002,0.19736761091431,0.1976856129307166,0.1976626278498099,0.1967861245990251,0.1970881571525788,0.197747778077957,0.1984364224298092,0.1994587993334914,0.1992883685822553,0.2000660864486052,0.2000971723702061,0.200949372217632,0.2005411359725334,0.2017252914173771,0.202072470046261,0.2025642664040433,0.2022884611912588,0.2019482009694364,0.2018546635059519,0.2017846620611729,0.2021163511226072,0.2019680501717809,0.2020357581685396,0.2017777929106639,0.2020368980031435,0.2012242096856848,0.2010188792411258
394997,105,"Portland, ME",msa,ME,0.2352670130879335,0.2353740071976209,0.2322587653656595,0.2341573619186684,0.234272818015223,0.2378042526913371,0.2368982633920548,0.2375069096840962,0.2343364542042152,0.2346551019337346,0.2355703645564903,0.2354495773683647,0.235585492693076,0.2363345551714971,0.2399141960120982,0.241036715210906,0.2384625728652354,0.2375579411811176,0.2366506311845151,0.2402089612509677,0.2408638487615094,0.2416300100799867,0.2373380827698514,0.2388826456511102,0.2392798664972347,0.239831589237307,0.2388104638999701,0.2366414148970623,0.238861638721295,0.2378190097572434,0.2397926724591433,0.2378348985361504,0.2382307623342475,0.2379020325242196,0.2393210877587672,0.2386598602076617,0.2371187514904787,0.2371084624595075,0.2361944330477071,0.2362425330655107,0.2354159669792998,0.2363341614058391,0.2358206904366157,0.2372032582864005,0.2392729721534771,0.2419874742809699,0.2426297137290793,0.2409777863358922,0.2414630259194764,0.2414490855762623,0.2423985300446045,0.2434813241100674,0.2440288705215155,0.2447813321058782,0.245463576201027,0.2458475583171007,0.2464293974354728,0.2469859439397831,0.249307385387473,0.2530305456476793,0.2557967259806647,0.2576947504091212,0.256373405565134,0.2527138243648454,0.2491150120424191,0.2488041046438984,0.2501113221634209,0.2515141894735833,0.2527468547040261,0.2553927826719581,0.2573981624973244,0.2572399235748556,0.2571537537049883,0.257298876083846,0.2579191642693383,0.2583165664452919,0.2595179717099635,0.2612285059742099,0.2626275472130858,0.263815299597599,0.2670841853164781,0.2699307586604238,0.2737124313737324,0.2754455095509228,0.2753542148973636,0.2732064194714735,0.2717779695103922,0.2706492562353975,0.2721177744358153,0.2706457650719404,0.2699707686831498,0.2691266739467107,0.2700098026857507,0.2723162838171115,0.2721507422308829,0.2712460848467041,0.2691008805972946,0.268933597273927,0.2695194647940848,0.2718753106985813,0.2723755998798783,0.2722025939450347,0.2715445398857109,0.2709884379444471,0.2724569489734345,0.2723300196076752,0.2730483221026842,0.2719511751120277,0.2721180795114047,0.2719800349164177,0.2731817155791636,0.2731196718506412,0.2733598905815384,0.2728099833618848,0.2722585919321898,0.2728000219661414,0.2733999239843422,0.2737495514417316,0.2743504344987981,0.2746085774314364,0.2754977487759327,0.2757978715725875,0.2749720191988164,0.2741732804217374,0.273476104574206,0.2741373761996335,0.2748639373475875,0.2748911935279589,0.2746248331617466,0.2751717763427777,0.275413330514794,0.2761574119750342,0.2758826145371701,0.2759293908285976
395245,106,"Youngstown, OH",msa,OH,,,0.162258778244194,0.1631989175992924,0.1635419867314547,0.1641670562844335,0.1642476914842005,0.1634445711900315,0.1614082644176257,0.1595150763209947,0.1599821207808749,0.1627649821084724,0.1644284398306596,0.1632243766719781,0.1621801058157312,,0.1631421791588007,0.1625620145909556,0.1635697354433153,0.1647039110784912,0.1653622625398844,0.1663970867620402,0.1656766012572436,0.1642308893780312,0.1627465180639496,0.1631223904005473,0.1625559204143774,0.1623582763575607,0.1617987026493445,0.1620523947606187,0.1618789265568207,0.1619484332711775,0.1611499919725606,0.1609644358997713,0.1608135224976321,0.1617112289968082,0.1618871753381525,0.1619611491916027,0.1629595236874604,0.1631414332383329,0.1638349163573582,0.1636906928298819,0.1642188427660038,0.16411533956928,0.1654556277328027,0.1651200629675141,0.1646835492504966,0.1643573600888315,0.1642655566484273,0.1640726179976352,0.1638037633665167,0.1636551925530809,0.1633215305989589,0.1638379308065255,0.1638344089711126,0.1642478979134343,0.1643500260056558,0.1653982918089606,0.1668067374391814,0.1678956688776861,0.1692186210390756,0.1701268399002248,0.169280796782451,0.1697477059046652,0.1690747044124075,0.1698574426134728,0.1704299481232832,0.1697351295154124,0.1722888731228921,0.1719493549755786,0.1737485511684535,0.1726838194737919,0.1738842973293703,0.174539552834918,0.1771087936571226,0.1791333163647635,0.1812788908366403,0.1826420149350054,0.1832129006311851,0.1861176649764479,0.1889615217934672,0.1929740695548369,0.1945585896258472,0.196367206300619,0.1963185204474727,0.1961950311255233,0.1961089076840176,0.1965268880858024,0.1966044369000167,0.1961742746901023,0.1956541502391192,0.1953559116606748,0.1954872358283184,0.1961314958637549,0.197146838848962,0.1974428277590311,0.1977997194038077,0.1987223387561718,0.1978262969180285,0.1969660189571387,0.1958233219423851,0.1956957607792872,0.1963404307739283,0.1957713306357238,0.1964802211721964,0.196500640486572,0.197610766193994,0.1992873115948237,0.1990567013522866,0.1978399119523489,0.1959172106335379,0.1974121583521837,0.1977359521560273,0.1990752642096393,0.1990006027175196,0.2005998768943913,0.2002094730316389,0.2011867406998116,0.2013273423534428,0.2002282742147168,0.2005514938407234,0.2004731740758749,0.2026589324247885,0.2020389135894393,0.2025384822288556,0.202106396135646,0.2024472892901453,0.2019920749975446,0.2026289478360223,0.2024712066293049,0.2024379650552599,0.2030985709789872,0.203756453643259,0.2050796140029257
394770,107,"Lansing, MI",msa,MI,0.1708803160199715,0.174520903747953,0.1733343554478458,0.1732584779402118,0.1711767834136545,0.1715490664614687,0.1716853007825683,0.1718288189384295,0.1715815056940144,0.1708903595040044,0.1720844636048173,0.1722900329865769,0.1730566333737138,0.1705080174162222,0.1713908668473288,0.1714265509148631,0.1723638286460052,0.1715530955142564,0.1711576536445384,0.1722127521222746,0.1706646876893313,0.1702200817223744,0.1692690887885864,0.169490874264052,0.1695395851474961,0.1702648388800026,0.1701945571406549,0.1693400521851186,0.1692895678831932,0.1693189645858412,0.169005209023132,0.1688753504796417,0.170442809240601,0.1723427973152983,0.17292597749751,0.1727366726499857,0.1723087659470227,0.1716972484513614,0.1715587943223444,0.1718183983075332,0.1727875051130283,0.1728606184221151,0.1734231145331614,0.1717524612246227,0.1715200215250014,0.171090330457306,0.1726557694432942,0.1727349169998592,0.1713479172903766,0.1703218914122142,0.1699117056991097,0.1696118058394503,0.1684362109448648,0.1687500684597301,0.1689272871971817,0.1704963317834097,0.1714397394655424,0.1723280400448296,0.1724083180022264,0.1738819743163251,0.1766522345270652,0.1788209918510509,0.1765477805938942,0.1744480650993601,0.1728750858021712,0.1724477906687709,0.1726674123882179,0.1725253897480279,0.1738285981865799,0.1746682750562458,0.1751520982062571,0.1761609224958198,0.1760755921518448,0.1782311978475961,0.178373663713074,0.1799605946574655,0.1805252142573666,0.1812991991115697,0.1812063765322371,0.1826077715957333,0.186115635375823,0.1902250087799017,0.1932994005788856,0.1941092942298916,0.1957295916806317,0.1959431661553091,0.1977422786103801,0.1978595780672141,0.1995684946017569,0.1995213744626057,0.1994486653452801,0.199336187982999,0.1993373069100987,0.2001713891576944,0.2001949586218679,0.2016131035137217,0.2012802711235831,0.2011685955121446,0.2001308785906914,0.2004717886325178,0.1999501791756982,0.1995624468450244,0.1997265177139376,0.2000027996293034,0.1999687645547556,0.1998557622332385,0.2018636798559303,0.2019443314460107,0.2021752867631987,0.2023352047641034,0.2030775555635227,0.2026629742758617,0.2021156291647346,0.2031183035485288,0.2037958927507855,0.204244230651754,0.2045205794920919,0.2056235128866879,0.2046221664418484,0.2046843801409926,0.2047948516368962,0.2057443089852558,0.2058744724563603,0.2064111406709364,0.2071823548387488,0.2071384898711069,0.2071109179370032,0.2071824337526335,0.2078055881278381,0.2077088613288896,0.2083405891250268,0.2087103753586338,0.2093308622591689,0.2093362819891462
394590,108,"Fayetteville, AR",msa,AR,0.1981347859259037,0.1993730830222897,0.2006191974475127,0.2020147160461798,0.2015978170657254,0.2026472044653634,0.2017352285110811,0.2021749807249572,0.2022901615910815,0.2019244590811899,0.2026449677473968,0.2027345491141147,0.2035762153257494,0.2023482240296513,0.2020929179330243,0.2026594804594283,0.2037513072639346,0.203266618473296,0.2035295887458783,0.2041204537468834,0.2042223563820986,0.2043743811187745,0.2038461667159226,0.2041117089192661,0.203643781087946,0.2048211156194045,0.2052983435023847,0.2056067570194289,0.2044642629168439,0.204720871836138,0.2045674153622503,0.2056641195215337,0.2064722312831839,0.2074905438713088,0.2072957832702892,0.2068098944127249,0.2067491585930363,0.2066271873973871,0.2071165002108216,0.2062920934343409,0.2063952964321504,0.2060308521477566,0.2066237246674018,0.2057568473054501,0.2048561084265961,0.2030702318058058,0.2023299323703147,0.2023834837497295,0.2020617001104063,0.2015574514605403,0.2007549287916347,0.2007668135038028,0.2007404489724523,0.2009516757414828,0.2005976110439529,0.2005194191638048,0.2002653938992974,0.2004812253337598,0.2006289072434386,0.2005698572078351,0.2007481641223675,0.200478873018003,0.2000487747882925,0.1967910782025204,0.1942065858894058,0.1933562473035891,0.1934614756898185,0.193116154155476,0.1948369357838658,0.197110004570743,0.199146294974792,0.1988319431610408,0.1983838291986137,0.1986295983484984,0.1990779735854703,0.2005418776316542,0.2011638668495426,0.200727626348995,0.1997084098706037,0.2004097697075438,0.2040736289568009,0.2076010774598558,0.2107338849104676,0.211523595339279,0.2113634683387516,0.2109650704433466,0.2113905980096675,0.2131764179607476,0.2154305718726111,0.2179165460631619,0.2204530278829058,0.2225103152989926,0.2228557820948213,0.2230819711375069,0.223872889623608,0.2247717048672981,0.2255525926878372,0.225557917539011,0.226134517077008,0.2255474517643914,0.2253159702489344,0.2244072472734644,0.2239021900108573,0.2231276124643222,0.2240864795430292,0.2245449944451873,0.2240541291422095,0.222727354145151,0.2222566345290094,0.2228559894296757,0.2228754841879376,0.2226274736216966,0.2220186051652011,0.221861555563672,0.2213105571004463,0.2210457452187006,0.2207594933169729,0.2199375371387808,0.2205798784743843,0.220552848141013,0.2218453312257862,0.2210554660221408,0.2208455921197069,0.2209430429864619,0.2210114192112425,0.2209405047646402,0.2209328490453835,0.2208691936715837,0.2207010130184094,0.2211865714517941,0.2207616106879703,0.2207537005707801,0.2196039688048184,0.2196268390210389
394589,109,"Fayetteville, NC",msa,NC,0.226758770607003,0.2267725501064757,0.2266639101894864,0.2266716336264968,0.2264234117482916,0.2265692304267884,0.2265511433647047,0.2268352782599969,0.2266232945981502,0.2265249145072301,0.2260106768926493,0.2258517440296735,0.2256284158207852,0.2253862829090771,0.2257169654363197,0.225340963496912,0.2254253203554636,0.2247517300456697,0.2247012897056846,0.2249134244906886,0.2248832836735368,0.22441912446335,0.2239619498316707,0.2231453415453255,0.2228775345469408,0.2224992967025445,0.2216881243862223,0.2208907277330267,0.2201059836389914,0.2204223749694311,0.2207334344568295,0.22059768670046,0.2215028904745856,0.2224284385470543,0.2232693705210952,0.2239688197296696,0.2240005672501287,0.2245874606523384,0.2256135853499652,0.2271013295283831,0.2276870880628412,0.2275252925343317,0.2278155488172988,0.2282367318397509,0.2278511067404565,0.2276232683839301,0.2283200615795075,0.2282540656265769,0.228945167863236,0.2281536606909608,0.2277842402304274,0.2271512986576934,0.2272204637046605,0.2279504107617254,0.2283390942609934,0.2288460515260417,0.2298429335946988,0.2308632826602599,0.2312258259196548,0.2321578978114501,0.2327105642816912,0.2338461034061646,0.2342475258007638,0.2316131819135812,0.2296348867270565,0.2300355501488998,0.2321468613025286,0.2335962217030083,0.2363431324078981,0.2401760758690346,0.2427104939002433,0.2423818035813693,0.240505516880334,0.2404084510216613,0.2420534648053636,0.2464591476746,0.2510459266526373,0.2528121555415941,0.2532493700249955,0.2529944426923384,0.2567630101056388,0.2594131888795495,0.2634971250162864,0.2645280426085126,0.2661656193086498,0.2660164755113801,0.2657097911766805,0.2655389252262777,0.2647142817098306,0.2653697904117469,0.2645485919060232,0.2659474116679202,0.2667416216878072,0.2689695747288842,0.2691110491620159,0.2694988315853713,0.2696370147149637,0.2708586501581923,0.2732317129814487,0.2732470193681275,0.2739655728131227,0.2728507497447702,0.2731321658272703,0.2726963639087801,0.2729542843030606,0.2733551809904048,0.2735514481051124,0.2725230792229128,0.2720448432355405,0.2712954599235071,0.2711568689800425,0.2721210502946088,0.2721022409257672,0.2725549826366397,0.2722940227307299,0.2730284258108943,0.274218591018618,0.274593611194744,0.2750114769974534,0.2755367303193358,0.2757912673521266,0.2759927815399629,0.27510674135058,0.2742838597691502,0.2740102494432696,0.2742306085119508,0.2746643273533531,0.274293342969778,0.2739010317118883,0.2738619431318306,0.274123386862495,0.2744384233727335,0.2744647195935562,0.2745013001092349
394792,110,"Lexington, KY",msa,KY,0.1905447677412524,0.1908096570026231,0.1919594665669745,0.1922392015663521,0.1924293458100039,0.1916635174918941,0.1910541090534703,0.1899492187342437,0.1892071608058108,0.1881290844181324,0.1884889953994827,0.1882467015013858,0.1889435884499206,0.1878509178253526,0.1879621455149938,0.1889232364349351,0.1892110974554919,0.1892707726810008,0.1888325853508136,0.1898536257908076,0.1907639710620439,0.1907327417921772,0.1901581563979808,0.1905698748919528,0.1910236979610763,0.1924019768246313,0.1926004369558408,0.1924355724399918,0.1914488655785272,0.1916137931649391,0.1919105918979464,0.1918708071398344,0.1919611471873453,0.1924112409767984,0.1926762409773064,0.1913639453209291,0.1906962268259367,0.190267281270421,0.1901998482357864,0.1896886418451875,0.1899575274332622,0.1899335425432149,0.1896955997905942,0.1888819430893938,0.1886269518002268,0.1889406452516802,0.1899452242494901,0.1908653400655165,0.1905203576798284,0.1900872862600499,0.189801658508741,0.1898014501336735,0.1897873626188139,0.1899054307067359,0.1902755135871649,0.1910571078234273,0.1920037916942465,0.192630122514736,0.1928540785902411,0.1935841047563716,0.1949242760560272,0.1956204184330658,0.1944283347439905,0.1910237650385177,0.1881063995622715,0.1875312307467215,0.1880796249311947,0.1890775580183271,0.1907936558593738,0.1921809660293032,0.1940673348379263,0.1949407752069623,0.1953394598852757,0.1963111750913038,0.1974160141087452,0.2003135581317933,0.2028486095408486,0.2038507722626539,0.2042507888181582,0.2056124577051591,0.2092122622640276,0.2130291534310379,0.2159593754031817,0.2160904346998905,0.2148687890232999,0.2142273273818029,0.2147229132646936,0.2156066076068637,0.2162322537402693,0.2175270528067438,0.2190937113444373,0.2187326112873891,0.2189494848663157,0.2191255153754489,0.2199104656907437,0.2210725108093513,0.2223985553548281,0.2236282498882766,0.2237012560771084,0.2233752176198496,0.2235757800708117,0.2230037221750153,0.2218117747148007,0.2218589147129352,0.2221114735791864,0.2231838713835031,0.2240625813454244,0.224652684906522,0.225715957053815,0.2257962446295314,0.2268038343318983,0.2271181495214548,0.2277727617362356,0.2284405591577518,0.2290529799339148,0.229890514521386,0.2299295924577273,0.2310039371071986,0.2314449069201538,0.2320513975445638,0.2315026343380949,0.2327397658487603,0.2326802876437809,0.2331185805360366,0.2330984371540285,0.2334406734567319,0.2340732254719106,0.2343281201291232,0.2355162120523719,0.235565786060249,0.2360113953273818,0.2361099602372878,0.2366584799550103,0.2363239183925785
394971,111,"Pensacola, FL",msa,FL,0.214785659104025,0.2151627111745315,0.2157819823850622,0.2163294829275551,0.2168038553192394,0.2165460692105622,0.2169616685483154,0.2170641480807041,0.217195588583152,0.218081296840787,0.2180900053965868,0.2186917418207348,0.2186379561814951,0.2194683161829025,0.2200280787621518,0.2206029393218186,0.2208542875801831,0.2213795983146161,0.2219419415027395,0.2218582447011663,0.221690794204722,0.2208331711705953,0.2213432125103597,0.2209288481080182,0.2211086594874002,0.2205976754491574,0.2200018670020649,0.2194656266643475,0.2190452328058639,0.2193307599382574,0.219203638431886,0.219519172852887,0.2201361889488081,0.2210629661537995,0.2214666556194292,0.2224771192665876,0.2228925059397911,0.2232909115655366,0.2231893535958452,0.2234263022338358,0.2241414154788747,0.2246518284366852,0.2255301558096666,0.2260792659419014,0.2260943896933663,0.2255711302818324,0.2259235228722508,0.2260544346364557,0.2262158724821162,0.2255693303132775,0.2264102317870816,0.2269680760085424,0.2272068531262685,0.227369465411666,0.2274536045457482,0.2277765611364628,0.2288850655872716,0.2304574519258017,0.2313179890087896,0.2318422511270992,0.2324352141177254,0.2336060016612853,0.2350206823871097,0.2326231735389649,0.2310259401228857,0.2308632566560521,0.2326326072143815,0.233652410109323,0.2367266615797936,0.2395791144445478,0.2422403248173665,0.2430310734867414,0.2422412601212261,0.2442296569726238,0.2457246712237485,0.2530369451422706,0.2580078974871223,0.2612570563179461,0.2623840262086233,0.2653388506978454,0.271001159901205,0.2756153736566969,0.2776712911913243,0.2782671855034059,0.2777367701034745,0.2770123170185404,0.2763549814509256,0.2727782543269096,0.2718115546641864,0.2708379110844317,0.2700247599771692,0.2683416524795782,0.2684813126999622,0.2690967757259006,0.2696968611455069,0.2677170873050695,0.2676386518731637,0.2665120287293435,0.2669609854069602,0.2667789186297838,0.2661864195879799,0.2655144677664268,0.2649775899834523,0.2649335731150686,0.2641980619004252,0.2642372704947378,0.2648183707577481,0.2668135452086116,0.2675620021461361,0.2687866807304014,0.269009179346445,0.2690906192869869,0.2691726620741071,0.2696036866320495,0.2702664339935771,0.2708545645935704,0.270838975156095,0.2708484093305741,0.2704030363584004,0.2701416971807152,0.2691152839973523,0.2694118786076768,0.26872538687753,0.2687144316871561,0.2685028063938827,0.2684318488181905,0.2681720437839158,0.2678483807681193,0.2682370817602532,0.268211114720298,0.2682837899204328,0.2678588951408707,0.26790348277019,0.2669873793229249
395068,112,"Santa Rosa, CA",msa,CA,0.2835628031327815,0.2835059060369677,0.283671682556421,0.2849703451861911,0.2852449411546974,0.2872255582123117,0.2866595393222924,0.2867056351982577,0.2876305839305816,0.2885827364294116,0.2895701481839113,0.2911769524061353,0.2928377403608826,0.2939374569276719,0.2994610045164244,0.3001533644047757,0.3024295651872842,0.2994271062777148,0.2996866413478258,0.2988548050044507,0.2965141362128883,0.2954604907087162,0.2937299082491132,0.291603592826872,0.2914466878598061,0.2937359363836341,0.2929859391667693,0.2935311991992758,0.2922160571478479,0.2943085802447042,0.2938090546175236,0.2941049325355192,0.2953067642113507,0.2972627668137025,0.3007054982544131,0.3026653340147267,0.3037236743208427,0.3022393530281726,0.3032240131485214,0.3009917151838042,0.2999227998201502,0.2989437914055969,0.2997325832580318,0.2992747455473331,0.2984576994319485,0.2991974873826322,0.2984562481491631,0.2987784438540203,0.2947426612038977,0.2938731527447712,0.2920273227688075,0.2926360254064021,0.2930535310510198,0.2931843833985069,0.2927237247804711,0.2929416671573873,0.293467673190745,0.2922656045070445,0.2915989711989746,0.2909092225909125,0.2934667686080002,0.2941822462225065,0.2922222216416363,0.2880595346515465,0.2839421187162201,0.2823654819314829,0.2798592533916365,0.2794935963891215,0.2801440056014951,0.2858177304301497,0.2869832436818177,0.286063775600458,0.2808640543573563,0.2802469357541389,0.2822439065195545,0.2856742900014055,0.2894233326396051,0.2905409877822572,0.2921903422210463,0.2926167770052738,0.2962879254149528,0.2966789264382844,0.2995393547787773,0.2981199964755091,0.300118760147369,0.3002270118005966,0.3025810570096169,0.3037055051744185,0.3037602628655358,0.3030574837649354,0.3016429513276861,0.3000914176264658,0.29812576901482,0.297076453077228,0.2952912646761003,0.2955727309943493,0.2941075112135274,0.2936567866205157,0.2919809889504264,0.2915089038457698,0.2913408886952904,0.291625548582234,0.2909711321506038,0.2913830527578152,0.2914551252443552,0.2910448113245784,0.2911958717363158,0.2898125524587785,0.2896982967748774,0.2877828116767176,0.2865448248826452,0.2857213916493304,0.2851470833729637,0.2831666954817011,0.2822580861849227,0.2819511850336407,0.2829130656689129,0.2837654353469522,0.2835552763772369,0.2833372452835436,0.2827877994187568,0.2824002933402032,0.2822339919244747,0.2812251901963275,0.2801281359345587,0.2804668839507792,0.2805829971505207,0.2798123803354643,0.2785397720855443,0.2775096065997172,0.2769904267113868,0.2766488526303842,0.2762814453238397,0.2764397059994827
395019,113,"Reno, NV",msa,NV,0.2053973162977216,0.2074351325696304,0.2087933019322749,0.2092169493686729,0.2094371672683602,0.2095432178268921,0.2094125689735454,0.2095626299083478,0.209826843576124,0.2105431931177985,0.2123306435209673,0.2129621238410524,0.2133075532496066,0.2132407481747605,0.2136201915770656,0.2153441297665102,0.2155388176468049,0.2153564828434139,0.2151542689684207,0.2156925140091771,0.2170372681207879,0.2182636512663101,0.2189204209564504,0.2200240468081907,0.220411802236587,0.2212581840362596,0.2227304722117338,0.2247448962044737,0.2278689291584326,0.2288759179422046,0.2301465706940569,0.2302463196712222,0.2317990119667818,0.2320262874641448,0.2332533352530923,0.232912074821457,0.2341367831525497,0.2341179859100569,0.2352197627128537,0.2357020875909052,0.2362521422886213,0.2368919153088132,0.2375866311055892,0.2384461309592386,0.2382265625900432,0.2385308442969301,0.2387696274138681,0.2383710850176234,0.2378746685168382,0.2371158388373156,0.2362999209113723,0.2354454277474984,0.2342273559391673,0.2334753161651839,0.2324537200746298,0.2318535426675866,0.2324433722564848,0.2334302176631642,0.2339066643978774,0.2348027233530637,0.2349835313899418,0.2356057915365062,0.2323500434289454,0.2289730020574631,0.2253524143146929,0.2236863449607191,0.2235965019847668,0.2264957532485576,0.2313350919638091,0.2371322884490657,0.2412793329679691,0.2423536530926368,0.2427892075946372,0.2436452540634572,0.2452913209418123,0.2469901464346049,0.2496646745723702,0.2512452303465003,0.2537808703294854,0.2542931364330197,0.2578233093900534,0.2594027532579921,0.261680106025223,0.2598526509444927,0.2600256024179571,0.258528298341068,0.2591983341383663,0.2591730938720357,0.2591756748562694,0.2581043901449706,0.2560188466105606,0.2537447722942918,0.2511915813654598,0.2498263929460952,0.2486350155878579,0.2491557935378911,0.2474559075456976,0.2478152654475202,0.2458124369704762,0.2452401761156941,0.2428495737563392,0.2412701666775678,0.2394243772548135,0.2381126453014595,0.2371497709605575,0.2362415369801646,0.2354839834704247,0.23506602496162,0.2348585425064537,0.2333913374234822,0.2331190411286332,0.2333935618115877,0.2337512864953991,0.234373219754559,0.2335324089773936,0.2338654424943887,0.2335586067364762,0.2340764533904453,0.233729485144569,0.2333434675448843,0.233409095666101,0.2332284723039293,0.2331163672052331,0.2321042215293917,0.2319887509617158,0.2320086148305505,0.2335691094736883,0.2342286389090788,0.2355115453611638,0.236147936775898,0.2374566170239587,0.2385448701066194,0.2397549900980979,0.2416342837716142
394698,114,"Huntsville, AL",msa,AL,0.158412806341649,0.1587455225917871,0.1591371351798615,0.1599599548070509,0.1593798147365052,0.1585065915161055,0.1574562618810528,0.1575260311276208,0.1576211532403249,0.1581892411937735,0.1579086763516556,0.1576961325772509,0.1579806817737178,0.1580310946120192,0.1584387896431007,0.1578585055019794,0.1576119841179718,0.1572679645115541,0.157222954056481,0.1571302256844041,0.1577604462721809,0.1574885737363769,0.1578387296196166,0.1577677792204173,0.1576724980039165,0.1578612648068705,0.1577687838405703,0.158191712524233,0.1583095983378464,0.1582597592312913,0.1586668673038683,0.1581909938763618,0.1573245134273808,0.1568683052766735,0.1570076337854584,0.1572144963405983,0.1574071320620665,0.1576303873406303,0.1579166461933792,0.1571720760797483,0.1575527250621962,0.1584736392417574,0.159432587760737,0.1595489045799686,0.1598690817144743,0.1606870101529853,0.1619043851373449,0.1624292770963008,0.161760362096998,0.1622181806869692,0.1625305534705426,0.1636180477914939,0.1641005300291391,0.1645212241607128,0.1647644787076253,0.1661382096874122,0.1675820825481688,0.1687243596770199,0.1692811696861798,0.1705728272135064,0.172921232077743,0.1741855367022816,0.1728558734828825,0.1702696231820393,0.1695709591016828,0.1700359412755835,0.1720965511636728,0.1732716469872834,0.1763058806103682,0.1780575089919663,0.1802425022734282,0.1790375109870883,0.179279296940702,0.1791538500594252,0.1820814720117222,0.1846943951191966,0.1875526706894653,0.1882575423785382,0.1882095655212957,0.1882174288598002,0.1907041391945045,0.1941020088599265,0.1964378036443204,0.196934976595848,0.1955594600879794,0.1948533051654999,0.1925999029075094,0.1915136479688326,0.1902961350701544,0.1906729797078271,0.1901726891606434,0.1902798291980005,0.1888438023611409,0.1884246417991515,0.1880567683597443,0.1884430893269448,0.1886112367633108,0.1889346223905998,0.191283785508984,0.1925862087996039,0.19267921000337,0.1906973678419679,0.1894295077369443,0.1881169534925848,0.1886229584278704,0.189034200370697,0.1897635643133658,0.1894226649715146,0.189156308514195,0.187912993323876,0.1870329304998943,0.1858063813701114,0.1860368738928867,0.1857841820330241,0.1861888666020031,0.1860120864843828,0.185809496500222,0.1850716714718055,0.184533770234894,0.1844694020963681,0.1836607271924804,0.1837746091654747,0.1827566410054129,0.1822119878147093,0.1812211494102074,0.1815429359373252,0.1813005654823065,0.1814057030384998,0.1812113526520114,0.1812925748459652,0.1811081605582231,0.1808569975174388,0.18115578470469,0.1812103058762858
394995,115,"Port St. Lucie, FL",msa,FL,0.2793225488415491,0.2805436627344821,0.2816815591060903,0.282606326153457,0.2834403143976253,0.2833102834545997,0.2844154815966296,0.2853144769629276,0.2871301488002449,0.2895226012116393,0.2916133592640794,0.2921333257386746,0.2921598017134028,0.2922681337340782,0.292934901838538,0.2928895588162073,0.2945807386785833,0.2956577135983087,0.2966854126038368,0.2964271254083672,0.2962178699075191,0.2958088941241106,0.2950152469171362,0.2947195885401885,0.2966108425483622,0.2985759061150788,0.2997557100704422,0.300377928865304,0.300312434658318,0.3013122940441154,0.3005361019946359,0.3007688341266497,0.2981649197948385,0.2966821146565156,0.295259738271926,0.2959302131394782,0.2947372290762444,0.2938805890969135,0.2925517037226874,0.2914021897765474,0.290639531327547,0.2897876955469254,0.290078014574267,0.2890390942500818,0.2880740936837551,0.2862229128377447,0.2865762222461645,0.287081569306118,0.2873664014995005,0.2863003565311067,0.2858275770101435,0.28545338137011,0.2848151344040824,0.2841907578663554,0.2835046918649022,0.2835655631280741,0.2853271703912778,0.2872800780904037,0.2875953898853159,0.286761733083507,0.2864506314859019,0.2866456545683001,0.2853115036680081,0.2843194270838741,0.2835023458698196,0.2825682304851266,0.2836868467272412,0.2837989361620274,0.2889146435825001,0.2935878206895073,0.298041450346015,0.2982086591487762,0.2996382763679373,0.3040061130293469,0.3083737542048771,0.3116392542288997,0.3145439713994185,0.3202665394349927,0.3249045424381538,0.3316642952318361,0.3383481381882386,0.3491575732654133,0.3619379005294362,0.3707912178035673,0.3759294445149612,0.3739113496239092,0.3742318045564173,0.3746736418045702,0.3774441753655345,0.3785378375359666,0.379714111382939,0.3792353318251316,0.3785958925120211,0.375713179768114,0.3710043748039928,0.3682590712113917,0.3668628330194791,0.3680534838369996,0.3688805478265295,0.3694660790886785,0.3691415097637953,0.3661449729491515,0.3631642584625873,0.3611231942751435,0.3589733636538375,0.3552886533632797,0.3494630072468523,0.3449085658530773,0.3405981864466202,0.3384303199250822,0.3358319033253533,0.3332965719118442,0.3325210667857249,0.3304365303808088,0.3283185182778936,0.3252212782161658,0.3235641221055043,0.3235726618349813,0.3236199241171462,0.3241194843014655,0.3250881648582109,0.3246715378628237,0.3234820444091487,0.3221397046883995,0.3195721638414625,0.3196265788334209,0.3197914001509639,0.3204554037182954,0.3204131037779546,0.3200199024736309,0.3207207572423067,0.3203671359756616,0.3198345703808084,0.3191527614606512
394761,116,"Lafayette, LA",msa,LA,,,,,,,,,,,,,,,,,0.2520445991708885,0.2500064151245436,0.2490359998297003,0.2476937061814793,0.2491788400166771,0.246846893825064,0.2490960175284687,0.2470192355353198,0.24923984032477,0.2482982282052152,0.2502190365786656,0.2477074110062785,0.2477478227662542,0.2466493080674915,0.246667743613422,0.2471554991399434,0.2466037693643954,0.2468161014749335,0.2445264714145425,0.2445978697329255,0.2422093613064181,0.2425264532297751,0.2402842710372884,0.2393182624553518,0.2371524072390747,0.2373353694332634,0.2372742320365076,0.2375665712260501,0.2360447695168036,0.2341977359304595,0.2323893297485931,0.2320443931135195,0.2312404424578834,0.2302208488292552,0.2297621629948876,0.2294075805007771,0.2294855473574471,0.2291003400982829,0.2283415891133816,0.2271354927290059,0.2278870834160285,0.2293405030409399,0.2311313356686421,0.2315359408353609,0.2326376723717214,0.2327326867616685,0.233102571840855,0.2304669790047694,0.2282509914896828,0.2273713357472736,0.2275369080038907,0.228995309796041,0.2344208905758011,0.239076093652288,0.2424719826722017,0.2427778201964805,0.24294558729037,0.2424844264148186,0.2448471460974368,0.2476923727888167,0.2526857589503247,0.2526093383747646,0.2532923706103864,0.253322006994699,0.2569289853989342,0.2606313809144745,0.2643930161573767,0.2648605737189531,0.265680549411151,0.2653338932984297,0.2647814422918076,0.2640400007231445,0.2625843604414337,0.2620392731366923,0.2601257777346377,0.2584985890553556,0.2561939304662479,0.2549894011727268,0.2533794356592229,0.2540718939567644,0.2537196348366768,0.2553818384061798,0.2557702122895819,0.2565819003195984,0.2551656670617648,0.2548429524561981,0.2547195841484758,0.2560996296569897,0.2571597628776393,0.2573505178432099,0.2570850575199553,0.2569419849939372,0.2561215541100475,0.2548549057224527,0.2521158102625844,0.2509069879015034,0.2512873399918927,0.2524377606091302,0.2524947256291555,0.252765538592452,0.2525056006477815,0.2533783454075437,0.2545892444147811,0.2551670930423585,0.254859416205772,0.2538213936748236,0.2550196472957362,0.2547885333676635,0.2544864642584443,0.2533390229337054,0.2531977861315574,0.2522385224974994,0.2524851244507974,0.25215042053886,0.251770503159841,0.251105864408732,0.2512186766443067,0.2517088141210325
394898,117,"Myrtle Beach, SC",msa,SC,0.2458556123631248,0.2460029389289595,0.2453849753318154,0.2464409320173955,0.2488700478857238,0.2490663014240897,0.2502058976436323,0.2504173335524814,0.2503043509851878,0.2512149680479574,0.2507572878109287,0.2515002587672363,0.2516942151054037,0.2515385604159044,0.2523913076411605,0.25258294788723,0.2517508218078747,0.2527111700282088,0.2530057512068736,0.2547564646014675,0.2563721419913272,0.2575506331781567,0.2585770171485557,0.2581316426002238,0.2601643983738923,0.2622607127395857,0.262780583549905,0.2635310645931178,0.2647870134756773,0.2665479872574873,0.2668540554624364,0.2663695113195723,0.2656752286025274,0.266353643269042,0.2659005573117347,0.2658536588052902,0.2649961002996203,0.2643425190541132,0.2630051416880103,0.2629041848133929,0.2630046631773226,0.263163127962381,0.2623321299900213,0.2615829904280196,0.2619332863069625,0.2613416221447672,0.2625645372469262,0.2609091656819203,0.2608428792399172,0.2590622035707644,0.2594885461215415,0.2589720388508482,0.2583406910414186,0.2574774723673029,0.258183241016522,0.2590448536196255,0.2597482338575028,0.2607311927166771,0.2610586148321496,0.2639817743388934,0.2657349389818871,0.2683126382479651,0.2653523377712558,0.2611652113879772,0.2560474993159242,0.2548346445958488,0.2547719499031363,0.2560725000108346,0.2577631180319759,0.2584237046231725,0.261562974544751,0.2626912602324662,0.2650893917963798,0.2663152684448118,0.2672052426970734,0.2698751896151656,0.2722532200138742,0.2754345405803525,0.2790697945947352,0.2828347067411055,0.2892543519605998,0.2971897365124208,0.3006414477711313,0.3022627602876038,0.2998769864032112,0.299783399720651,0.3009650415141633,0.3029246770491676,0.3061246633077562,0.3060567664648912,0.3048944529628564,0.3036606725533869,0.3027371671384112,0.3019500161420774,0.3011612747205341,0.3007954029883621,0.2997679387272209,0.29934295883611,0.2981250310478126,0.2991356366767019,0.2990255307354139,0.2980740608263205,0.2975664246761817,0.2957338876846788,0.2962875173080572,0.2947795796739857,0.2954166024956289,0.2946529682386238,0.2946130206849847,0.2935229911879704,0.2929554068591607,0.2922586601790985,0.2909335150221408,0.2906807991152178,0.29121832321448,0.2923458842087583,0.2926193192949963,0.2914920631226373,0.2903730723040942,0.2894095894633895,0.2889019999755876,0.2880984625473768,0.2872499114975234,0.2852002299925597,0.2839479680851285,0.2832868761537733,0.2820623144536772,0.2810016436918408,0.2798430256620309,0.2805411681734954,0.2802917282652133,0.2800555504562284,0.2792805896785319,0.2790443006842048
395116,118,"Springfield, MO",msa,MO,0.1915978845413893,0.1910467709668444,0.191169086604403,0.1909374810012412,0.1917569641220282,0.190787777551697,0.1907376963987949,0.1900662960711727,0.190289674647574,0.1898115997202128,0.1884343350341426,0.1874913235891804,0.1867780523672662,0.1869643725297722,0.1861192418287547,0.1857970475894471,0.1849551992976603,0.1852953415855095,0.185082972904469,0.1851717411824839,0.1847891828187199,0.1857602360441875,0.1859939848834819,0.1883966983143757,0.1887184326584388,0.1894807217486138,0.1887542873204533,0.1882005579415186,0.1880224370287973,0.188077000536934,0.189244295998473,0.190148790784491,0.1909726293391554,0.1904431998549731,0.1916823133581289,0.1894787341714236,0.1893716069353574,0.1895815649454968,0.1915447568706257,0.1933625272241937,0.1928896811502743,0.1941741958709747,0.1941813347231619,0.1953849011952046,0.1955043349403517,0.1967438042891915,0.1965933253513515,0.1964240722452278,0.197110978971315,0.1982019663275564,0.1979655274758133,0.1976855040754946,0.1991962607313863,0.1994022858493489,0.2002687152593479,0.2003322356921571,0.2012228960330829,0.201697711074754,0.2026744917534297,0.2052154301726686,0.2066227934102032,0.2071970822819985,0.2024308157988386,0.1998595937013911,0.1973600280325015,0.1974620197634842,0.1981799250259754,0.2000281659559115,0.2005607928984198,0.2016754290632709,0.2023955906770473,0.2026906730314971,0.2035571990694559,0.2048810019463157,0.2071770534610095,0.2079214888630734,0.2105077188338709,0.212257941338513,0.2145765105870493,0.2137233093094585,0.2151733813430832,0.2177626929198362,0.2213506885503108,0.2228753496437637,0.2223970416965592,0.2211502381384467,0.2201781158392945,0.2213048044361599,0.221183888911322,0.220224028118575,0.2175544562788468,0.217763405784367,0.2192210421497621,0.2201756305613385,0.2203122912689218,0.2201406582447087,0.2195760540198166,0.2190614997968888,0.2180545391326615,0.2182476390256424,0.2178426134852747,0.217334024268254,0.2176662897631477,0.2174896782531667,0.2172695707805034,0.2161144827547477,0.2148501682519308,0.2131373160951879,0.2124237699355951,0.2123625598342857,0.212067274577441,0.2107043398679728,0.2093814514614924,0.2088706943179804,0.2087101710637762,0.2091410776572529,0.2094520106037679,0.209910592879387,0.2094432006957795,0.2092378039474072,0.209789500762062,0.2106379315061058,0.2108760580266819,0.2109091323280473,0.2113733669928268,0.211705770878551,0.2117090586153585,0.2110510239893879,0.2105387907483888,0.2104302257318691,0.211145305756372,0.2118536608753128,0.2116283132477013,0.2108592668202124
395195,119,"Visalia, CA",msa,CA,0.2564135348970049,0.2558291817909571,0.2553177924084348,0.2554634085296006,0.2555101149591172,0.2542401578935586,0.2541144294291902,0.2537053027913919,0.256102231321553,0.2556552585301304,0.2566579980673792,0.2571925614458724,0.2570977404606211,0.2560613712443424,0.2557389005295474,0.2572823768488642,0.2591055229569008,0.2600040582170684,0.2584902416374942,0.2585501908700357,0.2570104257310807,0.2589724419885811,0.2588970266217036,0.2597980465985547,0.2596275093038543,0.2601437520087825,0.2612064277638734,0.2607994044511655,0.2614997077078931,0.2613976258591449,0.2617058114207092,0.2599308474225298,0.2587746432882521,0.2579381427346835,0.2582139012464775,0.257747290112326,0.2575419154869184,0.2572589578111603,0.2561275536884616,0.2553949004521867,0.2535355807686917,0.2531074878967297,0.2510591929833706,0.2506000717213183,0.2486782829900392,0.247031604027984,0.2443815533662151,0.2432296032765513,0.2421058358013235,0.2403736222843046,0.239086123748663,0.2377172353805595,0.2367422067885825,0.2359022198922653,0.2365049276180513,0.2366320751159493,0.2381484826559249,0.2388933142657469,0.240256936708881,0.2406878957035351,0.2411759799232613,0.2419232218035829,0.2419455463105725,0.2414581416807779,0.2383898829873302,0.236519659825198,0.2357034057648006,0.2375756429994809,0.2408630227731746,0.2418749379477582,0.242233504304569,0.2418144877526897,0.2440234554887703,0.2456850990051149,0.2514338420249397,0.2582657793436658,0.2641189836793003,0.2653943420417174,0.264709770287366,0.2638291185550695,0.2660440413302353,0.2725033454104626,0.2799175009711573,0.2847580778642401,0.2834813311074268,0.2811318977582108,0.2776415387587246,0.2744401492991979,0.2779341702954356,0.2805735391468025,0.2831220745000387,0.2825149706332439,0.283155862984323,0.2816782933499585,0.2778580661454162,0.2758658536874456,0.2760605702475314,0.2772606213501775,0.2779199147897224,0.2781151824232937,0.2752744532333246,0.272453041887297,0.2721094390240888,0.2730866386359044,0.2749999772565067,0.27543957852709,0.2778082420884158,0.276849039056789,0.2779075269090587,0.2782819103222441,0.2791023900696784,0.278823297746467,0.2790051126421735,0.2823255853262421,0.2829079588592234,0.2837510666089235,0.2804212915721787,0.2817174824888379,0.2825163090528405,0.2858949844412441,0.2854815312972449,0.2850259238272042,0.2847455639732619,0.2852577866297585,0.2856006558156618,0.2842989866212912,0.2840195986086243,0.2835179781453301,0.2857537732718724,0.2855058685664662,0.2850296533819947,0.2836450702790546,0.2835857589862781,0.2836299966760201
394746,120,"Killeen, TX",msa,TX,0.1976158638293257,0.1976257643857696,0.1984395454782446,0.1987885265463969,0.1993502077962014,0.1992563919271434,0.1991658914282138,0.199100178776989,0.1983533996754045,0.1977076438613687,0.1973888314011677,0.1973104814913714,0.1975358744790078,0.1972383270518276,0.1969766384699681,0.1960599056421717,0.1957057764041195,0.1957835638779474,0.1964969760040072,0.1967921577382502,0.197049786057647,0.196892379734516,0.1967415802301261,0.1964293810772107,0.1955972519557998,0.1952466423860767,0.1945196006015818,0.1941926613018153,0.1932679010565736,0.1926622919726652,0.1919312423403828,0.1917852916848018,0.1922585481871164,0.1930137899045494,0.1933773614450707,0.1936987682363992,0.1937753574818096,0.1937935900919193,0.1939640812704097,0.194507085435644,0.1948300957162888,0.1949783188477563,0.1947104536184102,0.1950809423732846,0.1958180130719897,0.196636866730662,0.1973584831061592,0.197621884775655,0.1981896966868905,0.1988286533785705,0.1997757704488567,0.2003980165574362,0.2013687917062422,0.2022028888345328,0.2033098343446537,0.2036947409897043,0.2034047725385267,0.2029907988430775,0.2029424088353799,0.2037982812986482,0.2047265430398297,0.2053123312037574,0.2048762736038703,0.2029870495235193,0.2015941153455381,0.2023763261098402,0.2038806054910762,0.2061734060892318,0.2093442146794786,0.2127347875800703,0.215364451243993,0.2151335015957393,0.2141117022666597,0.2148412179852538,0.2173076431153193,0.2221381928348041,0.2258230889608556,0.2285103011550772,0.2301717565287469,0.2318497833528077,0.2357068937246025,0.2399940868124075,0.2437032159875416,0.2446374543361597,0.2434650643877491,0.2422470238450154,0.2413933298829178,0.2405974600476286,0.2397464701103864,0.2380523514062641,0.2364531032641069,0.2352289017364452,0.2350059139619071,0.2339281580346186,0.2330728251895719,0.2323749421132712,0.2325483504483909,0.2324494466092586,0.2325231986891628,0.2323462181565349,0.2322959368476299,0.2321963275541789,0.231330388613708,0.2307485327774202,0.2305966286684493,0.2314655076985134,0.2311064159263876,0.2305688277923711,0.2299387219053915,0.2303928683343096,0.2303617878381284,0.2300989945684445,0.2290853524214802,0.2286383158158088,0.2285125399618298,0.2280246312349019,0.2271975171145505,0.227099123659876,0.2278312205158535,0.2280354297678043,0.2282598373318978,0.2273705219471265,0.2267722495491092,0.2262489819566831,0.2261839628663584,0.2258988408086659,0.2256593839682904,0.2254394079030714,0.2252706426918244,0.224196113690804,0.222898967985484,0.2217665594540521,0.2205488759820038,0.2196530420190222
394338,121,"Asheville, NC",msa,NC,0.2437378396796617,0.2430412252369211,0.2474142613422957,0.248183839917953,0.2482816815438309,0.2450243053803965,0.245431281476688,0.2471986948669759,0.2492757335484392,0.2493172740902614,0.248685810977056,0.2512767245594429,0.253129745505852,0.2535685767576406,0.2508107735702733,0.251263531682031,0.2529746572045998,0.2563944284236774,0.2575745078024043,0.2571951249589562,0.2571577535430647,0.2566664967822155,0.2570419559426516,0.2539532993478048,0.2540776693024766,0.2541712893950395,0.2569792045220856,0.2556097685160944,0.255866272062652,0.2546114786757216,0.2550512962413268,0.255659091511667,0.2560068970620232,0.2568820664202542,0.2569195303144571,0.2592257059815625,0.25931808092339,0.2605951751165883,0.2617563501315191,0.2634034955376252,0.2632287616791955,0.2616690192764804,0.2609890789330063,0.2596596893207732,0.2588069721258,0.2581188828574479,0.2584693068660537,0.2570252415874138,0.2571386150999005,0.2542488576012109,0.2516630642479426,0.249997183861563,0.2487336167466806,0.2494578462829876,0.2491360543323523,0.2494058161617538,0.2497428172095391,0.2498382283400285,0.2492707333677307,0.2492787728774251,0.2484355500865833,0.2489187309268445,0.2482662667335132,0.2470391690688839,0.2437402308572495,0.2435212661646412,0.2443761696724037,0.2456879925373793,0.248136286037126,0.2503591696852693,0.2510631975205082,0.2505853373536088,0.2503685554010131,0.2525478147601485,0.2548269502442027,0.2579951936499473,0.2593968189517061,0.2616605762738591,0.2635926339002348,0.2666906530006445,0.2720013955051683,0.2793843685424685,0.2870036514965756,0.2910072120203149,0.2933876980197978,0.2940348052470878,0.2944625498928659,0.2961266573377736,0.3007429683658688,0.3027929410160636,0.3030097282949659,0.3013761869570217,0.3013813088697719,0.3003779653448162,0.2996400565209322,0.2971845204009281,0.2956555531067067,0.2924978376831042,0.2933922015141599,0.291223344013807,0.2902080855454748,0.28642738002964,0.2842145305974204,0.2830164240490073,0.2830644781348209,0.2829829242325411,0.2826468169242117,0.2812370515738295,0.2804447987049692,0.2803968488798636,0.2801827233308159,0.2799127909507882,0.2789381871877278,0.278371029241413,0.2775138451379952,0.2767592029589215,0.2754131232280497,0.2747111392469833,0.2734645217187613,0.2720738555936625,0.2704642762071526,0.2698418168660662,0.2675433430156013,0.2662435284533733,0.2644691327432402,0.2641038661819911,0.2635617127386837,0.2627700413986673,0.2620683165309734,0.2611086690203339,0.2604854071316257,0.2603792981645264,0.2602793016503245,0.2595061654366309
395244,122,"York, PA",msa,PA,0.1622521107192129,0.162518180895351,0.1623524602918003,0.1622620689198692,0.1623629934610973,0.1612399431695175,0.1611261975761512,0.1614185260191291,0.1612405707951715,0.1619471886363395,0.161139355684079,0.1610154636893056,0.1593368895978605,0.1595379780035137,0.1599413248390876,0.1613525923186716,0.1612407671968475,0.1612773119972688,0.1609555385994677,0.1599998895902096,0.1597384041167393,0.1586993892275217,0.1592436372091866,0.1591375182721174,0.160124134602283,0.1592003091586214,0.1591569161266696,0.1583185883240666,0.1588256019744859,0.1592161100833817,0.1594733935976379,0.1598877589896597,0.1606805438939006,0.1609916346053112,0.1601860484567403,0.1585350157967421,0.1581360334298772,0.1588160993163679,0.1597660043849092,0.1603980961818287,0.160080362450353,0.1595782322808071,0.1593764703260348,0.1599099514935424,0.1604314974993241,0.1607161039048812,0.1610154315788038,0.1614493816352104,0.1612378090115639,0.1606665273680781,0.1600343181905459,0.1598163736001082,0.1600197794850859,0.1606170458736175,0.1611437342707215,0.1611596543027095,0.1609998272818633,0.1613945094620975,0.162057554811475,0.1633527579330708,0.1643892362926719,0.1652493279518915,0.1652828680631226,0.1639875891750994,0.1620070842615066,0.1609877332027394,0.1606359429263329,0.1593823508813352,0.1589900899390981,0.1595297673014587,0.1625746498616094,0.1624197220533438,0.1629123555550895,0.1611080144722183,0.1620539575436671,0.1635213315203641,0.1660611913819487,0.1675287350746543,0.1674306214682499,0.1682115044668425,0.1707281536509465,0.1738953453687082,0.1747356786787243,0.1750455916297633,0.1740644265741132,0.1747599147363475,0.1746363853980453,0.1744585972828911,0.1743660163811491,0.1745922961310731,0.174530336847735,0.173959410243627,0.1739714799851442,0.1736748658106801,0.1743347724802899,0.1749581472440918,0.1765257407600285,0.176725955383211,0.177327859493138,0.1781612371377322,0.179478817036765,0.1801017236747439,0.1802860474634727,0.1819907207465269,0.1826321227352908,0.1835779571782886,0.1835434666473658,0.1836641455161187,0.1837394855002453,0.1847465003567517,0.1850863083827693,0.1860205623506018,0.1845531700142716,0.1842441232818954,0.1844370637436239,0.1857917670139296,0.1877591899858263,0.1887765355048485,0.1885194544514851,0.1883952046901421,0.1880882214940403,0.1889859950994054,0.1891759594107551,0.1886922881213635,0.1897625293103788,0.1904522464003815,0.1910884544558178,0.190141709187409,0.1892060079201061,0.1889124374044256,0.18990875502005,0.1907193390243895,0.1913931904199245,0.1908861525267328
395183,123,"Vallejo, CA",msa,CA,0.2375642972712264,0.2375253891592122,0.2385651072671776,0.2397026806505447,0.2400228767266978,0.2415352576484247,0.2415050333074967,0.2423783079952953,0.2431187079005211,0.2454965087081076,0.2459182506747266,0.2473621291590937,0.2476442434523652,0.2476759108696453,0.2493578401295062,0.2508886357885623,0.252669458335068,0.2520968815729709,0.251550812993763,0.2519929105966501,0.2514596828169707,0.2509638603901575,0.251227007369149,0.2517835518309976,0.2534342306211346,0.2537085760849557,0.2534963661539481,0.251829569880601,0.2525045323622622,0.2532611250665266,0.255065720994465,0.255108053203,0.2557774536366669,0.2551816672533974,0.2552028504403351,0.2548004006371838,0.2544705916786208,0.255029438627121,0.2559496889548092,0.2570964173804249,0.2567490948062556,0.2575553513683194,0.2578109676627141,0.2580645148642337,0.2586663643799577,0.2582256656686772,0.2594026821479263,0.2600312008990892,0.2610493931264928,0.2613753468096519,0.2611966099459599,0.2614569477752727,0.2618219271977597,0.2624851959441485,0.2632256178017464,0.2646487585927613,0.2662631856102796,0.2693024985840183,0.2706428461206849,0.2723940469443701,0.273557200362264,0.2748042105325874,0.2739023435567494,0.2713659065322229,0.2679508794939093,0.2659738198684095,0.2658008506292207,0.2675521311150062,0.271412947556231,0.2747655754169921,0.277355654638634,0.2775889984138522,0.2777420549111676,0.2760901712479702,0.2782257944534736,0.2811520468218986,0.2861104171693004,0.2864003513203794,0.2872953661961071,0.2864313781283575,0.2877252373134731,0.2887536427350947,0.2908070742683104,0.2907620307769358,0.2894342015194452,0.2875340387306156,0.2855016361828761,0.2859836911196099,0.2858767293799208,0.2868824835568856,0.2854869897389302,0.2843537663384776,0.2845884854521922,0.2843107228854047,0.2845438887632168,0.2838299520165822,0.2838095900680494,0.2851710694057422,0.2868546900349138,0.2873290866496663,0.2865128092226743,0.2866741804694797,0.2867880071530102,0.2879558127684556,0.2873147975771778,0.2884191455257784,0.28795106520184,0.2885185488665813,0.2889628655708547,0.2899648800038685,0.2909107857496055,0.2914161309129406,0.2920094566200242,0.2917936777955855,0.292787328915835,0.2937371451061631,0.2950933496263624,0.2957166371844645,0.2965141282642612,0.2969562745916633,0.2970533572077106,0.2964744932243454,0.294970682319663,0.2937578994492912,0.2932233083950923,0.2932020147119434,0.2927900723004034,0.2919091442808502,0.2915758196840743,0.2910504912907718,0.2909068293489912,0.2904915643478819,0.289784714774873,0.2889927397266266
753917,124,"Santa Maria, CA",msa,CA,0.316921184751707,0.318419908359821,0.320998648388669,0.3218684333491868,0.3249332391015549,0.3250246034843899,0.3248667559213489,0.3245721125664041,0.3242521188430102,0.3249774433985319,0.3273643673471759,0.3310986092091399,0.3329221547257499,0.3336070616815131,0.3377965334577091,0.3374253160421922,0.3354236937638192,0.3314734578260555,0.3302381837701645,0.3302256816006856,0.329191688791194,0.3285858260502249,0.3288118153807726,0.3288635321185427,0.3297603817132491,0.3294300870009257,0.3294119452646014,0.329005573012015,0.3271194591685098,0.3250717101896205,0.3236995645584362,0.3229751814483408,0.3260225690123954,0.3284460546694541,0.3289750116786323,0.3264124675963096,0.325197184151377,0.3280042926015223,0.3301069234502613,0.3311344475122606,0.330890762643225,0.3312699525940766,0.3332874807066472,0.3320821901266832,0.3311635138823249,0.3290086593166114,0.3271019144384636,0.3255539830793982,0.3251268395394172,0.323940740145965,0.3208624288237708,0.3195664012413436,0.320286766515486,0.3220644073256589,0.3220141653048512,0.3239070775054282,0.324855358378575,0.3271043377220574,0.3299106913902903,0.3338184972156142,0.3362369138228251,0.3374303972090753,0.3371583125693362,0.3326237997746067,0.3305109475787851,0.3292854882251264,0.3307626136455376,0.3292619055785838,0.3282582581785992,0.3295923740085609,0.330618681619544,0.3304576496037692,0.3281141306580404,0.3287795453044507,0.3331249516058431,0.3395024691224774,0.3452999279328889,0.3468677528978421,0.3516513188745329,0.3562478896595653,0.3682122955682415,0.3749132686006162,0.3849684026750564,0.3900229484776031,0.3910401334908378,0.3921434121247198,0.396370955882502,0.4063128391740911,0.4094110797993422,0.4115210175901525,0.4066492921221341,0.4092432028369501,0.407206509258186,0.408959373164256,0.4074147938143426,0.4058575954645612,0.4108574600809486,0.4108416461140703,0.4101599649267063,0.4033573381480681,0.4019048022834663,0.4020715329097817,0.4043245903488786,0.4041940403946007,0.405741081892906,0.407189307033199,0.4041890085789113,0.4020393590417528,0.3951574466983096,0.3957682794063275,0.3939414914433758,0.3979975262569606,0.3988748503432926,0.3993504623113162,0.3983633246925956,0.3969525123406279,0.3968995374923379,0.3962195806899011,0.3947609890166603,0.3946991618252563,0.3972704323782537,0.3980596137078117,0.3982229253160627,0.3952791247258891,0.3936360884071592,0.3921561973796003,0.391973149742161,0.3917414083939887,0.3905595840169565,0.3892701805906489,0.3908473737551349,0.3907504466581786,0.3899012445204908,0.3877683367514297
395050,125,"Salinas, CA",msa,CA,0.2998649243450413,0.2981336261124133,0.2983290799989261,0.2991830539605064,0.2994429237561949,0.2991678097160699,0.2964186892183115,0.2980867498056287,0.2958309963214141,0.3001968061154,0.3007145702250637,0.3063794187473533,0.30660252458269,0.3064295438495902,0.3035233730999035,0.3044869050222091,0.3056051646105931,0.3079977113120317,0.310390924811239,0.3081095278744503,0.3106876512516053,0.309301671196189,0.3094871601803727,0.307409365462575,0.3102516618367781,0.312606783022968,0.3167124614986485,0.3161684920676424,0.3180446426498022,0.3174894166280372,0.315599605968235,0.3160647652780261,0.3158327154083287,0.3177172608701068,0.3183992272148748,0.3180143973369314,0.3165915877257108,0.3175053150030491,0.3178748163008115,0.3188734939594983,0.3178894791609198,0.3180021075441553,0.3176133893542035,0.318472393581696,0.3178906430245752,0.3178318275836733,0.3156204738980179,0.3131713476311804,0.3117786563894353,0.3127070629793991,0.3109130630841761,0.3099690702495355,0.3095302456358842,0.3099028290071336,0.3114577527046096,0.3118232637809986,0.3133084106832327,0.3140804498195236,0.3168938205106487,0.3206711257087243,0.3233860009897186,0.3231194642574626,0.316254704391448,0.3140832252162369,0.3108614818843547,0.3081463628275231,0.3056461790561878,0.3039045542932339,0.3051895427836094,0.308035958123705,0.310593198627737,0.3091305945094066,0.3048423073578638,0.303609933455944,0.3057362768407473,0.3088836059263171,0.3112185109888024,0.3093511341570567,0.3092390918032929,0.3118025618501928,0.3180641272082447,0.3223162769229983,0.3251878980581899,0.3264987561155126,0.3304082926741549,0.3295841379184643,0.3313494990358193,0.3329341607705464,0.3375042739519142,0.3411685094881404,0.340943450173395,0.3400537431792846,0.3385828028072613,0.339607042141285,0.3400539112108142,0.3416209514253126,0.34128643494513,0.3433272701169851,0.3403850508822685,0.3387952288753559,0.3369034156372271,0.3395446513259355,0.3429214049422565,0.3435519420114306,0.3426907096663246,0.3409989514089461,0.3403542471763879,0.3388477558929256,0.3373937816322631,0.3393596500878818,0.34111473619398,0.3434019678969148,0.3436686136616106,0.3436071453568077,0.3444361735847417,0.344304702854229,0.3462443997795994,0.3482669231688597,0.351553117122343,0.3528779674905954,0.354648819121039,0.3534467289251888,0.3537173186796964,0.3527016022133093,0.3528248303029495,0.3517160790023124,0.3502678215340724,0.3508222592342225,0.3507277223487495,0.3504097689649231,0.3485444226101944,0.3479302392934256,0.3468767172053856,0.345850847651502
395048,126,"Salem, OR",msa,OR,0.1942446271113692,0.1926800077541852,0.1940567553862159,0.1941302035031615,0.197038529098559,0.1967795730092194,0.1982497245495365,0.1992557034859186,0.2018958718321684,0.2033313240084697,0.2047821731305265,0.2053807365148504,0.2045703790601777,0.2071870984931201,0.2078357643133758,0.2105008107401829,0.2095573988149613,0.2118618950381363,0.2125255796569148,0.2149336105467543,0.2166461162757675,0.2198836887497122,0.2205338635719562,0.2205392604088573,0.2214185692964393,0.2225599233378762,0.2254976615292381,0.2264438928541648,0.227585980908323,0.2271588537861429,0.2274055151778148,0.226760408363959,0.2255615978393071,0.2229232091316527,0.2236364218316872,0.2262209256321258,0.2282161447923135,0.2278702037205779,0.2259511240252765,0.225287264116559,0.2240988180623883,0.223812758890248,0.2237269527503975,0.224489913552585,0.2236229378069563,0.2231421106181361,0.2224852179111278,0.2226914323733706,0.2223567160682263,0.2213776853829247,0.2216084334956511,0.2213564869840759,0.2220459163511403,0.222494717585781,0.2227634614784294,0.2224259573641963,0.2239912896502902,0.2256867995922536,0.2263819191148016,0.2254237982109125,0.2249347668685118,0.2255359787240789,0.2264215130393222,0.22365720260006,0.220266032760759,0.2192466793811732,0.2196834047379721,0.2210576653552662,0.221472954089544,0.2236848443625071,0.2261127340013848,0.2278221044704103,0.2278576649970824,0.2283740990094887,0.2301011618486652,0.2320568360642033,0.2351273304146269,0.2367737091616922,0.2382819675219969,0.2397288121588721,0.2430410400634872,0.2466536450355943,0.2500670415478428,0.2505463264524226,0.2496645103284153,0.2488427657505613,0.249774503585224,0.2519684187136555,0.2541880117263529,0.2552749931065588,0.2566358021595999,0.2562567575458789,0.2578262601593168,0.25775204389915,0.2572130299490782,0.2553085591200166,0.2546558673221553,0.2545626713762655,0.2534892155665983,0.2521699761081637,0.2493294126589682,0.2473442889830311,0.2447417617914254,0.243685354351229,0.2427374870024972,0.2427408850165148,0.2417102862037621,0.2416859605509457,0.2396473476669372,0.238439362734092,0.2365235859678884,0.2357571108757978,0.2345632764175104,0.2329334619307975,0.2315873302583879,0.2307765352250233,0.2292038855571763,0.2279188662335861,0.2269730442553882,0.2261272889279327,0.226582231071055,0.2260381676253471,0.2262694304763965,0.2254088585081466,0.2253647230816328,0.2252930280767869,0.2251809825699987,0.2243295902725184,0.224152798935916,0.2236733733220876,0.2233684954618998,0.2224560419676506,0.2218060501643557,0.2214250363814472
394870,127,"Mobile, AL",msa,AL,0.1940347679496553,0.1950025647981593,0.194709557190499,0.1948455049106319,0.1953473481553633,0.1965916493297521,0.1960758475974459,0.1966100596568985,0.1960589021537371,0.1962710725493253,0.1958909718192215,0.195919937961015,0.1957303118361311,0.1960214955370313,0.1961626167183054,0.1966740089662659,0.1963882591791086,0.1966751715880987,0.1973176691543423,0.1993399701795302,0.1998783613419001,0.2003770593898216,0.2006832307715201,0.2010148527831422,0.2014396927618221,0.2015554111432254,0.2031862855286309,0.2043086263025844,0.2044767830967417,0.2035447374476968,0.2034566331650606,0.2027482473963072,0.2030931670813877,0.2030110594836283,0.2027248983437654,0.2029783219807692,0.2035379026530643,0.2048129717778909,0.2039141261593759,0.2029478574975445,0.2025022348630201,0.2034303727479532,0.2029694582161563,0.2023001729184496,0.2024316370144445,0.2029444486695799,0.2043797349583936,0.2039082526973654,0.2043364421979449,0.2036230121660071,0.2037319568571383,0.2039471136287104,0.2043621214369138,0.2043705280863194,0.205016184066123,0.205781107059203,0.205887472515038,0.2058482315951293,0.2051880588247412,0.2056422614956221,0.2051924858769424,0.2048965460959116,0.2049389940867232,0.2020857128482245,0.1996943672231154,0.1979086641174777,0.1985880505552037,0.1989282196409065,0.2007867134238314,0.2019751291867543,0.2055850761737873,0.2064151134663501,0.2068286589807726,0.2074863513996148,0.209637409666788,0.2146138334029882,0.2182897084868713,0.2209000886100484,0.2211477611615525,0.2237716693269664,0.2290967073417981,0.2354585987363171,0.2364823431954975,0.2362626155150889,0.2357377587255517,0.2360928825384428,0.2372656925639549,0.2368745879437295,0.2390602150425987,0.2384442988142608,0.2398973538008264,0.239582470231795,0.2400656199722591,0.2400672446040732,0.2420178777894623,0.2416437564573638,0.2409856317170077,0.2416638576375746,0.2425043839011776,0.242892301837879,0.2404302671852616,0.241738482616648,0.2418032476382647,0.2431288120415812,0.2439900065909569,0.2449861798223699,0.2451253264133003,0.2438793494615501,0.2441765207683658,0.2430648512566376,0.2426182588590692,0.240724594220436,0.2406377943959678,0.2406908290172456,0.2409116793929519,0.2401825422021145,0.2381577886362708,0.2358900838248545,0.2353194596822603,0.2361674519516433,0.2370542626999632,0.2377241100370516,0.2372708278195805,0.238115828216482,0.2384380665810719,0.2376534253865478,0.2369908689869899,0.236678124504564,0.2375013123140651,0.2385075176414783,0.2383368348373712,0.237952452631709,0.2371646464158797,0.2368540201701215
395015,128,"Reading, PA",msa,PA,0.166293656468918,0.1642757795726926,0.1631118451650336,0.1642683074960837,0.1663057516506702,0.1669582179741022,0.1665374656166285,0.1671689558369136,0.1689672590566162,0.1691429920749533,0.1670857794509004,0.1659851322655944,0.1651271050526871,0.1669361401734871,0.1675854222234767,0.1674394802398559,0.1664997673013295,0.1681038183090435,0.1682548367353731,0.1685881096462172,0.1668340906748324,0.1661149791538859,0.16661316083461,0.167291659548341,0.1684818069684441,0.1685432625774897,0.1677987634741717,0.1679937805237034,0.1665573807387852,0.165081448995847,0.1641892769729473,0.1649315160231017,0.1666044132046689,0.1673756304544291,0.1671528096027601,0.1665567296724722,0.1667206405655251,0.1671753695275262,0.1676185765695305,0.167536507712141,0.1679787439939234,0.1676064070693843,0.1676570224752548,0.1667974401847547,0.1661986903988357,0.1648367292919905,0.1646832325077411,0.1645304944491861,0.1642906940496761,0.1638831189937402,0.1637645091139987,0.1636442719733264,0.1640345074218357,0.1648257404007494,0.1653654803291818,0.1657393881124672,0.1660059313580438,0.1671568847721788,0.1677088008432289,0.1685944279558009,0.1691072438173184,0.1694678586337904,0.16785166475406,0.1669831394810388,0.166627603393516,0.1680286699453449,0.1678729163215023,0.1685503466341158,0.1701831815021474,0.1728402986314518,0.1742012541408992,0.175070780972033,0.1774231227589872,0.1778947112567818,0.1799737310339194,0.1821657946210861,0.1858832502376807,0.1879753274410852,0.1894337243713282,0.1899774168705016,0.1917474428647677,0.193018641178003,0.1953467387844416,0.1981141564306704,0.1976317758920733,0.1996691737191003,0.1994017275172268,0.200399416239757,0.1989730186388753,0.1985038080041446,0.1997840532634215,0.2016023433148876,0.2041697792089326,0.2062548002126174,0.2064604371936192,0.2042328544878377,0.2059837193800504,0.2061012163871494,0.2101591162315595,0.2108204653276588,0.2129097495662459,0.2123636033621096,0.2108949821561438,0.2106850214994308,0.2097855795956202,0.2097448865371282,0.210679154686995,0.2116773661229272,0.2101724548125479,0.2107276466537798,0.2112121285659225,0.2138886713684721,0.2149917994852153,0.2154524711062784,0.2153810508256388,0.2142555828461468,0.2141813851645523,0.2147252937488901,0.2153883640475732,0.2171045702036483,0.2181415699020606,0.2177029631342194,0.215967820890076,0.2138210599182371,0.2126437333984684,0.213153410840578,0.2140951146261515,0.2150583022923284,0.2153820822028874,0.2148507469636656,0.2139880085593111,0.2126815693950239,0.2123924120638502,0.2123989214053367
394502,129,"Corpus Christi, TX",msa,TX,0.2451267013039788,0.245335846625483,0.2465559322517136,0.245751599246502,0.246333304047078,0.2454435575747338,0.2464664473230235,0.2459036911471794,0.2453503118631504,0.2457267996303946,0.2460994325499981,0.2475116237461614,0.248873697503638,0.2504601332594096,0.2492942363427514,0.2488718605920884,0.2477112546054346,0.2477942160494748,0.2484331806364437,0.2488055106547108,0.2501112968030046,0.2490521010800915,0.2487167829164879,0.2467166203390315,0.245433034854396,0.2449823394187416,0.2449477524243659,0.2457090049781736,0.2447247258595703,0.2448081385908553,0.2428849387956257,0.2427692012263592,0.2441873899163633,0.2461117316818109,0.2469941921966044,0.2472271011532043,0.2475949785286046,0.2474594353936153,0.2478653544899202,0.2475155780114723,0.2491250623083474,0.2493787711364614,0.250324161447796,0.2494681449737499,0.2485059382667706,0.2481923538818151,0.248232874222095,0.247667400883629,0.2463844681260506,0.246027703910647,0.2458881352119505,0.2459403827538116,0.2455236267949744,0.2453358652481067,0.2454763337405851,0.2462114269797845,0.2460399127115334,0.2456467414629249,0.2455520466690096,0.2471979772950313,0.2494053501141848,0.2508660412510412,0.2496173494442023,0.2457412339381912,0.2410663518987973,0.241021564377908,0.2422570513269827,0.2451090488785815,0.2482650562703545,0.2512804488522484,0.2530210858054126,0.2520781787346468,0.2501498902166339,0.2481065140168364,0.251204782136084,0.2552039462506141,0.2603490885009135,0.2615182930349609,0.2632149925846008,0.2653581751839956,0.2678663965704936,0.2702879557386954,0.2729273199843574,0.2739406583865749,0.2733208625972725,0.2716878391514352,0.2694119484087273,0.268318503124819,0.2673826123258573,0.2668039813150112,0.2646508271949522,0.2625795516648814,0.2612612404573878,0.2605327169773612,0.2597171623513343,0.25825800148225,0.2577409302434134,0.2573839722563482,0.2574558616187973,0.2578046263867191,0.2583705031260421,0.2577962023426265,0.2555753056511989,0.2531167260580612,0.2520800809284405,0.2526583836911323,0.2501455637410398,0.2484884906518246,0.2471227159747472,0.2486270938617515,0.2476728523960684,0.2466422836937175,0.246050316642021,0.2464503517730057,0.2463324781716354,0.2455952406581059,0.2447624844341652,0.2437246285361415,0.2452536271159013,0.2451437462134064,0.2451087436305146,0.2439813062158295,0.2434523596763672,0.2425587008562493,0.2411984795178495,0.2397664206407512,0.239667106100995,0.2400884808662959,0.2401467554043058,0.2395131736414684,0.2382268582385608,0.2376065854278509,0.2366374956602634,0.2351529841387192
394421,130,"Brownsville, TX",msa,TX,,,,,,0.3102848858758778,0.311775722413132,0.3146495483390207,0.3144277431823943,0.3139943743814353,0.3143342483312165,0.3165213653801374,0.3167676076599845,0.313680827103908,0.3089947211950868,0.3044484795384173,0.3061749603047713,0.3079264184932876,0.3077536711851046,0.3062687070291091,0.3067220624694762,0.3073989278161375,0.3082666149305197,0.3052420332238664,0.3052269947621578,0.3042829060293742,0.3045801715670036,0.2998925961535156,0.3010615401072182,0.2971714833094503,0.2966363871049373,0.2961341731206552,0.2990597192369782,0.300684492364528,0.2982619035156422,0.2992499282260455,0.2986933314703949,0.3009541757709025,0.3005069583009505,0.3005929296949578,0.2977050142884711,0.2966740325899545,0.2959124039567087,0.2969212134985774,0.293769346452691,0.2912053565192288,0.2888172883020971,0.2879237795082953,0.2875951878734646,0.2870368998644435,0.2868810572324604,0.2885571617913556,0.2884314294070961,0.2889284511419196,0.2879558764335604,0.2857152601770698,0.284474205466567,0.2833168716156722,0.2838814970715632,0.2831711997602637,0.2822999542462928,0.2802094031163936,0.2821951794131211,0.2784731141118566,0.2773095834576157,0.2779664649338108,0.2786275935622692,0.2814107867294285,0.2797609745430626,0.2825289122431675,0.281394423758967,0.2824341800735468,0.2777046388135695,0.2785042730657644,0.2791742280284776,0.2822351018396755,0.281653816456772,0.2811818809049846,0.2826474383919427,0.2829078468993096,0.2871044618838921,0.2903711387402949,0.2961409573524382,0.2964506021020541,0.297453950867118,0.2953005433549118,0.2957386190948096,0.295811060316272,0.2977719386631797,0.2988816619790602,0.2974920460135178,0.29699530363102,0.2983208617253022,0.3002554141742299,0.3029920818438676,0.3050909887732336,0.3072386985844152,0.308054231947921,0.3052540984844046,0.3054786562678017,0.3043451776877313,0.3043988198892262,0.3041642420367982,0.3059487615716231,0.3088769095530186,0.3082010248364334,0.3076096052929872,0.3060842915263665,0.307129700090754,0.3058604494853073,0.3074784170736918,0.3088714867882391,0.3116529757375063,0.3108298599350578,0.308341483254269,0.3051395613350484,0.3053857020895192,0.3081083150528403,0.3083875226735002,0.3081765830589038,0.3076164677136446,0.3088058337716765,0.309030325469034,0.3078335561660565,0.3058980519482596,0.3063791045167534,0.3086008814349956,0.310283533768985,0.3088066596568857,0.3070694007409885,0.306781766428359,0.3071931110756507,0.3063513125106312,0.305586999493259
394820,131,"Manchester, NH",msa,NH,0.1751644113291356,0.1740646113412827,0.1753261600932748,0.1746985646615923,0.1759279368879493,0.1750922541728763,0.1753904418977401,0.1751696245462914,0.1755308609016171,0.174679120445265,0.1747633791013153,0.1758918225321873,0.1769642956942236,0.1785243602540002,0.177122528275071,0.1764897321101658,0.1749932494201749,0.1755132398192674,0.1767486060991715,0.178816757482407,0.1801141336985626,0.1815328508511602,0.1811217935632808,0.181575767382465,0.1806538266108358,0.1813447890311089,0.1823214909161739,0.1840044612404246,0.1838201073907159,0.1834834882528702,0.1828787863268404,0.1827010906399114,0.1828024514021614,0.1829407930154715,0.1832531636686716,0.1823189360975805,0.1835747433147256,0.183171925630014,0.1851777331855869,0.1851116713805024,0.187875050509315,0.1881180880874322,0.1890421445306558,0.187409194826263,0.189014297384964,0.1915970302860788,0.1948779917542263,0.195312726406099,0.1944765949275526,0.1951523461979776,0.1949306407988198,0.1960788783566826,0.1959577135629005,0.1968199887372385,0.1970230719178388,0.1991317803122654,0.2002174932172847,0.2008198885626762,0.2009740674513569,0.2022662255369073,0.2035142021674179,0.2041348870060055,0.2007679762937376,0.1992251854477325,0.1970101232301898,0.1955929178622923,0.195537202612495,0.1949833446644873,0.1971038847134354,0.1999152508841536,0.2025178492146038,0.2039200391850372,0.2047846820660801,0.2053272777870033,0.2056333378890599,0.2073358171362642,0.2110714614554071,0.2136940742681564,0.2155467285528599,0.2178749078987699,0.2197317798901355,0.2211218170250217,0.2212573546897935,0.2207470165609649,0.2204849953143283,0.2212109685790484,0.2222580013768479,0.2221731878985446,0.2208675218505914,0.220371702237832,0.2199398305056095,0.2196283767558966,0.2190668893215639,0.2188282243381374,0.2186821977092018,0.219250614124239,0.2211093990435035,0.2225331756090521,0.2238682991622125,0.223880217392409,0.2237935400154674,0.2233980014897078,0.2231755497623207,0.2229364615948147,0.223131575366291,0.2224796310663718,0.2232511535621686,0.2228663556599506,0.2234152113690158,0.2222344579951959,0.2215448866591819,0.2207946985400537,0.221379017413492,0.2221457048308509,0.2231691418393201,0.2242756655558476,0.2245456718574422,0.2247341450517559,0.2232488979151544,0.2233871266934338,0.2225893746351459,0.2239893661895478,0.2235033626516711,0.2237172064801343,0.2232264280753971,0.2231864380718491,0.2229555623697156,0.2225669066542259,0.2226412556938349,0.2230932204412112,0.2241345508781407,0.2244453145459958,0.224719247018545,0.22418835492365
394612,132,"Fort Wayne, IN",msa,IN,0.1532827694983478,0.1529223653079643,0.1534960420030059,0.153707560092207,0.1535479059932525,0.1539240378127184,0.1532383408032948,0.1532380222450409,0.1523759027572221,0.1521351449918685,0.1532925712004208,0.1545117053885361,0.1547617373277905,0.1555899037967967,0.1547744735154134,0.1555146850366116,0.1544568131436474,0.1546927643400658,0.154386788326941,0.1543859538495102,0.1549498376616784,0.1550048125384208,0.1544851601773116,0.1539316960123166,0.1539354899358839,0.1541622734495797,0.1549822153864573,0.1549442456230633,0.1553554181703299,0.1547684936276441,0.1555701434494762,0.1555635756847039,0.1558338993763705,0.155721301215673,0.1558692118322201,0.1567308386394282,0.1571988877946594,0.1579131509545234,0.157658671063551,0.1574620843749505,0.1568694870149737,0.157150435541377,0.1569519812120427,0.1566927759739585,0.1559805881669811,0.155978160435344,0.1565605037942151,0.1568568652203345,0.1565264943112216,0.1552792723250408,0.1552299605468628,0.1552150182909069,0.155657276982173,0.1558311380848157,0.1558597810958005,0.1562729519398435,0.1571464324273169,0.1577992379516354,0.1579214261970435,0.1576955571956827,0.1580120348323802,0.1586878553570623,0.1583063015828881,0.1566168813385441,0.1546080762523831,0.1527488579947513,0.1532780131277202,0.1553600192026762,0.1580866894444332,0.1597567922481974,0.1596518955751235,0.1585976431299514,0.1581703692950936,0.1578198067766997,0.1587943311336277,0.1602347235398521,0.163023978884936,0.1653997172958313,0.1668066693939752,0.1674072932962999,0.1702627887425584,0.1734237089001668,0.1779450835626867,0.1795432768091537,0.1802449577026438,0.1810281480214243,0.1825739570414694,0.1841685988672079,0.1846504662970174,0.1846352650326824,0.1842802279555377,0.1836506579238672,0.1827328844497944,0.1825565323188313,0.1824831525867339,0.1828403111595696,0.1827810256216343,0.1825665220640104,0.1819005781374784,0.1817565400009,0.1818119926536963,0.1819726722530757,0.1811446290601419,0.1801680563562245,0.1810450466364458,0.1820616934481942,0.1822863317827197,0.1815871250711442,0.1816764473594422,0.1818413827863556,0.1823924091537187,0.1823215616336584,0.1825338154621055,0.1824535033112523,0.1832622409749749,0.1843617968292217,0.1855027421281932,0.1856292170232099,0.1860681956380885,0.1865276594707305,0.1867929096910614,0.1860657742450007,0.1855106722940822,0.1850649676846178,0.1845554939563123,0.1847881047448777,0.1849631132317016,0.1850658660400148,0.1845144940100701,0.184519452591072,0.1845565694983011,0.1848273170853674,0.1847262224257903,0.1853498565829886
394658,133,"Gulfport, MS",msa,MS,0.2087683312278294,0.2105329267900021,0.2102472880779955,0.2098176024378465,0.2084271209101254,0.2072507505945505,0.2065329485289625,0.2079519760416715,0.2073247217140769,0.2089222222454627,0.205935206693421,0.2076302317199681,0.2074609562753898,0.208898670735771,0.208529506715886,0.2082958527181665,0.208968683122419,0.2096778327057308,0.2095970064472171,0.2091329328616061,0.2106436882005769,0.2114344334366413,0.2120152827298981,0.2086065216436541,0.2075440863847593,0.2064893672153031,0.2075732381741598,0.207382619367728,0.2077934931871918,0.2088744958881649,0.2102327119520794,0.2096021116212051,0.2094460025000086,0.2080728185005683,0.2096750105343397,0.2098437562166327,0.2105245524736016,0.2104761330264984,0.2103540997896648,0.2106857246801039,0.2098373900376973,0.2108102706094209,0.210869193129341,0.2117700853758057,0.2109158556878176,0.2118100031084913,0.2123938305173958,0.2138632632359962,0.2134194382514674,0.2128565433803689,0.2127709822613221,0.2129260829145769,0.2136503224660838,0.2130349100606608,0.21323495856967,0.2138273815206322,0.2154420876237607,0.2164653463128775,0.216535198993601,0.2175173778311012,0.2194149058630435,0.2212309690372206,0.2187916874088113,0.2170988615087228,0.2131842063492179,0.2139208549694312,0.2153173356022276,0.2164966492350789,0.2183010010531407,0.2206642339354329,0.220201465349297,0.2188900279686151,0.2182654766149567,0.2203357071619293,0.222275706466606,0.2248341334644344,0.2282653228974998,0.2297557245465026,0.2290400786946411,0.228768483859947,0.2329787386029733,0.2376537788428457,0.2456096751839946,0.2472740969250437,0.2474199622628394,0.2445107568546853,0.2426208388872054,0.240888011973089,0.2397352269988081,0.2398878052296791,0.239854358413649,0.241992302426926,0.2432768835133407,0.2447661432973984,0.2438325451561981,0.2447889544608347,0.2450887530158521,0.245005681622104,0.2450732755492401,0.2468838220416456,0.2490068790465169,0.2485394414529955,0.2472725565131311,0.246431514019351,0.246327122216947,0.2459799779888842,0.2437940820193718,0.2414627022674051,0.2415580070791268,0.2422264949080971,0.2433805051430521,0.2406474267042928,0.2410119073597887,0.2396183074483174,0.2403385703485629,0.2372612598162341,0.237345210928055,0.2362625842684828,0.237242448933739,0.2365992345710234,0.2372578587658033,0.2369407848721097,0.2360098859881466,0.2370276979465566,0.2355973805589002,0.2367863974841146,0.2369598017898687,0.2393893680130162,0.2394497788068129,0.2405356001667086,0.2412770649981627,0.2430642458132106,0.2434403079722064,0.2445518730020869
395051,134,"Salisbury, MD",msa,DE,0.269013898861862,0.2688909191092586,0.2688453405472171,0.266854091648208,0.2698866255658269,0.2691853868133017,0.2687936331633737,0.2665540235250881,0.2670271719447115,0.2679483099202884,0.2681554920714317,0.2690804915194568,0.2703579222268946,0.2710938015065011,0.2721313762945836,0.2730233502875004,0.2726645049284478,0.2728955435109995,0.2739739479901369,0.2769127373858475,0.2765052231704805,0.2736951790423728,0.2722444114876181,0.2720276475576069,0.2734548163892939,0.2729312135667194,0.2731851378503954,0.2737507837172196,0.2751547738650134,0.2746310579174635,0.2730899764814388,0.2742446177732104,0.2750955228124603,0.2768161842180267,0.2756056560761962,0.2765318168297448,0.2753279755904223,0.2753688058897885,0.2756295586692974,0.2766816894469163,0.276941231368745,0.2766823708886731,0.2749233433736039,0.2751164392140199,0.2743532267024794,0.2755152567849423,0.2743640483986915,0.2725788409423785,0.2725553528608726,0.2718371206817203,0.2710991703160451,0.2697542857930866,0.2688409192769938,0.2696422511246091,0.2719939307031936,0.2714502521814116,0.2723583375792873,0.2719719176465413,0.2746286298652529,0.2772087542813138,0.2793586855750084,0.2816311407407641,0.2790722071387342,0.2731497284144177,0.2706814163733342,0.268781803650705,0.2711718181738574,0.2726016073576291,0.2734812077036959,0.2748042759727287,0.272142866803698,0.2717708864138772,0.2687915648834391,0.2701894741001252,0.2737811710969335,0.2814154089104601,0.2839384143187911,0.2862946580831775,0.2836358956826502,0.2850307396636943,0.2858950964997386,0.2897544985849214,0.2917454412466223,0.2912024396555215,0.2921719131162934,0.2935686026768467,0.2917341572374482,0.2894707523457814,0.2909015437521581,0.292540021659693,0.2921615202974036,0.2899616056233102,0.2909841445350082,0.2935733439278575,0.2967632747372287,0.2979922892892386,0.2988381305539142,0.2974608090878567,0.3013447119040331,0.3031841546067839,0.302661000967333,0.2989172663559113,0.2983582673847649,0.2996392960545146,0.301035525639826,0.2996385430955458,0.2990095736709893,0.2981785946623423,0.2989624428840021,0.3004277859904629,0.3014053262248809,0.302455537982027,0.3026904088748796,0.3048284853555592,0.305903824835376,0.307184696892719,0.3086497336401773,0.3100005842276649,0.3107148508587433,0.3123433815253097,0.3136483437096924,0.3140360972244668,0.3123858895819542,0.311557934105127,0.3118772394006331,0.3123746656995606,0.3126868892462028,0.3122533197883767,0.3118218291747472,0.3124737068334986,0.3129733472886346,0.3128898887751667,0.3114589020291039,0.3107953183818711
394596,135,"Flint, MI",msa,MI,0.1617691341198741,0.1624566728879531,0.1645535316240501,0.1637409553903318,0.1632718070080716,0.1636462659243281,0.1636616015886961,0.1660975506777476,0.1662551609179197,0.164411175589128,0.1642835987092741,0.1638525571436334,0.165517523710041,0.1655187961135681,0.1641803713348248,0.1643071598150375,0.1653130695594142,0.166952263925197,0.1669153738973447,0.1665009187058195,0.1655859459086743,0.1669849953915509,0.1669659517085448,0.1692110044036822,0.1683613418515757,0.1687047667132408,0.1673682717583453,0.1678960903641788,0.166640331328847,0.1658406184038264,0.165048368995655,0.1646904976278683,0.1657849437260822,0.1671448352765853,0.1691238777271049,0.1683122172417535,0.167950863901171,0.1670761541132601,0.1679443406391843,0.1670140179417611,0.1663132773203582,0.1659733740759003,0.1666871452067388,0.1669841868393782,0.1666777260089513,0.1666180533618132,0.1671688638348508,0.1679826733989441,0.1681903535832576,0.1689146671287605,0.1694100061251117,0.1700875944448628,0.1713041259465623,0.1723309405540774,0.1729192793981903,0.1736949092287593,0.1749458614036564,0.1755620184851405,0.1756397419013982,0.1765392032921158,0.1782851144742964,0.1791579586611004,0.177426809183815,0.1757980668763414,0.1750101265829718,0.1751693231003363,0.1733179454259995,0.173575069173477,0.1743368287154709,0.1770452266899206,0.1795930386512922,0.1813287183488179,0.1813748618496121,0.1832544066047968,0.1846397958617698,0.1874962226952468,0.1883562248327379,0.1872090972166342,0.1881664492094227,0.188035445712875,0.1926648593490471,0.1958430568661548,0.1989958829944745,0.1967494318459462,0.1957884939803846,0.1941865481867772,0.1968743630042365,0.196394823992988,0.1965746190906623,0.196407929382906,0.1956596295913339,0.1952987225889983,0.1922607242041221,0.1914146743217016,0.1904904744314109,0.1910757093324161,0.1901500335729799,0.1894010480544684,0.1872147669498253,0.1853553540998618,0.1845422447909605,0.184774383625983,0.1851809863973297,0.1847778948553236,0.1852096273799185,0.1857238047858884,0.1863538952800539,0.186280977381201,0.1870553802232349,0.1878887173710402,0.1892818296986019,0.1884673615816693,0.1887013379159035,0.1879360469365574,0.1882621590974014,0.1881050697361752,0.1905071426338973,0.1897877705486133,0.1908092393896064,0.1897799439690357,0.1905636747252724,0.1894001281365857,0.1886895768470105,0.1899252134790226,0.1898305011478784,0.1902208154212978,0.1897449867716039,0.1899884992682271,0.1886160597915829,0.1892326594018648,0.1884552039770848,0.1891622936507308,0.1885574479606558,0.1893462982582967
394972,136,"Peoria, IL",msa,IL,,,,,0.1461459707296758,0.1446396335107273,0.1440050697827538,0.143796517459707,0.1445874699794891,0.1458282541088336,0.1441710105863619,0.1455772411981125,0.1447526015084224,0.1448755250179431,,0.1461081042288715,0.1464510337845586,0.1455631225866169,0.1455008325978075,0.1460317565613156,0.1473009256433801,0.1463907620921931,0.1466479268484326,0.1441313853009727,0.1446893918429274,0.1445568239885853,0.1445709056323362,0.1442680166769733,0.1448238247801796,0.1461248027102555,0.1459130397953116,0.1453496624009252,0.1431886670498266,0.143323071256096,0.1431985997254216,0.1441123912159341,0.1444718811179953,0.1437503327009883,0.1427409296401433,0.141652060413427,0.1418222580292835,0.1418595689922842,0.1419009201045817,0.1411742228616876,0.1406447109043711,0.1402443003524121,0.1407589375204855,0.1420433576479939,0.1422529758723139,0.1419547565350704,0.142412815429852,0.1432456715344593,0.1428206630433949,0.1425999764543832,0.1429399711052404,0.1439254379468971,0.1455649931737105,0.1464544154323279,0.1465876348860139,0.1460916779605895,0.1462042436925543,0.1471749516589872,0.1479845939615351,0.1477978590032959,0.1470841600771192,0.1460970077904721,0.1455016353990554,0.1461302459233297,0.1471499209266649,0.148688168995253,0.148899045432061,0.1487000516529915,0.1484794989340529,0.14666791632114,0.147617595720423,0.1479507710731576,0.1499107790193714,0.1498185302974316,0.1494475738758313,0.1496932433853938,0.1516204915794993,0.1549305649351269,0.1563162914983655,0.1557783735608553,0.1539688286476877,0.1560497501160916,0.156848644495706,0.1570184526526153,0.1564655347513339,0.1580964654236259,0.1607800801241052,0.1608933663595645,0.1591360568316268,0.1570948321528193,0.1576591056929757,0.1588495295382031,0.1606092276760955,0.1590738537848541,0.1591276844837005,0.159518488332914,0.1616368821748202,0.1617210747514603,0.1617810564492418,0.1623273949751722,0.1638971269531186,0.1642481470636581,0.1650508566448419,0.1664536392188142,0.1673593473771404,0.168520667192616,0.1671711421953141,0.166846548156475,0.1656737781082607,0.1664855017249203,0.1670487007795947,0.1665173052002274,0.1674389233050235,0.1676830270616397,0.1692330304263563,0.169423547120634,0.1687475530109808,0.169333043934878,0.1710058875510127,0.1717805076589826,0.1724849497649742,0.1725947269863363,0.1727444572768163,0.1739830396462719,0.1739965922941508,0.1751718469433697,0.17460610899378,0.1747072696555321,0.1755794387972447,0.1758900954765052
394439,137,"Canton, OH",msa,OH,0.1469129944492206,0.1472351849973905,0.1470834549515198,0.1475945464410047,0.1466264801422102,0.1447489083582053,0.1438087396244238,0.1449949293570083,0.1458497511421287,0.1462084470430139,0.1460358870212346,0.1459879988507521,0.1464628176836892,0.1459890285881841,0.1452905444645243,0.144065539086176,0.1444072201105262,0.1447259691358324,0.1442602510734865,0.1432348888437878,0.1436473655116418,0.1455857365848047,0.1452929863373431,0.1447635655631101,0.1441261995501433,0.1452879884367509,0.1461683388894418,0.146972388671726,0.1476381020204172,0.1483813171674624,0.148769294383798,0.1486197233889605,0.1486618557365496,0.1476541526025387,0.1479548924033034,0.1479860659728177,0.1476555267542919,0.1470209239262576,0.1464804923060868,0.1465747322605424,0.1462906533020433,0.1467204558067051,0.1470154940273413,0.1472143270808799,0.1468367831052312,0.1463999255920894,0.1464862729838242,0.1462074294807298,0.1467102706336884,0.1464580971676742,0.1465732303649966,0.1463272805481666,0.1462326016823776,0.1457726136198629,0.1457505657339986,0.1461114734812373,0.1466099540107052,0.1473706560036885,0.1476181045488592,0.1484912932950453,0.1489719866581518,0.14961297455081,0.1489045672104177,0.1480187982554606,0.146832055083271,0.1467029368699248,0.1470339803787886,0.1474149069726104,0.1491981407733613,0.1496988636959198,0.1493447785786239,0.1488532393028399,0.1485605620933773,0.1496903177900684,0.1504946103601733,0.1512462886251211,0.1521967158574596,0.1519368970725625,0.1516765829428088,0.152104411399897,0.1540491291483919,0.1574956663358052,0.1605077279734711,0.1614246456825048,0.1606953711577182,0.1595933598107373,0.1610352635626576,0.1620835409759828,0.1634185946798607,0.1640632286397415,0.1653624773140158,0.1657520447301639,0.1665533824490013,0.1662038442378927,0.166511676305508,0.1652693820936746,0.1659675243606277,0.1660687427972803,0.1660123087038279,0.1656376535296567,0.1652878661207504,0.1658740798763141,0.1655632206468413,0.1656694685556599,0.1655100534137855,0.1662948916720724,0.1662658654948669,0.1678788940825711,0.1676787958954644,0.1683955553268355,0.1666269774324554,0.1669467296043142,0.1669023979214222,0.1666566093944687,0.1668039742670647,0.1663648816581771,0.1666218778238485,0.1664642164126211,0.1673453157460763,0.1670129190553304,0.1673522473569133,0.1672796276645632,0.1685281009432347,0.1683112069101439,0.1682716341280578,0.1682585540974301,0.1682259934831703,0.1685519480067575,0.168531543324643,0.1685256704394411,0.1679243984937475,0.1676559916745518,0.167429904430041,0.1671488477349278
395070,138,"Savannah, GA",msa,GA,0.2191554056453568,0.2187733863281737,0.2188095995036756,0.2203821062953867,0.2203558188344341,0.21969167891921,0.2189616652526939,0.2190946218813265,0.2194283510503182,0.2192829324009545,0.2199202994114776,0.2198181298509398,0.2204655807936189,0.2198718278367517,0.2198886432329819,0.2195048668674897,0.2197113950015535,0.2207484983871765,0.2208005410891619,0.2197578897971339,0.2192256874297869,0.2190747636586028,0.2193207162707619,0.2194707444341128,0.2192686270407097,0.2193674699724588,0.2190883295394368,0.2192584385421449,0.2197843889780676,0.2189047075652392,0.2199524541874476,0.2199035449422012,0.2217452396073237,0.22147680068975,0.2217467684237529,0.2216174959442242,0.2214726915075364,0.2231580499080609,0.2239266626502905,0.2249557121513319,0.2241132020452483,0.2251680300118244,0.2255861685476377,0.227315505996203,0.2270356323920509,0.2275387292294142,0.2275566602231689,0.2278936278723048,0.2280577201710814,0.2274531010299876,0.2277879216601008,0.2278363164614366,0.2290947618000682,0.2294329676487084,0.229543139423666,0.2294726807332987,0.2303928144988621,0.2317777301496324,0.2331548191991913,0.2342887651719546,0.2355934385275542,0.236322124400188,0.2362756413235924,0.2323935918765871,0.2281246772345599,0.2242796537787415,0.223785546935355,0.2236072781530981,0.2256568311329035,0.2276953653076368,0.2310617567804491,0.2299372694772564,0.2284046436859058,0.2276028819140326,0.2300999433088662,0.2346431391275661,0.2399347054454568,0.2442537011951528,0.2463807261539612,0.2500022609875117,0.2552991850904922,0.2616843883322596,0.2636700292069587,0.2649628406642083,0.2653362713266907,0.2676119192120332,0.2676778031596783,0.268403845619976,0.2687460628527284,0.2698314067518045,0.2709958125585308,0.2708034438201656,0.2699250630486264,0.2691662965152253,0.26908352153594,0.2703637300072115,0.2702997442905392,0.2703210843923434,0.2703349241336981,0.2705357876914576,0.270343150955026,0.2691933267225478,0.2674558153049212,0.2665015654876069,0.266414755438992,0.2654403213631311,0.2662624208503624,0.2663230404268117,0.2673546980929074,0.2657194280610186,0.2644425666267609,0.2626511359470745,0.2622671671849347,0.2614153797911182,0.2618444983943563,0.2613196676257651,0.2614299398964461,0.2604464897984145,0.2592735545253793,0.2584640782803963,0.2574981438246614,0.2583054778610557,0.2583441922798268,0.2582256978600014,0.257215726469211,0.2571043273264593,0.2562815488093515,0.2558535407620103,0.254678306701574,0.2545320191618161,0.2535700253900659,0.2522436044827207,0.2510105460791272,0.2494665245461449
394327,139,"Anchorage, AK",msa,AK,0.1834568942545671,0.1832800570778636,0.1835510566445118,0.1828602412911724,0.1824301850302141,0.182165284463844,0.181942390040544,0.1813572815548501,0.1807140401770114,0.1802633477363418,0.1802674420856703,0.1811579239568578,0.1813379437012622,0.1816216623917394,0.1807226735002663,0.1808148811615036,0.1802421740910155,0.179458632445564,0.1784814740745131,0.1782782376524707,0.1776837672051987,0.1773216102583177,0.1767141744889176,0.1759600552646006,0.1755390326055834,0.1748113526149984,0.1753372362143972,0.175075441990287,0.1748348687438766,0.1742198706109688,0.1740836024343922,0.1739332839295282,0.1740303941573761,0.1742844454928439,0.1743278547634938,0.1750244362020628,0.1750435841745014,0.1756160832636533,0.1760614966113705,0.176951796727628,0.1782524688402979,0.17892123342427,0.1789782896380712,0.1783786208026636,0.1771938678805902,0.1762519178600711,0.1754876924310945,0.1749524264010453,0.1741202385023675,0.1737116372506846,0.1730679078654411,0.1723975657018769,0.1715844884202547,0.1714349034583249,0.1715613037299422,0.1720454520264533,0.172902137133166,0.1734971557126039,0.1742234658494844,0.1750026284957177,0.1764220372443131,0.1771480275005413,0.1759887186186371,0.17393086315292,0.1728619276555889,0.1724953995716596,0.1728535954126334,0.1728470516451507,0.1729981569838667,0.1738639824438182,0.174549403775748,0.1744506035666642,0.1729950846863146,0.1712622677220054,0.1694408241544732,0.1687719573990644,0.169029599954529,0.1702725835866264,0.1707932055971613,0.1721542894449466,0.1752517707185027,0.1786619973500081,0.1811035909891565,0.1809071882991838,0.1816837457256881,0.1824189601951465,0.1844903035583928,0.1856293869461487,0.1859892165829929,0.185478976645079,0.1858606642054103,0.1856079381109767,0.1848599223995198,0.1840396198041742,0.1839235948568836,0.1848039170582992,0.1845852967272124,0.185712919151271,0.1853654150501445,0.1856195766842425,0.1857312209717271,0.1860091662289443,0.1863328849862121,0.1856224384638147,0.1856728150133145,0.1852591771007671,0.1853285126848423,0.1857557749434513,0.1857128798816527,0.1853737484907302,0.1848371199868844,0.1852404347123172,0.18482714756356,0.185083667683104,0.1844293457847055,0.1845034066771366,0.1839517031986283,0.1836842406720374,0.1829541922682575,0.1822669814408256,0.1831886347798521,0.1838582847292794,0.1841017372987969,0.1833859644968399,0.1834715135434516,0.1832262079671714,0.1834901338307806,0.1837267317948495,0.1841572230916057,0.1845771215660767,0.1850052122143178,0.185197918113624,0.1848169089106727,0.1844841147669515
394372,140,"Beaumont, TX",msa,TX,0.1929585665681409,0.1943618520073323,0.1946482642960703,0.1950198495693887,0.1946224033295257,0.1952316351841706,0.196461495403775,0.1956012070939258,0.1961673734365465,0.1945918991893417,0.1950159004075319,0.194351841208626,0.1940051012346746,0.1921591226240339,0.191218982100674,0.1899887262604338,0.1900740992822401,0.1888679292167611,0.1899622720902289,0.1925687428225294,0.1930925789879307,0.192471771031072,0.1925057987474214,0.1939555158018849,0.1967373561250743,0.197704329238036,0.1986158318711962,0.1986508694708917,0.1990972524928694,0.2002830455409857,0.2004122777603305,0.1991395545654739,0.2005585142809327,0.2027965207594804,0.2047684658190658,0.2041896460958464,0.2015815471619743,0.2004415444555812,0.199998974630172,0.2017269672263381,0.2032210889939918,0.2031834681080934,0.202222785163909,0.2023744949575679,0.2018435668213794,0.2033183264447874,0.2036391311604985,0.2046542249712449,0.2042920845815407,0.2040232692880367,0.2047957126756125,0.2043929890898458,0.2036987963038207,0.2038153016197002,0.2046169875932746,0.2049444209208404,0.204632436926549,0.2027089480063241,0.2017399390116296,0.2017068954957332,0.2034614343766454,0.2047019600148931,0.202833021981976,0.201918957971719,0.2010692061446479,0.2009363260266679,0.2012067353632406,0.2006328368840353,0.202616477357149,0.2047788219900327,0.2063484104695676,0.2058684708442058,0.2056097908868909,0.2061667836418569,0.2090544095309819,0.2109321691198876,0.2120177995041691,0.2114814964928883,0.2102549120304836,0.2108204937268189,0.2121450545948643,0.2138225883797298,0.215507739693569,0.2155290982923744,0.2152802933444173,0.2148348855383385,0.213083747361859,0.2114934070774545,0.2097991806010946,0.2097837692712857,0.2097668962449382,0.2097386993444986,0.2102852695850836,0.2114195458315638,0.2125152634942601,0.2127048872019216,0.2117868449951911,0.2097018270269094,0.2097572962368619,0.2105149486232749,0.2120205237902184,0.2107580669998356,0.2119315222485173,0.2128867449008958,0.2142828362275788,0.2138716291241556,0.2129594311148567,0.212962619396848,0.2136324123355681,0.2156582130439922,0.2156110994435451,0.2144637448421221,0.2128995895901713,0.2131034695249092,0.2143670118292151,0.2144522878898936,0.2156256648112353,0.2151852003215698,0.2155758968275462,0.216068695037943,0.2162576564958169,0.2172570676482217,0.2178937499166102,0.218968999655605,0.2200652937713099,0.2210259002512338,0.2200316544866566,0.2200592816660768,0.2193424025609432,0.2206637308437223,0.2215660530899134,0.2219579695293322,0.2221622685636791,0.2213081119154843
395096,141,"Shreveport, LA",msa,LA,0.2605353492908745,0.2609758243673901,0.2611702325121728,0.2620666804403622,0.2636163665640126,0.2663580946048284,0.2651155817522122,0.2642151043221731,0.2628022941801918,0.2640525300022971,0.2643912619044733,0.2654024203210658,0.2651717169357419,0.2649865522879059,0.26419654553972,0.2637512460468628,0.2640348870272603,0.2645054033131888,0.2659904232732534,0.2672812405758329,0.2675273789829006,0.2669300059985105,0.2658007406263342,0.2662272605679395,0.2660980570262367,0.2675128898855249,0.268490930702367,0.2708805111955686,0.2705685157885726,0.2689976919033223,0.2675143219734263,0.2662391086468628,0.2665792921856277,0.2652752787139875,0.265908764001996,0.264316023923016,0.2638088786615798,0.261994113831603,0.2608761561381632,0.2596777222140802,0.2581598110510972,0.2572232699942957,0.2559672932890097,0.2553665812120252,0.2541848401569971,0.2543534637885484,0.2539824402572662,0.2535433020152157,0.2523330128125323,0.2517242328521295,0.2511972521215737,0.2500613880093836,0.2502978184272322,0.2508775164869092,0.2516360620292936,0.25195995799228,0.2527267852785249,0.2534440867295961,0.2538973010583242,0.255299193032229,0.2570307245749642,0.2581524139585638,0.2562638275287542,0.2523702397546274,0.2492409756053349,0.2495887688524742,0.2504406222284068,0.2523246827700455,0.2542674015511876,0.255586965292393,0.2572563502710552,0.2582159727203352,0.2595817856535269,0.2602057335207437,0.2615058929605327,0.2643106728375342,0.2661195570652533,0.2642642600746397,0.262410985238733,0.261854072969967,0.2651658617563331,0.2696782582840036,0.2723899662243975,0.270583410980923,0.266668896287644,0.2643655860114147,0.2630354584302522,0.2615794141979359,0.2617089971907915,0.2616241379883736,0.2621668205666763,0.260856998818937,0.2602787821597367,0.2598944250180815,0.2586966541443361,0.258772311209387,0.2586490097866069,0.2595157215871621,0.2606931784206689,0.2616121498411322,0.2615062117721353,0.2602675512974827,0.2580422194022267,0.2564365973528411,0.2556847678842114,0.2550071365734579,0.2546160168364872,0.2530628638278571,0.2532915564606758,0.2535543782160692,0.2537554871986233,0.2526077039138984,0.2517325267149447,0.2522693074417149,0.2534619566198979,0.2543468829262374,0.2556824070961673,0.2569285994651041,0.2580875032334769,0.2593051167649444,0.2597225603363514,0.2597354879455942,0.258715788593383,0.258761312754552,0.2588888165874287,0.2590383492885669,0.2590858959432265,0.2594863593829763,0.2596931732763759,0.2599430818218927,0.2602084875171483,0.2604351206861923,0.2599428101868942,0.2595218204666328
395164,142,"Trenton, NJ",msa,NJ,0.2430333478531941,0.242384704709185,0.2423737681996729,0.2435416930227555,0.2437030996865046,0.2424764821305713,0.2426022472113163,0.2418739876394509,0.2422378705437217,0.2421699784586355,0.242674634783925,0.2440202458485946,0.2439180708909047,0.2443804072770727,0.2442908075605089,0.2455094157620802,0.2464079919193858,0.246497681329351,0.2461603338145614,0.2460769621638817,0.2467233392098314,0.2462030597050917,0.2465672171286199,0.2451970411493043,0.2453184302591313,0.2445147234925707,0.2439605174197404,0.2422194266131145,0.2416874332629701,0.2427014617875458,0.2436339435952412,0.2436478733558718,0.2431403629443125,0.2442265102326987,0.2456944570468,0.2474489690384546,0.2477384582877894,0.2484777791514092,0.2486525965724305,0.2493686336866924,0.2496852675493208,0.2503402852427771,0.2509456882251834,0.2510311811217557,0.2500185841205064,0.2492466318035523,0.2475121958065841,0.2479121013166394,0.2468825434406357,0.2465490946043132,0.2466341641354821,0.2466084338829909,0.2464201377960302,0.2455061581661902,0.2447282221477163,0.2449168243685897,0.2469137895793669,0.2484267733639306,0.2502352420040078,0.2500902668016097,0.2513726872729623,0.2519752610462732,0.2516384120475246,0.2504371406299018,0.2491448960679837,0.2509005691857694,0.2505104656730255,0.2513089956339807,0.2507033772936632,0.2519871153301999,0.2517560539929618,0.2509452733314102,0.2490868695638064,0.2491429349408976,0.249729865239373,0.2507931287934165,0.2518861542336589,0.2510376534448925,0.2521074973068011,0.2535262194074333,0.2583677734568422,0.2618485490915618,0.2663461059257323,0.2678040040864146,0.2703955498494861,0.272328211020155,0.2757746420890633,0.2767388843063624,0.2763514396849513,0.2765437967556235,0.2771702578233517,0.2792092965107129,0.2793180571271355,0.2773637360945878,0.2768630023423422,0.2774067938647626,0.2784608906693916,0.2774563155951982,0.2761823115654176,0.2785488090900093,0.280583927818384,0.282137786131352,0.2819338041497906,0.2799791555769645,0.2784926043133375,0.280057988480375,0.281096467548416,0.2803398936958127,0.2776441674435167,0.2764259420634357,0.2768008729218028,0.2762349859580127,0.2768536995806262,0.2775697198802409,0.2772838741582978,0.2766248824521101,0.2769982321230557,0.2784301555125629,0.2775170523098056,0.2778781842329594,0.2780317622771586,0.2806560279846286,0.2803241894572583,0.2792621586537235,0.2776479821301054,0.2762244086084026,0.2761300944540647,0.2767469463810285,0.276920487266427,0.275236447571109,0.2750613455671097,0.2743170673769157,0.2743670362652389,0.2721918184858024
394875,143,"Montgomery, AL",msa,AL,0.2260319637274994,0.2273281167078243,0.2278655119984858,0.2284453072075023,0.2269419170091017,0.2259548845859005,0.2267252348770397,0.2284963300491833,0.2285843111227269,0.227193697829011,0.2261280392116225,0.2250333372461929,0.2244661118320573,0.224893949806431,0.2250831347425753,0.2261516924155742,0.2258457208092924,0.2264517021311612,0.2253289619891597,0.2244861259475446,0.2239945435640281,0.2243160354228798,0.2250030963334372,0.2236564419064825,0.2226978302405843,0.2209551795926935,0.2214064160722333,0.2203203551168343,0.2201228049802135,0.2182821837013877,0.2177573594581994,0.216874304338053,0.2174720750718041,0.217131894717805,0.2171568082060108,0.2153742404368263,0.2155850507894611,0.2153240675449046,0.2147893694327267,0.2133004060868198,0.2120546953161457,0.2126487315236057,0.2131806082102581,0.212752782862016,0.2130331208725674,0.2129741436852091,0.2130385473270335,0.2125205695562859,0.2120227831693125,0.211841840368423,0.2111117629435277,0.2115949634355576,0.211973205543366,0.2122292055053148,0.2123812962736236,0.2134872703290507,0.2140329056592796,0.2153110609220935,0.2163036035353881,0.2188183378646322,0.2203778902375671,0.2217680010457443,0.2190274642442376,0.2162306414612104,0.2140005114337909,0.2146029650672174,0.2158298666134403,0.2170683557742615,0.219492282533252,0.2222124366185189,0.2253996608280468,0.2254842938917902,0.2248174263303034,0.2233773788452928,0.2250393405046395,0.2278115133125774,0.2318691525339196,0.2318979984919227,0.2336256176106162,0.2344643121272137,0.2385117113279048,0.2424139923199456,0.2460065278814719,0.2464422705891811,0.2454678877994082,0.2449563630347547,0.2448926445975807,0.2447167065882922,0.2435918939872317,0.2423836659372612,0.2403409132469825,0.2389376774864772,0.2378946531163142,0.2369702036584109,0.2358449441046197,0.2344561680118804,0.2327880235598722,0.2326281218230593,0.2331402255355323,0.2343002298463757,0.2328082601854375,0.2327795327690911,0.2318183729371616,0.2322470648995617,0.2317138401215305,0.2319700497867864,0.2312952395288127,0.2315736682893354,0.2326116849852419,0.2332798400061546,0.2328058636958635,0.232115719023283,0.2324074716115994,0.2319023514481324,0.2319687147008332,0.2315441533361902,0.2326725788603174,0.2326637647155853,0.2335042460463839,0.2320818786247505,0.2328601544486348,0.2318692764880377,0.2316775061692706,0.2312544577692139,0.2314908034970295,0.2319985368742437,0.2326408091829847,0.2328837427738032,0.2324878739617493,0.2325656199214671,0.2324279255262444,0.2334112310051104,0.2328400682265975,0.2335036598168448
394520,144,"Davenport, IA",msa,IL,0.1475315612332989,0.1485884946078208,0.1477035310516611,0.1480890895671636,0.148170436474034,0.149181249991023,0.1479461702954636,0.1479583324819295,0.1478730869026421,0.1481384578643981,0.1479041943065324,0.1483248372642478,0.1495598425840229,0.1488105423798096,0.1491139028628691,0.1484911091529147,0.1475503544310615,0.1470355419728675,0.1479119653012433,0.149438124087435,0.1497968915078273,0.1493461907484201,0.1483786873117322,0.1482237371909275,0.1479575479362425,0.1495234136603276,0.150748488782035,0.1517448251398294,0.1521066495366618,0.1517786909943164,0.1515161383869963,0.1506327537399606,0.1497105302259672,0.1496224121988209,0.1503137861358918,0.1506627294878182,0.1499941951481896,0.1488830635178399,0.1474176751757334,0.1467563590803967,0.1460339501420665,0.1457489161950154,0.1451879589084081,0.1447419124311106,0.1446413509424871,0.1440360009190176,0.1439535431492365,0.1431098768305125,0.1430434500838846,0.1422596536927081,0.1422443752682709,0.1418649184494872,0.1419270787848776,0.1420752352280379,0.1422385461460408,0.1424121464560757,0.1424917794064899,0.1427109969137983,0.1423505182066231,0.1427734647351018,0.143115082519546,0.1437426372617765,0.1429675624927177,0.1414164531892389,0.1398079221193464,0.1395692637364595,0.1397889258029817,0.140848172389439,0.1409457410628629,0.1421564900549501,0.1427559083999088,0.1430206483152383,0.1428951940256882,0.1436506131332916,0.1440366030211475,0.1453781247103654,0.1458798787234023,0.1460825824384613,0.1459805732247776,0.1458140969286654,0.1483572344579404,0.1502254267074204,0.1519087916893237,0.1520946584279115,0.1517665787722596,0.150914282682247,0.1500282870428809,0.1496877138448607,0.1496421798645215,0.1498212828891388,0.1497331099962492,0.1499946116941128,0.1499746656722804,0.1488371613063294,0.1484971495819825,0.1478116578858005,0.1484013142284237,0.1485435595648084,0.1485873409654166,0.1485866702019637,0.149011912245442,0.1479904681511749,0.1477831921211251,0.1468895882054746,0.1471247425067117,0.1481085001515425,0.1493441705724861,0.1501612571322148,0.1501708840022128,0.1497885086620897,0.1502591132172202,0.1504793068255806,0.15112385674978,0.1519875122347274,0.1523446650470341,0.1527532361983018,0.1519769526059586,0.1519721310444937,0.1512940442863313,0.1510358028941238,0.1504562869525421,0.150370652943286,0.1501020989909836,0.1498906122648828,0.1491484107897532,0.1489256601822832,0.1487761371740616,0.1488622366638821,0.1493961733372436,0.1492812759843732,0.1494145210209877,0.1494746106979393,0.1501097484315778,0.1507093822829497
395146,145,"Tallahassee, FL",msa,FL,0.2257855732575655,0.2240638742625381,0.223142322609592,0.223600794403753,0.2231221853041559,0.2236786334820177,0.2229164806273435,0.2222382375414009,0.2207933734039012,0.2199096194669857,0.220040428427953,0.2201652770590379,0.2196177977684167,0.2187061001779519,0.2176277802888865,0.2166171478048155,0.2158743374262193,0.2161837966884817,0.2169425155749325,0.2166403889326458,0.215732881397057,0.2153951476553611,0.2146638889056067,0.2147747941045793,0.2143996851142848,0.21490881432894,0.2146762830857867,0.2145605736308843,0.2147855654459195,0.214068508953904,0.213924490247935,0.2139525671440543,0.2155816580273857,0.216782646520891,0.2171427462635738,0.2168518671457391,0.2169680385379179,0.2180243532651161,0.2198102451742427,0.2217284834120653,0.2225609157276569,0.2220966688588158,0.221019724062817,0.2203326018838179,0.2197778673659779,0.2195770988686556,0.2196352548186806,0.2202771316450171,0.2212031761329478,0.220083830478963,0.2192041556012935,0.2180829583572285,0.2175800597769133,0.2183422921275506,0.2192248179094807,0.2199590657366555,0.2203430552196215,0.2205534179921495,0.2209024089769146,0.2206122958613772,0.2198874479001057,0.2198504413055163,0.2190380150495859,0.2184429754730391,0.2152658523199748,0.2149801167152793,0.2131709451190276,0.2138230674748516,0.2149399804656622,0.2184369201399556,0.2204066413960871,0.2199621346877378,0.2186104530139766,0.2185499353638015,0.2193743169739096,0.2210121023138751,0.2228698076705413,0.2240960357700689,0.2261634024236793,0.2285110402409376,0.2337032559330556,0.2378702970974043,0.240828544970594,0.2441459369708277,0.2458694939904953,0.2464266359893578,0.2468845486292171,0.2473315202093045,0.2508389281427674,0.2531123968547142,0.2552838990325574,0.2568774050808346,0.2578445324964911,0.2594994567870093,0.2596872400022013,0.2592216610446442,0.2590919092223736,0.2607703575064446,0.262141952698478,0.2643591235091879,0.2651010559462454,0.2647908552491968,0.264331219217065,0.2628281938083518,0.2637043814200164,0.2626706656085617,0.2654187485854212,0.2647717942102108,0.2651445402828965,0.2629263512652761,0.2631393002668584,0.2616600080827512,0.2605058089983035,0.2601655612931184,0.2605625152746055,0.2611756886482379,0.2618634566476953,0.2628731774777979,0.2642524242120991,0.2662110203607558,0.2666759002507098,0.2660727848688655,0.2654459103092641,0.2654896870556844,0.2653267671616272,0.2657158480876601,0.2655838885844037,0.2658519066484816,0.2653698356014191,0.2654332360267815,0.2636486490676814,0.2629367413927978,0.2621089947142012,0.262879100246273
394576,146,"Eugene, OR",msa,OR,0.2555352228217643,0.2567032792548451,0.259147260997802,0.2591289627813061,0.2601417581021371,0.2592494765209205,0.2590083562898378,0.2587371982131091,0.2592285233818716,0.2594933812123179,0.260249281668525,0.262730916059547,0.2622484818371735,0.2631376742376142,0.2614729063362489,0.2624875884163703,0.2623791869711969,0.2628868256666999,0.2636114613802,0.2639104455862899,0.2652168166095055,0.2679540707527651,0.2690779055970153,0.268940686831738,0.2676071979821351,0.2675680423901124,0.2684734346585118,0.2682581621098163,0.268538385802652,0.269239038540378,0.2708150299203557,0.2712429090467826,0.270187197435115,0.2700573459664471,0.2703410496935385,0.2700110610596383,0.2714482278717785,0.2712279743702434,0.2717501533561808,0.2712313011853908,0.2706107716267008,0.2711294462523887,0.2701968182415578,0.2713043069859159,0.2712661760925166,0.2717625905416538,0.2719931399306693,0.2725543585783785,0.2725126099104573,0.2715743213629731,0.2714319655827045,0.2720382031621703,0.2727462401823514,0.2726767799095245,0.2732995531767078,0.2730397585733657,0.2745978510071176,0.2751052265954355,0.275893669114971,0.276691248375887,0.2773591073040691,0.2788449844383955,0.2774412333038361,0.2741551086226582,0.2689502501162988,0.2671567545209663,0.2663621152800152,0.2681425413610311,0.2697348576492506,0.2737531718583049,0.2765030110866464,0.2779533397597427,0.2765730675226016,0.2770493387767991,0.2782903188076935,0.2808628709222458,0.2831322770207368,0.2850210669156546,0.2860428410130403,0.2874677004907555,0.2920429859155052,0.2975498534597394,0.3004672647801814,0.2998887654570653,0.2992278269420956,0.2980529674722504,0.2980133188571683,0.2995679706507113,0.3040729918900757,0.3061651861321385,0.3073104634262701,0.3058337332469386,0.3044252130503868,0.3034614301404442,0.3044326851980563,0.3042769914494605,0.3032367822286538,0.3010112682833894,0.2998138359850231,0.2975561933764507,0.2953453299274347,0.2943168455560743,0.2933433436001011,0.2925410259867166,0.2933425436676856,0.2934619147406423,0.2935624925727726,0.2913244961120646,0.2895300604453117,0.2902647589997763,0.2906284722522998,0.2913653584168397,0.2913772376231669,0.2903539810136686,0.2900963744315962,0.2888682576469523,0.2883577526172252,0.2882936059258785,0.2880067253517643,0.2877769861469979,0.2887704432704903,0.2891213276401927,0.2886892896984517,0.288049035152508,0.287422603310894,0.2874839142782975,0.2871823211641481,0.2881379245472317,0.2886851828166704,0.2892853964613049,0.2897021001148562,0.2909494138769504,0.2915013587290934,0.2916773510616469
394901,147,"Naples, FL",msa,FL,0.2746705360071539,0.2764640295428258,0.2789606218661316,0.2796515584055272,0.2795721202593679,0.2819443492065645,0.2815278003082372,0.2817281779778058,0.2810519405545098,0.2834829375685939,0.2834339202975341,0.2828631124334827,0.2816911667523628,0.2825988970691488,0.2831435320083295,0.281995709999824,0.2797036033478696,0.2773674485623912,0.276677853994102,0.2780518421518749,0.2799507580399497,0.2805861613323142,0.2813083476658262,0.2800988552356618,0.2804494120782628,0.2790427439241416,0.2798561491823691,0.2804870857879291,0.2812565354653804,0.2818746770416531,0.2821011564155171,0.2803308732220982,0.2761145720547887,0.2712987714959943,0.2705025574837131,0.2713508204702822,0.2726955247059486,0.2736195813652564,0.273670746174402,0.2741482433318776,0.2749282462539431,0.2757527405829362,0.2742252500353657,0.2714538714080052,0.270971841646885,0.2716355258906927,0.2723087141693163,0.2712298443056084,0.268746328022982,0.2666319084824528,0.2647397294430964,0.2629651692081113,0.2613332898625979,0.2602519342224029,0.2609243685032021,0.2630772174165202,0.265428400720574,0.2675150498132819,0.2678620301639611,0.2689012841799178,0.2705667246754873,0.2722987931233447,0.2688318960763485,0.2639311463853967,0.2611195236661987,0.2623978806679544,0.2639920908457443,0.2648512310614196,0.2683836306189327,0.2730827826642731,0.2759814362103209,0.2755866437396294,0.2730972815097991,0.2748740801221975,0.2799990649108315,0.2891844177093004,0.2955811350441338,,0.3100628915218925,0.3225218616777482,0.3363869467039344,0.3457816058552258,0.3563444007506999,0.3613010396787834,0.3716892694395332,0.3749891043638073,0.380803937306753,0.3833869017328912,0.3903553450440193,0.3903802894345343,0.3868815375686927,0.3759232472051603,0.3723566080282406,0.3710790160087476,0.3769516295666313,0.3783628074151052,0.3770981408920495,0.3741289355815739,0.3735161262342227,0.3714641747514154,0.3676884675886008,0.3654005843976925,0.3640022629511669,0.3642119110854811,0.3629331449989782,0.3632211554623564,0.3581102513695444,0.3562689859496926,0.3521069835615424,0.3508297919134888,0.3460281211873573,0.3423073875597085,0.341081075006205,0.3393516363029424,0.3398158352268468,0.3400003920622064,0.338181239040499,0.3357241079152519,0.332501357795167,0.3306068896592102,0.3279556702766538,0.3262962855546351,0.3258523804382803,0.3254606024366726,0.3233821440425286,0.3224351980912796,0.3200390995436158,0.3181693117286594,0.317466035232341,0.316373206199047,0.316853459754837,0.315817487006229,0.3169394208389199,0.3166896260218522
394332,148,"Ann Arbor, MI",msa,MI,0.2402633332881036,0.2443597074462836,0.2447774972703774,0.2443039830421897,0.2438228019590502,0.242758564077511,0.242352826147614,0.2383887909751912,0.2381288719395455,0.2378006600523015,0.2405032041958549,0.2406344336670655,0.2418830313315298,0.2401509518835954,0.238273250001985,0.2367317199883877,0.2366414671486202,0.2384448492440661,0.2397739199399196,0.2427959222770174,0.2435755727466448,0.2434867707531606,0.2428935941923787,0.2422534223950855,0.24103173975151,0.2399542276554236,0.2391160931299392,0.2390947069267644,0.239296571058962,0.2400838946825572,0.2409493685426256,0.2413930183824157,0.241726126765982,0.2412731961144249,0.2410575896119046,0.2400666518412967,0.2388854821141447,0.2385240429122797,0.2391375077288416,0.2399334906193691,0.240036819477098,0.2383955310176279,0.2384087324407956,0.236292143482939,0.2366252202474324,0.2359401391836509,0.2369442871533211,0.2365261752758764,0.2392929987096785,0.2395921592475194,0.2393883067085786,0.238473617173973,0.2377733616999766,0.2384803310597626,0.2380784663686371,0.239344946356398,0.2400098307856287,0.2420474840601092,0.2426252676610473,0.244795576260602,0.2445881113723841,0.2452035054630778,0.2421611971915578,0.2386415423084777,0.2351940239618871,0.2347936132235755,0.2345281324155881,0.2322376924888243,0.2319259899467012,0.2335505895992101,0.2365850004894063,0.2370389364621583,0.2387825421484521,0.2404715442624216,0.2433689750668273,0.2456863991390343,0.2468324287669548,0.2469250392849303,0.2464490596747428,0.2493657785382891,0.25535710114412,0.2597002373781315,0.2630021568065754,0.2637193920381996,0.2642411741645123,0.2635288359548609,0.2641235001593038,0.2655427243196722,0.2678769347725303,0.2683970582331919,0.2696460489955448,0.2699772045112921,0.2692996038602544,0.2680103920105557,0.266963443442791,0.2670548856831426,0.2667580740726048,0.2656760289020058,0.2644043292250811,0.2633909662916249,0.2632680241341614,0.2628424868971307,0.2629556164380061,0.2620075867476976,0.2614836436972603,0.2604700497537895,0.2605731076671422,0.2600752712094225,0.2602866711288951,0.261616045192042,0.2622832926051279,0.2619421310707504,0.2606012157517473,0.2604581088678088,0.260356380411125,0.2604414955906679,0.2616888857601666,0.2620040692020495,0.2614824532352744,0.2609266015136883,0.2602694551843607,0.2600982271838895,0.259429566273117,0.259099410794657,0.2589435206176518,0.2584890329119312,0.2576061888992384,0.2570962962434637,0.2560212168528273,0.2559848016991348,0.2559130318156319,0.2556487922548855,0.2554053170743094,0.254386824826512
394927,149,"Ocala, FL",msa,FL,0.2429231665985882,0.2445215993125414,0.245878106054995,0.245924114601822,0.2481934096964919,0.2487276617319723,0.2506397383351105,0.2496313935728211,0.248492884973286,0.2484411118538598,0.2490931725175403,0.2502890471218327,0.2496582661830408,0.2499274209468275,0.2502708298789263,0.2517612119436288,0.252042537147238,0.251490394644806,0.250671851988599,0.2505086153416241,0.2532785834289311,0.2536268768729525,0.2557200241538632,0.2548946443892635,0.2561936339022437,0.2563046457733758,0.2571677767349574,0.257011636407906,0.2564698857370193,0.2580938720771525,0.2601249464916291,0.2621620712041441,0.2614512684035739,0.2618747241366257,0.261984815134295,0.2608514122441316,0.2590326766444376,0.2567786930180994,0.2563829630039582,0.2563554910037436,0.2558371790779926,0.2553713694093514,0.2538282439971108,0.2543383779672371,0.254429374661317,0.2556243774356394,0.2544561695832115,0.2555318887235171,0.2561817779361193,0.2589498485626915,0.2595276247587725,0.2600855696108719,0.2613088869237446,0.2613689111941829,0.2620299139029506,0.261051644086806,0.2611085052176926,0.2602658668971426,0.2610196984889252,0.2611252816243329,0.2614608765299251,0.2603555976210469,0.2578232536473497,0.254592146114278,0.2522023489211191,0.2543165338535591,0.2565969932786254,0.2587889753659023,0.2625966104556456,0.2658293806142446,0.2710170795190548,0.2737330516485399,0.2749011283892217,0.2746196132303437,0.2741929218178048,0.2781254950381748,0.2815239259655544,0.2854861726284078,0.2875687734293944,0.2951538980994557,0.3026893158172949,0.3131261099177099,0.3172777516714101,0.3203534604980497,0.3209748434136589,0.3221206778447814,0.3244568838648995,0.3250048356419573,0.326382805710346,0.3245198560933555,0.3238311600512072,0.3191824913470032,0.3166941901870854,0.3134784824276487,0.3139517212268447,0.3124097120894999,0.3124548851847906,0.3118019270332925,0.3125714116487469,0.3110417221423058,0.3103469943609626,0.3081354417926979,0.3060054854930498,0.3022683382649796,0.3000320527861261,0.2975524731046717,0.2955673722611406,0.2927870889128457,0.2904349520509865,0.289366279819776,0.2878780512753598,0.2882855937672007,0.2875681969194677,0.2877211734653447,0.2869695283381269,0.2873994480201654,0.2878565023691716,0.2876325492425913,0.2866285559114956,0.2857431533005925,0.2861433404278221,0.2868231548337024,0.2855112481434936,0.2838420746010811,0.2825765592243107,0.2821309517400944,0.2821727731807572,0.2824908499047838,0.2820360197310636,0.282220089619602,0.2822075525376046,0.2826529020745968,0.2819803030931327,0.2806492481593219
394679,150,"Hickory, NC",msa,NC,,,,,,,,,,,,,,,,,,,,,,,,,,,,,,,,,,,,,,,,,,,,,,,,,,,,,,,,,,,,,,,,,,,,,,,,,,0.215880631101159,0.2187347604866721,0.2275815608371633,0.2315772907772325,0.2315290539024997,0.2335198256900702,0.237151537218083,0.2454996982002158,0.2494783018563522,0.2515987320496529,0.2525240224231574,0.253054295045183,0.2577466322094185,0.2560767809677356,0.2570529669585351,0.2572072049432209,0.2611125922321441,0.2621798348975449,0.2615319793089637,0.2607772024520086,0.260578806228995,0.2586717116594235,0.2560808335735123,0.2563466277469602,0.2573386532010356,0.2588237940562884,0.2535505927950411,0.2542577967262712,0.2511730500884057,0.2523130733234695,0.2492978975059637,0.2498072980681661,0.2507317966598479,0.2512640372331006,0.2508382866093152,0.2498924137013354,0.2471657013843398,0.2470340291004274,0.2490930904025317,0.2474358849206138,0.2463150051900544,0.2433126033919586,0.2434390145291116,0.2426441101704874,0.2414168148316624,0.2438587008427103,0.245946072051897,0.2467197051813937,0.2464310086747576,0.2457667166116024,0.2456350200467921,0.2458510520764098,0.2469804240841319,0.2480689311707136,0.2489878613743204,0.2494464310099051,0.2500927400970378,0.248283356825868,0.2469456738765988,0.2462137445517144,0.2468861408635797
394697,151,"Huntington, WV",msa,OH,,,,,,,,,,,,,,,,,,,,,,,0.1971387407523248,0.1986468171930815,0.1989315920469077,0.1979650031328093,0.2000378337326968,0.1987750490941692,0.2002712262687044,0.1985420884762313,0.1993225870571761,0.1984985574945633,0.1968207921446241,0.1992644652811572,0.2006236154304213,0.2012853065528611,0.1994876601940261,0.1986615186317045,0.1989738015183811,0.2010667881490442,0.1993037915484051,0.1987627684601425,0.1959020512399566,0.1961054378573611,0.1956106445900625,0.1937057202171026,0.193165823065856,0.1929389979359307,0.1919754414702028,0.1894798954176124,0.1876716179773041,0.1856427167078027,0.185393026515334,0.1854604663391762,0.1862153318085746,0.1857364406566001,0.1868907185657185,0.1871966829512213,0.1868746696725811,0.1866002174649761,0.1881275741397354,0.1901403484868339,0.1904532732166686,0.1876637420300992,0.186000277660988,0.1849921066050206,0.1849792358765213,0.1839565543290877,0.1852953855485155,0.1871217231933941,0.1889742013927729,0.1881799066622288,0.184910809144538,0.1848939187008846,0.1854087898610854,0.1878759700474588,0.1877503530675847,0.1887714703370213,0.1859321325988124,0.1859879697790472,0.1860931776158975,0.1880740069242285,0.1892165255059592,0.1884878288100708,0.1881721176896013,0.1863288101021368,0.1851799037913584,0.1834756903552785,0.182740680588343,0.1801795785452667,0.1810364411511191,0.1803587532667404,0.1824735597897759,0.1834430652013055,0.185011602529702,0.1856552081562667,0.1850325197958143,0.1841125029034749,0.1835495913269746,0.1832547004615116,0.1840275825018539,0.1852672383921813,0.1852979488112731,0.1852068979052645,0.1837562919181579,0.1833852238686993,0.1820773661443182,0.1808747935467716,0.1802658606840293,0.1805527572790784,0.1819305323303682,0.1821702745722621,0.1821328940942158,0.1814547910815484,0.180990027700248,0.1802136288558992,0.1794426684305233,0.1792112036103601,0.1808746827949667,0.1812809130566593,0.1824046210734339,0.182812527456336,0.1821337480138556,0.1822013121725733,0.1819300499786315,0.1824921911218926,0.1829652703296377,0.1839906962520256,0.1853996404795808,0.1861276303774123,0.1857055040620022,0.1862540428053283,0.1863496585368662,0.1867133891494379
394602,152,"Fort Collins, CO",msa,CO,0.2314094897852912,0.234179331996859,0.2375821382490455,0.2390303383562168,0.237194960883761,0.2390326092999352,0.2390976614036331,0.2411088641346423,0.2387030071927175,0.2397843864455383,0.2367474774080861,0.237455893268443,0.2373847407898719,0.2367006456426689,0.2353238084538196,0.2325330765114434,0.2334412042094752,0.2334589750056021,0.2338838272028521,0.2322200516966037,0.2316217813923978,0.2307656974634919,0.2304645587279753,0.2315677424680793,0.2314599998178166,0.2327406143052974,0.2328536878932527,0.2349325580427881,0.235410872427552,0.2349225891520359,0.2342109892880148,0.2338233485787272,0.2341100955841362,0.2332282833549591,0.2340280361880012,0.231386235986788,0.2322429355692438,0.2317548893157128,0.2335086493528375,0.2332972546398253,0.2333658810091178,0.233283362387202,0.2332244038438276,0.233362183172474,0.2325974590257552,0.2328931829027032,0.232534324406355,0.2342346722234668,0.2328823579306657,0.2323464971669151,0.2307272764928761,0.2299916585596949,0.2292167312791241,0.2292102111470528,0.2292599861267197,0.2294442001884359,0.2307439843493837,0.2318178878160483,0.2323967498760438,0.231727733540008,0.2317967542876466,0.2315701362349311,0.2319803857835868,0.2295520594325361,0.2285185137245653,0.2271568650697917,0.226638299681465,0.2262475747620548,0.2271287151645595,0.2282814380068683,0.2286014110803315,0.227840048866868,0.2257366022638586,0.2258049125014881,0.2257209413432923,0.2280143813618362,0.2288157319482864,0.2298928090724102,0.2301291423929127,0.2316398397638629,0.2352970168573046,0.2400016514290414,0.243468252851718,0.2442474801332725,0.2439165334098083,0.2434834936411661,0.2442081094164182,0.2449678152456397,0.2463658324616134,0.2466225112432357,0.2469111111560773,0.247142962115083,0.2477764139579614,0.2488611875621903,0.2489284998671287,0.2479014336695139,0.2466295589432312,0.2466713668256921,0.2484671551379838,0.2490742698467577,0.2489548480510034,0.2479625667967906,0.2474023996644283,0.2471124632177511,0.2474927505198787,0.2474098190053454,0.2488036162855094,0.2495781190980191,0.2500317473100574,0.2484207522222666,0.2466748539132982,0.2463796377935137,0.2459788605267135,0.2464184973995409,0.246373633929984,0.2457243531450611,0.2445176222612776,0.243459745507097,0.2430309087798837,0.2429360707372198,0.2434673069990394,0.2428804553946455,0.2430113486102424,0.2424548811000303,0.2421433304544964,0.2416137407862046,0.2412044062626879,0.2410890490966556,0.2412515833853292,0.2414487429211941,0.2406926737433862,0.2400990846011355,0.2393111099124897,0.2400430341629768
395033,153,"Rockford, IL",msa,IL,0.1506111519358325,0.1523162235429898,0.1508140977292573,0.1521849794068082,0.1530374050050142,0.1548352508517118,0.1537135433743788,0.153092020255006,0.1527368186356438,0.1523856384667527,0.1511472938194448,0.1497328845681587,0.1500777834298378,0.149864042178854,0.1497576101619092,0.149323326395278,0.1494494690294087,0.1491243742800677,0.1501048510041144,0.1500213474158971,0.1509359353352293,0.1510840343565417,0.1517938207525664,0.1520591077854888,0.1513686881581372,0.1511033668964571,0.1512781410253062,0.1519181188102562,0.1516003852246941,0.1511276510806751,0.1504040645250369,0.1505887314004964,0.1500653045405114,0.1500621335395512,0.1497385986499559,0.1494747950439696,0.1486045709736985,0.1483801756917474,0.1479830023688628,0.1466819758309121,0.145688706740558,0.1452530199316064,0.1457540978958327,0.1457749177215805,0.145999728500366,0.1454488884059162,0.1463092213823661,0.1465691844940793,0.1476584864794778,0.1469665573873433,0.1471941321919839,0.1478442814314286,0.1486873718852733,0.1495625660102445,0.1497406895334606,0.150120296240397,0.1507924800570036,0.1520393803421617,0.1522928363334457,0.1531690769087088,0.1538553752978017,0.1554157996881479,0.1541103225450677,0.1527681933142966,0.1517663404937382,0.1521550348209996,0.1537084884544628,0.156110135396131,0.1589058515676283,0.1600749508002661,0.1608757957018071,0.1609796391663976,0.1627477454603941,0.1655109738752702,0.1671954885745586,0.1685027235403501,0.169303247997312,0.1703884722533956,0.1702347094253155,0.1695135806151346,0.1702368976357881,0.1725629232769784,0.1752719229079771,0.1760395059649452,0.1752828881413937,0.1736083519155721,0.1741724714955255,0.1760872533229278,0.177601564007144,0.1768569533282311,0.1753017988182567,0.1745923357265968,0.1748554374936575,0.1752501213461946,0.1743681236425595,0.1740602902469373,0.1731948711655361,0.1742262077202984,0.1750884387558674,0.1755344956754835,0.1758953455988759,0.1751468678569473,0.1757540504242169,0.1762297815820566,0.1774685168457381,0.1777954904514884,0.1793561412380049,0.180351566036205,0.1813872048554751,0.1806552475251281,0.1795121427657252,0.1798213829738707,0.1811237037281885,0.1823601270778114,0.182835624956158,0.1832227532243951,0.1849934015289228,0.1868380314667339,0.1871052851539028,0.1871070649508685,0.1878269236097121,0.1902821871660758,0.1916288070829548,0.1916762034544225,0.1911433385556863,0.1921665668406535,0.1933791057130109,0.1945820293950885,0.1942897033835509,0.1943535895844104,0.1952614425611164,0.1965426506881856,0.1970584784718064,0.196695298426076
394796,154,"Lincoln, NE",msa,NE,,,,,,,,,,,,,0.1779731568401744,0.177230114023401,0.1765407690956712,0.1758027166309543,0.1753424320606527,0.1753950122291601,0.1760471771696751,0.1776902925590769,0.1786214467342456,0.1790589960611301,0.1774176018050224,0.1769809927676037,0.1761182189405816,0.1766544433717121,0.1769124866004948,0.1767092172618945,0.1759739728905836,0.1764214302200814,0.1773763538729749,0.1770651486752117,0.1769188673641205,0.1770111966819924,0.1790949372023391,0.1801726969593048,0.1808190635551902,0.1800460592644119,0.1802574336038586,0.1810124746376323,0.1821943593103883,0.1820628043026478,0.1826126897194727,0.1832283031898378,0.1831165293687341,0.1822218147370132,0.1809506198580573,0.1806336640199387,0.1803946912379961,0.1805335196773503,0.1804352114786185,0.1800133138828002,0.1796368754381621,0.1801553714651809,0.1799596608343445,0.1799630319316293,0.1795808775500154,0.1795995274832154,0.1794994498961336,0.179859049621906,0.1805930470203275,0.1811594970594884,0.1807929115136957,0.1793127437788293,0.1776582686655359,0.177760709278038,0.1789943914588648,0.180421998826529,0.1815115143816463,0.181705383465445,0.1804148185861608,0.1804122214320985,0.1804625169501067,0.1818526057414646,0.1822827670273146,0.1823351593883405,0.1829490733500009,0.1825140013229229,0.1830240513270705,0.1834995840577718,0.1865952938489922,0.1896072554067827,0.1921706606280951,0.1928205030417471,0.1930158952496439,0.1928043873707673,0.1930589098455172,0.1940971967830551,0.1954918985825444,0.1967061576404963,0.1963529341884411,0.1959918216703579,0.1961294727618842,0.1978464422530424,0.1996431403907029,0.1996906137099941,0.1990195131267177,0.1986655327483487,0.199082202869792,0.1998592468151157,0.2001001580515555,0.1999358096632142,0.1995357410202106,0.1991061158748772,0.1992584672913053,0.1990828878753144,0.1995354425167255,0.1998817085011722,0.1997502586631661,0.1997749412634267,0.1992521502409435,0.1994438536519162,0.1990730931246874,0.1984493282800146,0.1981135411868824,0.1976205503483999,0.1973043481510718,0.1967306169401508,0.1964234341882393,0.196100795892631,0.1967358555508148,0.1970736749695563,0.1973417432964694,0.1966620844858005,0.1964741977267034,0.1965246809617091,0.1966633192848022,0.1968988734563277,0.1968490694078594,0.1968310900323804,0.1962158244084097,0.1957580577888672,0.1951588364422186,0.1946180100298714
394622,155,"Gainesville, FL",msa,FL,0.241909020733972,0.24324403189857,0.2435215994401873,0.2433471698869938,0.2428445321973804,0.2427593671745056,0.2440784868675783,0.2450430402680768,0.2467652262665975,0.2485836576806321,0.2509074341770957,0.2517525515147571,0.251649409756132,0.2510871837897747,0.2511965640250755,0.2522691174757602,0.2541614607881493,0.2545967492623285,0.254206258309629,0.2536563522304998,0.2546103174245495,0.2561874360324579,0.257346515136884,0.2589905557915737,0.259422744129724,0.2612972019973077,0.2608713857189555,0.2609970599585388,0.25966152674197,0.2606061246939393,0.2603176437445897,0.2605492397259156,0.2601879238557569,0.2601888856154137,0.2605482006282829,0.2608860697670703,0.2621321773729083,0.2621373298093761,0.2628137560945923,0.2638443733767828,0.2649121340871886,0.264861815686513,0.2643823162309306,0.2647192315604225,0.2642011599386419,0.2648576437188988,0.2659933022642548,0.2657395909405883,0.265332589639283,0.2642038850841183,0.2646985956090149,0.264456992670756,0.2647686032757877,0.2652455402832863,0.2667807894337178,0.2675472895740654,0.2693556859261318,0.270059379691251,0.2703167251414397,0.2715358229571486,0.2727155995747434,0.2745778740481582,0.2721316003591294,0.2705139871741753,0.2678010781296852,0.2671978589001242,0.2658201501188016,0.2642806793928914,0.2630582945675819,0.2635916779383261,0.2652724794231925,0.2666113489689191,0.2662236824091379,0.267371999805822,0.2683987175005889,0.2708479027545474,0.2732247621576557,0.2750670294403303,0.2779699161880606,0.2819430600464811,0.2916469381421693,0.3000587272079171,0.3069251962140384,0.3074993926628443,0.3069303042531864,0.3050757832133763,0.3038054310916276,0.3038895247939521,0.3046411449856903,0.3052198553376335,0.3053766013168861,0.3054556197771195,0.3051591832549554,0.3051193900388741,0.3038905620483197,0.3030615297994228,0.3027343804769713,0.3036329017593996,0.3052713758355019,0.3056234192250392,0.3065218738833307,0.3075234998916821,0.3075443349259141,0.3057543174463753,0.3025740638925841,0.3002401287895155,0.3002041151272956,0.3008808146368683,0.3024911725511235,0.302856561458164,0.3031072343455607,0.3029530169112125,0.3016758649429726,0.3007966601687593,0.3000103372721458,0.3010678893367721,0.3012087249350549,0.3014760282749353,0.3007192906864388,0.3013383236236789,0.3011790605816709,0.3007243351803609,0.2997731868301739,0.2992953205695683,0.299290077567948,0.2992384181616448,0.2996129470667283,0.2993602115070494,0.3004985663674703,0.3011484641088829,0.3017165215799045,0.300866515159508,0.3002030649935354,0.3001653180925175
394405,156,"Boulder, CO",msa,CO,0.2297313892369422,0.2323556993893968,0.2325012973691603,0.2348596322551062,0.2352841167950445,0.2378071122359655,0.2400538099912304,0.2434066632415921,0.2431601695790893,0.2435464390492045,0.2414266246930973,0.2409347526062018,0.2399843950605212,0.2399919832651334,0.2418289196060178,0.2417284528146868,0.2408623601275692,0.2388088466743267,0.2376913656340601,0.2362207978872044,0.2369065543030389,0.23593834616226,0.237206254121417,0.2352653071146144,0.2368861826805078,0.2372803022331841,0.2387428079315838,0.2377868261172029,0.2369695847779723,0.2369345633543598,0.2364321077201878,0.2360589090799795,0.2352270362586771,0.2350517725612911,0.2349024206433756,0.2359617673136127,0.2349269978139022,0.2343129060462481,0.2324317013545169,0.2324010500292382,0.2323803243453089,0.2330513000552171,0.2334521222425481,0.2341164365510293,0.2344352081022243,0.2349773784640784,0.2344058795448171,0.2336431520639981,0.2335918224946941,0.2339926107781962,0.2342101214427392,0.2344449623058067,0.2348482020884337,0.2346575764286836,0.2347268865487453,0.2346809941011441,0.2356422657994876,0.2365619949739998,0.2377994012237725,0.2383424272484353,0.2384817427864596,0.2382396041647878,0.2367231669463366,0.2340989062878545,0.2311933512859473,0.2301389217740991,0.2307692722556767,0.2313126406664337,0.2333018830945716,0.2353577146068014,0.2376337045557385,0.2359812464280759,0.2359608484998874,0.235356141616878,0.2371353942262226,0.238929339646111,0.2417665653958828,0.2434087664980408,0.2445011490097044,0.2466800292844003,0.250679411323287,0.2541598816497983,0.2565087177660396,0.257757354639941,0.2588579092027129,0.2607511358953283,0.2626768476515674,0.2644207003187965,0.2646749512974555,0.2637159920690384,0.2619209501906274,0.2606690378557512,0.2606594190690635,0.2614239762273603,0.26102655920194,0.2598207589403053,0.2583784490667593,0.2582179437967444,0.2591448302693421,0.2599337240419361,0.2609328693381233,0.2601662415493642,0.2599263116488619,0.2588465867984333,0.2597060574746933,0.2589153949985308,0.259745650491075,0.2589490504676103,0.2590476134143755,0.2576558544267524,0.2573227019676149,0.2570646649470733,0.2565082189588077,0.2567698663876374,0.2573334544970693,0.2583911627966559,0.2582026796584142,0.2576215607134788,0.2574709916225078,0.2586845126066265,0.2580990123985955,0.2564614066335861,0.2553810175333313,0.2542602993718112,0.2534391110797411,0.2528802967677035,0.2519606181576294,0.2509047464401792,0.2499061031385171,0.2497945944821157,0.2488029009458085,0.2475244368324605,0.2471990643897989,0.2480191719105964
394646,157,"Green Bay, WI",msa,WI,,,,,,,,,,,,,,,,,,,,,,,,,,,,,,,,,,,,,,,,,,,,,,,,,,,,,,,,,,,,,,,,,,,,,,,,,0.1399026471156627,0.1390733441725493,0.1399620764554601,0.1412803929100876,0.1422370095372709,0.1413223326633202,0.1416117310583372,0.1432311564224278,0.147522947672306,0.1504433090671368,0.1526198418322915,0.1531060516288374,0.1543428029296093,0.154206343426736,0.1539173440509564,0.1523707653337117,0.152385233197948,0.1524192813098116,0.1529721033821776,0.1519587509051006,0.1519219313342156,0.152363863487786,0.1525635181943885,0.1527566132333646,0.151723860908286,0.1530597744741171,0.1537018404105814,0.1547444645789507,0.1542567851301713,0.1538163229717782,0.1533496173132579,0.1533909312688684,0.153341563167898,0.1540778360320772,0.1541612116088966,0.1543061516212683,0.1539080420305064,0.1535963060036863,0.1531801031499555,0.1523860565502947,0.1527862717716378,0.1530117990514857,0.1539623797250411,0.1538958871032752,0.1539397396260077,0.1525594235173664,0.1525564217796507,0.152308381001606,0.154676263460224,0.1543887003360918,0.1546599807905802,0.1551539496904656,0.1551476381399407,0.1553816244149301,0.1549136615458757,0.1552154799505081,0.1553966127350837,0.1562188165756829,0.156322843995837,0.156486008278207,0.1551451611372948,0.1553315247206506
394488,158,"Columbus, GA",msa,GA,0.2114477130202641,0.2098826181978379,0.2101278299094984,0.2100500801146591,0.210421617163487,0.2101655367235155,0.2101099481581816,0.2099811580071954,0.2101077594756983,0.2101383810003574,0.2098973960914872,0.2099462066495412,0.2091083985417415,0.2090804158777482,0.2092797584344601,0.2090203525725744,0.2090686023629056,0.2083020143084762,0.2087574251750373,0.2091307136043126,0.2091901283188076,0.2094273848843864,0.2082179198335796,0.207072757483932,0.2064467053681737,0.2071224013668329,0.2068828430062678,0.2065022143426104,0.2054795274154784,0.2048236904058582,0.2047755929554543,0.2037845441970251,0.203625139033355,0.2022835073812514,0.2027126004787103,0.2029497380692143,0.2038771420689681,0.2031499668011087,0.2035352047913654,0.2025700051273933,0.202192300712187,0.2014838117514915,0.2008175491778424,0.200583274771523,0.2002199651578819,0.2008362892561537,0.2018736136406336,0.2020621834271402,0.2016747427843306,0.2018126797965133,0.2016781185114562,0.2027409533554643,0.2036656523048757,0.2050211995878722,0.2059180621867424,0.2070493677677394,0.2084534605364287,0.2097655933817916,0.210241311039288,0.211426131063941,0.2127130537671711,0.2138901035114517,0.2145507050515886,0.2143942496527302,0.2144847352056482,0.2146768702880584,0.2152190831698119,0.2158063205631796,0.2167215735049977,0.2182103361331474,0.2199622062550768,0.2197757780442315,0.2198946305418177,0.2206588453728928,0.2229742953890869,0.2257735651329653,0.2279185008161929,0.2293004004412401,0.229854554042761,0.2328042753009891,0.2369845733110858,0.2424534357749625,0.245563336730335,0.2474014567086681,0.246292102426759,0.2440532760394973,0.2421851729027394,0.2407458083602183,0.2401943450429976,0.2394244571952068,0.238289521169396,0.236099544095888,0.2363584383668843,0.2367039014357322,0.2365290606244476,0.2344036634255883,0.2344798342427841,0.2358602490998358,0.2355920347477835,0.2340422730886075,0.2335331587422194,0.2338517782278943,0.2364682053739003,0.236468089416521,0.2356409935465912,0.2328932737572217,0.2323268247886057,0.2326826882299269,0.2331158714448422,0.2339189613526523,0.2337215971223527,0.2332105285546654,0.2320223695445026,0.2315714373686169,0.230625417252199,0.2306173710371198,0.2306133555623488,0.2297456316115926,0.2289963224606274,0.2281195488733091,0.2296679879588468,0.2297887636299268,0.2299729822842479,0.2307330016865138,0.2313995499443211,0.2314706993946969,0.2309655338959754,0.2310333126070581,0.2310803225979805,0.2325845646359515,0.2331189651007754,0.2336333949349526,0.2321587825319628,0.2313569575941879
395107,159,"South Bend, IN",msa,IN,0.1813209636216113,0.1790470869648302,0.1788169749211332,0.1798241561398487,0.1807329945530432,0.1793338966182345,0.1765186993062346,0.1759350518397873,0.1757337741370112,0.1752941617191444,0.1750854484117926,0.1765088636857642,0.1772255227361812,0.1781506663031645,0.1785461399123565,0.1780179897651466,0.1773440743276864,0.1763560440291352,0.1769004302623464,0.1768190909714208,0.1766573106034166,0.1764540640018027,0.1757526471058292,0.1738197644253668,0.1733748869644989,0.1745298801752519,0.1750599190598818,0.1758627144181312,0.1732214364818852,0.1738413247338304,0.1726422761113806,0.1752609240215205,0.177400017752703,0.1804420266369333,0.1804612059863574,0.1809031047102363,0.1808729305944273,0.1801445597269246,0.1799157745551994,0.1794829164814979,0.1816000303149865,0.1815707099771018,0.1818149420240641,0.1812642259191864,0.1807532120610245,0.1807371384795306,0.1809081745679087,0.181886569120264,0.1808402968738271,0.1795273142866467,0.1792908291282846,0.1791362469321314,0.1788153343607784,0.17909408700382,0.1798539029925691,0.1795412526888028,0.1800903077374297,0.179991982332356,0.1812528935563747,0.1816721317087044,0.183532983608007,0.1853696120852092,0.1854253578512638,0.1845236507609881,0.1837172271125479,0.1834300392624485,0.1853596963130732,0.1864681893523709,0.1884550609905826,0.1907221020988388,0.1917331602460507,0.1924079879708337,0.1926180764528264,0.1956028633800862,0.1992065391119146,0.201724034823687,0.2037570595998797,0.2031086051420059,0.2028556009438174,0.2048427913467971,0.2083387441592162,0.2125171681958791,0.2172354433194311,0.2186741187272388,0.2197058985884405,0.2190333305540412,0.2169152970373401,0.2161320758431716,0.2153019997213547,0.2205353436888892,0.2218679841248869,0.2231592213426768,0.2224770589308814,0.2244873978833017,0.2253800858032215,0.2269722631918266,0.2262865305474151,0.2265429488046585,0.2272176691876639,0.2298022292140699,0.2325625873197835,0.233363250704483,0.2341934291704191,0.2349401681193055,0.2368921202558389,0.2364273292255463,0.2357106721158914,0.2355826380438237,0.2373184552174895,0.2386269202706078,0.2390301783776147,0.2390710447508212,0.2396958579474707,0.2390632797550079,0.2396011474032567,0.2397038337672407,0.2418222720553904,0.2436213811882959,0.2469339856235576,0.2484690933678847,0.2487995817715532,0.2484197675001851,0.2494592235452155,0.2493826944038294,0.2488399667401214,0.2495087362933038,0.250149788378632,0.251103702764392,0.2505353786606077,0.2508099336011856,0.2501428607241116,0.2501901812389099,0.2501887741106642,0.2507123981966209
395109,160,"Spartanburg, SC",msa,SC,,,,,,,,,,,,0.2201635890421557,0.2184721288577298,0.2146812333601143,0.214788783440706,0.2158398575731219,0.2187961580461905,0.2194363917789839,0.2205024381679201,0.2189238154550606,0.2198408833416266,0.2199732617391115,0.2207910005636428,0.2203167886769834,0.2200415653677457,0.2207369992253658,0.2189598424667044,0.2170075652733178,0.2150657654147048,0.2160148715204967,0.2176654504815304,0.2184774056863707,0.2178660278785625,0.2169294444453759,0.215880599623499,0.2152263629754954,0.2159083544016606,0.2167422182909895,0.2166552601867944,0.2175168828644643,0.217004042914596,0.2180127089700182,0.2170450689735515,0.2182057954726895,0.2184663262665357,0.2203683765939321,0.2216832592597829,0.2215976215959689,0.2205806628449809,0.2211050084236198,0.222342028378901,0.2228486701821407,0.2241703504980678,0.2236488709085656,0.2242705622085472,0.2241390025711599,0.2252756441588966,0.225588588591031,0.2263190133647334,0.2284866853188907,0.2308359707646758,0.2313863007889882,0.2279133210253316,0.224585115029132,0.2215305122949509,0.2220564930335565,0.2237520563476391,0.2274013337461954,0.2291975164126217,0.2309794032297931,0.2316989718715938,0.2305634549445042,0.2303009015738685,0.2314926839597881,0.2345734485921151,0.2368537127356947,0.2394945569019978,0.2397930936915898,0.2403106672225652,0.2396918978676408,0.2433439907350724,0.2475409729989126,0.2518648564994789,0.252510768728712,0.2519373996016961,0.251108189119005,0.2498435866937884,0.248249805228953,0.247498794453977,0.2477896642960573,0.2487646662480041,0.2486391684477102,0.2478721725143251,0.2461692703096411,0.2453982757544626,0.2459056985102584,0.2458815986069611,0.2456900949959243,0.2450772662073597,0.2459483395134514,0.2460532875393083,0.2459410375764772,0.2426942742872193,0.2421625881776271,0.2422184368751649,0.2439930926562235,0.2436640530492682,0.2403309287768854,0.2392475003381045,0.2384169051659168,0.2393914516569862,0.2386089050323994,0.2380035356278274,0.2366329497280124,0.2367291090490278,0.2358665103309819,0.2359656158778917,0.2357980345199468,0.2359772113431129,0.2364283948972316,0.2354801605766549,0.2355902973799757,0.2344067423906843,0.2338422804523083,0.23334142790315,0.2336162469126018,0.2340635410489829,0.2342197327903119,0.2336781465328994,0.2327094518847514,0.232138591317256,0.2321402672655684,0.2325588387294754,0.232146936073002
394645,161,"Greeley, CO",msa,CO,,,0.2021552454915786,0.2030991744479415,0.2011546673210856,0.1998465939050841,0.2024803854995004,0.2046185658351539,0.2059968946723956,0.2039111802652885,0.2034026282853532,0.203829648469233,0.2038364250337733,0.202581269304658,0.2000754709946288,0.2012355809098038,0.2024352565161046,0.2050891686641854,0.2036543542844817,0.2017702782778608,0.2012409966091872,0.2031228642957991,0.2046387436128693,0.2036659264259588,0.204969505905713,0.2053424212574452,0.2054253123470269,0.205096670942715,0.2061435125742258,0.2076424554063153,0.2076628502001211,0.2082894196382265,0.2073158633106022,0.2059825016594298,0.2047195375170702,0.204573631203431,0.2033025766249716,0.2037111126464053,0.203937693403426,0.2041752830599078,0.203556488742314,0.2022336048610966,0.2024299970250128,0.2034100468845149,0.2048191494049737,0.2057286266083045,0.2051155818068224,0.2053794337440322,0.204856344164271,0.2051874407233003,0.2054326382443491,0.2051701668846643,0.2050130002594215,0.2049136479586808,0.2050045160888063,0.2043950695270935,0.2045997545850083,0.2050355866585432,0.2064308674055823,0.206321797122588,0.206701011454769,0.2057853181709547,0.2047734328577914,0.2032250847738844,0.2027171478805778,0.2011345950152052,0.2011152367250228,0.2002608685066419,0.2006725016929372,0.2020686546489801,0.2031982410887315,0.2029920450457875,0.2024835986764544,0.2017503770760055,0.2020111430310718,0.20189577998088,0.2023387076246868,0.2032108356768566,0.2027755645031234,0.2041170462056584,0.2068274637431783,0.2106734857304672,0.2130694440928117,0.2130321585001674,0.212410039125875,0.2122531636934504,0.2125446755881663,0.2141573567588585,0.2148873264368866,0.2140886313738968,0.2127531635102764,0.2101067568721799,0.2087167828071694,0.2073690221278491,0.2080884169799556,0.2083096648758566,0.2083771780642404,0.207603636957955,0.2080040280587625,0.2075364917261465,0.2075826696902324,0.2061780684437288,0.2054270909658341,0.204559607023795,0.2046733803804624,0.2038020466577284,0.2033274809762165,0.2015618429298917,0.2006550236761974,0.1995685109383434,0.1995055501131674,0.1992867702386947,0.1994029883133063,0.199058176308847,0.1991099462795375,0.1990779149584335,0.1993402501196604,0.1992069645422324,0.1989333470777848,0.1977867374780983,0.1976071805067882,0.1979953810304934,0.1969702009380011,0.1961577191448559,0.1949679577361958,0.1948628645801919,0.1942496387100271,0.1938923369570552,0.1928744811268068,0.1925341380749745,0.1917208399838168,0.192085455531549,0.1915607873087933,0.1908156513713519
394808,162,"Lubbock, TX",msa,TX,0.2549077205728681,0.2552989451205144,0.256712227648906,0.2606088949513492,0.2623982715139423,0.2634912797525927,0.2639190236715938,0.2620294798321941,0.2637033641047281,0.2632332901197919,0.2662953979010927,0.2659847795170352,0.2654688043315604,0.2644209211853525,0.2638764612190832,0.2646038575687188,0.2646905389123549,0.2646331349950641,0.2650468900270322,0.2668816169513117,0.2674356843828535,0.26770429206547,0.2660018686894295,0.2655991756611433,0.2657437166043895,0.2657739690700008,0.2651415636741562,0.2647321166228398,0.26455869183497,0.2648533128039719,0.2646952611240559,0.2636859440492466,0.2621862572899028,0.2612404980802046,0.2621251951230256,0.2624787301942213,0.2620115928229551,0.2610026776285837,0.2607653804381206,0.2598216030018851,0.2601641387802382,0.2592793117339708,0.2582915217257645,0.2573819956464007,0.2562796901735153,0.255875792855044,0.2551308207701358,0.2538474972615946,0.2520448481698183,0.2512924400213802,0.2506876644963022,0.2501953699434127,0.2488899923186586,0.2483066247557325,0.2479371008428712,0.2476800631984696,0.2478541812303324,0.2474226988566596,0.2468159555459639,0.2472739130945781,0.2484839301899616,0.249021500978817,0.2468348911596112,0.2445980570914234,0.2426032685701196,0.2429946088243461,0.24386697479424,0.2447336617476278,0.2464475277470334,0.248141984139486,0.2514214940811667,0.2508717821313858,0.2501695370837144,0.2484038461389606,0.2505682537040345,0.252172257204498,0.2559982330615888,0.2560955557265652,0.2563316430847947,0.2561947960932648,0.2618671435529121,0.2662989706957384,0.2679032593648827,0.2679134190682776,0.269078611370338,0.2713851127974918,0.2720912947265658,0.2727894243541776,0.2722805225944206,0.2718422689439711,0.2708899314357552,0.2702505108952613,0.2692321234761367,0.2686598795939087,0.2699665493646713,0.268659824530533,0.266809803861215,0.2649032333398628,0.2639956824241857,0.2633651199780084,0.2620420221615807,0.2612953915835974,0.2605594331502865,0.2605695586742474,0.2591833698139822,0.2588443005661578,0.257820290317379,0.2572902757701814,0.2557235813383292,0.2543260991271001,0.2544060330243633,0.2536804855332649,0.25359087317014,0.2531480455634706,0.2531544565167204,0.251988112862568,0.2515949058499958,0.2509946017165516,0.251108661340582,0.2507169313958877,0.2508332512708464,0.2501930841515926,0.2490451540463889,0.2483168772423062,0.247589976895065,0.2470205399926578,0.2462142872054682,0.2459057953713901,0.2459031349643009,0.2455875670925049,0.2447560656185527,0.2443097813451946,0.2441404728704427,0.2444664030126618
394471,163,"Clarksville, TN",msa,TN,0.2043082774547771,0.2037016606524414,0.2039740588932414,0.2036999703565608,0.2038964371102807,0.2037194740253871,0.2036989654722976,0.2027092141550663,0.2019744772940437,0.2014430415046024,0.2008314748315652,0.2002896543856169,0.1994379563979851,0.1992538538235535,0.1981452544064061,0.1976805382470409,0.1966160642130138,0.1959478757462623,0.1954300857996863,0.1957606225794966,0.1962241988173487,0.1961884542092216,0.1962629208228661,0.1951655128430384,0.1943492319249115,0.1936307676887436,0.1943290203213496,0.1945257114504577,0.1946550940067067,0.1946867436693455,0.1947462445262833,0.1947651093491319,0.1947775261029034,0.1954253484055543,0.1963333038397409,0.1977500280064965,0.1982712450632632,0.1985496617277408,0.1981252729293481,0.1979381233995475,0.1982086815151512,0.1986478097518595,0.1986634108791687,0.1981802860024993,0.1982473143906511,0.1997026894925515,0.2010962946994654,0.2013382255561999,0.2010349171605294,0.2019168659266577,0.2029169647143791,0.2039393546937221,0.2047673306637166,0.2053950750218232,0.2063245586370667,0.2076609920972705,0.209325734159001,0.2098387119574387,0.2101634412796861,0.2105602219928929,0.2116632707980921,0.2117693454925786,0.2087922504603528,0.2063159617742047,0.2044264684415888,0.2048291045299643,0.2057678818593455,0.2059864216439227,0.2081966050951542,0.2106662584123554,0.214061828041864,0.214508972061439,0.213281452977121,0.2116181949209097,0.2138828162949179,0.2169526771635829,0.2210078455941813,0.2213456457579445,0.2215841605175179,0.2226011838812612,0.2266632457231605,0.2310361219122128,0.2331541905142417,0.2327173693028455,0.2323620288578024,0.2328308063147776,0.2324928958719356,0.2315585750436979,0.2307767243696644,0.2313848257111585,0.2320683818865232,0.2319838565397214,0.2314449833882584,0.230617983048256,0.2300863579824027,0.2284749167089887,0.2270834042818603,0.226819564549813,0.22705979165819,0.226837926385004,0.2251363322850634,0.2236941859942003,0.2212887902761035,0.2196212986571714,0.2184090132679763,0.2181015184594018,0.2182177699999577,0.2187795093197444,0.2194527228907112,0.2189021248656731,0.2181493240786042,0.2174701278266588,0.2176336133297901,0.2170337520133091,0.2173838623271028,0.21817179414023,0.2194083468524607,0.2203188354883291,0.2200049039818654,0.2193720715961938,0.2175085001602405,0.2162327929732451,0.2154462228678188,0.2148189106779874,0.2142042813689875,0.2141596427817728,0.2138328543679341,0.2129678582300417,0.2120724319342139,0.2110890666027906,0.2107092370341406,0.2102095888165737,0.2104260482983247,0.2105918052181202
395028,164,"Roanoke, VA",msa,VA,0.1759595551243103,0.1754803287986063,0.174613390529233,0.1746643101781162,0.1751970625271826,0.1754097308307038,0.1762210659428503,0.1770932368323105,0.1760783395651597,0.1763581010553176,0.173846941111681,0.1727125212690388,0.1727762163808468,0.1739695840201323,0.1761422387099377,0.1767590608745375,0.1771413724086054,0.1757722544139984,0.1761715111450468,0.1766276755585991,0.1785667882318669,0.1785381016560963,0.180488513798104,0.1812070396735817,0.1808658486770603,0.1789748507610569,0.1780329266950273,0.1783494089067681,0.177629655600333,0.1770801281521729,0.1768780497430788,0.1762229848353731,0.1756414438682489,0.1740568270218134,0.1724488031222233,0.1727485084918647,0.1717144765570464,0.172951909885879,0.1704832124164127,0.1699129353360295,0.1688843981363378,0.1694036100708169,0.1699681951298922,0.1704640040845506,0.1718424987171252,0.1733556722867077,0.1740779292637044,0.1725823313766003,0.1717807410412516,0.1714474024571037,0.1733157419860833,0.173519071306503,0.1746970930938239,0.1752278958305461,0.1753416501529616,0.1758250936929344,0.1757748510244834,0.1765991188300701,0.1778759049510052,0.1802640550127164,0.1830448907995068,0.1845700121699351,0.1821052229394591,0.1795475891468204,0.177890636398211,0.1771831414727283,0.1781507551741929,0.1791850369872285,0.1821558108203602,0.183254093441805,0.1838601278278059,0.1832624516930954,0.1822433071094455,0.1823128409291835,0.1837007729654283,0.1859489582185906,0.1884323314758589,0.1891008358669111,0.1899598263196437,0.191311261553303,0.1943197555976747,0.1978855030131075,0.2018020541147688,0.2049587525700869,0.2067202221794149,0.2082260902241617,0.20835251260767,0.2095043618823596,0.21075749485315,0.212400897849045,0.2130754375446146,0.213469225626342,0.2124086054606198,0.213703288510779,0.2126563903190782,0.2124657665194571,0.2110064094877486,0.2111166754109888,0.2115970618215337,0.2122953889719921,0.2114610386143191,0.2133317771059895,0.2126855946330999,0.2136763370841402,0.2123895502950301,0.2122014910361962,0.211983480108369,0.2092096393765194,0.2089259696874288,0.2069074063783165,0.2078334094981477,0.2073081155630419,0.208425693687127,0.2080411737645544,0.2078474445261356,0.2076242363543827,0.2077360240847343,0.2073566189316285,0.2084340592833506,0.2101348297877185,0.2105102578102777,0.2117346546969118,0.2109207324257538,0.2107865428256381,0.2101314748921326,0.2096780438299356,0.210475490098481,0.2105490686875392,0.2116672242411262,0.2121740389056307,0.2119733509169438,0.212353089007565,0.2129595556345175,0.2134617646018231
394579,165,"Evansville, IN",msa,IN,0.1368053186239173,0.1368025382577356,0.1369365765428188,0.1375686879701412,0.1378763367395615,0.1377597153516507,0.1375974686796721,0.1378024000496735,0.1380542979591938,0.1373422904363644,0.1366600381950965,0.1364520377618305,0.1364051045109633,0.1364628571518567,0.1365088013992182,0.135669992796829,0.1347910618037083,0.1355150218212547,0.1357048697124762,0.1364106271919053,0.135133388236538,0.1356958455511085,0.1358749864275549,0.1359348481678003,0.1350640507774863,0.1340447335612007,0.1334210415207171,0.1332085986683072,0.1333802251081451,0.1331458466674704,0.1329132924749583,0.1324958102744773,0.132700892448088,0.1331331957395699,0.1332538282408402,0.1337459992336999,0.1330807337358827,0.1333015272859644,0.1325148174482265,0.1334376530158182,0.1328440189477575,0.1333781040654419,0.1329210224893955,0.1328760077174181,0.1339607944268215,0.1344779858975933,0.1358025652228061,0.134390032326668,0.1346577734169313,0.1345922631002586,0.1355681508269523,0.1352059113574284,0.1359261576445863,0.1359238295899928,0.1368630874327817,0.137559839352577,0.1378627829831481,0.138292082151138,0.1383542112952942,0.140146947980714,0.1414068905168942,0.1424303764243945,0.141163201725433,0.1386647979918474,0.1367998146495583,0.1361280593952438,0.1367356502034151,0.1359940298306666,0.1374265259326758,0.1392750334780562,0.1415425817730907,0.1417513671684829,0.1396324718164537,0.1387492746100994,0.1386869835613271,0.142133288320495,0.1448867078110679,0.1453712551109252,0.1452178866370225,0.1468668507034401,0.1503016133081726,0.1514457726426964,0.1531637814993097,0.1508916694106343,0.1521660358031338,0.1506146975347727,0.1513886634447478,0.1493676344721634,0.1482742534481713,0.148433834499835,0.1488742813265215,0.1492086153645459,0.1497217732995484,0.1512601054121615,0.1516988528681695,0.1533207300176196,0.1536105778237671,0.1556897827928946,0.1561738284967819,0.1574061220331232,0.1585598131409285,0.1598652098774021,0.1608056413728255,0.1608197142474706,0.1606730478838718,0.1608133810821717,0.1616649296481136,0.1636190002278351,0.164245791020543,0.1649865602628532,0.165214848191803,0.1663045751256631,0.1670283583944618,0.1681256611796389,0.1693652349067597,0.1677729868881979,0.1688889571645663,0.1690118682305591,0.1727994802644109,0.1719629174095734,0.1729637200531893,0.1732048273083791,0.1737588507051036,0.1736911830693369,0.1738643245576095,0.1739223309859352,0.1740920949742893,0.1768889153777582,0.1778610238572235,0.1793359577470861,0.1777496321580657,0.1788954953342204,0.1790799437260484,0.1795047909010142
394747,167,"Kingsport, TN",msa,TN,,,,,,,,,,,,,,,,,,,,,,,,,,,,,,,,,,,,,,,,,,,,,,,,,,,,,,,,,,,,,,,,,,,,,,,,,,,,,,,,,,,,0.2302892345430407,0.2315917144165903,0.2376687467195336,0.2382779214479605,0.2407083692316098,0.2411818530085409,0.2478473401894659,0.2477539141483834,0.2517965621527679,0.2521580020661843,0.256088559774059,0.2598006751215321,0.2609740990757893,0.2612549857632807,0.2585267494254727,0.2586235210626567,0.260530947917816,0.261698862866891,0.2591016405035132,0.2579852735063297,0.257137832454029,0.2552871168282178,0.2513841303963224,0.250454643100346,0.250115440963939,0.2505061635363065,0.2483301164829322,0.2475328339373664,0.2460272750066461,0.2451591518818199,0.2444852142555894,0.2444000802640506,0.244692696075939,0.2464233042331103,0.2463650375066023,0.2461088912215536,0.2456749856518857,0.2465086345480003,0.2454997572357549,0.2455405477205738,0.2448796425344679,0.2444689632351236,0.2447987415028408,0.2451051333264045,0.2443068803082735,0.2436665037091639,0.2448096388761095,0.2447721828948883,0.2449046512076501,0.2441082739210108,0.2462681587226431
394741,168,"Kennewick, WA",msa,WA,0.1931846253370069,0.1923441552522469,0.1939809353112986,0.1944569637917091,0.1943301063247894,0.1946806867094758,0.1962420214409316,0.1980699599725522,0.1982712650099795,0.1996714152934803,0.198697005596153,0.1996955876397434,0.1973994459211221,0.1984205873932372,0.1952650078662715,0.1963739039337779,0.1965054476158837,0.1983997560696022,0.198735776537082,0.1989931747894835,0.1992326584708142,0.1989839134620402,0.2004054242771873,0.2008034286311519,0.203268399306225,0.2034307161482525,0.2065100998695032,0.2064705769711293,0.2063897271335721,0.2059517699684812,0.2049853275908499,0.2058875852327159,0.2057032161180444,0.2068527407767016,0.2074536683296631,0.20698110741699,0.2070056291935552,0.2057888952504245,0.2055303128176304,0.205465738898053,0.2069047144254534,0.2066799650047692,0.206739306534585,0.2058779008698914,0.2058131221849413,0.2052852307886326,0.2046841781921964,0.2037027628582655,0.2022611189871977,0.2027865734679994,0.2019653059224806,0.2016622746487901,0.2005024681706688,0.2003841891760771,0.2005777701763755,0.2006908263035167,0.2013965383962062,0.202006984457339,0.2025984055821162,0.2034922847212846,0.2041051781220373,0.2040307266213096,0.2003919867090485,0.1974907565922688,0.1941034932378944,0.1939457891665953,0.1940776235567775,0.1951402449028281,0.1967613439049398,0.1994134957383397,0.2010306905314689,0.2007122299261793,0.2000419817586522,0.199306510353193,0.2003938073635628,0.2029169668208715,0.2073851398070892,0.2084337187789131,0.2085462288412195,0.207531867218816,0.2104642514699488,0.2136933633179283,0.2163377512609615,0.2176091767926735,0.2177313376389369,0.2179080138821759,0.2192560166948616,0.2201991044763987,0.2204938666418332,0.2199001273737277,0.2198598967057825,0.2210668630755028,0.2205036909156205,0.2195904679841035,0.2198595500195425,0.2204548584153697,0.2217311784755354,0.2240975925266572,0.225857838496234,0.2255294103798135,0.2238693838478485,0.2231469590367858,0.2230235752684857,0.2218041537649137,0.2214159402455013,0.2219564524729007,0.2221085084748587,0.2210649913694693,0.2204511899912702,0.2193141870314315,0.219122050965772,0.2173877969714632,0.2169704617780516,0.2164319647085168,0.2166043278695801,0.2159947753975583,0.2160318204709062,0.216003074627355,0.216188287347534,0.2167853599424153,0.2168022124277119,0.2166211350531431,0.2151867975365896,0.2156945104909217,0.2158960977663085,0.2163747605763978,0.2159651143280002,0.216352418310712,0.2162291261760944,0.2157464105714341,0.2149813067551383,0.2142279688013436,0.2136088590696257,0.2131163576954328
395179,169,"Utica, NY",msa,NY,,,,,,,,,,,,,,,,,,,,,,,,,,,,,,,,,,,,,,,,,,,,,,,,,,,,,,,,,,,,,,,,,,,,,,,,,,,,,0.1926910135952608,0.1919935666596101,0.1946601372634697,0.1951611268438666,0.197868323752874,0.1990110776270776,0.2011766519475709,0.2039258994667764,0.2042757401673903,0.2067100993241445,0.2054331517734725,0.2071958600795473,0.2060804792289978,0.2082971900600786,0.2099248611892974,0.2127463398417835,0.2135223145820977,0.2143999447962162,0.2115549334881381,0.2123683669550518,0.215142240004833,0.2167858152311688,0.2168583588906314,0.2149462530143406,0.2176096751968862,0.2159944333483634,0.2143283476688244,0.2118399915646949,0.212662911653539,0.2134698102054497,0.2149157322927345,0.2123316172469905,0.2115508562768918,0.2121993354841255,0.2136673299344504,0.2144975641328097,0.2110964794676094,0.2107975240931245,0.2102557739476409,0.2093723188564549,0.2074370447420047,0.2068559984131454,0.2076469999023122,0.208455502143236,0.20784278182523,0.207483740039646,0.2066865159563742,0.2066079396891673,0.2078708160534142,0.2082637474569575,0.2088290931473797,0.209790441304606,0.2104052233935943,0.2099921841215909,0.2088345321540897,0.2088030334442458,0.2091344310975005,0.2087295457227982
394660,170,"Hagerstown, MD",msa,MD,0.1982851490335089,0.1982409126119982,0.1973980412031304,0.1982096962213095,0.1990685039463761,0.1997715850172021,0.1997529845246614,0.2003207587083037,0.2004192293167417,0.200247806905685,0.1988056477713144,0.1976686152146854,0.1982409915340189,0.1993012192914866,0.1992363752620702,0.1984481032387837,0.1976717902142671,0.1980867178126426,0.1977870567719532,0.1973666080291313,0.1974963108755081,0.1974611924633265,0.1982424293415472,0.1979871065988268,0.19789025620616,0.1974451401747323,0.1975214568339026,0.196910672082272,0.1962371794323647,0.195306170740303,0.1954047796767791,0.1961783505445117,0.1966202781977133,0.1966201640485329,0.195866227274548,0.1962229832777793,0.1963519485540552,0.1966988573186901,0.1957415333717652,0.1965051915880915,0.1969365344875586,0.1978416427557552,0.1974946955032404,0.1968557957823786,0.1966633639894337,0.1970907487047666,0.1968609457188814,0.1960470176449565,0.1964128293384788,0.1959677000552917,0.1966208482012286,0.1963825260955444,0.1964067564252504,0.1960624704616751,0.196332168680457,0.1965770587665737,0.1969417752906767,0.1971354682893151,0.1980859287437134,0.1994049680124277,0.1998831249919592,0.2005332242549353,0.1989089093888743,0.1990842428404487,0.1975622047223535,0.1983455928751706,0.199626128770504,0.2002368806431805,0.2017724664093703,0.2019040657532913,0.2039993269345893,0.2029354780365123,0.2045249140122062,0.2044961998648726,0.2071542679533608,0.2086819505594406,0.2115674338772293,0.2120262105817082,0.2122656783160178,0.21331433151771,0.2180892983758427,0.2227912789710615,0.2255254597333451,0.2257276698975491,0.225584972305277,0.2265240363828906,0.226495513786758,0.2265750562226809,0.2263735550637963,0.2265946910864797,0.2269020686415493,0.2276310137986558,0.22773326481048,0.2293800999203442,0.2302288043771075,0.2334305624411377,0.2314754566283089,0.2311398408609831,0.2293558721979499,0.2303405570284176,0.2290736540012785,0.2286604357340059,0.2266312596744498,0.2264486701117647,0.2253557875015285,0.2250938737587892,0.2241841677695307,0.2212914215045706,0.2213258044698461,0.2200174482641019,0.2205573018171006,0.2188115923926218,0.2189798909321983,0.218235439796421,0.2194601234889281,0.2188720953280819,0.2197431445692715,0.2188419434847096,0.2192884220332658,0.2186493209891107,0.2191798787464016,0.2189351383348755,0.2186607500260715,0.2188102099457593,0.218568884312676,0.2188869817836158,0.2184751821351486,0.2185408281794764,0.2183730950126732,0.2189502166532353,0.2190011335930677,0.2202151681046265,0.2202605197227476,0.221245445943802
394543,171,"Duluth, MN",msa,MN,,,,,,,,,0.2576690611064819,0.262124865384722,0.2622848292142671,0.2593816206583511,0.2567656032193943,0.2541885643954328,0.2549994492874491,0.2551676098872947,0.2521646106155165,0.2544727786021474,0.2572138595431837,0.2612046101986098,0.2611528657817905,0.2595630812733967,0.2596495924322153,0.2598415198271558,0.2586593029199244,0.2582694277162151,0.2579280456046979,0.2575286751775911,0.2573863594219956,0.2562985768346491,0.2559195708093892,0.2553855914356447,0.2553995775651946,0.2540784686349741,0.2546399139367707,0.2532113628239336,0.2546009788754438,0.2539081967438675,0.2535011200953131,0.2520977509073955,0.2523132834794026,0.2505904705163717,0.249507042000367,0.2474616675350988,0.2478574282114983,0.2473368917443285,0.2459919657608683,0.2453615678006528,0.2454077290187525,0.2458481138252522,0.2455363056460921,0.2461173052517453,0.2458757455734622,0.2466180633349152,0.2465793971241496,0.246985544599001,0.2458923163271625,0.2462876127799438,0.2463454269154764,0.2471848268964604,0.2465508230818708,0.2460018514137061,0.2439799536264336,0.2419710223924172,0.2392804300837554,0.2395173236790494,0.2419808516762199,0.2433165600516706,0.2496088329205164,0.2500366753874405,0.2527954957228659,0.2480381785854127,0.2497501486632191,0.2491454762901426,0.2517840632932695,0.2516081976656062,0.2541826131299446,0.2548839279576525,0.2555311868104326,0.2543766846561205,0.2547685196285543,0.2573304032304697,0.258629339703469,0.2612850884745257,0.2602927998028189,0.2626264227910663,0.2599070107541914,0.2599394284973998,0.2584309610791691,0.2582586759110708,0.2578811370511012,0.2592611040539971,0.2618396095324367,0.263516059222821,0.2657449063625706,0.2657341013450421,0.2677751852170093,0.267100645628762,0.2701628509516476,0.2701190450982913,0.2706262474156866,0.2694669718222583,0.2684018791318353,0.2691004101628561,0.2694127571177362,0.2714704950626429,0.2722936140138332,0.2722900047974758,0.2708466822809954,0.2699526132454221,0.2712668563824812,0.2720692837089585,0.2722416803738694,0.2721419859423989,0.2733572416368508,0.2737110389334369,0.2729823493323327,0.2723188603431062,0.272295431185629,0.2746266348215421,0.2757876388353962,0.276815762069682,0.2756266083055051,0.2756763846870025,0.2761277438966282,0.2774566041203514,0.277770812195249,0.2775502084602986,0.2783192298536469,0.278295762148152,0.2782583788429169,0.2770405278718336,0.2770699727475386,0.2773183101562457
394937,172,"Olympia, WA",msa,WA,0.1963551092283832,0.197613962652189,0.1980252157522506,0.1980795268280998,0.1975199459586925,0.1973607553616489,0.1979609864348205,0.1985095281068246,0.1990310858110883,0.1988646689902123,0.19897805707337,0.1984932334987257,0.198112471566847,0.1967532825419783,0.1970825362736247,0.197080807979294,0.1981767367165948,0.1985635261820298,0.1990291217189412,0.1998197182515043,0.1998804634595097,0.2001268343017062,0.1996870465407026,0.2012212630009996,0.2020604838562295,0.2037292652919138,0.2032721708739346,0.2037772235390763,0.2044480223926061,0.2051293220969312,0.205349185889839,0.2048998300673261,0.2057038652120444,0.2063173613600807,0.2071745455354733,0.2062295717461942,0.2056709003574293,0.2052836107397013,0.2059468519046482,0.2067402308132505,0.2065162064419405,0.2063405646443941,0.205586865839841,0.2060908833679209,0.2070135570805756,0.2083401917361863,0.2085886505227579,0.208897732968397,0.2084907728770894,0.2092398545267623,0.2095343564287077,0.2093430448271124,0.2096871763382748,0.2103142326538809,0.2116046847042355,0.2123026511825926,0.2130753288380123,0.2137351606124008,0.2151178595602335,0.2162278420248623,0.2177148870462244,0.2179108715402083,0.2175876315992295,0.2154687290745556,0.2138064095874306,0.2127455588811702,0.2143986708962986,0.2164265068988375,0.2204458391887482,0.2224459435999067,0.2245488887310759,0.2232247350179344,0.2242811917772151,0.2252082127885378,0.2284382449726361,0.2303129672779001,0.2323920084590429,0.2331337289468567,0.2337461136476618,0.2350683773170744,0.2380317784601091,0.2418325494463527,0.2446985667160253,0.2468146662847423,0.246482099163596,0.2459923718006109,0.2444553162142455,0.2449021591377578,0.2453136633112273,0.2455823594883582,0.2446336664568062,0.2429747178462286,0.2414516686698955,0.2399150941350311,0.2391668073697493,0.237713566805111,0.2361358164225854,0.2355445102496174,0.2358259156046344,0.2359658242247875,0.2354832371620964,0.2346751506486509,0.2339885160357186,0.2331895249371038,0.2331797567861798,0.2336190840808278,0.2334349593831879,0.2331150499618039,0.23367919412611,0.2337159932184783,0.2335608147820378,0.2317463219873101,0.2303618652071134,0.2294716908223549,0.2288916139644388,0.2288443204495072,0.2285565372422671,0.2282843482666458,0.2279585806419084,0.2278275622542686,0.2280742300828017,0.2282871554505044,0.2277136981754814,0.2279682938394337,0.2282569520299286,0.2287868740554282,0.2293211464778352,0.2296049514948024,0.2298438153257323,0.2298560054917019,0.230048568091328,0.230144505967107,0.2298683093021188,0.2296959418095739
394803,173,"Longview, TX",msa,TX,,,,,,,,,,,,,,,,,,,0.1951976888427072,0.1965501074432644,0.1976766743865072,0.1981261151123062,0.1960927290814158,0.1937830659849373,0.1931875842515419,0.1942416529736299,0.1944884752961121,0.1947971416909367,0.1953076804149646,0.1955280290139252,0.1946177589533537,0.1932170119403611,0.1918602267368426,0.1917196565346096,0.1914495844268955,0.190977667780288,0.1892396160020406,0.1891546727804615,0.1894380211050235,0.1899846963261458,0.188803212765058,0.1881587403564219,0.1871196537981219,0.1864634462327017,0.1871448953433503,0.188145279486198,0.1896653674051749,0.1904586025559433,0.189563190224419,0.1876255638484832,0.1866706045223561,0.185738728330684,0.1857553049192001,0.1859371145209471,0.18664447024211,0.1873057686547369,0.1870517026410155,0.1861705770253349,0.1854527902394913,0.1860028554203911,0.1881882452467368,0.1900884167880862,0.1888679563926779,0.1878302729367479,0.1857362551149878,0.1858055814714365,0.1850390880300504,0.1865715389264875,0.1881459618561497,0.1895268705704788,0.189763488742188,0.1896051252881736,0.1901323448691927,0.1889272244346783,0.1898101182241142,0.1897858708683773,0.1912786027946952,0.1903169204324227,0.1903520664214081,0.1895496370678502,0.1917471577788373,0.1952475542086368,0.1991976999701409,0.2001702125696415,0.1982693932881461,0.197152256051268,0.1959370102514931,0.1958459533998839,0.1965745852188525,0.1978560850976581,0.2000677889145215,0.2010930129935103,0.2021411723971035,0.2011038576855417,0.2005315208262214,0.1990834891894303,0.1988990375389624,0.198233034809066,0.2001131917612064,0.2008050398523551,0.1987461467947662,0.1972123454170912,0.1970060215617628,0.1978072181396263,0.198532131361218,0.1981551558963903,0.1975345317752158,0.1971268048857388,0.1974209457117433,0.1991303239116595,0.1989477517147792,0.1988095397844798,0.1987734420316821,0.1990366342770018,0.1983398374251734,0.1979722205673712,0.198985005045216,0.200993284838565,0.2028395909359293,0.2041313489615241,0.2042809772743841,0.2029381065874297,0.2025281785784204,0.2023472811851923,0.2031769281297642,0.2037527602158416,0.204257500659001,0.204331358619502,0.2037464624388079,0.2033198173566285,0.2029729485722305,0.2029491651488556,0.2028850780424177,0.203308493067008
395229,174,"Wilmington, NC",msa,NC,0.2162623323583019,0.2163009555962416,0.2163865844816674,0.2170284324937129,0.2169860159158606,0.2167775430814474,0.2161130559330054,0.2162443413659448,0.2169919762840963,0.2164240413866129,0.216498395224754,0.2156135245494516,0.2165105639223477,0.2161109656845041,0.2164958963589338,0.2151066952103342,0.2155526631533593,0.2162443906098483,0.2174232458817574,0.2171649550422484,0.2169436798736306,0.2183707054819727,0.2190736349867109,0.2198222039678033,0.2195956633536491,0.2209436268070101,0.2218473114335964,0.2227620346032758,0.2238590726985401,0.2237888748612335,0.2231149116262478,0.2234113910280354,0.2228983984473777,0.2222773763052553,0.2212172935269482,0.2216309607849797,0.2208067323860489,0.2194607614638547,0.2205043278330311,0.2221396674832724,0.2237449276849692,0.2225751954452299,0.2226334312777189,0.2210449729230627,0.2231977202976307,0.224339294054057,0.2273675014147123,0.2270754559100183,0.2275552505541468,0.2282792194639144,0.2274832240896319,0.2264670405355974,0.2251046034484028,0.2266616877275871,0.2275238064583388,0.2293923048941657,0.22887399496095,0.2288498772580754,0.2275910384952136,0.2278680972392826,0.2281418972263862,0.2278524990452056,0.2274167041876336,0.2265091129418476,0.2260628342419006,0.2256484901117865,0.2251311363276235,0.223794162785094,0.2235341642963255,0.224929917792019,0.2268945105534569,0.2273553849519146,0.2280962919952684,0.2290433465025051,0.2309075221083538,0.2313163596273324,0.2322696879410211,0.2327534804849248,0.2347294193820451,0.2377088454098821,0.2453741574099794,0.251467103181017,0.2565738173579299,0.2572119053138741,0.2581599663057207,0.2585560993731223,0.2612577190955837,0.2636358657373109,0.2668320974735166,0.2672573006039216,0.2685184533691815,0.2681643180691416,0.2675919423480208,0.2655833707805728,0.2644644643212846,0.2643814863107405,0.2633219692372421,0.2635370479290701,0.2616689374519485,0.2614750534286505,0.2595681776442134,0.2597293252506811,0.2580666076718398,0.2581200937907745,0.2578514431770929,0.2580665066770041,0.2573564837564896,0.2552897245537474,0.2544682266315687,0.2523571610207283,0.2518318893293153,0.250980693839024,0.2508295792846401,0.2501457428274692,0.2495236202014425,0.2488951033895016,0.2486119588115993,0.2484480091495171,0.2492658522197181,0.2495527528817447,0.2486286111933649,0.2484478314707637,0.2479470083511965,0.2469599399854497,0.2460667332418504,0.2453287506474758,0.2451856200361552,0.2445939562938761,0.2443873492644679,0.2442320924600624,0.2435535856896995,0.2433848591930319,0.243621615934513,0.2437044400033332
395061,175,"San Luis Obispo, CA",msa,CA,0.3012322923673322,0.3029637108464279,0.3057032998307354,0.308072446342047,0.310320122812636,0.3088801387368083,0.3099596087885163,0.3099268960914302,0.3135262397434222,0.3122677888331829,0.3100908699747223,0.310285617693085,0.3137088266784723,0.3196074351825445,0.3177465988967691,0.316350083241994,0.3119640464221134,0.3143504044730021,0.3174299576928812,0.3206263274540951,0.3189913364352598,0.3181517329875555,0.3187256333103828,0.3215075632048216,0.3225883362002048,0.3212135613766972,0.32485474273286,0.324042921940427,0.3251445457903308,0.3223491669394811,0.3193215124432436,0.3177198926807548,0.319717211410885,0.3227231490298931,0.3250341036200583,0.325093982061973,0.3265238421338194,0.3253547536853071,0.3236141032314323,0.3239592296203984,0.323619978327229,0.3256938965343559,0.325073505487485,0.3277162343188253,0.3290061824180262,0.3299052570527769,0.3296138505433435,0.3281029181095557,0.3256691022479464,0.3246108141426671,0.3247191703166472,0.3251237782653634,0.3257771473367253,0.3257381622173768,0.3276602310991716,0.3264246377153411,0.325670126684748,0.3247461128710323,0.3247665967771967,0.3261984224753542,0.3278861421924054,0.3298722762438428,0.3309971358968027,0.3268742194326759,0.3227597463431017,0.3210553684352775,0.3193844815121686,0.320683481624471,0.3214351622629625,0.3219258016628048,0.3253557246375356,0.3272030531697262,0.327287261939913,0.3229334593942894,0.3242876764261744,0.3274442249734624,0.3308689418920393,0.3298143835568045,0.3309389301504049,0.3303936236129654,0.335933289063681,0.3416970186996491,0.3464744643545893,0.3451825226316543,0.3441835784776398,0.3451220975536393,0.3490330091122772,0.3518977878367788,0.3543131677476036,0.3547888347868719,0.3561228312112565,0.3567908529627852,0.3564672282275652,0.3508302339407135,0.3483880759151286,0.3458033152258908,0.3456949245979749,0.3449403222267933,0.3455529798286467,0.346599008117579,0.3474126612169772,0.3476827340746723,0.345376877603382,0.3448799448953815,0.3437807641273144,0.3468184712786209,0.3445340302854817,0.3454979817121683,0.3453628234740541,0.3461153003386532,0.3434198772488734,0.3402336161898827,0.3389067714367427,0.3365155425112139,0.3353903314396574,0.3354368414875907,0.3365289397199025,0.3391372535369857,0.3383133775884638,0.338059148201947,0.3368184488704734,0.336890495927291,0.3373067285906545,0.3377940921148119,0.3371140838286931,0.3382863842599692,0.3394637397036889,0.3390057969775655,0.3382602937596484,0.3353491894539761,0.3367706056116429,0.3361621905908942,0.3368924550466875,0.3362021679546195
753875,176,"Crestview, FL",msa,FL,0.2276545778316674,0.2268512347655507,0.2272480748940061,0.2276517988966963,0.2282586637864149,0.2283348614006367,0.2282465900036404,0.2277481967402998,0.2274445038798576,0.2272584784743238,0.2272628606633442,0.2280486312316655,0.2286175635483194,0.2286766413441641,0.2281108692107195,0.2277739089486262,0.227124776431955,0.2267787895011608,0.2263916338051367,0.2276676383273791,0.2275484456119216,0.2272929705609234,0.2259699981276544,0.2249305569164804,0.2247592556974472,0.2253026851986892,0.2251348559259686,0.2237768291945088,0.2236450234418372,0.2240586831284142,0.2244168624957467,0.2236441082170807,0.2244806631657784,0.2261466184016778,0.2279617881942533,0.2284880851011969,0.2288437612279036,0.2288959047217721,0.2302685439533414,0.2319092209935167,0.2333856690204223,0.2341149993646884,0.2349315855457213,0.234981173966152,0.2349020444725683,0.2348634931881436,0.2365288225532271,0.2383381270937785,0.2390229819461094,0.2393659957233453,0.2396171958130865,0.2401232319248284,0.2402479568650764,0.2409749265162605,0.2417090639109973,0.2433437972406392,0.2451823222417867,0.2466587024198766,0.2468299135226001,0.2471688003178086,0.2481676130069507,0.2491274948631354,0.2503358353023254,0.2470484440672917,0.2434597295753868,0.2426493406693598,0.2440670102274697,0.2468447870458376,0.2487987717666264,0.2528151093224782,0.2566133280062453,0.2561176198749321,0.2544681123530272,0.2558579716627918,0.2609905805092886,0.2685851726350843,0.275294186994531,0.2789870267283265,0.282691516391587,0.2849717149125794,0.2901207532201343,0.2934022856360763,0.2965809508026354,0.2996215507742381,0.3023412594992511,0.3028639870646327,0.3017028518673766,0.2995448175566829,0.2986976996353079,0.2985766732711783,0.2964685058958894,0.2953808268139613,0.294362442337046,0.2935050442884315,0.2919220233960231,0.289477744131682,0.2877493591648934,0.2861194432030099,0.2855829883471218,0.2843548562010689,0.283599614306146,0.2817091031401041,0.2796706581214707,0.2775123852211236,0.277607249970985,0.2788109174701138,0.2798030734973235,0.2793129119543703,0.2783268311794186,0.2773044928143051,0.2765624600899063,0.2772547825074516,0.2778615482374768,0.2779433026886752,0.2788661089702207,0.279205638985676,0.2789696841557915,0.2776358283316908,0.2770376321445222,0.2764723252243128,0.277104519461741,0.2769615999447856,0.2765232872579977,0.2752680664053376,0.2736585361005217,0.2731460435816209,0.2724235941531323,0.2720100264598092,0.2711331607612283,0.2705647308125115,0.2696068973790586,0.2692135410482453,0.2679820978578814,0.2673365057610484
394851,177,"Merced, CA",msa,CA,0.2339708846924934,0.2348970013305656,0.2365267463815117,0.2354506001773645,0.2345727524527067,0.2346871945724714,0.2359658363525851,0.2359901288836574,0.2353888511583201,0.2376834226029427,0.2396544136655306,0.2428634761598392,0.2429858551426515,0.2451867684184212,0.2453111122447189,0.2484775652862496,0.250144323745684,0.2526016348192365,0.2536360280268913,0.2542523863518123,0.2543191901579602,0.2532324841517391,0.2528105834415287,0.2529574626154197,0.2527238489622468,0.2517625289142234,0.2508314448209253,0.2513514005001739,0.2517829404293207,0.2505298667074508,0.2494766139652544,0.2495967512181231,0.2511900727987936,0.2500979496185116,0.2502278871437836,0.2512093308251442,0.2543594577590155,0.2549479231086201,0.2536491272589531,0.2540197877578625,0.2552839208169381,0.2545076506974269,0.2536421341499728,0.2511547539605646,0.2515399398924806,0.2505905904776204,0.2496674457406635,0.2480570840533418,0.2476775549589194,0.2482565401888445,0.249430750019007,0.2480433670049823,0.2465271604976366,0.2483498250104999,0.2505747144165607,0.2537346684990266,0.2553213328778018,0.2595516727509521,0.2630404948939249,0.2663239376286383,0.2676592848194806,0.2693537624189384,0.2695651195666836,0.2710969972735424,0.269066584200471,0.2663767077287196,0.2643356923875764,0.2649380131765969,0.2679419918335883,0.2756657466955895,0.2815923982060245,0.284172380848447,0.2826534941455338,0.2785224200207049,0.2830972150534301,0.2879962034165881,0.2985925492815932,0.3053031018366124,0.3108886599310825,0.3166599744008029,0.3233966949264343,0.3261853681270599,0.3323305472900684,0.3344425009417336,0.3387935214020688,0.3429950758693434,0.344276060481063,0.3474337901343826,0.3454601053328963,0.3457617792394756,0.3435116958717257,0.3410772786002789,0.3403012570633184,0.3404646111311992,0.3392429681674542,0.3375726354957107,0.3368039619018118,0.3375052825905841,0.3373826041559487,0.3380349870620377,0.3360504477202695,0.3344515028308309,0.3324019917108079,0.3333905788773287,0.332920386762343,0.3335565806068969,0.3320040722508987,0.3315711290902544,0.3299556664966318,0.3294322042050157,0.3297773986057566,0.3294064687536319,0.3307313535829106,0.3291049594767715,0.3309022202504983,0.3293056174957222,0.3311875590114883,0.3296122944388083,0.333047689204764,0.3336199442605026,0.3353635967393339,0.3325724061050224,0.3316882724862751,0.330426071040568,0.3297981405348041,0.331135129145242,0.3305495993019621,0.3310440538435736,0.3293729560198422,0.3296379011707342,0.3271623861599952,0.3261835958567457,0.3248763988786761,0.3260004943057531
395197,178,"Waco, TX",msa,TX,0.2310600129185647,0.2245898593483447,0.2262225282763829,0.230075211068856,0.2288665696299103,0.2269683910129701,0.224713990945939,0.2266119809075928,0.2250758698702069,0.2253756672359816,0.2260516635162594,0.2263020259964214,0.2267979067300662,0.2242782568725416,0.2263570386484829,0.2252927907889698,0.2290912931567722,0.2283880504815927,0.2306012933859295,0.2303077816079173,0.2314362462261577,0.2319690527095938,0.2314461638633994,0.2317610297529111,0.2303592218072309,0.233183289904766,0.231749688862071,0.2333038095891369,0.2309210072166837,0.2307324939097197,0.2294171984148658,0.2307853995568584,0.2327128041717025,0.233782631815927,0.2335379395892929,0.2335418718167118,0.2352282226298973,0.2356411936775896,0.235507077769824,0.2352691739452055,0.236151805162027,0.2353235586925304,0.2343202986954945,0.2329531666876936,0.2322034717169529,0.2323712026558851,0.2326765280170475,0.2329196188222999,0.2310381873900172,0.2309003149089661,0.2314292899357753,0.2311811944069763,0.2310249982927019,0.2317962729809348,0.2325933004747832,0.232692874955768,0.2316015125061808,0.2302283309617168,0.2296459722270147,0.2293705109176348,0.2302395816785602,0.2294091561474359,0.2281969680206724,0.2272334825645955,0.2261428805316443,0.2255090559344864,0.2230989544435124,0.2239272138585247,0.224975285928188,0.2292836452338623,0.2305963629348697,0.2281464865694544,0.2264590917263332,0.2246734882606928,0.2274058821621533,0.2275842119499571,0.2293459526778561,0.229371503536496,0.2305585097179493,0.2320232372819861,0.2360947091620117,0.2413202981074944,0.2465340470239523,0.2489456320328333,0.2468821132660248,0.2477371971822086,0.2479249034940007,0.2518798943586394,0.2524813239410411,0.2559643196723579,0.2556637452863471,0.2555462550862165,0.2549712896928049,0.2541133001698788,0.2535187397277771,0.2536761552862474,0.2558677619512168,0.2554299298636829,0.2545913477914509,0.252471229999571,0.252450204298581,0.2496181761863351,0.25024442982722,0.249303220443543,0.2516565286208612,0.2497979546218804,0.2487891026475122,0.2474341696828841,0.2472690313124232,0.2484085627979393,0.2489660119862967,0.2486516080906431,0.2475057043049423,0.2469673196634918,0.247001223867066,0.246053518432654,0.2447449270662925,0.2439307719949868,0.2442833881519731,0.2438105390528536,0.2437330681525086,0.2419284567841569,0.2409423258187249,0.2404272497553892,0.2401324403758707,0.2402323977877866,0.238989498901868,0.2391129724525975,0.2383567997408989,0.2391387833652659,0.2385511840413738,0.238387483381812,0.2372423298238898,0.2371886869370482
394447,179,"Cedar Rapids, IA",msa,IA,0.1458647215077132,0.1458712586754156,0.1457196360919255,0.1448508804315732,0.1447409943805556,0.144541146794861,0.1445582870578909,0.1443015282979998,0.144912639556152,0.1450562908383576,0.1452792686233154,0.143966891292806,0.1433111442920678,0.1435636339314767,0.145495333087223,0.1466908457179469,0.1476429255380176,0.1464667354607347,0.1472223306561425,0.146967576270203,0.1473965319976242,0.1459214277368834,0.1456580815649496,0.1466684703957515,0.1463764172280238,0.1460657711334446,0.1440917443842784,0.1450382763126906,0.144361547643665,0.1443568540642997,0.1431886180951718,0.1429332945002469,0.1435061793053967,0.1449507070216183,0.1455933292152789,0.1453075566284595,0.1453268126478506,0.1461402189083744,0.1476646269907001,0.1477852088717489,0.1486549218045795,0.1489025309190034,0.1485272891148019,0.1487489181635941,0.1480426272258942,0.147698648150464,0.1471116748755488,0.1471808125451278,0.1465284301242831,0.1465928784518656,0.1461421018352273,0.1455940826087096,0.1453674489369216,0.1460059683993329,0.1473716789030212,0.1480658307668323,0.1486106849321676,0.1488360718420608,0.1495073598329401,0.1503997808586557,0.1520814756218504,0.1526459653997998,0.1506554689066202,0.1460316925778813,0.1444010381584622,0.1447919395591605,0.1456603721358559,0.1467433628628003,0.1481532448280491,0.1488671220461311,0.1495412559102061,0.1478259874959687,0.1458195872735279,0.1451648834986146,0.145957321193592,0.1479624777602942,0.1476934045476753,0.1472345551708919,0.1455251941297484,0.145206411416571,0.1473514178350227,0.1498512113410608,0.1511625068061036,0.1516417241014201,0.1518890953607805,0.1522561257387592,0.151914320419561,0.1514178591789943,0.1519761343496782,0.1513726265957776,0.151940486011901,0.1515543181578493,0.150275218602686,0.150486200720515,0.1501141067476177,0.1519043429570474,0.1523279791140238,0.1530700788006428,0.1544258786112071,0.1555112872785698,0.1565535439762689,0.156346765362824,0.156695449729273,0.1571526852364353,0.1581571187254597,0.1596756180194516,0.1609002424143372,0.1607783033072222,0.1604350315778575,0.1608380383578364,0.1605485626698464,0.1608310143105515,0.1604870386184141,0.1614717218763987,0.1612572580380012,0.1601750880042095,0.1607330228245084,0.158834218669495,0.1598487105628351,0.159823164799902,0.1620668301230148,0.1613413335332954,0.1617919003711654,0.1619372274641043,0.1624386773858958,0.1626275183388695,0.1632618602868961,0.1647252217675648,0.1650735790215937,0.1668328153473615,0.1666550546098651,0.1673992259485533,0.1669147624738973,0.1683937980842071
394348,180,"Atlantic City, NJ",msa,NJ,0.2273168878209245,0.2295905771278875,0.2294143356334583,0.2294585370082484,0.2338097145642797,0.2323309754676807,0.2339310669396277,0.2308751782955088,0.232726487115687,0.2313387847291426,0.2324012972239707,0.230943891397459,0.2313186498176736,0.2318679016299581,0.2323876455535745,0.2322934694088746,0.2291474012637227,0.2292096401980449,0.2283866775672151,0.2276916735253309,0.2258228147107734,0.2245509479008869,0.2234426451144981,0.224074147868031,0.2247328912329055,0.2248610992526743,0.224650604262785,0.2243794836676373,0.2245387061077776,0.2249503055204407,0.2246110316196085,0.2246740194818557,0.2238968472627672,0.2258186158025381,0.2263618617668491,0.2265205501020588,0.2257021170978875,0.2256773721499009,0.2252392719334357,0.2260202134629764,0.2255077399152274,0.2260146630623202,0.2259171013585305,0.2263462582137566,0.2284795681253696,0.2283028057186714,0.2296687294659736,0.2286472517163535,0.2296479033488994,0.2283683569790362,0.2288229112075543,0.2285200705839376,0.2294663196577654,0.2290620577185758,0.2295332572424361,0.2296280234105198,0.2296983226281692,0.2303366147093928,0.2303161569011745,0.231536279438274,0.2315560017124719,0.2329358553746312,0.2341318837195588,0.2326606882093126,0.2296152931138161,0.2280374821505172,0.2307476360985021,0.2336812223727173,0.2387455110569641,0.240291821570548,0.2402872305722194,0.2364086664512659,0.2346603796222843,0.2358684211640126,0.2396018447884908,0.2451627335292864,0.2511325911771272,0.2520881855759476,0.2529995781025071,0.254206786699727,0.2585876339887062,0.2624358019928148,0.2639409475676817,0.2685495132754854,0.2729902810484853,0.2776197823613285,0.2765296258659937,0.2772112057066059,0.2749562475701891,0.2804762555149542,0.2805912564183899,0.2818859850665568,0.2809683203427285,0.2821313320416267,0.284173488305327,0.2822829522957601,0.280012158497553,0.2788477342749532,0.2805606450194829,0.2806355419381448,0.2847985218498382,0.2868584520068211,0.2884578727992829,0.2889165837337548,0.2870524780574685,0.2906199676439174,0.2942494474692511,0.2975914527385131,0.2978269075039657,0.2940559959791684,0.2950161981541757,0.2947555818366518,0.2968419463185652,0.2954514879585189,0.294844028649325,0.2916270441878418,0.2962422459785713,0.2952085816080541,0.2960002840587142,0.2992012488830425,0.3022674390446944,0.3034925293954725,0.3037973406363572,0.3051858883594132,0.3032199076938192,0.3037437218496565,0.3049944874082602,0.3085401311765127,0.3079203317228753,0.3086064211038675,0.3076108783238436,0.3053449876417849,0.3044304710827762,0.3064940283758231
394412,181,"Bremerton, WA",msa,WA,0.1888190397086193,0.1900905102962378,0.1904981805327056,0.1908534355703946,0.1894319060224056,0.1899906059564707,0.1904908414538667,0.1929218777578414,0.1928904695573619,0.1946457458529501,0.1941528449605197,0.1940024149881974,0.1928157439824573,0.1912132138474206,0.1946236779325001,0.1956611007763341,0.1988545982772341,0.197278291701492,0.1996550127571917,0.1996798881744667,0.2010876667587703,0.1996321605394339,0.2001629981536842,0.2012200011254755,0.2014119447623682,0.2031303262151419,0.2012360830140385,0.2020124300271385,0.2020354016529557,0.204509146116853,0.2045167712016308,0.2046334487651991,0.2043177908068365,0.2053431359931756,0.2057583624290899,0.2055842237723714,0.2067431973041041,0.207198134837351,0.2077047548325401,0.2072666858017568,0.207733900934566,0.2078599045988413,0.2067690402456903,0.2062813852402326,0.2079869430007107,0.2108981184221596,0.2126270669137221,0.213250682603112,0.2131853638207365,0.214409432853711,0.2157724638416368,0.2170550359496111,0.2175763812201778,0.2181292833227374,0.2200160589460433,0.2218746031530782,0.2226660960313548,0.2224181513642015,0.2229048594218396,0.2236516605699439,0.224279534187202,0.2236749303385774,0.2228630147246495,0.2193725186744455,0.2153759445627693,0.2131000758595042,0.2124115656400751,0.214176199694029,0.2165050470602386,0.2182322546126691,0.2197743155008047,0.2202722778579446,0.220539438400352,0.2220361033514631,0.2244631689139354,0.2291128498401502,0.2327507722044711,0.2345735900558125,0.2361867213790859,0.2373274516228135,0.2405642149078956,0.2425423269908616,0.2445473348496559,0.2444243964735576,0.2432800380774546,0.2408257481221636,0.2388995424784787,0.236909782420373,0.2358209131804449,0.2345968540492603,0.2331129973471908,0.2308108275354423,0.228457476198272,0.2264831078480709,0.2245915950043978,0.2221007692642528,0.2202518391138762,0.2182810728935288,0.216839202168885,0.2139217104417059,0.2131655095811926,0.2125780093082973,0.2125945931075624,0.2114136410175796,0.2107908707364375,0.2108608176449484,0.2102919473584905,0.2098591668398975,0.2087422161550346,0.2088607372628798,0.2087466578509279,0.2102447586038498,0.2097644375652541,0.2089870936135613,0.2075933010244849,0.2077389093957748,0.2080394488193518,0.2081514980746807,0.2084031788638142,0.2076263984591853,0.2088642203020348,0.2082951700169246,0.2080123916793463,0.2069886070554643,0.2064076661360256,0.2063839407194362,0.2066415406118115,0.206413664664557,0.2059241254463368,0.2051926591835507,0.204553562514488,0.2045669835785141,0.2037091222150601,0.2036255112434786
395103,182,"Sioux Falls, SD",msa,SD,,,,,,,,,,,,,0.1649327618526553,0.1648387868260905,0.1636822146677783,0.1634563993703419,0.1616600526461868,0.1617756332408695,0.1623566354857948,0.1640419284426415,0.1646900868554921,0.1646150789414781,0.1625895286088182,0.1611785867527147,0.1605676965387457,0.161843975122799,0.1629548432379422,0.1631451626835798,0.1631243395558268,0.1632555454195706,0.163915995053911,0.1628644482155374,0.1630576258988732,0.1627540887429217,0.1655484294426009,0.1654029577271707,0.1655945211055245,0.1648912344873876,0.1650150318377283,0.1654423276222792,0.1645518770727319,0.1647793730562081,0.1640499709544902,0.1643446721235566,0.1634902508234905,0.1636634238013774,0.1628906523845952,0.1622030712586503,0.1626306690648626,0.1629823919023672,0.1627222827138871,0.1624994397119025,0.1636342497424359,0.1636973735694492,0.1642497133179477,0.1645060825212575,0.1652616600665177,0.1656107329404169,0.1655208635848394,0.1660028357230373,0.1652191036777666,0.1644507432807607,0.1625616103524736,0.1614176743133394,0.1598539555014816,0.1598035432085743,0.1595673539419244,0.1591852596986625,0.1593314656515554,0.159504602575275,0.1602302738668044,0.1596886854279541,0.1608555111387994,0.1608710118237953,0.1609436783070011,0.1612426340982735,0.1622817595029055,0.1633539114834575,0.1636339501525666,0.1647395900557943,0.1669863100118019,0.1702788344354001,0.1727916398434331,0.1742090862610058,0.1753421749177945,0.1761745685869192,0.1770213666553574,0.177951311227296,0.1785435545198171,0.1799530778234133,0.1801624041094063,0.1817235923058905,0.182394814775355,0.1833890488762438,0.1839072302633112,0.183304836401505,0.1818782660704913,0.1815852912197151,0.1829013709781181,0.1833678788140543,0.1836934912197018,0.1823302035153558,0.1819697631920377,0.1806145262899568,0.1810896277447121,0.1804939789658838,0.1808565455376369,0.1810638064486815,0.1817319766482437,0.1811470545037041,0.1812160615373217,0.1807084622524281,0.1810942994358803,0.181068271358365,0.1815183048857405,0.1809834391716538,0.1800580100420163,0.1805666721245722,0.1807353841296495,0.1811251195431178,0.1798693692399974,0.1795732832602381,0.1785451709618258,0.1782910861095547,0.1774742856044832,0.1775025426455058,0.1769635996151918,0.1773844672051438,0.1778393552587626,0.1777146802135405,0.1774750035966756,0.1770741923757666,0.1778677947635258,0.1783860539025921
395065,183,"Santa Cruz, CA",msa,CA,0.3249706124811254,0.3284309443606274,0.3325729017486963,0.3394124087299474,0.3328431508209227,0.32898469258761,0.3321623254123624,0.3376243583696919,0.3388727007137,0.3430164027345881,0.3422350799469889,0.3450294242967655,0.3460939247870291,0.3550562139331903,0.3487423234160122,0.3496184804757203,0.3471182852331205,0.3532376697799341,0.3467340803105901,0.3425186385590009,0.3425482081962481,0.3449821453837126,0.3485942348300289,0.3462980700372777,0.3464078731185578,0.3393391578270259,0.3403276502508468,0.3377983196615158,0.341121000473512,0.3376700574844011,0.3389921588128574,0.3378616441634232,0.3402703094416875,0.3393390193776671,0.3391365346947876,0.3408008179745802,0.3425936924107937,0.343747474533223,0.3445091054578066,0.3488133742197311,0.3475206525379866,0.3483595416378944,0.3466282952478744,0.3483050514482779,0.3459301708362073,0.3441501889206995,0.3434577895063262,0.3408852160004962,0.3383764211793659,0.3364739371470498,0.3351719764208701,0.3313682786622752,0.3301401664845073,0.3300276157987503,0.3318275476522458,0.3319562838212467,0.3337122052755888,0.3362653735730284,0.337611735233925,0.3403875145402225,0.3426210678463716,0.3457440022248554,0.3426900655582935,0.3409371051863071,0.3362922599977795,0.3339369340777672,0.330044392294909,0.3272290855327097,0.3287566505750297,0.3317272885997185,0.3345657748689469,0.3336465883497523,0.3286788645650662,0.3265174747109962,0.3288850436196436,0.3364790238948377,0.3392382574533444,0.3395828188053076,0.3380888867531305,0.3429226006448562,0.348508390950525,0.3529433611705955,0.3533773712861389,0.3555566560115858,0.3607005945356927,0.362246288619891,0.3642737973689057,0.3609396428416028,0.3632550223901536,0.363135264737885,0.3656725397382973,0.3664315052726914,0.3667764877983409,0.3694755189350534,0.3708427496905288,0.3681276936211728,0.3625315688700544,0.3604662355127357,0.3611219949644402,0.3615513910749042,0.3631511331701348,0.3644415238598736,0.3675461408416874,0.3662971254658339,0.3630765449850431,0.3594298615728342,0.3567998280258763,0.3574526243946286,0.3572502624924984,0.3595257543520229,0.3613328095411247,0.3625010424267069,0.361005301570387,0.3607320428054172,0.3606358969501209,0.3616894670458087,0.3635403424460596,0.3601571031938438,0.3606498670291787,0.359468216462004,0.3631767736728558,0.361643266082875,0.3585109233673526,0.3567252629639827,0.355559880032777,0.3547341315372319,0.3526152855610375,0.3518042128622042,0.3517394921433972,0.3552787216625359,0.3557752755868548,0.3563616425795005,0.3541247873237877,0.3540845560554684
394572,184,"Erie, PA",msa,PA,,,,,,,,,,,,,,,,,0.1557913762170092,0.1571062073207351,0.1544448948979659,0.1572955708287684,0.1561024436510362,,0.1589082660805618,0.1584152587469295,0.1576189292838334,0.1569188773097849,0.1576420336807557,0.1589367363022355,0.160691389922641,0.1617085907230514,0.1631763469298152,0.1621830743791587,0.1612857440691259,0.1590789210803734,0.1585436574240699,0.1584630351911367,0.1587077386939891,0.1586054100394858,0.1593951216507282,0.1612702831564513,0.1617008233467461,0.1611995380779054,0.1593948440266666,0.1592097156243714,0.1589235741427173,0.1598515513175878,0.1605079446578422,0.1615714199693508,0.1611133691219247,0.1612753332642048,0.1608908489493151,0.1593590267928953,0.1589959917732027,0.1588825716579394,0.160295765214905,0.160560698309432,0.1613660406843839,0.1609156195184882,0.1608331883351017,0.1604303404626792,0.1610979794938817,0.161139643765854,0.1603041807640353,0.15749537744903,0.1553471604201964,0.1535235523515915,0.1537478608540946,0.1524074207243031,0.1547875378349894,0.1560321783090653,0.158580054778012,0.1556894962886194,0.1549546907300237,0.1530992917182168,0.1557556680114246,0.1574052524880569,0.1606698352353123,0.1616429452558167,0.1619586317901077,0.1629706779928045,0.1643552138469171,0.1665291254820083,0.1677109946731544,0.1691757255095021,0.1696260498004362,0.1711932822515859,0.1716818386383847,0.1736277861926072,0.1729716854861058,0.1733058710546078,0.1735744490574851,0.1742581899448169,0.1756471366936832,0.1757790312450573,0.1753458441279052,0.1768354378526937,0.1774007088998736,0.1819102048074471,0.1804117148673713,0.180811362769769,0.1788217573652141,0.1795180172071614,0.1796257200871889,0.1801281841572601,0.1793236093287062,0.1795599084996194,0.1790340963932567,0.1801510315801952,0.1813641263080143,0.179676836154585,0.180429560913359,0.1802518420260978,0.182418853724207,0.1826069751395128,0.1829390259143835,0.18310261850139,0.1833276481426819,0.1829008965858447,0.1853571067322076,0.1841895659205881,0.1864635868291123,0.1862518297281851,0.1871931582953561,0.1875258723537739,0.1876065591760429,0.1878679075106445,0.1882842177636828,0.1884172041674902,0.1889786292930046,0.1896649596081915,0.1885304538157957,0.1888695181334736,0.186796803540999,0.1870930522895922
394924,185,"Norwich, CT",msa,CT,0.1836807867971405,0.183425754186909,0.1822668305539494,0.181234441515022,0.1785399720772233,0.1790520540049922,0.1810902316440541,0.1843929047715279,0.184328096254699,0.1837421929947981,0.1839940673456206,0.1839335178176624,0.1849194729332597,0.1839882315567447,0.1827427732057528,0.1827394705100256,0.1838942610828445,0.1843310767867866,0.1826481207783712,0.1814216825835513,0.1821687161707866,0.1836308907494631,0.1843674495809356,0.183662816793086,0.1837935036061555,0.1832351965736404,0.1849881238383514,0.1848473707402262,0.1872695122157708,0.187285311428654,0.1884323727362649,0.1874657665362752,0.188385378317945,0.1869382719167072,0.1864024503292414,0.1852149266865956,0.185484931181542,0.1862814064081964,0.1861027729005719,0.1857712583554542,0.1851350229902439,0.1847692310254556,0.1850454551865539,0.1856909793089483,0.1857581578610757,0.187198279233654,0.1862829206754244,0.1868538289670356,0.185562068986533,0.1871411975628548,0.1873009491840488,0.1883093035056958,0.1882030770506706,0.1888706117757985,0.1889098463528519,0.1895376294171721,0.1892847961417574,0.1890013794614371,0.1903221476617289,0.1915123630045276,0.1933509295843283,0.1928126016243363,0.1907208433444817,0.187256708686501,0.1867167527434104,0.1872171131678235,0.1898923811413566,0.190700468803664,0.1928948995763015,0.1956518568565608,0.1966522640015318,0.1974098947769742,0.1971705435324315,0.1979504843336693,0.2000722286786353,0.2021660544175504,0.2061003536417967,0.2073833713675847,0.2089705191753282,0.2104411656953022,0.2145075169290564,0.2170285849861672,0.2191880909554322,0.2192385204503165,0.2189167060691548,0.221564474566065,0.223008253888638,0.2255686548526891,0.2240768797886246,0.2253668054928028,0.2257248306393855,0.2278110024646152,0.2277886633025487,0.2281241240911638,0.2273881852042899,0.2272103787635999,0.2286657844439288,0.2279553386510369,0.2287855150763437,0.2300386206898172,0.2310930423814831,0.2317423104907301,0.2302035581796722,0.2323026453926812,0.2336042390400068,0.2342042513535275,0.2351985902661715,0.235364291137826,0.2362890257543939,0.2371921852597717,0.237771674480576,0.2382513468807381,0.2397983567966267,0.240609743800141,0.2410674587602477,0.2384619049220276,0.2377855036908392,0.2393649148564662,0.2414710783892147,0.2428040689325761,0.2415990356788336,0.2418302769622595,0.2413779271259195,0.2403989367461833,0.2394483528442307,0.2389103093666776,0.2398260906799615,0.2408667116802506,0.2415353240851268,0.2407399094982909,0.2394128076967128,0.2386842998220737,0.2389979217007696,0.2385574185682092
394323,186,"Amarillo, TX",msa,TX,,,,,,,,,,,,,,,,0.1934413059166466,0.1939166685352159,0.1927591535797913,0.1939381249478551,0.1931393077518989,0.1931169577969914,0.1934469105178256,0.192810890183905,0.1920372683474326,0.1907903225343423,0.1911616655050028,0.1921308396560861,0.1928865217102419,0.1919127725962194,0.1918897183533552,0.1925620566453074,0.1933031173663775,0.1946441191651111,0.1934394339402129,0.1928826972490198,0.1930692885639496,0.194743943101842,0.1959328407980091,0.1958905662165021,0.1961136397132072,0.1968702477685913,0.196967811406784,0.1969120116071226,0.1972160441332285,0.1967852252354243,0.1963768417808104,0.1960009984495676,0.1952529634907141,0.193823543971599,0.1935366887611659,0.192921990025092,0.1927289101089412,0.192708141667477,0.1929593160383098,0.1925968037058673,0.1922545111883642,0.1921019469686167,0.1930551126176914,0.193825978761806,0.1946546002843412,0.1954171923102218,0.195131213773053,0.1943965332685696,0.1927312104755029,0.1914134478613852,0.1925966154413736,0.1922545603817785,0.193114728226462,0.1941132154343612,0.1968678722503165,0.1993129337309516,0.1968227075717953,0.1940696942594388,0.1939618379688937,0.1960891229936394,0.1974314404782688,0.1987343319855579,0.1971522291373966,0.1975146654189948,0.1977261534766036,0.2017113575520309,0.204620959654264,0.2061561454168608,0.2069713768005235,0.2077476977972162,0.2074501863692844,0.2066720454029154,0.2075855688362999,0.2084657098747911,0.2110798701418216,0.2112787475213796,0.2106576824125993,0.2086306671823545,0.208501800840216,0.2088813333991213,0.2079547919824223,0.2059678159681998,0.2057559395223728,0.2063405410829903,0.2062016220725724,0.2053954643132308,0.2031577827983582,0.2021376764659304,0.2018001327931529,0.2035664825624659,0.2031765800748145,0.2031465995413611,0.2024892562700863,0.2029020076143504,0.2008839925344878,0.1991148599766317,0.1983644009456535,0.1987786898110808,0.1996992620697626,0.2000420702130987,0.2003574656285239,0.2006825348634645,0.2008213707950919,0.2003849051293056,0.1988036551633557,0.199432736094557,0.2001081369253825,0.2007610037371819,0.2007037057186931,0.200127984127061,0.1997643546357699,0.1997326571252811,0.1996527376482495,0.1992264338773692,0.1997359192739157,0.2004534235604624,0.2022992315053297,0.2021064932845613,0.2028098821311823
394772,187,"Laredo, TX",msa,TX,,,,,,,,,,,,,,,,,,,,,,,,,0.277620468418788,0.2778842437746428,0.2806494083713537,0.2802012081256373,0.2760495406146058,0.274331328672969,0.2711402333916134,0.2713285904649126,0.2698751440474214,0.2710044968032717,0.2691796690588903,0.2637817532715329,0.2616962556747419,0.2605936173601412,0.2581314126756521,0.2539454938261375,0.253608947967898,0.2524185914868633,0.2531257882125589,0.2496094318548382,0.2481499904020532,0.2434080512262261,0.2408091951244209,0.2400579857023246,0.2383718209397501,0.2377616252088321,0.2360454434340321,0.2356481805911897,0.2343630133711393,0.2326957281411316,0.2311531276255286,0.230627883824093,0.2299055094636135,0.2300774441478402,0.2299238363835931,0.2304070100838724,0.2304152512202966,0.2288863267543847,0.2293215322565787,0.2275258957807457,0.2261341897716314,0.2262225249206709,0.2259534417460146,0.227347728606187,0.2287171253061318,0.2304667231537661,0.228371767164653,0.2258101183882313,0.2248263651709477,0.2234615812830365,0.2241151193418886,0.223805548161399,0.2261595463939432,0.226831974541853,0.2292792058729021,0.2309127088171568,0.2341861403257706,0.2378548436424237,0.243473051503193,0.2456188647467924,0.2456789025330939,0.2493075118820664,0.2512500871553421,0.2530738406747775,0.2503847251927882,0.2498719112268889,0.2484991139246499,0.2470105501370503,0.2469682475040092,0.2476482842235487,0.2486038021244296,0.2493992193088777,0.2488039602609272,0.2449041213175403,0.2438183334400007,0.2452382273720228,0.248989593564874,0.2511249575891925,0.2526154214187132,0.2545295946216796,0.2555049930777781,0.2562128634686537,0.2555567417466127,0.2575572485440166,0.2580007110483415,0.2593275226653427,,0.2530749615452318,0.252260475704447,0.2531444129355935,0.2548205216240484,0.2558645165148981,0.2583305953430873,0.2592068969016899,0.2594335248578803,0.2569546635688352,0.2560270574491892,0.2574517921422406,0.2610192054844393,0.2617525053521664,0.2610395321037639,0.2594642383344001,0.2576242712436919,0.256058127352039,0.2538426093122526,0.2527569669974055,0.252496611407325,0.2527197107511771,0.2524906562820639,0.2504630237984892
395171,188,"Tuscaloosa, AL",msa,AL,,,,,,,,,,,,,,,,,0.2459763801087653,0.2507008048332746,0.2467858665956905,0.2448381048761086,0.2486823168714007,0.2521095907946435,0.2512026016309251,0.2455197179963082,0.2472815415226849,0.2492447982059853,0.2489044768216609,0.2478901108262967,0.2471438849619546,0.2464162395897245,0.2537801114990728,0.2562256331439876,0.2593354435339947,0.2535077857118237,0.251710104037546,0.249351797878249,0.2484283593598964,0.2478408281675496,0.2464579553904516,0.2476331814199021,0.2472872993557971,0.2493003487811307,0.2471879547507131,0.2487891374148966,0.2485570365909205,0.2503850550482013,0.2508891105343349,0.248666990252084,0.2482027480041614,0.2477706667400198,0.2496267497530459,0.2492034247112766,0.2494359955512969,0.2483754483389746,0.2480721113374593,0.2470461947036383,0.2469457449360279,0.2493375700285,0.2516757293458045,0.2564359109667657,0.2583871585496947,0.2598528811706779,0.2530075262042422,0.2510401511022083,0.2481025704431836,0.2477917467239759,0.2474544531255819,0.2456829593490476,0.2479450414540094,0.2491734411247325,0.2532395826281738,0.251730672122731,0.2500693334186769,0.2473077797637055,0.2467816694946798,0.2468951104496487,0.2474184902998692,0.2483114906826412,0.2483949131716109,0.2501169923858075,0.2530286693289125,0.2576151816832805,0.2621663624584017,0.2633009582993294,0.2636061676382568,0.2622059062694932,0.264757275136835,0.2658580756269545,0.2671762963656322,0.2640952090869894,0.263945622266877,0.2637806801154213,0.2653124124263653,0.2647943213258222,0.2647346829182926,0.2641794601998938,0.264634639659333,0.2677218697109109,0.2683699110993705,0.2696288375233322,0.2687773775035461,0.2709873901542952,0.2704028660986762,0.2715631435808162,0.2698690647415283,0.2707596578147763,0.2695140913090445,0.2704858453578893,0.2715016710046807,0.2714264305841911,0.2727312163682041,0.2719212314042954,0.2722661025393184,0.272659747807237,0.2746474188955062,0.2737203567690413,0.2730458052903764,0.2697875062144441,0.2698230818441223,0.2704213131934082,0.2708728955366162,0.2724684520772427,0.2714009975119677,0.2718291696148209,0.2723073885798602,0.2721957663891323,0.2716315965720374,0.2722965700297806,0.2737396991270167,0.2762089486697369,0.2770474366182651,0.2763095466691342,0.2760626602440761,0.2749613156571918
394483,189,"College Station, TX",msa,TX,0.282103476706814,0.2828025636748317,0.2848683616559071,0.289137442270858,0.2903148686911898,0.292007570336371,0.2930393244828925,0.297499486178117,0.2952250039281098,0.2948560543956715,0.2930221826245192,0.2957384388462535,0.2962690904370856,0.2949522500979031,0.2931993618943004,0.2913298497330466,0.2911761876035602,0.292785342626821,0.2941732498674153,0.2980012781437933,0.2954898026703758,0.2944095951896551,0.2920573324491347,0.2956493860636592,0.2984188865471427,0.2992844736538264,0.2989404992527109,0.2984594186010291,0.2988822574921344,0.29758008508922,0.2943151571528942,0.2885220140076569,0.2874476301894854,0.2866612309388664,0.2870880686448767,0.2822700654449197,0.2790556385209223,0.2770940690810818,0.2757274170013024,0.2742823656442651,0.2716273001382391,0.2682642882969908,0.2660850490414033,0.2627583955882833,0.262766407381266,0.2629837716595957,0.2615201667555427,0.2615032592043523,0.2593456705562087,0.2606396844636976,0.2599948060280965,0.259315934000338,0.2589950072210011,0.2601163076061993,0.2613057228407451,0.263939535682928,0.2638836370082746,0.2633101491058952,0.2637781459395422,0.2647750195724673,0.2669762812247844,0.2660665688199715,0.268009073667701,0.2661236152408325,0.2656641654363649,0.264966097351102,0.2650427802605899,0.2659020548002542,0.2688390272737319,0.2725271180670151,0.2745637641055248,0.2735412643667507,0.2722365489489549,0.2712154322315794,0.2710656204974866,0.272027776116004,0.2722468498739894,0.2740378789260492,0.2757540695742,0.2788534939757296,0.282668080211628,0.2883638385351166,0.2919338304709172,0.2932539359443159,0.2923111763411116,0.2928004171539113,0.2955271913303242,0.2979546081196124,0.3002337952830588,0.3006627348444487,0.3017001286469536,0.300686135080927,0.300802975199795,0.2992970602476318,0.2996363419658961,0.2989759255633457,0.2980250777824844,0.2977996944896176,0.2976151861255033,0.2989348092639218,0.298944869907542,0.2982160485610288,0.2962790273192741,0.2944568485925772,0.2928622903000024,0.2921628116099263,0.2931893981579027,0.2950803188753537,0.2963399037647569,0.2967173080575281,0.2961490840720566,0.2960550544128222,0.296997402136572,0.2962664352626322,0.2973183902212659,0.2962176120803959,0.2962127935400543,0.2957274155087717,0.2958023104268723,0.2949563136972256,0.295795595421743,0.2961310581921332,0.2964553870147303,0.2956748293964638,0.2947279965312567,0.2955807123626515,0.2954738140722425,0.2971753262468757,0.2979429213329062,0.298860403914156,0.2980974665316485,0.2974590533511043,0.2962941925785022,0.295753582147257
394732,190,"Kalamazoo, MI",msa,MI,0.1906853199084898,0.1913898929813927,0.1906905317561604,0.1897916466107654,0.1876719445996193,0.1851865276727976,0.1855370504194842,0.1864690090607894,0.1871700949086017,0.1862099089092238,0.1851106113246764,0.1823745645620529,0.182283168439529,0.1823639576557141,0.1829394780114187,0.1820851118359129,0.1819031333234589,0.1835132323605214,0.1841478033942089,0.184541430949896,0.1844816196072699,0.1839566634545739,0.1821615345121777,0.1834667113900289,0.1839420816378127,0.1856515203409541,0.1857609489963855,0.1867132773059417,0.1873348674577239,0.1878734216894251,0.1876845292896105,0.1873107481031685,0.186889612997209,0.1871146142130496,0.1895079014610386,0.1901795155447258,0.1919996805431444,0.1910143288756172,0.1908971689684548,0.1923176597333354,0.1939882525300222,0.194449326186808,0.194326077008645,0.1938738699894332,0.1941127010487143,0.1948696370035007,0.1956721490342934,0.1940096858464737,0.1934756831960463,0.1935287498397491,0.1936856354877871,0.1925873076659127,0.1915231450926962,0.1916601946978753,0.1928234919929823,0.1944890884468645,0.1964518628490295,0.1979731731995364,0.1987242475661154,0.2018070588956368,0.2036852364712645,0.2057710767817128,0.2009276944230333,0.1973666433186259,0.1947759393443392,0.194208426562375,0.1933979222465498,0.19219310786573,0.1915875347644586,0.1919651768922185,0.1912725200670499,0.1917691982314451,0.1909938953065819,0.1918967445185111,0.192583896623305,0.1942696867291879,0.1952032530430738,0.1941527886824705,0.1945110092071808,0.1965432156503543,0.2002772639597516,0.20375315244774,0.2066060076659856,0.2082665404286748,0.2095882944669026,0.2093774330991914,0.209945607191283,0.2104509373844441,0.2118144214744878,0.212849716741374,0.2127743747975705,0.2122345845335398,0.2138566134739419,0.2138763204071304,0.2152137585092413,0.2132077104129576,0.2127730898308092,0.2118206920414202,0.2125207039538412,0.2129315388376502,0.21271501411694,0.2123766808485873,0.2119904114482856,0.2113101399054745,0.2101353643831547,0.2107047633931023,0.2109745273615091,0.2113216745383258,0.2111996758040174,0.2115311730243146,0.2126907338194936,0.212764440008947,0.2134249226428743,0.2135233181421643,0.2136291294215971,0.2139754910694259,0.2143615441425782,0.2157921999565425,0.2162633700284773,0.2170863263315794,0.2176192368667462,0.21777974730621,0.2166424134388073,0.2163646001256522,0.2157952503745149,0.2159406482335592,0.2162641508645966,0.2165835877981631,0.217003262742458,0.2161170991079097,0.2157677510284739,0.2155117331683944,0.2153059199290604,0.2152582868963989
394811,191,"Lynchburg, VA",msa,VA,0.1935778007675113,0.1941360760535057,0.1945663201148978,0.1952698700499141,0.1956339207705211,0.1957380715596354,0.1969941939668645,0.1967889358716422,0.1968023374320913,0.196068723918705,0.1970163688295963,0.1966103911071019,0.1976530741265165,0.1974959232934037,0.1965599778765093,0.1939058706328437,0.1926574178495133,0.1939791698993581,0.1943270919431466,0.19481893639627,0.1950040052192325,0.1961894614152075,0.1958982673526322,0.1961512234128836,0.1947823491814387,0.1947975353462778,0.1952325875069612,0.1967808196714245,0.1978458875381281,0.1972343380167623,0.1975405709899213,0.197269173536903,0.1968449722449755,0.1955827932506811,0.1958678658128287,0.1950251259232066,0.1938051455734978,0.1917578182737925,0.1911527365066522,0.1910998584721386,0.1911517015461342,0.1904904292982295,0.1894522879762035,0.1886453491092611,0.1882535263805599,0.1884978763717494,0.1879755570113226,0.1879588509521701,0.1883689094862575,0.1892978896184825,0.189296512094827,0.1886493135775833,0.1879356431103548,0.1881125665303453,0.1883543471310304,0.1887319027885031,0.1892229309308125,0.1894860302423113,0.1898373689763021,0.1900525143635871,0.190323707373666,0.1902110415739005,0.1892311271001343,0.1882310814187868,0.1880821924758905,0.1882195780698465,0.1892367750556339,0.1897704930584991,0.193253424980936,0.1946469021842972,0.1960483365446355,0.1928969779397667,0.1922207254154396,0.1925848911795415,0.1953407451736403,0.196756063725875,0.1969423010986199,0.1982445271135869,0.2005100189182236,0.2003886626873968,0.204039130451373,0.207805265449515,0.214983914543931,0.2156821540537317,0.2163705059775399,0.2160381868517247,0.2190604982779473,0.2199659423977991,0.2234277616631583,0.2221974926598326,0.2218978063625403,0.225651437403409,0.2265117290614471,0.2287864554168982,0.2258403443086721,0.2306875319333534,0.2307022719159354,0.2288935513420161,0.2252302970865495,0.2271375269720645,0.2287114188683273,0.2302412389570577,0.2306459367666891,0.2289951945407843,0.2295071167835741,0.229057625235879,0.2298362420154323,0.2287670736391792,0.2304057165163376,0.2337046885138858,0.23649299746727,0.234455653756948,0.2340479095988439,0.2336145744423635,0.2349976093561281,0.2347934663395332,0.2345447205353827,0.2333169025134727,0.2347065598277967,0.2348545574055238,0.2347423882751375,0.233770345098571,0.2334761976989088,0.2344381380255159,0.2338457053517735,0.2342893487604234,0.233654697686956,0.234300660441702,0.2342193838896477,0.2349297737271246,0.2339421804994706,0.2333609129902539,0.2327409598946765,0.2323008346584156
394455,192,"Charleston, WV",msa,WV,,,,,,,,,,,,,,,,,,,,,,,,0.2048682831280923,0.2066093093797738,0.2041652118413509,0.2056037444624996,0.204629258595783,0.2089124412236741,0.2076648878609293,0.2086998174182457,0.2076328448630439,0.2088959014708659,0.20845577694658,0.2068050373213487,0.2055864264334273,,0.2064540920869929,0.206407609221905,0.2081544787909536,0.2067375910769154,0.2075483340940197,0.205586862089587,0.2061797037620165,0.203529884147803,0.2032431416735061,0.2040332815274072,0.2050810649188474,0.2044854375874036,0.2023163855763239,0.2012554892925947,0.2004464878642659,0.1998896784360638,0.1990992237721209,0.1988396119431648,0.1983942833983624,0.1996193496255001,0.1997541536698382,0.1989252875905617,0.1985354071549194,0.1992961313832079,0.2000186641044112,0.196100887432128,0.1912253062289209,0.1885408877771356,0.1860863303150049,0.185038094817985,0.1838310158315424,0.1854926732812183,0.187348070892489,0.1905450261073272,0.1898997089079799,0.1887034363102967,0.1878748833401555,0.1881923473641598,0.1883746789051401,0.1862914938502319,0.187097118403703,0.1873764224050273,0.189490412535645,0.1878088512780311,0.189192857697497,0.1895679550002299,0.190532434215522,0.18997960441252,0.1885006106986462,0.1875330344316022,0.187279018947648,0.1884661647257084,0.187892077340317,0.1866657883765101,0.1835776617080056,0.185163108573474,0.1855257832258897,0.186336057344726,0.1839635244787388,0.1828282794415997,0.1838886366729715,0.1850513038353577,0.185491602925988,0.184068513955832,0.182851236276243,0.1818677432776173,0.1832799339881839,0.1845329646394937,0.184087712330854,0.1827758752932977,0.1819981652631781,0.1817109076891973,0.1806902220194042,0.181733442675975,0.1818131470302105,0.1817009037105684,0.179787134912966,0.1793590200523294,0.1795188329104631,0.1795816311364262,0.1799344939356352,0.1806585187691975,0.1814370623225952,0.1823602595851439,0.1832725524958111,0.1820455859226405,0.1816833756060544,0.1821903382518573,0.1846139203971771,0.1860610476588504,0.1862554512696164,0.1860126688286916,0.1865414754078063,0.187127658898963,0.1878846905718217,0.1883196338366264,0.1887652365631925
395240,193,"Yakima, WA",msa,WA,,,,,,,,,,,,,,,,,,,,,,,,,,,,,,,,,,,,,,,,,,,,,,,,,,,,,,,,,,,,,,,,,,,,,,,,,,,,,,,,,,,,,0.2013016855769493,0.2055812919085468,0.2081640214249319,0.2088294522558008,0.2027985210926249,0.1992166367073838,0.1992132900526041,0.2017701919043214,0.2016834051880749,0.200599480696537,0.1985835740321765,0.20006844598091,0.2005266268308289,0.1976698310658055,0.1949890225826409,0.1923079138930866,0.1951825379439657,0.1955719317747883,0.1955342403017781,0.1931793326373463,0.1949110238962149,0.1938581020999039,0.1951505309495884,0.1923921539723876,0.1933493162984369,0.1930308416652043,0.1935100650011955,0.193950128470511,0.1932651438223936,0.1941876039393781,0.1929638627974454,0.1923482897271686,0.1912703409515874,0.1914856631650472,0.1917898393814044,0.1918788217379125,0.1911450012211928,0.1912192157816645,0.1909148478344859,0.1908032259040153,0.1902072918995631,0.1895542636057377,0.1901334660024173,0.1908739120937957,0.1907622565566468,0.191076049145317,0.1905100972628326,0.1912614642299434,0.1915286053264757,0.1921759787030723
394585,194,"Fargo, ND",msa,ND,,,,,,,,,,,,,,,,,0.1678265535503653,0.1652674906984201,0.1640756383925821,0.1617451126617168,0.1610903106461547,0.1604513884003049,0.1597521898447072,0.1590225220883193,0.1583119702761663,0.1591768959589954,0.1581223631924105,0.1573260740664733,0.1548257054929053,0.1549700254299326,0.1538992453268257,0.1551186723639683,0.1555121246588871,0.158690879937864,0.1592023815081418,0.1585088448438953,0.1570515685379666,0.1563957175174905,0.1563381849853578,0.1554608450643177,0.1563164146595052,0.1561624205143977,0.1558882892954163,0.1550382276438544,0.1548695106325134,0.1545699516287778,0.1534265429121583,0.1529937511033136,0.1533368934907594,0.1546131036735984,0.1546636047019364,0.1554303191567372,0.1558135847076668,0.1565147693752582,0.1577656928773599,0.1586217811221617,0.1592858232090497,0.1588340333083468,0.1603105607992656,0.1618859849403025,0.1632812208624486,0.1632051952453216,0.1600043709924102,0.1586780530249972,0.1573865697123491,0.1572949699513289,0.158005600451682,0.1584817008004848,0.1593416504626906,0.1599080503052441,0.1589999457573376,0.1581415494427427,0.1587750937300016,0.159666343323451,0.1594404862249078,0.1582853537105846,0.1580356875413412,0.1584694719604966,0.1576784021509687,0.1576341482776754,0.1588862630452513,0.1625126066223066,0.1656424259114777,0.1649578407561179,0.1637662438147984,0.162892505903832,0.1645502028322781,0.1656790363945655,0.166135909524016,0.1644174980929535,0.1628370886355407,0.1616031729844684,0.16145529094614,0.16050877046358,0.160180945441923,0.1613842405678487,0.1624711351581603,0.1634717708573052,0.1627514511295417,0.1628622485259933,0.1626498219302285,0.1634450953134981,0.1641285343783752,0.1650517638767064,0.1653492701993549,0.1650616417255601,0.1653759858465229,0.165705499551393,0.166612617673452,0.1659167997645733,0.1664603023164041,0.1655220921991016,0.1658811791138566,0.1653548607834165,0.1652176463596991,0.1642991956310954,0.1643065331744973,0.1654014132641226,0.1658418795865385,0.1652914426895073,0.1627541302604832,0.1626743886348794,0.1622771326385585,0.1626344756947047,0.1622954110585601,0.1625190680674458,0.1625163161499919,0.1628681367090084,0.1625857062220316,0.1618667461298176,0.1612844100593698,0.1613028754186644,0.1628834215566603,0.1634438910690521
394387,195,"Binghamton, NY",msa,NY,,,,,,,,,,,,,,,,,,,,,,,,,,,,,,,,,,,,,0.1479281202649719,0.1501347402811113,0.1532732995648375,0.1499946372932305,0.1495070289811247,0.1502736429950286,0.1544515962228675,0.1562091445555568,0.154985706557285,0.1549388406874709,0.1553257249534519,0.1554832975983925,0.1528381600432248,0.153269563476033,0.151763911011733,0.1555405463352566,0.1573740245157162,0.1587530530641688,0.1564017159397306,0.156250806428235,0.1571170739782072,0.1578371489290732,0.1585307911819734,0.1611879359433289,0.1648495619950154,0.1653726967403517,0.1644365378542535,0.1621700276227077,0.159807944255102,0.1584826739236748,0.1603681746373703,0.1623181228146612,0.1653324512222038,0.1676488874924346,0.1721934252330067,0.1704479040998221,0.1693561794160166,0.1675213004321861,0.1715790099027774,0.1722715028726992,0.175176206447185,0.1753331336731769,0.1755182667263931,0.1760933546421666,0.1794658404574468,0.1826311977387605,0.1823352993570745,0.1795898776700417,0.179763154447609,0.1809847107766267,0.1815541302574268,0.1851317974886663,0.1865340871819459,0.1884787021920238,0.1846861592186519,0.1838359982255621,0.1821938824775753,0.1847332967168115,0.1855340816965753,0.188197116976564,0.1911155842201272,0.1950959707122893,0.1938871318945999,0.1906107544256945,0.1864608415525071,0.187260959529327,0.190959967859537,0.1947949677534814,0.1975107590636978,0.1963990318435904,0.1981877924614043,0.2005599405736485,0.2013035044087694,0.1990192000092472,0.2006780449454415,0.2054050181400766,0.2089612716362607,0.2083799417364682,0.2076808797438694,0.2072790506650444,0.2081017326121894,0.2069766100682273,0.208015913855576,0.2086827528837866,0.2097446078724273,0.2098803263286289,0.2107240419116098,0.2095377765496314,0.2102317472100205,0.211632850138547,0.2128831085447071,0.2132655435214446,0.2135850011991537,0.2164780301693203,0.2167733041884861,0.2167180766622259,0.2172649221322773,0.2198536341877519
394609,196,"Fort Smith, AR",msa,AR,,,,0.1795714456681311,0.1799364723356184,0.1792926275611562,0.1815432777249783,0.1810383646171619,0.1824596910574447,0.1795402371659946,0.1790637391819117,0.1771801874928953,0.1776251486914171,0.1785862342977386,0.1793980263115309,0.1805441326124745,0.1792262823451978,0.1789271128671639,0.1783685693926022,0.1785658890903885,0.1771662463980373,0.1761444410548453,0.1758306568053511,0.1780364683221446,0.1786292752870101,0.1791076746534061,0.1766948234714109,0.1749977966090971,0.1749156693832636,0.1759003315815327,0.1758097644616738,0.1754836040068978,0.1754080378382458,0.1763939877126221,0.1762826886805945,0.1759510196682107,0.175560148022999,0.1742415854986316,0.1735276978734964,0.1732784990209374,0.1748916923034845,0.1749488324361212,0.1745467573094946,0.172664072301885,0.1723440874660018,0.1719644807037132,0.1718981900684607,0.1702455978578232,0.1694472855924819,0.1682869934843399,0.1689407204937419,0.168889712152084,0.1673141536359912,0.1666876346833639,0.1669630532601181,0.1683972363926771,0.1688805887655545,0.1690348648011728,0.1693647832519404,0.1709186684049238,0.1722249957605499,0.1740022268061042,0.1709004055515957,0.1687755846303201,0.167112935641188,0.1674948607149109,0.1685754949842786,0.1700572509419763,0.1720802859225216,0.1748203988723032,0.1773125358485407,0.1769192044865606,0.1767130171755448,0.1761236254924661,0.1791469779054792,0.1810173747315594,0.1828992928718603,0.1828344546850548,0.183337692259253,0.1846537688482168,0.1867121885926413,0.1888111381408616,0.189543106730214,0.1905670714062215,0.191949906642414,0.1939620353393624,0.1930693313216586,0.1930477396637173,0.1920705735922146,0.1927039242730795,0.1928236708315362,0.1912959922053252,0.191645633330158,0.1912848388643251,0.1940045785327415,0.1950385569233733,0.1950127681464888,0.1938734463241821,0.1918480367164729,0.1915745916744669,0.1917590429826126,0.1911567591099155,0.189892630336551,0.1897350859173368,0.1902444836218191,0.1914440385588881,0.1901981442096101,0.1896323908114871,0.1885506666687184,0.1889240378545339,0.1899985915694631,0.1902940201907191,0.1912292723159267,0.1911915213159032,0.1907186730489834,0.1894907249073278,0.1882390835752124,0.1878914417768487,0.1877370004813705,0.1863417958839195,0.1865637167120319,0.1865860499475659,0.1863723964460729,0.1857780802184257,0.1846891291587706,0.1844437765667585,0.1848908367821589,0.1857056875488745,0.1863053661251203,0.1861242845745068,0.1863344626772817,0.1871733122802218,0.1875646051089377,0.1876829542780395
394334,197,"Appleton, WI",msa,WI,,,,,,,,,,,,,,,,,,,,,,,,,,,,,,,,,,,,,,,,,,,,,,,,,,,,,,,,,,,,,,,,,,,,,,,,,,,,,,,,,,,,,0.1496752267957717,0.149301194267543,0.1512682613108431,0.1510281788446326,0.1501799484849682,0.1490343137763224,0.1495826113417733,0.1496426935173899,0.1513834206744284,0.1517037583837012,0.153902007624123,0.1537309556982684,0.1530771484826327,0.152285205498718,0.1534130858147412,0.1547390527264608,0.1546840050839445,0.1542868456305637,0.1552746517231533,0.1567046932126747,0.1586231649340435,0.1583779400204222,0.1585964853885003,0.1585414554582144,0.1595622175495251,0.1605420915904947,0.1601759628808152,0.1607678209254086,0.1606085811216558,0.1616773912180003,0.1620144592649612,0.1625918950007412,0.1633936997690568,0.1644873915556794,0.1654732454292222,0.1655750190467741,0.1663770151008864,0.1671719691343161,0.1675718158847007,0.1673876146716879,0.168506450440879,0.16909188381247,0.1693014493965722,0.1692882622414621,0.168694974031671,0.1691681893936442,0.1690497632695946,0.1701635269765281,0.1700718695052582,0.1700187306814599
845160,198,"Prescott Valley, AZ",msa,AZ,0.2456082641190285,0.2452877279025515,0.2441598307130203,0.2428918785464085,0.2417187144187373,0.2432655756875095,0.2450323242596856,0.2473867417246474,0.2470540683729812,0.2482992496614505,0.2461145478211841,0.2461142149435359,0.2465663964481662,0.2477941914858718,0.2489220733339746,0.2491031322874013,0.2496148638665805,0.2501509570567739,0.2493615762261551,0.2506159251771521,0.2515291883664965,0.254607993330867,0.2566166743045305,0.2595146356024176,0.2610689411583705,0.2608961958932489,0.260272413977532,0.2622340547529602,0.264653218052607,0.2658226066775619,0.2665202067982399,0.2676712980603316,0.269958117684857,0.2701077817385706,0.2729675284016866,0.2730890452390107,0.2737354737008654,0.2739809248195975,0.2758465803784806,0.2766073937542849,0.2770014676254809,0.2767922265908308,0.2793797531401381,0.2795849926881669,0.2799693055129744,0.2797706553064534,0.2776867685176022,0.2763991323579399,0.2751519919201989,0.2769904443732056,0.2769444662797642,0.2766794058112592,0.2763978319289513,0.2770055054295088,0.2760269738695726,0.2763678379027418,0.2773848232713188,0.2796046339043085,0.2822772533937423,0.2851262549070478,0.2879392162702252,0.2884359675160312,0.2846831968706654,0.2779011296382868,0.2735391726328144,0.2723065715840956,0.2736620843207487,0.274634441876889,0.2766538936123115,0.279249425814972,0.2832563967441321,0.2829051696463701,0.2834601138020635,0.2861708785867641,0.293151240435957,0.3000748640205815,0.3033361774790031,0.3045672485569589,0.3073679494618312,0.309388839068943,0.3170724889090022,0.3235335424523781,0.3301200746323287,0.3311551732442719,0.3308361842335297,0.3280510647708634,0.3283020576205163,0.3311239670411129,0.3360820339645499,0.3374813959308648,0.3339265962239279,0.3318850661758938,0.3277130346814637,0.324659225260365,0.3209186829337691,0.3190232780822202,0.3171712868353467,0.316063054051742,0.3131808681464636,0.3112629617718749,0.3079022184180117,0.3051238050120809,0.3032211009684744,0.3013472069055429,0.3003557429851867,0.3003310352939548,0.2987549041194646,0.2979671042401177,0.2954301215035184,0.2957441687165506,0.2953891882960248,0.2933430527711223,0.2907465221308111,0.2865614261705508,0.285527373390572,0.2850041946940364,0.2865359078787962,0.2860964161497628,0.2849309777744539,0.2838099293948997,0.2847001329803159,0.2848329519282606,0.2841779498787884,0.2837115460066856,0.2839575274016114,0.2858190564134493,0.2856982531662576,0.2849210781641915,0.2830610469496876,0.2821032475127429,0.2823147207661236,0.2814959726261665,0.2802634495560186,0.2782157176868275
395161,199,"Topeka, KS",msa,KS,0.1498341366254047,0.1485225352518778,0.1485272321825025,0.1495256167492336,0.149659206596555,0.1503568363896963,0.1499676555490204,0.1485334572345744,0.1481903093925455,0.1482043223223896,0.149787781048394,0.1497073793734049,0.1500604731194725,0.1500875709589514,0.149658099862014,0.1500796812044816,0.1499647264374906,0.1511054546960589,0.1509116578568392,0.152477119043771,0.1529011281702799,0.1537904530117614,0.152268285712645,0.1512294013424367,0.149336607177199,0.1496406124124945,0.1501415464739361,0.1505561889035239,0.1505251599458468,0.1501791964523358,0.1509184598098832,0.1510791567160976,0.1506254034817347,0.1497154006497383,0.1497863360836251,0.151724894945512,0.1533050779380629,0.1527673072666887,0.1515918557847948,0.1508189627900503,0.150759046601681,0.1510621835556774,0.1515070112745496,0.1519189506993035,0.1513748755854231,0.1521839191875578,0.1530757238133512,0.1546298643205727,0.1549677139938645,0.1548532622270373,0.1562908325706245,0.1572584619891014,0.1580710305420295,0.1587034642420248,0.1590553197482404,0.159417777042211,0.1610915642630402,0.161848585115741,0.1625405390752558,0.1619176473028019,0.1626535769310437,0.1641144649091787,0.1636983563963823,0.1612062994618986,0.1590895236404858,0.1580274511269522,0.159097480229516,0.1595844723723031,0.1587110218402916,0.1600621962796359,0.1606499914247286,0.1642023229711825,0.1632647406750841,0.1636525544214578,0.1633233392320389,0.1662298847697497,0.168921450009235,0.1701295458419795,0.1707926631726769,0.1728250049551039,0.1752742676762499,0.1775414068078833,0.1791320780559245,0.1802541224254568,0.18046354009293,0.1822214012861418,0.1837415195845448,0.1849764175491186,0.1824778439908606,0.1817016349558514,0.1805714924062574,0.1809759627532586,0.1801143781176503,0.1803590340130078,0.1799795794432207,0.1794172325283771,0.1798538639022599,0.1784015913075802,0.1792751515343626,0.1784585174122858,0.1804217667278624,0.1802212673531811,0.179808472748309,0.1775062373358205,0.1767164000615635,0.1748941156465019,0.17593349552426,0.1740846668865558,0.1733561274563146,0.1720435153667234,0.1700348980750239,0.168977316714528,0.1678886617745831,0.1689241190249675,0.1693670372859469,0.1699952714699411,0.1699291949478531,0.1698443047659981,0.1676959402056809,0.1670757848055237,0.1668826935954119,0.1688365565791087,0.1694474663917024,0.1700113636703701,0.1700499434367032,0.1692216215147046,0.1690412374341881,0.1692049737764377,0.1694096960288064,0.1699243837149822,0.1708459605054767,0.1720388303281401,0.1728650041468991,0.1726195988455753
394813,200,"Macon, GA",msa,GA,,,,,,,,,,,,,,,,,0.2116734270118373,0.2098879052718704,0.2093093966624336,0.2097126538106862,0.2094428629583654,0.2077464138062675,0.2077365054000659,0.2116499260189191,0.214689304777321,0.2119816816918541,0.2099185749157973,0.2081301534778852,0.2104431050306452,0.2115562641708381,0.2109947023401328,0.210430361572444,0.2114017250725779,0.211441568248674,0.2135015464469536,0.2094564616661516,0.2103081526219951,0.2090273896144038,0.2075643091208397,0.2061360633418944,0.2042827101697933,0.2039348998074231,0.2039476888952674,0.2048325524159795,0.2072649267052548,0.2095844682753078,0.209480053557151,0.208913719154656,0.2062467399126579,0.2043888620068678,0.2054026052088302,0.2058890237589851,0.2066866396059131,0.2064970744384981,0.2066604528891311,0.2059195530114621,0.2039788314618137,0.2029120602331998,0.202504139099915,0.2044469095208805,0.2059866988021786,0.2084477621799214,0.2085154741438779,0.2072274570775462,0.2023862023962658,0.2005388174427409,0.2018755415150267,0.2062735162537284,0.2103357676869768,0.2115225097499556,0.213550168052977,0.2133470251629931,0.2154643616525033,0.2147031177929705,0.2155292699150217,0.2180473844285776,0.2243920887040327,0.2295058549859943,0.2301903651142874,0.2302059510435599,0.2359546405638319,0.2409653039795536,0.242132431466546,0.2376804783448706,0.2356629426877318,0.2363862042991398,0.2353611717591222,0.2343121096475658,0.2332762948191994,0.2325779856263737,0.2327587706887723,0.230147359997879,0.2285970875391056,0.2282434280504916,0.2307957109052002,0.2347041390822346,0.2353906748989252,0.2370060357766967,0.2394000661905492,0.2434486804920079,0.2440150472544495,0.2421146384960205,0.2421792446434673,0.2431910691846494,0.2443935822937571,0.2451384577371509,0.2444405709199086,0.2447188468450096,0.2449577911466823,0.2465689210852086,0.2452259885007254,0.2443658563342735,0.2449737160776533,0.2481489070850461,0.249669785939431,0.2506592556103088,0.249851157269804,0.2496196124594311,0.2486468690830873,0.2480962147502024,0.2479563268443121,0.2478888966168167,0.2482383360380892,0.2473437355466658,0.2469041869580685,0.2458754449624798,0.2451495896905008,0.2449045218861883,0.2455211720217777,0.2456492926756207,0.2464473028474995,0.2461882062389471,0.2462478365297233,0.2453392499229822
395174,201,"Tyler, TX",msa,TX,,,,,,,,,,,,,,,,,0.2140056333359691,0.213645820477918,0.215240337780787,0.2159295844989304,0.2154164649809557,0.2159035644601275,0.2156065512630666,0.2141099705662365,0.2124692576502548,0.2121774913296841,0.2138720787176981,0.2143081975320586,0.2134493598907904,0.2126516521231601,0.2113708823270316,0.2107932334088295,0.2098631043029611,0.2095872745366339,0.2086845218011584,0.2084806736908314,0.2083373459202623,0.2081599554293492,0.2071783378544089,0.2072437540998035,0.2073049666320903,0.2070898697641587,0.2064165872993928,0.2059720576399357,0.2059409651685108,0.2051336396101493,0.2046532366449735,0.2050709882572784,0.2050196680119962,0.2046299289452489,0.2043471072960006,0.2040330835387989,0.2038926020119913,0.2038885812689251,0.2041267324025376,0.2040517166023258,0.2041235971501977,0.2043392012142514,0.2047842737763535,0.2049029948548613,0.2054537558255207,0.2058772934520385,0.2048152106604603,0.2025222585203711,0.1996131773226455,0.1982544347633619,0.19702024548661,0.1974372870816672,0.1984152871220629,0.2002454608112451,0.2008929493650569,0.2007736066747355,0.2005302130821365,0.1989129735647535,0.2009381907215235,0.2041563067711188,0.2086615706535568,0.2104689759143101,0.2120634055900192,0.2119721650792303,0.2140963644930558,0.2186214529553024,0.2231043020561539,0.2253322409231571,0.2237771629450921,0.22360599198913,0.2222075582733318,0.220360111011369,0.2186726183531527,0.2177257373711898,0.2179467544284822,0.2186218562452922,0.220907349828953,0.2205106731962879,0.22140766263408,0.2194024792210043,0.2198146515569008,0.219008792297402,0.2185598469507312,0.2182439392145516,0.2168078172428745,0.2166211001844715,0.2155920907079033,0.2154939342197007,0.2125176811896465,0.2101004662523537,0.2065482438195312,0.2064443985073227,0.2062672651540736,0.2068411735652745,0.206974397729579,0.2062557753297977,0.2063034499348997,0.2055107054912432,0.2050625731808988,0.2044137430083873,0.2040897820271501,0.2044503399491089,0.2054418902951671,0.2055368064476817,0.2050215435038157,0.2036323392685869,0.2029058645448423,0.2026935697470808,0.2023203672436906,0.2020297992659915,0.2016328250865509,0.2009187657555652,0.2011267592027287,0.2009898724231731,0.2005888477872737,0.1996246014375653,0.1989318543215199,0.1986951269104007
394361,202,"Barnstable Town, MA",msa,MA,,,,,,,,,,,,,,,,,,,,,,,,,,,,,,,,,,,,,,,,,,,,,,,,,,,0.2460926367074514,0.2455012430039241,0.2414576948031487,0.2368553158687687,0.2452840566674677,0.2525505660043447,0.2547697729431437,0.2582073966834094,0.2585483590161238,0.2703772404836916,0.2741080127895999,0.2826118179453723,0.2613074216247287,0.2587427578447039,0.2527194234732572,0.2523428055662119,0.252027083447632,0.2582345402063186,0.2661241880678724,0.2663890546280874,0.2667495131936368,0.2642844712634892,0.2643809613764057,,0.2659573524739929,0.2739081462195236,0.2806658314477747,0.2881263990607811,0.2870828427427194,0.2845020243613783,0.2848490948895529,0.2875972258948072,0.2934375747589322,0.290443532767487,0.290763801651271,0.2884385708225176,0.2996133692477521,0.2990684598649785,0.2977144243529469,0.2927986688692093,0.2991963155085711,0.3030679057954484,0.306235787880063,0.3045943029505453,0.3034235856704087,0.3073045637569796,0.3133829093941359,0.3160701523848155,0.3111131057896868,0.3096905838683041,0.3156659635877279,0.321339794258614,0.3223328865980336,0.3223906767863976,0.3265466422570808,0.3282350288446934,0.329604932657082,0.3299126805196414,0.3301813100544909,0.3315222979547265,0.3345546985890989,0.3345905007521553,0.3356351916667022,0.3347804046899625,0.3357764941691551,0.337347287664978,0.3377000651369734,0.3447858625097345,0.3480677868630105,0.3484690446089165,0.3449277276877779,0.3445384314268496,0.3437126104122843,0.3457931256955466,0.3437788240045511,0.3455566877688544,0.3463071465059773,0.347793241897089,0.3482515114493393,0.3457307163661911,0.3463017895679173,0.3489246462236852,0.3530963587065425,0.3553149400145151
394519,203,"Daphne, AL",msa,AL,0.2377426446622794,,0.2310080843038164,0.230729612515437,0.2318871284245263,0.2331702627396772,0.2303547551849421,0.2304863723746318,0.230128276379996,0.2293383092648235,0.2282879282408426,0.2262074925870625,0.228290227532975,0.2280488023133352,0.228726480668257,0.2274236508621515,0.2274838433243857,0.226868453272959,0.2273486760344812,0.2279500452517964,0.2276854036875849,0.2293644780944621,0.2286315731214145,0.2290743627853029,0.228088764021072,0.2302038155857329,0.2303053132048917,0.2300086550555085,0.2279117056635693,0.228217391340773,0.2294444355529332,0.2312073134298372,0.2314469167218124,0.2297345929600291,0.2281120559526511,0.2288369735095922,0.2294529521917719,0.2296433853509518,0.2299986935902964,0.2311882733236932,0.232883832497821,0.2318754797599342,0.2314763910417186,0.2306912016702229,0.2308743124085967,0.2307265489392309,0.2303647956673337,0.2278389153665209,0.2266219364747292,0.2245907415610456,0.2231301531301081,0.221484071363529,0.2202003696242509,0.2205256730229186,0.2200522945274595,0.219626294490795,0.2198719158160397,0.2209704557760571,0.2226890497567435,0.2247496450600584,0.2261000532179115,0.2274335356581628,0.2255275911428698,0.2221115541354749,0.2205304153465089,0.2195258985579133,0.2180640010408515,0.2168459202265394,0.2172457889905764,0.2215905787008819,0.2244935400974002,0.2253811189259708,0.223403016955425,0.223869141790526,0.2269426078264875,0.2329834667070277,0.2343589864384067,0.2364293505300337,0.2409972280028958,0.248850259122954,0.2592526601911196,0.2655948911846792,0.2680318696541397,0.2686970884712129,0.2684995028843341,0.2714028589159238,0.2703325560613053,0.2697460552261929,0.2715251114937271,0.2720910951063673,0.2724618943765126,0.2693101777512163,0.2665224291828444,0.262818548221024,0.2639419157311565,0.2639750170754048,0.2639299333251183,0.2615822058602916,0.2604687886837125,0.2588374330846355,0.256521154154355,0.2551821921756523,0.2521673398054047,0.2497253711423308,0.246513485129816,0.2450157213183006,0.2424501098978869,0.2410781573517414,0.2415709711273975,0.2410907370940913,0.2404140545529667,0.2388755428817351,0.2390204940732976,0.2380664345361244,0.23684506345777,0.2362555011970777,0.2349945850100562,0.2333253013038898,0.2316121568709502,0.2301093569262937,0.2295818957763625,0.2293219632837336,0.2284878752548058,0.2282852831439366,0.2269740441142611,0.2264383947030872,0.2268134894813903,0.2269816454996727,0.2280379870716508,0.228979801186659,0.229739970712243,0.2299820329077732,0.22929563729405,0.229283740099164
394378,205,"Bellingham, WA",msa,WA,0.2066415290244492,0.2065748282315273,0.2082749024440371,0.2093419237040544,0.2102716141935156,0.2117415984972285,0.212501881899279,0.2133940335570102,0.2138327469028375,0.2129397525953997,0.2116512227892452,0.2120190988807964,0.2136616134649251,0.2141751843561073,0.2139420568449561,0.2140520832189694,0.2140621592420646,0.2147715047441755,0.2155305186097393,0.2164690519143088,0.2173331991888956,0.2183760433867388,0.2189785418973288,0.2203960286077797,0.2203588203557488,0.221642984246813,0.2222251079342767,0.2231585124258137,0.2241019355983322,0.2239995937828948,0.2259012504244336,0.2269004702067647,0.2276875736930195,0.2274772440803087,0.2261817302538361,0.2249015276200073,0.2245513827089815,0.2264028232442687,0.226765002025608,0.2268672471087532,0.2258315172000245,0.226608071940002,0.226360874449727,0.2268635413801681,0.2287756755998762,0.2306802963606594,0.2334195898303858,0.2328454031785025,0.2316981297191447,0.2297164932014693,0.2299072649204242,0.2300900392898253,0.2312190804652332,0.2314978188139504,0.2316604183105166,0.2317708755858054,0.2318003797555057,0.2324641037649201,0.2330093382757624,0.235093834739899,0.2372979660268944,0.2387134025480582,0.2401826299802767,0.2373140701210096,0.2351219227842985,0.2328122035847855,0.2331741919941148,0.2331232590152846,0.2328115188910603,0.2327940112205525,0.2342412699554707,0.2356009652192497,0.2375238419525965,0.238258712054995,0.239609287716413,0.2406469818630032,0.2424279522052337,0.2439728426526884,0.2451220000398244,0.2475694000282541,0.2532046027360862,0.2595214345699623,0.266188719025646,0.2677879991286942,0.2664783665432208,0.2652477828088812,0.2655220313230322,0.2700916033973736,0.272416872397667,0.2745670802756404,0.2737947132575762,0.2730605047190024,0.2720070753993934,0.2710926506794954,0.2713482484318814,0.2703944069038486,0.2700748058930299,0.2681803806372569,0.2680140766706307,0.2654953210235024,0.2649639841394897,0.2630137400586658,0.2627386366455786,0.262132121749329,0.2630977855112553,0.2635694615842697,0.260835565457154,0.2592262079754331,0.2585321432922948,0.2594167261111287,0.258479929407399,0.2566736920564735,0.2552756171502436,0.2547080562473383,0.2551493564647645,0.2559466117332893,0.2554047921476147,0.2547624773037551,0.2543227208186069,0.2552083977382821,0.253758894983953,0.2535607734684182,0.2532599172560838,0.2536759209439185,0.2533543505368465,0.2534803244320465,0.2526893381830882,0.2517171427172642,0.2511843693761517,0.250916599520515,0.2516716531378628,0.2511009110418682,0.2521212579730043,0.2517501749772006
394429,206,"Burlington, VT",msa,VT,,,,,,,,,,,,,,,,,,,,0.2404056246136774,0.2423416181906139,0.2509967024463743,0.2518233694480425,0.2546460042509531,0.2542716346128628,0.2556026145603985,0.2581073040459872,0.2589368591203644,0.2620612899062764,0.2570212041022619,0.2611999050538589,0.2585639845253583,0.2596153481323119,0.2541119204052481,0.252581653996257,0.2526357411261411,0.2552946724330422,0.2568901109597893,0.2586619316477567,0.2586738650318161,0.2569349449106817,0.2559671730350913,0.2538857072188068,0.2547196280098796,0.253800533173022,0.252597536735803,0.252497040492172,0.2517200925839198,0.2512080577072192,0.2489688101716274,0.2462528859121346,0.2437753819851423,0.2422011055973929,0.2445013021146489,0.2456283937915793,0.2478557071022881,0.2480600713249133,0.249940425023756,0.2506979369191475,0.2497482937459328,0.2480468862360794,0.2472608954003444,0.2466191417289421,0.2432602720959114,0.2409356287391012,0.239954468769306,0.2411411964132212,0.2388177930360774,0.2395290857482864,0.2399825666592332,0.2411966927610426,0.2401347975005057,0.2396905145793193,0.2386368854253996,0.239616479273893,0.2406740499780636,0.2412748606454305,0.2417290363392108,0.2418213875766959,0.2456203665101634,0.2484853137341087,0.2520010320954335,0.2529193275820056,0.2545562550242872,0.2550328557498588,0.2559379436693947,0.2546297393920441,0.254889232795372,0.2563672204837845,0.2568809085727463,0.2575462591815252,0.2571621085079624,0.2584898341638352,0.2600242971714623,0.261814168380281,0.2633592905911422,0.2638135956700948,0.265145753641717,0.2667126412544119,0.2668855869173195,0.2666758463651916,0.2674144854122895,0.2688940701849974,0.2692349667332824,0.2704070175826413,0.2724118414010461,0.2747971255771053,0.2761086265693671,0.2772321148201303,0.2770724709439544,0.2786414109867035,0.2793146104568405,0.2814621370280331,0.2819064341837856,0.2821573025215991,0.2831032619861745,0.2846104661872007,0.2842280804737538,0.283081013496186,0.2847087648779713,0.2843925247521049,0.2852418667150103,0.2839661129517843,0.2834753380777483,0.2818189466787473,0.281769029687291,0.2814853263395541,0.2812464429094855,0.280122134666033,0.2798661902340136,0.2798654732410887,0.2780793067401367,0.2774639557831821,0.2762458530684758
395030,207,"Rochester, MN",msa,MN,0.1925128304619228,0.1926384089924836,0.1949982969482926,0.195201294949014,0.1970698151700662,0.1959981407497996,0.1944169555786431,0.1957367102882243,0.19591006080817,0.198130538256151,0.1985677970564296,0.1979538009911999,0.1975280406800508,0.1986852828870367,0.1980840509145595,0.1956437395026523,0.1927902887312983,0.1947373359569577,0.1969174714880521,0.1975430741850886,0.1977680601075253,0.1969103707500401,0.1966348065918524,0.1960725099693766,0.1989420569688442,0.1991348744844588,0.1993178716964484,0.1983676179844858,0.1988914323060743,0.1977344802691105,0.196376733099953,0.1949752035690881,0.1947696234000609,0.193484154514817,0.1936094319357968,0.1945670993407703,0.1933071780632346,0.1914419237458464,0.1921099109911309,0.1941875683556238,0.196509245575274,0.1961697576627899,0.1968468788551521,0.1963810270651201,0.1975380468792786,0.1980818885926152,0.1991956108652799,0.1982503602457989,0.1967940105327416,0.1969148581192732,0.1962449141558472,0.1954448386745915,0.1939672898331835,0.1947497574014447,0.1949344546824155,0.1962015247547185,0.1958798588142467,0.1966924477770525,0.1964211416158525,0.19761145106531,0.1996560835393563,0.2010461207635378,0.1973990112243736,0.1949137627410382,0.1922826906698846,0.1900188252634581,0.1901720336348827,0.1895769202116835,0.1904219514989913,0.1902233933668275,0.1907484234487384,0.1920328151395601,0.1923157917096412,0.1937255466464291,0.194497173520289,0.1955353634091143,0.1960901842666675,0.1958546087043168,0.1952921584597847,0.195685193708633,0.1978427028610728,0.2000599532596631,0.2024025105713274,0.2029974039025809,0.2039804610519647,0.2036452626266715,0.2047889291162828,0.2050769678502403,0.2060366163917844,0.2063789471240067,0.2072838766732818,0.206825782816408,0.2068829639806087,0.206155263494339,0.2072656928834232,0.2075744290129274,0.2085688828894873,0.2081177988925822,0.2064960412117392,0.2060282640444699,0.2062143235785902,0.2077690118597861,0.206689664029018,0.2061776737464374,0.2055116825177721,0.2071859305316881,0.2056389361969073,0.2049185071269594,0.203315591405952,0.2043382723427174,0.2051814054648446,0.205141008026424,0.2052233652041738,0.2042520223293135,0.2034858979191417,0.2029003410485684,0.202884915346667,0.2046086566471835,0.2064635845973685,0.207185161745756,0.2065186083644765,0.2062423199807729,0.2060862731418251,0.2060781652619911,0.205537254341105,0.2053772489640597,0.2061654939936145,0.2067365386287982,0.2069689445420931,0.2048782959568136,0.2037859071864523,0.2032459173937137,0.2039134381184634,0.2033170194833348
753895,208,"Lafayette, IN",msa,IN,0.1936114731553471,0.1918804514373294,0.1934437533468127,0.194780160139471,0.194790233202087,0.1949482068958556,0.1940135687735537,0.195362774469388,0.1958803190020095,0.1950467211311668,0.1923418113900102,0.1904289778598161,0.1916065405385334,0.192273215914248,0.1915696566210629,0.1877945411120682,0.1867101777050458,0.1872301736944313,0.1894110929003333,0.1908887917935293,0.1913678924423427,0.1922168827987629,0.1925843227592314,0.1931750007366022,0.1929634853289481,0.193701556444418,0.1932144364776533,0.1935428972528009,0.1935309202708272,0.1942463645050907,0.1950637195156017,0.194747590581083,0.1953082989666371,0.1950566258594002,0.1965994526656255,0.1968673281645389,0.1988680600994744,0.1982795029329116,0.1995111641948393,0.1992681827948482,0.2005928587227805,0.2007755563638617,0.201099771497313,0.2013859134388913,0.2023345036824446,0.2029075997338242,0.2047445428475568,0.2062893274831215,0.2065598984168959,0.2055861765229393,0.2061201577787416,0.2080273955884154,0.2084075089301413,0.2092023819115306,0.2095699555774096,0.2107313224188728,0.2116261884299923,0.2132765780807478,0.2131721024690673,0.2135505401778664,0.2141156802542114,0.2164767780624293,0.2146574671858322,0.2135072346766361,0.2106795829863765,0.2101614511313472,0.2090156979974456,0.2102127820198512,0.2136273791733481,0.216552795859039,0.21835397684809,0.2176145382647776,0.2175173351180845,0.2166284401219938,0.2169025353309871,0.2165012728242378,0.2179839502949245,0.2182838287338831,0.2204207461699013,0.2209018978914917,0.2240616050329616,0.2257301229466858,0.2287904769021855,0.2276893065658361,0.2277223366687032,0.227395367649064,0.2306982911240734,0.2336404334494292,0.2359131019543362,0.2349908260254876,0.234251447081657,0.2355969166023794,0.2363246546934125,0.2389182030132889,0.2377376799565387,0.239081243915866,0.2376757052935693,0.2397514807079528,0.2381356203768775,0.2383786179713444,0.2375403157812739,0.2399142412968525,0.2411753570475243,0.2410404536550292,0.2379165381827922,0.2362148910626564,0.237265160745266,0.2393049172974867,0.2385990989573485,0.2362173766980433,0.2343194874577052,0.2327337617959319,0.2314008846935404,0.2300471138733247,0.2293126479059025,0.2294699472066315,0.2314601670496679,0.2322154991811205,0.2315520593896454,0.2290395292005803,0.2299600809301026,0.2304532472167693,0.2312854378751392,0.2309843149808643,0.2311460616993648,0.2311207019112644,0.2311222024690306,0.2307160128084606,0.2306887136759119,0.2306883014841691,0.231095384384571,0.2318679751627105,0.231733402251942,0.232032434287473
394454,209,"Champaign, IL",msa,IL,0.1969535499191723,0.1981177295803944,0.1993830909884002,0.2000296267865863,0.1997680062469065,0.2002418086218977,0.2007621299187326,0.199774971208112,0.1993319398376454,0.1982488979605531,0.1993538658302809,0.196086469564649,0.1950805255213042,0.1936887494106003,0.1956968514892566,0.1964699770156114,0.1960415969111407,0.1967183807695817,0.1980846347520631,0.2000633442276404,0.1990578989620151,0.1971004596533992,0.1957454206033221,0.2003616673112453,0.2018384166000582,0.2026067592647951,0.1991946463406415,0.1992437048930541,0.2005317995622342,0.2009127280872772,0.1995522950559189,0.1994426477512315,0.1993484709887268,0.2023711952463724,0.2014739548879023,0.2011044039527146,0.201077509722193,0.2029519178940238,0.2046130158847597,0.2043370562995783,0.2038091162347749,0.203186830950494,0.2030410417224053,0.2010343340801334,0.199860028226366,0.1976774704372515,0.1983256326372853,0.1980281726322467,0.1966997962413981,0.1950536346060634,0.1943945652335972,0.1937315715695541,0.1929686001983075,0.1927025234553875,0.1927517595192963,0.1934630148659172,0.194291760676398,0.1946416639139197,0.1944535429939824,0.1937506950773602,0.1941370216925533,0.1938116721061251,0.1944384753376531,0.1915561674858999,0.1899591950165315,0.1887890754781586,0.1882821817842264,0.187493937039602,0.1886726891277977,0.1901110947560878,0.1914462691655325,0.1891357611085787,0.1873370324741076,0.1866367117635868,0.1874530631631672,0.1883359199281611,0.1890279858667459,0.1896018780956334,0.1911288747445177,0.1924958391762205,0.1942635221280198,0.1976276826429411,0.2001803688240825,0.2033706975577933,0.2049195849971527,0.2063092458749283,0.2090051937624318,0.2108504342189117,0.2135134239859961,0.2137999108941663,0.2129107873515566,0.2133408487770893,0.2133072591908295,0.2134781030304114,0.2139653638477582,0.2142464618244194,0.2145920189036149,0.2142830655529452,0.2147908405798327,0.2157543059655174,0.2143229343436738,0.2133848071490141,0.2129176899645451,0.214136148443047,0.2148033830154273,0.2147381500099471,0.2128897196512954,0.2138484392609032,0.2159478501305903,0.2191660976315707,0.2186748999285412,0.2190555792205575,0.2191279866849279,0.2220437765871539,0.2232781791695424,0.2230103382000431,0.2239216206654101,0.2241225742173979,0.2267475396740764,0.2270935238141471,0.2278992890729819,0.226819717834421,0.2275304446645187,0.2273955773440338,0.2285532367152528,0.2280855153339847,0.2289298609959431,0.2297473510628157,0.229987619839322,0.2309817397254355,0.2308946199567747,0.2311309241438477,0.2302596571805723,0.230368881932086
394848,210,"Medford, OR",msa,OR,0.2367374425473466,0.2374231621177951,0.2390718633202107,0.2399477126054115,0.2415517376856064,0.2418432595380914,0.2426243135486899,0.2456561221043782,0.2464987999755877,0.2469781874749284,0.2481663356817827,0.2507353406547948,0.2539942423861117,0.2555197397966546,0.2572522268742117,0.2583830227526941,0.2598180452926693,0.259677503811667,0.2585049001319724,0.2564744647984327,0.2589678833904605,0.2613414415034686,0.2613590396225992,0.2605364011490756,0.2612930477473248,0.2628591457884693,0.2628526044605895,0.2598271255035323,0.2577395817068765,0.256549851200074,0.2582522525476041,0.2611667492359481,0.2620858185574674,0.2621503739294871,0.263831234893993,0.2649293544068818,0.264495731761877,0.2621640028844009,0.2608053645317708,0.2612438273960902,0.2618584762287427,0.2627557567579369,0.2634182391124152,0.2644360179046049,0.2633247529861,0.2620698748402721,0.2590452527914692,0.2578652419349044,0.2568225839294174,0.2614267306957873,0.2624346262170505,0.2635332396313149,0.2639940853729037,0.2645566656710484,0.2641507960280149,0.26303397403826,0.2642434065599324,0.2660956146574846,0.2689511133798984,0.2705395658960542,0.272339753228676,0.270047639974226,0.2661860503377433,0.2602467701896347,0.259887774578774,0.2593813274202231,0.2639857766106915,0.267300592706972,0.2683706650811269,0.2718393533148324,0.2723591012325003,0.2765536153777746,0.2755142305734154,0.2753370848856122,0.2728598880327038,0.275469289048509,0.2751234346370388,0.2726770735990207,0.2710110375506531,0.2727932138331572,0.2775804850788367,0.276893322178631,0.279651704373674,0.2762411244901356,0.2764416603225811,0.2739204283609284,0.2738939038445302,0.273290144740609,0.2717220499992723,0.2738138144385,0.2707634508179653,0.2689599865664958,0.2665574239107492,0.2687297803186196,0.2671071521970551,0.2661401408587631,0.2638454391008354,0.2658291213708285,0.2669160541124629,0.2652027807592882,0.2657391589009878,0.2638588584845725,0.2651733410565827,0.2634541910398129,0.2640509870924896,0.2635929967686946,0.2643821238892664,0.2634516942835667,0.2630417427808534,0.2621374605291837,0.2633729669574517,0.2648259076115368,0.2638141827013243,0.2637204949145018,0.2649347933011988,0.2666879333718102,0.2663962576714736,0.2653403733638587,0.2645886174098543,0.2663339289651063,0.2670191278002004,0.2685392977059057,0.2667140243143288,0.2659303730162209,0.2662417989276276,0.2663721232830477,0.2649589523635151,0.2643441160539569,0.2650694735830027,0.266213973622988,0.2670106908531977,0.2662331509126691,0.2661047854368772,0.2648296020919329
394459,212,"Charlottesville, VA",msa,VA,0.2111149687992606,0.2121968491985149,0.2121673438985859,0.2139478805192171,0.212964332487113,0.2126090541208549,0.2121222040499578,0.2129633882211035,0.2131623656361068,0.2150429000588949,0.2141527226886904,0.2139327811711337,0.2141884751814558,0.2148085059352413,0.2144945792419318,0.213205108785116,0.214089784362511,0.2150359699509136,0.2147482051508608,0.2144258148046138,0.2140016534422486,0.21371325372569,0.2133893441193584,0.212963300292931,0.213169588895291,0.2136313957308226,0.2143470949592649,0.2142775974624664,0.2142940509517175,0.2148765656124718,0.2160839550831853,0.217321590160313,0.2174191933728651,0.217089320858167,0.2182713958962252,0.2195490178724165,0.2193853901764729,0.2180594211334117,0.2175292653592175,0.2185143471889225,0.2192210335452723,0.2199950899452608,0.2212998591687881,0.2223480877473717,0.2231513107276347,0.2216275826885762,0.2204256042342675,0.2207135307143559,0.2216374305017578,0.2229845111744415,0.2236307965500723,0.2236202211824798,0.2234590613075679,0.2230579012943377,0.2222252678247301,0.2215818750889987,0.2219012882121517,0.2241336276351099,0.2255150121845689,0.2258032047497228,0.2261121735006905,0.226359485342823,0.2261588069116416,0.2231795851638413,0.2202688384593349,0.2196712378982374,0.2193792040339557,0.2192741113235881,0.2213747011800563,0.2240601547332092,0.2256092916195994,0.2242527720573409,0.2224586069416678,0.2218020779967105,0.2225593339504274,0.2243634576470324,0.2272149934282913,0.2281327038950844,0.2294269446290354,0.2302493309838978,0.2317063276428424,0.231756461769409,0.2329896026307909,0.2345545923949104,0.2352745550763049,0.2345798212647312,0.2325858515798243,0.232599849455125,0.2321174322367893,0.2321719389042623,0.2318238361899118,0.2317608783280228,0.2314719128031877,0.2319223125330893,0.23232471595706,0.2331797781258684,0.2327889638666094,0.2325383535481242,0.2325023841489926,0.2323687168620505,0.2323140520654831,0.2304024645188989,0.2291855203795554,0.2295023571074518,0.2304776049172786,0.2309844446655768,0.2306006541117766,0.2285157935495483,0.2283397181494158,0.2281579720282714,0.2299063726570527,0.2300137778689276,0.2300101096724885,0.2308205706125296,0.2312745033673585,0.2310832050086126,0.2305191883209976,0.2305356086403861,0.231390799917978,0.2326744467190257,0.2324380885055097,0.2330505216666837,0.2318819130321978,0.2314811270541067,0.2312555208051994,0.231704917940779,0.2322399707649023,0.2324787301170013,0.2328794964905204,0.2329585919807331,0.232783624263631,0.233011535708175,0.2336093872611284,0.2335922655089928
394763,213,"Lake Charles, LA",msa,LA,,,,,,,,,,,,,,,,0.2254648314483159,0.2243745098664823,0.2267496214029899,0.222505233583942,0.2262451734500999,0.2247124496593264,0.2279629842386331,0.229267056847132,0.2315872441118342,0.2339639654748103,0.2344594119059519,0.2315760039360512,0.2301379706262275,0.2297898336967148,0.2313111615019765,0.2305523900536832,0.2315564845763489,0.2323359661122659,0.2351877810460882,0.2379313172407865,0.2362335231465137,0.2317043612547105,0.2302808037050622,0.2322513261793915,0.2347407369208594,0.234182320620945,0.2308262282179511,0.2278005299461289,0.2257934714403075,0.2262704548016281,0.2281145556854745,0.2268757336316111,0.2257634022897426,0.2237536675322677,0.2224409459726283,0.2212249596797304,0.2182355637598295,0.2173980574415547,0.2170874909839123,0.2186478757037858,0.2171505040122431,0.2152456378834626,0.2107946514531107,0.2088190034464934,0.208530424300022,0.2098164587296827,0.2091316801133204,0.2027991523220133,0.1985705796765758,0.1965901824263095,0.1976409389343823,0.1986602530794949,0.1987534586820952,0.2020153283665051,0.2016884262927513,,0.2221307602923398,0.2335803631806578,0.2341483114655409,0.2394041821154207,0.2459453701003863,0.247638418490807,0.244151230519214,0.2393449824850839,0.23678767074657,0.2364826551379991,0.2393717078166498,0.234614275377172,0.2297382243412365,0.2237237047129576,0.222664412191664,0.2189070650139035,0.2137227219890007,0.2087764660828575,0.2061692918310493,0.2035717272306786,0.202303881615609,0.2003175222594637,0.1988957630292857,0.1982360829285152,0.1963570431811059,0.1947459138749438,0.1911423611335253,0.189784885074474,0.1886516161791069,0.1905526228203963,0.1907947422440353,0.1913950122696876,0.190615275228891,0.1921118480440709,0.1935470833173097,0.1932921070712226,0.1912297331846393,0.1880233133930711,0.1874576449171595,0.1863843642846689,0.1880774888432783,0.1890332923195043,0.1905806181342128,0.1898586266777676,0.1890380660537017,0.1893773847953509,0.1898080321340075,0.1881823980469268,0.1876629296523614,0.1878682542733404,0.1903434527588287,0.1910328830028621,0.1899036453474535,0.1882975026964367,0.1872412961252738,0.1880424488394902,0.1896339252347796,0.190189774807761,0.1908934638305884,0.194212222280914,0.1977997141172204,0.2014770209089308,0.2026597778793196
394773,214,"Las Cruces, NM",msa,NM,0.2332805580006726,0.2320276588378679,0.2331984676770867,0.2339417404333319,0.2353662155567492,0.2355733274788667,0.2367363306144362,0.237685226542535,0.2381779977097184,0.239218144375061,0.2398820345744858,0.2409768076720447,0.2407923731085011,0.2416666727039733,0.2409289644022325,0.2405738649971951,0.2411801388581903,0.2425486793785672,0.2438501925444709,0.2434252595220377,0.2445917556920044,0.2451098532176544,0.2468534655545759,0.2476271796668183,0.2488985555777083,0.2491428317443124,0.2505934299966962,0.2523184175350022,0.25373545346264,0.2536620214084822,0.2532446100530461,0.2541301316821889,0.2541971125559315,0.2536615333036685,0.2530240615025047,0.2517593945812446,0.2524287267553777,0.252064474605892,0.2522138117053772,0.2514009699114578,0.2502771765501186,0.2500153083937134,0.2482775569990655,0.2479443583879262,0.2467376802135714,0.2469729549800693,0.2465928624261332,0.2464992408680898,0.2456729213770243,0.2446175748250862,0.2435814449112779,0.243059821822888,0.242722982655309,0.242176895003257,0.2428664087851759,0.2424705912356696,0.2437550314537084,0.244550691219531,0.2456155125147552,0.2464825711525327,0.2469304891631621,0.2479063962150553,0.2462494435644395,0.2439963920867853,0.2403819662746916,0.2389758156922706,0.2376781597346116,0.2397807990141924,0.2428098432362174,0.2468663547390085,0.2510161206902133,0.2497921730953515,0.2478635725944901,0.2456378172418486,0.2456164178009925,0.2484229353330235,0.2503255940167327,0.2519891948799103,0.2513805611100758,0.2531688134691532,0.259045510557375,0.2642296347016845,0.267389795061769,0.2679606415969346,0.2698933762291071,0.2718451580461228,0.2743737113144789,0.2752417547048372,0.2749544386515333,0.2720378385107544,0.2696112783085702,0.2664631826763003,0.2634747635550544,0.2622099146007402,0.2624524075773236,0.2640695533614485,0.2655361480148217,0.2644516305199189,0.2646975234860032,0.2624165339306284,0.2642313312961324,0.2633442209852926,0.2657415306722825,0.2653721912872317,0.2662592479336475,0.2652434336718817,0.2651786144692768,0.2624147117501154,0.2593395462586639,0.2583899399422567,0.2571238899233233,0.2565657620448311,0.2532069788354742,0.2531614837198761,0.2510595413839478,0.2503678582602659,0.2490778023400481,0.2482581686969186,0.246751946695177,0.2459414880984632,0.2461152105235159,0.2460262101408514,0.2451149698819574,0.2448604922635399,0.2450484171588341,0.2444751531516472,0.2439484962787685,0.2437120840761361,0.2437580510916068,0.2440712126011237,0.2442453229865807,0.2446948417163459,0.2451395423210887,0.2453334600591879
394464,215,"Chico, CA",msa,CA,0.2457621457253208,0.2494176802827047,0.2595083929836004,0.2584076372747638,0.2606450247080775,0.2604315950086322,0.2618541358997803,0.2619182458951025,0.2616131380237241,0.261097539329802,0.2614379534805953,0.264201715767636,0.2617562321166723,0.2608707921660739,0.2569664291842817,0.260934466114753,0.260368213069448,0.2616028024236685,0.2609357980204482,0.2615566346500882,0.2619127770329144,0.2627260991328092,0.2647596723474219,0.2667091053451842,0.2673871825541776,0.2670403941186532,0.2672688030106894,0.2684909281224486,0.2678360698503221,0.2653403431091241,0.2630576528840471,0.2634338358473869,0.2645597142364772,0.2644273944966045,0.2603384212402022,0.2585417177972015,0.2583807617446079,0.2591074884445718,0.2580864324310275,0.2554109457270664,0.2539939965420633,0.2527503529240191,0.2529868027720559,0.252198292140773,0.2526220559029649,0.2531135444963779,0.2544657779765838,0.2589496865898031,0.261338074465485,0.2636505871395231,0.2661071069868999,0.2679054255041553,0.2702372111016795,0.2728814015117403,0.2744187954183616,0.2750065203173347,0.2739142563425457,0.2730536279934869,0.2729137970415433,0.2689582957129415,0.2660620461980115,0.2624937023822796,0.265689329649077,0.2623066611420191,0.2597167017582228,0.2561025045953893,0.2551452932135082,0.2529942112498785,0.255097456925611,0.258103640405429,0.2629981841715669,0.2635957827541003,0.2621624040906953,0.2589778110590175,0.2610176866287791,0.2653072652633988,0.2701676252145846,0.2722835228607497,0.2707443969367942,0.2716825260350556,0.274787743185879,0.2764145823027445,0.2749958739136638,0.272047094375504,0.2736680766676414,0.2762080500896903,0.2754960431570084,0.2739925455504165,0.2713135528941113,0.2717181818316283,0.2725743143882528,0.2742576525409251,0.2741266093928288,0.27593866147785,0.2759860370811182,0.27861935068824,0.2763316686724845,0.2767625957348852,0.277046126302973,0.2785949882160549,0.2798175767396895,0.2786195079236975,0.2786250462260845,0.2765323247379267,0.2772744692643774,0.2760475784277539,0.2772147545648502,0.2773240730326194,0.2797160721810268,0.2795557171314018,0.2795408677961549,0.2788244176136593,0.2791365216140407,0.2789843191924584,0.2796551854170771,0.2817648767218774,0.2836672362946676,0.2841311417986742,0.2829880790286715,0.2822537239934687,0.2823488200475451,0.2823088418775348,0.2821540635832835,0.2819259689552333,0.2813812990605702,0.2822010534937916,0.281918861447348,0.2813260157357083,0.2802020417771165,0.2807886499000177,0.2818351840678434,0.2824383141966436,0.2818838202752797,0.2820897749727735
394681,216,"Hilton Head Island, SC",msa,SC,0.2288532067617216,0.2281324705336606,0.2276907233187143,0.2278476258940272,0.2285046512264857,0.2275258770489489,0.227205503729013,0.225766178401248,0.2276679225872745,0.2272728766434828,0.2290444360735005,0.2302360515477974,0.2299643311436448,0.2299389722836622,0.2296870641559997,0.2322322228567921,0.2329024469917669,0.2361147631878644,0.2375905227746813,0.2392926960261682,0.2386220728435064,0.2385664975651648,0.2370818371792152,0.2364262494079935,0.2371051231030948,0.2379090232565747,0.2381353354406497,0.2373246636874674,0.237408712892463,0.2361318105198654,0.2346938361962183,0.2349788489871939,0.2358152580775572,0.2379090002869577,0.2391886271755277,0.2408507253022088,0.2415950758104908,0.2424101230419011,0.2420927648469161,0.2410075833842636,0.2408520183097241,0.2408657673070992,0.2412766312111487,0.2395877680892555,0.2375025901447137,0.2360657722212753,0.2349655444730949,0.2339059018830798,0.2325853247885632,0.2314490636000821,0.2308254457629785,0.2305052682913244,0.2294920573444114,0.2289521135368462,0.2285425519820949,0.22885860193437,0.2301368656606181,0.2303791675851728,0.2309958495668019,0.2316884381654402,0.2328018350161755,0.2331946023706277,0.2306284552526012,0.2279349546197324,0.225154806001191,0.2254179434250575,0.2263645598491851,0.2289819645021611,0.2306494046874237,0.2331602512337534,0.2334896833848074,0.2355447493318548,0.2341964556232451,0.2343886582413062,0.2344489079227449,0.236465456991518,0.239165340586359,0.2442427136076509,0.2481201392561395,0.2529259296295901,0.2603749265505472,0.2709966534309255,0.2801429198102438,0.2825220341069716,0.2862792628925218,0.2878928206261406,0.2931458683831038,0.2949315597191878,0.2978462691868259,0.2962514558303939,0.2961831843028542,0.2943283656707715,0.2960358862254946,0.2921830984152145,0.2906291906369354,0.2866445058378078,0.2859841700109658,0.2859335221108303,0.2867440160353798,0.2864893917914006,0.2856215391614766,0.2828505658210528,0.281223642811273,0.2813065990532721,0.2801881877421033,0.2796479776379179,0.2757447747626318,0.2770484465886596,0.2763637743485814,0.2786177817400523,0.2767818844785891,0.2763524600717389,0.273297578918912,0.2726558117632262,0.2716257490488743,0.2709218921566666,0.2695504383290825,0.2686973148083176,0.2694673391053482,0.2683562388805499,0.2681815944139297,0.2648582414371667,0.2633527798656174,0.2616578092824266,0.2618780500213319,0.2621825240470634,0.2620455851737862,0.2611326465693072,0.2607821386556751,0.2606139543543206,0.2602517821835867,0.2592936759245997,0.2582445218130648,0.2581638642239771
394346,217,"Athens, GA",msa,GA,0.2392485740559387,0.240580517633771,0.2418226581776347,0.2434627937473178,0.2442381862103946,0.2455056572024588,0.2448552584668791,0.2422353568589923,0.2415298195367086,0.2404755311672819,0.2440738352972051,0.2436622748527948,0.2448277825634487,0.2425538666255119,0.2433866550900721,0.2447400499716523,0.2479149250733578,0.2485839245915521,0.2491853092970251,0.2497763548849366,0.2473913125318521,0.2482644940964442,0.2461047529690128,0.2452991135703304,0.2418039209978874,0.2407051259338355,0.2392879453827705,0.2372850802021522,0.2330431368413337,0.2326064850509593,0.2322753378817141,0.2345645228119031,0.2368040675480069,0.2371068723100488,0.2376586881650775,0.2373117992589883,0.240379171799041,0.2432211614893635,0.2458254122072301,0.2456254591194686,0.2472787134563292,0.2470744916602464,0.248724146854487,0.2476604062214643,0.2461225660613214,0.2440536156563006,0.2436588565133682,0.2455131356730627,0.244618643088237,0.243868965859516,0.2428248527473223,0.2440917428907799,0.2448226570514891,0.2459033675547769,0.2457081785156471,0.2464530212607649,0.2491310064851421,0.2527735987558658,0.2554381949252763,0.2561199569054062,0.2576750081833122,0.2586858764442072,0.257138418006026,0.2537185967085925,0.252109952490437,0.2520415876216056,0.2525312380689673,0.2541338460171656,0.2545381833309811,0.2576213421204834,0.2581963572306942,0.2584883449748533,0.2564781928343191,0.2566436119439484,0.2596816030335176,0.2628310742054769,0.2634675080257712,0.2616374439358244,0.2600779177428322,0.2624121357401575,0.2669423315418907,0.2700131664880708,0.2726716963014471,0.2737243448147032,0.2752166127168842,0.2740144571217243,0.2726868502792976,0.2728452993081107,0.2748973253030325,0.2776787099659469,0.2796197935314234,0.2788353852019493,0.28027287723015,0.2804016758222639,0.2804239010166167,0.2812769433193741,0.2833963023803751,0.2885378854511787,0.2911796641919681,0.2926453487022191,0.2908173352258467,0.2924523662307394,0.2939477597228366,0.2966488622431933,0.2962362906458934,0.2973043703967727,0.3004805784317124,0.3023090049662954,0.3023731331482602,0.3016447879215291,0.3039876189316215,0.3065682194085751,0.3093742420861364,0.3103519110705319,0.3106344691523093,0.3098417640924992,0.3073246792723257,0.3062148208572228,0.305534609013595,0.3050703657115344,0.3055550620169986,0.3047529043398836,0.3030073399524353,0.3012572540936929,0.3005973029722293,0.2995575056217433,0.2992318477711156,0.2994449762819661,0.3015579168087768,0.3021860062516874,0.3014535709389469,0.3008987787692146,0.3008337841743099,0.3015911260515381
394765,218,"Lake Havasu City, AZ",msa,AZ,0.2207434081497672,0.2211636967729139,0.2236475880940201,0.2240023796041469,0.2235238415802199,0.2238883484034526,0.2228298489255557,0.2227318646067931,0.2210233284027375,0.2222055575276248,0.2226549208384085,0.2262432653827505,0.2273986033843716,0.2278052477990536,0.2251618432076668,0.2236532330240949,0.2239505665948268,0.2246759670998655,0.2250806971515861,0.2265994694099438,0.2281720875239011,0.2279888204673462,0.2280497834510237,0.2271753062204439,0.2291542020090115,0.2291369957264567,0.2309572622081407,0.2314044349142054,0.2332904604559198,0.2338851626334531,0.2341187731581621,0.2322720775140552,0.2319168208638587,0.232294141011811,0.2356332088486458,0.2357392948547989,0.2341893224570238,0.2324069199781113,0.2318585891845123,0.2336073641157433,0.2342575783609486,0.2349766895673691,0.2347725693506797,0.2360520577773599,0.2365857371869919,0.2379994788208018,0.2369774850516698,0.238738747716098,0.2394839339152877,0.2426535214254883,0.2439819864706729,0.2439638069308795,0.2437629510209883,0.2442682406659451,0.2457847102647451,0.2470881630100357,0.2496694366694761,0.2516809815408068,0.2540002566693644,0.2553445889209451,0.2576718689180119,0.2580626265354398,0.2606485232703472,0.2558310277807083,0.2553813143731774,0.2539026305354894,0.2556689456057887,0.258524193226016,0.2632033000387981,0.269544866274394,0.2727428612481647,0.274795133076918,0.2710027133942172,0.2726938207789026,0.2780234897101775,0.291774809521808,0.2999575778811182,0.3045287494379233,0.3007174661203028,0.2988824435700658,0.3018075874176289,0.3074753028119381,0.3174025928008461,0.3179821975461283,0.3188194293029517,0.3170088176527046,0.3172324157891799,0.3144654324294292,0.3116035340482055,0.3096561413015625,0.3102231886073862,0.3102417930333133,0.3094905984667384,0.3055206288832579,0.3020778322995719,0.3015867966562472,0.3022594538058374,0.3004168272254157,0.2965678761865218,0.29331153604321,0.2915418326690587,0.2896032215019954,0.2901675731920767,0.2898602234481964,0.2899205702651799,0.2895781052113194,0.2884553919153994,0.2871852168456665,0.2865015651374578,0.2859228269749688,0.2861915468084577,0.285500700956472,0.2855426725317043,0.2847560978988563,0.283010967180114,0.2821224304408787,0.2834328007979187,0.2837445190486104,0.2827601945584219,0.2810645020939186,0.2807708305572759,0.2821277224171509,0.2819302120799523,0.2822677898051109,0.2815278697626259,0.2815014340737949,0.2807756639661513,0.2798638440916812,0.2778681225863283,0.2773094312430463,0.2777055861465666,0.2779290632543856,0.2766564477325517,0.2745430620315024
394485,219,"Columbia, MO",msa,MO,0.1870661740188958,0.1910507782760833,0.1929970230837408,0.1919411492462294,0.1893872753871825,0.1896641036303853,0.1892309305553451,0.1919102342924393,0.1919423892842812,0.1922290216172696,0.1926068861775808,0.1946884015000295,0.192835022034171,0.1905107527396545,0.1881515620081796,0.1895392676003135,0.1906385941472358,0.1904520959490542,0.1910080622860322,0.1899364175218687,0.1899079152023292,0.1894111494243766,0.1912248551391732,0.1892884048761771,0.1893273377178848,0.1879009012538611,0.189547202095471,0.1888212332993163,0.1884741121006185,0.1879019478975792,0.1873691841026777,0.1869044214545046,0.186948935902295,0.1871639648398134,0.1863637375152405,0.1870449424054863,0.1876759390822883,0.188795672266748,0.1874718365150822,0.1872608758484641,0.1869215803943908,0.1872455008024235,0.1862468249270526,0.1863055749593788,0.1850769189448848,0.1845261351328627,0.1839711472447143,0.1832269958566125,0.1820161258041485,0.1808677626399155,0.1804924160330225,0.1796908186131071,0.1790049953302452,0.1785803637831839,0.179068611867617,0.1789804320334256,0.1795338054359188,0.1796322965892077,0.1798414786110005,0.1803976548142905,0.1811374197169142,0.1816335351593287,0.1806613761323587,0.1776575528251006,0.1755940418973775,0.1752052253422701,0.1767016046243176,0.1786350721319146,0.1791827677432007,0.1792169765188688,0.1781911966521608,0.1786756640086441,0.1777205446548967,0.1775259615265259,0.1777909012745945,0.1797029109280007,0.1818770865595583,0.1837757802632233,0.1846729390044211,0.1859623859756493,0.1883138185881654,0.1931469872509902,0.1976872084733002,0.199751167095113,0.2007730805998679,0.2008917209768214,0.2014740074581263,0.2016533471030311,0.2020792402875324,0.2019447303060257,0.2017752452211079,0.2014113142575393,0.2042318670857609,0.205148249757407,0.2056663503283231,0.2034374651374287,0.202347818070557,0.203260946524077,0.2038840614897678,0.2049688035022354,0.2047845580224848,0.2038617595575396,0.202629602081253,0.2015765141929137,0.1997467754050861,0.1975631635628883,0.1957914298102052,0.1954517763730332,0.1945451541758825,0.1925025226795053,0.1920923533483174,0.1910172429681196,0.191200408115037,0.1908188150806689,0.1911719056514381,0.1916448089053774,0.190906886291726,0.1899257375848854,0.1883366061083338,0.1894166250779745,0.1900025744681319,0.1919249230930932,0.1915116608201139,0.1913249105888145,0.1907152802670879,0.1911170276500288,0.1911513573489704,0.191014297607267,0.1917333163495306,0.1930849437043998,0.1947644228433565,0.1942152044951733,0.1944941393572414,0.1939475567226867
395114,220,"Springfield, IL",msa,IL,,,,,,,,,,,,,,,,,0.1526088695456801,0.1505257927728465,0.1507797288660695,0.1517925641633835,0.152273076621329,0.1534782210602367,,0.1542741375786481,0.1539899878797348,0.1527788482378139,0.1515723237481049,0.1508267666562133,0.1507767138967251,0.1517146218968482,0.1510884662579884,0.1501543473517264,0.1500078255074198,0.1486081830604748,0.1501582688025186,0.1486734640634831,0.1494974329054106,0.1468101062165275,0.1474285496997165,0.1462071008630995,0.1461433827308035,0.1457861448549782,0.1455886859735705,0.1449095207928657,0.1447654168948682,0.1460743127392373,0.1461714148042755,0.1481099564102278,0.1478291563006646,0.14901134570061,0.1493488252803322,0.1504803546162027,0.150535115266092,0.1510266037878934,0.1517594503424698,0.1529073082089977,0.1535253401363371,0.153490598932253,0.1531441892197699,0.1529988901841524,0.153707271772772,0.1550347046631668,0.1543711530355085,0.1516643639602349,0.1500285535313393,0.1497596765660336,0.1510916740219861,0.1511688753999703,0.1504543578726266,0.1508780297007763,0.1518474858328923,0.1521067002806662,0.150569438934652,0.1497810131431854,0.1498543436114799,0.1509209760729647,0.151433050504173,0.1519060155573676,0.1518634517788429,0.1518229738536367,0.1530776695920554,0.155092178893117,0.1559840758125979,0.1570049292425306,0.157147975040991,0.1562607066700493,0.1559633941400821,0.1566124781615406,0.1582954827779828,0.1575586829110029,0.1567621318408129,0.1568500952213699,0.1588956465119233,0.1589748485034796,0.1582178108486982,0.1583648243369069,0.1585726863137097,0.1610026299999575,0.1607818866681303,0.1608500900587236,0.1598991924620091,0.1605338444130521,0.1604248794505616,0.1607297491200412,0.159751170167527,0.1598300405707614,0.1616184286683816,0.1613810583347681,0.1627671001976684,0.1598755719174575,0.1605087215969129,0.1606833155694003,0.1617894441912444,0.1609344276255392,0.1602127177125837,0.1598919279693476,0.1610157700262419,0.1614029279079097,0.1617485769107085,0.1618785981782961,0.1609927300064741,0.1624796687440598,0.162454783603617,0.1623264833314218,0.1618220355214629,0.1628029278782113,0.1641052013232924,0.1646995985307682,0.1644261355812333,0.1645925010146093,0.1641626855017305,0.1646843720961166,0.1652747363838968,0.1656726501851728
394691,221,"Houma, LA",msa,LA,,,,,,,,,,,,,,,,,,,,,,,,,,,,,,,,,,,,,,,,,,,,,,,,,,,,,,,,,,,,,,,,,,,,,,,,,,,,,,,,,,,,,,,,0.228412620639343,0.2307655337293265,0.2316016232315442,0.2281674588517364,0.2284439676446199,0.2325493896486944,0.2403278095568426,0.2459628525320048,0.2492296515357923,0.2443815247416327,0.245426606064025,0.2485490327200266,0.2570487767734364,0.2577921313485922,0.2561433341574358,0.2568756319421246,0.2526175763807288,0.2487376629912614,0.2406553437679131,0.239146800308111,0.2375456023308928,0.2389981894840336,0.2386643190124751,0.2394342107033736,0.239081296107753,0.238564341764376,0.2366795131382182,0.2338976023505288,0.2359538588137991,0.2380893759702139,0.2409662400071,0.2396163319705187,0.2400645957757646,0.2405362707074189,0.2413858323068642,0.2394702621580718,0.2362349792296856,0.2357442661158553,0.2378939770960089,0.2404555710879174,0.2409575893828999,0.2409769322044198,0.2417535268055352,0.2430930707566401,0.2434357289884884,0.2432804592480023,0.2428856738323984
394872,222,"Monroe, LA",msa,LA,,,,,,,,,,,,,,,,,,,,,,,,,,,,,,,,,,,,,,,,,,,,,,,,,,,,,,,,,,,,,,,,,,,,,,,,,,,,,,,,,,,,,,,,0.1779448819088789,0.1791249092603826,0.1792686139307861,0.1823542637714209,0.1824348281303366,0.182793619878118,0.181768859671428,0.1779850059446248,0.1776948849772454,0.1750309837543119,0.1779773876754946,0.1775400236638274,0.1791476472258854,0.1781600042532354,0.1766900599990571,0.1700954142233085,0.1674572251961177,0.1671490127152848,0.1680903707865468,0.1701773851359516,0.1684217633413454,0.1706907832897679,0.1704885168156605,0.171966213197156,0.1718554059760901,0.1717278811141484,0.1746995653913991,0.1642514085887625,0.1623153231456318,0.1573571846190136,0.1641379218826326,0.1643905242929867,0.1678788539573544,0.1701897216069412,0.1708299091547048,0.1713640992391267,0.1730447781750416,0.1754607720219728,0.1763321678024396,0.1896042677720926,0.1958525164685196,0.2046122414877949,0.2022241893554666,0.2064920293192777,0.2093950457999599,0.2125093802657353,0.2180837653161467
394565,223,"Elkhart, IN",msa,IN,,,,,,,,,,,,,,,,,,,,,,,,,,,,,,,,,,,,,,,,,,,,,,,,,,,,,,,,,,,,,,,,,,,,,,,,,,,,,,,,,0.1571643743752452,0.165097725628096,0.1703804142189131,,0.176074262011009,0.1757387178517924,0.1744349376472501,0.175336019084862,0.1782858834798541,0.1805110658788172,0.184749315077299,0.1848674176665991,0.1824073554108494,0.1780963030563714,0.1765012308753775,0.1747655303824602,0.1791905524499406,0.1798643200929402,0.1812815346521138,0.1763825896184798,0.1733390273837027,0.1690573056286766,0.1700244947231617,0.1706057828234328,0.173321159259144,0.1735679429379855,0.172370442551634,0.1713978073946482,0.1687006008040082,0.1701020417788104,0.1714365207554372,0.1734433228820624,0.1728272828962376,0.1728146511951611,0.1714957436917725,0.1710550352189512,0.1713208177734687,0.1735920630863123,0.1744836028131464,0.1747690621932415,0.1751307595235911,0.173880250746446,0.172338632847098,0.1724643918322637,0.1735116853075054,0.1752269235943562,0.1754389877870155,0.1758169062631516,0.1753739320555367,0.1748172535533961,0.175592061814519,0.1766479215357505,0.1772252924111498,0.1778507499138489
394726,224,"Johnson City, TN",msa,TN,,,,,,,,,,,,,,,,,0.2035617555897322,0.2021933643058446,0.2023962771563338,0.2022879195974604,0.2018793500785935,0.2007661725153288,0.2008855388882962,0.2008063434658111,0.1990848873161388,0.1997571462819699,0.2004158683298433,0.2026907908131623,0.200600343937722,0.200670371714171,0.1990255149629797,0.1998576605251974,0.1983583885769486,0.1999148878700814,0.2007985614249059,0.2001736466518834,0.1999142769165069,0.1998392104666477,0.1996452942232626,0.2002067915602176,0.1993214217983711,0.1991200561414969,0.1978445227550053,0.1974551891188271,0.1989486198793962,0.1988604852377981,0.1970673828028735,0.1949881212524344,0.1943710507130168,0.1943653618651369,0.1934168470336844,0.1916453000479551,0.1928979128830549,0.1930580561889685,0.1946200316989014,0.1947969089452416,0.1957017411853525,0.1968103413449814,0.1992800517951989,0.2018987501565744,0.2035229097439493,0.2041843366466204,0.2001061360299204,0.1974624885501552,0.194625928740071,0.1938830798941842,0.195949005319709,0.1958063561126587,0.2000237270761007,0.2011864635408968,0.2014813104624973,0.1984272022232685,0.1978656037988326,0.1995676542968426,0.2015820408416776,0.2024801753402378,0.2030915945779836,0.2044600034657478,0.2050470356488881,0.2080359914498033,0.2098833466306741,0.2157679923356368,0.2208212348616956,0.2269994111103438,0.2259161189936734,0.2230606083044903,0.2205874490514002,0.2244430494978511,0.2281197892355742,0.2297799832076996,0.2288925771518931,0.2293815225927176,0.2322703868679532,0.2357895206362311,0.2366649778889157,0.2335185420461647,0.2334451348065614,0.2348594148487512,0.2381246620314528,0.2369589929109611,0.2362802311307977,0.2372799389766887,0.2383428802798878,0.2389344263237484,0.2400480568200171,0.2402529782714801,0.2427036757061157,0.2435804442338325,0.2455322240742145,0.2475951915896421,0.2490900314858581,0.2518251010215216,0.2534490015577058,0.2544165321156779,0.2561806929567625,0.2567927505146633,0.2558361943443709,0.2550488548346105,0.2581489939082204,0.2593111849567557,0.2611472845583505,0.2603214746378608,0.2599821056616199,0.2594818701841321,0.2596555281851112,0.2600697255928255,0.2604180843264689,0.2615002441405801,0.2633327203978058,0.265232242901208,0.2634321636329171,0.2643164018307322,0.2637345239071028,0.2648635417009243
395247,225,"Yuma, AZ",msa,AZ,,,,,,,,,,,,,,,,,,,,,,,,,,,,,,,,,,,,,,,,,,,,,,,,,,,,,,,,,,,,,,,,,,,,,,,,,,,,,,,,,,,,0.2524944036168084,0.2560576635437417,0.2533220754627868,0.2538105940874338,0.2560618138923962,0.2592964632913616,0.2604043536482452,0.261924811562148,0.2578247528039555,0.2572769635261737,0.253809724826645,0.2521697436609359,0.2508760645182104,0.2509912398718896,0.2541278959433075,0.2537598337288485,0.2529882179306431,0.2507928548209059,0.248822795760042,0.2490763259509667,0.2461322198295395,0.2468372333761175,0.2455168115771854,0.2468815411167923,0.2450735348215996,0.2416397174992113,0.2394048793823115,0.2392878922637077,0.2390697605029937,0.238881062251675,0.2392339991386211,0.2393293722254429,0.240430139768383,0.2389918368105251,0.2381751562543523,0.2368530571137988,0.2366181872324577,0.2379287704812804,0.2384723612669682,0.2374229952228326,0.2362078239015782,0.2354424710327587,0.234721460119188,0.2332303088280716,0.2330259431299288,0.2331539165272836,0.2340768769439623,0.2339678231544895,0.2340124733162354,0.2334842278089874,0.2326074774456283
394623,226,"Gainesville, GA",msa,GA,0.1979090756751182,0.199662426819326,0.2023398626609514,0.2023792732554985,0.2041982345233409,0.2022332795560695,0.2033610466602252,0.2022508696489239,0.2043424416972836,0.2041192939611422,0.2045220513294007,0.2035941447592202,0.2037704831156671,0.2010955673453901,0.2008562341999488,0.2001292800432352,0.2011310894839271,0.201842703970577,0.2042681705858005,0.2055320501123723,0.2083133545409971,0.2073234024042239,0.2084192161185205,0.2065266916090166,0.2068491494205329,0.2073794239733925,0.2064413473717272,0.2059915221061286,0.2067733626359223,0.2094188628682313,0.2096140828848319,0.2085388298658824,0.2061642065309817,0.205100965012282,0.2051732985940261,0.2069996062123132,0.2085829947084748,0.2076728161987406,0.207139043740012,0.2064598158476785,0.2070765767496336,0.2066523848978574,0.2034391005223141,0.2026761225024916,0.2025644016526188,0.2075509540240263,0.2086974441709362,0.2095120512046757,0.206063568021764,0.2083324508589464,0.2098034300292674,0.2112390399195579,0.2107153372335299,0.2104801120769281,0.2131247463323005,0.2148556982312532,0.2168847220276917,0.2150552418418012,0.2153015855614931,0.2155540547919995,0.2187205351497034,0.2182685805563121,0.2180285195893653,0.2139531614212469,0.2112305776418253,0.2104472179944571,0.2097563941029483,0.2107729138483691,0.2128517595811652,0.2172032432027412,0.2202220400494575,0.2208847323675005,0.220828434989041,0.2213991970556955,0.2232044722522304,0.226904955440187,0.2339755412121423,0.2388557537376394,0.2433416300134671,0.2446830246239492,0.248765340176079,0.252842403750471,0.2558953576736263,0.2578869766563546,0.2579111076483388,0.258305084632601,0.257574824511214,0.257262341101529,0.2565497692020083,0.255679707518614,0.2548551845871223,0.2533143501628738,0.2523903825364946,0.25068457058679,0.2508658976715732,0.2496477265875024,0.2504365353496403,0.2493302469464111,0.2503135149254144,0.2491917912151172,0.2472078406398528,0.2440001709844178,0.240318967403606,0.2394550475892457,0.2379672161318022,0.2379986238847772,0.235979426948015,0.2357565720766901,0.2342552554223085,0.2343637220444823,0.2309045475675444,0.2291074355682917,0.2273627064834112,0.2281697287806448,0.2287620803320987,0.2284557701201048,0.2273280560444919,0.2252609306696634,0.2235914767151554,0.2212125102137495,0.2212296279217154,0.2208590117114454,0.2210418434544337,0.2206345147673161,0.2205571674343587,0.2194881715870114,0.2187843227812973,0.217667540509792,0.2173185558925547,0.2171297117949255,0.2172168724393738,0.2172920888011488,0.21623208262096,0.215056102765675
394716,227,"Jacksonville, NC",msa,NC,0.2103805120710463,0.2106683425925881,0.2108161430352794,0.2106492527077983,0.2101819088320942,0.2096757092902178,0.2092770820089817,0.2093363664248164,0.2091078905531428,0.2087846850437994,0.2088039786416071,0.2084246558325959,0.2082200476855002,0.2075926653031563,0.2071253529343351,0.206981731748561,0.2067474391666284,0.2070484733968413,0.2067560398831482,0.2059899969241452,0.2053824486449069,0.2050546272840342,0.2047411201768478,0.2040962653609255,0.2035564752152821,0.203513837709168,0.2037308567214353,0.2035346950920089,0.2031926882750097,0.2028435257049639,0.2029353599448477,0.2030878576695535,0.2034244795055764,0.2036165885655129,0.2037955530313905,0.2038910561773033,0.203518704392648,0.2034082565669153,0.2035478391980839,0.2034747100361121,0.2036649658196494,0.20436795601808,0.2053949288437135,0.2066123945945172,0.2072454819167413,0.2092089940240065,0.2115631833498872,0.2147516900822756,0.2163919036507675,0.2169581502985961,0.2180432814747988,0.2193230960349992,0.2205205699595682,0.2216365942058972,0.2224079470020871,0.2230555837193054,0.2242967849377282,0.2244266283015957,0.2240914659043098,0.222923124780963,0.2230184730328383,0.2232168110208951,0.2226175125116029,0.2198767083875397,0.217782348789113,0.2190211436347618,0.2201731707245473,0.2216057435127197,0.2227006410397433,0.2247733201665693,0.2274009257509594,0.2266670563081231,0.2246320336699345,0.2210170386497396,0.2233818217434465,0.2259228917840954,0.2289077835263922,0.2278209887162862,0.2274158011747072,0.2276921624476554,0.2315850215654288,0.2366953496797174,0.2403848201212616,0.2427667434633318,0.2442959986915155,0.2477005109946884,0.2481321746080939,0.2492649027145825,0.249704762002841,0.2505233867565596,0.2518415785981079,0.2520560585017092,0.2525815365780421,0.249501146291788,0.2477346414943833,0.2454011682671103,0.2445597878087751,0.2431362686444125,0.2423673865323267,0.2412990483525227,0.2405085706591126,0.2404393905772037,0.2395454617394177,0.2385188617798627,0.2376750165621247,0.2380923066747988,0.2380279326669188,0.2371063878886498,0.2355133176996072,0.2346564642587759,0.2331976218360107,0.2320536420683857,0.2305181762017736,0.2295900097346304,0.2283341815353629,0.2277931472174646,0.2268932595011567,0.2264712922072263,0.226114075443411,0.2261716743168127,0.2260983823805797,0.2261385172561894,0.2264500429108877,0.2264132197209815,0.2266430040697042,0.2262604333432437,0.2263756289286305,0.2261998536701562,0.2265382018898749,0.2265825454727184,0.226523357346475,0.2262961715492888,0.2266200781916401,0.2265946288849833
394597,228,"Florence, SC",msa,SC,,,,,,,,,,,,,,,,,,,,,,,,,,,,,,,,,,,,,,,,,,,,,,,,,,,,0.2194350581013646,0.2203115243336018,0.2217965931602079,0.2224180611208332,0.2229037060288631,0.2220028827097608,0.2210590182305641,0.222216306346991,0.2240230289558419,0.2281503024274964,0.2259825045395181,0.2244576025815725,0.218652689324066,0.2211765689903946,0.2250888458295447,0.2304665355447798,0.2282941315515923,0.2290534140500812,0.229251868029608,0.2311093707091014,0.2325740877807544,0.2332502427458118,0.235914811726614,0.2398067688914435,0.2419908532996064,0.2411926816804325,0.2386968810371334,0.238496841523065,0.2412149443789682,0.2446562726592069,0.2488095963036503,0.2517397209738213,0.2536132159470783,0.2532526593214008,0.2516960567613548,0.2506076455398975,0.252392960754633,0.2518324269003461,0.2540643121229969,0.2526759254139388,0.2559577066235278,0.260594124329458,0.2653271752821801,0.2644288702665598,0.2615769451358566,0.2592685241188784,0.261180253132638,0.2622875552317677,0.2635112516572196,0.2637165593506088,0.2629724010289924,0.2624741181121293,0.2599508662539571,0.2569167775274099,0.2544610029338618,0.2575405167379712,0.2568863178028264,0.2575568191809936,0.2532197983362924,0.2519294166522658,0.2500594320510314,0.2520403377892229,0.2537004747781048,0.2556246962403387,0.250956933684679,0.2514109239908362,0.2512791404354431,0.2550260618241656,0.253065220603425,0.2514866434945542,0.2535916111079314,0.2537218602629373,0.2537100403089814,0.2519132508009645,0.250784225371563,0.2501017313873291,0.2542769501727746,0.2551931596123707,0.2564148619613171,0.2531779272274118,0.2561150248562757,0.2581399161484251,0.2590985798650927
395118,230,"St. Cloud, MN",msa,MN,0.1565795987201356,0.1595870266759903,0.1601902122686967,0.1602413490298676,0.1605975165649256,0.1613589614920647,0.1621097155391206,0.1636591249954727,0.1639774835246802,0.163815368160945,0.1620302460902199,0.1597667696109685,0.1584688068383578,0.1603975028600898,0.1612494176155527,0.1623485371282345,0.1614613746884889,0.1614001923503645,0.162420875204005,0.1614164847533449,0.1627862557875777,0.1614025029792537,0.1630619449871136,0.1624864178982467,0.1633201383635936,0.1612294211171453,0.1605505036895854,0.1606200549395356,0.1617855244913304,0.1630015711009449,0.1620246219102434,0.162191257809323,0.1611502086628095,0.1606060886933965,0.1613500500338131,0.1604188131012805,0.1636819806405958,0.1624048011030931,0.1629805453478628,0.1609453961843604,0.158475759872282,0.1584129736140782,0.1575133228627472,0.1598397543942573,0.1613058152996929,0.163103750237389,0.1634868705342952,0.1646193080464024,0.1609611481985906,0.1615970210744199,0.1616074311009419,0.1631484329243744,0.1650053370448888,0.1651962655380059,0.1669425440388156,0.1660062269753831,0.1660672341562167,0.1662356131699166,0.1663765999453151,0.1674719883608854,0.1699922253643708,0.1717095504230537,0.1669063381120237,0.1639749703965624,0.1618292385480135,0.1628866760039104,0.1638134355139102,0.1651265651470571,0.169861186114541,0.1718281753372207,0.1729251120827469,0.1707424783281911,0.1698815436532639,0.1697073187797838,0.1688152675011906,0.1692146965567787,0.1700694797944652,0.1710305778368128,0.1707238467076912,0.1718933195278111,0.172699075302284,0.1763894221289267,0.1795036785952788,0.1823585866612594,0.1849082908577057,0.1845792925343478,0.1871147144421658,0.1864214911170406,0.1872485464789273,0.1848850350524752,0.184903842951993,0.1839345820852934,0.1836356581401046,0.1820103046384834,0.1808411356863538,0.1803934138623451,0.180209019810659,0.1806578517054116,0.1808544375674628,0.1829002764963047,0.1836697091514027,0.1852580300386123,0.1839252838996954,0.1824208739951165,0.1811125185009091,0.1809355048196539,0.1820338368531528,0.180714157899926,0.1790286941047533,0.1795183020801883,0.1789084137630066,0.1792957288425129,0.1791585627244141,0.1811874001188442,0.1827633343845814,0.1833587523664241,0.1831901362058369,0.1836813288479163,0.1833147705275369,0.1847229734760508,0.1852000130125833,0.1857352736032692,0.1855619781040332,0.1842589392144771,0.1837300613972964,0.1819344936169848,0.1814529561130276,0.1819337590975222,0.1829911647462203,0.1831773587406414,0.1832629585743266,0.1828957158831919,0.1832098340832957,0.1823805717745617
395011,231,"Racine, WI",msa,WI,,,,,,,,,,,,,,,,,,,,,,,,,,,,,,,,,,,,,,,,,,,,,,,,,0.1735973277204595,0.1744954305900566,0.1745248686356628,0.1752287818443283,0.1723905989728594,0.1721688336341097,0.1717523855402237,0.1726024903747205,0.1715223581061652,0.1718125673015369,0.1715833672155561,0.1729101561783076,0.1741691021849812,0.1755757368236148,0.1740577877334834,0.1728325039796406,0.173577121785344,0.1720720052662399,0.1714623223890019,0.168871425840614,0.1688931334736817,0.1704102523269145,0.1721066631762097,0.1735525511521866,0.1714691936319539,0.1714328449161911,0.1714742663447214,,0.1728497077226985,0.1732817741714908,0.1724841274404813,0.174223499649545,0.1779528272095704,0.1790490500022521,0.1785426332705325,0.1770823276352942,0.1784935916192415,0.1816678020738023,0.1821315026555603,0.183999159153139,0.1830826311931746,0.1840427925285459,0.1864725995603707,0.1876779344593278,0.1880094816368254,0.1864513498175362,0.1890387702159322,0.1884049396316282,0.1898075544183798,0.1866572941742739,0.1893597011757177,0.1878863730791765,0.1900250697626454,0.1887397714532329,0.1902785259906605,0.1888798280970473,0.1881944666623243,0.1912684531119926,0.19068847374391,0.1943250255454263,0.1920341689628019,0.1949886055574646,0.1925523035487307,0.1926011976898837,0.1909840913707358,0.1899686307218278,0.1902168918641618,0.1924694207135006,0.1958272194850269,0.1934552978449707,0.1935915873337563,0.1934458221065853,0.1960766616066847,0.1944720124165388,0.1956785560651625,0.196579670951708,0.1975674660124002,0.1994399860131628,0.1986575528090136,0.1978498099185923,0.1962038841457047,0.1975182406795789,0.1978733907856837,0.1968988658956979,0.1960339275019271,0.19666841328139
394380,232,"Bend, OR",msa,OR,0.2541422477657552,0.253451021181439,0.253458379684931,0.253613602621199,0.2552946932968658,0.2540946492384599,0.2556319606461234,0.2570091412843606,0.2590131100525056,0.2587138587819567,0.2563716639347863,0.2527949134861887,0.2537109648027492,0.2555337256001052,0.2564513145964914,0.2557544056379602,0.2573874202306525,0.2592566502035865,0.2590318395423493,0.257516597675116,0.2567705011403521,0.2571830396669066,0.2602917744285087,0.2612334296953061,0.2628335505013045,0.2627959486702593,0.2641186204792943,0.2626204380564854,0.260975905341979,0.2603053331524681,0.2606494776552222,0.2595892396606125,0.2580348563958312,0.2570422335256362,0.2558861749828219,0.2560291449301849,0.254692217775507,0.2533828783610285,0.2520674027239589,0.2519440270028432,0.2531888921595888,0.2523293475062639,0.2520814424796631,0.2528185600573855,0.254373125743686,0.2556471382322216,0.2573507974822696,0.2579471758878398,0.2589839573300311,0.2592768261399948,0.2601303658119722,0.2616665576747356,0.2618054547193548,0.2634588081469805,0.2645684193017802,0.2658880702043427,0.2670565547075297,0.2680975727849256,0.2684063287523313,0.2692400422297309,0.2701977288335557,0.2717261691721128,0.2662423900379227,0.2629946127947977,0.2596280647953356,0.2598893932669144,0.2624127082876841,0.2654444833834333,0.2725153878587524,0.2802527696768818,0.2871547324187279,0.2904603229997162,0.2939583702433571,0.2949540302909672,0.2975186153231909,0.3011842151723869,0.3076083049436465,0.3115531310858325,0.3129001528517189,0.3119689100449915,0.3106548919137423,0.3071653898948348,0.3033909607003237,0.2992032905359721,0.2967091692735631,0.2944635131798816,0.2911910761119921,0.2876626939936191,0.2849665811428102,0.2820159454126689,0.2796382199300378,0.2774844852680245,0.2767514986212135,0.2766149369782842,0.2766715733540127,0.2754939246733151,0.2731860828068941,0.2713586213451531,0.2711266686030131,0.2707782610674303,0.2688377103082713,0.2668723576274618,0.2648084161534665,0.2633061179052367,0.2627249351584723,0.2632811274784175,0.2640239377208266,0.2646584882087633,0.2635332212925732,0.262881301556314,0.2626293392349705,0.2611861191670392,0.2604257815850748,0.2578965766064947,0.2574278241621202,0.2561510465671262,0.2557908391532492,0.2547406851299537,0.2535648189058272,0.2512121119670095,0.2515552129019468,0.2514041087725798,0.2501506802164506,0.2497790391758218,0.2494765305570911,0.2506453659056888,0.2503992886173242,0.2506596647244163,0.2505732499549004,0.2506241457975691,0.2506583757561029,0.2514649199903935,0.2515768468497255,0.2518893980185038
395047,233,"Saginaw, MI",msa,MI,,,,,,,,,,,,,,,,,,,,,,,,,,,,,,,,,,,,,,,,,,,,,,,,,,,,,,,,,,,,,,,,,,,,,,,,,,,0.1719668376850078,0.1744348142091455,0.1745158264368411,0.172828550306938,0.1726144448965704,0.1765707168134068,0.1813333422668776,0.1840001987024148,0.1839384246777284,0.184275685693561,0.1857216582780236,0.1871192876246701,0.1861550040734361,0.185305994465606,0.1851121185905895,0.1874595886402122,0.1883689621744788,0.1865689158075696,0.1841940694506696,0.1851663195570351,0.1860536689716488,0.1853224770345422,0.1839426845612449,0.1810484500542389,0.1816423748367906,0.1813744433028961,0.1835831955790937,0.1822121150770498,0.1816904614338647,0.1803887048961069,0.1821323510495999,0.1815233089513931,0.1826846277196232,0.1839612915444033,0.1840839136790456,0.1852745038962922,0.1838993682025007,0.1854702324883145,0.1830130991394036,0.1830711920334738,0.1816243108622987,0.1822658145831745,0.1834474016429218,0.1850262702658447,0.1857004730232689,0.1848927756046567,0.1841132752512425,0.1842865172274667,0.1852155048982361,0.1841852995636054,0.1849273541573986,0.1851422290956918,0.1863089925560754,0.1866514864004639,0.1855536549448584,0.1847308789279527,0.1837895441987334,0.1839721317179388,0.1848590253466706,0.1847890870122027
395202,234,"Warner Robins, GA",msa,GA,,0.1887703278418326,0.1878307730394749,0.187872306740641,0.186474597796866,0.1850682003746279,0.1835245046938504,0.1836176585002988,0.183854386979585,0.1837697851797863,0.1833491066304127,0.1826960613423991,0.1832021592209293,0.1820388753722452,0.1827240880170367,0.181914620563632,0.1828421890952802,0.1824604340573586,0.183182457271185,0.1836256989978431,0.1837796948910243,0.1840314879570676,0.1842656805167123,0.1848335006729816,0.1834371057870941,0.1826595352866276,0.1815605638931873,0.1823098741469656,0.1819614977000512,0.1836382510538242,0.1844347235039062,0.1840730366657927,0.1831991394560869,0.1825468919643897,0.1834088762451631,0.1838123447117089,0.1850882698144809,0.1862675050941808,0.1865424702530835,0.1859297875458442,0.1857192369619712,0.1853079780240706,0.1857315789755251,0.186612602123347,0.1859170188024158,0.1867136219699595,0.1848029106627539,0.1846264843915201,0.1833966133300534,0.1836575073661267,0.1838897642874881,0.1841991919767594,0.1844697684657869,0.1841794790478356,0.1835101379596464,0.1830956912735331,0.184436054266695,0.1846329431576297,0.1862024564781712,0.1867568966189614,0.1880745939802305,0.1879795727822456,0.1862737476915683,0.1846202711421138,0.1831385109851315,0.183531522087757,0.1848579962231599,0.1849606369657798,0.1873217374081663,0.1892168413252521,0.1919905797952118,0.1916108789944628,0.1910591332844952,0.1907373725072725,0.1931995840195674,0.1961158380180815,0.200154061450861,0.1991086343708637,0.1991972889715825,0.1987025073952529,0.2046063740713756,0.2100902614197269,0.2141295991913013,0.2160155250243609,0.2192070413675968,0.2203609848195414,0.2213323900810329,0.2207189748504623,0.2197971208964224,0.2206986911973442,0.221264777221908,0.2246320631527021,0.2225168982560319,0.2232726394869325,0.2231172799969677,0.2255027574199149,0.2245490033241302,0.2255443160079522,0.225140447205276,0.227209699251684,0.2276214790063003,0.2306502668641826,0.2316692627043879,0.2322014026719596,0.2315767458446657,0.2301247943291985,0.2296299349318893,0.2278343585577788,0.2273639227731678,0.2277112757139177,0.2291148070388912,0.2298243310114003,0.2298780462113096,0.2279144235274183,0.2274169418009475,0.2275378439512411,0.2287299681993687,0.228493588668412,0.2274499803677555,0.2269180156064997,0.2292427512953903,0.2300441634939606,0.2291805313201185,0.2278329660224243,0.2278022113108315,0.2281264882417311,0.228360038213337,0.2277541938532703,0.2277685765649641,0.2286398812716446,0.229825462965123,0.2307255750729729,0.2294618271640789,0.2286118607361193
395151,235,"Terre Haute, IN",msa,IN,,,,,,,,,,,,,,,,,,,,,,,,,,,,,,,,,,,,,,,,,,,,,,,,,,,,,,,,,,,,,,,,,,,,,,,,,0.1687073337407078,0.1654552663375353,0.1661075928562229,0.1676946568998732,0.1718181366005007,0.1751096190961924,0.1778314613738736,0.1793147121475075,0.1807162777915817,0.1818600266749333,0.1848059585494048,0.1811568879343525,0.1815363325106966,0.1842041142462466,0.1878146889659713,0.190747043863989,0.188913902036767,0.1860057621173476,0.1844421859769218,0.1837856137446545,0.1850754192411103,0.1852619904875333,0.186294379049742,0.1889437627101701,0.1880578112694586,0.1855749396417003,0.1840522818477525,0.1837563501192016,0.1857108476472312,0.1841041657548696,0.1819159676797072,0.1805280024399985,0.1808465930892203,0.1828601362683321,0.1825095199349006,0.1836332620549966,0.1834450322187069,0.1834659307876385,0.1830206974107712,0.1830828007833551,0.1834818298042104,0.183211624389447,0.1845501632526225,0.1831023077620906,0.1826350606760652,0.1820813565336659,0.1821555550001465,0.1809382765140828,0.1828821759161904,0.1843809434246929,0.1847874978761696,0.1842518901777513,0.1832239818288887,0.1849156164108324,0.1854519060367521,0.1875417237801355,0.1878815502497642,0.1876517026639697,0.187826248193846,0.1879300869618009,0.1868205854056066,0.1861565636232541
395009,237,"Punta Gorda, FL",msa,FL,0.2654166476970774,0.2695790703984277,0.2705170037417724,0.2743669900939063,0.2730187914446996,0.2779338703260312,0.2798364823759223,0.2850558788568185,0.2819595233881234,0.2816829438613733,0.2787463890073414,0.2822760984005831,0.282775759239451,0.281717966672811,0.2800065635115614,0.2763637325858863,0.2757026722416018,0.2729040585617694,0.2740222275357257,0.2744226799095379,0.2751284818470497,0.2747328861048396,0.2745040078810607,0.2746168138727316,0.2736287725125441,0.2732226435144482,0.2775217713833956,0.2802504645889973,0.28251747966496,0.2810456278347154,0.279382120161897,0.2761065092421969,0.2756323970019739,0.2753855888374905,0.2758899468441491,0.273956605877135,0.2746160546648297,0.2748470007762006,0.2738577054833556,0.2725357047317375,0.2720108018118368,0.271507415583173,0.271738250843161,0.2712120976711806,0.2720777794459368,0.271193440316125,0.2707881735276391,0.2682299871030229,0.2686069211666496,0.270825586164178,0.2695337955749276,0.2695308441810304,0.268809260176246,0.2702046366993947,0.2705233786279412,0.2722561265444515,0.2724298982525847,0.2740246918212031,0.2749275896599636,0.2781562974236792,0.2781881994498537,0.2767432762004944,0.272081367836425,0.2702934503714504,0.2717716420367227,0.2731905824458136,0.2773066165626996,0.2797383629571329,0.2808158405426325,0.2806755795379583,0.2808898178699195,0.2807849980768406,0.2783097516882504,0.2813478349780163,0.2851485605255218,0.2895672888278842,0.2882695132177291,0.2892910124450122,0.2881456787389506,0.2944369428242482,0.306057276524257,0.3174533471726294,0.3273685014076872,0.327133138544594,0.33446060211577,0.3333351993284459,0.3327606807694762,0.3317622431080708,0.335483127281068,0.3408859972060079,0.3443328357792604,0.3387402856165437,0.3357787493239192,0.3367731820282468,0.3427894331035317,0.3483827077290663,0.3466134095325819,0.3456066881431671,0.3454574322241294,0.3459307206939212,0.3456833486196465,0.3430194994770983,0.3411315293790698,0.341791098161001,0.3377858525481585,0.3336945046593775,0.326078576519024,0.323293925290678,0.3217484771816872,0.3233515161864012,0.3240943186824833,0.3223422026248166,0.3173704873220165,0.3141578439147475,0.310884161052665,0.3106055660814786,0.3093347265223537,0.3097407582884199,0.3091413966142969,0.3081860531055533,0.3062430222879793,0.3031584898479512,0.3001205255678469,0.2984270132933705,0.2985725026451775,0.2984008435061834,0.2983200343654506,0.2962307293779532,0.2963773143951812,0.2946661861890292,0.294266749313513,0.2923025465933859,0.2916165101446255,0.2905438376148169
394386,239,"Billings, MT",msa,MT,0.1691120020834363,0.1738532055737894,0.1764197460532895,0.1794586945716404,0.1799529789175894,0.1801614926556023,0.1775849810043662,0.1760672427692401,0.1731420424371248,0.174910850601055,0.1735860464589635,0.1735935798423194,0.1716095207266794,0.1731622604326266,0.1730235599191041,0.1719010019278888,0.1710675259880792,0.1713673703930908,0.1726642845756786,0.1729751688601673,0.1740118365111221,0.1733070742762525,0.173228929476781,0.1711221725342102,0.1719933280726713,0.1722286134414377,0.1731822024660441,0.1726733246371764,0.171686291284021,0.1712085521161339,0.1708001432577077,0.1708018724292276,0.1707501212194733,0.1702010157041992,0.1703434374327072,0.170019441165226,0.1700492903113881,0.1694891322290194,0.1692154949605289,0.1688132623924506,0.1686640875565546,0.1691513581753587,0.1697860011681955,0.1703982360643607,0.1710413441190527,0.171521226056293,0.1722592148122723,0.1730247818430884,0.1729171093984636,0.1730248852636411,0.1727663926638482,0.1734598915960215,0.1741994494421657,0.1742316908163825,0.1739958558459756,0.1738880355662987,0.1740449136998044,0.1749975081717948,0.1753737742666757,0.176520731873227,0.1776622689774484,0.1786860006030052,0.1779596557416796,0.1737463904012606,0.1709389713986223,0.1706549643273557,0.1726527437759079,0.1742359770805323,0.1757946209406363,0.1767851413876536,0.1778388486030074,0.1770265879142613,0.1749263293045818,0.1736296203417872,0.1736012046282843,0.1773600523266134,0.1789733708830387,0.1810430181439322,0.1799209988871751,0.1797273467376888,0.1822558635064563,0.1857397105584871,0.1894753746278248,0.1889451639579482,0.1892172462170673,0.1893916480089524,0.1909321977182071,0.1909558006393004,0.1927493345833896,0.193123574202852,0.1946596894629711,0.1952648497708134,0.1961840210025981,0.1966271655838155,0.1959922464109592,0.1971400757565702,0.1982794840914477,0.1993178028350835,0.1994017804714389,0.1981364026271396,0.1986573384562486,0.1973980174958438,0.1973458441742368,0.196404546725541,0.1969374726062158,0.1966684742855395,0.1973339025930723,0.1988416567335965,0.2000016208660358,0.2003497615540226,0.1993380943252985,0.1995741740994778,0.1980269534666643,0.1987025463664312,0.1981325168283754,0.199211546919741,0.1985276881178924,0.1989900148748169,0.198778725199433,0.1982379379643626,0.1976930950904972,0.1971705513763622,0.1977491889203083,0.1980943949049245,0.1986605382591251,0.198809058484341,0.1991940587782118,0.1988831343520896,0.1992772384229024,0.1992565726083015,0.199458286655985,0.1990549607354969,0.1989896177255098,0.199301393540041
395018,240,"Redding, CA",msa,CA,,,,,,,,,0.2218411234825184,0.2225479382765532,0.2244405708600884,0.2235185012538099,0.224798639829556,0.2258190575278279,0.2275959473670916,0.2265494529857299,0.2236490258469635,0.2222876626433347,0.2231094587555454,0.2234598482955581,0.2229227632844243,0.2230034473887943,0.2219977969563466,0.2228580669372042,0.2221362078458383,0.2232301422070968,0.2231425812759659,0.2226134102316377,0.2228770452483363,0.2220954767578505,0.2205247754510161,0.2201091749870048,0.2199631799311665,0.219607246797257,0.2184479067749586,0.2161335494356112,0.2155493887819306,0.2138247820636492,0.2124101496909682,0.2109877307895051,0.2107773705710983,0.2120172593114047,0.2118160283573754,0.2120564087154794,0.2114519158019496,0.2107361409686292,0.2123401858606302,0.2133393464022815,0.2138342989642643,0.2145115765037894,0.2151670264946826,0.2162953588071245,0.2166026385817998,0.2165204295837553,0.217711964619008,0.2181460210636874,0.2196030949991627,0.2212120026662469,0.2215255204022775,0.222534992183723,0.2232900850444322,0.2239060402130899,0.2248754462296956,0.2237217722128709,0.2234829783430315,0.2225986405877443,0.2210530112429907,0.2202671642620825,0.2206395031384397,0.2242803994658202,0.2256420896217063,0.2267583945367021,0.2256196431016745,0.2259464977443498,0.230245308624531,0.2318490383755204,0.2339360767936876,0.2337610225143695,0.2352774741576023,0.2373779039178852,0.2384006965951055,0.2387665972997595,0.2390553519117679,0.237885318917991,0.236897602731391,0.233908914032929,0.2318581195095078,0.232871989989669,0.2356356137289868,0.2350395791649588,0.2337284602182733,0.2320524800662745,0.2339781076806779,0.235020779337431,0.2366831840315644,0.2370649463495955,0.2381915356800316,0.2402510285868756,0.2398192261713702,0.2392987827996545,0.2369483696855118,0.2389834709980768,0.2402259585349798,0.2411466940297397,0.2418780901001204,0.2420050797519336,0.242908967997884,0.2418997036032155,0.2414512366861965,0.2414220650182701,0.2425593538604682,0.2445839434030804,0.2441221291563058,0.2455810846762265,0.2459612397310205,0.2468043423121451,0.2457968513413822,0.2464143226678,0.2467576238961731,0.2486701977398864,0.249768645637359,0.2512478504295398,0.2516096355912661,0.2506744098895575,0.2522647290444431,0.2514019414595599,0.2519461868412924,0.2524095819201138,0.2540242484514346,0.2549533963003172,0.2555417396362864,0.2559410877323845,0.2563133616539667,0.2560394727173099
394748,241,"Kingston, NY",msa,NY,,,,,,,,,,,,,,,,,0.2303467463401442,0.2298202423227064,0.2257275019068257,0.2259908249495428,0.223676782869721,0.2302774465063114,0.2301151429497046,0.2306971206279361,0.2327550573697563,0.2418320264719163,0.2437338758233032,0.2427982183143138,0.2417380960270128,0.2453534005054089,0.2450040683632932,0.2403099983022036,0.2420616845196191,0.2410037567362325,0.2465700040983806,0.2513707092825706,0.249069100176579,0.2448875625580153,0.2399966302167134,0.2447741595669456,0.2452010084118553,0.2556883663913949,0.2624546008102364,0.2702801843344962,0.2659590681764628,0.2644574289585846,0.2616223337989499,0.2569326864483408,0.2569625541851704,0.2614257241495348,0.265759204905525,0.2638338363992655,0.2660246340141615,0.2583958523728645,0.2569022071725143,0.2563887401107084,0.2615237873011524,0.2644214070338602,0.2666606443882957,0.2717388995251642,0.2769877578885004,0.2781094065035832,0.2710769142292422,0.2647832606515095,0.2639142115187129,0.2628570973213996,0.2667000803910924,0.2687861552773636,0.2747161758910295,0.2801189068905176,0.2840513317119438,0.2908451508142032,0.2903369413815577,0.2864669541814034,0.2808478100317803,0.2841611953672435,0.2894269184813618,0.293864864288302,0.2946728633830085,0.295478033006302,0.2950908892781771,0.2981519512396888,0.2980821744253214,0.2978349435748029,0.2929776703573004,0.2945817851270024,0.2988505867783715,0.3013535434799102,0.2976547400314315,0.2945554756836212,0.289684516438178,0.2886353049125988,0.290494051792115,0.2922472684066767,0.2943493873314118,0.2923452675353751,0.2923883050246931,0.290559601181653,0.2915901012304057,0.2918833240095662,0.2925765072466841,0.290620197765553,0.2893101962742411,0.2880047208281704,0.2859585906729391,0.2820556945966248,0.2810622011649459,0.28259614733709,0.2888116805629608,0.2906596865525501,0.2902466720178564,0.2876808630518714,0.2887275277135034,0.2891606934586783,0.2911443489076404,0.2915060402114692,0.2905598321767351,0.2909203692558156,0.2880641076913997,0.287372140334593,0.2879586402922395,0.2870540056834819,0.2855785587280438,0.2860619945473994,0.2848421348277423,0.2854794825572039,0.2851161387314211,0.2852099791541138,0.2863898002318972,0.2874225506641671,0.2894647318064552,0.2895068228072265,0.2861012773608297,0.2861380478138208
394960,242,"Panama City, FL",msa,FL,0.232267208539527,0.2320451754831087,0.2325092483105688,0.2339217897109337,0.2340041421381013,0.2337143436463411,0.2328304114268999,0.2334117308954244,0.233005417507062,0.231611300946496,0.2312522892494794,0.2316544567601635,0.2317730230068316,0.2312914362911405,0.2316509864041798,0.2312413509314877,0.232039008692122,0.2306731726522561,0.2307772722027319,0.230387514991139,0.2322176915374598,0.2318708826717717,0.228967359252789,0.2275378643252912,0.2289130832495685,0.2314411301922652,0.2315582478418809,0.2327022482972162,0.2335000911926417,0.2363216175828419,0.2353372666266062,0.2369010302751376,0.2361288701195345,0.2359611139496799,0.2327499888580537,0.2302188762129779,0.2300982972090167,0.2300547765890584,0.2316929372267098,0.2311842112910455,0.2315804342405395,0.2311953017647234,0.2330106228053905,0.2358626116817059,0.2366585296378029,0.2415617155764338,,0.2655673543612975,0.2709884658929816,0.2725079543518182,0.2757728792833113,0.2799637676395209,0.2829346194934534,0.285732015498199,0.2879124063944877,0.2872566253109582,0.289041453718154,0.2865884039109714,0.2783917875698481,0.2714239685989506,0.266320466623526,0.2627617252206159,0.2621561964621648,0.2593355562744006,0.2550698960666557,0.2542003327353277,0.2541368965528813,0.2587911019581183,0.2625736259610144,0.265930316016473,0.267744413985512,0.2656202083048433,0.2653686208981425,0.2663206638898042,0.2715464474284405,0.2747708875912581,0.278422980547465,0.2785016925435085,0.2787501767197881,0.2814348681534105,0.2867124660625608,0.2938288994946442,0.2971213539931817,0.3012900063403983,0.3040484470634378,0.3041264453054774,0.2998649633267988,0.2972555630101899,0.2967037974589116,0.2978399851381704,0.2977804342670636,0.2950186732456126,0.293229295802813,0.2886870150603055,0.286929412452207,0.2836453587468222,0.281817106262309,0.2814609843099174,0.2820190069544974,0.2817322943975007,0.27965347527986,0.27679363591705,0.2733505575853224,0.2709063560154804,0.2680027097032894,0.268200550502137,0.2673660609737038,0.2652313499902389,0.2620648425259214,0.2598546694967688,0.2599261488035554,0.2592848823289117,0.2582310889071895,0.2563442845270569,0.255101403486721,0.2542363613425883,0.2529305733587271,0.2508244743474932,0.2481790478422001,0.2482121614549644,0.2475124458872291,0.2476757818878968,0.2452952143026284,0.2435192964994615,0.2424943167504558,0.2424579095939659,0.2424495082838965,0.2421668364578503,0.2424333985047336,0.2424271126512984,0.2429078428821112,0.2421379635005688,0.2425914075101198,0.2419546498119473
394729,243,"Joplin, MO",msa,MO,,,,,,,,,,,,,,,,,,,,,,,,,,,,,,,,,,,,,,,,,,,,,,,,,,,,,,,,,,,,,,,,,,,,,,,,,,,,,,,,,,,0.2179100750355194,0.2159295453714468,0.215037268498067,0.2158642716163118,0.2213682206459681,0.2248847721387339,0.2243754300551053,0.2245726821580105,0.2245350027606294,0.2240513103692399,0.2207729645467008,0.2202380319924183,0.2196101470279541,0.2208690193150227,0.2211774142248326,0.2226231676992946,0.221392194191076,0.2186700844553844,0.2180334587204869,0.2166278059290103,0.2180740663144009,0.218572444935405,0.2195158933505487,0.2183256363136858,0.2160862316096292,0.2173480442322495,0.2168817736125483,0.215195542759915,0.2118579745183284,0.2099660473024258,0.2105863910275898,0.2107373446938893,0.2104415304868569,0.2100795066718458,0.2100026652227636,0.2104318733287217,0.2099991627834545,0.2082674746762106,0.2087021161500519,0.2096226753528966,0.2115110884482383,0.2133021820868605,0.2130858314100115,0.2136016859551717,0.2133903516455882,0.2137830354276232,0.2145141600516878,0.2153821347117358,0.2175291414949544,0.2188979422806398,0.219929699228616,0.2209977052887078
394539,244,"Dover, DE",msa,DE,0.2159310082940553,0.2157784599000621,0.2199222199928017,0.2204169887399279,0.2225078762930114,0.2199554334102451,0.2191506272779124,0.2181182065675785,0.2165181666446892,0.2170022418599423,0.2190497132526329,0.2214850279248951,0.2206744407915341,0.2215400462632127,0.2205800556638726,0.2197295684232016,0.2181043117010172,0.22025508703229,0.2214441398018706,0.2218342114528206,0.2215047610794603,0.2222484494334841,0.2216706238127169,0.2202081716372358,0.2211030918814257,0.2227549368530757,0.2255785206036996,0.2267155992351904,0.2293679691423355,0.2277795532030052,0.2292817986122819,0.2273171748613115,0.2289451845443443,0.2290397619273634,0.2298865289353455,0.2331285403668223,0.232929454009211,0.2327339508614667,0.2301182673037942,0.2297092883181782,0.229250335963194,0.229511180273655,0.228090041264487,0.229288783396225,0.229478908000442,0.2297137607744313,0.227792618223976,0.226933930905134,0.2278512512203054,0.2284648048074739,0.230107292632898,0.2310809551142231,0.2313869866746923,0.2319934976073661,0.2324349838258949,0.2326152142677398,0.2318538940769353,0.2314886194392227,0.2326246304822973,0.2321471307271177,0.2315536037692875,0.2307751690295638,0.2317987287240713,0.2292159968305009,0.2261341255158787,0.2256375317934371,0.2248697215844453,0.2263444055396003,0.2271397235878035,0.2309899145299827,0.2336748774888556,0.234410995227416,0.2333091908062358,0.2343334483930581,0.2371989664011502,0.2412958848721562,0.2445195406442695,0.2443726349826824,0.2474225484163754,0.2487938734573937,0.2569021665567773,0.2622227117386753,0.2651079011179138,0.264107564553322,0.2598456753502267,0.2594494473954665,0.2579570408807025,0.2588985350894521,0.2596206188894465,0.259228638810654,0.2556833952607196,0.2525580898620914,0.2490211470827888,0.2483872051329168,0.2486060940950078,0.251054551531059,0.2520596683351621,0.2498060934892108,0.2466336805325456,0.2441640289662754,0.2429479589152643,0.24481857641283,0.2480612486979934,0.2516489625429197,0.2502271361698823,0.2486529568796479,0.246949815384118,0.2468892863302842,0.2468989107790164,0.2464484181808141,0.246523061094903,0.2458287117279678,0.2449922988515816,0.2423856511148736,0.2387387717660763,0.2359576740745548,0.2357864435994875,0.2359595298550984,0.2360625714825911,0.2349805037007926,0.2348556691916271,0.2356863683000278,0.2363019131787984,0.2364971339826182,0.236234503670555,0.2362748126420001,0.23692381012983,0.2367330268040444,0.2368611779917027,0.2363186849111763,0.2356872593423442,0.2347339158214056,0.2337175567242765,0.2325996448075538
394559,245,"El Centro, CA",msa,CA,,,,,,,,,,,,,,,,,,,,,,,,,,,,,,,,,,,,,,,,,,,,,,,,,,,,,,,,,,,,,,,,,,,,,,,,,,,,,,,,,,,,,,,,,,,,,,,,,,,,,0.2813093436561877,0.2777687883135696,0.2784711118086504,0.2782450953849635,0.2837280312784263,0.2838457828000802,0.2798274324914915,0.2814491974112987,0.2877966435233217,0.2918141583155921,0.299837704399529,0.2936933897765184,0.2945716848786412,0.2885386908144812,0.2894540038750563,0.2905182691945733,0.2850906671284032,0.2894493495830814,0.2953539130700372,0.3040953931123589,0.3061795101058496,0.3024700189855966,0.2973496472177399,0.3021268545957608,0.3003848050854776,0.3079802130646465,0.3075945304600858,0.3088195865013736,0.3125658129839646,0.3102051942468324,0.3092442621749892,0.3031021391539152,0.3007053056712802,0.303174928095956
394712,246,"Jackson, TN",msa,TN,,,,,,,,,,,,,,,,,,,,,,,,,,,,,,,,,,,,,,,,,,,,,,,,,,,,,,,,,,,,,,,,,,,,,,,,,,,,,,,,,,,0.2254747149517937,0.2281905236611745,0.2301613954265222,0.2364258297180582,0.2330576317023678,0.2293642383760185,0.2291671377536239,0.2315009349996789,0.2308640852343108,0.2313349957682793,0.2342452069188281,0.2361396589724664,0.2366410995137051,0.2365857573261462,0.2384444261202652,0.238866564281259,0.2370919199240825,0.2372555700109444,0.2361116750124311,0.2382033519558895,0.2389131738306734,0.2381372692713231,0.2393013317567155,0.2387345507531688,0.2421108535469449,0.2413476937873024,0.2382370796976767,0.2350354146965683,0.2369636795770016,0.2387618368619264,0.2420137131460839,0.2409235296008561,0.2443811935033427,0.2435350915248681,0.2437360793036032,0.2423327851512092,0.2446111127622429,0.246056272197423,0.246280590365898,0.2475509996061512,0.248026353713957,0.2475336588338342,0.2459722480529378,0.2462018177578148,0.2441002984564283,0.2456053549212218,0.2452808292207655,0.2471125883244687,0.2446524669899461,0.2443963920510074,0.2458569427491878,0.2467090286854996
395246,247,"Yuba City, CA",msa,CA,,,,,,,,,,,,0.2265468954689838,0.2260430740925459,0.2254299222705435,0.2255527541073777,0.221162819819638,0.2221163654610765,0.2245892192366361,0.2257571400665964,0.2235946743922413,0.2244657122046222,0.2273962360882866,0.2295942996028028,0.2324848692380762,0.2340758359807516,0.2358118413757866,,0.2362941657897017,0.2374726920610904,0.2390727832786602,0.2424950676224469,0.2434382716486076,0.2420260201581995,0.2409229360540488,0.2416239991813343,0.2409547421564442,0.2404880221431796,0.2403651350783819,0.2408732071804726,0.2404601236092829,0.2386475433213689,0.2393440083919765,0.236878086265906,0.2387839117885029,0.2398559040465283,0.2424384688147443,0.2420801632787874,0.2433013818724345,0.2460686101476835,0.2468293235880235,0.2479106392891136,0.2507335612848664,0.2529963894170833,0.2532934614637071,0.2555980906075096,0.2562106960684028,0.2583322597270653,0.2586558955866397,0.2606538307383248,0.2620889087455169,0.2622334347144175,0.2634590998719472,0.2635810551280039,0.2607114023122597,0.2595008431352531,0.2577128697087354,0.2574055289335125,0.259384386327488,0.2626386417803873,0.2704082988246393,0.2745067081778574,0.2754858255089813,0.2737603800960684,0.2747878946943692,0.2798207800764036,0.2867535586839981,0.2914855798278503,0.2960558149174908,0.2965222131927837,0.2976291424446693,0.2982122728290576,0.298179634077158,0.2976100540745651,0.299151013412625,0.2991753051574604,0.301232714107861,0.3002332025255102,0.3014867088133047,0.3008126279273104,0.2997129944328735,0.2985946647758691,0.2964853023171382,0.2955564336396122,0.2926002521595611,0.2938013274942032,0.2905714330598192,0.2912767658745617,0.2861624514258756,0.2845024081652225,0.2818764139944065,0.2821620810889692,0.281367437600714,0.2799388424207616,0.278498679247445,0.2787718352076904,0.2795452321130964,0.2779423788319353,0.2770086710134928,0.2745179447496348,0.2744033941651314,0.2733030314541149,0.2721508441046223,0.2723199806945423,0.271191693004125,0.2700017699714814,0.2686260848645873,0.2683523077261941,0.2685566241791924,0.2659296284039134,0.2655861041557403,0.2663359388761165,0.2684132754934024,0.2683768847306724,0.2681628597966532,0.2660649293538162,0.2658019731118266,0.2659385014684495,0.2663016175530457,0.2651372639197035,0.2637126168386135,0.2645655750343688,0.263851443169945,0.2626912498249457,0.2603311531881958
394406,248,"Bowling Green, KY",msa,KY,,,,,,,,,,,,,,,,,,,,,,,,,,,,,,,,,0.226743101533431,0.2252025474142767,0.224163512299135,0.219913177637831,0.2178390725803402,0.2175198254056778,0.2164459465771508,0.2163501429844442,0.2169719911646669,0.2175182926180982,0.2145243398104983,0.2136740705352049,0.2134590839714439,0.2140562263843856,0.2130464606307681,0.2137114064122189,0.213103269102647,0.2127723555989737,0.2120650162635088,0.2119114018432072,0.2112901497234718,0.2103806973244293,0.2098918602587637,0.2097935986867825,0.2092816512607671,0.2097027756147848,0.210610385908108,0.2109086235258404,0.2122575844048055,0.2121555793561741,0.2106672468685315,0.208102403972948,0.2055084795273836,0.2055500442720712,0.2051644730126604,0.2053665859111725,0.2064083353647524,0.2072083049795112,0.2069207988125088,0.2052796047799972,0.2056931227953064,0.2062992034376221,0.2072841578280563,0.2073746345494208,0.2091391864091086,0.2095513808411873,0.2109647362217844,0.2124530800123059,0.2171638994860083,0.2205941374269008,0.2247796385951082,0.2259068529591444,0.2266342255611272,0.2264142368211802,0.2283711083967448,0.2300107266419006,0.2286830020460047,0.2273174571653077,0.2257251021069742,0.225651676593803,0.2273200205232458,0.228813383521963,0.2293142219621878,0.2282497139017572,0.2280466168365008,0.2270199381003201,0.2264365667524531,0.2251902521735408,0.2284296878894438,0.2292919182119242,0.2295893067687696,0.2285502172036004,0.226665660414481,0.2271070391926642,0.2255703001608757,0.2244785985253838,0.2225963499380996,0.2227362126722942,0.222591418380624,0.22260793901945,0.222309357964756,0.2216590160006915,0.2215197423823842,0.2210690005651156,0.2203688886741385,0.2196536547392447,0.2200814626211683,0.2205190286960797,0.2209823859410823,0.2215047901094951,0.2205725565854538,0.2198089338898725,0.217761230529204,0.2172985071149876,0.2167377489204272,0.2167885695337355,0.2176787278040866,0.2176730837938662,0.2177484512258408,0.2176239116762336,0.2173917533624128,0.2163702346726015
395119,249,"St. George, UT",msa,UT,,,0.2345529374558853,0.2357545205843803,0.2358343520854989,0.2340733490096336,0.2334928431506764,0.2333997594256903,0.2352272310503003,0.2350610009991753,0.2357586132562315,0.2353547204729417,0.236077052076799,0.2380925060820341,0.2389991310560889,0.2386806182587616,0.239694365046074,0.2413338039049905,0.2445579998407413,0.2435199052943361,0.2454241356362943,0.2471648197836422,0.2495441465332951,0.2516614441178693,0.2522186106107812,0.2534869648613954,0.2535883192404792,0.2550260901494336,0.255948507998886,0.256508183180672,0.2574909827502666,0.2590313636071226,0.2607944962488719,0.260516465831522,0.2605503161098624,0.2595624137670819,0.2595650596312832,0.2591070922792745,0.2592882627584171,0.2596632613063486,0.2602856181218965,0.2603940679568851,0.2601872424827775,0.2604732558030705,0.2589452879167953,0.257971193676994,0.2557749225969498,0.2533107295799139,0.2520647909204714,0.250980985502079,0.2499510786451477,0.2482983828641846,0.2464644925875895,0.2451581063844993,0.2435127469631891,0.2422509510007391,0.2429054510913093,0.2443242031773666,0.2461346441807547,0.2477827102204677,0.2480956240405855,0.2480163584086655,0.2465230110653336,0.2443001780105892,0.2425507655229091,0.2429248910553071,0.2452915863201271,0.2478536311480649,0.251419353279752,0.2541852299759903,0.257150018286959,0.2564738296267301,0.2566642087397822,0.2575230436487706,0.2586217041948664,0.2610728642915551,0.2623994095321176,0.2657108776887085,0.268028652674528,0.270417587253441,0.2748936164374986,0.2786361749513007,0.2822297303232983,0.2840771853604708,0.2861904124032107,0.2867462363018878,0.2897647435510749,0.2908909552945554,0.2927095404342132,0.2919180801511991,0.2914334148953085,0.2896033310321112,0.2866783619986657,0.2837835142563926,0.2831259857974453,0.2817892034202823,0.2796422508901683,0.276770321059014,0.2749903476911771,0.2748093145512758,0.2737223213162049,0.2705716445792976,0.266153384269656,0.2638123876552364,0.2621020544869866,0.2615951847429778,0.259309802520307,0.2583725217512796,0.255028024965365,0.2544288782240277,0.2511994512308983,0.2484501294931541,0.2466969091893403,0.2462140826381075,0.2472665833384468,0.2461334684249296,0.2455030711028626,0.2456709861627777,0.2453554380202977,0.2434623753122673,0.2430846298780908,0.2435858783348112,0.2441574405644671,0.2439038120745557,0.243260864796651,0.2431854142526464,0.2425144331663978,0.2427458188472589,0.2425781276189332,0.2413045829331384,0.2407775211713327,0.2408647902205089,0.2414608208473971,0.2403683423043716
394896,250,"Muskegon, MI",msa,MI,,,,,,,,,,,,,,,,,,,,,,,,,,,,,,,,,,,,,,,,,,,,,,,,,,,,,,,,,,,,,,,,,,,,,,,,,,,,,,0.1784545190602976,0.1800369477459273,0.1803660307900036,0.1829583650521292,0.1844787333946197,0.1877939380110486,0.1901058461355444,0.1915368665851057,0.1936164223730428,0.1953587813581235,0.1957104371433292,0.1961843828807249,0.1958891846623995,0.1963380068155232,0.1960058793039567,0.1969984638276904,0.1986136551696191,0.1986512721749812,0.1973080074974218,0.1977757954348027,0.1971603555196834,0.1988605121804466,0.1985686499183199,0.1999106790539409,0.199790201492306,0.1977123484173794,0.1966577081974818,0.1984515559528398,0.2024041806828427,0.2046192085973247,0.2028739556648133,0.2033189946530726,0.2051559128497377,0.2072196310348802,0.2072113600085977,0.2076438527596478,0.2092090413459859,0.2109684392166661,0.2113029793591214,0.2110453966595531,0.2094972283175589,0.2124351872503913,0.2171230545582679,0.2162694859270859,0.2126910198696484,0.2109461512583223,0.2118941267971866,0.2117320572792288,0.2118014388859039,0.2126282425586007,0.2143354891301825,0.2151834331177808,0.2159515756039607,0.2144777877675169,0.213875861734677,0.2159293794370249,0.2196936968629865
394299,251,"Abilene, TX",msa,TX,0.213774082869983,0.2139289845101077,0.2140116867314955,0.2139876439743658,0.2154295665200823,0.2157804190484001,0.2154280254320681,0.2149396911206066,0.2140013401156668,0.2127691960576508,0.212393922779208,0.2116797526848326,0.2109229977253767,0.2095481139903194,0.207653335994726,0.20736452776997,0.2052657977703344,0.2057949914025662,0.2055917598058663,0.2063239270028942,0.2078649300449221,0.2090743331415066,0.2102658836244898,0.2096500408093355,0.2099663584119206,0.2111674310930548,0.2142549325663038,0.2157358293244416,0.2168894149362698,0.2163291598910397,0.2159034420778051,0.2155895145621132,0.2148013063494374,0.2149077626849687,0.2141892559733332,0.2145804217937336,0.2147976044849094,0.2149526063841871,0.2132563491111022,0.2117909040415737,0.2108506054745917,0.2116153523833804,0.2122120583797608,0.2128879758325136,0.2133637173126008,0.2130063369073034,0.2137088915265019,0.214158033066168,0.2150745620438911,0.2145722401905937,0.215386916796079,0.216538138847838,0.2178000168022288,0.2180121217426834,0.2184693670524745,0.2186114363425835,0.2188809377029262,0.2194554311954862,0.2197100581314671,0.2205544622610862,0.2210605170005711,0.2223293125120138,0.2207897614900352,0.2199127589801624,0.2174725781602583,0.2183559005289875,0.219523151237181,0.2203237352394758,0.2219874135856963,0.2236628329181338,0.2260231987015034,0.2266042625571771,0.2276315424634647,0.2268038448334567,0.2278695411522172,0.2278791488646019,0.2299112501465835,0.2285783619702418,0.229061384129008,0.2302255334817053,0.2342604548103452,0.2390560234042001,0.2415112898119185,0.2398797221490994,0.2377801871466792,0.2373306724468072,0.2382150338731792,0.2387282036087095,0.2393305830689032,0.2395912309836833,0.2386046807913296,0.2389259442981302,0.2396838827049418,0.2391585725256434,0.2396299984759803,0.239052148159045,0.2393889118667362,0.239121938186732,0.2405449981688475,0.241606966591133,0.2407715520830349,0.2407841461220237,0.2404218679474055,0.2389153116379019,0.2388980322375554,0.2389996424164778,0.2391265851663523,0.2390041381987749,0.2397536486566996,0.2405649364459262,0.2403818610792089,0.241851174723642,0.2410618070800658,0.2417116828062881,0.2420180959137574,0.2456946418739793,0.2462671404582566,0.2457070374917607,0.2436090226549136,0.2441235082738871,0.2459370601113631,0.2475653026561136,0.2489716439516057,0.249916502351211,0.2540548297218317,0.2576490224879996,0.2626181559734634,0.2659588614115789,0.2721199911473086,0.2803848496559819,0.2908432066246721,0.3004659544564197,0.3093911600595191,0.3199518098685008
394707,252,"Iowa City, IA",msa,IA,,,,,,,,,,,0.2001828260860538,0.1988333009205246,0.1992947888670068,0.1941617825243209,0.1975238958765308,0.1979404644959368,0.1998534760157281,0.1984086924145808,0.1982709122074021,0.1982153684147141,0.1956396298602265,0.1933263425651176,0.1925004412126984,0.1958124977378789,0.1966888221147855,0.196146576827691,0.1938017921139059,0.192148185976435,0.1918636945736697,0.1922346362090347,0.1906009385364096,0.1905466166808432,0.1905620576845751,0.194367838345529,0.1944501568277724,0.1949184299425803,0.1931936719822562,0.1934522854325683,0.1921526521874327,0.192423879642739,0.1918079765142651,0.1909199448853369,0.1909021627228247,0.1889261533514759,0.1874564589002839,0.1860183222108287,0.1866476082677095,0.1860215821952298,0.1849017186645724,0.1842008651309164,0.1848814782672503,0.1845839257748007,0.1840379032390611,0.1844944684440424,0.1850658890867091,0.1861422911865415,0.187025417203705,0.1860121995537685,0.1848662655702183,0.1843822585439963,0.185771797533782,0.1859480619061489,0.1852669800180454,0.1829545289824941,0.1818061717022249,0.1822292923395921,0.1835938618539327,0.1837407819454086,0.1831847928578752,0.1831478890059695,0.1830960396543757,0.1843239899773281,0.1835106616961965,0.1840182269092711,0.1837214048491699,0.1845298112425776,0.1839230811064532,0.1834808023719047,0.1822743286197902,0.1821425038043728,0.1853473683706413,0.1890244142959034,0.1927282785314631,0.1926501115172692,0.1932421018798587,0.1927210991534595,0.192010571453308,0.1908288180229036,0.1919062487691228,0.1916885899231159,0.1911370703796805,0.189581253102508,0.1887163139266819,0.1887148933422855,0.188613346488646,0.1891264010667521,0.1889100504834695,0.1884687054070218,0.1889625152411527,0.1903542445621411,0.190783537320227,0.1910835111177348,0.1917745731061564,0.1932920571981628,0.1949064824807688,0.1946574127882004,0.194701328194586,0.1944104244934898,0.1944777794188815,0.1952570829265211,0.1959465668699857,0.1960686668788153,0.1957030234759075,0.1947650664295677,0.1957255645084977,0.1950161989283817,0.1956351439847633,0.1948529376237647,0.1952764859880237,0.1952676016069163,0.1955839747337548,0.1958230473841324,0.1957292474871155,0.1956645760849429,0.1960118227596937,0.1969036712065463,0.1962556218591045,0.1966841694999637,0.1961688553334145,0.1974682332849335,0.1977349714318172,0.1982944457046025,0.1987839786017607,0.1991071105146296
394351,253,"Auburn, AL",msa,AL,,,,0.1843013368650708,0.1975819604784626,0.2103523371447987,0.2460509433966876,0.2446805738758339,,0.2438918598984863,0.2450444192052605,0.246331549784917,0.2448519001395872,,0.2424596778495633,0.2513278457911234,0.2465708670462971,0.2446627622922588,0.2317984643267874,0.2313784046495423,0.2341771745770329,0.2343682158265905,0.2355405540534612,0.2346625692233928,0.2367050071764148,0.2393074240616188,0.2410080105503451,0.2457860903364626,0.2457539455183625,0.2443246463412962,0.2399674288298124,0.241873826577667,0.2421266525326051,0.242661886553039,0.2440128548077449,0.2440362140434672,0.2461967312389084,0.2444369029441074,0.246271183251601,0.2457504306946464,0.2469643717461791,0.2449131050824521,0.2449482959077927,0.2452302339141948,0.2452682036254058,0.2470078315940488,0.2451404733347482,0.2462224614107706,0.2439408747342737,0.2451394151152251,0.2434160815915698,0.2405771361027836,0.2402912471992105,0.2430848807864057,0.2471175591354071,0.2467876615283005,0.2472518808241686,0.2466906239693389,0.2482105804238633,0.2482306378318796,0.2492122376221887,0.2488770864439574,0.245232441661067,0.241756651217075,0.2392595414917535,0.2386483574406273,0.2385289062778823,0.2394987942987047,0.2420887856670364,0.2436449675365808,0.2442051385052321,0.2446693116910175,0.2443634083201238,0.2442255038811976,0.2459368665190353,0.2486949098654371,0.2487893610533789,0.2481712194567867,0.2485262944000306,0.2511028395231543,0.2568607137706025,0.263528853991051,0.2690584490079358,0.2715169857878465,0.2702432532221958,0.2689603821332874,0.2677273877829261,0.2687798305576782,0.2718017801260901,0.2731651019976361,0.2740732852259526,0.2748740519470993,0.2745122776943382,0.2733232328598869,0.2708246652316026,0.265900344672787,0.2650787492566301,0.264135863588115,0.2661372475762294,0.2642135996118842,0.2657659842850865,0.2645647343133656,0.2649683793853027,0.2592780126190261,0.2582863577191976,0.2581560520509792,0.2592720428188132,0.2597948723186161,0.2578654707570075,0.2585632095114434,0.2580980107681001,0.258783513803773,0.2572410509265012,0.2577740663769452,0.2590106450872128,0.2622681352987411,0.2595963707907983,0.257209437921971,0.255269827626769,0.2561131076157348,0.2583727251700166,0.2594393619645462,0.2591078307174983,0.2592155803755099,0.2592070369432354,0.2593668615290491,0.2583720717489091,0.2585766818779335,0.261366959163836,0.263721555192775,0.2653857398711212,0.2655031685390439,0.2658675325984573,0.2659902017358316
394860,254,"Midland, TX",msa,TX,,,,,,,,,,,,,,,,,,0.1746308417551282,0.1736221904473187,0.1716561232201668,0.1696372397520001,0.1705101295718715,0.1719018119557541,0.1724428447299223,0.1717968360855409,0.1766098316194373,0.1808104675701244,0.1871103751584717,0.1926468669108901,0.1948863508257809,0.1952405159799868,0.195530578244856,0.198547812574942,0.2005176812022268,0.2025548106177712,0.2068399718034077,0.2094060056063112,0.2079967806312793,0.2030761079609453,0.2039122820516228,0.2077287895707257,0.2157203516107418,0.222532977362541,0.2247714064767192,0.223374298533366,0.2227305739177107,0.2221060811088782,0.2201653350115486,0.2216962227553633,0.2192208382641588,0.2227475188731761,0.2204893987859655,0.2157958865907736,0.2094054657150031,0.2059744674692327,0.2058527198439265,0.206966835660805,0.2072741350574027,0.2074459886166204,0.2077262058897515,0.2065802032225298,0.2083840373849135,0.200602208040719,0.1943379229499056,0.1801604529885324,0.1716670957080334,0.1655750162806915,0.1622771572059936,0.1618719531769465,0.1623352300874,0.1647531125105711,0.1641322780336639,0.1633559088702038,0.161001887457519,0.1608513051573434,0.1619192674974008,0.1646269950677405,0.166387646529752,0.1672149993915202,0.1670848722047023,0.1681402728862067,0.1691727260336216,0.16967364069811,0.1699005921539965,0.1699395365331611,0.1702566176151873,0.1710343124514739,0.1741248087278151,0.1781528629612641,0.1809885259398206,0.1828289595131657,0.1846858330685852,0.1868679443707299,0.1898011806493958,0.1920842576291406,0.193787715308381,0.1946205759138863,0.1949536442033369,0.1958337601841992,0.1955283964750296,0.1968617175358627,0.1978465346030968,0.2008211681188739,0.2028881740677001,0.2039816941247189,0.2028555080866149,0.2021133233610031,0.2012604451561906,0.2014601042523977,0.2017910395343995,0.2024731339162608,0.2014810534023106,0.2005021300556707,0.2002742593097697,0.2003787660974677,0.2012297220735949,0.2017226435563654,0.2048480124251821,0.2059292104025656,0.2075798406708757,0.2062990299703485,0.2060606247065264,0.2055619955808885,0.2062467848596403,0.205868240490529,0.2057617263804733,0.2047410517009648,0.2036954662518109,0.2038210425254214,0.2028954870902662,0.2034297402808738,0.2034949568927588,0.2045600146408274,0.2048324232869792
394671,255,"Hattiesburg, MS",msa,MS,,,,,,,,,,,,,,,,,,,,,,,,,,,,,,,,,,,,,,,,,,,,,,,,,,,,,,,,,,,,,,,,,,,,,,,,,,,,,,,,,,,,,0.2360738914944538,0.2363347044883062,0.238379588878846,0.2404256046081573,0.244397150256093,0.244884619653659,0.2461623979686252,0.2462046305152986,0.2480041498308167,0.2511394692582825,0.2515085362558321,0.2517480083694319,0.2457859291501954,0.2432943605616933,0.2409126008045482,0.2411641507830056,0.2400179029886731,0.2405106281858861,0.2402365602061557,0.2394453886957923,0.2345724966223678,0.2320387975918379,0.2310679860295383,0.2315087406126255,0.2317795234537885,0.2325190814544159,0.2331621663913031,0.2334741991783867,0.233476304525059,0.2328252564142433,0.232682604458659,0.2311729126997252,0.2325053993560365,0.2333422005835754,0.2346282998100128,0.2338248815109732,0.233855101233279,0.232082295929266,0.2315308722090602,0.230084250627694,0.2292839998777648,0.2291657795909307,0.2289026945328319,0.2301548192635074,0.2309373635292377,0.2308632930489495,0.2301250098569604,0.2302175860437026,0.231313566436942,0.2330793227138548
753869,255,"Bloomington, IL",msa,IL,,,,,,,,,,,,,,,,,,,,0.1365355490740069,0.1363527188733695,0.1344178578424491,0.1352010259220567,0.1353214837342377,0.1377369295127617,0.1385860478762176,0.1383715029000671,0.1388308486478419,0.1381496616194785,0.1390885485698403,0.1386189896190296,0.1369649210494997,0.1362980847990932,0.13746701715495,0.1381167506220662,0.1382939623971019,0.1361189339005173,0.1366886315983184,0.1368193120174413,0.1372778811853649,0.1370300158255447,0.1370328927443439,0.1362256399240038,0.1335145925122681,0.1340971407607299,0.1344118230986091,0.1379331865601453,0.1383279591399678,0.136552961262167,0.1360795504681588,0.13602421186349,0.1355981149601078,0.137056673641939,0.1374142583773441,0.1386890411302134,0.1419755167434931,0.1427266311900915,0.1432261822499493,0.1409565514365426,0.1418699892121063,0.1452778271970358,0.1466272889570851,0.1469283285805611,0.1426752559837074,0.1425190379526126,0.1407464914128791,0.1427081110974842,0.1398330320326876,0.1420553839103822,0.1413259618179793,0.1441620889501945,0.1440499574875814,0.1433395531055151,0.1451783904083486,0.1458578182613299,0.1497228466708345,0.1519779577673595,0.1553378892292118,0.1559937624813032,0.1575928155564336,0.1593487485382624,0.1635607868048351,0.1681028593671791,0.1699062741863622,0.1708328950943711,0.1710219841023901,0.1726447003514628,0.1745203582009716,0.1761697394165891,0.1786074581928018,0.1795890527912723,0.1793076922417669,0.1785466582139695,0.1788435001427586,0.1795230561533715,0.1792546642428065,0.1795657906063245,0.1786098582590091,0.1799787147001172,0.1796624098217303,0.17689486568583,0.1751352642402306,0.1747288153688725,0.1787788209292788,0.1807626079879889,0.1822257321095243,0.1817398396225928,0.1828355603537739,0.1823864759120229,0.1850404940721366,0.1840799257126055,0.1833296301290587,0.1842314586039195,0.184653841774609,0.1852886770130177,0.1832811478606197,0.1836513371219161,0.1836230870661246,0.1840568778853076,0.1846059934508712,0.1846085091400138,0.1830465874157359,0.1834294120399833,0.1841153837523415,0.184804890668623,0.1853767056881894,0.1855050989982374,0.1855178472792777,0.1848601576708047,0.1844367427218483,0.1845147058582199,0.1839563411120778,0.18458280162776,0.1851741220651274
394944,257,"Oshkosh, WI",msa,WI,,,,,,,,,,,,,,,,,,,,,,,,0.1266139427300853,0.1297518810550654,,0.1276775393847211,0.1272844020688273,0.1269725392785978,0.1276297456361217,0.1277853839598227,0.1291369029654932,0.129490629228187,0.1323347480575015,0.1323290006721097,0.1336541004841486,0.1329166544591498,0.1338980292049363,0.1343583103863684,0.13273463429917,0.1328634957154504,0.133797228597061,0.1361476827809825,0.1365818586674203,0.1363803028525115,0.1347873630240316,0.1344418967628377,0.1341429967330279,0.134605477186235,0.1354854904739196,0.1360049246770888,0.1380946085859588,0.1389236441646642,0.1386679498173336,0.1369984392843345,0.1369668325171494,0.138162556013337,0.1396317928555318,0.1402214140808263,0.1403850445541911,0.1405001331055279,0.1400729488263374,0.1423863502492831,0.1412306630609399,0.1406569294835584,0.1396961927591627,0.1408617794481566,0.1410446011130189,0.1417639594817085,0.143290792847287,0.1437096460245762,,0.1442823161037716,,0.1431360725966837,0.1433435872385667,0.1463246977284923,0.146737547527839,0.1462156314474309,0.145629280169039,0.1475408949528505,0.1505704744913286,0.1509862909437908,0.1522467024530277,0.1522011546798406,0.1539433834108458,0.1554510673764905,0.1555187248400964,0.1554646702462655,0.1564082601501152,0.1580590887748665,0.1587936632873212,0.158897408703434,0.1594703201978566,0.1619856229460366,0.1617899481169396,0.1625004068375779,0.1626105506765041,0.1634093867527205,0.164074146962491,0.1636991899984492,0.1646270048572038,0.1656913129714666,0.1670369259405367,0.1688807145571123,0.1680921395483791,0.1678995123387775,0.166729950492149,0.1678750341475031,0.16823296884369,0.1697971672582,0.1698649690472832,0.1706819389450508,0.1696400399468534,0.1699778840252193,0.1713801414836822,0.1717020292146772,0.1732305675810937,0.1743575999103587,0.1768953364151546,0.1753287371298212,0.177057790109743,0.1763495517824578,0.1770244187278704,0.1775551983763918,0.1788177298531679,0.1788043041736985,0.1779618148047937,0.177938408594982,0.1781015592095178,0.1778522108476224,0.17736398739313,0.1784155048937611,0.1773515241068811
394555,258,"Eau Claire, WI",msa,WI,,,,,,,,,,,,,,,,,,,,,,,,,,,,,,,,,,,,,,,,,,,,,,,,,,,,,,,,,,,,,,,,,,,,,,,,,,,,,,,,,,,,,0.1595936733631969,0.1610592574294998,0.1603572557555961,0.1631356838891499,0.1646998533095235,0.1639160427896317,0.1649917029722341,0.1641754575504647,0.1675316217645479,0.1664427343925139,0.1682572071555082,0.1683236204597607,0.1689140714379877,0.1681795823131262,0.1655356951524956,0.1656505645343548,0.1657113554816352,0.1662257243631204,0.1670489362354147,0.1672380389826108,0.1671687341102584,0.1675029182067983,0.1671805816711856,0.1664258109063671,0.167695580367129,0.1687269861614002,0.1713621930133594,0.170906203375635,0.1708486797188226,0.17164463104896,0.1716604277424342,0.172735809893841,0.1727285693983402,0.172890287326931,0.1730127473366038,0.1725087766078074,0.173083049907835,0.1729293887831507,0.1725232978069729,0.1724670520031827,0.1724075943948674,0.1720380253239977,0.1717733218045677,0.1712718610012254,0.1711121368614116,0.1714292172287419,0.1716000696358472,0.1725011744931641,0.1715001380101658,0.171306945360835
394651,259,"Greenville, NC",msa,NC,0.2051207160163789,0.2043388080090984,0.2057289515952437,0.2044601379376039,0.2045856099577889,0.2057439996672645,0.205843368143572,0.20464211289398,0.2030237734500012,0.2023404234979131,0.2031634681124132,0.2034254074976617,0.2032891341695871,0.2022191106906194,0.2015894634887304,0.2025418438498216,0.2031846251674862,0.2031510880442114,0.2033638406812329,0.2036239346748674,0.2049795039281939,0.2062489098360996,0.2061876126529461,0.2067940898297588,0.2071793750293573,0.2085046494797983,0.2084602036919828,0.2080166270992649,0.2082261393430333,0.2087799609199752,0.2097380558257649,0.2102919361710033,0.208909156621452,0.2072263636966322,0.2072174062758477,0.2072411155726889,0.2082243598747768,0.2080060579926127,0.2082546215616302,0.2092607269576871,0.2090688857878992,0.2075456729588188,0.2062460697145015,0.2066250937536316,0.2086142777782779,0.2113044200908313,0.2100748683929991,0.2097973781269227,0.2088391505062766,0.2102864791637147,0.210580332668797,0.2102191037946118,0.2105829963253733,0.2123464990775921,0.2138284259576837,0.2142894124859589,0.2144577625707882,0.2142816396778439,0.216529510926859,0.2178517103264027,0.2193201041646939,0.2190412972032939,0.217988552569634,0.2172047216618605,0.215026491519291,0.2139022645679228,0.2145317130462408,0.2149367186545221,0.2175679253135002,0.2196061082029752,0.221549283399631,0.2225532895020883,0.2219045067635585,0.2231139136961852,0.224035307778176,0.2273083192193238,0.2299739856924494,0.2327752052958631,0.2308648184974411,0.2318252607579795,0.2344106896232004,0.2393785436459205,0.2403770311649712,0.2384926388626621,0.2387651098630835,0.2399872760279089,0.2418044894821361,0.2433787190818341,0.2440206861458248,0.2444676704074049,0.245289411780111,0.2463597134411722,0.2480487994620865,0.2491304617393302,0.2519318744510818,0.2532648510524518,0.2548930931308708,0.2546726581350293,0.2570594731416728,0.2561536662034366,0.2586980739591872,0.2591052282284419,0.261883413193903,0.2616853787959944,0.2623895891966681,0.2617400729936349,0.2630982850993877,0.2648382741317706,0.2664583552784758,0.2666116739318956,0.2655780314212078,0.2657651894977917,0.2656854667139042,0.2665751160596719,0.2680095235500838,0.2697752103972159,0.2701564253216402,0.2711658980976422,0.2726485562661264,0.2730796930602214,0.2713442426986464,0.270213164117549,0.2702231691860999,0.2708829740277603,0.2703441949639409,0.2704316579908125,0.269079481757525,0.2688912491991995,0.2698364539338614,0.2711482509803419,0.2708869122106762,0.2712625626898283,0.2727892455220632,0.2750279778014158
394428,260,"Burlington, NC",msa,NC,,,,,,,,,,,,0.1848512334203909,0.1849869624680393,0.1884442348541079,0.1885020803222158,0.1912041416124074,0.187332693466767,0.1864540971196,0.184084549987309,0.1844186170227869,0.185621230055236,0.1863912167764759,0.1868817428411908,0.1855764166477862,0.1851790160060312,0.1848180113945226,0.1858639188004636,0.1848601693313115,0.1855779407236009,0.1838252316680131,0.1838440676179978,0.1824959498912493,0.1810132981347037,0.1817294832192969,0.1836324022111665,0.1847828598896537,0.1840784550238275,0.1817287938732868,0.1805761898753717,0.1799288826441432,0.1800644378733351,0.1828673009110733,0.1831497520112081,0.1827191382599048,0.1819766124271483,0.1817328434317999,0.1818025694932077,0.1828077127236722,0.1846774731356984,0.186837342179827,0.1876249758963462,0.1883586085720006,0.1888190365895719,0.1881442432939682,0.1888414817155889,0.1902152408050326,0.1918767979417709,0.1922043139087123,0.1916598414862563,0.1909253672797337,0.1901110677269503,0.1894408155614996,0.1889186777243214,0.1881044198224696,0.1873733818885196,0.1883600953287688,0.1866059111680742,0.1871399725578391,0.1897215774902595,0.1947015338298014,0.1992866675234272,0.2017142973751989,0.2047234404910549,0.2038608242943716,0.2055075114985228,0.2077731506528332,0.211882280333848,0.2125699720071379,0.2136462023605414,0.2144589228891945,0.2163252632409756,0.2187565706385204,0.220622416747596,0.2227420916487011,0.2223254110094339,0.2263669186808316,0.2261430856167464,0.2266006146489227,0.2244493271131237,0.2259383055449786,0.2283825932959613,0.2287332723062692,0.2290808776054945,0.2305316264427092,0.232617509638778,0.2331139332191498,0.2314646731885495,0.2289487235142947,0.2285904235928498,0.2286777699765002,0.2303106803613121,0.2300688832560977,0.230878762226532,0.2314726592120001,0.23395071896904,0.2332083889654164,0.2329341071455304,0.2312004546239398,0.232472526994312,0.2338125035235768,0.2358740636526161,0.2365461790906114,0.2387403044450614,0.2368418411740038,0.2359675362278688,0.2362109246709546,0.2399257506420117,0.2418306022976431,0.2418120703569113,0.2405291416048363,0.2404973727663328,0.2412542646291114,0.2402807117714907,0.2399103229150914,0.2381201058949996,0.239911529437576,0.2402349406493238,0.2402949844396232,0.2373709299541174,0.2372216549689465,0.2380621948902669,0.2404211779935354,0.2406081037854854,0.2402051791756416
395210,261,"Waterloo, IA",msa,IA,,,,,,,,,,,,,,,,,0.1733815933840019,0.1719655105808266,0.1734003432042051,0.174556829630651,0.1750089503639688,0.173728190089859,0.1746887166590544,0.1728612577713353,0.1741694941135665,0.1736169834109106,0.1764022424070884,0.176134784592487,0.1756871385414591,0.1738778317882327,0.1732850885333186,0.1731179734590519,0.1738852501110527,0.1740526516772888,0.1725035473170952,0.1715072609232473,0.1702390322416243,0.170845317602228,0.1703272968379677,0.1691863020554301,0.1681625634844341,0.1682948829419069,0.1686902808993074,0.1681700814267352,0.1673852630532118,0.1667851559276459,0.1670136203842898,0.1674469522521385,0.1678051601839989,0.1670911371030441,0.1657222119356777,0.1663233693737989,0.1665879325255964,0.167641066455332,0.1676431462098447,0.1681886554816116,0.1682116990429254,0.1686136240998116,0.1689433975214805,0.1697848854407928,0.1704064915914507,0.1710411531017481,0.1681099563993355,0.1655082098889084,0.1634420352300649,0.1638378916585256,0.1646791753438811,0.1653170029748105,0.1665430276088781,0.1666209222131725,0.1667810648134505,0.1667689316433466,0.167690842949055,0.1689530865375213,0.1698875387255527,0.1712531306829659,0.1726306039364587,0.1725264608164719,0.1724915569958433,0.171210046280693,0.1722814852852953,0.1760286330213927,0.1804605604531358,0.1823334505936298,0.1824077489090813,0.1812725208119721,0.180447390185267,0.178965293962025,0.1781471851319442,0.1758770221013089,0.1751251403123862,0.1759246029979808,0.1765296963115421,0.1752437595422998,0.1737069227063955,0.1738894231886129,0.1739131908437287,0.1742890206788806,0.175210399009932,0.1765087065726835,0.176134726331598,0.1773536579548691,0.1771051309863993,0.1788251215535546,0.1786267917536917,0.1788673158745999,0.1773877959432956,0.1751647662736327,0.174321400987722,0.1734616616118077,0.1732333775879808,0.1728648599509233,0.1731464408136515,0.1722151629578032,0.1716620774545205,0.1686890330813345,0.1689080682015284,0.1685250397135706,0.1699825244654184,0.1693894722807034,0.1691456343534002,0.1692380432667894,0.1686380625654034,0.1680240168511207,0.1675529141869544,0.1674600287586286,0.1674813673133,0.1682064269206643,0.1677271683126188,0.1678260232970758,0.1673215015801534,0.1683238087280485,0.1688242881697565,0.1690845246442757
394480,262,"Coeur d'Alene, ID",msa,ID,,,,,,,,,,,,,,,,,,,,,,,,,,0.2093294242154366,0.2083808228211866,0.2105206355276658,0.2109273086205784,0.2113066023366293,0.2111913071323373,0.2097732161709648,0.2105524675472619,0.2104387417715172,0.2095532028709774,0.207758775018868,0.2071960302586692,0.2094257791046797,0.2112533617994867,0.211235561818516,0.2120555996744264,0.210437096597989,0.2105497489961048,0.2111827632283288,0.2114156381969103,0.2128929288795231,0.213903853200032,0.2135786058661511,0.2130770241613414,0.2133282647088784,0.2125101576489834,0.2115883625075,0.2107142218594155,0.211978613056304,0.2124453825010076,0.21321111896364,0.2141798607430718,0.2148465475558083,0.2160155129823582,0.2183149096799096,0.2203733488450545,0.2202125735885741,0.2155018252227832,0.2116268686260854,0.2091225999702027,0.207292596256109,0.2105754635336284,0.2144762067773351,0.2199985827830627,0.2260000880060052,0.231013557921676,0.2349871505727755,0.2352927661625339,0.2363361859315088,0.2391306174592606,0.2477098765731177,0.2564914920594609,0.2647127282812432,0.2658263390867837,0.2667274697284399,0.2696407445885951,0.2723952032243441,0.2764588926501388,0.2753498181393493,0.2763788955665807,0.278598907786757,0.2819658773432917,0.2832437240758619,0.2827891048355174,0.2805068203775847,0.2772766050264703,0.2734433725030601,0.2701208612578821,0.267586902758362,0.2643456872823116,0.2612236037648218,0.2591289236055979,0.2570830177342552,0.254949185677627,0.2503336483769063,0.2477199743992356,0.2461276831315384,0.2463563857527269,0.2458416539301123,0.2456496115779212,0.2459845455715223,0.2455766836415403,0.245907362628268,0.2454961313154346,0.2443194751944459,0.2425864714075428,0.2415214043890915,0.2400652279960149,0.2377559778541096,0.2369279580286096,0.2368971081516091,0.2366563274232532,0.235040361008124,0.2333154592676809,0.2321909625910446,0.2318992249028878,0.2312766277961564,0.2308963836684289,0.231195531055268,0.2312838311551554,0.2321541327421604,0.2315364596955296,0.2307404663043128,0.2299782134031041,0.2299170587753268,0.2303569589498181,0.2299687080531672,0.2295938014136808,0.229829566130634
394553,263,"East Stroudsburg, PA",msa,PA,0.1932725423031424,0.1939047066439949,0.1953683687252056,0.1959818659390964,0.1954278281738202,0.19521915506221,0.194256514476007,0.1957584117946456,0.1955117725944103,0.1954814014810652,0.195752729779113,0.1957378777982842,0.1962304892312142,0.1953312609079973,0.195553056729988,0.1950423716980085,0.1962493709436173,0.1971280392856419,0.1989015202306006,0.1989382831239915,0.199289394923594,0.1989036462804691,0.1980425946511186,0.1977559505405723,0.1977099875300508,0.1996498598573045,0.2000324002489169,0.1998762624291725,0.198966290773173,0.1991351983518839,0.1987912443078172,0.1992786706611557,0.2016933562723212,0.2038598933936795,0.2025163750741414,0.203129117546877,0.2040713253558945,0.2052640434036259,0.2053369781360124,0.2057516823317386,0.2078090266494482,0.2085929068599136,0.2086571483853496,0.2076518873199948,0.2065813254513233,0.2058119371918721,0.2074869033243109,0.2073123136754664,0.2067025504527536,0.2048254591094226,0.205052703327195,0.2054616763724966,0.2047222705579331,0.204550943117796,0.2050279765307061,0.2061729855506654,0.2064348460014388,0.2067263413192224,0.2069646591395816,0.207871628278154,0.2089507283366392,0.2102019495922273,0.212478427005535,0.2107969607038504,0.2083033099621522,0.2071663407394159,0.2077144976367784,0.2080220261695684,0.2103823240020855,0.2160794536857107,0.2186118924040632,0.217828579828143,0.217923042700291,0.2195189469884692,0.2205332342845923,0.2213487229981585,0.2235730618797678,0.2280321818731135,0.2303561430183249,0.2336113238206933,0.2332035198707324,0.2362823598468597,0.2390062085273102,0.2460684744102793,0.2480073660553511,0.2492886654607767,0.2511477165401359,0.2582505309440686,0.2640885263776483,0.2620823541591082,0.2598740476484856,0.259704251683204,0.2665384051566526,0.2690686187436335,0.2717248489335112,0.2720930950270122,0.2743336720918129,0.2771464088331721,0.2809247825875607,0.2828177788860758,0.2833856727604343,0.2860148205667464,0.2894151652398718,0.2901264658175099,0.2915169751072728,0.2944188297189848,0.3004660793665261,0.3043478950893071,0.305961554169614,0.3067663741496658,0.3051118813326967,0.3022230976808539,0.3013975509631891,0.3020431233335855,0.3030022790026006,0.3010192701518103,0.3028779158701238,0.3009914946641404,0.3042149242013042,0.3024408830987892,0.3020772474329159,0.2991679105260046,0.2994514619923445,0.3003154917563952,0.300598626744859,0.3007411226454671,0.3003934007034038,0.3030114715688518,0.3012426663052208,0.3024323319139524,0.2982975092593027,0.2993848741914554,0.2988181521871763,0.3004412839402149
395007,264,"Pueblo, CO",msa,CO,,,,0.1946463995816692,0.1941142453724857,0.1916144745487731,0.193137446676558,0.1953038952490536,0.1988658466301384,0.1998206462931957,0.2006986854025289,0.2007036526082815,0.2010981777207066,0.2007772386340706,0.2007221734709678,0.2012619562179955,0.2034461593501958,0.2048370766796626,0.2055109706766299,0.2047614333257378,0.2056344659136646,0.2057176196720512,0.2050749722525414,0.2064340798238262,0.2053633325744918,0.2055509220460983,0.2044722914823468,0.2069780148902564,0.2062320170359419,0.2060623903414241,0.2035947345119974,0.2040644315923132,0.2030397955928367,0.2047826510842925,0.2046211881996857,0.2039033830611372,0.2037725139502574,0.2035540483275185,0.2070856862923708,0.2053767665975744,0.2055077806441932,0.2037230828167326,0.2058296259135276,0.2077277347730985,0.2086859295216596,0.2082525716964317,0.2085246451805397,0.2070545457396057,0.207958053643199,0.2085817396836213,0.2069538915431589,0.2074855258697972,0.2078880729919995,0.2096098352820229,0.2094657683136343,0.2084645666450555,0.2091070145586345,0.2098129666377461,0.2109379303964054,0.2126386749456515,0.2125863918320067,0.2125736312878222,0.212293678167626,0.2120221162307096,0.2130605965407661,0.2107041748311155,0.2109199316784141,0.2101772837183483,0.2157937700304033,0.217551677322087,0.2213788877774076,0.2219148066271662,0.2225781183561226,0.2230986310512271,0.223375081500433,0.2254921670094939,0.2260602608968338,0.2262807426285734,0.2255903341977872,0.2279876686918016,0.230680836333027,0.2343905623381938,0.2353968489292094,0.2344646606767672,0.2312418799309208,0.2298024892143144,0.2307089088310676,0.2319301253682208,0.2316880709566268,0.2303962233612564,0.2299051715914747,0.2280315325782148,0.2278630109924819,0.2277012779939353,0.2304135700661627,0.2316009917991658,0.2343757370200989,0.233684955238072,0.2340081310283019,0.2324383073406874,0.2338749043266333,0.2345724430341231,0.2339017359383132,0.2345619673933318,0.2358347389327954,0.2380834395159925,0.2369500500125386,0.2364788559709909,0.2373660663435451,0.238781147428392,0.2381153332728925,0.2379979778848904,0.238812076485387,0.2391355647637722,0.2397617629354426,0.2396779697953672,0.2390507584104901,0.2387413885198222,0.2387997683891355,0.2383375059458861,0.2384841704172094,0.2393155355745021,0.2399277090504838,0.2408736333753632,0.2399794656643993,0.2399239206388313,0.2401503766683558,0.2405110633526057,0.2410966012097097,0.2409996319912536,0.2417175352054491,0.2427240720639522,0.2420486612049832,0.2412443572577221
394392,265,"Blacksburg, VA",msa,VA,,,,,,,,,,,,,,,,,,,,,,,,,,,,,,,,,,,,,,,,,,,0.2486703365573321,0.2526685578777681,0.2573409598984629,0.255726876629625,0.2535896770518761,0.2534127148358918,0.2492611072777836,0.254521568254878,0.2578652782412777,0.2601985715968529,0.2638097431439501,0.2649819728511352,0.2658603941667391,0.2654784808353322,0.2662444865613664,0.2700176958216115,0.2746272781116698,0.279397428027509,0.2899591210190003,0.2909111991677376,0.280261733143393,0.2724872390197629,0.2703127601307267,0.2683504981404879,0.2711349574002365,0.2753275246122769,0.2765312699359322,0.2792654999954672,0.279429123728883,0.2788017893653668,0.2758605892735216,0.2764090167562545,0.2789189528573809,0.2787093442771184,0.2787039947335274,0.2817363786904327,0.2831827079883347,0.2825485106956427,0.2801324240935803,0.2784260901785214,0.2821035649858077,0.2849685734658468,0.2865625749675806,0.2858274005350849,0.2825361972295728,0.2840593642488484,0.2831474768552493,0.2804003294045504,0.2768361043039587,0.2782593323568075,0.2809243528762973,0.2820862965894147,0.2813376360437317,0.2814283127443653,0.2824186277502964,0.2824010346083681,0.2843446942112564,0.2854471260821956,0.2890281996922695,0.2911017991428243,0.2914301822931562,0.2880550235364966,0.286232321605914,0.2902984698412342,0.29365205889762,0.2942721914323036,0.2924035671963879,0.2919401382672576,0.2938368606548261,0.2929243551530677,0.2960496778247175,0.2948074166590069,0.2969221900789583,0.291526878065615,0.2934402447453642,0.293837898924744,0.2964657402595606,0.2963281565714706,0.2964625360436654,0.2975157262345869,0.2965494211604447,0.2970966473508274,0.2939516611812079,0.2954777133826077,0.2955824030512882,0.3020131627677246,0.3019640309288681,0.3004788802122882,0.2978790821676331,0.2985697194681687,0.3002181321968487,0.3008328248788337
395215,266,"Wausau, WI",msa,WI,,,,,,,,,,,,,,,,,,,,,,,,,,,,,,,,,,,,,,,,,,,,,,,,,,,,,,,,,,,,,,,,,,,,,,,,,,,,,,,,,,,,,,0.1399847305775821,0.1428607781466084,0.1421065995751941,0.1401940037843218,0.1415161658473763,0.1422107788529297,0.1440775625944405,0.1425978377964527,0.1407974847685867,0.1402528810272116,0.1425735687860861,0.1450878611027566,0.1458363053561223,0.1442152683139058,0.1430522560495012,0.1418484064905779,0.1412868538008461,0.1412557403775039,0.1415821044310523,0.1417369187549943,0.1425523657201826,0.1420224875529284,0.1410288849043963,0.1374106892952346,0.1378054333958336,0.1387705775503179,0.1405443926627133,0.1409675040861655,0.1400496546441394,0.14067233670849,0.1415754164876433,0.1424671198227831,0.1417042999423284,0.1399172151593833,0.141219525335514,0.143096101715943,0.1432029902871681,0.1427623587331379,0.1420138157841501,0.1424999245509152,0.1433810773821817,0.1430756448908296,0.1422752408850926,0.1422628900536127,0.1432441193057009,0.1453918305246037,0.1449719136686566,0.1452023133404064,0.1451987855968242
394731,267,"Kahului, HI",msa,HI,,,,,,,,,,,,,,,,,,,,,,,,,,,,,,,,,,,,,,,,,,,,,,,,,,,,,,,,,,,,,,,,,,,,,,,,0.349358613759283,0.3470153838339332,0.3672387398717543,0.3796837988923801,0.3934436505119274,0.3998114192353411,0.4121767307187965,0.4125184958756274,0.4160956611366762,0.4156696964330555,0.4173395173722836,0.4260802021401313,0.43343471300599,0.4336963552378998,0.4242851306298216,0.4199919732114048,0.4236187253369621,0.4184313396967417,0.4120302973261856,0.4051772860317902,0.4064243605988688,0.4076661577638742,0.4085027786730117,0.4183883945112904,0.4271048847186608,0.4277288658238605,0.4152791880766518,0.403880764392232,0.4021165857087522,0.4076457475971859,0.4090033917343146,0.4165738063100772,0.4179530862558419,0.4256763811464068,0.4316892239273475,0.4306696165502514,0.4245360810548473,0.4250576454020202,0.4392165214683677,0.4496371740462535,0.4488371694084604,0.4412687962678142,0.4416257458411401,0.4392199774501716,0.4368247932152417,0.4265523245411954,0.4208966823963642,0.4173893184989054,0.4225816029151328,0.4241703606293063,0.419532493032895,0.4163326771993085,0.4144119437707576,0.4153759914552656,0.4138967168101074,0.4117192979951268,0.4104623559165041,0.4119303001713338,0.4108701740076523,0.4092105179484364,0.4034963911528782,0.3988733991029894,0.3950597378084686
394720,268,"Janesville, WI",msa,WI,,,,,,,,,,,,,,,,,,,,,,,,,,,,,,,,,,,,,,,,,,,,,,,,,,,,,,,,,,,,,,,,,,,,,,,,,,,,,,,,,,,,,0.1724649964100145,0.1717888952021918,0.1708858546038178,0.1704124311801093,0.1716886463164343,0.1715920888520575,0.1725996736147202,0.1705024667693937,0.1715594292048837,0.1717520426664571,0.1736538822081591,0.1740787382704139,0.1742019695766689,0.1748569352229036,0.1765451741760885,0.1788096093643418,0.1810525194411628,0.1827900391211066,0.1834707391430969,0.1829345382633681,0.1831136090109099,0.1848875540055166,0.1857728733719839,0.1855947908119871,0.1838825521131902,0.1870498500406795,0.1876902729762549,0.1888692227289653,0.1871536919692157,0.1863473191302819,0.1882719243197804,0.1912307953520202,0.193794565529821,0.1929977626175859,0.1933148085625284,0.1939840540828558,0.1972344614623579,0.1974767948663421,0.1978030961070517,0.1973084314962856,0.1987650860627276,0.2002557788179773,0.1999441818749121,0.1999596342359029,0.1995536248493203,0.2009899510854753,0.2017478138989571,0.2027730886699614,0.2022918492431653,0.2015254684036023
394393,270,"Bloomington, IN",msa,IN,0.2406960830265401,0.2406902250222103,0.2398239421985708,0.2411605060755004,0.2410110538684014,0.2421011795601379,,0.2405401397421695,0.2412181836168562,0.2404577792092761,0.2418712392616864,0.2406687165585236,0.2383378767846364,0.2365726814854192,0.2372670611207444,0.2384070591834053,0.2398689168033004,0.2371440083439597,0.2369032205408264,0.2375464119160998,0.2388756650401147,0.2388797557839185,0.2389291970320426,0.2400461361269051,0.2416534998900817,0.2425110715818991,0.2434590709799704,0.2433917108378097,0.2444454038478734,0.2440547517021021,0.2451672078524452,0.2437489471877533,0.2437747604226102,0.2435572890918819,0.2439080301683145,0.242755742544461,0.2415361846958243,0.2404527763519861,0.2394338281597827,0.2390718314086606,0.2383061875020684,0.2389283301633455,0.2379705536295031,0.2376817305650414,0.2373218898902127,0.2366306151002438,0.2358558282232754,0.2349851768238667,0.2338773425515911,0.2342255900435654,0.2335310863861043,0.2325963405134108,0.2315395953465398,0.2314014131702657,0.2314227961204615,0.2320183017980837,0.2326531892539174,0.2340472917293691,0.2351167718525492,0.2363460858871445,0.2375843437680823,0.2375072816463831,0.2364270897081382,0.2348744424673232,0.2336917837147812,0.2334110945116738,0.2327965509719368,0.2319436638171851,0.2335543189681103,0.2348233562165071,0.2361098414602534,0.2351316264359077,0.2334958488986543,0.2312499593853171,0.230421704882422,0.229074954314443,0.229765925219977,0.2309242808622239,0.2313915168537018,0.2343855734401828,0.2394468131620501,0.2465147925973944,0.2512994799366246,0.2488911332509776,0.2490638724963048,0.2511611590045114,0.259893006117351,0.2649328352882051,0.267705530260404,0.266555483099472,0.2696066126090997,0.2707412018134154,0.2694511221750773,0.2649941806209227,0.2615569397609786,0.2651340950629646,0.2642809309980372,0.2649077810815725,0.2592726760343676,0.2598299585153426,0.2576595113673514,0.256119417640144,0.2534916530542656,0.251062600618633,0.2505606980133507,0.250321212833356,0.2511328965945993,0.2523783155259602,0.2533029827863436,0.2524941037644264,0.2508487383747603,0.2506618857832275,0.2510603795607242,0.2515145024765841,0.2508175116860097,0.2499377100735421,0.2505035013582717,0.250863633384918,0.2522627330139285,0.2502877760531204,0.2508283009220532,0.2510613055616316,0.2526338227567574,0.2509354315248495,0.2504228854123083,0.250728153412547,0.2516608810325103,0.2528199745934937,0.2525444538067105,0.25273237177161,0.2513983704511205,0.2509879899369617,0.2495588451696124,0.248782146488864
394930,271,"Odessa, TX",msa,TX,,,,,,,,,,,,,,,,,,,,,,,,,,,,,,,,,,0.2479303969181788,0.2550774292410006,0.2605844879204119,0.2665362201888001,0.2682129983626653,0.2738511075951723,0.2797324224462168,0.2744371308012817,0.2762758736277431,0.27708247019076,0.2900957218220684,0.2922185364132438,0.2957237888319933,0.2910625174263492,0.2913525880650129,0.2946238520415297,0.2930387843475737,0.2929955912144978,0.2903877292995764,0.2926525684698665,0.2946765712816187,0.2960551188391911,0.287305652119535,0.2847964956833327,0.281017624601646,0.281381420123636,0.2795845595671775,0.2747312460740546,0.2745051920026758,0.2738160903811685,0.2668158498492547,0.2557019257271509,0.2443697696630994,0.2415783542049643,0.2404846684834567,0.2391564308464984,0.2354777222825531,0.2370062822166559,0.2331132758422257,0.2329827390468181,0.2316910158309856,0.2324990091597226,0.2338945499862332,0.2327068435193965,0.2315864032743413,0.2265932607651659,0.2261043674693069,0.2307038007680721,0.2375823769594791,0.2402326974997568,0.2412634937479953,0.2395583251100247,0.240135887813996,0.2407043849312253,0.2442885992131623,0.2491361312261562,0.2530445886216555,0.2573051423880396,0.2585139351225613,0.2582869214869893,0.2578408795662872,0.2577575007478299,0.25726381018121,0.2559096594907172,0.254523462538847,0.251846870638124,0.2507727174940703,0.2506796084279275,0.2511837391422495,0.2514527502869954,0.2513733430450804,0.2513151890705222,0.249754967747927,0.2490579873105066,0.2480375268352589,0.2483502333652674,0.2474832325207962,0.2483355679575556,0.2449036303479626,0.2421307780745546,0.2385178332244414,0.2383031547163263,0.2398999003402726,0.2409489179719365,0.2415126192807864,0.241337886386954,0.240149481652944,0.2397597377654358,0.2390123821004326,0.238714989105469,0.2399676853597852,0.2400506425090857,0.2407443365344084,0.2390095090992523,0.2364412644224527,0.2347127473405864,0.2339151955003773,0.2331818822243419,0.2330509282413861,0.2321909098672912,0.2319210935246088
394710,272,"Jackson, MI",msa,MI,,,,,,,,,,,,,,,,,0.1431548257073502,0.1452174163490043,0.1453970306840571,0.1461148234544333,0.1464101700301108,0.1476058887571567,0.1497811565630385,0.1484583386189363,0.1492676334082694,0.1496333242633488,0.1597468457136587,0.1631268670049355,0.1641279180159063,0.1585886935460983,0.1597411008180401,0.1587848718065311,0.1585804073128335,0.1573111072298873,0.1597243329237777,0.1597321920468275,0.1591826510900273,0.1571579248683641,0.1532587894518157,0.1536455298478878,0.1543744618017961,0.1555075701423878,0.1549730723426291,0.1557193709430834,0.1548347260147488,0.1541455602747873,0.1528814035019328,0.1556462035862085,0.156926012123885,0.157744680263031,0.1561630316603479,0.1549823340117769,0.1545897185574024,0.1564331238903562,0.157040769206388,0.1575908070010259,0.1594245341698417,0.1614737778557488,0.1620600504638992,0.1614560539559266,0.1618138631616874,0.1628732400506605,0.1630885151808545,0.159769917584397,0.1579222113593453,0.1586887519334086,0.1637472101225581,0.164026124383512,0.1656643762929669,0.1627963072475113,0.1638406910253325,0.1632088734433527,0.1627524624763996,0.1641517416042324,0.1632021702166022,0.1671792759048619,0.1713107643677273,0.1740860979221608,0.1744043645995738,0.1750896485663867,0.1792797116913745,0.1804539238645321,0.1819214249098582,0.1803341426184624,0.1823304078166273,0.1795822657325236,0.1821287146928248,0.1839930584622381,0.1844605699438741,0.1829181029453191,0.1799490960352546,0.1818494987417165,0.1823608389561029,0.1851902940759837,0.1856299332042391,0.1873527855836532,0.1904858168120883,0.1946342163494872,0.1957001904861325,0.1924841318782254,0.1902223053432158,0.1947872845681578,0.1944808515867836,0.1927420977961637,0.1859634507111694,0.1909218311058557,0.1933208141311375,0.1962057774857322,0.1920836175387575,0.1916501795077636,0.192239432204483,0.1927478649307625,0.1958872298924412,,0.193817976378545,0.1931869703210006,0.2022210658476936,0.2004310508823184,0.2001721283955388,0.2011876091838575,0.2015287934311059,0.2030903241341878,0.2029254197239758,0.2046570393118659,0.2040529372732438,0.207117660621565,0.2061405020467436,0.2077165574564493,0.2044778188665492,0.2033956453997145,0.2028005571895041,0.2004435402699223,0.2013675037022933,0.199351726801953
395125,273,"State College, PA",msa,PA,,,,,,,,,,,,,,,,,,,,,,,,,,,,,,,,,,,,,,,,,,,,,,,,,,,0.23244598225898,0.2334524095628846,0.2353437097180974,0.2348806119306877,0.233780192385502,0.2349536825460305,0.2332239912096503,0.2350232753536113,0.2342499843490627,0.2374670581325823,0.236042657965829,0.2384888417455803,0.2366750443151538,0.2327642564424082,0.2277686981903159,0.2285681592892381,0.2277739746271032,,0.222931187324603,0.2245362381762963,0.2273137056540101,0.2255883136671368,0.2245024909155041,0.2239467412924952,0.2278332147439355,0.2310096163805316,0.2334552312876889,0.2332870595893232,0.2324353285921527,0.23254777428477,0.2378374474220122,0.2397092869948675,0.2420767691711369,0.2449269861232262,0.2461606267989089,0.2437666261592151,0.2405971118082878,0.2401629753925285,0.2416986558396475,0.2422020311296063,0.2428154814408492,0.2432057207288544,0.2412219267408386,0.2396410504877791,0.2373016979845283,0.2366311430977642,0.2374430680267026,0.2390293094316543,0.2405807636446368,0.2409287113123559,0.241267474177371,0.240174154218639,0.2385019384091853,0.2371052751232077,0.2369426159592503,0.2375279175601185,0.2394499340831059,0.2391792143702871,0.2372898129423786,0.2361941842241039,0.2339645270515493,0.2337713164375617,0.2328031986318036,0.2337900153539126,0.2329085725885209,0.2315190869875197,0.2291362372928099,0.2289740283721615,0.2284004352682873,0.2297965364224102,0.2302886808648729,0.2309369181787516,0.2320913040893906,0.2317059217668313,0.2315611190334235,0.231006770596791,0.2320909959679643,0.2334049654227273,0.2352678906751633,0.2351349068684164,0.2348288912682116,0.2336707550335436,0.2341529721604211,0.2340787809250769
395079,274,"Sebastian, FL",msa,FL,0.2273491327756803,0.2324720602799696,0.2355991977277751,0.23660666356531,0.2379971108039557,0.2379323100820768,0.2391988867259485,0.2416491314076319,0.2421344265402949,0.2453038999263972,0.2504578771693601,0.2530106103908118,0.2523393549819628,0.2473399921170926,0.2475078999345923,0.2497692947843076,0.2518057885379739,0.251702214099085,0.2527668407306059,0.2547636348171975,0.2548179779182977,0.2517201393048902,0.2538164394030993,0.2556258579969636,0.2600347446866622,0.2601506965503652,0.2633566112230412,0.263365317845252,0.2615173713547838,0.259092030794087,0.2575334998392337,0.2587939858737161,0.2622168069929426,0.2635373487037173,0.2625122446943149,0.2642616065011364,0.2655788349050481,0.2678152350314309,0.2624339489191818,0.2604797573081239,0.261105124956424,0.2620544539804748,0.2647143429680527,0.2592853327807667,0.2559727664325372,0.2508561046787284,0.2513182304258989,0.2470358120761511,0.2452767260422625,0.2417454521107433,0.2425387232340369,0.2419323618025646,0.2404639718137573,0.2400749814234052,0.2380082372301319,0.2401149658495963,0.2413801243032492,0.2455664432794544,0.2457658548045614,0.2481614848833723,0.2484305232108487,0.25042769894436,0.2537444762404697,0.2546641596294127,0.2533771386224959,0.2525113995397248,0.2514411797955186,0.2554762014929882,0.2603359213760883,0.2661433378751977,0.2664230331589324,0.2636361662909455,0.2637627492125076,0.2638634701076279,0.2690848236956465,0.2730920203240224,0.2757594067667786,0.280370495220802,0.2883055135113069,0.292640463001929,0.2980766578631265,0.2988524137325771,0.3136226562785759,0.3242962760457002,0.3353335822088739,0.3363905599659702,0.3384436181486732,0.3411764467473276,0.3438315319750955,0.3468601088016868,0.3423779511844063,0.344963652039373,0.3416467308098914,0.3497678329649302,0.3451096976039001,0.3396905274415887,0.3338788831027076,0.3352491255547475,0.3359550349386732,0.3349160227547181,0.33675228635287,0.3332269686276961,0.3326692005482584,0.3288196404038317,0.3341995475337388,0.3317277588839266,0.3312877906623838,0.3276265532133901,0.324386481388297,0.3214866616684215,0.3207435916258561,0.3184898935413317,0.3158120004902983,0.3136199571322597,0.3140243494886404,0.3122241688416751,0.3120945442321692,0.3103007699619926,0.3092613975813856,0.3109655392820443,0.3117224717274816,0.3110379440307403,0.3094254202038452,0.3092287447969205,0.307977033567561,0.3085534072102578,0.3069760023865091,0.3071796444057406,0.3031264234632266,0.3017498662317943,0.3005453772853939,0.2986334638410408,0.2976741451635296,0.2964630583557748
394814,275,"Madera, CA",msa,CA,,,,,,,,,,,,,,,,,,,,,,,,,,,,,,,,,,,,,,,,,,,,,,,,,,,,,,,,,,,,,,,,,,,,,,,,,,,,,,,,,,,,,,,,,0.3445259244424425,0.3504882567863751,0.3526340762879673,0.3558994864478341,0.3538913751345053,0.3538316199950746,0.3552841393450981,0.3620062099571776,0.3638301875197242,0.3681283805196013,0.365701196177404,0.3710004984251314,0.3641968885695514,0.3644998248456454,0.3610523113055997,0.3628373918259966,0.3644977562501834,0.368794997255673,0.3748533308472621,0.3823858746656023,0.3825622774902414,0.3843866636599801,0.3784676778800414,0.3770457500341799,0.3762599968043676,0.3769902129274456,0.3804123060220546,0.3787141918816943,0.376277882187877,0.3713512626897221,0.3720004112579478,0.3714604919249068,0.3751745372745076,0.3717763568473286,0.3768516961988906,0.3750065937400477,0.377922739910683,0.3772707921324886,0.3767902620847029,0.377107915453041,0.3787846228734303,0.3803182203678339,0.3766057429710712,0.3721248406960935,0.368047174899054,0.367731275485853
394523,276,"Decatur, AL",msa,AL,,,,,,,,,,,,,,,,,,,,,,,,,,,,,,,,,,,,,,,,,,,,,,,,,,,,,,,,,,,,,,,,,,,,,,,,,,,,,,,,,,,,,,,0.1701613609225445,0.1725452939487287,0.1753606326746509,0.1747744287674876,0.1734210650252595,0.1721632511819347,0.1733113547066293,0.1733282110149035,0.1739677801675358,0.1749714943408906,0.1769195051035328,0.1778908877932522,0.1772369587884492,0.1770325628770468,0.176084437160329,0.1757364068559013,0.1769136734468677,0.1782761672665834,0.180094698537495,0.1814677417891132,0.1821505030659413,0.1829213474443944,0.1808165600057726,0.1816469609314193,0.1816165548352458,0.1819263780101527,0.1823521865408275,0.1821790450898,0.1834142391816603,0.1823567764170758,0.1830233119377189,0.1819237501500322,0.1826215382325116,0.1812456389902652,0.1832699968430924,0.1827599537716144,0.1833440631446461,0.1828937442935969,0.1826175192470036,0.1833483120781797,0.1823934156033755,0.1829700558685188,0.1818373367628588,0.1824510870473518,0.1817637551978562,0.1824067860524628,0.1817298506442891,0.1818336257042231
394453,277,"Chambersburg, PA",msa,PA,0.1471611384964885,0.1481923499351515,0.148076499447317,0.1490813950923549,,0.149863118898101,0.1495871111118804,0.1495533293423394,0.1484465491226229,0.1483706456838971,0.1489525442320701,0.1485079081814665,0.1488104460676621,0.1467107246000431,0.146441494411213,0.1449248121540781,0.1449003286182106,0.1454189344189884,0.1450837870521086,0.1446532073172401,0.1436935059499768,0.1444318719103167,0.1441878872212001,0.1454594851765591,0.1447790347057364,0.1452473386596226,0.1451305880901252,0.1452421952437987,0.1454091862412475,0.1444109605125045,0.1447346911828964,0.1455762696984274,0.1462840842641639,0.1457384155592326,0.1459520236913412,0.1457466513926595,0.146358682177185,0.146271384911037,0.1458463065952263,0.1463219723900286,0.1462581907726366,0.1471823020473672,0.1470697511275479,0.1474894813221478,0.1481132177038299,0.1480299115102129,0.1481662377066904,0.1490184259205144,0.1500994049624615,0.1511336660513781,0.1524836044070957,0.153257112123139,0.154129148927132,0.1546897776188684,0.1555963957301654,0.1558089341105688,0.1560047484001138,0.1569815818939647,0.157601355016813,0.1577875579255828,0.157768613018021,0.1576507700137535,0.1589846747546717,0.1569083412980758,0.1546415822527032,0.1535862827389984,0.1545014199379664,0.1547827375306318,0.1567192228768603,0.1579213950703926,0.1590136404500443,0.1596456533950933,0.1578954553147129,0.1567650084430048,0.1593125580459728,0.1646831122330976,0.169630880946225,0.1694943429208679,0.1657127484712731,0.1648835288621316,0.1648429981373737,0.1674309717585624,0.1684311916918932,0.1679975081508996,0.1686112855432509,0.1691657002712979,0.1656412918199944,0.1628652345185957,0.1604663893829412,0.1615723978384254,0.1634209480981187,0.1633999747720558,0.1645439392996755,0.1644052628550075,0.166162944179372,0.1665309763614698,0.168079679123926,0.168912111232014,0.1714992304830606,0.171910584437366,0.1724114922520596,0.1743034161242957,0.1746987655922013,0.1761737783742494,0.1760756173540635,0.176894070983989,0.1774686694436584,0.1780519394697165,0.1787608457440392,0.1776143234562713,0.1780111205910916,0.1781203008899399,0.1801248765804402,0.1799520743477662,0.1816246576779442,0.182958600807307,0.1833941711287495,0.1846325736407746,0.184911603814005,0.1869612765547508,0.1855470361663119,0.1865415858942835,0.1864823909825589,0.1874080816078007,0.1867500514014136,0.1866707692775063,0.1858504753870554,0.1850676574013191,0.1855891263898066,0.1852328365261014,0.1853160705807574,0.1843332304939563,0.185370494181494,0.1855762344418405
395193,278,"Vineland, NJ",msa,NJ,,,,,,,,,,,,,,,,,,,,,,,,,,,,,,,,,,,,,,,,,,,,,,,,,,,,,,,,,,,,,,,,,,,,,,,,,,,,,,,,,,,,,,,,,,,,,,,,,,,,,,,,,,,0.2657146643406048,0.2647437879501914,0.264988758798878,0.2606829483476683,0.2609682744041356,0.2607074936661452,0.2611420135402113,0.2638378511459338,0.2669485144411202,0.2672050706795815,0.2673522958204994,0.2679421843511194,0.271441006154488,0.2703784778119526,0.27084201641701,0.2718261258462168,0.2738404689125521,0.2743074812812267,0.273768733044133,0.2726970123666127,0.2712713474054829,0.2700340571136121,0.2697797248595908,0.2703229217934574,0.2683981827711215,0.271135459422041,0.2731963974967648,0.2773232974252017
394703,279,"Idaho Falls, ID",msa,ID,0.1574268248444438,0.1573906863206393,0.1572866014766387,0.1572816971978978,0.1552195255903236,0.1542442312015381,0.1534862728914479,0.1527063339639689,0.1545503286474633,0.155983671604932,0.154506669480833,0.1546858710245075,0.1539529777415706,0.1551683967585001,0.1558059693889897,0.1562398562397306,0.1576456679992599,0.158011262035771,0.1592426399632075,0.1607611230331619,0.1599559963899633,0.1600140083283939,0.1593381129433136,0.159804744851938,0.1597322575050975,0.1614596881989164,0.1612979281518881,0.161637329940063,0.1608130818423399,0.1616647979374108,0.1618097495448409,0.1622393295076814,0.1645232937922318,0.1652773139635418,0.1676400748262264,0.1673116549444847,0.1700810549384979,0.1699350578085382,0.171204889128719,0.1707196193982288,0.170909266779442,0.1708527886232312,0.1707051242836164,0.1715133626113621,0.1724770671934885,0.1735552024636736,0.1743507462618084,0.173903044745275,0.1729277279469054,0.1707393506451268,0.1702201455656889,0.1707128976035712,0.1711938086815493,0.1714109826016854,0.1719043224954211,0.1716124092951543,0.1714532367866498,0.1719629487780454,0.1721075336065936,0.1737396818604535,0.1743676310575355,0.1767572997150565,0.1747544263505644,0.1739170442243396,0.1718367906475364,0.1729568421494023,0.1735122487654286,0.1763496221998006,0.1783318423367709,0.1822049411529739,0.1847920423145785,0.1840742051745407,0.1836755848114986,0.1853093249992337,0.1902038473026005,0.1926154485228513,0.1953241529158294,0.1963352837646344,0.1990051904724127,0.2012053720274854,0.2070736914025735,0.2113354240207628,0.2147766039345951,0.2157963089707505,0.2165863761640452,0.2160173890267256,0.2149087276600066,0.2165292097492008,0.216505573905963,0.2167838008052754,0.2145396014022398,0.2136454461021791,0.2115384663027337,0.2098821610962593,0.2086051148070079,0.2080831973142486,0.206380673613767,0.2055776172529227,0.2050380600174532,0.2040849707550204,0.204637926585947,0.2034709596840833,0.2040561572087354,0.2022866270909637,0.201710267918947,0.1999888385653165,0.1985390022247109,0.1970716352714182,0.1968149400021621,0.1962789997201859,0.1951275111621393,0.1929312233027012,0.1909088923897949,0.1902427151418894,0.1890370551778317,0.1890211132955666,0.1881849416412848,0.1880572848509674,0.1868414157074167,0.1850960931777809,0.1845245359093322,0.1840936734894401,0.183623248136165,0.1836370889061431,0.1832177245027673,0.1827892373451367,0.1824265265969958,0.1819763301336444,0.1818235680294984,0.1816325281774578,0.1820704001370017,0.1827162696800922,0.1826758683220135,0.1825979140280119
394639,280,"Grand Junction, CO",msa,CO,0.2084372233349756,0.209237785365125,0.2089453865449136,0.2095004744345871,0.2109188932507252,0.2116169339414803,0.2114860784035987,0.2108615485382915,0.2107417465457337,0.2111401443888971,0.2115372932394039,0.2113893470078148,0.2110945784907953,0.2112570935915827,0.211511808079403,0.2114729945987012,0.210811529886379,0.2113294376901259,0.2130597705416418,0.2141333099023909,0.2158688705369738,0.2163731047179173,0.2166119820149149,0.2158899243537998,0.2174159423102318,0.219379302462064,0.2218171956726348,0.2226658424273802,0.2248652080928966,0.2258756807092466,0.2261935235408361,0.2251770855448217,0.2238067391207702,0.2240175345778201,0.225015455467286,0.2256087890637352,0.2246048656889398,0.223419126373669,0.2239631381660758,0.2238343014004161,0.2235308923190845,0.223094441991405,0.2234367142581731,0.2237393857471251,0.2230122628288487,0.2234819594215827,0.2237013876733173,0.2255159863090583,0.2246575320015379,0.2246900650042803,0.2237306304015104,0.2240697592265803,0.2239735624943977,0.2239885942920553,0.2234662207426662,0.2237333677838086,0.225131519360842,0.2251456232316001,0.2248825177845312,0.2230748474124925,0.2233973792272374,0.2230216750202766,0.2189772855357891,0.2160754104439962,0.2146910098805462,0.2170532489326446,0.2173927143251604,0.2173062233338213,0.2194486264501446,0.2236819595954443,0.2264650366193963,0.2263064493902772,0.2265121397771827,0.2266357762953477,0.2299555990229023,0.2289215573688946,0.2309975545007067,0.231237348001898,0.2351976507486335,0.2372298103126624,0.2428631722014111,0.245049278123756,0.2515594299101578,0.2544576049200859,0.2554115658903693,0.2569363289096021,0.2584462004365946,0.2661508867364145,0.2660617928223914,0.2672609916841504,0.2641606167646964,0.2650371593191896,0.2629284436083529,0.2632761122611122,0.2625638859305567,0.2625139840619127,0.2622523669434666,0.2599529018308573,0.2588107579549602,0.2575850408408238,0.2584660941178198,0.2560216682916619,0.2549093081631611,0.2531555213523693,0.2537936815151161,0.255897537345354,0.255073333052572,0.25404755126523,0.2519716087899588,0.2537829051529244,0.2559489040728256,0.256785140309759,0.2569629056855435,0.2564519019473876,0.2573561495203778,0.2567655964583277,0.2569880530705191,0.2562115106628404,0.2569143442327736,0.2569748975188363,0.2582629188061748,0.2573484134001146,0.2562667027186663,0.2551687268085539,0.2548887258724218,0.2562281345469571,0.2564981322605796,0.2574781767277312,0.2574104163269092,0.2570566323274814,0.2570017423526406,0.2573495492495642,0.2577335124408359,0.2583374776301679
394563,281,"Elizabethtown, KY",msa,KY,,,,,,,,,,,,,,,,,,,,,,,,,,,,,,,,,,,,,,,,,,,,,,,,,,,,,,,,,,,,,,,,,,,,,,,,,,,,,,,,,,,,,0.1894275373671718,0.1916354323850058,0.1901009999364591,0.1879096561058179,0.186827577374447,0.1877233070410983,0.1896745457298534,0.1911306024236686,0.1958820232661929,0.1975468178705341,0.1973481363342742,0.1985188340358527,0.199442345716594,0.2021489909384879,0.201937216689045,0.2030397834176328,0.2064972679056258,0.2083709195583276,0.2082783238319362,0.2080778895782602,0.2078644201677853,0.2097320791119347,0.2117176808074012,0.2127903848682124,0.2119012709664271,0.2095539569855952,0.2113757799802526,0.212200022561318,0.2115211514371678,0.2081689283417241,0.207984133091404,0.2077078272821867,0.2074346790845093,0.2058474797443034,0.2078058760303417,0.2065906708746518,0.2060811084171277,0.2045115477437343,0.2034212887156531,0.2025346670623699,0.2014769075136266,0.2027990869860942,0.2024798430750486,0.202498621342017,0.202337252696893,0.2028765663165785,0.2010670162137467,0.2016384528720469,0.2025264873848046,0.2045899921874928
394917,282,"Niles, MI",msa,MI,,,,,,,,,,,,,,,,,,,,,,,,,,,,,,,,,,,,,,,,,0.1964017266147337,,0.1917246780461404,0.1893838062174944,0.1898846665674584,0.1917143401054453,0.1904080841172504,0.1923343350091952,0.1911192532639582,0.1913562029510059,0.190185340365028,0.1880008078398168,0.1879304851559356,0.1873218594479775,0.1896598442389943,0.1885047482311473,0.1892618886630938,0.1894586073465104,0.1920555583983409,0.1924026254271745,0.1954215079864231,0.1967358130243855,0.1984752297168039,0.1953051980253171,0.1905826185593582,0.188266874569234,0.1865798940085332,0.1873061442656088,0.1875921174516802,0.1883920592758314,0.1894120299633816,0.1885399577468809,0.1874362832334188,0.1852402223566015,,0.1904620734194379,0.1931590454507047,0.1909559500765909,0.1902165827059471,0.1898421156022357,0.1956029386153462,0.1992284077679509,0.2007405976296201,0.2018099666717935,0.2009137186170093,0.2014788165866798,0.2013306395126252,0.2018336155228127,0.2038727963700604,0.2068726050014969,0.208540635154161,0.210154107488589,0.2069988723704131,0.206933419023373,0.2062904923621013,0.2059289491985541,0.2063842107651763,0.2079129886669048,0.2054281829241425,0.2042092330444755,0.2034773976194115,0.2036919054847653,0.2029352892983413,0.1996285429020833,0.2000804868960813,0.2024494855594694,0.2044863072286868,0.2029827637951483,0.2009228509403676,0.2007825447478362,0.2018824208968863,0.203940117166991,0.2029640751191996,0.2023018106062432,0.2020158663981941,0.2014992058219435,0.2033603627971373,0.2018177898243518,0.2017390228163717,0.2037645308639573,0.2059736579008858,0.2057173290608729,0.2061791894623075,0.2050852307661309,0.2057428238865575,0.2058285885981862,0.2062933389966737,0.2081599670231075,0.207549630040026,0.2081281363261396,0.2077987811055958,0.2071867972797665,0.2066288024010211,0.2067393992286357
394873,283,"Monroe, MI",msa,MI,,,,,,,,,,,,,,,,,,,,,,,,,,,,,,,,,,,,,,,,,,,,,,,,,,,,,,,,,,,,,,,,,,,,,,,,,,,,,,,0.1709576029110053,0.1734703276569327,0.1778336169761355,0.183314799844692,0.189199606150847,0.1891267833217193,0.1911085337413911,0.1945449425477845,0.1956197897710244,0.1942954349284151,0.1956025038151982,0.193560740492007,0.1929525562149388,0.1908100234585074,0.189602315420313,0.1886996356791351,0.1873777039376802,0.1867310551988653,0.1833589231554243,0.1822959011993172,0.181503954968624,0.184593445126694,0.1824642256303418,0.1812820559974232,0.1809201921216458,0.1830085381961107,0.1845137483510392,0.1847218060237236,0.1847431305354315,0.1854517167976236,0.1881736686811688,0.188340048994941,0.1883449419885257,0.1858809510702139,0.1857246800689302,0.1885730018936408,0.1893453619083678,0.1898783712828338,0.1878661894440239,0.1897478640933642,0.1880775224893938,0.1871681982662486,0.1866638201807706,0.1881155433561096,0.1880093682367272,0.1880967728232885,0.1884482610264074,0.1867081885337962,0.1860022239198001,0.1845431872740322,0.1853545786152694,0.1838175244754149,0.1849289978465809,0.1849348634304124,0.1839430484740649,0.1821214514149733
395066,284,"Santa Fe, NM",msa,NM,,,,,,,,,,,,,,0.2149177496590392,0.2128503079283462,0.2052144549862377,0.2009576087670103,0.1982014725364249,0.207306765726272,0.2072061840478275,0.2124992403938423,0.2124801155405197,0.2163721983695089,0.2147297841763928,0.2178502648330467,0.2165434112712525,0.2236684067797999,0.2239068316672172,0.2242476470645413,0.2230944172322304,0.2225840015562056,0.2232182420218309,0.2267499538039865,0.2284548211751155,0.2312562212610054,0.2285692141794067,0.2261986037668321,0.2272722899641422,0.2302092460310406,0.2336530472835488,0.234896137559899,0.2360998477031922,0.235789579526764,0.2368041555211214,0.2364196015170114,0.2400483381845827,0.2434320932827851,0.2501984628834334,0.2528724977620459,0.2518236340620775,0.2497205509397015,0.2518999301321425,0.2552090126208887,0.2586711594632789,0.2605119767213338,0.2629480480395749,0.2649929450552299,0.2661225043898224,0.2659967558909213,0.2667166945592433,0.2695270833223399,0.2740092620964839,0.2694594609176259,0.2637848402682752,0.2572244942234994,0.2553820449755914,0.2520997851878555,0.2524768260225555,0.25139007034932,0.2584341885664419,0.2616131465936413,0.2634388581637545,0.2603212223286112,0.258205205050929,0.259660418242394,0.2617447871986941,0.2656956101373252,0.2664419215623347,0.2711466395335383,0.2739057874584477,0.2810311441476746,0.2814741542879433,0.2883142754878419,0.2879941549257373,0.2901452810650637,0.2873810234208506,0.2870784466991087,0.2879848421321659,0.285477173322345,0.2827964508271061,0.2773154063486949,0.2751522445138679,0.273937862413567,0.27406193919142,0.2715244935861585,0.2717706211999592,0.270690020540664,0.2704754888708895,0.2698454877780246,0.2721749676744925,0.2751975026796085,0.2755692977019483,0.2713525965173793,0.2681119850276934,0.2651684402969599,0.2671541437579728,0.2671363027421602,0.2666714916496261,0.2635252579461771,0.2629388003686868,0.261607793441329,0.2582340619490776,0.2560495563920236,0.2557615325948478,0.2594563725315983,0.2574935904788922,0.2565846229741677,0.2518982752862411,0.2526719401460425,0.2503984486911085,0.2513640723843645,0.2497755966971612,0.2490267755918223,0.2481274114556873,0.2466323539298097,0.2450898154459177,0.2429352598740048,0.2439782502873726,0.2444804573736368,0.2456005173327524,0.2438958215212834,0.2440785165892642,0.2437608087352603,0.2441949411901053
394314,286,"Alexandria, LA",msa,LA,,,,,,,,,,,,,,,,,,,,,,,,,,,,,,,,,,,,,,,,,,,,,,,,,,,,,,,,,,,,,,,,,,,,,,,,,,,,,,,,,,,,,,,,,,,,,,,,,,,,,0.1999191922726089,0.2008588174670246,0.2004230521696773,0.2018118766208523,0.2021284034941864,0.2005670990881766,0.1993837076342,0.2008850443812875,0.2013737189661222,0.2019676744938509,0.2029288517500052,0.2011512326578572,0.2039013853505367,0.2014555256182902,0.204706157956308,0.2030034765906055,0.2049649154149294,0.2040074718523502,0.2050338196932777,0.2036954467893889,0.202600255055064,0.2065277827826422,0.2076751196389814,0.2086917550702977,0.2065123820447255,0.207695518614737,0.2062037713187955,0.2076663448515012,0.2072842748838668,0.2093797467688653,0.2094475365625,0.2102615864462513,0.2111647682612221,0.2092162706728956
395163,287,"Traverse City, MI",msa,MI,,,,,,,,,,,,,,,,,,,,,,,,,,,,,,,,,,,,,,,,,,,,,,,,,,,,,,,,,,,,,,,,,,,,,,,,,,,,,,,,,,,,,,,,0.2475077530142632,0.2436924828197782,0.244210849826496,0.2410180993867732,0.2386302159155918,0.2446346243333274,0.2473127577510902,0.2516558483744637,0.2521797095254243,0.2461461165800539,0.2453356677286427,0.2457039944980249,0.2569355854488785,0.2623664964741516,0.2635687001230455,0.2608621866028446,0.2612026258021216,0.2591027641199858,0.2595941004684638,0.2576176805982359,0.2598183878244572,0.2630563813447683,0.2675313540949373,0.2667263126368241,0.2623741409595848,0.2582778598030986,0.2569004787653292,0.256590066746635,0.2556249966838437,0.2573397919866788,0.258700104739086,0.2591111268695466,0.2581353326127246,0.2571087435858819,0.2557472516279329,0.2571744611959532,0.2564369495459455,0.2582938820151187,0.2595035059424834,0.2624240568913564,0.2645428284190352,0.2646574685030105,0.2644806789824912,0.2657723434825531,0.2668188360618614,0.2690276090288714,0.2701373098602693
394359,288,"Bangor, ME",msa,ME,,,,,,,,,,,,,,,,,,,,,,,,,,,,,,,,,,,,0.2301305213686679,0.2327250373704032,0.2346711688795897,0.2360627870795643,0.2366899920187933,0.2355950036379622,0.2352297898346295,0.2339706356789938,0.2354554068659226,0.2349730385851028,0.2355004630002236,0.2348499685209378,0.2354251732770199,0.235649793421195,0.2373232291327076,0.2357856553512873,0.2368616121760336,0.2375496776991984,0.2387548169467833,0.2395606956761216,0.2401005122469322,0.2427071009952138,0.244166411238912,0.247608767436931,0.2500085586467153,0.2514119757844049,0.250814234617176,0.2429554565511031,0.2400730362165614,0.2367120884843636,0.2372948378954702,0.2384106640737115,0.2382829101340259,0.2396181844153803,0.2418697092896953,0.242330957751335,0.2425021316488287,0.2396779040137604,0.2420757067917116,0.244389191255309,0.2463393228253268,0.2472405888128249,0.2469857387815971,0.2490291227913454,0.2508781704089649,0.2534407044511042,0.2539825060526617,0.2569045275530638,0.2571001413284409,0.2590086520298139,0.2545550506509789,0.2537208632656529,0.2517583357248718,0.2556274365904078,0.2544741294633872,0.2538420953690546,0.2517080601891385,0.2553777854826635,0.2578308861822349,0.259591334459104,0.2556660576227987,0.2539254857818193,0.254565118566993,0.2557572218416756,0.2581329191820236,0.2578144664912407,0.2618784291181023,0.2601797698159446,0.2594615705335819,0.2558785905993883,0.2588520345629584,0.2587346453236919,0.2631993972868865,0.26357259476934,0.2672045704835292,0.2674228927312517,0.2649237293140252,0.2615310472110211,0.2588640934132035,0.2608716257959951,0.2644319978519849,0.2654689093260462,0.265414069737573,0.2651525446244141,0.2670355528950023,0.2654400893764347,0.2636902870191734,0.2636302916993192,0.265196133299216,0.2675561267432426,0.2681958946739934,0.267739356874328,0.2659960760260767,0.2673878461996303,0.2668749343603533,0.267911028163598,0.2655480357445399,0.2670180190857835,0.2668400867467322
394685,289,"Homosassa Springs, FL",msa,FL,,,,,,,,,,,,,,,,0.2543406666310699,,0.259165088618318,0.2600341222250797,0.2605530411508395,0.2639940054062555,0.269843037218318,0.275927103344738,0.277740629950816,0.2778066959386878,0.2787865025159386,0.2842473340510221,0.2868964500916062,0.2899162459996839,0.2888368930289598,0.2922782451698665,0.2934959393658465,0.2948530594272007,0.2928157773434254,0.2882483999872919,0.2873408254917946,0.2883682807119665,0.2906376462409527,0.2896421725304834,0.2878118942011676,0.2872395391037432,0.2858891227423387,0.2826113178777971,0.2803031915257253,0.2813598726338427,0.2841888379004809,0.2842608635135339,0.2821654792306227,0.2798822059842624,0.2817564865350073,0.2817589300885784,0.2833804985594981,0.2828483892462655,0.2846963491812165,0.2862972195493919,0.2882578225844194,0.2874356199851774,0.2863344580140489,0.2886480802351797,0.291685306116336,0.2944134309436672,0.2930288671083867,0.2881541232526526,0.2849152295513149,0.2783048529566684,0.2780939817095156,0.2809187200638109,0.2844440117365454,0.2902002068873585,0.2953925438166477,0.3015425551815906,0.3012244187748882,0.3076177306814383,0.3087064719571568,0.3149210482676033,0.3195384917556482,0.3265808921967751,0.3285586941302496,,0.3318173792554785,0.3376752012638225,0.3484672142027495,0.3551221904353101,0.3618133576686583,0.360941112688228,0.3593770022838308,0.3594728832533195,0.3616526226552063,0.3656484655818391,0.3690142131684859,0.3711278865364758,0.3694491710072329,0.3662808188540308,0.3611116696497446,0.3572682620060639,0.3572717918528862,0.3579697065512303,0.3620610332792739,0.3590591894925675,0.3570389152088244,0.3558527694068063,0.3556059507930192,0.3551665810935432,0.3534517968775102,0.3546041282472173,0.3545587447675195,0.3553912051861063,0.3500993707687974,0.3476929285407966,0.3433696654781752,0.3434303465865175,0.3434305144999797,0.3418114639175226,0.3400420344559102,0.3386339302964535,0.3365225824472476,0.3363729107030691,0.3353849095767843,0.3337064521811895,0.3350570143172032,0.3346646842818867,0.336706174767625,0.3361755116501908,0.3346153977191358,0.3333607832452281,0.3322109431893826,0.3310815631611454,0.3313046607548796,0.3291668648494488,0.3282247484953755,0.3270450309535161,0.3252223664215862,0.3236783353963252,0.3204191578362917
394662,290,"Hanford, CA",msa,CA,,,,,,,,,,,,,,,,,,,,,,,,,,,,,,,,,,,,,,,,,,,,,,,,,,,,,,,,,,,,,,,,,,,,,,,,,,,,,,,,,,,,,,,,,0.2750237353446459,0.2777840513190083,0.2804512505223308,0.2828809681504684,0.2848184600455702,0.284378754222311,0.2857463879964584,0.2830474748324465,0.2853738740016314,0.2826518216686754,0.2817119740402514,0.2801951710913267,0.2799561574860356,0.2797344466773949,0.2765382726660886,0.276229847069085,0.2752603286934049,0.2745975201274505,0.2736441007781386,0.2707977203326861,0.2695122969687773,0.2687182292758472,0.2696434694106342,0.271307623849073,0.2709409651861686,0.2721214374626839,0.2698199897817621,0.2700008722386294,0.2663754821376861,0.2654937334896026,0.2624038722094182,0.2633023055408022,0.2625213725363331,0.2669714362332849,0.2661117256858181,0.2649933743173328,0.2648894914126354,0.2632165150628523,0.2653272003814917,0.264430213972269,0.2667808920104058,0.2673555197190956,0.2694336182002914,0.2697934431309626,0.2704791549504339,0.2677111956587166
394723,291,"Jefferson City, MO",msa,MO,,,,,,,,,,,,,,,,,,,,,,,,,,,,,,,,,,,,,,,,,,,,,,,,,,,,,,,,,,,,,,,,,,,,,,,,,,,,,,,,,,,,,,,,,,,,,,,,,,,0.1364499114686753,,0.1355742170678855,0.1333930193592523,0.1351491209068131,0.1346112814553225,0.1334230287396802,0.1354011500751352,0.1365043585982636,0.1383779502855554,0.1382305562715143,0.1382909609198608,0.1379649642127406,0.1387303822095919,0.140903974644087,0.1429774579533432,0.1457775312436394,0.1461915677796541,0.1467929768218118,0.145647950364214,0.146744506505803,0.1478335707141439,0.1485320661587343,0.1481135232240836,0.1475952156447511,0.1483495538609231,0.1477672768517715,0.1483743833323939,0.1475526479516726,0.1491559439815538,0.1511760666280151,0.1528398516856723,0.1537123398882214,0.1544723500607731,0.1562799133648666,0.1586736642181467
394598,292,"Florence, AL",msa,AL,,,,,,,,,,,,,,,,,,,,,,,,,,,,,,,,,,,,,,,,,,,,,,,,,,,,,,,,,,,,,,,,,,,,,,,,0.1762418448633464,0.1769365740157636,0.181224506577,0.17988799083742,0.1814511097527367,0.1819688530420379,0.1861355711826722,0.1882780941107082,0.1898440472281412,0.1882031717721021,0.1932594950270588,0.1971841651091246,0.1990110541505215,0.1950867363487761,0.1945486872102804,0.1941794548680339,0.196996046922666,0.1952872407990846,0.1963801187300928,0.1944092893790641,0.1933791064443846,0.1962845770473138,0.1943323184200033,0.1965191737661555,0.1941258815054821,0.1968210693931104,0.1959970906611875,0.1958248813967488,0.1955514774428639,0.1980297464849325,0.1982311385079711,0.1971268603936948,0.1964475013922258,0.1963693202341183,0.1970172745461366,0.1931997720003193,0.1930299739931444,0.1929855251459568,0.192744322903346,0.1928049316834094,0.1911818261511791,0.1910966635839486,0.1901408207972806,0.1901485722074569,0.191185873180443,0.192104630420565,0.1920393710503975,0.1955756130443012,0.1955794333105421,0.1948541183380483,0.192142500145223,0.1920432962301578,0.1924669614070481,0.1914080705985931,0.1917423019494298,0.1926064668235152,0.1923819527929642,0.1915744986739156,0.1919522567834818,0.190871935912687,0.1915924061115974,0.1923367858799105,0.1952916745442577
394537,293,"Dothan, AL",msa,AL,,,,,,,,,,,,,,,,,,,,,,,,,,,,,,,,,,,,,,,,,,,,,,,,,,,,,,,,,,,,,,,,,,,,,,,,,,,,,,,,,,,,,,,,,,,,,,,,0.2160313758056532,0.21529276372709,0.2127656909375851,0.2132089580333709,,0.2055869650144365,0.2038489493573287,0.2052998570796702,0.2061944248065891,0.2115107002956105,0.2142087855181424,0.217727989820668,0.2151610709337015,0.2147997438133935,0.2090733327002036,0.2108788171865364,0.2106709797608852,0.2176867646305903,0.2142859702817442,0.2129577763372189,0.2144475990291555,0.2174243858707301,0.2191182153038141,0.2185650406798522,0.2185851066107837,0.2180235480398682,0.2167684298512242,0.2149559791688061,0.2165389940449679,0.2147930194986272,0.219047294481018,0.2201671261161717,0.2197111801297041,0.2168542072206422,0.2154986355296801,0.2152927270614737,0.2171731475497061,0.2195688959200264,0.22530592609184
394306,295,"Albany, GA",msa,GA,,,,,,,,,,,,,,,,,,,,,,,,,0.1805911812638561,0.1791281167468364,0.1780016443526283,0.1787640753422997,0.178534628808,0.1786949436521826,0.1779930351664731,0.1778975047926983,0.1763341962321225,0.1749925875364785,0.174585883362116,0.1770451572416201,0.1783292649909845,0.1784474375533006,0.1777303201688342,0.1776942252791553,0.1778974408500751,0.1782687164428157,0.1789574985472589,0.1799242742775696,0.1800852373194452,0.1813325746361111,0.1804506254551373,0.1787722480937256,0.1775773867790316,0.1778252630557414,0.1792259755884863,0.1789516675433304,0.1789801598636986,0.1790071591435578,0.1796653340252425,0.1799669676516336,0.1819212091530828,0.1830112797328111,0.1848820725766554,0.1857172346851512,0.1868142272716867,0.1874500526368076,0.1894370757258755,0.1891799818004371,0.1891082531712509,0.1896688474830892,0.1899496215833082,0.1919400518397913,0.1951327500417981,0.1968003073448695,0.1955735269597935,0.1923194829755095,0.1917548253067913,0.1930355775189195,0.1968516632890505,0.1993557085917698,0.2019504350694725,0.2017855262612245,0.2024834047258178,0.202921094127414,0.2025196582709658,0.2064089666714327,0.2093664984286969,0.2143603139544621,0.2130117528417228,0.2133916736195043,0.2107178956596421,0.2115279648065292,0.2111987550760295,0.2122657705938976,0.2113142568383426,0.2100918182233687,0.2111845355016992,0.2108735535502314,0.2104192730860413,0.2080078378316318,0.2078813264508834,0.2078868984184131,0.2097246957641068,0.2099201738790632,0.2094726325403192,0.2087567060559215,0.2076556563311497,0.2083802236594714,0.2088328097726638,0.2098937664370334,0.2117898829709,0.2114525151588612,0.2120212936023134,0.2087916133019805,0.2076421246974779,0.2051293607305608,0.2045051784334203,0.2032695799877367,0.2033266255345249,0.2046261146561998,0.2049717109578538,0.2040734891305918,0.2005230713406918,0.1987529888816391,0.1986782275710261,0.199942880436414,0.1998080121582967,0.2007616954033579,0.2009075963548938,0.201690777062587,0.2021050533031589,0.2008716262735066,0.2002270122954791,0.2004886536370521,0.2024827382158591,0.2045691550033121,0.2052231403620839,0.2066193052551474
395102,297,"Sioux City, IA",msa,IA,,,,,,,,,,,,,,,,,,,,,,,,,,,,,,,,,,,,,,,,,,,,,,,,,,,,,,,,,,,,,,,,,,,,,,,,,,,,,,,,,,,,,,,,,,,,,,,,0.1623448946580994,0.1590586564449626,0.1570535066118727,0.1590386342323909,0.1600069016564856,0.1642224225963183,0.1645098807968533,0.1646090875892323,0.1634224663144479,0.1637792256098558,0.1616851209909007,0.1586092623131058,0.1582598176805522,0.1595920991740683,0.159768786162712,0.1576795804362319,0.1570972343665938,0.1555392250141711,0.1550463187252844,0.1562324584167436,0.155931434148236,0.1575501748794816,0.155415733343383,0.1563296148007464,0.1567117185146615,0.1575906379777126,0.1571692482783632,0.157646176870537,0.1571457486606753,0.1563441509445123,0.1564459975041144,0.155524531451087,0.1560634566317082,0.1546541329103138,0.1565395638628985,0.1566930262871663,0.1564063830119835,0.1555256979181578,0.1558996406453197
395223,298,"Wichita Falls, TX",msa,TX,0.1837933277109874,0.1831449632169189,0.1851252029011632,0.1860683630125265,0.1883346567207706,0.1884822685561732,0.1899702067383746,0.1895544654165856,0.1903782950021773,0.1882574661997223,0.1853422024252848,0.1846875717881052,0.1856428656929912,0.1870969726200183,0.1874515843220468,0.1873364981019913,0.1878698422579926,0.1887623530255162,0.1887427853491401,0.1908905252185658,0.1912465516707749,0.1921328399253428,0.1906501541165106,0.1899177125214002,0.1900281206065879,0.1917518351921092,0.1916253290938009,0.1908858861403469,0.1894392298416662,0.1878721970610905,0.1875798433337039,0.1871982658338787,0.1871171276696751,0.1889332304638072,0.1907161208280041,0.1922494491241088,0.1911438087450818,0.189369110012665,0.1892672541251168,0.1885114419892763,0.187284559650194,0.186433520558842,0.1859526036466739,0.1865815088240894,0.1866976154806519,0.1869795617699916,0.1870058701927034,0.1859502336729168,0.183919968100283,0.1826350457395637,0.1822901672321437,0.182765213272476,0.1837898710304404,0.1847405162964204,0.1850319708648223,0.1842215311681797,0.1840703135868822,0.182998001264677,0.1827521565968721,0.1837696950100069,0.18664927732513,0.1888947143326648,0.1880766501571724,0.1871815448324839,0.186402570492131,0.1856966060277339,0.1865156380469781,0.1877628335646935,0.1908901738392752,0.1925016200561572,0.196764022698921,0.1966651462923027,0.1988497205570448,0.1967680066090044,0.1971124439816859,0.1981710778084434,0.2000553164739284,0.2046603261193804,0.2044006927940352,0.2051101632930472,0.2067135619201918,0.2113902179579076,0.2134752587749518,0.2133138422495349,0.214020299993374,0.2166986641115625,0.2172882937215141,0.2170952869942778,0.2182039039714751,0.2183490860047448,0.2176373370622275,0.2179898966145209,0.21849982442878,0.2185801488022168,0.2164510823713222,0.215239434658514,0.2135560638715987,0.2135956166937704,0.2149463582824437,0.2170050380179984,0.2146656444787581,0.2135258973822877,0.2142395647751344,0.214101756411662,0.2143058528818892,0.2143623733361681,0.2155840276786566,0.215589081166947,0.2137272933797718,0.2122556326569075,0.2109602577257203,0.2094248322257481,0.2090314734966739,0.2093828266518904,0.2099068873865263,0.2108000521069669,0.2096626147220548,0.208471019571442,0.2082766568227716,0.2085194873786787,0.2103741052085156,0.2085336875723597,0.2083750895649337,0.2081634816160983,0.208855150705154,0.2086836729525095,0.2078786855073921,0.2070480209516598,0.2078777714723459,0.208920027527815,0.2091868552505847,0.2093879321947086,0.2095764280342324,0.2120773200751619
395152,299,"Texarkana, TX",msa,TX,,,,,,,,,,,,,,,,,,,,,,,,,,,,,,,,,,,,,,,,,,,,,,,,,,,,,,,,,,,,,,,,,,,,,,,,,,,,,,,,,,,0.2173563675820089,0.2170969562611292,0.2248530061424176,0.2230875695707162,0.2262847902734555,0.2283916068192864,0.2292263700853316,0.2308083896543022,0.2277720765792281,0.2291363320595632,0.2313958515636098,0.2317803583919257,0.2311232884270317,0.2309008798051736,0.2308152314859182,0.2323224480088909,0.2313963321974762,0.235139812774736,0.2368113036410643,0.2363102094835601,0.2332977983517834,0.2321782863065961,0.2308871094815334,0.2374955449737314,0.2349686149653141,0.2356259993845141,0.2281390736060758,0.2281391788846994,0.2244756483307397,0.222793207442687,0.2215963223805095,0.2220645310347913,0.221925618584665,0.220441790508672,0.2183567574148372,0.2178376362508055,0.2171420035258844,0.2161261798709717,0.2168627998771209,0.2193530047974361,0.2213836908361673,0.2201728701277875,0.2196968756688407,0.2186960171919528,0.2199123530627555,0.2205734068305486,0.2219443100825292,0.2191601997517204,0.2204319467253757,0.2202789236181734,0.2223768398329265,0.219790832956004
395182,300,"Valdosta, GA",msa,GA,,,,,,,,,,,,,,,,,,,,,,,,,,,,,,,,,,,,,,,,,,,,,,,,,,,,,,,,,,,,,,,,0.2462153312634904,0.2441354181911679,0.2446423343337291,0.2427718916897601,0.2451497096621872,0.2472188162633,0.2512384538559226,0.2483265913717814,0.248153804470957,0.2465106927600421,0.2479406147239318,0.2467023144717311,0.2459559750839783,0.2477325478891502,0.2471730476294703,0.2494353866866742,0.2531664233807059,0.2616694928975628,0.2709195009752201,0.2795326772538712,0.2811547520716435,0.2801925825907173,0.2804578382900974,0.2832227433596938,0.2864850381322614,0.2857177187717879,0.2858238330652338,0.2845113138975101,0.2828619170465086,0.2768467192507418,0.2684990930689729,0.265203301959167,0.2647168724656399,0.2627449897174232,0.2603387041366717,0.2609775852923995,0.2612368505785203,0.2615401854651402,0.258579114392672,0.2586156627704552,0.2557641172530435,0.2572102717259069,0.2582897029167384,0.2581840133211927,0.2566835612671733,0.2577561400929579,0.2585102122932107,0.2572003662193618,0.2555878044616642,0.2550258789650115,0.2566054053278265,0.2564992659890668,0.2563154738910511,0.2545865611223157,0.2544318855548027,0.2546266695188368,0.2559660372410419,0.2575797629114038,0.2581892043768032,0.2584782046456124,0.2589011222985706,0.2591054505703156,0.2592920746941136,0.2595206245423025,0.2610701805402161,0.2623382554688203,0.262906090671442,0.2627501200313799,0.2618942601114794,0.2607310398966541,0.2604843678636159
394800,301,"Logan, UT",msa,UT,,,,,,,,,,,,,,,,,,,,,,,,,,,,,,,,,,,,,,,,,,,,,,,,,,,,,,,,,,,,,,,,,,,,,,,,,,,,,,,,,,,,,,0.1742063227720666,0.174120462110535,0.1751997801388621,0.1848489526043696,0.1854114222787958,0.1864182511481927,0.1858586649900274,0.1849892418223689,0.1826962403248895,0.1835657508569343,0.1880550438953946,0.1905129611160721,0.187756392838033,0.1830296998461781,0.1793930202439455,0.1793235338565696,0.1783251989811132,0.1784515762163355,0.1796275315062927,0.1798186197187475,0.1798595986226256,0.1801956758336479,0.1819848373301572,0.1826028902129873,0.1835629999175664,0.1842626295308122,0.1848259324831104,0.1831388428388888,0.1837655589347838,0.1833337241074487,0.18498554231827,0.1856821137734716,0.1874235496533625,0.1863576428979931,0.1837618079928456,0.1838077864464733,0.1828309978364692,0.1844865249394658,0.1854096695410812,0.1850455633550281,0.1851503985955489,0.1855378559425063,0.184231777066182,0.1841156158114653,0.1835812424481404,0.1843851128094991,0.1850360358590048,0.184774166324843,0.1863646935183088
394595,302,"Flagstaff, AZ",msa,AZ,,,,,,,,,,,,,,,,,,,,,,,,,,,,,,,,,,,,,,0.2867489520145156,0.2937897597736368,0.3005613301397393,0.2981278952212803,0.2978558387225939,0.3016257569520689,0.3032007829311763,0.3036044178918494,0.3027317359850639,0.3048944842085974,0.3049292015076567,0.3043959640624446,0.3030646086125948,0.302028638108197,0.2990191844364876,0.3011617049444033,0.3000378669306195,0.3003312360998159,0.3013589862130423,0.3039033365133339,0.3068057145284987,0.3108351790428207,0.3159870795663059,0.3220331769774971,0.3224245538116683,0.3143418497127187,0.3100339727623243,0.3090679629973955,0.3114409972579289,0.3140700752676172,0.3129084579483066,0.3129180848828401,0.3163724386276733,0.3157802156724739,0.3183843317658968,0.3183981163669966,0.3241156623558661,0.3304121105641963,0.3357813142297172,0.3392028288291387,0.3399733014540037,0.3388231951143336,0.3418311172698158,0.3497746639504782,0.3604335379215042,0.3695295408253021,0.3726156099979855,0.3772588185864629,0.3749529400965022,0.3713429607555459,0.3680252246275736,0.3660486817035644,0.364310521661527,0.3634560321492487,0.3639461303205866,0.3696427485011079,0.3694192350514604,0.3698426332318617,0.3627844535617476,0.3582104508106127,0.3570941850974587,0.3593469247770181,0.3610461160316486,0.3603284442195954,0.3607589452073494,0.3611350882295432,0.3616295193430974,0.3574838092051858,0.353880065024187,0.3540177488566066,0.3529321682550738,0.3515261012562314,0.3483861622985416,0.3490350888354108,0.3503687438271147,0.3492796209436928,0.3473801299579395,0.3436767749736668,0.3404875790298158,0.3400389242150837,0.3397462773553822,0.3400432684476262,0.3405355809555066,0.3417029881555851,0.3421723237365677,0.3394650697346832,0.3363297411261265,0.3358527409761261,0.3357074042339375,0.3368399763808008,0.3373332664360036,0.3377079113461464,0.3388568836610988,0.3377429410179735,0.3380137276429233,0.3376858603049796,0.3383153423461438
395036,303,"Rocky Mount, NC",msa,NC,,,,,,,,,,,,,,,,,,,,,,,,,,,,,,,,,,,,,,,,,,,,,,,,,,,,,,,,,,,,,,,,,,,,,,,,,,,,,,,,,,,,,,0.2152536963771511,0.2152745124820957,0.2169437510258345,0.2142265880212719,0.2149112426957617,0.2176525321731958,0.2208869264201558,0.2217042445812262,0.2231480623192564,0.2236729728703373,,0.2295775530090314,0.2304479262226111,0.2288147297399936,0.2320050016515032,0.234111345590689,0.2339566992612969,0.2313663406256467,0.2307329301678874,0.2318195815315044,0.2362465117688578,0.2390073528933581,0.2361606312274768,0.2381042693204575,0.2411957177115444,0.245559569560131,0.2427759976109229,0.242858545118549,0.2433193742450295,0.2484743325399588,0.2489288118714607,0.250470253408375,0.2486611820450246,0.2465419614539446,0.2465337654615002,0.2478554302969801,0.2493002521594624,0.2485375156945796,0.2502586603904314,0.2512044922316493,0.2519000747010464,0.2496622421858226,0.2499080475002024,0.2492340133284074,0.2492204079874571,0.2501430297327247,0.2507373585895431,0.2490282409804637,0.2464285063665465
394515,305,"Dalton, GA",msa,GA,,,,,,,,,,,,,,,,,,,,,,,,,,,,,,,,,,,,,,,,,,,,,,,,,,,,,,,,,,,,,,,,,,,,,,,,,,,,,,,,,,,,,,,,,,,,,,,,,,,,,,,,,,,0.2528001573497601,0.2484335497437647,0.2497449164473838,0.2480315423621137,0.2514235464845611,0.2521234188202065,0.2504585728808954,0.2521634230094772,0.2529969653952157,0.2548271548981458,0.254087363056126,0.2566684033621351,0.2521668041861995,0.2548913349380231,0.2512486412933379,0.2515162216512345,0.2497056225010441,0.2492745636968642,0.2488514212472513,0.2480511515231465,0.2486831494276478,0.2507246301124835,0.2499039476623373,0.2486945927303784,0.245652406505368,0.2450298899768299,0.2469094429338819,0.2509720298306976
394783,306,"Lebanon, PA",msa,PA,,,,,,,,,,,,,,,,,,,,,,,,,,,,,,,,,,,,,,,,,,,,,,,,,,,,,,,,,,,,,,,,,,,,,,,,,0.1742704177298062,0.1761464631711167,0.1765457662647147,0.1789788012473133,0.1822199506339757,0.181620152060865,0.181394330157224,0.181650499681904,0.1856523820098879,0.1894465308951464,0.1923311968494304,0.1888623110277849,0.1869906906720057,0.1847093914971695,0.1849792678065852,0.1860694243821373,0.1876883009450944,0.1884989123874435,0.1871118955650467,0.1865971503668507,0.1875750709800251,0.1878183857254731,0.1900821657749556,0.1934274229126847,0.1973037865381484,0.1982953787354888,0.201390507678,0.2022928592820993,0.2012704825693517,0.2018707258190622,0.2053876195355883,0.2079713449965875,0.2066912259541515,0.2049634197870253,0.2057232743594459,0.2083104191774692,0.2106089327207519,0.2140400432878618,0.2141720559592611,0.2159229727159745,0.2171470278961084,0.2163878634640937,0.2142227183640694,0.2137576772180676,0.2174418398834453,0.2223860458854284,0.2237846792078564,0.2243369265066635,0.2225291870438408,0.2220335628702977,0.2220214483619274,0.2214351854949976,0.2220403665893437,0.2238214554723114,0.2256177027923049,0.2262523921593005,0.2251431176791326,0.2233835770813535,0.2225814273960358,0.2213526255571218,0.2212760669917999,0.220195270721758
394880,307,"Morristown, TN",msa,TN,,,,,,,,,,,,,,,,,,,,,,,,,,,,,,,,,,,,,,,,,,,,,,,,,,,,,,,,,,,,,,,,,,,,,,,,,,,,,,,,,,,,,,,,,,,,,,,0.2695172107888443,0.2653852823165452,0.2669988070943551,0.2712817394047868,0.2798802634244163,0.2782940604911958,0.2748805457978935,0.2708005380797836,0.2686109601708488,0.2722304738876028,0.2716658074341505,0.275947349985682,0.2751894365297983,0.2793407023638981,0.2824522501904549,0.2843873035833896,0.2788069227836091,0.2769455888424368,0.2744038553037549,0.2794267770167886,0.2776697614392928,0.2802482700657173,0.2778690732662026,0.2760809030887766,0.2752993470911047,0.2714190572561165,0.2730742259109917,0.2732941835018664,0.2746272840471743,0.2767613766236487,0.2789990452867165,0.2773660225644709,0.2797660621609312,0.2753384157772746,0.276895438454969,0.275926412159888,0.2769229943909819,0.2782869010212855,0.2749293596533029,0.2727795022820998
395232,308,"Winchester, VA",msa,VA,0.2144775557646973,0.2152562859504815,0.2152807510158556,0.2147281118601424,0.2129835292004978,0.2120878960437126,0.2115089545297023,0.2132848134442422,0.2101955508423778,0.2074206029009186,0.205313484441817,0.2065109146255529,0.204775350339851,0.2022366594322504,0.1997400998031738,0.1994429183026346,0.1998684927784925,0.2004410881209265,0.2009739338726479,0.2003119696471591,0.2003584783441412,0.2013975975921967,0.2016093822825743,0.2002833093973884,0.2003439725180768,0.201173103356861,0.2024885805140002,0.202224563123235,0.203578440095736,0.20423000378738,0.2046382004984386,0.204471866748469,0.2036050894618691,0.2022072526945281,0.2008112413001009,0.2000348122805165,0.2007086887168107,0.2002954349065545,0.1997748582266487,0.197499434810123,0.1951433859184711,0.1935599294693818,0.1932092238317574,0.1923213265451822,0.1927843685935886,0.193372318446004,0.1944107866652284,0.1956154724139796,0.1949804235376655,0.1938228714270714,0.1937705118719442,0.1953114857422759,0.1961786609284609,0.1969569598427906,0.1969774810080375,0.1979025786646888,0.1985515544940954,0.1992522717565353,0.1997616855378193,0.2000023405058623,0.2007991144545899,0.2022263886173693,0.2002936787916985,0.2012993326366055,0.1995589305645852,0.1995322542639907,0.1998100897056773,0.2012605904384145,0.202775013829006,0.2052339711261931,0.2044402041619129,0.2050930044786023,0.2051608861775827,0.2066335165487256,0.2082095371105708,0.2059222901535652,0.2091918784018944,0.2106618895839773,0.2145783612671266,0.2148856843882157,0.2198236185598487,0.2242608365274943,0.2277700320217091,0.2281269327798566,0.2278370526925855,0.2280423857200391,0.2283852320832116,0.2309795784235811,0.2315874682762053,0.2320470320687137,0.2303951811655,0.2292315883002718,0.2296154320364224,0.2309202309746073,0.2327798886460094,0.2323420664049256,0.2327799016742048,0.2327610275956904,0.2334596273311021,0.2329751831661922,0.2328589844045783,0.2337990951187492,0.2339149941351536,0.2357580819738468,0.2345812033844878,0.2345644920165325,0.2360166853875246,0.2382693522982761,0.2418547693038073,0.242405694306755,0.245772036945108,0.2475132141833565,0.2503190176614717,0.2508820392484499,0.2514011571241927,0.2503018628067479,0.2506453202276933,0.2518301077882605,0.2519709525885888,0.2535801094419397,0.2516455781531586,0.2522076377867184,0.2506318769639111,0.2504894477868929,0.2495913003481081,0.2500294441865332,0.251229710142636,0.2526577978283473,0.2537721879068305,0.2534051759416356,0.2529314836843692,0.2514563499502945,0.2520605874742297,0.2523733799132639
395221,309,"Wheeling, WV",msa,OH,,,,,,,,,,,,,,,,,,,,,,,,,,,,,,,,,,,,,,,,,0.1747005704521416,0.1698081556107109,0.1689885919645705,0.1705053199009115,0.1714226590054115,0.1733191206408631,0.1755252887167081,0.1757637028576217,0.1726210955419652,0.1709311998186184,0.1685546414448997,0.1658189703245047,0.1659887493862379,0.1664015665661335,0.1676217148983382,0.1675965713547422,0.1673290575505476,0.168328108315381,0.1698135884230855,0.1730783897471396,0.1740113946895662,0.1735723153354242,0.1689103414705188,0.1659169574663913,0.1648738181480742,0.1634379796171834,0.1637184825587511,0.1637836826046994,0.1648691042997428,0.1654048578449946,0.1642692874466899,0.1629585043329967,0.1626285379324825,0.1652700662501567,0.1659438770489875,0.1688131408607347,0.1665083620941582,0.1661566854821012,0.1626989075241401,0.1640211759195424,0.1650649053358009,0.1679434812042088,0.1702847416674335,0.1701325119227563,0.1679655619595582,0.1637071940377639,0.1630482180056573,0.1624495627500647,0.1628517260606356,0.1616826736468478,0.1621832102251058,0.1623493733249616,0.1636070726169724,0.1644234177543012,0.1650713629194846,0.166118918141711,0.1675859612446796,0.1677923410734993,0.1679876103690001,0.1670351314072131,0.1692929762888547,0.1685080232188171,0.1688689912952706,0.1674840034206222,0.1694480744935252,0.1690202074186312,0.171999718748796,0.174274374596766,0.1764586452918237,0.1780598813601841,0.1774959072067631,0.1795385465122225,0.1799419689186318,0.1829574825679492,0.1825370907653136,0.1833238770175713,0.1801715740676755,0.1842757761316938,0.1837251081650585,0.1842655263074027,0.1794321245812464,0.1819646392061563,0.1836363582796563,0.1837800223333021,0.1834641055627039,0.182941795091533,0.1841487712648688,0.1852247112106543,0.187226648035606,0.1848867705569672,0.1844598507882992,0.1834214668985734,0.1867222040289184,0.1850509424418734
394879,310,"Morgantown, WV",msa,WV,,,,,,,,,,,,,,,,,,,0.2293160892419875,0.2258881814440867,0.2292532584477186,0.2305529043401387,0.2347597430811504,0.2405351274204614,0.2420723974889201,0.2405623153093924,0.2354386557522643,0.2334502187279996,0.233622448953978,0.2327061510706307,0.2331067444848681,0.2288268817529088,0.2275860380584647,0.2275764935448024,0.2296433364834993,0.2331133314548933,0.2311923616607963,0.2298123177233101,0.226433213031655,0.2260150582316649,0.2259689339822505,0.2249767006852973,0.222723346065717,0.223194803795361,0.2252576878120485,0.2273888679101144,0.2253762857305604,0.2215299129669616,0.2175022948628847,0.2176862967264044,0.2189480012620757,0.218618559008386,0.2182887611530974,0.2193437304372185,0.2206870001739028,0.2222317381857919,0.2213380982898353,0.2204634240704336,0.2212981227762813,0.2230063772807731,0.2279782869503104,0.2296509072317776,0.2227166211493596,0.2181780235571011,0.2144959174427222,0.2153082830937558,0.2182772712177985,0.2196381268818761,0.2207600785432383,0.2233462104124889,0.2210115904640414,0.2236544789762342,0.2232361562046131,0.2275006769828596,0.2280375371400791,0.2306813398281511,0.2332544687702571,0.232132700398303,0.2275867544062786,0.2246626542125082,0.2269728711993575,0.2330627604912068,0.2389064190232288,0.2381662250967835,0.239137636780779,0.237649306400185,0.2399406858520517,0.2381730726258999,0.238444418556995,0.238447754074664,0.239120589125012,0.2398093193323846,0.2419931197924583,0.2421577256181018,0.242441014159514,0.2410187172461518,0.2389205820543944,0.2406520200344363,0.2387308440604435,0.2403494757436713,0.2395194639227077,0.2395557320833005,0.2395910545725741,0.2387970524288791,0.2381608937668782,0.2353007737300065,0.2335887213999801,0.231699059139347,0.2310597019000992,0.2273322331226044,0.2253157059219707,0.2227707925870626,0.2215237329505194,0.2222220190642962,0.2213368981039301,0.2218535662908197,0.2205652946224724,0.2210007158127755,0.2213384718141634,0.2222557334870405,0.22244656335903,0.2212063820394095,0.2216934259884448,0.2216377360540532,0.2214458111161314,0.2200646433248983,0.2199514298633405,0.2191335409518708,0.2194575147250222,0.2197945247368357,0.219693850094765,0.2196268790471998,0.2197636565999958,0.2217934703900347
394756,311,"La Crosse, WI",msa,WI,,,,,,,,,,,,,,,,,,,,,,,,,,,,,,,,,,,,,,,,,,,,,,,,,,,,,,,,,,,,,,,,,,,,,,,,,,,,,,,,,,,,0.1772589937267485,0.1720677671217202,0.1732472014181591,0.1757287655719564,0.1799011936462629,0.1800191911279599,0.1787226779805807,0.1799924428258593,0.1810630576458116,0.1827297203847971,0.1814030371626346,0.1812230938154659,0.1824505991607862,0.1846229053065305,0.185776295969947,0.1839521585289035,0.1834940600325112,0.1835768015682122,0.1841222154668763,0.183104854116653,0.1829256441628566,0.1830179912836681,0.1837928396468719,0.1826549551537542,0.1807195630156689,0.1806855787650751,0.180056995280042,0.1810459706099467,0.1807911647849115,0.1801166656836915,0.1803474789061688,0.1800336932943476,0.181175867480122,0.181152967287616,0.1811071249029807,0.1818512291400038,0.1819854268163562,0.1825145770782624,0.180511348205155,0.1799262210567428,0.179247867982888,0.1793681700998328,0.1789916561265411,0.1793299998789577,0.1781957445904468,0.1778907395635287,0.177723527479845,0.177635169434928,0.1780338161232189,0.1773754171874776,0.1788495628212308
394900,312,"Napa, CA",msa,CA,,,,,,,,,,,,,,,,0.3017593436691751,0.2992537654938854,0.2999430471308859,0.3030659644703317,0.3039840437402067,0.3016353270489449,0.2986305364976983,0.2989314997612683,0.3010339736748317,0.3016739453360187,0.3039070930540162,0.3020975215186283,0.3017056530282688,0.3001665365031685,0.3004121948149411,0.2989288452993393,0.2968448063627323,0.2931506661894973,0.2961772737695041,0.2998007225450868,0.3050013553369703,0.3037767206832815,0.3014728683444605,0.2975852592222429,0.2977824791590342,0.2974996525406261,0.2988801664279769,0.2976002974858053,0.2980636121416953,0.2978358011609179,0.2969751718270776,0.2936140355337087,0.2935766483037157,0.2922791971255224,0.2953200056400026,0.298797425113024,0.2988713812039608,0.2993893927704497,0.2981226453728265,0.2991464553460694,0.2994513204177801,0.3017077700394422,0.3015305892946846,0.302147059665877,0.2990157837010157,0.2998771837745751,0.2971579234803082,0.3047410861071595,0.3007210958068374,0.2994848600676817,0.2962942514026564,0.2946998047856333,0.2927691162969775,0.2966521058863791,0.3030679934605803,0.3069303825797779,0.3065961895558382,0.3016495160690499,0.2984979824653135,0.2971696781199602,0.2980686800185192,0.3021856896407178,0.3030236275489246,0.3062208595591065,0.3090653857119403,0.3123190028215042,0.3138485581107887,0.3154447684134631,0.3162098165625517,0.3174624941110514,0.3164575209648756,0.3184510022857628,0.3228605904279308,0.3253029786830284,0.3254591914450644,0.3244532339200872,0.320623993976205,0.3169464083451431,0.311305990140519,0.3088610423134715,0.3065350929556511,0.3040122325327328,0.3029513955713751,0.3008574963141116,0.3005278435951015,0.2955203205363056,0.2917853813410908,0.2852716194372526,0.2836865283228681,0.283108606290017,0.2840175244852753,0.2815881957883846,0.2794307817323906,0.2784612331636841,0.2789303229110749,0.2775186831917041,0.2747189056794209,0.273738250556005,0.2723117518029082,0.2719445259337524,0.2704186343752869,0.2683264161067838,0.2663607717149348,0.2651189530404828,0.2637484610161992,0.2637876616047613,0.2631361589032376,0.2618044824633662,0.2601166010125219,0.2592808857379216,0.2589066011215005,0.2590153892835852,0.2582160456165828,0.2575382584194325,0.2563924315698823,0.255480409637957,0.2542705857187679,0.2520959557011833,0.2495735340141611
395013,313,"Rapid City, SD",msa,SD,,,,,,,,,,,,,,,,,,,,,,,,,,,,,,,,,0.1842181157656399,0.1851606872455531,0.1848970992695085,0.1870434646369554,0.1852967254337504,0.1857532233478929,0.1830160660471928,0.1848203569545976,0.1825506649541782,0.1836025990198602,0.1828140578736319,0.1852579431824758,0.1858337218151926,0.185565855136512,0.1845699718526517,0.1819943084134529,0.1821644005728616,0.1806958031649854,0.1805944560454027,0.177799378161856,0.178714274486935,0.178700407151041,0.1801294780836148,0.1785640635711994,0.1803071470432089,0.181448739978665,0.1832193912495737,0.1847853496806125,0.1864399190151242,0.1885326512461617,0.1838645164294518,0.1819689165568946,0.1805254861467293,0.1813964851683296,0.1817836261630353,0.1828206267235612,0.1831482955187204,0.1820987925011994,0.1846493651205473,0.1839983952598713,0.1871443713768014,0.1866628869216946,0.1882858602649368,0.1877221687185187,0.1874878271670167,0.1868346139823182,0.1897676308090478,0.1910852264394105,0.1940977572802362,0.1971809701356736,0.2001808013206086,0.2030491367474594,0.2047257651674017,0.2068378995902323,0.2094653610116537,0.2116720633222943,0.2132785482328334,0.2158684161544083,0.2139854280440301,0.2145836702953863,0.213681018282331,0.2149136116507312,0.211328217911482,0.2097396544803372,0.2066899176491401,0.2062768492942225,0.2041983503284003,0.2030434496192784,0.2039028357157339,0.2017936846506011,0.2007444274790455,0.1988386917997514,0.2001847814468556,0.2006550629629973,0.2019189874030649,0.2009833044534919,0.1999058825848302,0.1987528407015617,0.1969925893569153,0.1971477757590139,0.1964442142406096,0.1970892186526792,0.1966539417843155,0.1958574605586935,0.1940572163916319,0.1922702508232205,0.1920555275832385,0.1921573522973136,0.1924877480504642,0.1917752339470986,0.1926832421427352,0.1918600467442065,0.1908433038051488,0.1898305166328745,0.1897815018606116,0.190047605191868,0.1902054489162918,0.1904527959955173,0.1899592542115699,0.1895724028614338,0.1899082008704397,0.1905983156041324
395139,314,"Sumter, SC",msa,SC,,,,0.2408986014543256,0.239566165901204,0.2353306504251515,0.230559642821553,0.2278286452532023,0.2272732757255033,0.2271862827233765,0.2284761115049019,0.23061048450366,0.2317808867151158,0.2314043536824042,0.2295840156958525,0.2282412073311753,0.2279909077219281,0.2279127960625302,0.2277450459388093,0.2278519656344367,0.2287315191779464,0.2280540055255673,0.2279093016083751,0.2270138565679019,0.2287070560791838,0.2285981943521326,0.2290663871504526,0.2291100761537667,0.230010985758394,0.2307708557405234,0.2286683010201266,0.2281274374872667,0.226571552445903,0.2271865319268521,0.2262198780443098,0.2254710817470986,0.2238845345024807,0.221995292092606,0.2225009814423018,0.2226281582541834,0.2226032236600863,0.2216667748879622,0.2223401894130323,0.2244354426344194,0.2261053542744942,0.2274596963287784,0.2260921665657737,0.2260880528488101,0.2264659716123575,0.2286754062284752,0.2283403254516279,0.228459900102711,0.228333433910376,0.2293577277390027,0.2306303794295058,0.2299263757412526,0.2305507248861173,0.2308137820342843,0.2338853315157075,0.2361559478347214,0.2381424381352982,0.2387838576106178,0.2374410631410184,0.2360199012157963,0.2345000763972932,0.2351977406538709,0.236684103993135,0.2377857690329347,0.2379034816474861,0.2403611275527998,0.2425455769257174,0.244078322035677,0.2418575031170475,0.2406421956424306,0.2391600227057572,0.2414129195315285,0.241726292288267,0.2430556791576199,0.2425867500746543,0.2422969311402177,0.2463098842436684,0.2513233950725068,0.2540096665327796,0.2518099302042925,0.2535608155165231,0.2544425261836529,0.2581445471091296,0.254574184626821,0.2555542728062371,0.2543307452091336,0.2536915215994615,0.2550776580626651,0.2565450177528217,0.2561892043235864,0.2570931270517009,0.2587273214055703,0.2598351688804455,0.2608963666261144,0.2606307504018048,0.2647351288882165,0.2667883326263043,0.2672335992025721,0.2700551885612047,0.2697182473287401,0.2708275727716883,0.2712641669529978,0.2727176934967711,0.2737226612908355,0.2734674093149083,0.2730939082656317,0.2726523817482407,0.2731741910509689,0.2725494340688299,0.2750609172535443,0.2751796144651231,0.2781297547618334,0.2788251042643442,0.2829871669354995,0.281139622791465,0.2813742642738575,0.2809468665982081,0.2819674916995265,0.282702000303091,0.281815441828569,0.282030891984952,0.2814770020051871,0.2815843289668743,0.2806422430395466,0.2810296193748179,0.2795217344459699,0.2817094568880078,0.2821070168924888,0.2831978662072917,0.2832812459076501
395117,316,"Springfield, OH",msa,OH,,,,,,,,,,,,,,,,,,,,,,,,,,,,,,,,,,,,,,,,,,,,,,,,,,,,,,,,,,,,,,,,,,,,,,,,,,,,,,,,,,,,,,,,,0.1597449366547041,0.1619927917354357,0.1679781558084307,0.1678678745487961,0.1675029777934265,0.1672596275176589,,0.1726525581288917,0.1705367386436925,0.1698647449049466,0.171300715151685,0.1739244348794615,,0.174226453532736,0.1709840750881549,0.172261679766682,0.1739304888371471,0.1821624851361752,0.1803531747023442,0.1811916296088244,0.1775145449469674,0.1811041943106638,0.1802744592018491,0.1820273565859654,0.1780132348096417,0.1792447536232259,0.1827110364299316,0.1856983420897747,0.1897789443270963,0.1841877312936532,0.1869970830409736,0.1844785598748361,0.1885829362517175,0.1854963703548524,0.186261233599962,0.185502735235327,0.1884558836013906,0.1896159860520948,0.1888543716439822,0.187552331873623,0.1855932659185593,0.1877832696958034,0.1881254714224099,0.1911801678034727,0.1923094577559173,0.1953099873391832
394668,317,"Harrisonburg, VA",msa,VA,0.2006789992264969,0.2017213403555062,0.2013733303713975,0.198332288841643,0.199229868187869,0.2001666681168837,0.2066835671564737,0.2067504649755672,0.2083885588169197,0.205091448902469,0.2056429756979612,0.2038269371191464,0.2060799527537442,0.2050702143561922,0.2063817498365311,0.2068926561579062,0.2076327106796868,0.2080894044802021,0.2059064481128793,0.2059465871385325,0.2083807901124288,0.210287220136472,0.2150522693334539,0.2140602061904004,0.2164859960141709,0.216489135905223,0.216539961282372,0.2134911508530032,0.213649743067122,0.2159873388142437,0.2198605902869758,0.2210135828375817,0.2184291962328318,0.2167457329873016,0.210384884710617,0.2131302669528389,0.2118542390249242,0.2140725389090748,0.213154058212755,0.2157761607284652,0.2174131283348103,0.2156727443787351,0.2131534874542249,0.2116233417366056,0.2133765653728978,0.2169420258656886,0.219874565950082,0.2169303549171828,0.2135406392815501,0.2129916236858,0.213458803676762,0.2129300245170446,0.2116177462420381,0.2119175812546356,0.2125034858968667,0.2134187400102665,0.2132038237026196,0.211557918755161,0.2119533786690286,0.213754073621267,0.2171334571742574,0.2172184065647088,0.2118238184114857,0.2115675893340382,0.20915529945628,0.2108972948529399,0.2104858829594975,0.2110143958285942,0.2119159361747631,0.2143775435717521,0.2245844147689326,0.2260838487169602,0.225703596535839,0.2170926856638514,0.2177349973144009,0.2145132229087328,0.217078393030133,0.2166511534081949,0.2206315236337241,0.2202325089454163,0.2229783672131367,0.2220591817013904,0.2183156695284936,0.2195824348936364,0.2214754413220453,0.2266745470596235,0.2258589416172134,0.2294169472029791,0.2306511491557971,0.2313231197748534,0.2292745775720422,0.2308149995031143,0.2340488260444588,0.2360396319127565,0.2380152943099336,0.2344042210804078,0.2349506254231119,0.2373281154313329,0.2402633672705171,0.2420105185654253,0.2396576921338881,0.2411466445977436,0.2400510012263726,0.2402731355271413,0.2372453671958145,0.238275373091999,0.2349847302165396,0.2380430103356679,0.2372736855525223,0.239515984032194,0.239710536187698,0.2416200528436595,0.2440088857360748,0.2440649138971063,0.2445929178652593,0.2452908202738052,0.2461722779511395,0.2479017457551499,0.2467159450841267,0.2484910561829691,0.2490322820888731,0.249946475309884,0.2496320926546755,0.247717326981801,0.2477773651414895,0.2483802083768125,0.250299267762145,0.2507682946374444,0.2522020609038535,0.2512726633075633,0.2547140402173248,0.2536402959676469,0.2545217402473634,0.2531061632650623
394368,318,"Battle Creek, MI",msa,MI,,,,,,,,,,,,,,,,,,,,,,,,,,,,,,,,,,,,,,,,,,,,,,,,,,,,,,,,,,,,,,,,,,,,,,,,,,,,,,,,,,,,,,,,0.213208355036852,,0.2119037341130421,0.206777684600097,0.2059178022156508,0.2027064187149357,0.2030614980795879,0.2027397438959408,0.2036148324798632,0.2040235143077755,0.2040086320920497,0.2026218235226175,0.2018833950486736,0.2003296316014907,0.2013735587121136,0.2010557928501129,0.1989818710148527,0.1969196598983164,0.1961707697881977,0.1976853109466347,0.1977854096674746,0.19950428780881,0.1986635541316602,0.1999184837921464,0.1983034679938923,0.1968933765163719,0.1946331002797679,0.1941398123371875,0.1951634730276299,0.1957221101355541,0.196300873726028,0.1967777713292151,0.1982364473981841,0.1975778044809558,0.1968783487134451,0.1962209902516979,0.1968814894079686,0.1983337526186891,0.1994764701005422,0.2007794657268582,0.2008577003875621,0.2019110837017991,0.2017429038914599,0.2007304756526945,0.199389317702046,0.1991823501785906,0.200262736712934
395094,319,"Sherman, TX",msa,TX,,,,,,,,,,,,,,,,,,,,,,,,,,,,,,,,,,,,,,,,,,,,,,,,,,,,,0.2302353915136263,0.2300386188289027,0.2271057892283043,0.2276005750618117,0.2280579946486327,0.2284627795201211,0.2259944260608764,0.2245286172273791,0.2236816540887031,0.2232696845098593,0.2193984563532033,0.2172660201560797,0.2163612975964212,0.2176223102962012,0.2171094329786606,0.2183364882792531,0.2228809476267079,0.2248667563624785,0.2259741880269328,0.2259619598795776,0.2273835464495643,0.2287586406410733,0.2303533671627469,0.2305771990164202,0.232238868589803,0.2339292311238465,0.2366292393698957,0.2341790628025046,0.2334002412428836,0.2364724777627058,0.2418914635324062,0.2427453062190753,0.2430716778336273,0.2447147569871925,0.2463031254004008,0.2469368650871351,0.2444907547208882,0.2432897504868791,0.2429272406811449,0.2451517432341841,0.2481121675282645,0.2486481574183703,0.2479687982057233,0.2461727199074455,0.2435746827638647,0.2420098771397918,0.2413918171141621,0.2424979162946615,0.2444216399610021,0.2445631662328071,0.2449040328811945,0.2457508449920369,0.2463875801105556,0.2446329373349167,0.2411849312539609,0.2422486758637422,0.2422582782294486,0.2420022994936602,0.2408872000015741,0.2399225935236762,0.238781084918341,0.2379833895624547,0.2365586805962379,0.2388129670973916,0.235420332436194,0.2369067460714247,0.2363378850437324,0.2377426850077954,0.2366143929071812,0.2350823595566162,0.2347377749658668,0.2335533098886311,0.2325845221102977,0.2319661976452441,0.2314851894597005,0.2276962283486509,0.228188992621623,0.2264639922735603,0.2269723180917753,0.2240843367697124,0.2236468040731347,0.223324333473279
394821,320,"Manhattan, KS",msa,KS,0.2142088680580176,0.2142558420512709,0.2134741994993412,0.2125334995972628,0.2118693606338358,0.2113765834264982,0.2112719014280012,0.2111272348990767,0.2107050985224438,0.2104762743946402,0.2082082472558679,0.2073346552734516,0.2055410415716052,0.2054817151316959,0.2041706406267031,0.203926250826767,0.2033978699027479,0.2033325964016397,0.2031867776259875,0.2035566675149772,0.2035321737248719,0.2023780186899491,0.2014980860046212,0.1991311017563394,0.1992951135065865,0.1991372440002529,0.2014617655614163,0.2012175210735837,0.2009183059512473,0.199455960348674,0.1992205408708795,0.1988799986963662,0.198666095367467,0.1980528085350302,0.196888911072621,0.1977394980990644,0.1973645338486485,0.1979229139674818,0.1963373997661819,0.1960410740726942,0.1954035478712384,0.1948883647919122,0.1934873961602818,0.1924863241250756,0.191551519932313,0.1920038293528877,0.1919561504868074,0.1915550856333535,0.1898643417008036,0.1885008216257232,0.1876831378149698,0.1868766209630575,0.1863972650352593,0.1863674146767874,0.1864682836732427,0.1862266220841836,0.1859524035042261,0.1849989393093458,0.1846409065297603,0.1839976279633357,0.1844028041582886,0.183972178756594,0.1840815507043639,0.1816887516427393,0.1808475201201643,0.1800056900195381,0.1802324964961949,0.1795762454382927,0.1810422404276568,0.1821282324985379,0.1826443396595218,0.1816089730261769,0.1810580273864994,0.1815804157428181,0.1831683035810613,0.1844029926907765,0.1848607171121621,0.1846913372245957,0.1839404510673029,0.1843336894487562,0.1853242387975557,0.1868805673040436,0.1879163428652374,0.1877236160073754,0.186983744018429,0.1865797651747849,0.1861445217278045,0.1862559363797781,0.185452124927166,0.1838610349601345,0.182607467151392,0.1827802634812943,0.1830935173188414,0.1829630377563819,0.1810897691964186,0.1804627762052127,0.1795807260493357,0.1796631503809108,0.1791102876554111,0.1794928194956064,0.179820463749519,0.1806267961266892,0.1802867455196481,0.1786423877695058,0.1765363649849215,0.1759601882451457,0.1763417351414114,0.1761351699585657,0.1750660713386032,0.1738279073634635,0.1728498058163252,0.1719953202396856,0.1710814968267319,0.1700236076194366,0.1699012529389536,0.170119678750361,0.171807692380724,0.1713675247149593,0.1716300040896032,0.1712011840224807,0.1723809049849507,0.1730824763293232,0.1737363007229976,0.1737425257364716,0.1740775709784164,0.1747361285808617,0.1752174427461534,0.1757547282315211,0.1755500248105464,0.1764039121731608,0.1766233580490413,0.1775041264158324,0.1777140338485537,0.1782276814655897
394442,321,"Carbondale, IL",msa,IL,,,,,,,,,,,,,,,,,,,,,,,,,,,,,,,,,,0.1667075522599476,0.164798542703686,0.1663341063485475,0.1670273288214833,0.168946971212759,0.1675508541944738,0.1665505150048888,0.1671836983408918,0.168161287350902,0.1692001524805316,0.1693028686433326,0.1674857385986252,0.1648776244616192,0.1649408254706972,0.1636466316848752,0.1638165784023544,0.1612697628000308,0.1599666425651432,0.1589309077247683,0.157688301598715,0.1571481705504757,0.1567379412463189,0.1556611664223495,0.1562962659474781,0.1574330208596072,0.1584178569473944,0.1589695620857966,0.1583613205994267,0.1591852250762335,0.1576783243158779,0.1587585386121896,0.1588474686206012,0.1605711328174142,0.1597816090784832,0.1589004972345547,0.157534989687285,0.1594262231673368,0.1616742147259698,0.1625541312129904,0.1589488381124099,0.1566951715682477,0.1573778603397562,0.159294035429154,0.1603344332944269,0.1600147995678595,0.1609222661480418,0.160323022537671,0.1604176781846319,0.1602608671218418,0.1602590115469595,0.1596952976592268,0.1649316724335373,0.1678316260479844,0.169185649297557,0.1649197509328911,0.1632554336387202,0.1616711476137291,0.1587017517235277,0.1602938932562727,0.1648181531831354,0.1683296720018731,0.1700200123161517,0.1692401682647324,0.1682756859465198,0.167029031476506,0.1677714333033078,0.1694113826782357,0.1712864040924418,0.1722411190350213,0.1750620685541543,0.1752809990558597,0.1755477963716304,0.1756364303276584,0.1761926710536085,0.1772634678566887,0.1753205786791258,0.1759193748431321,0.175491327214694,0.1769998518609162,0.1758935983682775,0.1773423746212345,0.177955371080756,0.1789536667477191,0.1770990952843448,0.1764524481132909,0.1773392861177634,0.1797250865309042,0.1808619171530472,0.1790401695004957,0.1793358155245304,0.1787469002658689,0.1795744943008258,0.1791461583814292,0.1787504363938285,0.1784113351855872,0.179599799346222,0.1802556773353529,0.1799218751938177,0.1787804297378094,0.1796361081325551,0.1816519257971317
394727,322,"Johnstown, PA",msa,PA,,,,,,,,,,,,,,,,,,,,,,,,,,,,,,,,,,,,,,,,0.1355154433828925,0.1356182292029591,0.133706816865839,0.1318110906321002,0.1320523922456073,0.1320680207610434,0.1345361853958651,0.1319258032305436,0.1316155439278321,0.1308792653348654,0.1333005179577008,0.1329020366589045,0.1341663752801055,0.1335171382782349,0.1353332708829532,0.1377591168121799,0.1388243560979922,0.1383832529977699,0.1371140517022761,0.1387025470398686,0.1406113853332841,0.1418285052221492,0.1411260337629752,0.1378315076772738,0.1370707120012314,0.1349242547787659,0.1349202337336683,0.1326252580065602,0.1324217016275587,0.1337894194214869,0.1366161140968144,0.1405926168269866,0.1376677313974273,0.1357616101817464,0.1352919267633262,0.1381794630083195,0.1409242814149038,0.1403138598545771,0.1409744573721595,0.1398316035945828,0.1414053674125016,0.1420556979153975,0.1431206354390492,0.1421930892928644,0.1425590473887053,0.1437909940535054,0.14366413113632,0.1444224140062909,0.1435167345005435,0.1455159651032564,0.1442083008238879,0.1454100149072305,0.1431495815052565,0.1440767880462106,0.143528235257918,0.1434131719690023,0.1444711889567261,0.1445288310880241,0.1467698082349369,0.1440115835243208,0.1432141871450105,0.1432221582554677,0.1433911537547253,0.142476051009649,0.1424201270208938,0.1425818288580517,0.1447140327935021,0.1448191891417629,0.1437900682317746,0.141576657775932,0.1393322508699762,0.140309741769918,0.1400782883088125,0.1409583609527959,0.1421352649614458,0.1428268861925881,0.1423589897101513,0.1406835020756914,0.1416813734746952,0.1426813760147831,0.1427166937054037,0.1424801358298893,0.1418760587944955,0.1420372420292603,0.1425551443631181,0.1414785764994051,0.140884378864388,0.1408162725699631,0.1418677727121795,0.1433299895593693,0.142237227384373,0.1421523875673249,0.1431233267636536,0.1453689516497378,0.1476974907788576
394728,323,"Jonesboro, AR",msa,AR,,,,,,,,,,,,,,,0.2583979331393856,0.2595088789084931,0.2609425751603369,0.2576116882208468,0.2582150194474387,0.2577914431849512,0.2590028558510674,0.2571915806482571,0.2579998594020928,0.2553114287509208,0.2546770196175128,0.2504668282890758,0.2520125988126734,0.2510622263737658,0.2516647347444447,0.2493043089437093,0.2493443068930049,0.2493426951360253,0.2511938018930333,0.2519078847644058,0.2492363032313789,0.2485110608516002,0.2476926318165581,0.2497577806816396,0.2486849888915002,0.2478615214387593,0.2466099079194147,0.2478864648908539,0.2484678593678583,0.2483840514837622,0.2472054405883023,0.2473088243830649,0.2482109411006128,0.2489192302649786,0.2491643742545107,0.250053673575578,0.2502009757819,0.2510948680584542,0.2515664551771291,0.2527586206422377,0.2528511093564314,0.2536589994712034,0.2536139411698098,0.2535003910985816,0.2540264071421116,0.2549647751571683,0.2561006366962824,0.2554670787607742,0.2543347476267143,0.2489879069583299,0.24692295808807,0.2455438334138865,0.2447533570263177,0.2438178206221058,0.243785209111579,0.2462449592747121,0.2473812508444036,0.247022559819598,0.241473672178658,0.241670412870621,0.2427783250310582,0.2468588502902047,0.2459554399529954,0.2449237936742876,0.2431344761050637,0.2440498048920875,0.2468894172468374,0.2502363092702529,0.2513793876154611,0.2505125739906388,0.250611120422096,0.2477931427797284,0.2464376949736431,0.2444620913613348,0.2466133630095277,0.2455253010471159,0.2474229466284236,0.2464036526869448,0.2469763406758719,0.2462507480031722,0.2461839496562495,0.2460132903873741,0.2457729163371573,0.2482853441342611,0.2480320518330021,0.2475900199307547,0.2447735661642593,0.2472022931093763,0.247950413130905,0.2489729410315942,0.2506057027246351,0.2532093103111421,0.2576727840940654,0.2598244782498153,0.262081834698816,0.2638592786955978,0.2670309033470098,0.269785520559151,0.2723522967656379,0.272994356612683,0.274144855156637,0.2742055614611762,0.275923577709858,0.2769433767239814,0.2791272489775252,0.2790116005486389,0.2803049728183466,0.2788024951490728,0.2784521817073765,0.2785088173875092,0.2792041835572515,0.2792815670371097,0.2791944782313383,0.2803751462550714,0.2801812269150034,0.2803558229177788,0.2784797256321917,0.2789214443412404,0.2778547022917778,0.2786051482759502
394390,324,"Bismarck, ND",msa,ND,,,,,,,,,,,,,,,,,,,,,,,,,,,,,,,0.1501685582860316,0.1501417433160919,0.1520664656919273,0.1535463859737553,0.1533851220138286,0.1561326958958733,0.1548573539331474,0.1568137873122774,0.1540585344221549,0.1530437054088498,0.1515101278553038,0.1519126264309304,0.1528952865257071,0.1545487774302188,0.1549981388485691,0.1532860992981798,0.1509312716893079,0.1492138320424238,0.1500476548005397,0.1509897227642153,0.1519852104486463,0.1522839823197122,0.1537367788956194,0.1554003155429549,0.1552989407923752,0.1543351835829015,0.1541740536817266,0.1562555193622986,0.1593167906428598,0.1617338005812797,0.1636551075293955,0.1644918104385288,0.1609210330401853,0.1605997589618381,0.1610494339525506,0.1596975388913979,0.1607741335948107,0.161002678594981,0.1633907628791222,0.1621064301018902,0.1607579476242125,0.1594435839502608,0.159203595417256,0.1603290039509498,0.1617045683628295,0.1610626868714457,0.1586852238685751,0.1555924110445679,0.1525350461416492,0.1537664991330312,0.1564090181034724,0.1608693338772522,0.1624953013429969,0.1632661965155538,0.1623340083946093,0.1607128451787295,0.1564333509730407,0.1559760824953009,0.157575364835042,0.1582472654278517,0.157098527134798,0.1527385658306603,0.151579586037495,0.1506389485605963,0.1508816841416046,0.1524269930798841,0.1535132930094006,0.1550708285458572,0.1556370587747884,0.1551624662132188,0.1541480976458523,0.1538275025058232,0.1565612688386286,0.1576226797294491,0.1564182031815777,0.1565106832374912,0.1567135729894307,0.1567844179278049,0.1555029287487954,0.1555509941788006,0.1569219405857565,0.1575125048383032,0.1580933225575555,0.1589103291469572,0.1587429865580541,0.160130600681287,0.16156143376071,0.160702428406305,0.1619629526326723,0.1603632805420935,0.1627295458886553,0.1609071925142356,0.1610007325104942,0.1615463478095905,0.1621057437718838,0.1624453548503189,0.1625133412019536,0.1627961488294629,0.1635951907059541,0.1655152666248345,0.1657109709090005,0.1681044885766421,0.1687618507269799,0.172105370501718
394661,325,"Hammond, LA",msa,LA,,,,,,,,,,,,,,,,,,,,,,,,,,,,,,,,,,,,,,,,,,,,,,,,,,,,,,,,,,,,,,,,,,,,,,,,,,,,,,,,,,0.2566674376903451,0.2634302053813706,0.2717333959598912,0.2724803813816968,0.2749063559535935,0.271648838789251,0.2715301692733703,0.2720350184944266,0.2745339450574141,0.2739039365861248,0.2737767716975683,0.2704998633291469,0.2707088127665182,0.270072536018114,0.2686766477050209,0.2672744048780357,0.2655363906246673,0.266054474416165,0.2671024680249745,0.2682378343762034,0.2689981234352193,0.2688121276483843,0.2691365386930683,0.2705327122579404,0.2689584265440732,0.2675086088383654,0.2650783246620013,0.2660804691388826,0.2656467234493344,0.2645232924626645,0.2644745163660761,0.2644694798866079,0.2641957320951372,0.2641599319929197,0.2645754695226471,0.264723074244288,0.2639583735349485,0.2653223784464913,0.2671502109222372,0.2687970146798875,0.2697418201444387,0.2706095992502815,0.269714300631015,0.2686496722019461,0.2678942182990521,0.2679456840503594,0.2673268482419783,0.2673814656723864,0.2687267669932832,0.2683705458981995,0.2677644872436333,0.265418342989403,0.2641874201084693
394983,326,"Pittsfield, MA",msa,MA,,,,,,,,,,,,,,,,,,,,,,,,,,,,,,,,,,,,,,,,,,,,,,,,,,,,,,,,,,,,,,,,,,,,,,,,,,,0.2050576584396048,0.2083947081905521,0.2111405630928924,0.2126427926628173,0.2128676166537051,0.2164074382047089,0.217176972401534,0.2164718152525254,0.217749240235525,0.2168919101576558,,0.2137485422489061,0.2157925724870391,0.2183393290439099,0.2156442639085498,0.2162206188026094,0.2166075974210194,0.222628876032328,0.2227597990632192,0.2209760278681921,0.2188773550262713,0.2204265746418782,0.2276130828143501,0.2303935733906453,0.2333706065616887,0.2311169593608894,0.2313485115417623,0.2305100156705579,0.2283336716217266,0.2253652293857696,0.2253379024841839,0.2299717429904019,0.2311143222151042,0.2336329070423402,0.2313653103110466,0.2327127329546293,0.2321309822662053,0.2288592502832674,0.2297455209891818,0.2288818386606728,0.2324583573322828,0.2289071558552971,0.2288249336343041,0.2262194320876782,0.2265888131051784,0.2293075496929857,0.2300393464645351,0.2311852386010465,0.2304704553025531,0.2337485708151848,0.2338775761116248,0.2357353204761405,0.2348525003394282,0.2382420535648169,0.238579828621308,0.2388422464679465,0.2383590504207213,0.2345641829405626,0.2333346149255385,0.2308488766594538
394890,327,"Mount Vernon, WA",msa,WA,,,,,,,,,,,,,,,,,,,,,,,,,,,,,,,,,,,,,,,,,0.2420664913778948,0.2432789360379974,0.2451031990781108,0.2438408386502162,0.2437378069025253,0.2436794006024223,0.2451237006345216,0.2421608397021651,0.2396662289155715,0.2389864865615809,0.2396614606880755,0.2392121362074201,0.2383604969020446,0.2379544090896029,0.2368048177343115,0.2391251462580129,0.2414133018423937,0.2445102078596998,0.2452352279712071,0.2471504253154412,0.2483792374220505,0.2499119054741445,0.252429136056122,0.2506197877299555,0.2517999951464773,0.2535602417209485,0.2572892686271739,0.2596794926151823,0.2610552852378368,0.2600715307353948,0.2608189095821255,0.2575890657703278,0.2578468599323961,0.2560986267288417,0.2608428485379737,0.2668311676841844,0.2707908582484833,0.2703602151046877,0.2696844212550755,0.2695633063330854,0.273835990138047,0.2786567409672634,0.2840189598763463,,0.289877555898524,0.2910358649219434,0.287457987541786,0.2854325286074903,0.2849263028615671,0.2849944942996665,0.2847437780515532,0.2813763877841666,0.2818797741011241,0.283301028322473,0.2858412098227252,0.2822237025612682,0.2805473511239823,0.279279588616369,0.2803380618787454,0.2789111536606729,0.2793272840416321,0.2793931200029441,0.2790597977068723,0.2779956341353697,0.2762254730098188,0.2777322693167867,0.2776021287241701,0.2779164926934738,0.2792538429633467,0.2803677188851923,0.2811220268257977,0.2801193618498616,0.2778490791113681,0.2757803680301741,0.2740696592662313,0.2752765491502858,0.2742361657871094,0.2734488836756221,0.2726417249794365,0.2725986543853644,0.2711236099853782,0.2681005766241549,0.2664395478327442,0.2666897576545523,0.2669153742041132,0.2675950225726516,0.2683340912563417,0.2677676432067067,0.2685844548799699,0.2676303480125792,0.2672855741841904,0.2671540311883612,0.2679314933845065,0.2699689379879598
395153,329,"The Villages, FL",msa,FL,,,,,,,,,,,,,,,,,,,,,,,,,,,,,,,,,,,,,,,,,,,,,,,,,,,,,,,,,,,,,,,,,,,,,,,,,,,,,,,,,,,,,0.241202559286571,0.245162325463077,0.250134119662205,0.2552229559370343,0.2541341312976103,0.2590091672341699,0.2594142739011822,0.261958896479995,0.2643275206107276,0.2650786934755042,0.2709905921181532,0.2713477752192396,0.2683021314765434,0.2648377071071066,0.26462335906258,0.2666796562561438,0.2698055793763796,0.2690212403202756,0.2688033674974782,0.2672660615276784,0.2689150649760725,0.2705468568512725,0.2721884274105812,0.2732236315542152,0.2768127445048449,0.2793335318906296,0.2819177094248504,0.279977360296324,0.2792388099156442,0.2774987691284261,0.2769282520437593,0.2757940864709781,0.275045122711032,0.2755146735712746,0.2736082671169151,0.2761376020993381,0.2722665222249713,0.2690710375117027,0.2657220697310671,0.2642497194615458,0.2626580213777902,0.2627461204990567,0.2626518156050833,0.2627875142547199,0.2612696542676265,0.2590863576428168,0.2577412795727322,0.2546386564311941,0.2546822850204734,0.2547595407001848
394307,330,"Albany, OR",msa,OR,,,,,,,,,,,,,,,,,,,,,,,,,,,,,,,,,,,,,,,,,,,,,,,,,,,,,,,,,,,,,,,,,,,,,,,,,,0.211985544418625,0.2127383415070871,,0.2192558848903067,0.2193541069992293,0.2230501540140726,0.2232340366644656,0.2292117585115478,0.229881376010599,0.236065766588847,0.2359490624855309,0.2401538959808221,0.2417714726513191,0.2469761633374017,0.2506219117068109,0.2497716365228208,0.251928044381255,0.2518922824139798,0.2538972018160634,0.2526922820221777,0.2538690731939755,0.252803360777324,0.2498395434654209,0.2469290932757065,0.2480926504688377,0.2459325172933936,0.2449971078320862,0.2426461510224233,0.2408204727874008,0.2374671163404164,0.2354745389984325,0.2355622574723211,0.2368504681650415,0.235337892422577,0.2356007931594557,0.2341397147050909,0.2339066499570506,0.2324413736242973,0.2314651538559292,0.2311209078946348,0.2296391394059425,0.2295449855680922,0.2291219560374675,0.2293502074587726,0.2284035351811575,0.2265358282828478,0.2258334002544501,0.2257962660835076,0.2260999026492247,0.2261924227519479,0.2255351909249191,0.2256219185242984,0.2258004666613565,0.225849886962135,0.225303244599079,0.2243675019227747,0.2235290180805668,0.2247194393179209,0.2243080860290175,0.2244147810575464,0.2230660617881572
394633,331,"Glens Falls, NY",msa,NY,,,,,,,,,,,,,,,,,,,,,,,,,,,,,,,,,,,,,,,,,,,,,,,,,,,,,,,,,,,,,,,,,,,,,,,,,,,,,,,,,,,,,,,,,,,,,,,,,,,,,,,,,,,,,,,,,,,,,,,0.2231425395766901,0.2232312163069079,0.2284335639622215,0.2304338190069031,0.2300010893814429,0.2318677993301062,0.2341209562834869,0.2351702508959356,0.2332540579123709,0.2314510230166952,0.2353312516369963,0.2367558100684582,0.2368825244308404,0.2339561147861748,0.2330484060270141,0.2320521770212749
394780,332,"Lawton, OK",msa,OK,0.17218959081553,0.1717208722788781,0.1729317547490592,0.1727091553625576,0.1720688880300671,0.1709506542665727,0.1698441248497579,0.1700788574134364,0.169852169675407,0.169259053634071,0.1684258322312023,0.1678078385469101,0.1671936437142684,0.166507939866611,0.1654673866482645,0.1653847049209328,0.1668330179843896,0.1679624814247667,0.1698497352954961,0.1692078086799088,0.1685170472751676,0.1675141840916868,0.1670541894683507,0.1673218844504148,0.1676118748072738,0.1675138744049288,0.1670234578515545,0.166031064861077,0.1648595163114263,0.16428125017467,0.1636740391230909,0.1634299998169819,0.1637117927165897,0.1651404859100347,0.1658138449594621,0.1664964416505678,0.1658863132533445,0.1669615987126635,0.1677112455735282,0.1685201573862312,0.1677119417610322,0.167745358447485,0.1675819776226317,0.168959051453038,0.1696307402283149,0.1696729231373092,0.1697454264860714,0.1689600639292817,0.16867002255806,0.167127025455078,0.1668234847769319,0.1665977411843786,0.167465391789894,0.1678127155667441,0.1682637578079847,0.1680153188726778,0.1691083904667961,0.1703939879727011,0.1718940968791682,0.1734187067924137,0.1751679272863869,0.1769744732351092,0.1758712851516057,0.174210362402174,0.1729132323749851,0.1732953291075621,0.1752519900316618,0.1765545197727606,0.1797612155313898,0.1834782544868411,0.185770857415088,0.186848400403857,0.1868759686766116,0.1856054883463447,0.1848957650242838,0.1833133735961448,0.1859277989165275,0.1864320434411185,0.1890784793815662,0.1900230852935773,0.1924567729941958,0.195464945489916,0.1995781353441201,0.2004774652712075,0.2003261808722141,0.2051650000200705,0.2118255402095777,0.2193447212852994,0.2201084866663728,0.2217688106620674,0.2177755966954198,0.2171001693679781,0.2146245702351729,0.2141384917693495,0.2122013740640724,0.2141827071331931,0.2149481157131558,0.2136544312545261,0.2112392662659359,0.2107402561361091,0.2102338526494604,0.2091522322076815,0.207809742576995,0.2076058002810335,0.2092925109305323,0.2098750705794894,0.2094964810538813,0.2056845337348326,0.2056743778149652,0.205885557440923,0.2044621702394685,0.2032396170594849,0.2029185840216953,0.2040430200938928,0.2048801120030104,0.2038888226625918,0.2034172744481673,0.2024044360620037,0.2025694670220815,0.2020115105346098,0.2019648137067016,0.2016112418977854,0.2021756089195892,0.2016099377384285,0.2014672285443717,0.2003704917831339,0.2004988816771447,0.2009150235864206,0.2005578231531046,0.2007355836739741,0.2006160663659185,0.2016967857891095,0.2014140958404288,0.2015145000340923
394474,334,"Cleveland, TN",msa,TN,,,,,,,,,,,,,,,,,,,,,,,,,,,,,,,,,,,,,,,,,,,,,,,,,,,,,,,,,,,,,,,,,,,,,,,0.2262069700032793,0.2244396249621653,0.2212392350294356,0.2194101895525474,0.2210560436694551,0.2257024700848063,,0.2313506743500045,0.2313306729991661,0.231456462670686,0.2352183159289677,0.2376893987050085,0.2397430476461724,0.237817030643,0.2405801338012986,0.2430963152705254,0.2460659475973615,0.2448966960715879,0.2464777222415831,0.2467960324247705,0.24705865096001,0.2449397520004415,0.2424996147232593,0.2433596774973457,0.246693673833803,0.2494502583909218,0.247008403303145,0.2453803358213223,0.2448414128486177,0.2462723995360905,0.2433030801756265,0.2413297045717434,0.2385876360874685,0.2392082391134638,0.237581425991263,0.2366940034958708,0.2337498047891189,0.2321414497759149,0.2305043291405109,0.2281001347290624,0.2261623968041613,0.2227332238027221,0.2216672091577703,0.2211645762931265,0.2229922736466998,0.2226724312465099,0.2226683797847961,0.2204592686261205,0.2217935375023421,0.2216516606041842,0.2219059575287524,0.2206486924192668,0.2201244347530574,0.2203415548074223,0.2202129094621902,0.219765633478356,0.2179368708919108,0.2166350058056954,0.2163949516286946,0.2169107445082148,0.2151757542201386,0.2138296031615353,0.2131800230311921,0.2137828428306432
395098,335,"Sierra Vista, AZ",msa,AZ,,,,,,,,,,,,,,,,,,,,,,,,,,,,,,,,,,,,,,,,,,,,,,,,,,,,,,,,,,,,,,,,,,,,,,,,,,,,,,,,,,,,0.2642730252554562,0.2582641815445742,0.258494560204641,0.2649714569236716,0.2717727276171763,0.2674466741809295,0.2630082633585971,0.2612748438164594,0.2692264180430665,0.2662045151157129,0.2645415173661833,0.2581234221716361,0.265345519493225,0.2706707222168696,0.274337657674282,0.2680271021327375,0.265884124637541,0.264746453596514,0.2642830242822559,0.2612214774731112,0.2600886336719138,0.2615591460263397,0.2604011494504439,0.2597122623238743,0.259190623785643,0.2606863512867596,0.2604290944198081,0.2596598477762071,0.2583342293917678,0.2560554682885135,0.2569706892526621,0.2572982396384362,0.2587461762335559,0.254982886607974,0.255000630352229,0.2540288510623325,0.2535913018528651,0.2530591205287797,0.2525892529345577,0.2544542916605463,0.2546738463862281,0.2568083144474376,0.2562435979005241,0.2567528023435793,0.2540518148235789,0.2559921899348533,0.2560172440762254,0.2571584547025111,0.2554367626192571,0.2533820083015032,0.2521719664081122
394325,336,"Ames, IA",msa,IA,,,,,,,,,,,,,,,,,,,,,,,,,,,,,,,,,,0.1671386626288868,0.1665572070169599,0.1688438492353016,0.1650147981249451,0.1636363762347489,0.1613976855052589,0.1606758330901443,0.1594839217308605,0.1605801202977073,0.1610264057278886,0.1615696464210841,0.1588371437528268,0.1575871239500093,0.1562942474925127,0.1566009861846252,0.1580360119113074,0.1582114667612875,0.1577174841613325,0.1591758136477145,0.1589106594895125,0.1592896218911423,0.1604229584218596,0.1610954933092028,0.1635925408821625,0.162398500157838,0.1620982437108531,0.1606622707706823,0.160572100259596,0.161086388002398,0.159100983594565,0.1568071905917947,0.1534989826048033,0.1531087525529779,0.1530270664592244,0.1543281265133021,0.157091715301152,0.160309240129843,0.1613643497461463,0.1611927494720139,0.1601633793416467,0.1598511682785187,0.1580189312628361,0.1574773223467739,0.1580585054318391,0.1578848164705721,0.158930871080504,0.1592436525595236,0.1603343004199811,0.1613455966278732,0.1622098583319271,0.1618871212546726,0.1611731883844963,0.1607987226664218,0.1614683987927838,0.161898482883042,0.1623429550457872,0.1612916791511809,0.1595915563440382,0.158120313411149,0.1566455653840195,0.1560057907690698,0.1561398176220804,0.1574759452605926,0.1581865064644132,0.1587159506955197,0.1595241433715888,0.1596645156103043,0.1593775275272824,0.1591743967468517,0.15837148082066,0.1582296053666836,0.1609611608941744,0.163292373660156,0.1652067504399721,0.16555432111444,0.1662683587810114,0.166705727684637,0.1661430711706474,0.1668883978590226,0.1665624942456083,0.1669654124042988,0.1678621640196654,0.169334847255849,0.1692102766506243,0.1688036284167451,0.1685000323225894,0.1678316646342943,0.1680550370414016,0.1679515313671323,0.1684299351140676,0.1682142075248565,0.1689325561901577,0.169229007604495,0.1694938403153317,0.1690022687862505,0.1685881611976319,0.1684853894364896,0.1683327774495924,0.1688231740252039,0.1685817398561639,0.1687454098213842
394824,337,"Mansfield, OH",msa,OH,,,,,,,,,,,,,,,,,,,,,,,,,,,,,,,,,,,,,,,,,,,,,,,,,,,,,,,,,,,,,,,,,,,,,,,,,,,,,,,,,,,,,,,,,,,,,,,,,,,,,0.1503774556112656,0.1497243724551974,0.1482248825178609,0.1480451207654657,0.1474494200554143,0.148550618054276,0.1502071405495629,0.1498492974107505,0.1486754387391574,0.14853124551983,0.1486584800353503,0.1499316629555229,0.14798279553225,0.1468730735491326,0.1482206711766975,0.1494494190838204,0.1500029860796554,0.1472442372124336,0.1464370238087372,0.1445146736626763,0.1452545900554641,0.1454057449701986,0.1466827638016037,0.1462042994687537,0.1482366121295065,0.1498934092372988,0.1496159012152347,0.1484785784473514,0.1476334767281933,0.1488590091607746,0.1490436758863687,0.1497346948984228,0.1495636880028881,0.148889377301168
395128,338,"Staunton, VA",msa,VA,,,,,,,,,,,,,,,,,,,,,,,,,,,,,,,,,,,,,,,0.1908877350597076,0.1899173191654541,0.1871188233437075,0.1867995050236147,0.189485023912562,0.1911022700851281,0.1894595968585032,0.1864954317593347,0.1854069027161436,0.1873627242057201,0.1883553808989878,0.1884459848451114,0.188855896004847,0.1903077832259291,0.1932035707482021,0.1943823077077579,0.1921156826663752,0.1907809915224477,0.1904266572547205,0.192503881169795,0.1934901633808506,0.1926363797834834,0.1927380840366477,0.191146756058035,0.1942144563601532,0.1925357125410021,0.1926378706527318,0.1907912052350931,0.1903113625824232,0.1940423574504718,0.2000926812539899,0.2024589769285607,0.2032676764412089,0.1994711411070384,0.1986694274787907,0.1984147405586344,0.2004421459229563,0.201487198342754,0.2012511653636477,0.2016810058750789,0.2053587171148347,0.2054970203696901,0.203949296508594,0.2020469283824772,0.2054869826366153,0.2074001583735295,0.2085164259402318,0.2098809698830128,0.2094211856100089,0.2104562096866909,0.2087429021544042,0.2099507994228557,0.2073370488967274,0.2063095345301782,0.2065047715394824,0.2082212749262823,0.2068759598922403,0.2066790449383397,0.2046003187448979,0.2037415983633169,0.203962540795227,0.2049496126396995,0.2084287409650984,0.2088328146880611,0.2103334805128393,0.2093537466649918,0.209547635350569,0.2091101702394942,0.2104250044072283,0.2114014883203442,0.2137067149584799,0.2139865269113642,0.2134589010245371,0.214133907259215,0.2126469540190296,0.2121736152304958,0.2098760071876564,0.2129266799323798,0.2138160300889073,0.2134110335140638,0.2113451556572396,0.2119076183822896,0.2115373946891666,0.2130552594564376,0.2137004828531147,0.2126857676878675,0.2126742611656765,0.2131219623717708,0.2150942570935773,0.2139079313765113,0.2136400680109688,0.2142812061586793,0.2157607932963489,0.2152065336773972,0.2151721799675207,0.2143920337614573
394321,340,"Altoona, PA",msa,PA,,,,,,,,,,,,,,,,,,,,,,,,,,,,,,,,,,,,,,,,,,,,,,,,,,,,,,,,,,,,,,,,,,,,,,,,,,,,,,,,,,,,,,,,,,,,,,,,,,,0.1678093103972657,0.1661804822813228,0.1645303840155502,0.1649603859329879,0.1640618914443651,0.1627569502253721,0.1599042637195682,0.1589484310246531,0.1590085392097393,0.1599509210506032,0.1611639402287375,0.160123577424684,0.1594596864164809,0.1553636095337068,0.1555337139514379,0.1568078605906726,0.1580586243569103,0.1585509557719208,0.1558955403936197,0.1564978209189126,0.1538602485866269,0.1560692379896699,0.1536751342249394,0.155130329028257,0.1552849908717557,0.1585773844586508,0.1582595861562912,0.1570019547991961,0.1565429178694595,0.1570820772586599,0.1599879418616392,0.1596991609153658,0.1613268807033447,0.1593193596742576,0.1606681125424401,0.159780751542069
394905,341,"New Bern, NC",msa,NC,,,,,,,,,,,,,,,,,,,,,,,,,,,,,,,,,,,,,,,,,,,,,,,,,,,,,,,,,,,,,,,,,,,,,,,,,,,,,0.2277828364407466,0.2247033118772734,0.2239596554801756,0.223705467850444,0.2287476502115817,0.2342141708270194,0.2358621709644791,0.2357792706524103,0.2346657667922241,0.2352313725253671,0.2362177566969407,0.2359966202884843,0.2402823708845317,0.2437922217628332,0.2486511153220441,0.2521290521427029,0.2534198285238781,0.2529543659005159,0.2531968075297378,0.2539811159311858,0.2559199296832127,0.2537369336871093,0.2521119613454843,0.2523253014662635,0.2544862380508678,0.2576127253676926,0.258490866417184,0.2589033512414319,0.2592936452074356,0.2596116328040355,0.2625547929961391,0.2612742777325757,0.261177579987017,0.26270920609259,0.2660309800757348,0.2668135987734912,0.2653348806780904,0.2656410053869924,0.2646976798329377,0.2654130070456148,0.2646087281689723,0.266793633534441,0.266950095893477,0.2711840154130198,0.270369980814225,0.2713797401913205,0.2705869113990618,0.2710623532779491,0.271431817714278,0.2706564065065248,0.2716191123402864,0.2717980719616412,0.2735420677474094,0.2733075223539959,0.2732189347259899,0.2718456663457136,0.2728615337837461,0.2724408762607357
394588,342,"Farmington, NM",msa,NM,,,,,,,,,,,,,,,,,,,,,,,,,,,,,,,,,,,,,,,,,,,,,,,,,,,,,,,,,,,,,,,,,,,,,,,,,,,,,,,,,,,,,,,,,,,,,,,,,,,,0.2344327911385663,0.238215429688307,0.2357554476285282,0.2378120646370183,0.2393497898920461,0.2416228901838417,0.2438164431886985,0.2417525621127677,0.239824563330858,0.236056945428343,0.2327641636335605,0.2306025325286248,0.2317517515585505,0.2297362004298588,0.2275766370967847,0.2282714499749575,0.2267986162905237,0.2278830997005368,0.2253501645800461,0.2232697026695212,0.2239623665086309,0.2281180596975127,0.2316696259165211,0.2308144359414364,0.2305711320807332,0.2304939436924324,0.2334992746744752,0.2318801002074921,0.2314924306939212,0.2301816903760829,0.2307245416672295,0.2331999022164026,0.2326157366479758,0.2319569177697727,0.2312755379921838
395120,343,"St. Joseph, MO",msa,MO,,,,,,,,,,,,,,,,,,,,,,,,,,,,,,,,,,,,,,,,,,,,,,,,,,,,,,,,,,,,,,,,,,,,,,,,,,,,,,,,0.1374044287195348,0.1408114469902635,0.1412924328540407,0.1438893463101924,0.1406962002369434,0.141587005536576,0.1406627796407363,0.1421864837907671,0.1416574489490421,0.1409427815921177,0.1415829220227238,0.1408579051877617,0.1440651632701932,0.1440094237505573,0.1456616933806768,0.1435863458984118,0.1442364442448249,0.1437041036291559,0.1459215135291481,0.1457510406030268,0.1452547308287673,0.1443723057647884,0.1457772399092601,0.1468339270727357,0.1454300274369935,0.1447622648109015,0.1440004309867209,0.1447822196078775,0.1469841822126808,0.1485679343000262,0.1479109643778753,0.1466845899970409,0.1471576269380727,0.1471669418399828,0.1480520088290483,0.1493570452697762,0.1503410293608712,0.1500452299926301,0.1507756356876734,0.1516632836343311,0.1516834442202993,0.1503772535465639,0.1511873319312902,0.1526351882493631,0.1532497012114893,0.1544208044455156,0.1537199176624276,0.1531354500283245,0.1531923522022232,0.1545369182104559,0.1549023826868371,0.1550413265921993,0.1546613099164299,0.1558831886965845,0.1560410926581237
395054,344,"San Angelo, TX",msa,TX,,,,,,,,,,,,,,,,,,,,,,,,,0.2303247264241129,0.2300626695186462,0.2270040413759883,0.2265404501526728,0.2278793379720641,0.2261525443905298,0.2268681129697702,0.2267173546471681,0.2242792706655778,0.2261188205866406,0.226304125729559,0.229084700339091,0.2282469279144221,0.2262129963925147,0.2235880740667124,0.2235851518114101,0.2237675827810436,0.2260823311804508,0.225367242826379,0.224985970382619,0.2249005078066683,0.2245593183383639,0.2258047239602569,0.2245192435494751,0.2251048314335575,0.2244193670727603,0.2273689939907951,0.228099406826236,0.2282744725328448,0.2276195106482332,0.2273538001387953,0.2271688142434879,0.2272200294651244,0.2253148833068771,0.2235330005204419,0.2226178601729372,0.2230287827419117,0.2242938458410067,0.2209274481294919,0.218585707012384,0.2150260556435607,0.2157649360359658,0.2163264531932973,0.218207925239654,0.2213802106635507,0.2216246183972724,0.2217664322584434,0.2200987585247902,0.2213122037684796,0.2217834643687924,0.2251491929035475,0.2262997803603488,0.2266434170871862,0.224718575691996,0.2249138032987879,0.2253144517836711,0.2274408943669511,0.2325061814640288,0.2372532553815331,0.2390887497283271,0.238497556939488,0.2384623864048644,0.2379754205606336,0.2399877482483947,0.2409571030732227,0.2424672294450363,0.2409723646647479,0.2403340258656954,0.2396809951180351,0.2371901102223619,0.2354650255350002,0.2329972394145515,0.2316426826688055,0.2280241360203995,0.2277816567798521,0.2256235517908063,0.2256123719168617,0.2221261852923133,0.220631305334703,0.2196020558491111,0.2195725457628389,0.2202246788113726,0.2177752894838518,0.2160753080354949,0.2133993107642594,0.2144017443050288,0.2145909187622451,0.2142298905312244,0.2130922140869363,0.2128768068312131,0.2125192300560428,0.211832459455602,0.2099544707240746,0.2084504751281529,0.2081277682304157,0.2086378563612323,0.2103299137552973,0.2106235838789308,0.209667376378756,0.2095950121415031,0.2094215067739783,0.2101413458738073,0.2106371740651166,0.2111192916505835,0.212330206275036,0.213295398156554,0.2146756690209812,0.2151573649577227,0.2155652984073535,0.2158497989810165
395218,345,"Wenatchee, WA",msa,WA,,,,,,,,,,,,,,,,,,,,,,,,,,,,,,,,,,,,,,,,,,,,,,,,,,,,,,,,,,,,,,,,,,,,,,,,,,,0.2624143998492609,0.2606663798225522,0.2617130292092879,0.2620331375531098,0.2637027047809491,0.2654482054844141,0.2663362038257579,0.2719337397019923,0.273575378828685,0.276018850518716,0.2743010608538621,0.2758810460313395,0.2771875973064224,0.2795350929238612,0.2796349679727462,0.2791430401257264,0.2765927431624473,0.2752669729857698,0.2741124325005062,0.2718608048454281,0.2704715232660331,0.268144085381559,0.2689132933278721,0.2678535279694261,0.2662372764592147,0.2628170871567118,0.259720995057175,0.2585157287672331,0.2590410077326217,0.2590331344642391,0.2601358536886727,0.2592465589500022,0.2606766041543659,0.2631563211813029,0.2653720000967451,0.2670772769498876,0.2676636786713366,0.2691499683735575,0.2717677775043602,0.2732423762220461,0.274746878657278,0.273759903919231,0.2727851763753711,0.2725060373006525,0.2730824793017779,0.2718428591052045,0.2710231445536583,0.2696628340318591,0.2691443919415557,0.2685143389710051,0.2672570119346732,0.2663752469032842,0.2649551542880767,0.2652927631413309,0.2650885477757944,0.2653113666697124,0.2636328086118146,0.2626372987502476,0.2612621820987747,0.2606967529222937
394949,346,"Owensboro, KY",msa,KY,,,,,,,,,,,,,,,,,,,,,,,,,,,,,,,,,,,,,,,,,,,,,,,,,,,,,,,,,,,,,,,,,,,,,,,,,,,,,,,,,,,,,,,,,,,,,,,,,,0.2075551420163219,0.2085965659165137,0.2093296729502262,0.213836166060462,0.2150780781925644,0.2118280992584647,0.2098182133904575,0.2099438959088712,0.212267650973965,0.2149187694999567,0.2165336757598426,0.2157437425542497,0.213748639266352,0.2129458983093483,0.2111851421209304,0.2120822298203649,0.2132787571762002,0.2159124131611227,0.2187814459054188,0.2168955091138083,0.2160851209172624,0.2139789334370762,0.2180579538382698,0.2189835185945438,0.2233635055153295,0.2241327880410178,0.2264314299312431,0.2252522556552688,0.2251514593387708,0.2252437349179824,0.2245077689624776,0.2271107616014191,0.2283598054460648,0.2304211188769059,0.2277375647697547,0.2279540627991944,0.2262544099748095
394778,349,"Lawrence, KS",msa,KS,,,,,,,,,,,,,,,,,,,,,,,,0.194375746028492,0.1908735377831232,0.1901879049823596,0.188095968958144,0.1899092793934162,0.1901065598234582,0.1901418830219176,0.190220488877281,0.1900019188673563,0.1917038994411205,0.1907574650685385,0.1915283680923103,0.1904492710585295,0.1910131564799015,0.1899974688660582,0.1900889164538183,0.189558649958851,0.1895227859295049,0.1895528831695997,0.1872882902798302,0.1871341327073703,0.1871653900976786,0.1879737748091639,0.1864038713000377,0.185307510441075,0.1843442813750742,0.184370062666189,0.1840629275038028,0.1832024775458478,0.1825552353191541,0.1823395598428194,0.18361803581897,0.1836901553834423,0.1840274342057712,0.1838874775161728,0.1849768347598989,0.1856876335453858,0.1872828140491151,0.1881401007547476,0.1904353717105878,0.1893841218597169,0.1886548926097607,0.188719020694308,0.1888558021274725,0.1885720355317535,0.1889835831343833,0.1901455485083254,0.1913811994638743,0.1891295875062083,0.1883750153065498,0.1882848221228496,0.1903152854183516,0.1906335784121447,0.1916714156508183,0.1934099498910067,0.1954314116123014,0.1960665134850146,0.1985549612204128,0.2011498495846031,0.2042676897719161,0.2067518883470211,0.2074202885676674,0.2086290672516148,0.2080632939417961,0.2092386990946017,0.2112848654836687,0.2108548468034728,0.2090721204612333,0.2085011872237588,0.2090748445071718,0.2099591135041314,0.2091347208577896,0.2096041973881559,0.2098984146542746,0.2104671755957142,0.211358230659916,0.2124781804534891,0.2136122575212112,0.2134873507853882,0.2146794885828293,0.2157527256371062,0.2158616652078007,0.2137178293028949,0.2122432701256703,0.2115512975372943,0.2133618954902788,0.2140299611499333,0.2160519037528177,0.2150375459380382,0.2147648726463459,0.2147475461088619,0.216490680960769,0.2156492429202905,0.2139096467779213,0.2127295214153246,0.2155910159448026,0.2175330280643197,0.2182524240420635,0.2176170548255522,0.2167568148092015,0.2177191135821793,0.2179577108674047,0.2191194805773347,0.2185796749978227,0.2198039735354197,0.2218143509799198,0.2243769753456548,0.2237560700938283,0.2232660114503952,0.2230972405714038,0.2244740958384554
394635,350,"Goldsboro, NC",msa,NC,,,,,,,,,,,,,,,,,,,,,,,,,,,,,,,,,,,,,,,,,,,,,,,,,,,,,,,,,,,,,,,,,,,,,,,,,,,,,,,,,,,,,,,,,,,,,,,,,0.269794392184822,0.26840894545816,0.2666015573297461,0.2665190963154571,0.2657206340788005,0.2676003965254465,0.2673654033840583,0.268023314236566,0.2657822722228649,0.2643542346772523,0.264787453171678,0.2676392745358709,0.2682169513541935,0.2669607074714554,0.2658438999573539,0.2679693341450768,0.2699706112862279,0.269001507414564,0.2668825893564916,0.2669439162283626,0.2690471682666413,0.269254812841661,0.2684441602274648,0.2671917444030347,0.2684025486883895,0.273053659271856,0.2749815735712868,0.2740477432753894,0.2717655965432969,0.271914359951955,0.2728189748355121,0.2732481589197802,0.2723133114937023,0.2732557270417405,0.2732218154682666,0.2715689650346553,0.2683617995544525,0.2641673437012616
395213,351,"Watertown, NY",msa,NY,,,,,,,,,,,,,,,,,,,,,,,,,,,,,,,,,,,,,,,,,,,,,,,,,,,,,,,,,,,,,,,,,,,,,,,,,,,,,,,,,,,,,,,0.2214571736752684,0.2216693522372062,0.2182941393943733,0.2172738821057379,0.2185661229809374,0.2196252121062017,0.2190458423562811,0.2143564845203784,0.2157560897093824,0.2162535366454707,0.2184640926901559,0.2143431231419551,0.2114331326095432,0.2113925219878018,0.2130677522310633,0.2125618871676924,0.2108513275575306,0.208995303034608,0.2077796063684303,0.2060427492023527,0.2025006463225826,0.2038199222696055,0.2058972800014544,0.2066143439779643,0.2061195788229356,0.2058401038182076,0.207283336579514,0.205435210537403,0.2030095407960696,0.2015150440464856,0.2014297781123229,0.2017359378254652,0.2009731432168696,0.1987676623447178,0.1968350674194477,0.1992151118635218,0.1996768333405022,0.1990728858429385,0.1971318145382866,0.1982684272478043,0.2000442751170445,0.2012823324880266,0.201629415636337,0.2026050955057406,0.2042883038949235,0.2051215864318091,0.2056607347028252,0.2045248085921813
395089,352,"Sheboygan, WI",msa,WI,,,,,,,,,,,,,,,,,,,,,,,,,,,,,,,,,,,,,,,,,,,,,,,,,,,,,,,,,,,,,,,,,,,,,,,,,,,,,,,,,,,,,,,,,,,0.1301564008400726,,0.1332866545703833,0.1352207065229372,0.136706482726252,0.1354084218033294,0.1380669198095856,0.1397492325532525,0.140652241435916,0.1410470565680489,0.1377624740884317,0.1381417446564137,0.1368960238136783,0.1432981376894115,0.1443852685979574,0.1449437102817584,0.1432537021246123,0.1423733244294404,0.1440531954294177,0.1435369999897564,0.1440780274771094,0.1440704620009258,0.1460736187095643,0.1467342191953035,0.1466532370383935,0.1439251667230416,0.1418766953243043,0.1433704051018736,0.1478550715000259,0.1513733579080515,0.149795685252475,0.1472568898468286,0.1473158004309938,0.1478177680287137,0.1484428347526867,0.1487640934921943,0.1506464421095025,0.1508336326334153,0.1525430228015976,0.1520708877828641,0.150405237303959,0.1497140840007732,0.1508671263684673,0.1540206050874991
395217,353,"Weirton, WV",msa,OH,,,,,,,,,,,,,,,,,,,,,,,,,,,,,,,,,,,,,,,,,,,,,,,,,,,,,,,,,,,,,,,,,,,,,,,,,,,,,,,,,,,,,,,,,,0.1664073022957525,0.1623198927601707,0.1606763734418647,0.157472708380666,0.1581337179659641,0.1565932697530857,0.1597490603274757,0.1594409722811774,0.1602075803668682,0.1562038234075771,0.1529654744159272,0.1526247840424099,0.1508117855124162,0.1515328934921734,0.1518535428994138,0.1557975275806051,0.1586244377648061,0.1575662080754857,0.156323041703373,0.1564953622323527,0.1577895505472097,0.1567700568464684,0.1565514821014194,0.1568663630830413,0.1571977580683366,0.1554299134450411,0.1537308824091026,0.1537651069774926,0.1539424719364844,0.1531526355384422,0.1552429161676068,0.1537455743096275,0.1542153248814415,0.1553824885599685,0.1561298307125124,0.155250446696368,0.1556029766419961,0.1574145294488672,0.1589269678423186,0.1578073454634822,0.156335342051791,0.1576874896614633,0.1561969574025339,0.1573507773359605,0.1563029833011507
394867,354,"Missoula, MT",msa,MT,0.2043168236967497,0.2056899572022109,0.2083678780210363,0.2091620782935368,0.2104803388975103,0.20927668054612,0.209222833617626,0.2095993943493576,0.2100231496551089,0.210463376723834,0.2104247391738969,0.2093897585070253,0.2073552834518592,0.205688914220073,0.2051379471492709,0.2047465380277952,0.2037187038027059,0.2032254353736494,0.2035108472930544,0.2037362736412152,0.2026320045079006,0.2024730845787225,0.2017225331757907,0.2029472034338403,0.202214851930581,0.2012817897637569,0.1990369083437911,0.198112934672752,0.197667760895257,0.1971079491787658,0.1961972671718914,0.1947657605784667,0.1945095667853638,0.1938799527367752,0.1946001923168622,0.1935834950457447,0.1930151480108724,0.1934156109992332,0.193187865444674,0.1925704885143316,0.1899849091540672,0.1897482132975795,0.1892372482072617,0.189114423904199,0.1875184210920632,0.1867002526384976,0.1858608570430678,0.1863383578010981,0.1881329076264891,0.1866360609101215,0.1866401248407942,0.1862276871951186,0.1871691279375879,0.1867849388441141,0.1866336225044327,0.1864852745242079,0.1878047829889248,0.1886368580653411,0.1889901777332331,0.1889146430161928,0.1879784493943557,0.1887084367412609,0.1882703288612139,0.1871063839637186,0.1834819164394635,0.1831307717686108,0.1843909901149395,0.1874340930977421,0.1955191994546676,0.1990098850603165,0.202451729711926,0.1995174885244409,0.2023413802003548,0.2033770660970374,0.2060699093151026,0.2096663865867644,0.2134380254428921,0.2204027602714319,0.2240447802284046,0.2252381800188286,0.2242618734571761,0.2244838886778481,0.2288451727647729,0.231921465524243,0.2356674353270498,0.2366784050347247,0.2366091979767132,0.2346882041479659,0.2341749608847389,0.2313580400278402,0.2291381403514584,0.2285611289719213,0.2296488098021059,0.2333926646107142,0.2341853900266443,0.236286819120139,0.233566480973043,0.2299692876374946,0.2278890214333045,0.2288953436993094,0.2312105471996947,0.231135199873781,0.2310732589611396,0.2299675069034129,0.2289801972703951,0.2279159081744014,0.2276118370023489,0.2264682186642881,0.224010326441681,0.2240503738779479,0.2252348877062417,0.2250429726593038,0.2245502702201174,0.223791528552069,0.2245012320833533,0.2251029470710881,0.224641879853776,0.2243341800331191,0.2230436065256589,0.2221232533055546,0.222866336766672,0.2244553921886132,0.2238059175412803,0.2230231008910261,0.2216714384143985,0.2222015680483648,0.2216845815809465,0.2215269995672933,0.2222069188831805,0.2223464978462515,0.2233028477192418,0.2239317163881286,0.2251132438833766,0.2247528386469464
394407,356,"Bozeman, MT",msa,MT,,,,,,,,,,,,,,,,,,,,,,,,,,,,,,,,,,,,,,,,,,,,,,,,,,,,,,,,,,,,,,,,,,,,,,,,,,0.2639952410321525,0.2647783694003641,0.2673807120695697,0.2705825591202171,0.2724909694973336,0.2738772355167033,0.2756761681471053,0.2806462597623148,0.2900498173736199,0.2933277137118703,0.2960475773545385,0.2913580801730099,0.2905642428190289,0.2889699299955584,0.2897357821722936,0.2890424366111627,0.2893518879717704,0.2918060825353196,0.2917289902130847,0.2905214662114688,0.2851831952205421,0.2803395424350911,0.2735232398193442,0.2713349531063693,0.2722042750295549,0.2749412442879724,0.2726901223480782,0.2711935280192566,0.2677826727603735,0.2643679274909507,0.260271262747228,0.2586053817621281,0.2569075150023799,0.2545417887115012,0.2528659580950956,0.2506697432238655,0.2503789022531256,0.2504009979979144,0.2497595516775559,0.247813968156301,0.2454842054155812,0.2447070640428772,0.2468786183240919,0.2464762393840774,0.2458273646268103,0.241842966938339,0.2401276833337042,0.240148064110895,0.2388759286326037,0.2348715827038825,0.2328891812792747,0.2318522787764536,0.2320784832697666,0.2309788708244511,0.2284761271125336,0.2273288473451202,0.2268995366065803,0.2290589227286875,0.2294439075503046,0.2289695513576934,0.2281146825774786
394333,357,"Anniston, AL",msa,AL,,,,,,,,,,,,,,,,,,,,,,,,,,,,,,,,,,,,,,,,,,,,,,,,,,,,,,,,,,,,,,,,,,,,,,,,,,,,,,,,,,,,,,,,,,,,,,,,,,,,0.1950174659156242,0.192266646482883,0.1908049864484509,0.1914700452173696,0.1911133998785635,0.1925592414802559,0.1965457860085488,0.1970243411923455,0.1979069687887731,0.1980600925732878,0.197788165895682,0.1977525993123461,0.19758784404169,0.1986314812796234,0.2007637219254023,0.2005930920440947,0.2012619333623962,0.2010195191088242,0.2014485357907002,0.2020880361588737,0.2041128898512661,0.2041981679677615,0.2016293485801714,0.2020469175758137,0.2035466465461352,0.2038876941010725,0.2017583766210797,0.2021703206145136,0.2024206683429293,0.2023958746918869,0.2008964143319125,0.2006951645179605,0.1999253692184636,0.1995019828971645,0.2004439319747322
394374,358,"Beckley, WV",msa,WV,,,,,,,,,,,,,,,,,,,,,,,,,,,,,,,,,,,,,,,,,,,,,,,,,,,,,,,,,,,,,,,,,,,,,,,,,,,,,,,,,,,,,,,,,,,,,,,,,,,,,,,,,,,,,,0.2001801186571809,0.2074928329393975,0.2087701830951571,0.2134789046976747,0.2138959181997358,0.2234202973736713,0.2215202923826437,0.2255491384639681,0.2210766221701156,0.2224170477360619,0.2184693585985691,0.2219243150654315,0.2247791338838898,0.22615443031291,,0.2259383192895699,0.2280753562248919,0.2261396252345744,0.2281502555028726,0.2269731390871359,0.2292447595371189,0.2303223279530986,0.236106877312125,0.2350236564051309,0.2338764942935648
395225,359,"Williamsport, PA",msa,PA,,,,,,,,,,,,,,,,,,,,,,,,,,,,,,,,,,,,,,,,,,,,,,,,,,,,,,,,,,,,,,,,,,,,,,,,,,,,,,,,,,,,,,,,,,,,,,,,,,,,,0.1832495481914809,0.1842333091700127,0.1844181207417858,0.181333345524141,0.184261226279434,0.1847098276709117,0.1847816599257224,0.1848142772201471,0.1865280266835225,0.1862333871033534,0.1867984749508026,0.1878131464739207,0.1887619022223899,0.1898799061365032,0.1923185514205718,0.1937579101637961,0.194466915456759,0.1929017657905997,0.1925629231006932,0.1933032944984418,0.1975081535329793,0.1987575361208248,0.1988826891654374,0.1963214957952056,0.1933327159672269,0.1936405648738112,0.1935318501757902,0.1952246933000117,0.1947249968768126,0.1964365516017717,0.198014432145314,0.199170009540533,0.1973223031717432,0.1979884146576258
394423,360,"Brunswick, GA",msa,GA,,,,,,,,,,,,,,,,,,,,,,,,,,,,,,,,,,,,,,,,,,,,,,,,,,,,,,,,,,,,,,,,,,,,,,,,,,,,,,,,,,,,0.2981621170251495,0.2926003619405333,0.2899782204651066,0.2924292231918338,0.2933944542424674,0.2960270763221675,0.2951835197449871,0.299883912934034,0.2975636726762134,0.2960869445858103,0.2923426674310921,0.2932255736451796,0.2953518387979041,0.2924894325773323,0.2931217156207384,0.2921748399503089,0.2924496458882438,0.2872003394648719,0.2851751308806193,0.2862683011602061,0.2859367334973834,0.2859464030546346,0.2810782797401203,0.2819192213918298,0.2823525937133827,0.2849296563011012,0.283739819928238,0.281573394647182,0.2795620721579233,0.2805761266387299,0.2786807432732561,0.2759857960279051,0.2740003953400911,0.2747062449844424,0.2776296469152896,0.2766660141259246,0.2738237163591124,0.2752341642943514,0.276844706242891,0.2771626784188316,0.2767066362689282,0.2761684674930459,0.2775273368632566,0.277315886355323,0.2780741133950748,0.2768798972646504,0.2763554288072449,0.2754384385005058,0.2758402511272477,0.272862445680937,0.2706020498475787
395173,361,"Twin Falls, ID",msa,ID,,,,,,,,,,,,,,,,,,,,,,,,,,,,,,,,,,,,,,,,,,,,,,,,,,,,,,,,,,,,,,,,,,,,,,,,,,,,,,,,,,,,,,,,,0.2878934317933778,0.2846246513245947,0.2859358779631991,0.2841385126302043,0.2804107684875633,0.2768193352349992,0.2716861839632698,0.2715033055420714,0.2722696308265193,0.2721223586718772,0.2729839333673439,0.2694526968427136,0.2683949936232283,0.2651019424533927,0.2650494673278628,0.2647799958084969,0.2660449104982054,0.2616696753865594,0.2612009387459222,0.2588258994034661,0.25986600398486,0.2567448967662649,0.2530678726600026,0.2492001027116055,0.2481367810435818,0.2493321531065252,0.2486475564908697,0.2456330831491981,0.2434427541139084,0.242719364690111,0.2412536004130559,0.241034451195592,0.2400116084990048,0.2406602105201189,0.2403358953214265,0.2420882072664228,0.2412646374258448,0.2404532977498145,0.2390583448625358,0.2398873576298242,0.2398425984224956,0.2411637173489655,0.2414832266663684,0.2408582516781972,0.2398751837368779,0.2395076047928697
753872,361,"California, MD",msa,MD,0.1592444291909152,0.1601594313785354,0.1601553207947522,0.1581107398803125,0.1582801614501547,0.158044214988194,0.1593094247053556,0.1589000859166525,0.1593120310578148,0.1606390524462929,0.1613765730367722,0.1614666526093583,0.1611343599409276,0.1614644818017823,0.1630475954770701,0.1641286183338671,0.1645931212720821,0.1645809401496626,0.1647437045374708,0.1656294032724994,0.1658724605370822,0.1653203419940067,0.1648359310609116,0.1645207611970619,0.1642190292184737,0.1640687697992225,0.1640037629055251,0.1653688314820808,0.1655207028403967,0.1650359237696577,0.1642024617133869,0.1635558099282448,0.1629356797810463,0.1625058281892989,0.1637770504984656,0.1641569254925292,0.1663199050027099,0.166059700692193,0.1662449137913201,0.1643337612139679,0.164230679739941,0.1642279364248626,0.1636858360943706,0.1633494090506419,0.1632186113384991,0.1629940058575246,0.1622415569567754,0.1615296724197329,0.1584505628628757,0.1562817179143391,0.155089541646583,0.1548649301874137,0.1540911362115705,0.1538932854192928,0.1542607476648571,0.1543409147948835,0.1543946426431197,0.154631917315045,0.1546714737997486,0.1555408159247755,0.1575307996055739,0.1598916377431568,0.1613301546003648,0.1586618936186718,0.1557306074553679,0.1540602729835261,0.1531275974310118,0.1522645807474428,0.1513692359707316,0.15036861399607,0.1520488146972499,0.1523259693791369,0.1535518309612493,0.1520715974627001,0.1537275098431105,0.1555986367738741,0.1576484894743371,0.1588092073592558,0.1585759539496446,0.1607198337845831,0.163051059172416,0.1686777820352832,0.1707126708962237,0.1720583201887064,0.1691020307460753,0.168399437395949,0.1668248716024518,0.1677537132677196,0.1677490166844798,0.1683746036634183,0.1701316180551744,0.1705063523797824,0.1735249123068404,0.1727145604957715,0.1731435826467697,0.1730264283027991,0.1750634667597359,0.1777094826281696,0.1794830361682841,0.1804698909655372,0.1824490365772438,0.1848671933001504,0.1874553344760184,0.1899519977681802,0.1908207885978114,0.1938625026720721,0.19517998332533,0.1976777442528777,0.1983870120463515,0.1995585205601054,0.2009631546701884,0.2007522517703615,0.2025106926114918,0.2013590204473873,0.2017947156060632,0.1991027401545525,0.1988847008217021,0.1994531209639924,0.2007175824994833,0.2034052942813916,0.2044745540630404,0.2050790185890147,0.2051113390156075,0.2060744535118023,0.2051582244072422,0.2063066503117336,0.2059222473519443,0.2081507478193718,0.2087436201683506,0.2082725263971452,0.2078341592295922,0.2057610756003829,0.2044174688304058,0.2028415390424862
394893,364,"Muncie, IN",msa,IN,,,,,,,,,,,,,,,,,,,,,,,,,,,,,,0.1563123778225126,0.1594204438915177,0.161122119853082,0.1633710810525721,0.1628161764475427,0.1631320846411665,0.1635479231256802,0.1633368535484119,0.1627227753077102,0.1601810570962805,0.1613241044074794,0.160508660998028,0.1607453103439716,0.1607084628236983,0.1624861903647617,0.1645416434300439,0.1645210136554141,0.1642076447200986,0.1654517740948222,0.1655983296618351,0.1655723512502382,0.1676570665879558,0.1684514202104708,0.1691929741900677,0.1696652629556075,0.1687396597479287,0.1664187903695433,0.1647739101583571,0.1652744026172113,0.1653811590589162,0.1640379096510034,0.163604481770908,0.1636442616405003,0.1637493508991491,0.1608449130204894,0.1605117353765921,0.1609770032742389,0.1644925606006483,0.16545770980021,0.1667044298700211,0.165993411495674,0.1677956045174885,0.1672645383514103,0.1692055885899892,0.1673933096172242,0.16906975742616,0.1700523297599592,0.1695945051739143,0.170804377584531,0.1695308580247907,0.1699500587184482,0.1740828830623181,0.1793703468754781,0.1838267343358803,0.1812569104853465,0.1763792872692216,0.1764362823323037,0.1761558517831619,0.1795800806923845,0.1795687944460187,0.1813129256552287,0.1791516234009675,0.1806942465355017,0.1790542821964505,0.179466608949679,0.1787625061223311,0.1810472607073989,0.184059628773822,0.185855455702411,0.1869155081830949,0.185131399022061,0.1834857990824345,0.1826666162096241,0.1864345037191507,0.1878075172206913,0.1894933517608336,0.1883873401862684,0.1886997520524174,0.1896161075763561,0.1914289501230506,0.1932718945864549,0.1946024493591332,0.1936803614748848,0.1942671252273144,0.1957020719505697,0.1985889424869073,0.199840406469534,0.2007703948311723,0.2024035975949852,0.204796682552382,0.2066834687229025,0.2067326502064644,0.2061566955361212,0.2059103466853441,0.2079807054183893,0.2096800308454696,0.2104577213752225,0.2086468777465419,0.2085865885495076,0.2095330872049754,0.2108842821183984,0.2111378437579164,0.2107689033446316,0.2105248075065222,0.210791689694596
394857,365,"Michigan City, IN",msa,IN,,,,,,,,,,,,,,,,,,,,,,,,,,,,,,,,,,,,,,,,,,,,,,,,,,,,,,,,,,,,,,,,,,,,,,,,,,,,,,,,,,,,,0.1808528273252522,0.1789842345676655,0.1766272898772757,0.1762047325016047,0.1772315099554929,0.1817669387349255,0.1841895193658141,0.1865038913469378,0.1859075653479632,0.1874972515997722,0.1895976488644836,0.1919181358873755,0.1910587193828457,,0.1897402511839084,0.1912228234907987,0.1909311432458203,0.1906784534024354,0.1922711909458805,0.1932957296133768,0.1953923491645662,0.193767397417034,0.1913901758467025,0.1906908095201792,0.1949027464909937,0.1966717974074033,0.1980112911440519,0.1976873599664084,0.1975643166544196,0.1972430557930487,0.1974828480346213,0.2004252900680149,0.2006428706095192,0.2024897460017507,0.2009195308629907,0.2014049309599615,0.2002514324752631,0.2043520180584403,0.2058203001346085,0.2064354826125524,0.2074273917028149,0.2082633865608377,0.2081200630118655,0.2061862210407521,0.2064079796661204,0.2066686401032968,0.2096667012876107,0.2100230078527442,0.209335062800273,0.2053886299772656
394788,367,"Lewiston, ME",msa,ME,,,,,,,,,,,,,,,,,,,,,,,,,,,,,,,,,,,,,,,,,,,,,,,,,,,,,,,,,,,,,,,,,,,,,,,,,,,,,,,,,,,,,,,,,,,,,,,0.2371603145070112,0.2383291042493116,0.2347948309359757,0.2367905419198916,0.237686004988174,0.2422738479938832,0.2412271829852183,0.2406432814765528,0.2362921076860142,0.2371687963273079,0.2409541681852074,0.2451044346745237,0.2465937907104073,,0.2394216903747885,0.2401425259715573,0.2440420416470232,0.2441880900023013,0.246384879335399,0.2448818350277936,0.2455925896776196,0.2468333018691653,0.2474898181527912,0.2476360096135469,0.2466199055732435,0.2466868590483768,0.2490053554757293,0.253629371527481,0.2517384064184681,0.2503441516556285,0.2491874882739978,0.2516639094378375,0.253818297297634,0.2534696141692842,0.2521511645487745,0.2506451025814966,0.2513922449942798,0.2542489233998732,0.2535347458004577,0.2490707965797954
394804,368,"Longview, WA",msa,WA,,,,,,,,,,,,,,,,,,,,,,,,,,,,,,,,,,,,,,,,,,,,,,,,,,,,,,,,,,,,,,,,,,,,,,,,,,,,,,,,,,,,,,0.2092511882506524,0.21021694024921,0.2113532557201301,0.214609529200884,0.2183932315982962,0.2191431250857065,0.2183191111265531,0.2171827346622662,0.2147990926972063,0.2160584569836102,0.2133638550940918,0.2124949802360052,0.2129406593329061,0.2120966531712122,0.2102040813001724,0.2086925999539919,0.2087919889794995,0.2095362066469557,0.208259831711475,0.207741575269385,0.2074814051887494,0.2075130528844626,0.2073608603517032,0.2046899201475417,0.2040748000207975,0.2025317974127402,0.2042959193294355,0.2030166523906497,0.203147924492447,0.2013451975485281,0.2004481854588958,0.2012345481633959,0.2048156222250714,0.207878806630639,0.2071817258138232,0.2075634600179105,0.2056036713308602,0.2065719514478807,0.2053753414679007,0.2059634154992221,0.2051500673144515,0.2060658533185245,0.2074265457648301,0.2072802440187006,0.2051157535723405,0.2026574859725696,0.2035609743218798,0.2045770651446578,0.206213464871808
394734,370,"Kankakee, IL",msa,IL,,,,,,,,,,,,,,,,,,,,,,,,,,,,,,,,,,,,,,,,,,,,,,,,,,,,,,,,,,,,,,,,,,,,,,,,,,,0.1944891083644991,0.1968465432340326,0.1991408946107295,0.1986567853843394,0.1996769956313586,0.1972495664780821,0.1972886128551073,0.1968443029566041,0.1968658964565493,0.1971764367901813,0.1986016965802496,0.1996915411611486,0.2039133590532294,0.2042202482146156,0.2057827270619035,0.2036779126945013,0.2043368529556282,0.2045735013520508,0.204345432997056,0.2048971926869748,0.206284737508032,0.2062764599349302,0.2051052115264507,0.204366515978099,0.2021904564243968,0.2028709789000768,0.2004506694288744,0.2011395042190211,0.2002774633464975,0.2017344694281862,0.2024224836653263,0.202739171554322,0.2019358131896403,0.20343929619818,0.2027644942484166,0.2032271678991804,0.2003698696267915,0.2009294123416911,0.2016986100187433,0.2029650071284135,0.2030451882353919,0.2002661874524149,0.1997747555480965,0.2005325766450149,0.2048143829289102,0.2033577673581678,0.2045546843428756,0.2019303384139605,0.2043658872292972,0.2035140769817867,0.2037275104644232,0.2031548262257931,0.2036619264644613,0.2053376710678586,0.2056703560412916,0.2050400361843561,0.2020279249730697,0.2025323449229477,0.2025805340447248,0.2048663542752437
394709,376,"Ithaca, NY",msa,NY,,,,,,,,,,,,,,,,,,,,,,,,,,,,,,,,,,,,,,,,,,,,,,,,,0.2856376658971648,0.2822612700459102,0.2840808946124425,0.276865591174569,0.2696229167712063,0.2702754217273425,0.2765832519932667,0.2809948935575179,0.2831519359332346,0.2771808553605658,0.2788754077561787,0.2745840794545972,0.2775532225028836,0.2800380635070829,0.2873414940710175,0.28433446338996,0.2754730789489721,0.2752159520562892,0.2733868306413154,0.2749667013969177,0.2769406918832571,0.2780413884185949,0.2803493975124982,0.2718089989731083,0.265502520382836,0.2558223124684195,0.2583951023753025,0.258658866096055,0.2662916228471245,0.2649907587261914,0.2668931519530669,0.2689023133584107,0.2712385170133893,0.279438470472594,0.27986737904356,0.2873101727300627,0.2886947119482049,0.2960311254363866,0.3023143256740184,0.3082658415137379,0.3109855918863313,0.3109740588296119,0.3054696785667666,0.297619422997551,0.2936828089330998,0.2934898824074194,0.2997596160224698,0.3072936014217566,0.3112765199896878,0.3135978202542145,0.3087151240932407,0.3060042295114329,0.3008712938917429,0.3028830146620245,0.3080169017796068,0.3131833751980343,0.3120802299546737,0.3085617538584341,0.3085721178179347,0.3100467888860784,0.3121824649267697,0.3109935272277206,0.311047565351788,0.3078434001903625,0.3101534815115447,0.3102448998742855,0.3147702557135304,0.3142426803424205,0.3165859577191933,0.3175382778554205,0.3172675879388488,0.3154421622155796,0.3102507951491067,0.3112342254843671,0.3126727560073028,0.3155641904448673,0.3158283430919085,0.3153330780294165,0.3108300903567496,0.310583970366251,0.3105843037189035,0.3118701429511488,0.3113716869657533,0.3109234686975447,0.31335350936009,0.312861595407167
394637,377,"Grand Forks, ND",msa,MN,,,,,,,,,,,,,,,,,,,,,,,,,,,,,,,,,,,,0.1999891361928641,0.1973922007307891,0.1955218043903918,0.1923342286890356,0.1919746200807765,0.1897583229053419,0.1886825491505382,0.1873713140980984,0.1868301154363489,0.1863023734373649,0.1847841935035797,0.1822799038108928,0.1803138098026508,0.1808053991312277,0.1801271178102573,0.1813752394879949,0.181669321713241,0.1834553816789654,0.1833224997274412,0.182057464780117,0.1806776642620761,0.1804582195256302,0.1821999571660331,0.183692962099825,0.1852288961653982,0.1860510728337196,0.1868312780588524,0.1827256567263793,0.1794174422911668,0.1775350092534063,0.1770063311602836,0.1761403509079818,0.1764807678519541,0.1780273394416737,0.1794960209663401,0.1779003992422933,0.1762354345368604,0.1763255942758999,0.1778762440188006,0.1778145004012662,0.1769530504768566,0.1762834765384786,0.1754254585475271,0.1746698467848282,0.174126055148199,0.174198258406552,0.1742863920368289,0.1759962851742974,0.1754606579080011,0.1739716541709777,0.1716974776864047,0.170350643909076,0.1702512068648443,0.1690589979850313,0.1678361720193693,0.1666406606818611,0.1656637048151004,0.1657687016516839,0.1662506725163672,0.1661008079772324,0.1671938492135981,0.1669619400531464,0.1671100655779992,0.1667925900491294,0.1671469176322315,0.1684934007516751,0.1696059993261041,0.1709406563179874,0.1708441332948436,0.1710641919897079,0.1712075362773369,0.1724360002801097,0.1720469488221055,0.1727753922510763,0.1731872436940668,0.1751194720431334,0.1758344286561432,0.176557933406888,0.1775331304784173,0.17801791656282,0.1794548992671625,0.1792418292856667,0.1802577568233261,0.1817340770547684,0.1833557131998334,0.1831655725373993,0.183808822189564,0.1837982255768447,0.184167926752051,0.1843334869435655,0.1845970914084143,0.1852078355413029,0.1858150660017908,0.1874654507287722,0.1881833380660249,0.1881182912002315,0.1886305330821115,0.1903875288172062,0.1916689532885689
394524,378,"Decatur, IL",msa,IL,,,,,,,,,,,,,,,,,,,,,,,,,,,,,,,,,,,,,,,,,,,,,,,,,,,,,,,,,,,,,,,,,,,,,,,,,,,,,,,,,,,,,,,,,,,,,,,,,0.1879393353518736,0.1837811638352491,0.1815255268106341,0.1784779180618462,0.1831347347603512,0.1831360278471382,0.185371898708592,0.1836693029599674,0.1856672202943222,0.1853154132099724,0.186023083902427,0.1827660128434263,0.184338148476796,0.1844741059810271,0.1878853461937773,0.1937832513391462,0.1943838788233002,0.1960119953003962,0.1891540530136304,0.191325545894988,0.1896372126272216,0.1944714064761398,0.1977356049664708,0.2008711680115342,0.1971885617648625,0.2008787203720823,0.2008253561436943,0.1999769031555187,0.1991468571222767,0.1995572976863852,0.2039241347240594,0.2045090486801348,0.2073842374238909,0.2059053710822775,0.2052537455463393,0.2059907399224301,0.2098393365112034,0.2096167304303376
394369,380,"Bay City, MI",msa,MI,,,,,,,,,,,,,,,,,,,,,,,,,,,,,,,,,,,,,,,,,,,,,,,,,,,,,,,,,,,,,,,,,,,,,,,,,,,,,,,,,,,,,,,,,0.2395528316708439,0.2307918729655495,0.2338425438411472,0.2332880649458043,0.2342840676440944,0.2298845120601176,0.2297314672576879,0.2307028478827288,0.229545953327537,0.2287375105018026,0.2258593513583277,0.2278329046035863,0.2259800624620662,0.2280942627216062,0.2246028777218268,0.224632635530088,0.2188573268415554,0.2172720765555711,0.2148582701999107,0.2192874975345076,0.2221961159018405,0.2262936314675851,0.2256133644671742,0.2251631271426068,0.2236268448261379,0.2219305796252428,0.2201952162156958,0.2164151526826316,0.2185016044281961,0.2240938777001128,0.2282003986179977,0.2264996013045507,0.2226426171880431,0.2193012042072257,0.2195450345485628,0.2184810711046467,0.2193196476622371,0.2208930231359133,0.223180383096425,0.2258302207297047,0.2265830216699944,0.2235833312313357,0.2214961314797511,0.220248534055932,0.2218534456739318,0.2227067161479997
394599,381,"Fond du Lac, WI",msa,WI,,,,,,,,,,,,,,,,,,,,,,,,,,,,,,,,,,,,,,,,,,,,,,,,,,,,,,,,,,,,,,,,,,,,,,,,,,,,,,,,,,,,,,0.1351104346550642,0.138256082305634,0.1381610436083516,0.1399920497887027,0.1383054124174913,0.137246918440048,,0.1382378217057026,,0.1408002840389989,0.1415081551532858,0.1416703516195737,0.1417945414595656,0.1427687301838,0.1439308875085981,0.1459083310545602,0.1458650265410878,0.1465559982036403,0.1463842398485341,0.1468777289784586,0.1480305530898127,0.1477186652856195,0.1468625804193869,0.146787031428886,0.1467058129998194,0.1488243616031625,0.148457693833697,0.147543414556056,0.1499438257865583,0.1535158560538438,0.1563437113917464,0.1562127272976849,0.1567925260237672,0.1574387790243471,0.1587619586794583,0.1578326141539879,0.1568340018411533,0.1548836680069396,0.1554599073657463,0.1558980732135435,0.1556467999324808,0.1542306099139523,0.1537450404480919,0.1551149898017602,0.1560159469250494,0.1573008198260586,0.1587659955059734,0.1615021711681851,0.1645980695391173
394630,382,"Gettysburg, PA",msa,PA,,,,,,,,,,,,,,,,,,,,,,,,,,,,,,,,,,,,,,,,,,,,,,,,,,,,,,,,,,,,,,,,,,,,,,,,,,,,,,,,,,,,,0.17189294727119,0.1724604665803712,0.1713253556579979,0.1684416966479792,0.1687691068455871,0.1697168626726354,,0.1659668030414064,0.1664427781175701,,0.1671060901384181,0.1656760573898225,,0.1631066565935311,0.1632732853802256,0.165268872580178,0.1653635958554706,0.1638681274864593,0.1647364152571383,0.165541290003784,0.1630636192088927,0.1630726533781188,0.1628518787725023,0.1658534076528407,0.1646256479364289,0.16524988541228,0.1687935952316361,0.1666803879181408,0.164148287565784,0.1613900184341681,0.1622859765611338,0.1614783498627533,0.1614741372027177,0.1602139186401518,0.1603588589131587,0.1622355324952959,0.1613288965210513,0.1607338596778427,0.1580173497526578,0.1586111026940107,0.1599507564391055,0.1620170352635057,0.1605632478245407,0.1608035418466584,0.1612043018382956,0.161208116374482,0.1606345530790768,0.1574326125028392,0.1588080989083802,0.1581956624227364
394823,386,"Mankato, MN",msa,MN,,,,,,,,,,,,,,,,,,,,,,,,,,,,,,,,,,,,,,,,,,,,,,,,,,,,,,,,,,,,,,,,,,,,,,,,,,,,,,,,,,,,,,,,,,,,,,,0.1778700337241091,0.1796226048553184,0.1836732401335735,0.1836126388002101,0.1831753177664598,0.1835018944950604,0.1815893915902655,0.1805991968974244,0.179434989098258,0.1831714634153021,0.1838977144103865,0.1859600937230547,0.1845858814270414,0.1839655815324381,0.1825208394998259,0.1828889103885417,0.1827128123452468,0.1836377129292364,0.1836248172483022,0.1847591846692836,0.1840321037216633,0.178693272180761,0.1802389050025337,0.1819927201684307,0.1891909227176571,0.186920668327691,0.1872019738778345,0.1872792440612353,0.188379159466024,0.1885025968601855,0.1901055777707165,0.1910292272333754,0.1932253685591009,0.1968896094272528,0.1963920318981659,0.1962545139079276,0.1927760907842565,0.1963093600256168,0.1976394434744713,0.1990181433332422
394794,387,"Lima, OH",msa,OH,,,,,,,,,,,,,,,,,,,,,,,,,,,,,,,,,,,,,,,,,,,,,,,,,,,,,,,,,,,,,,,,,,,,,,,,,,,,,,,,,,,,,,,,,,,,,,,,,,,,,,,,,,,,,,,,,,0.1779697007497535,0.1792218489219262,0.1800106443016291,0.1844717373033725,0.1827333933957242,0.1834303639652308,0.1786264617926998,0.1791740182544812,0.178407219620505,0.1795867445008298,0.1813993809273274,0.1838977823430141,0.1859845720915475,0.1871246648767738,0.1880313763534347,0.1859709645977426,0.1870075298091962,0.186162923185011,0.1909722183388432,0.1921266250069052,0.196111519068923
395080,390,"Sebring, FL",msa,FL,,,,,,,,,,,,,,,,,,,,,,,,,,,,,,,,,,0.274468254801291,0.2680221926747702,0.2656912099977435,0.2614940321798133,0.2725863819817752,0.2745848125511038,0.2796532225547501,0.2749690227030469,0.2720076744202253,0.2702883424088504,0.269130760640171,0.2636444525665605,0.2613521200925662,0.2617654699644947,0.265524367454787,0.2638092093713209,0.2573175943227593,0.2549884094043337,0.252607897149109,0.2516114133846031,0.2544394488909404,0.2549199822565084,0.2563537091185718,0.2577563439003549,0.2592284959553432,0.2599086651213454,0.2572869843430646,0.257942868619643,0.2590187993953408,0.2586792514213964,0.2548669961694187,0.2525784808582131,0.2504486107776725,0.2535040970280203,0.2524585677117309,0.2590704614162803,0.2614895716554534,0.2643275635098551,0.2649056084530494,0.2641193227189231,0.2675965623801662,0.2727095112955197,0.2767361200111435,0.2779654239634807,0.2795615824759384,0.2796804885367779,0.2824008653840605,0.2891114789283528,0.2972918849190921,0.3052097298921961,0.3063046248978977,0.3106872231396465,0.3130734002299514,0.3162900808591227,0.317462656015092,0.324469422676122,0.326049501607181,0.3286317036273865,0.3281824480167507,0.3248737683972167,0.3265183431969962,0.3266487201545647,0.3312393949411086,0.3296503419808524,0.3284517621488725,0.3256084522536299,0.3285976911025846,0.3268253057402003,0.3271687651857229,0.3253548429747226,0.324755135164209,0.326003009823838,0.3234331282378872,0.3241942644256031,0.322005863351619,0.3210715826445328,0.318971054763734,0.3165235019896868,0.314887711515284,0.3147545973971283,0.3155587434289161,0.3164802279580554,0.3158003543107107,0.3136759737394012,0.3134412958537973,0.3122090535397839,0.3119868673636137,0.3116792553772051,0.3127693772097457,0.3143323737264144,0.3128756072456931,0.3113730417675444,0.3094494663403785,0.3082376571326059,0.3079956790297796,0.3086400256811944,0.3085910977917044,0.3079751985347812,0.3070530791157485,0.3066355067419516,0.3056205071885126
394462,391,"Cheyenne, WY",msa,WY,0.1915555740529703,0.1913126617962877,0.1921886342113,0.1940822038846531,0.1965110916276371,0.1961210321727517,0.1977961097571885,0.1975205392896622,0.1969800925797167,0.1943525573482002,0.1943071920177146,0.1926557105067889,0.1937418916381951,0.1946878348646617,0.1961723098944294,0.1957554589593689,0.1941353436736865,0.194344709691048,0.1943110481536568,0.1946023011055115,0.1956532587674795,0.1960921853878709,0.1963221438977479,0.1958959887018375,0.1957280898524186,0.1958079892497725,0.1952931798918538,0.194854032105682,0.1938346972265049,0.1929030821771896,0.1905012893698471,0.1902047339517889,0.1883301993989208,0.189131528137299,0.1887022647684566,0.189897538264106,0.1892956192659308,0.189014520609982,0.1878529579538261,0.1871716399549872,0.1870122178186106,0.1868481712092648,0.1881285318230776,0.1873227967410489,0.1879916765843051,0.1866967021429543,0.187420010264996,0.1866172213072807,0.1868213923205582,0.1853204950091644,0.1855817181437524,0.1857440205488112,0.1861164374269164,0.1867289523169017,0.1870398387879409,0.1880882113803862,0.1892777685058239,0.1910344729533064,0.1918142461246107,0.1928713790332464,0.1938761947381034,0.1959625344700527,0.1965485992235422,0.1949280517639903,0.1934341321659072,0.194154210735205,0.1953176137566157,0.196988627826375,0.1986017219104602,0.2006009324835124,0.2031439085190298,0.205783248409555,0.2044934049116146,0.2029661113858487,0.2022758264931383,0.2040256099551697,0.2054623649233591,0.2057107838312548,0.2072732645056901,0.2079959871127653,0.2127472621104265,0.2165160165383831,0.2197649915618036,0.2192299480753022,0.2181868959193558,0.2196034451256235,0.2197059776668212,0.2214501271312791,0.2220114797131231,0.2223434517817927,0.2207773155173986,0.2202968737916175,0.2180944839758975,0.2168275522549026,0.2148294396788645,0.2126728416876401,0.2132712375206966,0.2118297994547513,0.2130910174018546,0.210597369274677,0.2095722315650393,0.2084089452640899,0.2081917958641269,0.2084790230817504,0.2074590120373153,0.2069220333994942,0.2056035246826354,0.2068717747977322,0.2061413089023902,0.2059504749447155,0.2041630061030644,0.2023253246983046,0.2009508446923106,0.199542913542963,0.199217268256607,0.1991530249694628,0.1990222555562047,0.1983329596634545,0.1979782750326372,0.1968695955641344,0.1964244623502486,0.197554666722809,0.1976952081943994,0.1990390035954103,0.1996575167453363,0.2006840230074301,0.2008024240910064,0.2002450735039647,0.2003752856424819,0.2005469985526337,0.200973467695133,0.2009652627802179,0.2014644722275132,0.2008058071274298
394689,392,"Hot Springs, AR",msa,AR,,,,,,,,,,,,,,,,,,,,,,,,,,,,,,,,,,,,,,,,,,,,,,,,,,,,,,,,,,,,,,,,,,,,,,,,,,,,,,0.2361890410120359,0.2352650373355454,0.2318187094022986,0.2304435136020199,0.2370913849080383,0.2488887385174128,0.2526288106043797,0.2452314365742197,0.2427861026625325,0.2470938651820425,0.251378858242037,0.2490568984825598,0.2495285138895758,0.2492916719187417,0.2522233472044138,0.2515094994996165,0.2487878914745589,0.242145853524541,0.2420579997554961,0.2478606953531412,0.2485412626868333,0.2441116071166031,0.2362050875656412,0.2373410884224362,0.2382529663445964,0.2395622335583551,0.2386381210308714,0.2400380053627729,0.2417121477350075,0.2419548486932644,0.2402574281758085,0.2381227554618847,0.2387522977447389,0.239257110378194,0.241216789703541,0.2399288712028111,0.2387474459643207,0.2359760444417883,0.233583396846929,0.2333822971998292,0.2354120347684305,0.2335107176135355,0.2321816933309313,0.2313005599907955,0.2309417925074423,0.2310687207862131,0.2314808180298814,0.2314001632349136,0.2308419083506576,0.2314193542927732,0.2322519806374705,0.2314953403915676,0.2291298407172311,0.2308265924140312,0.2315902414565482,0.2320985711838494,0.2318087677509253
394542,396,"Dubuque, IA",msa,IA,,,,,,,,,,,,,,,,,,,,,,,,,,,,,,,,,,,,,,,,,,,,,,,,,,,,,,,,,,,,,,,,,,,,,,,,,,,,,,,,,,,,0.1439653071572484,0.1445503964024137,0.1457689189905501,0.1455481394423892,0.1443667391856714,0.1432215489641534,0.1453060773392046,0.1456710682793172,0.1449740172086038,0.1433310351304599,0.1430369171424551,0.143469299269238,0.1428808713202213,0.1439904895937119,0.1430316885708275,0.1440767053175382,0.1464175189530564,0.149349691353792,0.1477296576729352,0.1467200452482768,0.1464313400837267,0.1495355680426153,0.148725232818294,0.1507951401838116,0.1506761944817868,0.1527100189185276,0.1522052213582023,0.1523674580538934,0.1506279394507535,0.1491685132954434,0.1485065253942865,0.1470108394974225,0.146378051457362,0.1458990857917173,0.1491698626524447,0.1503976896305944,0.1512789453865826,0.1484420582112269,0.1475624279909747,0.147415703637601,0.148116692528315,0.1483622268713673,0.1493862213059378,0.1510443245318354,0.1519083075135879,0.1514678354034118,0.1497673521631107,0.1482108307924191,0.1480157247008216,0.1494128797427866,0.1509884730634201
753912,398,"Pinehurst, NC",msa,NC,,,,0.2609672836688194,0.2561908915283061,0.2570391915487586,0.2557826353627288,0.257067175387047,0.2560633979857904,0.2532752793382455,0.254387522578242,0.2510281467421953,0.2502462584824708,0.2446348097224925,0.2440348998694589,0.2412370975004291,0.2403733870145367,0.237417691765033,0.236568642725498,0.2395429431250769,0.2419093934623406,0.2422343259537346,0.2385517360197998,0.2389940267369362,0.2366265141272625,0.2378015365101827,0.2328829191033356,0.2325976864184746,0.2324961034202099,0.2341250237805919,0.2349690320388544,0.2332094012789742,0.2323093247163759,0.2310075691333967,0.2306993688459041,0.2318635823099358,0.2320212235251865,0.2320085568395489,0.2314989599721285,0.2303165816846279,0.2297105229156887,0.2291724321432806,0.2289692588258751,0.2292918752972042,0.2281249562860516,0.2265257838596077,0.226356810548129,0.2267415036383514,0.2260959747133887,0.2261684755010147,0.2277063782108123,0.2280067820590978,0.2277389027322521,0.2274222668446994,0.2270124497608165,0.2266969203973321,0.2277384696342526,0.2298361199366165,0.2310672215879338,0.2303804886806178,0.2313794698643778,0.2310536185749356,0.2324768417645931,0.2275308004015775,0.2255746956353365,0.2241417009358704,0.2272094830740003,0.2270870492031744,0.2253290618418968,0.2256107102300781,0.2272525270264621,0.2268734259719431,0.2262489198035665,0.2256007591137592,0.2207994480048398,0.2212305204711568,0.2236015797583395,0.2306981190676057,0.2310297533221547,0.2317675738239539,0.2397513074112721,0.2458844357845712,0.2475567426638209,0.2485702955323247,0.2466556266065016,0.248441223167661,0.2506409779105334,0.2551651439642615,0.2577732284480554,0.2555917730400381,0.2558737311588158,0.2550371870546229,0.2542448458554218,0.2521089629585744,0.2544753362956356,0.2528679510922897,0.2538550253252409,0.2530573473417958,0.2562586887585649,0.2574553446171196,0.2552293383663908,0.2538812504214331,0.251020747288106,0.2536745509487352,0.2534831706321165,0.2561324208701812,0.2546584448794372,0.25529448985421,0.254555825132497,0.2540761562808387,0.2518106913157634,0.2506418360899619,0.2497532417316604,0.2494818286485743,0.2492717186859924,0.24958206724654,0.2486456183521164,0.2474007925306156,0.2449591750049711,0.2449776943937115,0.2450166401666177,0.2453682119615081,0.2444532440931194,0.2429653927489285,0.2430544941868557,0.2431149810453172,0.2435142892975007,0.2412207423714933,0.241379005133633,0.2408213134502883,0.2421459546691639,0.2410732699366549,0.240175519238304,0.2391626906492152
394953,399,"Paducah, KY",msa,KY,,,,,,,,,,,,,,,,,,,,,,,,,,,,,,,,,,,,,,,,,,,,,,,,,,,,,,,,,,,,,,,,,,,,,,,,,,,,,,,,,,,,,,,,,,,,,,,,,,,,,,,,,,,,,,,,,,,,,,,,0.2040317717459162,0.2079773805927385,0.2057720154426013,0.20564651272341,0.2051718209435238,0.2082560297804532,0.2041733919562173,0.2031819611628187,0.2038387966280551,0.2063966806140148,0.2104019611232709,0.2124932684680221,0.2140801813064911,0.2145029010776799,0.21745749572288
395190,400,"Victoria, TX",msa,TX,,,,,,,,,,,,,,,,,,,,,,,,,,,,,,,,,,,,,,,,,,,,,,,,,,,,,,,,,,,,,,,,,,,,,,,,,,,,,,,,,,,,,,,0.2058603499470606,0.2037025026624376,0.2005398776709797,0.1988910517048518,0.1978477113244451,0.197509764921536,0.1960680522222651,0.1948140734647847,0.1916542983674192,0.1936788666854169,0.1948868436943217,0.1962667467279058,0.1924068790542793,0.1895696862629016,0.1889753682435656,0.1893203967908991,0.1909371847071318,0.1898073290664076,0.1904931909938832,0.1916047930684834,0.1965694745875316,0.1979078531800434,0.1989959190378397,0.1989315241216341,0.2010976105284032,0.2040564524375695,0.2059349149776045,0.2062503659352179,0.2080037802383287,0.2121175985117439,0.2138225641954053,0.2115269209532226,0.2101032502134559,0.2106088546480963,0.212857139038377,0.2134234481511905,0.2143630686372006,0.2144643796186591,0.2145202813069135,0.2151126533138893,0.2137848136297199,0.2119084703484504,0.2115020389450058,0.2136836375373554,0.2135975022946432,0.2124905537413667,0.210019753957954,0.2092052762464067
395038,401,"Rome, GA",msa,GA,,,,,,,,,,,,,,,,,,,,,,,,,,,,,,,,,,,,,,,,,,,,,,,,,,,,,,,,,,,,,,,,,,,,,,,,,,,,,,,,,,,,,,,,,,0.2002607678504719,0.2029549765243783,0.2025929166874991,0.1996877436725349,0.2018138323736686,0.2036332090264451,0.2058381722266615,0.2049487558859176,0.2036634767651781,0.2053260508630322,0.2034401356702661,0.2044694746362317,0.201617730200189,0.2038162875902587,0.2052705278019288,0.2064165233463698,0.2041281915257534,0.2042685514668696,0.2038090398089921,0.2046621093241615,0.2040406913164457,0.2039880695497336,0.2039555851803446,0.2035741476587728,0.2002754819207097,0.2008816597775379,0.1987920710762473,0.2008199984888675,0.2017332950371663,0.2040891818397945,0.2055463853516549,0.2048402779089382,0.2041384878225253,0.2041068100320099,0.2046344103996053,0.2043885940435159,0.2070317979549895,0.2053529426660368,0.2064305856155042,0.2050178670570495,0.2049470630152415,0.2027225928412891,0.2013596988064754,0.2015683862844761,0.2023092634063814
394441,405,"Cape Girardeau, MO",msa,MO,,,,,,,,,,,,,,,,,,,,,,,,,,,,,,,,,,,,,,,,,,,,,,,,,,,,,,,,,,,,,,,,,,,,,,,,,,,,,,,,,,,,,,,,,0.1585856645628623,0.1590035419504828,,0.1605517778423651,0.1627320129258848,0.1641497513112998,0.1673167952052099,0.1670480928510593,0.1650625568413384,0.1645102112376535,0.1680279563587587,0.168863073361664,0.1700923619637374,0.1673630351230642,0.1691807673100824,0.1701859023704376,0.1696736425388577,0.1689815458580665,0.1689832492965721,0.1708219614120206,0.1719211986280187,0.1714082012688253,0.1707513072300313,0.1713512958658755,0.170673461515935,0.1725727819748221,0.1720844087602908,0.1737312766313215,0.1755441204744446,0.1772182413943354,0.1770726857888795,0.1764737582792273,0.1775034582523306,0.1792959060799456,0.1792823961141678,0.1793884182991019,0.1800977873946322,0.1807062553257178,0.1807468803815869,0.1797500363483978,0.1792601184798129,0.1791692173205012,0.1798203408003684,0.1803384296379987,0.179576391996376,0.1786372975988026
394580,407,"Fairbanks, AK",msa,AK,,,,,,,,,,,,,,,,,,,,,,,,,,,,,,,,,,,,,,,,,,,,,,,,,,,,,,,,,,,,,,,,,,,,,,,,,,,,,0.2246223545210172,0.2297856397506548,0.2297802875526619,,0.233109034009727,0.2363635061940794,0.2401019330345039,0.2431896679141729,0.2438244448305592,0.2435189266195281,0.2412253201411644,0.2428384720398102,0.2441320893542408,0.246378867950631,0.2450135354675466,0.2431536812126059,0.2402804758908727,0.2391188454236997,0.238173780795917,0.2373093780129131,0.2380218290321822,0.243202980111446,0.2457796310196038,0.2464082509723984,0.241528010606018,0.237512849321839,0.2372652697611125,0.2382471441204602,0.2381458362528901,0.2379438014653956,0.2362315466773492,0.2376110743580209,0.2377286813049223,0.2342872445143347,0.2348757474403414,0.2321790072777066,0.2345375933105382,0.2330703066190475,0.233846148639021,0.2345311103185622,0.2346017380594939,0.234611665258455,0.2350581085728277,0.2330643165328982,0.2335089865153299,0.2319590675126226,0.230245484456966,0.2308981809134888,0.2302912177468276,0.2321081814311935,0.2314138884024379,0.230255642827079,0.2303596961345052,0.2302189121564802,0.2304490135318754,0.2312202929698657,0.2309703304875446,0.2330722021536459
394513,409,"Cumberland, MD",msa,MD,,,,,,,,,,,,,,,,,,,,,,,,,,,,,,,,,,,,,,,,,,,,,,,,,,,,,,,,,,,,,,,,,,,,,,,,,,,,,,,,,,,,,,,,,,,,,,,,,0.1763305615159502,,0.1803882186882345,0.1804630316417774,0.1819830941671627,0.1827280058150659,0.1805526235172332,0.1782711427952357,0.1789917256982315,0.1815425048581017,0.1843140102931039,0.1831123470241353,0.1855144376149525,0.1860504827534901,0.1864146502096749,0.186549589519595,0.1872985145517917,0.189030594075578,0.1887283286160301,0.1896627629647301,0.1894878502655011,0.1872558061346262,0.1915590148337838,0.1947926999523757,0.1966603295523243,0.1921871435777607,0.1922003324387718,0.1925293924721864,0.193017087345006,0.192723174421599,0.1953093784856036,0.1959049062779137,0.1962566019624047,0.1974581854173159,0.1944284064128858,0.1934613332237242,0.1913494081176208,0.1942924955070305
394928,410,"Ocean City, NJ",msa,NJ,,,,,,,,,,,,,,,,,,,,,,,,,,,,,,,,,,,,,,,,,,,,,,,,,,,,,,,,,,,,,,,,,,,,,,,,,,,,,,,,,,,,,,,,,,,,,,,,,,,,,,,,,,,,,,,,,,,,,,,,,0.2679878647084088,0.2599156713296398,0.2565825627032739,0.2523894254471386,0.2573303521863306,0.2646870709587867,0.2638946182384657,0.2660487972386198,0.2680321413509667,0.2693050766301584,0.2688244335952726,0.268215399773335,0.2780221060252053,0.2868609598305761
394505,411,"Corvallis, OR",msa,OR,0.2482317426127612,0.2489611268946266,0.2523475605072464,0.2543452276037484,0.2525871055522857,0.2512968516102214,0.248811085830544,0.2490295825941636,0.2491936596109776,0.2489867883704267,0.2471000547228429,0.2469583716704723,0.2492928397493134,0.2531557504029673,0.2535281060211399,0.2498127533682488,0.2493665461124082,0.2499053996524884,0.2525996372803598,0.252905991706948,0.251708152149671,0.2515878390018619,0.2548855550745919,0.2560493586215106,0.2554916533595213,0.2517490788942241,0.2511751961885222,0.2512865778613481,0.2506785439810131,0.2493200098161004,0.2486441666350175,0.247957392778752,0.2492510548317636,0.2500039707851704,0.2478230249414411,0.2448337809351476,0.2433171092631778,0.2435970046813854,0.2443629491152508,0.2426924758722659,0.2427754765663088,0.242982140696074,0.242848719545315,0.2415653666742555,0.240963302179385,0.2428345326793437,0.2436337376722915,0.2456772335387935,0.2436288121907774,0.2429730835257063,0.2419340571040233,0.2430716625079978,0.2429084987177626,0.2435238990022607,0.2438707538343031,0.2456234219089809,0.2470802786511461,0.2468846563545929,0.2482975079146593,0.2492714938441347,0.2529525043410248,0.2549995244082509,0.2516866803653535,0.2482025218863064,0.2442219717324539,0.2443910353875016,0.244313412277305,0.2455443068104709,0.2472695144779197,0.246979425086092,0.2490096139492364,0.247146714187591,0.2510810061275348,0.2504911092841763,0.2565067500878412,0.2599329662007499,0.2651314048785686,0.2635956220074781,0.2641046483396679,0.2646015942326031,0.2691331635777917,0.2766059519714241,0.281696425321766,0.2838968078899809,0.2805832078549881,0.2828799176221089,0.2822920050874057,0.2835862217425819,0.2839124809778395,0.2884157280735406,0.2916614289314121,0.2932601771116354,0.2954449498998997,0.2988320678197666,0.2985703862101783,0.2989777019276926,0.2973820188147066,0.297498225437977,0.2940265744211181,0.2925093909659189,0.290530781296096,0.2908005502899161,0.2908582570374919,0.2932265373469516,0.2933275764976609,0.2923126714159375,0.2928323105814928,0.2906798012615336,0.2907580848641847,0.2891717317086221,0.2917200244351151,0.2919811090247305,0.2925937154722415,0.2914085230594541,0.2898020366009063,0.2876087649769119,0.2874100602057627,0.2875929120480804,0.2879574665224119,0.2863498147906458,0.2865903288054588,0.284761007755432,0.2840214679281194,0.2837181654041937,0.2835255586466106,0.2829609128518261,0.2830636912691004,0.283057428848856,0.2833252407218152,0.2837450658930504,0.2840939945219435,0.2866852136119507,0.2880099551015799,0.2913757289185916
394988,412,"Pocatello, ID",msa,ID,,,,,,,,,,,,,,,,,,,,,,,,,,,,,,,,,,,,,,,,,,,,,,,,,,,,,,,,,,,,,,,,,,,,,,,,,,,,,,,,,,,,,0.1855615242118554,0.1853889305313587,0.1771694613200105,0.1779329662389284,0.175232376808768,0.1781806448613487,0.1768978847609156,0.1775628995145168,0.1723012643499195,0.1718994711304369,0.1715903809093522,0.1713530233362666,0.1732770132006547,0.1736578031910137,0.1754055467936038,0.1747396253507636,0.1736704823778285,0.1748539381911382,0.1733592225693933,0.172828172432546,0.1735344430168182,0.1748482660706009,0.1750904967540961,0.171935781094832,0.170286855469385,0.1713878468183063,0.1734640224175991,0.1745067991749037,0.1743970211891107,0.1734145344793896,0.1734998882543469,0.1719792434602597,0.1706001054862355,0.1706111521843177,0.1723702379751737,0.1727664519051256,0.1728888154432727,0.1718333322171819,0.1706179556843422,0.16976198730463,0.1704152029802598,0.1702571524256947,0.1711134035359028,0.1725094541081186,0.1742999853288837,0.1740136028262119,0.1728433883514266,0.1740406668293742,0.1748541418676394,0.1755831052007313
394964,419,"Parkersburg, WV",msa,WV,,,,,,,,,,,,,,,,,,,,,,,,,,,,,,,,,,,,,,,,,,,,,,,,,,,,,,,,,,,,,,,,,,,,,,,,,,,,,,,,,,,,,,,,,,,,,,,,,,,0.1738787302287573,0.1709893867714924,0.1733777524193637,0.1733657992788387,0.1774442863578642,0.1783578620318965,0.1799464701230456,0.1790597749101593,0.18082982932119,0.1828048336384141,0.1842656323624106,0.1836710752250052,0.1848916956195233,0.1853193704636964,0.1839380694450428,0.1823541623987395,0.1827682371680185,0.1852185110094669,0.1876074095282235,,0.192255790468374,0.1932525974523618,0.1932534610326956,0.1921586718973335,0.1924201002733394,0.1944721818759867,0.1956145662593825,0.1985467838732156,0.198276234916419,0.19724459093665,0.1956089894738058,0.1954522467325168,0.1944272009048374,0.1937545132512471,0.1928045481180164,0.1935400861934535
394641,422,"Grants Pass, OR",msa,OR,,,,,,,,,,,,,,,,,,,,,,,,,,,,,,,,,,,,,,,,,,,,,,,,,,,,,,,,,,,,,,,,,,,,,,,,,,,,,,,,,,,,,,,,,,,,,,,0.2881816352464409,0.2941807781676087,0.2941147016667328,0.2916848410734494,0.2873621841951829,0.284041871075965,0.282055889310986,0.2795888643996518,0.2875099651006948,0.2910279578440204,0.2979924706377166,0.2988695515658912,0.298065975616177,0.2944402187981589,0.2936567104888995,0.2967064365627986,0.29629305514152,0.2965325475664493,0.2983287426713416,0.2997204278261685,0.2997563375798514,0.300292754145238,0.3031949928838739,0.2963994115352974,0.2946153604218524,0.2906072133396683,0.2964312517836042,0.3012915551189724,0.3035658022789784,0.3053933564105375,0.3074586133945265,0.3083413262299667,0.3028425916378367,0.3017742148100303,0.2980730469532733,0.3059077443152936,0.3080983640377684,0.3129330930715738,0.3092492428716939,0.3046708094832802
394568,432,"Elmira, NY",msa,NY,,,,,,,,,,,,,,,,,,,,,,,,,,,,,,,,,,,,,,,,,,,,,,,,,,,,,,,,,,,,,,,,,,,,,,,,,,,,,,,,,,,,,,,,,,,,,,,,,,,,,,,,,,,,,,,,,0.2044935788578488,0.2022515062386344,0.2016471650563551,0.2052495417584156,0.2058131821412371,,0.1962729187860372,0.2005416569136854,0.2066766208676527,0.2097771141066626,0.2085338117357265,0.2066444766261221,0.2091308766662327,0.211002473957677,0.2112874414007308,0.2076324594340474,0.2080330859981281,0.2111262196771615,0.2147153076204647,0.2125867753643022,0.2095660403342887,0.2066668089021504
394644,433,"Great Falls, MT",msa,MT,,,,,,,,,,,,,,,,,,,,,,,,,,,,,,,0.1919332871562017,0.1937313293471902,0.1933644760103822,0.1938331872783597,0.1933088070166035,0.1922137455108815,0.1920858145710721,0.1915188488743009,0.1929244453561555,0.1919596456195574,0.1914275202558684,0.1908323337034919,0.1906361386412927,0.1891450921166687,0.1898569277519408,0.1872147629531091,0.1878581597604169,0.1876713042653668,0.1899601488945863,0.1892034896562229,0.1876480393769001,0.1886772682865279,0.1890102030666933,0.1894660957670849,0.1885927382394635,0.18863447351057,0.1882734619759347,0.1896630903344797,0.189349993620552,0.1899152754313911,0.1885491354308121,0.1889561389195138,0.1893610540944977,0.1877976198238649,0.1855781571952726,0.186238869446827,0.1864601643561393,0.1872016797146537,0.1867036413659934,0.185807143621123,0.1873446127825528,0.1907003160973677,0.1939534781400096,0.191921790415443,0.1929261517901129,0.1951410038144893,0.1988837065871495,0.1999939002062597,0.2031974567335508,0.2048368539799424,0.2089436880576257,0.2089842968954467,0.2121967114119068,0.2081063682087706,0.2080312960244423,0.2107678324084638,0.2148228711875791,0.2159159204224643,0.2157828980091371,0.2157263620965704,0.2161745159184748,0.216838012706298,0.2200584876881175,0.2281551829479078,0.2323670722349266,0.2358428984439489,0.2345326998490111,0.2334024415397161,0.2319745142636505,0.2303687090077799,0.2280202798313506,0.2279552356288066,0.2259822185065372,0.2271691195677437,0.2277352109003652,0.229028456445649,0.2291864728548955,0.2296456023459271,0.2305779009759909,0.2333811628050547,0.2347884735384587,0.2380051025575232,0.2386347511308665,0.2400994813038194,0.2428078038236586,0.2446492614066115,0.244885339300152,0.2446249152858402,0.2441403384319312,0.2451526800240255,0.2467377152551791,0.2462467177448707,0.2462035913502835,0.2452838986146301,0.2469430664934077,0.2471939763172272,0.2472563680682786,0.2464042588444916,0.2468644874556874,0.2464578214172727,0.2474643586857293,0.2472342109644463,0.246789200310947,0.2467526812449058
394859,437,"Midland, MI",msa,MI,,,,,,,,,,,,,,,,,,,,,,,,,,,,,,,,,,,,,,,,,,,,,,,,,,,,,,,,,,,,,,,,,,,,,,,,,,,,,,,,,,,,,,,,0.1976924222347591,0.2000589227464908,0.2005512426596601,0.2008054195473545,0.2024084578083461,0.2013794975679362,0.201806172637606,0.198977095455202,0.1985139707217529,,0.2021460079300818,0.2024997306684502,0.2034024144316174,0.2019424559669798,0.2018507766862529,0.201384398712589,0.2025495146086139,0.2025597462528305,0.2015820656905466,0.2046248239431976,,0.2079430002133462,0.203828737432589,0.2033159079894835,0.2030048234096324,0.2056880759205955,0.2048308900878253,0.2071183344660974,0.2051271198170865,0.208682519838406,0.2103383658212814,0.2132349343838255,0.2107817836583256,0.2132229065834297,0.21160402427317,0.2118981164726623,0.2118647164742836,0.2105922189016994,0.211995448804692,0.2112537405004763,0.2128525866540579,0.2115866118304558,0.2120996499208716,0.2103274329499573,0.212091822359066,0.2112292297764853,0.2149751131961502
394755,438,"Kokomo, IN",msa,IN,,,,,,,,,,,,,,,,,,,,,,,,,,,,,,0.1368916220327189,0.1375385708472542,,0.1372096753129159,0.137658316979953,0.1379593628706694,0.1381193871636962,0.137045135301515,0.1369494404874494,0.1370109615920238,0.1389537281802592,0.1387008561959167,0.1373729120422916,0.1360976552374007,0.1367009362213435,0.1378532346489872,0.137624545852899,0.1354539501656054,0.1324707517806765,0.1328306561243729,0.1336171972535711,0.1331195586897331,0.1315667238722211,0.1317793669205175,0.1329167491058665,0.133761440077961,0.1335838003284689,0.1341292956265513,0.135117133788288,0.1378026321221576,0.1407749536835195,0.1420673779013709,0.1423488545860082,0.1413206928951046,0.1404156588800146,0.1373416690424763,0.1373803269695938,0.1378869617227858,0.1397922774019663,0.1396888419960686,0.1424344797127839,0.1425906656091428,0.1431289711446088,0.1399353900549584,0.1389360664948519,0.1399542995424835,0.1426072285313589,0.1467812634747969,0.1453639792536207,0.1456436682246447,0.1457957936676523,0.1509415024572952,0.1522598280591658,0.1574110396506293,0.1582975963110992,0.1602767365136863,0.1606447595255873,0.1604571307989354,0.1634258135535534,0.1631350282966126,0.1665052163256059,0.1644803065712919,0.1646450173014426,0.163251780944975,0.164633034357627,0.1629301532764663,0.1625833462033715,0.1624558421869767,0.1637690013937099,0.1644338531945861,0.1609176649666593,0.1613864473377593,0.1618307776586999,0.1676286816224593,0.1692040729666674,0.1704722962961362,0.1699782475414193,0.1697037095445037,,0.1714958335840861,0.1734849803132753,0.1735045078413023,0.1765018171797493,0.1784800231057766,0.1805156654894488,0.1809959042597836,0.1818242687159059,0.1816571915589853,0.1807251141653353,0.180765325825163,0.1808131813722142,0.1840827173049265,0.1847851047042316,0.1854225077926552,0.1849406599968872,0.1837884989777762,0.1823447909440204,0.180312045545657,0.1796777043566947,0.1801445843298474,0.1814125886155364,0.1820943235958692,0.1818104358246041,0.1782841464961037,0.1759044853095749
394395,439,"Bloomsburg, PA",msa,PA,,,,,,,,,,,,,,,,,,,,,,,,,,,,,,,,,,,,,,,,,,,,,,,,,,,,,,,,,,,,,,,,,,,,,,,,,,,,,,,,,,,,,,0.1857946003567564,0.1867024529533407,0.185160252888593,0.1859438776165836,0.1852874061036918,0.188069370859981,0.186656800840326,0.186385021754283,0.1855940295232211,0.1853321555304188,0.1867152506446271,0.1860397852439942,0.1875533402585091,0.184517253132742,0.1848573966285358,0.1837139608381867,0.185962242502373,0.1861678532342257,0.1863813821598491,0.1856514322284723,0.1877496250375318,0.1856533581098812,0.1850070235643666,0.1833855019900952,0.1835178641054528,0.1859551210602738,0.1860317612059802,0.1862020411557401,0.1879179801876901,0.1888687319692603,0.1907130236271578,0.1896718451684132,0.1918837645070193,0.1919538415273501,0.1952525885882121,0.1941170009856449,0.1950063341933942,0.1949605760734459,0.1955025277020364,0.1962562515952591,0.1945813392599676,0.1939486496320599,0.1933809645120277,0.1951671488552845,0.193065320299441,0.19441577197665,0.1923950435544472,0.1943466492583972,0.1934263811908631
394675,441,"Helena, MT",msa,MT,,,,,,,,,,,,,,,,,,,,,,,,,,,,,,,,,,,,,,,,,,,,,,,,,,,,,,,,,,,,,,,,,,,,,,,,,,,,,,,,,,,,,,,,,,,,,,,,,,,,0.1886471921178546,0.1931682850848042,0.1906727902967449,0.1910673177204548,0.1854727038462139,0.1868489487262528,0.1866506461370871,0.1879070802909239,0.1874358854275754,0.18515759114447,0.1849758850737498,0.1849511411645709,0.189267352887589,0.1873942706898084,0.1869074352127503,0.1834938159610029,0.1831068534658247,0.1816289097214006,0.1811183023407247,0.181050134980513,0.1801769352201444,0.1827630631255751,0.1828560210208547,0.1826025869902782,0.1802613152107411,0.179517192327145,0.18006169746034,0.1810964742601193,0.1826617233057693,0.182209692768052,0.1818515264579239,0.1804657991549703,0.1806593352954471,0.1797099691571363,0.1793553175483586
394489,445,"Columbus, IN",msa,IN,,,,,,,,,,,,,,,,,,,,,,,,,,,,,,,,,,,,,,,,,0.1691452533296929,0.1670638232502037,0.1671651078749976,0.1665707080934532,0.1650783997877955,0.166308046826006,0.1682497768034703,0.1697656950990444,0.1682714524231419,0.1668297477644164,0.167244319523977,0.1653914333722734,0.1639751010850357,0.1645874575678273,0.1665522939165842,0.1677766112023886,0.168755505090342,0.1674991976338797,0.1670943104133908,0.1652470864728867,0.1655991473854868,0.1651482643174491,0.163889466423876,0.1618444202932712,0.1589473195332348,0.1578471255430653,0.1567049833601736,0.1575947495151763,0.1608200053874748,0.1645980438327135,0.1673431836614219,0.1677991383774857,0.1661299130549696,0.1653693449467,0.1648915292348861,0.1657061810459625,0.1684077666229308,0.1707500031524744,0.1752478286235119,0.1769058210277798,0.1799265308213267,0.1787292643762019,0.1813069974895914,0.1820442704062987,0.1845224476162119,0.182337591609188,0.1829529899062419,0.1836858978378759,0.1852635290816828,0.1854347434530292,0.1838298700563963,0.1824572654114244,0.1808967775434463,0.1834348125719035,0.183570455869943,0.1838273557929812,0.1826567692575644,0.1834036515214468,0.1849752170939314,0.1854200260936761,0.1861738205750466,0.1847116692508225,0.1827941680278216,0.1834780347836853,0.1848643153421722,0.1865431417953489,0.1858538011385061,0.1857056826597527,0.1865006614778747,0.1889798860129901,0.1889445014098302,0.1890769349300661,0.1872714999098247,0.1890814921807444,0.1899233445639835,0.1898230615273012,0.189222780914615,0.1890124165290962,0.1922320452421612,0.1930739857536242,0.1941782926959022,0.1938665970856471,0.1935422859645074,0.1934230600076542,0.1944108914979806,0.1943840147665992,0.1956032643441183,0.1962389025638611,0.1971044708707699,0.1967248552119384,0.1950674408397222,0.1947292495096595,0.1935581163793261,0.1922707149974448
394682,449,"Hinesville, GA",msa,GA,0.2668438072423995,0.2677946143721492,0.2682335461883595,0.2680774313220924,0.2677354575819559,0.2661626812913245,0.2644296049145556,0.2638022517319149,0.2624668487758561,0.2604597603323434,0.2598519947419328,0.2590989754033442,0.2580033742904198,0.2565372891490938,0.2567102297818094,0.257621605964932,0.257657062023259,0.2556263577407094,0.2546810338150801,0.2528919461690649,0.2534920636536236,0.2529345453184602,0.2525707906095504,0.2504024786074306,0.2484169733875337,0.2467319421781778,0.2446037882153486,0.241802824857813,0.2407764555717495,0.2399936550374677,0.2398515861875596,0.2387609769754499,0.2391837043249873,0.2389259633804843,0.2386231728125012,0.2380468407932226,0.2380078003956403,0.2373946520450981,0.237116820750286,0.236192422087359,0.23486965131114,0.235131923858245,0.2343937037323495,0.2347558698274987,0.2344239018780536,0.2339613781256379,0.233995701485411,0.2343800556672216,0.2342874018465628,0.2345152943778196,0.2346601334735058,0.2354156452632771,0.2359199158298335,0.2360024176354084,0.2364496825601786,0.236752425247995,0.2373935529219656,0.2388285185888872,0.2398367930780394,0.2410408147013277,0.2423305182793772,0.24321183509924,,0.2440507293696053,0.2433537930185232,0.240638651568454,0.2418977225233248,0.2438451792076565,0.2465080206686687,0.2487810165336481,0.2486244605093672,0.2500398430682398,0.2487660522088623,0.2529083734145197,0.2555395586463629,0.2583225230074118,0.2621895621871922,0.2655105511480868,0.2728794908460724,0.2758489636113412,0.2835767986323882,0.2874091941576771,0.2974546494017843,0.3007055975857755,0.3016532889034157,0.3018089395356344,0.2987611958039321,0.3026296619904912,0.3006583857121678,0.3045100794268556,0.3003650598972628,0.3021067715457218,0.3008650202817704,0.3017539826472602,0.2973849196123992,0.2932386242444575,0.2956339134215843,0.2939165011555258,0.2951308759817148,0.292068402430671,0.2909526451112912,0.2876924602533228,0.2818594835652554,0.2776207605680708,0.2768136483867443,0.2779788738891081,0.2804082966855891,0.2833271762610133,0.2838960025371174,0.2838118899828538,0.2844295273646863,0.2863301588931168,0.2896303870379673,0.2923424001536997,0.2961850797992457,0.2954211732365563,0.2923606625275115,0.2888606886705055,0.2882156481633097,0.2871263085103641,0.2867421187637261,0.2856826899790708,0.2847158243583852,0.2833825875961144,0.2812353972619667,0.2797321581212388,0.279946758734368,0.2818010930992027,0.2841117204737411,0.2855653563004001,0.2851521065370377,0.2850077012485386,0.2852565438286655,0.2872435624575905
394445,454,"Casper, WY",msa,WY,,,,,,,,,,,,0.1854244214010466,0.1846672413451041,0.1825010660749162,0.1823994729154722,0.1805478300625474,0.1772462617513707,0.1752798989188619,0.1723040636111914,0.1714211891589278,0.1703297583496914,0.1685606042443471,0.1671430552924265,0.1668147469433607,0.1654743105046602,0.165268459425006,0.1643433965472589,0.1633079275429693,0.1619868826353356,0.159817763506384,0.1585670299449366,0.1567338354638146,0.1561997740584395,0.1567143157281828,0.1574419722241384,0.1566233835444945,0.1557600135828697,0.1543946290902532,0.154534114244384,0.154770665017045,0.1562293140494864,0.1574217242017102,0.1589057900882531,0.1586930268463233,0.1590719930798112,0.1596651725999527,0.1611380830109895,0.1609986216524455,0.1599595650602741,0.1603052279923731,0.1601091976399941,0.1601151578389056,0.159896715377737,0.1604389452501914,0.1608621840974008,0.1626603902638363,0.164168069858754,0.1653228544779865,0.1657176659581526,0.1677545994036154,0.1707699108940097,0.1728585259911493,0.1701648049197715,0.1673798263127209,0.1646754587265326,0.1631141443865295,0.1625464734582064,0.1639120191659163,0.1655623188951362,0.1660718375295794,0.167569542471501,0.1663053786981679,0.1649346690285873,0.1631961638540255,0.1630580700918824,0.1644212760517312,0.1661438449449869,0.1665811714730757,0.1680645023108931,0.1691476089009831,0.1723793942039932,0.1751412548365828,0.1763715675465092,0.1776828953622193,0.1770495113561335,0.1789298943821634,0.1776559147766527,0.177889754751659,0.1760056220054347,0.1775014442970175,0.1760020366652593,0.1745531467164711,0.1737759793402845,0.176052593265611,0.1790429991010255,0.1780601319466244,0.1783382778998266,0.1773041665491382,0.1791959116214135,0.1800409967631734,0.1817512250683095,0.183487977996495,0.1856400820252143,0.1872604900090088,0.1880809817561746,0.1867259780959838,0.185216679649814,0.1852000295312552,0.187221397571091,0.1903381046229622,0.194006624904709,0.1938664031886124,0.1930971256986392,0.1912210771918021,0.1921233163040651,0.1930311340883085,0.1925442639130492,0.1946650372198969,0.1954893752718015,0.1973824809467107,0.1952709328329612,0.1943317801526485,0.1914231273092958,0.1915542879104461,0.1922578427355816,0.1935980616773139,0.193358289886887,0.1934082958355384,0.1947382679309224,0.1945365072986735,0.1953357861240543,0.1954911428668445,0.1972131650368119,0.1978631942808641
394866,458,"Minot, ND",msa,ND,,,,,,,,,,,,,,,,,,,,,,,,,,,,,,,,,,,,,,,,,,,,,,,,,,,,,,,,,,,,,,,,,,,,,,,,0.1350904446902437,0.134849608310113,0.1353902428215798,0.1365886130998364,0.1376897632738538,0.1350516897973916,0.134023842838064,0.1331086559148364,0.1329187905185897,0.1337149671353641,0.1344509778817513,0.1351470602538892,0.1354299456532995,0.1348052179848445,0.1339027160700414,0.1327298914691407,0.1335618341808103,0.1334666678546778,0.1340396735409771,0.1329427163062624,0.1323276231581893,0.1325021193117905,0.1337213000365406,0.1356894111797039,0.137264462774471,0.1384511988351182,0.1391188611842647,0.1404440194459629,0.141181532963622,0.14350979304085,0.1442879824660904,0.1459591128315588,0.1471561168435653,0.1480261449192297,0.147851204793545,0.1475447159385896,0.1482756792085199,0.1496839501743899,0.1510072404931553,0.1521214224587632,0.1530845499789531,0.1534311954532737,0.1533806926623465,0.1538635617821891,0.1542313375930622,0.1550665894605801,0.1566835050272781,0.1573441566399528,0.1584529317380907,0.1588456011343075,0.159699465738689,0.1598459913705119,0.1599181958758839,0.1599623300054242,0.1609590693960121,0.1614436040084863,0.1621091222883232,0.1623657542245824,0.1622684169257277,0.1628014245220691,0.1625525711011498,0.1622841093308121,0.1617777029833305
394638,462,"Grand Island, NE",msa,NE,,,,,,,,,,,,,,,,,,,,,,,,,,,,,,,,,,,,,,,,,,,,,,,,,,,,,,,,,,,,,,,,,,,,,,,,,,,,,,,,,,,,,,,,,,,,,,,,,,,,,,,,,,,,,,,,,,,0.204385504174664,0.2041107511504691,0.2062760140543464,0.2049685060727045,0.2079718019721007,0.2076209577513744,0.2104862876390167,0.211367226826105,0.2112866204950698,0.2111022158340856,0.2111224384033168,0.2114360992085532,0.210659389122506,0.2129530323601198,0.2105508535086456,0.2111402791648381,0.2095398053813426,0.2113338702049546,0.2098715385282882,0.2083179925731617
395062,469,"Sandusky, OH",msa,OH,,,,,,,,,,,,,,,,,,,,,,,,,,,,,,,,,,,,,,,,,,,,,,,,,,,,,,,,,,,,,,,,,,,,,,,,,,,,,,,,,,,,,,,,,,,,,,,,,,,,,,,,,,,,,,,,,,,,,,,,,,,,,,0.2409447380565419,0.2378945353088599,0.2410101825045519,0.2383015270475118,0.238243373602863,0.2367255422737648,,0.2249259668084232,0.2239059722838392
394516,472,"Danville, IL",msa,IL,,,,,,,,,,,,,,,,,,,,,,,,,,,,,,,,,,,,,,,,,,,,,,,,,,,,,,,,,,,,,,,,,,,,,,,,,,,,,,,,,,,,,,,,,,,0.162638235781234,0.1594481408980871,0.1615823117500005,0.1634845498447609,0.1598085214673685,0.1595840369987051,0.157431283884903,0.1617240046909913,0.1671119488762976,0.1665424978592139,0.1687885972140032,0.1667698267337584,0.171226494342179,0.1740673798416601,0.177124723428001,0.1807209363930268,0.1823478972035943,0.1830252982390044,0.182751818501537,0.183958695489303,0.1864486050792693,0.1942419345621208,0.1990249773666225,0.2016868784668048,0.1973218558506154,0.1958578673096134,0.1951920101450093,0.1947228034911039,0.1955093091869364,0.1969736555319233,0.1975025041674657,0.1993624715522013,0.1972355106882424,0.1938584786595588,0.1906691656312744,0.1919620172361712,0.1954676101485777,0.198733714258052,0.2001376713803321,0.2012987064779531,0.2033912902141308,0.2051779679945596,0.2080022651831163,0.2082844277467263
394787,518,"Lewiston, ID",msa,ID,,,,,,,,,,,,,,,,,,,,,,,,,,,,,,,,,,,,,,,,,,,,,,,,,,,,,,,,,,,,,,,,,,,,,,,,,,,,,,,,,,,,,,,,,,,,,,,,,,,,,,,,,,,,,,,,,,,,,,,,,,,,,,,,,,,,0.2110098784176336,0.2107097441304032,0.2131520416636124
394570,523,"Enid, OK",msa,OK,,,,,,,,,,,,,,,,,,,,,,,,,,,,,,,,,,,,,,,,,,,,,,,,,,,,,,,,,,,,,,,,,,,,,,,,,,,,,,,,,,,,,,,,,0.1963597134892195,0.1970674838574575,0.1964744270983385,0.1970382812443984,0.1973471083451357,0.1957439492877991,0.1939364978382155,0.1906592011665848,0.1920850366160691,0.1908216884721332,0.1915072427463066,0.1903309146995729,0.191398850376986,0.1905510729297522,0.1898083185445598,0.1883872425439213,0.1886949740143343,0.1908565254298431,0.191612352960786,0.1919386422992373,0.1900491234630896,0.1882339958245335,0.1878225594806995,0.1870345349196592,0.1891497564289047,0.1887218501132019,0.189156715851515,0.1879449379807901,0.1869631879986751,0.1866587626526793,0.1896041289289835,0.1905043466031926,0.1919446547311253,0.1910890047956913,0.1913086404809375,0.1918114737229482,0.1896695666819405,0.1900424797343263,0.1898888940463484,0.1910947181516053,0.1916040587281001,0.1910625114050758,0.1886505160926959,0.1879560630451806,0.1872441720223692,0.1885561013170069
395199,525,"Walla Walla, WA",msa,WA,,,,,,,,,,,,,,,,,,,,,,,,,,,,,,,,,,,,,,,,,,,,,,,,,,,,,,,,,,,,,,,,,,,,,,,,,,,,,,,,,,,,,,0.2413741243604045,0.2380736886338294,0.2383628441986408,0.2410690019631983,0.2411859794324991,0.2419782675643809,0.2397974893109802,0.2431422112804711,0.2439374613741262,0.2466312774542179,0.2476882111419039,0.2474975414722743,0.2479184420726861,0.2467665764954424,0.247103226720454,0.2462705921623472,0.245221576296079,0.2436425125786423,0.2450044742446843,0.2454183457122065,0.246718460946884,0.2488407637535301,0.2486427206409565,0.2476677305844883,0.2443249436652595,0.24395162118839,0.2441578143382634,0.2442406119508158,0.2450615661041334,0.2448898505862163,0.2462963041714139,0.2466616861274376,0.2464665447010327,0.2449387259599548,0.2450335979098782,0.2448748602952683,0.2456520818925755,0.2462869426307514,0.2451039405550469,0.2442237931605009,0.2438354428597293,0.2443405471655011,0.2428957023226784,0.241955770941209,0.2416477145277281,0.2414534324362975,0.241175609235294,0.2414924185525749,0.2422190957275181
394444,551,"Carson City, NV",msa,NV,,,,,,,,,,,,,,,,,,,,,,,,,,,,,,,,,,,,,,,,,,,,,,,,,,,,,,,,,,,,,,,,,,,,,,,,,,,,,,,,,,,,,,,,,,,,,,0.2735160875456725,0.2784094930643434,0.2821069860629772,0.2853102784015801,0.2852710541021178,0.2849273708540885,0.2864766764878134,0.2906042578986094,0.2898904475935094,0.2917217820938917,0.292237703683641,0.3000795785319215,0.2999985154903348,0.3007141026810586,0.2992954221832073,0.3035399278622651,0.3082013653883191,0.3093801444251723,0.3070438839092194,0.3073122972414818,0.3104371213057789,0.314307911126453,0.3185013710397651,0.3229977900335607,0.3254859883213568,0.3276965300551328,0.3303198313194092,0.3301197520902714,0.3282889115450441,0.3292959425492394,0.3314803027991745,0.3322123692110537,0.3327566452744476,0.3326718344881744,0.332442755646063,0.3292610022848143,0.3305362965814846,0.33147787370351,0.3334654201014135,0.3329545447088238,0.3340500869969045
